变量名,mainSkillSub,damageSub,blockPower,strikeResistance,specialDefence,finalDamageSub,damageAdd,finalDamageReduce,shieldPower,ignoreDamageSub,elementalDamageSub,elementalDamageDeepen,elementalDamageReduce,immuneControl,finalDamageAdd,controlPer,breakBlock,elementalDamageAdd,mainSkillAdd,mpAttackRecover,mpBeAttackRecover,suckBlood,rebound,finalDamageDeepen,equipAwake,equipLevel,equipStar,equipAdvance,fetters,speed,star,defence,specialDamage,damage,hp,rarity,desc,cardID,block,strikeDamage,level,strike,advance,helditem,skillLevels,abilities,nvalue,zawake,languages,__version
默认值,"""""","""""","""""","""""","""""","""""","""""","""""","""""","""""","""""","""""","""""","""""","""""","""""","""""","""""","""""","""""","""""","""""","""""","""""",5,100,5,18,TRUE,"""""",12,"""""","""""","""""","""""",1,"""""",0,"""""","""""",100,"""""",19,{advance=7;level=60;id=30318},<100;100;100;100;100;100>,<20;20;20;20;20;20;20;20;20;20>,{defence=31;hp=31;speed=31;specialDefence=31;specialDamage=31;damage=31},<8;0;0;0;0;0;0;0>,<cn;kr;en;en_us;en_eu;tw>,
ID,mainSkillSub,damageSub,blockPower,strikeResistance,specialDefence,finalDamageSub,damageAdd,finalDamageReduce,shieldPower,ignoreDamageSub,elementalDamageSub,elementalDamageDeepen,elementalDamageReduce,immuneControl,finalDamageAdd,controlPer,breakBlock,elementalDamageAdd,mainSkillAdd,mpAttackRecover,mpBeAttackRecover,suckBlood,rebound,finalDamageDeepen,equipAwake,equipLevel,equipStar,equipAdvance,fetters,speed,star,defence,specialDamage,damage,hp,rarity,desc,cardID,block,strikeDamage,level,strike,advance,helditem,skillLevels,abilities,nvalue,zawake,languages,__version
1,,,,,120%,,,,,,,,,,,,,,,,,,,,,,,,,120%,,120%,120%,120%,120%,3,Magnezone,333,,,,,,,,,,,,
2,,,,,,,,,,,,,,,,,,,,,,,,,,,,,,,,,,,,4,Zeraora,4161,,,,,,{advance=7;id=30426;level=60},,,,,,
3,,,,,120%,,,,,,,,,,,,,,,,,,,,,,,,,120%,,120%,120%,120%,120%,3,Ash's Pikachu,7001,,,,,,,,,,,,
4,,,,,120%,,,,,,,,,,,,,,,,,,,,,,,,,120%,,120%,120%,120%,120%,3,Zapdos,731,,,,,,,,,,,,
5,,,,,,,,,,,,,,,,,,,,,,,,,,,,,,,,,,,,4,Zekrom,3221,,,,,,{advance=7;id=30416;level=60},,,,,,
6,,,,,120%,,,,,,,,,,,,,,,,,,,,,,,,,120%,,120%,120%,120%,120%,3,Thundurus,3201,,,,,,,,,,,,
7,,,,,,,,,,,,,,,,,,,,,,,,,,,,,,,,,,,,4,Meltan,4171,,,,,,{advance=7;id=30420;level=60},,,,,,
8,,,,,120%,,,,,,,,,,,,,,,,,,,,,,,,,120%,,120%,120%,120%,120%,3,Magnezone,333,,,,,,,,,,,,
9,,,,,120%,,,,,,,,,,,,,,,,,,,,,,,,,120%,,120%,120%,120%,120%,3,Mega Aggron,1504,,,,,,,,,,,,
10,,,,,,,,,,,,,,,,,,,,,,,,,,,,,,,,,,,,4,Jirachi,1991,,,,,,{advance=7;id=30419;level=60},,,,,,
11,,,,,,,,,,,,,,,,,,,,,,,,,,,,,,,,,,,,4,Dialga,2351,,,,,,{advance=7;id=30410;level=60},,,,,,
12,,,,,,,,,,,,,,,,,,,,,,,,,,,,,,,,,,,,4,Genesect,3271,,,,,,{advance=7;id=30424;level=60},,,,,,
13,,,,,,,,,,,,,,,,,,,,,,,,,,,,,,,,,,,,4,Ho-Oh,1271,,,,,,{advance=7;id=31301;level=60},,,,,,
14,,,,,,,,,,,,,,,,,,,,,,,,,,,,,,,,,,,,4,Reshiram,3211,,,,,,{advance=7;id=30415;level=60},,,,,,
15,,,,,120%,,,,,,,,,,,,,,,,,,,,,,,,,120%,,120%,120%,120%,120%,3,Entei,1231,,,,,,,,,,,,
16,,,,,120%,,,,,,,,,,,,,,,,,,,,,,,,,120%,,120%,120%,120%,120%,3,Moltres,741,,,,,,,,,,,,
17,,,,,120%,,,,,,,,,,,,,,,,,,,,,,,,,120%,,120%,120%,120%,120%,3,Infernape,2023,,,,,,,,,,,,
18,,,,,,,,,,,,,,,,,,,,,,,,,,,,,,,,,,,,4,Victini,2461,,,,,,{advance=7;id=30427;level=60},,,,,,
19,,,,,,,,,,,,,,,,,,,,,,,,,,,,,,,,,,,,4,Darkrai,2431,,,,,,{advance=7;id=30405;level=60},,,,,,
20,,,,,,,,,,,,,,,,,,,,,,,,,,,,,,,,,,,,4,Yveltal,3611,,,,,,{advance=7;id=30421;level=60},,,,,,
21,,,,,120%,,,,,,,,,,,,,,,,,,,,,,,,,120%,,120%,120%,120%,120%,3,Tyranitar,1253,,,,,,,,,,,,
22,,,,,120%,,,,,,,,,,,,,,,,,,,,,,,,,120%,,120%,120%,120%,120%,3,Zoroark,2822,,,,,,,,,,,,
23,,,,,,,,,,,,,,,,,,,,,,,,,,,,,,,,,,,,4,Hoppa Unbound,3642,,,,,,{advance=7;id=30414;level=60},,,,,,
24,,,,,120%,,,,,,,,,,,,,,,,,,,,,,,,,120%,,120%,120%,120%,120%,3,Hydreigon,3143,,,,,,,,,,,,
25,,,,,120%,,,,,,,,,,,,,,,,,,,,,,,,,120%,,120%,120%,120%,120%,3,Dusknoir,1813,,,,,,,,,,,,
26,,,,,,,,,,,,,,,,,,,,,,,,,,,,,,,,,,,,4,Giratina,2391,,,,,,{advance=7;id=30412;level=60},,,,,,
27,,,,,120%,,,,,,,,,,,,,,,,,,,,,,,,,120%,,120%,120%,120%,120%,3,Mismagius,972,,,,,,,,,,,,
28,,,,,120%,,,,,,,,,,,,,,,,,,,,,,,,,120%,,120%,120%,120%,120%,3,Aegislash Shield Forme,3413,,,,,,,,,,,,
29,,,,,,,,,,,,,,,,,,,,,,,,,,,,,,,,,,,,4,Hoppa Confined,3641,,,,,,{advance=7;id=30414;level=60},,,,,,
30,,,,,120%,,,,,,,,,,,,,,,,,,,,,,,,,120%,,120%,120%,120%,120%,3,Mega Gengar,394,,,,,,,,,,,,
31,,,,,120%,,,,,,,,,,,,,,,,,,,,,,,,,120%,,120%,120%,120%,120%,3,Decidueye,3663,,,,,,,,,,,,
32,,,,,120%,,,,,,,,,,,,,,,,,,,,,,,,,120%,,120%,120%,120%,120%,3,Mega Venusaur,4,,,,,,,,,,,,
33,,,,,120%,,,,,,,,,,,,,,,,,,,,,,,,,120%,,120%,120%,120%,120%,3,Serperior,2473,,,,,,,,,,,,
34,,,,,,,,,,,,,,,,,,,,,,,,,,,,,,,,,,,,4,Shaymin,2441,,,,,,{advance=7;id=30413;level=60},,,,,,
35,,,,,,,,,,,,,,,,,,,,,,,,,,,,,,,,,,,,4,Celebi,1281,,,,,,{advance=7;id=30423;level=60},,,,,,
36,,,,,120%,,,,,,,,,,,,,,,,,,,,,,,,,120%,,120%,120%,120%,120%,3,Tsareena,3843,,,,,,,,,,,,
37,,,,,120%,,,,,,,,,,,,,,,,,,,,,,,,,120%,,120%,120%,120%,120%,3,Mega Blastoise,24,,,,,,,,,,,,
38,,,,,,,,,,,,,,,,,,,,,,,,,,,,,,,,,,,,4,Kyogre,1961,,,,,,{advance=7;id=30404;level=60},,,,,,
39,,,,,120%,,,,,,,,,,,,,,,,,,,,,,,,,120%,,120%,120%,120%,120%,3,Mega Swampert,1314,,,,,,,,,,,,
40,,,,,120%,,,,,,,,,,,,,,,,,,,,,,,,,120%,,120%,120%,120%,120%,3,Suicune,1241,,,,,,,,,,,,
41,,,,,,,,,,,,,,,,,,,,,,,,,,,,,,,,,,,,4,Palkia,2361,,,,,,{advance=7;id=30411;level=60},,,,,,
42,,,,,120%,,,,,,,,,,,,,,,,,,,,,,,,,120%,,120%,120%,120%,120%,3,Keldeo,3251,,,,,,,,,,,,
43,,,,,120%,,,,,,,,,,,,,,,,,,,,,,,,,120%,,120%,120%,120%,120%,3,Primarina,3683,,,,,,,,,,,,
44,,,,,,,,,,,,,,,,,,,,,,,,,,,,,,,,,,,,4,Xerneas,3601,,,,,,{advance=7;id=30425;level=60},,,,,,
45,,,,,120%,,,,,,,,,,,,,,,,,,,,,,,,,120%,,120%,120%,120%,120%,3,Togekiss,863,,,,,,,,,,,,
46,,,,,120%,,,,,,,,,,,,,,,,,,,,,,,,,120%,,120%,120%,120%,120%,3,Mega Gardevoir,1396,,,,,,,,,,,,
47,,,,,,,,,,,,,,,,,,,,,,,,,,,,,,,,,,,,4,Diancie,3631,,,,,,{advance=7;id=30406;level=60},,,,,,
48,,,,,120%,,,,,,,,,,,,,,,,,,,,,,,,,120%,,120%,120%,120%,120%,3,Florges,3353,,,,,,,,,,,,
49,,,,,,,,,,,,,,,,,,,,,,,,,,,,,,,,,,,,4,Kyurem,3241,,,,,,{advance=7;id=30417;level=60},,,,,,
50,,,,,,,,,,,,,,,,,,,,,,,,,,,,,,,,,,,,4,Giratina,2391,,,,,,{advance=7;id=30412;level=60},,,,,,
51,,,,,,,,,,,,,,,,,,,,,,,,,,,,,,,,,,,,4,Dialga,2351,,,,,,{advance=7;id=30410;level=60},,,,,,
52,,,,,,,,,,,,,,,,,,,,,,,,,,,,,,,,,,,,4,Palkia,2361,,,,,,{advance=7;id=30411;level=60},,,,,,
53,,,,,,,,,,,,,,,,,,,,,,,,,,,,,,,,,,,,4,Rayquaza,1981,,,,,,{advance=7;id=30408;level=60},,,,,,
54,,,,,,,,,,,,,,,,,,,,,,,,,,,,,,,,,,,,4,Zekrom,3221,,,,,,{advance=7;id=30416;level=60},,,,,,
55,,,,,,,,,,,,,,,,,,,,,,,,,,,,,,,,,,,,4,Meloetta Pirouette Forme,3262,,,,,,{advance=7;id=30418;level=60},,,,,,
56,,,,,,,,,,,,,,,,,,,,,,,,,,,,,,,,,,,,4,Lugia,1261,,,,,,{advance=7;id=30407;level=60},,,,,,
57,,,,,,,,,,,,,,,,,,,,,,,,,,,,,,,,,,,,4,Hoppa Unbound,3642,,,,,,{advance=7;id=30414;level=60},,,,,,
58,,,,,,,,,,,,,,,,,,,,,,,,,,,,,,,,,,,,4,Celebi,1281,,,,,,{advance=7;id=30423;level=60},,,,,,
59,,,,,,,,,,,,,,,,,,,,,,,,,,,,,,,,,,,,4,Mewtwo,761,,,,,,{advance=7;id=30401;level=60},,,,,,
60,,,,,,,,,,,,,,,,,,,,,,,,,,,,,,,,,,,,4,Jirachi,1991,,,,,,{advance=7;id=30419;level=60},,,,,,
61,,,,,120%,,,,,,,,,,,,,,,,,,,,,,,,,120%,,120%,120%,120%,120%,3,Regice,1921,,,,,,,,,,,,
62,,,,,,,,,,,,,,,,,,,,,,,,,,,,,,,,,,,,4,Kyurem,3241,,,,,,{advance=7;id=30417;level=60},,,,,,
63,,,,,120%,,,,,,,,,,,,,,,,,,,,,,,,,120%,,120%,120%,120%,120%,3,Cryogonal,3021,,,,,,,,,,,,
64,,,,,120%,,,,,,,,,,,,,,,,,,,,,,,,,120%,,120%,120%,120%,120%,3,Cloyster,382,,,,,,,,,,,,
65,,,,,120%,,,,,,,,,,,,,,,,,,,,,,,,,120%,,120%,120%,120%,120%,3,Articuno,721,,,,,,,,,,,,
66,,,,,120%,,,,,,,,,,,,,,,,,,,,,,,,,120%,,120%,120%,120%,120%,3,Weavile,1082,,,,,,,,,,,,
67,,,,,120%,,,,,,,,,,,,,,,,,,,,,,,,,120%,,120%,120%,120%,120%,3,Mega Heracross,1072,,,,,,,,,,,,
68,,,,,120%,,,,,,,,,,,,,,,,,,,,,,,,,120%,,120%,120%,120%,120%,3,Volcarona,3152,,,,,,,,,,,,
69,,,,,120%,,,,,,,,,,,,,,,,,,,,,,,,,120%,,120%,120%,120%,120%,3,Pinsir,611,,,,,,,,,,,,
70,,,,,120%,,,,,,,,,,,,,,,,,,,,,,,,,120%,,120%,120%,120%,120%,3,Mega Scizor,574,,,,,,,,,,,,
71,,,,,,,,,,,,,,,,,,,,,,,,,,,,,,,,,,,,4,Genesect,3271,,,,,,{advance=7;id=30424;level=60},,,,,,
72,,,,,140%,,,,,,,,,,,,,,,,,,,,,,,,,140%,,140%,140%,140%,140%,2,Scolipede,2683,,,,,,,,,,,,
73,,,,,,,,,,,,,,,,,,,,,,,,,,,,,,,,,,,,4,Yveltal,3611,,,,,,{advance=7;id=30421;level=60},,,,,,
74,,,,,,,,,,,,,,,,,,,,,,,,,,,,,,,,,,,,4,Lugia,1261,,,,,,{advance=7;id=30407;level=60},,,,,,
75,,,,,,,,,,,,,,,,,,,,,,,,,,,,,,,,,,,,4,Ho-Oh,1271,,,,,,{advance=7;id=31301;level=60},,,,,,
76,,,,,160%,,,,,,,,,,,,,,,,,,,,,,,,,160%,,160%,160%,160%,160%,,Butterfree,33,,,,,,,,,,,,
77,,,,,,,,,,,,,,,,,,,,,,,,,,,,,,,,,,,,4,Rayquaza,1981,,,,,,{advance=7;id=30408;level=60},,,,,,
78,,,,,,,,,,,,,,,,,,,,,,,,,,,,,,,,,,,,4,Shaymin Sky Forme,2442,,,,,,{advance=7;id=30413;level=60},,,,,,
79,,,,,120%,,,,,,,,,,,,,,,,,,,,,,,,,120%,,120%,120%,120%,120%,3,Krookodile,2723,,,,,,,,,,,,
80,,,,,120%,,,,,,,,,,,,,,,,,,,,,,,,,120%,,120%,120%,120%,120%,3,Mega Swampert,1314,,,,,,,,,,,,
81,,,,,120%,,,,,,,,,,,,,,,,,,,,,,,,,120%,,120%,120%,120%,120%,3,Rhyperior,493,,,,,,,,,,,,
82,,,,,120%,,,,,,,,,,,,,,,,,,,,,,,,,120%,,120%,120%,120%,120%,3,Gliscor,1032,,,,,,,,,,,,
83,,,,,,,,,,,,,,,,,,,,,,,,,,,,,,,,,,,,5,Primal Groudon,1972,,,,,,,,,,,,
84,,,,,120%,,,,,,,,,,,,,,,,,,,,,,,,,120%,,120%,120%,120%,120%,3,Garchomp,2233,,,,,,,,,,,,
85,,,,,120%,,,,,,,,,,,,,,,,,,,,,,,,,120%,,120%,120%,120%,120%,3,Raikou,1221,,,,,,,,,,,,
86,,,,,120%,,,,,,,,,,,,,,,,,,,,,,,,,120%,,120%,120%,120%,120%,3,Entei,1231,,,,,,,,,,,,
87,,,,,120%,,,,,,,,,,,,,,,,,,,,,,,,,120%,,120%,120%,120%,120%,3,Suicune,1241,,,,,,,,,,,,
88,,,,,120%,,,,,,,,,,,,,,,,,,,,,,,,,120%,,120%,120%,120%,120%,3,Terrakion,3171,,,,,,,,,,,,
89,,,,,120%,,,,,,,,,,,,,,,,,,,,,,,,,120%,,120%,120%,120%,120%,3,Cobalion,3161,,,,,,,,,,,,
90,,,,,120%,,,,,,,,,,,,,,,,,,,,,,,,,120%,,120%,120%,120%,120%,3,Virizion,3181,,,,,,,,,,,,
91,,,,,120%,,,,,,,,,,,,,,,,,,,,,,,,,120%,,120%,120%,120%,120%,3,Regice,1921,,,,,,,,,,,,
92,,,,,120%,,,,,,,,,,,,,,,,,,,,,,,,,120%,,120%,120%,120%,120%,3,Registeel,1931,,,,,,,,,,,,
93,,,,,120%,,,,,,,,,,,,,,,,,,,,,,,,,120%,,120%,120%,120%,120%,3,Regirock,1911,,,,,,,,,,,,
94,,,,,120%,,,,,,,,,,,,,,,,,,,,,,,,,120%,,120%,120%,120%,120%,3,Moltres,741,,,,,,,,,,,,
95,,,,,120%,,,,,,,,,,,,,,,,,,,,,,,,,120%,,120%,120%,120%,120%,3,Zapdos,731,,,,,,,,,,,,
96,,,,,120%,,,,,,,,,,,,,,,,,,,,,,,,,120%,,120%,120%,120%,120%,3,Articuno,721,,,,,,,,,,,,
97,,,,,120%,,,,,,,,,,,,,,,,,,,,,,,,,120%,,120%,120%,120%,120%,3,Primarina,3683,,,,,,,,,,,,
98,,,,,140%,,,,,,,,,,,,,,,,,,,,,,,,,140%,,140%,140%,140%,140%,2,Blastoise,23,,,,,,,,,,,,
99,,,,,120%,,,,,,,,,,,,,,,,,,,,,,,,,120%,,120%,120%,120%,120%,3,Empoleon,2033,,,,,,,,,,,,
100,,,,,140%,,,,,,,,,,,,,,,,,,,,,,,,,140%,,140%,140%,140%,140%,2,Torterra,2013,,,,,,,,,,,,
101,,,,,120%,,,,,,,,,,,,,,,,,,,,,,,,,120%,,120%,120%,120%,120%,3,Infernape,2023,,,,,,,,,,,,
102,,,,,120%,,,,,,,,,,,,,,,,,,,,,,,,,120%,,120%,120%,120%,120%,3,Greninja,3303,,,,,,,,,,,,
103,,,,,120%,,,,,,,,,,,,,,,,,,,,,,,,,120%,,120%,120%,120%,120%,3,Swampert,1313,,,,,,,,,,,,
104,,,,,120%,,,,,,,,,,,,,,,,,,,,,,,,,120%,,120%,120%,120%,120%,3,Serperior,2473,,,,,,,,,,,,
105,,,,,120%,,,,,,,,,,,,,,,,,,,,,,,,,120%,,120%,120%,120%,120%,3,Treecko,1291,,,,,,,,,,,,
106,,,,,140%,,,,,,,,,,,,,,,,,,,,,,,,,140%,,140%,140%,140%,140%,2,Emboar,2483,,,,,,,,,,,,
107,,,,,120%,,,,,,,,,,,,,,,,,,,,,,,,,120%,,120%,120%,120%,120%,3,Blaziken,1303,,,,,,,,,,,,
108,,,,,140%,,,,,,,,,,,,,,,,,,,,,,,,,140%,,140%,140%,140%,140%,2,Charizard,13,,,,,,,,,,,,
109,,,,,,,,,,,,,,,,,,,,,,,,,,,,,,,,,,,,4,Meloetta Aria Forme,3261,,,,,,{advance=7;id=30418;level=60},,,,,,
110,,,,,,,,,,,,,,,,,,,,,,,,,,,,,,,,,,,,4,Regigigas,2381,,,,,,{advance=7;id=30409;level=60},,,,,,
111,,,,,,,,,,,,,,,,,,,,,,,,,,,,,,,2,,,,,4,Red Ditto,9003,,,,,,{advance=7;id=30311;level=60},,,,,,
112,,,,,120%,,,,,,,,,,,,,,,,,,,,,,,,,120%,,120%,120%,120%,120%,3,Snorlax,712,,,,,,,,,,,,
113,,,,,120%,,,,,,,,,,,,,,,,,,,,,,,,,120%,,120%,120%,120%,120%,3,Slaking,1423,,,,,,,,,,,,
114,,,,,140%,,,,,,,,,,,,,,,,,,,,,,,,,140%,,140%,140%,140%,140%,2,Exploud,1443,,,,,,,,,,,,
115,,,,,120%,,,,,,,,,,,,,,,,,,,,,,,,,120%,,120%,120%,120%,120%,3,Latias,1941,,,,,,,,,,,,
116,,,,,120%,,,,,,,,,,,,,,,,,,,,,,,,,120%,,120%,120%,120%,120%,3,Tyranitar,1253,,,,,,,,,,,,
117,,,,,120%,,,,,,,,,,,,,,,,,,,,,,,,,120%,,120%,120%,120%,120%,3,Latios,1951,,,,,,,,,,,,
118,,,,,120%,,,,,,,,,,,,,,,,,,,,,,,,,120%,,120%,120%,120%,120%,3,Ash's Pikachu,7001,,,,,,,,,,,,
119,,,,,120%,,,,,,,,,,,,,,,,,,,,,,,,,120%,,120%,120%,120%,120%,3,Keldeo,3251,,,,,,,,,,,,
120,,,,,120%,,,,,,,,,,,,,,,,,,,,,,,,,120%,,120%,120%,120%,120%,3,Infernape,2023,,,,,,,,,,,,
121,,,,,140%,,,,,,,,,,,,,,,,,,,,,,,,,140%,,140%,140%,140%,140%,2,Torterra,2013,,,,,,,,,,,,
122,,,,,140%,,,,,,,,,,,,,,,,,,,,,,,,,140%,,140%,140%,140%,140%,2,Glalie,1852,,,,,,,,,,,,
123,,,,,140%,,,,,,,,,,,,,,,,,,,,,,,,,140%,,140%,140%,140%,140%,2,Muk,372,,,,,,,,,,,,
124,,,,,140%,,,,,,,,,,,,,,,,,,,,,,,,,140%,,140%,140%,140%,140%,2,Hawlucha,3511,,,,,,,,,,,,
125,,,,,140%,,,,,,,,,,,,,,,,,,,,,,,,,140%,,140%,140%,140%,140%,2,Pikachu,92,,,,,,,,,,,,
126,,,,,140%,,,,,,,,,,,,,,,,,,,,,,,,,140%,,140%,140%,140%,140%,2,Emboar,2483,,,,,,,,,,,,
127,,,,,140%,,,,,,,,,,,,,,,,,,,,,,,,,140%,,140%,140%,140%,140%,2,Farfetch'd,341,,,,,,,,,,,,
128,,,,,140%,,,,,,,,,,,,,,,,,,,,,,,,,140%,,140%,140%,140%,140%,2,Froslass,1853,,,,,,,,,,,,
129,,,,,140%,,,,,,,,,,,,,,,,,,,,,,,,,140%,,140%,140%,140%,140%,2,Aurorus,3502,,,,,,,,,,,,
130,,,,,140%,,,,,,,,,,,,,,,,,,,,,,,,,140%,,140%,140%,140%,140%,2,Wigglytuff,153,,,,,,,,,,,,
131,,,,,140%,,,,,,,,,,,,,,,,,,,,,,,,,140%,,140%,140%,140%,140%,2,Psyduck,221,,,,,,,,,,,,
132,,,,,140%,,,,,,,,,,,,,,,,,,,,,,,,,140%,,140%,140%,140%,140%,2,Starmie,552,,,,,,,,,,,,
133,,,,,160%,,,,,,,,,,,,,,,,,,,,,,,,,160%,,160%,160%,160%,160%,,Nidoking,123,,,,,,,,,,,,
134,,,,,160%,,,,,,,,,,,,,,,,,,,,,,,,,160%,,160%,160%,160%,160%,,Nidoqueen,113,,,,,,,,,,,,
135,,,,,160%,,,,,,,,,,,,,,,,,,,,,,,,,160%,,160%,160%,160%,160%,,Sandslash,102,,,,,,,,,,,,
136,,,,,160%,,,,,,,,,,,,,,,,,,,,,,,,,160%,,160%,160%,160%,160%,,Azumarill,893,,,,,,,,,,,,
137,,,,,160%,,,,,,,,,,,,,,,,,,,,,,,,,160%,,160%,160%,160%,160%,,Primeape,232,,,,,,,,,,,,
138,,,,,160%,,,,,,,,,,,,,,,,,,,,,,,,,160%,,160%,160%,160%,160%,,Trevenant,3562,,,,,,,,,,,,
139,,,,,160%,,,,,,,,,,,,,,,,,,,,,,,,,160%,,160%,160%,160%,160%,,Vileplume,173,,,,,,,,,,,,
140,,,,,160%,,,,,,,,,,,,,,,,,,,,,,,,,160%,,160%,160%,160%,160%,,Marowak,452,,,,,,,,,,,,
141,,,,,160%,,,,,,,,,,,,,,,,,,,,,,,,,160%,,160%,160%,160%,160%,,Ludicolo,1353,,,,,,,,,,,,
142,,,,,160%,,,,,,,,,,,,,,,,,,,,,,,,,160%,,160%,160%,160%,160%,,Dodrio,352,,,,,,,,,,,,
143,,,,,160%,,,,,,,,,,,,,,,,,,,,,,,,,160%,,160%,160%,160%,160%,,Raticate,62,,,,,,,,,,,,
144,,,,,160%,,,,,,,,,,,,,,,,,,,,,,,,,160%,,160%,160%,160%,160%,,Arbok,82,,,,,,,,,,,,
145,,,,,160%,,,,,,,,,,,,,,,,,,,,,,,,,160%,,160%,160%,160%,160%,,Sandshrew,101,,,,,,,,,,,,
146,,,,,160%,,,,,,,,,,,,,,,,,,,,,,,,,160%,,160%,160%,160%,160%,,Fearow,72,,,,,,,,,,,,
147,,,,,160%,,,,,,,,,,,,,,,,,,,,,,,,,160%,,160%,160%,160%,160%,,Goldeen,541,,,,,,,,,,,,
148,,,,,140%,,,,,,,,,,,,,,,,,,,,,,,,,140%,,140%,140%,140%,140%,2,Scolipede,2683,,,,,,,,,,,,
149,,,,,160%,,,,,,,,,,,,,,,,,,,,,,,,,160%,,160%,160%,160%,160%,,Caterpie,31,,,,,,,,,,,,
150,,,,,140%,,,,,,,,,,,,,,,,,,,,,,,,,140%,,140%,140%,140%,140%,2,Litleo,3341,,,,,,,,,,,,
151,,,,,,,,,,,,,,,,,,,,,,,,,,,,,,,2,,,,,4,Red Ditto,9003,,,,,,{advance=7;id=30311;level=60},,,,,,
152,,,,,120%,,,,,,,,,,,,,,,,,,,,,,,,,120%,2,120%,120%,120%,120%,3,Orange Ditto,9002,,,,,,,,,,,,
153,,,,,140%,,,,,,,,,,,,,,,,,,,,,,,,,140%,2,140%,140%,140%,140%,2,Purple Ditto,9001,,,,,,,,,,,,
154,,,,,140%,,,,,,,,,,,,,,,,,,,,,,,,,140%,,140%,140%,140%,140%,2,Whismur,1441,,,,,,,,,,,,
155,,,,,140%,,,,,,,,,,,,,,,,,,,,,,,,,140%,,140%,140%,140%,140%,2,Exploud,1443,,,,,,,,,,,,
156,,,,,140%,,,,,,,,,,,,,,,,,,,,,,,,,140%,,140%,140%,140%,140%,2,Loudred,1442,,,,,,,,,,,,
157,,,,,120%,,,,,,,,,,,,,,,,,,,,,,,,,120%,,120%,120%,120%,120%,3,Absol,1841,,,,,,,,,,,,
158,,,,,120%,,,,,,,,,,,,,,,,,,,,,,,,,120%,,120%,120%,120%,120%,3,Tyranitar,1253,,,,,,,,,,,,
159,,,,,,,,,,,,,,,,,,,,,,,,,,,,,,,,,,,,4,Hoppa Unbound,3642,,,,,,{advance=7;id=30414;level=60},,,,,,
160,,,,,,,,,,,,,,,,,,,,,,,,,,,,,,,,,,,,4,Darkrai,2431,,,,,,{advance=7;id=30405;level=60},,,,,,
161,,,,,,,,,,,,,,,,,,,,,,,,,,,,,,,,,,,,4,Yveltal,3611,,,,,,{advance=7;id=30421;level=60},,,,,,
162,,,,,120%,,,,,,,,,,,,,,,,,,,,,,,,,120%,,120%,120%,120%,120%,3,Hydreigon,3143,,,,,,,,,,,,
163,,,,,120%,,,,,,,,,,,,,,,,,,,,,,,,,120%,,120%,120%,120%,120%,3,Terrakion,3171,,,,,,,,,,,,
164,,,,,120%,,,,,,,,,,,,,,,,,,,,,,,,,120%,,120%,120%,120%,120%,3,Cobalion,3161,,,,,,,,,,,,
165,,,,,120%,,,,,,,,,,,,,,,,,,,,,,,,,120%,,120%,120%,120%,120%,3,Virizion,3181,,,,,,,,,,,,
166,,,,,,,,,,,,,,,,,,,,,,,,,,,,,,,,,,,,4,Zeraora,4161,,,,,,{advance=7;id=30426;level=60},,,,,,
167,,,,,120%,,,,,,,,,,,,,,,,,,,,,,,,,120%,,120%,120%,120%,120%,3,Keldeo,3251,,,,,,,,,,,,
168,,,,,120%,,,,,,,,,,,,,,,,,,,,,,,,,120%,,120%,120%,120%,120%,3,Lucario,2242,,,,,,,,,,,,
169,,,,,,,,,,,,,,,,,,,,,,,,,,,,,,,,,,,,4,Genesect,3271,,,,,,{advance=7;id=30424;level=60},,,,,,
170,,,,,,,,,,,,,,,,,,,,,,,,,,,,,,,,,,,,4,Groudon,1971,,,,,,{advance=7;id=30403;level=60},,,,,,
171,,,,,,,,,,,,,,,,,,,,,,,,,,,,,,,,,,,,4,Yveltal,3611,,,,,,{advance=7;id=30421;level=60},,,,,,
172,,,,,,,,,,,,,,,,,,,,,,,,,,,,,,,,,,,,4,Zekrom,3221,,,,,,{advance=7;id=30416;level=60},,,,,,
173,,,,,,,,,,,,,,,,,,,,,,,,,,,,,,,,,,,,4,Dialga,2351,,,,,,{advance=7;id=30410;level=60},,,,,,
174,,,,,,,,,,,,,,,,,,,,,,,,,,,,,,,,,,,,4,Hoppa Unbound,3642,,,,,,{advance=7;id=30414;level=60},,,,,,
175,,,,,,,,,,,,,,,,,,,,,,,,,,,,,,,,,,,,4,Reshiram,3211,,,,,,{advance=7;id=30415;level=60},,,,,,
176,,,,,,,,,,,,,,,,,,,,,,,,,,,,,,,,,,,,4,Kyogre,1961,,,,,,{advance=7;id=30404;level=60},,,,,,
177,,,,,,,,,,,,,,,,,,,,,,,,,,,,,,,,,,,,4,Xerneas,3601,,,,,,{advance=7;id=30425;level=60},,,,,,
178,,,,,,,,,,,,,,,,,,,,,,,,,,,,,,,,,,,,4,Mewtwo,761,,,,,,{advance=7;id=30401;level=60},,,,,,
179,,,,,,,,,,,,,,,,,,,,,,,,,,,,,,,,,,,,4,Palkia,2361,,,,,,{advance=7;id=30411;level=60},,,,,,
180,,,,,,,,,,,,,,,,,,,,,,,,,,,,,,,,,,,,4,Lugia,1261,,,,,,{advance=7;id=30407;level=60},,,,,,
181,,,,,140%,,,,,,,,,,,,,,,,,,,,,,,,,140%,,140%,140%,140%,140%,2,Roggenrola,2591,,,,,,{advance=7;id=30311;level=60},,,,,,
182,,,,,140%,,,,,,,,,,,,,,,,,,,,,,,,,140%,,140%,140%,140%,140%,2,Geodude,301,,,,,,{advance=7;id=30311;level=60},,,,,,
183,,,,,140%,,,,,,,,,,,,,,,,,,,,,,,,,140%,,140%,140%,140%,140%,2,Kabuto,691,,,,,,{advance=7;id=30311;level=60},,,,,,
184,,,,,120%,,,,,,,,,,,,,,,,,,,,,,,,,120%,,120%,120%,120%,120%,3,Regirock,1911,,,,,,{advance=7;id=30301;level=60},,,,,,
185,,,,,,,,,,,,,,,,,,,,,,,,,,,,,,,,,,,,4,Diancie,3631,,,,,,{advance=7;id=30406;level=60},,,,,,
186,,,,,120%,,,,,,,,,,,,,,,,,,,,,,,,,120%,,120%,120%,120%,120%,3,Terrakion,3171,,,,,,{advance=7;id=30306;level=60},,,,,,
187,,,,,120%,,,,,,,,,,,,,,,,,,,,,,,,,120%,,120%,120%,120%,120%,3,Crobat,163,,,,,,{advance=7;id=30206;level=60},,,,,,
188,,,,,120%,,,,,,,,,,,,,,,,,,,,,,,,,120%,,120%,120%,120%,120%,3,Toxapex,3772,,,,,,{advance=7;id=30309;level=60},,,,,,
189,,,,,120%,,,,,,,,,,,,,,,,,,,,,,,,,120%,,120%,120%,120%,120%,3,Mega Venusaur,4,,,,,,{advance=7;id=30301;level=60},,,,,,
190,,,,,120%,,,,,,,,,,,,,,,,,,,,,,,,,120%,,120%,120%,120%,120%,3,Mega Gengar,394,,,,,,{advance=7;id=30303;level=60},,,,,,
191,,,,,120%,,,,,,,,,,,,,,,,,,,,,,,,,120%,,120%,120%,120%,120%,3,Naganadel,4132,,,,,,{advance=7;id=30309;level=60},,,,,,
192,,,,,140%,,,,,,,,,,,,,,,,,,,,,,,,,140%,,140%,140%,140%,140%,2,Mega Beedrill,44,,,,,,{advance=7;id=30426;level=60},,,,,,
193,,,,,,,,,,,,,,,,,,,,,,,,,,,,,,,,,,,,4,Reshiram,3211,,,,,,{advance=7;id=30415;level=60},,,,,,
194,,,,,,,,,,,,,,,,,,,,,,,,,,,,,,,,,,,,4,Ho-Oh,1271,,,,,,{advance=7;id=31301;level=60},,,,,,
195,,,,,120%,,,,,,,,,,,,,,,,,,,,,,,,,120%,,120%,120%,120%,120%,3,Entei,1231,,,,,,{advance=7;id=30301;level=60},,,,,,
196,,,,,120%,,,,,,,,,,,,,,,,,,,,,,,,,120%,,120%,120%,120%,120%,3,Moltres,741,,,,,,{advance=7;id=30303;level=60},,,,,,
197,,,,,120%,,,,,,,,,,,,,,,,,,,,,,,,,130%,,120%,120%,120%,120%,3,Infernape,2023,,3000,,2000,,{advance=7;id=30402;level=60},,,,,,
198,,,,,,,,,,,,,,,,,,,,,,,,,,,,,,,,,,,,4,Victini,2461,,,,,,{advance=7;id=30427;level=60},,,,,,
199,,,,,,,,,,,,,,,,,,,,,,,,,,,,,,,,,,,,4,Melmetal,4172,,,,,,{advance=7;id=30420;level=60},,,,,,
200,,,,,120%,,,,,,,,,,,,,,,,,,,,,,,,,120%,,120%,120%,120%,120%,3,Magnezone,333,,,,,,{advance=7;id=30314;level=60},,,,,,
201,,,,,120%,,,,,,,,,,,,,,,,,,,,,,,,,120%,,120%,120%,120%,120%,3,Mega Aggron,1504,,,,,,{advance=7;id=30301;level=60},,,,,,
202,,,,,,,,,,,,,,,,,,,,,,,,,,,,,,,,,,,,4,Jirachi,1991,,,,,,{advance=7;id=30419;level=60},,,,,,
203,,,,,,,,,,,,,,,,,,,,,,,,,,,,,,,,,,,,4,Dialga,2351,,,,,,{advance=7;id=30410;level=60},,,,,,
204,,,,,,,,,,,,,,,,,,,,,,,,,,,,,,,,,,,,4,Genesect,3271,,,,,,{advance=7;id=30424;level=60},,,,,,
205,,,,,120%,,,,,,,,,,,,,,,,,,,,,,,,,120%,,120%,120%,120%,120%,3,Mega Blastoise,24,,,,,,{advance=7;id=30316;level=60},,,,,,
206,,,,,,,,,,,,,,,,,,,,,,,,,,,,,,,,,,,,4,Kyogre,1961,,,,,,{advance=7;id=30404;level=60},,,,,,
207,,,,,120%,,,,,,,,,,,,,,,,,,,,,,,,,120%,,120%,120%,120%,120%,3,Mega Swampert,1314,,,,,,{advance=7;id=30316;level=60},,,,,,
208,,,,,120%,,,,,,,,,,,,,,,,,,,,,,,,,120%,,120%,120%,120%,120%,3,Suicune,1241,,,,,,{advance=7;id=30305;level=60},,,,,,
209,,,,,,,,,,,,,,,,,,,,,,,,,,,,,,,,,,,,4,Palkia,2361,,,,,,{advance=7;id=30411;level=60},,,,,,
210,,,,,,,,,,,,,,,,,,,,,,,,,,,,,,,,,,,,4,Manaphy,2421,,,,,,{advance=7;id=30433;level=60},,,,,,
211,,,,,120%,,,,,,,,,,,,,,,,,,,,,,,,,120%,,120%,120%,120%,120%,3,Magnezone,333,,,,,,{advance=7;id=30314;level=60},,,,,,
212,,,,,,,,,,,,,,,,,,,,,,,,,,,,,,,,,,,,4,Zeraora,4161,,,,,,{advance=7;id=30426;level=60},,,,,,
213,,,,,130%,,,,,,,,,,,,,,,,,,,,,,,,,130%,,130%,130%,130%,130%,3,Ash's Pikachu,7001,,,,,,{advance=7;id=30319;level=60},,,,,,
214,,,,,120%,,,,,,,,,,,,,,,,,,,,,,,,,120%,,120%,120%,120%,120%,3,Zapdos,731,,,,,,{advance=7;id=30303;level=60},,,,,,
215,,,,,,,,,,,,,,,,,,,,,,,,,,,,,,,,,,,,4,Zekrom,3221,,,,,,{advance=7;id=30416;level=60},,,,,,
216,,,,,120%,,,,,,,,,,,,,,,,,,,,,,,,,120%,,120%,120%,120%,120%,3,Thundurus,3201,,,,,,{advance=7;id=30303;level=60},,,,,,
217,,,,,,,,,,,,,,,,,,,,,,,,,,,,,,,,,,,,4,Manaphy,2421,,,,,,{advance=7;id=30433;level=60},,,,,,
218,,,,,,,,,,,,,,,,,,,,,,,,,,,,,,,,,,,,4,Shaymin,2441,,,,,,{advance=7;id=30413;level=60},,,,,,
219,,,,,,,,,,,,,,,,,,,,,,,,,,,,,,,,,,,,4,Victini,2461,,,,,,{advance=7;id=30427;level=60},,,,,,
220,,,,,,,,,,,,,,,,,,,,,,,,,,,,,,,,,,,,4,Jirachi,1991,,,,,,{advance=7;id=30419;level=60},,,,,,
221,,,,,120%,,,,,,,,,,,,,,,,,,,,,,,,,120%,,120%,120%,120%,120%,3,Mew,771,,,,,,{advance=7;id=31301;level=60},,,,,,
222,,,,,,,,,,,,,,,,,,,,,,,,,,,,,,,,,,,,4,Celebi,1281,,,,,,{advance=7;id=30423;level=60},,,,,,
223,,,,,120%,,,,,,,,,,,,,,,,,,,,,,,,,120%,,120%,120%,120%,120%,3,Zorua,2821,,,,,,{advance=7;id=30308;level=60},,,,,,
224,,,,,120%,,,,,,,,,,,,,,,,,,,,,,,,,120%,,120%,120%,120%,120%,3,Zorua,2821,,,,,,{advance=7;id=30308;level=60},,,,,,
225,,,,,120%,,,,,,,,,,,,,,,,,,,,,,,,,120%,,120%,120%,120%,120%,3,Zorua,2821,,,,,,{advance=7;id=30308;level=60},,,,,,
226,,,,,120%,,,,,,,,,,,,,,,,,,,,,,,,,120%,,120%,120%,120%,120%,3,Zoroark,2822,,,,,,{advance=7;id=30308;level=60},,,,,,
227,,,,,120%,,,,,,,,,,,,,,,,,,,,,,,,,120%,,120%,120%,120%,120%,3,Zoroark,2822,,,,,,{advance=7;id=30308;level=60},,,,,,
228,,,,,120%,,,,,,,,,,,,,,,,,,,,,,,,,120%,,120%,120%,120%,120%,3,Zoroark,2822,,,,,,{advance=7;id=30308;level=60},,,,,,
229,,,,,140%,,,,,,,,,,,,,,,,,,,,,,,,,140%,,140%,140%,140%,140%,2,Swirlix,3431,,,,,,{advance=7;id=30104;level=60},,,,,,
230,,,,,120%,,,,,,,,,,,,,,,,,,,,,,,,,120%,,120%,120%,120%,120%,3,Florges,3353,,,,,,{advance=7;id=30317;level=60},,,,,,
231,,,,,120%,,,,,,,,,,,,,,,,,,,,,,,,,120%,,120%,120%,120%,120%,3,Cloyster,382,,,,,,{advance=7;id=30301;level=60},,,,,,
232,,,,,120%,,,,,,,,,,,,,,,,,,,,,,,,,120%,,120%,120%,120%,120%,3,Togekiss,863,,,,,,{advance=7;id=30305;level=60},,,,,,
233,,,,,180%,,,,,,,,,,,,,,,,,,,,,,,,,180%,,180%,180%,180%,180%,,Azumarill,893,,8000,,8000,,{advance=7;id=30401;level=60},,,,,,
234,,,,,120%,,,,,,,,,,,,,,,,,,,,,,,,,120%,,120%,120%,120%,120%,3,Gardevoir,1393,,,,,,{advance=7;id=30406;level=60},,,,,,
235,,,,,120%,,,,,,,,,,,,,,,,,,,,,,,,,120%,,120%,120%,120%,120%,3,Hydreigon,3143,,,,,,{advance=7;id=30310;level=60},,,,,,
236,,,,,120%,,,,,,,,,,,,,,,,,,,,,,,,,120%,,120%,120%,120%,120%,3,Haxorus,3003,,,,,,{advance=7;id=30310;level=60},,,,,,
237,,,,,120%,,,,,,,,,,,,,,,,,,,,,,,,,120%,,120%,120%,120%,120%,3,Dragonite,753,,,,,,{advance=7;id=30310;level=60},<100;100;100;100;100;100;100>,,,,,
238,,,,,120%,,,,,,,,,,,,,,,,,,,,,,,,,120%,,120%,120%,120%,120%,3,Salamence,1893,,,,,,{advance=7;id=30310;level=60},,,,,,
239,,,,,,,,,,,,,,,,,,,,,,,,,,,,,,,,,,,,4,Rayquaza,1981,,,,,,{advance=7;id=30408;level=60},,,,,,
240,,,,,120%,,,,,,,,,,,,,,,,,,,,,,,,,120%,,120%,120%,120%,120%,3,Garchomp,2233,,,,,,{advance=7;id=30402;level=60},,,,,,
241,,,,,120%,,,,,,,,,,,,,,,,,,,,,,,,,120%,,120%,120%,120%,120%,3,Articuno,721,,,,,,{advance=7;id=30303;level=60},,,,,,
242,,,,,120%,,,,,,,,,,,,,,,,,,,,,,,,,120%,,120%,120%,120%,120%,3,Zapdos,731,,,,,,{advance=7;id=30303;level=60},,,,,,
243,,,,,120%,,,,,,,,,,,,,,,,,,,,,,,,,120%,,120%,120%,120%,120%,3,Moltres,741,,,,,,{advance=7;id=30303;level=60},,,,,,
244,,,,,120%,,,,,,,,,,,,,,,,,,,,,,,,,120%,,120%,120%,120%,120%,3,Mew,771,,,,,,{advance=7;id=31301;level=60},,,,,,
245,,,,,,,,,,,,,,,,,,,,,,,,,,,,,,,,,,,,4,Mewtwo,761,,,,,,{advance=7;id=30401;level=60},,,,,,
246,,,,,,,,,,,,,,,,,,,,,,,,,,,,,,,,,,,,4,Ho-Oh,1271,,,,,,{advance=7;id=31301;level=60},,,,,,
247,,,,,120%,,,,,,,,,,,,,,,,,,,,,,,,,120%,,120%,120%,120%,120%,3,Raikou,1221,,,,,,{advance=7;id=30304;level=60},,,,,,
248,,,,,120%,,,,,,,,,,,,,,,,,,,,,,,,,120%,,120%,120%,120%,120%,3,Entei,1231,,,,,,{advance=7;id=30301;level=60},,,,,,
249,,,,,120%,,,,,,,,,,,,,,,,,,,,,,,,,120%,,120%,120%,120%,120%,3,Suicune,1241,,,,,,{advance=7;id=30305;level=60},,,,,,
250,,,,,,,,,,,,,,,,,,,,,,,,,,,,,,,,,,,,4,Celebi,1281,,,,,,{advance=7;id=30423;level=60},,,,,,
251,,,,,,,,,,,,,,,,,,,,,,,,,,,,,,,,,,,,4,Lugia,1261,,,,,,{advance=7;id=30407;level=60},,,,,,
252,,,,,,,,,,,,,,,,,,,,,,,,,,,,,,,,,,,,4,Ho-Oh,1271,,,,,,{advance=7;id=31301;level=60},,,,,,
253,,,,,,,,,,,,,,,,,,,,,,,,,,,,,,,,,,,,4,Kyogre,1961,,,,,,{advance=7;id=30404;level=60},,,,,,
254,,,,,120%,,,,,,,,,,,,,,,,,,,,,,,,,120%,,120%,120%,120%,120%,3,Phione,2411,,,,,,{advance=7;id=30425;level=60},,,,,,
255,,,,,,,,,,,,,,,,,,,,,,,,,,,,,,,,,,,,4,Groudon,1971,,,,,,{advance=7;id=30403;level=60},,,,,,
256,,,,,,,,,,,,,,,,,,,,,,,,,,,,,,,,,,,,4,Manaphy,2421,,,,,,{advance=7;id=30433;level=60},,,,,,
257,,,,,,,,,,,,,,,,,,,,,,,,,,,,,,,,,,,,4,Rayquaza,1981,,,,,,{advance=7;id=30408;level=60},,,,,,
258,,,,,,,,,,,,,,,,,,,,,,,,,,,,,,,,,,,,4,Jirachi,1991,,,,,,{advance=7;id=30419;level=60},,,,,,
259,,,,,,,,,,,,,,,,,,,,,,,,,,,,,,,,,,,,4,Regigigas,2381,,,,,,{advance=7;id=30409;level=60},,,,,,
260,,,,,,,,,,,,,,,,,,,,,,,,,,,,,,,,,,,,4,Giratina,2391,,,,,,{advance=7;id=30412;level=60},,,,,,
261,,,,,,,,,,,,,,,,,,,,,,,,,,,,,,,,,,,,4,Dialga,2351,,,,,,{advance=7;id=30410;level=60},,,,,,
262,,,,,,,,,,,,,,,,,,,,,,,,,,,,,,,,,,,,4,Shaymin,2441,,,,,,{advance=7;id=30413;level=60},,,,,,
263,,,,,,,,,,,,,,,,,,,,,,,,,,,,,,,,,,,,4,Palkia,2361,,,,,,{advance=7;id=30411;level=60},,,,,,
264,,,,,,,,,,,,,,,,,,,,,,,,,,,,,,,,,,,,4,Darkrai,2431,,,,,,{advance=7;id=30405;level=60},,,,,,
265,,,,,,,,,,,,,,,,,,,,,,,,,,,,,,,,,,,,4,Reshiram,3211,,,,,,{advance=7;id=30415;level=60},,,,,,
266,,,,,,,,,,,,,,,,,,,,,,,,,,,,,,,,,,,,4,Kyurem,3241,,,,,,{advance=7;id=30417;level=60},,,,,,
267,,,,,,,,,,,,,,,,,,,,,,,,,,,,,,,,,,,,4,Genesect,3271,,,,,,{advance=7;id=30424;level=60},,,,,,
268,,,,,120%,,,,,,,,,,,,,,,,,,,,,,,,,120%,,120%,120%,120%,120%,3,Keldeo,3251,,,,,,{advance=7;id=30426;level=60},,,,,,
269,,,,,,,,,,,,,,,,,,,,,,,,,,,,,,,,,,,,4,Zekrom,3221,,,,,,{advance=7;id=30416;level=60},,,,,,
270,,,,,,,,,,,,,,,,,,,,,,,,,,,,,,,,,,,,4,Victini,2461,,,,,,{advance=7;id=30427;level=60},,,,,,
271,,,,,,,,,,,,,,,,,,,,,,,,,,,,,,,,,,,,4,Xerneas,3601,,,,,,{advance=7;id=30425;level=60},,,,,,
272,,,,,,,,,,,,,,,,,,,,,,,,,,,,,,,,,,,,4,Zygarde Complete Forme,3623,,,,,,{advance=7;id=30431;level=60},,,,,,
273,,,,,,,,,,,,,,,,,,,,,,,,,,,,,,,,,,,,4,Yveltal,3611,,,,,,{advance=7;id=30421;level=60},,,,,,
274,,,,,,,,,,,,,,,,,,,,,,,,,,,,,,,,,,,,4,Meloetta Aria Forme,3261,,,,,,{advance=7;id=30418;level=60},,,,,,
275,,,,,,,,,,,,,,,,,,,,,,,,,,,,,,,,,,,,4,Diancie,3631,,,,,,{advance=7;id=30406;level=60},,,,,,
276,,,,,,,,,,,,,,,,,,,,,,,,,,,,,,,,,,,,4,Hoppa Unbound,3642,,,,,,{advance=7;id=30414;level=60},,,,,,
277,,,,,140%,,,,,,,,,,,,,,,,,,,,,,,,,140%,,140%,140%,140%,140%,2,Psyduck,221,,,,,,{advance=7;id=30001;level=60},,,,,,
278,,,,,140%,,,,,,,,,,,,,,,,,,,,,,,,,140%,,140%,140%,140%,140%,2,Pikachu,92,,,,,,{advance=7;id=30001;level=60},,,,,,
279,,,,,120%,,,,,,,,,,,,,,,,,,,,,,,,,120%,,120%,120%,120%,120%,3,Goomy,3541,,,,,,{advance=7;id=30001;level=60},,,,,,
280,,,,,,,,,,,,,,,,,,,,,,,,,,,,,,,,,,,,4,Mewtwo,761,,,,,,{advance=7;id=30001;level=60},,,,,,
281,,,,,140%,,,,,,,,,,,,,,,,,,,,,,,,,140%,,140%,140%,140%,140%,2,Lickitung,471,,,,,,{advance=7;id=30001;level=60},,,,,,
282,,,,,120%,,,,,,,,,,,,,,,,,,,,,,,,,120%,,120%,120%,120%,120%,3,Slowpoke,321,,,,,,{advance=7;id=30001;level=60},,,,,,
283,,,,,140%,,,,,,,,,,,,,,,,,,,,,,,,,140%,,140%,140%,140%,140%,2,Emolga,2891,,,,,,{advance=7;id=30305;level=60},,,,,,
284,,,,,140%,,,,,,,,,,,,,,,,,,,,,,,,,140%,,140%,140%,140%,140%,2,Squirtle,21,,,,,,{advance=7;id=30316;level=60},,,,,,
285,,,,,140%,,,,,,,,,,,,,,,,,,,,,,,,,140%,,140%,140%,140%,140%,2,Jigglypuff,152,,,,,,{advance=7;id=30305;level=60},,,,,,
286,,,,,140%,,,,,,,,,,,,,,,,,,,,,,,,,140%,,140%,140%,140%,140%,2,Psyduck,221,,,,,,{advance=7;id=30206;level=60},,,,,,
287,,,,,140%,,,,,,,,,,,,,,,,,,,,,,,,,140%,,140%,140%,140%,140%,2,Pikachu,92,,,,,,{advance=7;id=31201;level=60},,,,,,
288,,,,,140%,,,,,,,,,,,,,,,,,,,,,,,,,140%,,140%,140%,140%,140%,2,Cinccino,2832,,,,,,{advance=7;id=30305;level=60},,,,,,
289,,6000,,,200%,,,,,,,,,,,,,,,,,,,,,,,,,200%,,200%,200%,200%,200%,,Sandshrew,101,,,,,,{advance=7;id=30403;level=60},,,,,,
290,8000,,,,200%,,,,,,,,,,,,,,,,,,,,,,,,,200%,,200%,200%,200%,200%,,Fearow,72,,,,,,{advance=7;id=31301;level=60},,,,,,
291,,,,10000,200%,,,,,,,,,,,,,,,,,,,,,,,,,200%,,200%,200%,200%,200%,,Goldeen,541,,,,,,{advance=7;id=30103;level=60},,,,,,
292,,,,,180%,,,,,,,,,,,,,,,,,,,,,,,,,180%,,180%,180%,180%,220%,2,Scolipede,2683,,,,,,{advance=7;id=30313;level=60},,,,,,
293,,,,,200%,,,,,,,,,,,,,,,,,,,,,,,,,200%,,200%,200%,200%,200%,,Caterpie,31,,20000,,10000,,{advance=7;id=30401;level=60},,,,,,
294,,,,,180%,,,,,,,,,,,,,,,,,,,,,,,,,180%,,180%,180%,180%,180%,2,Litleo,3341,10000,,,,,{advance=7;id=30315;level=60},,,,,,
295,,,,,120%,,,,,,,,,,,,,,,,,,,,,,,,,120%,,120%,120%,120%,120%,3,Blissey,503,,,,,,{advance=7;id=30317;level=60},,,,,,
296,,,,,120%,,,,,,,,,,,,,,,,,,,,,,,,,120%,,120%,120%,120%,120%,3,Exeggutor,442,,,,,,{advance=7;id=30301;level=60},,,,,,
297,,,,,120%,,,,,,,,,,,,,,,,,,,,,,,,,120%,,120%,120%,120%,120%,3,Togepi,861,,,,,,{advance=7;id=30305;level=60},,,,,,
298,,,,,120%,,,,,,,,,,,,,,,,,,,,,,,,,120%,,120%,120%,120%,120%,3,Happiny,501,,,,,,{advance=7;id=30317;level=60},,,,,,
299,,,,,120%,,,,,,,,,,,,,,,,,,,,,,,,,120%,,120%,120%,120%,120%,3,Exeggcute,441,,,,,,{advance=7;id=30301;level=60},,,,,,
300,,,,,120%,,,,,,,,,,,,,,,,,,,,,,,,,120%,,120%,120%,120%,120%,3,Chansey,502,,,,,,{advance=7;id=30317;level=60},,,,,,
301,,,,,120%,,,,,,,,,,,,,,,,,,,,,,,,,120%,,120%,120%,120%,120%,3,Houndour,1171,,,,,,{advance=7;id=31202;level=60},,,,,,
302,,,,,120%,,,,,,,,,,,,,,,,,,,,,,,,,120%,,120%,120%,120%,120%,3,Growlithe,241,,,,,,{advance=7;id=31202;level=60},,,,,,
303,,,,,140%,,,,,,,,,,,,,,,,,,,,,,,,,140%,,140%,140%,140%,140%,2,Tepig,2481,,,,,,{advance=7;id=31202;level=60},,,,,,
304,,,,,120%,,,,,,,,,,,,,,,,,,,,,,,,,120%,,120%,120%,120%,120%,3,Houndoom,1172,,,,,,{advance=7;id=31202;level=60},,,,,,
305,,,,,120%,,,,,,,,,,,,,,,,,,,,,,,,,120%,,120%,120%,120%,120%,3,Arcanine,242,,,,,,{advance=7;id=31202;level=60},,,,,,
306,,,,,,,,,,,,,,,,,,,,,,,,,,,,,,,,,,,,4,Zygarde 10% Forme,3621,,,,,,{advance=7;id=31202;level=60},,,,,,
307,,,,,,,,,,,,,,,,,,,,,,,,,,,,,,,2,,,,,4,Red Ditto,9003,,,,,,{advance=7;id=30106;level=60},,,,,,
308,,,,,,,,,,,,,,,,,,,,,,,,,,,,,,,2,,,,,4,Red Ditto,9003,,,,,,{advance=7;id=30106;level=60},,,,,,
309,,,,,,,,,,,,,,,,,,,,,,,,,,,,,,,2,,,,,4,Red Ditto,9003,,,,,,{advance=7;id=30106;level=60},,,,,,
310,,,,,,,,,,,,,,,,,,,,,,,,,,,,,,,2,,,,,4,Red Ditto,9003,,,,,,{advance=7;id=30106;level=60},,,,,,
311,,,,,,,,,,,,,,,,,,,,,,,,,,,,,,,2,,,,,4,Red Ditto,9003,,,,,,{advance=7;id=30106;level=60},,,,,,
312,,,,,,,,,,,,,,,,,,,,,,,,,,,,,,,2,,,,,4,Red Ditto,9003,,,,,,{advance=7;id=30106;level=60},,,,,,
313,,,,,160%,,,,,,,,,,,,,,,,,,,,,,,,,160%,,160%,160%,160%,160%,,Rattata,61,,,,,,{advance=7;id=30208;level=60},,,,,,
314,,,,,,,,,,,,,,,,,,,,,,,,,,,,,,,,,,,,5,Mega Rayquaza,1982,,,,,,{advance=7;id=30401;level=60},,,,,,
315,,,,,160%,,,,,,,,,,,,,,,,,,,,,,,,,160%,,160%,160%,160%,160%,,Phantump,3561,,,,,,{advance=7;id=30309;level=60},,,,,,
316,,,,,160%,,,,,,,,,,,,,,,,,,,,,,,,,160%,,160%,160%,160%,160%,,Caterpie,31,,,,,,{advance=7;id=30401;level=60},,,,,,
317,,,,,160%,,,,,,,,,,,,,,,,,,,,,,,,,160%,,160%,300%,160%,160%,2,Gigalith,2593,,,,,,{advance=7;id=30311;level=60},,,,,,
318,,,,,160%,,,,,,,,,,,,,,,,,,,,,,,,,160%,,160%,160%,160%,160%,,Oddish,171,,,,,,{advance=7;id=30316;level=60},,,,,,
319,,,,,120%,,,,,,,,,,,,,,,,,,,,,,,,,120%,,120%,120%,120%,120%,3,Zorua,2821,,,,,,{advance=7;id=30308;level=60},,,,,,
320,,,,,120%,,,,,,,,,,,,,,,,,,,,,,,,,120%,,120%,120%,120%,120%,3,Zorua,2821,,,,,,{advance=7;id=30308;level=60},,,,,,
321,,,,,120%,,,,,,,,,,,,,,,,,,,,,,,,,120%,,120%,120%,120%,120%,3,Zorua,2821,,,,,,{advance=7;id=30308;level=60},,,,,,
322,,,,,120%,,,,,,,,,,,,,,,,,,,,,,,,,120%,,120%,120%,120%,120%,3,Zoroark,2822,,,,,,{advance=7;id=30308;level=60},,,,,,
323,,,,,120%,,,,,,,,,,,,,,,,,,,,,,,,,120%,,120%,120%,120%,120%,3,Zoroark,2822,,,,,,{advance=7;id=30308;level=60},,,,,,
324,,,,,120%,,,,,,,,,,,,,,,,,,,,,,,,,120%,,120%,120%,120%,120%,3,Zoroark,2822,,,,,,{advance=7;id=30308;level=60},,,,,,
325,,,,,140%,,,,,,,,,,,,,,,,,,,,,,,,,140%,,140%,140%,140%,140%,2,Victreebel,283,,,,,,{advance=7;id=30307;level=60},,,,,,
326,,,,,160%,,,,,,,,,,,,,,,,,,,,,,,,,160%,,160%,160%,160%,160%,,Nidoking,123,,,,,,{advance=7;id=30307;level=60},,,,,,
327,,,,,160%,,,,,,,,,,,,,,,,,,,,,,,,,160%,,160%,160%,160%,160%,,Nidoqueen,113,,,,,,{advance=7;id=30307;level=60},,,,,,
328,,,,,160%,,,,,,,,,,,,,,,,,,,,,,,,,160%,,160%,160%,160%,160%,,Arbok,82,,,,,,{advance=7;id=30309;level=60},,,,,,
329,,,,,250%,,,,,,,,,,,,,,,,,,,,,,,,,250%,,250%,250%,250%,250%,2,Mega Beedrill,44,,15000,,8000,,{advance=7;id=30426;level=60},,,,,,
330,,,,,140%,,,,,,,,,,,,,,,,,,,,,,,,,140%,,140%,140%,140%,140%,2,Weezing,482,,,,,,{advance=7;id=30309;level=60},,,,,,
331,,,,,140%,,,,,,,,,,,,,,,,,,,,,,,,,140%,,140%,140%,140%,140%,2,Toxicroak,2272,,,,,,{advance=7;id=30312;level=60},,,,,,
332,,,,,120%,,,,,,,,,,,,,,,,,,,,,,,,,120%,,120%,120%,120%,120%,3,Magnezone,333,,,,,,{advance=7;id=30314;level=60},,,,,,
333,,,,,120%,,,,,,,,,,,,,,,,,,,,,,,,,120%,,120%,120%,120%,120%,3,Weavile,1082,,,,,,{advance=7;id=30313;level=60},,,,,,
334,,,,,120%,,,,,,,,,,,,,,,,,,,,,,,,,120%,,120%,120%,120%,120%,3,Crobat,163,,,,,,{advance=7;id=30206;level=60},,,,,,
335,,,,,120%,,,,,,,,,,,,,,,,,,,,,,,,,120%,,120%,120%,120%,120%,3,Gyarados,631,,,,,,{advance=7;id=30315;level=60},,,,,,
336,,,,,120%,,,,,,,,,,,,,,,,,,,,,,,,,120%,,120%,120%,120%,120%,3,Houndoom,1172,,,,,,{advance=7;id=30303;level=60},,,,,,
337,500,500,,2000,,,,,,,,,,,,,,,,,,,,,,,,,,,,,,,125%,4,Giratina,2391,2000,,,,,{advance=7;id=30412;level=60},,,,,,
338,500,500,,1000,,,,,,,,,,,,,,,,,,,,,,,,,,,,,,,110%,5,Primal Groudon,1972,,,,,,{advance=7;id=30403;level=60},,,,,,
339,500,500,,,,,,,,,,,,,,,,,,,,,,,,,,,,,,,,,115%,4,Xerneas,3601,,,,,,{advance=7;id=30425;level=60},,,,,,
340,500,500,,1000,,,,,,,,,,,,,,,,,,,,,,,,,,,,,,120%,110%,4,Jirachi,1991,1000,,,,,{advance=7;id=30419;level=60},,,,,,
341,500,500,,,,,,,,,,,,,,,,,,,,,500,,,,,,,,,,,110%,120%,4,Hoppa Unbound,3642,,,,,,{advance=7;id=30414;level=60},,,,,,
342,500,500,,,,,,,,,,,,,,,,,,,,,,,,,,,,,,,,120%,110%,4,Celebi,1281,,,,,,{advance=7;id=30423;level=60},,,,,,
343,,,,,,,,,,,,,,,,,,,,,,,,,,,,,,,,,,,110%,4,Zeraora,4161,,,,,,{advance=7;id=30426;level=60},,,,,,
344,,,,,,,,,,,,,,,,,,,,,,,,,,,,,,,,,,,110%,5,Primal Groudon,1972,,,,,,{advance=7;id=30403;level=60},,,,,,
345,,,,,,,,,,,,,,,,,,,,,,,,,,,,,,,,,,,115%,4,Xerneas,3601,,,,,,{advance=7;id=30425;level=60},,,,,,
346,,,,,,,,,,,,,,,,,,,,,,,,,,,,,,,,,,,110%,4,Ho-Oh,1271,,,,,,{advance=7;id=31301;level=60},,,,,,
347,,,,,,,,,,,,,,,,,,,,,,500,,,,,,,,,,,,,120%,5,Mega Rayquaza,1982,,,,,,{advance=7;id=30401;level=60},,,,,,
348,,,,,,,,,,,,,,,,,,,,,,,,,,,,,,,,,,,110%,4,Victini,2461,,,,,,{advance=7;id=30427;level=60},,,,,,
349,,,,4000,130%,,,,,,,,,,,,,,4000,,,4000,,,,,,,,130%,,130%,130%,130%,130%,3,Sceptile,1293,2000,4000,,4000,,{advance=7;id=30428;level=60},,,,,,
350,,,,4000,130%,,,,,,,,,,,,,,4000,,,,3000,,,,,,,130%,,130%,130%,130%,170%,3,Snorlax,712,2000,4000,,4000,,{advance=7;id=30301;level=60},,,,,,
351,,,,4000,130%,,,,,,,,,5000,,5000,3000,,4000,,,,,,,,,,,130%,,130%,130%,130%,140%,3,Ash's Pikachu,7001,2000,4000,,4000,,{advance=7;id=30319;level=60},,,,,,
352,,,,4000,130%,,,,,,,,,,,,,,4000,,,,,,,,,,,130%,,130%,130%,130%,130%,3,Infernape,2023,2000,4000,,4000,,{advance=7;id=30402;level=60},,,,,,
353,,,,4000,,,,,,,,,,,,,,,4000,,,,,,,,,,,110%,,,110%,110%,110%,4,Ash-Greninja,7011,2000,4000,,4000,,{advance=7;id=30401;level=60},,,,,,
354,,,,4000,150%,,,,,,,,,,,,,,4000,,,,,,,,,,,150%,,150%,150%,150%,150%,2,Charizard,13,2000,8000,,8000,,{advance=7;id=30414;level=60},,,,,,
355,,,,,120%,,,,,,,,,,,,,,,,,,,,,,,,,120%,,120%,120%,120%,120%,3,Latias,1941,,,,,,{advance=7;id=30419;level=60},,,,,,
356,,,,,120%,,,,,,,,,,,,,,,,,,,,,,,,,120%,,120%,120%,120%,120%,3,Dragonite,753,,,,,,{advance=7;id=30310;level=60},<100;100;100;100;100;100;100>,,,,,
357,,,,,120%,,,,,,,,,,,,,,,,,,,,,,,,,120%,,120%,120%,120%,120%,3,Latios,1951,,,,,,{advance=7;id=30411;level=60},,,,,,
358,,,,,120%,,,,,,,,,,,,,,,,,,,,,,,,,120%,,120%,120%,120%,120%,3,Cresselia,2401,,,,,,{advance=7;id=30413;level=60},,,,,,
359,,,,,110%,,,,,,,,,,,,,,,,,,,,,,,,,110%,,110%,110%,110%,120%,4,Darkrai,2431,,,,,,{advance=7;id=30405;level=60},,,,,,
360,,,,,120%,,,,,,,,,,,,,,,,,,,,,,,,,120%,,120%,120%,120%,120%,3,Feebas,1771,,,,,,{advance=7;id=30103;level=60},,,,,,
361,,,,,,,,,,,,,,,,,,,,,,,,,,,,,,,,,,,,4,Genesect,3271,,,,,,{advance=7;id=30424;level=60},,,,,,
362,,,,,,,,,,,,,,,,,,,,,,,,,,,,,,,,,,,,4,Solgaleo,4023,,,,,,{advance=7;id=30434;level=60},,,,,,
363,,,,,,,,,,,,,,,,,,,,,,,,,,,,,,,,,,,,4,Melmetal,4172,,,,,,{advance=7;id=30420;level=60},,,,,,
364,,,,,,,,,,,,,,,,,,,,,,,,,,,,,,,,,,,,4,Magearna,4111,,,,,,{advance=7;id=30435;level=60},,,,,,
365,,,,,,,,,,,,,,,,,,,,,,,,,,,,,,,,,,,,4,Dialga,2351,,,,,,{advance=7;id=30410;level=60},,,,,,
366,,,,,,,,,,,,,,,,,,,,,,,,,,,,,,,,,,,,4,Jirachi,1991,,,,,,{advance=7;id=30419;level=60},,,,<8;8;8;8;8;8;8;8>,,
367,,,,,120%,,,,,,,,,,,,,,,,,,,,,,,,,120%,,120%,120%,120%,120%,3,Phione,2411,,,,,,{advance=7;id=30425;level=60},,,,,,
368,,,,,,,,,,,,,,,,,,,,,,,,,,,,,,,,,,,,5,Primal Kyogre,1962,,,,,,{advance=7;id=30404;level=60},,,,,,
369,,,,,,,,,,,,,,,,,,,,,,,,,,,,,,,,,,,,4,Manaphy,2421,,,,,,{advance=7;id=30433;level=60},,,,,,
370,,,,,,,,,,,,,,,,,,,,,,,,,,,,,,,,,,,,4,Palkia,2361,,,,,,{advance=7;id=30411;level=60},,,,,,
371,,,,,,,,,,,,,,,,,,,,,,,,,,,,,,,,,,,,4,Ash-Greninja,7011,,,,,,{advance=7;id=30401;level=60},,,,<8;8;8;8;8;8;8;8>,,
372,,,,,120%,,,,,,,,,,,,,,,,,,,,,,,,,120%,,120%,120%,120%,120%,3,Keldeo,3251,,,,,,{advance=7;id=30426;level=60},,,,,,
373,,,,,,,,,,,,,,,,,,,,,,,,,,,,,,,,,90%,90%,,4,Genesect,3271,,,,,,{advance=7;id=30424;level=60},,,,,,
374,,,,,,,,,,,,,,,,,,,,,,,,,,,,,,,,,90%,90%,,4,Solgaleo,4023,,,,,,{advance=7;id=30434;level=60},,,,,,
375,,,,,,,,,,,,,,,,,,,,,,,,,,,,,,,,,,,,4,Melmetal,4172,,,,,,{advance=7;id=30420;level=60},,,,,,
376,,,,,,,,,,,,,,,,,,,,,,,,,,,,,,,,,80%,80%,,4,Magearna,4111,,,,,,{advance=7;id=30435;level=60},,,,,,
377,,,,,,,,,,,,,,,,,,,,,,,,,,,,,,,,,90%,90%,,4,Dialga,2351,,,,,,{advance=7;id=30410;level=60},,,,,,
378,,,,,,,,,,,,,,,,,,,,,,,,,,,,,,,,,80%,80%,,4,Jirachi,1991,,,,,,{advance=7;id=30419;level=60},,,,,,
379,1000,1000,,,,,1000,,,,,,,2000,,,,,,,,,,,,,,,,,,,,,,4,Reshiram,3211,,,,,,{advance=7;id=30415;level=60},,,,<8;8;8;8;8;8;8;8>,,
380,1000,2000,,,,,1000,,,,,,,2000,,,,,,,,,1000,,,,,,,,,,80%,115%,,5,Primal Groudon,1972,,,,,,{advance=7;id=30403;level=60},,,,<8;8;8;8;8;8;0;0>,,
381,3000,3000,,5000,130%,,1000,,,,,,,5000,,,,,,,,,,,,,,,,130%,,130%,130%,130%,130%,3,Heatran,2371,,,,,,{advance=7;id=30403;level=60},,,,<8;8;8;8;8;8;0;0>,,
382,1000,1000,,,,,1000,,,,,,,2000,,,,,,,,,,,,,,,,105%,,,,,,4,Victini,2461,,,,,,{advance=7;id=30427;level=60},,,,<8;8;8;8;8;8;0;0>,,
383,1000,2000,,,,,1000,,,,,,,2000,,,,,,,,,,,,,,,,,,,80%,110%,,4,Ho-Oh,1271,,,,,,{advance=7;id=31301;level=60},,,,<8;8;8;8;8;8;0;0>,,
384,1000,1000,,,110%,,1000,,,,,,,2000,,,,,,,,,,,,,,,,110%,,110%,110%,110%,110%,4,Volcanion,3651,,,,,,{advance=7;id=30315;level=60},,,,<8;8;8;8;8;8;0;0>,,
385,1000,1000,,,,,1000,,,,,,,2000,,,,,,,,,,,,,,,,,,,,,,4,Reshiram,3211,,,,,,{advance=7;id=30415;level=60},,,,,,
386,,,,,,,,,,,,,,,,,,,,,,,,,,,,,,,,,,,,5,Primal Groudon,1972,,,,,,{advance=7;id=30403;level=60},,,,,,
387,,,,,,,,,,,,,,,,,,,,,,,,,,,,,,,,,,,,3,Heatran,2371,,,,,,{advance=7;id=30301;level=60},,,,,,
388,,,,,,,,,,,,,,,,,,,,,,,,,,,,,,,,,,,,4,Victini,2461,,,,,,{advance=7;id=30427;level=60},,,,,,
389,,,,,,,,,,,,,,,,,,,,,,,,,,,,,,,,,,,,4,Ho-Oh,1271,,,,,,{advance=7;id=30313;level=60},,,,,,
390,,,,,,,,,,,,,,,,,,,,,,,,,,,,,,,,,,,,4,Volcanion,3651,,,,,,{advance=7;id=30315;level=60},,,,,,
391,,,,,120%,,,,,,,,,,,,,,,,,,,,,,,,,120%,,120%,120%,120%,120%,3,Phione,2411,,,,,,{advance=7;id=30425;level=60},,,,,,
392,,,,,,,,,,,,,,,,,,,,,,,,,,,,,,,,,,,,5,Primal Kyogre,1962,,,,,,{advance=7;id=30404;level=60},,,,,,
393,,,,,,,,,,,,,,,,,,,,,,,,,,,,,,,,,,,,4,Manaphy,2421,,,,,,{advance=7;id=30433;level=60},,,,,,
394,,,,,,,,,,,,,,,,,,,,,,,,,,,,,,,,,,,,4,Palkia,2361,,,,,,{advance=7;id=30411;level=60},,,,,,
395,,,,,,,,,,,,,,,,,,,,,,,,,,,,,,,,,,,,4,Ash-Greninja,7011,,,,,,{advance=7;id=30401;level=60},,,,<8;8;8;8;8;8;8;8>,,
396,,,,,120%,,,,,,,,,,,,,,,,,,,,,,,,,120%,,120%,120%,120%,120%,3,Mega Gyarados,632,,,,,,{advance=7;id=30315;level=60},,,,,,
397,,,,,120%,,,,,,,,,,,,,,,,,,,,,,,,,120%,,120%,120%,120%,120%,3,Dusknoir,1813,,,,,,{advance=7;id=30309;level=60},,,,,,
398,,,,,,,,,,,,,,,,,,,,,,,,,,,,,,,,,,,,4,Giratina,2391,,,,,,{advance=7;id=30412;level=60},,,,,,
399,,,,,120%,,,,,,,,,,,,,,,,,,,,,,,,,120%,,120%,120%,120%,120%,3,Aegislash Shield Forme,3413,,,,,,{advance=7;id=30420;level=60},,,,,,
400,,,,,,,,,,,,,,,,,,,,,,,,,,,,,,,,,,,,4,Marshadow,4121,,,,,,{advance=7;id=30432;level=60},,,,,,
401,,,,,,,,,,,,,,,,,,,,,,,,,,,,,,,,,,,,4,Hoppa Confined,3641,,,,,,{advance=7;id=30414;level=60},,,,,,
402,,,,,120%,,,,,,,,,,,,,,,,,,,,,,,,,120%,,120%,120%,120%,120%,3,Mega Gengar,394,,,,,,{advance=7;id=30303;level=60},,,,,,
403,,,,,,,,,,,,,,,,,,,,,,,,,,,,,,,,,,,,4,Darkrai,2431,,,,,,{advance=7;id=30405;level=60},,,,,,
404,,,,,,,,,,,,,,,,,,,,,,,,,,,,,,,,,,,,4,Yveltal,3611,,,,,,{advance=7;id=30421;level=60},,,,,,
405,,,,,120%,,,,,,,,,,,,,,,,,,,,,,,,,120%,,120%,120%,120%,120%,3,Tyranitar,1253,,,,,,{advance=7;id=30306;level=60},,,,,,
406,,,,,120%,,,,,,,,,,,,,,,,,,,,,,,,,120%,,120%,120%,120%,120%,3,Mega Houndoom,1173,,,,,,{advance=7;id=30303;level=60},,,,,,
407,,,,,,,,,,,,,,,,,,,,,,,,,,,,,,,,,,,,4,Hoppa Unbound,3642,,,,,,{advance=7;id=30414;level=60},,,,,,
408,,,,,120%,,,,,,,,,,,,,,,,,,,,,,,,,120%,,120%,120%,120%,120%,3,Hydreigon,3143,,,,,,{advance=7;id=30310;level=60},,,,,,
409,,,,,120%,,,,,,,,,,,,,,,,,,,,,,,,,120%,,120%,120%,120%,120%,3,Slowpoke,321,,,,,,{advance=7;id=30202;level=60},,,,,,
410,,,,,120%,,,,,,,,,,,,,,,,,,,,,,,,,120%,,120%,120%,120%,120%,3,Slowpoke,321,,,,,,{advance=7;id=30202;level=60},,,,,,
411,,,,,120%,,,,,,,,,,,,,,,,,,,,,,,,,120%,,120%,120%,120%,120%,3,Slowpoke,321,,,,,,{advance=7;id=30202;level=60},,,,,,
412,,,,,120%,,,,,,,,,,,,,,,,,,,,,,,,,120%,,120%,120%,120%,120%,3,Slowpoke,321,,,,,,{advance=7;id=30202;level=60},,,,,,
413,,,,,120%,,,,,,,,,,,,,,,,,,,,,,,,,120%,,120%,120%,120%,120%,3,Slowpoke,321,,,,,,{advance=7;id=30202;level=60},,,,,,
414,,,,,120%,,,,,,,,,,,,,,,,,,,,,,,,,120%,,120%,120%,120%,120%,3,Slowpoke,321,,,,,,{advance=7;id=30202;level=60},,,,,,
415,,,,,140%,,,,,,,,,,,,,,,,,,,,,,,,,140%,,140%,140%,140%,140%,2,Psyduck,221,,8000,,,,{advance=7;id=30206;level=60},,,,,,
416,,,,,140%,,,,,,,,,,,,,,,,,,,,,,,,,140%,,140%,140%,140%,140%,2,Psyduck,221,,8000,,,,{advance=7;id=30206;level=60},,,,,,
417,,,,,140%,,,,,,,,,,,,,,,,,,,,,,,,,140%,,140%,140%,140%,140%,2,Psyduck,221,,8000,,,,{advance=7;id=30206;level=60},,,,,,
418,,,,,140%,,,,,,,,,,,,,,,,,,,,,,,,,140%,,140%,140%,140%,140%,2,Psyduck,221,,8000,,,,{advance=7;id=30206;level=60},,,,,,
419,,,,,140%,,,,,,,,,,,,,,,,,,,,,,,,,140%,,140%,140%,140%,140%,2,Psyduck,221,,8000,,,,{advance=7;id=30206;level=60},,,,,,
420,,,,,140%,,,,,,,,,,,,,,,,,,,,,,,,,140%,,140%,140%,140%,140%,2,Psyduck,221,,8000,,,,{advance=7;id=30206;level=60},,,,,,
421,,,,,120%,,,,,,,,,,,,,,,,,,,,,,,,,120%,,120%,120%,120%,120%,3,Terrakion,3171,,,,,,{advance=7;id=30306;level=60},,,,,,
422,,,,,120%,,,,,,,,,,,,,,,,,,,,,,,,,120%,,120%,120%,120%,120%,3,Cobalion,3161,,,,,,{advance=7;id=30304;level=60},,,,,,
423,,,,,120%,,,,,,,,,,,,,,,,,,,,,,,,,120%,,120%,120%,120%,120%,3,Virizion,3181,,,,,,{advance=7;id=30301;level=60},,,,,,
424,,,,,,,,,,,,,,,,,,,,,,,,,,,,,,,,,,,,4,Victini,2461,,,,,,{advance=7;id=30427;level=60},,,,,,
425,2000,2000,2000,2000,135%,,2000,,,,,,,2000,,,2000,,2000,,,,,,,,,,,130%,,135%,135%,135%,150%,3,Keldeo,3251,2000,2000,,2000,,{advance=7;id=30426;level=60},,,,<8;8;8;8;8;8;8;8>,,
426,,,,,,,,,,,,,,,,,,,,,,,,,,,,,,,,,,,,4,Meloetta Aria Forme,3261,,,,,,{advance=7;id=30418;level=60},,,,,,
427,,,,,120%,,,,,,,,,,,,,,,,,,,,,,,,,120%,,120%,120%,120%,120%,3,Tornadus,3191,,,,,,{advance=7;id=30304;level=60},,,,,,
428,,,,,120%,,,,,,,,,,,,,,,,,,,,,,,,,120%,,120%,120%,120%,120%,3,Landorus,3231,,,,,,{advance=7;id=30307;level=60},,,,,,
429,,,,,120%,,,,,,,,,,,,,,,,,,,,,,,,,120%,,120%,120%,120%,120%,3,Thundurus,3201,,,,,,{advance=7;id=30303;level=60},,,,,,
430,,,,,,,,,,,,,,,,,,,,,,,,,,,,,,,,,,,,4,Zekrom,3221,,,,,,{advance=7;id=30416;level=60},,,,,,
431,,,,,110%,,,,,,,,,,,,,,,,,,,,,,,,,110%,,110%,110%,110%,130%,4,Kyurem,3241,,,,,,{advance=7;id=30417;level=60},,,,,,
432,,,,,,,,,,,,,,,,,,,,,,,,,,,,,,,,,,,,4,Reshiram,3211,,,,,,{advance=7;id=30415;level=60},,,,,,
433,,,,,120%,,,,,,,,,,,,,,,,,,,,,,,,,120%,,120%,120%,120%,120%,3,Zapdos,731,,,,,,{advance=7;id=30303;level=60},,,,,,
434,,,,,120%,,,,,,,,,,,,,,,,,,,,,,,,,120%,,120%,120%,120%,120%,3,Moltres,741,,,,,,{advance=7;id=30303;level=60},,,,,,
435,,,,,120%,,,,,,,,,,,,,,,,,,,,,,,,,120%,,120%,120%,120%,120%,3,Articuno,721,,,,,,{advance=7;id=30303;level=60},,,,,,
436,,,,,140%,,,,,,,,,,,,,,,,,,,,,,,,,140%,,140%,140%,140%,140%,2,Feraligatr,803,,,,,,{advance=7;id=30315;level=60},,,,,,
437,,,,,140%,,,,,,,,,,,,,,,,,,,,,,,,,140%,,140%,140%,140%,140%,2,Typhlosion,793,,,,,,{advance=7;id=30302;level=60},,,,,,
438,,,,,140%,,,,,,,,,,,,,,,,,,,,,,,,,140%,,140%,140%,140%,140%,2,Meganium,783,,,,,,{advance=7;id=30317;level=60},,,,,,
439,,,,,120%,,,,,,,,,,,,,,,,,,,,,,,,,120%,,120%,120%,120%,120%,3,Regirock,1911,,,,,,{advance=7;id=30301;level=60},,,,,,
440,,,,,120%,,,,,,,,,,,,,,,,,,,,,,,,,120%,,120%,120%,120%,120%,3,Registeel,1931,,,,,,{advance=7;id=30301;level=60},,,,,,
441,,,,,120%,,,,,,,,,,,,,,,,,,,,,,,,,120%,,120%,120%,120%,120%,3,Regice,1921,,,,,,{advance=7;id=30301;level=60},,,,,,
442,,,,,120%,,,,,,,,,,,,,,,,,,,,,,,,,120%,,120%,120%,120%,120%,3,Swampert,1313,,,,,,{advance=7;id=30316;level=60},,,,,,
443,,,,,120%,,,,,,,,,,,,,,,,,,,,,,,,,120%,,120%,120%,120%,120%,3,Blaziken,1303,,,,,,{advance=7;id=30315;level=60},,,,,,
444,,,,,120%,,,,,,,,,,,,,,,,,,,,,,,,,120%,,120%,120%,120%,120%,3,Sceptile,1293,,,,,,{advance=7;id=30314;level=60},,,,,,
445,,,,,120%,,,,,,,,,,,,,,,,,,,,,,,,,120%,,120%,120%,120%,120%,3,Regice,1921,,,,,,{advance=7;id=30301;level=60},,,,,,
446,,,,,,,,,,,,,,,,,,,,,,,,,,,,,,,,,,,,4,Kyurem,3241,,,,,,{advance=7;id=30417;level=60},,,,,,
447,,,,,120%,,,,,,,,,,,,,,,,,,,,,,,,,120%,,120%,120%,120%,120%,3,Cryogonal,3021,,,,,,{advance=7;id=30301;level=60},,,,,,
448,,,,,120%,,,,,,,,,,,,,,,,,,,,,,,,,120%,,120%,120%,120%,120%,3,Cloyster,382,,,,,,{advance=7;id=30301;level=60},,,,,,
449,,,,,120%,,,,,,,,,,,,,,,,,,,,,,,,,120%,,120%,120%,120%,120%,3,Articuno,721,,,,,,{advance=7;id=30303;level=60},,,,,,
450,,,,,120%,,,,,,,,,,,,,,,,,,,,,,,,,120%,,120%,120%,120%,120%,3,Weavile,1082,,,,,,{advance=7;id=30313;level=60},,,,,,
451,,,,,120%,,,,,,,,,,,,,,,,,,,,,,,,,120%,,120%,120%,120%,120%,3,Virizion,3181,,,,,,{advance=7;id=30301;level=60},,,,,,
452,,,,,120%,,,,,,,,,,,,,,,,,,,,,,,,,120%,,120%,120%,120%,120%,3,Mega Venusaur,4,,,,,,{advance=7;id=30301;level=60},,,,,,
453,,,,,120%,,,,,,,,,,,,,,,,,,,,,,,,,120%,,120%,120%,120%,120%,3,Serperior,2473,,,,,,{advance=7;id=30306;level=60},,,,,,
454,,,,,120%,,,,,,,,,,,,,,,,,,,,,,,,,120%,,120%,120%,120%,120%,3,Exeggutor,442,,,,,,{advance=7;id=30301;level=60},,,,,,
455,,,,,,,,,,,,,,,,,,,,,,,,,,,,,,,,,,,,4,Shaymin,2441,,,,,,{advance=7;id=30413;level=60},,,,,,
456,,,,,120%,,,,,,,,,,,,,,,,,,,,,,,,,120%,,120%,120%,120%,120%,3,Tsareena,3843,,,,,,{advance=7;id=30302;level=60},,,,,,
457,,,,,140%,,,,,,,,,,,,,,,,,,,,,,,,,140%,,140%,140%,140%,140%,2,Banette,1802,,,,,,{advance=7;id=30309;level=60},,,,,,
458,,,,,160%,,,,,,,,,,,,,,,,,,,,,,,,,160%,,160%,160%,160%,160%,,Trevenant,3562,,,,,,{advance=7;id=30309;level=60},,,,,,
459,,,,,120%,,,,,,,,,,,,,,,,,,,,,,,,,120%,,120%,120%,120%,120%,3,Dusknoir,1813,,,,,,{advance=7;id=30309;level=60},,,,,,
460,,,,,120%,,,,,,,,,,,,,,,,,,,,,,,,,120%,,120%,120%,120%,120%,3,Mega Gengar,394,,,,,,{advance=7;id=30303;level=60},,,,,,
461,,,,,,,,,,,,,,,,,,,,,,,,,,,,,,,,,,,,4,Darkrai,2431,,,,,,{advance=7;id=30405;level=60},,,,,,
462,,,,,120%,,,,,,,,,,,,,,,,,,,,,,,,,120%,,120%,120%,120%,120%,3,Mismagius,972,,,,,,{advance=7;id=30309;level=60},,,,,,
463,,,,,120%,,,,,,,,,,,,,,,,,,,,,,,,,120%,,120%,120%,120%,120%,3,Blissey,503,,,,,,{advance=7;id=30317;level=60},,,,,,
464,,,,,120%,,,,,,,,,,,,,,,,,,,,,,,,,120%,,120%,120%,120%,120%,3,Primarina,3683,,,,,,{advance=7;id=30304;level=60},,,,,,
465,,,,,120%,,,,,,,,,,,,,,,,,,,,,,,,,120%,,120%,120%,120%,120%,3,Exeggutor,442,,,,,,{advance=7;id=30301;level=60},,,,,,
466,,,,,140%,,,,,,,,,,,,,,,,,,,,,,,,,140%,,140%,140%,140%,140%,2,Jigglypuff,152,,,,,,{advance=7;id=30305;level=60},,,,,,
467,,,,,130%,,,,,,,,,,,,,,,,,,,,,,,,,130%,,130%,130%,130%,130%,3,Cresselia,2401,,,,,,{advance=7;id=30413;level=60},,,,,,
468,,,,,,,,,,,,,,,,,,,,,,,,,,,,,,,,,,,,4,Meloetta Aria Forme,3261,,,,,,{advance=7;id=30418;level=60},,,,,,
469,,,,,120%,,,,,,,,,,,,,,,,,,,,,,,,,120%,,120%,120%,120%,120%,3,Feebas,1771,,,,,,{advance=7;id=30103;level=60},,,,,,
470,,,,,120%,,,,,,,,,,,,,,,,,,,,,,,,,120%,,120%,120%,120%,120%,3,Mudkip,1311,,,,,,{advance=7;id=30316;level=60},,,,,,
471,,,,,160%,,,,,,,,,,,,,,,,,,,,,,,,,160%,,160%,160%,160%,160%,,Seaking,542,,,,,,{advance=7;id=30103;level=60},,,,,,
472,,,,,20%,,,,,,,,,,,,,,,,,,,,,,,,,20%,,20%,20%,20%,20%,4,Kyogre,1961,,,,,,{advance=7;id=30404;level=60},,,,,,
473,,,,,160%,,,,,,,,,,,,,,,,,,,,,,,,,160%,,160%,160%,160%,160%,,Goldeen,541,,,,,,{advance=7;id=30103;level=60},,,,,,
474,,,,,120%,,,,,,,,,,,,,,,,,,,,,,,,,120%,,120%,120%,120%,120%,3,Slowpoke,321,,,,,,{advance=7;id=30202;level=60},,,,,,
475,,,,,120%,,,,,,,,,,,,,,,,,,,,,,,,,120%,,120%,120%,120%,120%,3,Slakoth,1421,,,,,,{advance=7;id=30408;level=60},,,,,,
476,,,,,120%,,,,,,,,,,,,,,,,,,,,,,,,,120%,,120%,120%,120%,120%,3,Munchlax,711,,,,,,{advance=7;id=30301;level=60},,,,,,
477,,,,,120%,,,,,,,,,,,,,,,,,,,,,,,,,120%,,120%,120%,120%,120%,3,Litten,3671,,,,,,{advance=7;id=30313;level=60},,,,,,
478,,,,,140%,,,,,,,,,,,,,,,,,,,,,,,,,140%,,140%,140%,140%,140%,2,Psyduck,221,,,,,,{advance=7;id=30206;level=60},,,,,,
479,,,,,140%,,,,,,,,,,,,,,,,,,,,,,,,,140%,,140%,140%,140%,140%,2,Meowth,211,,,,5000,,{advance=7;id=30001;level=60},<100;100;100;100;100;100;100>,,,,,
480,,,,,140%,,,,,,,,,,,,,,,,,,,,,,,,,140%,,140%,140%,140%,140%,2,Spinda,1641,,,,,,{advance=7;id=30209;level=60},,,,,,
481,,,,4000,130%,,,,,,,,,,,,,,4000,,,4000,,,,,,,,130%,,130%,130%,130%,130%,3,Sceptile,1293,2000,4000,,4000,,{advance=7;id=30428;level=60},,,,<8;8;8;8;8;8;8;8>,,
482,,,,4000,130%,,,,,,,,,,,,,,4000,,,,3000,,,,,,,130%,,130%,130%,130%,170%,3,Snorlax,712,2000,4000,,4000,,{advance=7;id=30301;level=60},,,,<8;8;8;8;8;8;8;8>,,
483,,,,4000,130%,,,,,,,,,5000,,5000,3000,,4000,,,,,,,,,,,130%,,130%,130%,130%,140%,3,Ash's Pikachu,7001,2000,4000,,4000,,{advance=7;id=30319;level=60},,,,<8;8;8;8;8;8;8;8>,,
484,,,,4000,130%,,,,,,,,,,,,,,4000,,,,,,,,,,,130%,,130%,130%,130%,130%,3,Infernape,2023,2000,4000,,4000,,{advance=7;id=30402;level=60},,,,<8;8;8;8;8;8;8;8>,,
485,,,,4000,,,,,,,,,,,,,,,4000,,,,,,,,,,,110%,,,110%,110%,110%,4,Ash-Greninja,7011,2000,4000,,4000,,{advance=7;id=30401;level=60},,,,<8;8;8;8;8;8;8;8>,,
486,,,,4000,150%,,,,,,,,,,,,,,4000,,,,,,,,,,,150%,,150%,150%,150%,150%,2,Charizard,13,2000,8000,,8000,,{advance=7;id=30414;level=60},,,,<8;8;8;8;8;8;8;8>,,
487,,,,,120%,,,,,,,,,,,,,,,,,,,,,,,,,120%,,120%,120%,120%,120%,3,Tyranitar,1253,,,,,,{advance=7;id=30408;level=60},,,,<8;8;8;8;8;8;8;8>,,
488,,,,,120%,,,,,,,,,,,,,,,,,,,,,,,,,120%,,120%,120%,120%,120%,3,Metagross,1903,,,,,,{advance=7;id=30403;level=60},,,,<8;8;8;8;8;8;8;8>,,
489,,,,,120%,,,,,,,,,,,,,,,,,,,,,,,,,120%,,120%,120%,120%,120%,3,Garchomp,2233,,,,,,{advance=7;id=30402;level=60},,,,<8;8;8;8;8;8;8;8>,,
490,,,,,140%,,,,,,,,,,,,,,,,,,,,,,,,,140%,,140%,140%,140%,140%,2,Chesnaught,3283,,,,,,{advance=7;id=30415;level=60},,,,<8;8;8;8;8;8;8;8>,,
491,,,,,150%,,,,,,,,,,,,,,,,,,,,,,,,,150%,,150%,140%,140%,160%,3,Mega Charizard X,14,,12000,,9000,,{advance=7;id=30427;level=60},,,,<8;8;8;8;8;8;8;8>,,
492,,,,,120%,,,,,,,,,,,,,,,,,,,,,,,,,120%,,120%,120%,120%,120%,3,Weavile,1082,,,,,,{advance=7;id=30402;level=60},,,,<8;8;8;8;8;8;8;8>,,
493,,,,,,,,,,,,,,,,,,,,,,,,,,,,,,,,,,,,4,Hoppa Unbound,3642,,,,,,{advance=7;id=30414;level=60},,,,,,
494,,,,,,,,,,,,,,,,,,,,,,,,,,,,,,,,,,,,4,Zeraora,4161,,,,,,{advance=7;id=30426;level=60},,,,,,
495,,,,,,,,,,,,,,,,,,,,,,,,,,,,,,,,,,,,4,Marshadow,4121,,,,,,{advance=7;id=30432;level=60},,,,,,
496,,,,,,,,,,,,,,,,,,,,,,,,,,,,,,,,,,,,4,Ash-Greninja,7011,,,,,,{advance=7;id=30401;level=60},,,,,,
497,,,,,,,,,,,,,,,,,,,,,,,,,,,,,,,,,,,,4,Jirachi,1991,,,,,,{advance=7;id=30419;level=60},,,,,,
498,,,,,,,,,,,,,,,,,,,,,,,,,,,,,,,,,,,,4,Celebi,1281,,,,,,{advance=7;id=30423;level=60},,,,,,
499,,,,,,,,,,,,,,,,,,,,,,,,,,,,,,,,,,,,4,Xerneas,3601,,,,,,{advance=7;id=30425;level=60},,,,,,
500,,,,,,,,,,,,,,,,,,,,,,,,,,,,,,,,,,,,4,Yveltal,3611,,,,,,{advance=7;id=30421;level=60},,,,,,
501,,,,,,,,,,,,,,,,,,,,,,,,,,,,,,,,,,,,4,Giratina,2391,,,,,,{advance=7;id=30412;level=60},,,,,,
502,,,,,,,,,,,,,,,,,,,,,,,,,,,,,,,,,,,,4,Darkrai,2431,,,,,,{advance=7;id=30405;level=60},,,,,,
503,,,,,,,,,,,,,,,,,,,,,,,,,,,,,,,,,,,,4,Manaphy,2421,,,,,,{advance=7;id=30433;level=60},,,,,,
504,,,,,,,,,,,,,,,,,,,,,,,,,,,,,,,,,,,,4,Victini,2461,,,,,,{advance=7;id=30427;level=60},,,,,,
505,,,,,120%,,,,,,,,,,,,,,,,,,,,,,,,,120%,,120%,120%,120%,120%,3,Magnezone,333,,,,,,{advance=7;id=30314;level=60},,,,,,
506,,,,,,,,,,,,,,,,,,,,,,,,,,,,,,,,,,,,4,Zeraora,4161,,,,,,{advance=7;id=30426;level=60},,,,,,
507,,,,,120%,,,,,,,,,,,,,,,,,,,,,,,,,120%,,120%,120%,120%,120%,3,Ash's Pikachu,7001,,,,,,{advance=7;id=30319;level=60},,,,<8;8;8;8;8;8;8;8>,,
508,,,,,120%,,,,,,,,,,,,,,,,,,,,,,,,,120%,,120%,120%,120%,120%,3,Zapdos,731,,,,,,{advance=7;id=30303;level=60},,,,,,
509,,,,,,,,,,,,,,,,,,,,,,,,,,,,,,,,,,,,4,Zekrom,3221,,,,,,{advance=7;id=30416;level=60},,,,,,
510,,,,,120%,,,,,,,,,,,,,,,,,,,,,,,,,120%,,120%,120%,120%,120%,3,Thundurus,3201,,,,,,{advance=7;id=30303;level=60},,,,,,
511,,,,,,,,,,,,,,,,,,,,,,,,,,,,,,,,,,,,4,Magearna,4111,,,,,,{advance=7;id=30435;level=60},,,,,,
512,,,,,,,,,,,,,,,,,,,,,,,,,,,,,,,,,,,,4,Xerneas,3601,,,,,,{advance=7;id=30425;level=60},,,,,,
513,,,,,120%,,,,,,,,,,,,,,,,,,,,,,,,,120%,,120%,120%,120%,120%,3,Togekiss,863,,,,,,{advance=7;id=30305;level=60},,,,,,
514,,,,,120%,,,,,,,,,,,,,,,,,,,,,,,,,120%,,120%,120%,120%,120%,3,Mega Gardevoir,1396,,,,,,{advance=7;id=30406;level=60},,,,,,
515,,,,,,,,,,,,,,,,,,,,,,,,,,,,,,,,,,,,4,Diancie,3631,,,,,,{advance=7;id=30406;level=60},,,,,,
516,,,,,120%,,,,,,,,,,,,,,,,,,,,,,,,,120%,,120%,120%,120%,120%,3,Florges,3353,,,,,,{advance=7;id=30317;level=60},,,,,,
517,,,,,120%,,,,,,,,,,,,,,,,,,,,,,,,,120%,,120%,120%,120%,120%,3,Mega Gyarados,632,,,,,,{advance=7;id=30315;level=60},,,,,,
518,,,,,120%,,,,,,,,,,,,,,,,,,,,,,,,,120%,,120%,120%,120%,120%,3,Mega Gengar,394,,,,,,{advance=7;id=30303;level=60},,,,,,
519,,,,,140%,,,,,,,,,,,,,,,,,,,,,,,,,140%,,140%,140%,140%,140%,2,Jellicent (M),2924,,,,,,{advance=7;id=30207;level=60},,,,,,
520,,,,,120%,,,,,,,,,,,,,,,,,,,,,,,,,120%,,120%,120%,120%,120%,3,Mega Ampharos,884,,,,,,{advance=7;id=30303;level=60},,,,,,
521,,,,,120%,,,,,,,,,,,,,,,,,,,,,,,,,120%,,120%,120%,120%,120%,3,Mega Gallade,1397,,,,,,{advance=7;id=30426;level=60},,,,,,
522,,,,,160%,,,,,,,,,,,,,,,,,,,,,,,,,160%,,160%,160%,160%,160%,,Nidoking,123,,,,,,{advance=7;id=30307;level=60},,,,,,
523,,,,,120%,,,,,,,,,,,,,,,,,,,,,,,,,120%,,120%,120%,120%,120%,3,Mega Gyarados,632,,,,,,{advance=7;id=30315;level=60},,,,,,
524,,,,,120%,,,,,,,,,,,,,,,,,,,,,,,,,120%,,120%,120%,120%,120%,3,Mega Alakazam,264,,,,,,{advance=7;id=30304;level=60},,,,,,
525,,,,,140%,,,,,,,,,,,,,,,,,,,,,,,,,140%,,140%,140%,140%,140%,2,Jellicent (F),2923,,,,,,{advance=7;id=30207;level=60},,,,,,
526,,,,,120%,,,,,,,,,,,,,,,,,,,,,,,,,120%,,120%,120%,120%,120%,3,Mega Houndoom,1173,,,,,,{advance=7;id=30303;level=60},,,,,,
527,,,,,120%,,,,,,,,,,,,,,,,,,,,,,,,,120%,,120%,120%,120%,120%,3,Mega Gardevoir,1396,,,,,,{advance=7;id=30406;level=60},,,,,,
528,,,,,160%,,,,,,,,,,,,,,,,,,,,,,,,,160%,,160%,160%,160%,160%,,Nidoqueen,113,,,,,,{advance=7;id=30307;level=60},,,,,,
529,,,,,160%,,,,,,,,,,,,,,,,,,,,,,,,,160%,,160%,160%,160%,160%,,Oddish,171,,,,,,{advance=7;id=30316;level=60},,,,,,
530,,,,,160%,,,,,,,,,,,,,,,,,,,,,,,,,160%,,160%,160%,160%,160%,,Rattata,61,,,,,,{advance=7;id=30208;level=60},,,,,,
531,,,,,160%,,,,,,,,,,,,,,,,,,,,,,,,,160%,,160%,160%,160%,160%,,Cubone,451,,,,,,{advance=7;id=31202;level=60},,,,,,
532,,,,,160%,,,,,,,,,,,,,,,,,,,,,,,,,160%,,160%,160%,160%,160%,,Goldeen,541,,,,,,{advance=7;id=30103;level=60},,,,,,
533,,,,,120%,,,,,,,,,,,,,,,,,,,,,,,,,120%,,120%,120%,120%,120%,3,Torchic,1301,,,,,,{advance=7;id=30315;level=60},,,,,,
534,,,,,160%,,,,,,,,,,,,,,,,,,,,,,,,,160%,,160%,160%,160%,160%,,Venonat,191,,,,,,{advance=7;id=30103;level=60},,,,,,
535,,,,,160%,,,,,,,,,,,,,,,,,,,,,,,,,160%,,160%,160%,160%,160%,,Spearow,71,,,,,,{advance=7;id=31301;level=60},,,,,,
536,,,,,140%,,,,,,,,,,,,,,,,,,,,,,,,,140%,,140%,140%,140%,140%,2,Timburr,2631,,,,,,{advance=7;id=30201;level=60},,,,,,
537,,,,,140%,,,,,,,,,,,,,,,,,,,,,,,,,140%,,140%,140%,140%,140%,2,Numel,1611,,,,,,{advance=7;id=30204;level=60},,,,,,
538,,,,,140%,,,,,,,,,,,,,,,,,,,,,,,,,140%,,140%,140%,140%,140%,2,Whismur,1441,,,,,,{advance=7;id=30204;level=60},,,,,,
539,,,,,120%,,,,,,,,,,,,,,,,,,,,,,,,,120%,,120%,120%,120%,120%,3,Houndour,1171,,,,,,{advance=7;id=30303;level=60},,,,,,
540,,,,,140%,,,,,,,,,,,,,,,,,,,,,,,,,140%,,140%,140%,140%,140%,2,Cubchoo,3011,,,,,,{advance=7;id=30105;level=60},,,,,,
541,,,,,120%,,,,,,,,,,,,,,,,,,,,,,,,,120%,,120%,120%,120%,120%,3,Blissey,503,,,,,,{advance=7;id=30317;level=60},,,,,,
542,,,,,120%,,,,,,,,,,,,,,,,,,,,,,,,,120%,,120%,120%,120%,120%,3,Snorlax,712,,,,,,{advance=7;id=30301;level=60},,,,,,
543,,,,,120%,,,,,,,,,,,,,,,,,,,,,,,,,120%,,120%,120%,120%,120%,3,Munchlax,711,,,,,,{advance=7;id=30301;level=60},,,,,,
544,,,,,120%,,,,,,,,,,,,,,,,,,,,,,,,,120%,,120%,120%,120%,120%,3,Slakoth,1421,,,,,,{advance=7;id=30408;level=60},,,,,,
545,,,,,120%,,,,,,,,,,,,,,,,,,,,,,,,,120%,,120%,120%,120%,120%,3,Slaking,1423,,,,,,{advance=7;id=30408;level=60},,,,,,
546,,,,,120%,,,,,,,,,,,,,,,,,,,,,,,,,120%,,120%,120%,120%,120%,3,Vigoroth,1422,,,,,,{advance=7;id=30408;level=60},,,,,,
547,,,,,120%,,,,,,,,,,,,,,,,,,,,,,,,,120%,,120%,120%,120%,120%,3,Regirock,1911,,,,,,{advance=7;id=30301;level=60},,,,,,
548,,,,,120%,,,,,,,,,,,,,,,,,,,,,,,,,120%,,120%,120%,120%,120%,3,Registeel,1931,,,,,,{advance=7;id=30301;level=60},,,,,,
549,,,,,120%,,,,,,,,,,,,,,,,,,,,,,,,,120%,,120%,120%,120%,120%,3,Regice,1921,,,,,,{advance=7;id=30301;level=60},,,,,,
550,,,,,,,,,,,,,,,,,,,,,,,,,,,,,,,2,,,,,4,Red Ditto,9003,,,,,,{advance=7;id=30106;level=60},,,,,,
551,,,,,,,,,,,,,,,,,,,,,,,,,,,,,,,,,,,,4,Regigigas,2381,,,,,,{advance=7;id=30409;level=60},,,,,,
552,,,,,,,,,,,,,,,,,,,,,,,,,,,,,,,2,,,,,4,Red Ditto,9003,,,,,,{advance=7;id=30106;level=60},,,,,,
553,,,,,,,,,,,,,,,,,,,,,,,,,,,,,,,,,,,,4,Hoppa Confined,3641,,,,,,{advance=7;id=30414;level=60},,,,,,
554,,,,,,,,,,,,,,,,,,,,,,,,,,,,,,,,,,,,4,Giratina,2391,,,,,,{advance=7;id=30412;level=60},,,,,,
555,,,,,120%,,,,,,,,,,,,,,,,,,,,,,,,,120%,,120%,120%,120%,120%,3,Mismagius,972,,,,,,{advance=7;id=30309;level=60},,,,,,
556,,,,,,,,,,,,,,,,,,,,,,,,,,,,,,,,,,,,4,Marshadow,4121,,,,,,{advance=7;id=30432;level=60},,,,,,
557,,,,,,,,,,,,,,,,,,,,,,,,,,,,,,,,,,,,4,Lunala,4024,,,,,,{advance=7;id=30437;level=60},,,,,,
558,,,,,,,,,,,,,,,,,,,,,,,,,,,,,,,,,,,,4,Shiny Mega Gengar,7021,,,,,,{advance=7;id=30438;level=60},,,,,,
559,,,,,,,,,,,,,,,,,,,,,,,,,,,,,,,,,,,,4,Victini,2461,,,,,,{advance=7;id=30427;level=60},,,,<8;8;8;8;8;8;8;8>,,
560,,,,,,,,,,,,,,,,,,,,,,,,,,,,,,,,,,,,4,Solgaleo,4023,,,,,,{advance=7;id=30434;level=60},,,,<8;8;8;8;8;8;8;8>,,
561,,,,,,,,,,,,,,,,,,,,,,,,,,,,,,,,,,,,4,Hoppa Unbound,3642,,,,,,{advance=7;id=30414;level=60},,,,<8;8;8;8;8;8;8;8>,,
562,,,,,,,,,,,,,,,,,,,,,,,,,,,,,,,,,,,,4,Celebi,1281,,,,,,{advance=7;id=30423;level=60},,,,<8;8;8;8;8;8;8;8>,,
563,,,,,,,,,,,,,,,,,,,,,,,,,,,,,,,,,,,,4,Mewtwo,761,,,,,,{advance=7;id=30401;level=60},,,,<8;8;8;8;8;8;8;8>,,
564,,,,,,,,,,,,,,,,,,,,,,,,,,,,,,,,,,,,4,Jirachi,1991,,,,,,{advance=7;id=30419;level=60},,,,<8;8;8;8;8;8;8;8>,,
565,,,,,,,,,,,,,,,,,,,,,,,,,,,,,,,,,,,,4,Genesect,3271,,,,,,{advance=7;id=30424;level=60},,,,,,
566,,,,,,,,,,,,,,,,,,,,,,,,,,,,,,,,,,,,4,Solgaleo,4023,,,,,,{advance=7;id=30434;level=60},,,,,,
567,,,,,,,,,,,,,,,,,,,,,,,,,,,,,,,,,,,,4,Melmetal,4172,,,,,,{advance=7;id=30420;level=60},,,,,,
568,,,,,,,,,,,,,,,,,,,,,,,,,,,,,,,,,,,,4,Magearna,4111,,,,,,{advance=7;id=30435;level=60},,,,,,
569,,,,,,,,,,,,,,,,,,,,,,,,,,,,,,,,,,,,4,Dialga,2351,,,,,,{advance=7;id=30410;level=60},,,,,,
570,,,,,,,,,,,,,,,,,,,,,,,,,,,,,,,,,,,,4,Jirachi,1991,,,,,,{advance=7;id=30419;level=60},,,,,,
571,,,,,,,,,,,,,,,,,,,,,,,,,,,,,,,,,,,,4,Kyurem,3241,,,,,,{advance=7;id=30417;level=60},,,,,,
572,,,,,,,,,,,,,,,,,,,,,,,,,,,,,,,,,,,,4,Giratina,2391,,,,,,{advance=7;id=30412;level=60},,,,,,
573,,,,,,,,,,,,,,,,,,,,,,,,,,,,,,,,,,,,4,Zygarde Complete Forme,3623,,,,,,{advance=7;id=30431;level=60},,,,,,
574,,,,,,,,,,,,,,,,,,,,,,,,,,,,,,,,,,,,4,Palkia,2361,,,,,,{advance=7;id=30411;level=60},,,,,,
575,,,,,,,,,,,,,,,,,,,,,,,,,,,,,,,,,,,,5,Mega Rayquaza,1982,,,,,,{advance=7;id=30401;level=60},,,,,,
576,,,,,,,,,,,,,,,,,,,,,,,,,,,,,,,,,,,,4,Dialga,2351,,,,,,{advance=7;id=30410;level=60},,,,,,
577,,,,,120%,,,,,,,,,,,,,,,,,,,,,,,,,120%,,120%,120%,120%,120%,3,Regirock,1911,,,,,,{advance=7;id=30301;level=60},,,,,,
578,,,,,120%,,,,,,,,,,,,,,,,,,,,,,,,,120%,,120%,120%,120%,120%,3,Tyranitar,1253,,,,,,{advance=7;id=30306;level=60},,,,,,
579,,,,,120%,,,,,,,,,,,,,,,,,,,,,,,,,120%,,120%,120%,120%,120%,3,Terrakion,3171,,,,,,{advance=7;id=30306;level=60},,,,,,
580,,,,,120%,,,,,,,,,,,,,,,,,,,,,,,,,120%,,120%,120%,120%,120%,3,Aerodactyl,701,,,,,,{advance=7;id=30312;level=60},,,,,,
581,,,,,,,,,,,,,,,,,,,,,,,,,,,,,,,,,,,,4,Diancie,3631,,,,,,{advance=7;id=30406;level=60},,,,,,
582,,,,,120%,,,,,,,,,,,,,,,,,,,,,,,,,120%,,120%,120%,120%,120%,3,Nihilego,4031,,,,,,{advance=7;id=30309;level=60},,,,,,
583,,,,,120%,,,,,,,,,,,,,,,,,,,,,,,,,120%,,120%,120%,120%,120%,3,Crobat,163,,,,,,{advance=7;id=30206;level=60},,,,,,
584,,,,,120%,,,,,,,,,,,,,,,,,,,,,,,,,120%,,120%,120%,120%,120%,3,Toxapex,3772,,,,,,{advance=7;id=30309;level=60},,,,,,
585,,,,,120%,,,,,,,,,,,,,,,,,,,,,,,,,120%,,120%,120%,120%,120%,3,Mega Venusaur,4,,,,,,{advance=7;id=30301;level=60},,,,,,
586,,,,,120%,,,,,,,,,,,,,,,,,,,,,,,,,120%,,120%,120%,120%,120%,3,Nihilego,4031,,,,,,{advance=7;id=30309;level=60},,,,,,
587,,,,,,,,,,,,,,,,,,,,,,,,,,,,,,,,,,,,4,Shiny Mega Gengar,7021,,,,,,{advance=7;id=30438;level=60},,,,,,
588,,,,,120%,,,,,,,,,,,,,,,,,,,,,,,,,120%,,120%,120%,120%,120%,3,Naganadel,4132,,,,,,{advance=7;id=30309;level=60},,,,,,
589,,,,,120%,,,,,,,,,,,,,,,,,,,,,,,,,120%,,120%,120%,120%,120%,3,Virizion,3181,,,,,,{advance=7;id=30301;level=60},,,,,,
590,,,,,120%,,,,,,,,,,,,,,,,,,,,,,,,,120%,,120%,120%,120%,120%,3,Mega Venusaur,4,,,,,,{advance=7;id=30301;level=60},,,,,,
591,,,,,120%,,,,,,,,,,,,,,,,,,,,,,,,,120%,,120%,120%,120%,120%,3,Serperior,2473,,,,,,{advance=7;id=30306;level=60},,,,,,
592,,,,,,,,,,,,,,,,,,,,,,,,,,,,,,,,,,,,4,Celebi,1281,,,,,,{advance=7;id=30423;level=60},,,,,,
593,,,,,,,,,,,,,,,,,,,,,,,,,,,,,,,,,,,,4,Shaymin,2441,,,,,,{advance=7;id=30413;level=60},,,,,,
594,,,,,120%,,,,,,,,,,,,,,,,,,,,,,,,,120%,,120%,120%,120%,120%,3,Kartana,4081,,,,,,{advance=7;id=30304;level=60},,,,,,
595,,,,,120%,,,,,,,,,,,,,,,,,,,,,,,,,120%,,120%,120%,120%,120%,3,Magnezone,333,,,,,,{advance=7;id=30314;level=60},,,,,,
596,,,,,,,,,,,,,,,,,,,,,,,,,,,,,,,,,,,,4,Zeraora,4161,,,,,,{advance=7;id=30426;level=60},,,,,,
597,,,,,120%,,,,,,,,,,,,,,,,,,,,,,,,,120%,,120%,120%,120%,120%,3,Ash's Pikachu,7001,,,,,,{advance=7;id=30319;level=60},,,,,,
598,,,,,120%,,,,,,,,,,,,,,,,,,,,,,,,,120%,,120%,120%,120%,120%,3,Zapdos,731,,,,,,{advance=7;id=30303;level=60},,,,,,
599,,,,,,,,,,,,,,,,,,,,,,,,,,,,,,,,,,,,4,Zekrom,3221,,,,,,{advance=7;id=30416;level=60},,,,,,
600,,,,,120%,,,,,,,,,,,,,,,,,,,,,,,,,120%,,120%,120%,120%,120%,3,Thundurus,3201,,,,,,{advance=7;id=30303;level=60},,,,,,
601,,,,,140%,,,,,,,,,,,,,,,,,,,,,,,,,140%,,140%,140%,140%,140%,2,Spinda,1641,,,,,,{advance=7;id=30209;level=60},,,,,,
602,,,,,140%,,,,,,,,,,,,,,,,,,,,,,,,,140%,,140%,140%,140%,140%,2,Emolga,2891,,,,,,{advance=7;id=30305;level=60},,,,,,
603,,,,,140%,,,,,,,,,,,,,,,,,,,,,,,,,140%,,140%,140%,140%,140%,2,Raichu,93,,,,,,{advance=7;id=31201;level=60},,,,,,
604,,,,,140%,,,,,,,,,,,,,,,,,,,,,,,,,140%,,140%,140%,140%,140%,2,Pikachu,92,,,,,,{advance=7;id=31201;level=60},,,,,,
605,,,,,120%,,,,,,,,,,,,,,,,,,,,,,,,,120%,,120%,120%,120%,120%,3,Ash's Pikachu,7001,,,,,,{advance=7;id=30319;level=60},,,,,,
606,,,,,140%,,,,,,,,,,,,,,,,,,,,,,,,,140%,,140%,140%,140%,140%,2,Pichu,91,,,,,,{advance=7;id=31201;level=60},,,,,,
607,,,,,140%,,,,,,,,,,,,,,,,,,,,,,,,,140%,,140%,140%,140%,140%,2,Shuppet,1801,,,,,,{advance=7;id=30309;level=60},,,,,,
608,,,,,140%,,,,,,,,,,,,,,,,,,,,,,,,,140%,,140%,140%,140%,140%,2,Banette,1802,,,,,,{advance=7;id=30309;level=60},,,,,,
609,,,,,120%,,,,,,,,,,,,,,,,,,,,,,,,,120%,,120%,120%,120%,120%,3,Zorua,2821,,,,,,{advance=7;id=30308;level=60},,,,,,
610,,,,,120%,,,,,,,,,,,,,,,,,,,,,,,,,120%,2,120%,120%,120%,120%,3,Orange Ditto,9002,,,,,,{advance=7;id=30106;level=60},,,,,,
611,,,,,120%,,,,,,,,,,,,,,,,,,,,,,,,,120%,,120%,120%,120%,120%,3,Mimikyu,3961,,,,,,{advance=7;id=30309;level=60},,,,,,
612,,,,,120%,,,,,,,,,,,,,,,,,,,,,,,,,120%,,120%,120%,120%,120%,3,Mime Jr.,561,,,,,,{advance=7;id=30306;level=60},,,,,,
613,,,,,,,,,,,,,,,,,,,,,,,,,,,,,,,,,,,,4,Meloetta Pirouette Forme,3262,,,,,,{advance=7;id=30418;level=60},,,,,,
614,,,,,120%,,,,,,,,,,,,,,,,,,,,,,,,,120%,,120%,120%,120%,120%,3,Cobalion,3161,,,,,,{advance=7;id=30304;level=60},,,,,,
615,,,,,,,,,,,,,,,,,,,,,,,,,,,,,,,,,,,,4,Zeraora,4161,,,,,,{advance=7;id=30426;level=60},,,,<8;8;8;8;8;8;8;8>,,
616,,,,,,,,,,,,,,,,,,,,,,,,,,,,,,,,,,,,4,Marshadow,4121,,,,,,{advance=7;id=30432;level=60},,,,,,
617,,,,,120%,,,,,,,,,,,,,,,,,,,,,,,,,120%,,120%,120%,120%,120%,3,Keldeo,3251,,,,,,{advance=7;id=30426;level=60},,,,<8;8;8;8;8;8;8;8>,,
618,,,,,120%,,,,,,,,,,,,,,,,,,,,,,,,,120%,,120%,120%,120%,120%,3,Mega Lucario,2243,,,,,,{advance=7;id=30313;level=60},,,,,,
619,,,,,,,,,,,,,,,,,,,,,,,,,,,,,,,,,,,,4,Magearna,4111,,,,,,{advance=7;id=30435;level=60},,,,,,
620,,,,,,,,,,,,,,,,,,,,,,,,,,,,,,,,,,,,4,Xerneas,3601,,,,,,{advance=7;id=30425;level=60},,,,,,
621,,,,,120%,,,,,,,,,,,,,,,,,,,,,,,,,120%,,120%,120%,120%,120%,3,Togekiss,863,,,,,,{advance=7;id=30305;level=60},,,,,,
622,,,,,120%,,,,,,,,,,,,,,,,,,,,,,,,,120%,,120%,120%,120%,120%,3,Mega Gardevoir,1396,,,,,,{advance=7;id=30406;level=60},,,,,,
623,,,,,,,,,,,,,,,,,,,,,,,,,,,,,,,,,,,,4,Diancie,3631,,,,,,{advance=7;id=30406;level=60},,,,,,
624,,,,,120%,,,,,,,,,,,,,,,,,,,,,,,,,120%,,120%,120%,120%,120%,3,Florges,3353,,,,,,{advance=7;id=30317;level=60},,,,,,
625,,,,,,,,,,,,,,,,,,,,,,,,,,,,,,,,,,,,4,Meloetta Aria Forme,3261,,,,,,{advance=7;id=30418;level=60},,,,,,
626,,,,,,,,,,,,,,,,,,,,,,,,,,,,,,,,,,,,4,Regigigas,2381,,,,,,{advance=7;id=30409;level=60},,,,,,
627,,,,,,,,,,,,,,,,,,,,,,,,,,,,,,,2,,,,,4,Red Ditto,9003,,,,,,{advance=7;id=30106;level=60},,,,,,
628,,,,,120%,,,,,,,,,,,,,,,,,,,,,,,,,120%,,120%,120%,120%,120%,3,Snorlax,712,,,,,,{advance=7;id=30301;level=60},,,,,,
629,,,,,120%,,,,,,,,,,,,,,,,,,,,,,,,,120%,,120%,120%,120%,120%,3,Slaking,1423,,,,,,{advance=7;id=30408;level=60},,,,,,
630,,,,,120%,,,,,,,,,,,,,,,,,,,,,,,,,120%,,120%,120%,120%,120%,3,Blissey,503,,,,,,{advance=7;id=30317;level=60},,,,,,
631,,,,,120%,,,,,,,,,,,,,,,,,,,,,,,,,120%,,120%,120%,120%,120%,3,Mega Heracross,1072,,,,,,{advance=7;id=30306;level=60},,,,,,
632,,,,,120%,,,,,,,,,,,,,,,,,,,,,,,,,120%,,120%,120%,120%,120%,3,Volcarona,3152,,,,,,{advance=7;id=30307;level=60},,,,,,
633,,,,,120%,,,,,,,,,,,,,,,,,,,,,,,,,120%,,120%,120%,120%,120%,3,Pinsir,611,,,,,,{advance=7;id=30315;level=60},,,,,,
634,,,,,120%,,,,,,,,,,,,,,,,,,,,,,,,,120%,,120%,120%,120%,120%,3,Mega Scizor,574,,,,,,{advance=7;id=30313;level=60},,,,,,
635,,,,,,,,,,,,,,,,,,,,,,,,,,,,,,,,,,,,4,Genesect,3271,,,,,,{advance=7;id=30424;level=60},,,,,,
636,,,,,140%,,,,,,,,,,,,,,,,,,,,,,,,,140%,,140%,140%,140%,140%,2,Scolipede,2683,,,,,,{advance=7;id=30313;level=60},,,,,,
637,,,,,120%,,,,,,,,,,,,,,,,,,,,,,,,,120%,,120%,120%,120%,120%,3,Zoroark,2822,,,,,,{advance=7;id=30308;level=60},,,,,,
638,,,,,120%,,,,,,,,,,,,,,,,,,,,,,,,,120%,,120%,120%,120%,120%,3,Zoroark,2822,,,,,,{advance=7;id=30308;level=60},,,,,,
639,,,,,120%,,,,,,,,,,,,,,,,,,,,,,,,,120%,,120%,120%,120%,120%,3,Zoroark,2822,,,,,,{advance=7;id=30308;level=60},,,,,,
640,,,,,120%,,,,,,,,,,,,,,,,,,,,,,,,,120%,,120%,120%,120%,120%,3,Zoroark,2822,,,,,,{advance=7;id=30308;level=60},,,,,,
641,,,,,,,,,,,,,,,,,,,,,,,,,,,,,,,,,,,,4,Mewtwo,761,,,,,,{advance=7;id=30401;level=60},,,,,,
642,,,,,120%,,,,,,,,,,,,,,,,,,,,,,,,,120%,,120%,120%,120%,120%,3,Zoroark,2822,,,,,,{advance=7;id=30308;level=60},,,,,,
643,,,,,120%,,,,,,,,,,,,,,,,,,,,,,,,,120%,,120%,120%,120%,120%,3,Registeel,1931,,,,,,{advance=7;id=30301;level=60},,,,,,
644,,,,,120%,,,,,,,,,,,,,,,,,,,,,,,,,120%,,120%,120%,120%,120%,3,Regice,1921,,,,,,{advance=7;id=30301;level=60},,,,,,
645,,,,,120%,,,,,,,,,,,,,,,,,,,,,,,,,120%,,120%,120%,120%,120%,3,Regirock,1911,,,,,,{advance=7;id=30301;level=60},,,,,,
646,,,,,120%,,,,,,,,,,,,,,,,,,,,,,,,,120%,,120%,120%,120%,120%,3,Latias,1941,,,,,,{advance=7;id=30419;level=60},,,,,,
647,,,,,120%,,,,,,,,,,,,,,,,,,,,,,,,,120%,,120%,120%,120%,120%,3,Mew,771,,,,,,{advance=7;id=31301;level=60},,,,,,
648,,,,,120%,,,,,,,,,,,,,,,,,,,,,,,,,120%,,120%,120%,120%,120%,3,Latios,1951,,,,,,{advance=7;id=30411;level=60},,,,,,
649,,,,,,,,,,,,,,,,,,,,,,,,,,,,,,,,,,,,4,Meloetta Aria Forme,3261,,,,,,{advance=7;id=30418;level=60},,,,,,
650,,,,,,,,,,,,,,,,,,,,,,,,,,,,,,,,,,,,4,Magearna,4111,,,,,,{advance=7;id=30435;level=60},,,,,,
651,,,,,,,,,,,,,,,,,,,,,,,,,,,,,,,,,,,,4,Hoppa Confined,3641,,,,,,{advance=7;id=30414;level=60},,,,,,
652,,,,,120%,,,,,,,,,,,,,,,,,,,,,,,,,120%,,120%,120%,120%,120%,3,Mew,771,,,,,,{advance=7;id=31301;level=60},,,,,,
653,,,,,,,,,,,,,,,,,,,,,,,,,,,,,,,,,,,,4,Jirachi,1991,,,,,,{advance=7;id=30419;level=60},,,,,,
654,,,,,,,,,,,,,,,,,,,,,,,,,,,,,,,,,,,,4,Shaymin,2441,,,,,,{advance=7;id=30413;level=60},,,,,,
655,,,,,,,,,,,,,,,,,,,,,,,,,,,,,,,,,,,,4,Meloetta Pirouette Forme,3262,,,,,,{advance=7;id=30418;level=60},,,,,,
656,,,,,,,,,,,,,,,,,,,,,,,,,,,,,,,,,,,,4,Diancie,3631,,,,,,{advance=7;id=30406;level=60},,,,,,
657,,,,,,,,,,,,,,,,,,,,,,,,,,,,,,,,,,,,4,Victini,2461,,,,,,{advance=7;id=30427;level=60},,,,,,
658,,,,,,,,,,,,,,,,,,,,,,,,,,,,,,,,,,,,4,Manaphy,2421,,,,,,{advance=7;id=30433;level=60},,,,,,
659,,,,,,,,,,,,,,,,,,,,,,,,,,,,,,,,,,,,4,Celebi,1281,,,,,,{advance=7;id=30423;level=60},,,,,,
660,,,,,,,,,,,,,,,,,,,,,,,,,,,,,,,,,,,,4,Shaymin Sky Forme,2442,,,,,,{advance=7;id=30413;level=60},,,,,,
661,,,,,120%,,,,,,,,,,,,,,,,,,,,,,,,,120%,,120%,120%,120%,120%,3,Latios,1951,,,,,,{advance=7;id=30411;level=60},,,,,,
662,,,,,,,,,,,,,,,,,,,,,,,,,,,,,,,,,,,,5,Primal Kyogre,1962,,,,,,{advance=7;id=30404;level=60},,,,,,
663,,,,,120%,,,,,,,,,,,,,,,,,,,,,,,,,120%,,120%,120%,120%,120%,3,Phione,2411,,,,,,{advance=7;id=30425;level=60},,,,,,
664,,,,,,,,,,,,,,,,,,,,,,,,,,,,,,,,,,,,4,Dialga,2351,,,,,,{advance=7;id=30410;level=60},,,,,,
665,,,,,,,,,,,,,,,,,,,,,,,,,,,,,,,,,,,,4,Manaphy,2421,,,,,,{advance=7;id=30433;level=60},,,,,,
666,,,,,120%,,,,,,,,,,,,,,,,,,,,,,,,,120%,,120%,120%,120%,120%,3,Articuno,721,,,,,,{advance=7;id=30303;level=60},,,,,,
667,,,,,120%,,,,,,,,,,,,,,,,,,,,,,,,,120%,,120%,120%,120%,120%,3,Latias,1941,,,,,,{advance=7;id=30419;level=60},,,,,,
668,,,,,,,,,,,,,,,,,,,,,,,,,,,,,,,,,,,,5,Primal Groudon,1972,,,,,,{advance=7;id=30403;level=60},,,,,,
669,,,,,,,,,,,,,,,,,,,,,,,,,,,,,,,,,,,,4,Ho-Oh,1271,,,,,,{advance=7;id=31301;level=60},,,,,,
670,,,,,,,,,,,,,,,,,,,,,,,,,,,,,,,,,,,,4,Volcanion,3651,,,,,,{advance=7;id=30436;level=60},,,,,,
671,,,,,,,,,,,,,,,,,,,,,,,,,,,,,,,,,,,,4,Victini,2461,,,,,,{advance=7;id=30427;level=60},,,,,,
672,,,,,120%,,,,,,,,,,,,,,,,,,,,,,,,,120%,,120%,120%,120%,120%,3,Mega Scizor,574,,,,,,{advance=7;id=30313;level=60},,,,,,
673,,,,,120%,,,,,,,,,,,,,,,,,,,,,,,,,120%,,120%,120%,120%,120%,3,Mega Venusaur,4,,,,,,{advance=7;id=30301;level=60},,,,,,
674,,,,,120%,,,,,,,,,,,,,,,,,,,,,,,,,120%,,120%,120%,120%,120%,3,Mega Blastoise,24,,,,,,{advance=7;id=30316;level=60},,,,,,
675,,,,,120%,,,,,,,,,,,,,,,,,,,,,,,,,120%,,120%,120%,120%,120%,3,Mega Aggron,1504,,,,,,{advance=7;id=30301;level=60},,,,,,
676,,,,,120%,,,,,,,,,,,,,,,,,,,,,,,,,120%,,120%,120%,120%,120%,3,Mega Scizor,574,,,,,,{advance=7;id=30313;level=60},,,,,,
677,,,,,120%,,,,,,,,,,,,,,,,,,,,,,,,,120%,,120%,120%,120%,120%,3,Mega Charizard X,14,,,,,,{advance=7;id=30310;level=60},,,,,,
678,,,,,120%,,,,,,,,,,,,,,,,,,,,,,,,,120%,,120%,120%,120%,120%,3,Mega Houndoom,1173,,,,,,{advance=7;id=30303;level=60},,,,,,
679,,,,,120%,,,,,,,,,,,,,,,,,,,,,,,,,120%,,120%,120%,120%,120%,3,Mega Abomasnow,2303,,,,,,{advance=7;id=30307;level=60},,,,,,
680,,,,,120%,,,,,,,,,,,,,,,,,,,,,,,,,120%,,120%,120%,120%,120%,3,Mega Swampert,1314,,,,,,{advance=7;id=30316;level=60},,,,,,
681,,,,,120%,,,,,,,,,,,,,,,,,,,,,,,,,120%,,120%,120%,120%,120%,3,Mega Heracross,1072,,,,,,{advance=7;id=30306;level=60},,,,,,
682,,,,,120%,,,,,,,,,,,,,,,,,,,,,,,,,120%,,120%,120%,120%,120%,3,Mega Blaziken,1304,,,,,,{advance=7;id=30315;level=60},,,,,,
683,,,,,120%,,,,,,,,,,,,,,,,,,,,,,,,,120%,,120%,120%,120%,120%,3,Mega Charizard Y,15,,,,,,{advance=7;id=30310;level=60},,,,,,
684,,,,,120%,,,,,,,,,,,,,,,,,,,,,,,,,120%,,120%,120%,120%,120%,3,Mega Lucario,2243,,,,,,{advance=7;id=30313;level=60},,,,,,
685,,,,,,,,,,,,,,,,,,,,,,,,,,,,,,,,,,,,4,Meloetta Pirouette Forme,3262,,,,,,{advance=7;id=30418;level=60},,,,,,
686,,,,,,,,,,,,,,,,,,,,,,,,,,,,,,,,,,,,4,Lugia,1261,,,,,,{advance=7;id=30407;level=60},,,,,,
687,,,,,,,,,,,,,,,,,,,,,,,,,,,,,,,,,,,,4,Hoppa Unbound,3642,,,,,,{advance=7;id=30414;level=60},,,,,,
688,,,,,,,,,,,,,,,,,,,,,,,,,,,,,,,,,,,,4,Celebi,1281,,,,,,{advance=7;id=30423;level=60},,,,,,
689,,,,,,,,,,,,,,,,,,,,,,,,,,,,,,,,,,,,4,Mewtwo,761,,,,,,{advance=7;id=30401;level=60},,,,,,
690,,,,,,,,,,,,,,,,,,,,,,,,,,,,,,,,,,,,4,Jirachi,1991,,,,,,{advance=7;id=30419;level=60},,,,,,
691,,,,,,,,,,,,,,,,,,,,,,,,,,,,,,,,,,,,4,Reshiram,3211,,,,,,{advance=7;id=30415;level=60},,,,,,
692,,,,,120%,,,,,,,,,,,,,,,,,,,,,,,,,120%,,120%,120%,120%,120%,3,Blacephalon,4151,,,,,,{advance=7;id=30415;level=60},,,,,,
693,,,,,120%,,,,,,,,,,,,,,,,,,,,,,,,,120%,,120%,120%,120%,120%,3,Heatran,2371,,,,,,{advance=7;id=30301;level=60},,,,,,
694,,,,,,,,,,,,,,,,,,,,,,,,,,,,,,,,,,,,4,Victini,2461,,,,,,{advance=7;id=30427;level=60},,,,,,
695,,,,,,,,,,,,,,,,,,,,,,,,,,,,,,,,,,,,4,Ho-Oh,1271,,,,,,{advance=7;id=31301;level=60},,,,,,
696,,,,,,,,,,,,,,,,,,,,,,,,,,,,,,,,,,,,4,Volcanion,3651,,,,,,{advance=7;id=30436;level=60},,,,,,
697,,,,,160%,,,,,,,,,,,,,,,,,,,,,,,,,160%,,160%,160%,160%,160%,,Oddish,171,,,,,,{advance=7;id=30316;level=60},,,,,,
698,,,,,160%,,,,,,,,,,,,,,,,,,,,,,,,,160%,,160%,160%,160%,160%,,Rattata,61,,,,,,{advance=7;id=30208;level=60},,,,,,
699,,,,,160%,,,,,,,,,,,,,,,,,,,,,,,,,160%,,160%,160%,160%,160%,,Cubone,451,,,,,,{advance=7;id=31202;level=60},,,,,,
700,,,,,160%,,,,,,,,,,,,,,,,,,,,,,,,,160%,,160%,160%,160%,160%,,Goldeen,541,,,,,,{advance=7;id=30103;level=60},,,,,,
701,,,,,120%,,,,,,,,,,,,,,,,,,,,,,,,,120%,,120%,120%,120%,120%,3,Torchic,1301,,,,,,{advance=7;id=30315;level=60},,,,,,
702,,,,,160%,,,,,,,,,,,,,,,,,,,,,,,,,160%,,160%,160%,160%,160%,,Venonat,191,,,,,,{advance=7;id=30103;level=60},,,,,,
703,,,,,140%,,,,,,,,,,,,,,,,,,,,,,,,,140%,,140%,140%,140%,140%,2,Cubchoo,3011,,,,,,{advance=7;id=30105;level=60},,,,,,
704,,,,,140%,,,,,,,,,,,,,,,,,,,,,,,,,140%,,140%,140%,140%,140%,2,Spinda,1641,,,,,,{advance=7;id=30209;level=60},,,,,,
705,,,,,160%,,,,,,,,,,,,,,,,,,,,,,,,,160%,,160%,160%,160%,160%,,Lombre,1352,,,,,,{advance=7;id=30207;level=60},,,,,,
706,,,,,120%,,,,,,,,,,,,,,,,,,,,,,,,,120%,,120%,120%,120%,120%,3,Litten,3671,,,,,,{advance=7;id=30313;level=60},,,,,,
707,,,,,140%,,,,,,,,,,,,,,,,,,,,,,,,,140%,,140%,140%,140%,140%,2,Meowth,211,,,,,,{advance=7;id=30001;level=60},<100;100;100;100;100;100;100>,,,,,
708,,,,,140%,,,,,,,,,,,,,,,,,,,,,,,,,140%,,140%,140%,140%,140%,2,Whismur,1441,,,,,,{advance=7;id=30204;level=60},,,,,,
709,,,,,120%,,,,,,,,,,,,,,,,,,,,,,,,,120%,,120%,120%,120%,120%,3,Entei,1231,,,,,,{advance=7;id=30301;level=60},,,,,,
710,,,,,,,,,,,,,,,,,,,,,,,,,,,,,,,,,,,,4,Solgaleo,4023,,,,,,{advance=7;id=30434;level=60},,,,,,
711,,,,,120%,,,,,,,,,,,,,,,,,,,,,,,,,120%,,120%,120%,120%,120%,3,Heatran,2371,,,,,,{advance=7;id=30301;level=60},,,,,,
712,,,,,140%,,,,,,,,,,,,,,,,,,,,,,,,,140%,,140%,140%,140%,140%,2,Pyroar,3342,,,,,,{advance=7;id=30315;level=60},,,,,,
713,,,,,120%,,,,,,,,,,,,,,,,,,,,,,,,,120%,,120%,120%,120%,120%,3,Incineroar,3673,,,,,,{advance=7;id=30313;level=60},,,,,,
714,,,,,120%,,,,,,,,,,,,,,,,,,,,,,,,,120%,,120%,120%,120%,120%,3,Volcarona,3152,,,,,,{advance=7;id=30307;level=60},,,,,,
715,,,,,,,,,,,,,,,,,,,,,,,,,,,,,,,,,,,,4,Darkrai,2431,,,,,,{advance=7;id=30405;level=60},,,,,,
716,,,,,120%,,,,,,,,,,,,,,,,,,,,,,,,,120%,,120%,120%,120%,120%,3,Dusknoir,1813,,,,,,{advance=7;id=30309;level=60},,,,,,
717,,,,,120%,,,,,,,,,,,,,,,,,,,,,,,,,120%,,120%,120%,120%,120%,3,Zoroark,2822,,,,,,{advance=7;id=30308;level=60},,,,,,
718,,,,,120%,,,,,,,,,,,,,,,,,,,,,,,,,120%,,120%,120%,120%,120%,3,Cresselia,2401,,,,,,{advance=7;id=30413;level=60},,,,,,
719,,,,,,,,,,,,,,,,,,,,,,,,,,,,,,,,,,,,4,Lunala,4024,,,,,,{advance=7;id=30437;level=60},,,,,,
720,,,,,140%,,,,,,,,,,,,,,,,,,,,,,,,,140%,,140%,140%,140%,140%,2,Clefairy,132,,,,,,{advance=7;id=30305;level=60},,,,,,
721,,,,,120%,,,,,,,,,,,,,,,,,,,,,,,,,120%,,120%,120%,120%,120%,3,Articuno,721,,,,,,{advance=7;id=30303;level=60},,,,<8;8;8;8;8;8;8;8>,,
722,,,,,120%,,,,,,,,,,,,,,,,,,,,,,,,,120%,,120%,120%,120%,120%,3,Zapdos,731,,,,,,{advance=7;id=30303;level=60},,,,<8;8;8;8;8;8;8;8>,,
723,,,,,120%,,,,,,,,,,,,,,,,,,,,,,,,,120%,,120%,120%,120%,120%,3,Moltres,741,,,,,,{advance=7;id=30303;level=60},,,,<8;8;8;8;8;8;8;8>,,
724,,,,,140%,,,,,,,,,,,,,,,,,,,,,,,,,140%,,140%,140%,140%,140%,2,Blastoise,23,,,,,,{advance=7;id=30316;level=60},,,,<8;8;8;8;8;8;8;8>,,
725,,,,,140%,,,,,,,,,,,,,,,,,,,,,,,,,140%,,140%,140%,140%,140%,2,Charizard,13,,,,,,{advance=7;id=30310;level=60},,,,<8;8;8;8;8;8;8;8>,,
726,,,,,140%,,,,,,,,,,,,,,,,,,,,,,,,,140%,,140%,140%,140%,140%,2,Venusaur,3,,,,,,{advance=7;id=30301;level=60},,,,<8;8;8;8;8;8;8;8>,,
727,,,,,120%,,,,,,,,,,,,,,,,,,,,,,,,,120%,,120%,120%,120%,120%,3,Raikou,1221,,,,,,{advance=7;id=30304;level=60},,,,<8;8;8;8;8;8;8;8>,,
728,,,,,120%,,,,,,,,,,,,,,,,,,,,,,,,,120%,,120%,120%,120%,120%,3,Entei,1231,,,,,,{advance=7;id=30301;level=60},,,,<8;8;8;8;8;8;8;8>,,
729,,,,,120%,,,,,,,,,,,,,,,,,,,,,,,,,120%,,120%,120%,120%,120%,3,Suicune,1241,,,,,,{advance=7;id=30305;level=60},,,,<8;8;8;8;8;8;8;8>,,
730,,,,,140%,,,,,,,,,,,,,,,,,,,,,,,,,140%,,140%,140%,140%,140%,2,Feraligatr,803,,,,,,{advance=7;id=30315;level=60},,,,<8;8;8;8;8;8;8;8>,,
731,,,,,140%,,,,,,,,,,,,,,,,,,,,,,,,,140%,,140%,140%,140%,140%,2,Typhlosion,793,,,,,,{advance=7;id=30302;level=60},,,,<8;8;8;8;8;8;8;8>,,
732,,,,,140%,,,,,,,,,,,,,,,,,,,,,,,,,140%,,140%,140%,140%,140%,2,Meganium,783,,,,,,{advance=7;id=30317;level=60},,,,<8;8;8;8;8;8;8;8>,,
733,,,,,,,,,,,,,,,,,,,,,,,,,,,,,,,,,,,,4,Reshiram,3211,,,,,,{advance=7;id=30415;level=60},,,,<8;8;8;8;8;8;8;8>,,
734,,,,,,,,,,,,,,,,,,,,,,,,,,,,,,,,,,,,4,Kyurem,3241,,,,,,{advance=7;id=30417;level=60},,,,<8;8;8;8;8;8;8;8>,,
735,,,,,,,,,,,,,,,,,,,,,,,,,,,,,,,,,,,,4,Zekrom,3221,,,,,,{advance=7;id=30416;level=60},,,,<8;8;8;8;8;8;8;8>,,
736,,,,,120%,,,,,,,,,,,,,,,,,,,,,,,,,120%,,120%,120%,120%,120%,3,Samurott,2493,,,,,,{advance=7;id=30303;level=60},,,,<8;8;8;8;8;8;8;8>,,
737,,,,,140%,,,,,,,,,,,,,,,,,,,,,,,,,140%,,140%,140%,140%,140%,2,Emboar,2483,,,,,,{advance=7;id=30302;level=60},,,,<8;8;8;8;8;8;8;8>,,
738,,,,,120%,,,,,,,,,,,,,,,,,,,,,,,,,120%,,120%,120%,120%,120%,3,Serperior,2473,,,,,,{advance=7;id=30306;level=60},,,,<8;8;8;8;8;8;8;8>,,
739,,,,,,,,,,,,,,,,,,,,,,,,,,,,,,,,,,,,4,Kyogre,1961,,,,,,{advance=7;id=30404;level=60},,,,<8;8;8;8;8;8;8;8>,,
740,,,,,,,,,,,,,,,,,,,,,,,,,,,,,,,,,,,,4,Rayquaza,1981,,,,,,{advance=7;id=30408;level=60},,,,<8;8;8;8;8;8;8;8>,,
741,,,,,,,,,,,,,,,,,,,,,,,,,,,,,,,,,,,,4,Groudon,1971,,,,,,{advance=7;id=30403;level=60},,,,<8;8;8;8;8;8;8;8>,,
742,,,,,120%,,,,,,,,,,,,,,,,,,,,,,,,,120%,,120%,120%,120%,120%,3,Swampert,1313,,,,,,{advance=7;id=30316;level=60},,,,<8;8;8;8;8;8;8;8>,,
743,,,,,120%,,,,,,,,,,,,,,,,,,,,,,,,,120%,,120%,120%,120%,120%,3,Blaziken,1303,,,,,,{advance=7;id=30315;level=60},,,,<8;8;8;8;8;8;8;8>,,
744,,,,,120%,,,,,,,,,,,,,,,,,,,,,,,,,120%,,120%,120%,120%,120%,3,Sceptile,1293,,,,,,{advance=7;id=30314;level=60},,,,<8;8;8;8;8;8;8;8>,,
745,,,,,,,,,,,,,,,,,,,,,,,,,,,,,,,,,,,,4,Melmetal,4172,,,,,,{advance=7;id=30420;level=60},,,,<8;8;8;8;8;8;8;8>,,
746,,,,,,,,,,,,,,,,,,,,,,,,,,,,,,,,,,,,4,Solgaleo,4023,,,,,,{advance=7;id=30434;level=60},,,,<8;8;8;8;8;8;8;8>,,
747,,,,,,,,,,,,,,,,,,,,,,,,,,,,,,,,,,,,4,Lunala,4024,,,,,,{advance=7;id=30437;level=60},,,,<8;8;8;8;8;8;8;8>,,
748,,,,,,,,,,,,,,,,,,,,,,,,,,,,,,,,,,,,4,Zeraora,4161,,,,,,{advance=7;id=30426;level=60},,,,<8;8;8;8;8;8;8;8>,,
749,,,,,,,,,,,,,,,,,,,,,,,,,,,,,,,,,,,,4,Marshadow,4121,,,,,,{advance=7;id=30432;level=60},,,,<8;8;8;8;8;8;8;8>,,
750,,,,,,,,,,,,,,,,,,,,,,,,,,,,,,,,,,,,4,Magearna,4111,,,,,,{advance=7;id=30435;level=60},,,,<8;8;8;8;8;8;8;8>,,
751,,,,,,,,,,,,,,,,,,,,,,,,,,,,,,,,,,,,4,Xerneas,3601,,,,,,{advance=7;id=30425;level=60},,,,<8;8;8;8;8;8;8;8>,,
752,,,,,,,,,,,,,,,,,,,,,,,,,,,,,,,,,,,,4,Zygarde Complete Forme,3623,,,,,,{advance=7;id=30431;level=60},,,,<8;8;8;8;8;8;8;8>,,
753,,,,,,,,,,,,,,,,,,,,,,,,,,,,,,,,,,,,4,Yveltal,3611,,,,,,{advance=7;id=30421;level=60},,,,<8;8;8;8;8;8;8;8>,,
754,,,,,,,,,,,,,,,,,,,,,,,,,,,,,,,,,,,,4,Meloetta Aria Forme,3261,,,,,,{advance=7;id=30418;level=60},,,,<8;8;8;8;8;8;8;8>,,
755,,,,,,,,,,,,,,,,,,,,,,,,,,,,,,,,,,,,4,Diancie,3631,,,,,,{advance=7;id=30406;level=60},,,,<8;8;8;8;8;8;8;8>,,
756,,,,,,,,,,,,,,,,,,,,,,,,,,,,,,,,,,,,4,Hoppa Unbound,3642,,,,,,{advance=7;id=30414;level=60},,,,<8;8;8;8;8;8;8;8>,,
757,,,,,,,,,,,,,,,,,,,,,,,,,,,,,,,,,,,,4,Zeraora,4161,,,,,,{advance=7;id=30426;level=60},,,,<8;8;8;8;8;8;8;8>,,
758,,,,,,,,,,,,,,,,,,,,,,,,,,,,,,,,,,,,4,Zamazenta,4601,,,,,,{advance=7;id=30443;level=60},,,,<8;8;8;8;8;8;8;8>,,
759,,,,,,,,,,,,,,,,,,,,,,,,,,,,,,,,,,,,4,Shiny Mega Gallade,7061,,,,,,{advance=7;id=30444;level=60},,,,<8;8;8;8;8;8;8;8>,,
760,,,,,,,,,,,,,,,,,,,,,,,,,,,,,,,,,,,,4,Meloetta Pirouette Forme,3262,,,,,,{advance=7;id=30418;level=60},,,,<8;8;8;8;8;8;8;8>,,
761,,,,,,,,,,,,,,,,,,,,,,,,,,,,,,,,,,,,4,Marshadow,4121,,,,,,{advance=7;id=30432;level=60},,,,<8;8;8;8;8;8;8;8>,,
762,,,,,,,,,,,,,,,,,,,,,,,,,,,,,,,,,,,,4,Zekrom,3221,,,,,,{advance=7;id=30416;level=60},,,,<8;8;8;8;8;8;8;8>,,
763,,,,,120%,,,,,,,,,,,,,,,,,,,,,,,,,120%,,120%,120%,120%,120%,3,Heatran,2371,,,,,,{advance=7;id=30301;level=60},,,,<8;8;8;8;8;8;8;8>,,
764,,,,,,,,,,,,,,,,,,,,,,,,,,,,,,,,,,,,5,Primal Groudon,1972,,,,,,{advance=7;id=30403;level=60},,,,<8;8;8;8;8;8;8;8>,,
765,,,,,,,,,,,,,,,,,,,,,,,,,,,,,,,,,,,,4,Reshiram,3211,,,,,,{advance=7;id=30415;level=60},,,,<8;8;8;8;8;8;8;8>,,
766,,,,,,,,,,,,,,,,,,,,,,,,,,,,,,,,,,,,4,Victini,2461,,,,,,{advance=7;id=30427;level=60},,,,<8;8;8;8;8;8;8;8>,,
767,,,,,,,,,,,,,,,,,,,,,,,,,,,,,,,,,,,,4,Ho-Oh,1271,,,,,,{advance=7;id=31301;level=60},,,,<8;8;8;8;8;8;8;8>,,
768,,,,,,,,,,,,,,,,,,,,,,,,,,,,,,,,,,,,4,Volcanion,3651,,,,,,{advance=7;id=30436;level=60},,,,<8;8;8;8;8;8;8;8>,,
769,,,,,120%,,,,,,,,,,,,,,,,,,,,,,,,,120%,,120%,120%,120%,120%,3,Pheromosa,4051,,,,,,{advance=7;id=30307;level=60},,,,<8;8;8;8;8;8;8;8>,,
770,,,,,140%,,,,,,,,,,,,,,,,,,,,,,,,,140%,,140%,140%,140%,140%,2,Hitmonlee,462,,,,,,{advance=7;id=30320;level=60},,,,<8;8;8;8;8;8;8;8>,,
771,,,,,120%,,,,,,,,,,,,,,,,,,,,,,,,,120%,,120%,120%,120%,120%,3,Blaziken,1303,,,,,,{advance=7;id=30315;level=60},,,,<8;8;8;8;8;8;8;8>,,
772,,,,,120%,,,,,,,,,,,,,,,,,,,,,,,,,120%,,120%,120%,120%,120%,3,Scorbunny,4191,,,,,,{advance=7;id=30315;level=60},,,,<8;8;8;8;8;8;8;8>,,
773,,,,,120%,,,,,,,,,,,,,,,,,,,,,,,,,120%,,120%,120%,120%,120%,3,Cinderace,4193,,,,,,{advance=7;id=30315;level=60},,,,<8;8;8;8;8;8;8;8>,,
774,,,,,120%,,,,,,,,,,,,,,,,,,,,,,,,,120%,,120%,120%,120%,120%,3,Raboot,4192,,,,,,{advance=7;id=30315;level=60},,,,<8;8;8;8;8;8;8;8>,,
775,,,,,160%,,,,,,,,,,,,,,,,,,,,,,,,,160%,,160%,160%,160%,160%,,Primeape,232,,,,,,{advance=7;id=30320;level=60},,,,<8;8;8;8;8;8;8;8>,,
776,,,,,,,,,,,,,,,,,,,,,,,,,,,,,,,,,,,,4,Melmetal,4172,,,,,,{advance=7;id=30420;level=60},,,,<8;8;8;8;8;8;8;8>,,
777,,,,,120%,,,,,,,,,,,,,,,,,,,,,,,,,120%,,120%,120%,120%,120%,3,Poliwrath,253,,,,,,{advance=7;id=30320;level=60},,,,<8;8;8;8;8;8;8;8>,,
778,,,,,140%,,,,,,,,,,,,,,,,,,,,,,,,,140%,,140%,140%,140%,140%,2,Machamp,273,,,,,,{advance=7;id=30315;level=60},,,,<8;8;8;8;8;8;8;8>,,
779,,,,,140%,,,,,,,,,,,,,,,,,,,,,,,,,140%,,140%,140%,140%,140%,2,Hitmonchan,463,,,,,,{advance=7;id=30320;level=60},,,,<8;8;8;8;8;8;8;8>,,
780,,,,,120%,,,,,,,,,,,,,,,,,,,,,,,,,120%,,120%,120%,120%,120%,3,Urshifu Single Strike,4622,,,,,,{advance=7;id=30320;level=60},,,,<8;8;8;8;8;8;8;8>,,
781,,,,,,,,,,,,,,,,,,,,,,,,,,,,,,,,,,,,4,Jirachi,1991,,,,,,{advance=7;id=30419;level=60},,,,<8;8;8;8;8;8;8;8>,,
782,,,,,,,,,,,,,,,,,,,,,,,,,,,,,,,,,,,,4,Jirachi,1991,,,,,,{advance=7;id=30419;level=60},,,,<8;8;8;8;8;8;8;8>,,
783,,,,,,,,,,,,,,,,,,,,,,,,,,,,,,,,,,,,4,Jirachi,1991,,,,,,{advance=7;id=30419;level=60},,,,<8;8;8;8;8;8;8;8>,,
784,,,,,,,,,,,,,,,,,,,,,,,,,,,,,,,,,,,,4,Jirachi,1991,,,,,,{advance=7;id=30419;level=60},,,,<8;8;8;8;8;8;8;8>,,
785,,,,,,,,,,,,,,,,,,,,,,,,,,,,,,,,,,,,4,Jirachi,1991,,,,,,{advance=7;id=30419;level=60},,,,<8;8;8;8;8;8;8;8>,,
786,,,,,,,,,,,,,,,,,,,,,,,,,,,,,,,,,,,,4,Jirachi,1991,,,,,,{advance=7;id=30419;level=60},,,,<8;8;8;8;8;8;8;8>,,
787,,,,,,,,,,,,,,,,,,,,,,,,,,,,,,,,,,,,4,Celebi,1281,,,,,,{advance=7;id=30423;level=60},,,,<8;8;8;8;8;8;8;8>,,
788,,,,,,,,,,,,,,,,,,,,,,,,,,,,,,,,,,,,4,Celebi,1281,,,,,,{advance=7;id=30423;level=60},,,,<8;8;8;8;8;8;8;8>,,
789,,,,,,,,,,,,,,,,,,,,,,,,,,,,,,,,,,,,4,Celebi,1281,,,,,,{advance=7;id=30423;level=60},,,,<8;8;8;8;8;8;8;8>,,
790,,,,,,,,,,,,,,,,,,,,,,,,,,,,,,,,,,,,4,Celebi,1281,,,,,,{advance=7;id=30423;level=60},,,,<8;8;8;8;8;8;8;8>,,
791,,,,,,,,,,,,,,,,,,,,,,,,,,,,,,,,,,,,4,Celebi,1281,,,,,,{advance=7;id=30423;level=60},,,,<8;8;8;8;8;8;8;8>,,
792,,,,,,,,,,,,,,,,,,,,,,,,,,,,,,,,,,,,4,Celebi,1281,,,,,,{advance=7;id=30423;level=60},,,,<8;8;8;8;8;8;8;8>,,
793,,,,,120%,,,,,,,,,,,,,,,,,,,,,,,,,120%,,120%,120%,120%,120%,3,Phione,2411,,,,,,{advance=7;id=30425;level=60},,,,<8;8;8;8;8;8;8;8>,,
794,,,,,,,,,,,,,,,,,,,,,,,,,,,,,,,,,,,,5,Primal Kyogre,1962,,,,,,{advance=7;id=30404;level=60},,,,<8;8;8;8;8;8;8;8>,,
795,,,,,,,,,,,,,,,,,,,,,,,,,,,,,,,,,,,,4,Manaphy,2421,,,,,,{advance=7;id=30433;level=60},,,,<8;8;8;8;8;8;8;8>,,
796,,,,,,,,,,,,,,,,,,,,,,,,,,,,,,,,,,,,4,Palkia,2361,,,,,,{advance=7;id=30411;level=60},,,,<8;8;8;8;8;8;8;8>,,
797,,,,,,,,,,,,,,,,,,,,,,,,,,,,,,,,,,,,4,Ash-Greninja,7011,,,,,,{advance=7;id=30401;level=60},,,,<8;8;8;8;8;8;8;8>,,
798,,,,,,,,,,,,,,,,,,,,,,,,,,,,,,,,,,,,4,Volcanion,3651,,,,,,{advance=7;id=30436;level=60},,,,<8;8;8;8;8;8;8;8>,,
799,,,,,,,,,,,,,,,,,,,,,,,,,,,,,,,,,,,,4,Shiny Mega Tyranitar,7031,,,,,,{advance=7;id=30439;level=60},,,,<8;8;8;8;8;8;8;8>,,
800,,,,,,,,,,,,,,,,,,,,,,,,,,,,,,,,,,,,5,Primal Groudon,1972,,,,,,{advance=7;id=30403;level=60},,,,<8;8;8;8;8;8;8;8>,,
801,,,,,,,,,,,,,,,,,,,,,,,,,,,,,,,,,,,,4,Zygarde Complete Forme,3623,,,,,,{advance=7;id=30431;level=60},,,,<8;8;8;8;8;8;8;8>,,
802,,,,,120%,,,,,,,,,,,,,,,,,,,,,,,,,120%,,120%,120%,120%,120%,3,Mega Aggron,1504,,,,,,{advance=7;id=30301;level=60},,,,<8;8;8;8;8;8;8;8>,,
803,,,,,,,,,,,,,,,,,,,,,,,,,,,,,,,,,,,,4,Diancie,3631,,,,,,{advance=7;id=30406;level=60},,,,<8;8;8;8;8;8;8;8>,,
804,,,,,120%,,,,,,,,,,,,,,,,,,,,,,,,,120%,,120%,120%,120%,120%,3,Stakataka,4141,,,,,,{advance=7;id=30301;level=60},,,,<8;8;8;8;8;8;8;8>,,
805,,,,,,,,,,,,,,,,,,,,,,,,,,,,,,,,,,,,4,Shiny Mega Gardevoir,7051,,,,,,{advance=7;id=30442;level=60},,,,<8;8;8;8;8;8;8;8>,,
806,,,,,,,,,,,,,,,,,,,,,,,,,,,,,,,,,,,,4,Origin Mew,7041,,,,,,{advance=7;id=30441;level=60},,,,<8;8;8;8;8;8;8;8>,,
807,,,,,,,,,,,,,,,,,,,,,,,,,,,,,,,,,,,,4,Shiny Mega Gallade,7061,,,,,,{advance=7;id=30444;level=60},,,,<8;8;8;8;8;8;8;8>,,
808,,,,,,,,,,,,,,,,,,,,,,,,,,,,,,,,,,,,4,Celebi,1281,,,,,,{advance=7;id=30423;level=60},,,,<8;8;8;8;8;8;8;8>,,
809,,,,,,,,,,,,,,,,,,,,,,,,,,,,,,,,,,,,4,Mewtwo,761,,,,,,{advance=7;id=30401;level=60},,,,<8;8;8;8;8;8;8;8>,,
810,,,,,,,,,,,,,,,,,,,,,,,,,,,,,,,,,,,,4,Necrozma,4101,,,,,,{advance=7;id=30440;level=60},,,,<8;8;8;8;8;8;8;8>,,
811,,,,,,,,,,,,,,,,,,,,,,,,,,,,,,,,,,,,4,Hoppa Confined,3641,,,,,,{advance=7;id=30414;level=60},,,,<8;8;8;8;8;8;8;8>,,
812,,,,,,,,,,,,,,,,,,,,,,,,,,,,,,,,,,,,4,Giratina,2391,,,,,,{advance=7;id=30412;level=60},,,,<8;8;8;8;8;8;8;8>,,
813,,,,,120%,,,,,,,,,,,,,,,,,,,,,,,,,120%,,120%,120%,120%,120%,3,Mega Banette,1803,,,,,,{advance=7;id=30309;level=60},,,,<8;8;8;8;8;8;8;8>,,
814,,,,,,,,,,,,,,,,,,,,,,,,,,,,,,,,,,,,4,Marshadow,4121,,,,,,{advance=7;id=30432;level=60},,,,<8;8;8;8;8;8;8;8>,,
815,,,,,,,,,,,,,,,,,,,,,,,,,,,,,,,,,,,,4,Lunala,4024,,,,,,{advance=7;id=30437;level=60},,,,<8;8;8;8;8;8;8;8>,,
816,,,,,,,,,,,,,,,,,,,,,,,,,,,,,,,,,,,,4,Shiny Mega Gengar,7021,,,,,,{advance=7;id=30438;level=60},,,,<8;8;8;8;8;8;8;8>,,
817,,,,,,,,,,,,,,,,,,,,,,,,,,,,,,,,,,,,4,Meloetta Aria Forme,3261,,,,,,{advance=7;id=30418;level=60},,,,<8;8;8;8;8;8;8;8>,,
818,,,,,120%,,,,,,,,,,,,,,,,,,,,,,,,,120%,,120%,120%,120%,120%,3,Tsareena,3843,,,,,,{advance=7;id=30302;level=60},,,,<8;8;8;8;8;8;8;8>,,
819,,,,,120%,,,,,,,,,,,,,,,,,,,,,,,,,120%,,120%,120%,120%,120%,3,Pheromosa,4051,,,,,,{advance=7;id=30307;level=60},,,,<8;8;8;8;8;8;8;8>,,
820,,,,,,,,,,,,,,,,,,,,,,,,,,,,,,,,,,,,4,Diancie,3631,,,,,,{advance=7;id=30406;level=60},,,,<8;8;8;8;8;8;8;8>,,
821,,,,,120%,,,,,,,,,,,,,,,,,,,,,,,,,120%,,120%,120%,120%,120%,3,Milotic,1772,,,,,,{advance=7;id=30317;level=60},,,,<8;8;8;8;8;8;8;8>,,
822,,,,,120%,,,,,,,,,,,,,,,,,,,,,,,,,120%,,120%,120%,120%,120%,3,Gardevoir,1393,,,,,,{advance=7;id=30406;level=60},,,,<8;8;8;8;8;8;8;8>,,
823,,,,,140%,,,,,,,,,,,,,,,,,,,,,,,,,140%,,140%,140%,140%,140%,2,Muk,372,,,,,,{advance=7;id=30316;level=60},,,,<8;8;8;8;8;8;8;8>,,
824,,,,,,,,,,,,,,,,,,,,,,,,,,,,,,,,,,,,4,Regigigas,2381,,,,,,{advance=7;id=30409;level=60},,,,<8;8;8;8;8;8;8;8>,,
825,,,,,140%,,,,,,,,,,,,,,,,,,,,,,,,,140%,,140%,140%,140%,140%,2,Grimer,371,,,,,,{advance=7;id=30316;level=60},,,,<8;8;8;8;8;8;8;8>,,
826,,,,,120%,,,,,,,,,,,,,,,,,,,,,,,,,120%,,120%,120%,120%,120%,3,Blacephalon,4151,,,,,,{advance=7;id=30415;level=60},,,,<8;8;8;8;8;8;8;8>,,
827,,,,,120%,,,,,,,,,,,,,,,,,,,,,,,,,120%,,120%,120%,120%,120%,3,Feebas,1771,,,,,,{advance=7;id=30103;level=60},,,,<8;8;8;8;8;8;8;8>,,
828,,,,,120%,,,,,,,,,,,,,,,,,,,,,,,,,120%,,120%,120%,120%,120%,3,Heatran,2371,,,,,,{advance=7;id=30301;level=60},,,,<8;8;8;8;8;8;8;8>,,
829,,,,,,,,,,,,,,,,,,,,,,,,,,,,,,,,,,,,3,Houndour,1171,,,,,,{advance=7;id=31202;level=60},,,,,,
830,,,,,,,,,,,,,,,,,,,,,,,,,,,,,,,,,,,,3,Growlithe,241,,,,,,{advance=7;id=31202;level=60},,,,,,
831,,,,,,,,,,,,,,,,,,,,,,,,,,,,,,,,,,,,2,Tepig,2481,,,,,,{advance=7;id=30102;level=60},,,,,,
832,,,,,,,,,,,,,,,,,,,,,,,,,,,,,,,,,,,,3,Houndoom,1172,,,,,,{advance=7;id=31202;level=60},,,,,,
833,,,,,,,,,,,,,,,,,,,,,,,,,,,,,,,,,,,,3,Arcanine,242,,,,,,{advance=7;id=31202;level=60},,,,,,
834,,,,,80%,,,,,,,,,,,,,,,,,,,,,,,,,80%,,80%,80%,80%,80%,4,Zygarde 10% Forme,3621,,,,,,{advance=7;id=31202;level=60},,,,,,
835,,,,,200%,,,,,,,,,,,,,,,,,,,,,,,,,200%,,200%,200%,200%,200%,2,Emolga,2891,,,,,,{advance=7;id=30305;level=60},,,,<8;8;8;8;8;8;8;8>,,
836,,,,,200%,,,,,,,,,,,,,,,,,,,,,,,,,200%,,200%,200%,200%,200%,2,Squirtle,21,,,,,,{advance=7;id=30316;level=60},,,,<8;8;8;8;8;8;8;8>,,
837,,,,,200%,,,,,,,,,,,,,,,,,,,,,,,,,200%,,200%,200%,200%,200%,2,Jigglypuff,152,,,,,,{advance=7;id=30305;level=60},,,,<8;8;8;8;8;8;8;8>,,
838,,,,,200%,,,,,,,,,,,,,,,,,,,,,,,,,200%,,200%,200%,200%,200%,2,Psyduck,221,,,,,,{advance=7;id=30206;level=60},,,,<8;8;8;8;8;8;8;8>,,
839,,,,,200%,,,,,,,,,,,,,,,,,,,,,,,,,200%,,200%,200%,200%,200%,2,Pikachu,92,,,,,,{advance=7;id=31201;level=60},,,,<8;8;8;8;8;8;8;8>,,
840,,,,,200%,,,,,,,,,,,,,,,,,,,,,,,,,200%,,200%,200%,200%,200%,2,Cinccino,2832,,,,,,{advance=7;id=30305;level=60},,,,<8;8;8;8;8;8;8;8>,,
841,,,,,200%,,,,,,,,,,,,,,,,,,,,,,,,,200%,,200%,200%,200%,200%,2,Machop,271,,,,,,{advance=7;id=30315;level=60},,,,<8;8;8;8;8;8;8;8>,,
842,,,,,200%,,,,,,,,,,,,,,,,,,,,,,,,,200%,,200%,200%,200%,200%,2,Machamp,273,,,,,,{advance=7;id=30315;level=60},,,,<8;8;8;8;8;8;8;8>,,
843,,,,,200%,,,,,,,,,,,,,,,,,,,,,,,,,200%,,200%,200%,200%,200%,2,Machoke,272,,,,,,{advance=7;id=30315;level=60},,,,<8;8;8;8;8;8;8;8>,,
844,,,,,200%,,,,,,,,,,,,,,,,,,,,,,,,,200%,,200%,200%,200%,200%,2,Timburr,2631,,,,,,{advance=7;id=30201;level=60},,,,<8;8;8;8;8;8;8;8>,,
845,,,,,200%,,,,,,,,,,,,,,,,,,,,,,,,,200%,,200%,200%,200%,200%,2,Conkeldurr,2633,,,,,,{advance=7;id=30201;level=60},,,,<8;8;8;8;8;8;8;8>,,
846,,,,,200%,,,,,,,,,,,,,,,,,,,,,,,,,200%,,200%,200%,200%,200%,2,Gurdurr,2632,,,,,,{advance=7;id=30201;level=60},,,,<8;8;8;8;8;8;8;8>,,
847,,,,,120%,,,,,,,,,,,,,,,,,,,,,,,,,120%,,120%,120%,120%,120%,3,Snorlax,712,,,,,,{advance=7;id=30301;level=60},,,,,,
848,,,,,120%,,,,,,,,,,,,,,,,,,,,,,,,,120%,,120%,120%,120%,120%,3,Slakoth,1421,,,,,,{advance=7;id=30408;level=60},,,,,,
849,,,,,120%,,,,,,,,,,,,,,,,,,,,,,,,,120%,,120%,120%,120%,120%,3,Slowpoke,321,,,,,,{advance=7;id=30202;level=60},,,,,,
850,,,,,140%,,,,,,,,,,,,,,,,,,,,,,,,,140%,,140%,140%,140%,140%,2,Psyduck,221,,,,,,{advance=7;id=30206;level=60},,,,,,
851,,,,,120%,,,,,,,,,,,,,,,,,,,,,,,,,120%,,120%,120%,120%,120%,3,Slaking,1423,,,,,,{advance=7;id=30408;level=60},,,,,,
852,,,,,120%,,,,,,,,,,,,,,,,,,,,,,,,,120%,,120%,120%,120%,120%,3,Abra,261,,,,,,{advance=7;id=30304;level=60},,,,,,
853,,,,,160%,,,,,,,,,,,,,,,,,,,,,,,,,160%,,160%,160%,160%,160%,,Seaking,542,,,,,,{advance=7;id=30103;level=60},,,,<8;8;8;8;8;8;8;8>,,
854,,,,,140%,,,,,,,,,,,,,,,,,,,,,,,,,140%,,140%,140%,140%,140%,2,Clawitzer,3472,,,,,,{advance=7;id=30209;level=60},,,,<8;8;8;8;8;8;8;8>,,
855,,,,,140%,,,,,,,,,,,,,,,,,,,,,,,,,140%,,140%,140%,140%,140%,2,Squirtle,21,,,,,,{advance=7;id=30316;level=60},,,,<8;8;8;8;8;8;8;8>,,
856,,,,,160%,,,,,,,,,,,,,,,,,,,,,,,,,160%,,160%,160%,160%,160%,,Goldeen,541,,,,,,{advance=7;id=30103;level=60},,,,<8;8;8;8;8;8;8;8>,,
857,,,,,140%,,,,,,,,,,,,,,,,,,,,,,,,,140%,,140%,140%,140%,140%,2,Clauncher,3471,,,,,,{advance=7;id=30209;level=60},,,,<8;8;8;8;8;8;8;8>,,
858,,,,,120%,,,,,,,,,,,,,,,,,,,,,,,,,120%,,120%,120%,120%,120%,3,Shellder,381,,,,,,{advance=7;id=30301;level=60},,,,<8;8;8;8;8;8;8;8>,,
859,,,,,120%,,,,,,,,,,,,,,,,,,,,,,,,,120%,,120%,120%,120%,120%,3,Sirfetch'd,4431,,,,,,{advance=7;id=30418;level=60},,,,<8;8;8;8;8;8;8;8>,,
860,,,,,120%,,,,,,,,,,,,,,,,,,,,,,,,,120%,,120%,120%,120%,120%,3,Combusken,1302,,,,,,{advance=7;id=30315;level=60},,,,<8;8;8;8;8;8;8;8>,,
861,,,,,140%,,,,,,,,,,,,,,,,,,,,,,,,,140%,,140%,140%,140%,140%,2,Golduck,222,,,,,,{advance=7;id=30206;level=60},,,,<8;8;8;8;8;8;8;8>,,
862,,,,,140%,,,,,,,,,,,,,,,,,,,,,,,,,140%,,140%,140%,140%,140%,2,Farfetch'd,341,,,,,,{advance=7;id=30201;level=60},,,,<8;8;8;8;8;8;8;8>,,
863,,,,,120%,,,,,,,,,,,,,,,,,,,,,,,,,120%,,120%,120%,120%,120%,3,Torchic,1301,,,,,,{advance=7;id=30315;level=60},,,,<8;8;8;8;8;8;8;8>,,
864,,,,,140%,,,,,,,,,,,,,,,,,,,,,,,,,140%,,140%,140%,140%,140%,2,Psyduck,221,,,,,,{advance=7;id=30206;level=60},,,,<8;8;8;8;8;8;8;8>,,
865,,,,,140%,,,,,,,,,,,,,,,,,,,,,,,,,140%,,140%,140%,140%,140%,2,Luxio,2072,,,,,,{advance=7;id=30312;level=60},,,,<8;8;8;8;8;8;8;8>,,
866,,,,,140%,,,,,,,,,,,,,,,,,,,,,,,,,140%,,140%,140%,140%,140%,2,Persian,212,,,,,,{advance=7;id=30208;level=60},<100;100;100;100;100;100;100>,,,<8;8;8;8;8;8;8;8>,,
867,,,,,120%,,,,,,,,,,,,,,,,,,,,,,,,,120%,,120%,120%,120%,120%,3,Torracat,3672,,,,,,{advance=7;id=30313;level=60},,,,<8;8;8;8;8;8;8;8>,,
868,,,,,140%,,,,,,,,,,,,,,,,,,,,,,,,,140%,,140%,140%,140%,140%,2,Shinx,2071,,,,,,{advance=7;id=30312;level=60},,,,<8;8;8;8;8;8;8;8>,,
869,,,,,140%,,,,,,,,,,,,,,,,,,,,,,,,,140%,,140%,140%,140%,140%,2,Meowth,211,,,,,,{advance=7;id=30001;level=60},<100;100;100;100;100;100;100>,,,<8;8;8;8;8;8;8;8>,,
870,,,,,120%,,,,,,,,,,,,,,,,,,,,,,,,,120%,,120%,120%,120%,120%,3,Litten,3671,,,,,,{advance=7;id=30313;level=60},,,,<8;8;8;8;8;8;8;8>,,
871,,,,,120%,,,,,,,,,,,,,,,,,,,,,,,,,120%,,120%,120%,120%,120%,3,Houndoom,1172,,,,,,{advance=7;id=30303;level=60},,,,<8;8;8;8;8;8;8;8>,,
872,,,,,120%,,,,,,,,,,,,,,,,,,,,,,,,,120%,,120%,120%,120%,120%,3,Arcanine,242,,,,,,{advance=7;id=30310;level=60},,,,<8;8;8;8;8;8;8;8>,,
873,,,,,120%,,,,,,,,,,,,,,,,,,,,,,,,,120%,,120%,120%,120%,120%,3,Lucario,2242,,,,,,{advance=7;id=30313;level=60},,,,<8;8;8;8;8;8;8;8>,,
874,,,,,120%,,,,,,,,,,,,,,,,,,,,,,,,,120%,,120%,120%,120%,120%,3,Houndour,1171,,,,,,{advance=7;id=30303;level=60},,,,<8;8;8;8;8;8;8;8>,,
875,,,,,120%,,,,,,,,,,,,,,,,,,,,,,,,,120%,,120%,120%,120%,120%,3,Growlithe,241,,,,,,{advance=7;id=30310;level=60},,,,<8;8;8;8;8;8;8;8>,,
876,,,,,120%,,,,,,,,,,,,,,,,,,,,,,,,,120%,,120%,120%,120%,120%,3,Riolu,2241,,,,,,{advance=7;id=30313;level=60},,,,<8;8;8;8;8;8;8;8>,,
877,,,,,,,,,,,,,,,,,,,,,,,,,,,,,,,,,,,,4,Diancie,3631,,,,,,{advance=7;id=30406;level=60},,,,<8;8;8;8;8;8;8;8>,,
878,,,,,,,,,,,,,,,,,,,,,,,,,,,,,,,,,,,,4,Diancie,3631,,,,,,{advance=7;id=30406;level=60},,,,<8;8;8;8;8;8;8;8>,,
879,,,,,,,,,,,,,,,,,,,,,,,,,,,,,,,,,,,,4,Diancie,3631,,,,,,{advance=7;id=30406;level=60},,,,<8;8;8;8;8;8;8;8>,,
880,,,,,,,,,,,,,,,,,,,,,,,,,,,,,,,,,,,,4,Diancie,3631,,,,,,{advance=7;id=30406;level=60},,,,<8;8;8;8;8;8;8;8>,,
881,,,,,,,,,,,,,,,,,,,,,,,,,,,,,,,,,,,,5,Mega Diancie,3632,,,,,,{advance=7;id=30406;level=60},,,,<8;8;8;8;8;8;8;8>,,
882,,,,,,,,,,,,,,,,,,,,,,,,,,,,,,,,,,,,4,Diancie,3631,,,,,,{advance=7;id=30406;level=60},,,,<8;8;8;8;8;8;8;8>,,
883,,,,,,,,,,,,,,,,,,,,,,,,,,,,,,,2,,,,,4,Red Ditto,9003,,,,,,{advance=7;id=30106;level=60},,,,<8;8;8;8;8;8;8;8>,,
884,,,,,,,,,,,,,,,,,,,,,,,,,,,,,,,2,,,,,4,Red Ditto,9003,,,,,,{advance=7;id=30106;level=60},,,,<8;8;8;8;8;8;8;8>,,
885,,,,,,,,,,,,,,,,,,,,,,,,,,,,,,,2,,,,,4,Red Ditto,9003,,,,,,{advance=7;id=30106;level=60},,,,<8;8;8;8;8;8;8;8>,,
886,,,,,,,,,,,,,,,,,,,,,,,,,,,,,,,2,,,,,4,Red Ditto,9003,,,,,,{advance=7;id=30106;level=60},,,,<8;8;8;8;8;8;8;8>,,
887,,,,,,,,,,,,,,,,,,,,,,,,,,,,,,,2,,,,,4,Red Ditto,9003,,,,,,{advance=7;id=30106;level=60},,,,<8;8;8;8;8;8;8;8>,,
888,,,,,,,,,,,,,,,,,,,,,,,,,,,,,,,2,,,,,4,Red Ditto,9003,,,,,,{advance=7;id=30106;level=60},,,,<8;8;8;8;8;8;8;8>,,
889,,,,,,,,,,,,,,,,,,,,,,,,,,,,,,,,,,,,4,Ash-Greninja,7011,,,,,,{advance=7;id=30401;level=60},,,,<8;8;8;8;8;8;8;8>,,
890,,,,,,,,,,,,,,,,,,,,,,,,,,,,,,,,,,,,4,Ash-Greninja,7011,,,,,,{advance=7;id=30401;level=60},,,,<8;8;8;8;8;8;8;8>,,
891,,,,,,,,,,,,,,,,,,,,,,,,,,,,,,,,,,,,4,Ash-Greninja,7011,,,,,,{advance=7;id=30401;level=60},,,,<8;8;8;8;8;8;8;8>,,
892,,,,,,,,,,,,,,,,,,,,,,,,,,,,,,,,,,,,4,Ash-Greninja,7011,,,,,,{advance=7;id=30401;level=60},,,,<8;8;8;8;8;8;8;8>,,
893,,,,,,,,,,,,,,,,,,,,,,,,,,,,,,,,,,,,4,Ash-Greninja,7011,,,,,,{advance=7;id=30401;level=60},,,,<8;8;8;8;8;8;8;8>,,
894,,,,,,,,,,,,,,,,,,,,,,,,,,,,,,,,,,,,4,Ash-Greninja,7011,,,,,,{advance=7;id=30401;level=60},,,,<8;8;8;8;8;8;8;8>,,
895,,,,,,,,,,,,,,,,,,,,,,,,,,,,,,,,,,,,4,Mewtwo,761,,,,,,{advance=7;id=30401;level=60},,,,<8;8;8;8;8;8;8;8>,,
896,,,,,,,,,,,,,,,,,,,,,,,,,,,,,,,,,,,,4,Mewtwo,761,,,,,,{advance=7;id=30401;level=60},,,,<8;8;8;8;8;8;8;8>,,
897,,,,,,,,,,,,,,,,,,,,,,,,,,,,,,,,,,,,4,Mewtwo,761,,,,,,{advance=7;id=30401;level=60},,,,<8;8;8;8;8;8;8;8>,,
898,,,,,,,,,,,,,,,,,,,,,,,,,,,,,,,,,,,,4,Mewtwo,761,,,,,,{advance=7;id=30401;level=60},,,,<8;8;8;8;8;8;8;8>,,
899,,,,,,,,,,,,,,,,,,,,,,,,,,,,,,,,,,,,5,Mega Mewtwo X,762,,,,,,{advance=7;id=30401;level=60},<100;100;100;100;100;100;100>,,,<8;8;8;8;8;8;8;8>,,
900,,,,,,,,,,,,,,,,,,,,,,,,,,,,,,,,,,,,4,Mewtwo,761,,,,,,{advance=7;id=30401;level=60},,,,<8;8;8;8;8;8;8;8>,,
901,,,,,,,,,,,,,,,,,,,,,,,,,,,,,,,,,,,,4,Diancie,3631,,,,,,{advance=7;id=30406;level=60},,,,,,
902,,,,,,,,,,,,,,,,,,,,,,,,,,,,,,,,,,,,4,Diancie,3631,,,,,,{advance=7;id=30406;level=60},,,,,,
903,,,,,,,,,,,,,,,,,,,,,,,,,,,,,,,,,,,,4,Diancie,3631,,,,,,{advance=7;id=30406;level=60},,,,,,
904,,,,,,,,,,,,,,,,,,,,,,,,,,,,,,,,,,,,4,Diancie,3631,,,,,,{advance=7;id=30406;level=60},,,,,,
905,,,,,,,,,,,,,,,,,,,,,,,,,,,,,,,,,,,,5,Mega Diancie,3632,,,,,,{advance=7;id=30406;level=60},,,,,,
906,,,,,,,,,,,,,,,,,,,,,,,,,,,,,,,,,,,,4,Diancie,3631,,,,,,{advance=7;id=30406;level=60},,,,,,
907,,,,,140%,,,,,,,,,,,,,,,,,,,,,,,,,140%,,140%,140%,140%,140%,2,Meowth,211,,,,,,{advance=7;id=30001;level=60},<100;100;100;100;100;100;100>,,,,,
908,,,,,140%,,,,,,,,,,,,,,,,,,,,,,,,,140%,,140%,140%,140%,140%,2,Meowth,211,,,,,,{advance=7;id=30001;level=60},<100;100;100;100;100;100;100>,,,,,
909,,,,,140%,,,,,,,,,,,,,,,,,,,,,,,,,140%,,140%,140%,140%,140%,2,Meowth,211,,,,,,{advance=7;id=30001;level=60},<100;100;100;100;100;100;100>,,,,,
910,,,,,140%,,,,,,,,,,,,,,,,,,,,,,,,,140%,,140%,140%,140%,140%,2,Meowth,211,,,,,,{advance=7;id=30001;level=60},<100;100;100;100;100;100;100>,,,,,
911,,,,,140%,,,,,,,,,,,,,,,,,,,,,,,,,140%,,140%,140%,140%,140%,2,Meowth,211,,,,,,{advance=7;id=30001;level=60},<100;100;100;100;100;100;100>,,,,,
912,,,,,140%,,,,,,,,,,,,,,,,,,,,,,,,,140%,,140%,140%,140%,140%,2,Meowth,211,,,,,,{advance=7;id=30001;level=60},<100;100;100;100;100;100;100>,,,,,
913,,,,,120%,,,,,,,,,,,,,,,,,,,,,,,,,120%,,120%,120%,120%,120%,3,Terrakion,3171,,,,,,{advance=7;id=30306;level=60},,,,<8;8;8;8;8;8;8;8>,,
914,,,,,120%,,,,,,,,,,,,,,,,,,,,,,,,,120%,,120%,120%,120%,120%,3,Cobalion,3161,,,,,,{advance=7;id=30304;level=60},,,,<8;8;8;8;8;8;8;8>,,
915,,,,,120%,,,,,,,,,,,,,,,,,,,,,,,,,120%,,120%,120%,120%,120%,3,Virizion,3181,,,,,,{advance=7;id=30301;level=60},,,,<8;8;8;8;8;8;8;8>,,
916,,,,,,,,,,,,,,,,,,,,,,,,,,,,,,,,,,,,4,Victini,2461,,,,,,{advance=7;id=30427;level=60},,,,<8;8;8;8;8;8;8;8>,,
917,,,,2000,120%,,,,,,,,,5000,,,,,,,,,,,,,,,,120%,,120%,120%,120%,200%,4,Keldeo Resolute Form,7071,2000,5000,,2000,,{advance=7;id=30445;level=60},,,,<8;8;8;8;8;8;8;8>,,
918,,,,,,,,,,,,,,,,,,,,,,,,,,,,,,,,,,,,4,Meloetta Aria Forme,3261,,,,,,{advance=7;id=30418;level=60},,,,<8;8;8;8;8;8;8;8>,,
919,,,,,120%,,,,,,,,,,,,,,,,,,,,,,,,,120%,,120%,120%,120%,120%,3,Tornadus,3191,,,,,,{advance=7;id=30304;level=60},,,,,,
920,,,,,120%,,,,,,,,,,,,,,,,,,,,,,,,,120%,,120%,120%,120%,120%,3,Landorus,3231,,,,,,{advance=7;id=30307;level=60},,,,,,
921,,,,,120%,,,,,,,,,,,,,,,,,,,,,,,,,120%,,120%,120%,120%,120%,3,Thundurus,3201,,,,,,{advance=7;id=30303;level=60},,,,,,
922,,,,,,,,,,,,,,,,,,,,,,,,,,,,,,,,,,,,4,Zekrom,3221,,,,,,{advance=7;id=30416;level=60},,,,,,
923,,,,,120%,,,,,,,,,,,,,,,,,,,,,,,,,120%,,120%,120%,120%,200%,4,Kyurem,3241,,,,,,{advance=7;id=30417;level=60},,,,,,
924,,,,,,,,,,,,,,,,,,,,,,,,,,,,,,,,,,,,4,Reshiram,3211,,,,,,{advance=7;id=30415;level=60},,,,,,
925,,,,,,,,,,,,,,,,,,,,,,,,,,,,,,,,,,,,4,Dialga,2351,,,,,,{advance=7;id=30410;level=60},,,,,,
926,,,,,,,,,,,,,,,,,,,,,,,,,,,,,,,,,,,,5,Primal Groudon,1972,,,,,,{advance=7;id=30403;level=60},,,,,,
927,,,,,,,,,,,,,,,,,,,,,,,,,,,,,,,,,,,,4,Yveltal,3611,,,,,,{advance=7;id=30421;level=60},,,,,,
928,,,,,,,,,,,,,,,,,,,,,,,,,,,,,,,,,,,,4,Zekrom,3221,,,,,,{advance=7;id=30416;level=60},,,,,,
929,,,,,,,,,,,,,,,,,,,,,,,,,,,,,,,,,,,,4,Origin Mew,7041,,,,,,{advance=7;id=30441;level=60},,,,,,
930,,,,,,,,,,,,,,,,,,,,,,,,,,,,,,,,,,,,4,Hoppa Unbound,3642,,,,,,{advance=7;id=30414;level=60},,,,,,
931,,,,,,,,,,,,,,,,,,,,,,,,,,,,,,,,,,,,4,Reshiram,3211,,,,,,{advance=7;id=30415;level=60},,,,,,
932,,,,,,,,,,,,,,,,,,,,,,,,,,,,,,,,,,,,5,Primal Kyogre,1962,,,,,,{advance=7;id=30404;level=60},,,,,,
933,,,,,,,,,,,,,,,,,,,,,,,,,,,,,,,,,,,,4,Xerneas,3601,,,,,,{advance=7;id=30425;level=60},,,,,,
934,,,,,,,,,,,,,,,,,,,,,,,,,,,,,,,,,,,,4,Palkia,2361,,,,,,{advance=7;id=30411;level=60},,,,,,
935,,,,,,,,,,,,,,,,,,,,,,,,,,,,,,,,,,,,5,Mega Mewtwo X,762,,,,,,{advance=7;id=30401;level=60},<100;100;100;100;100;100;100>,,,,,
936,,,,,,,,,,,,,,,,,,,,,,,,,,,,,,,,,,,,4,Lugia,1261,,,,,,{advance=7;id=30407;level=60},,,,,,
937,,,,,120%,,,,,,,,,,,,,,,,,,,,,,,,,120%,,120%,120%,120%,120%,3,Suicune,1241,,,,,,{advance=7;id=30305;level=60},,,,,,
938,,,,,120%,,,,,,,,,,,,,,,,,,,,,,,,,120%,,120%,120%,120%,120%,3,Goodra,3543,,,,,,{advance=7;id=30301;level=60},,,,,,
939,,,,,160%,,,,,,,,,,,,,,,,,,,,,,,,,160%,,160%,160%,160%,160%,,Ludicolo,1353,,,,,,{advance=7;id=30207;level=60},,,,,,
940,,,,,120%,,,,,,,,,,,,,,,,,,,,,,,,,120%,,120%,120%,120%,120%,3,Milotic,1772,,,,,,{advance=7;id=30317;level=60},,,,,,
941,,,,,,,,,,,,,,,,,,,,,,,,,,,,,,,,,,,,5,Primal Kyogre,1962,,,,,,{advance=7;id=30404;level=60},,,,,,
942,,,,,120%,,,,,,,,,,,,,,,,,,,,,,,,,120%,,120%,120%,120%,120%,3,Politoed,254,,,,,,{advance=7;id=30304;level=60},,,,,,
943,,,,,120%,,,,,,,,,,,,,,,,,,,,,,,,,120%,,120%,120%,120%,120%,3,Zapdos,731,,,,,,{advance=7;id=30303;level=60},,,,,,
944,,,,,120%,,,,,,,,,,,,,,,,,,,,,,,,,120%,,120%,120%,120%,120%,3,Thundurus,3201,,,,,,{advance=7;id=30303;level=60},,,,,,
945,,,,,120%,,,,,,,,,,,,,,,,,,,,,,,,,120%,,120%,120%,120%,120%,3,Raikou,1221,,,,,,{advance=7;id=30304;level=60},,,,,,
946,,,,,120%,,,,,,,,,,,,,,,,,,,,,,,,,120%,,120%,120%,120%,120%,3,Xurkitree,4061,,,,,,{advance=7;id=30303;level=60},,,,,,
947,,,,,,,,,,,,,,,,,,,,,,,,,,,,,,,,,,,,4,Zekrom,3221,,,,,,{advance=7;id=30416;level=60},,,,,,
948,,,,,,,,,,,,,,,,,,,,,,,,,,,,,,,,,,,,4,Zeraora,4161,,,,,,{advance=7;id=30426;level=60},,,,,,
949,,,,,,,,,,,,,,,,,,,,,,,,,,,,,,,,,,,,4,Genesect,3271,,,,,,{advance=7;id=30424;level=60},,,,,,
950,,,,,,,,,,,,,,,,,,,,,,,,,,,,,,,,,,,,4,Solgaleo,4023,,,,,,{advance=7;id=30434;level=60},,,,,,
951,,,,,,,,,,,,,,,,,,,,,,,,,,,,,,,,,,,,4,Melmetal,4172,,,,,,{advance=7;id=30420;level=60},,,,,,
952,,,,,,,,,,,,,,,,,,,,,,,,,,,,,,,,,,,,4,Magearna,4111,,,,,,{advance=7;id=30435;level=60},,,,,,
953,,,,,,,,,,,,,,,,,,,,,,,,,,,,,,,,,,,,4,Dialga,2351,,,,,,{advance=7;id=30410;level=60},,,,,,
954,,,,,,,,,,,,,,,,,,,,,,,,,,,,,,,,,,,,4,Jirachi,1991,,,,,,{advance=7;id=30419;level=60},,,,,,
955,,,,,,,,,,,,,,,,,,,,,,,,,,,,,,,,,,,,4,Shiny Mega Tyranitar,7031,,,,,,{advance=7;id=30439;level=60},,,,,,
956,,,,,,,,,,,,,,,,,,,,,,,,,,,,,,,,,,,,5,Primal Groudon,1972,,,,,,{advance=7;id=30403;level=60},,,,,,
957,,,,,,,,,,,,,,,,,,,,,,,,,,,,,,,,,,,,4,Zygarde Complete Forme,3623,,,,,,{advance=7;id=30431;level=60},,,,,,
958,,,,,120%,,,,,,,,,,,,,,,,,,,,,,,,,120%,,120%,120%,120%,120%,3,Mega Aggron,1504,,,,,,{advance=7;id=30301;level=60},,,,,,
959,,,,,,,,,,,,,,,,,,,,,,,,,,,,,,,,,,,,5,Mega Diancie,3632,,,,,,{advance=7;id=30406;level=60},,,,,,
960,,,,,120%,,,,,,,,,,,,,,,,,,,,,,,,,120%,,120%,120%,120%,120%,3,Stakataka,4141,,,,,,{advance=7;id=30301;level=60},,,,,,
961,,,,,120%,,,,,,,,,,,,,,,,,,,,,,,,,120%,,120%,120%,120%,120%,3,Pheromosa,4051,,,,,,{advance=7;id=30307;level=60},,,,,,
962,,,,,120%,,,,,,,,,,,,,,,,,,,,,,,,,120%,,120%,120%,120%,120%,3,Tsareena,3843,,,,,,{advance=7;id=30302;level=60},,,,,,
963,,,,,120%,,,,,,,,,,,,,,,,,,,,,,,,,120%,,120%,120%,120%,120%,3,Milotic,1772,,,,,,{advance=7;id=30317;level=60},,,,,,
964,,,,,,,,,,,,,,,,,,,,,,,,,,,,,,,,,,,,5,Mega Diancie,3632,,,,,,{advance=7;id=30406;level=60},,,,,,
965,,,,,,,,,,,,,,,,,,,,,,,,,,,,,,,,,,,,4,Shiny Mega Gardevoir,7051,,,,,,{advance=7;id=30442;level=60},,,,,,
966,,,,,,,,,,,,,,,,,,,,,,,,,,,,,,,,,,,,4,Meloetta Aria Forme,3261,,,,,,{advance=7;id=30418;level=60},,,,,,
967,,,,,120%,,,,,,,,,,,,,,,,,,,,,,,,,120%,,120%,120%,120%,120%,3,Samurott,2493,,,,,,{advance=7;id=30303;level=60},,,,,,
968,,,,,,,,,,,,,,,,,,,,,,,,,,,,,,,,,,,,4,Shiny Mega Gallade,7061,,,,,,{advance=7;id=30444;level=60},,,,,,
969,,,,,120%,,,,,,,,,,,,,,,,,,,,,,,,,120%,,120%,120%,120%,120%,3,Aegislash Shield Forme,3413,,,,,,{advance=7;id=30420;level=60},,,,,,
970,,,,,120%,,,,,,,,,,,,,,,,,,,,,,,,,120%,,120%,120%,120%,120%,3,Kartana,4081,,,,,,{advance=7;id=30304;level=60},,,,,,
971,,,,,,,,,,,,,,,,,,,,,,,,,,,,,,,,,,,,4,Zacian,4591,,,,,,{advance=7;id=30446;level=60},,,,,,
972,,,,,,,,,,,,,,,,,,,,,,,,,,,,,,,,,,,,4,Keldeo Resolute Form,7071,,,,,,{advance=7;id=30445;level=60},,,,,,
973,,,,,120%,,,,,,,,,,,,,,,,,,,,,,,,,120%,,120%,120%,120%,120%,3,Latios,1951,,,,,,{advance=7;id=30411;level=60},,,,,,
974,,,,,120%,,,,,,,,,,,,,,,,,,,,,,,,,120%,,120%,120%,120%,120%,3,Goodra,3543,,,,,,{advance=7;id=30301;level=60},,,,,,
975,,,,,120%,,,,,,,,,,,,,,,,,,,,,,,,,120%,,120%,120%,120%,120%,3,Latias,1941,,,,,,{advance=7;id=30419;level=60},,,,,,
976,,,,,120%,,,,,,,,,,,,,,,,,,,,,,,,,120%,,120%,120%,120%,120%,3,Dracovish,4561,,,,,,{advance=7;id=30306;level=60},,,,,,
977,,,,,,,,,,,,,,,,,,,,,,,,,,,,,,,,,,,,4,Zygarde 10% Forme,3621,,,,,,{advance=7;id=30431;level=60},,,,,,
978,,,,,120%,,,,,,,,,,,,,,,,,,,,,,,,,120%,,120%,120%,120%,120%,3,Garchomp,2233,,,,,,{advance=7;id=30402;level=60},,,,,,
979,,,,,140%,,,,,,,,,,,,,,,,,,,,,,,,,140%,,140%,140%,140%,140%,2,Charizard,13,,,,,,{advance=7;id=30310;level=60},,,,,,
980,,,,,120%,,,,,,,,,,,,,,,,,,,,,,,,,120%,,120%,120%,120%,120%,3,Ampharos,883,,,,,,{advance=7;id=30303;level=60},,,,,,
981,,,,,160%,,,,,,,,,,,,,,,,,,,,,,,,,160%,,160%,160%,160%,160%,,Caterpie,31,,,,,,{advance=7;id=30401;level=60},,,,,,
982,,,,,140%,,,,,,,,,,,,,,,,,,,,,,,,,140%,,140%,140%,140%,140%,2,Aurorus,3502,,,,,,{advance=7;id=30202;level=60},,,,,,
983,,,,,120%,,,,,,,,,,,,,,,,,,,,,,,,,120%,,120%,120%,120%,120%,3,Gyarados,631,,,,,,{advance=7;id=30315;level=60},,,,,,
984,,,,,120%,,,,,,,,,,,,,,,,,,,,,,,,,120%,,120%,120%,120%,120%,3,Aerodactyl,701,,,,,,{advance=7;id=30312;level=60},,,,,,
985,,,,,120%,,,,,,,,,,,,,,,,,,,,,,,,,120%,,120%,120%,120%,120%,3,Entei,1231,,,,,,{advance=7;id=30301;level=60},,,,,,
986,,,,,120%,,,,,,,,,,,,,,,,,,,,,,,,,120%,,120%,120%,120%,120%,3,Chandelure,2993,,,,,,{advance=7;id=30309;level=60},,,,,,
987,,,,,120%,,,,,,,,,,,,,,,,,,,,,,,,,120%,,120%,120%,120%,120%,3,Blacephalon,4151,,,,,,{advance=7;id=30415;level=60},,,,,,
988,,,,,120%,,,,,,,,,,,,,,,,,,,,,,,,,120%,,120%,120%,120%,120%,3,Arcanine,242,,,,,,{advance=7;id=30310;level=60},,,,,,
989,,,,,120%,,,,,,,,,,,,,,,,,,,,,,,,,120%,,120%,120%,120%,120%,3,Mega Charizard X,14,,,,,,{advance=7;id=30310;level=60},,,,,,
990,,,,,120%,,,,,,,,,,,,,,,,,,,,,,,,,120%,,120%,120%,120%,120%,3,Infernape,2023,,,,,,{advance=7;id=30402;level=60},,,,,,
991,,,,,120%,,,,,,,,,,,,,,,,,,,,,,,,,120%,,120%,120%,120%,120%,3,Moltres,741,,,,,,{advance=7;id=30303;level=60},,,,,,
992,,,,,120%,,,,,,,,,,,,,,,,,,,,,,,,,120%,,120%,120%,120%,120%,3,Volcarona,3152,,,,,,{advance=7;id=30307;level=60},,,,,,
993,,,,,120%,,,,,,,,,,,,,,,,,,,,,,,,,120%,,120%,120%,120%,120%,3,Heatran,2371,,,,,,{advance=7;id=30301;level=60},,,,,,
994,,,,,120%,,,,,,,,,,,,,,,,,,,,,,,,,120%,,120%,120%,120%,120%,3,Houndoom,1172,,,,,,{advance=7;id=30303;level=60},,,,,,
995,,,,,120%,,,,,,,,,,,,,,,,,,,,,,,,,120%,,120%,120%,120%,120%,3,Mega Charizard Y,15,,,,,,{advance=7;id=30310;level=60},,,,,,
996,,,,,120%,,,,,,,,,,,,,,,,,,,,,,,,,120%,,120%,120%,120%,120%,3,Blaziken,1303,,,,,,{advance=7;id=30315;level=60},,,,,,
997,,,,,120%,,,,,,,,,,,,,,,,,,,,,,,,,120%,,120%,120%,120%,120%,3,Houndour,1171,,,,,,{advance=7;id=30303;level=60},,,,,,
998,,,,,,,,,,,,,,,,,,,,,,,,,,,,,,,,,,,,4,Zygarde 10% Forme,3621,,,,,,{advance=7;id=30431;level=60},,,,,,
999,,,,,120%,,,,,,,,,,,,,,,,,,,,,,,,,120%,,120%,120%,120%,120%,3,Growlithe,241,,,,,,{advance=7;id=30310;level=60},,,,,,
1000,,,,,120%,,,,,,,,,,,,,,,,,,,,,,,,,120%,,120%,120%,120%,120%,3,Houndoom,1172,,,,,,{advance=7;id=30303;level=60},,,,,,
1001,,,,,,,,,,,,,,,,,,,,,,,,,,,,,,,,,,,,4,Zamazenta,4601,,,,,,{advance=7;id=30443;level=60},,,,,,
1002,,,,,120%,,,,,,,,,,,,,,,,,,,,,,,,,120%,,120%,120%,120%,120%,3,Arcanine,242,,,,,,{advance=7;id=30310;level=60},,,,,,
1003,,,,,120%,,,,,,,,,,,,,,,,,,,,,,,,,120%,,120%,120%,120%,120%,3,Doublade,3412,,,,,,{advance=7;id=30420;level=60},,,,,,
1004,,,,,140%,,,,,,,,,,,,,,,,,,,,,,,,,140%,,140%,140%,140%,140%,2,Weezing,482,,,,,,{advance=7;id=30309;level=60},,,,,,
1005,,,,,120%,,,,,,,,,,,,,,,,,,,,,,,,,120%,,120%,120%,120%,120%,3,Zweilous,3142,,,,,,{advance=7;id=30310;level=60},,,,,,
1006,,,,,140%,,,,,,,,,,,,,,,,,,,,,,,,,140%,,140%,140%,140%,140%,2,Klink,2961,,,,,,{advance=7;id=30318;level=60},,,,,,
1007,,,,,140%,,,,,,,,,,,,,,,,,,,,,,,,,140%,,140%,140%,140%,140%,2,Vanilluxe,2873,,,,,,{advance=7;id=30311;level=60},,,,,,
1008,,,,,140%,,,,,,,,,,,,,,,,,,,,,,,,,140%,,140%,140%,140%,140%,2,Klang,2962,,,,,,{advance=7;id=30318;level=60},,,,,,
1009,,,,,20%,,,,,,,,,,,,,,,,,,,,,,,,,20%,,20%,20%,20%,20%,3,Houndour,1171,,,,,,{advance=7;id=30303;level=60},,,,,,
1010,,,,,20%,,,,,,,,,,,,,,,,,,,,,,,,,20%,,20%,20%,20%,20%,3,Growlithe,241,,,,,,{advance=7;id=30310;level=60},,,,,,
1011,,,,,20%,,,,,,,,,,,,,,,,,,,,,,,,,20%,,20%,20%,20%,20%,2,Tepig,2481,,,,,,{advance=7;id=30302;level=60},,,,,,
1012,,,,,20%,,,,,,,,,,,,,,,,,,,,,,,,,20%,,20%,20%,20%,20%,3,Houndoom,1172,,,,,,{advance=7;id=30303;level=60},,,,,,
1013,,,,,20%,,,,,,,,,,,,,,,,,,,,,,,,,20%,,20%,20%,20%,20%,3,Arcanine,242,,,,,,{advance=7;id=30310;level=60},,,,,,
1014,,,,,20%,,,,,,,,,,,,,,,,,,,,,,,,,20%,,20%,20%,20%,20%,4,Zygarde 10% Forme,3621,,,,,,{advance=7;id=30431;level=60},,,,,,
1015,,,,,140%,,,,,,,,,,,,,,,,,,,,,,,,,140%,,140%,140%,140%,140%,2,Shinx,2071,,,,,,{advance=7;id=30312;level=60},,,,,,
1016,,,,,140%,,,,,,,,,,,,,,,,,,,,,,,,,140%,,140%,140%,140%,140%,2,Meowth,211,,,,,,{advance=7;id=30001;level=60},<100;100;100;100;100;100;100>,,,,,
1017,,,,,120%,,,,,,,,,,,,,,,,,,,,,,,,,120%,,120%,120%,120%,120%,3,Litten,3671,,,,,,{advance=7;id=30313;level=60},,,,,,
1018,,,,,140%,,,,,,,,,,,,,,,,,,,,,,,,,140%,,140%,140%,140%,140%,2,Luxio,2072,,,,,,{advance=7;id=30312;level=60},,,,,,
1019,,,,,140%,,,,,,,,,,,,,,,,,,,,,,,,,140%,,140%,140%,140%,140%,2,Persian,212,,,,,,{advance=7;id=30208;level=60},<100;100;100;100;100;100;100>,,,,,
1020,,,,,120%,,,,,,,,,,,,,,,,,,,,,,,,,120%,,120%,120%,120%,120%,3,Torracat,3672,,,,,,{advance=7;id=30313;level=60},,,,,,
1021,4000,10000,1000,5000,360%,2000,10000,,,,,,,8000,2000,10000,3000,,6000,,,10000,1000,,,,,,,420%,,360%,360%,360%,1140%,3,Gengar,393,5000,12000,124,10000,25,{advance=7;id=30438;level=80},,,,<8;8;8;8;8;8;8;8>,,
1022,4000,10000,1000,5000,360%,2000,10000,,,,,,,5000,2000,5000,3000,,10000,,,2000,1000,,,,,,,440%,,360%,360%,360%,1100%,3,Dragonite,753,5000,14000,124,10000,25,{advance=7;id=30414;level=80},<100;100;100;100;100;100;100>,,,<8;8;8;8;8;8;8;8>,,
1023,6000,15000,2000,12000,440%,2000,10000,,,,,,,8000,2000,5000,6000,,6000,,,3000,3000,,,,,,,360%,,440%,360%,360%,1180%,3,Dracovish,4561,12000,12000,124,8000,25,{advance=7;id=30410;level=80},,,,<8;8;8;8;8;8;8;8>,,
1024,4000,10000,1000,5000,360%,2000,10000,,,,,,,5000,2000,5000,13000,,6000,,,2000,1000,,,,,,,460%,,360%,400%,400%,1100%,3,Lucario,2242,5000,13000,124,10000,25,{advance=7;id=30419;level=80},,,,<8;8;8;8;8;8;8;8>,,
1025,4000,10000,1000,4000,360%,4000,10000,,,,,,,10000,2000,10000,3000,,6000,,,2000,1000,,,,,,,620%,,360%,360%,360%,1700%,3,Ash's Pikachu,7001,2000,24000,124,15000,25,{advance=7;id=30319;level=80},,,,<8;8;8;8;8;8;8;8>,,
1026,4000,10000,1000,5000,360%,2000,10000,,,,,,,5000,2000,5000,3000,,6000,,,2000,1000,,,,,,,440%,,360%,380%,380%,1100%,3,Sirfetch'd,4431,5000,17000,124,16000,25,{advance=7;id=30444;level=80},,,,<8;8;8;8;8;8;8;8>,,
1027,4000,10000,1000,5000,400%,,10000,,,,,,,5000,,5000,3000,,6000,,,1000,1000,,,,,,,400%,,400%,400%,400%,1100%,3,Aegislash Shield Forme,3413,5000,10000,124,10000,25,{advance=7;id=30403;level=80},,,,<8;8;8;8;8;8;8;8>,,
1028,4000,10000,1000,5000,400%,,10000,,,,,,,5000,,5000,3000,,6000,,,1000,1000,,,,,,,400%,,400%,400%,400%,1100%,3,Cinderace,4193,5000,10000,124,10000,25,{advance=7;id=30427;level=80},,,,<8;8;8;8;8;8;8;8>,,
1029,4000,10000,1000,5000,400%,,10000,,,,,,,5000,,5000,3000,,6000,,,1000,1000,,,,,,,400%,,400%,400%,400%,1100%,3,Rhyperior,493,5000,10000,124,10000,25,{advance=7;id=30407;level=80},,,,<8;8;8;8;8;8;8;8>,,
1030,4000,10000,1000,5000,400%,,10000,,,,,,,5000,,5000,3000,,6000,,,1000,1000,,,,,,,400%,,400%,400%,400%,1100%,3,Haxorus,3003,5000,10000,124,10000,25,{advance=7;id=30426;level=80},,,,<8;8;8;8;8;8;8;8>,,
1031,4000,10000,1000,10000,500%,2000,10000,,,,,,,5000,,5000,3000,,6000,,,1000,1000,,,,,,,500%,,500%,500%,500%,1700%,2,Charizard,13,10000,20000,124,20000,25,{advance=7;id=31101;level=80},,,,<8;8;8;8;8;8;8;8>,,
1032,4000,10000,1000,5000,400%,,10000,,,,,,,5000,,5000,3000,,6000,,,1000,1000,,,,,,,400%,,400%,400%,400%,1100%,3,Incineroar,3673,5000,10000,124,10000,25,{advance=7;id=30402;level=80},,,,<8;8;8;8;8;8;8;8>,,
1033,,,,,120%,,,,,,,,,,,,,,,,,,,,,,,,,120%,,120%,120%,120%,120%,3,Cryogonal,3021,,,,,,{advance=7;id=30301;level=60},,,,,,
1034,,,,,,,,,,,,,,,,,,,,,,,,,,,,,,,,,,,,4,Zamazenta,4601,,,,,,{advance=7;id=30443;level=60},,,,,,
1035,,,,,,,,,,,,,,,,,,,,,,,,,,,,,,,,,,,,4,Shiny Mega Tyranitar,7031,,,,,,{advance=7;id=30439;level=60},,,,,,
1036,,,,,,,,,,,,,,,,,,,,,,,,,,,,,,,,,,,,4,Diancie,3631,,,,,,{advance=7;id=30406;level=60},,,,,,
1037,,,,,120%,,,,,,,,,,,,,,,,,,,,,,,,,120%,,120%,120%,120%,120%,3,Aegislash Shield Forme,3413,,,,,,{advance=7;id=30420;level=60},,,,,,
1038,,,,,120%,,,,,,,,,,,,,,,,,,,,,,,,,120%,,120%,120%,120%,120%,3,Stakataka,4141,,,,,,{advance=7;id=30301;level=60},,,,,,
1039,,,,,,,,,,,,,,,,,,,,,,,,,,,,,,,,,,,,4,Shiny Mega Gallade,7061,,,,,,{advance=7;id=30444;level=60},,,,,,
1040,,,,,,,,,,,,,,,,,,,,,,,,,,,,,,,,,,,,4,Keldeo Resolute Form,7071,,,,,,{advance=7;id=30445;level=60},,,,,,
1041,,,,,120%,,,,,,,,,,,,,,,,,,,,,,,,,120%,,120%,120%,120%,120%,3,Doublade,3412,,,,,,{advance=7;id=30420;level=60},,,,,,
1042,,,,,120%,,,,,,,,,,,,,,,,,,,,,,,,,120%,,120%,120%,120%,120%,3,Kartana,4081,,,,,,{advance=7;id=30304;level=60},,,,,,
1043,,,,,,,,,,,,,,,,,,,,,,,,,,,,,,,,,,,,4,Zacian,4591,,,,,,{advance=7;id=30446;level=60},,,,,,
1044,,,,,120%,,,,,,,,,,,,,,,,,,,,,,,,,120%,,120%,120%,120%,120%,3,Samurott,2493,,,,,,{advance=7;id=30303;level=60},,,,,,
1045,,,,,,,,,,,,,,,,,,,,,,,,,,,,,,,,,,,,2,Gigalith,2593,,,,,,{advance=7;id=30311;level=60},,,,,,
1046,,,,,,,,,,,,,,,,,,,,,,,,,,,,,,,,,,,,2,Gigalith,2593,,,,,,{advance=7;id=30311;level=60},,,,,,
1047,,,,,,,,,,,,,,,,,,,,,,,,,,,,,,,,,,,,2,Gigalith,2593,,,,,,{advance=7;id=30311;level=60},,,,,,
1048,,,,,,,,,,,,,,,,,,,,,,,,,,,,,,,,,,,,2,Gigalith,2593,,,,,,{advance=7;id=30311;level=60},,,,,,
1049,,,,,30%,,,,,,,,,,,,,,,,,,,,,,,,,30%,,30%,30%,30%,30%,5,Mega Rayquaza,1982,,,,,,{advance=7;id=30401;level=60},,,,,,
1050,,,,,,,,,,,,,,,,,,,,,,,,,,,,,,,,,,,,2,Gigalith,2593,,,,,,{advance=7;id=30311;level=60},,,,,,
1051,,,,,180%,4000,,,,,,,,,4000,,,,,,,,,,,,,,,180%,,180%,180%,180%,180%,2,Scolipede,2683,,10000,,10000,,{advance=7;id=30313;level=60},,,,<8;8;8;8;8;8;8;8>,,
1052,,,,,200%,4000,,,,,,,,,4000,,,,,,,,,,,,,,,200%,,200%,200%,200%,200%,,Caterpie,31,,10000,,10000,,{advance=7;id=30401;level=60},,,,<8;8;8;8;8;8;8;8>,,
1053,,,,,180%,4000,,,,,,,,,4000,,,,,,,,,,,,,,,180%,,180%,180%,180%,180%,2,Litleo,3341,,10000,,10000,,{advance=7;id=30315;level=60},,,,<8;8;8;8;8;8;8;8>,,
1054,,,,,200%,4000,,,,,,,,,4000,,,,,,,,,,,,,,,200%,,200%,200%,200%,200%,,Sandshrew,101,,10000,,10000,,{advance=7;id=30403;level=60},,,,<8;8;8;8;8;8;8;8>,,
1055,,,,,200%,4000,,,,,,,,,4000,,,,,,,,,,,,,,,200%,,200%,200%,200%,200%,,Fearow,72,,10000,,10000,,{advance=7;id=31301;level=60},,,,<8;8;8;8;8;8;8;8>,,
1056,,,,,200%,4000,,,,,,,,,4000,,,,,,,,,,,,,,,200%,,200%,200%,200%,200%,,Goldeen,541,,10000,,10000,,{advance=7;id=30103;level=60},,,,<8;8;8;8;8;8;8;8>,,
1057,,,,,140%,,,,,,,,,,,,,,,,,,,,,,,,,140%,,140%,140%,140%,140%,2,Camerupt,1612,,,,,,{advance=7;id=30204;level=60},,,,,,
1058,,,,,120%,,,,,,,,,,,,,,,,,,,,,,,,,120%,,120%,120%,120%,120%,3,Heatran,2371,,,,,,{advance=7;id=30301;level=60},,,,,,
1059,,,,,,,,,,,,,,,,,,,,,,,,,,,,,,,,,,,,4,Reshiram,3211,,,,,,{advance=7;id=30415;level=60},,,,,,
1060,,,,,120%,,,,,,,,,,,,,,,,,,,,,,,,,120%,,120%,120%,120%,120%,3,Moltres,741,,,,,,{advance=7;id=30303;level=60},,,,,,
1061,,,,,,,,,,,,,,,,,,,,,,,,,,,,,,,,,,,,4,Volcanion,3651,,,,,,{advance=7;id=30436;level=60},,,,,,
1062,,,,,120%,,,,,,,,,,,,,,,,,,,,,,,,,120%,,120%,120%,120%,120%,3,Magmortar,603,,,,,,{advance=7;id=30302;level=60},,,,,,
1063,,,,,,,,,,,,,,,,,,,,,,,,,,,,,,,,,,,,4,Kyogre,1961,,,,,,{advance=7;id=30404;level=60},,,,,,
1064,,,,,140%,,,,,,,,,,,,,,,,,,,,,,,,,140%,,140%,140%,140%,140%,2,Froslass,1853,,,,,,{advance=7;id=30309;level=60},,,,,,
1065,,,,,140%,,,,,,,,,,,,,,,,,,,,,,,,,140%,,140%,140%,140%,140%,2,Aurorus,3502,,,,,,{advance=7;id=30202;level=60},,,,,,
1066,,,,,120%,,,,,,,,,,,,,,,,,,,,,,,,,120%,,120%,120%,120%,120%,3,Articuno,721,,,,,,{advance=7;id=30303;level=60},,,,,,
1067,,,,,,,,,,,,,,,,,,,,,,,,,,,,,,,,,,,,4,Lugia,1261,,,,,,{advance=7;id=30407;level=60},,,,,,
1068,,,,,120%,,,,,,,,,,,,,,,,,,,,,,,,,120%,,120%,120%,120%,120%,3,Mega Abomasnow,2303,,,,,,{advance=7;id=30307;level=60},,,,,,
1069,3000,3000,,,160%,,3000,,,,,,,,,,,,3000,,,,,,,,,,,160%,,160%,160%,160%,160%,,Azumarill,893,,2000,,10000,,{advance=7;id=30401;level=60},,,,<8;8;8;8;8;8;8;8>,,
1070,3000,3000,,,,,3000,,,,,,,,,,,,3000,,,,,,,,,,,,,,,,,4,Magearna,4111,,2000,,10000,,{advance=7;id=30435;level=60},,,,<8;8;8;8;8;8;8;8>,,
1071,3000,3000,,,140%,,3000,,,,,,,,,,,,3000,,,,,,,,,,,140%,,140%,140%,140%,140%,2,Spinda,1641,,2000,,10000,,{advance=7;id=30209;level=60},,,,<8;8;8;8;8;8;8;8>,,
1072,3000,3000,,,120%,,3000,,,,,,,,,,,,3000,,,,,,,,,,,120%,,120%,120%,120%,120%,3,Scorbunny,4191,,2000,,10000,,{advance=7;id=30315;level=60},,,,<8;8;8;8;8;8;8;8>,,
1073,3000,3000,,,120%,,3000,,,,,,,,,,,,3000,,,,,,,,,,,120%,,120%,120%,120%,120%,3,Cinderace,4193,,2000,,10000,,{advance=7;id=30315;level=60},,,,<8;8;8;8;8;8;8;8>,,
1074,3000,3000,,,120%,,3000,,,,,,,,,,,,3000,,,,,,,,,,,120%,,120%,120%,120%,120%,3,Raboot,4192,,2000,,10000,,{advance=7;id=30315;level=60},,,,<8;8;8;8;8;8;8;8>,,
1075,,,,,120%,,,,,,,,,,,,,,,,,,,,,,,,,120%,,120%,120%,120%,120%,3,Electabuzz,592,,,,,,{advance=7;id=30313;level=60},,,,,,
1076,,,,,120%,,,,,,,,,,,,,,,,,,,,,,,,,120%,,120%,120%,120%,120%,3,Raikou,1221,,,,,,{advance=7;id=30304;level=60},,,,,,
1077,,,,,120%,,,,,,,,,,,,,,,,,,,,,,,,,120%,,120%,120%,120%,120%,3,Landorus,3231,,,,,,{advance=7;id=30307;level=60},,,,,,
1078,,,,,120%,,,,,,,,,,,,,,,,,,,,,,,,,120%,,120%,120%,120%,120%,3,Litten,3671,,,,,,{advance=7;id=30313;level=60},,,,,,
1079,,,,,120%,,,,,,,,,,,,,,,,,,,,,,,,,120%,,120%,120%,120%,120%,3,Incineroar,3673,,,,,,{advance=7;id=30313;level=60},,,,,,
1080,,,,,120%,,,,,,,,,,,,,,,,,,,,,,,,,120%,,120%,120%,120%,120%,3,Torracat,3672,,,,,,{advance=7;id=30313;level=60},,,,,,
1081,,,,,,,,,,,,,,,,,,,,,,,,,,,,,,,,,,,,4,Shiny Mega Gallade,7061,,,,,,{advance=7;id=30444;level=60},,,,<8;8;8;8;8;8;8;8>,,
1082,,,,,,,,,,,,,,,,,,,,,,,,,,,,,,,,,,,,4,Zamazenta,4601,,,,,,{advance=7;id=30443;level=60},,,,<8;8;8;8;8;8;8;8>,,
1083,,,,,120%,,,,,,,,,,,,,,,,,,,,,,,,,120%,,120%,120%,120%,120%,3,Latios,1951,,,,,,{advance=7;id=30411;level=60},,,,<8;8;8;8;8;8;8;8>,,
1084,,,,,,,,,,,,,,,,,,,,,,,,,,,,,,,,,,,,4,Marshadow,4121,,,,,,{advance=7;id=30432;level=60},,,,<8;8;8;8;8;8;8;8>,,
1085,,,,,,,,,,,,,,,,,,,,,,,,,,,,,,,,,,,,5,Mega Mewtwo X,762,,,,,,{advance=7;id=30401;level=60},<100;100;100;100;100;100;100>,,,<8;8;8;8;8;8;8;8>,,
1086,,,,,120%,,,,,,,,,,,,,,,,,,,,,,,,,120%,,120%,120%,120%,120%,3,Mega Charizard X,14,,,,,,{advance=7;id=30310;level=60},,,,<8;8;8;8;8;8;8;8>,,
1087,,,,,,,,,,,,,,,,,,,,,,,,,,,,,,,,,,,,4,Lugia,1261,,,,,,{advance=7;id=30407;level=60},,,,<8;8;8;8;8;8;8;8>,,
1088,,,,,,,,,,,,,,,,,,,,,,,,,,,,,,,,,,,,4,Origin Mew,7041,,,,,,{advance=7;id=30441;level=60},,,,<8;8;8;8;8;8;8;8>,,
1089,,,,,120%,,,,,,,,,,,,,,,,,,,,,,,,,120%,,120%,120%,120%,120%,3,Latias,1941,,,,,,{advance=7;id=30419;level=60},,,,<8;8;8;8;8;8;8;8>,,
1090,,,,,,,,,,,,,,,,,,,,,,,,,,,,,,,,,,,,4,Necrozma,4101,,,,,,{advance=7;id=30440;level=60},,,,<8;8;8;8;8;8;8;8>,,
1091,,,,,,,,,,,,,,,,,,,,,,,,,,,,,,,,,,,,5,Mega Mewtwo Y,763,,,,,,{advance=7;id=30401;level=60},<100;100;100;100;100;100;100>,,,<8;8;8;8;8;8;8;8>,,
1092,,,,,120%,,,,,,,,,,,,,,,,,,,,,,,,,120%,,120%,120%,120%,120%,3,Mega Charizard Y,15,,,,,,{advance=7;id=30310;level=60},,,,<8;8;8;8;8;8;8;8>,,
1093,,,,,,,,,,,,,,,,,,,,,,,,,,,,,,,,,,,,4,Calyrex Ice Rider,4682,,,,,,{advance=7;id=30452;level=60},,,,<8;8;8;8;8;8;8;8>,,
1094,,,,,,,,,,,,,,,,,,,,,,,,,,,,,,,,,,,,5,White Kyurem,3242,,,,,,{advance=7;id=30454;level=60},,,,<8;8;8;8;8;8;8;8>,,
1095,,,,,120%,,,,,,,,,,,,,,,,,,,,,,,,,120%,,120%,120%,120%,120%,3,Glastrier,4661,,,,,,{advance=7;id=30452;level=60},,,,<8;8;8;8;8;8;8;8>,,
1096,,,,,,,,,,,,,,,,,,,,,,,,,,,,,,,,,,,,4,Shiny Mega Abomasnow,7131,,,,,,{advance=7;id=30455;level=60},,,,<8;8;8;8;8;8;8;8>,,
1097,,,,,120%,,,,,,,,,,,,,,,,,,,,,,,,,120%,,120%,120%,120%,120%,3,Articuno,721,,,,,,{advance=7;id=30303;level=60},,,,<8;8;8;8;8;8;8;8>,,
1098,,,,,120%,,,,,,,,,,,,,,,,,,,,,,,,,120%,,120%,120%,120%,120%,3,Alolan Ninetales,144,,,,,,{advance=7;id=30311;level=60},,,,<8;8;8;8;8;8;8;8>,,
1099,,,,,120%,,,,,,,,,,,,,,,,,,,,,,,,,120%,,120%,120%,120%,120%,3,Swampert,1313,,,,,,{advance=7;id=30316;level=60},,,,<8;8;8;8;8;8;8;8>,,
1100,,,,,120%,,,,,,,,,,,,,,,,,,,,,,,,,120%,,120%,120%,120%,120%,3,Sceptile,1293,,,,,,{advance=7;id=30314;level=60},,,,<8;8;8;8;8;8;8;8>,,
1101,,,,,120%,,,,,,,,,,,,,,,,,,,,,,,,,120%,,120%,120%,120%,120%,3,Blaziken,1303,,,,,,{advance=7;id=30315;level=60},,,,<8;8;8;8;8;8;8;8>,,
1102,,,,,,,,,,,,,,,,,,,,,,,,,,,,,,,,,,,,5,Primal Kyogre,1962,,,,,,{advance=7;id=30404;level=60},,,,<8;8;8;8;8;8;8;8>,,
1103,,,,,,,,,,,,,,,,,,,,,,,,,,,,,,,,,,,,5,Mega Rayquaza,1982,,,,,,{advance=7;id=30401;level=60},,,,<8;8;8;8;8;8;8;8>,,
1104,,,,,,,,,,,,,,,,,,,,,,,,,,,,,,,,,,,,5,Primal Groudon,1972,,,,,,{advance=7;id=30403;level=60},,,,<8;8;8;8;8;8;8;8>,,
1105,,,,,,,,,,,,,,,,,,,,,,,,,,,,,,,,,,,,4,Hoppa Confined,3641,,,,,,{advance=7;id=30414;level=60},,,,<8;8;8;8;8;8;8;8>,,
1106,,,,,,,,,,,,,,,,,,,,,,,,,,,,,,,,,,,,4,Giratina,2391,,,,,,{advance=7;id=30412;level=60},,,,<8;8;8;8;8;8;8;8>,,
1107,,,,,,,,,,,,,,,,,,,,,,,,,,,,,,,,,,,,4,Calyrex Shadow Rider,4683,,,,,,{advance=7;id=30449;level=60},,,,<8;8;8;8;8;8;8;8>,,
1108,,,,,,,,,,,,,,,,,,,,,,,,,,,,,,,,,,,,4,Marshadow,4121,,,,,,{advance=7;id=30432;level=60},,,,<8;8;8;8;8;8;8;8>,,
1109,,,,,,,,,,,,,,,,,,,,,,,,,,,,,,,,,,,,4,Lunala,4024,,,,,,{advance=7;id=30437;level=60},,,,<8;8;8;8;8;8;8;8>,,
1110,,,,,,,,,,,,,,,,,,,,,,,,,,,,,,,,,,,,4,Shiny Mega Gengar,7021,,,,,,{advance=7;id=30438;level=60},,,,<8;8;8;8;8;8;8;8>,,
1111,,,,,,,,,,,,,,,,,,,,,,,,,,,,,,,,,,,,4,Magearna,4111,,,,,,{advance=7;id=30435;level=60},,,,<8;8;8;8;8;8;8;8>,,
1112,,,,,,,,,,,,,,,,,,,,,,,,,,,,,,,,,,,,4,Shiny Mega Lucario,7111,,,,,,{advance=7;id=30451;level=60},,,,<8;8;8;8;8;8;8;8>,,
1113,,,,,,,,,,,,,,,,,,,,,,,,,,,,,,,,,,,,4,Jirachi,1991,,,,,,{advance=7;id=30419;level=60},,,,<8;8;8;8;8;8;8;8>,,
1114,,,,,,,,,,,,,,,,,,,,,,,,,,,,,,,,,,,,4,Dialga,2351,,,,,,{advance=7;id=30410;level=60},,,,<8;8;8;8;8;8;8;8>,,
1115,,,,,,,,,,,,,,,,,,,,,,,,,,,,,,,,,,,,4,Solgaleo,4023,,,,,,{advance=7;id=30434;level=60},,,,<8;8;8;8;8;8;8;8>,,
1116,,,,,,,,,,,,,,,,,,,,,,,,,,,,,,,,,,,,4,Steven's Mega Metagross,7081,,,,,,{advance=7;id=30448;level=60},,,,<8;8;8;8;8;8;8;8>,,
1117,,,,,,,,,,,,,,,,,,,,,,,,,,,,,,,,,,,,4,Reshiram,3211,,,,,,{advance=7;id=30415;level=60},,,,<8;8;8;8;8;8;8;8>,,
1118,,,,,,,,,,,,,,,,,,,,,,,,,,,,,,,,,,,,5,Primal Groudon,1972,,,,,,{advance=7;id=30403;level=60},,,,<8;8;8;8;8;8;8;8>,,
1119,,,,,,,,,,,,,,,,,,,,,,,,,,,,,,,,,,,,4,Ho-Oh,1271,,,,,,{advance=7;id=31301;level=60},,,,<8;8;8;8;8;8;8;8>,,
1120,,,,,,,,,,,,,,,,,,,,,,,,,,,,,,,,,,,,4,Victini,2461,,,,,,{advance=7;id=30427;level=60},,,,<8;8;8;8;8;8;8;8>,,
1121,,,,,,,,,,,,,,,,,,,,,,,,,,,,,,,,,,,,4,Alain's Mega Charizard X,7121,,,,,,{advance=7;id=30453;level=60},,,,<8;8;8;8;8;8;8;8>,,
1122,,,,,,,,,,,,,,,,,,,,,,,,,,,,,,,,,,,,4,Volcanion,3651,,,,,,{advance=7;id=30436;level=60},,,,<8;8;8;8;8;8;8;8>,,
1123,,,,,,,,,,,,,,,,,,,,,,,,,,,,,,,,,,,,4,Kyurem,3241,,,,,,{advance=7;id=30417;level=60},,,,<8;8;8;8;8;8;8;8>,,
1124,,,,,,,,,,,,,,,,,,,,,,,,,,,,,,,,,,,,4,Giratina,2391,,,,,,{advance=7;id=30412;level=60},,,,<8;8;8;8;8;8;8;8>,,
1125,,,,,,,,,,,,,,,,,,,,,,,,,,,,,,,,,,,,4,Zygarde Complete Forme,3623,,,,,,{advance=7;id=30431;level=60},,,,<8;8;8;8;8;8;8;8>,,
1126,,,,,,,,,,,,,,,,,,,,,,,,,,,,,,,,,,,,4,Palkia,2361,,,,,,{advance=7;id=30411;level=60},,,,<8;8;8;8;8;8;8;8>,,
1127,,,,,,,,,,,,,,,,,,,,,,,,,,,,,,,,,,,,5,Mega Rayquaza,1982,,,,,,{advance=7;id=30401;level=60},,,,<8;8;8;8;8;8;8;8>,,
1128,,,,,,,,,,,,,,,,,,,,,,,,,,,,,,,,,,,,4,Dialga,2351,,,,,,{advance=7;id=30410;level=60},,,,<8;8;8;8;8;8;8;8>,,
1129,,,,,,,,,,,,,,,,,,,,,,,,,,,,,,,,,,,,4,Palkia,2361,,,,,,{advance=7;id=30411;level=60},,,,<8;8;8;8;8;8;8;8>,,
1130,,,,,,,,,,,,,,,,,,,,,,,,,,,,,,,,,,,,4,Manaphy,2421,,,,,,{advance=7;id=30433;level=60},,,,<8;8;8;8;8;8;8;8>,,
1131,,,,,,,,,,,,,,,,,,,,,,,,,,,,,,,,,,,,4,Volcanion,3651,,,,,,{advance=7;id=30436;level=60},,,,<8;8;8;8;8;8;8;8>,,
1132,,,,,,,,,,,,,,,,,,,,,,,,,,,,,,,,,,,,4,Keldeo Resolute Form,7071,,,,,,{advance=7;id=30445;level=60},,,,<8;8;8;8;8;8;8;8>,,
1133,,,,,,,,,,,,,,,,,,,,,,,,,,,,,,,,,,,,5,Primal Kyogre,1962,,,,,,{advance=7;id=30404;level=60},,,,<8;8;8;8;8;8;8;8>,,
1134,,,,,,,,,,,,,,,,,,,,,,,,,,,,,,,,,,,,4,Ash-Greninja,7011,,,,,,{advance=7;id=30401;level=60},,,,<8;8;8;8;8;8;8;8>,,
1135,,,,,,,,,,,,,,,,,,,,,,,,,,,,,,,,,,,,4,Shiny Mega Tyranitar,7031,,,,,,{advance=7;id=30439;level=60},,,,<8;8;8;8;8;8;8;8>,,
1136,,,,,,,,,,,,,,,,,,,,,,,,,,,,,,,,,,,,5,Primal Groudon,1972,,,,,,{advance=7;id=30403;level=60},,,,<8;8;8;8;8;8;8;8>,,
1137,,,,,,,,,,,,,,,,,,,,,,,,,,,,,,,,,,,,4,Zygarde Complete Forme,3623,,,,,,{advance=7;id=30431;level=60},,,,<8;8;8;8;8;8;8;8>,,
1138,,,,,120%,,,,,,,,,,,,,,,,,,,,,,,,,120%,,120%,120%,120%,120%,3,Rhyperior,493,,,,,,{advance=7;id=30311;level=60},,,,<8;8;8;8;8;8;8;8>,,
1139,,,,,,,,,,,,,,,,,,,,,,,,,,,,,,,,,,,,5,Mega Diancie,3632,,,,,,{advance=7;id=30406;level=60},,,,<8;8;8;8;8;8;8;8>,,
1140,,,,,,,,,,,,,,,,,,,,,,,,,,,,,,,,,,,,4,Cynthia's Mega Garchomp,7091,,,,,,{advance=7;id=30450;level=60},,,,<8;8;8;8;8;8;8;8>,,
1141,,,,,120%,,,,,,,,,,,,,,,,,,,,,,,,,120%,,120%,120%,120%,120%,3,Latios,1951,,,,,,{advance=7;id=30411;level=60},,,,<8;8;8;8;8;8;8;8>,,
1142,,,,,120%,,,,,,,,,,,,,,,,,,,,,,,,,120%,,120%,120%,120%,120%,3,Goodra,3543,,,,,,{advance=7;id=30301;level=60},,,,<8;8;8;8;8;8;8;8>,,
1143,,,,,120%,,,,,,,,,,,,,,,,,,,,,,,,,120%,,120%,120%,120%,120%,3,Latias,1941,,,,,,{advance=7;id=30419;level=60},,,,<8;8;8;8;8;8;8;8>,,
1144,,,,,120%,,,,,,,,,,,,,,,,,,,,,,,,,120%,,120%,120%,120%,120%,3,Dracovish,4561,,,,,,{advance=7;id=30306;level=60},,,,<8;8;8;8;8;8;8;8>,,
1145,,,,,,,,,,,,,,,,,,,,,,,,,,,,,,,,,,,,4,Zygarde 10% Forme,3621,,,,,,{advance=7;id=30431;level=60},,,,<8;8;8;8;8;8;8;8>,,
1146,,,,,120%,,,,,,,,,,,,,,,,,,,,,,,,,120%,,120%,120%,120%,120%,3,Garchomp,2233,,,,,,{advance=7;id=30402;level=60},,,,<8;8;8;8;8;8;8;8>,,
1147,,,,,140%,,,,,,,,,,,,,,,,,,,,,,,,,140%,,140%,140%,140%,140%,2,Charizard,13,,,,,,{advance=7;id=30310;level=60},,,,<8;8;8;8;8;8;8;8>,,
1148,,,,,120%,,,,,,,,,,,,,,,,,,,,,,,,,120%,,120%,120%,120%,120%,3,Ampharos,883,,,,,,{advance=7;id=30303;level=60},,,,<8;8;8;8;8;8;8;8>,,
1149,,,,,120%,,,,,,,,,,,,,,,,,,,,,,,,,120%,,120%,120%,120%,120%,3,Aerodactyl,701,,,,,,{advance=7;id=30312;level=60},,,,<8;8;8;8;8;8;8;8>,,
1150,,,,,140%,,,,,,,,,,,,,,,,,,,,,,,,,140%,,140%,140%,140%,140%,2,Aurorus,3502,,,,,,{advance=7;id=30202;level=60},,,,<8;8;8;8;8;8;8;8>,,
1151,,,,,120%,,,,,,,,,,,,,,,,,,,,,,,,,120%,,120%,120%,120%,120%,3,Gyarados,631,,,,,,{advance=7;id=30315;level=60},,,,<8;8;8;8;8;8;8;8>,,
1152,,,,,160%,,,,,,,,,,,,,,,,,,,,,,,,,160%,,160%,160%,160%,160%,,Caterpie,31,,,,,,{advance=7;id=30401;level=60},,,,<8;8;8;8;8;8;8;8>,,
1153,,,,,140%,,,,,,,,,,,,,,,,,,,,,,,,,140%,,140%,140%,140%,140%,2,Numel,1611,,,,,,{advance=7;id=30204;level=60},,,,<8;8;8;8;8;8;8;8>,,
1154,,,,,160%,,,,,,,,,,,,,,,,,,,,,,,,,160%,,160%,160%,160%,160%,,Raticate,62,,,,,,{advance=7;id=30208;level=60},,,,<8;8;8;8;8;8;8;8>,,
1155,,,,,120%,,,,,,,,,,,,,,,,,,,,,,,,,120%,,120%,120%,120%,120%,3,Entei,1231,,,,,,{advance=7;id=30301;level=60},,,,<8;8;8;8;8;8;8;8>,,
1156,,,,,120%,,,,,,,,,,,,,,,,,,,,,,,,,120%,,120%,120%,120%,120%,3,Slaking,1423,,,,,,{advance=7;id=30408;level=60},,,,<8;8;8;8;8;8;8;8>,,
1157,,,,,,,,,,,,,,,,,,,,,,,,,,,,,,,,,,,,4,Marshadow,4121,,,,,,{advance=7;id=30432;level=60},,,,<8;8;8;8;8;8;8;8>,,
1158,,,,,120%,,,,,,,,,,,,,,,,,,,,,,,,,120%,,120%,120%,120%,120%,3,Mega Scizor,574,,,,,,{advance=7;id=30313;level=60},,,,<8;8;8;8;8;8;8;8>,,
1159,,,,,140%,,,,,,,,,,,,,,,,,,,,,,,,,140%,,140%,140%,140%,140%,2,Whirlipede,2682,,,,,,{advance=7;id=30313;level=60},,,,<8;8;8;8;8;8;8;8>,,
1160,,,,,160%,,,,,,,,,,,,,,,,,,,,,,,,,160%,,160%,160%,160%,160%,,Goldeen,541,,,,,,{advance=7;id=30103;level=60},,,,<8;8;8;8;8;8;8;8>,,
1161,,,,,120%,,,,,,,,,,,,,,,,,,,,,,,,,120%,,120%,120%,120%,120%,3,Honedge,3411,,,,,,{advance=7;id=30420;level=60},,,,<8;8;8;8;8;8;8;8>,,
1162,,,,,120%,,,,,,,,,,,,,,,,,,,,,,,,,120%,,120%,120%,120%,120%,3,Mesprit,2331,,,,,,{advance=7;id=30305;level=60},,,,<8;8;8;8;8;8;8;8>,,
1163,,,,,,,,,,,,,,,,,,,,,,,,,,,,,,,,,,,,4,Shaymin Sky Forme,2442,,,,,,{advance=7;id=30413;level=60},,,,<8;8;8;8;8;8;8;8>,,
1164,,,,,120%,,,,,,,,,,,,,,,,,,,,,,,,,120%,,120%,120%,120%,120%,3,Mienshao,3052,,,,,,{advance=7;id=30320;level=60},,,,<8;8;8;8;8;8;8;8>,,
1165,,,,,140%,,,,,,,,,,,,,,,,,,,,,,,,,140%,,140%,140%,140%,140%,2,Luxio,2072,,,,,,{advance=7;id=30312;level=60},,,,<8;8;8;8;8;8;8;8>,,
1166,,,,,120%,,,,,,,,,,,,,,,,,,,,,,,,,120%,,120%,120%,120%,120%,3,Houndour,1171,,,,,,{advance=7;id=30303;level=60},,,,<8;8;8;8;8;8;8;8>,,
1167,,,,,120%,,,,,,,,,,,,,,,,,,,,,,,,,120%,,120%,120%,120%,120%,3,Growlithe,241,,,,,,{advance=7;id=30310;level=60},,,,<8;8;8;8;8;8;8;8>,,
1168,,,,,140%,,,,,,,,,,,,,,,,,,,,,,,,,140%,,140%,140%,140%,140%,2,Shinx,2071,,,,,,{advance=7;id=30312;level=60},,,,<8;8;8;8;8;8;8;8>,,
1169,,,,,140%,,,,,,,,,,,,,,,,,,,,,,,,,140%,,140%,140%,140%,140%,2,Meowth,211,,,,,,{advance=7;id=30001;level=60},<100;100;100;100;100;100;100>,,,<8;8;8;8;8;8;8;8>,,
1170,,,,,120%,,,,,,,,,,,,,,,,,,,,,,,,,120%,,120%,120%,120%,120%,3,Litten,3671,,,,,,{advance=7;id=30313;level=60},,,,<8;8;8;8;8;8;8;8>,,
1171,,,,,160%,,,,,,,,,,,,,,,,,,,,,,,,,160%,,160%,160%,160%,160%,,Goldeen,541,,,,,,{advance=7;id=30103;level=60},,,,<8;8;8;8;8;8;8;8>,,
1172,,,,,120%,,,,,,,,,,,,,,,,,,,,,,,,,120%,,120%,120%,120%,120%,3,Mudkip,1311,,,,,,{advance=7;id=30316;level=60},,,,<8;8;8;8;8;8;8;8>,,
1173,,,,,140%,,,,,,,,,,,,,,,,,,,,,,,,,140%,,140%,140%,140%,140%,2,Clauncher,3471,,,,,,{advance=7;id=30209;level=60},,,,<8;8;8;8;8;8;8;8>,,
1174,,,,,160%,,,,,,,,,,,,,,,,,,,,,,,,,160%,,160%,160%,160%,160%,,Seaking,542,,,,,,{advance=7;id=30103;level=60},,,,<8;8;8;8;8;8;8;8>,,
1175,,,,,120%,,,,,,,,,,,,,,,,,,,,,,,,,120%,,120%,120%,120%,120%,3,Feebas,1771,,,,,,{advance=7;id=30103;level=60},,,,<8;8;8;8;8;8;8;8>,,
1176,,,,,140%,,,,,,,,,,,,,,,,,,,,,,,,,140%,,140%,140%,140%,140%,2,Clawitzer,3472,,,,,,{advance=7;id=30209;level=60},,,,<8;8;8;8;8;8;8;8>,,
1177,,,,,120%,,,,,,,,,,,,,,,,,,,,,,,,,120%,,120%,120%,120%,120%,3,Latias,1941,,,,,,{advance=7;id=30419;level=60},,,,<8;8;8;8;8;8;8;8>,,
1178,,,,,120%,,,,,,,,,,,,,,,,,,,,,,,,,120%,,120%,120%,120%,120%,3,Tornadus,3191,,,,,,{advance=7;id=30304;level=60},,,,<8;8;8;8;8;8;8;8>,,
1179,,,,,120%,,,,,,,,,,,,,,,,,,,,,,,,,120%,,120%,120%,120%,120%,3,Latios,1951,,,,,,{advance=7;id=30411;level=60},,,,<8;8;8;8;8;8;8;8>,,
1180,,,,,120%,,,,,,,,,,,,,,,,,,,,,,,,,120%,,120%,120%,120%,120%,3,Mega Pidgeot,54,,,,,,{advance=7;id=31301;level=60},,,,<8;8;8;8;8;8;8;8>,,
1181,,,,,,,,,,,,,,,,,,,,,,,,,,,,,,,,,,,,4,Lugia,1261,,,,,,{advance=7;id=30407;level=60},,,,<8;8;8;8;8;8;8;8>,,
1182,,,,,120%,,,,,,,,,,,,,,,,,,,,,,,,,120%,,120%,120%,120%,120%,3,Altaria,1672,,,,,,{advance=7;id=31301;level=60},,,,<8;8;8;8;8;8;8;8>,,
1183,,,,,140%,,,,,,,,,,,,,,,,,,,,,,,,,140%,,140%,140%,140%,140%,2,Camerupt,1612,,,,,,{advance=7;id=30204;level=60},,,,<8;8;8;8;8;8;8;8>,,
1184,,,,,140%,,,,,,,,,,,,,,,,,,,,,,,,,140%,,140%,140%,140%,140%,2,Klinklang,2963,,,,,,{advance=7;id=30318;level=60},,,,<8;8;8;8;8;8;8;8>,,
1185,,,,,140%,,,,,,,,,,,,,,,,,,,,,,,,,140%,,140%,140%,140%,140%,2,Whirlipede,2682,,,,,,{advance=7;id=30313;level=60},,,,<8;8;8;8;8;8;8;8>,,
1186,,,,,140%,,,,,,,,,,,,,,,,,,,,,,,,,140%,,140%,140%,140%,140%,2,Numel,1611,,,,,,{advance=7;id=30204;level=60},,,,<8;8;8;8;8;8;8;8>,,
1187,,,,,,,,,,,,,,,,,,,,,,,,,,,,,,,,,,,,4,Volcanion,3651,,,,,,{advance=7;id=30436;level=60},,,,<8;8;8;8;8;8;8;8>,,
1188,,,,,,,,,,,,,,,,,,,,,,,,,,,,,,,,,,,,4,Reshiram,3211,,,,,,{advance=7;id=30415;level=60},,,,<8;8;8;8;8;8;8;8>,,
1189,,,,,120%,,,,,,,,,,,,,,,,,,,,,,,,,120%,,120%,120%,120%,120%,3,Houndour,1171,,,,,,{advance=7;id=30303;level=60},,,,<8;8;8;8;8;8;8;8>,,
1190,,,,,120%,,,,,,,,,,,,,,,,,,,,,,,,,120%,,120%,120%,120%,120%,3,Growlithe,241,,,,,,{advance=7;id=30310;level=60},,,,<8;8;8;8;8;8;8;8>,,
1191,,,,,140%,,,,,,,,,,,,,,,,,,,,,,,,,140%,,140%,140%,140%,140%,2,Tepig,2481,,,,,,{advance=7;id=30302;level=60},,,,<8;8;8;8;8;8;8;8>,,
1192,,,,,120%,,,,,,,,,,,,,,,,,,,,,,,,,120%,,120%,120%,120%,120%,3,Houndoom,1172,,,,,,{advance=7;id=30303;level=60},,,,<8;8;8;8;8;8;8;8>,,
1193,,,,,120%,,,,,,,,,,,,,,,,,,,,,,,,,120%,,120%,120%,120%,120%,3,Arcanine,242,,,,,,{advance=7;id=30310;level=60},,,,<8;8;8;8;8;8;8;8>,,
1194,,,,,,,,,,,,,,,,,,,,,,,,,,,,,,,,,,,,4,Zygarde 10% Forme,3621,,,,,,{advance=7;id=30431;level=60},,,,<8;8;8;8;8;8;8;8>,,
1195,,,,,160%,,,,,,,,,,,,,,,,,,,,,,,,,160%,,160%,160%,160%,160%,,Spearow,71,,,,,,{advance=7;id=31301;level=60},,,,<8;8;8;8;8;8;8;8>,,
1196,,,,,160%,,,,,,,,,,,,,,,,,,,,,,,,,160%,,160%,160%,160%,160%,,Fearow,72,,,,,,{advance=7;id=31301;level=60},,,,<8;8;8;8;8;8;8;8>,,
1197,,,,,,,,,,,,,,,,,,,,,,,,,,,,,,,,,,,,4,Ho-Oh,1271,,,,,,{advance=7;id=31301;level=60},,,,<8;8;8;8;8;8;8;8>,,
1198,,,,,160%,,,,,,,,,,,,,,,,,,,,,,,,,160%,,160%,160%,160%,160%,,Caterpie,31,,,,,,{advance=7;id=30401;level=60},,,,<8;8;8;8;8;8;8;8>,,
1199,,,,,,,,,,,,,,,,,,,,,,,,,,,,,,,,,,,,4,Rayquaza,1981,,,,,,{advance=7;id=30408;level=60},,,,<8;8;8;8;8;8;8;8>,,
1200,,,,,,,,,,,,,,,,,,,,,,,,,,,,,,,,,,,,5,Mega Rayquaza,1982,,,,,,{advance=7;id=30401;level=60},,,,<8;8;8;8;8;8;8;8>,,
1201,,,,,,,,,,,,,,,,,,,,,,,,,,,,,,,,,,,,4,Solgaleo,4023,,,,,,{advance=7;id=30434;level=60},,,,<8;8;8;8;8;8;8;8>,,
1202,,,,,,,,,,,,,,,,,,,,,,,,,,,,,,,,,,,,4,Diancie,3631,,,,,,{advance=7;id=30406;level=60},,,,<8;8;8;8;8;8;8;8>,,
1203,,,,,,,,,,,,,,,,,,,,,,,,,,,,,,,,,,,,4,Origin Mew,7041,,,,,,{advance=7;id=30441;level=60},,,,<8;8;8;8;8;8;8;8>,,
1204,,,,,,,,,,,,,,,,,,,,,,,,,,,,,,,,,,,,4,Jirachi,1991,,,,,,{advance=7;id=30419;level=60},,,,<8;8;8;8;8;8;8;8>,,
1205,,,,,,,,,,,,,,,,,,,,,,,,,,,,,,,,,,,,4,Xerneas,3601,,,,,,{advance=7;id=30425;level=60},,,,<8;8;8;8;8;8;8;8>,,
1206,,,,,,,,,,,,,,,,,,,,,,,,,,,,,,,,,,,,4,Celebi,1281,,,,,,{advance=7;id=30423;level=60},,,,<8;8;8;8;8;8;8;8>,,
1207,,,,,,,,,,,,,,,,,,,,,,,,,,,,,,,,,,,,4,Lunala,4024,,,,,,{advance=7;id=30437;level=60},,,,<8;8;8;8;8;8;8;8>,,
1208,,,,,,,,,,,,,,,,,,,,,,,,,,,,,,,,,,,,4,Shiny Mega Gengar,7021,,,,,,{advance=7;id=30438;level=60},,,,<8;8;8;8;8;8;8;8>,,
1209,,,,,,,,,,,,,,,,,,,,,,,,,,,,,,,,,,,,4,Giratina,2391,,,,,,{advance=7;id=30412;level=60},,,,<8;8;8;8;8;8;8;8>,,
1210,,,,,,,,,,,,,,,,,,,,,,,,,,,,,,,,,,,,4,Marshadow,4121,,,,,,{advance=7;id=30432;level=60},,,,<8;8;8;8;8;8;8;8>,,
1211,,,,,,,,,,,,,,,,,,,,,,,,,,,,,,,,,,,,4,Yveltal,3611,,,,,,{advance=7;id=30421;level=60},,,,<8;8;8;8;8;8;8;8>,,
1212,,,,,,,,,,,,,,,,,,,,,,,,,,,,,,,,,,,,4,Darkrai,2431,,,,,,{advance=7;id=30405;level=60},,,,<8;8;8;8;8;8;8;8>,,
1213,,,,,140%,,,,,,,,,,,,,,,,,,,,,,,,,140%,,140%,140%,140%,140%,2,Machamp,273,,,,,,{advance=7;id=30315;level=60},,,,<8;8;8;8;8;8;8;8>,,
1214,,,,,160%,,,,,,,,,,,,,,,,,,,,,,,,,160%,,160%,160%,160%,160%,,Mankey,231,,,,,,{advance=7;id=30320;level=60},,,,<8;8;8;8;8;8;8;8>,,
1215,,,,,140%,,,,,,,,,,,,,,,,,,,,,,,,,140%,,140%,140%,140%,140%,2,Hitmonchan,463,,,,,,{advance=7;id=30320;level=60},,,,<8;8;8;8;8;8;8;8>,,
1216,,,,,120%,,,,,,,,,,,,,,,,,,,,,,,,,120%,,120%,120%,120%,120%,3,Poliwrath,253,,,,,,{advance=7;id=30320;level=60},,,,<8;8;8;8;8;8;8;8>,,
1217,,,,,160%,,,,,,,,,,,,,,,,,,,,,,,,,160%,,160%,160%,160%,160%,,Primeape,232,,,,,,{advance=7;id=30320;level=60},,,,<8;8;8;8;8;8;8;8>,,
1218,,,,,120%,,,,,,,,,,,,,,,,,,,,,,,,,120%,,120%,120%,120%,120%,3,Infernape,2023,,,,,,{advance=7;id=30402;level=60},,,,<8;8;8;8;8;8;8;8>,,
1219,,,,,30%,,,,,,,,,,,,,,,,,,,,,,,,,30%,,30%,30%,30%,30%,3,Urshifu Rapid Strike,4623,,,,,,{advance=7;id=30320;level=60},,,,,,
1220,,,,,30%,,,,,,,,,,,,,,,,,,,,,,,,,30%,,30%,30%,30%,30%,4,Melmetal,4172,,,,,,{advance=7;id=30420;level=60},,,,,,
1221,,,,,30%,,,,,,,,,,,,,,,,,,,,,,,,,30%,,30%,30%,30%,30%,3,Urshifu Single Strike,4622,,,,,,{advance=7;id=30320;level=60},,,,,,
1222,,,,,30%,,,,,,,,,,,,,,,,,,,,,,,,,30%,,30%,30%,30%,30%,4,Zeraora,4161,,,,,,{advance=7;id=30426;level=60},,,,,,
1223,,,,,30%,,,,,,,,,,,,,,,,,,,,,,,,,30%,,30%,30%,30%,30%,5,Mega Mewtwo X,762,,,,,,{advance=7;id=30401;level=60},<100;100;100;100;100;100;100>,,,,,
1224,,,,,30%,,,,,,,,,,,,,,,,,,,,,,,,,30%,,30%,30%,30%,30%,4,Marshadow,4121,,,,,,{advance=7;id=30432;level=60},,,,,,
1225,,,,,120%,,,,,,,,,,,,,,,,,,,,,,,,,120%,,120%,120%,120%,120%,3,Munchlax,711,,,,,,{advance=7;id=30301;level=60},,,,<8;8;8;8;8;8;8;8>,,
1226,,,,,140%,,,,,,,,,,,,,,,,,,,,,,,,,140%,,140%,140%,140%,140%,2,Victreebel,283,,,,,,{advance=7;id=30307;level=60},,,,<8;8;8;8;8;8;8;8>,,
1227,,,,,140%,,,,,,,,,,,,,,,,,,,,,,,,,140%,,140%,140%,140%,140%,2,Lickitung,471,,,,,,{advance=7;id=30102;level=60},,,,<8;8;8;8;8;8;8;8>,,
1228,,,,,120%,,,,,,,,,,,,,,,,,,,,,,,,,120%,,120%,120%,120%,120%,3,Snorlax,712,,,,,,{advance=7;id=30301;level=60},,,,<8;8;8;8;8;8;8;8>,,
1229,,,,,120%,,,,,,,,,,,,,,,,,,,,,,,,,120%,,120%,120%,120%,120%,3,Guzzlord,4091,,,,,,{advance=7;id=30301;level=60},,,,<8;8;8;8;8;8;8;8>,,
1230,,,,,140%,,,,,,,,,,,,,,,,,,,,,,,,,140%,,140%,140%,140%,140%,2,Lickilicky,472,,,,,,{advance=7;id=30102;level=60},,,,<8;8;8;8;8;8;8;8>,,
1231,,,,,120%,,,,,,,,,,,,,,,,,,,,,,,,,120%,,120%,120%,120%,120%,3,Golbat,162,,,,,,{advance=7;id=30206;level=60},,,,<8;8;8;8;8;8;8;8>,,
1232,,,,,140%,,,,,,,,,,,,,,,,,,,,,,,,,140%,,140%,140%,140%,140%,2,Totodile,801,,,,,,{advance=7;id=30315;level=60},,,,<8;8;8;8;8;8;8;8>,,
1233,,,,,140%,,,,,,,,,,,,,,,,,,,,,,,,,140%,,140%,140%,140%,140%,2,Exploud,1443,,,,,,{advance=7;id=30204;level=60},,,,<8;8;8;8;8;8;8;8>,,
1234,,,,,120%,,,,,,,,,,,,,,,,,,,,,,,,,120%,,120%,120%,120%,120%,3,Gengar,393,,,,,,{advance=7;id=30303;level=60},,,,<8;8;8;8;8;8;8;8>,,
1235,,,,,160%,,,,,,,,,,,,,,,,,,,,,,,,,160%,,160%,160%,160%,160%,,Ludicolo,1353,,,,,,{advance=7;id=30207;level=60},,,,<8;8;8;8;8;8;8;8>,,
1236,,,,,120%,,,,,,,,,,,,,,,,,,,,,,,,,120%,,120%,120%,120%,120%,3,Wobbuffet,992,,,,,,{advance=7;id=30306;level=60},,,,<8;8;8;8;8;8;8;8>,,
1237,,,,,50%,,,,,,,,,,,,,,,,,,,,,,,,,50%,,50%,50%,50%,50%,2,Meowth,211,,,,,,{advance=7;id=30001;level=60},<100;100;100;100;100;100;100>,,,,,
1238,,,,,50%,,,,,,,,,,,,,,,,,,,,,,,,,50%,,50%,50%,50%,50%,2,Meowth,211,,,,,,{advance=7;id=30001;level=60},<100;100;100;100;100;100;100>,,,,,
1239,,,,,50%,,,,,,,,,,,,,,,,,,,,,,,,,50%,,50%,50%,50%,50%,2,Meowth,211,,,,,,{advance=7;id=30001;level=60},<100;100;100;100;100;100;100>,,,,,
1240,,,,,50%,,,,,,,,,,,,,,,,,,,,,,,,,50%,,50%,50%,50%,50%,2,Meowth,211,,,,,,{advance=7;id=30001;level=60},<100;100;100;100;100;100;100>,,,,,
1241,,,,,50%,,,,,,,,,,,,,,,,,,,,,,,,,50%,,50%,50%,50%,50%,2,Persian,212,,,,,,{advance=7;id=30208;level=60},<100;100;100;100;100;100;100>,,,,,
1242,,,,,50%,,,,,,,,,,,,,,,,,,,,,,,,,50%,,50%,50%,50%,50%,2,Meowth,211,,,,,,{advance=7;id=30001;level=60},<100;100;100;100;100;100;100>,,,,,
1243,,,,,160%,,,,,,,,,,,,,,,,,,,,,,,,,160%,,160%,160%,160%,160%,,Rattata,61,,,,,,{advance=7;id=30208;level=60},,,,<8;8;8;8;8;8;8;8>,,
1244,,,,,160%,,,,,,,,,,,,,,,,,,,,,,,,,160%,,160%,160%,160%,160%,,Rattata,61,,,,,,{advance=7;id=30208;level=60},,,,<8;8;8;8;8;8;8;8>,,
1245,,,,,160%,,,,,,,,,,,,,,,,,,,,,,,,,160%,,160%,160%,160%,160%,,Rattata,61,,,,,,{advance=7;id=30208;level=60},,,,<8;8;8;8;8;8;8;8>,,
1246,,,,,160%,,,,,,,,,,,,,,,,,,,,,,,,,160%,,160%,160%,160%,160%,,Rattata,61,,,,,,{advance=7;id=30208;level=60},,,,<8;8;8;8;8;8;8;8>,,
1247,,,,,160%,,,,,,,,,,,,,,,,,,,,,,,,,160%,,160%,160%,160%,160%,,Raticate,62,,,,,,{advance=7;id=30208;level=60},,,,<8;8;8;8;8;8;8;8>,,
1248,,,,,160%,,,,,,,,,,,,,,,,,,,,,,,,,160%,,160%,160%,160%,160%,,Rattata,61,,,,,,{advance=7;id=30208;level=60},,,,<8;8;8;8;8;8;8;8>,,
1249,,,,,120%,,,,,,,,,,,,,,,,,,,,,,,,,120%,,120%,120%,120%,120%,3,Litten,3671,,,,,,{advance=7;id=30313;level=60},,,,<8;8;8;8;8;8;8;8>,,
1250,,,,,120%,,,,,,,,,,,,,,,,,,,,,,,,,120%,,120%,120%,120%,120%,3,Incineroar,3673,,,,,,{advance=7;id=30313;level=60},,,,<8;8;8;8;8;8;8;8>,,
1251,,,,,120%,,,,,,,,,,,,,,,,,,,,,,,,,120%,,120%,120%,120%,120%,3,Torracat,3672,,,,,,{advance=7;id=30313;level=60},,,,<8;8;8;8;8;8;8;8>,,
1252,,,,,120%,,,,,,,,,,,,,,,,,,,,,,,,,120%,,120%,120%,120%,120%,3,Electabuzz,592,,,,,,{advance=7;id=30313;level=60},,,,<8;8;8;8;8;8;8;8>,,
1253,,,,,120%,,,,,,,,,,,,,,,,,,,,,,,,,120%,,120%,120%,120%,120%,3,Raikou,1221,,,,,,{advance=7;id=30304;level=60},,,,<8;8;8;8;8;8;8;8>,,
1254,,,,,120%,,,,,,,,,,,,,,,,,,,,,,,,,120%,,120%,120%,120%,120%,3,Landorus,3231,,,,,,{advance=7;id=30307;level=60},,,,<8;8;8;8;8;8;8;8>,,
1255,,,,,120%,,,,,,,,,,,,,,,,,,,,,,,,,120%,,120%,120%,120%,120%,4,Rayquaza,1981,,,,,,{advance=7;id=30408;level=60},,,,<8;8;8;8;8;8;8;8>,,
1256,,,,,120%,,,,,,,,,,,,,,,,,,,,,,,,,120%,,120%,120%,120%,120%,3,Drampa,3981,,,,,,{advance=7;id=30310;level=60},,,,<8;8;8;8;8;8;8;8>,,
1257,,,,,120%,,,,,,,,,,,,,,,,,,,,,,,,,120%,,120%,120%,120%,120%,4,Rayquaza,1981,,,,,,{advance=7;id=30408;level=60},,,,<8;8;8;8;8;8;8;8>,,
1258,,,,,120%,,,,,,,,,,,,,,,,,,,,,,,,,120%,,120%,120%,120%,120%,4,Rayquaza,1981,,,,,,{advance=7;id=30408;level=60},,,,<8;8;8;8;8;8;8;8>,,
1259,,,,,120%,,,,,,,,,,,,,,,,,,,,,,,,,120%,,120%,120%,120%,120%,5,Mega Rayquaza,1982,,,,,,{advance=7;id=30401;level=60},,,,<8;8;8;8;8;8;8;8>,,
1260,,,,,120%,,,,,,,,,,,,,,,,,,,,,,,,,120%,,120%,120%,120%,120%,4,Rayquaza,1981,,,,,,{advance=7;id=30408;level=60},,,,<8;8;8;8;8;8;8;8>,,
1261,,,,,120%,,,,,,,,,,,,,,,,,,,,,,,,,120%,,120%,120%,120%,120%,3,Pheromosa,4051,,,,,,{advance=7;id=30307;level=60},,,,<8;8;8;8;8;8;8;8>,,
1262,,,,,120%,,,,,,,,,,,,,,,,,,,,,,,,,120%,,120%,120%,120%,120%,3,Buzzwole,4041,,,,,,{advance=7;id=30320;level=60},,,,<8;8;8;8;8;8;8;8>,,
1263,,,,,120%,,,,,,,,,,,,,,,,,,,,,,,,,120%,,120%,120%,120%,120%,3,Volcarona,3152,,,,,,{advance=7;id=30307;level=60},,,,<8;8;8;8;8;8;8;8>,,
1264,,,,,120%,,,,,,,,,,,,,,,,,,,,,,,,,120%,,120%,120%,120%,120%,3,Mega Heracross,1072,,,,,,{advance=7;id=30306;level=60},,,,<8;8;8;8;8;8;8;8>,,
1265,,,,,,,,,,,,,,,,,,,,,,,,,,,,,,,,,,,,4,Genesect,3271,,,,,,{advance=7;id=30424;level=60},,,,,,
1266,,,,,140%,,,,,,,,,,,,,,,,,,,,,,,,,140%,,140%,140%,140%,140%,2,Scolipede,2683,,,,,,{advance=7;id=30313;level=60},,,,<8;8;8;8;8;8;8;8>,,
1267,,,,,120%,,,,,,,,,,,,,,,,,,,,,,,,,120%,,120%,120%,120%,120%,3,Drampa,3981,,,,,,{advance=7;id=30310;level=60},,,,<8;8;8;8;8;8;8;8>,,
1268,,,,,120%,,,,,,,,,,,,,,,,,,,,,,,,,120%,,120%,120%,120%,120%,3,Haxorus,3003,,,,,,{advance=7;id=30310;level=60},,,,<8;8;8;8;8;8;8;8>,,
1269,,,,,120%,,,,,,,,,,,,,,,,,,,,,,,,,120%,,120%,120%,120%,120%,3,Dragonite,753,,,,,,{advance=7;id=30310;level=60},<100;100;100;100;100;100;100>,,,<8;8;8;8;8;8;8;8>,,
1270,,,,,120%,,,,,,,,,,,,,,,,,,,,,,,,,120%,,120%,120%,120%,120%,3,Mega Ampharos,884,,,,,,{advance=7;id=30303;level=60},,,,<8;8;8;8;8;8;8;8>,,
1271,,,,,,,,,,,,,,,,,,,,,,,,,,,,,,,,,,,,4,Rayquaza,1981,,,,,,{advance=7;id=30408;level=60},,,,,,
1272,,,,,120%,,,,,,,,,,,,,,,,,,,,,,,,,120%,,120%,120%,120%,120%,3,Mega Charizard X,14,,,,,,{advance=7;id=30310;level=60},,,,<8;8;8;8;8;8;8;8>,,
1273,,,,,120%,,,,,,,,,,,,,,,,,,,,,,,,,120%,,120%,120%,120%,120%,3,Poliwhirl,252,,,,,,{advance=7;id=30320;level=60},,,,<8;8;8;8;8;8;8;8>,,
1274,,,,,120%,,,,,,,,,,,,,,,,,,,,,,,,,120%,,120%,120%,120%,120%,3,Froakie,3301,,,,,,{advance=7;id=30314;level=60},,,,<8;8;8;8;8;8;8;8>,,
1275,,,,,140%,,,,,,,,,,,,,,,,,,,,,,,,,140%,,140%,140%,140%,140%,2,Bulbasaur,1,,,,,,{advance=7;id=30301;level=60},,,,<8;8;8;8;8;8;8;8>,,
1276,,,,,120%,,,,,,,,,,,,,,,,,,,,,,,,,120%,,120%,120%,120%,120%,3,Poliwag,251,,,,,,{advance=7;id=30320;level=60},,,,<8;8;8;8;8;8;8;8>,,
1277,,,,,120%,,,,,,,,,,,,,,,,,,,,,,,,,120%,,120%,120%,120%,120%,3,Politoed,254,,,,,,{advance=7;id=30304;level=60},,,,<8;8;8;8;8;8;8;8>,,
1278,,,,,140%,,,,,,,,,,,,,,,,,,,,,,,,,140%,,140%,140%,140%,140%,2,Croagunk,2271,,,,,,{advance=7;id=30312;level=60},,,,<8;8;8;8;8;8;8;8>,,
1279,,,,,160%,,,,,,,,,,,,,,,,,,,,,,,,,160%,,160%,160%,160%,160%,,Goldeen,541,,,,,,{advance=7;id=30103;level=60},,,,<8;8;8;8;8;8;8;8>,,
1280,,,,,120%,,,,,,,,,,,,,,,,,,,,,,,,,120%,,120%,120%,120%,120%,3,Dracovish,4561,,,,,,{advance=7;id=30306;level=60},,,,<8;8;8;8;8;8;8;8>,,
1281,,,,,120%,,,,,,,,,,,,,,,,,,,,,,,,,120%,,120%,120%,120%,120%,3,Mudkip,1311,,,,,,{advance=7;id=30316;level=60},,,,<8;8;8;8;8;8;8;8>,,
1282,,,,,120%,,,,,,,,,,,,,,,,,,,,,,,,,120%,,120%,120%,120%,120%,3,Feebas,1771,,,,,,{advance=7;id=30103;level=60},,,,<8;8;8;8;8;8;8;8>,,
1283,,,,,160%,,,,,,,,,,,,,,,,,,,,,,,,,160%,,160%,160%,160%,160%,,Seaking,542,,,,,,{advance=7;id=30103;level=60},,,,<8;8;8;8;8;8;8;8>,,
1284,,,,,120%,,,,,,,,,,,,,,,,,,,,,,,,,120%,,120%,120%,120%,120%,3,Marshtomp,1312,,,,,,{advance=7;id=30316;level=60},,,,<8;8;8;8;8;8;8;8>,,
1285,,,,,120%,,,,,,,,,,,,,,,,,,,,,,,,,120%,,120%,120%,120%,120%,3,Turtonator,3941,,,,,,{advance=7;id=30301;level=60},,,,<8;8;8;8;8;8;8;8>,,
1286,,,,,140%,,,,,,,,,,,,,,,,,,,,,,,,,140%,,140%,140%,140%,140%,2,Torterra,2013,,,,,,{advance=7;id=30305;level=60},,,,<8;8;8;8;8;8;8;8>,,
1287,,,,,140%,,,,,,,,,,,,,,,,,,,,,,,,,140%,,140%,140%,140%,140%,2,Grotle,2012,,,,,,{advance=7;id=30305;level=60},,,,<8;8;8;8;8;8;8;8>,,
1288,,,,,140%,,,,,,,,,,,,,,,,,,,,,,,,,140%,,140%,140%,140%,140%,2,Blastoise,23,,,,,,{advance=7;id=30316;level=60},,,,<8;8;8;8;8;8;8;8>,,
1289,,,,,140%,,,,,,,,,,,,,,,,,,,,,,,,,140%,,140%,140%,140%,140%,2,Squirtle,21,,,,,,{advance=7;id=30316;level=60},,,,<8;8;8;8;8;8;8;8>,,
1290,,,,,140%,,,,,,,,,,,,,,,,,,,,,,,,,140%,,140%,140%,140%,140%,2,Turtwig,2011,,,,,,{advance=7;id=30305;level=60},,,,<8;8;8;8;8;8;8;8>,,
1291,,,,,140%,,,,,,,,,,,,,,,,,,,,,,,,,140%,,140%,140%,140%,140%,2,Shinx,2071,,,,,,{advance=7;id=30312;level=60},,,,<8;8;8;8;8;8;8;8>,,
1292,,,,,140%,,,,,,,,,,,,,,,,,,,,,,,,,140%,,140%,140%,140%,140%,2,Persian,212,,,,,,{advance=7;id=30208;level=60},<100;100;100;100;100;100;100>,,,<8;8;8;8;8;8;8;8>,,
1293,,,,,120%,,,,,,,,,,,,,,,,,,,,,,,,,120%,,120%,120%,120%,120%,3,Litten,3671,,,,,,{advance=7;id=30313;level=60},,,,<8;8;8;8;8;8;8;8>,,
1294,,,,,140%,,,,,,,,,,,,,,,,,,,,,,,,,140%,,140%,140%,140%,140%,2,Luxio,2072,,,,,,{advance=7;id=30312;level=60},,,,<8;8;8;8;8;8;8;8>,,
1295,,,,,140%,,,,,,,,,,,,,,,,,,,,,,,,,140%,,140%,140%,140%,140%,2,Meowth,211,,,,,,{advance=7;id=30001;level=60},<100;100;100;100;100;100;100>,,,<8;8;8;8;8;8;8;8>,,
1296,,,,,120%,,,,,,,,,,,,,,,,,,,,,,,,,120%,,120%,120%,120%,120%,3,Torracat,3672,,,,,,{advance=7;id=30313;level=60},,,,<8;8;8;8;8;8;8;8>,,
1297,,,,,140%,,,,,,,,,,,,,,,,,,,,,,,,,140%,,140%,140%,140%,140%,2,Farfetch'd,341,,,,,,{advance=7;id=30201;level=60},,,,<8;8;8;8;8;8;8;8>,,
1298,,,,,140%,,,,,,,,,,,,,,,,,,,,,,,,,140%,,140%,140%,140%,140%,2,Golduck,222,,,,,,{advance=7;id=30206;level=60},,,,<8;8;8;8;8;8;8;8>,,
1299,,,,,120%,,,,,,,,,,,,,,,,,,,,,,,,,120%,,120%,120%,120%,120%,3,Magmar,602,,,,,,{advance=7;id=30302;level=60},,,,<8;8;8;8;8;8;8;8>,,
1300,,,,,120%,,,,,,,,,,,,,,,,,,,,,,,,,120%,,120%,120%,120%,120%,3,Sirfetch'd,4431,,,,,,{advance=7;id=30418;level=60},,,,<8;8;8;8;8;8;8;8>,,
1301,,,,,140%,,,,,,,,,,,,,,,,,,,,,,,,,140%,,140%,140%,140%,140%,2,Psyduck,221,,,,,,{advance=7;id=30206;level=60},,,,<8;8;8;8;8;8;8;8>,,
1302,,,,,120%,,,,,,,,,,,,,,,,,,,,,,,,,120%,,120%,120%,120%,120%,3,Magby,601,,,,,,{advance=7;id=30302;level=60},,,,<8;8;8;8;8;8;8;8>,,
1303,,,,,160%,,,,,,,,,,,,,,,,,,,,,,,,,160%,,160%,160%,160%,160%,,Doduo,351,,,,,,{advance=7;id=30312;level=60},,,,<8;8;8;8;8;8;8;8>,,
1304,,,,,120%,,,,,,,,,,,,,,,,,,,,,,,,,120%,,120%,120%,120%,120%,3,Combusken,1302,,,,,,{advance=7;id=30315;level=60},,,,<8;8;8;8;8;8;8;8>,,
1305,,,,,120%,,,,,,,,,,,,,,,,,,,,,,,,,120%,,120%,120%,120%,120%,3,Mega Blaziken,1304,,,,,,{advance=7;id=30315;level=60},,,,<8;8;8;8;8;8;8;8>,,
1306,,,,,,,,,,,,,,,,,,,,,,,,,,,,,,,,,,,,4,Masked Mega Blaziken,7101,,,,,,{advance=7;id=30402;level=60},,,,,,
1307,,,,,120%,,,,,,,,,,,,,,,,,,,,,,,,,120%,,120%,120%,120%,120%,3,Torchic,1301,,,,,,{advance=7;id=30315;level=60},,,,<8;8;8;8;8;8;8;8>,,
1308,,,,,120%,,,,,,,,,,,,,,,,,,,,,,,,,120%,,120%,120%,120%,120%,3,Blaziken,1303,,,,,,{advance=7;id=30315;level=60},,,,<8;8;8;8;8;8;8;8>,,
1309,,,,,120%,,,,,,,,,,,,,,,,,,,,,,,,,120%,,120%,120%,120%,120%,3,Houndour,1171,,,,,,{advance=7;id=30303;level=60},,,,<8;8;8;8;8;8;8;8>,,
1310,,,,,120%,,,,,,,,,,,,,,,,,,,,,,,,,120%,,120%,120%,120%,120%,3,Arcanine,242,,,,,,{advance=7;id=30310;level=60},,,,<8;8;8;8;8;8;8;8>,,
1311,,,,,120%,,,,,,,,,,,,,,,,,,,,,,,,,120%,,120%,120%,120%,120%,3,Riolu,2241,,,,,,{advance=7;id=30313;level=60},,,,<8;8;8;8;8;8;8;8>,,
1312,,,,,120%,,,,,,,,,,,,,,,,,,,,,,,,,120%,,120%,120%,120%,120%,3,Houndoom,1172,,,,,,{advance=7;id=30303;level=60},,,,<8;8;8;8;8;8;8;8>,,
1313,,,,,120%,,,,,,,,,,,,,,,,,,,,,,,,,120%,,120%,120%,120%,120%,3,Growlithe,241,,,,,,{advance=7;id=30310;level=60},,,,<8;8;8;8;8;8;8;8>,,
1314,,,,,120%,,,,,,,,,,,,,,,,,,,,,,,,,120%,,120%,120%,120%,120%,3,Lucario,2242,,,,,,{advance=7;id=30313;level=60},,,,<8;8;8;8;8;8;8;8>,,
1315,,,,,140%,,,,,,,,,,,,,,,,,,,,,,,,,140%,,140%,140%,140%,140%,2,Emboar,2483,,,,,,{advance=7;id=30302;level=60},,,,<8;8;8;8;8;8;8;8>,,
1316,,,,,160%,,,,,,,,,,,,,,,,,,,,,,,,,160%,,160%,160%,160%,160%,,Primeape,232,,,,,,{advance=7;id=30320;level=60},,,,<8;8;8;8;8;8;8;8>,,
1317,,,,,140%,,,,,,,,,,,,,,,,,,,,,,,,,140%,,140%,140%,140%,140%,2,Tepig,2481,,,,,,{advance=7;id=30302;level=60},,,,<8;8;8;8;8;8;8;8>,,
1318,,,,,160%,,,,,,,,,,,,,,,,,,,,,,,,,160%,,160%,160%,160%,160%,,Mankey,231,,,,,,{advance=7;id=30320;level=60},,,,<8;8;8;8;8;8;8;8>,,
1319,,,,,140%,,,,,,,,,,,,,,,,,,,,,,,,,140%,,140%,140%,140%,140%,2,Pignite,2482,,,,,,{advance=7;id=30302;level=60},,,,<8;8;8;8;8;8;8;8>,,
1320,,,,,120%,,,,,,,,,,,,,,,,,,,,,,,,,120%,,120%,120%,120%,120%,3,Slaking,1423,,,,,,{advance=7;id=30408;level=60},,,,<8;8;8;8;8;8;8;8>,,
1321,,,,,140%,,,,,,,,,,,,,,,,,,,,,,,,,140%,,140%,140%,140%,140%,3,Altaria,1672,,,,,,{advance=7;id=31301;level=60},,,,<8;8;8;8;8;8;8;8>,,
1322,,,,,140%,,,,,,,,,,,,,,,,,,,,,,,,,140%,,140%,140%,140%,140%,3,Altaria,1672,,,,,,{advance=7;id=31301;level=60},,,,<8;8;8;8;8;8;8;8>,,
1323,,,,,140%,,,,,,,,,,,,,,,,,,,,,,,,,140%,,140%,140%,140%,140%,3,Altaria,1672,,,,,,{advance=7;id=31301;level=60},,,,<8;8;8;8;8;8;8;8>,,
1324,,,,,140%,,,,,,,,,,,,,,,,,,,,,,,,,140%,,140%,140%,140%,140%,3,Altaria,1672,,,,,,{advance=7;id=31301;level=60},,,,<8;8;8;8;8;8;8;8>,,
1325,,,,,140%,,,,,,,,,,,,,,,,,,,,,,,,,140%,,140%,140%,140%,140%,3,Altaria,1672,,,,,,{advance=7;id=31301;level=60},,,,<8;8;8;8;8;8;8;8>,,
1326,,,,,140%,,,,,,,,,,,,,,,,,,,,,,,,,140%,,140%,140%,140%,140%,3,Altaria,1672,,,,,,{advance=7;id=31301;level=60},,,,<8;8;8;8;8;8;8;8>,,
1327,,,,,120%,,,,,,,,,,,,,,,,,,,,,,,,,120%,,120%,120%,120%,120%,3,Swablu,1671,,,,,,{advance=7;id=31301;level=60},,,,<8;8;8;8;8;8;8;8>,,
1328,,,,,120%,,,,,,,,,,,,,,,,,,,,,,,,,120%,,120%,120%,120%,120%,3,Swablu,1671,,,,,,{advance=7;id=31301;level=60},,,,<8;8;8;8;8;8;8;8>,,
1329,,,,,120%,,,,,,,,,,,,,,,,,,,,,,,,,120%,,120%,120%,120%,120%,3,Swablu,1671,,,,,,{advance=7;id=31301;level=60},,,,<8;8;8;8;8;8;8;8>,,
1330,,,,,120%,,,,,,,,,,,,,,,,,,,,,,,,,120%,,120%,120%,120%,120%,3,Swablu,1671,,,,,,{advance=7;id=31301;level=60},,,,<8;8;8;8;8;8;8;8>,,
1331,,,,,120%,,,,,,,,,,,,,,,,,,,,,,,,,120%,,120%,120%,120%,120%,3,Swablu,1671,,,,,,{advance=7;id=31301;level=60},,,,<8;8;8;8;8;8;8;8>,,
1332,,,,,120%,,,,,,,,,,,,,,,,,,,,,,,,,120%,,120%,120%,120%,120%,3,Swablu,1671,,,,,,{advance=7;id=31301;level=60},,,,<8;8;8;8;8;8;8;8>,,
1333,,,,,,,,,,,,,,,,,,,,,,,,,,,,,,,2,,,,,4,Red Ditto,9003,,,,,,{advance=7;id=30104;level=60},,,,,,
1334,,,,,,,,,,,,,,,,,,,,,,,,,,,,,,,2,,,,,4,Red Ditto,9003,,,,,,{advance=7;id=30104;level=60},,,,,,
1335,,,,,,,,,,,,,,,,,,,,,,,,,,,,,,,2,,,,,4,Red Ditto,9003,,,,,,{advance=7;id=30104;level=60},,,,,,
1336,,,,,,,,,,,,,,,,,,,,,,,,,,,,,,,2,,,,,4,Red Ditto,9003,,,,,,{advance=7;id=30104;level=60},,,,,,
1337,,,,,,,,,,,,,,,,,,,,,,,,,,,,,,,2,,,,,4,Red Ditto,9003,,,,,,{advance=7;id=30104;level=60},,,,,,
1338,,,,,,,,,,,,,,,,,,,,,,,,,,,,,,,2,,,,,4,Red Ditto,9003,,,,,,{advance=7;id=30104;level=60},,,,,,
1339,,,,,120%,,,,,,,,,,,,,,,,,,,,,,,,,120%,2,120%,120%,120%,120%,4,Red Ditto,9003,,,,,,{advance=7;id=30401;level=60},,,,,,
1340,,,,,120%,,,,,,,,,,,,,,,,,,,,,,,,,120%,2,120%,120%,120%,120%,4,Red Ditto,9003,,,,,,{advance=7;id=30401;level=60},,,,,,
1341,,,,,120%,,,,,,,,,,,,,,,,,,,,,,,,,120%,2,120%,120%,120%,120%,4,Red Ditto,9003,,,,,,{advance=7;id=30401;level=60},,,,,,
1342,,,,,120%,,,,,,,,,,,,,,,,,,,,,,,,,120%,2,120%,120%,120%,120%,4,Red Ditto,9003,,,,,,{advance=7;id=30401;level=60},,,,,,
1343,,,,,120%,,,,,,,,,,,,,,,,,,,,,,,,,120%,2,120%,120%,120%,120%,4,Red Ditto,9003,,,,,,{advance=7;id=30401;level=60},,,,,,
1344,,,,,120%,,,,,,,,,,,,,,,,,,,,,,,,,120%,2,120%,120%,120%,120%,4,Red Ditto,9003,,,,,,{advance=7;id=30401;level=60},,,,,,
1345,,,,,120%,,,,,,,,,,,,,,,,,,,,,,,,,120%,,120%,120%,120%,120%,3,Mimikyu,3961,,,,,,{advance=7;id=30309;level=60},,,,<8;8;8;8;8;8;8;8>,,
1346,,,,,120%,,,,,,,,,,,,,,,,,,,,,,,,,120%,,120%,120%,120%,120%,3,Lairon,1502,,,,,,{advance=7;id=30301;level=60},,,,<8;8;8;8;8;8;8;8>,,
1347,,,,,120%,,,,,,,,,,,,,,,,,,,,,,,,,120%,,120%,120%,120%,120%,3,Magmortar,603,,,,,,{advance=7;id=30302;level=60},,,,<8;8;8;8;8;8;8;8>,,
1348,,,,,,,,,,,,,,,,,,,,,,,,,,,,,,,2,,,,,4,Red Ditto,9003,,,,,,{advance=7;id=30106;level=60},,,,,,
1349,,,,,140%,,,,,,,,,,,,,,,,,,,,,,,,,140%,,140%,140%,140%,140%,2,Farfetch'd,341,,,,,,{advance=7;id=30201;level=60},,,,<8;8;8;8;8;8;8;8>,,
1350,,,,,120%,,,,,,,,,,,,,,,,,,,,,,,,,120%,,120%,120%,120%,120%,3,Phione,2411,,,,,,{advance=7;id=30425;level=60},,,,<8;8;8;8;8;8;8;8>,,
1351,,,,,140%,,,,,,,,,,,,,,,,,,,,,,,,,140%,,140%,140%,140%,140%,2,Pikachu,92,,,,,,{advance=7;id=31201;level=60},,,,<8;8;8;8;8;8;8;8>,,
1352,,,,,120%,,,,,,,,,,,,,,,,,,,,,,,,,120%,,120%,120%,120%,120%,3,Rhyhorn,491,,,,,,{advance=7;id=30311;level=60},,,,<8;8;8;8;8;8;8;8>,,
1353,,,,,140%,,,,,,,,,,,,,,,,,,,,,,,,,140%,,140%,140%,140%,140%,2,Emboar,2483,,,,,,{advance=7;id=30302;level=60},,,,<8;8;8;8;8;8;8;8>,,
1354,,,,,120%,,,,,,,,,,,,,,,,,,,,,,,,,120%,2,120%,120%,120%,120%,3,Orange Ditto,9002,,,,,,{advance=7;id=30106;level=60},,,,<8;8;8;8;8;8;8;8>,,
1355,,,,,120%,,,,,,,,,,,,,,,,,,,,,,,,,120%,,120%,120%,120%,120%,3,Sirfetch'd,4431,,,,,,{advance=7;id=30418;level=60},,,,<8;8;8;8;8;8;8;8>,,
1356,,,,,,,,,,,,,,,,,,,,,,,,,,,,,,,,,,,,4,Manaphy,2421,,,,,,{advance=7;id=30433;level=60},,,,,,
1357,,,,,500%,,,,,,,,,,,,,,,,,,,,,,,,,500%,,500%,500%,500%,500%,,Raticate,62,,,,10000,,{advance=7;id=30208;level=60},,,,<8;8;8;8;8;8;8;8>,,
1358,,,,,500%,,,,,,,,,,,,,,,,,,,,,,,,,500%,,500%,500%,500%,500%,,Raticate,62,,,,10000,,{advance=7;id=30208;level=60},,,,<8;8;8;8;8;8;8;8>,,
1359,,,,,500%,,,,,,,,,,,,,,,,,,,,,,,,,500%,,500%,500%,500%,500%,,Raticate,62,,,,10000,,{advance=7;id=30208;level=60},,,,<8;8;8;8;8;8;8;8>,,
1360,,,,,500%,,,,,,,,,,,,,,,,,,,,,,,,,500%,,500%,500%,500%,500%,,Raticate,62,,,,10000,,{advance=7;id=30208;level=60},,,,<8;8;8;8;8;8;8;8>,,
1361,,,,,500%,,,,,,,,,,,,,,,,,,,,,,,,,500%,,500%,500%,500%,500%,,Raticate,62,,,,10000,,{advance=7;id=30208;level=60},,,,<8;8;8;8;8;8;8;8>,,
1362,,,,,500%,,,,,,,,,,,,,,,,,,,,,,,,,500%,,500%,500%,500%,500%,,Raticate,62,,,,10000,,{advance=7;id=30208;level=60},,,,<8;8;8;8;8;8;8;8>,,
1363,,,,,500%,,,,,,,,,,,,,,,,,,,,,,,,,500%,,500%,500%,500%,500%,,Spearow,71,,,,10000,,{advance=7;id=31301;level=60},,,,<8;8;8;8;8;8;8;8>,,
1364,,,,,500%,,,,,,,,,,,,,,,,,,,,,,,,,500%,,500%,500%,500%,500%,,Spearow,71,,,,10000,,{advance=7;id=31301;level=60},,,,<8;8;8;8;8;8;8;8>,,
1365,,,,,500%,,,,,,,,,,,,,,,,,,,,,,,,,500%,,500%,500%,500%,500%,,Spearow,71,,,,10000,,{advance=7;id=31301;level=60},,,,<8;8;8;8;8;8;8;8>,,
1366,,,,,500%,,,,,,,,,,,,,,,,,,,,,,,,,500%,,500%,500%,500%,500%,,Spearow,71,,,,10000,,{advance=7;id=31301;level=60},,,,<8;8;8;8;8;8;8;8>,,
1367,,,,,500%,,,,,,,,,,,,,,,,,,,,,,,,,500%,,500%,500%,500%,500%,,Spearow,71,,,,10000,,{advance=7;id=31301;level=60},,,,<8;8;8;8;8;8;8;8>,,
1368,,,,,500%,,,,,,,,,,,,,,,,,,,,,,,,,500%,,500%,500%,500%,500%,,Spearow,71,,,,10000,,{advance=7;id=31301;level=60},,,,<8;8;8;8;8;8;8;8>,,
1369,,,,,600%,,,,,,,,,,,,,,,,,,,,,,,,,600%,,600%,600%,600%,600%,2,Frillish (M),2922,,,,10000,,{advance=7;id=30207;level=60},,,,<8;8;8;8;8;8;8;8>,,
1370,,,,,600%,,,,,,,,,,,,,,,,,,,,,,,,,600%,,600%,600%,600%,600%,3,Gallade,1394,,,,10000,,{advance=7;id=30319;level=60},,,,<8;8;8;8;8;8;8;8>,,
1371,,,,,600%,,,,,,,,,,,,,,,,,,,,,,,,,600%,,600%,600%,600%,600%,2,Jellicent (M),2924,,,,10000,,{advance=7;id=30207;level=60},,,,<8;8;8;8;8;8;8;8>,,
1372,,,,,600%,,,,,,,,,,,,,,,,,,,,,,,,,600%,,600%,600%,600%,600%,2,Frillish (F),2921,,,,10000,,{advance=7;id=30207;level=60},,,,<8;8;8;8;8;8;8;8>,,
1373,,,,,600%,,,,,,,,,,,,,,,,,,,,,,,,,600%,,600%,600%,600%,600%,3,Gardevoir,1393,,,,10000,,{advance=7;id=30406;level=60},,,,<8;8;8;8;8;8;8;8>,,
1374,,,,,600%,,,,,,,,,,,,,,,,,,,,,,,,,600%,,600%,600%,600%,600%,2,Jellicent (F),2923,,,,10000,,{advance=7;id=30207;level=60},,,,<8;8;8;8;8;8;8;8>,,
1375,,,,,600%,,,,,,,,,,,,,,,,,,,,,,,,,600%,,600%,600%,600%,600%,,Nidoking,123,,,,10000,,{advance=7;id=30307;level=60},,,,<8;8;8;8;8;8;8;8>,,
1376,,,,,600%,,,,,,,,,,,,,,,,,,,,,,,,,600%,,600%,600%,600%,600%,3,Latios,1951,,,,10000,,{advance=7;id=30411;level=60},,,,<8;8;8;8;8;8;8;8>,,
1377,,,,,600%,,,,,,,,,,,,,,,,,,,,,,,,,600%,,600%,600%,600%,600%,,Nidorino,122,,,,10000,,{advance=7;id=30307;level=60},,,,<8;8;8;8;8;8;8;8>,,
1378,,,,,600%,,,,,,,,,,,,,,,,,,,,,,,,,600%,,600%,600%,600%,600%,,Nidoqueen,113,,,,10000,,{advance=7;id=30307;level=60},,,,<8;8;8;8;8;8;8;8>,,
1379,,,,,600%,,,,,,,,,,,,,,,,,,,,,,,,,600%,,600%,600%,600%,600%,3,Latias,1941,,,,10000,,{advance=7;id=30419;level=60},,,,<8;8;8;8;8;8;8;8>,,
1380,,,,,600%,,,,,,,,,,,,,,,,,,,,,,,,,600%,,600%,600%,600%,600%,,Nidorina,112,,,,10000,,{advance=7;id=30307;level=60},,,,<8;8;8;8;8;8;8;8>,,
1381,,,,,140%,,,,,,,,,,,,,,,,,,,,,,,,,140%,,140%,140%,140%,140%,2,Spinda,1641,,,,,,{advance=7;id=30209;level=60},,,,<8;8;8;8;8;8;8;8>,,
1382,,,,,160%,,,,,,,,,,,,,,,,,,,,,,,,,160%,,160%,160%,160%,160%,,Nidorino,122,,,,,,{advance=7;id=30307;level=60},,,,<8;8;8;8;8;8;8;8>,,
1383,,,,,120%,,,,,,,,,,,,,,,,,,,,,,,,,120%,,120%,120%,120%,120%,3,Kartana,4081,,,,,,{advance=7;id=30304;level=60},,,,<8;8;8;8;8;8;8;8>,,
1384,,,,,120%,,,,,,,,,,,,,,,,,,,,,,,,,120%,,120%,120%,120%,120%,3,Piplup,2031,,,,,,{advance=7;id=30306;level=60},,,,<8;8;8;8;8;8;8;8>,,
1385,,,,,,,,,,,,,,,,,,,,,,,,,,,,,,,,,,,,4,Zygarde 50% Forme,3622,,,,,,{advance=7;id=30431;level=60},,,,,,
1386,,,,,120%,,,,,,,,,,,,,,,,,,,,,,,,,120%,,120%,120%,120%,120%,3,Gastly,391,,,,,,{advance=7;id=30303;level=60},,,,<8;8;8;8;8;8;8;8>,,
1387,,,,,140%,,,,,,,,,,,,,,,,,,,,,,,,,140%,,140%,140%,140%,140%,2,Bulbasaur,1,,,,,,{advance=7;id=30301;level=60},,,,<8;8;8;8;8;8;8;8>,,
1388,,,,,160%,,,,,,,,,,,,,,,,,,,,,,,,,160%,,160%,160%,160%,160%,,Azumarill,893,,,,,,{advance=7;id=30401;level=60},,,,<8;8;8;8;8;8;8;8>,,
1389,,,,,120%,,,,,,,,,,,,,,,,,,,,,,,,,120%,,120%,120%,120%,120%,3,Dartrix,3662,,,,,,{advance=7;id=30313;level=60},,,,<8;8;8;8;8;8;8;8>,,
1390,,,,,120%,,,,,,,,,,,,,,,,,,,,,,,,,120%,,120%,120%,120%,120%,3,Toxapex,3772,,,,,,{advance=7;id=30309;level=60},,,,<8;8;8;8;8;8;8;8>,,
1391,,,,,,,,,,,,,,,,,,,,,,,,,,,,,,,,,,,,4,Melmetal,4172,,,,,,{advance=7;id=30420;level=60},,,,,,
1392,,,,,120%,,,,,,,,,,,,,,,,,,,,,,,,,120%,,120%,120%,120%,120%,3,Zubat,161,,,,,,{advance=7;id=30206;level=60},,,,<8;8;8;8;8;8;8;8>,,
1393,,,,,140%,,,,,,,,,,,,,,,,,,,,,,,,,140%,,140%,140%,140%,140%,2,Whismur,1441,,,,,,{advance=7;id=30204;level=60},,,,<8;8;8;8;8;8;8;8>,,
1394,,,,,120%,,,,,,,,,,,,,,,,,,,,,,,,,120%,,120%,120%,120%,120%,3,Beldum,1901,,,,,,{advance=7;id=30301;level=60},,,,<8;8;8;8;8;8;8;8>,,
1395,,,,,140%,,,,,,,,,,,,,,,,,,,,,,,,,140%,,140%,140%,140%,140%,2,Pignite,2482,,,,,,{advance=7;id=30302;level=60},,,,<8;8;8;8;8;8;8;8>,,
1396,,,,,120%,,,,,,,,,,,,,,,,,,,,,,,,,120%,,120%,120%,120%,120%,3,Heracross,1071,,,,,,{advance=7;id=30306;level=60},,,,<8;8;8;8;8;8;8;8>,,
1397,,,,,,,,,,,,,,,,,,,,,,,,,,,,,,,,,,,,4,Diancie,3631,,,,,,{advance=7;id=30406;level=60},,,,,,
1398,,,,,140%,,,,,,,,,,,,,,,,,,,,,,,,,140%,,140%,140%,140%,140%,2,Geodude,301,,,,,,{advance=7;id=30311;level=60},,,,<8;8;8;8;8;8;8;8>,,
1399,,,,,140%,,,,,,,,,,,,,,,,,,,,,,,,,140%,,140%,140%,140%,140%,2,Psyduck,221,,,,,,{advance=7;id=30206;level=60},,,,<8;8;8;8;8;8;8;8>,,
1400,,,,,160%,,,,,,,,,,,,,,,,,,,,,,,,,160%,,160%,160%,160%,160%,,Venonat,191,,,,,,{advance=7;id=30103;level=60},,,,<8;8;8;8;8;8;8;8>,,
1401,,,,,120%,,,,,,,,,,,,,,,,,,,,,,,,,120%,,120%,120%,120%,120%,3,Dragonite,753,,,,,,{advance=7;id=30310;level=60},<100;100;100;100;100;100;100>,,,<8;8;8;8;8;8;8;8>,,
1402,,,,,120%,,,,,,,,,,,,,,,,,,,,,,,,,120%,,120%,120%,120%,120%,3,Gabite,2232,,,,,,{advance=7;id=30402;level=60},,,,<8;8;8;8;8;8;8;8>,,
1403,,,,,,,,,,,,,,,,,,,,,,,,,,,,,,,,,,,,4,Volcanion,3651,,,,,,{advance=7;id=30436;level=60},,,,,,
1404,,,,,120%,,,,,,,,,,,,,,,,,,,,,,,,,120%,,120%,120%,120%,120%,3,Flaaffy,882,,,,,,{advance=7;id=30303;level=60},,,,<8;8;8;8;8;8;8;8>,,
1405,,,,,140%,,,,,,,,,,,,,,,,,,,,,,,,,140%,,140%,140%,140%,140%,2,Froslass,1853,,,,,,{advance=7;id=30309;level=60},,,,<8;8;8;8;8;8;8;8>,,
1406,,,,,160%,,,,,,,,,,,,,,,,,,,,,,,,,160%,,160%,160%,160%,160%,,Phantump,3561,,,,,,{advance=7;id=30309;level=60},,,,<8;8;8;8;8;8;8;8>,,
1407,,,,,120%,,,,,,,,,,,,,,,,,,,,,,,,,120%,,120%,120%,120%,120%,3,Tapu Lele,4012,,,,,,{advance=7;id=30314;level=60},,,,<8;8;8;8;8;8;8;8>,,
1408,,,,,120%,,,,,,,,,,,,,,,,,,,,,,,,,120%,,120%,120%,120%,120%,3,Entei,1231,,,,,,{advance=7;id=30301;level=60},,,,<8;8;8;8;8;8;8;8>,,
1409,,,,,,,,,,,,,,,,,,,,,,,,,,,,,,,,,,,,4,Mewtwo,761,,,,,,{advance=7;id=30401;level=60},,,,,,
1410,,,,,120%,,,,,,,,,,,,,,,,,,,,,,,,,120%,,120%,120%,120%,120%,3,Alolan Vulpix,143,,,,,,{advance=7;id=30311;level=60},,,,<8;8;8;8;8;8;8;8>,,
1411,,,,,140%,,,,,,,,,,,,,,,,,,,,,,,,,140%,,140%,140%,140%,140%,2,Meganium,783,,,,,,{advance=7;id=30317;level=60},,,,<8;8;8;8;8;8;8;8>,,
1412,,,,,160%,,,,,,,,,,,,,,,,,,,,,,,,,160%,,160%,160%,160%,160%,,Marill,892,,,,,,{advance=7;id=30401;level=60},,,,<8;8;8;8;8;8;8;8>,,
1413,,,,,120%,,,,,,,,,,,,,,,,,,,,,,,,,120%,,120%,120%,120%,120%,3,Magmar,602,,,,,,{advance=7;id=30302;level=60},,,,<8;8;8;8;8;8;8;8>,,
1414,,,,,120%,,,,,,,,,,,,,,,,,,,,,,,,,120%,,120%,120%,120%,120%,3,Misdreavus,971,,,,,,{advance=7;id=30309;level=60},,,,<8;8;8;8;8;8;8;8>,,
1415,,,,,,,,,,,,,,,,,,,,,,,,,,,,,,,,,,,,4,Genesect,3271,,,,,,{advance=7;id=30424;level=60},,,,,,
1416,,,,,120%,,,,,,,,,,,,,,,,,,,,,,,,,120%,,120%,120%,120%,120%,3,Mew,771,,,,,,{advance=7;id=31301;level=60},,,,<8;8;8;8;8;8;8;8>,,
1417,,,,,140%,,,,,,,,,,,,,,,,,,,,,,,,,140%,,140%,140%,140%,140%,2,Pidgeotto,52,,,,,,{advance=7;id=31301;level=60},,,,<8;8;8;8;8;8;8;8>,,
1418,,,,,160%,,,,,,,,,,,,,,,,,,,,,,,,,160%,,160%,160%,160%,160%,,Sandshrew,101,,,,,,{advance=7;id=30403;level=60},,,,<8;8;8;8;8;8;8;8>,,
1419,,,,,120%,,,,,,,,,,,,,,,,,,,,,,,,,120%,,120%,120%,120%,120%,3,Noivern,3592,,,,,,{advance=7;id=30208;level=60},,,,<8;8;8;8;8;8;8;8>,,
1420,,,,,120%,,,,,,,,,,,,,,,,,,,,,,,,,120%,,120%,120%,120%,120%,3,Gliscor,1032,,,,,,{advance=7;id=30310;level=60},,,,<8;8;8;8;8;8;8;8>,,
1421,,,,,,,,,,,,,,,,,,,,,,,,,,,,,,,,,,,,4,Meltan,4171,,,,,,{advance=7;id=30420;level=60},,,,,,
1422,,,,,120%,,,,,,,,,,,,,,,,,,,,,,,,,120%,,120%,120%,120%,120%,3,Zweilous,3142,,,,,,{advance=7;id=30310;level=60},,,,<8;8;8;8;8;8;8;8>,,
1423,,,,,140%,,,,,,,,,,,,,,,,,,,,,,,,,140%,,140%,140%,140%,140%,2,Hitmonchan,463,,,,,,{advance=7;id=30320;level=60},,,,<8;8;8;8;8;8;8;8>,,
1424,,,,,160%,,,,,,,,,,,,,,,,,,,,,,,,,160%,,160%,160%,160%,160%,,Spearow,71,,,,,,{advance=7;id=31301;level=60},,,,<8;8;8;8;8;8;8;8>,,
1425,,,,,120%,,,,,,,,,,,,,,,,,,,,,,,,,120%,,120%,120%,120%,120%,3,Raboot,4192,,,,,,{advance=7;id=30315;level=60},,,,<8;8;8;8;8;8;8;8>,,
1426,,,,,120%,,,,,,,,,,,,,,,,,,,,,,,,,120%,,120%,120%,120%,120%,3,Mega Charizard X,14,,,,,,{advance=7;id=30310;level=60},,,,<8;8;8;8;8;8;8;8>,,
1427,,,,,,,,,,,,,,,,,,,,,,,,,,,,,,,,,,,,4,Giratina,2391,,,,,,{advance=7;id=30412;level=60},,,,,,
1428,,,,,120%,,,,,,,,,,,,,,,,,,,,,,,,,120%,,120%,120%,120%,120%,3,Urshifu Rapid Strike,4623,,,,,,{advance=7;id=30320;level=60},,,,<8;8;8;8;8;8;8;8>,,
1429,,,,,140%,,,,,,,,,,,,,,,,,,,,,,,,,140%,,140%,140%,140%,140%,2,Spheal,1861,,,,,,{advance=7;id=30207;level=60},,,,<8;8;8;8;8;8;8;8>,,
1430,,,,,160%,,,,,,,,,,,,,,,,,,,,,,,,,160%,,160%,160%,160%,160%,,Oddish,171,,,,,,{advance=7;id=30316;level=60},,,,<8;8;8;8;8;8;8;8>,,
1431,,,,,120%,,,,,,,,,,,,,,,,,,,,,,,,,120%,,120%,120%,120%,120%,3,Larvitar,1251,,,,,,{advance=7;id=30306;level=60},,,,<8;8;8;8;8;8;8;8>,,
1432,,,,,120%,,,,,,,,,,,,,,,,,,,,,,,,,120%,,120%,120%,120%,120%,3,Mudkip,1311,,,,,,{advance=7;id=30316;level=60},,,,<8;8;8;8;8;8;8;8>,,
1433,,,,,,,,,,,,,,,,,,,,,,,,,,,,,,,,,,,,4,Necrozma,4101,,,,,,{advance=7;id=30440;level=60},,,,,,
1434,,,,,120%,,,,,,,,,,,,,,,,,,,,,,,,,120%,,120%,120%,120%,120%,3,Mega Blastoise,24,,,,,,{advance=7;id=30316;level=60},,,,<8;8;8;8;8;8;8;8>,,
1435,,,,,140%,,,,,,,,,,,,,,,,,,,,,,,,,140%,,140%,140%,140%,140%,2,Jellicent (M),2924,,,,,,{advance=7;id=30207;level=60},,,,<8;8;8;8;8;8;8;8>,,
1436,,,,,160%,,,,,,,,,,,,,,,,,,,,,,,,,160%,,160%,160%,160%,160%,,Raticate,62,,,,,,{advance=7;id=30208;level=60},,,,<8;8;8;8;8;8;8;8>,,
1437,,,,,120%,,,,,,,,,,,,,,,,,,,,,,,,,120%,,120%,120%,120%,120%,3,Lapras,641,,,,,,{advance=7;id=30305;level=60},,,,<8;8;8;8;8;8;8;8>,,
1438,,,,,120%,,,,,,,,,,,,,,,,,,,,,,,,,120%,,120%,120%,120%,120%,3,Gible,2231,,,,,,{advance=7;id=30402;level=60},,,,<8;8;8;8;8;8;8;8>,,
1439,,,,,,,,,,,,,,,,,,,,,,,,,,,,,,,,,,,,4,Solgaleo,4023,,,,,,{advance=7;id=30434;level=60},,,,,,
1440,,,,,120%,,,,,,,,,,,,,,,,,,,,,,,,,120%,,120%,120%,120%,120%,3,Mega Gyarados,632,,,,,,{advance=7;id=30315;level=60},,,,<8;8;8;8;8;8;8;8>,,
1441,,,,,30%,,,,,,,,,,,,,,,,,,,,,,,,,30%,,30%,30%,30%,30%,5,Mega Rayquaza,1982,,,,,,{advance=7;id=30401;level=60},,,,,,
1442,,,,,30%,,,,,,,,,,,,,,,,,,,,,,,,,30%,,30%,30%,30%,30%,5,Mega Rayquaza,1982,,,,,,{advance=7;id=30401;level=60},,,,,,
1443,,,,,30%,,,,,,,,,,,,,,,,,,,,,,,,,30%,,30%,30%,30%,30%,5,Mega Rayquaza,1982,,,,,,{advance=7;id=30401;level=60},,,,,,
1444,,,,,30%,,,,,,,,,,,,,,,,,,,,,,,,,30%,,30%,30%,30%,30%,5,Mega Rayquaza,1982,,,,,,{advance=7;id=30401;level=60},,,,,,
1445,,,,,30%,,,,,,,,,,,,,,,,,,,,,,,,,30%,,30%,30%,30%,30%,5,Mega Rayquaza,1982,,,,,,{advance=7;id=30401;level=60},,,,,,
1446,,,,,30%,,,,,,,,,,,,,,,,,,,,,,,,,30%,,30%,30%,30%,30%,5,Mega Rayquaza,1982,,,,,,{advance=7;id=30401;level=60},,,,,,
1447,,,,,200%,,,,,,,,,,,,,,,,,,,,,,,,,200%,,200%,200%,200%,200%,,Caterpie,31,,20000,,20000,,{advance=7;id=30401;level=60},,,,<8;8;8;8;8;8;8;8>,,
1448,,,,,200%,,,,,,,,,,,,,,,,,,,,,,,,,200%,,200%,200%,200%,200%,,Caterpie,31,,20000,,20000,,{advance=7;id=30401;level=60},,,,<8;8;8;8;8;8;8;8>,,
1449,,,,,200%,,,,,,,,,,,,,,,,,,,,,,,,,200%,,200%,200%,200%,200%,,Caterpie,31,,20000,,20000,,{advance=7;id=30401;level=60},,,,<8;8;8;8;8;8;8;8>,,
1450,,,,,200%,,,,,,,,,,,,,,,,,,,,,,,,,200%,,200%,200%,200%,200%,,Caterpie,31,,20000,,20000,,{advance=7;id=30401;level=60},,,,<8;8;8;8;8;8;8;8>,,
1451,,,,,200%,,,,,,,,,,,,,,,,,,,,,,,,,200%,,200%,200%,200%,200%,,Caterpie,31,,20000,,20000,,{advance=7;id=30401;level=60},,,,<8;8;8;8;8;8;8;8>,,
1452,,,,,200%,,,,,,,,,,,,,,,,,,,,,,,,,200%,,200%,200%,200%,200%,,Caterpie,31,,20000,,20000,,{advance=7;id=30401;level=60},,,,<8;8;8;8;8;8;8;8>,,
1453,,,,,,,,,,,,,,,,,,,,,,,,,,,,,,,,,,,,4,Mewtwo,761,,,,,,{advance=7;id=30401;level=60},,,,,,
1454,,,,,,,,,,,,,,,,,,,,,,,,,,,,,,,,,,,,4,Mewtwo,761,,,,,,{advance=7;id=30401;level=60},,,,,,
1455,,,,,,,,,,,,,,,,,,,,,,,,,,,,,,,,,,,,4,Mewtwo,761,,,,,,{advance=7;id=30401;level=60},,,,,,
1456,,,,,,,,,,,,,,,,,,,,,,,,,,,,,,,,,,,,4,Mewtwo,761,,,,,,{advance=7;id=30401;level=60},,,,,,
1457,,,,,,,,,,,,,,,,,,,,,,,,,,,,,,,,,,,,4,Mewtwo,761,,,,,,{advance=7;id=30401;level=60},,,,,,
1458,,,,,,,,,,,,,,,,,,,,,,,,,,,,,,,,,,,,4,Mewtwo,761,,,,,,{advance=7;id=30401;level=60},,,,,,
1459,,,,20000,120%,,,,,,,,,,,,,,,,,,,,,,,,,120%,,120%,120%,120%,500%,3,Mew,771,,,,,,{advance=7;id=31301;level=60},,,,<8;8;8;8;8;8;8;8>,,
1460,,,,20000,120%,,,,,,,,,,,,,,,,,,,,,,,,,120%,,120%,120%,120%,500%,3,Mew,771,,,,,,{advance=7;id=31301;level=60},,,,<8;8;8;8;8;8;8;8>,,
1461,,,,20000,120%,,,,,,,,,,,,,,,,,,,,,,,,,120%,,120%,120%,120%,500%,3,Mew,771,,,,,,{advance=7;id=31301;level=60},,,,<8;8;8;8;8;8;8;8>,,
1462,,,,20000,120%,,,,,,,,,,,,,,,,,,,,,,,,,120%,,120%,120%,120%,500%,3,Mew,771,,,,,,{advance=7;id=31301;level=60},,,,<8;8;8;8;8;8;8;8>,,
1463,,,,20000,120%,,,,,,,,,,,,,,,,,,,,,,,,,120%,,120%,120%,120%,500%,3,Mew,771,,,,,,{advance=7;id=31301;level=60},,,,<8;8;8;8;8;8;8;8>,,
1464,,,,20000,120%,,,,,,,,,,,,,,,,,,,,,,,,,120%,,120%,120%,120%,500%,3,Mew,771,,,,,,{advance=7;id=31301;level=60},,,,<8;8;8;8;8;8;8;8>,,
1465,,,,,,,,,,,,,,,,,,,,,,,,,,,,,,,,,,,,4,Calyrex Shadow Rider,4683,,,,,,{advance=7;id=30449;level=60},,,,<8;8;8;8;8;8;8;8>,,
1466,,,,,,,,,,,,,,,,,,,,,,,,,,,,,,,,,,,,4,Zamazenta,4601,,,,,,{advance=7;id=30443;level=60},,,,<8;8;8;8;8;8;8;8>,,
1467,,,,,,,,,,,,,,,,,,,,,,,,,,,,,,,,,,,,4,Yveltal,3611,,,,,,{advance=7;id=30421;level=60},,,,<8;8;8;8;8;8;8;8>,,
1468,,,,,,,,,,,,,,,,,,,,,,,,,,,,,,,,,,,,4,Darkrai,2431,,,,,,{advance=7;id=30405;level=60},,,,<8;8;8;8;8;8;8;8>,,
1469,,,,,,,,,,,,,,,,,,,,,,,,,,,,,,,,,,,,4,Palkia,2361,,,,,,{advance=7;id=30411;level=60},,,,<8;8;8;8;8;8;8;8>,,
1470,,,,,,,,,,,,,,,,,,,,,,,,,,,,,,,,,,,,3,Latias,1941,,,,,,{advance=7;id=30419;level=60},,,,<8;8;8;8;8;8;8;8>,,
1471,,,,2000,120%,,,,,,,,,,,,,,,,,,,,,,,,,120%,,120%,120%,120%,120%,4,Calyrex Ice Rider,4682,,2000,,2000,,{advance=7;id=30452;level=60},,,,<8;8;8;8;8;8;8;8>,,
1472,,,,2000,120%,,,,,,,,,,,,,,,,,,,,,,,,,120%,,120%,120%,120%,120%,3,Latios,1951,,2000,,2000,,{advance=7;id=30411;level=60},,,,<8;8;8;8;8;8;8;8>,,
1473,,,,2000,120%,,,,,,,,,,,,,,,,,,,,,,,,,120%,,120%,120%,120%,120%,4,Xerneas,3601,,2000,,2000,,{advance=7;id=30425;level=60},,,,<8;8;8;8;8;8;8;8>,,
1474,,,,2000,120%,,,,,,,,,,,,,,,,,,,,,,,,,120%,,120%,120%,120%,120%,3,Cresselia,2401,,2000,,2000,,{advance=7;id=30413;level=60},,,,<8;8;8;8;8;8;8;8>,,
1475,,,,2000,120%,,,,,,,,,,,,,,,,,,,,,,,,,120%,,120%,120%,120%,120%,4,Dialga,2351,,2000,,2000,,{advance=7;id=30410;level=60},,,,<8;8;8;8;8;8;8;8>,,
1476,,,,2000,120%,,,,,,,,,,,,,,,,,,,,,,,,,120%,,120%,120%,120%,120%,4,Zacian,4591,,2000,,2000,,{advance=7;id=30446;level=60},,,,<8;8;8;8;8;8;8;8>,,
1477,,,,,,,,,,,,,,,,,,,,,,,,,,,,,,,,,,,,4,Regigigas,2381,,,,,,{advance=7;id=30409;level=60},,,,<8;8;8;8;8;8;8;8>,,
1478,,,,,,,,,,,,,,,,,,,,,,,,,,,,,,,,,,,,4,Kyurem,3241,,,,,,{advance=7;id=30417;level=60},,,,<8;8;8;8;8;8;8;8>,,
1479,,,,,,,,,,,,,,,,,,,,,,,,,,,,,,,,,,,,4,Zygarde Complete Forme,3623,,,,,,{advance=7;id=30431;level=60},,,,<8;8;8;8;8;8;8;8>,,
1480,,,,,,,,,,,,,,,,,,,,,,,,,,,,,,,,,,,,4,Marshadow,4121,,,,,,{advance=7;id=30432;level=60},,,,<8;8;8;8;8;8;8;8>,,
1481,,,,,,,,,,,,,,,,,,,,,,,,,,,,,,,,,,,,5,Primal Groudon,1972,,,,,,{advance=7;id=30403;level=60},,,,<8;8;8;8;8;8;8;8>,,
1482,,,,,,,,,,,,,,,,,,,,,,,,,,,,,,,,,,,,5,Primal Kyogre,1962,,,,,,{advance=7;id=30404;level=60},,,,<8;8;8;8;8;8;8;8>,,
1483,,,,,,,,,,,,,,,,,,,,,,,,,,,,,,,,,,,200%,4,Necrozma,4101,,,,,,{advance=7;id=30440;level=60},,,,<8;8;8;8;8;8;8;8>,,
1484,,,,,,,,,,,,,,,,,,,,,,,,,,,,,,,,,,,200%,4,Eternatus,4611,,,,,,{advance=7;id=30456;level=60},,,,<8;8;8;8;8;8;8;8>,,
1485,,,,,,,,,,,,,,,,,,,,,,,,,,,,,,,,,,,200%,4,Giratina,2391,,,,,,{advance=7;id=30412;level=60},,,,<8;8;8;8;8;8;8;8>,,
1486,,,,,,,,,,,,,,,,,,,,,,,,,,,,,,,,,,,200%,4,Solgaleo,4023,,,,,,{advance=7;id=30434;level=60},,,,<8;8;8;8;8;8;8;8>,,
1487,,,,,,,,,,,,,,,,,,,,,,,,,,,,,,,,,,,200%,5,Mega Rayquaza,1982,,,,,,{advance=7;id=30401;level=60},,,,<8;8;8;8;8;8;8;8>,,
1488,,,,,,,,,,,,,,,,,,,,,,,,,,,,,,,,,,,200%,4,Lunala,4024,,,,,,{advance=7;id=30437;level=60},,,,<8;8;8;8;8;8;8;8>,,
1489,,,,,1%,,,,,,,,,,,,,,,,,,,,,,,,,1%,,1%,1%,1%,1%,2,Emolga,2891,,,,,,{advance=7;id=30305;level=60},,,,,,
1490,,,,,1%,,,,,,,,,,,,,,,,,,,,,,,,,1%,,1%,1%,1%,1%,2,Squirtle,21,,,,,,{advance=7;id=30316;level=60},,,,,,
1491,,,,,1%,,,,,,,,,,,,,,,,,,,,,,,,,1%,,1%,1%,1%,1%,2,Jigglypuff,152,,,,,,{advance=7;id=30305;level=60},,,,,,
1492,,,,,1%,,,,,,,,,,,,,,,,,,,,,,,,,1%,,1%,1%,1%,1%,2,Psyduck,221,,,,,,{advance=7;id=30206;level=60},,,,,,
1493,,,,,1%,,,,,,,,,,,,,,,,,,,,,,,,,1%,,1%,1%,1%,1%,2,Pikachu,92,,,,,,{advance=7;id=31201;level=60},,,,,,
1494,,,,,1%,,,,,,,,,,,,,,,,,,,,,,,,,1%,,1%,1%,1%,1%,2,Cinccino,2832,,,,,,{advance=7;id=30305;level=60},,,,,,
1495,,,,,140%,,,,,,,,,,,,,,,,,,,,,,,,,140%,,140%,140%,140%,140%,2,Machamp,273,,,,,,{advance=7;id=30315;level=60},,,,<8;8;8;8;8;8;8;8>,,
1496,,,,,140%,,,,,,,,,,,,,,,,,,,,,,,,,140%,,140%,140%,140%,140%,2,Exploud,1443,,,,,,{advance=7;id=30204;level=60},,,,<8;8;8;8;8;8;8;8>,,
1497,,,,,120%,,,,,,,,,,,,,,,,,,,,,,,,,120%,,120%,120%,120%,120%,3,Poliwrath,253,,,,,,{advance=7;id=30320;level=60},,,,<8;8;8;8;8;8;8;8>,,
1498,,,,,120%,,,,,,,,,,,,,,,,,,,,,,,,,120%,,120%,120%,120%,120%,3,Gyarados,631,,,,,,{advance=7;id=30315;level=60},,,,<8;8;8;8;8;8;8;8>,,
1499,,,,,160%,,,,,,,,,,,,,,,,,,,,,,,,,160%,,160%,160%,160%,160%,,Primeape,232,,,,,,{advance=7;id=30320;level=60},,,,<8;8;8;8;8;8;8;8>,,
1500,,,,,120%,,,,,,,,,,,,,,,,,,,,,,,,,120%,,120%,120%,120%,120%,3,Rillaboom,4183,,,,,,{advance=7;id=30301;level=60},,,,<8;8;8;8;8;8;8;8>,,
1501,,,,,140%,,,,,,,,,,,,,,,,,,,,,,,,,140%,,140%,140%,140%,140%,2,Staryu,551,,,,,,{advance=7;id=30207;level=60},,,,<8;8;8;8;8;8;8;8>,,
1502,,,,,160%,,,,,,,,,,,,,,,,,,,,,,,,,160%,,160%,160%,160%,160%,,Marowak,452,,,,,,{advance=7;id=31202;level=60},,,,<8;8;8;8;8;8;8;8>,,
1503,,,,,120%,,,,,,,,,,,,,,,,,,,,,,,,,120%,,120%,120%,120%,120%,3,Exeggcute,441,,,,,,{advance=7;id=30301;level=60},,,,<8;8;8;8;8;8;8;8>,,
1504,,,,,120%,,,,,,,,,,,,,,,,,,,,,,,,,120%,,120%,120%,120%,120%,3,Misdreavus,971,,,,,,{advance=7;id=30309;level=60},,,,<8;8;8;8;8;8;8;8>,,
1505,,,,,,,,,,,,,,,,,,,,,,,,,,,,,,,,,,,,4,Regigigas,2381,,,,,,{advance=7;id=30409;level=60},,,,<8;8;8;8;8;8;8;8>,,
1506,,,,,120%,,,,,,,,,,,,,,,,,,,,,,,,,120%,,120%,120%,120%,120%,3,Flygon,1653,,,,,,{advance=7;id=30307;level=60},,,,<8;8;8;8;8;8;8;8>,,
1507,,,,,140%,,,,,,,,,,,,,,,,,,,,,,,,,140%,,140%,140%,140%,140%,2,Shuppet,1801,,,,,,{advance=7;id=30309;level=60},,,,<8;8;8;8;8;8;8;8>,,
1508,,,,,160%,,,,,,,,,,,,,,,,,,,,,,,,,160%,,160%,160%,160%,160%,,Vileplume,173,,,,,,{advance=7;id=30316;level=60},,,,<8;8;8;8;8;8;8;8>,,
1509,,,,,120%,,,,,,,,,,,,,,,,,,,,,,,,,120%,,120%,120%,120%,120%,3,Snorlax,712,,,,,,{advance=7;id=30301;level=60},,,,<8;8;8;8;8;8;8;8>,,
1510,,,,,120%,,,,,,,,,,,,,,,,,,,,,,,,,120%,,120%,120%,120%,120%,3,Snivy,2471,,,,,,{advance=7;id=30306;level=60},,,,<8;8;8;8;8;8;8;8>,,
1511,,,,,,,,,,,,,,,,,,,,,,,,,,,,,,,,,,,,4,Zamazenta,4601,,,,,,{advance=7;id=30443;level=60},,,,<8;8;8;8;8;8;8;8>,,
1512,,,,,120%,,,,,,,,,,,,,,,,,,,,,,,,,120%,,120%,120%,120%,120%,3,Grookey,4181,,,,,,{advance=7;id=30301;level=60},,,,<8;8;8;8;8;8;8;8>,,
1513,,,,,140%,,,,,,,,,,,,,,,,,,,,,,,,,140%,,140%,140%,140%,140%,2,Kabuto,691,,,,,,{advance=7;id=30311;level=60},,,,<8;8;8;8;8;8;8;8>,,
1514,,,,,160%,,,,,,,,,,,,,,,,,,,,,,,,,160%,,160%,160%,160%,160%,,Rattata,61,,,,,,{advance=7;id=30208;level=60},,,,<8;8;8;8;8;8;8;8>,,
1515,,,,,120%,,,,,,,,,,,,,,,,,,,,,,,,,120%,,120%,120%,120%,120%,3,Suicune,1241,,,,,,{advance=7;id=30305;level=60},,,,<8;8;8;8;8;8;8;8>,,
1516,,,,,120%,,,,,,,,,,,,,,,,,,,,,,,,,120%,,120%,120%,120%,120%,3,Hydreigon,3143,,,,,,{advance=7;id=30310;level=60},,,,<8;8;8;8;8;8;8;8>,,
1517,,,,,,,,,,,,,,,,,,,,,,,,,,,,,,,,,,,,4,Manaphy,2421,,,,,,{advance=7;id=30433;level=60},,,,<8;8;8;8;8;8;8;8>,,
1518,,,,,120%,,,,,,,,,,,,,,,,,,,,,,,,,120%,,120%,120%,120%,120%,3,Flabébé,3351,,,,,,{advance=7;id=30317;level=60},,,,<8;8;8;8;8;8;8;8>,,
1519,,,,,140%,,,,,,,,,,,,,,,,,,,,,,,,,140%,,140%,140%,140%,140%,2,Quilladin,3282,,,,,,{advance=7;id=30316;level=60},,,,<8;8;8;8;8;8;8;8>,,
1520,,,,,160%,,,,,,,,,,,,,,,,,,,,,,,,,160%,,160%,160%,160%,160%,,Doduo,351,,,,,,{advance=7;id=30312;level=60},,,,<8;8;8;8;8;8;8;8>,,
1521,,,,,120%,,,,,,,,,,,,,,,,,,,,,,,,,120%,,120%,120%,120%,120%,3,Sliggoo,3542,,,,,,{advance=7;id=30301;level=60},,,,<8;8;8;8;8;8;8;8>,,
1522,,,,,120%,,,,,,,,,,,,,,,,,,,,,,,,,120%,,120%,120%,120%,120%,3,Turtonator,3941,,,,,,{advance=7;id=30301;level=60},,,,<8;8;8;8;8;8;8;8>,,
1523,,,,,,,,,,,,,,,,,,,,,,,,,,,,,,,,,,,,4,Zekrom,3221,,,,,,{advance=7;id=30416;level=60},,,,<8;8;8;8;8;8;8;8>,,
1524,,,,,120%,,,,,,,,,,,,,,,,,,,,,,,,,120%,,120%,120%,120%,120%,3,Brionne,3682,,,,,,{advance=7;id=30304;level=60},,,,<8;8;8;8;8;8;8;8>,,
1525,,,,,140%,,,,,,,,,,,,,,,,,,,,,,,,,140%,,140%,140%,140%,140%,2,Totodile,801,,,,,,{advance=7;id=30315;level=60},,,,<8;8;8;8;8;8;8;8>,,
1526,,,,,160%,,,,,,,,,,,,,,,,,,,,,,,,,160%,,160%,160%,160%,160%,,Nidoran♀,111,,,,,,{advance=7;id=30307;level=60},,,,<8;8;8;8;8;8;8;8>,,
1527,,,,,120%,,,,,,,,,,,,,,,,,,,,,,,,,120%,,120%,120%,120%,120%,3,Cresselia,2401,,,,,,{advance=7;id=30413;level=60},,,,<8;8;8;8;8;8;8;8>,,
1528,,,,,120%,,,,,,,,,,,,,,,,,,,,,,,,,120%,,120%,120%,120%,120%,3,Noivern,3592,,,,,,{advance=7;id=30208;level=60},,,,<8;8;8;8;8;8;8;8>,,
1529,,,,,,,,,,,,,,,,,,,,,,,,,,,,,,,,,,,,4,Shiny Mega Gengar,7021,,,,,,{advance=7;id=30438;level=60},,,,<8;8;8;8;8;8;8;8>,,
1530,,,,,120%,,,,,,,,,,,,,,,,,,,,,,,,,120%,,120%,120%,120%,120%,3,Mega Heracross,1072,,,,,,{advance=7;id=30306;level=60},,,,<8;8;8;8;8;8;8;8>,,
1531,,,,,140%,,,,,,,,,,,,,,,,,,,,,,,,,140%,,140%,140%,140%,140%,2,Conkeldurr,2633,,,,,,{advance=7;id=30201;level=60},,,,<8;8;8;8;8;8;8;8>,,
1532,,,,,160%,,,,,,,,,,,,,,,,,,,,,,,,,160%,,160%,160%,160%,160%,,Gloom,172,,,,,,{advance=7;id=30316;level=60},,,,<8;8;8;8;8;8;8;8>,,
1533,,,,,120%,,,,,,,,,,,,,,,,,,,,,,,,,120%,,120%,120%,120%,120%,3,Zweilous,3142,,,,,,{advance=7;id=30310;level=60},,,,<8;8;8;8;8;8;8;8>,,
1534,,,,,120%,,,,,,,,,,,,,,,,,,,,,,,,,120%,,120%,120%,120%,120%,3,Aron,1501,,,,,,{advance=7;id=30301;level=60},,,,<8;8;8;8;8;8;8;8>,,
1535,,,,,,,,,,,,,,,,,,,,,,,,,,,,,,,,,,,,4,Zygarde Complete Forme,3623,,,,,,{advance=7;id=30431;level=60},,,,<8;8;8;8;8;8;8;8>,,
1536,,,,,120%,,,,,,,,,,,,,,,,,,,,,,,,,120%,,120%,120%,120%,120%,3,Gyarados,631,,,,,,{advance=7;id=30315;level=60},,,,<8;8;8;8;8;8;8;8>,,
1537,,,,,140%,,,,,,,,,,,,,,,,,,,,,,,,,140%,,140%,140%,140%,140%,2,Gothorita,2842,,,,,,{advance=7;id=30308;level=60},,,,<8;8;8;8;8;8;8;8>,,
1538,,,,,160%,,,,,,,,,,,,,,,,,,,,,,,,,160%,,160%,160%,160%,160%,,Goldeen,541,,,,,,{advance=7;id=30103;level=60},,,,<8;8;8;8;8;8;8;8>,,
1539,,,,,120%,,,,,,,,,,,,,,,,,,,,,,,,,120%,,120%,120%,120%,120%,3,Bonsly,901,,,,,,{advance=7;id=30301;level=60},,,,<8;8;8;8;8;8;8;8>,,
1540,,,,,120%,,,,,,,,,,,,,,,,,,,,,,,,,120%,,120%,120%,120%,120%,3,Dusknoir,1813,,,,,,{advance=7;id=30309;level=60},,,,<8;8;8;8;8;8;8;8>,,
1541,,,,,,,,,,,,,,,,,,,,,,,,,,,,,,,,,,,,4,Meloetta Pirouette Forme,3262,,,,,,{advance=7;id=30418;level=60},,,,<8;8;8;8;8;8;8;8>,,
1542,,,,,120%,,,,,,,,,,,,,,,,,,,,,,,,,120%,,120%,120%,120%,120%,3,Mesprit,2331,,,,,,{advance=7;id=30305;level=60},,,,<8;8;8;8;8;8;8;8>,,
1543,,,,,140%,,,,,,,,,,,,,,,,,,,,,,,,,140%,,140%,140%,140%,140%,2,Grimer,371,,,,,,{advance=7;id=30316;level=60},,,,<8;8;8;8;8;8;8;8>,,
1544,,,,,160%,,,,,,,,,,,,,,,,,,,,,,,,,160%,,160%,160%,160%,160%,,Fearow,72,,,,,,{advance=7;id=31301;level=60},,,,<8;8;8;8;8;8;8;8>,,
1545,,,,,120%,,,,,,,,,,,,,,,,,,,,,,,,,120%,,120%,120%,120%,120%,3,Mew,771,,,,,,{advance=7;id=31301;level=60},,,,<8;8;8;8;8;8;8;8>,,
1546,,,,,120%,,,,,,,,,,,,,,,,,,,,,,,,,120%,,120%,120%,120%,120%,3,Cinderace,4193,,,,,,{advance=7;id=30315;level=60},,,,<8;8;8;8;8;8;8;8>,,
1547,,,,,,,,,,,,,,,,,,,,,,,,,,,,,,,,,,,,4,Zeraora,4161,,,,,,{advance=7;id=30426;level=60},,,,<8;8;8;8;8;8;8;8>,,
1548,,,,,120%,,,,,,,,,,,,,,,,,,,,,,,,,120%,,120%,120%,120%,120%,3,Magmortar,603,,,,,,{advance=7;id=30302;level=60},,,,<8;8;8;8;8;8;8;8>,,
1549,,,,,140%,,,,,,,,,,,,,,,,,,,,,,,,,140%,,140%,140%,140%,140%,2,Chikorita,781,,,,,,{advance=7;id=30317;level=60},,,,<8;8;8;8;8;8;8;8>,,
1550,,,,,160%,,,,,,,,,,,,,,,,,,,,,,,,,160%,,160%,160%,160%,160%,,Nidorino,122,,,,,,{advance=7;id=30307;level=60},,,,<8;8;8;8;8;8;8;8>,,
1551,,,,,120%,,,,,,,,,,,,,,,,,,,,,,,,,120%,,120%,120%,120%,120%,3,Scorbunny,4191,,,,,,{advance=7;id=30315;level=60},,,,<8;8;8;8;8;8;8;8>,,
1552,,,,,120%,,,,,,,,,,,,,,,,,,,,,,,,,120%,,120%,120%,120%,120%,3,Latias,1941,,,,,,{advance=7;id=30419;level=60},,,,<8;8;8;8;8;8;8;8>,,
1553,,,,,,,,,,,,,,,,,,,,,,,,,,,,,,,,,,,,4,Marshadow,4121,,,,,,{advance=7;id=30432;level=60},,,,<8;8;8;8;8;8;8;8>,,
1554,,,,,120%,,,,,,,,,,,,,,,,,,,,,,,,,120%,,120%,120%,120%,120%,3,Mesprit,2331,,,,,,{advance=7;id=30305;level=60},,,,<8;8;8;8;8;8;8;8>,,
1555,,,,,140%,,,,,,,,,,,,,,,,,,,,,,,,,140%,,140%,140%,140%,140%,2,Vanillish,2872,,,,,,{advance=7;id=30311;level=60},,,,<8;8;8;8;8;8;8;8>,,
1556,,,,,160%,,,,,,,,,,,,,,,,,,,,,,,,,160%,,160%,160%,160%,160%,,Trevenant,3562,,,,,,{advance=7;id=30309;level=60},,,,<8;8;8;8;8;8;8;8>,,
1557,,,,,120%,,,,,,,,,,,,,,,,,,,,,,,,,120%,,120%,120%,120%,120%,3,Treecko,1291,,,,,,{advance=7;id=30314;level=60},,,,<8;8;8;8;8;8;8;8>,,
1558,,,,,120%,,,,,,,,,,,,,,,,,,,,,,,,,120%,,120%,120%,120%,120%,3,Sobble,4201,,,,,,{advance=7;id=30305;level=60},,,,<8;8;8;8;8;8;8;8>,,
1559,,,,,,,,,,,,,,,,,,,,,,,,,,,,,,,,,,,,4,Kyogre,1961,,,,,,{advance=7;id=30404;level=60},,,,<8;8;8;8;8;8;8;8>,,
1560,,,,,120%,,,,,,,,,,,,,,,,,,,,,,,,,120%,,120%,120%,120%,120%,3,Poliwag,251,,,,,,{advance=7;id=30320;level=60},,,,<8;8;8;8;8;8;8;8>,,
1561,,,,,,,,,,,,,,,,,,,,,,,,,,,,,,,,,,,,4,Victini,2461,,,,,,{advance=7;id=30427;level=60},,,,<8;8;8;8;8;8;8;8>,,
1562,,,,,,,,,,,,,,,,,,,,,,,,,,,,,,,,,,,,4,Volcanion,3651,,,,,,{advance=7;id=30436;level=60},,,,<8;8;8;8;8;8;8;8>,,
1563,,,,,,,,,,,,,,,,,,,,,,,,,,,,,,,,,,,,4,Groudon,1971,,,,,,{advance=7;id=30403;level=60},,,,<8;8;8;8;8;8;8;8>,,
1564,,,,,120%,,,,,,,,,,,,,,,,,,,,,,,,,120%,,120%,120%,120%,120%,3,Magmortar,603,,,,,,{advance=7;id=30302;level=60},,,,<8;8;8;8;8;8;8;8>,,
1565,,,,,,,,,,,,,,,,,,,,,,,,,,,,,,,,,,,,4,Ho-Oh,1271,,,,,,{advance=7;id=31301;level=60},,,,<8;8;8;8;8;8;8;8>,,
1566,,,,,140%,,,,,,,,,,,,,,,,,,,,,,,,,140%,,140%,140%,140%,140%,2,Charizard,13,,,,,,{advance=7;id=30310;level=60},,,,<8;8;8;8;8;8;8;8>,,
1567,,,,,,,,,,,,,,,,,,,,,,,,,,,,,,,2,,,,,4,Red Ditto,9003,,,,,,{advance=7;id=30106;level=60},,,,,,
1568,,,,,,,,,,,,,,,,,,,,,,,,,,,,,,,2,,,,,4,Red Ditto,9003,,,,,,{advance=7;id=30106;level=60},,,,,,
1569,,,,,,,,,,,,,,,,,,,,,,,,,,,,,,,2,,,,,4,Red Ditto,9003,,,,,,{advance=7;id=30106;level=60},,,,,,
1570,,,,,,,,,,,,,,,,,,,,,,,,,,,,,,,2,,,,,4,Red Ditto,9003,,,,,,{advance=7;id=30106;level=60},,,,,,
1571,,,,,,,,,,,,,,,,,,,,,,,,,,,,,,,2,,,,,4,Red Ditto,9003,,,,,,{advance=7;id=30106;level=60},,,,,,
1572,,,,,,,,,,,,,,,,,,,,,,,,,,,,,,,2,,,,,4,Red Ditto,9003,,,,,,{advance=7;id=30106;level=60},,,,,,
1573,,,,,,,,,,,,,,,,,,,,,,,,,,,,,,,,,,,,4,Pikachu,92,,,,,,{advance=7;id=31201;level=60},,,,,,
1574,,,,,,,,,,,,,,,,,,,,,,,,,,,,,,,,,,,,4,Pikachu,92,,,,,,{advance=7;id=31201;level=60},,,,,,
1575,,,,,,,,,,,,,,,,,,,,,,,,,,,,,,,,,,,,4,Pikachu,92,,,,,,{advance=7;id=31201;level=60},,,,,,
1576,,,,,,,,,,,,,,,,,,,,,,,,,,,,,,,,,,,,4,Pikachu,92,,,,,,{advance=7;id=31201;level=60},,,,,,
1577,,,,,,,,,,,,,,,,,,,,,,,,,,,,,,,,,,,,4,Pikachu,92,,,,,,{advance=7;id=31201;level=60},,,,,,
1578,,,,,,,,,,,,,,,,,,,,,,,,,,,,,,,,,,,,4,Pikachu,92,,,,,,{advance=7;id=31201;level=60},,,,,,
1579,,,,,,,,,,,,,,,,,,,,,,,,,,,,,,,,,,,,4,Pikachu,92,,,,,,{advance=7;id=31201;level=60},,,,,,
1580,,,,,,,,,,,,,,,,,,,,,,,,,,,,,,,,,,,,4,Pikachu,92,,,,,,{advance=7;id=31201;level=60},,,,,,
1581,,,,,,,,,,,,,,,,,,,,,,,,,,,,,,,,,,,,4,Pikachu,92,,,,,,{advance=7;id=31201;level=60},,,,,,
1582,,,,,,,,,,,,,,,,,,,,,,,,,,,,,,,,,,,,4,Pikachu,92,,,,,,{advance=7;id=31201;level=60},,,,,,
1583,,,,,,,,,,,,,,,,,,,,,,,,,,,,,,,,,,,,4,Pikachu,92,,,,,,{advance=7;id=31201;level=60},,,,,,
1584,,,,,,,,,,,,,,,,,,,,,,,,,,,,,,,,,,,,4,Pikachu,92,,,,,,{advance=7;id=31201;level=60},,,,,,
1585,,,,,160%,,,,,,,,,,,,,,,,,,,,,,,,,160%,,160%,160%,160%,200%,,Lombre,1352,,,,,,{advance=7;id=30207;level=60},,,,<8;8;8;8;8;8;8;8>,,
1586,,1000,,10000,120%,,1000,,,,,,,,,,,,,,,,,,,,,,,120%,,120%,120%,120%,300%,3,Infernape,2023,,10000,,10000,,{advance=7;id=30402;level=60},,,,<8;8;8;8;8;8;8;8>,,
1587,,,,,140%,,,,,,,,,,,,,,,,,,,,,,,,,140%,,140%,140%,140%,200%,2,Emboar,2483,,,,,,{advance=7;id=30302;level=60},,,,<8;8;8;8;8;8;8;8>,,
1588,,,,,120%,,,,,,,,,,,,,,,,,,,,,,,,,120%,,120%,120%,120%,200%,3,Glastrier,4661,,,,,,{advance=7;id=30452;level=60},,,,<8;8;8;8;8;8;8;8>,,
1589,,,,,120%,,,,,,,,,,,,,,,,,,,,,,,,,120%,,120%,120%,120%,200%,4,Calyrex Ice Rider,4682,,,,,,{advance=7;id=30452;level=60},,,,<8;8;8;8;8;8;8;8>,,
1590,,,,,140%,,,,,,,,,,,,,,,,,,,,,,,,,140%,,140%,140%,140%,200%,2,Delphox,3293,,,,,,{advance=7;id=30206;level=60},,,,<8;8;8;8;8;8;8;8>,,
1591,,,,,120%,,,,,,,,,,,,,,,,,,,,,,,,,120%,,120%,120%,120%,120%,3,Cinderace,4193,,,,,,{advance=7;id=30315;level=60},,,,<8;8;8;8;8;8;8;8>,,
1592,,,,,140%,,,,,,,,,,,,,,,,,,,,,,,,,140%,,140%,140%,140%,140%,2,Quilava,792,,,,,,{advance=7;id=30302;level=60},,,,<8;8;8;8;8;8;8;8>,,
1593,,,,,140%,,,,,,,,,,,,,,,,,,,,,,,,,140%,,140%,140%,140%,140%,2,Golem,303,,,,,,{advance=7;id=30311;level=60},,,,<8;8;8;8;8;8;8;8>,,
1594,,,,,120%,,,,,,,,,,,,,,,,,,,,,,,,,120%,,120%,120%,120%,120%,3,Incineroar,3673,,,,,,{advance=7;id=30313;level=60},,,,<8;8;8;8;8;8;8;8>,,
1595,,,,,120%,,,,,,,,,,,,,,,,,,,,,,,,,120%,,120%,120%,120%,200%,4,Jirachi,1991,,,,,,{advance=7;id=30419;level=60},,,,<8;8;8;8;8;8;8;8>,,
1596,,,,,120%,,,,,,,,,,,,,,,,,,,,,,,,,120%,,120%,120%,120%,120%,3,Pheromosa,4051,,,,,,{advance=7;id=30307;level=60},,,,<8;8;8;8;8;8;8;8>,,
1597,,,,,120%,,,,,,,,,,,,,,,,,,,,,,,,,120%,,120%,120%,120%,120%,3,Regirock,1911,,,,,,{advance=7;id=30301;level=60},,,,<8;8;8;8;8;8;8;8>,,
1598,,,,,120%,,,,,,,,,,,,,,,,,,,,,,,,,120%,,120%,120%,120%,120%,3,Regice,1921,,,,,,{advance=7;id=30301;level=60},,,,<8;8;8;8;8;8;8;8>,,
1599,,,,,120%,,,,,,,,,,,,,,,,,,,,,,,,,120%,,120%,120%,120%,120%,3,Registeel,1931,,,,,,{advance=7;id=30301;level=60},,,,<8;8;8;8;8;8;8;8>,,
1600,,,,,120%,,,,,,,,,,,,,,,,,,,,,,,,,120%,,120%,120%,120%,120%,3,Regidrago,4651,,,,,,{advance=7;id=30310;level=60},,,,<8;8;8;8;8;8;8;8>,,
1601,,,,,120%,,,,,,,,,,,,,,,,,,,,,,,,,120%,,120%,120%,120%,120%,3,Chansey,502,,,,,,{advance=7;id=30317;level=60},,,,<8;8;8;8;8;8;8;8>,,
1602,,,,,120%,,,,,,,,,,,,,,,,,,,,,,,,,120%,,120%,120%,120%,120%,3,Regieleki,4641,,,,,,{advance=7;id=30303;level=60},,,,<8;8;8;8;8;8;8;8>,,
1603,,,,,120%,,,,,,,,,,,,,,,,,,,,,,,,,120%,,120%,120%,120%,120%,3,Happiny,501,,,,,,{advance=7;id=30317;level=60},,,,<8;8;8;8;8;8;8;8>,,
1604,,,,,120%,,,,,,,,,,,,,,,,,,,,,,,,,120%,,120%,120%,120%,120%,3,Happiny,501,,,,,,{advance=7;id=30317;level=60},,,,<8;8;8;8;8;8;8;8>,,
1605,,,,,120%,,,,,,,,,,,,,,,,,,,,,,,,,120%,,120%,120%,120%,120%,3,Happiny,501,,,,,,{advance=7;id=30317;level=60},,,,<8;8;8;8;8;8;8;8>,,
1606,,,,,120%,,,,,,,,,,,,,,,,,,,,,,,,,120%,,120%,120%,120%,120%,3,Happiny,501,,,,,,{advance=7;id=30317;level=60},,,,<8;8;8;8;8;8;8;8>,,
1607,,,,,120%,,,,,,,,,,,,,,,,,,,,,,,,,120%,,120%,120%,120%,120%,3,Blissey,503,,,,,,{advance=7;id=30317;level=60},,,,<8;8;8;8;8;8;8;8>,,
1608,,,,,120%,,,,,,,,,,,,,,,,,,,,,,,,,120%,,120%,120%,120%,120%,3,Happiny,501,,,,,,{advance=7;id=30317;level=60},,,,<8;8;8;8;8;8;8;8>,,
1609,,,,,80%,,,,,,,,,,,,,,,,,,,,,,,,,80%,,80%,80%,80%,80%,3,Mega Ampharos,884,,,,,,{advance=7;id=30303;level=60},,,,<8;8;8;8;8;8;8;8>,,
1610,,,,,80%,,,,,,,,,,,,,,,,,,,,,,,,,80%,,80%,80%,80%,80%,4,Miraidon,5391,,,,,,{advance=7;id=30459;level=60},,,,<8;8;8;8;8;8;8;8>,,
1611,,,,,80%,,,,,,,,,,,,,,,,,,,,,,,,,80%,,80%,80%,80%,80%,3,Drampa,3981,,,,,,{advance=7;id=30310;level=60},,,,<8;8;8;8;8;8;8;8>,,
1612,,,,,80%,,,,,,,,,,,,,,,,,,,,,,,,,80%,,80%,80%,80%,80%,3,Altaria,1672,,,,,,{advance=7;id=31301;level=60},,,,<8;8;8;8;8;8;8;8>,,
1613,,,,,80%,,,,,,,,,,,,,,,,,,,,,,,,,80%,,80%,80%,80%,80%,4,Rayquaza,1981,,,,,,{advance=7;id=30408;level=60},,,,<8;8;8;8;8;8;8;8>,,
1614,,,,,80%,,,,,,,,,,,,,,,,,,,,,,,,,80%,,80%,80%,80%,80%,3,Swablu,1671,,,,,,{advance=7;id=31301;level=60},,,,<8;8;8;8;8;8;8;8>,,
1615,,,,10000,220%,,,,,,,,,,,,,,,,,,,,,,,,,220%,,220%,220%,220%,310%,3,Steelix,402,,10000,,10000,,{advance=7;id=30302;level=60},,,,<8;8;8;8;8;8;8;8>,,
1616,,,,10000,220%,,,,,,,,,,,,,,,,,,,,,,,,,220%,,220%,220%,220%,310%,3,Milotic,1772,,10000,,10000,,{advance=7;id=30317;level=60},,,,<8;8;8;8;8;8;8;8>,,
1617,,,,10000,220%,,,,,,,,,,,,,,,,,,,,,,,,,220%,,220%,220%,220%,310%,3,Onix,401,,10000,,10000,,{advance=7;id=30302;level=60},,,,<8;8;8;8;8;8;8;8>,,
1618,,,,10000,260%,,,,,,,,,,,,,,,,,,,,,,,,,260%,,260%,260%,260%,350%,,Arbok,82,,10000,,10000,,{advance=7;id=30309;level=60},,,,<8;8;8;8;8;8;8;8>,,
1619,,,,10000,220%,,,,,,,,,,,,,,,,,,,,,,,,,220%,,220%,220%,220%,360%,3,Serperior,2473,,10000,,10000,,{advance=7;id=30306;level=60},,,,<8;8;8;8;8;8;8;8>,,
1620,,,,10000,260%,,,,,,,,,,,,,,,,,,,,,,,,,260%,,260%,260%,260%,350%,,Ekans,81,,10000,,10000,,{advance=7;id=30309;level=60},,,,<8;8;8;8;8;8;8;8>,,
1621,,,,,,,,,,,,,,,,,,,,,,,,,,,,,,,,,,,,4,Shiny Mega Tyranitar,7031,,,,,,{advance=7;id=30439;level=60},,,,<8;8;8;8;8;8;8;8>,,
1622,,,,,80%,,,,,,,,,,,,,,,,,,,,,,,,,80%,,80%,80%,80%,80%,5,Primal Groudon,1972,,,,,,{advance=7;id=30403;level=60},,,,<8;8;8;8;8;8;8;8>,,
1623,,,,,,,,,,,,,,,,,,,,,,,,,,,,,,,,,,,,4,Brock's Mega Steelix,7171,,,,,,{advance=7;id=30462;level=60},,,,<8;8;8;8;8;8;8;8>,,
1624,,,,,,,,,,,,,,,,,,,,,,,,,,,,,,,,,,,,4,Zygarde Complete Forme,3623,,,,,,{advance=7;id=30431;level=60},,,,<8;8;8;8;8;8;8;8>,,
1625,,,,,120%,,,,,,,,,,,,,,,,,,,,,,,,,120%,,120%,120%,120%,120%,3,Iron Treads,5241,,,,,,{advance=7;id=30306;level=60},,,,<8;8;8;8;8;8;8;8>,,
1626,,,,,,,,,,,,,,,,,,,,,,,,,,,,,,,,,,,,4,Cynthia's Mega Garchomp,7091,,,,,,{advance=7;id=30450;level=60},,,,<8;8;8;8;8;8;8;8>,,
1627,,,,,,,,,,,,,,,,,,,,,,,,,,,,,,,,,,,,4,Shiny Mega Venusaur,7151,,,,,,{advance=7;id=30458;level=60},,,,<8;8;8;8;8;8;8;8>,,
1628,,,,,,,,,,,,,,,,,,,,,,,,,,,,,,,,,,,,4,Shiny Mega Abomasnow,7131,,,,,,{advance=7;id=30455;level=60},,,,<8;8;8;8;8;8;8;8>,,
1629,,,,,,,,,,,,,,,,,,,,,,,,,,,,,,,,,,,,4,Zarude,4631,,,,,,{advance=7;id=30447;level=60},,,,<8;8;8;8;8;8;8;8>,,
1630,,,,,,,,,,,,,,,,,,,,,,,,,,,,,,,,,,,,4,Shaymin,2441,,,,,,{advance=7;id=30413;level=60},,,,<8;8;8;8;8;8;8;8>,,
1631,,,,,,,,,,,,,,,,,,,,,,,,,,,,,,,,,,,,4,Celebi,1281,,,,,,{advance=7;id=30423;level=60},,,,<8;8;8;8;8;8;8;8>,,
1632,,,,,,,,,,,,,,,,,,,,,,,,,,,,,,,,,,,,4,Shiny Mega Sceptile,7141,,,,,,{advance=7;id=30457;level=60},,,,<8;8;8;8;8;8;8;8>,,
1633,,,,,,,,,,,,,,,,,,,,,,,,,,,,,,,,,,,,4,Celebi,1281,,,,,,{advance=7;id=30423;level=60},,,,<8;8;8;8;8;8;8;8>,,
1634,,,,,,,,,,,,,,,,,,,,,,,,,,,,,,,,,,,,4,Origin Mew,7041,,,,,,{advance=7;id=30441;level=60},,,,<8;8;8;8;8;8;8;8>,,
1635,,,,,,,,,,,,,,,,,,,,,,,,,,,,,,,,,,,,4,Jirachi,1991,,,,,,{advance=7;id=30419;level=60},,,,<8;8;8;8;8;8;8;8>,,
1636,,,,,,,,,,,,,,,,,,,,,,,,,,,,,,,,,,,,4,Necrozma,4101,,,,,,{advance=7;id=30440;level=60},,,,<8;8;8;8;8;8;8;8>,,
1637,,,,,80%,,,,,,,,,,,,,,,,,,,,,,,,,80%,,80%,80%,80%,80%,5,Mega Mewtwo Y,763,,,,,,{advance=7;id=30401;level=60},<100;100;100;100;100;100;100>,,,<8;8;8;8;8;8;8;8>,,
1638,,,,,,,,,,,,,,,,,,,,,,,,,,,,,,,,,,,,4,Hoppa Unbound,3642,,,,,,{advance=7;id=30414;level=60},,,,<8;8;8;8;8;8;8;8>,,
1639,,,,,,,,,,,,,,,,,,,,,,,,,,,,,,,,,,,,4,Reshiram,3211,,,,,,{advance=7;id=30415;level=60},,,,<8;8;8;8;8;8;8;8>,,
1640,,,,,80%,,,,,,,,,,,,,,,,,,,,,,,,,80%,,80%,80%,80%,80%,5,Primal Groudon,1972,,,,,,{advance=7;id=30403;level=60},,,,<8;8;8;8;8;8;8;8>,,
1641,,,,,,,,,,,,,,,,,,,,,,,,,,,,,,,,,,,,4,Ho-Oh,1271,,,,,,{advance=7;id=31301;level=60},,,,<8;8;8;8;8;8;8;8>,,
1642,,,,,,,,,,,,,,,,,,,,,,,,,,,,,,,,,,,,4,Victini,2461,,,,,,{advance=7;id=30427;level=60},,,,<8;8;8;8;8;8;8;8>,,
1643,,,,,,,,,,,,,,,,,,,,,,,,,,,,,,,,,,,,4,Alain's Mega Charizard X,7121,,,,,,{advance=7;id=30453;level=60},,,,<8;8;8;8;8;8;8;8>,,
1644,,,,,,,,,,,,,,,,,,,,,,,,,,,,,,,,,,,,4,Masked Mega Blaziken,7101,,,,,,{advance=7;id=30402;level=60},,,,<8;8;8;8;8;8;8;8>,,
1645,,,,,,,,,,,,,,,,,,,,,,,,,,,,,,,,,,,,4,Calyrex Ice Rider,4682,,,,,,{advance=7;id=30452;level=60},,,,<8;8;8;8;8;8;8;8>,,
1646,,,,,80%,,,,,,,,,,,,,,,,,,,,,,,,,80%,,80%,80%,80%,80%,5,White Kyurem,3242,,,,,,{advance=7;id=30454;level=60},,,,<8;8;8;8;8;8;8;8>,,
1647,,,,,120%,,,,,,,,,,,,,,,,,,,,,,,,,120%,,120%,120%,120%,120%,3,Glastrier,4661,,,,,,{advance=7;id=30452;level=60},,,,<8;8;8;8;8;8;8;8>,,
1648,,,,,,,,,,,,,,,,,,,,,,,,,,,,,,,,,,,,4,Shiny Mega Abomasnow,7131,,,,,,{advance=7;id=30455;level=60},,,,<8;8;8;8;8;8;8;8>,,
1649,,,,,120%,,,,,,,,,,,,,,,,,,,,,,,,,120%,,120%,120%,120%,120%,3,Articuno,721,,,,,,{advance=7;id=30303;level=60},,,,<8;8;8;8;8;8;8;8>,,
1650,,,,,120%,,,,,,,,,,,,,,,,,,,,,,,,,120%,,120%,120%,120%,120%,3,Alolan Ninetales,144,,,,,,{advance=7;id=30311;level=60},,,,<8;8;8;8;8;8;8;8>,,
1651,,,,,,,,,,,,,,,,,,,,,,,,,,,,,,,,,,,,4,Eternatus,4611,,,,,,{advance=7;id=30456;level=60},,,,<8;8;8;8;8;8;8;8>,,
1652,,,,,,,,,,,,,,,,,,,,,,,,,,,,,,,,,,,,4,Shiny Mega Gengar,7021,,,,,,{advance=7;id=30438;level=60},,,,<8;8;8;8;8;8;8;8>,,
1653,,,,,,,,,,,,,,,,,,,,,,,,,,,,,,,,,,,,4,Shiny Mega Venusaur,7151,,,,,,{advance=7;id=30458;level=60},,,,<8;8;8;8;8;8;8;8>,,
1654,,,,,120%,,,,,,,,,,,,,,,,,,,,,,,,,120%,,120%,120%,120%,120%,3,Nihilego,4031,,,,,,{advance=7;id=30309;level=60},,,,<8;8;8;8;8;8;8;8>,,
1655,,,,,120%,,,,,,,,,,,,,,,,,,,,,,,,,120%,,120%,120%,120%,120%,3,Toxapex,3772,,,,,,{advance=7;id=30309;level=60},,,,<8;8;8;8;8;8;8;8>,,
1656,,,,,120%,,,,,,,,,,,,,,,,,,,,,,,,,120%,,120%,120%,120%,120%,3,Naganadel,4132,,,,,,{advance=7;id=30309;level=60},,,,<8;8;8;8;8;8;8;8>,,
1657,,,,,,,,,,,,,,,,,,,,,,,,,,,,,,,,,,,,4,Palkia,2361,,,,,,{advance=7;id=30411;level=60},,,,<8;8;8;8;8;8;8;8>,,
1658,,,,,,,,,,,,,,,,,,,,,,,,,,,,,,,,,,,,4,Manaphy,2421,,,,,,{advance=7;id=30433;level=60},,,,<8;8;8;8;8;8;8;8>,,
1659,,,,,,,,,,,,,,,,,,,,,,,,,,,,,,,,,,,,4,Volcanion,3651,,,,,,{advance=7;id=30436;level=60},,,,<8;8;8;8;8;8;8;8>,,
1660,,,,,,,,,,,,,,,,,,,,,,,,,,,,,,,,,,,,4,Keldeo Resolute Form,7071,,,,,,{advance=7;id=30445;level=60},,,,<8;8;8;8;8;8;8;8>,,
1661,,,,,80%,,,,,,,,,,,,,,,,,,,,,,,,,80%,,80%,80%,80%,80%,5,Primal Kyogre,1962,,,,,,{advance=7;id=30404;level=60},,,,<8;8;8;8;8;8;8;8>,,
1662,,,,,,,,,,,,,,,,,,,,,,,,,,,,,,,,,,,,4,Ash-Greninja,7011,,,,,,{advance=7;id=30401;level=60},,,,<8;8;8;8;8;8;8;8>,,
1663,,,,,,,,,,,,,,,,,,,,,,,,,,,,,,,,,,,,4,Koraidon,5381,,,,,,{advance=7;id=30463;level=60},,,,<8;8;8;8;8;8;8;8>,,
1664,,,,,,,,,,,,,,,,,,,,,,,,,,,,,,,,,,,,4,Zamazenta,4601,,,,,,{advance=7;id=30443;level=60},,,,<8;8;8;8;8;8;8;8>,,
1665,,,,,,,,,,,,,,,,,,,,,,,,,,,,,,,,,,,,4,Shiny Mega Gallade,7061,,,,,,{advance=7;id=30444;level=60},,,,<8;8;8;8;8;8;8;8>,,
1666,,,,,,,,,,,,,,,,,,,,,,,,,,,,,,,,,,,,4,Meloetta Pirouette Forme,3262,,,,,,{advance=7;id=30418;level=60},,,,<8;8;8;8;8;8;8;8>,,
1667,,,,,80%,,,,,,,,,,,,,,,,,,,,,,,,,80%,,80%,80%,80%,80%,5,Mega Mewtwo X,762,,,,,,{advance=7;id=30401;level=60},<100;100;100;100;100;100;100>,,,<8;8;8;8;8;8;8;8>,,
1668,,,,,,,,,,,,,,,,,,,,,,,,,,,,,,,,,,,,4,Shiny Mega Lucario,7111,,,,,,{advance=7;id=30451;level=60},,,,<8;8;8;8;8;8;8;8>,,
1669,,,,,,,,,,,,,,,,,,,,,,,,,,,,,,,,,,,,4,Shiny Mega Tyranitar,7031,,,,,,{advance=7;id=30439;level=60},,,,<8;8;8;8;8;8;8;8>,,
1670,,,,,80%,,,,,,,,,,,,,,,,,,,,,,,,,80%,,80%,80%,80%,80%,5,Mega Diancie,3632,,,,,,{advance=7;id=30406;level=60},,,,<8;8;8;8;8;8;8;8>,,
1671,,,,,120%,,,,,,,,,,,,,,,,,,,,,,,,,120%,,120%,120%,120%,120%,3,Stakataka,4141,,,,,,{advance=7;id=30301;level=60},,,,<8;8;8;8;8;8;8;8>,,
1672,,,,,120%,,,,,,,,,,,,,,,,,,,,,,,,,120%,,120%,120%,120%,120%,3,Regirock,1911,,,,,,{advance=7;id=30301;level=60},,,,<8;8;8;8;8;8;8;8>,,
1673,,,,,120%,,,,,,,,,,,,,,,,,,,,,,,,,120%,,120%,120%,120%,120%,3,Mega Aggron,1504,,,,,,{advance=7;id=30301;level=60},,,,<8;8;8;8;8;8;8;8>,,
1674,,,,,120%,,,,,,,,,,,,,,,,,,,,,,,,,120%,,120%,120%,120%,120%,3,Terrakion,3171,,,,,,{advance=7;id=30306;level=60},,,,<8;8;8;8;8;8;8;8>,,
1675,,,,,,,,,,,,,,,,,,,,,,,,,,,,,,,,,,,,4,Red Flash Mega Scizor,7191,,,,,,{advance=7;id=30465;level=60},,,,<8;8;8;8;8;8;8;8>,,
1676,,,,,,,,,,,,,,,,,,,,,,,,,,,,,,,,,,,,4,Genesect,3271,,,,,,{advance=7;id=30424;level=60},,,,<8;8;8;8;8;8;8;8>,,
1677,,,,,120%,,,,,,,,,,,,,,,,,,,,,,,,,120%,,120%,120%,120%,120%,3,Kleavor,4701,,,,,,{advance=7;id=30320;level=60},,,,<8;8;8;8;8;8;8;8>,,
1678,,,,,120%,,,,,,,,,,,,,,,,,,,,,,,,,120%,,120%,120%,120%,120%,3,Mega Heracross,1072,,,,,,{advance=7;id=30306;level=60},,,,<8;8;8;8;8;8;8;8>,,
1679,,,,,120%,,,,,,,,,,,,,,,,,,,,,,,,,120%,,120%,120%,120%,120%,3,Volcarona,3152,,,,,,{advance=7;id=30307;level=60},,,,<8;8;8;8;8;8;8;8>,,
1680,,,,,120%,,,,,,,,,,,,,,,,,,,,,,,,,120%,,120%,120%,120%,120%,3,Buzzwole,4041,,,,,,{advance=7;id=30320;level=60},,,,<8;8;8;8;8;8;8;8>,,
1681,,,,,,,,,,,,,,,,,,,,,,,,,,,,,,,,,,,,4,Shiny Mega Tyranitar,7031,,,,,,{advance=7;id=30439;level=60},,,,<8;8;8;8;8;8;8;8>,,
1682,,,,,,,,,,,,,,,,,,,,,,,,,,,,,,,,,,,,4,Hoppa Unbound,3642,,,,,,{advance=7;id=30414;level=60},,,,<8;8;8;8;8;8;8;8>,,
1683,,,,,,,,,,,,,,,,,,,,,,,,,,,,,,,,,,,,4,Zarude,4631,,,,,,{advance=7;id=30447;level=60},,,,<8;8;8;8;8;8;8;8>,,
1684,,,,,,,,,,,,,,,,,,,,,,,,,,,,,,,,,,,,4,Darkrai,2431,,,,,,{advance=7;id=30405;level=60},,,,<8;8;8;8;8;8;8;8>,,
1685,,,,,,,,,,,,,,,,,,,,,,,,,,,,,,,,,,,,4,Yveltal,3611,,,,,,{advance=7;id=30421;level=60},,,,<8;8;8;8;8;8;8;8>,,
1686,,,,,,,,,,,,,,,,,,,,,,,,,,,,,,,,,,,,4,Ash-Greninja,7011,,,,,,{advance=7;id=30401;level=60},,,,<8;8;8;8;8;8;8;8>,,
1687,,,,,,,,,,,,,,,,,,,,,,,,,,,,,,,,,,,,4,Hoppa Confined,3641,,,,,,{advance=7;id=30414;level=60},,,,<8;8;8;8;8;8;8;8>,,
1688,,,,,,,,,,,,,,,,,,,,,,,,,,,,,,,,,,,,4,Giratina,2391,,,,,,{advance=7;id=30412;level=60},,,,<8;8;8;8;8;8;8;8>,,
1689,,,,,,,,,,,,,,,,,,,,,,,,,,,,,,,,,,,,4,Calyrex Shadow Rider,4683,,,,,,{advance=7;id=30449;level=60},,,,<8;8;8;8;8;8;8;8>,,
1690,,,,,,,,,,,,,,,,,,,,,,,,,,,,,,,,,,,,4,Marshadow,4121,,,,,,{advance=7;id=30432;level=60},,,,<8;8;8;8;8;8;8;8>,,
1691,,,,,,,,,,,,,,,,,,,,,,,,,,,,,,,,,,,,4,Lunala,4024,,,,,,{advance=7;id=30437;level=60},,,,<8;8;8;8;8;8;8;8>,,
1692,,,,,,,,,,,,,,,,,,,,,,,,,,,,,,,,,,,,4,Shiny Mega Gengar,7021,,,,,,{advance=7;id=30438;level=60},,,,<8;8;8;8;8;8;8;8>,,
1693,,,,,,,,,,,,,,,,,,,,,,,,,,,,,,,,,,,,4,Melmetal,4172,,,,,,{advance=7;id=30420;level=60},,,,<8;8;8;8;8;8;8;8>,,
1694,,,,,80%,,,,,,,,,,,,,,,,,,,,,,,,,80%,,80%,80%,80%,80%,5,Dusk Mane,4103,,,,,,{advance=7;id=30466;level=60},,,,<8;8;8;8;8;8;8;8>,,
1695,,,,,,,,,,,,,,,,,,,,,,,,,,,,,,,,,,,,4,Steven's Mega Metagross,7081,,,,,,{advance=7;id=30448;level=60},,,,<8;8;8;8;8;8;8;8>,,
1696,,,,,,,,,,,,,,,,,,,,,,,,,,,,,,,,,,,,4,Magearna,4111,,,,,,{advance=7;id=30435;level=60},,,,<8;8;8;8;8;8;8;8>,,
1697,,,,,,,,,,,,,,,,,,,,,,,,,,,,,,,,,,,,4,Shiny Mega Lucario,7111,,,,,,{advance=7;id=30451;level=60},,,,<8;8;8;8;8;8;8;8>,,
1698,,,,,,,,,,,,,,,,,,,,,,,,,,,,,,,,,,,,4,Origin Dialga,2352,,,,,,{advance=7;id=30467;level=60},,,,<8;8;8;8;8;8;8;8>,,
1699,,,,,80%,,,,,,,,,,,,,,,,,,,,,,,,,80%,,80%,80%,80%,80%,5,White Kyurem,3242,,,,,,{advance=7;id=30454;level=60},,,,<8;8;8;8;8;8;8;8>,,
1700,,,,,,,,,,,,,,,,,,,,,,,,,,,,,,,,,,,,4,Eternatus,4611,,,,,,{advance=7;id=30456;level=60},,,,<8;8;8;8;8;8;8;8>,,
1701,,,,,,,,,,,,,,,,,,,,,,,,,,,,,,,,,,,,4,Giratina,2391,,,,,,{advance=7;id=30412;level=60},,,,<8;8;8;8;8;8;8;8>,,
1702,,,,,,,,,,,,,,,,,,,,,,,,,,,,,,,,,,,,4,Zinnia's Mega Salamence,7181,,,,,,{advance=7;id=30464;level=60},,,,<8;8;8;8;8;8;8;8>,,
1703,,,,,80%,,,,,,,,,,,,,,,,,,,,,,,,,80%,,80%,80%,80%,80%,5,Mega Rayquaza,1982,,,,,,{advance=7;id=30401;level=60},,,,<8;8;8;8;8;8;8;8>,,
1704,,,,,,,,,,,,,,,,,,,,,,,,,,,,,,,,,,,,4,Zygarde Complete Forme,3623,,,,,,{advance=7;id=30431;level=60},,,,<8;8;8;8;8;8;8;8>,,
1705,,,,,,,,,,,,,,,,,,,,,,,,,,,,,,,,,,,,4,Yveltal,3611,,,,,,{advance=7;id=30421;level=60},,,,<8;8;8;8;8;8;8;8>,,
1706,,,,,,,,,,,,,,,,,,,,,,,,,,,,,,,,,,,,4,Lugia,1261,,,,,,{advance=7;id=30407;level=60},,,,<8;8;8;8;8;8;8;8>,,
1707,,,,,,,,,,,,,,,,,,,,,,,,,,,,,,,,,,,,4,Ho-Oh,1271,,,,,,{advance=7;id=31301;level=60},,,,<8;8;8;8;8;8;8;8>,,
1708,,,,,,,,,,,,,,,,,,,,,,,,,,,,,,,,,,,,4,Zinnia's Mega Salamence,7181,,,,,,{advance=7;id=30464;level=60},,,,<8;8;8;8;8;8;8;8>,,
1709,,,,,80%,,,,,,,,,,,,,,,,,,,,,,,,,80%,,80%,80%,80%,80%,5,Mega Rayquaza,1982,,,,,,{advance=7;id=30401;level=60},,,,<8;8;8;8;8;8;8;8>,,
1710,,,,,,,,,,,,,,,,,,,,,,,,,,,,,,,,,,,,4,Shaymin Sky Forme,2442,,,,,,{advance=7;id=30413;level=60},,,,<8;8;8;8;8;8;8;8>,,
1711,,,,,,,,,,,,,,,,,,,,,,,,,,,,,,,,,,,,4,Celebi,1281,,,,,,{advance=7;id=30423;level=60},,,,<8;8;8;8;8;8;8;8>,,
1712,,,,,,,,,,,,,,,,,,,,,,,,,,,,,,,,,,,,4,Origin Mew,7041,,,,,,{advance=7;id=30441;level=60},,,,<8;8;8;8;8;8;8;8>,,
1713,,,,,,,,,,,,,,,,,,,,,,,,,,,,,,,,,,,,4,Hoppa Unbound,3642,,,,,,{advance=7;id=30414;level=60},,,,<8;8;8;8;8;8;8;8>,,
1714,,,,,,,,,,,,,,,,,,,,,,,,,,,,,,,,,,,,4,Necrozma,4101,,,,,,{advance=7;id=30440;level=60},,,,<8;8;8;8;8;8;8;8>,,
1715,,,,,80%,,,,,,,,,,,,,,,,,,,,,,,,,80%,,80%,80%,80%,80%,5,Mega Mewtwo Y,763,,,,,,{advance=7;id=30401;level=60},<100;100;100;100;100;100;100>,,,<8;8;8;8;8;8;8;8>,,
1716,,,,,,,,,,,,,,,,,,,,,,,,,,,,,,,,,,,,4,Jirachi,1991,,,,,,{advance=7;id=30419;level=60},,,,<8;8;8;8;8;8;8;8>,,
1717,,,,,,,,,,,,,,,,,,,,,,,,,,,,,,,,,,,,4,Shiny Mega Gardevoir,7051,,,,,,{advance=7;id=30442;level=60},,,,<8;8;8;8;8;8;8;8>,,
1718,,,,,80%,,,,,,,,,,,,,,,,,,,,,,,,,80%,,80%,80%,80%,80%,5,Mega Diancie,3632,,,,,,{advance=7;id=30406;level=60},,,,<8;8;8;8;8;8;8;8>,,
1719,,,,,120%,,,,,,,,,,,,,,,,,,,,,,,,,120%,,120%,120%,120%,120%,3,Tinkaton,4993,,,,,,{advance=7;id=30311;level=60},,,,<8;8;8;8;8;8;8;8>,,
1720,,,,,,,,,,,,,,,,,,,,,,,,,,,,,,,,,,,,4,Magearna,4111,,,,,,{advance=7;id=30435;level=60},,,,<8;8;8;8;8;8;8;8>,,
1721,,,,,,,,,,,,,,,,,,,,,,,,,,,,,,,,,,,,4,Xerneas,3601,,,,,,{advance=7;id=30425;level=60},,,,<8;8;8;8;8;8;8;8>,,
1722,,,,,,,,,,,,,,,,,,,,,,,,,,,,,,,,,,,,4,Zacian,4591,,,,,,{advance=7;id=30446;level=60},,,,<8;8;8;8;8;8;8;8>,,
1723,,,,,120%,,,,,,,,,,,,,,,,,,,,,,,,,120%,,120%,120%,120%,120%,3,Ash's Pikachu,7001,,,,,,{advance=7;id=30319;level=60},,,,<8;8;8;8;8;8;8;8>,,
1724,,,,,,,,,,,,,,,,,,,,,,,,,,,,,,,,,,,,4,Zeraora,4161,,,,,,{advance=7;id=30426;level=60},,,,<8;8;8;8;8;8;8;8>,,
1725,,,,,,,,,,,,,,,,,,,,,,,,,,,,,,,,,,,,4,Champion Pikachu,7161,,,,,,{advance=7;id=30460;level=60},,,,<8;8;8;8;8;8;8;8>,,
1726,,,,,,,,,,,,,,,,,,,,,,,,,,,,,,,,,,,,4,Miraidon,5391,,,,,,{advance=7;id=30459;level=60},,,,<8;8;8;8;8;8;8;8>,,
1727,,,,,,,,,,,,,,,,,,,,,,,,,,,,,,,,,,,,4,Zekrom,3221,,,,,,{advance=7;id=30416;level=60},,,,<8;8;8;8;8;8;8;8>,,
1728,,,,,80%,,,,,,,,,,,,,,,,,,,,,,,,,80%,,80%,80%,80%,80%,5,Black Kyurem,3243,,,,,,{advance=7;id=30461;level=60},,,,<8;8;8;8;8;8;8;8>,,
1729,,,,,,,,,,,,,,,,,,,,,,,,,,,,,,,,,,,,4,Shiny Mega Venusaur,7151,,,,,,{advance=7;id=30458;level=60},,,,<8;8;8;8;8;8;8;8>,,
1730,,,,,,,,,,,,,,,,,,,,,,,,,,,,,,,,,,,,4,Shiny Mega Abomasnow,7131,,,,,,{advance=7;id=30455;level=60},,,,<8;8;8;8;8;8;8;8>,,
1731,,,,,,,,,,,,,,,,,,,,,,,,,,,,,,,,,,,,4,Zarude,4631,,,,,,{advance=7;id=30447;level=60},,,,<8;8;8;8;8;8;8;8>,,
1732,,,,,,,,,,,,,,,,,,,,,,,,,,,,,,,,,,,,4,Shaymin,2441,,,,,,{advance=7;id=30413;level=60},,,,<8;8;8;8;8;8;8;8>,,
1733,,,,,,,,,,,,,,,,,,,,,,,,,,,,,,,,,,,,4,Celebi,1281,,,,,,{advance=7;id=30423;level=60},,,,<8;8;8;8;8;8;8;8>,,
1734,,,,,,,,,,,,,,,,,,,,,,,,,,,,,,,,,,,,4,Shiny Mega Sceptile,7141,,,,,,{advance=7;id=30457;level=60},,,,<8;8;8;8;8;8;8;8>,,
1735,,,,,,,,,,,,,,,,,,,,,,,,,,,,,,,,,,,,4,Shiny Mega Tyranitar,7031,,,,,,{advance=7;id=30439;level=60},,,,<8;8;8;8;8;8;8;8>,,
1736,,,,,,,,,,,,,,,,,,,,,,,,,,,,,,,,,,,,4,Hoppa Unbound,3642,,,,,,{advance=7;id=30414;level=60},,,,<8;8;8;8;8;8;8;8>,,
1737,,,,,,,,,,,,,,,,,,,,,,,,,,,,,,,,,,,,4,Zarude,4631,,,,,,{advance=7;id=30447;level=60},,,,<8;8;8;8;8;8;8;8>,,
1738,,,,,,,,,,,,,,,,,,,,,,,,,,,,,,,,,,,,4,Darkrai,2431,,,,,,{advance=7;id=30405;level=60},,,,<8;8;8;8;8;8;8;8>,,
1739,,,,,,,,,,,,,,,,,,,,,,,,,,,,,,,,,,,,4,Yveltal,3611,,,,,,{advance=7;id=30421;level=60},,,,<8;8;8;8;8;8;8;8>,,
1740,,,,,,,,,,,,,,,,,,,,,,,,,,,,,,,,,,,,4,Ash-Greninja,7011,,,,,,{advance=7;id=30401;level=60},,,,<8;8;8;8;8;8;8;8>,,
1741,,,,,,,,,,,,,,,,,,,,,,,,,,,,,,,,,,,,4,Reshiram,3211,,,,,,{advance=7;id=30415;level=60},,,,<8;8;8;8;8;8;8;8>,,
1742,,,,,80%,,,,,,,,,,,,,,,,,,,,,,,,,80%,,80%,80%,80%,80%,5,Primal Groudon,1972,,,,,,{advance=7;id=30403;level=60},,,,<8;8;8;8;8;8;8;8>,,
1743,,,,,,,,,,,,,,,,,,,,,,,,,,,,,,,,,,,,4,Ho-Oh,1271,,,,,,{advance=7;id=31301;level=60},,,,<8;8;8;8;8;8;8;8>,,
1744,,,,,,,,,,,,,,,,,,,,,,,,,,,,,,,,,,,,4,Victini,2461,,,,,,{advance=7;id=30427;level=60},,,,<8;8;8;8;8;8;8;8>,,
1745,,,,,,,,,,,,,,,,,,,,,,,,,,,,,,,,,,,,4,Alain's Mega Charizard X,7121,,,,,,{advance=7;id=30453;level=60},,,,<8;8;8;8;8;8;8;8>,,
1746,,,,,,,,,,,,,,,,,,,,,,,,,,,,,,,,,,,,4,Masked Mega Blaziken,7101,,,,,,{advance=7;id=30402;level=60},,,,<8;8;8;8;8;8;8;8>,,
1747,,,,,,,,,,,,,,,,,,,,,,,,,,,,,,,,,,,,4,Koraidon,5381,,,,,,{advance=7;id=30463;level=60},,,,<8;8;8;8;8;8;8;8>,,
1748,,,,,,,,,,,,,,,,,,,,,,,,,,,,,,,,,,,,4,Zamazenta,4601,,,,,,{advance=7;id=30443;level=60},,,,<8;8;8;8;8;8;8;8>,,
1749,,,,,,,,,,,,,,,,,,,,,,,,,,,,,,,,,,,,4,Shiny Mega Gallade,7061,,,,,,{advance=7;id=30444;level=60},,,,<8;8;8;8;8;8;8;8>,,
1750,,,,,,,,,,,,,,,,,,,,,,,,,,,,,,,,,,,,4,Meloetta Pirouette Forme,3262,,,,,,{advance=7;id=30418;level=60},,,,<8;8;8;8;8;8;8;8>,,
1751,,,,,80%,,,,,,,,,,,,,,,,,,,,,,,,,80%,,80%,80%,80%,80%,5,Mega Mewtwo X,762,,,,,,{advance=7;id=30401;level=60},<100;100;100;100;100;100;100>,,,<8;8;8;8;8;8;8;8>,,
1752,,,,,,,,,,,,,,,,,,,,,,,,,,,,,,,,,,,,4,Shiny Mega Lucario,7111,,,,,,{advance=7;id=30451;level=60},,,,<8;8;8;8;8;8;8;8>,,
1753,,,,,,,,,,,,,,,,,,,,,,,,,,,,,,,,,,,,4,Yveltal,3611,,,,,,{advance=7;id=30421;level=60},,,,<8;8;8;8;8;8;8;8>,,
1754,,,,,,,,,,,,,,,,,,,,,,,,,,,,,,,,,,,,4,Lugia,1261,,,,,,{advance=7;id=30407;level=60},,,,<8;8;8;8;8;8;8;8>,,
1755,,,,,,,,,,,,,,,,,,,,,,,,,,,,,,,,,,,,4,Ho-Oh,1271,,,,,,{advance=7;id=31301;level=60},,,,<8;8;8;8;8;8;8;8>,,
1756,,,,,,,,,,,,,,,,,,,,,,,,,,,,,,,,,,,,4,Zinnia's Mega Salamence,7181,,,,,,{advance=7;id=30464;level=60},,,,<8;8;8;8;8;8;8;8>,,
1757,,,,,80%,,,,,,,,,,,,,,,,,,,,,,,,,80%,,80%,80%,80%,80%,5,Mega Rayquaza,1982,,,,,,{advance=7;id=30401;level=60},,,,<8;8;8;8;8;8;8;8>,,
1758,,,,,,,,,,,,,,,,,,,,,,,,,,,,,,,,,,,,4,Shaymin Sky Forme,2442,,,,,,{advance=7;id=30413;level=60},,,,<8;8;8;8;8;8;8;8>,,
1759,,,,,,,,,,,,,,,,,,,,,,,,,,,,,,,,,,,,4,Hoppa Confined,3641,,,,,,{advance=7;id=30414;level=60},,,,<8;8;8;8;8;8;8;8>,,
1760,,,,,,,,,,,,,,,,,,,,,,,,,,,,,,,,,,,,4,Giratina,2391,,,,,,{advance=7;id=30412;level=60},,,,<8;8;8;8;8;8;8;8>,,
1761,,,,,,,,,,,,,,,,,,,,,,,,,,,,,,,,,,,,4,Calyrex Shadow Rider,4683,,,,,,{advance=7;id=30449;level=60},,,,<8;8;8;8;8;8;8;8>,,
1762,,,,,,,,,,,,,,,,,,,,,,,,,,,,,,,,,,,,4,Marshadow,4121,,,,,,{advance=7;id=30432;level=60},,,,<8;8;8;8;8;8;8;8>,,
1763,,,,,,,,,,,,,,,,,,,,,,,,,,,,,,,,,,,,4,Lunala,4024,,,,,,{advance=7;id=30437;level=60},,,,<8;8;8;8;8;8;8;8>,,
1764,,,,,,,,,,,,,,,,,,,,,,,,,,,,,,,,,,,,4,Shiny Mega Gengar,7021,,,,,,{advance=7;id=30438;level=60},,,,<8;8;8;8;8;8;8;8>,,
1765,,,,,,,,,,,,,,,,,,,,,,,,,,,,,,,,,,,,4,Palkia,2361,,,,,,{advance=7;id=30411;level=60},,,,<8;8;8;8;8;8;8;8>,,
1766,,,,,,,,,,,,,,,,,,,,,,,,,,,,,,,,,,,,4,Manaphy,2421,,,,,,{advance=7;id=30433;level=60},,,,<8;8;8;8;8;8;8;8>,,
1767,,,,,,,,,,,,,,,,,,,,,,,,,,,,,,,,,,,,4,Volcanion,3651,,,,,,{advance=7;id=30436;level=60},,,,<8;8;8;8;8;8;8;8>,,
1768,,,,,,,,,,,,,,,,,,,,,,,,,,,,,,,,,,,,4,Keldeo Resolute Form,7071,,,,,,{advance=7;id=30445;level=60},,,,<8;8;8;8;8;8;8;8>,,
1769,,,,,80%,,,,,,,,,,,,,,,,,,,,,,,,,80%,,80%,80%,80%,80%,5,Primal Kyogre,1962,,,,,,{advance=7;id=30404;level=60},,,,<8;8;8;8;8;8;8;8>,,
1770,,,,,,,,,,,,,,,,,,,,,,,,,,,,,,,,,,,,4,Ash-Greninja,7011,,,,,,{advance=7;id=30401;level=60},,,,<8;8;8;8;8;8;8;8>,,
1771,,,,,,,,,,,,,,,,,,,,,,,,,,,,,,,,,,,,4,Shiny Mega Gardevoir,7051,,,,,,{advance=7;id=30442;level=60},,,,<8;8;8;8;8;8;8;8>,,
1772,,,,,80%,,,,,,,,,,,,,,,,,,,,,,,,,80%,,80%,80%,80%,80%,5,Mega Diancie,3632,,,,,,{advance=7;id=30406;level=60},,,,<8;8;8;8;8;8;8;8>,,
1773,,,,,120%,,,,,,,,,,,,,,,,,,,,,,,,,120%,,120%,120%,120%,120%,3,Tinkaton,4993,,,,,,{advance=7;id=30311;level=60},,,,<8;8;8;8;8;8;8;8>,,
1774,,,,,,,,,,,,,,,,,,,,,,,,,,,,,,,,,,,,4,Magearna,4111,,,,,,{advance=7;id=30435;level=60},,,,<8;8;8;8;8;8;8;8>,,
1775,,,,,,,,,,,,,,,,,,,,,,,,,,,,,,,,,,,,4,Xerneas,3601,,,,,,{advance=7;id=30425;level=60},,,,<8;8;8;8;8;8;8;8>,,
1776,,,,,,,,,,,,,,,,,,,,,,,,,,,,,,,,,,,,4,Zacian,4591,,,,,,{advance=7;id=30446;level=60},,,,<8;8;8;8;8;8;8;8>,,
1777,,,,,120%,,,,,,,,,,,,,,,,,,,,,,,,,120%,,120%,120%,120%,120%,3,Ash's Pikachu,7001,,,,,,{advance=7;id=30319;level=60},,,,<8;8;8;8;8;8;8;8>,,
1778,,,,,,,,,,,,,,,,,,,,,,,,,,,,,,,,,,,,4,Zeraora,4161,,,,,,{advance=7;id=30426;level=60},,,,<8;8;8;8;8;8;8;8>,,
1779,,,,,,,,,,,,,,,,,,,,,,,,,,,,,,,,,,,,4,Champion Pikachu,7161,,,,,,{advance=7;id=30460;level=60},,,,<8;8;8;8;8;8;8;8>,,
1780,,,,,,,,,,,,,,,,,,,,,,,,,,,,,,,,,,,,4,Miraidon,5391,,,,,,{advance=7;id=30459;level=60},,,,<8;8;8;8;8;8;8;8>,,
1781,,,,,,,,,,,,,,,,,,,,,,,,,,,,,,,,,,,,4,Zekrom,3221,,,,,,{advance=7;id=30416;level=60},,,,<8;8;8;8;8;8;8;8>,,
1782,,,,,80%,,,,,,,,,,,,,,,,,,,,,,,,,80%,,80%,80%,80%,80%,5,Black Kyurem,3243,,,,,,{advance=7;id=30461;level=60},,,,<8;8;8;8;8;8;8;8>,,
1783,,,,,,,,,,,,,,,,,,,,,,,,,,,,,,,,,,,,4,Shiny Mega Tyranitar,7031,,,,,,{advance=7;id=30439;level=60},,,,<8;8;8;8;8;8;8;8>,,
1784,,,,,80%,,,,,,,,,,,,,,,,,,,,,,,,,80%,,80%,80%,80%,80%,5,Primal Groudon,1972,,,,,,{advance=7;id=30403;level=60},,,,<8;8;8;8;8;8;8;8>,,
1785,,,,,,,,,,,,,,,,,,,,,,,,,,,,,,,,,,,,4,Brock's Mega Steelix,7171,,,,,,{advance=7;id=30462;level=60},,,,<8;8;8;8;8;8;8;8>,,
1786,,,,,,,,,,,,,,,,,,,,,,,,,,,,,,,,,,,,4,Zygarde Complete Forme,3623,,,,,,{advance=7;id=30431;level=60},,,,<8;8;8;8;8;8;8;8>,,
1787,,,,,120%,,,,,,,,,,,,,,,,,,,,,,,,,120%,,120%,120%,120%,120%,3,Iron Treads,5241,,,,,,{advance=7;id=30306;level=60},,,,<8;8;8;8;8;8;8;8>,,
1788,,,,,,,,,,,,,,,,,,,,,,,,,,,,,,,,,,,,4,Cynthia's Mega Garchomp,7091,,,,,,{advance=7;id=30450;level=60},,,,<8;8;8;8;8;8;8;8>,,
1789,,,,,,,,,,,,,,,,,,,,,,,,,,,,,,,,,,,,4,Eternatus,4611,,,,,,{advance=7;id=30456;level=60},,,,<8;8;8;8;8;8;8;8>,,
1790,,,,,,,,,,,,,,,,,,,,,,,,,,,,,,,,,,,,4,Shiny Mega Gengar,7021,,,,,,{advance=7;id=30438;level=60},,,,<8;8;8;8;8;8;8;8>,,
1791,,,,,,,,,,,,,,,,,,,,,,,,,,,,,,,,,,,,4,Shiny Mega Venusaur,7151,,,,,,{advance=7;id=30458;level=60},,,,<8;8;8;8;8;8;8;8>,,
1792,,,,,120%,,,,,,,,,,,,,,,,,,,,,,,,,120%,,120%,120%,120%,120%,3,Nihilego,4031,,,,,,{advance=7;id=30309;level=60},,,,<8;8;8;8;8;8;8;8>,,
1793,,,,,120%,,,,,,,,,,,,,,,,,,,,,,,,,120%,,120%,120%,120%,120%,3,Toxapex,3772,,,,,,{advance=7;id=30309;level=60},,,,<8;8;8;8;8;8;8;8>,,
1794,,,,,120%,,,,,,,,,,,,,,,,,,,,,,,,,120%,,120%,120%,120%,120%,3,Naganadel,4132,,,,,,{advance=7;id=30309;level=60},,,,<8;8;8;8;8;8;8;8>,,
1795,,,,,,,,,,,,,,,,,,,,,,,,,,,,,,,,,,,,4,Meloetta Aria Forme,3261,,,,,,{advance=7;id=30418;level=60},,,,<8;8;8;8;8;8;8;8>,,
1796,,,,,,,,,,,,,,,,,,,,,,,,,,,,,,,,,,,,4,Regigigas,2381,,,,,,{advance=7;id=30409;level=60},,,,<8;8;8;8;8;8;8;8>,,
1797,,,,,,,,,,,,,,,,,,,,,,,,,,,,,,,2,,,,,4,Red Ditto,9003,,,,,,{advance=7;id=30106;level=60},,,,<8;8;8;8;8;8;8;8>,,
1798,,,,,120%,,,,,,,,,,,,,,,,,,,,,,,,,120%,,120%,120%,120%,120%,3,Snorlax,712,,,,,,{advance=7;id=30301;level=60},,,,<8;8;8;8;8;8;8;8>,,
1799,,,,,120%,,,,,,,,,,,,,,,,,,,,,,,,,120%,,120%,120%,120%,120%,3,Slaking,1423,,,,,,{advance=7;id=30408;level=60},,,,<8;8;8;8;8;8;8;8>,,
1800,,,,,120%,,,,,,,,,,,,,,,,,,,,,,,,,120%,,120%,120%,120%,120%,3,Blissey,503,,,,,,{advance=7;id=30317;level=60},,,,<8;8;8;8;8;8;8;8>,,
1801,,,,,,,,,,,,,,,,,,,,,,,,,,,,,,,,,,,,2,Pikachu,92,,,,,,{advance=7;id=31201;level=60},,,,<8;8;8;8;8;8;8;8>,,
1802,,,,,,,,,,,,,,,,,,,,,,,,,,,,,,,,,,,,2,Pikachu,92,,,,,,{advance=7;id=31201;level=60},,,,<8;8;8;8;8;8;8;8>,,
1803,,,,,,,,,,,,,,,,,,,,,,,,,,,,,,,,,,,,2,Pikachu,92,,,,,,{advance=7;id=31201;level=60},,,,<8;8;8;8;8;8;8;8>,,
1804,,,,,,,,,,,,,,,,,,,,,,,,,,,,,,,,,,,,2,Pikachu,92,,,,,,{advance=7;id=31201;level=60},,,,<8;8;8;8;8;8;8;8>,,
1805,,,,,,,,,,,,,,,,,,,,,,,,,,,,,,,,,,,,2,Pikachu,92,,,,,,{advance=7;id=31201;level=60},,,,<8;8;8;8;8;8;8;8>,,
1806,,,,,,,,,,,,,,,,,,,,,,,,,,,,,,,,,,,,2,Pikachu,92,,,,,,{advance=7;id=31201;level=60},,,,<8;8;8;8;8;8;8;8>,,
1807,,,,,,,,,,,,,,,,,,,,,,,,,,,,,,,,,,,,2,Pikachu,92,,,,,,{advance=7;id=31101;level=60},,,,<8;8;8;8;8;8;8;8>,,
1808,,,,,,,,,,,,,,,,,,,,,,,,,,,,,,,,,,,,2,Pikachu,92,,,,,,{advance=7;id=31101;level=60},,,,<8;8;8;8;8;8;8;8>,,
1809,,,,,,,,,,,,,,,,,,,,,,,,,,,,,,,,,,,,2,Pikachu,92,,,,,,{advance=7;id=31101;level=60},,,,<8;8;8;8;8;8;8;8>,,
1810,,,,,,,,,,,,,,,,,,,,,,,,,,,,,,,,,,,,2,Pikachu,92,,,,,,{advance=7;id=31101;level=60},,,,<8;8;8;8;8;8;8;8>,,
1811,,,,,,,,,,,,,,,,,,,,,,,,,,,,,,,,,,,,2,Pikachu,92,,,,,,{advance=7;id=31101;level=60},,,,<8;8;8;8;8;8;8;8>,,
1812,,,,,,,,,,,,,,,,,,,,,,,,,,,,,,,,,,,,2,Pikachu,92,,,,,,{advance=7;id=31101;level=60},,,,<8;8;8;8;8;8;8;8>,,
1813,,,,,,,,,,,,,,,,,,,,,,,,,,,,,,,,,,,,4,Shiny Mega Tyranitar,7031,,,,,,{advance=7;id=30439;level=60},,,,<8;8;8;8;8;8;8;8>,,
1814,,,,,,,,,,,,,,,,,,,,,,,,,,,,,,,,,,,,4,Shiny Mega Abomasnow,7131,,,,,,{advance=7;id=30455;level=60},,,,<8;8;8;8;8;8;8;8>,,
1815,,,,,,,,,,,,,,,,,,,,,,,,,,,,,,,,,,,,4,Shiny Mega Gallade,7061,,,,,,{advance=7;id=30444;level=60},,,,<8;8;8;8;8;8;8;8>,,
1816,,,,,,,,,,,,,,,,,,,,,,,,,,,,,,,,,,,,4,Shiny Mega Gengar,7021,,,,,,{advance=7;id=30438;level=60},,,,<8;8;8;8;8;8;8;8>,,
1817,,,,,,,,,,,,,,,,,,,,,,,,,,,,,,,,,,,,4,Shiny Mega Lucario,7111,,,,,,{advance=7;id=30451;level=60},,,,<8;8;8;8;8;8;8;8>,,
1818,,,,,,,,,,,,,,,,,,,,,,,,,,,,,,,,,,,,4,Shiny Mega Gardevoir,7051,,,,,,{advance=7;id=30442;level=60},,,,<8;8;8;8;8;8;8;8>,,
1819,,,,,,,,,,,,,,,,,,,,,,,,,,,,,,,,,,,,4,Brock's Mega Steelix,7171,,,,,,{advance=7;id=30462;level=60},,,,<8;8;8;8;8;8;8;8>,,
1820,,,,,,,,,,,,,,,,,,,,,,,,,,,,,,,,,,,,4,Steven's Mega Metagross,7081,,,,,,{advance=7;id=30448;level=60},,,,<8;8;8;8;8;8;8;8>,,
1821,,,,,,,,,,,,,,,,,,,,,,,,,,,,,,,,,,,,4,Champion Pikachu,7161,,,,,,{advance=7;id=30460;level=60},,,,<8;8;8;8;8;8;8;8>,,
1822,,,,,,,,,,,,,,,,,,,,,,,,,,,,,,,,,,,,4,Zinnia's Mega Salamence,7181,,,,,,{advance=7;id=30464;level=60},,,,<8;8;8;8;8;8;8;8>,,
1823,,,,,,,,,,,,,,,,,,,,,,,,,,,,,,,,,,,,4,Cynthia's Mega Garchomp,7091,,,,,,{advance=7;id=30450;level=60},,,,<8;8;8;8;8;8;8;8>,,
1824,,,,,,,,,,,,,,,,,,,,,,,,,,,,,,,,,,,,4,Alain's Mega Charizard X,7121,,,,,,{advance=7;id=30453;level=60},,,,<8;8;8;8;8;8;8;8>,,
1825,,,,,,,,,,,,,,,,,,,,,,,,,,,,,,,,,,,,3,Hydreigon,3143,,,,,,{advance=7;id=30310;level=60},,,,<8;8;8;8;8;8;8;8>,,
1826,,,,,,,,,,,,,,,,,,,,,,,,,,,,,,,,,,,,3,Tyranitar,1253,,,,,,{advance=7;id=30306;level=60},,,,<8;8;8;8;8;8;8;8>,,
1827,,,,,,,,,,,,,,,,,,,,,,,,,,,,,,,,,,,,3,Metagross,1903,,,,,,{advance=7;id=30301;level=60},,,,<8;8;8;8;8;8;8;8>,,
1828,,,,,,,,,,,,,,,,,,,,,,,,,,,,,,,,,,,,3,Garchomp,2233,,,,,,{advance=7;id=30402;level=60},,,,<8;8;8;8;8;8;8;8>,,
1829,,,,,,,,,,,,,,,,,,,,,,,,,,,,,,,,,,,,3,Salamence,1893,,,,,,{advance=7;id=30310;level=60},,,,<8;8;8;8;8;8;8;8>,,
1830,,,,,,,,,,,,,,,,,,,,,,,,,,,,,,,,,,,,3,Goodra,3543,,,,,,{advance=7;id=30301;level=60},,,,<8;8;8;8;8;8;8;8>,,
1831,,,,,,,,,,,,,,,,,,,,,,,,,,,,,,,,,,,,3,Deino,3141,,,,,,{advance=7;id=30310;level=60},,,,<8;8;8;8;8;8;8;8>,,
1832,,,,,,,,,,,,,,,,,,,,,,,,,,,,,,,,,,,,3,Larvitar,1251,,,,,,{advance=7;id=30306;level=60},,,,<8;8;8;8;8;8;8;8>,,
1833,,,,,,,,,,,,,,,,,,,,,,,,,,,,,,,,,,,,3,Beldum,1901,,,,,,{advance=7;id=30301;level=60},,,,<8;8;8;8;8;8;8;8>,,
1834,,,,,,,,,,,,,,,,,,,,,,,,,,,,,,,,,,,,3,Gible,2231,,,,,,{advance=7;id=30402;level=60},,,,<8;8;8;8;8;8;8;8>,,
1835,,,,,,,,,,,,,,,,,,,,,,,,,,,,,,,,,,,,3,Bagon,1891,,,,,,{advance=7;id=30310;level=60},,,,<8;8;8;8;8;8;8;8>,,
1836,,,,,,,,,,,,,,,,,,,,,,,,,,,,,,,,,,,,3,Goomy,3541,,,,,,{advance=7;id=30301;level=60},,,,<8;8;8;8;8;8;8;8>,,
1837,,,,,,,,,,,,,,,,,,,,,,,,,,,,,,,,,,,,2,Meowth,211,,,,,,{advance=7;id=30001;level=60},<100;100;100;100;100;100;100>,,,<8;8;8;8;8;8;8;8>,,
1838,,,,,,,,,,,,,,,,,,,,,,,,,,,,,,,,,,,,2,Meowth,211,,,,,,{advance=7;id=30001;level=60},<100;100;100;100;100;100;100>,,,<8;8;8;8;8;8;8;8>,,
1839,,,,,,,,,,,,,,,,,,,,,,,,,,,,,,,,,,,,2,Meowth,211,,,,,,{advance=7;id=30001;level=60},<100;100;100;100;100;100;100>,,,<8;8;8;8;8;8;8;8>,,
1840,,,,,,,,,,,,,,,,,,,,,,,,,,,,,,,,,,,,2,Meowth,211,,,,,,{advance=7;id=30001;level=60},<100;100;100;100;100;100;100>,,,<8;8;8;8;8;8;8;8>,,
1841,,,,,,,,,,,,,,,,,,,,,,,,,,,,,,,,,,,,2,Meowth,211,,,,,,{advance=7;id=30001;level=60},<100;100;100;100;100;100;100>,,,<8;8;8;8;8;8;8;8>,,
1842,,,,,,,,,,,,,,,,,,,,,,,,,,,,,,,,,,,,2,Meowth,211,,,,,,{advance=7;id=30001;level=60},<100;100;100;100;100;100;100>,,,<8;8;8;8;8;8;8;8>,,
1843,,,,,,,,,,,,,,,,,,,,,,,,,,,,,,,,,,,,3,Wynaut,991,,,,,,{advance=7;id=30306;level=60},,,,<8;8;8;8;8;8;8;8>,,
1844,,,,,,,,,,,,,,,,,,,,,,,,,,,,,,,,,,,,3,Wynaut,991,,,,,,{advance=7;id=30306;level=60},,,,<8;8;8;8;8;8;8;8>,,
1845,,,,,,,,,,,,,,,,,,,,,,,,,,,,,,,,,,,,3,Wynaut,991,,,,,,{advance=7;id=30306;level=60},,,,<8;8;8;8;8;8;8;8>,,
1846,,,,,,,,,,,,,,,,,,,,,,,,,,,,,,,,,,,,3,Wobbuffet,992,,,,,,{advance=7;id=30306;level=60},,,,<8;8;8;8;8;8;8;8>,,
1847,,,,,,,,,,,,,,,,,,,,,,,,,,,,,,,,,,,,3,Wobbuffet,992,,,,,,{advance=7;id=30306;level=60},,,,<8;8;8;8;8;8;8;8>,,
1848,,,,,,,,,,,,,,,,,,,,,,,,,,,,,,,,,,,,3,Wobbuffet,992,,,,,,{advance=7;id=30306;level=60},,,,<8;8;8;8;8;8;8;8>,,
1849,,,,,,,,,,,,,,,,,,,,,,,,,,,,,,,,,,,,3,Sobble,4201,,,,,,{advance=7;id=30305;level=60},,,,<8;8;8;8;8;8;8;8>,,
1850,,,,,,,,,,,,,,,,,,,,,,,,,,,,,,,,,,,,3,Dusclops,1812,,,,,,{advance=7;id=30309;level=60},,,,<8;8;8;8;8;8;8;8>,,
1851,,,,,,,,,,,,,,,,,,,,,,,,,,,,,,,,,,,,3,Axew,3001,,,,,,{advance=7;id=30310;level=60},,,,<8;8;8;8;8;8;8;8>,,
1852,,,,,,,,,,,,,,,,,,,,,,,,,,,,,,,,,,,,3,Oshawott,2491,,,,,,{advance=7;id=30303;level=60},,,,<8;8;8;8;8;8;8;8>,,
1853,,,,,,,,,,,,,,,,,,,,,,,,,,,,,,,,,,,,2,Jigglypuff,152,,,,,,{advance=7;id=30305;level=60},,,,<8;8;8;8;8;8;8;8>,,
1854,,,,,,,,,,,,,,,,,,,,,,,,,,,,,,,,,,,,3,Gligar,1031,,,,,,{advance=7;id=30310;level=60},,,,<8;8;8;8;8;8;8;8>,,
1855,,,,,,,,,,,,,,,,,,,,,,,,,,,,,,,2,,,,,2,Purple Ditto,9001,,,,,,{advance=7;id=30106;level=60},,,,<8;8;8;8;8;8;8;8>,,
1856,,,,,,,,,,,,,,,,,,,,,,,,,,,,,,,,,,,,2,Whismur,1441,,,,,,{advance=7;id=30204;level=60},,,,<8;8;8;8;8;8;8;8>,,
1857,,,,,,,,,,,,,,,,,,,,,,,,,,,,,,,,,,,,2,Spinda,1641,,,,,,{advance=7;id=30209;level=60},,,,<8;8;8;8;8;8;8;8>,,
1858,,,,,,,,,,,,,,,,,,,,,,,,,,,,,,,,,,,,3,Goomy,3541,,,,,,{advance=7;id=30301;level=60},,,,<8;8;8;8;8;8;8;8>,,
1859,,,,,,,,,,,,,,,,,,,,,,,,,,,,,,,,,,,,3,Trapinch,1651,,,,,,,,,,<8;8;8;8;8;8;8;8>,,
1860,,,,,,,,,,,,,,,,,,,,,,,,,,,,,,,,,,,,3,Feebas,1771,,,,,,{advance=7;id=30103;level=60},,,,<8;8;8;8;8;8;8;8>,,
1861,,,,,,,,,,,,,,,,,,,,,,,,,,,,,,,,,,,,4,Melmetal,4172,,,,,,{advance=7;id=30420;level=60},,,,<8;8;8;8;8;8;8;8>,,
1862,,,,,,,,,,,,,,,,,,,,,,,,,,,,,,,,,,,,5,Dusk Mane,4103,,,,,,{advance=7;id=30466;level=60},,,,<8;8;8;8;8;8;8;8>,,
1863,,,,,,,,,,,,,,,,,,,,,,,,,,,,,,,,,,,,4,Steven's Mega Metagross,7081,,,,,,{advance=7;id=30448;level=60},,,,<8;8;8;8;8;8;8;8>,,
1864,,,,,,,,,,,,,,,,,,,,,,,,,,,,,,,,,,,,4,Magearna,4111,,,,,,{advance=7;id=30435;level=60},,,,<8;8;8;8;8;8;8;8>,,
1865,,,,,,,,,,,,,,,,,,,,,,,,,,,,,,,,,,,,4,Shiny Mega Lucario,7111,,,,,,{advance=7;id=30451;level=60},,,,<8;8;8;8;8;8;8;8>,,
1866,,,,,,,,,,,,,,,,,,,,,,,,,,,,,,,,,,,,4,Origin Dialga,2352,,,,,,{advance=7;id=30467;level=60},,,,<8;8;8;8;8;8;8;8>,,
1867,,,,,,,,,,,,,,,,,,,,,,,,,,,,,,,,,,,,5,White Kyurem,3242,,,,,,{advance=7;id=30454;level=60},,,,<8;8;8;8;8;8;8;8>,,
1868,,,,,,,,,,,,,,,,,,,,,,,,,,,,,,,,,,,,4,Eternatus,4611,,,,,,{advance=7;id=30456;level=60},,,,<8;8;8;8;8;8;8;8>,,
1869,,,,,,,,,,,,,,,,,,,,,,,,,,,,,,,,,,,,4,Zygarde Complete Forme,3623,,,,,,{advance=7;id=30431;level=60},,,,<8;8;8;8;8;8;8;8>,,
1870,,,,,,,,,,,,,,,,,,,,,,,,,,,,,,,,,,,,4,Zinnia's Mega Salamence,7181,,,,,,{advance=7;id=30464;level=60},,,,<8;8;8;8;8;8;8;8>,,
1871,,,,,,,,,,,,,,,,,,,,,,,,,,,,,,,,,,,,5,Mega Rayquaza,1982,,,,,,{advance=7;id=30401;level=60},,,,<8;8;8;8;8;8;8;8>,,
1872,,,,,,,,,,,,,,,,,,,,,,,,,,,,,,,,,,,,4,Giratina,2391,,,,,,{advance=7;id=30412;level=60},,,,<8;8;8;8;8;8;8;8>,,
1873,,,,,,,,,,,,,,,,,,,,,,,,,,,,,,,,,,,,4,Necrozma,4101,,,,,,{advance=7;id=30440;level=60},,,,<8;8;8;8;8;8;8;8>,,
1874,,,,,,,,,,,,,,,,,,,,,,,,,,,,,,,,,,,,5,Mega Mewtwo Y,763,,,,,,{advance=7;id=30401;level=60},<100;100;100;100;100;100;100>,,,<8;8;8;8;8;8;8;8>,,
1875,,,,,,,,,,,,,,,,,,,,,,,,,,,,,,,,,,,,4,Hoppa Unbound,3642,,,,,,{advance=7;id=30414;level=60},,,,<8;8;8;8;8;8;8;8>,,
1876,,,,,,,,,,,,,,,,,,,,,,,,,,,,,,,,,,,,4,Celebi,1281,,,,,,{advance=7;id=30423;level=60},,,,<8;8;8;8;8;8;8;8>,,
1877,,,,,,,,,,,,,,,,,,,,,,,,,,,,,,,,,,,,4,Origin Mew,7041,,,,,,{advance=7;id=30441;level=60},,,,<8;8;8;8;8;8;8;8>,,
1878,,,,,,,,,,,,,,,,,,,,,,,,,,,,,,,,,,,,4,Jirachi,1991,,,,,,{advance=7;id=30419;level=60},,,,<8;8;8;8;8;8;8;8>,,
1879,,,,,,,,,,,,,,,,,,,,,,,,,,,,,,,,,,,,4,Shaymin,2441,,,,,,{advance=7;id=30413;level=60},,,,<8;8;8;8;8;8;8;8>,,
1880,,,,,,,,,,,,,,,,,,,,,,,,,,,,,,,,,,,,4,Celebi,1281,,,,,,{advance=7;id=30423;level=60},,,,<8;8;8;8;8;8;8;8>,,
1881,,,,,,,,,,,,,,,,,,,,,,,,,,,,,,,,,,,,4,Zarude,4631,,,,,,{advance=7;id=30447;level=60},,,,<8;8;8;8;8;8;8;8>,,
1882,,,,,,,,,,,,,,,,,,,,,,,,,,,,,,,,,,,,4,Shiny Mega Venusaur,7151,,,,,,{advance=7;id=30458;level=60},,,,<8;8;8;8;8;8;8;8>,,
1883,,,,,,,,,,,,,,,,,,,,,,,,,,,,,,,,,,,,4,Shiny Mega Abomasnow,7131,,,,,,{advance=7;id=30455;level=60},,,,<8;8;8;8;8;8;8;8>,,
1884,,,,,,,,,,,,,,,,,,,,,,,,,,,,,,,,,,,,4,Shiny Mega Sceptile,7141,,,,,,{advance=7;id=30457;level=60},,,,<8;8;8;8;8;8;8;8>,,
1885,,,,,,,,,,,,,,,,,,,,,,,,,,,,,,,,,,,,4,Yveltal,3611,,,,,,{advance=7;id=30421;level=60},,,,<8;8;8;8;8;8;8;8>,,
1886,,,,,,,,,,,,,,,,,,,,,,,,,,,,,,,,,,,,4,Lugia,1261,,,,,,{advance=7;id=30407;level=60},,,,<8;8;8;8;8;8;8;8>,,
1887,,,,,,,,,,,,,,,,,,,,,,,,,,,,,,,,,,,,4,Ho-Oh,1271,,,,,,{advance=7;id=31301;level=60},,,,<8;8;8;8;8;8;8;8>,,
1888,,,,,,,,,,,,,,,,,,,,,,,,,,,,,,,,,,,,4,Zinnia's Mega Salamence,7181,,,,,,{advance=7;id=30464;level=60},,,,<8;8;8;8;8;8;8;8>,,
1889,,,,,,,,,,,,,,,,,,,,,,,,,,,,,,,,,,,,5,Mega Rayquaza,1982,,,,,,{advance=7;id=30401;level=60},,,,<8;8;8;8;8;8;8;8>,,
1890,,,,,,,,,,,,,,,,,,,,,,,,,,,,,,,,,,,,4,Shaymin Sky Forme,2442,,,,,,{advance=7;id=30413;level=60},,,,<8;8;8;8;8;8;8;8>,,
1891,,,,,,,,,,,,,,,,,,,,,,,,,,,,,,,,,,,,4,Shiny Mega Tyranitar,7031,,,,,,{advance=7;id=30439;level=60},,,,<8;8;8;8;8;8;8;8>,,
1892,,,,,,,,,,,,,,,,,,,,,,,,,,,,,,,,,,,,4,Hoppa Unbound,3642,,,,,,{advance=7;id=30414;level=60},,,,<8;8;8;8;8;8;8;8>,,
1893,,,,,,,,,,,,,,,,,,,,,,,,,,,,,,,,,,,,4,Ash-Greninja,7011,,,,,,{advance=7;id=30401;level=60},,,,<8;8;8;8;8;8;8;8>,,
1894,,,,,,,,,,,,,,,,,,,,,,,,,,,,,,,,,,,,4,Darkrai,2431,,,,,,{advance=7;id=30405;level=60},,,,<8;8;8;8;8;8;8;8>,,
1895,,,,,,,,,,,,,,,,,,,,,,,,,,,,,,,,,,,,4,Yveltal,3611,,,,,,{advance=7;id=30421;level=60},,,,<8;8;8;8;8;8;8;8>,,
1896,,,,,,,,,,,,,,,,,,,,,,,,,,,,,,,,,,,,4,Zarude,4631,,,,,,{advance=7;id=30447;level=60},,,,<8;8;8;8;8;8;8;8>,,
1897,,,,,,,,,,,,,,,,,,,,,,,,,,,,,,,,,,,,4,Meloetta Pirouette Forme,3262,,,,,,{advance=7;id=30418;level=60},,,,<8;8;8;8;8;8;8;8>,,
1898,,,,,,,,,,,,,,,,,,,,,,,,,,,,,,,,,,,,5,Mega Mewtwo X,762,,,,,,{advance=7;id=30401;level=60},<100;100;100;100;100;100;100>,,,<8;8;8;8;8;8;8;8>,,
1899,,,,,,,,,,,,,,,,,,,,,,,,,,,,,,,,,,,,4,Shiny Mega Lucario,7111,,,,,,{advance=7;id=30451;level=60},,,,<8;8;8;8;8;8;8;8>,,
1900,,,,,,,,,,,,,,,,,,,,,,,,,,,,,,,,,,,,4,Koraidon,5381,,,,,,{advance=7;id=30463;level=60},,,,<8;8;8;8;8;8;8;8>,,
1901,,,,,,,,,,,,,,,,,,,,,,,,,,,,,,,,,,,,4,Zamazenta,4601,,,,,,{advance=7;id=30443;level=60},,,,<8;8;8;8;8;8;8;8>,,
1902,,,,,,,,,,,,,,,,,,,,,,,,,,,,,,,,,,,,4,Shiny Mega Gallade,7061,,,,,,{advance=7;id=30444;level=60},,,,<8;8;8;8;8;8;8;8>,,
1903,,,,,,,,,,,,,,,,,,,,,,,,,,,,,,,,,,,,4,Hoppa Confined,3641,,,,,,{advance=7;id=30414;level=60},,,,<8;8;8;8;8;8;8;8>,,
1904,,,,,,,,,,,,,,,,,,,,,,,,,,,,,,,,,,,,4,Giratina,2391,,,,,,{advance=7;id=30412;level=60},,,,<8;8;8;8;8;8;8;8>,,
1905,,,,,,,,,,,,,,,,,,,,,,,,,,,,,,,,,,,,4,Calyrex Shadow Rider,4683,,,,,,{advance=7;id=30449;level=60},,,,<8;8;8;8;8;8;8;8>,,
1906,,,,,,,,,,,,,,,,,,,,,,,,,,,,,,,,,,,,4,Marshadow,4121,,,,,,{advance=7;id=30432;level=60},,,,<8;8;8;8;8;8;8;8>,,
1907,,,,,,,,,,,,,,,,,,,,,,,,,,,,,,,,,,,,4,Lunala,4024,,,,,,{advance=7;id=30437;level=60},,,,<8;8;8;8;8;8;8;8>,,
1908,,,,,,,,,,,,,,,,,,,,,,,,,,,,,,,,,,,,4,Shiny Mega Gengar,7021,,,,,,{advance=7;id=30438;level=60},,,,<8;8;8;8;8;8;8;8>,,
1909,,,,,,,,,,,,,,,,,,,,,,,,,,,,,,,,,,,,4,Reshiram,3211,,,,,,{advance=7;id=30415;level=60},,,,<8;8;8;8;8;8;8;8>,,
1910,,,,,,,,,,,,,,,,,,,,,,,,,,,,,,,,,,,,5,Primal Groudon,1972,,,,,,{advance=7;id=30403;level=60},,,,<8;8;8;8;8;8;8;8>,,
1911,,,,,,,,,,,,,,,,,,,,,,,,,,,,,,,,,,,,4,Ho-Oh,1271,,,,,,{advance=7;id=31301;level=60},,,,<8;8;8;8;8;8;8;8>,,
1912,,,,,,,,,,,,,,,,,,,,,,,,,,,,,,,,,,,,4,Victini,2461,,,,,,{advance=7;id=30427;level=60},,,,<8;8;8;8;8;8;8;8>,,
1913,,,,,,,,,,,,,,,,,,,,,,,,,,,,,,,,,,,,4,Alain's Mega Charizard X,7121,,,,,,{advance=7;id=30453;level=60},,,,<8;8;8;8;8;8;8;8>,,
1914,,,,,,,,,,,,,,,,,,,,,,,,,,,,,,,,,,,,4,Masked Mega Blaziken,7101,,,,,,{advance=7;id=30402;level=60},,,,<8;8;8;8;8;8;8;8>,,
1915,,,,,,,,,,,,,,,,,,,,,,,,,,,,,,,,,,,,4,Keldeo Resolute Form,7071,,,,,,{advance=7;id=30445;level=60},,,,<8;8;8;8;8;8;8;8>,,
1916,,,,,,,,,,,,,,,,,,,,,,,,,,,,,,,,,,,,5,Primal Kyogre,1962,,,,,,{advance=7;id=30404;level=60},,,,<8;8;8;8;8;8;8;8>,,
1917,,,,,,,,,,,,,,,,,,,,,,,,,,,,,,,,,,,,4,Ash-Greninja,7011,,,,,,{advance=7;id=30401;level=60},,,,<8;8;8;8;8;8;8;8>,,
1918,,,,,,,,,,,,,,,,,,,,,,,,,,,,,,,,,,,,4,Palkia,2361,,,,,,{advance=7;id=30411;level=60},,,,<8;8;8;8;8;8;8;8>,,
1919,,,,,,,,,,,,,,,,,,,,,,,,,,,,,,,,,,,,4,Manaphy,2421,,,,,,{advance=7;id=30433;level=60},,,,<8;8;8;8;8;8;8;8>,,
1920,,,,,,,,,,,,,,,,,,,,,,,,,,,,,,,,,,,,4,Volcanion,3651,,,,,,{advance=7;id=30436;level=60},,,,<8;8;8;8;8;8;8;8>,,
1921,,,,,,,,,,,,,,,,,,,,,,,,,,,,,,,,,,,,2,Meganium,783,,,,,,{advance=7;id=30317;level=60},,,,<8;8;8;8;8;8;8;8>,,
1922,,,,,,,,,,,,,,,,,,,,,,,,,,,,,,,,,,,,,Venonat,191,,,,,,{advance=7;id=30103;level=60},,,,<8;8;8;8;8;8;8;8>,,
1923,,,,,,,,,,,,,,,,,,,,,,,,,,,,,,,,,,,,3,Haunter,392,,,,,,{advance=7;id=30303;level=60},,,,<8;8;8;8;8;8;8;8>,,
1924,,,,,,,,,,,,,,,,,,,,,,,,,,,,,,,,,,,,3,Ampharos,883,,,,,,{advance=7;id=30303;level=60},,,,<8;8;8;8;8;8;8;8>,,
1925,,,,,,,,,,,,,,,,,,,,,,,,,,,,,,,,,,,,4,Melmetal,4172,,,,,,{advance=7;id=30420;level=60},,,,<8;8;8;8;8;8;8;8>,,
1926,,,,,,,,,,,,,,,,,,,,,,,,,,,,,,,,,,,,3,Buzzwole,4041,,,,,,{advance=7;id=30320;level=60},,,,<8;8;8;8;8;8;8;8>,,
1927,,,,,,,,,,,,,,,,,,,,,,,,,,,,,,,,,,,,2,Bayleef,782,,,,,,{advance=7;id=30317;level=60},,,,<8;8;8;8;8;8;8;8>,,
1928,,,,,,,,,,,,,,,,,,,,,,,,,,,,,,,,,,,,,Nidorino,122,,,,,,{advance=7;id=30307;level=60},,,,<8;8;8;8;8;8;8;8>,,
1929,,,,,,,,,,,,,,,,,,,,,,,,,,,,,,,,,,,,3,Tornadus,3191,,,,,,{advance=7;id=30304;level=60},,,,<8;8;8;8;8;8;8;8>,,
1930,,,,,,,,,,,,,,,,,,,,,,,,,,,,,,,,,,,,3,Nihilego,4031,,,,,,{advance=7;id=30309;level=60},,,,<8;8;8;8;8;8;8;8>,,
1931,,,,,,,,,,,,,,,,,,,,,,,,,,,,,,,,,,,,4,Yveltal,3611,,,,,,{advance=7;id=30421;level=60},,,,<8;8;8;8;8;8;8;8>,,
1932,,,,,,,,,,,,,,,,,,,,,,,,,,,,,,,,,,,,3,Lampent,2992,,,,,,{advance=7;id=30309;level=60},,,,<8;8;8;8;8;8;8;8>,,
1933,,,,,,,,,,,,,,,,,,,,,,,,,,,,,,,,,,,,2,Golem,303,,,,,,{advance=7;id=30311;level=60},,,,<8;8;8;8;8;8;8;8>,,
1934,,,,,,,,,,,,,,,,,,,,,,,,,,,,,,,,,,,,,Trevenant,3562,,,,,,{advance=7;id=30309;level=60},,,,<8;8;8;8;8;8;8;8>,,
1935,,,,,,,,,,,,,,,,,,,,,,,,,,,,,,,,,,,,3,Slowpoke,321,,,,,,{advance=7;id=30202;level=60},,,,<8;8;8;8;8;8;8;8>,,
1936,,,,,,,,,,,,,,,,,,,,,,,,,,,,,,,,,,,,3,Torracat,3672,,,,,,{advance=7;id=30313;level=60},,,,<8;8;8;8;8;8;8;8>,,
1937,,,,,,,,,,,,,,,,,,,,,,,,,,,,,,,,,,,,4,Zacian,4591,,,,,,{advance=7;id=30446;level=60},,,,<8;8;8;8;8;8;8;8>,,
1938,,,,,,,,,,,,,,,,,,,,,,,,,,,,,,,,,,,,3,Weavile,1082,,,,,,{advance=7;id=30313;level=60},,,,<8;8;8;8;8;8;8;8>,,
1939,,,,,,,,,,,,,,,,,,,,,,,,,,,,,,,,,,,,2,Farfetch'd,341,,,,,,{advance=7;id=30201;level=60},,,,<8;8;8;8;8;8;8;8>,,
1940,,,,,,,,,,,,,,,,,,,,,,,,,,,,,,,,,,,,,Goldeen,541,,,,,,{advance=7;id=30103;level=60},,,,<8;8;8;8;8;8;8;8>,,
1941,,,,,,,,,,,,,,,,,,,,,,,,,,,,,,,,,,,,3,Mime Jr.,561,,,,,,{advance=7;id=30306;level=60},,,,<8;8;8;8;8;8;8;8>,,
1942,,,,,,,,,,,,,,,,,,,,,,,,,,,,,,,,,,,,3,Exeggcute,441,,,,,,{advance=7;id=30301;level=60},,,,<8;8;8;8;8;8;8;8>,,
1943,,,,,,,,,,,,,,,,,,,,,,,,,,,,,,,,,,,,4,Melmetal,4172,,,,,,{advance=7;id=30420;level=60},,,,<8;8;8;8;8;8;8;8>,,
1944,,,,,,,,,,,,,,,,,,,,,,,,,,,,,,,,,,,,3,Litten,3671,,,,,,{advance=7;id=30313;level=60},,,,<8;8;8;8;8;8;8;8>,,
1945,,,,,,,,,,,,,,,,,,,,,,,,,,,,,,,,,,,,2,Lickilicky,472,,,,,,{advance=7;id=30102;level=60},,,,<8;8;8;8;8;8;8;8>,,
1946,,,,,,,,,,,,,,,,,,,,,,,,,,,,,,,,,,,,,Spearow,71,,,,,,{advance=7;id=31301;level=60},,,,<8;8;8;8;8;8;8;8>,,
1947,,,,,,,,,,,,,,,,,,,,,,,,,,,,,,,,,,,,3,Impidimp,4391,,,,,,{advance=7;id=30308;level=60},,,,<8;8;8;8;8;8;8;8>,,
1948,,,,,,,,,,,,,,,,,,,,,,,,,,,,,,,,,,,,3,Spectrier,4671,,,,,,{advance=7;id=30449;level=60},,,,<8;8;8;8;8;8;8;8>,,
1949,,,,,,,,,,,,,,,,,,,,,,,,,,,,,,,,,,,,4,Zamazenta,4601,,,,,,{advance=7;id=30443;level=60},,,,<8;8;8;8;8;8;8;8>,,
1950,,,,,,,,,,,,,,,,,,,,,,,,,,,,,,,,,,,,3,Regidrago,4651,,,,,,{advance=7;id=30310;level=60},,,,<8;8;8;8;8;8;8;8>,,
1951,,,,,,,,,,,,,,,,,,,,,,,,,,,,,,,,,,,,2,Vanillish,2872,,,,,,{advance=7;id=30311;level=60},,,,<8;8;8;8;8;8;8;8>,,
1952,,,,,,,,,,,,,,,,,,,,,,,,,,,,,,,,,,,,,Oddish,171,,,,,,{advance=7;id=30316;level=60},,,,<8;8;8;8;8;8;8;8>,,
1953,,,,,,,,,,,,,,,,,,,,,,,,,,,,,,,,,,,,3,Mega Venusaur,4,,,,,,{advance=7;id=30301;level=60},,,,<8;8;8;8;8;8;8;8>,,
1954,,,,,,,,,,,,,,,,,,,,,,,,,,,,,,,,,,,,3,Feebas,1771,,,,,,{advance=7;id=30103;level=60},,,,<8;8;8;8;8;8;8;8>,,
1955,,,,,,,,,,,,,,,,,,,,,,,,,,,,,,,,,,,,4,Regigigas,2381,,,,,,{advance=7;id=30409;level=60},,,,<8;8;8;8;8;8;8;8>,,
1956,,,,,,,,,,,,,,,,,,,,,,,,,,,,,,,,,,,,3,Floette,3352,,,,,,{advance=7;id=30317;level=60},,,,<8;8;8;8;8;8;8;8>,,
1957,,,,,,,,,,,,,,,,,,,,,,,,,,,,,,,,,,,,2,Fennekin,3291,,,,,,{advance=7;id=30206;level=60},,,,<8;8;8;8;8;8;8;8>,,
1958,,,,,,,,,,,,,,,,,,,,,,,,,,,,,,,,,,,,,Mankey,231,,,,,,{advance=7;id=30320;level=60},,,,<8;8;8;8;8;8;8;8>,,
1959,,,,,,,,,,,,,,,,,,,,,,,,,,,,,,,,,,,,3,Togepi,861,,,,,,{advance=7;id=30305;level=60},,,,<8;8;8;8;8;8;8;8>,,
1960,,,,,,,,,,,,,,,,,,,,,,,,,,,,,,,,,,,,3,Floatzel,2132,,,,,,,,,,<8;8;8;8;8;8;8;8>,,
1961,,,,,,,,,,,,,,,,,,,,,,,,,,,,,,,,,,,,4,Meloetta Pirouette Forme,3262,,,,,,{advance=7;id=30418;level=60},,,,<8;8;8;8;8;8;8;8>,,
1962,,,,,,,,,,,,,,,,,,,,,,,,,,,,,,,,,,,,3,Regirock,1911,,,,,,{advance=7;id=30301;level=60},,,,<8;8;8;8;8;8;8;8>,,
1963,,,,,,,,,,,,,,,,,,,,,,,,,,,,,,,,,,,,2,Luxio,2072,,,,,,{advance=7;id=30312;level=60},,,,<8;8;8;8;8;8;8;8>,,
1964,,,,,,,,,,,,,,,,,,,,,,,,,,,,,,,,,,,,,Nidorino,122,,,,,,{advance=7;id=30307;level=60},,,,<8;8;8;8;8;8;8;8>,,
1965,,,,,,,,,,,,,,,,,,,,,,,,,,,,,,,,,,,,3,Rhyperior,493,,,,,,{advance=7;id=30311;level=60},,,,<8;8;8;8;8;8;8;8>,,
1966,,,,,,,,,,,,,,,,,,,,,,,,,,,,,,,,,,,,3,Flabébé,3351,,,,,,{advance=7;id=30317;level=60},,,,<8;8;8;8;8;8;8;8>,,
1967,,,,,,,,,,,,,,,,,,,,,,,,,,,,,,,,,,,,4,Melmetal,4172,,,,,,{advance=7;id=30420;level=60},,,,<8;8;8;8;8;8;8;8>,,
1968,,,,,,,,,,,,,,,,,,,,,,,,,,,,,,,,,,,,3,Absol,1841,,,,,,{advance=7;id=30309;level=60},,,,<8;8;8;8;8;8;8;8>,,
1969,,,,,,,,,,,,,,,,,,,,,,,,,,,,,,,,,,,,2,Torterra,2013,,,,,,{advance=7;id=30305;level=60},,,,<8;8;8;8;8;8;8;8>,,
1970,,,,,,,,,,,,,,,,,,,,,,,,,,,,,,,,,,,,,Cubone,451,,,,,,{advance=7;id=31202;level=60},,,,<8;8;8;8;8;8;8;8>,,
1971,,,,,,,,,,,,,,,,,,,,,,,,,,,,,,,,,,,,3,Aerodactyl,701,,,,,,{advance=7;id=30312;level=60},,,,<8;8;8;8;8;8;8;8>,,
1972,,,,,,,,,,,,,,,,,,,,,,,,,,,,,,,,,,,,3,Popplio,3681,,,,,,{advance=7;id=30304;level=60},,,,<8;8;8;8;8;8;8;8>,,
1973,,,,,,,,,,,,,,,,,,,,,,,,,,,,,,,,,,,,4,Dialga,2351,,,,,,{advance=7;id=30410;level=60},,,,<8;8;8;8;8;8;8;8>,,
1974,,,,,,,,,,,,,,,,,,,,,,,,,,,,,,,,,,,,3,Litwick,2991,,,,,,{advance=7;id=30309;level=60},,,,<8;8;8;8;8;8;8;8>,,
1975,,,,,,,,,,,,,,,,,,,,,,,,,,,,,,,,,,,,2,Vanillite,2871,,,,,,{advance=7;id=30311;level=60},,,,<8;8;8;8;8;8;8;8>,,
1976,,,,,,,,,,,,,,,,,,,,,,,,,,,,,,,,,,,,,Rattata,61,,,,,,{advance=7;id=30208;level=60},,,,<8;8;8;8;8;8;8;8>,,
1977,,,,,,,,,,,,,,,,,,,,,,,,,,,,,,,,,,,,3,Vibrava,1652,,,,,,,,,,<8;8;8;8;8;8;8;8>,,
1978,,,,,,,,,,,,,,,,,,,,,,,,,,,,,,,,,,,,3,Ampharos,883,,,,,,{advance=7;id=30303;level=60},,,,<8;8;8;8;8;8;8;8>,,
1979,,,,,,,,,,,,,,,,,,,,,,,,,,,,,,,,,,,,4,Solgaleo,4023,,,,,,{advance=7;id=30434;level=60},,,,<8;8;8;8;8;8;8;8>,,
1980,,,,,,,,,,,,,,,,,,,,,,,,,,,,,,,,,,,,3,Aegislash Shield Forme,3413,,,,,,{advance=7;id=30420;level=60},,,,<8;8;8;8;8;8;8;8>,,
1981,,,,,200%,,,,,,,,,,,,,,,,,,,,,,,,,200%,,200%,200%,200%,200%,,Caterpie,31,,20000,,20000,,{advance=7;id=30401;level=60},,,,<8;8;8;8;8;8;8;8>,,
1982,,,,,200%,,,,,,,,,,,,,,,,,,,,,,,,,200%,,200%,200%,200%,200%,,Caterpie,31,,20000,,20000,,{advance=7;id=30401;level=60},,,,<8;8;8;8;8;8;8;8>,,
1983,,,,,200%,,,,,,,,,,,,,,,,,,,,,,,,,200%,,200%,200%,200%,200%,,Caterpie,31,,20000,,20000,,{advance=7;id=30401;level=60},,,,<8;8;8;8;8;8;8;8>,,
1984,,,,,200%,,,,,,,,,,,,,,,,,,,,,,,,,200%,,200%,200%,200%,200%,,Caterpie,31,,20000,,20000,,{advance=7;id=30401;level=60},,,,<8;8;8;8;8;8;8;8>,,
1985,,,,,200%,,,,,,,,,,,,,,,,,,,,,,,,,200%,,200%,200%,200%,200%,,Caterpie,31,,20000,,20000,,{advance=7;id=30401;level=60},,,,<8;8;8;8;8;8;8;8>,,
1986,,,,,200%,,,,,,,,,,,,,,,,,,,,,,,,,200%,,200%,200%,200%,200%,,Caterpie,31,,20000,,20000,,{advance=7;id=30401;level=60},,,,<8;8;8;8;8;8;8;8>,,
1987,,,,,20%,,,,,,,,,,,,,,,,,,,,,,,,,20%,,20%,20%,20%,20%,5,Mega Rayquaza,1982,,,,,,{advance=7;id=30401;level=60},,,,,,
1988,,,,,20%,,,,,,,,,,,,,,,,,,,,,,,,,20%,,20%,20%,20%,20%,5,Mega Rayquaza,1982,,,,,,{advance=7;id=30401;level=60},,,,,,
1989,,,,,20%,,,,,,,,,,,,,,,,,,,,,,,,,20%,,20%,20%,20%,20%,5,Mega Rayquaza,1982,,,,,,{advance=7;id=30401;level=60},,,,,,
1990,,,,,20%,,,,,,,,,,,,,,,,,,,,,,,,,20%,,20%,20%,20%,20%,5,Mega Rayquaza,1982,,,,,,{advance=7;id=30401;level=60},,,,,,
1991,,,,,20%,,,,,,,,,,,,,,,,,,,,,,,,,20%,,20%,20%,20%,20%,5,Mega Rayquaza,1982,,,,,,{advance=7;id=30401;level=60},,,,,,
1992,,,,,20%,,,,,,,,,,,,,,,,,,,,,,,,,20%,,20%,20%,20%,20%,5,Mega Rayquaza,1982,,,,,,{advance=7;id=30401;level=60},,,,,,
1993,,,,,200%,,,,,,,,,,,,,,,,,,,,,,,,,200%,,200%,200%,200%,200%,2,Spinda,1641,,,,,,{advance=7;id=30209;level=60},,,,<8;8;8;8;8;8;8;8>,,
1994,,,,,200%,,,,,,,,,,,,,,,,,,,,,,,,,200%,,200%,200%,200%,200%,2,Spinda,1641,,,,,,{advance=7;id=30209;level=60},,,,<8;8;8;8;8;8;8;8>,,
1995,,,,,200%,,,,,,,,,,,,,,,,,,,,,,,,,200%,,200%,200%,200%,200%,2,Spinda,1641,,,,,,{advance=7;id=30209;level=60},,,,<8;8;8;8;8;8;8;8>,,
1996,,,,,200%,,,,,,,,,,,,,,,,,,,,,,,,,200%,,200%,200%,200%,200%,2,Spinda,1641,,,,,,{advance=7;id=30209;level=60},,,,<8;8;8;8;8;8;8;8>,,
1997,,,,,200%,,,,,,,,,,,,,,,,,,,,,,,,,200%,,200%,200%,200%,200%,2,Spinda,1641,,,,,,{advance=7;id=30209;level=60},,,,<8;8;8;8;8;8;8;8>,,
1998,,,,,200%,,,,,,,,,,,,,,,,,,,,,,,,,200%,,200%,200%,200%,200%,2,Spinda,1641,,,,,,{advance=7;id=30209;level=60},,,,<8;8;8;8;8;8;8;8>,,
1999,,,,,20%,,,,,,,,,,,,,,,,,,,,,,,,,20%,,20%,20%,20%,20%,4,Regigigas,2381,,,,,,{advance=7;id=30409;level=60},,,,<8;8;8;8;8;8;8;8>,,
2000,,,,,20%,,,,,,,,,,,,,,,,,,,,,,,,,20%,,20%,20%,20%,20%,4,Regigigas,2381,,,,,,{advance=7;id=30409;level=60},,,,<8;8;8;8;8;8;8;8>,,
2001,,,,,20%,,,,,,,,,,,,,,,,,,,,,,,,,20%,,20%,20%,20%,20%,4,Regigigas,2381,,,,,,{advance=7;id=30409;level=60},,,,<8;8;8;8;8;8;8;8>,,
2002,,,,,20%,,,,,,,,,,,,,,,,,,,,,,,,,20%,,20%,20%,20%,20%,4,Regigigas,2381,,,,,,{advance=7;id=30409;level=60},,,,<8;8;8;8;8;8;8;8>,,
2003,,,,,20%,,,,,,,,,,,,,,,,,,,,,,,,,20%,,20%,20%,20%,20%,4,Regigigas,2381,,,,,,{advance=7;id=30409;level=60},,,,<8;8;8;8;8;8;8;8>,,
2004,,,,,20%,,,,,,,,,,,,,,,,,,,,,,,,,20%,,20%,20%,20%,20%,4,Regigigas,2381,,,,,,{advance=7;id=30409;level=60},,,,<8;8;8;8;8;8;8;8>,,
2005,,,,,200%,,,,,,,,,,,,,,,,,,,,,,,,,200%,,200%,200%,200%,200%,3,Blissey,503,,,,,,{advance=7;id=30317;level=60},,,,<8;8;8;8;8;8;8;8>,,
2006,,,,,200%,,,,,,,,,,,,,,,,,,,,,,,,,200%,,200%,200%,200%,200%,3,Blissey,503,,,,,,{advance=7;id=30317;level=60},,,,<8;8;8;8;8;8;8;8>,,
2007,,,,,200%,,,,,,,,,,,,,,,,,,,,,,,,,200%,,200%,200%,200%,200%,3,Blissey,503,,,,,,{advance=7;id=30317;level=60},,,,<8;8;8;8;8;8;8;8>,,
2008,,,,,200%,,,,,,,,,,,,,,,,,,,,,,,,,200%,,200%,200%,200%,200%,3,Blissey,503,,,,,,{advance=7;id=30317;level=60},,,,<8;8;8;8;8;8;8;8>,,
2009,,,,,200%,,,,,,,,,,,,,,,,,,,,,,,,,200%,,200%,200%,200%,200%,3,Blissey,503,,,,,,{advance=7;id=30317;level=60},,,,<8;8;8;8;8;8;8;8>,,
2010,,,,,200%,,,,,,,,,,,,,,,,,,,,,,,,,200%,,200%,200%,200%,200%,3,Blissey,503,,,,,,{advance=7;id=30317;level=60},,,,<8;8;8;8;8;8;8;8>,,
2011,,,,,20%,,,,,,,,,,,,,,,,,,,,,,,,,20%,,20%,20%,20%,20%,,Lombre,1352,,,,,,{advance=7;id=30207;level=60},,,,<8;8;8;8;8;8;8;8>,,
2012,,,,,20%,,,,,,,,,,,,,,,,,,,,,,,,,20%,,20%,20%,20%,20%,,Lombre,1352,,,,,,{advance=7;id=30207;level=60},,,,<8;8;8;8;8;8;8;8>,,
2013,,,,,20%,,,,,,,,,,,,,,,,,,,,,,,,,20%,,20%,20%,20%,20%,,Lombre,1352,,,,,,{advance=7;id=30207;level=60},,,,<8;8;8;8;8;8;8;8>,,
2014,,,,,20%,,,,,,,,,,,,,,,,,,,,,,,,,20%,,20%,20%,20%,20%,,Lombre,1352,,,,,,{advance=7;id=30207;level=60},,,,<8;8;8;8;8;8;8;8>,,
2015,,,,,20%,,,,,,,,,,,,,,,,,,,,,,,,,20%,,20%,20%,20%,20%,,Lombre,1352,,,,,,{advance=7;id=30207;level=60},,,,<8;8;8;8;8;8;8;8>,,
2016,,,,,20%,,,,,,,,,,,,,,,,,,,,,,,,,20%,,20%,20%,20%,20%,,Lombre,1352,,,,,,{advance=7;id=30207;level=60},,,,<8;8;8;8;8;8;8;8>,,
2017,,,,,200%,,,,,,,,,,,,,,,,,,,,,,,,,200%,,200%,200%,200%,200%,4,Jirachi,1991,,,,,,{advance=7;id=30419;level=60},,,,<8;8;8;8;8;8;8;8>,,
2018,,,,,200%,,,,,,,,,,,,,,,,,,,,,,,,,200%,,200%,200%,200%,200%,4,Jirachi,1991,,,,,,{advance=7;id=30419;level=60},,,,<8;8;8;8;8;8;8;8>,,
2019,,,,,200%,,,,,,,,,,,,,,,,,,,,,,,,,200%,,200%,200%,200%,200%,4,Jirachi,1991,,,,,,{advance=7;id=30419;level=60},,,,<8;8;8;8;8;8;8;8>,,
2020,,,,,200%,,,,,,,,,,,,,,,,,,,,,,,,,200%,,200%,200%,200%,200%,4,Jirachi,1991,,,,,,{advance=7;id=30419;level=60},,,,<8;8;8;8;8;8;8;8>,,
2021,,,,,200%,,,,,,,,,,,,,,,,,,,,,,,,,200%,,200%,200%,200%,200%,4,Jirachi,1991,,,,,,{advance=7;id=30419;level=60},,,,<8;8;8;8;8;8;8;8>,,
2022,,,,,200%,,,,,,,,,,,,,,,,,,,,,,,,,200%,,200%,200%,200%,200%,4,Jirachi,1991,,,,,,{advance=7;id=30419;level=60},,,,<8;8;8;8;8;8;8;8>,,
2023,,,,,20%,,,,,,,,,,,,,,,,,,,,,,,,,20%,,20%,20%,20%,20%,2,Banette,1802,,,,,,{advance=7;id=30309;level=60},,,,<8;8;8;8;8;8;8;8>,,
2024,,,,,20%,,,,,,,,,,,,,,,,,,,,,,,,,20%,,20%,20%,20%,20%,2,Banette,1802,,,,,,{advance=7;id=30309;level=60},,,,<8;8;8;8;8;8;8;8>,,
2025,,,,,20%,,,,,,,,,,,,,,,,,,,,,,,,,20%,,20%,20%,20%,20%,2,Banette,1802,,,,,,{advance=7;id=30309;level=60},,,,<8;8;8;8;8;8;8;8>,,
2026,,,,,20%,,,,,,,,,,,,,,,,,,,,,,,,,20%,,20%,20%,20%,20%,2,Banette,1802,,,,,,{advance=7;id=30309;level=60},,,,<8;8;8;8;8;8;8;8>,,
2027,,,,,20%,,,,,,,,,,,,,,,,,,,,,,,,,20%,,20%,20%,20%,20%,2,Banette,1802,,,,,,{advance=7;id=30309;level=60},,,,<8;8;8;8;8;8;8;8>,,
2028,,,,,20%,,,,,,,,,,,,,,,,,,,,,,,,,20%,,20%,20%,20%,20%,2,Banette,1802,,,,,,{advance=7;id=30309;level=60},,,,<8;8;8;8;8;8;8;8>,,
2029,,,,,,,,,,,,,,,,,,,,,,,,,,,,,,200%,2,,500%,500%,,4,Red Ditto,9003,,20000,,10000,,{advance=7;id=30106;level=60},,,,<8;8;8;8;8;8;8;8>,,
2030,,,,,,,,,,,,,,,,,,,,,,,,,,,,,,200%,2,,500%,500%,,4,Red Ditto,9003,,20000,,10000,,{advance=7;id=30106;level=60},,,,<8;8;8;8;8;8;8;8>,,
2031,,,,,,,,,,,,,,,,,,,,,,,,,,,,,,200%,2,,500%,500%,,4,Red Ditto,9003,,20000,,10000,,{advance=7;id=30106;level=60},,,,<8;8;8;8;8;8;8;8>,,
2032,,,,,,,,,,,,,,,,,,,,,,,,,,,,,,200%,2,,500%,500%,,4,Red Ditto,9003,,20000,,10000,,{advance=7;id=30106;level=60},,,,<8;8;8;8;8;8;8;8>,,
2033,,,,,,,,,,,,,,,,,,,,,,,,,,,,,,200%,2,,500%,500%,,4,Red Ditto,9003,,20000,,10000,,{advance=7;id=30106;level=60},,,,<8;8;8;8;8;8;8;8>,,
2034,,,,,,,,,,,,,,,,,,,,,,,,,,,,,,200%,2,,500%,500%,,4,Red Ditto,9003,,20000,,10000,,{advance=7;id=30106;level=60},,,,<8;8;8;8;8;8;8;8>,,
2035,,,,,,,,,,,,,,,,,,,,,,,,,,,,,,,2,,500%,500%,,4,Red Ditto,9003,,20000,,10000,,{advance=7;id=30106;level=60},,,,<8;8;8;8;8;8;8;8>,,
2036,,,,,,,,,,,,,,,,,,,,,,,,,,,,,,,2,,500%,500%,,4,Red Ditto,9003,,20000,,10000,,{advance=7;id=30106;level=60},,,,<8;8;8;8;8;8;8;8>,,
2037,,,,,,,,,,,,,,,,,,,,,,,,,,,,,,,2,,500%,500%,,4,Red Ditto,9003,,20000,,10000,,{advance=7;id=30106;level=60},,,,<8;8;8;8;8;8;8;8>,,
2038,,,,,,,,,,,,,,,,,,,,,,,,,,,,,,,2,,500%,500%,,4,Red Ditto,9003,,20000,,10000,,{advance=7;id=30106;level=60},,,,<8;8;8;8;8;8;8;8>,,
2039,,,,,,,,,,,,,,,,,,,,,,,,,,,,,,,2,,500%,500%,,4,Red Ditto,9003,,20000,,10000,,{advance=7;id=30106;level=60},,,,<8;8;8;8;8;8;8;8>,,
2040,,,,,,,,,,,,,,,,,,,,,,,,,,,,,,,2,,500%,500%,,4,Red Ditto,9003,,20000,,10000,,{advance=7;id=30106;level=60},,,,<8;8;8;8;8;8;8;8>,,
2041,,,,,,,,,,,,,,,,,,,,,,,,,,,,,,,,,,,,3,Scizor,572,,,,,,{advance=7;id=30313;level=60},,,,<8;8;8;8;8;8;8;8>,,
2042,,,,,,,,,,,,,,,,,,,,,,,,,,,,,,,,,,,,3,Blaziken,1303,,,,,,{advance=7;id=30315;level=60},,,,<8;8;8;8;8;8;8;8>,,
2043,,,,,,,,,,,,,,,,,,,,,,,,,,,,,,,,,,,,2,Numel,1611,,,,,,{advance=7;id=30204;level=60},,,,<8;8;8;8;8;8;8;8>,,
2044,,,,,,,,,,,,,,,,,,,,,,,,,,,,,,,,,,,,4,Volcanion,3651,,,,,,{advance=7;id=30436;level=60},,,,<8;8;8;8;8;8;8;8>,,
2045,,,,,,,,,,,,,,,,,,,,,,,,,,,,,,,,,,,,4,Groudon,1971,,,,,,{advance=7;id=30403;level=60},,,,<8;8;8;8;8;8;8;8>,,
2046,,,,,,,,,,,,,,,,,,,,,,,,,,,,,,,,,,,,3,Magby,601,,,,,,{advance=7;id=30302;level=60},,,,<8;8;8;8;8;8;8;8>,,
2047,,,,,,,,,,,,,,,,,,,,,,,,,,,,,,,,,,,,3,Scyther,571,,,,,,{advance=7;id=30313;level=60},,,,<8;8;8;8;8;8;8;8>,,
2048,,,,,,,,,,,,,,,,,,,,,,,,,,,,,,,,,,,,4,Celebi,1281,,,,,,{advance=7;id=30423;level=60},,,,<8;8;8;8;8;8;8;8>,,
2049,,,,,,,,,,,,,,,,,,,,,,,,,,,,,,,,,,,,4,Shaymin,2441,,,,,,{advance=7;id=30413;level=60},,,,<8;8;8;8;8;8;8;8>,,
2050,,,,,,,,,,,,,,,,,,,,,,,,,,,,,,,,,,,,3,Politoed,254,,,,,,{advance=7;id=30304;level=60},,,,<8;8;8;8;8;8;8;8>,,
2051,,,,,,,,,,,,,,,,,,,,,,,,,,,,,,,,,,,,4,Rayquaza,1981,,,,,,{advance=7;id=30408;level=60},,,,<8;8;8;8;8;8;8;8>,,
2052,,,,,,,,,,,,,,,,,,,,,,,,,,,,,,,,,,,,3,Tyranitar,1253,,,,,,{advance=7;id=30306;level=60},,,,<8;8;8;8;8;8;8;8>,,
2053,,,,,,,,,,,,,,,,,,,,,,,,,,,,,,,,,,,,3,Phione,2411,,,,,,{advance=7;id=30425;level=60},,,,<8;8;8;8;8;8;8;8>,,
2054,,,,,,,,,,,,,,,,,,,,,,,,,,,,,,,,,,,,4,Manaphy,2421,,,,,,{advance=7;id=30433;level=60},,,,<8;8;8;8;8;8;8;8>,,
2055,,,,,,,,,,,,,,,,,,,,,,,,,,,,,,,,,,,,3,Wobbuffet,992,,,,,,{advance=7;id=30306;level=60},,,,<8;8;8;8;8;8;8;8>,,
2056,,,,,,,,,,,,,,,,,,,,,,,,,,,,,,,,,,,,4,Dialga,2351,,,,,,{advance=7;id=30410;level=60},,,,<8;8;8;8;8;8;8;8>,,
2057,,,,,,,,,,,,,,,,,,,,,,,,,,,,,,,,,,,,4,Kyogre,1961,,,,,,{advance=7;id=30404;level=60},,,,<8;8;8;8;8;8;8;8>,,
2058,,,,,,,,,,,,,,,,,,,,,,,,,,,,,,,,,,,,3,Articuno,721,,,,,,{advance=7;id=30303;level=60},,,,<8;8;8;8;8;8;8;8>,,
2059,,,,,,,,,,,,,,,,,,,,,,,,,,,,,,,,,,,,3,Dusknoir,1813,,,,,,{advance=7;id=30309;level=60},,,,<8;8;8;8;8;8;8;8>,,
2060,,,,,,,,,,,,,,,,,,,,,,,,,,,,,,,,,,,,2,Banette,1802,,,,,,{advance=7;id=30309;level=60},,,,<8;8;8;8;8;8;8;8>,,
2061,,,,,,,,,,,,,,,,,,,,,,,,,,,,,,,,,,,,4,Marshadow,4121,,,,,,{advance=7;id=30432;level=60},,,,<8;8;8;8;8;8;8;8>,,
2062,,,,,,,,,,,,,,,,,,,,,,,,,,,,,,,,,,,,3,Houndoom,1172,,,,,,{advance=7;id=30303;level=60},,,,<8;8;8;8;8;8;8;8>,,
2063,,,,,,,,,,,,,,,,,,,,,,,,,,,,,,,,,,,,4,Necrozma,4101,,,,,,{advance=7;id=30440;level=60},,,,<8;8;8;8;8;8;8;8>,,
2064,,,,,,,,,,,,,,,,,,,,,,,,,,,,,,,,,,,,4,Zekrom,3221,,,,,,{advance=7;id=30416;level=60},,,,<8;8;8;8;8;8;8;8>,,
2065,,,,,,,,,,,,,,,,,,,,,,,,,,,,,,,,,,,,2,Froslass,1853,,,,,,{advance=7;id=30309;level=60},,,,<8;8;8;8;8;8;8;8>,,
2066,,,,,,,,,,,,,,,,,,,,,,,,,,,,,,,,,,,,3,Absol,1841,,,,,,{advance=7;id=30309;level=60},,,,<8;8;8;8;8;8;8;8>,,
2067,,,,,,,,,,,,,,,,,,,,,,,,,,,,,,,,,,,,4,Lugia,1261,,,,,,{advance=7;id=30407;level=60},,,,<8;8;8;8;8;8;8;8>,,
2068,,,,,,,,,,,,,,,,,,,,,,,,,,,,,,,,,,,,3,Togekiss,863,,,,,,{advance=7;id=30305;level=60},,,,<8;8;8;8;8;8;8;8>,,
2069,,,,,,,,,,,,,,,,,,,,,,,,,,,,,,,,,,,,4,Reshiram,3211,,,,,,{advance=7;id=30415;level=60},,,,<8;8;8;8;8;8;8;8>,,
2070,,,,,,,,,,,,,,,,,,,,,,,,,,,,,,,,,,,,2,Beartic,3012,,,,,,{advance=7;id=30105;level=60},,,,<8;8;8;8;8;8;8;8>,,
2071,,,,,,,,,,,,,,,,,,,,,,,,,,,,,,,,,,,,4,Zeraora,4161,,,,,,{advance=7;id=30426;level=60},,,,<8;8;8;8;8;8;8;8>,,
2072,,,,,,,,,,,,,,,,,,,,,,,,,,,,,,,,,,,,4,Jirachi,1991,,,,,,{advance=7;id=30419;level=60},,,,<8;8;8;8;8;8;8;8>,,
2073,,,,,,,,,,,,,,,,,,,,,,,,,,,,,,,,,,,,2,Pikachu,92,,,,,,{advance=7;id=31201;level=60},,,,<8;8;8;8;8;8;8;8>,,
2074,,,,,,,,,,,,,,,,,,,,,,,,,,,,,,,,,,,,3,Zapdos,731,,,,,,{advance=7;id=30303;level=60},,,,<8;8;8;8;8;8;8;8>,,
2075,,,,,,,,,,,,,,,,,,,,,,,,,,,,,,,,,,,,4,Champion Pikachu,7161,,,,,,{advance=7;id=30460;level=60},,,,<8;8;8;8;8;8;8;8>,,
2076,,,,,,,,,,,,,,,,,,,,,,,,,,,,,,,,,,,,3,Ash's Pikachu,7001,,,,,,{advance=7;id=30319;level=60},,,,<8;8;8;8;8;8;8;8>,,
2077,,,,,,,,,,,,,,,,,,,,,,,,,,,,,,,,,,,,3,Crobat,163,,,,,,{advance=7;id=30206;level=60},,,,<8;8;8;8;8;8;8;8>,,
2078,,,,,,,,,,,,,,,,,,,,,,,,,,,,,,,,,,,,3,Gengar,393,,,,,,{advance=7;id=30303;level=60},,,,<8;8;8;8;8;8;8;8>,,
2079,,,,,,,,,,,,,,,,,,,,,,,,,,,,,,,,,,,,3,Naganadel,4132,,,,,,{advance=7;id=30309;level=60},,,,<8;8;8;8;8;8;8;8>,,
2080,,,,,,,,,,,,,,,,,,,,,,,,,,,,,,,,,,,,3,Mismagius,972,,,,,,{advance=7;id=30309;level=60},,,,<8;8;8;8;8;8;8;8>,,
2081,,,,,,,,,,,,,,,,,,,,,,,,,,,,,,,,,,,,4,Genesect,3271,,,,,,{advance=7;id=30424;level=60},,,,<8;8;8;8;8;8;8;8>,,
2082,,,,,,,,,,,,,,,,,,,,,,,,,,,,,,,,,,,,3,Gligar,1031,,,,,,{advance=7;id=30310;level=60},,,,<8;8;8;8;8;8;8;8>,,
2083,,,,,,,,,,,,,,,,,,,,,,,,,,,,,,,,,,,,2,Charizard,13,,,,,,{advance=7;id=30310;level=60},,,,<8;8;8;8;8;8;8;8>,,
2084,,,,,,,,,,,,,,,,,,,,,,,,,,,,,,,,,,,,2,Emboar,2483,,,,,,{advance=7;id=30302;level=60},,,,<8;8;8;8;8;8;8;8>,,
2085,,,,,,,,,,,,,,,,,,,,,,,,,,,,,,,,,,,,3,Arcanine,242,,,,,,{advance=7;id=30310;level=60},,,,<8;8;8;8;8;8;8;8>,,
2086,,,,,,,,,,,,,,,,,,,,,,,,,,,,,,,,,,,,3,Landorus,3231,,,,,,{advance=7;id=30307;level=60},,,,<8;8;8;8;8;8;8;8>,,
2087,,,,,,,,,,,,,,,,,,,,,,,,,,,,,,,,,,,,4,Victini,2461,,,,,,{advance=7;id=30427;level=60},,,,<8;8;8;8;8;8;8;8>,,
2088,,,,,,,,,,,,,,,,,,,,,,,,,,,,,,,,,,,,3,Buizel,2131,,,,,,,,,,<8;8;8;8;8;8;8;8>,,
2089,,,,,,,,,,,,,,,,,,,,,,,,,,,,,,,,,,,,3,Rhydon,492,,,,,,{advance=7;id=30311;level=60},,,,<8;8;8;8;8;8;8;8>,,
2090,,,,,,,,,,,,,,,,,,,,,,,,,,,,,,,,,,,,3,Aerodactyl,701,,,,,,{advance=7;id=30312;level=60},,,,<8;8;8;8;8;8;8;8>,,
2091,,,,,,,,,,,,,,,,,,,,,,,,,,,,,,,,,,,,3,Registeel,1931,,,,,,{advance=7;id=30301;level=60},,,,<8;8;8;8;8;8;8;8>,,
2092,,,,,,,,,,,,,,,,,,,,,,,,,,,,,,,,,,,,3,Magnezone,333,,,,,,{advance=7;id=30314;level=60},,,,<8;8;8;8;8;8;8;8>,,
2093,,,,,,,,,,,,,,,,,,,,,,,,,,,,,,,,,,,,4,Steven's Mega Metagross,7081,,,,,,{advance=7;id=30448;level=60},,,,<8;8;8;8;8;8;8;8>,,
2094,,,,,,,,,,,,,,,,,,,,,,,,,,,,,,,,,,,,3,Steelix,402,,,,,,{advance=7;id=30302;level=60},,,,<8;8;8;8;8;8;8;8>,,
2095,,,,,,,,,,,,,,,,,,,,,,,,,,,,,,,,,,,,3,Slowpoke,321,,,,,,{advance=7;id=30202;level=60},,,,<8;8;8;8;8;8;8;8>,,
2096,,,,,,,,,,,,,,,,,,,,,,,,,,,,,,,,,,,,3,Mew,771,,,,,,{advance=7;id=31301;level=60},,,,<8;8;8;8;8;8;8;8>,,
2097,,,,,,,,,,,,,,,,,,,,,,,,,,,,,,,,,,,,2,Slurpuff,3432,,,,,,{advance=7;id=30104;level=60},,,,<8;8;8;8;8;8;8;8>,,
2098,,,,,,,,,,,,,,,,,,,,,,,,,,,,,,,,,,,,2,Frillish (F),2921,,,,,,{advance=7;id=30207;level=60},,,,<8;8;8;8;8;8;8;8>,,
2099,,,,,,,,,,,,,,,,,,,,,,,,,,,,,,,,,,,,4,Diancie,3631,,,,,,{advance=7;id=30406;level=60},,,,<8;8;8;8;8;8;8;8>,,
2100,,,,,,,,,,,,,,,,,,,,,,,,,,,,,,,,,,,,3,Happiny,501,,,,,,{advance=7;id=30317;level=60},,,,<8;8;8;8;8;8;8;8>,,
2101,,,,,,,,,,,,,,,,,,,,,,,,,,,,,,,,,,,,2,Emolga,2891,,,,,,{advance=7;id=30305;level=60},,,,<8;8;8;8;8;8;8;8>,,
2102,,,,,,,,,,,,,,,,,,,,,,,,,,,,,,,,,,,,,Sandshrew,101,,,,,,{advance=7;id=30403;level=60},,,,<8;8;8;8;8;8;8;8>,,
2103,,,,,,,,,,,,,,,,,,,,,,,,,,,,,,,,,,,,3,Tornadus,3191,,,,,,{advance=7;id=30304;level=60},,,,<8;8;8;8;8;8;8;8>,,
2104,,,,,,,,,,,,,,,,,,,,,,,,,,,,,,,,,,,,3,Buzzwole,4041,,,,,,{advance=7;id=30320;level=60},,,,<8;8;8;8;8;8;8;8>,,
2105,,,,,,,,,,,,,,,,,,,,,,,,,,,,,,,,,,,,4,Meltan,4171,,,,,,{advance=7;id=30420;level=60},,,,<8;8;8;8;8;8;8;8>,,
2106,,,,,,,,,,,,,,,,,,,,,,,,,,,,,,,,,,,,3,Gible,2231,,,,,,{advance=7;id=30402;level=60},,,,<8;8;8;8;8;8;8;8>,,
2107,,,,,,,,,,,,,,,,,,,,,,,,,,,,,,,,,,,,2,Exploud,1443,,,,,,{advance=7;id=30204;level=60},,,,<8;8;8;8;8;8;8;8>,,
2108,,,,,,,,,,,,,,,,,,,,,,,,,,,,,,,,,,,,,Lombre,1352,,,,,,{advance=7;id=30207;level=60},,,,<8;8;8;8;8;8;8;8>,,
2109,,,,,,,,,,,,,,,,,,,,,,,,,,,,,,,,,,,,3,Aron,1501,,,,,,{advance=7;id=30301;level=60},,,,<8;8;8;8;8;8;8;8>,,
2110,,,,,,,,,,,,,,,,,,,,,,,,,,,,,,,,,,,,3,Magmortar,603,,,,,,{advance=7;id=30302;level=60},,,,<8;8;8;8;8;8;8;8>,,
2111,,,,,,,,,,,,,,,,,,,,,,,,,,,,,,,,,,,,4,Regigigas,2381,,,,,,{advance=7;id=30409;level=60},,,,<8;8;8;8;8;8;8;8>,,
2112,,,,,,,,,,,,,,,,,,,,,,,,,,,,,,,,,,,,3,Mew,771,,,,,,{advance=7;id=31301;level=60},,,,<8;8;8;8;8;8;8;8>,,
2113,,,,,,,,,,,,,,,,,,,,,,,,,,,,,,,,,,,,2,Lickitung,471,,,,,,{advance=7;id=30102;level=60},,,,<8;8;8;8;8;8;8;8>,,
2114,,,,,,,,,,,,,,,,,,,,,,,,,,,,,,,,,,,,,Butterfree,33,,,,,,{advance=7;id=30103;level=60},,,,<8;8;8;8;8;8;8;8>,,
2115,,,,,,,,,,,,,,,,,,,,,,,,,,,,,,,,,,,,3,Scizor,572,,,,,,{advance=7;id=30313;level=60},,,,<8;8;8;8;8;8;8;8>,,
2116,,,,,,,,,,,,,,,,,,,,,,,,,,,,,,,,,,,,3,Kadabra,262,,,,,,{advance=7;id=30304;level=60},,,,<8;8;8;8;8;8;8;8>,,
2117,,,,,,,,,,,,,,,,,,,,,,,,,,,,,,,,,,,,4,Mewtwo,761,,,,,,{advance=7;id=30401;level=60},<100;100;100;100;100;100;100>,,,<8;8;8;8;8;8;8;8>,,
2118,,,,,,,,,,,,,,,,,,,,,,,,,,,,,,,,,,,,3,Mega Banette,1803,,,,,,{advance=7;id=30309;level=60},,,,<8;8;8;8;8;8;8;8>,,
2119,,,,,,,,,,,,,,,,,,,,,,,,,,,,,,,,,,,,2,Gothorita,2842,,,,,,{advance=7;id=30308;level=60},,,,<8;8;8;8;8;8;8;8>,,
2120,,,,,,,,,,,,,,,,,,,,,,,,,,,,,,,,,,,,,Phantump,3561,,,,,,{advance=7;id=30309;level=60},,,,<8;8;8;8;8;8;8;8>,,
2121,,,,,,,,,,,,,,,,,,,,,,,,,,,,,,,,,,,,3,Politoed,254,,,,,,{advance=7;id=30304;level=60},,,,<8;8;8;8;8;8;8;8>,,
2122,,,,,,,,,,,,,,,,,,,,,,,,,,,,,,,,,,,,3,Pupitar,1252,,,,,,{advance=7;id=30306;level=60},,,,<8;8;8;8;8;8;8;8>,,
2123,,,,,,,,,,,,,,,,,,,,,,,,,,,,,,,,,,,,4,Marshadow,4121,,,,,,{advance=7;id=30432;level=60},,,,<8;8;8;8;8;8;8;8>,,
2124,,,,,,,,,,,,,,,,,,,,,,,,,,,,,,,,,,,,3,Volcarona,3152,,,,,,{advance=7;id=30307;level=60},,,,<8;8;8;8;8;8;8;8>,,
2125,,,,,,,,,,,,,,,,,,,,,,,,,,,,,,,,,,,,2,Geodude,301,,,,,,{advance=7;id=30311;level=60},,,,<8;8;8;8;8;8;8;8>,,
2126,,,,,,,,,,,,,,,,,,,,,,,,,,,,,,,,,,,,,Nidoran♂,121,,,,,,{advance=7;id=30307;level=60},,,,<8;8;8;8;8;8;8;8>,,
2127,,,,,,,,,,,,,,,,,,,,,,,,,,,,,,,,,,,,3,Buzzwole,4041,,,,,,{advance=7;id=30320;level=60},,,,<8;8;8;8;8;8;8;8>,,
2128,,,,,,,,,,,,,,,,,,,,,,,,,,,,,,,,,,,,3,Xurkitree,4061,,,,,,{advance=7;id=30303;level=60},,,,<8;8;8;8;8;8;8;8>,,
2129,,,,,,,,,,,,,,,,,,,,,,,,,,,,,,,,,,,,4,Meloetta Pirouette Forme,3262,,,,,,{advance=7;id=30418;level=60},,,,<8;8;8;8;8;8;8;8>,,
2130,,,,,,,,,,,,,,,,,,,,,,,,,,,,,,,,,,,,3,Fraxure,3002,,,,,,{advance=7;id=30310;level=60},,,,<8;8;8;8;8;8;8;8>,,
2131,,,,,,,,,,,,,,,,,,,,,,,,,,,,,,,,,,,,2,Numel,1611,,,,,,{advance=7;id=30204;level=60},,,,<8;8;8;8;8;8;8;8>,,
2132,,,,,,,,,,,,,,,,,,,,,,,,,,,,,,,,,,,,,Sandshrew,101,,,,,,{advance=7;id=30403;level=60},,,,<8;8;8;8;8;8;8;8>,,
2133,,,,,,,,,,,,,,,,,,,,,,,,,,,,,,,,,,,,3,Aerodactyl,701,,,,,,{advance=7;id=30312;level=60},,,,<8;8;8;8;8;8;8;8>,,
2134,,,,,,,,,,,,,,,,,,,,,,,,,,,,,,,,,,,,3,Grimmsnarl,4393,,,,,,{advance=7;id=30308;level=60},,,,<8;8;8;8;8;8;8;8>,,
2135,,,,,,,,,,,,,,,,,,,,,,,,,,,,,,,,,,,,4,Rayquaza,1981,,,,,,{advance=7;id=30408;level=60},,,,<8;8;8;8;8;8;8;8>,,
2136,,,,,,,,,,,,,,,,,,,,,,,,,,,,,,,,,,,,3,Incineroar,3673,,,,,,{advance=7;id=30313;level=60},,,,<8;8;8;8;8;8;8;8>,,
2137,,,,,,,,,,,,,,,,,,,,,,,,,,,,,,,,,,,,2,Boldore,2592,,,,,,{advance=7;id=30311;level=60},,,,<8;8;8;8;8;8;8;8>,,
2138,,,,,,,,,,,,,,,,,,,,,,,,,,,,,,,,,,,,,Nidoqueen,113,,,,,,{advance=7;id=30307;level=60},,,,<8;8;8;8;8;8;8;8>,,
2139,,,,,,,,,,,,,,,,,,,,,,,,,,,,,,,,,,,,3,Mega Alakazam,264,,,,,,{advance=7;id=30304;level=60},,,,<8;8;8;8;8;8;8;8>,,
2140,,,,,,,,,,,,,,,,,,,,,,,,,,,,,,,,,,,,3,Latios,1951,,,,,,{advance=7;id=30411;level=60},,,,<8;8;8;8;8;8;8;8>,,
2141,,,,,,,,,,,,,,,,,,,,,,,,,,,,,,,,,,,,4,Zygarde Complete Forme,3623,,,,,,{advance=7;id=30431;level=60},,,,<8;8;8;8;8;8;8;8>,,
2142,,,,,,,,,,,,,,,,,,,,,,,,,,,,,,,,,,,,3,Dracovish,4561,,,,,,{advance=7;id=30306;level=60},,,,<8;8;8;8;8;8;8;8>,,
2143,,,,,,,,,,,,,,,,,,,,,,,,,,,,,,,,,,,,2,Muk,372,,,,,,{advance=7;id=30316;level=60},,,,<8;8;8;8;8;8;8;8>,,
2144,,,,,,,,,,,,,,,,,,,,,,,,,,,,,,,,,,,,,Venonat,191,,,,,,{advance=7;id=30103;level=60},,,,<8;8;8;8;8;8;8;8>,,
2145,,,,,,,,,,,,,,,,,,,,,,,,,,,,,,,,,,,,3,Suicune,1241,,,,,,{advance=7;id=30305;level=60},,,,<8;8;8;8;8;8;8;8>,,
2146,,,,,,,,,,,,,,,,,,,,,,,,,,,,,,,,,,,,3,Lampent,2992,,,,,,{advance=7;id=30309;level=60},,,,<8;8;8;8;8;8;8;8>,,
2147,,,,,,,,,,,,,,,,,,,,,,,,,,,,,,,,,,,,4,Reshiram,3211,,,,,,{advance=7;id=30415;level=60},,,,<8;8;8;8;8;8;8;8>,,
2148,,,,,,,,,,,,,,,,,,,,,,,,,,,,,,,,,,,,3,Slakoth,1421,,,,,,{advance=7;id=30408;level=60},,,,<8;8;8;8;8;8;8;8>,,
2149,,,,,,,,,,,,,,,,,,,,,,,,,,,,,,,,,,,,2,Squirtle,21,,,,,,{advance=7;id=30316;level=60},,,,<8;8;8;8;8;8;8;8>,,
2150,,,,,,,,,,,,,,,,,,,,,,,,,,,,,,,,,,,,,Nidorina,112,,,,,,{advance=7;id=30307;level=60},,,,<8;8;8;8;8;8;8;8>,,
2151,,,,,,,,,,,,,,,,,,,,,,,,,,,,,,,,,,,,3,Inteleon,4203,,,,,,{advance=7;id=30305;level=60},,,,<8;8;8;8;8;8;8;8>,,
2152,,,,,,,,,,,,,,,,,,,,,,,,,,,,,,,,,,,,3,Mega Gyarados,632,,,,,,{advance=7;id=30315;level=60},,,,<8;8;8;8;8;8;8;8>,,
2153,,,,,,,,,,,,,,,,,,,,,,,,,,,,,,,,,,,,4,Giratina,2391,,,,,,{advance=7;id=30412;level=60},,,,<8;8;8;8;8;8;8;8>,,
2154,,,,,,,,,,,,,,,,,,,,,,,,,,,,,,,,,,,,3,Pinsir,611,,,,,,{advance=7;id=30315;level=60},,,,<8;8;8;8;8;8;8;8>,,
2155,,,,,,,,,,,,,,,,,,,,,,,,,,,,,,,,,,,,2,Chikorita,781,,,,,,{advance=7;id=30317;level=60},,,,<8;8;8;8;8;8;8;8>,,
2156,,,,,,,,,,,,,,,,,,,,,,,,,,,,,,,,,,,,,Gloom,172,,,,,,{advance=7;id=30316;level=60},,,,<8;8;8;8;8;8;8;8>,,
2157,,,,,,,,,,,,,,,,,,,,,,,,,,,,,,,,,,,,3,Poliwrath,253,,,,,,{advance=7;id=30320;level=60},,,,<8;8;8;8;8;8;8;8>,,
2158,,,,,,,,,,,,,,,,,,,,,,,,,,,,,,,,,,,,3,Mareep,881,,,,,,{advance=7;id=30303;level=60},,,,<8;8;8;8;8;8;8;8>,,
2159,,,,,,,,,,,,,,,,,,,,,,,,,,,,,,,,,,,,4,Solgaleo,4023,,,,,,{advance=7;id=30434;level=60},,,,<8;8;8;8;8;8;8;8>,,
2160,,,,,,,,,,,,,,,,,,,,,,,,,,,,,,,,,,,,3,Swablu,1671,,,,,,{advance=7;id=31301;level=60},,,,<8;8;8;8;8;8;8;8>,,
