变量名,servers,division,serviceCSVID
默认值,<>,0,0
ID,区服,赛区,service的CSVID
1,<game.dev.14;gamemerge.dev.1;game.dev.1>,1,18
2,<game.dev.9>,1,25
3,<game.dev.10>,1,26
4,<game.dev.12>,1,27
11,<game.dev.1>,1,37
12,<gamemerge.dev.1>,2,37
13,<game.dev.14>,3,37
101,<game.cn.1;game.cn.2;game.cn.3;game.cn.4;game.cn.5>,1,106
11000,<game.cn.1;game.cn.2;game.cn.3;game.cn.4;game.cn.5;game.cn.6;game.cn.7;game.cn.8;game.cn.9;game.cn.10;game.cn.11;game.cn.12;game.cn.13;game.cn.14;game.cn.15;game.cn.16;game.cn.17;game.cn.18;game.cn.19;game.cn.20;game.cn.21;game.cn.22;game.cn.23;game.cn.24;game.cn.25;game.cn.26;game.cn.27;game.cn.28;game.cn.29;game.cn.30;game.cn.31;game.cn.32;game.cn.33;game.cn.34;game.cn.35;game.cn.36;game.cn.37;game.cn.38;game.cn.39;game.cn.40;game.cn.41;game.cn.42;game.cn.43;game.cn.44;game.cn.45;game.cn.46;game.cn.47;game.cn.48;game.cn.49;game.cn.50;game.cn.51;game.cn.52;game.cn.53;game.cn.54;game.cn.55;game.cn.56;game.cn.57;game.cn.58;game.cn.59;game.cn.60;game.cn.61;game.cn.62;game.cn.63;game.cn.64;game.cn.65;game.cn.66;game.cn.67;game.cn.68;game.cn.69;game.cn.70;game.cn.71;game.cn.72;game.cn.73;game.cn.74;game.cn.75;game.cn.76;game.cn.77;game.cn.78;game.cn.79;game.cn.80;game.cn.81;game.cn.82;game.cn.83;game.cn.84;game.cn.85>,1,30001
11001,<game.cn.86;game.cn.87;game.cn.88;game.cn.89;game.cn.90;game.cn.91;game.cn.92;game.cn.93;game.cn.94;game.cn.95;game.cn.96;game.cn.97;game.cn.98;game.cn.99;game.cn.100;game.cn.101;game.cn.102;game.cn.103;game.cn.104;game.cn.105;game.cn.106;game.cn.107;game.cn.108;game.cn.109;game.cn.110;game.cn.111;game.cn.112;game.cn.113;game.cn.114;game.cn.115;game.cn.116;game.cn.117;game.cn.118;game.cn.119;game.cn.120;game.cn.121;game.cn.122;game.cn.123;game.cn.124;game.cn.125;game.cn.126;game.cn.127;game.cn.128;game.cn.129;game.cn.130;game.cn.131;game.cn.132;game.cn.133;game.cn.134;game.cn.135;game.cn.136;game.cn.137;game.cn.138;game.cn.139;game.cn.140;game.cn.141;game.cn.142;game.cn.143;game.cn.144;game.cn.145;game.cn.146;game.cn.147;game.cn.148;game.cn.149;game.cn.150;game.cn.151;game.cn.152;game.cn.153;game.cn.154;game.cn.155;game.cn.156;game.cn.157;game.cn.158;game.cn.159;game.cn.160;game.cn.161;game.cn.162;game.cn.163;game.cn.164;game.cn.165;game.cn.166;game.cn.167;game.cn.168;game.cn.169;game.cn.170>,2,30001
11002,<game.cn.171;game.cn.172;game.cn.173;game.cn.174;game.cn.175;game.cn.176;game.cn.177;game.cn.178;game.cn.179;game.cn.180;game.cn.181;game.cn.182;game.cn.183;game.cn.184;game.cn.185;game.cn.186;game.cn.187;game.cn.188;game.cn.189;game.cn.190;game.cn.191;game.cn.192;game.cn.193;game.cn.194;game.cn.195;game.cn.196;game.cn.197;game.cn.198;game.cn.199;game.cn.200;game.cn.201;game.cn.202;game.cn.203;game.cn.204;game.cn.205;game.cn.206;game.cn.207;game.cn.208;game.cn.209;game.cn.210;game.cn.211;game.cn.212;game.cn.213;game.cn.214;game.cn.215;game.cn.216;game.cn.217;game.cn.218;game.cn.219;game.cn.220;game.cn.221;game.cn.222;game.cn.223;game.cn.224;game.cn.225;game.cn.226;game.cn.227;game.cn.228;game.cn.229;game.cn.230;game.cn.231;game.cn.232;game.cn.233;game.cn.234;game.cn.235;game.cn.236;game.cn.237;game.cn.238;game.cn.239;game.cn.240;game.cn.241;game.cn.242;game.cn.243;game.cn.244;game.cn.245;game.cn.246;game.cn.247;game.cn.248;game.cn.249;game.cn.250;game.cn.251;game.cn.252;game.cn.253;game.cn.254;game.cn.255>,3,30001
11003,<game.cn.256;game.cn.257;game.cn.258;game.cn.259;game.cn.260;game.cn.261;game.cn.262;game.cn.263;game.cn.264;game.cn.265;game.cn.266;game.cn.267;game.cn.268;game.cn.269;game.cn.270;game.cn.271;game.cn.272;game.cn.273;game.cn.274;game.cn.275;game.cn.276;game.cn.277;game.cn.278;game.cn.279;game.cn.280;game.cn.281;game.cn.282;game.cn.283;game.cn.284;game.cn.285;game.cn.286;game.cn.287;game.cn.288;game.cn.289;game.cn.290;game.cn.291;game.cn.292;game.cn.293;game.cn.294;game.cn.295;game.cn.296;game.cn.297;game.cn.298;game.cn.299;game.cn.300;game.cn.301;game.cn.302;game.cn.303;game.cn.304;game.cn.305;game.cn.306;game.cn.307;game.cn.308;game.cn.309;game.cn.310;game.cn.311;game.cn.312;game.cn.313;game.cn.314;game.cn.315;game.cn.316;game.cn.317;game.cn.318;game.cn.319;game.cn.320;game.cn.321;game.cn.322;game.cn.323;game.cn.324;game.cn.325;game.cn.326;game.cn.327;game.cn.328;game.cn.329;game.cn.330;game.cn.331;game.cn.332;game.cn.333;game.cn.334;game.cn.335;game.cn.336;game.cn.337;game.cn.338;game.cn.339;game.cn.340>,4,30001
11004,<game.cn.341;game.cn.342;game.cn.343;game.cn.344;game.cn.345;game.cn.346;game.cn.347;game.cn.348;game.cn.349;game.cn.350;game.cn.351;game.cn.352;game.cn.353;game.cn.354;game.cn.355;game.cn.356;game.cn.357;game.cn.358;game.cn.359;game.cn.360;game.cn.361;game.cn.362;game.cn.363;game.cn.364;game.cn.365;game.cn.366;game.cn.367;game.cn.368;game.cn.369;game.cn.370;game.cn.371;game.cn.372;game.cn.373;game.cn.374;game.cn.375;game.cn.376;game.cn.377;game.cn.378;game.cn.379;game.cn.380;game.cn.381;game.cn.382;game.cn.383;game.cn.384;game.cn.385;game.cn.386;game.cn.387;game.cn.388;game.cn.389;game.cn.390;game.cn.391;game.cn.392;game.cn.393;game.cn.394;game.cn.395;game.cn.396;game.cn.397;game.cn.398;game.cn.399;game.cn.400;game.cn.401;game.cn.402;game.cn.403;game.cn.404;game.cn.405;game.cn.406;game.cn.407;game.cn.408;game.cn.409;game.cn.410;game.cn.411;game.cn.412;game.cn.413;game.cn.414;game.cn.415;game.cn.416;game.cn.417;game.cn.418;game.cn.419;game.cn.420;game.cn.421;game.cn.422;game.cn.423;game.cn.424;game.cn.425>,5,30001
11005,<game.cn.426;game.cn.427;game.cn.428;game.cn.429;game.cn.430;game.cn.431;game.cn.432;game.cn.433;game.cn.434;game.cn.435;game.cn.436;game.cn.437;game.cn.438;game.cn.439;game.cn.440;game.cn.441;game.cn.442;game.cn.443;game.cn.444;game.cn.445;game.cn.446;game.cn.447;game.cn.448;game.cn.449;game.cn.450;game.cn.451;game.cn.452;game.cn.453;game.cn.454;game.cn.455;game.cn.456;game.cn.457;game.cn.458;game.cn.459;game.cn.460;game.cn.461;game.cn.462;game.cn.463;game.cn.464;game.cn.465;game.cn.466;game.cn.467;game.cn.468;game.cn.469;game.cn.470;game.cn.471;game.cn.472;game.cn.473;game.cn.474;game.cn.475;game.cn.476;game.cn.477;game.cn.478;game.cn.479;game.cn.480;game.cn.481;game.cn.482;game.cn.483;game.cn.484;game.cn.485;game.cn.486;game.cn.487;game.cn.488;game.cn.489;game.cn.490;game.cn.491;game.cn.492;game.cn.493;game.cn.494;game.cn.495;game.cn.496;game.cn.497;game.cn.498;game.cn.499;game.cn.500;game.cn.501;game.cn.502;game.cn.503;game.cn.504;game.cn.505;game.cn.506;game.cn.507;game.cn.508;game.cn.509;game.cn.510>,6,30001
11006,<game.cn.511;game.cn.512;game.cn.513;game.cn.514;game.cn.515;game.cn.516;game.cn.517;game.cn.518;game.cn.519;game.cn.520;game.cn.521;game.cn.522;game.cn.523;game.cn.524;game.cn.525;game.cn.526;game.cn.527;game.cn.528;game.cn.529;game.cn.530;game.cn.531;game.cn.532;game.cn.533;game.cn.534;game.cn.535;game.cn.536;game.cn.537;game.cn.538;game.cn.539;game.cn.540;game.cn.541;game.cn.542;game.cn.543;game.cn.544;game.cn.545;game.cn.546;game.cn.547;game.cn.548;game.cn.549;game.cn.550;game.cn.551;game.cn.552;game.cn.553;game.cn.554;game.cn.555;game.cn.556;game.cn.557;game.cn.558;game.cn.559;game.cn.560;game.cn.561;game.cn.562;game.cn.563;game.cn.564;game.cn.565;game.cn.566;game.cn.567;game.cn.568;game.cn.569;game.cn.570;game.cn.571;game.cn.572;game.cn.573;game.cn.574;game.cn.575;game.cn.576;game.cn.577;game.cn.578;game.cn.579;game.cn.580;game.cn.581;game.cn.582;game.cn.583;game.cn.584;game.cn.585;game.cn.586;game.cn.587;game.cn.588;game.cn.589;game.cn.590;game.cn.591;game.cn.592;game.cn.593;game.cn.594;game.cn.595>,7,30001
11007,<game.cn.596;game.cn.597;game.cn.598;game.cn.599;game.cn.600;game.cn.601;game.cn.602;game.cn.603;game.cn.604;game.cn.605;game.cn.606;game.cn.607;game.cn.608;game.cn.609;game.cn.610;game.cn.611;game.cn.612;game.cn.613;game.cn.614;game.cn.615;game.cn.616;game.cn.617;game.cn.618;game.cn.619;game.cn.620;game.cn.621;game.cn.622;game.cn.623;game.cn.624;game.cn.625;game.cn.626;game.cn.627;game.cn.628;game.cn.629;game.cn.630;game.cn.631;game.cn.632;game.cn.633;game.cn.634;game.cn.635;game.cn.636;game.cn.637;game.cn.638;game.cn.639;game.cn.640;game.cn.641;game.cn.642;game.cn.643;game.cn.644;game.cn.645;game.cn.646;game.cn.647;game.cn.648;game.cn.649;game.cn.650;game.cn.651;game.cn.652;game.cn.653;game.cn.654;game.cn.655;game.cn.656;game.cn.657;game.cn.658;game.cn.659;game.cn.660;game.cn.661;game.cn.662;game.cn.663;game.cn.664;game.cn.665;game.cn.666;game.cn.667;game.cn.668;game.cn.669;game.cn.670;game.cn.671;game.cn.672;game.cn.673;game.cn.674;game.cn.675;game.cn.676;game.cn.677;game.cn.678;game.cn.679;game.cn.680;game.cn.681>,8,30001
11010,<game.cn.1;game.cn.2;game.cn.3;game.cn.4;game.cn.5;game.cn.6;game.cn.7;game.cn.8;game.cn.9;game.cn.10;game.cn.11;game.cn.12;game.cn.13;game.cn.14;game.cn.15;game.cn.16;game.cn.17;game.cn.18;game.cn.19;game.cn.20;game.cn.21;game.cn.22;game.cn.23;game.cn.24;game.cn.25;game.cn.26;game.cn.27;game.cn.28;game.cn.29;game.cn.30;game.cn.31;game.cn.32;game.cn.33;game.cn.34;game.cn.35;game.cn.36;game.cn.37;game.cn.38;game.cn.39;game.cn.40;game.cn.41;game.cn.42;game.cn.43;game.cn.44;game.cn.45;game.cn.46;game.cn.47;game.cn.48;game.cn.49;game.cn.50;game.cn.51;game.cn.52;game.cn.53;game.cn.54;game.cn.55;game.cn.56;game.cn.57;game.cn.58;game.cn.59;game.cn.60;game.cn.61;game.cn.62;game.cn.63;game.cn.64;game.cn.65;game.cn.66;game.cn.67;game.cn.68;game.cn.69;game.cn.70;game.cn.71;game.cn.72;game.cn.73;game.cn.74;game.cn.75;game.cn.76;game.cn.77;game.cn.78;game.cn.79;game.cn.80;game.cn.81;game.cn.82;game.cn.83;game.cn.84;game.cn.85;game.cn.86;game.cn.87;game.cn.88>,1,30002
11011,<game.cn.89;game.cn.90;game.cn.91;game.cn.92;game.cn.93;game.cn.94;game.cn.95;game.cn.96;game.cn.97;game.cn.98;game.cn.99;game.cn.100;game.cn.101;game.cn.102;game.cn.103;game.cn.104;game.cn.105;game.cn.106;game.cn.107;game.cn.108;game.cn.109;game.cn.110;game.cn.111;game.cn.112;game.cn.113;game.cn.114;game.cn.115;game.cn.116;game.cn.117;game.cn.118;game.cn.119;game.cn.120;game.cn.121;game.cn.122;game.cn.123;game.cn.124;game.cn.125;game.cn.126;game.cn.127;game.cn.128;game.cn.129;game.cn.130;game.cn.131;game.cn.132;game.cn.133;game.cn.134;game.cn.135;game.cn.136;game.cn.137;game.cn.138;game.cn.139;game.cn.140;game.cn.141;game.cn.142;game.cn.143;game.cn.144;game.cn.145;game.cn.146;game.cn.147;game.cn.148;game.cn.149;game.cn.150;game.cn.151;game.cn.152;game.cn.153;game.cn.154;game.cn.155;game.cn.156;game.cn.157;game.cn.158;game.cn.159;game.cn.160;game.cn.161;game.cn.162;game.cn.163;game.cn.164;game.cn.165;game.cn.166;game.cn.167;game.cn.168;game.cn.169;game.cn.170;game.cn.171;game.cn.172;game.cn.173;game.cn.174;game.cn.175;game.cn.176>,2,30002
11012,<game.cn.177;game.cn.178;game.cn.179;game.cn.180;game.cn.181;game.cn.182;game.cn.183;game.cn.184;game.cn.185;game.cn.186;game.cn.187;game.cn.188;game.cn.189;game.cn.190;game.cn.191;game.cn.192;game.cn.193;game.cn.194;game.cn.195;game.cn.196;game.cn.197;game.cn.198;game.cn.199;game.cn.200;game.cn.201;game.cn.202;game.cn.203;game.cn.204;game.cn.205;game.cn.206;game.cn.207;game.cn.208;game.cn.209;game.cn.210;game.cn.211;game.cn.212;game.cn.213;game.cn.214;game.cn.215;game.cn.216;game.cn.217;game.cn.218;game.cn.219;game.cn.220;game.cn.221;game.cn.222;game.cn.223;game.cn.224;game.cn.225;game.cn.226;game.cn.227;game.cn.228;game.cn.229;game.cn.230;game.cn.231;game.cn.232;game.cn.233;game.cn.234;game.cn.235;game.cn.236;game.cn.237;game.cn.238;game.cn.239;game.cn.240;game.cn.241;game.cn.242;game.cn.243;game.cn.244;game.cn.245;game.cn.246;game.cn.247;game.cn.248;game.cn.249;game.cn.250;game.cn.251;game.cn.252;game.cn.253;game.cn.254;game.cn.255;game.cn.256;game.cn.257;game.cn.258;game.cn.259;game.cn.260;game.cn.261;game.cn.262;game.cn.263;game.cn.264>,3,30002
11013,<game.cn.265;game.cn.266;game.cn.267;game.cn.268;game.cn.269;game.cn.270;game.cn.271;game.cn.272;game.cn.273;game.cn.274;game.cn.275;game.cn.276;game.cn.277;game.cn.278;game.cn.279;game.cn.280;game.cn.281;game.cn.282;game.cn.283;game.cn.284;game.cn.285;game.cn.286;game.cn.287;game.cn.288;game.cn.289;game.cn.290;game.cn.291;game.cn.292;game.cn.293;game.cn.294;game.cn.295;game.cn.296;game.cn.297;game.cn.298;game.cn.299;game.cn.300;game.cn.301;game.cn.302;game.cn.303;game.cn.304;game.cn.305;game.cn.306;game.cn.307;game.cn.308;game.cn.309;game.cn.310;game.cn.311;game.cn.312;game.cn.313;game.cn.314;game.cn.315;game.cn.316;game.cn.317;game.cn.318;game.cn.319;game.cn.320;game.cn.321;game.cn.322;game.cn.323;game.cn.324;game.cn.325;game.cn.326;game.cn.327;game.cn.328;game.cn.329;game.cn.330;game.cn.331;game.cn.332;game.cn.333;game.cn.334;game.cn.335;game.cn.336;game.cn.337;game.cn.338;game.cn.339;game.cn.340;game.cn.341;game.cn.342;game.cn.343;game.cn.344;game.cn.345;game.cn.346;game.cn.347;game.cn.348;game.cn.349;game.cn.350;game.cn.351;game.cn.352>,4,30002
11014,<game.cn.353;game.cn.354;game.cn.355;game.cn.356;game.cn.357;game.cn.358;game.cn.359;game.cn.360;game.cn.361;game.cn.362;game.cn.363;game.cn.364;game.cn.365;game.cn.366;game.cn.367;game.cn.368;game.cn.369;game.cn.370;game.cn.371;game.cn.372;game.cn.373;game.cn.374;game.cn.375;game.cn.376;game.cn.377;game.cn.378;game.cn.379;game.cn.380;game.cn.381;game.cn.382;game.cn.383;game.cn.384;game.cn.385;game.cn.386;game.cn.387;game.cn.388;game.cn.389;game.cn.390;game.cn.391;game.cn.392;game.cn.393;game.cn.394;game.cn.395;game.cn.396;game.cn.397;game.cn.398;game.cn.399;game.cn.400;game.cn.401;game.cn.402;game.cn.403;game.cn.404;game.cn.405;game.cn.406;game.cn.407;game.cn.408;game.cn.409;game.cn.410;game.cn.411;game.cn.412;game.cn.413;game.cn.414;game.cn.415;game.cn.416;game.cn.417;game.cn.418;game.cn.419;game.cn.420;game.cn.421;game.cn.422;game.cn.423;game.cn.424;game.cn.425;game.cn.426;game.cn.427;game.cn.428;game.cn.429;game.cn.430;game.cn.431;game.cn.432;game.cn.433;game.cn.434;game.cn.435;game.cn.436;game.cn.437;game.cn.438;game.cn.439;game.cn.440>,5,30002
11015,<game.cn.441;game.cn.442;game.cn.443;game.cn.444;game.cn.445;game.cn.446;game.cn.447;game.cn.448;game.cn.449;game.cn.450;game.cn.451;game.cn.452;game.cn.453;game.cn.454;game.cn.455;game.cn.456;game.cn.457;game.cn.458;game.cn.459;game.cn.460;game.cn.461;game.cn.462;game.cn.463;game.cn.464;game.cn.465;game.cn.466;game.cn.467;game.cn.468;game.cn.469;game.cn.470;game.cn.471;game.cn.472;game.cn.473;game.cn.474;game.cn.475;game.cn.476;game.cn.477;game.cn.478;game.cn.479;game.cn.480;game.cn.481;game.cn.482;game.cn.483;game.cn.484;game.cn.485;game.cn.486;game.cn.487;game.cn.488;game.cn.489;game.cn.490;game.cn.491;game.cn.492;game.cn.493;game.cn.494;game.cn.495;game.cn.496;game.cn.497;game.cn.498;game.cn.499;game.cn.500;game.cn.501;game.cn.502;game.cn.503;game.cn.504;game.cn.505;game.cn.506;game.cn.507;game.cn.508;game.cn.509;game.cn.510;game.cn.511;game.cn.512;game.cn.513;game.cn.514;game.cn.515;game.cn.516;game.cn.517;game.cn.518;game.cn.519;game.cn.520;game.cn.521;game.cn.522;game.cn.523;game.cn.524;game.cn.525;game.cn.526;game.cn.527;game.cn.528>,6,30002
11016,<game.cn.529;game.cn.530;game.cn.531;game.cn.532;game.cn.533;game.cn.534;game.cn.535;game.cn.536;game.cn.537;game.cn.538;game.cn.539;game.cn.540;game.cn.541;game.cn.542;game.cn.543;game.cn.544;game.cn.545;game.cn.546;game.cn.547;game.cn.548;game.cn.549;game.cn.550;game.cn.551;game.cn.552;game.cn.553;game.cn.554;game.cn.555;game.cn.556;game.cn.557;game.cn.558;game.cn.559;game.cn.560;game.cn.561;game.cn.562;game.cn.563;game.cn.564;game.cn.565;game.cn.566;game.cn.567;game.cn.568;game.cn.569;game.cn.570;game.cn.571;game.cn.572;game.cn.573;game.cn.574;game.cn.575;game.cn.576;game.cn.577;game.cn.578;game.cn.579;game.cn.580;game.cn.581;game.cn.582;game.cn.583;game.cn.584;game.cn.585;game.cn.586;game.cn.587;game.cn.588;game.cn.589;game.cn.590;game.cn.591;game.cn.592;game.cn.593;game.cn.594;game.cn.595;game.cn.596;game.cn.597;game.cn.598;game.cn.599;game.cn.600;game.cn.601;game.cn.602;game.cn.603;game.cn.604;game.cn.605;game.cn.606;game.cn.607;game.cn.608;game.cn.609;game.cn.610;game.cn.611;game.cn.612;game.cn.613;game.cn.614;game.cn.615;game.cn.616>,7,30002
11017,<game.cn.617;game.cn.618;game.cn.619;game.cn.620;game.cn.621;game.cn.622;game.cn.623;game.cn.624;game.cn.625;game.cn.626;game.cn.627;game.cn.628;game.cn.629;game.cn.630;game.cn.631;game.cn.632;game.cn.633;game.cn.634;game.cn.635;game.cn.636;game.cn.637;game.cn.638;game.cn.639;game.cn.640;game.cn.641;game.cn.642;game.cn.643;game.cn.644;game.cn.645;game.cn.646;game.cn.647;game.cn.648;game.cn.649;game.cn.650;game.cn.651;game.cn.652;game.cn.653;game.cn.654;game.cn.655;game.cn.656;game.cn.657;game.cn.658;game.cn.659;game.cn.660;game.cn.661;game.cn.662;game.cn.663;game.cn.664;game.cn.665;game.cn.666;game.cn.667;game.cn.668;game.cn.669;game.cn.670;game.cn.671;game.cn.672;game.cn.673;game.cn.674;game.cn.675;game.cn.676;game.cn.677;game.cn.678;game.cn.679;game.cn.680;game.cn.681;game.cn.682;game.cn.683;game.cn.684;game.cn.685;game.cn.686;game.cn.687;game.cn.688;game.cn.689;game.cn.690;game.cn.691;game.cn.692;game.cn.693;game.cn.694;game.cn.695;game.cn.696;game.cn.697;game.cn.698;game.cn.699;game.cn.700;game.cn.701;game.cn.702;game.cn.703;game.cn.704;game.cn.705;game.cn.706;game.cn.707;game.cn.708;game.cn.709;game.cn.710;game.cn.711;game.cn.712>,8,30002
11020,<game.cn.1;game.cn.2;game.cn.3;game.cn.4;game.cn.5;game.cn.6;game.cn.7;game.cn.8;game.cn.9;game.cn.10;game.cn.11;game.cn.12;game.cn.13;game.cn.14;game.cn.15;game.cn.16;game.cn.17;game.cn.18;game.cn.19;game.cn.20;game.cn.21;game.cn.22;game.cn.23;game.cn.24;game.cn.25;game.cn.26;game.cn.27;game.cn.28;game.cn.29;game.cn.30;game.cn.31;game.cn.32;game.cn.33;game.cn.34;game.cn.35;game.cn.36;game.cn.37;game.cn.38;game.cn.39;game.cn.40;game.cn.41;game.cn.42;game.cn.43;game.cn.44;game.cn.45;game.cn.46;game.cn.47;game.cn.48;game.cn.49;game.cn.50;game.cn.51;game.cn.52;game.cn.53;game.cn.54;game.cn.55;game.cn.56;game.cn.57;game.cn.58;game.cn.59;game.cn.60;game.cn.61;game.cn.62;game.cn.63;game.cn.64;game.cn.65;game.cn.66;game.cn.67;game.cn.68;game.cn.69;game.cn.70;game.cn.71;game.cn.72;game.cn.73;game.cn.74;game.cn.75;game.cn.76;game.cn.77;game.cn.78;game.cn.79;game.cn.80;game.cn.81;game.cn.82;game.cn.83;game.cn.84;game.cn.85;game.cn.86;game.cn.87;game.cn.88;game.cn.89;game.cn.90;game.cn.91>,1,30003
11021,<game.cn.92;game.cn.93;game.cn.94;game.cn.95;game.cn.96;game.cn.97;game.cn.98;game.cn.99;game.cn.100;game.cn.101;game.cn.102;game.cn.103;game.cn.104;game.cn.105;game.cn.106;game.cn.107;game.cn.108;game.cn.109;game.cn.110;game.cn.111;game.cn.112;game.cn.113;game.cn.114;game.cn.115;game.cn.116;game.cn.117;game.cn.118;game.cn.119;game.cn.120;game.cn.121;game.cn.122;game.cn.123;game.cn.124;game.cn.125;game.cn.126;game.cn.127;game.cn.128;game.cn.129;game.cn.130;game.cn.131;game.cn.132;game.cn.133;game.cn.134;game.cn.135;game.cn.136;game.cn.137;game.cn.138;game.cn.139;game.cn.140;game.cn.141;game.cn.142;game.cn.143;game.cn.144;game.cn.145;game.cn.146;game.cn.147;game.cn.148;game.cn.149;game.cn.150;game.cn.151;game.cn.152;game.cn.153;game.cn.154;game.cn.155;game.cn.156;game.cn.157;game.cn.158;game.cn.159;game.cn.160;game.cn.161;game.cn.162;game.cn.163;game.cn.164;game.cn.165;game.cn.166;game.cn.167;game.cn.168;game.cn.169;game.cn.170;game.cn.171;game.cn.172;game.cn.173;game.cn.174;game.cn.175;game.cn.176;game.cn.177;game.cn.178;game.cn.179;game.cn.180;game.cn.181;game.cn.182>,2,30003
11022,<game.cn.183;game.cn.184;game.cn.185;game.cn.186;game.cn.187;game.cn.188;game.cn.189;game.cn.190;game.cn.191;game.cn.192;game.cn.193;game.cn.194;game.cn.195;game.cn.196;game.cn.197;game.cn.198;game.cn.199;game.cn.200;game.cn.201;game.cn.202;game.cn.203;game.cn.204;game.cn.205;game.cn.206;game.cn.207;game.cn.208;game.cn.209;game.cn.210;game.cn.211;game.cn.212;game.cn.213;game.cn.214;game.cn.215;game.cn.216;game.cn.217;game.cn.218;game.cn.219;game.cn.220;game.cn.221;game.cn.222;game.cn.223;game.cn.224;game.cn.225;game.cn.226;game.cn.227;game.cn.228;game.cn.229;game.cn.230;game.cn.231;game.cn.232;game.cn.233;game.cn.234;game.cn.235;game.cn.236;game.cn.237;game.cn.238;game.cn.239;game.cn.240;game.cn.241;game.cn.242;game.cn.243;game.cn.244;game.cn.245;game.cn.246;game.cn.247;game.cn.248;game.cn.249;game.cn.250;game.cn.251;game.cn.252;game.cn.253;game.cn.254;game.cn.255;game.cn.256;game.cn.257;game.cn.258;game.cn.259;game.cn.260;game.cn.261;game.cn.262;game.cn.263;game.cn.264;game.cn.265;game.cn.266;game.cn.267;game.cn.268;game.cn.269;game.cn.270;game.cn.271;game.cn.272;game.cn.273>,3,30003
11023,<game.cn.274;game.cn.275;game.cn.276;game.cn.277;game.cn.278;game.cn.279;game.cn.280;game.cn.281;game.cn.282;game.cn.283;game.cn.284;game.cn.285;game.cn.286;game.cn.287;game.cn.288;game.cn.289;game.cn.290;game.cn.291;game.cn.292;game.cn.293;game.cn.294;game.cn.295;game.cn.296;game.cn.297;game.cn.298;game.cn.299;game.cn.300;game.cn.301;game.cn.302;game.cn.303;game.cn.304;game.cn.305;game.cn.306;game.cn.307;game.cn.308;game.cn.309;game.cn.310;game.cn.311;game.cn.312;game.cn.313;game.cn.314;game.cn.315;game.cn.316;game.cn.317;game.cn.318;game.cn.319;game.cn.320;game.cn.321;game.cn.322;game.cn.323;game.cn.324;game.cn.325;game.cn.326;game.cn.327;game.cn.328;game.cn.329;game.cn.330;game.cn.331;game.cn.332;game.cn.333;game.cn.334;game.cn.335;game.cn.336;game.cn.337;game.cn.338;game.cn.339;game.cn.340;game.cn.341;game.cn.342;game.cn.343;game.cn.344;game.cn.345;game.cn.346;game.cn.347;game.cn.348;game.cn.349;game.cn.350;game.cn.351;game.cn.352;game.cn.353;game.cn.354;game.cn.355;game.cn.356;game.cn.357;game.cn.358;game.cn.359;game.cn.360;game.cn.361;game.cn.362;game.cn.363;game.cn.364>,4,30003
11024,<game.cn.365;game.cn.366;game.cn.367;game.cn.368;game.cn.369;game.cn.370;game.cn.371;game.cn.372;game.cn.373;game.cn.374;game.cn.375;game.cn.376;game.cn.377;game.cn.378;game.cn.379;game.cn.380;game.cn.381;game.cn.382;game.cn.383;game.cn.384;game.cn.385;game.cn.386;game.cn.387;game.cn.388;game.cn.389;game.cn.390;game.cn.391;game.cn.392;game.cn.393;game.cn.394;game.cn.395;game.cn.396;game.cn.397;game.cn.398;game.cn.399;game.cn.400;game.cn.401;game.cn.402;game.cn.403;game.cn.404;game.cn.405;game.cn.406;game.cn.407;game.cn.408;game.cn.409;game.cn.410;game.cn.411;game.cn.412;game.cn.413;game.cn.414;game.cn.415;game.cn.416;game.cn.417;game.cn.418;game.cn.419;game.cn.420;game.cn.421;game.cn.422;game.cn.423;game.cn.424;game.cn.425;game.cn.426;game.cn.427;game.cn.428;game.cn.429;game.cn.430;game.cn.431;game.cn.432;game.cn.433;game.cn.434;game.cn.435;game.cn.436;game.cn.437;game.cn.438;game.cn.439;game.cn.440;game.cn.441;game.cn.442;game.cn.443;game.cn.444;game.cn.445;game.cn.446;game.cn.447;game.cn.448;game.cn.449;game.cn.450;game.cn.451;game.cn.452;game.cn.453;game.cn.454;game.cn.455>,5,30003
11025,<game.cn.456;game.cn.457;game.cn.458;game.cn.459;game.cn.460;game.cn.461;game.cn.462;game.cn.463;game.cn.464;game.cn.465;game.cn.466;game.cn.467;game.cn.468;game.cn.469;game.cn.470;game.cn.471;game.cn.472;game.cn.473;game.cn.474;game.cn.475;game.cn.476;game.cn.477;game.cn.478;game.cn.479;game.cn.480;game.cn.481;game.cn.482;game.cn.483;game.cn.484;game.cn.485;game.cn.486;game.cn.487;game.cn.488;game.cn.489;game.cn.490;game.cn.491;game.cn.492;game.cn.493;game.cn.494;game.cn.495;game.cn.496;game.cn.497;game.cn.498;game.cn.499;game.cn.500;game.cn.501;game.cn.502;game.cn.503;game.cn.504;game.cn.505;game.cn.506;game.cn.507;game.cn.508;game.cn.509;game.cn.510;game.cn.511;game.cn.512;game.cn.513;game.cn.514;game.cn.515;game.cn.516;game.cn.517;game.cn.518;game.cn.519;game.cn.520;game.cn.521;game.cn.522;game.cn.523;game.cn.524;game.cn.525;game.cn.526;game.cn.527;game.cn.528;game.cn.529;game.cn.530;game.cn.531;game.cn.532;game.cn.533;game.cn.534;game.cn.535;game.cn.536;game.cn.537;game.cn.538;game.cn.539;game.cn.540;game.cn.541;game.cn.542;game.cn.543;game.cn.544;game.cn.545;game.cn.546>,6,30003
11026,<game.cn.547;game.cn.548;game.cn.549;game.cn.550;game.cn.551;game.cn.552;game.cn.553;game.cn.554;game.cn.555;game.cn.556;game.cn.557;game.cn.558;game.cn.559;game.cn.560;game.cn.561;game.cn.562;game.cn.563;game.cn.564;game.cn.565;game.cn.566;game.cn.567;game.cn.568;game.cn.569;game.cn.570;game.cn.571;game.cn.572;game.cn.573;game.cn.574;game.cn.575;game.cn.576;game.cn.577;game.cn.578;game.cn.579;game.cn.580;game.cn.581;game.cn.582;game.cn.583;game.cn.584;game.cn.585;game.cn.586;game.cn.587;game.cn.588;game.cn.589;game.cn.590;game.cn.591;game.cn.592;game.cn.593;game.cn.594;game.cn.595;game.cn.596;game.cn.597;game.cn.598;game.cn.599;game.cn.600;game.cn.601;game.cn.602;game.cn.603;game.cn.604;game.cn.605;game.cn.606;game.cn.607;game.cn.608;game.cn.609;game.cn.610;game.cn.611;game.cn.612;game.cn.613;game.cn.614;game.cn.615;game.cn.616;game.cn.617;game.cn.618;game.cn.619;game.cn.620;game.cn.621;game.cn.622;game.cn.623;game.cn.624;game.cn.625;game.cn.626;game.cn.627;game.cn.628;game.cn.629;game.cn.630;game.cn.631;game.cn.632;game.cn.633;game.cn.634;game.cn.635;game.cn.636;game.cn.637>,7,30003
11027,<game.cn.638;game.cn.639;game.cn.640;game.cn.641;game.cn.642;game.cn.643;game.cn.644;game.cn.645;game.cn.646;game.cn.647;game.cn.648;game.cn.649;game.cn.650;game.cn.651;game.cn.652;game.cn.653;game.cn.654;game.cn.655;game.cn.656;game.cn.657;game.cn.658;game.cn.659;game.cn.660;game.cn.661;game.cn.662;game.cn.663;game.cn.664;game.cn.665;game.cn.666;game.cn.667;game.cn.668;game.cn.669;game.cn.670;game.cn.671;game.cn.672;game.cn.673;game.cn.674;game.cn.675;game.cn.676;game.cn.677;game.cn.678;game.cn.679;game.cn.680;game.cn.681;game.cn.682;game.cn.683;game.cn.684;game.cn.685;game.cn.686;game.cn.687;game.cn.688;game.cn.689;game.cn.690;game.cn.691;game.cn.692;game.cn.693;game.cn.694;game.cn.695;game.cn.696;game.cn.697;game.cn.698;game.cn.699;game.cn.700;game.cn.701;game.cn.702;game.cn.703;game.cn.704;game.cn.705;game.cn.706;game.cn.707;game.cn.708;game.cn.709;game.cn.710;game.cn.711;game.cn.712;game.cn.713;game.cn.714;game.cn.715;game.cn.716;game.cn.717;game.cn.718;game.cn.719;game.cn.720;game.cn.721;game.cn.722;game.cn.723;game.cn.724;game.cn.725;game.cn.726;game.cn.727;game.cn.728;game.cn.729;game.cn.730;game.cn.731;game.cn.732;game.cn.733;game.cn.734;game.cn.735;game.cn.736;game.cn.737;game.cn.738;game.cn.739;game.cn.740;game.cn.741;game.cn.742>,8,30003
11030,<game.cn.1;game.cn.2;game.cn.3;game.cn.4;game.cn.5;gamemerge.cn.1;gamemerge.cn.2;gamemerge.cn.3;gamemerge.cn.4;gamemerge.cn.5;gamemerge.cn.6;gamemerge.cn.7;gamemerge.cn.8;gamemerge.cn.9;gamemerge.cn.10;gamemerge.cn.11;gamemerge.cn.12;gamemerge.cn.13;gamemerge.cn.14;gamemerge.cn.15;gamemerge.cn.16;gamemerge.cn.17;gamemerge.cn.18;gamemerge.cn.19;gamemerge.cn.20;game.cn.106;game.cn.107;game.cn.108;game.cn.109;game.cn.110;game.cn.111;game.cn.112;game.cn.113;game.cn.114;game.cn.115;game.cn.116;game.cn.117;game.cn.118;game.cn.119;game.cn.120;game.cn.121;game.cn.122;game.cn.123;game.cn.124;game.cn.125;game.cn.126;game.cn.127;game.cn.128;game.cn.129;game.cn.130;game.cn.131;game.cn.132;game.cn.133;game.cn.134;game.cn.135;game.cn.136;game.cn.137;game.cn.138;game.cn.139;game.cn.140;game.cn.141;game.cn.142;game.cn.143;game.cn.144;game.cn.145;game.cn.146;game.cn.147;game.cn.148;game.cn.149;game.cn.150;game.cn.151;game.cn.152;game.cn.153;game.cn.154;game.cn.155;game.cn.156;game.cn.157;game.cn.158;game.cn.159;game.cn.160;game.cn.161;game.cn.162;game.cn.163;game.cn.164;game.cn.165;game.cn.166;game.cn.167;game.cn.168;game.cn.169;game.cn.170;game.cn.171>,1,30004
11031,<game.cn.172;game.cn.173;game.cn.174;game.cn.175;game.cn.176;game.cn.177;game.cn.178;game.cn.179;game.cn.180;game.cn.181;game.cn.182;game.cn.183;game.cn.184;game.cn.185;game.cn.186;game.cn.187;game.cn.188;game.cn.189;game.cn.190;game.cn.191;game.cn.192;game.cn.193;game.cn.194;game.cn.195;game.cn.196;game.cn.197;game.cn.198;game.cn.199;game.cn.200;game.cn.201;game.cn.202;game.cn.203;game.cn.204;game.cn.205;game.cn.206;game.cn.207;game.cn.208;game.cn.209;game.cn.210;game.cn.211;game.cn.212;game.cn.213;game.cn.214;game.cn.215;game.cn.216;game.cn.217;game.cn.218;game.cn.219;game.cn.220;game.cn.221;game.cn.222;game.cn.223;game.cn.224;game.cn.225;game.cn.226;game.cn.227;game.cn.228;game.cn.229;game.cn.230;game.cn.231;game.cn.232;game.cn.233;game.cn.234;game.cn.235;game.cn.236;game.cn.237;game.cn.238;game.cn.239;game.cn.240;game.cn.241;game.cn.242;game.cn.243;game.cn.244;game.cn.245;game.cn.246;game.cn.247;game.cn.248;game.cn.249;game.cn.250;game.cn.251;game.cn.252;game.cn.253;game.cn.254;game.cn.255;game.cn.256;game.cn.257;game.cn.258;game.cn.259;game.cn.260;game.cn.261;game.cn.262>,2,30004
11032,<game.cn.263;game.cn.264;game.cn.265;game.cn.266;game.cn.267;game.cn.268;game.cn.269;game.cn.270;game.cn.271;game.cn.272;game.cn.273;game.cn.274;game.cn.275;game.cn.276;game.cn.277;game.cn.278;game.cn.279;game.cn.280;game.cn.281;game.cn.282;game.cn.283;game.cn.284;game.cn.285;game.cn.286;game.cn.287;game.cn.288;game.cn.289;game.cn.290;game.cn.291;game.cn.292;game.cn.293;game.cn.294;game.cn.295;game.cn.296;game.cn.297;game.cn.298;game.cn.299;game.cn.300;game.cn.301;game.cn.302;game.cn.303;game.cn.304;game.cn.305;game.cn.306;game.cn.307;game.cn.308;game.cn.309;game.cn.310;game.cn.311;game.cn.312;game.cn.313;game.cn.314;game.cn.315;game.cn.316;game.cn.317;game.cn.318;game.cn.319;game.cn.320;game.cn.321;game.cn.322;game.cn.323;game.cn.324;game.cn.325;game.cn.326;game.cn.327;game.cn.328;game.cn.329;game.cn.330;game.cn.331;game.cn.332;game.cn.333;game.cn.334;game.cn.335;game.cn.336;game.cn.337;game.cn.338;game.cn.339;game.cn.340;game.cn.341;game.cn.342;game.cn.343;game.cn.344;game.cn.345;game.cn.346;game.cn.347;game.cn.348;game.cn.349;game.cn.350;game.cn.351;game.cn.352;game.cn.353>,3,30004
11033,<game.cn.354;game.cn.355;game.cn.356;game.cn.357;game.cn.358;game.cn.359;game.cn.360;game.cn.361;game.cn.362;game.cn.363;game.cn.364;game.cn.365;game.cn.366;game.cn.367;game.cn.368;game.cn.369;game.cn.370;game.cn.371;game.cn.372;game.cn.373;game.cn.374;game.cn.375;game.cn.376;game.cn.377;game.cn.378;game.cn.379;game.cn.380;game.cn.381;game.cn.382;game.cn.383;game.cn.384;game.cn.385;game.cn.386;game.cn.387;game.cn.388;game.cn.389;game.cn.390;game.cn.391;game.cn.392;game.cn.393;game.cn.394;game.cn.395;game.cn.396;game.cn.397;game.cn.398;game.cn.399;game.cn.400;game.cn.401;game.cn.402;game.cn.403;game.cn.404;game.cn.405;game.cn.406;game.cn.407;game.cn.408;game.cn.409;game.cn.410;game.cn.411;game.cn.412;game.cn.413;game.cn.414;game.cn.415;game.cn.416;game.cn.417;game.cn.418;game.cn.419;game.cn.420;game.cn.421;game.cn.422;game.cn.423;game.cn.424;game.cn.425;game.cn.426;game.cn.427;game.cn.428;game.cn.429;game.cn.430;game.cn.431;game.cn.432;game.cn.433;game.cn.434;game.cn.435;game.cn.436;game.cn.437;game.cn.438;game.cn.439;game.cn.440;game.cn.441;game.cn.442;game.cn.443;game.cn.444>,4,30004
11034,<game.cn.445;game.cn.446;game.cn.447;game.cn.448;game.cn.449;game.cn.450;game.cn.451;game.cn.452;game.cn.453;game.cn.454;game.cn.455;game.cn.456;game.cn.457;game.cn.458;game.cn.459;game.cn.460;game.cn.461;game.cn.462;game.cn.463;game.cn.464;game.cn.465;game.cn.466;game.cn.467;game.cn.468;game.cn.469;game.cn.470;game.cn.471;game.cn.472;game.cn.473;game.cn.474;game.cn.475;game.cn.476;game.cn.477;game.cn.478;game.cn.479;game.cn.480;game.cn.481;game.cn.482;game.cn.483;game.cn.484;game.cn.485;game.cn.486;game.cn.487;game.cn.488;game.cn.489;game.cn.490;game.cn.491;game.cn.492;game.cn.493;game.cn.494;game.cn.495;game.cn.496;game.cn.497;game.cn.498;game.cn.499;game.cn.500;game.cn.501;game.cn.502;game.cn.503;game.cn.504;game.cn.505;game.cn.506;game.cn.507;game.cn.508;game.cn.509;game.cn.510;game.cn.511;game.cn.512;game.cn.513;game.cn.514;game.cn.515;game.cn.516;game.cn.517;game.cn.518;game.cn.519;game.cn.520;game.cn.521;game.cn.522;game.cn.523;game.cn.524;game.cn.525;game.cn.526;game.cn.527;game.cn.528;game.cn.529;game.cn.530;game.cn.531;game.cn.532;game.cn.533;game.cn.534;game.cn.535>,5,30004
11035,<game.cn.536;game.cn.537;game.cn.538;game.cn.539;game.cn.540;game.cn.541;game.cn.542;game.cn.543;game.cn.544;game.cn.545;game.cn.546;game.cn.547;game.cn.548;game.cn.549;game.cn.550;game.cn.551;game.cn.552;game.cn.553;game.cn.554;game.cn.555;game.cn.556;game.cn.557;game.cn.558;game.cn.559;game.cn.560;game.cn.561;game.cn.562;game.cn.563;game.cn.564;game.cn.565;game.cn.566;game.cn.567;game.cn.568;game.cn.569;game.cn.570;game.cn.571;game.cn.572;game.cn.573;game.cn.574;game.cn.575;game.cn.576;game.cn.577;game.cn.578;game.cn.579;game.cn.580;game.cn.581;game.cn.582;game.cn.583;game.cn.584;game.cn.585;game.cn.586;game.cn.587;game.cn.588;game.cn.589;game.cn.590;game.cn.591;game.cn.592;game.cn.593;game.cn.594;game.cn.595;game.cn.596;game.cn.597;game.cn.598;game.cn.599;game.cn.600;game.cn.601;game.cn.602;game.cn.603;game.cn.604;game.cn.605;game.cn.606;game.cn.607;game.cn.608;game.cn.609;game.cn.610;game.cn.611;game.cn.612;game.cn.613;game.cn.614;game.cn.615;game.cn.616;game.cn.617;game.cn.618;game.cn.619;game.cn.620;game.cn.621;game.cn.622;game.cn.623;game.cn.624;game.cn.625;game.cn.626>,6,30004
11036,<game.cn.627;game.cn.628;game.cn.629;game.cn.630;game.cn.631;game.cn.632;game.cn.633;game.cn.634;game.cn.635;game.cn.636;game.cn.637;game.cn.638;game.cn.639;game.cn.640;game.cn.641;game.cn.642;game.cn.643;game.cn.644;game.cn.645;game.cn.646;game.cn.647;game.cn.648;game.cn.649;game.cn.650;game.cn.651;game.cn.652;game.cn.653;game.cn.654;game.cn.655;game.cn.656;game.cn.657;game.cn.658;game.cn.659;game.cn.660;game.cn.661;game.cn.662;game.cn.663;game.cn.664;game.cn.665;game.cn.666;game.cn.667;game.cn.668;game.cn.669;game.cn.670;game.cn.671;game.cn.672;game.cn.673;game.cn.674;game.cn.675;game.cn.676;game.cn.677;game.cn.678;game.cn.679;game.cn.680;game.cn.681;game.cn.682;game.cn.683;game.cn.684;game.cn.685;game.cn.686;game.cn.687;game.cn.688;game.cn.689;game.cn.690;game.cn.691;game.cn.692;game.cn.693;game.cn.694;game.cn.695;game.cn.696;game.cn.697;game.cn.698;game.cn.699;game.cn.700;game.cn.701;game.cn.702;game.cn.703;game.cn.704;game.cn.705;game.cn.706;game.cn.707;game.cn.708;game.cn.709;game.cn.710;game.cn.711;game.cn.712;game.cn.713;game.cn.714;game.cn.715;game.cn.716;game.cn.717>,7,30004
11037,<game.cn.718;game.cn.719;game.cn.720;game.cn.721;game.cn.722;game.cn.723;game.cn.724;game.cn.725;game.cn.726;game.cn.727;game.cn.728;game.cn.729;game.cn.730;game.cn.731;game.cn.732;game.cn.733;game.cn.734;game.cn.735;game.cn.736;game.cn.737;game.cn.738;game.cn.739;game.cn.740;game.cn.741;game.cn.742;game.cn.743;game.cn.744;game.cn.745;game.cn.746;game.cn.747;game.cn.748;game.cn.749;game.cn.750;game.cn.751;game.cn.752;game.cn.753;game.cn.754;game.cn.755;game.cn.756;game.cn.757;game.cn.758;game.cn.759;game.cn.760;game.cn.761;game.cn.762;game.cn.763;game.cn.764;game.cn.765;game.cn.766;game.cn.767;game.cn.768;game.cn.769;game.cn.770;game.cn.771;game.cn.772;game.cn.773;game.cn.774>,8,30004
11060,<game.cn.1;game.cn.2;game.cn.3;game.cn.4;game.cn.5;gamemerge.cn.1;gamemerge.cn.2;gamemerge.cn.3;gamemerge.cn.4;gamemerge.cn.5;gamemerge.cn.6;gamemerge.cn.7;gamemerge.cn.8;gamemerge.cn.9;gamemerge.cn.10;gamemerge.cn.11;gamemerge.cn.12;gamemerge.cn.13;gamemerge.cn.14;gamemerge.cn.15;gamemerge.cn.16;gamemerge.cn.17;gamemerge.cn.18;gamemerge.cn.19;gamemerge.cn.20;game.cn.106;game.cn.107;game.cn.108;game.cn.109;game.cn.110;game.cn.111;game.cn.112;game.cn.113;game.cn.114;game.cn.115;game.cn.116;game.cn.117;game.cn.118;game.cn.119;game.cn.120;game.cn.121;game.cn.122;game.cn.123;game.cn.124;game.cn.125;game.cn.126;game.cn.127;game.cn.128;game.cn.129;game.cn.130;game.cn.131;game.cn.132;game.cn.133;game.cn.134;game.cn.135;game.cn.136;game.cn.137;game.cn.138;game.cn.139;game.cn.140;game.cn.141;game.cn.142;game.cn.143;game.cn.144;game.cn.145;game.cn.146;game.cn.147;game.cn.148;game.cn.149;game.cn.150;game.cn.151;game.cn.152;game.cn.153;game.cn.154;game.cn.155;game.cn.156;game.cn.157;game.cn.158;game.cn.159;game.cn.160;game.cn.161;game.cn.162;game.cn.163;game.cn.164;game.cn.165;game.cn.166;game.cn.167;game.cn.168;game.cn.169;game.cn.170;game.cn.171;game.cn.172;game.cn.173;game.cn.174;game.cn.175;game.cn.176;game.cn.177;game.cn.178;game.cn.179>,1,30007
11061,<game.cn.180;game.cn.181;game.cn.182;game.cn.183;game.cn.184;game.cn.185;game.cn.186;game.cn.187;game.cn.188;game.cn.189;game.cn.190;game.cn.191;game.cn.192;game.cn.193;game.cn.194;game.cn.195;game.cn.196;game.cn.197;game.cn.198;game.cn.199;game.cn.200;game.cn.201;game.cn.202;game.cn.203;game.cn.204;game.cn.205;game.cn.206;game.cn.207;game.cn.208;game.cn.209;game.cn.210;game.cn.211;game.cn.212;game.cn.213;game.cn.214;game.cn.215;game.cn.216;game.cn.217;game.cn.218;game.cn.219;game.cn.220;game.cn.221;game.cn.222;game.cn.223;game.cn.224;game.cn.225;game.cn.226;game.cn.227;game.cn.228;game.cn.229;game.cn.230;game.cn.231;game.cn.232;game.cn.233;game.cn.234;game.cn.235;game.cn.236;game.cn.237;game.cn.238;game.cn.239;game.cn.240;game.cn.241;game.cn.242;game.cn.243;game.cn.244;game.cn.245;game.cn.246;game.cn.247;game.cn.248;game.cn.249;game.cn.250;game.cn.251;game.cn.252;game.cn.253;game.cn.254;game.cn.255;game.cn.256;game.cn.257;game.cn.258;game.cn.259;game.cn.260;game.cn.261;game.cn.262;game.cn.263;game.cn.264;game.cn.265;game.cn.266;game.cn.267;game.cn.268;game.cn.269;game.cn.270;game.cn.271;game.cn.272;game.cn.273;game.cn.274;game.cn.275;game.cn.276;game.cn.277;game.cn.278>,2,30007
11062,<game.cn.279;game.cn.280;game.cn.281;game.cn.282;game.cn.283;game.cn.284;game.cn.285;game.cn.286;game.cn.287;game.cn.288;game.cn.289;game.cn.290;game.cn.291;game.cn.292;game.cn.293;game.cn.294;game.cn.295;game.cn.296;game.cn.297;game.cn.298;game.cn.299;game.cn.300;game.cn.301;game.cn.302;game.cn.303;game.cn.304;game.cn.305;game.cn.306;game.cn.307;game.cn.308;game.cn.309;game.cn.310;game.cn.311;game.cn.312;game.cn.313;game.cn.314;game.cn.315;game.cn.316;game.cn.317;game.cn.318;game.cn.319;game.cn.320;game.cn.321;game.cn.322;game.cn.323;game.cn.324;game.cn.325;game.cn.326;game.cn.327;game.cn.328;game.cn.329;game.cn.330;game.cn.331;game.cn.332;game.cn.333;game.cn.334;game.cn.335;game.cn.336;game.cn.337;game.cn.338;game.cn.339;game.cn.340;game.cn.341;game.cn.342;game.cn.343;game.cn.344;game.cn.345;game.cn.346;game.cn.347;game.cn.348;game.cn.349;game.cn.350;game.cn.351;game.cn.352;game.cn.353;game.cn.354;game.cn.355;game.cn.356;game.cn.357;game.cn.358;game.cn.359;game.cn.360;game.cn.361;game.cn.362;game.cn.363;game.cn.364;game.cn.365;game.cn.366;game.cn.367;game.cn.368;game.cn.369;game.cn.370;game.cn.371;game.cn.372;game.cn.373;game.cn.374;game.cn.375;game.cn.376;game.cn.377>,3,30007
11063,<game.cn.378;game.cn.379;game.cn.380;game.cn.381;game.cn.382;game.cn.383;game.cn.384;game.cn.385;game.cn.386;game.cn.387;game.cn.388;game.cn.389;game.cn.390;game.cn.391;game.cn.392;game.cn.393;game.cn.394;game.cn.395;game.cn.396;game.cn.397;game.cn.398;game.cn.399;game.cn.400;game.cn.401;game.cn.402;game.cn.403;game.cn.404;game.cn.405;game.cn.406;game.cn.407;game.cn.408;game.cn.409;game.cn.410;game.cn.411;game.cn.412;game.cn.413;game.cn.414;game.cn.415;game.cn.416;game.cn.417;game.cn.418;game.cn.419;game.cn.420;game.cn.421;game.cn.422;game.cn.423;game.cn.424;game.cn.425;game.cn.426;game.cn.427;game.cn.428;game.cn.429;game.cn.430;game.cn.431;game.cn.432;game.cn.433;game.cn.434;game.cn.435;game.cn.436;game.cn.437;game.cn.438;game.cn.439;game.cn.440;game.cn.441;game.cn.442;game.cn.443;game.cn.444;game.cn.445;game.cn.446;game.cn.447;game.cn.448;game.cn.449;game.cn.450;game.cn.451;game.cn.452;game.cn.453;game.cn.454;game.cn.455;game.cn.456;game.cn.457;game.cn.458;game.cn.459;game.cn.460;game.cn.461;game.cn.462;game.cn.463;game.cn.464;game.cn.465;game.cn.466;game.cn.467;game.cn.468;game.cn.469;game.cn.470;game.cn.471;game.cn.472;game.cn.473;game.cn.474;game.cn.475;game.cn.476>,4,30007
11064,<game.cn.477;game.cn.478;game.cn.479;game.cn.480;game.cn.481;game.cn.482;game.cn.483;game.cn.484;game.cn.485;game.cn.486;game.cn.487;game.cn.488;game.cn.489;game.cn.490;game.cn.491;game.cn.492;game.cn.493;game.cn.494;game.cn.495;game.cn.496;game.cn.497;game.cn.498;game.cn.499;game.cn.500;game.cn.501;game.cn.502;game.cn.503;game.cn.504;game.cn.505;game.cn.506;game.cn.507;game.cn.508;game.cn.509;game.cn.510;game.cn.511;game.cn.512;game.cn.513;game.cn.514;game.cn.515;game.cn.516;game.cn.517;game.cn.518;game.cn.519;game.cn.520;game.cn.521;game.cn.522;game.cn.523;game.cn.524;game.cn.525;game.cn.526;game.cn.527;game.cn.528;game.cn.529;game.cn.530;game.cn.531;game.cn.532;game.cn.533;game.cn.534;game.cn.535;game.cn.536;game.cn.537;game.cn.538;game.cn.539;game.cn.540;game.cn.541;game.cn.542;game.cn.543;game.cn.544;game.cn.545;game.cn.546;game.cn.547;game.cn.548;game.cn.549;game.cn.550;game.cn.551;game.cn.552;game.cn.553;game.cn.554;game.cn.555;game.cn.556;game.cn.557;game.cn.558;game.cn.559;game.cn.560;game.cn.561;game.cn.562;game.cn.563;game.cn.564;game.cn.565;game.cn.566;game.cn.567;game.cn.568;game.cn.569;game.cn.570;game.cn.571;game.cn.572;game.cn.573;game.cn.574;game.cn.575>,5,30007
11065,<game.cn.576;game.cn.577;game.cn.578;game.cn.579;game.cn.580;game.cn.581;game.cn.582;game.cn.583;game.cn.584;game.cn.585;game.cn.586;game.cn.587;game.cn.588;game.cn.589;game.cn.590;game.cn.591;game.cn.592;game.cn.593;game.cn.594;game.cn.595;game.cn.596;game.cn.597;game.cn.598;game.cn.599;game.cn.600;game.cn.601;game.cn.602;game.cn.603;game.cn.604;game.cn.605;game.cn.606;game.cn.607;game.cn.608;game.cn.609;game.cn.610;game.cn.611;game.cn.612;game.cn.613;game.cn.614;game.cn.615;game.cn.616;game.cn.617;game.cn.618;game.cn.619;game.cn.620;game.cn.621;game.cn.622;game.cn.623;game.cn.624;game.cn.625;game.cn.626;game.cn.627;game.cn.628;game.cn.629;game.cn.630;game.cn.631;game.cn.632;game.cn.633;game.cn.634;game.cn.635;game.cn.636;game.cn.637;game.cn.638;game.cn.639;game.cn.640;game.cn.641;game.cn.642;game.cn.643;game.cn.644;game.cn.645;game.cn.646;game.cn.647;game.cn.648;game.cn.649;game.cn.650;game.cn.651;game.cn.652;game.cn.653;game.cn.654;game.cn.655;game.cn.656;game.cn.657;game.cn.658;game.cn.659;game.cn.660;game.cn.661;game.cn.662;game.cn.663;game.cn.664;game.cn.665;game.cn.666;game.cn.667;game.cn.668;game.cn.669;game.cn.670;game.cn.671;game.cn.672;game.cn.673;game.cn.674>,6,30007
11066,<game.cn.675;game.cn.676;game.cn.677;game.cn.678;game.cn.679;game.cn.680;game.cn.681;game.cn.682;game.cn.683;game.cn.684;game.cn.685;game.cn.686;game.cn.687;game.cn.688;game.cn.689;game.cn.690;game.cn.691;game.cn.692;game.cn.693;game.cn.694;game.cn.695;game.cn.696;game.cn.697;game.cn.698;game.cn.699;game.cn.700;game.cn.701;game.cn.702;game.cn.703;game.cn.704;game.cn.705;game.cn.706;game.cn.707;game.cn.708;game.cn.709;game.cn.710;game.cn.711;game.cn.712;game.cn.713;game.cn.714;game.cn.715;game.cn.716;game.cn.717;game.cn.718;game.cn.719;game.cn.720;game.cn.721;game.cn.722;game.cn.723;game.cn.724;game.cn.725;game.cn.726;game.cn.727;game.cn.728;game.cn.729;game.cn.730;game.cn.731;game.cn.732;game.cn.733;game.cn.734;game.cn.735;game.cn.736;game.cn.737;game.cn.738;game.cn.739;game.cn.740;game.cn.741;game.cn.742;game.cn.743;game.cn.744;game.cn.745;game.cn.746;game.cn.747;game.cn.748;game.cn.749;game.cn.750;game.cn.751;game.cn.752;game.cn.753;game.cn.754;game.cn.755;game.cn.756;game.cn.757;game.cn.758;game.cn.759;game.cn.760;game.cn.761;game.cn.762;game.cn.763;game.cn.764;game.cn.765;game.cn.766;game.cn.767;game.cn.768;game.cn.769;game.cn.770;game.cn.771;game.cn.772;game.cn.773>,7,30007
11067,<game.cn.774;game.cn.775;game.cn.776;game.cn.777;game.cn.778;game.cn.779;game.cn.780;game.cn.781;game.cn.782;game.cn.783;game.cn.784;game.cn.785;game.cn.786;game.cn.787;game.cn.788;game.cn.789;game.cn.790;game.cn.791;game.cn.792;game.cn.793;game.cn.794;game.cn.795;game.cn.796;game.cn.797;game.cn.798;game.cn.799;game.cn.800;game.cn.801;game.cn.802;game.cn.803;game.cn.804;game.cn.805;game.cn.806;game.cn.807;game.cn.808;game.cn.809;game.cn.810;game.cn.811;game.cn.812;game.cn.813;game.cn.814;game.cn.815;game.cn.816;game.cn.817;game.cn.818;game.cn.819;game.cn.820;game.cn.821;game.cn.822;game.cn.823;game.cn.824;game.cn.825;game.cn.826;game.cn.827;game.cn.828;game.cn.829;game.cn.830;game.cn.831;game.cn.832;game.cn.833;game.cn.834;game.cn.835;game.cn.836;game.cn.837;game.cn.838;game.cn.839;game.cn.840;game.cn.841;game.cn.842;game.cn.843;game.cn.844;game.cn.845;game.cn.846;game.cn.847;game.cn.848;game.cn.849;game.cn.850;game.cn.851;game.cn.852;game.cn.853;game.cn.854;game.cn.855;game.cn.856;game.cn.857;game.cn.858;game.cn.859;game.cn.860;game.cn.861;game.cn.862;game.cn.863;game.cn.864;game.cn.865;game.cn.866;game.cn.867;game.cn.868;game.cn.869;game.cn.870;game.cn.871;game.cn.872;game.cn.873;game.cn.874;game.cn.875;game.cn.876;game.cn.877;game.cn.878;game.cn.879;game.cn.880;game.cn.881;game.cn.882;game.cn.883;game.cn.884;game.cn.885;game.cn.886;game.cn.887;game.cn.888;game.cn.889;game.cn.890;game.cn.891;game.cn.892;game.cn.893;game.cn.894;game.cn.895;game.cn.896;game.cn.897;game.cn.898;game.cn.899;game.cn.900;game.cn.901;game.cn.902;game.cn.903;game.cn.904;game.cn.905;game.cn.906>,8,30007
11070,<game.cn.1;game.cn.2;game.cn.3;game.cn.4;game.cn.5;gamemerge.cn.1;gamemerge.cn.2;gamemerge.cn.3;gamemerge.cn.4;gamemerge.cn.5;gamemerge.cn.6;gamemerge.cn.7;gamemerge.cn.8;gamemerge.cn.9;gamemerge.cn.10;gamemerge.cn.11;gamemerge.cn.12;gamemerge.cn.13;gamemerge.cn.14;gamemerge.cn.15;gamemerge.cn.16;gamemerge.cn.17;gamemerge.cn.18;gamemerge.cn.19;gamemerge.cn.20;game.cn.106;game.cn.107;game.cn.108;game.cn.109;game.cn.110;game.cn.111;game.cn.112;game.cn.113;game.cn.114;game.cn.115;game.cn.116;game.cn.117;game.cn.118;game.cn.119;game.cn.120;game.cn.121;game.cn.122;game.cn.123;game.cn.124;game.cn.125;game.cn.126;game.cn.127;game.cn.128;game.cn.129;game.cn.130;game.cn.131;game.cn.132;game.cn.133;game.cn.134;game.cn.135;game.cn.136;game.cn.137;game.cn.138;game.cn.139;game.cn.140;game.cn.141;game.cn.142;game.cn.143;game.cn.144;game.cn.145;game.cn.146;game.cn.147;game.cn.148;game.cn.149;game.cn.150;game.cn.151;game.cn.152;game.cn.153;game.cn.154;game.cn.155;game.cn.156;game.cn.157;game.cn.158;game.cn.159;game.cn.160;game.cn.161;game.cn.162;game.cn.163;game.cn.164;game.cn.165;game.cn.166;game.cn.167;game.cn.168;game.cn.169;game.cn.170;game.cn.171;game.cn.172;game.cn.173;game.cn.174;game.cn.175;game.cn.176;game.cn.177;game.cn.178;game.cn.179>,1,30008
11071,<game.cn.180;game.cn.181;game.cn.182;game.cn.183;game.cn.184;game.cn.185;game.cn.186;game.cn.187;game.cn.188;game.cn.189;game.cn.190;game.cn.191;game.cn.192;game.cn.193;game.cn.194;game.cn.195;game.cn.196;game.cn.197;game.cn.198;game.cn.199;game.cn.200;game.cn.201;game.cn.202;game.cn.203;game.cn.204;game.cn.205;game.cn.206;game.cn.207;game.cn.208;game.cn.209;game.cn.210;game.cn.211;game.cn.212;game.cn.213;game.cn.214;game.cn.215;game.cn.216;game.cn.217;game.cn.218;game.cn.219;game.cn.220;game.cn.221;game.cn.222;game.cn.223;game.cn.224;game.cn.225;game.cn.226;game.cn.227;game.cn.228;game.cn.229;game.cn.230;game.cn.231;game.cn.232;game.cn.233;game.cn.234;game.cn.235;game.cn.236;game.cn.237;game.cn.238;game.cn.239;game.cn.240;game.cn.241;game.cn.242;game.cn.243;game.cn.244;game.cn.245;game.cn.246;game.cn.247;game.cn.248;game.cn.249;game.cn.250;game.cn.251;game.cn.252;game.cn.253;game.cn.254;game.cn.255;game.cn.256;game.cn.257;game.cn.258;game.cn.259;game.cn.260;game.cn.261;game.cn.262;game.cn.263;game.cn.264;game.cn.265;game.cn.266;game.cn.267;game.cn.268;game.cn.269;game.cn.270;game.cn.271;game.cn.272;game.cn.273;game.cn.274;game.cn.275;game.cn.276;game.cn.277;game.cn.278>,2,30008
11072,<game.cn.279;game.cn.280;game.cn.281;game.cn.282;game.cn.283;game.cn.284;game.cn.285;game.cn.286;game.cn.287;game.cn.288;game.cn.289;game.cn.290;game.cn.291;game.cn.292;game.cn.293;game.cn.294;game.cn.295;game.cn.296;game.cn.297;game.cn.298;game.cn.299;game.cn.300;game.cn.301;game.cn.302;game.cn.303;game.cn.304;game.cn.305;game.cn.306;game.cn.307;game.cn.308;game.cn.309;game.cn.310;game.cn.311;game.cn.312;game.cn.313;game.cn.314;game.cn.315;game.cn.316;game.cn.317;game.cn.318;game.cn.319;game.cn.320;game.cn.321;game.cn.322;game.cn.323;game.cn.324;game.cn.325;game.cn.326;game.cn.327;game.cn.328;game.cn.329;game.cn.330;game.cn.331;game.cn.332;game.cn.333;game.cn.334;game.cn.335;game.cn.336;game.cn.337;game.cn.338;game.cn.339;game.cn.340;game.cn.341;game.cn.342;game.cn.343;game.cn.344;game.cn.345;game.cn.346;game.cn.347;game.cn.348;game.cn.349;game.cn.350;game.cn.351;game.cn.352;game.cn.353;game.cn.354;game.cn.355;game.cn.356;game.cn.357;game.cn.358;game.cn.359;game.cn.360;game.cn.361;game.cn.362;game.cn.363;game.cn.364;game.cn.365;game.cn.366;game.cn.367;game.cn.368;game.cn.369;game.cn.370;game.cn.371;game.cn.372;game.cn.373;game.cn.374;game.cn.375;game.cn.376;game.cn.377>,3,30008
11073,<game.cn.378;game.cn.379;game.cn.380;game.cn.381;game.cn.382;game.cn.383;game.cn.384;game.cn.385;game.cn.386;game.cn.387;game.cn.388;game.cn.389;game.cn.390;game.cn.391;game.cn.392;game.cn.393;game.cn.394;game.cn.395;game.cn.396;game.cn.397;game.cn.398;game.cn.399;game.cn.400;game.cn.401;game.cn.402;game.cn.403;game.cn.404;game.cn.405;game.cn.406;game.cn.407;game.cn.408;game.cn.409;game.cn.410;game.cn.411;game.cn.412;game.cn.413;game.cn.414;game.cn.415;game.cn.416;game.cn.417;game.cn.418;game.cn.419;game.cn.420;game.cn.421;game.cn.422;game.cn.423;game.cn.424;game.cn.425;game.cn.426;game.cn.427;game.cn.428;game.cn.429;game.cn.430;game.cn.431;game.cn.432;game.cn.433;game.cn.434;game.cn.435;game.cn.436;game.cn.437;game.cn.438;game.cn.439;game.cn.440;game.cn.441;game.cn.442;game.cn.443;game.cn.444;game.cn.445;game.cn.446;game.cn.447;game.cn.448;game.cn.449;game.cn.450;game.cn.451;game.cn.452;game.cn.453;game.cn.454;game.cn.455;game.cn.456;game.cn.457;game.cn.458;game.cn.459;game.cn.460;game.cn.461;game.cn.462;game.cn.463;game.cn.464;game.cn.465;game.cn.466;game.cn.467;game.cn.468;game.cn.469;game.cn.470;game.cn.471;game.cn.472;game.cn.473;game.cn.474;game.cn.475;game.cn.476>,4,30008
11074,<game.cn.477;game.cn.478;game.cn.479;game.cn.480;game.cn.481;game.cn.482;game.cn.483;game.cn.484;game.cn.485;game.cn.486;game.cn.487;game.cn.488;game.cn.489;game.cn.490;game.cn.491;game.cn.492;game.cn.493;game.cn.494;game.cn.495;game.cn.496;game.cn.497;game.cn.498;game.cn.499;game.cn.500;game.cn.501;game.cn.502;game.cn.503;game.cn.504;game.cn.505;game.cn.506;game.cn.507;game.cn.508;game.cn.509;game.cn.510;game.cn.511;game.cn.512;game.cn.513;game.cn.514;game.cn.515;game.cn.516;game.cn.517;game.cn.518;game.cn.519;game.cn.520;game.cn.521;game.cn.522;game.cn.523;game.cn.524;game.cn.525;game.cn.526;game.cn.527;game.cn.528;game.cn.529;game.cn.530;game.cn.531;game.cn.532;game.cn.533;game.cn.534;game.cn.535;game.cn.536;game.cn.537;game.cn.538;game.cn.539;game.cn.540;game.cn.541;game.cn.542;game.cn.543;game.cn.544;game.cn.545;game.cn.546;game.cn.547;game.cn.548;game.cn.549;game.cn.550;game.cn.551;game.cn.552;game.cn.553;game.cn.554;game.cn.555;game.cn.556;game.cn.557;game.cn.558;game.cn.559;game.cn.560;game.cn.561;game.cn.562;game.cn.563;game.cn.564;game.cn.565;game.cn.566;game.cn.567;game.cn.568;game.cn.569;game.cn.570;game.cn.571;game.cn.572;game.cn.573;game.cn.574;game.cn.575>,5,30008
11075,<game.cn.576;game.cn.577;game.cn.578;game.cn.579;game.cn.580;game.cn.581;game.cn.582;game.cn.583;game.cn.584;game.cn.585;game.cn.586;game.cn.587;game.cn.588;game.cn.589;game.cn.590;game.cn.591;game.cn.592;game.cn.593;game.cn.594;game.cn.595;game.cn.596;game.cn.597;game.cn.598;game.cn.599;game.cn.600;game.cn.601;game.cn.602;game.cn.603;game.cn.604;game.cn.605;game.cn.606;game.cn.607;game.cn.608;game.cn.609;game.cn.610;game.cn.611;game.cn.612;game.cn.613;game.cn.614;game.cn.615;game.cn.616;game.cn.617;game.cn.618;game.cn.619;game.cn.620;game.cn.621;game.cn.622;game.cn.623;game.cn.624;game.cn.625;game.cn.626;game.cn.627;game.cn.628;game.cn.629;game.cn.630;game.cn.631;game.cn.632;game.cn.633;game.cn.634;game.cn.635;game.cn.636;game.cn.637;game.cn.638;game.cn.639;game.cn.640;game.cn.641;game.cn.642;game.cn.643;game.cn.644;game.cn.645;game.cn.646;game.cn.647;game.cn.648;game.cn.649;game.cn.650;game.cn.651;game.cn.652;game.cn.653;game.cn.654;game.cn.655;game.cn.656;game.cn.657;game.cn.658;game.cn.659;game.cn.660;game.cn.661;game.cn.662;game.cn.663;game.cn.664;game.cn.665;game.cn.666;game.cn.667;game.cn.668;game.cn.669;game.cn.670;game.cn.671;game.cn.672;game.cn.673;game.cn.674>,6,30008
11076,<game.cn.675;game.cn.676;game.cn.677;game.cn.678;game.cn.679;game.cn.680;game.cn.681;game.cn.682;game.cn.683;game.cn.684;game.cn.685;game.cn.686;game.cn.687;game.cn.688;game.cn.689;game.cn.690;game.cn.691;game.cn.692;game.cn.693;game.cn.694;game.cn.695;game.cn.696;game.cn.697;game.cn.698;game.cn.699;game.cn.700;game.cn.701;game.cn.702;game.cn.703;game.cn.704;game.cn.705;game.cn.706;game.cn.707;game.cn.708;game.cn.709;game.cn.710;game.cn.711;game.cn.712;game.cn.713;game.cn.714;game.cn.715;game.cn.716;game.cn.717;game.cn.718;game.cn.719;game.cn.720;game.cn.721;game.cn.722;game.cn.723;game.cn.724;game.cn.725;game.cn.726;game.cn.727;game.cn.728;game.cn.729;game.cn.730;game.cn.731;game.cn.732;game.cn.733;game.cn.734;game.cn.735;game.cn.736;game.cn.737;game.cn.738;game.cn.739;game.cn.740;game.cn.741;game.cn.742;game.cn.743;game.cn.744;game.cn.745;game.cn.746;game.cn.747;game.cn.748;game.cn.749;game.cn.750;game.cn.751;game.cn.752;game.cn.753;game.cn.754;game.cn.755;game.cn.756;game.cn.757;game.cn.758;game.cn.759;game.cn.760;game.cn.761;game.cn.762;game.cn.763;game.cn.764;game.cn.765;game.cn.766;game.cn.767;game.cn.768;game.cn.769;game.cn.770;game.cn.771;game.cn.772;game.cn.773>,7,30008
11077,<game.cn.774;game.cn.775;game.cn.776;game.cn.777;game.cn.778;game.cn.779;game.cn.780;game.cn.781;game.cn.782;game.cn.783;game.cn.784;game.cn.785;game.cn.786;game.cn.787;game.cn.788;game.cn.789;game.cn.790;game.cn.791;game.cn.792;game.cn.793;game.cn.794;game.cn.795;game.cn.796;game.cn.797;game.cn.798;game.cn.799;game.cn.800;game.cn.801;game.cn.802;game.cn.803;game.cn.804;game.cn.805;game.cn.806;game.cn.807;game.cn.808;game.cn.809;game.cn.810;game.cn.811;game.cn.812;game.cn.813;game.cn.814;game.cn.815;game.cn.816;game.cn.817;game.cn.818;game.cn.819;game.cn.820;game.cn.821;game.cn.822;game.cn.823;game.cn.824;game.cn.825;game.cn.826;game.cn.827;game.cn.828;game.cn.829;game.cn.830;game.cn.831;game.cn.832;game.cn.833;game.cn.834;game.cn.835;game.cn.836;game.cn.837;game.cn.838;game.cn.839;game.cn.840;game.cn.841;game.cn.842;game.cn.843;game.cn.844;game.cn.845;game.cn.846;game.cn.847;game.cn.848;game.cn.849;game.cn.850;game.cn.851;game.cn.852;game.cn.853;game.cn.854;game.cn.855;game.cn.856;game.cn.857;game.cn.858;game.cn.859;game.cn.860;game.cn.861;game.cn.862;game.cn.863;game.cn.864;game.cn.865;game.cn.866;game.cn.867;game.cn.868;game.cn.869;game.cn.870;game.cn.871;game.cn.872;game.cn.873;game.cn.874;game.cn.875;game.cn.876;game.cn.877;game.cn.878;game.cn.879;game.cn.880;game.cn.881;game.cn.882;game.cn.883;game.cn.884;game.cn.885;game.cn.886;game.cn.887;game.cn.888;game.cn.889;game.cn.890;game.cn.891;game.cn.892;game.cn.893;game.cn.894;game.cn.895;game.cn.896;game.cn.897;game.cn.898;game.cn.899;game.cn.900;game.cn.901;game.cn.902;game.cn.903;game.cn.904;game.cn.905;game.cn.906;game.cn.907;game.cn.908;game.cn.909;game.cn.910;game.cn.911;game.cn.912;game.cn.913;game.cn.914;game.cn.915;game.cn.916;game.cn.917;game.cn.918;game.cn.919;game.cn.920;game.cn.921;game.cn.922;game.cn.923;game.cn.924;game.cn.925;game.cn.926;game.cn.927;game.cn.928;game.cn.929;game.cn.930;game.cn.931;game.cn.932;game.cn.933;game.cn.934;game.cn.935;game.cn.936;game.cn.937;game.cn.938;game.cn.939;game.cn.940;game.cn.941;game.cn.942;game.cn.943;game.cn.944;game.cn.945;game.cn.946;game.cn.947;game.cn.948;game.cn.949;game.cn.950;game.cn.951>,8,30008
12000,<game.cn_qd.1;gamemerge.cn_qd.31;gamemerge.cn_qd.32;gamemerge.cn_qd.33;gamemerge.cn_qd.34;gamemerge.cn_qd.35;gamemerge.cn_qd.36;gamemerge.cn_qd.37;gamemerge.cn_qd.1;gamemerge.cn_qd.2;gamemerge.cn_qd.3;gamemerge.cn_qd.4;gamemerge.cn_qd.5;gamemerge.cn_qd.6;gamemerge.cn_qd.7;gamemerge.cn_qd.8;gamemerge.cn_qd.9;gamemerge.cn_qd.10;gamemerge.cn_qd.11;gamemerge.cn_qd.12;gamemerge.cn_qd.13;gamemerge.cn_qd.14;gamemerge.cn_qd.15;gamemerge.cn_qd.16;gamemerge.cn_qd.17;gamemerge.cn_qd.18;gamemerge.cn_qd.19;gamemerge.cn_qd.20;gamemerge.cn_qd.21;gamemerge.cn_qd.22;gamemerge.cn_qd.23;gamemerge.cn_qd.24;gamemerge.cn_qd.25;gamemerge.cn_qd.26;gamemerge.cn_qd.27;gamemerge.cn_qd.28;gamemerge.cn_qd.29;gamemerge.cn_qd.30;gamemerge.cn_qd.38;gamemerge.cn_qd.39;gamemerge.cn_qd.40;gamemerge.cn_qd.41;gamemerge.cn_qd.42;gamemerge.cn_qd.43;gamemerge.cn_qd.44;gamemerge.cn_qd.45;gamemerge.cn_qd.46;gamemerge.cn_qd.47;gamemerge.cn_qd.48;gamemerge.cn_qd.49;gamemerge.cn_qd.50;gamemerge.cn_qd.51;gamemerge.cn_qd.52;gamemerge.cn_qd.53;gamemerge.cn_qd.54;gamemerge.cn_qd.55;gamemerge.cn_qd.56;gamemerge.cn_qd.57;gamemerge.cn_qd.58;gamemerge.cn_qd.59;gamemerge.cn_qd.60;gamemerge.cn_qd.61;gamemerge.cn_qd.62;gamemerge.cn_qd.63;gamemerge.cn_qd.64;gamemerge.cn_qd.65;gamemerge.cn_qd.66;gamemerge.cn_qd.67;gamemerge.cn_qd.68;gamemerge.cn_qd.69;gamemerge.cn_qd.70;gamemerge.cn_qd.71;gamemerge.cn_qd.72;gamemerge.cn_qd.73;gamemerge.cn_qd.74;gamemerge.cn_qd.75;gamemerge.cn_qd.76;gamemerge.cn_qd.77;gamemerge.cn_qd.78;gamemerge.cn_qd.79;gamemerge.cn_qd.80;gamemerge.cn_qd.81;gamemerge.cn_qd.82;gamemerge.cn_qd.83;gamemerge.cn_qd.84;gamemerge.cn_qd.85;gamemerge.cn_qd.86;gamemerge.cn_qd.87;gamemerge.cn_qd.88;gamemerge.cn_qd.89;gamemerge.cn_qd.90;gamemerge.cn_qd.91;gamemerge.cn_qd.92;gamemerge.cn_qd.93;gamemerge.cn_qd.94;gamemerge.cn_qd.95;gamemerge.cn_qd.96;gamemerge.cn_qd.97;gamemerge.cn_qd.98;gamemerge.cn_qd.99>,1,30101
12001,<gamemerge.cn_qd.100;gamemerge.cn_qd.101;gamemerge.cn_qd.102;gamemerge.cn_qd.103;gamemerge.cn_qd.104;gamemerge.cn_qd.105;gamemerge.cn_qd.106;gamemerge.cn_qd.107;gamemerge.cn_qd.108;gamemerge.cn_qd.109;gamemerge.cn_qd.110;gamemerge.cn_qd.111;gamemerge.cn_qd.112;gamemerge.cn_qd.113;gamemerge.cn_qd.114;gamemerge.cn_qd.115;gamemerge.cn_qd.116;gamemerge.cn_qd.117;gamemerge.cn_qd.118;gamemerge.cn_qd.119;gamemerge.cn_qd.120;gamemerge.cn_qd.121;gamemerge.cn_qd.122;gamemerge.cn_qd.123;gamemerge.cn_qd.124;gamemerge.cn_qd.125;gamemerge.cn_qd.126;gamemerge.cn_qd.127;gamemerge.cn_qd.128;gamemerge.cn_qd.129;gamemerge.cn_qd.130;gamemerge.cn_qd.131;gamemerge.cn_qd.132;gamemerge.cn_qd.133;gamemerge.cn_qd.134;gamemerge.cn_qd.135;gamemerge.cn_qd.136;gamemerge.cn_qd.137;gamemerge.cn_qd.138;gamemerge.cn_qd.139;gamemerge.cn_qd.140;gamemerge.cn_qd.141;gamemerge.cn_qd.142;gamemerge.cn_qd.143;gamemerge.cn_qd.144;gamemerge.cn_qd.145;gamemerge.cn_qd.146;gamemerge.cn_qd.147;gamemerge.cn_qd.148;gamemerge.cn_qd.149;gamemerge.cn_qd.150;gamemerge.cn_qd.151;gamemerge.cn_qd.152;gamemerge.cn_qd.153;gamemerge.cn_qd.154;gamemerge.cn_qd.155;gamemerge.cn_qd.156;gamemerge.cn_qd.157;game.cn_qd.780;game.cn_qd.781;game.cn_qd.782;game.cn_qd.783;game.cn_qd.784;game.cn_qd.785;game.cn_qd.786;game.cn_qd.787;game.cn_qd.788;game.cn_qd.789;game.cn_qd.790;game.cn_qd.791;game.cn_qd.792;game.cn_qd.793;game.cn_qd.794;game.cn_qd.795;game.cn_qd.796;game.cn_qd.797;game.cn_qd.798;game.cn_qd.799;game.cn_qd.800;game.cn_qd.801;game.cn_qd.802;game.cn_qd.803;game.cn_qd.804;game.cn_qd.805;game.cn_qd.806;game.cn_qd.807;game.cn_qd.808;game.cn_qd.809;game.cn_qd.810;game.cn_qd.811;game.cn_qd.812;game.cn_qd.813;game.cn_qd.814;game.cn_qd.815;game.cn_qd.816;game.cn_qd.817;game.cn_qd.818;game.cn_qd.819;game.cn_qd.820;game.cn_qd.821>,2,30101
12002,<game.cn_qd.822;game.cn_qd.823;game.cn_qd.824;game.cn_qd.825;game.cn_qd.826;game.cn_qd.827;game.cn_qd.828;game.cn_qd.829;game.cn_qd.830;game.cn_qd.831;game.cn_qd.832;game.cn_qd.833;game.cn_qd.834;game.cn_qd.835;game.cn_qd.836;game.cn_qd.837;game.cn_qd.838;game.cn_qd.839;game.cn_qd.840;game.cn_qd.841;game.cn_qd.842;game.cn_qd.843;game.cn_qd.844;game.cn_qd.845;game.cn_qd.846;game.cn_qd.847;game.cn_qd.848;game.cn_qd.849;game.cn_qd.850;game.cn_qd.851;game.cn_qd.852;game.cn_qd.853;game.cn_qd.854;game.cn_qd.855;game.cn_qd.856;game.cn_qd.857;game.cn_qd.858;game.cn_qd.859;game.cn_qd.860;game.cn_qd.861;game.cn_qd.862;game.cn_qd.863;game.cn_qd.864;game.cn_qd.865;game.cn_qd.866;game.cn_qd.867;game.cn_qd.868;game.cn_qd.869;game.cn_qd.870;game.cn_qd.871;game.cn_qd.872;game.cn_qd.873;game.cn_qd.874;game.cn_qd.875;game.cn_qd.876;game.cn_qd.877;game.cn_qd.878;game.cn_qd.879;game.cn_qd.880;game.cn_qd.881;game.cn_qd.882;game.cn_qd.883;game.cn_qd.884;game.cn_qd.885;game.cn_qd.886;game.cn_qd.887;game.cn_qd.888;game.cn_qd.889;game.cn_qd.890;game.cn_qd.891;game.cn_qd.892;game.cn_qd.893;game.cn_qd.894;game.cn_qd.895;game.cn_qd.896;game.cn_qd.897;game.cn_qd.898;game.cn_qd.899;game.cn_qd.900;game.cn_qd.901;game.cn_qd.902;game.cn_qd.903;game.cn_qd.904;game.cn_qd.905;game.cn_qd.906;game.cn_qd.907;game.cn_qd.908;game.cn_qd.909;game.cn_qd.910;game.cn_qd.911;game.cn_qd.912;game.cn_qd.913;game.cn_qd.914;game.cn_qd.915;game.cn_qd.916;game.cn_qd.917;game.cn_qd.918;game.cn_qd.919;game.cn_qd.920;game.cn_qd.921>,3,30101
12003,<game.cn_qd.922;game.cn_qd.923;game.cn_qd.924;game.cn_qd.925;game.cn_qd.926;game.cn_qd.927;game.cn_qd.928;game.cn_qd.929;game.cn_qd.930;game.cn_qd.931;game.cn_qd.932;game.cn_qd.933;game.cn_qd.934;game.cn_qd.935;game.cn_qd.936;game.cn_qd.937;game.cn_qd.938;game.cn_qd.939;game.cn_qd.940;game.cn_qd.941;game.cn_qd.942;game.cn_qd.943;game.cn_qd.944;game.cn_qd.945;game.cn_qd.946;game.cn_qd.947;game.cn_qd.948;game.cn_qd.949;game.cn_qd.950;game.cn_qd.951;game.cn_qd.952;game.cn_qd.953;game.cn_qd.954;game.cn_qd.955;game.cn_qd.956;game.cn_qd.957;game.cn_qd.958;game.cn_qd.959;game.cn_qd.960;game.cn_qd.961;game.cn_qd.962;game.cn_qd.963;game.cn_qd.964;game.cn_qd.965;game.cn_qd.966;game.cn_qd.967;game.cn_qd.968;game.cn_qd.969;game.cn_qd.970;game.cn_qd.971;game.cn_qd.972;game.cn_qd.973;game.cn_qd.974;game.cn_qd.975;game.cn_qd.976;game.cn_qd.977;game.cn_qd.978;game.cn_qd.979;game.cn_qd.980;game.cn_qd.981;game.cn_qd.982;game.cn_qd.983;game.cn_qd.984;game.cn_qd.985;game.cn_qd.986;game.cn_qd.987;game.cn_qd.988;game.cn_qd.989;game.cn_qd.990;game.cn_qd.991;game.cn_qd.992;game.cn_qd.993;game.cn_qd.994;game.cn_qd.995;game.cn_qd.996;game.cn_qd.997;game.cn_qd.998;game.cn_qd.999;game.cn_qd.1000;game.cn_qd.1001;game.cn_qd.1002;game.cn_qd.1003;game.cn_qd.1004;game.cn_qd.1005;game.cn_qd.1006;game.cn_qd.1007;game.cn_qd.1008;game.cn_qd.1009;game.cn_qd.1010;game.cn_qd.1011;game.cn_qd.1012;game.cn_qd.1013;game.cn_qd.1014;game.cn_qd.1015;game.cn_qd.1016;game.cn_qd.1017;game.cn_qd.1018;game.cn_qd.1019;game.cn_qd.1020;game.cn_qd.1021>,4,30101
12004,<game.cn_qd.1022;game.cn_qd.1023;game.cn_qd.1024;game.cn_qd.1025;game.cn_qd.1026;game.cn_qd.1027;game.cn_qd.1028;game.cn_qd.1029;game.cn_qd.1030;game.cn_qd.1031;game.cn_qd.1032;game.cn_qd.1033;game.cn_qd.1034;game.cn_qd.1035;game.cn_qd.1036;game.cn_qd.1037;game.cn_qd.1038;game.cn_qd.1039;game.cn_qd.1040;game.cn_qd.1041;game.cn_qd.1042;game.cn_qd.1043;game.cn_qd.1044;game.cn_qd.1045;game.cn_qd.1046;game.cn_qd.1047;game.cn_qd.1048;game.cn_qd.1049;game.cn_qd.1050;game.cn_qd.1051;game.cn_qd.1052;game.cn_qd.1053;game.cn_qd.1054;game.cn_qd.1055;game.cn_qd.1056;game.cn_qd.1057;game.cn_qd.1058;game.cn_qd.1059;game.cn_qd.1060;game.cn_qd.1061;game.cn_qd.1062;game.cn_qd.1063;game.cn_qd.1064;game.cn_qd.1065;game.cn_qd.1066;game.cn_qd.1067;game.cn_qd.1068;game.cn_qd.1069;game.cn_qd.1070;game.cn_qd.1071;game.cn_qd.1072;game.cn_qd.1073;game.cn_qd.1074;game.cn_qd.1075;game.cn_qd.1076;game.cn_qd.1077;game.cn_qd.1078;game.cn_qd.1079;game.cn_qd.1080;game.cn_qd.1081;game.cn_qd.1082;game.cn_qd.1083;game.cn_qd.1084;game.cn_qd.1085;game.cn_qd.1086;game.cn_qd.1087;game.cn_qd.1088;game.cn_qd.1089;game.cn_qd.1090;game.cn_qd.1091;game.cn_qd.1092;game.cn_qd.1093;game.cn_qd.1094;game.cn_qd.1095;game.cn_qd.1096;game.cn_qd.1097;game.cn_qd.1098;game.cn_qd.1099;game.cn_qd.1100;game.cn_qd.1101;game.cn_qd.1102;game.cn_qd.1103;game.cn_qd.1104;game.cn_qd.1105;game.cn_qd.1106;game.cn_qd.1107;game.cn_qd.1108;game.cn_qd.1109;game.cn_qd.1110;game.cn_qd.1111;game.cn_qd.1112;game.cn_qd.1113;game.cn_qd.1114;game.cn_qd.1115;game.cn_qd.1116;game.cn_qd.1117;game.cn_qd.1118;game.cn_qd.1119;game.cn_qd.1120;game.cn_qd.1121>,5,30101
12005,<game.cn_qd.1122;game.cn_qd.1123;game.cn_qd.1124;game.cn_qd.1125;game.cn_qd.1126;game.cn_qd.1127;game.cn_qd.1128;game.cn_qd.1129;game.cn_qd.1130;game.cn_qd.1131;game.cn_qd.1132;game.cn_qd.1133;game.cn_qd.1134;game.cn_qd.1135;game.cn_qd.1136;game.cn_qd.1137;game.cn_qd.1138;game.cn_qd.1139;game.cn_qd.1140;game.cn_qd.1141;game.cn_qd.1142;game.cn_qd.1143;game.cn_qd.1144;game.cn_qd.1145;game.cn_qd.1146;game.cn_qd.1147;game.cn_qd.1148;game.cn_qd.1149;game.cn_qd.1150;game.cn_qd.1151;game.cn_qd.1152;game.cn_qd.1153;game.cn_qd.1154;game.cn_qd.1155;game.cn_qd.1156;game.cn_qd.1157;game.cn_qd.1158;game.cn_qd.1159;game.cn_qd.1160;game.cn_qd.1161;game.cn_qd.1162;game.cn_qd.1163;game.cn_qd.1164;game.cn_qd.1165;game.cn_qd.1166;game.cn_qd.1167;game.cn_qd.1168;game.cn_qd.1169;game.cn_qd.1170;game.cn_qd.1171;game.cn_qd.1172;game.cn_qd.1173;game.cn_qd.1174;game.cn_qd.1175;game.cn_qd.1176;game.cn_qd.1177;game.cn_qd.1178;game.cn_qd.1179;game.cn_qd.1180;game.cn_qd.1181;game.cn_qd.1182;game.cn_qd.1183;game.cn_qd.1184;game.cn_qd.1185;game.cn_qd.1186;game.cn_qd.1187;game.cn_qd.1188;game.cn_qd.1189;game.cn_qd.1190;game.cn_qd.1191;game.cn_qd.1192;game.cn_qd.1193;game.cn_qd.1194;game.cn_qd.1195;game.cn_qd.1196;game.cn_qd.1197;game.cn_qd.1198;game.cn_qd.1199;game.cn_qd.1200;game.cn_qd.1201;game.cn_qd.1202;game.cn_qd.1203;game.cn_qd.1204;game.cn_qd.1205;game.cn_qd.1206;game.cn_qd.1207;game.cn_qd.1208;game.cn_qd.1209;game.cn_qd.1210;game.cn_qd.1211;game.cn_qd.1212;game.cn_qd.1213;game.cn_qd.1214;game.cn_qd.1215;game.cn_qd.1216;game.cn_qd.1217;game.cn_qd.1218;game.cn_qd.1219;game.cn_qd.1220;game.cn_qd.1221>,6,30101
12006,<game.cn_qd.1222;game.cn_qd.1223;game.cn_qd.1224;game.cn_qd.1225;game.cn_qd.1226;game.cn_qd.1227;game.cn_qd.1228;game.cn_qd.1229;game.cn_qd.1230;game.cn_qd.1231;game.cn_qd.1232;game.cn_qd.1233;game.cn_qd.1234;game.cn_qd.1235;game.cn_qd.1236;game.cn_qd.1237;game.cn_qd.1238;game.cn_qd.1239;game.cn_qd.1240;game.cn_qd.1241;game.cn_qd.1242;game.cn_qd.1243;game.cn_qd.1244;game.cn_qd.1245;game.cn_qd.1246;game.cn_qd.1247;game.cn_qd.1248;game.cn_qd.1249;game.cn_qd.1250;game.cn_qd.1251;game.cn_qd.1252;game.cn_qd.1253;game.cn_qd.1254;game.cn_qd.1255;game.cn_qd.1256;game.cn_qd.1257;game.cn_qd.1258;game.cn_qd.1259;game.cn_qd.1260;game.cn_qd.1261;game.cn_qd.1262;game.cn_qd.1263;game.cn_qd.1264;game.cn_qd.1265;game.cn_qd.1266;game.cn_qd.1267;game.cn_qd.1268;game.cn_qd.1269;game.cn_qd.1270;game.cn_qd.1271;game.cn_qd.1272;game.cn_qd.1273;game.cn_qd.1274;game.cn_qd.1275;game.cn_qd.1276;game.cn_qd.1277;game.cn_qd.1278;game.cn_qd.1279;game.cn_qd.1280;game.cn_qd.1281;game.cn_qd.1282;game.cn_qd.1283;game.cn_qd.1284;game.cn_qd.1285;game.cn_qd.1286;game.cn_qd.1287;game.cn_qd.1288;game.cn_qd.1289;game.cn_qd.1290;game.cn_qd.1291;game.cn_qd.1292;game.cn_qd.1293;game.cn_qd.1294;game.cn_qd.1295;game.cn_qd.1296;game.cn_qd.1297;game.cn_qd.1298;game.cn_qd.1299;game.cn_qd.1300;game.cn_qd.1301;game.cn_qd.1302;game.cn_qd.1303;game.cn_qd.1304;game.cn_qd.1305;game.cn_qd.1306;game.cn_qd.1307;game.cn_qd.1308;game.cn_qd.1309;game.cn_qd.1310;game.cn_qd.1311;game.cn_qd.1312;game.cn_qd.1313;game.cn_qd.1314;game.cn_qd.1315;game.cn_qd.1316;game.cn_qd.1317;game.cn_qd.1318;game.cn_qd.1319;game.cn_qd.1320;game.cn_qd.1321>,7,30101
12007,<game.cn_qd.1322;game.cn_qd.1323;game.cn_qd.1324;game.cn_qd.1325;game.cn_qd.1326;game.cn_qd.1327;game.cn_qd.1328;game.cn_qd.1329;game.cn_qd.1330;game.cn_qd.1331;game.cn_qd.1332;game.cn_qd.1333;game.cn_qd.1334;game.cn_qd.1335;game.cn_qd.1336;game.cn_qd.1337;game.cn_qd.1338;game.cn_qd.1339;game.cn_qd.1340;game.cn_qd.1341;game.cn_qd.1342;game.cn_qd.1343;game.cn_qd.1344;game.cn_qd.1345;game.cn_qd.1346;game.cn_qd.1347;game.cn_qd.1348;game.cn_qd.1349;game.cn_qd.1350;game.cn_qd.1351;game.cn_qd.1352;game.cn_qd.1353;game.cn_qd.1354;game.cn_qd.1355;game.cn_qd.1356;game.cn_qd.1357;game.cn_qd.1358;game.cn_qd.1359;game.cn_qd.1360;game.cn_qd.1361;game.cn_qd.1362;game.cn_qd.1363;game.cn_qd.1364;game.cn_qd.1365;game.cn_qd.1366;game.cn_qd.1367;game.cn_qd.1368;game.cn_qd.1369;game.cn_qd.1370;game.cn_qd.1371;game.cn_qd.1372;game.cn_qd.1373;game.cn_qd.1374;game.cn_qd.1375;game.cn_qd.1376;game.cn_qd.1377;game.cn_qd.1378;game.cn_qd.1379;game.cn_qd.1380;game.cn_qd.1381;game.cn_qd.1382;game.cn_qd.1383;game.cn_qd.1384;game.cn_qd.1385;game.cn_qd.1386;game.cn_qd.1387;game.cn_qd.1388;game.cn_qd.1389;game.cn_qd.1390;game.cn_qd.1391;game.cn_qd.1392;game.cn_qd.1393;game.cn_qd.1394;game.cn_qd.1395;game.cn_qd.1396;game.cn_qd.1397;game.cn_qd.1398;game.cn_qd.1399;game.cn_qd.1400;game.cn_qd.1401;game.cn_qd.1402;game.cn_qd.1403;game.cn_qd.1404;game.cn_qd.1405;game.cn_qd.1406;game.cn_qd.1407;game.cn_qd.1408;game.cn_qd.1409;game.cn_qd.1410;game.cn_qd.1411;game.cn_qd.1412;game.cn_qd.1413;game.cn_qd.1414;game.cn_qd.1415;game.cn_qd.1416;game.cn_qd.1417;game.cn_qd.1418;game.cn_qd.1419;game.cn_qd.1420;game.cn_qd.1421>,8,30101
12008,<game.cn_qd.1422;game.cn_qd.1423;game.cn_qd.1424;game.cn_qd.1425;game.cn_qd.1426;game.cn_qd.1427;game.cn_qd.1428;game.cn_qd.1429;game.cn_qd.1430;game.cn_qd.1431;game.cn_qd.1432;game.cn_qd.1433;game.cn_qd.1434;game.cn_qd.1435;game.cn_qd.1436;game.cn_qd.1437;game.cn_qd.1438;game.cn_qd.1439;game.cn_qd.1440;game.cn_qd.1441;game.cn_qd.1442;game.cn_qd.1443;game.cn_qd.1444;game.cn_qd.1445;game.cn_qd.1446;game.cn_qd.1447;game.cn_qd.1448;game.cn_qd.1449;game.cn_qd.1450;game.cn_qd.1451;game.cn_qd.1452;game.cn_qd.1453;game.cn_qd.1454;game.cn_qd.1455;game.cn_qd.1456;game.cn_qd.1457;game.cn_qd.1458;game.cn_qd.1459;game.cn_qd.1460;game.cn_qd.1461;game.cn_qd.1462;game.cn_qd.1463;game.cn_qd.1464;game.cn_qd.1465;game.cn_qd.1466;game.cn_qd.1467;game.cn_qd.1468;game.cn_qd.1469;game.cn_qd.1470;game.cn_qd.1471;game.cn_qd.1472;game.cn_qd.1473;game.cn_qd.1474;game.cn_qd.1475;game.cn_qd.1476;game.cn_qd.1477;game.cn_qd.1478;game.cn_qd.1479;game.cn_qd.1480;game.cn_qd.1481;game.cn_qd.1482;game.cn_qd.1483;game.cn_qd.1484;game.cn_qd.1485;game.cn_qd.1486;game.cn_qd.1487;game.cn_qd.1488;game.cn_qd.1489;game.cn_qd.1490;game.cn_qd.1491;game.cn_qd.1492;game.cn_qd.1493;game.cn_qd.1494;game.cn_qd.1495;game.cn_qd.1496;game.cn_qd.1497;game.cn_qd.1498;game.cn_qd.1499;game.cn_qd.1500;game.cn_qd.1501;game.cn_qd.1502;game.cn_qd.1503;game.cn_qd.1504;game.cn_qd.1505;game.cn_qd.1506;game.cn_qd.1507;game.cn_qd.1508;game.cn_qd.1509;game.cn_qd.1510;game.cn_qd.1511;game.cn_qd.1512;game.cn_qd.1513;game.cn_qd.1514;game.cn_qd.1515;game.cn_qd.1516;game.cn_qd.1517;game.cn_qd.1518;game.cn_qd.1519;game.cn_qd.1520;game.cn_qd.1521>,9,30101
12009,<game.cn_qd.1522;game.cn_qd.1523;game.cn_qd.1524;game.cn_qd.1525;game.cn_qd.1526;game.cn_qd.1527;game.cn_qd.1528;game.cn_qd.1529;game.cn_qd.1530;game.cn_qd.1531;game.cn_qd.1532;game.cn_qd.1533;game.cn_qd.1534;game.cn_qd.1535;game.cn_qd.1536;game.cn_qd.1537;game.cn_qd.1538;game.cn_qd.1539;game.cn_qd.1540;game.cn_qd.1541;game.cn_qd.1542;game.cn_qd.1543;game.cn_qd.1544;game.cn_qd.1545;game.cn_qd.1546;game.cn_qd.1547;game.cn_qd.1548;game.cn_qd.1549;game.cn_qd.1550;game.cn_qd.1551;game.cn_qd.1552;game.cn_qd.1553;game.cn_qd.1554;game.cn_qd.1555;game.cn_qd.1556;game.cn_qd.1557;game.cn_qd.1558;game.cn_qd.1559;game.cn_qd.1560;game.cn_qd.1561;game.cn_qd.1562;game.cn_qd.1563;game.cn_qd.1564;game.cn_qd.1565;game.cn_qd.1566;game.cn_qd.1567;game.cn_qd.1568;game.cn_qd.1569;game.cn_qd.1570;game.cn_qd.1571;game.cn_qd.1572;game.cn_qd.1573;game.cn_qd.1574;game.cn_qd.1575;game.cn_qd.1576;game.cn_qd.1577;game.cn_qd.1578;game.cn_qd.1579;game.cn_qd.1580;game.cn_qd.1581;game.cn_qd.1582;game.cn_qd.1583;game.cn_qd.1584;game.cn_qd.1585;game.cn_qd.1586;game.cn_qd.1587;game.cn_qd.1588;game.cn_qd.1589;game.cn_qd.1590;game.cn_qd.1591;game.cn_qd.1592;game.cn_qd.1593;game.cn_qd.1594;game.cn_qd.1595;game.cn_qd.1596;game.cn_qd.1597;game.cn_qd.1598;game.cn_qd.1599;game.cn_qd.1600;game.cn_qd.1601;game.cn_qd.1602;game.cn_qd.1603;game.cn_qd.1604;game.cn_qd.1605;game.cn_qd.1606;game.cn_qd.1607;game.cn_qd.1608;game.cn_qd.1609;game.cn_qd.1610;game.cn_qd.1611;game.cn_qd.1612;game.cn_qd.1613;game.cn_qd.1614;game.cn_qd.1615;game.cn_qd.1616;game.cn_qd.1617;game.cn_qd.1618;game.cn_qd.1619;game.cn_qd.1620;game.cn_qd.1621>,10,30101
12010,<game.cn_qd.1622;game.cn_qd.1623;game.cn_qd.1624;game.cn_qd.1625;game.cn_qd.1626;game.cn_qd.1627;game.cn_qd.1628;game.cn_qd.1629;game.cn_qd.1630;game.cn_qd.1631;game.cn_qd.1632;game.cn_qd.1633;game.cn_qd.1634;game.cn_qd.1635;game.cn_qd.1636;game.cn_qd.1637;game.cn_qd.1638;game.cn_qd.1639;game.cn_qd.1640;game.cn_qd.1641;game.cn_qd.1642;game.cn_qd.1643;game.cn_qd.1644;game.cn_qd.1645;game.cn_qd.1646;game.cn_qd.1647;game.cn_qd.1648;game.cn_qd.1649;game.cn_qd.1650;game.cn_qd.1651;game.cn_qd.1652;game.cn_qd.1653;game.cn_qd.1654;game.cn_qd.1655;game.cn_qd.1656;game.cn_qd.1657;game.cn_qd.1658;game.cn_qd.1659;game.cn_qd.1660;game.cn_qd.1661;game.cn_qd.1662;game.cn_qd.1663;game.cn_qd.1664;game.cn_qd.1665;game.cn_qd.1666;game.cn_qd.1667;game.cn_qd.1668;game.cn_qd.1669;game.cn_qd.1670;game.cn_qd.1671;game.cn_qd.1672;game.cn_qd.1673;game.cn_qd.1674;game.cn_qd.1675;game.cn_qd.1676;game.cn_qd.1677;game.cn_qd.1678;game.cn_qd.1679;game.cn_qd.1680;game.cn_qd.1681;game.cn_qd.1682;game.cn_qd.1683;game.cn_qd.1684;game.cn_qd.1685;game.cn_qd.1686;game.cn_qd.1687;game.cn_qd.1688;game.cn_qd.1689;game.cn_qd.1690;game.cn_qd.1691;game.cn_qd.1692;game.cn_qd.1693;game.cn_qd.1694;game.cn_qd.1695;game.cn_qd.1696;game.cn_qd.1697;game.cn_qd.1698;game.cn_qd.1699;game.cn_qd.1700;game.cn_qd.1701;game.cn_qd.1702;game.cn_qd.1703;game.cn_qd.1704;game.cn_qd.1705;game.cn_qd.1706;game.cn_qd.1707;game.cn_qd.1708;game.cn_qd.1709;game.cn_qd.1710;game.cn_qd.1711;game.cn_qd.1712;game.cn_qd.1713;game.cn_qd.1714;game.cn_qd.1715;game.cn_qd.1716;game.cn_qd.1717;game.cn_qd.1718;game.cn_qd.1719;game.cn_qd.1720;game.cn_qd.1721>,11,30101
12011,<game.cn_qd.1722;game.cn_qd.1723;game.cn_qd.1724;game.cn_qd.1725;game.cn_qd.1726;game.cn_qd.1727;game.cn_qd.1728;game.cn_qd.1729;game.cn_qd.1730;game.cn_qd.1731;game.cn_qd.1732;game.cn_qd.1733;game.cn_qd.1734;game.cn_qd.1735;game.cn_qd.1736;game.cn_qd.1737;game.cn_qd.1738;game.cn_qd.1739;game.cn_qd.1740;game.cn_qd.1741;game.cn_qd.1742;game.cn_qd.1743;game.cn_qd.1744;game.cn_qd.1745;game.cn_qd.1746;game.cn_qd.1747;game.cn_qd.1748;game.cn_qd.1749;game.cn_qd.1750;game.cn_qd.1751;game.cn_qd.1752;game.cn_qd.1753;game.cn_qd.1754;game.cn_qd.1755;game.cn_qd.1756;game.cn_qd.1757;game.cn_qd.1758;game.cn_qd.1759;game.cn_qd.1760;game.cn_qd.1761;game.cn_qd.1762;game.cn_qd.1763;game.cn_qd.1764;game.cn_qd.1765;game.cn_qd.1766;game.cn_qd.1767;game.cn_qd.1768;game.cn_qd.1769;game.cn_qd.1770;game.cn_qd.1771;game.cn_qd.1772;game.cn_qd.1773;game.cn_qd.1774;game.cn_qd.1775;game.cn_qd.1776;game.cn_qd.1777;game.cn_qd.1778;game.cn_qd.1779;game.cn_qd.1780;game.cn_qd.1781;game.cn_qd.1782;game.cn_qd.1783;game.cn_qd.1784;game.cn_qd.1785;game.cn_qd.1786;game.cn_qd.1787;game.cn_qd.1788;game.cn_qd.1789;game.cn_qd.1790;game.cn_qd.1791;game.cn_qd.1792;game.cn_qd.1793;game.cn_qd.1794;game.cn_qd.1795;game.cn_qd.1796;game.cn_qd.1797;game.cn_qd.1798;game.cn_qd.1799;game.cn_qd.1800;game.cn_qd.1801;game.cn_qd.1802;game.cn_qd.1803;game.cn_qd.1804;game.cn_qd.1805;game.cn_qd.1806;game.cn_qd.1807;game.cn_qd.1808;game.cn_qd.1809;game.cn_qd.1810;game.cn_qd.1811;game.cn_qd.1812;game.cn_qd.1813;game.cn_qd.1814;game.cn_qd.1815;game.cn_qd.1816;game.cn_qd.1817;game.cn_qd.1818;game.cn_qd.1819;game.cn_qd.1820;game.cn_qd.1821>,12,30101
12012,<game.cn_qd.1822;game.cn_qd.1823;game.cn_qd.1824;game.cn_qd.1825;game.cn_qd.1826;game.cn_qd.1827;game.cn_qd.1828;game.cn_qd.1829;game.cn_qd.1830;game.cn_qd.1831;game.cn_qd.1832;game.cn_qd.1833;game.cn_qd.1834;game.cn_qd.1835;game.cn_qd.1836;game.cn_qd.1837;game.cn_qd.1838;game.cn_qd.1839;game.cn_qd.1840;game.cn_qd.1841;game.cn_qd.1842;game.cn_qd.1843;game.cn_qd.1844;game.cn_qd.1845;game.cn_qd.1846;game.cn_qd.1847;game.cn_qd.1848;game.cn_qd.1849;game.cn_qd.1850;game.cn_qd.1851;game.cn_qd.1852;game.cn_qd.1853;game.cn_qd.1854;game.cn_qd.1855;game.cn_qd.1856;game.cn_qd.1857;game.cn_qd.1858;game.cn_qd.1859;game.cn_qd.1860;game.cn_qd.1861;game.cn_qd.1862;game.cn_qd.1863;game.cn_qd.1864;game.cn_qd.1865;game.cn_qd.1866;game.cn_qd.1867;game.cn_qd.1868;game.cn_qd.1869;game.cn_qd.1870;game.cn_qd.1871;game.cn_qd.1872;game.cn_qd.1873;game.cn_qd.1874;game.cn_qd.1875;game.cn_qd.1876;game.cn_qd.1877;game.cn_qd.1878;game.cn_qd.1879;game.cn_qd.1880;game.cn_qd.1881;game.cn_qd.1882;game.cn_qd.1883;game.cn_qd.1884;game.cn_qd.1885;game.cn_qd.1886;game.cn_qd.1887;game.cn_qd.1888;game.cn_qd.1889;game.cn_qd.1890;game.cn_qd.1891;game.cn_qd.1892;game.cn_qd.1893;game.cn_qd.1894;game.cn_qd.1895;game.cn_qd.1896;game.cn_qd.1897;game.cn_qd.1898;game.cn_qd.1899;game.cn_qd.1900;game.cn_qd.1901;game.cn_qd.1902;game.cn_qd.1903;game.cn_qd.1904;game.cn_qd.1905;game.cn_qd.1906;game.cn_qd.1907;game.cn_qd.1908;game.cn_qd.1909;game.cn_qd.1910;game.cn_qd.1911;game.cn_qd.1912;game.cn_qd.1913;game.cn_qd.1914;game.cn_qd.1915;game.cn_qd.1916;game.cn_qd.1917;game.cn_qd.1918;game.cn_qd.1919;game.cn_qd.1920;game.cn_qd.1921>,13,30101
12013,<game.cn_qd.1922;game.cn_qd.1923;game.cn_qd.1924;game.cn_qd.1925;game.cn_qd.1926;game.cn_qd.1927;game.cn_qd.1928;game.cn_qd.1929;game.cn_qd.1930;game.cn_qd.1931;game.cn_qd.1932;game.cn_qd.1933;game.cn_qd.1934;game.cn_qd.1935;game.cn_qd.1936;game.cn_qd.1937;game.cn_qd.1938;game.cn_qd.1939;game.cn_qd.1940;game.cn_qd.1941;game.cn_qd.1942;game.cn_qd.1943;game.cn_qd.1944;game.cn_qd.1945;game.cn_qd.1946;game.cn_qd.1947;game.cn_qd.1948;game.cn_qd.1949;game.cn_qd.1950;game.cn_qd.1951;game.cn_qd.1952;game.cn_qd.1953;game.cn_qd.1954;game.cn_qd.1955;game.cn_qd.1956;game.cn_qd.1957;game.cn_qd.1958;game.cn_qd.1959;game.cn_qd.1960;game.cn_qd.1961;game.cn_qd.1962;game.cn_qd.1963;game.cn_qd.1964;game.cn_qd.1965;game.cn_qd.1966;game.cn_qd.1967;game.cn_qd.1968;game.cn_qd.1969;game.cn_qd.1970;game.cn_qd.1971;game.cn_qd.1972;game.cn_qd.1973;game.cn_qd.1974;game.cn_qd.1975;game.cn_qd.1976;game.cn_qd.1977;game.cn_qd.1978;game.cn_qd.1979;game.cn_qd.1980;game.cn_qd.1981;game.cn_qd.1982;game.cn_qd.1983;game.cn_qd.1984;game.cn_qd.1985;game.cn_qd.1986;game.cn_qd.1987;game.cn_qd.1988;game.cn_qd.1989;game.cn_qd.1990;game.cn_qd.1991;game.cn_qd.1992;game.cn_qd.1993;game.cn_qd.1994;game.cn_qd.1995;game.cn_qd.1996;game.cn_qd.1997;game.cn_qd.1998;game.cn_qd.1999;game.cn_qd.2000;game.cn_qd.2001;game.cn_qd.2002;game.cn_qd.2003;game.cn_qd.2004;game.cn_qd.2005;game.cn_qd.2006;game.cn_qd.2007;game.cn_qd.2008;game.cn_qd.2009;game.cn_qd.2010;game.cn_qd.2011;game.cn_qd.2012;game.cn_qd.2013;game.cn_qd.2014;game.cn_qd.2015;game.cn_qd.2016;game.cn_qd.2017;game.cn_qd.2018;game.cn_qd.2019;game.cn_qd.2020;game.cn_qd.2021>,14,30101
12014,<game.cn_qd.2022;game.cn_qd.2023;game.cn_qd.2024;game.cn_qd.2025;game.cn_qd.2026;game.cn_qd.2027;game.cn_qd.2028;game.cn_qd.2029;game.cn_qd.2030;game.cn_qd.2031;game.cn_qd.2032;game.cn_qd.2033;game.cn_qd.2034;game.cn_qd.2035;game.cn_qd.2036;game.cn_qd.2037;game.cn_qd.2038;game.cn_qd.2039;game.cn_qd.2040;game.cn_qd.2041;game.cn_qd.2042;game.cn_qd.2043;game.cn_qd.2044;game.cn_qd.2045;game.cn_qd.2046;game.cn_qd.2047;game.cn_qd.2048;game.cn_qd.2049;game.cn_qd.2050;game.cn_qd.2051;game.cn_qd.2052;game.cn_qd.2053;game.cn_qd.2054;game.cn_qd.2055;game.cn_qd.2056;game.cn_qd.2057;game.cn_qd.2058;game.cn_qd.2059;game.cn_qd.2060;game.cn_qd.2061;game.cn_qd.2062;game.cn_qd.2063;game.cn_qd.2064;game.cn_qd.2065;game.cn_qd.2066;game.cn_qd.2067;game.cn_qd.2068;game.cn_qd.2069;game.cn_qd.2070;game.cn_qd.2071;game.cn_qd.2072;game.cn_qd.2073;game.cn_qd.2074;game.cn_qd.2075;game.cn_qd.2076;game.cn_qd.2077;game.cn_qd.2078;game.cn_qd.2079;game.cn_qd.2080;game.cn_qd.2081;game.cn_qd.2082;game.cn_qd.2083;game.cn_qd.2084;game.cn_qd.2085;game.cn_qd.2086;game.cn_qd.2087;game.cn_qd.2088;game.cn_qd.2089;game.cn_qd.2090;game.cn_qd.2091;game.cn_qd.2092;game.cn_qd.2093;game.cn_qd.2094;game.cn_qd.2095;game.cn_qd.2096;game.cn_qd.2097;game.cn_qd.2098;game.cn_qd.2099;game.cn_qd.2100;game.cn_qd.2101;game.cn_qd.2102;game.cn_qd.2103;game.cn_qd.2104;game.cn_qd.2105;game.cn_qd.2106;game.cn_qd.2107;game.cn_qd.2108;game.cn_qd.2109;game.cn_qd.2110;game.cn_qd.2111;game.cn_qd.2112;game.cn_qd.2113;game.cn_qd.2114;game.cn_qd.2115;game.cn_qd.2116;game.cn_qd.2117;game.cn_qd.2118;game.cn_qd.2119;game.cn_qd.2120;game.cn_qd.2121>,15,30101
12015,<game.cn_qd.2122;game.cn_qd.2123;game.cn_qd.2124;game.cn_qd.2125;game.cn_qd.2126;game.cn_qd.2127;game.cn_qd.2128;game.cn_qd.2129;game.cn_qd.2130;game.cn_qd.2131;game.cn_qd.2132;game.cn_qd.2133;game.cn_qd.2134;game.cn_qd.2135;game.cn_qd.2136;game.cn_qd.2137;game.cn_qd.2138;game.cn_qd.2139;game.cn_qd.2140;game.cn_qd.2141;game.cn_qd.2142;game.cn_qd.2143;game.cn_qd.2144;game.cn_qd.2145;game.cn_qd.2146;game.cn_qd.2147;game.cn_qd.2148;game.cn_qd.2149;game.cn_qd.2150;game.cn_qd.2151;game.cn_qd.2152;game.cn_qd.2153;game.cn_qd.2154;game.cn_qd.2155;game.cn_qd.2156;game.cn_qd.2157;game.cn_qd.2158;game.cn_qd.2159;game.cn_qd.2160;game.cn_qd.2161;game.cn_qd.2162;game.cn_qd.2163;game.cn_qd.2164;game.cn_qd.2165;game.cn_qd.2166;game.cn_qd.2167;game.cn_qd.2168;game.cn_qd.2169;game.cn_qd.2170;game.cn_qd.2171;game.cn_qd.2172;game.cn_qd.2173;game.cn_qd.2174;game.cn_qd.2175;game.cn_qd.2176;game.cn_qd.2177;game.cn_qd.2178;game.cn_qd.2179;game.cn_qd.2180;game.cn_qd.2181;game.cn_qd.2182;game.cn_qd.2183;game.cn_qd.2184;game.cn_qd.2185;game.cn_qd.2186;game.cn_qd.2187;game.cn_qd.2188;game.cn_qd.2189;game.cn_qd.2190;game.cn_qd.2191;game.cn_qd.2192;game.cn_qd.2193;game.cn_qd.2194;game.cn_qd.2195;game.cn_qd.2196;game.cn_qd.2197;game.cn_qd.2198;game.cn_qd.2199;game.cn_qd.2200;game.cn_qd.2201;game.cn_qd.2202;game.cn_qd.2203;game.cn_qd.2204;game.cn_qd.2205;game.cn_qd.2206;game.cn_qd.2207;game.cn_qd.2208;game.cn_qd.2209;game.cn_qd.2210;game.cn_qd.2211;game.cn_qd.2212;game.cn_qd.2213;game.cn_qd.2214;game.cn_qd.2215;game.cn_qd.2216;game.cn_qd.2217;game.cn_qd.2218;game.cn_qd.2219;game.cn_qd.2220;game.cn_qd.2221>,16,30101
12016,<game.cn_qd.2222;game.cn_qd.2223;game.cn_qd.2224;game.cn_qd.2225;game.cn_qd.2226;game.cn_qd.2227;game.cn_qd.2228;game.cn_qd.2229;game.cn_qd.2230;game.cn_qd.2231;game.cn_qd.2232;game.cn_qd.2233;game.cn_qd.2234;game.cn_qd.2235;game.cn_qd.2236;game.cn_qd.2237;game.cn_qd.2238;game.cn_qd.2239;game.cn_qd.2240;game.cn_qd.2241;game.cn_qd.2242;game.cn_qd.2243;game.cn_qd.2244;game.cn_qd.2245;game.cn_qd.2246;game.cn_qd.2247;game.cn_qd.2248;game.cn_qd.2249;game.cn_qd.2250;game.cn_qd.2251;game.cn_qd.2252;game.cn_qd.2253;game.cn_qd.2254;game.cn_qd.2255;game.cn_qd.2256;game.cn_qd.2257;game.cn_qd.2258;game.cn_qd.2259;game.cn_qd.2260;game.cn_qd.2261;game.cn_qd.2262;game.cn_qd.2263;game.cn_qd.2264;game.cn_qd.2265;game.cn_qd.2266;game.cn_qd.2267;game.cn_qd.2268;game.cn_qd.2269;game.cn_qd.2270;game.cn_qd.2271;game.cn_qd.2272;game.cn_qd.2273;game.cn_qd.2274;game.cn_qd.2275;game.cn_qd.2276;game.cn_qd.2277;game.cn_qd.2278;game.cn_qd.2279;game.cn_qd.2280;game.cn_qd.2281;game.cn_qd.2282;game.cn_qd.2283;game.cn_qd.2284;game.cn_qd.2285;game.cn_qd.2286;game.cn_qd.2287;game.cn_qd.2288;game.cn_qd.2289;game.cn_qd.2290;game.cn_qd.2291;game.cn_qd.2292;game.cn_qd.2293;game.cn_qd.2294;game.cn_qd.2295;game.cn_qd.2296;game.cn_qd.2297;game.cn_qd.2298;game.cn_qd.2299;game.cn_qd.2300;game.cn_qd.2301;game.cn_qd.2302;game.cn_qd.2303;game.cn_qd.2304;game.cn_qd.2305;game.cn_qd.2306;game.cn_qd.2307;game.cn_qd.2308;game.cn_qd.2309;game.cn_qd.2310;game.cn_qd.2311;game.cn_qd.2312;game.cn_qd.2313;game.cn_qd.2314;game.cn_qd.2315;game.cn_qd.2316;game.cn_qd.2317;game.cn_qd.2318;game.cn_qd.2319;game.cn_qd.2320;game.cn_qd.2321>,17,30101
12017,<game.cn_qd.2322;game.cn_qd.2323;game.cn_qd.2324;game.cn_qd.2325;game.cn_qd.2326;game.cn_qd.2327;game.cn_qd.2328;game.cn_qd.2329;game.cn_qd.2330;game.cn_qd.2331;game.cn_qd.2332;game.cn_qd.2333;game.cn_qd.2334;game.cn_qd.2335;game.cn_qd.2336;game.cn_qd.2337;game.cn_qd.2338;game.cn_qd.2339;game.cn_qd.2340;game.cn_qd.2341;game.cn_qd.2342;game.cn_qd.2343;game.cn_qd.2344;game.cn_qd.2345;game.cn_qd.2346;game.cn_qd.2347;game.cn_qd.2348;game.cn_qd.2349;game.cn_qd.2350;game.cn_qd.2351;game.cn_qd.2352;game.cn_qd.2353;game.cn_qd.2354;game.cn_qd.2355;game.cn_qd.2356;game.cn_qd.2357;game.cn_qd.2358;game.cn_qd.2359;game.cn_qd.2360;game.cn_qd.2361;game.cn_qd.2362;game.cn_qd.2363;game.cn_qd.2364;game.cn_qd.2365;game.cn_qd.2366;game.cn_qd.2367;game.cn_qd.2368;game.cn_qd.2369;game.cn_qd.2370;game.cn_qd.2371;game.cn_qd.2372;game.cn_qd.2373;game.cn_qd.2374;game.cn_qd.2375;game.cn_qd.2376;game.cn_qd.2377;game.cn_qd.2378;game.cn_qd.2379;game.cn_qd.2380;game.cn_qd.2381;game.cn_qd.2382;game.cn_qd.2383;game.cn_qd.2384;game.cn_qd.2385;game.cn_qd.2386;game.cn_qd.2387;game.cn_qd.2388;game.cn_qd.2389;game.cn_qd.2390;game.cn_qd.2391;game.cn_qd.2392;game.cn_qd.2393;game.cn_qd.2394;game.cn_qd.2395;game.cn_qd.2396;game.cn_qd.2397;game.cn_qd.2398;game.cn_qd.2399;game.cn_qd.2400;game.cn_qd.2401;game.cn_qd.2402;game.cn_qd.2403;game.cn_qd.2404;game.cn_qd.2405;game.cn_qd.2406;game.cn_qd.2407;game.cn_qd.2408;game.cn_qd.2409;game.cn_qd.2410;game.cn_qd.2411;game.cn_qd.2412;game.cn_qd.2413;game.cn_qd.2414;game.cn_qd.2415;game.cn_qd.2416;game.cn_qd.2417;game.cn_qd.2418;game.cn_qd.2419;game.cn_qd.2420;game.cn_qd.2421>,18,30101
12018,<game.cn_qd.2422;game.cn_qd.2423;game.cn_qd.2424;game.cn_qd.2425;game.cn_qd.2426;game.cn_qd.2427;game.cn_qd.2428;game.cn_qd.2429;game.cn_qd.2430;game.cn_qd.2431;game.cn_qd.2432;game.cn_qd.2433;game.cn_qd.2434;game.cn_qd.2435;game.cn_qd.2436;game.cn_qd.2437;game.cn_qd.2438;game.cn_qd.2439;game.cn_qd.2440;game.cn_qd.2441;game.cn_qd.2442;game.cn_qd.2443;game.cn_qd.2444;game.cn_qd.2445;game.cn_qd.2446;game.cn_qd.2447;game.cn_qd.2448;game.cn_qd.2449;game.cn_qd.2450;game.cn_qd.2451;game.cn_qd.2452;game.cn_qd.2453;game.cn_qd.2454;game.cn_qd.2455;game.cn_qd.2456;game.cn_qd.2457;game.cn_qd.2458;game.cn_qd.2459;game.cn_qd.2460;game.cn_qd.2461;game.cn_qd.2462;game.cn_qd.2463;game.cn_qd.2464;game.cn_qd.2465;game.cn_qd.2466;game.cn_qd.2467;game.cn_qd.2468;game.cn_qd.2469;game.cn_qd.2470;game.cn_qd.2471;game.cn_qd.2472;game.cn_qd.2473;game.cn_qd.2474;game.cn_qd.2475;game.cn_qd.2476;game.cn_qd.2477;game.cn_qd.2478;game.cn_qd.2479;game.cn_qd.2480;game.cn_qd.2481;game.cn_qd.2482;game.cn_qd.2483;game.cn_qd.2484;game.cn_qd.2485;game.cn_qd.2486;game.cn_qd.2487;game.cn_qd.2488;game.cn_qd.2489;game.cn_qd.2490;game.cn_qd.2491;game.cn_qd.2492;game.cn_qd.2493;game.cn_qd.2494;game.cn_qd.2495;game.cn_qd.2496;game.cn_qd.2497;game.cn_qd.2498;game.cn_qd.2499;game.cn_qd.2500;game.cn_qd.2501;game.cn_qd.2502;game.cn_qd.2503;game.cn_qd.2504;game.cn_qd.2505;game.cn_qd.2506>,19,30101
12030,<game.cn_qd.1;gamemerge.cn_qd.31;gamemerge.cn_qd.32;gamemerge.cn_qd.33;gamemerge.cn_qd.34;gamemerge.cn_qd.35;gamemerge.cn_qd.36;gamemerge.cn_qd.37;gamemerge.cn_qd.1;gamemerge.cn_qd.2;gamemerge.cn_qd.3;gamemerge.cn_qd.4;gamemerge.cn_qd.5;gamemerge.cn_qd.6;gamemerge.cn_qd.7;gamemerge.cn_qd.8;gamemerge.cn_qd.9;gamemerge.cn_qd.10;gamemerge.cn_qd.11;gamemerge.cn_qd.12;gamemerge.cn_qd.13;gamemerge.cn_qd.14;gamemerge.cn_qd.15;gamemerge.cn_qd.16;gamemerge.cn_qd.17;gamemerge.cn_qd.18;gamemerge.cn_qd.19;gamemerge.cn_qd.20;gamemerge.cn_qd.21;gamemerge.cn_qd.22;gamemerge.cn_qd.23;gamemerge.cn_qd.24;gamemerge.cn_qd.25;gamemerge.cn_qd.26;gamemerge.cn_qd.27;gamemerge.cn_qd.28;gamemerge.cn_qd.29;gamemerge.cn_qd.30;gamemerge.cn_qd.38;gamemerge.cn_qd.39;gamemerge.cn_qd.40;gamemerge.cn_qd.41;gamemerge.cn_qd.42;gamemerge.cn_qd.43;gamemerge.cn_qd.44;gamemerge.cn_qd.45;gamemerge.cn_qd.46;gamemerge.cn_qd.47;gamemerge.cn_qd.48;gamemerge.cn_qd.49;gamemerge.cn_qd.50;gamemerge.cn_qd.51;gamemerge.cn_qd.52;gamemerge.cn_qd.53;gamemerge.cn_qd.54;gamemerge.cn_qd.55;gamemerge.cn_qd.56;gamemerge.cn_qd.57;gamemerge.cn_qd.58;gamemerge.cn_qd.59;gamemerge.cn_qd.60;gamemerge.cn_qd.61;gamemerge.cn_qd.62;gamemerge.cn_qd.63;gamemerge.cn_qd.64;gamemerge.cn_qd.65;gamemerge.cn_qd.66;gamemerge.cn_qd.67;gamemerge.cn_qd.68;gamemerge.cn_qd.69;gamemerge.cn_qd.70;gamemerge.cn_qd.71;gamemerge.cn_qd.72;gamemerge.cn_qd.73;gamemerge.cn_qd.74;gamemerge.cn_qd.75;gamemerge.cn_qd.76;gamemerge.cn_qd.77;gamemerge.cn_qd.78;gamemerge.cn_qd.79;gamemerge.cn_qd.80;gamemerge.cn_qd.81;gamemerge.cn_qd.82;gamemerge.cn_qd.83;gamemerge.cn_qd.84;gamemerge.cn_qd.85;gamemerge.cn_qd.86;gamemerge.cn_qd.87;gamemerge.cn_qd.88;gamemerge.cn_qd.89;gamemerge.cn_qd.90;gamemerge.cn_qd.91;gamemerge.cn_qd.92;gamemerge.cn_qd.93;gamemerge.cn_qd.94;gamemerge.cn_qd.95;gamemerge.cn_qd.96;gamemerge.cn_qd.97;gamemerge.cn_qd.98;gamemerge.cn_qd.99;gamemerge.cn_qd.100;gamemerge.cn_qd.101;gamemerge.cn_qd.102>,1,30102
12031,<gamemerge.cn_qd.103;gamemerge.cn_qd.104;gamemerge.cn_qd.105;gamemerge.cn_qd.106;gamemerge.cn_qd.107;gamemerge.cn_qd.108;gamemerge.cn_qd.109;gamemerge.cn_qd.110;gamemerge.cn_qd.111;gamemerge.cn_qd.112;gamemerge.cn_qd.113;gamemerge.cn_qd.114;gamemerge.cn_qd.115;gamemerge.cn_qd.116;gamemerge.cn_qd.117;gamemerge.cn_qd.118;gamemerge.cn_qd.119;gamemerge.cn_qd.120;gamemerge.cn_qd.121;gamemerge.cn_qd.122;gamemerge.cn_qd.123;gamemerge.cn_qd.124;gamemerge.cn_qd.125;gamemerge.cn_qd.126;gamemerge.cn_qd.127;gamemerge.cn_qd.128;gamemerge.cn_qd.129;gamemerge.cn_qd.130;gamemerge.cn_qd.131;gamemerge.cn_qd.132;gamemerge.cn_qd.133;gamemerge.cn_qd.134;gamemerge.cn_qd.135;gamemerge.cn_qd.136;gamemerge.cn_qd.137;gamemerge.cn_qd.138;gamemerge.cn_qd.139;gamemerge.cn_qd.140;gamemerge.cn_qd.141;gamemerge.cn_qd.142;gamemerge.cn_qd.143;gamemerge.cn_qd.144;gamemerge.cn_qd.145;gamemerge.cn_qd.146;gamemerge.cn_qd.147;gamemerge.cn_qd.148;gamemerge.cn_qd.149;gamemerge.cn_qd.150;gamemerge.cn_qd.151;gamemerge.cn_qd.152;gamemerge.cn_qd.153;gamemerge.cn_qd.154;gamemerge.cn_qd.155;gamemerge.cn_qd.156;gamemerge.cn_qd.157;game.cn_qd.780;game.cn_qd.781;game.cn_qd.782;game.cn_qd.783;game.cn_qd.784;game.cn_qd.785;game.cn_qd.786;game.cn_qd.787;game.cn_qd.788;game.cn_qd.789;game.cn_qd.790;game.cn_qd.791;game.cn_qd.792;game.cn_qd.793;game.cn_qd.794;game.cn_qd.795;game.cn_qd.796;game.cn_qd.797;game.cn_qd.798;game.cn_qd.799;game.cn_qd.800;game.cn_qd.801;game.cn_qd.802;game.cn_qd.803;game.cn_qd.804;game.cn_qd.805;game.cn_qd.806;game.cn_qd.807;game.cn_qd.808;game.cn_qd.809;game.cn_qd.810;game.cn_qd.811;game.cn_qd.812;game.cn_qd.813;game.cn_qd.814;game.cn_qd.815;game.cn_qd.816;game.cn_qd.817;game.cn_qd.818;game.cn_qd.819;game.cn_qd.820;game.cn_qd.821;game.cn_qd.822;game.cn_qd.823;game.cn_qd.824;game.cn_qd.825;game.cn_qd.826;game.cn_qd.827>,2,30102
12032,<game.cn_qd.828;game.cn_qd.829;game.cn_qd.830;game.cn_qd.831;game.cn_qd.832;game.cn_qd.833;game.cn_qd.834;game.cn_qd.835;game.cn_qd.836;game.cn_qd.837;game.cn_qd.838;game.cn_qd.839;game.cn_qd.840;game.cn_qd.841;game.cn_qd.842;game.cn_qd.843;game.cn_qd.844;game.cn_qd.845;game.cn_qd.846;game.cn_qd.847;game.cn_qd.848;game.cn_qd.849;game.cn_qd.850;game.cn_qd.851;game.cn_qd.852;game.cn_qd.853;game.cn_qd.854;game.cn_qd.855;game.cn_qd.856;game.cn_qd.857;game.cn_qd.858;game.cn_qd.859;game.cn_qd.860;game.cn_qd.861;game.cn_qd.862;game.cn_qd.863;game.cn_qd.864;game.cn_qd.865;game.cn_qd.866;game.cn_qd.867;game.cn_qd.868;game.cn_qd.869;game.cn_qd.870;game.cn_qd.871;game.cn_qd.872;game.cn_qd.873;game.cn_qd.874;game.cn_qd.875;game.cn_qd.876;game.cn_qd.877;game.cn_qd.878;game.cn_qd.879;game.cn_qd.880;game.cn_qd.881;game.cn_qd.882;game.cn_qd.883;game.cn_qd.884;game.cn_qd.885;game.cn_qd.886;game.cn_qd.887;game.cn_qd.888;game.cn_qd.889;game.cn_qd.890;game.cn_qd.891;game.cn_qd.892;game.cn_qd.893;game.cn_qd.894;game.cn_qd.895;game.cn_qd.896;game.cn_qd.897;game.cn_qd.898;game.cn_qd.899;game.cn_qd.900;game.cn_qd.901;game.cn_qd.902;game.cn_qd.903;game.cn_qd.904;game.cn_qd.905;game.cn_qd.906;game.cn_qd.907;game.cn_qd.908;game.cn_qd.909;game.cn_qd.910;game.cn_qd.911;game.cn_qd.912;game.cn_qd.913;game.cn_qd.914;game.cn_qd.915;game.cn_qd.916;game.cn_qd.917;game.cn_qd.918;game.cn_qd.919;game.cn_qd.920;game.cn_qd.921;game.cn_qd.922;game.cn_qd.923;game.cn_qd.924;game.cn_qd.925;game.cn_qd.926;game.cn_qd.927;game.cn_qd.928;game.cn_qd.929;game.cn_qd.930>,3,30102
12033,<game.cn_qd.931;game.cn_qd.932;game.cn_qd.933;game.cn_qd.934;game.cn_qd.935;game.cn_qd.936;game.cn_qd.937;game.cn_qd.938;game.cn_qd.939;game.cn_qd.940;game.cn_qd.941;game.cn_qd.942;game.cn_qd.943;game.cn_qd.944;game.cn_qd.945;game.cn_qd.946;game.cn_qd.947;game.cn_qd.948;game.cn_qd.949;game.cn_qd.950;game.cn_qd.951;game.cn_qd.952;game.cn_qd.953;game.cn_qd.954;game.cn_qd.955;game.cn_qd.956;game.cn_qd.957;game.cn_qd.958;game.cn_qd.959;game.cn_qd.960;game.cn_qd.961;game.cn_qd.962;game.cn_qd.963;game.cn_qd.964;game.cn_qd.965;game.cn_qd.966;game.cn_qd.967;game.cn_qd.968;game.cn_qd.969;game.cn_qd.970;game.cn_qd.971;game.cn_qd.972;game.cn_qd.973;game.cn_qd.974;game.cn_qd.975;game.cn_qd.976;game.cn_qd.977;game.cn_qd.978;game.cn_qd.979;game.cn_qd.980;game.cn_qd.981;game.cn_qd.982;game.cn_qd.983;game.cn_qd.984;game.cn_qd.985;game.cn_qd.986;game.cn_qd.987;game.cn_qd.988;game.cn_qd.989;game.cn_qd.990;game.cn_qd.991;game.cn_qd.992;game.cn_qd.993;game.cn_qd.994;game.cn_qd.995;game.cn_qd.996;game.cn_qd.997;game.cn_qd.998;game.cn_qd.999;game.cn_qd.1000;game.cn_qd.1001;game.cn_qd.1002;game.cn_qd.1003;game.cn_qd.1004;game.cn_qd.1005;game.cn_qd.1006;game.cn_qd.1007;game.cn_qd.1008;game.cn_qd.1009;game.cn_qd.1010;game.cn_qd.1011;game.cn_qd.1012;game.cn_qd.1013;game.cn_qd.1014;game.cn_qd.1015;game.cn_qd.1016;game.cn_qd.1017;game.cn_qd.1018;game.cn_qd.1019;game.cn_qd.1020;game.cn_qd.1021;game.cn_qd.1022;game.cn_qd.1023;game.cn_qd.1024;game.cn_qd.1025;game.cn_qd.1026;game.cn_qd.1027;game.cn_qd.1028;game.cn_qd.1029;game.cn_qd.1030;game.cn_qd.1031;game.cn_qd.1032;game.cn_qd.1033>,4,30102
12034,<game.cn_qd.1034;game.cn_qd.1035;game.cn_qd.1036;game.cn_qd.1037;game.cn_qd.1038;game.cn_qd.1039;game.cn_qd.1040;game.cn_qd.1041;game.cn_qd.1042;game.cn_qd.1043;game.cn_qd.1044;game.cn_qd.1045;game.cn_qd.1046;game.cn_qd.1047;game.cn_qd.1048;game.cn_qd.1049;game.cn_qd.1050;game.cn_qd.1051;game.cn_qd.1052;game.cn_qd.1053;game.cn_qd.1054;game.cn_qd.1055;game.cn_qd.1056;game.cn_qd.1057;game.cn_qd.1058;game.cn_qd.1059;game.cn_qd.1060;game.cn_qd.1061;game.cn_qd.1062;game.cn_qd.1063;game.cn_qd.1064;game.cn_qd.1065;game.cn_qd.1066;game.cn_qd.1067;game.cn_qd.1068;game.cn_qd.1069;game.cn_qd.1070;game.cn_qd.1071;game.cn_qd.1072;game.cn_qd.1073;game.cn_qd.1074;game.cn_qd.1075;game.cn_qd.1076;game.cn_qd.1077;game.cn_qd.1078;game.cn_qd.1079;game.cn_qd.1080;game.cn_qd.1081;game.cn_qd.1082;game.cn_qd.1083;game.cn_qd.1084;game.cn_qd.1085;game.cn_qd.1086;game.cn_qd.1087;game.cn_qd.1088;game.cn_qd.1089;game.cn_qd.1090;game.cn_qd.1091;game.cn_qd.1092;game.cn_qd.1093;game.cn_qd.1094;game.cn_qd.1095;game.cn_qd.1096;game.cn_qd.1097;game.cn_qd.1098;game.cn_qd.1099;game.cn_qd.1100;game.cn_qd.1101;game.cn_qd.1102;game.cn_qd.1103;game.cn_qd.1104;game.cn_qd.1105;game.cn_qd.1106;game.cn_qd.1107;game.cn_qd.1108;game.cn_qd.1109;game.cn_qd.1110;game.cn_qd.1111;game.cn_qd.1112;game.cn_qd.1113;game.cn_qd.1114;game.cn_qd.1115;game.cn_qd.1116;game.cn_qd.1117;game.cn_qd.1118;game.cn_qd.1119;game.cn_qd.1120;game.cn_qd.1121;game.cn_qd.1122;game.cn_qd.1123;game.cn_qd.1124;game.cn_qd.1125;game.cn_qd.1126;game.cn_qd.1127;game.cn_qd.1128;game.cn_qd.1129;game.cn_qd.1130;game.cn_qd.1131;game.cn_qd.1132;game.cn_qd.1133;game.cn_qd.1134;game.cn_qd.1135;game.cn_qd.1136>,5,30102
12035,<game.cn_qd.1137;game.cn_qd.1138;game.cn_qd.1139;game.cn_qd.1140;game.cn_qd.1141;game.cn_qd.1142;game.cn_qd.1143;game.cn_qd.1144;game.cn_qd.1145;game.cn_qd.1146;game.cn_qd.1147;game.cn_qd.1148;game.cn_qd.1149;game.cn_qd.1150;game.cn_qd.1151;game.cn_qd.1152;game.cn_qd.1153;game.cn_qd.1154;game.cn_qd.1155;game.cn_qd.1156;game.cn_qd.1157;game.cn_qd.1158;game.cn_qd.1159;game.cn_qd.1160;game.cn_qd.1161;game.cn_qd.1162;game.cn_qd.1163;game.cn_qd.1164;game.cn_qd.1165;game.cn_qd.1166;game.cn_qd.1167;game.cn_qd.1168;game.cn_qd.1169;game.cn_qd.1170;game.cn_qd.1171;game.cn_qd.1172;game.cn_qd.1173;game.cn_qd.1174;game.cn_qd.1175;game.cn_qd.1176;game.cn_qd.1177;game.cn_qd.1178;game.cn_qd.1179;game.cn_qd.1180;game.cn_qd.1181;game.cn_qd.1182;game.cn_qd.1183;game.cn_qd.1184;game.cn_qd.1185;game.cn_qd.1186;game.cn_qd.1187;game.cn_qd.1188;game.cn_qd.1189;game.cn_qd.1190;game.cn_qd.1191;game.cn_qd.1192;game.cn_qd.1193;game.cn_qd.1194;game.cn_qd.1195;game.cn_qd.1196;game.cn_qd.1197;game.cn_qd.1198;game.cn_qd.1199;game.cn_qd.1200;game.cn_qd.1201;game.cn_qd.1202;game.cn_qd.1203;game.cn_qd.1204;game.cn_qd.1205;game.cn_qd.1206;game.cn_qd.1207;game.cn_qd.1208;game.cn_qd.1209;game.cn_qd.1210;game.cn_qd.1211;game.cn_qd.1212;game.cn_qd.1213;game.cn_qd.1214;game.cn_qd.1215;game.cn_qd.1216;game.cn_qd.1217;game.cn_qd.1218;game.cn_qd.1219;game.cn_qd.1220;game.cn_qd.1221;game.cn_qd.1222;game.cn_qd.1223;game.cn_qd.1224;game.cn_qd.1225;game.cn_qd.1226;game.cn_qd.1227;game.cn_qd.1228;game.cn_qd.1229;game.cn_qd.1230;game.cn_qd.1231;game.cn_qd.1232;game.cn_qd.1233;game.cn_qd.1234;game.cn_qd.1235;game.cn_qd.1236;game.cn_qd.1237;game.cn_qd.1238;game.cn_qd.1239>,6,30102
12036,<game.cn_qd.1240;game.cn_qd.1241;game.cn_qd.1242;game.cn_qd.1243;game.cn_qd.1244;game.cn_qd.1245;game.cn_qd.1246;game.cn_qd.1247;game.cn_qd.1248;game.cn_qd.1249;game.cn_qd.1250;game.cn_qd.1251;game.cn_qd.1252;game.cn_qd.1253;game.cn_qd.1254;game.cn_qd.1255;game.cn_qd.1256;game.cn_qd.1257;game.cn_qd.1258;game.cn_qd.1259;game.cn_qd.1260;game.cn_qd.1261;game.cn_qd.1262;game.cn_qd.1263;game.cn_qd.1264;game.cn_qd.1265;game.cn_qd.1266;game.cn_qd.1267;game.cn_qd.1268;game.cn_qd.1269;game.cn_qd.1270;game.cn_qd.1271;game.cn_qd.1272;game.cn_qd.1273;game.cn_qd.1274;game.cn_qd.1275;game.cn_qd.1276;game.cn_qd.1277;game.cn_qd.1278;game.cn_qd.1279;game.cn_qd.1280;game.cn_qd.1281;game.cn_qd.1282;game.cn_qd.1283;game.cn_qd.1284;game.cn_qd.1285;game.cn_qd.1286;game.cn_qd.1287;game.cn_qd.1288;game.cn_qd.1289;game.cn_qd.1290;game.cn_qd.1291;game.cn_qd.1292;game.cn_qd.1293;game.cn_qd.1294;game.cn_qd.1295;game.cn_qd.1296;game.cn_qd.1297;game.cn_qd.1298;game.cn_qd.1299;game.cn_qd.1300;game.cn_qd.1301;game.cn_qd.1302;game.cn_qd.1303;game.cn_qd.1304;game.cn_qd.1305;game.cn_qd.1306;game.cn_qd.1307;game.cn_qd.1308;game.cn_qd.1309;game.cn_qd.1310;game.cn_qd.1311;game.cn_qd.1312;game.cn_qd.1313;game.cn_qd.1314;game.cn_qd.1315;game.cn_qd.1316;game.cn_qd.1317;game.cn_qd.1318;game.cn_qd.1319;game.cn_qd.1320;game.cn_qd.1321;game.cn_qd.1322;game.cn_qd.1323;game.cn_qd.1324;game.cn_qd.1325;game.cn_qd.1326;game.cn_qd.1327;game.cn_qd.1328;game.cn_qd.1329;game.cn_qd.1330;game.cn_qd.1331;game.cn_qd.1332;game.cn_qd.1333;game.cn_qd.1334;game.cn_qd.1335;game.cn_qd.1336;game.cn_qd.1337;game.cn_qd.1338;game.cn_qd.1339;game.cn_qd.1340;game.cn_qd.1341;game.cn_qd.1342>,7,30102
12037,<game.cn_qd.1343;game.cn_qd.1344;game.cn_qd.1345;game.cn_qd.1346;game.cn_qd.1347;game.cn_qd.1348;game.cn_qd.1349;game.cn_qd.1350;game.cn_qd.1351;game.cn_qd.1352;game.cn_qd.1353;game.cn_qd.1354;game.cn_qd.1355;game.cn_qd.1356;game.cn_qd.1357;game.cn_qd.1358;game.cn_qd.1359;game.cn_qd.1360;game.cn_qd.1361;game.cn_qd.1362;game.cn_qd.1363;game.cn_qd.1364;game.cn_qd.1365;game.cn_qd.1366;game.cn_qd.1367;game.cn_qd.1368;game.cn_qd.1369;game.cn_qd.1370;game.cn_qd.1371;game.cn_qd.1372;game.cn_qd.1373;game.cn_qd.1374;game.cn_qd.1375;game.cn_qd.1376;game.cn_qd.1377;game.cn_qd.1378;game.cn_qd.1379;game.cn_qd.1380;game.cn_qd.1381;game.cn_qd.1382;game.cn_qd.1383;game.cn_qd.1384;game.cn_qd.1385;game.cn_qd.1386;game.cn_qd.1387;game.cn_qd.1388;game.cn_qd.1389;game.cn_qd.1390;game.cn_qd.1391;game.cn_qd.1392;game.cn_qd.1393;game.cn_qd.1394;game.cn_qd.1395;game.cn_qd.1396;game.cn_qd.1397;game.cn_qd.1398;game.cn_qd.1399;game.cn_qd.1400;game.cn_qd.1401;game.cn_qd.1402;game.cn_qd.1403;game.cn_qd.1404;game.cn_qd.1405;game.cn_qd.1406;game.cn_qd.1407;game.cn_qd.1408;game.cn_qd.1409;game.cn_qd.1410;game.cn_qd.1411;game.cn_qd.1412;game.cn_qd.1413;game.cn_qd.1414;game.cn_qd.1415;game.cn_qd.1416;game.cn_qd.1417;game.cn_qd.1418;game.cn_qd.1419;game.cn_qd.1420;game.cn_qd.1421;game.cn_qd.1422;game.cn_qd.1423;game.cn_qd.1424;game.cn_qd.1425;game.cn_qd.1426;game.cn_qd.1427;game.cn_qd.1428;game.cn_qd.1429;game.cn_qd.1430;game.cn_qd.1431;game.cn_qd.1432;game.cn_qd.1433;game.cn_qd.1434;game.cn_qd.1435;game.cn_qd.1436;game.cn_qd.1437;game.cn_qd.1438;game.cn_qd.1439;game.cn_qd.1440;game.cn_qd.1441;game.cn_qd.1442;game.cn_qd.1443;game.cn_qd.1444;game.cn_qd.1445>,8,30102
12038,<game.cn_qd.1446;game.cn_qd.1447;game.cn_qd.1448;game.cn_qd.1449;game.cn_qd.1450;game.cn_qd.1451;game.cn_qd.1452;game.cn_qd.1453;game.cn_qd.1454;game.cn_qd.1455;game.cn_qd.1456;game.cn_qd.1457;game.cn_qd.1458;game.cn_qd.1459;game.cn_qd.1460;game.cn_qd.1461;game.cn_qd.1462;game.cn_qd.1463;game.cn_qd.1464;game.cn_qd.1465;game.cn_qd.1466;game.cn_qd.1467;game.cn_qd.1468;game.cn_qd.1469;game.cn_qd.1470;game.cn_qd.1471;game.cn_qd.1472;game.cn_qd.1473;game.cn_qd.1474;game.cn_qd.1475;game.cn_qd.1476;game.cn_qd.1477;game.cn_qd.1478;game.cn_qd.1479;game.cn_qd.1480;game.cn_qd.1481;game.cn_qd.1482;game.cn_qd.1483;game.cn_qd.1484;game.cn_qd.1485;game.cn_qd.1486;game.cn_qd.1487;game.cn_qd.1488;game.cn_qd.1489;game.cn_qd.1490;game.cn_qd.1491;game.cn_qd.1492;game.cn_qd.1493;game.cn_qd.1494;game.cn_qd.1495;game.cn_qd.1496;game.cn_qd.1497;game.cn_qd.1498;game.cn_qd.1499;game.cn_qd.1500;game.cn_qd.1501;game.cn_qd.1502;game.cn_qd.1503;game.cn_qd.1504;game.cn_qd.1505;game.cn_qd.1506;game.cn_qd.1507;game.cn_qd.1508;game.cn_qd.1509;game.cn_qd.1510;game.cn_qd.1511;game.cn_qd.1512;game.cn_qd.1513;game.cn_qd.1514;game.cn_qd.1515;game.cn_qd.1516;game.cn_qd.1517;game.cn_qd.1518;game.cn_qd.1519;game.cn_qd.1520;game.cn_qd.1521;game.cn_qd.1522;game.cn_qd.1523;game.cn_qd.1524;game.cn_qd.1525;game.cn_qd.1526;game.cn_qd.1527;game.cn_qd.1528;game.cn_qd.1529;game.cn_qd.1530;game.cn_qd.1531;game.cn_qd.1532;game.cn_qd.1533;game.cn_qd.1534;game.cn_qd.1535;game.cn_qd.1536;game.cn_qd.1537;game.cn_qd.1538;game.cn_qd.1539;game.cn_qd.1540;game.cn_qd.1541;game.cn_qd.1542;game.cn_qd.1543;game.cn_qd.1544;game.cn_qd.1545;game.cn_qd.1546;game.cn_qd.1547;game.cn_qd.1548>,9,30102
12039,<game.cn_qd.1549;game.cn_qd.1550;game.cn_qd.1551;game.cn_qd.1552;game.cn_qd.1553;game.cn_qd.1554;game.cn_qd.1555;game.cn_qd.1556;game.cn_qd.1557;game.cn_qd.1558;game.cn_qd.1559;game.cn_qd.1560;game.cn_qd.1561;game.cn_qd.1562;game.cn_qd.1563;game.cn_qd.1564;game.cn_qd.1565;game.cn_qd.1566;game.cn_qd.1567;game.cn_qd.1568;game.cn_qd.1569;game.cn_qd.1570;game.cn_qd.1571;game.cn_qd.1572;game.cn_qd.1573;game.cn_qd.1574;game.cn_qd.1575;game.cn_qd.1576;game.cn_qd.1577;game.cn_qd.1578;game.cn_qd.1579;game.cn_qd.1580;game.cn_qd.1581;game.cn_qd.1582;game.cn_qd.1583;game.cn_qd.1584;game.cn_qd.1585;game.cn_qd.1586;game.cn_qd.1587;game.cn_qd.1588;game.cn_qd.1589;game.cn_qd.1590;game.cn_qd.1591;game.cn_qd.1592;game.cn_qd.1593;game.cn_qd.1594;game.cn_qd.1595;game.cn_qd.1596;game.cn_qd.1597;game.cn_qd.1598;game.cn_qd.1599;game.cn_qd.1600;game.cn_qd.1601;game.cn_qd.1602;game.cn_qd.1603;game.cn_qd.1604;game.cn_qd.1605;game.cn_qd.1606;game.cn_qd.1607;game.cn_qd.1608;game.cn_qd.1609;game.cn_qd.1610;game.cn_qd.1611;game.cn_qd.1612;game.cn_qd.1613;game.cn_qd.1614;game.cn_qd.1615;game.cn_qd.1616;game.cn_qd.1617;game.cn_qd.1618;game.cn_qd.1619;game.cn_qd.1620;game.cn_qd.1621;game.cn_qd.1622;game.cn_qd.1623;game.cn_qd.1624;game.cn_qd.1625;game.cn_qd.1626;game.cn_qd.1627;game.cn_qd.1628;game.cn_qd.1629;game.cn_qd.1630;game.cn_qd.1631;game.cn_qd.1632;game.cn_qd.1633;game.cn_qd.1634;game.cn_qd.1635;game.cn_qd.1636;game.cn_qd.1637;game.cn_qd.1638;game.cn_qd.1639;game.cn_qd.1640;game.cn_qd.1641;game.cn_qd.1642;game.cn_qd.1643;game.cn_qd.1644;game.cn_qd.1645;game.cn_qd.1646;game.cn_qd.1647;game.cn_qd.1648;game.cn_qd.1649;game.cn_qd.1650;game.cn_qd.1651>,10,30102
12040,<game.cn_qd.1652;game.cn_qd.1653;game.cn_qd.1654;game.cn_qd.1655;game.cn_qd.1656;game.cn_qd.1657;game.cn_qd.1658;game.cn_qd.1659;game.cn_qd.1660;game.cn_qd.1661;game.cn_qd.1662;game.cn_qd.1663;game.cn_qd.1664;game.cn_qd.1665;game.cn_qd.1666;game.cn_qd.1667;game.cn_qd.1668;game.cn_qd.1669;game.cn_qd.1670;game.cn_qd.1671;game.cn_qd.1672;game.cn_qd.1673;game.cn_qd.1674;game.cn_qd.1675;game.cn_qd.1676;game.cn_qd.1677;game.cn_qd.1678;game.cn_qd.1679;game.cn_qd.1680;game.cn_qd.1681;game.cn_qd.1682;game.cn_qd.1683;game.cn_qd.1684;game.cn_qd.1685;game.cn_qd.1686;game.cn_qd.1687;game.cn_qd.1688;game.cn_qd.1689;game.cn_qd.1690;game.cn_qd.1691;game.cn_qd.1692;game.cn_qd.1693;game.cn_qd.1694;game.cn_qd.1695;game.cn_qd.1696;game.cn_qd.1697;game.cn_qd.1698;game.cn_qd.1699;game.cn_qd.1700;game.cn_qd.1701;game.cn_qd.1702;game.cn_qd.1703;game.cn_qd.1704;game.cn_qd.1705;game.cn_qd.1706;game.cn_qd.1707;game.cn_qd.1708;game.cn_qd.1709;game.cn_qd.1710;game.cn_qd.1711;game.cn_qd.1712;game.cn_qd.1713;game.cn_qd.1714;game.cn_qd.1715;game.cn_qd.1716;game.cn_qd.1717;game.cn_qd.1718;game.cn_qd.1719;game.cn_qd.1720;game.cn_qd.1721;game.cn_qd.1722;game.cn_qd.1723;game.cn_qd.1724;game.cn_qd.1725;game.cn_qd.1726;game.cn_qd.1727;game.cn_qd.1728;game.cn_qd.1729;game.cn_qd.1730;game.cn_qd.1731;game.cn_qd.1732;game.cn_qd.1733;game.cn_qd.1734;game.cn_qd.1735;game.cn_qd.1736;game.cn_qd.1737;game.cn_qd.1738;game.cn_qd.1739;game.cn_qd.1740;game.cn_qd.1741;game.cn_qd.1742;game.cn_qd.1743;game.cn_qd.1744;game.cn_qd.1745;game.cn_qd.1746;game.cn_qd.1747;game.cn_qd.1748;game.cn_qd.1749;game.cn_qd.1750;game.cn_qd.1751;game.cn_qd.1752;game.cn_qd.1753;game.cn_qd.1754>,11,30102
12041,<game.cn_qd.1755;game.cn_qd.1756;game.cn_qd.1757;game.cn_qd.1758;game.cn_qd.1759;game.cn_qd.1760;game.cn_qd.1761;game.cn_qd.1762;game.cn_qd.1763;game.cn_qd.1764;game.cn_qd.1765;game.cn_qd.1766;game.cn_qd.1767;game.cn_qd.1768;game.cn_qd.1769;game.cn_qd.1770;game.cn_qd.1771;game.cn_qd.1772;game.cn_qd.1773;game.cn_qd.1774;game.cn_qd.1775;game.cn_qd.1776;game.cn_qd.1777;game.cn_qd.1778;game.cn_qd.1779;game.cn_qd.1780;game.cn_qd.1781;game.cn_qd.1782;game.cn_qd.1783;game.cn_qd.1784;game.cn_qd.1785;game.cn_qd.1786;game.cn_qd.1787;game.cn_qd.1788;game.cn_qd.1789;game.cn_qd.1790;game.cn_qd.1791;game.cn_qd.1792;game.cn_qd.1793;game.cn_qd.1794;game.cn_qd.1795;game.cn_qd.1796;game.cn_qd.1797;game.cn_qd.1798;game.cn_qd.1799;game.cn_qd.1800;game.cn_qd.1801;game.cn_qd.1802;game.cn_qd.1803;game.cn_qd.1804;game.cn_qd.1805;game.cn_qd.1806;game.cn_qd.1807;game.cn_qd.1808;game.cn_qd.1809;game.cn_qd.1810;game.cn_qd.1811;game.cn_qd.1812;game.cn_qd.1813;game.cn_qd.1814;game.cn_qd.1815;game.cn_qd.1816;game.cn_qd.1817;game.cn_qd.1818;game.cn_qd.1819;game.cn_qd.1820;game.cn_qd.1821;game.cn_qd.1822;game.cn_qd.1823;game.cn_qd.1824;game.cn_qd.1825;game.cn_qd.1826;game.cn_qd.1827;game.cn_qd.1828;game.cn_qd.1829;game.cn_qd.1830;game.cn_qd.1831;game.cn_qd.1832;game.cn_qd.1833;game.cn_qd.1834;game.cn_qd.1835;game.cn_qd.1836;game.cn_qd.1837;game.cn_qd.1838;game.cn_qd.1839;game.cn_qd.1840;game.cn_qd.1841;game.cn_qd.1842;game.cn_qd.1843;game.cn_qd.1844;game.cn_qd.1845;game.cn_qd.1846;game.cn_qd.1847;game.cn_qd.1848;game.cn_qd.1849;game.cn_qd.1850;game.cn_qd.1851;game.cn_qd.1852;game.cn_qd.1853;game.cn_qd.1854;game.cn_qd.1855;game.cn_qd.1856;game.cn_qd.1857>,12,30102
12042,<game.cn_qd.1858;game.cn_qd.1859;game.cn_qd.1860;game.cn_qd.1861;game.cn_qd.1862;game.cn_qd.1863;game.cn_qd.1864;game.cn_qd.1865;game.cn_qd.1866;game.cn_qd.1867;game.cn_qd.1868;game.cn_qd.1869;game.cn_qd.1870;game.cn_qd.1871;game.cn_qd.1872;game.cn_qd.1873;game.cn_qd.1874;game.cn_qd.1875;game.cn_qd.1876;game.cn_qd.1877;game.cn_qd.1878;game.cn_qd.1879;game.cn_qd.1880;game.cn_qd.1881;game.cn_qd.1882;game.cn_qd.1883;game.cn_qd.1884;game.cn_qd.1885;game.cn_qd.1886;game.cn_qd.1887;game.cn_qd.1888;game.cn_qd.1889;game.cn_qd.1890;game.cn_qd.1891;game.cn_qd.1892;game.cn_qd.1893;game.cn_qd.1894;game.cn_qd.1895;game.cn_qd.1896;game.cn_qd.1897;game.cn_qd.1898;game.cn_qd.1899;game.cn_qd.1900;game.cn_qd.1901;game.cn_qd.1902;game.cn_qd.1903;game.cn_qd.1904;game.cn_qd.1905;game.cn_qd.1906;game.cn_qd.1907;game.cn_qd.1908;game.cn_qd.1909;game.cn_qd.1910;game.cn_qd.1911;game.cn_qd.1912;game.cn_qd.1913;game.cn_qd.1914;game.cn_qd.1915;game.cn_qd.1916;game.cn_qd.1917;game.cn_qd.1918;game.cn_qd.1919;game.cn_qd.1920;game.cn_qd.1921;game.cn_qd.1922;game.cn_qd.1923;game.cn_qd.1924;game.cn_qd.1925;game.cn_qd.1926;game.cn_qd.1927;game.cn_qd.1928;game.cn_qd.1929;game.cn_qd.1930;game.cn_qd.1931;game.cn_qd.1932;game.cn_qd.1933;game.cn_qd.1934;game.cn_qd.1935;game.cn_qd.1936;game.cn_qd.1937;game.cn_qd.1938;game.cn_qd.1939;game.cn_qd.1940;game.cn_qd.1941;game.cn_qd.1942;game.cn_qd.1943;game.cn_qd.1944;game.cn_qd.1945;game.cn_qd.1946;game.cn_qd.1947;game.cn_qd.1948;game.cn_qd.1949;game.cn_qd.1950;game.cn_qd.1951;game.cn_qd.1952;game.cn_qd.1953;game.cn_qd.1954;game.cn_qd.1955;game.cn_qd.1956;game.cn_qd.1957;game.cn_qd.1958;game.cn_qd.1959;game.cn_qd.1960>,13,30102
12043,<game.cn_qd.1961;game.cn_qd.1962;game.cn_qd.1963;game.cn_qd.1964;game.cn_qd.1965;game.cn_qd.1966;game.cn_qd.1967;game.cn_qd.1968;game.cn_qd.1969;game.cn_qd.1970;game.cn_qd.1971;game.cn_qd.1972;game.cn_qd.1973;game.cn_qd.1974;game.cn_qd.1975;game.cn_qd.1976;game.cn_qd.1977;game.cn_qd.1978;game.cn_qd.1979;game.cn_qd.1980;game.cn_qd.1981;game.cn_qd.1982;game.cn_qd.1983;game.cn_qd.1984;game.cn_qd.1985;game.cn_qd.1986;game.cn_qd.1987;game.cn_qd.1988;game.cn_qd.1989;game.cn_qd.1990;game.cn_qd.1991;game.cn_qd.1992;game.cn_qd.1993;game.cn_qd.1994;game.cn_qd.1995;game.cn_qd.1996;game.cn_qd.1997;game.cn_qd.1998;game.cn_qd.1999;game.cn_qd.2000;game.cn_qd.2001;game.cn_qd.2002;game.cn_qd.2003;game.cn_qd.2004;game.cn_qd.2005;game.cn_qd.2006;game.cn_qd.2007;game.cn_qd.2008;game.cn_qd.2009;game.cn_qd.2010;game.cn_qd.2011;game.cn_qd.2012;game.cn_qd.2013;game.cn_qd.2014;game.cn_qd.2015;game.cn_qd.2016;game.cn_qd.2017;game.cn_qd.2018;game.cn_qd.2019;game.cn_qd.2020;game.cn_qd.2021;game.cn_qd.2022;game.cn_qd.2023;game.cn_qd.2024;game.cn_qd.2025;game.cn_qd.2026;game.cn_qd.2027;game.cn_qd.2028;game.cn_qd.2029;game.cn_qd.2030;game.cn_qd.2031;game.cn_qd.2032;game.cn_qd.2033;game.cn_qd.2034;game.cn_qd.2035;game.cn_qd.2036;game.cn_qd.2037;game.cn_qd.2038;game.cn_qd.2039;game.cn_qd.2040;game.cn_qd.2041;game.cn_qd.2042;game.cn_qd.2043;game.cn_qd.2044;game.cn_qd.2045;game.cn_qd.2046;game.cn_qd.2047;game.cn_qd.2048;game.cn_qd.2049;game.cn_qd.2050;game.cn_qd.2051;game.cn_qd.2052;game.cn_qd.2053;game.cn_qd.2054;game.cn_qd.2055;game.cn_qd.2056;game.cn_qd.2057;game.cn_qd.2058;game.cn_qd.2059;game.cn_qd.2060;game.cn_qd.2061;game.cn_qd.2062;game.cn_qd.2063>,14,30102
12044,<game.cn_qd.2064;game.cn_qd.2065;game.cn_qd.2066;game.cn_qd.2067;game.cn_qd.2068;game.cn_qd.2069;game.cn_qd.2070;game.cn_qd.2071;game.cn_qd.2072;game.cn_qd.2073;game.cn_qd.2074;game.cn_qd.2075;game.cn_qd.2076;game.cn_qd.2077;game.cn_qd.2078;game.cn_qd.2079;game.cn_qd.2080;game.cn_qd.2081;game.cn_qd.2082;game.cn_qd.2083;game.cn_qd.2084;game.cn_qd.2085;game.cn_qd.2086;game.cn_qd.2087;game.cn_qd.2088;game.cn_qd.2089;game.cn_qd.2090;game.cn_qd.2091;game.cn_qd.2092;game.cn_qd.2093;game.cn_qd.2094;game.cn_qd.2095;game.cn_qd.2096;game.cn_qd.2097;game.cn_qd.2098;game.cn_qd.2099;game.cn_qd.2100;game.cn_qd.2101;game.cn_qd.2102;game.cn_qd.2103;game.cn_qd.2104;game.cn_qd.2105;game.cn_qd.2106;game.cn_qd.2107;game.cn_qd.2108;game.cn_qd.2109;game.cn_qd.2110;game.cn_qd.2111;game.cn_qd.2112;game.cn_qd.2113;game.cn_qd.2114;game.cn_qd.2115;game.cn_qd.2116;game.cn_qd.2117;game.cn_qd.2118;game.cn_qd.2119;game.cn_qd.2120;game.cn_qd.2121;game.cn_qd.2122;game.cn_qd.2123;game.cn_qd.2124;game.cn_qd.2125;game.cn_qd.2126;game.cn_qd.2127;game.cn_qd.2128;game.cn_qd.2129;game.cn_qd.2130;game.cn_qd.2131;game.cn_qd.2132;game.cn_qd.2133;game.cn_qd.2134;game.cn_qd.2135;game.cn_qd.2136;game.cn_qd.2137;game.cn_qd.2138;game.cn_qd.2139;game.cn_qd.2140;game.cn_qd.2141;game.cn_qd.2142;game.cn_qd.2143;game.cn_qd.2144;game.cn_qd.2145;game.cn_qd.2146;game.cn_qd.2147;game.cn_qd.2148;game.cn_qd.2149;game.cn_qd.2150;game.cn_qd.2151;game.cn_qd.2152;game.cn_qd.2153;game.cn_qd.2154;game.cn_qd.2155;game.cn_qd.2156;game.cn_qd.2157;game.cn_qd.2158;game.cn_qd.2159;game.cn_qd.2160;game.cn_qd.2161;game.cn_qd.2162;game.cn_qd.2163;game.cn_qd.2164;game.cn_qd.2165;game.cn_qd.2166>,15,30102
12045,<game.cn_qd.2167;game.cn_qd.2168;game.cn_qd.2169;game.cn_qd.2170;game.cn_qd.2171;game.cn_qd.2172;game.cn_qd.2173;game.cn_qd.2174;game.cn_qd.2175;game.cn_qd.2176;game.cn_qd.2177;game.cn_qd.2178;game.cn_qd.2179;game.cn_qd.2180;game.cn_qd.2181;game.cn_qd.2182;game.cn_qd.2183;game.cn_qd.2184;game.cn_qd.2185;game.cn_qd.2186;game.cn_qd.2187;game.cn_qd.2188;game.cn_qd.2189;game.cn_qd.2190;game.cn_qd.2191;game.cn_qd.2192;game.cn_qd.2193;game.cn_qd.2194;game.cn_qd.2195;game.cn_qd.2196;game.cn_qd.2197;game.cn_qd.2198;game.cn_qd.2199;game.cn_qd.2200;game.cn_qd.2201;game.cn_qd.2202;game.cn_qd.2203;game.cn_qd.2204;game.cn_qd.2205;game.cn_qd.2206;game.cn_qd.2207;game.cn_qd.2208;game.cn_qd.2209;game.cn_qd.2210;game.cn_qd.2211;game.cn_qd.2212;game.cn_qd.2213;game.cn_qd.2214;game.cn_qd.2215;game.cn_qd.2216;game.cn_qd.2217;game.cn_qd.2218;game.cn_qd.2219;game.cn_qd.2220;game.cn_qd.2221;game.cn_qd.2222;game.cn_qd.2223;game.cn_qd.2224;game.cn_qd.2225;game.cn_qd.2226;game.cn_qd.2227;game.cn_qd.2228;game.cn_qd.2229;game.cn_qd.2230;game.cn_qd.2231;game.cn_qd.2232;game.cn_qd.2233;game.cn_qd.2234;game.cn_qd.2235;game.cn_qd.2236;game.cn_qd.2237;game.cn_qd.2238;game.cn_qd.2239;game.cn_qd.2240;game.cn_qd.2241;game.cn_qd.2242;game.cn_qd.2243;game.cn_qd.2244;game.cn_qd.2245;game.cn_qd.2246;game.cn_qd.2247;game.cn_qd.2248;game.cn_qd.2249;game.cn_qd.2250;game.cn_qd.2251;game.cn_qd.2252;game.cn_qd.2253;game.cn_qd.2254;game.cn_qd.2255;game.cn_qd.2256;game.cn_qd.2257;game.cn_qd.2258;game.cn_qd.2259;game.cn_qd.2260;game.cn_qd.2261;game.cn_qd.2262;game.cn_qd.2263;game.cn_qd.2264;game.cn_qd.2265;game.cn_qd.2266;game.cn_qd.2267;game.cn_qd.2268;game.cn_qd.2269>,16,30102
12046,<game.cn_qd.2270;game.cn_qd.2271;game.cn_qd.2272;game.cn_qd.2273;game.cn_qd.2274;game.cn_qd.2275;game.cn_qd.2276;game.cn_qd.2277;game.cn_qd.2278;game.cn_qd.2279;game.cn_qd.2280;game.cn_qd.2281;game.cn_qd.2282;game.cn_qd.2283;game.cn_qd.2284;game.cn_qd.2285;game.cn_qd.2286;game.cn_qd.2287;game.cn_qd.2288;game.cn_qd.2289;game.cn_qd.2290;game.cn_qd.2291;game.cn_qd.2292;game.cn_qd.2293;game.cn_qd.2294;game.cn_qd.2295;game.cn_qd.2296;game.cn_qd.2297;game.cn_qd.2298;game.cn_qd.2299;game.cn_qd.2300;game.cn_qd.2301;game.cn_qd.2302;game.cn_qd.2303;game.cn_qd.2304;game.cn_qd.2305;game.cn_qd.2306;game.cn_qd.2307;game.cn_qd.2308;game.cn_qd.2309;game.cn_qd.2310;game.cn_qd.2311;game.cn_qd.2312;game.cn_qd.2313;game.cn_qd.2314;game.cn_qd.2315;game.cn_qd.2316;game.cn_qd.2317;game.cn_qd.2318;game.cn_qd.2319;game.cn_qd.2320;game.cn_qd.2321;game.cn_qd.2322;game.cn_qd.2323;game.cn_qd.2324;game.cn_qd.2325;game.cn_qd.2326;game.cn_qd.2327;game.cn_qd.2328;game.cn_qd.2329;game.cn_qd.2330;game.cn_qd.2331;game.cn_qd.2332;game.cn_qd.2333;game.cn_qd.2334;game.cn_qd.2335;game.cn_qd.2336;game.cn_qd.2337;game.cn_qd.2338;game.cn_qd.2339;game.cn_qd.2340;game.cn_qd.2341;game.cn_qd.2342;game.cn_qd.2343;game.cn_qd.2344;game.cn_qd.2345;game.cn_qd.2346;game.cn_qd.2347;game.cn_qd.2348;game.cn_qd.2349;game.cn_qd.2350;game.cn_qd.2351;game.cn_qd.2352;game.cn_qd.2353;game.cn_qd.2354;game.cn_qd.2355;game.cn_qd.2356;game.cn_qd.2357;game.cn_qd.2358;game.cn_qd.2359;game.cn_qd.2360;game.cn_qd.2361;game.cn_qd.2362;game.cn_qd.2363;game.cn_qd.2364;game.cn_qd.2365;game.cn_qd.2366;game.cn_qd.2367;game.cn_qd.2368;game.cn_qd.2369;game.cn_qd.2370;game.cn_qd.2371;game.cn_qd.2372>,17,30102
12047,<game.cn_qd.2373;game.cn_qd.2374;game.cn_qd.2375;game.cn_qd.2376;game.cn_qd.2377;game.cn_qd.2378;game.cn_qd.2379;game.cn_qd.2380;game.cn_qd.2381;game.cn_qd.2382;game.cn_qd.2383;game.cn_qd.2384;game.cn_qd.2385;game.cn_qd.2386;game.cn_qd.2387;game.cn_qd.2388;game.cn_qd.2389;game.cn_qd.2390;game.cn_qd.2391;game.cn_qd.2392;game.cn_qd.2393;game.cn_qd.2394;game.cn_qd.2395;game.cn_qd.2396;game.cn_qd.2397;game.cn_qd.2398;game.cn_qd.2399;game.cn_qd.2400;game.cn_qd.2401;game.cn_qd.2402;game.cn_qd.2403;game.cn_qd.2404;game.cn_qd.2405;game.cn_qd.2406;game.cn_qd.2407;game.cn_qd.2408;game.cn_qd.2409;game.cn_qd.2410;game.cn_qd.2411;game.cn_qd.2412;game.cn_qd.2413;game.cn_qd.2414;game.cn_qd.2415;game.cn_qd.2416;game.cn_qd.2417;game.cn_qd.2418;game.cn_qd.2419;game.cn_qd.2420;game.cn_qd.2421;game.cn_qd.2422;game.cn_qd.2423;game.cn_qd.2424;game.cn_qd.2425;game.cn_qd.2426;game.cn_qd.2427;game.cn_qd.2428;game.cn_qd.2429;game.cn_qd.2430;game.cn_qd.2431;game.cn_qd.2432;game.cn_qd.2433;game.cn_qd.2434;game.cn_qd.2435;game.cn_qd.2436;game.cn_qd.2437;game.cn_qd.2438;game.cn_qd.2439;game.cn_qd.2440;game.cn_qd.2441;game.cn_qd.2442;game.cn_qd.2443;game.cn_qd.2444;game.cn_qd.2445;game.cn_qd.2446;game.cn_qd.2447;game.cn_qd.2448;game.cn_qd.2449;game.cn_qd.2450;game.cn_qd.2451;game.cn_qd.2452;game.cn_qd.2453;game.cn_qd.2454;game.cn_qd.2455;game.cn_qd.2456;game.cn_qd.2457;game.cn_qd.2458;game.cn_qd.2459;game.cn_qd.2460;game.cn_qd.2461;game.cn_qd.2462;game.cn_qd.2463;game.cn_qd.2464;game.cn_qd.2465;game.cn_qd.2466;game.cn_qd.2467;game.cn_qd.2468;game.cn_qd.2469;game.cn_qd.2470;game.cn_qd.2471;game.cn_qd.2472;game.cn_qd.2473;game.cn_qd.2474;game.cn_qd.2475>,18,30102
12048,<game.cn_qd.2476;game.cn_qd.2477;game.cn_qd.2478;game.cn_qd.2479;game.cn_qd.2480;game.cn_qd.2481;game.cn_qd.2482;game.cn_qd.2483;game.cn_qd.2484;game.cn_qd.2485;game.cn_qd.2486;game.cn_qd.2487;game.cn_qd.2488;game.cn_qd.2489;game.cn_qd.2490;game.cn_qd.2491;game.cn_qd.2492;game.cn_qd.2493;game.cn_qd.2494;game.cn_qd.2495;game.cn_qd.2496;game.cn_qd.2497;game.cn_qd.2498;game.cn_qd.2499;game.cn_qd.2500;game.cn_qd.2501;game.cn_qd.2502;game.cn_qd.2503;game.cn_qd.2504;game.cn_qd.2505;game.cn_qd.2506;game.cn_qd.2507;game.cn_qd.2508;game.cn_qd.2509;game.cn_qd.2510;game.cn_qd.2511;game.cn_qd.2512;game.cn_qd.2513;game.cn_qd.2514;game.cn_qd.2515;game.cn_qd.2516;game.cn_qd.2517;game.cn_qd.2518;game.cn_qd.2519;game.cn_qd.2520;game.cn_qd.2521;game.cn_qd.2522;game.cn_qd.2523;game.cn_qd.2524;game.cn_qd.2525;game.cn_qd.2526;game.cn_qd.2527;game.cn_qd.2528;game.cn_qd.2529;game.cn_qd.2530;game.cn_qd.2531;game.cn_qd.2532;game.cn_qd.2533;game.cn_qd.2534;game.cn_qd.2535;game.cn_qd.2536;game.cn_qd.2537;game.cn_qd.2538;game.cn_qd.2539;game.cn_qd.2540;game.cn_qd.2541;game.cn_qd.2542;game.cn_qd.2543;game.cn_qd.2544;game.cn_qd.2545;game.cn_qd.2546;game.cn_qd.2547;game.cn_qd.2548;game.cn_qd.2549;game.cn_qd.2550;game.cn_qd.2551;game.cn_qd.2552;game.cn_qd.2553;game.cn_qd.2554;game.cn_qd.2555;game.cn_qd.2556;game.cn_qd.2557;game.cn_qd.2558;game.cn_qd.2559;game.cn_qd.2560;game.cn_qd.2561;game.cn_qd.2562;game.cn_qd.2563;game.cn_qd.2564;game.cn_qd.2565;game.cn_qd.2566;game.cn_qd.2567;game.cn_qd.2568;game.cn_qd.2569>,19,30102
12060,<game.cn_qd.1;gamemerge.cn_qd.31;gamemerge.cn_qd.32;gamemerge.cn_qd.33;gamemerge.cn_qd.34;gamemerge.cn_qd.35;gamemerge.cn_qd.36;gamemerge.cn_qd.37;gamemerge.cn_qd.1;gamemerge.cn_qd.2;gamemerge.cn_qd.3;gamemerge.cn_qd.4;gamemerge.cn_qd.5;gamemerge.cn_qd.6;gamemerge.cn_qd.7;gamemerge.cn_qd.8;gamemerge.cn_qd.9;gamemerge.cn_qd.10;gamemerge.cn_qd.11;gamemerge.cn_qd.12;gamemerge.cn_qd.13;gamemerge.cn_qd.14;gamemerge.cn_qd.15;gamemerge.cn_qd.16;gamemerge.cn_qd.17;gamemerge.cn_qd.18;gamemerge.cn_qd.19;gamemerge.cn_qd.20;gamemerge.cn_qd.21;gamemerge.cn_qd.22;gamemerge.cn_qd.23;gamemerge.cn_qd.24;gamemerge.cn_qd.25;gamemerge.cn_qd.26;gamemerge.cn_qd.27;gamemerge.cn_qd.28;gamemerge.cn_qd.29;gamemerge.cn_qd.30;gamemerge.cn_qd.38;gamemerge.cn_qd.39;gamemerge.cn_qd.40;gamemerge.cn_qd.41;gamemerge.cn_qd.42;gamemerge.cn_qd.43;gamemerge.cn_qd.44;gamemerge.cn_qd.45;gamemerge.cn_qd.46;gamemerge.cn_qd.47;gamemerge.cn_qd.48;gamemerge.cn_qd.49;gamemerge.cn_qd.50;gamemerge.cn_qd.51;gamemerge.cn_qd.52;gamemerge.cn_qd.53;gamemerge.cn_qd.54;gamemerge.cn_qd.55;gamemerge.cn_qd.56;gamemerge.cn_qd.57;gamemerge.cn_qd.58;gamemerge.cn_qd.59;gamemerge.cn_qd.60;gamemerge.cn_qd.61;gamemerge.cn_qd.62;gamemerge.cn_qd.63;gamemerge.cn_qd.64;gamemerge.cn_qd.65;gamemerge.cn_qd.66;gamemerge.cn_qd.67;gamemerge.cn_qd.68;gamemerge.cn_qd.69;gamemerge.cn_qd.70;gamemerge.cn_qd.71;gamemerge.cn_qd.72;gamemerge.cn_qd.73;gamemerge.cn_qd.74;gamemerge.cn_qd.75;gamemerge.cn_qd.76;gamemerge.cn_qd.77;gamemerge.cn_qd.78;gamemerge.cn_qd.79;gamemerge.cn_qd.80;gamemerge.cn_qd.81;gamemerge.cn_qd.82;gamemerge.cn_qd.83;gamemerge.cn_qd.84;gamemerge.cn_qd.85;gamemerge.cn_qd.86;gamemerge.cn_qd.87;gamemerge.cn_qd.88;gamemerge.cn_qd.89;gamemerge.cn_qd.90;gamemerge.cn_qd.91;gamemerge.cn_qd.92;gamemerge.cn_qd.93;gamemerge.cn_qd.94;gamemerge.cn_qd.95;gamemerge.cn_qd.96;gamemerge.cn_qd.97;gamemerge.cn_qd.98>,1,30107
12061,<gamemerge.cn_qd.99;gamemerge.cn_qd.100;gamemerge.cn_qd.101;gamemerge.cn_qd.102;gamemerge.cn_qd.103;gamemerge.cn_qd.104;gamemerge.cn_qd.105;gamemerge.cn_qd.106;gamemerge.cn_qd.107;gamemerge.cn_qd.108;gamemerge.cn_qd.109;gamemerge.cn_qd.110;gamemerge.cn_qd.111;gamemerge.cn_qd.112;gamemerge.cn_qd.113;gamemerge.cn_qd.114;gamemerge.cn_qd.115;gamemerge.cn_qd.116;gamemerge.cn_qd.117;gamemerge.cn_qd.118;gamemerge.cn_qd.119;gamemerge.cn_qd.120;gamemerge.cn_qd.121;gamemerge.cn_qd.122;gamemerge.cn_qd.123;gamemerge.cn_qd.124;gamemerge.cn_qd.125;gamemerge.cn_qd.126;gamemerge.cn_qd.127;gamemerge.cn_qd.128;gamemerge.cn_qd.129;gamemerge.cn_qd.130;gamemerge.cn_qd.131;gamemerge.cn_qd.132;gamemerge.cn_qd.133;gamemerge.cn_qd.134;gamemerge.cn_qd.135;gamemerge.cn_qd.136;gamemerge.cn_qd.137;gamemerge.cn_qd.138;gamemerge.cn_qd.139;gamemerge.cn_qd.140;gamemerge.cn_qd.141;gamemerge.cn_qd.142;gamemerge.cn_qd.143;gamemerge.cn_qd.144;gamemerge.cn_qd.145;gamemerge.cn_qd.146;gamemerge.cn_qd.147;gamemerge.cn_qd.148;gamemerge.cn_qd.149;gamemerge.cn_qd.150;gamemerge.cn_qd.151;gamemerge.cn_qd.152;gamemerge.cn_qd.153;gamemerge.cn_qd.154;gamemerge.cn_qd.155;gamemerge.cn_qd.156;gamemerge.cn_qd.157;gamemerge.cn_qd.158;gamemerge.cn_qd.159;gamemerge.cn_qd.160;gamemerge.cn_qd.161;gamemerge.cn_qd.162;gamemerge.cn_qd.163;gamemerge.cn_qd.164;gamemerge.cn_qd.165;gamemerge.cn_qd.166;gamemerge.cn_qd.167;gamemerge.cn_qd.168;gamemerge.cn_qd.169;gamemerge.cn_qd.170;gamemerge.cn_qd.171;gamemerge.cn_qd.172;gamemerge.cn_qd.173;gamemerge.cn_qd.174;gamemerge.cn_qd.175;gamemerge.cn_qd.176;gamemerge.cn_qd.177;gamemerge.cn_qd.178;gamemerge.cn_qd.179;gamemerge.cn_qd.180;gamemerge.cn_qd.181;gamemerge.cn_qd.182;gamemerge.cn_qd.183;gamemerge.cn_qd.184;gamemerge.cn_qd.185;gamemerge.cn_qd.186;gamemerge.cn_qd.187;gamemerge.cn_qd.188;gamemerge.cn_qd.189;gamemerge.cn_qd.190;gamemerge.cn_qd.191;gamemerge.cn_qd.192;gamemerge.cn_qd.193;gamemerge.cn_qd.194;gamemerge.cn_qd.195;gamemerge.cn_qd.196;gamemerge.cn_qd.197>,2,30107
12062,<gamemerge.cn_qd.198;gamemerge.cn_qd.199;gamemerge.cn_qd.200;gamemerge.cn_qd.201;gamemerge.cn_qd.202;gamemerge.cn_qd.203;gamemerge.cn_qd.204;gamemerge.cn_qd.205;gamemerge.cn_qd.206;gamemerge.cn_qd.207;game.cn_qd.1030;game.cn_qd.1031;game.cn_qd.1032;game.cn_qd.1033;game.cn_qd.1034;game.cn_qd.1035;game.cn_qd.1036;game.cn_qd.1037;game.cn_qd.1038;game.cn_qd.1039;game.cn_qd.1040;game.cn_qd.1041;game.cn_qd.1042;game.cn_qd.1043;game.cn_qd.1044;game.cn_qd.1045;game.cn_qd.1046;game.cn_qd.1047;game.cn_qd.1048;game.cn_qd.1049;game.cn_qd.1050;game.cn_qd.1051;game.cn_qd.1052;game.cn_qd.1053;game.cn_qd.1054;game.cn_qd.1055;game.cn_qd.1056;game.cn_qd.1057;game.cn_qd.1058;game.cn_qd.1059;game.cn_qd.1060;game.cn_qd.1061;game.cn_qd.1062;game.cn_qd.1063;game.cn_qd.1064;game.cn_qd.1065;game.cn_qd.1066;game.cn_qd.1067;game.cn_qd.1068;game.cn_qd.1069;game.cn_qd.1070;game.cn_qd.1071;game.cn_qd.1072;game.cn_qd.1073;game.cn_qd.1074;game.cn_qd.1075;game.cn_qd.1076;game.cn_qd.1077;game.cn_qd.1078;game.cn_qd.1079;game.cn_qd.1080;game.cn_qd.1081;game.cn_qd.1082;game.cn_qd.1083;game.cn_qd.1084;game.cn_qd.1085;game.cn_qd.1086;game.cn_qd.1087;game.cn_qd.1088;game.cn_qd.1089;game.cn_qd.1090;game.cn_qd.1091;game.cn_qd.1092;game.cn_qd.1093;game.cn_qd.1094;game.cn_qd.1095;game.cn_qd.1096;game.cn_qd.1097;game.cn_qd.1098;game.cn_qd.1099;game.cn_qd.1100;game.cn_qd.1101;game.cn_qd.1102;game.cn_qd.1103;game.cn_qd.1104;game.cn_qd.1105;game.cn_qd.1106;game.cn_qd.1107;game.cn_qd.1108;game.cn_qd.1109;game.cn_qd.1110;game.cn_qd.1111;game.cn_qd.1112;game.cn_qd.1113;game.cn_qd.1114;game.cn_qd.1115;game.cn_qd.1116;game.cn_qd.1117;game.cn_qd.1118>,3,30107
12063,<game.cn_qd.1119;game.cn_qd.1120;game.cn_qd.1121;game.cn_qd.1122;game.cn_qd.1123;game.cn_qd.1124;game.cn_qd.1125;game.cn_qd.1126;game.cn_qd.1127;game.cn_qd.1128;game.cn_qd.1129;game.cn_qd.1130;game.cn_qd.1131;game.cn_qd.1132;game.cn_qd.1133;game.cn_qd.1134;game.cn_qd.1135;game.cn_qd.1136;game.cn_qd.1137;game.cn_qd.1138;game.cn_qd.1139;game.cn_qd.1140;game.cn_qd.1141;game.cn_qd.1142;game.cn_qd.1143;game.cn_qd.1144;game.cn_qd.1145;game.cn_qd.1146;game.cn_qd.1147;game.cn_qd.1148;game.cn_qd.1149;game.cn_qd.1150;game.cn_qd.1151;game.cn_qd.1152;game.cn_qd.1153;game.cn_qd.1154;game.cn_qd.1155;game.cn_qd.1156;game.cn_qd.1157;game.cn_qd.1158;game.cn_qd.1159;game.cn_qd.1160;game.cn_qd.1161;game.cn_qd.1162;game.cn_qd.1163;game.cn_qd.1164;game.cn_qd.1165;game.cn_qd.1166;game.cn_qd.1167;game.cn_qd.1168;game.cn_qd.1169;game.cn_qd.1170;game.cn_qd.1171;game.cn_qd.1172;game.cn_qd.1173;game.cn_qd.1174;game.cn_qd.1175;game.cn_qd.1176;game.cn_qd.1177;game.cn_qd.1178;game.cn_qd.1179;game.cn_qd.1180;game.cn_qd.1181;game.cn_qd.1182;game.cn_qd.1183;game.cn_qd.1184;game.cn_qd.1185;game.cn_qd.1186;game.cn_qd.1187;game.cn_qd.1188;game.cn_qd.1189;game.cn_qd.1190;game.cn_qd.1191;game.cn_qd.1192;game.cn_qd.1193;game.cn_qd.1194;game.cn_qd.1195;game.cn_qd.1196;game.cn_qd.1197;game.cn_qd.1198;game.cn_qd.1199;game.cn_qd.1200;game.cn_qd.1201;game.cn_qd.1202;game.cn_qd.1203;game.cn_qd.1204;game.cn_qd.1205;game.cn_qd.1206;game.cn_qd.1207;game.cn_qd.1208;game.cn_qd.1209;game.cn_qd.1210;game.cn_qd.1211;game.cn_qd.1212;game.cn_qd.1213;game.cn_qd.1214;game.cn_qd.1215;game.cn_qd.1216;game.cn_qd.1217;game.cn_qd.1218;game.cn_qd.1219;game.cn_qd.1220;game.cn_qd.1221;game.cn_qd.1222;game.cn_qd.1223;game.cn_qd.1224;game.cn_qd.1225;game.cn_qd.1226;game.cn_qd.1227;game.cn_qd.1228;game.cn_qd.1229;game.cn_qd.1230;game.cn_qd.1231;game.cn_qd.1232;game.cn_qd.1233;game.cn_qd.1234;game.cn_qd.1235;game.cn_qd.1236;game.cn_qd.1237;game.cn_qd.1238>,4,30107
12064,<game.cn_qd.1239;game.cn_qd.1240;game.cn_qd.1241;game.cn_qd.1242;game.cn_qd.1243;game.cn_qd.1244;game.cn_qd.1245;game.cn_qd.1246;game.cn_qd.1247;game.cn_qd.1248;game.cn_qd.1249;game.cn_qd.1250;game.cn_qd.1251;game.cn_qd.1252;game.cn_qd.1253;game.cn_qd.1254;game.cn_qd.1255;game.cn_qd.1256;game.cn_qd.1257;game.cn_qd.1258;game.cn_qd.1259;game.cn_qd.1260;game.cn_qd.1261;game.cn_qd.1262;game.cn_qd.1263;game.cn_qd.1264;game.cn_qd.1265;game.cn_qd.1266;game.cn_qd.1267;game.cn_qd.1268;game.cn_qd.1269;game.cn_qd.1270;game.cn_qd.1271;game.cn_qd.1272;game.cn_qd.1273;game.cn_qd.1274;game.cn_qd.1275;game.cn_qd.1276;game.cn_qd.1277;game.cn_qd.1278;game.cn_qd.1279;game.cn_qd.1280;game.cn_qd.1281;game.cn_qd.1282;game.cn_qd.1283;game.cn_qd.1284;game.cn_qd.1285;game.cn_qd.1286;game.cn_qd.1287;game.cn_qd.1288;game.cn_qd.1289;game.cn_qd.1290;game.cn_qd.1291;game.cn_qd.1292;game.cn_qd.1293;game.cn_qd.1294;game.cn_qd.1295;game.cn_qd.1296;game.cn_qd.1297;game.cn_qd.1298;game.cn_qd.1299;game.cn_qd.1300;game.cn_qd.1301;game.cn_qd.1302;game.cn_qd.1303;game.cn_qd.1304;game.cn_qd.1305;game.cn_qd.1306;game.cn_qd.1307;game.cn_qd.1308;game.cn_qd.1309;game.cn_qd.1310;game.cn_qd.1311;game.cn_qd.1312;game.cn_qd.1313;game.cn_qd.1314;game.cn_qd.1315;game.cn_qd.1316;game.cn_qd.1317;game.cn_qd.1318;game.cn_qd.1319;game.cn_qd.1320;game.cn_qd.1321;game.cn_qd.1322;game.cn_qd.1323;game.cn_qd.1324;game.cn_qd.1325;game.cn_qd.1326;game.cn_qd.1327;game.cn_qd.1328;game.cn_qd.1329;game.cn_qd.1330;game.cn_qd.1331;game.cn_qd.1332;game.cn_qd.1333;game.cn_qd.1334;game.cn_qd.1335;game.cn_qd.1336;game.cn_qd.1337;game.cn_qd.1338;game.cn_qd.1339;game.cn_qd.1340;game.cn_qd.1341;game.cn_qd.1342;game.cn_qd.1343;game.cn_qd.1344;game.cn_qd.1345;game.cn_qd.1346;game.cn_qd.1347;game.cn_qd.1348;game.cn_qd.1349;game.cn_qd.1350;game.cn_qd.1351;game.cn_qd.1352;game.cn_qd.1353;game.cn_qd.1354;game.cn_qd.1355;game.cn_qd.1356;game.cn_qd.1357;game.cn_qd.1358>,5,30107
12065,<game.cn_qd.1359;game.cn_qd.1360;game.cn_qd.1361;game.cn_qd.1362;game.cn_qd.1363;game.cn_qd.1364;game.cn_qd.1365;game.cn_qd.1366;game.cn_qd.1367;game.cn_qd.1368;game.cn_qd.1369;game.cn_qd.1370;game.cn_qd.1371;game.cn_qd.1372;game.cn_qd.1373;game.cn_qd.1374;game.cn_qd.1375;game.cn_qd.1376;game.cn_qd.1377;game.cn_qd.1378;game.cn_qd.1379;game.cn_qd.1380;game.cn_qd.1381;game.cn_qd.1382;game.cn_qd.1383;game.cn_qd.1384;game.cn_qd.1385;game.cn_qd.1386;game.cn_qd.1387;game.cn_qd.1388;game.cn_qd.1389;game.cn_qd.1390;game.cn_qd.1391;game.cn_qd.1392;game.cn_qd.1393;game.cn_qd.1394;game.cn_qd.1395;game.cn_qd.1396;game.cn_qd.1397;game.cn_qd.1398;game.cn_qd.1399;game.cn_qd.1400;game.cn_qd.1401;game.cn_qd.1402;game.cn_qd.1403;game.cn_qd.1404;game.cn_qd.1405;game.cn_qd.1406;game.cn_qd.1407;game.cn_qd.1408;game.cn_qd.1409;game.cn_qd.1410;game.cn_qd.1411;game.cn_qd.1412;game.cn_qd.1413;game.cn_qd.1414;game.cn_qd.1415;game.cn_qd.1416;game.cn_qd.1417;game.cn_qd.1418;game.cn_qd.1419;game.cn_qd.1420;game.cn_qd.1421;game.cn_qd.1422;game.cn_qd.1423;game.cn_qd.1424;game.cn_qd.1425;game.cn_qd.1426;game.cn_qd.1427;game.cn_qd.1428;game.cn_qd.1429;game.cn_qd.1430;game.cn_qd.1431;game.cn_qd.1432;game.cn_qd.1433;game.cn_qd.1434;game.cn_qd.1435;game.cn_qd.1436;game.cn_qd.1437;game.cn_qd.1438;game.cn_qd.1439;game.cn_qd.1440;game.cn_qd.1441;game.cn_qd.1442;game.cn_qd.1443;game.cn_qd.1444;game.cn_qd.1445;game.cn_qd.1446;game.cn_qd.1447;game.cn_qd.1448;game.cn_qd.1449;game.cn_qd.1450;game.cn_qd.1451;game.cn_qd.1452;game.cn_qd.1453;game.cn_qd.1454;game.cn_qd.1455;game.cn_qd.1456;game.cn_qd.1457;game.cn_qd.1458;game.cn_qd.1459;game.cn_qd.1460;game.cn_qd.1461;game.cn_qd.1462;game.cn_qd.1463;game.cn_qd.1464;game.cn_qd.1465;game.cn_qd.1466;game.cn_qd.1467;game.cn_qd.1468;game.cn_qd.1469;game.cn_qd.1470;game.cn_qd.1471;game.cn_qd.1472;game.cn_qd.1473;game.cn_qd.1474;game.cn_qd.1475;game.cn_qd.1476;game.cn_qd.1477;game.cn_qd.1478>,6,30107
12066,<game.cn_qd.1479;game.cn_qd.1480;game.cn_qd.1481;game.cn_qd.1482;game.cn_qd.1483;game.cn_qd.1484;game.cn_qd.1485;game.cn_qd.1486;game.cn_qd.1487;game.cn_qd.1488;game.cn_qd.1489;game.cn_qd.1490;game.cn_qd.1491;game.cn_qd.1492;game.cn_qd.1493;game.cn_qd.1494;game.cn_qd.1495;game.cn_qd.1496;game.cn_qd.1497;game.cn_qd.1498;game.cn_qd.1499;game.cn_qd.1500;game.cn_qd.1501;game.cn_qd.1502;game.cn_qd.1503;game.cn_qd.1504;game.cn_qd.1505;game.cn_qd.1506;game.cn_qd.1507;game.cn_qd.1508;game.cn_qd.1509;game.cn_qd.1510;game.cn_qd.1511;game.cn_qd.1512;game.cn_qd.1513;game.cn_qd.1514;game.cn_qd.1515;game.cn_qd.1516;game.cn_qd.1517;game.cn_qd.1518;game.cn_qd.1519;game.cn_qd.1520;game.cn_qd.1521;game.cn_qd.1522;game.cn_qd.1523;game.cn_qd.1524;game.cn_qd.1525;game.cn_qd.1526;game.cn_qd.1527;game.cn_qd.1528;game.cn_qd.1529;game.cn_qd.1530;game.cn_qd.1531;game.cn_qd.1532;game.cn_qd.1533;game.cn_qd.1534;game.cn_qd.1535;game.cn_qd.1536;game.cn_qd.1537;game.cn_qd.1538;game.cn_qd.1539;game.cn_qd.1540;game.cn_qd.1541;game.cn_qd.1542;game.cn_qd.1543;game.cn_qd.1544;game.cn_qd.1545;game.cn_qd.1546;game.cn_qd.1547;game.cn_qd.1548;game.cn_qd.1549;game.cn_qd.1550;game.cn_qd.1551;game.cn_qd.1552;game.cn_qd.1553;game.cn_qd.1554;game.cn_qd.1555;game.cn_qd.1556;game.cn_qd.1557;game.cn_qd.1558;game.cn_qd.1559;game.cn_qd.1560;game.cn_qd.1561;game.cn_qd.1562;game.cn_qd.1563;game.cn_qd.1564;game.cn_qd.1565;game.cn_qd.1566;game.cn_qd.1567;game.cn_qd.1568;game.cn_qd.1569;game.cn_qd.1570;game.cn_qd.1571;game.cn_qd.1572;game.cn_qd.1573;game.cn_qd.1574;game.cn_qd.1575;game.cn_qd.1576;game.cn_qd.1577;game.cn_qd.1578;game.cn_qd.1579;game.cn_qd.1580;game.cn_qd.1581;game.cn_qd.1582;game.cn_qd.1583;game.cn_qd.1584;game.cn_qd.1585;game.cn_qd.1586;game.cn_qd.1587;game.cn_qd.1588;game.cn_qd.1589;game.cn_qd.1590;game.cn_qd.1591;game.cn_qd.1592;game.cn_qd.1593;game.cn_qd.1594;game.cn_qd.1595;game.cn_qd.1596;game.cn_qd.1597;game.cn_qd.1598>,7,30107
12067,<game.cn_qd.1599;game.cn_qd.1600;game.cn_qd.1601;game.cn_qd.1602;game.cn_qd.1603;game.cn_qd.1604;game.cn_qd.1605;game.cn_qd.1606;game.cn_qd.1607;game.cn_qd.1608;game.cn_qd.1609;game.cn_qd.1610;game.cn_qd.1611;game.cn_qd.1612;game.cn_qd.1613;game.cn_qd.1614;game.cn_qd.1615;game.cn_qd.1616;game.cn_qd.1617;game.cn_qd.1618;game.cn_qd.1619;game.cn_qd.1620;game.cn_qd.1621;game.cn_qd.1622;game.cn_qd.1623;game.cn_qd.1624;game.cn_qd.1625;game.cn_qd.1626;game.cn_qd.1627;game.cn_qd.1628;game.cn_qd.1629;game.cn_qd.1630;game.cn_qd.1631;game.cn_qd.1632;game.cn_qd.1633;game.cn_qd.1634;game.cn_qd.1635;game.cn_qd.1636;game.cn_qd.1637;game.cn_qd.1638;game.cn_qd.1639;game.cn_qd.1640;game.cn_qd.1641;game.cn_qd.1642;game.cn_qd.1643;game.cn_qd.1644;game.cn_qd.1645;game.cn_qd.1646;game.cn_qd.1647;game.cn_qd.1648;game.cn_qd.1649;game.cn_qd.1650;game.cn_qd.1651;game.cn_qd.1652;game.cn_qd.1653;game.cn_qd.1654;game.cn_qd.1655;game.cn_qd.1656;game.cn_qd.1657;game.cn_qd.1658;game.cn_qd.1659;game.cn_qd.1660;game.cn_qd.1661;game.cn_qd.1662;game.cn_qd.1663;game.cn_qd.1664;game.cn_qd.1665;game.cn_qd.1666;game.cn_qd.1667;game.cn_qd.1668;game.cn_qd.1669;game.cn_qd.1670;game.cn_qd.1671;game.cn_qd.1672;game.cn_qd.1673;game.cn_qd.1674;game.cn_qd.1675;game.cn_qd.1676;game.cn_qd.1677;game.cn_qd.1678;game.cn_qd.1679;game.cn_qd.1680;game.cn_qd.1681;game.cn_qd.1682;game.cn_qd.1683;game.cn_qd.1684;game.cn_qd.1685;game.cn_qd.1686;game.cn_qd.1687;game.cn_qd.1688;game.cn_qd.1689;game.cn_qd.1690;game.cn_qd.1691;game.cn_qd.1692;game.cn_qd.1693;game.cn_qd.1694;game.cn_qd.1695;game.cn_qd.1696;game.cn_qd.1697;game.cn_qd.1698;game.cn_qd.1699;game.cn_qd.1700;game.cn_qd.1701;game.cn_qd.1702;game.cn_qd.1703;game.cn_qd.1704;game.cn_qd.1705;game.cn_qd.1706;game.cn_qd.1707;game.cn_qd.1708;game.cn_qd.1709;game.cn_qd.1710;game.cn_qd.1711;game.cn_qd.1712;game.cn_qd.1713;game.cn_qd.1714;game.cn_qd.1715;game.cn_qd.1716;game.cn_qd.1717;game.cn_qd.1718>,8,30107
12068,<game.cn_qd.1719;game.cn_qd.1720;game.cn_qd.1721;game.cn_qd.1722;game.cn_qd.1723;game.cn_qd.1724;game.cn_qd.1725;game.cn_qd.1726;game.cn_qd.1727;game.cn_qd.1728;game.cn_qd.1729;game.cn_qd.1730;game.cn_qd.1731;game.cn_qd.1732;game.cn_qd.1733;game.cn_qd.1734;game.cn_qd.1735;game.cn_qd.1736;game.cn_qd.1737;game.cn_qd.1738;game.cn_qd.1739;game.cn_qd.1740;game.cn_qd.1741;game.cn_qd.1742;game.cn_qd.1743;game.cn_qd.1744;game.cn_qd.1745;game.cn_qd.1746;game.cn_qd.1747;game.cn_qd.1748;game.cn_qd.1749;game.cn_qd.1750;game.cn_qd.1751;game.cn_qd.1752;game.cn_qd.1753;game.cn_qd.1754;game.cn_qd.1755;game.cn_qd.1756;game.cn_qd.1757;game.cn_qd.1758;game.cn_qd.1759;game.cn_qd.1760;game.cn_qd.1761;game.cn_qd.1762;game.cn_qd.1763;game.cn_qd.1764;game.cn_qd.1765;game.cn_qd.1766;game.cn_qd.1767;game.cn_qd.1768;game.cn_qd.1769;game.cn_qd.1770;game.cn_qd.1771;game.cn_qd.1772;game.cn_qd.1773;game.cn_qd.1774;game.cn_qd.1775;game.cn_qd.1776;game.cn_qd.1777;game.cn_qd.1778;game.cn_qd.1779;game.cn_qd.1780;game.cn_qd.1781;game.cn_qd.1782;game.cn_qd.1783;game.cn_qd.1784;game.cn_qd.1785;game.cn_qd.1786;game.cn_qd.1787;game.cn_qd.1788;game.cn_qd.1789;game.cn_qd.1790;game.cn_qd.1791;game.cn_qd.1792;game.cn_qd.1793;game.cn_qd.1794;game.cn_qd.1795;game.cn_qd.1796;game.cn_qd.1797;game.cn_qd.1798;game.cn_qd.1799;game.cn_qd.1800;game.cn_qd.1801;game.cn_qd.1802;game.cn_qd.1803;game.cn_qd.1804;game.cn_qd.1805;game.cn_qd.1806;game.cn_qd.1807;game.cn_qd.1808;game.cn_qd.1809;game.cn_qd.1810;game.cn_qd.1811;game.cn_qd.1812;game.cn_qd.1813;game.cn_qd.1814;game.cn_qd.1815;game.cn_qd.1816;game.cn_qd.1817;game.cn_qd.1818;game.cn_qd.1819;game.cn_qd.1820;game.cn_qd.1821;game.cn_qd.1822;game.cn_qd.1823;game.cn_qd.1824;game.cn_qd.1825;game.cn_qd.1826;game.cn_qd.1827;game.cn_qd.1828;game.cn_qd.1829;game.cn_qd.1830;game.cn_qd.1831;game.cn_qd.1832;game.cn_qd.1833;game.cn_qd.1834;game.cn_qd.1835;game.cn_qd.1836;game.cn_qd.1837;game.cn_qd.1838>,9,30107
12069,<game.cn_qd.1839;game.cn_qd.1840;game.cn_qd.1841;game.cn_qd.1842;game.cn_qd.1843;game.cn_qd.1844;game.cn_qd.1845;game.cn_qd.1846;game.cn_qd.1847;game.cn_qd.1848;game.cn_qd.1849;game.cn_qd.1850;game.cn_qd.1851;game.cn_qd.1852;game.cn_qd.1853;game.cn_qd.1854;game.cn_qd.1855;game.cn_qd.1856;game.cn_qd.1857;game.cn_qd.1858;game.cn_qd.1859;game.cn_qd.1860;game.cn_qd.1861;game.cn_qd.1862;game.cn_qd.1863;game.cn_qd.1864;game.cn_qd.1865;game.cn_qd.1866;game.cn_qd.1867;game.cn_qd.1868;game.cn_qd.1869;game.cn_qd.1870;game.cn_qd.1871;game.cn_qd.1872;game.cn_qd.1873;game.cn_qd.1874;game.cn_qd.1875;game.cn_qd.1876;game.cn_qd.1877;game.cn_qd.1878;game.cn_qd.1879;game.cn_qd.1880;game.cn_qd.1881;game.cn_qd.1882;game.cn_qd.1883;game.cn_qd.1884;game.cn_qd.1885;game.cn_qd.1886;game.cn_qd.1887;game.cn_qd.1888;game.cn_qd.1889;game.cn_qd.1890;game.cn_qd.1891;game.cn_qd.1892;game.cn_qd.1893;game.cn_qd.1894;game.cn_qd.1895;game.cn_qd.1896;game.cn_qd.1897;game.cn_qd.1898;game.cn_qd.1899;game.cn_qd.1900;game.cn_qd.1901;game.cn_qd.1902;game.cn_qd.1903;game.cn_qd.1904;game.cn_qd.1905;game.cn_qd.1906;game.cn_qd.1907;game.cn_qd.1908;game.cn_qd.1909;game.cn_qd.1910;game.cn_qd.1911;game.cn_qd.1912;game.cn_qd.1913;game.cn_qd.1914;game.cn_qd.1915;game.cn_qd.1916;game.cn_qd.1917;game.cn_qd.1918;game.cn_qd.1919;game.cn_qd.1920;game.cn_qd.1921;game.cn_qd.1922;game.cn_qd.1923;game.cn_qd.1924;game.cn_qd.1925;game.cn_qd.1926;game.cn_qd.1927;game.cn_qd.1928;game.cn_qd.1929;game.cn_qd.1930;game.cn_qd.1931;game.cn_qd.1932;game.cn_qd.1933;game.cn_qd.1934;game.cn_qd.1935;game.cn_qd.1936;game.cn_qd.1937;game.cn_qd.1938;game.cn_qd.1939;game.cn_qd.1940;game.cn_qd.1941;game.cn_qd.1942;game.cn_qd.1943;game.cn_qd.1944;game.cn_qd.1945;game.cn_qd.1946;game.cn_qd.1947;game.cn_qd.1948;game.cn_qd.1949;game.cn_qd.1950;game.cn_qd.1951;game.cn_qd.1952;game.cn_qd.1953;game.cn_qd.1954;game.cn_qd.1955;game.cn_qd.1956;game.cn_qd.1957;game.cn_qd.1958>,10,30107
12070,<game.cn_qd.1959;game.cn_qd.1960;game.cn_qd.1961;game.cn_qd.1962;game.cn_qd.1963;game.cn_qd.1964;game.cn_qd.1965;game.cn_qd.1966;game.cn_qd.1967;game.cn_qd.1968;game.cn_qd.1969;game.cn_qd.1970;game.cn_qd.1971;game.cn_qd.1972;game.cn_qd.1973;game.cn_qd.1974;game.cn_qd.1975;game.cn_qd.1976;game.cn_qd.1977;game.cn_qd.1978;game.cn_qd.1979;game.cn_qd.1980;game.cn_qd.1981;game.cn_qd.1982;game.cn_qd.1983;game.cn_qd.1984;game.cn_qd.1985;game.cn_qd.1986;game.cn_qd.1987;game.cn_qd.1988;game.cn_qd.1989;game.cn_qd.1990;game.cn_qd.1991;game.cn_qd.1992;game.cn_qd.1993;game.cn_qd.1994;game.cn_qd.1995;game.cn_qd.1996;game.cn_qd.1997;game.cn_qd.1998;game.cn_qd.1999;game.cn_qd.2000;game.cn_qd.2001;game.cn_qd.2002;game.cn_qd.2003;game.cn_qd.2004;game.cn_qd.2005;game.cn_qd.2006;game.cn_qd.2007;game.cn_qd.2008;game.cn_qd.2009;game.cn_qd.2010;game.cn_qd.2011;game.cn_qd.2012;game.cn_qd.2013;game.cn_qd.2014;game.cn_qd.2015;game.cn_qd.2016;game.cn_qd.2017;game.cn_qd.2018;game.cn_qd.2019;game.cn_qd.2020;game.cn_qd.2021;game.cn_qd.2022;game.cn_qd.2023;game.cn_qd.2024;game.cn_qd.2025;game.cn_qd.2026;game.cn_qd.2027;game.cn_qd.2028;game.cn_qd.2029;game.cn_qd.2030;game.cn_qd.2031;game.cn_qd.2032;game.cn_qd.2033;game.cn_qd.2034;game.cn_qd.2035;game.cn_qd.2036;game.cn_qd.2037;game.cn_qd.2038;game.cn_qd.2039;game.cn_qd.2040;game.cn_qd.2041;game.cn_qd.2042;game.cn_qd.2043;game.cn_qd.2044;game.cn_qd.2045;game.cn_qd.2046;game.cn_qd.2047;game.cn_qd.2048;game.cn_qd.2049;game.cn_qd.2050;game.cn_qd.2051;game.cn_qd.2052;game.cn_qd.2053;game.cn_qd.2054;game.cn_qd.2055;game.cn_qd.2056;game.cn_qd.2057;game.cn_qd.2058;game.cn_qd.2059;game.cn_qd.2060;game.cn_qd.2061;game.cn_qd.2062;game.cn_qd.2063;game.cn_qd.2064;game.cn_qd.2065;game.cn_qd.2066;game.cn_qd.2067;game.cn_qd.2068;game.cn_qd.2069;game.cn_qd.2070;game.cn_qd.2071;game.cn_qd.2072;game.cn_qd.2073;game.cn_qd.2074;game.cn_qd.2075;game.cn_qd.2076;game.cn_qd.2077;game.cn_qd.2078>,11,30107
12071,<game.cn_qd.2079;game.cn_qd.2080;game.cn_qd.2081;game.cn_qd.2082;game.cn_qd.2083;game.cn_qd.2084;game.cn_qd.2085;game.cn_qd.2086;game.cn_qd.2087;game.cn_qd.2088;game.cn_qd.2089;game.cn_qd.2090;game.cn_qd.2091;game.cn_qd.2092;game.cn_qd.2093;game.cn_qd.2094;game.cn_qd.2095;game.cn_qd.2096;game.cn_qd.2097;game.cn_qd.2098;game.cn_qd.2099;game.cn_qd.2100;game.cn_qd.2101;game.cn_qd.2102;game.cn_qd.2103;game.cn_qd.2104;game.cn_qd.2105;game.cn_qd.2106;game.cn_qd.2107;game.cn_qd.2108;game.cn_qd.2109;game.cn_qd.2110;game.cn_qd.2111;game.cn_qd.2112;game.cn_qd.2113;game.cn_qd.2114;game.cn_qd.2115;game.cn_qd.2116;game.cn_qd.2117;game.cn_qd.2118;game.cn_qd.2119;game.cn_qd.2120;game.cn_qd.2121;game.cn_qd.2122;game.cn_qd.2123;game.cn_qd.2124;game.cn_qd.2125;game.cn_qd.2126;game.cn_qd.2127;game.cn_qd.2128;game.cn_qd.2129;game.cn_qd.2130;game.cn_qd.2131;game.cn_qd.2132;game.cn_qd.2133;game.cn_qd.2134;game.cn_qd.2135;game.cn_qd.2136;game.cn_qd.2137;game.cn_qd.2138;game.cn_qd.2139;game.cn_qd.2140;game.cn_qd.2141;game.cn_qd.2142;game.cn_qd.2143;game.cn_qd.2144;game.cn_qd.2145;game.cn_qd.2146;game.cn_qd.2147;game.cn_qd.2148;game.cn_qd.2149;game.cn_qd.2150;game.cn_qd.2151;game.cn_qd.2152;game.cn_qd.2153;game.cn_qd.2154;game.cn_qd.2155;game.cn_qd.2156;game.cn_qd.2157;game.cn_qd.2158;game.cn_qd.2159;game.cn_qd.2160;game.cn_qd.2161;game.cn_qd.2162;game.cn_qd.2163;game.cn_qd.2164;game.cn_qd.2165;game.cn_qd.2166;game.cn_qd.2167;game.cn_qd.2168;game.cn_qd.2169;game.cn_qd.2170;game.cn_qd.2171;game.cn_qd.2172;game.cn_qd.2173;game.cn_qd.2174;game.cn_qd.2175;game.cn_qd.2176;game.cn_qd.2177;game.cn_qd.2178;game.cn_qd.2179;game.cn_qd.2180;game.cn_qd.2181;game.cn_qd.2182;game.cn_qd.2183;game.cn_qd.2184;game.cn_qd.2185;game.cn_qd.2186;game.cn_qd.2187;game.cn_qd.2188;game.cn_qd.2189;game.cn_qd.2190;game.cn_qd.2191;game.cn_qd.2192;game.cn_qd.2193;game.cn_qd.2194;game.cn_qd.2195;game.cn_qd.2196;game.cn_qd.2197;game.cn_qd.2198>,12,30107
12072,<game.cn_qd.2199;game.cn_qd.2200;game.cn_qd.2201;game.cn_qd.2202;game.cn_qd.2203;game.cn_qd.2204;game.cn_qd.2205;game.cn_qd.2206;game.cn_qd.2207;game.cn_qd.2208;game.cn_qd.2209;game.cn_qd.2210;game.cn_qd.2211;game.cn_qd.2212;game.cn_qd.2213;game.cn_qd.2214;game.cn_qd.2215;game.cn_qd.2216;game.cn_qd.2217;game.cn_qd.2218;game.cn_qd.2219;game.cn_qd.2220;game.cn_qd.2221;game.cn_qd.2222;game.cn_qd.2223;game.cn_qd.2224;game.cn_qd.2225;game.cn_qd.2226;game.cn_qd.2227;game.cn_qd.2228;game.cn_qd.2229;game.cn_qd.2230;game.cn_qd.2231;game.cn_qd.2232;game.cn_qd.2233;game.cn_qd.2234;game.cn_qd.2235;game.cn_qd.2236;game.cn_qd.2237;game.cn_qd.2238;game.cn_qd.2239;game.cn_qd.2240;game.cn_qd.2241;game.cn_qd.2242;game.cn_qd.2243;game.cn_qd.2244;game.cn_qd.2245;game.cn_qd.2246;game.cn_qd.2247;game.cn_qd.2248;game.cn_qd.2249;game.cn_qd.2250;game.cn_qd.2251;game.cn_qd.2252;game.cn_qd.2253;game.cn_qd.2254;game.cn_qd.2255;game.cn_qd.2256;game.cn_qd.2257;game.cn_qd.2258;game.cn_qd.2259;game.cn_qd.2260;game.cn_qd.2261;game.cn_qd.2262;game.cn_qd.2263;game.cn_qd.2264;game.cn_qd.2265;game.cn_qd.2266;game.cn_qd.2267;game.cn_qd.2268;game.cn_qd.2269;game.cn_qd.2270;game.cn_qd.2271;game.cn_qd.2272;game.cn_qd.2273;game.cn_qd.2274;game.cn_qd.2275;game.cn_qd.2276;game.cn_qd.2277;game.cn_qd.2278;game.cn_qd.2279;game.cn_qd.2280;game.cn_qd.2281;game.cn_qd.2282;game.cn_qd.2283;game.cn_qd.2284;game.cn_qd.2285;game.cn_qd.2286;game.cn_qd.2287;game.cn_qd.2288;game.cn_qd.2289;game.cn_qd.2290;game.cn_qd.2291;game.cn_qd.2292;game.cn_qd.2293;game.cn_qd.2294;game.cn_qd.2295;game.cn_qd.2296;game.cn_qd.2297;game.cn_qd.2298;game.cn_qd.2299;game.cn_qd.2300;game.cn_qd.2301;game.cn_qd.2302;game.cn_qd.2303;game.cn_qd.2304;game.cn_qd.2305;game.cn_qd.2306;game.cn_qd.2307;game.cn_qd.2308;game.cn_qd.2309;game.cn_qd.2310;game.cn_qd.2311;game.cn_qd.2312;game.cn_qd.2313;game.cn_qd.2314;game.cn_qd.2315;game.cn_qd.2316;game.cn_qd.2317;game.cn_qd.2318>,13,30107
12073,<game.cn_qd.2319;game.cn_qd.2320;game.cn_qd.2321;game.cn_qd.2322;game.cn_qd.2323;game.cn_qd.2324;game.cn_qd.2325;game.cn_qd.2326;game.cn_qd.2327;game.cn_qd.2328;game.cn_qd.2329;game.cn_qd.2330;game.cn_qd.2331;game.cn_qd.2332;game.cn_qd.2333;game.cn_qd.2334;game.cn_qd.2335;game.cn_qd.2336;game.cn_qd.2337;game.cn_qd.2338;game.cn_qd.2339;game.cn_qd.2340;game.cn_qd.2341;game.cn_qd.2342;game.cn_qd.2343;game.cn_qd.2344;game.cn_qd.2345;game.cn_qd.2346;game.cn_qd.2347;game.cn_qd.2348;game.cn_qd.2349;game.cn_qd.2350;game.cn_qd.2351;game.cn_qd.2352;game.cn_qd.2353;game.cn_qd.2354;game.cn_qd.2355;game.cn_qd.2356;game.cn_qd.2357;game.cn_qd.2358;game.cn_qd.2359;game.cn_qd.2360;game.cn_qd.2361;game.cn_qd.2362;game.cn_qd.2363;game.cn_qd.2364;game.cn_qd.2365;game.cn_qd.2366;game.cn_qd.2367;game.cn_qd.2368;game.cn_qd.2369;game.cn_qd.2370;game.cn_qd.2371;game.cn_qd.2372;game.cn_qd.2373;game.cn_qd.2374;game.cn_qd.2375;game.cn_qd.2376;game.cn_qd.2377;game.cn_qd.2378;game.cn_qd.2379;game.cn_qd.2380;game.cn_qd.2381;game.cn_qd.2382;game.cn_qd.2383;game.cn_qd.2384;game.cn_qd.2385;game.cn_qd.2386;game.cn_qd.2387;game.cn_qd.2388;game.cn_qd.2389;game.cn_qd.2390;game.cn_qd.2391;game.cn_qd.2392;game.cn_qd.2393;game.cn_qd.2394;game.cn_qd.2395;game.cn_qd.2396;game.cn_qd.2397;game.cn_qd.2398;game.cn_qd.2399;game.cn_qd.2400;game.cn_qd.2401;game.cn_qd.2402;game.cn_qd.2403;game.cn_qd.2404;game.cn_qd.2405;game.cn_qd.2406;game.cn_qd.2407;game.cn_qd.2408;game.cn_qd.2409;game.cn_qd.2410;game.cn_qd.2411;game.cn_qd.2412;game.cn_qd.2413;game.cn_qd.2414;game.cn_qd.2415;game.cn_qd.2416;game.cn_qd.2417;game.cn_qd.2418;game.cn_qd.2419;game.cn_qd.2420;game.cn_qd.2421;game.cn_qd.2422;game.cn_qd.2423;game.cn_qd.2424;game.cn_qd.2425;game.cn_qd.2426;game.cn_qd.2427;game.cn_qd.2428;game.cn_qd.2429;game.cn_qd.2430;game.cn_qd.2431;game.cn_qd.2432;game.cn_qd.2433;game.cn_qd.2434;game.cn_qd.2435;game.cn_qd.2436;game.cn_qd.2437;game.cn_qd.2438>,14,30107
12074,<game.cn_qd.2439;game.cn_qd.2440;game.cn_qd.2441;game.cn_qd.2442;game.cn_qd.2443;game.cn_qd.2444;game.cn_qd.2445;game.cn_qd.2446;game.cn_qd.2447;game.cn_qd.2448;game.cn_qd.2449;game.cn_qd.2450;game.cn_qd.2451;game.cn_qd.2452;game.cn_qd.2453;game.cn_qd.2454;game.cn_qd.2455;game.cn_qd.2456;game.cn_qd.2457;game.cn_qd.2458;game.cn_qd.2459;game.cn_qd.2460;game.cn_qd.2461;game.cn_qd.2462;game.cn_qd.2463;game.cn_qd.2464;game.cn_qd.2465;game.cn_qd.2466;game.cn_qd.2467;game.cn_qd.2468;game.cn_qd.2469;game.cn_qd.2470;game.cn_qd.2471;game.cn_qd.2472;game.cn_qd.2473;game.cn_qd.2474;game.cn_qd.2475;game.cn_qd.2476;game.cn_qd.2477;game.cn_qd.2478;game.cn_qd.2479;game.cn_qd.2480;game.cn_qd.2481;game.cn_qd.2482;game.cn_qd.2483;game.cn_qd.2484;game.cn_qd.2485;game.cn_qd.2486;game.cn_qd.2487;game.cn_qd.2488;game.cn_qd.2489;game.cn_qd.2490;game.cn_qd.2491;game.cn_qd.2492;game.cn_qd.2493;game.cn_qd.2494;game.cn_qd.2495;game.cn_qd.2496;game.cn_qd.2497;game.cn_qd.2498;game.cn_qd.2499;game.cn_qd.2500;game.cn_qd.2501;game.cn_qd.2502;game.cn_qd.2503;game.cn_qd.2504;game.cn_qd.2505;game.cn_qd.2506;game.cn_qd.2507;game.cn_qd.2508;game.cn_qd.2509;game.cn_qd.2510;game.cn_qd.2511;game.cn_qd.2512;game.cn_qd.2513;game.cn_qd.2514;game.cn_qd.2515;game.cn_qd.2516;game.cn_qd.2517;game.cn_qd.2518;game.cn_qd.2519;game.cn_qd.2520;game.cn_qd.2521;game.cn_qd.2522;game.cn_qd.2523;game.cn_qd.2524;game.cn_qd.2525;game.cn_qd.2526;game.cn_qd.2527;game.cn_qd.2528;game.cn_qd.2529;game.cn_qd.2530;game.cn_qd.2531;game.cn_qd.2532;game.cn_qd.2533;game.cn_qd.2534;game.cn_qd.2535;game.cn_qd.2536;game.cn_qd.2537;game.cn_qd.2538;game.cn_qd.2539;game.cn_qd.2540;game.cn_qd.2541;game.cn_qd.2542;game.cn_qd.2543;game.cn_qd.2544;game.cn_qd.2545;game.cn_qd.2546;game.cn_qd.2547;game.cn_qd.2548;game.cn_qd.2549;game.cn_qd.2550;game.cn_qd.2551;game.cn_qd.2552;game.cn_qd.2553;game.cn_qd.2554;game.cn_qd.2555;game.cn_qd.2556;game.cn_qd.2557;game.cn_qd.2558>,15,30107
12075,<game.cn_qd.2559;game.cn_qd.2560;game.cn_qd.2561;game.cn_qd.2562;game.cn_qd.2563;game.cn_qd.2564;game.cn_qd.2565;game.cn_qd.2566;game.cn_qd.2567;game.cn_qd.2568;game.cn_qd.2569;game.cn_qd.2570;game.cn_qd.2571;game.cn_qd.2572;game.cn_qd.2573;game.cn_qd.2574;game.cn_qd.2575;game.cn_qd.2576;game.cn_qd.2577;game.cn_qd.2578;game.cn_qd.2579;game.cn_qd.2580;game.cn_qd.2581;game.cn_qd.2582;game.cn_qd.2583;game.cn_qd.2584;game.cn_qd.2585;game.cn_qd.2586;game.cn_qd.2587;game.cn_qd.2588;game.cn_qd.2589;game.cn_qd.2590;game.cn_qd.2591;game.cn_qd.2592;game.cn_qd.2593;game.cn_qd.2594;game.cn_qd.2595;game.cn_qd.2596;game.cn_qd.2597;game.cn_qd.2598;game.cn_qd.2599;game.cn_qd.2600;game.cn_qd.2601;game.cn_qd.2602;game.cn_qd.2603;game.cn_qd.2604;game.cn_qd.2605;game.cn_qd.2606;game.cn_qd.2607;game.cn_qd.2608;game.cn_qd.2609;game.cn_qd.2610;game.cn_qd.2611;game.cn_qd.2612;game.cn_qd.2613;game.cn_qd.2614;game.cn_qd.2615;game.cn_qd.2616;game.cn_qd.2617;game.cn_qd.2618;game.cn_qd.2619;game.cn_qd.2620;game.cn_qd.2621;game.cn_qd.2622;game.cn_qd.2623;game.cn_qd.2624;game.cn_qd.2625;game.cn_qd.2626;game.cn_qd.2627;game.cn_qd.2628;game.cn_qd.2629;game.cn_qd.2630;game.cn_qd.2631;game.cn_qd.2632;game.cn_qd.2633;game.cn_qd.2634;game.cn_qd.2635;game.cn_qd.2636;game.cn_qd.2637;game.cn_qd.2638;game.cn_qd.2639;game.cn_qd.2640;game.cn_qd.2641;game.cn_qd.2642;game.cn_qd.2643;game.cn_qd.2644;game.cn_qd.2645;game.cn_qd.2646;game.cn_qd.2647;game.cn_qd.2648;game.cn_qd.2649;game.cn_qd.2650;game.cn_qd.2651;game.cn_qd.2652;game.cn_qd.2653;game.cn_qd.2654;game.cn_qd.2655;game.cn_qd.2656;game.cn_qd.2657;game.cn_qd.2658;game.cn_qd.2659;game.cn_qd.2660;game.cn_qd.2661;game.cn_qd.2662;game.cn_qd.2663;game.cn_qd.2664;game.cn_qd.2665;game.cn_qd.2666;game.cn_qd.2667;game.cn_qd.2668;game.cn_qd.2669;game.cn_qd.2670;game.cn_qd.2671;game.cn_qd.2672;game.cn_qd.2673;game.cn_qd.2674;game.cn_qd.2675;game.cn_qd.2676;game.cn_qd.2677;game.cn_qd.2678>,16,30107
12076,<game.cn_huawei.1;game.cn_qd.2679;game.cn_huawei.2;game.cn_qd.2680;game.cn_huawei.3;game.cn_qd.2681;game.cn_qd.2682;game.cn_qd.2683;game.cn_qd.2684;game.cn_qd.2685;game.cn_qd.2686;game.cn_qd.2687;game.cn_qd.2688;game.cn_qd.2689;game.cn_qd.2690;game.cn_qd.2691;game.cn_qd.2692;game.cn_qd.2693;game.cn_qd.2694;game.cn_qd.2695;game.cn_qd.2696;game.cn_qd.2697;game.cn_qd.2698;game.cn_qd.2699;game.cn_qd.2700;game.cn_qd.2701;game.cn_qd.2702;game.cn_qd.2703;game.cn_qd.2704;game.cn_qd.2705;game.cn_qd.2706;game.cn_qd.2707;game.cn_qd.2708;game.cn_qd.2709;game.cn_qd.2710;game.cn_qd.2711;game.cn_qd.2712;game.cn_qd.2713;game.cn_qd.2714;game.cn_qd.2715;game.cn_qd.2716;game.cn_qd.2717;game.cn_qd.2718;game.cn_qd.2719;game.cn_qd.2720;game.cn_qd.2721;game.cn_qd.2722;game.cn_qd.2723;game.cn_qd.2724;game.cn_qd.2725;game.cn_qd.2726;game.cn_qd.2727;game.cn_qd.2728;game.cn_qd.2729;game.cn_qd.2730;game.cn_qd.2731;game.cn_qd.2732;game.cn_qd.2733;game.cn_huawei.4;game.cn_qd.2734;game.cn_qd.2735;game.cn_huawei.5;game.cn_qd.2736;game.cn_qd.2737;game.cn_qd.2738;game.cn_qd.2739;game.cn_qd.2740;game.cn_qd.2741;game.cn_qd.2742;game.cn_qd.2743;game.cn_qd.2744;game.cn_qd.2745;game.cn_qd.2746;game.cn_qd.2747;game.cn_qd.2748;game.cn_qd.2749;game.cn_qd.2750;game.cn_qd.2751;game.cn_qd.2752;game.cn_qd.2753;game.cn_qd.2754;game.cn_qd.2755;game.cn_qd.2756;game.cn_qd.2757;game.cn_qd.2758;game.cn_qd.2759;game.cn_qd.2760;game.cn_huawei.6;game.cn_qd.2761;game.cn_qd.2762;game.cn_huawei.7;game.cn_qd.2763;game.cn_qd.2764;game.cn_qd.2765;game.cn_qd.2766;game.cn_qd.2767;game.cn_qd.2768;game.cn_qd.2769;game.cn_qd.2770;game.cn_qd.2771;game.cn_qd.2772;game.cn_qd.2773;game.cn_qd.2774;game.cn_qd.2775;game.cn_qd.2776;game.cn_qd.2777;game.cn_qd.2778;game.cn_qd.2779;game.cn_qd.2780;game.cn_qd.2781;game.cn_qd.2782;game.cn_qd.2783;game.cn_qd.2784;game.cn_qd.2785;game.cn_qd.2786;game.cn_qd.2787;game.cn_qd.2788;game.cn_qd.2789;game.cn_qd.2790;game.cn_qd.2791>,17,30107
12077,<game.cn_qd.2792;game.cn_qd.2793;game.cn_qd.2794;game.cn_qd.2795;game.cn_huawei.8;game.cn_qd.2796;game.cn_qd.2797;game.cn_qd.2798;game.cn_qd.2799;game.cn_qd.2800;game.cn_qd.2801;game.cn_qd.2802;game.cn_qd.2803;game.cn_qd.2804;game.cn_qd.2805;game.cn_qd.2806;game.cn_qd.2807;game.cn_qd.2808;game.cn_qd.2809;game.cn_qd.2810;game.cn_qd.2811;game.cn_qd.2812;game.cn_qd.2813;game.cn_qd.2814;game.cn_qd.2815;game.cn_qd.2816;game.cn_qd.2817;game.cn_qd.2818;game.cn_qd.2819;game.cn_qd.2820;game.cn_qd.2821;game.cn_qd.2822;game.cn_qd.2823;game.cn_qd.2824;game.cn_qd.2825;game.cn_qd.2826;game.cn_qd.2827;game.cn_qd.2828;game.cn_qd.2829;game.cn_qd.2830;game.cn_huawei.9;game.cn_qd.2831;game.cn_qd.2832;game.cn_qd.2833;game.cn_qd.2834;game.cn_qd.2835;game.cn_qd.2836;game.cn_qd.2837;game.cn_qd.2838;game.cn_qd.2839;game.cn_qd.2840;game.cn_qd.2841;game.cn_qd.2842;game.cn_qd.2843;game.cn_qd.2844;game.cn_qd.2845;game.cn_qd.2846;game.cn_qd.2847;game.cn_qd.2848;game.cn_qd.2849;game.cn_qd.2850;game.cn_qd.2851;game.cn_qd.2852;game.cn_qd.2853;game.cn_qd.2854;game.cn_qd.2855;game.cn_qd.2856;game.cn_qd.2857;game.cn_qd.2858;game.cn_qd.2859;game.cn_qd.2860;game.cn_qd.2861;game.cn_qd.2862;game.cn_qd.2863;game.cn_qd.2864;game.cn_qd.2865;game.cn_qd.2866;game.cn_qd.2867;game.cn_qd.2868;game.cn_qd.2869;game.cn_qd.2870;game.cn_qd.2871;game.cn_qd.2872;game.cn_qd.2873;game.cn_qd.2874;game.cn_qd.2875;game.cn_qd.2876;game.cn_qd.2877;game.cn_qd.2878;game.cn_qd.2879;game.cn_qd.2880;game.cn_qd.2881;game.cn_qd.2882;game.cn_qd.2883;game.cn_qd.2884>,18,30107
12080,<game.cn_qd.1;gamemerge.cn_qd.31;gamemerge.cn_qd.32;gamemerge.cn_qd.33;gamemerge.cn_qd.34;gamemerge.cn_qd.35;gamemerge.cn_qd.36;gamemerge.cn_qd.37;gamemerge.cn_qd.1;gamemerge.cn_qd.2;gamemerge.cn_qd.3;gamemerge.cn_qd.4;gamemerge.cn_qd.5;gamemerge.cn_qd.6;gamemerge.cn_qd.7;gamemerge.cn_qd.8;gamemerge.cn_qd.9;gamemerge.cn_qd.10;gamemerge.cn_qd.11;gamemerge.cn_qd.12;gamemerge.cn_qd.13;gamemerge.cn_qd.14;gamemerge.cn_qd.15;gamemerge.cn_qd.16;gamemerge.cn_qd.17;gamemerge.cn_qd.18;gamemerge.cn_qd.19;gamemerge.cn_qd.20;gamemerge.cn_qd.21;gamemerge.cn_qd.22;gamemerge.cn_qd.23;gamemerge.cn_qd.24;gamemerge.cn_qd.25;gamemerge.cn_qd.26;gamemerge.cn_qd.27;gamemerge.cn_qd.28;gamemerge.cn_qd.29;gamemerge.cn_qd.30;gamemerge.cn_qd.38;gamemerge.cn_qd.39;gamemerge.cn_qd.40;gamemerge.cn_qd.41;gamemerge.cn_qd.42;gamemerge.cn_qd.43;gamemerge.cn_qd.44;gamemerge.cn_qd.45;gamemerge.cn_qd.46;gamemerge.cn_qd.47;gamemerge.cn_qd.48;gamemerge.cn_qd.49;gamemerge.cn_qd.50;gamemerge.cn_qd.51;gamemerge.cn_qd.52;gamemerge.cn_qd.53;gamemerge.cn_qd.54;gamemerge.cn_qd.55;gamemerge.cn_qd.56;gamemerge.cn_qd.57;gamemerge.cn_qd.58;gamemerge.cn_qd.59;gamemerge.cn_qd.60;gamemerge.cn_qd.61;gamemerge.cn_qd.62;gamemerge.cn_qd.63;gamemerge.cn_qd.64;gamemerge.cn_qd.65;gamemerge.cn_qd.66;gamemerge.cn_qd.67;gamemerge.cn_qd.68;gamemerge.cn_qd.69;gamemerge.cn_qd.70;gamemerge.cn_qd.71;gamemerge.cn_qd.72;gamemerge.cn_qd.73;gamemerge.cn_qd.74;gamemerge.cn_qd.75;gamemerge.cn_qd.76;gamemerge.cn_qd.77;gamemerge.cn_qd.78;gamemerge.cn_qd.79;gamemerge.cn_qd.80;gamemerge.cn_qd.81;gamemerge.cn_qd.82;gamemerge.cn_qd.83;gamemerge.cn_qd.84;gamemerge.cn_qd.85;gamemerge.cn_qd.86;gamemerge.cn_qd.87;gamemerge.cn_qd.88;gamemerge.cn_qd.89;gamemerge.cn_qd.90;gamemerge.cn_qd.91;gamemerge.cn_qd.92;gamemerge.cn_qd.93;gamemerge.cn_qd.94;gamemerge.cn_qd.95;gamemerge.cn_qd.96;gamemerge.cn_qd.97;gamemerge.cn_qd.98;gamemerge.cn_qd.99>,1,30104
12081,<gamemerge.cn_qd.100;gamemerge.cn_qd.101;gamemerge.cn_qd.102;gamemerge.cn_qd.103;gamemerge.cn_qd.104;gamemerge.cn_qd.105;gamemerge.cn_qd.106;gamemerge.cn_qd.107;gamemerge.cn_qd.108;gamemerge.cn_qd.109;gamemerge.cn_qd.110;gamemerge.cn_qd.111;gamemerge.cn_qd.112;gamemerge.cn_qd.113;gamemerge.cn_qd.114;gamemerge.cn_qd.115;gamemerge.cn_qd.116;gamemerge.cn_qd.117;gamemerge.cn_qd.118;gamemerge.cn_qd.119;gamemerge.cn_qd.120;gamemerge.cn_qd.121;gamemerge.cn_qd.122;gamemerge.cn_qd.123;gamemerge.cn_qd.124;gamemerge.cn_qd.125;gamemerge.cn_qd.126;gamemerge.cn_qd.127;gamemerge.cn_qd.128;gamemerge.cn_qd.129;gamemerge.cn_qd.130;gamemerge.cn_qd.131;gamemerge.cn_qd.132;gamemerge.cn_qd.133;gamemerge.cn_qd.134;gamemerge.cn_qd.135;gamemerge.cn_qd.136;gamemerge.cn_qd.137;gamemerge.cn_qd.138;gamemerge.cn_qd.139;gamemerge.cn_qd.140;gamemerge.cn_qd.141;gamemerge.cn_qd.142;gamemerge.cn_qd.143;gamemerge.cn_qd.144;gamemerge.cn_qd.145;gamemerge.cn_qd.146;gamemerge.cn_qd.147;gamemerge.cn_qd.148;gamemerge.cn_qd.149;gamemerge.cn_qd.150;gamemerge.cn_qd.151;gamemerge.cn_qd.152;gamemerge.cn_qd.153;gamemerge.cn_qd.154;gamemerge.cn_qd.155;gamemerge.cn_qd.156;gamemerge.cn_qd.157;gamemerge.cn_qd.158;gamemerge.cn_qd.159;gamemerge.cn_qd.160;gamemerge.cn_qd.161;gamemerge.cn_qd.162;gamemerge.cn_qd.163;gamemerge.cn_qd.164;gamemerge.cn_qd.165;gamemerge.cn_qd.166;gamemerge.cn_qd.167;gamemerge.cn_qd.168;gamemerge.cn_qd.169;gamemerge.cn_qd.170;gamemerge.cn_qd.171;gamemerge.cn_qd.172;gamemerge.cn_qd.173;gamemerge.cn_qd.174;gamemerge.cn_qd.175;gamemerge.cn_qd.176;gamemerge.cn_qd.177;gamemerge.cn_qd.178;gamemerge.cn_qd.179;gamemerge.cn_qd.180;gamemerge.cn_qd.181;gamemerge.cn_qd.182;gamemerge.cn_qd.183;gamemerge.cn_qd.184;gamemerge.cn_qd.185;gamemerge.cn_qd.186;gamemerge.cn_qd.187;game.cn_qd.930;game.cn_qd.931;game.cn_qd.932;game.cn_qd.933;game.cn_qd.934;game.cn_qd.935;game.cn_qd.936;game.cn_qd.937;game.cn_qd.938;game.cn_qd.939;game.cn_qd.940;game.cn_qd.941>,2,30104
12082,<game.cn_qd.942;game.cn_qd.943;game.cn_qd.944;game.cn_qd.945;game.cn_qd.946;game.cn_qd.947;game.cn_qd.948;game.cn_qd.949;game.cn_qd.950;game.cn_qd.951;game.cn_qd.952;game.cn_qd.953;game.cn_qd.954;game.cn_qd.955;game.cn_qd.956;game.cn_qd.957;game.cn_qd.958;game.cn_qd.959;game.cn_qd.960;game.cn_qd.961;game.cn_qd.962;game.cn_qd.963;game.cn_qd.964;game.cn_qd.965;game.cn_qd.966;game.cn_qd.967;game.cn_qd.968;game.cn_qd.969;game.cn_qd.970;game.cn_qd.971;game.cn_qd.972;game.cn_qd.973;game.cn_qd.974;game.cn_qd.975;game.cn_qd.976;game.cn_qd.977;game.cn_qd.978;game.cn_qd.979;game.cn_qd.980;game.cn_qd.981;game.cn_qd.982;game.cn_qd.983;game.cn_qd.984;game.cn_qd.985;game.cn_qd.986;game.cn_qd.987;game.cn_qd.988;game.cn_qd.989;game.cn_qd.990;game.cn_qd.991;game.cn_qd.992;game.cn_qd.993;game.cn_qd.994;game.cn_qd.995;game.cn_qd.996;game.cn_qd.997;game.cn_qd.998;game.cn_qd.999;game.cn_qd.1000;game.cn_qd.1001;game.cn_qd.1002;game.cn_qd.1003;game.cn_qd.1004;game.cn_qd.1005;game.cn_qd.1006;game.cn_qd.1007;game.cn_qd.1008;game.cn_qd.1009;game.cn_qd.1010;game.cn_qd.1011;game.cn_qd.1012;game.cn_qd.1013;game.cn_qd.1014;game.cn_qd.1015;game.cn_qd.1016;game.cn_qd.1017;game.cn_qd.1018;game.cn_qd.1019;game.cn_qd.1020;game.cn_qd.1021;game.cn_qd.1022;game.cn_qd.1023;game.cn_qd.1024;game.cn_qd.1025;game.cn_qd.1026;game.cn_qd.1027;game.cn_qd.1028;game.cn_qd.1029;game.cn_qd.1030;game.cn_qd.1031;game.cn_qd.1032;game.cn_qd.1033;game.cn_qd.1034;game.cn_qd.1035;game.cn_qd.1036;game.cn_qd.1037;game.cn_qd.1038;game.cn_qd.1039;game.cn_qd.1040;game.cn_qd.1041>,3,30104
12083,<game.cn_qd.1042;game.cn_qd.1043;game.cn_qd.1044;game.cn_qd.1045;game.cn_qd.1046;game.cn_qd.1047;game.cn_qd.1048;game.cn_qd.1049;game.cn_qd.1050;game.cn_qd.1051;game.cn_qd.1052;game.cn_qd.1053;game.cn_qd.1054;game.cn_qd.1055;game.cn_qd.1056;game.cn_qd.1057;game.cn_qd.1058;game.cn_qd.1059;game.cn_qd.1060;game.cn_qd.1061;game.cn_qd.1062;game.cn_qd.1063;game.cn_qd.1064;game.cn_qd.1065;game.cn_qd.1066;game.cn_qd.1067;game.cn_qd.1068;game.cn_qd.1069;game.cn_qd.1070;game.cn_qd.1071;game.cn_qd.1072;game.cn_qd.1073;game.cn_qd.1074;game.cn_qd.1075;game.cn_qd.1076;game.cn_qd.1077;game.cn_qd.1078;game.cn_qd.1079;game.cn_qd.1080;game.cn_qd.1081;game.cn_qd.1082;game.cn_qd.1083;game.cn_qd.1084;game.cn_qd.1085;game.cn_qd.1086;game.cn_qd.1087;game.cn_qd.1088;game.cn_qd.1089;game.cn_qd.1090;game.cn_qd.1091;game.cn_qd.1092;game.cn_qd.1093;game.cn_qd.1094;game.cn_qd.1095;game.cn_qd.1096;game.cn_qd.1097;game.cn_qd.1098;game.cn_qd.1099;game.cn_qd.1100;game.cn_qd.1101;game.cn_qd.1102;game.cn_qd.1103;game.cn_qd.1104;game.cn_qd.1105;game.cn_qd.1106;game.cn_qd.1107;game.cn_qd.1108;game.cn_qd.1109;game.cn_qd.1110;game.cn_qd.1111;game.cn_qd.1112;game.cn_qd.1113;game.cn_qd.1114;game.cn_qd.1115;game.cn_qd.1116;game.cn_qd.1117;game.cn_qd.1118;game.cn_qd.1119;game.cn_qd.1120;game.cn_qd.1121;game.cn_qd.1122;game.cn_qd.1123;game.cn_qd.1124;game.cn_qd.1125;game.cn_qd.1126;game.cn_qd.1127;game.cn_qd.1128;game.cn_qd.1129;game.cn_qd.1130;game.cn_qd.1131;game.cn_qd.1132;game.cn_qd.1133;game.cn_qd.1134;game.cn_qd.1135;game.cn_qd.1136;game.cn_qd.1137;game.cn_qd.1138;game.cn_qd.1139;game.cn_qd.1140;game.cn_qd.1141>,4,30104
12084,<game.cn_qd.1142;game.cn_qd.1143;game.cn_qd.1144;game.cn_qd.1145;game.cn_qd.1146;game.cn_qd.1147;game.cn_qd.1148;game.cn_qd.1149;game.cn_qd.1150;game.cn_qd.1151;game.cn_qd.1152;game.cn_qd.1153;game.cn_qd.1154;game.cn_qd.1155;game.cn_qd.1156;game.cn_qd.1157;game.cn_qd.1158;game.cn_qd.1159;game.cn_qd.1160;game.cn_qd.1161;game.cn_qd.1162;game.cn_qd.1163;game.cn_qd.1164;game.cn_qd.1165;game.cn_qd.1166;game.cn_qd.1167;game.cn_qd.1168;game.cn_qd.1169;game.cn_qd.1170;game.cn_qd.1171;game.cn_qd.1172;game.cn_qd.1173;game.cn_qd.1174;game.cn_qd.1175;game.cn_qd.1176;game.cn_qd.1177;game.cn_qd.1178;game.cn_qd.1179;game.cn_qd.1180;game.cn_qd.1181;game.cn_qd.1182;game.cn_qd.1183;game.cn_qd.1184;game.cn_qd.1185;game.cn_qd.1186;game.cn_qd.1187;game.cn_qd.1188;game.cn_qd.1189;game.cn_qd.1190;game.cn_qd.1191;game.cn_qd.1192;game.cn_qd.1193;game.cn_qd.1194;game.cn_qd.1195;game.cn_qd.1196;game.cn_qd.1197;game.cn_qd.1198;game.cn_qd.1199;game.cn_qd.1200;game.cn_qd.1201;game.cn_qd.1202;game.cn_qd.1203;game.cn_qd.1204;game.cn_qd.1205;game.cn_qd.1206;game.cn_qd.1207;game.cn_qd.1208;game.cn_qd.1209;game.cn_qd.1210;game.cn_qd.1211;game.cn_qd.1212;game.cn_qd.1213;game.cn_qd.1214;game.cn_qd.1215;game.cn_qd.1216;game.cn_qd.1217;game.cn_qd.1218;game.cn_qd.1219;game.cn_qd.1220;game.cn_qd.1221;game.cn_qd.1222;game.cn_qd.1223;game.cn_qd.1224;game.cn_qd.1225;game.cn_qd.1226;game.cn_qd.1227;game.cn_qd.1228;game.cn_qd.1229;game.cn_qd.1230;game.cn_qd.1231;game.cn_qd.1232;game.cn_qd.1233;game.cn_qd.1234;game.cn_qd.1235;game.cn_qd.1236;game.cn_qd.1237;game.cn_qd.1238;game.cn_qd.1239;game.cn_qd.1240;game.cn_qd.1241>,5,30104
12085,<game.cn_qd.1242;game.cn_qd.1243;game.cn_qd.1244;game.cn_qd.1245;game.cn_qd.1246;game.cn_qd.1247;game.cn_qd.1248;game.cn_qd.1249;game.cn_qd.1250;game.cn_qd.1251;game.cn_qd.1252;game.cn_qd.1253;game.cn_qd.1254;game.cn_qd.1255;game.cn_qd.1256;game.cn_qd.1257;game.cn_qd.1258;game.cn_qd.1259;game.cn_qd.1260;game.cn_qd.1261;game.cn_qd.1262;game.cn_qd.1263;game.cn_qd.1264;game.cn_qd.1265;game.cn_qd.1266;game.cn_qd.1267;game.cn_qd.1268;game.cn_qd.1269;game.cn_qd.1270;game.cn_qd.1271;game.cn_qd.1272;game.cn_qd.1273;game.cn_qd.1274;game.cn_qd.1275;game.cn_qd.1276;game.cn_qd.1277;game.cn_qd.1278;game.cn_qd.1279;game.cn_qd.1280;game.cn_qd.1281;game.cn_qd.1282;game.cn_qd.1283;game.cn_qd.1284;game.cn_qd.1285;game.cn_qd.1286;game.cn_qd.1287;game.cn_qd.1288;game.cn_qd.1289;game.cn_qd.1290;game.cn_qd.1291;game.cn_qd.1292;game.cn_qd.1293;game.cn_qd.1294;game.cn_qd.1295;game.cn_qd.1296;game.cn_qd.1297;game.cn_qd.1298;game.cn_qd.1299;game.cn_qd.1300;game.cn_qd.1301;game.cn_qd.1302;game.cn_qd.1303;game.cn_qd.1304;game.cn_qd.1305;game.cn_qd.1306;game.cn_qd.1307;game.cn_qd.1308;game.cn_qd.1309;game.cn_qd.1310;game.cn_qd.1311;game.cn_qd.1312;game.cn_qd.1313;game.cn_qd.1314;game.cn_qd.1315;game.cn_qd.1316;game.cn_qd.1317;game.cn_qd.1318;game.cn_qd.1319;game.cn_qd.1320;game.cn_qd.1321;game.cn_qd.1322;game.cn_qd.1323;game.cn_qd.1324;game.cn_qd.1325;game.cn_qd.1326;game.cn_qd.1327;game.cn_qd.1328;game.cn_qd.1329;game.cn_qd.1330;game.cn_qd.1331;game.cn_qd.1332;game.cn_qd.1333;game.cn_qd.1334;game.cn_qd.1335;game.cn_qd.1336;game.cn_qd.1337;game.cn_qd.1338;game.cn_qd.1339;game.cn_qd.1340;game.cn_qd.1341>,6,30104
12086,<game.cn_qd.1342;game.cn_qd.1343;game.cn_qd.1344;game.cn_qd.1345;game.cn_qd.1346;game.cn_qd.1347;game.cn_qd.1348;game.cn_qd.1349;game.cn_qd.1350;game.cn_qd.1351;game.cn_qd.1352;game.cn_qd.1353;game.cn_qd.1354;game.cn_qd.1355;game.cn_qd.1356;game.cn_qd.1357;game.cn_qd.1358;game.cn_qd.1359;game.cn_qd.1360;game.cn_qd.1361;game.cn_qd.1362;game.cn_qd.1363;game.cn_qd.1364;game.cn_qd.1365;game.cn_qd.1366;game.cn_qd.1367;game.cn_qd.1368;game.cn_qd.1369;game.cn_qd.1370;game.cn_qd.1371;game.cn_qd.1372;game.cn_qd.1373;game.cn_qd.1374;game.cn_qd.1375;game.cn_qd.1376;game.cn_qd.1377;game.cn_qd.1378;game.cn_qd.1379;game.cn_qd.1380;game.cn_qd.1381;game.cn_qd.1382;game.cn_qd.1383;game.cn_qd.1384;game.cn_qd.1385;game.cn_qd.1386;game.cn_qd.1387;game.cn_qd.1388;game.cn_qd.1389;game.cn_qd.1390;game.cn_qd.1391;game.cn_qd.1392;game.cn_qd.1393;game.cn_qd.1394;game.cn_qd.1395;game.cn_qd.1396;game.cn_qd.1397;game.cn_qd.1398;game.cn_qd.1399;game.cn_qd.1400;game.cn_qd.1401;game.cn_qd.1402;game.cn_qd.1403;game.cn_qd.1404;game.cn_qd.1405;game.cn_qd.1406;game.cn_qd.1407;game.cn_qd.1408;game.cn_qd.1409;game.cn_qd.1410;game.cn_qd.1411;game.cn_qd.1412;game.cn_qd.1413;game.cn_qd.1414;game.cn_qd.1415;game.cn_qd.1416;game.cn_qd.1417;game.cn_qd.1418;game.cn_qd.1419;game.cn_qd.1420;game.cn_qd.1421;game.cn_qd.1422;game.cn_qd.1423;game.cn_qd.1424;game.cn_qd.1425;game.cn_qd.1426;game.cn_qd.1427;game.cn_qd.1428;game.cn_qd.1429;game.cn_qd.1430;game.cn_qd.1431;game.cn_qd.1432;game.cn_qd.1433;game.cn_qd.1434;game.cn_qd.1435;game.cn_qd.1436;game.cn_qd.1437;game.cn_qd.1438;game.cn_qd.1439;game.cn_qd.1440;game.cn_qd.1441>,7,30104
12087,<game.cn_qd.1442;game.cn_qd.1443;game.cn_qd.1444;game.cn_qd.1445;game.cn_qd.1446;game.cn_qd.1447;game.cn_qd.1448;game.cn_qd.1449;game.cn_qd.1450;game.cn_qd.1451;game.cn_qd.1452;game.cn_qd.1453;game.cn_qd.1454;game.cn_qd.1455;game.cn_qd.1456;game.cn_qd.1457;game.cn_qd.1458;game.cn_qd.1459;game.cn_qd.1460;game.cn_qd.1461;game.cn_qd.1462;game.cn_qd.1463;game.cn_qd.1464;game.cn_qd.1465;game.cn_qd.1466;game.cn_qd.1467;game.cn_qd.1468;game.cn_qd.1469;game.cn_qd.1470;game.cn_qd.1471;game.cn_qd.1472;game.cn_qd.1473;game.cn_qd.1474;game.cn_qd.1475;game.cn_qd.1476;game.cn_qd.1477;game.cn_qd.1478;game.cn_qd.1479;game.cn_qd.1480;game.cn_qd.1481;game.cn_qd.1482;game.cn_qd.1483;game.cn_qd.1484;game.cn_qd.1485;game.cn_qd.1486;game.cn_qd.1487;game.cn_qd.1488;game.cn_qd.1489;game.cn_qd.1490;game.cn_qd.1491;game.cn_qd.1492;game.cn_qd.1493;game.cn_qd.1494;game.cn_qd.1495;game.cn_qd.1496;game.cn_qd.1497;game.cn_qd.1498;game.cn_qd.1499;game.cn_qd.1500;game.cn_qd.1501;game.cn_qd.1502;game.cn_qd.1503;game.cn_qd.1504;game.cn_qd.1505;game.cn_qd.1506;game.cn_qd.1507;game.cn_qd.1508;game.cn_qd.1509;game.cn_qd.1510;game.cn_qd.1511;game.cn_qd.1512;game.cn_qd.1513;game.cn_qd.1514;game.cn_qd.1515;game.cn_qd.1516;game.cn_qd.1517;game.cn_qd.1518;game.cn_qd.1519;game.cn_qd.1520;game.cn_qd.1521;game.cn_qd.1522;game.cn_qd.1523;game.cn_qd.1524;game.cn_qd.1525;game.cn_qd.1526;game.cn_qd.1527;game.cn_qd.1528;game.cn_qd.1529;game.cn_qd.1530;game.cn_qd.1531;game.cn_qd.1532;game.cn_qd.1533;game.cn_qd.1534;game.cn_qd.1535;game.cn_qd.1536;game.cn_qd.1537;game.cn_qd.1538;game.cn_qd.1539;game.cn_qd.1540;game.cn_qd.1541>,8,30104
12088,<game.cn_qd.1542;game.cn_qd.1543;game.cn_qd.1544;game.cn_qd.1545;game.cn_qd.1546;game.cn_qd.1547;game.cn_qd.1548;game.cn_qd.1549;game.cn_qd.1550;game.cn_qd.1551;game.cn_qd.1552;game.cn_qd.1553;game.cn_qd.1554;game.cn_qd.1555;game.cn_qd.1556;game.cn_qd.1557;game.cn_qd.1558;game.cn_qd.1559;game.cn_qd.1560;game.cn_qd.1561;game.cn_qd.1562;game.cn_qd.1563;game.cn_qd.1564;game.cn_qd.1565;game.cn_qd.1566;game.cn_qd.1567;game.cn_qd.1568;game.cn_qd.1569;game.cn_qd.1570;game.cn_qd.1571;game.cn_qd.1572;game.cn_qd.1573;game.cn_qd.1574;game.cn_qd.1575;game.cn_qd.1576;game.cn_qd.1577;game.cn_qd.1578;game.cn_qd.1579;game.cn_qd.1580;game.cn_qd.1581;game.cn_qd.1582;game.cn_qd.1583;game.cn_qd.1584;game.cn_qd.1585;game.cn_qd.1586;game.cn_qd.1587;game.cn_qd.1588;game.cn_qd.1589;game.cn_qd.1590;game.cn_qd.1591;game.cn_qd.1592;game.cn_qd.1593;game.cn_qd.1594;game.cn_qd.1595;game.cn_qd.1596;game.cn_qd.1597;game.cn_qd.1598;game.cn_qd.1599;game.cn_qd.1600;game.cn_qd.1601;game.cn_qd.1602;game.cn_qd.1603;game.cn_qd.1604;game.cn_qd.1605;game.cn_qd.1606;game.cn_qd.1607;game.cn_qd.1608;game.cn_qd.1609;game.cn_qd.1610;game.cn_qd.1611;game.cn_qd.1612;game.cn_qd.1613;game.cn_qd.1614;game.cn_qd.1615;game.cn_qd.1616;game.cn_qd.1617;game.cn_qd.1618;game.cn_qd.1619;game.cn_qd.1620;game.cn_qd.1621;game.cn_qd.1622;game.cn_qd.1623;game.cn_qd.1624;game.cn_qd.1625;game.cn_qd.1626;game.cn_qd.1627;game.cn_qd.1628;game.cn_qd.1629;game.cn_qd.1630;game.cn_qd.1631;game.cn_qd.1632;game.cn_qd.1633;game.cn_qd.1634;game.cn_qd.1635;game.cn_qd.1636;game.cn_qd.1637;game.cn_qd.1638;game.cn_qd.1639;game.cn_qd.1640;game.cn_qd.1641>,9,30104
12089,<game.cn_qd.1642;game.cn_qd.1643;game.cn_qd.1644;game.cn_qd.1645;game.cn_qd.1646;game.cn_qd.1647;game.cn_qd.1648;game.cn_qd.1649;game.cn_qd.1650;game.cn_qd.1651;game.cn_qd.1652;game.cn_qd.1653;game.cn_qd.1654;game.cn_qd.1655;game.cn_qd.1656;game.cn_qd.1657;game.cn_qd.1658;game.cn_qd.1659;game.cn_qd.1660;game.cn_qd.1661;game.cn_qd.1662;game.cn_qd.1663;game.cn_qd.1664;game.cn_qd.1665;game.cn_qd.1666;game.cn_qd.1667;game.cn_qd.1668;game.cn_qd.1669;game.cn_qd.1670;game.cn_qd.1671;game.cn_qd.1672;game.cn_qd.1673;game.cn_qd.1674;game.cn_qd.1675;game.cn_qd.1676;game.cn_qd.1677;game.cn_qd.1678;game.cn_qd.1679;game.cn_qd.1680;game.cn_qd.1681;game.cn_qd.1682;game.cn_qd.1683;game.cn_qd.1684;game.cn_qd.1685;game.cn_qd.1686;game.cn_qd.1687;game.cn_qd.1688;game.cn_qd.1689;game.cn_qd.1690;game.cn_qd.1691;game.cn_qd.1692;game.cn_qd.1693;game.cn_qd.1694;game.cn_qd.1695;game.cn_qd.1696;game.cn_qd.1697;game.cn_qd.1698;game.cn_qd.1699;game.cn_qd.1700;game.cn_qd.1701;game.cn_qd.1702;game.cn_qd.1703;game.cn_qd.1704;game.cn_qd.1705;game.cn_qd.1706;game.cn_qd.1707;game.cn_qd.1708;game.cn_qd.1709;game.cn_qd.1710;game.cn_qd.1711;game.cn_qd.1712;game.cn_qd.1713;game.cn_qd.1714;game.cn_qd.1715;game.cn_qd.1716;game.cn_qd.1717;game.cn_qd.1718;game.cn_qd.1719;game.cn_qd.1720;game.cn_qd.1721;game.cn_qd.1722;game.cn_qd.1723;game.cn_qd.1724;game.cn_qd.1725;game.cn_qd.1726;game.cn_qd.1727;game.cn_qd.1728;game.cn_qd.1729;game.cn_qd.1730;game.cn_qd.1731;game.cn_qd.1732;game.cn_qd.1733;game.cn_qd.1734;game.cn_qd.1735;game.cn_qd.1736;game.cn_qd.1737;game.cn_qd.1738;game.cn_qd.1739;game.cn_qd.1740;game.cn_qd.1741>,10,30104
12090,<game.cn_qd.1742;game.cn_qd.1743;game.cn_qd.1744;game.cn_qd.1745;game.cn_qd.1746;game.cn_qd.1747;game.cn_qd.1748;game.cn_qd.1749;game.cn_qd.1750;game.cn_qd.1751;game.cn_qd.1752;game.cn_qd.1753;game.cn_qd.1754;game.cn_qd.1755;game.cn_qd.1756;game.cn_qd.1757;game.cn_qd.1758;game.cn_qd.1759;game.cn_qd.1760;game.cn_qd.1761;game.cn_qd.1762;game.cn_qd.1763;game.cn_qd.1764;game.cn_qd.1765;game.cn_qd.1766;game.cn_qd.1767;game.cn_qd.1768;game.cn_qd.1769;game.cn_qd.1770;game.cn_qd.1771;game.cn_qd.1772;game.cn_qd.1773;game.cn_qd.1774;game.cn_qd.1775;game.cn_qd.1776;game.cn_qd.1777;game.cn_qd.1778;game.cn_qd.1779;game.cn_qd.1780;game.cn_qd.1781;game.cn_qd.1782;game.cn_qd.1783;game.cn_qd.1784;game.cn_qd.1785;game.cn_qd.1786;game.cn_qd.1787;game.cn_qd.1788;game.cn_qd.1789;game.cn_qd.1790;game.cn_qd.1791;game.cn_qd.1792;game.cn_qd.1793;game.cn_qd.1794;game.cn_qd.1795;game.cn_qd.1796;game.cn_qd.1797;game.cn_qd.1798;game.cn_qd.1799;game.cn_qd.1800;game.cn_qd.1801;game.cn_qd.1802;game.cn_qd.1803;game.cn_qd.1804;game.cn_qd.1805;game.cn_qd.1806;game.cn_qd.1807;game.cn_qd.1808;game.cn_qd.1809;game.cn_qd.1810;game.cn_qd.1811;game.cn_qd.1812;game.cn_qd.1813;game.cn_qd.1814;game.cn_qd.1815;game.cn_qd.1816;game.cn_qd.1817;game.cn_qd.1818;game.cn_qd.1819;game.cn_qd.1820;game.cn_qd.1821;game.cn_qd.1822;game.cn_qd.1823;game.cn_qd.1824;game.cn_qd.1825;game.cn_qd.1826;game.cn_qd.1827;game.cn_qd.1828;game.cn_qd.1829;game.cn_qd.1830;game.cn_qd.1831;game.cn_qd.1832;game.cn_qd.1833;game.cn_qd.1834;game.cn_qd.1835;game.cn_qd.1836;game.cn_qd.1837;game.cn_qd.1838;game.cn_qd.1839;game.cn_qd.1840;game.cn_qd.1841>,11,30104
12091,<game.cn_qd.1842;game.cn_qd.1843;game.cn_qd.1844;game.cn_qd.1845;game.cn_qd.1846;game.cn_qd.1847;game.cn_qd.1848;game.cn_qd.1849;game.cn_qd.1850;game.cn_qd.1851;game.cn_qd.1852;game.cn_qd.1853;game.cn_qd.1854;game.cn_qd.1855;game.cn_qd.1856;game.cn_qd.1857;game.cn_qd.1858;game.cn_qd.1859;game.cn_qd.1860;game.cn_qd.1861;game.cn_qd.1862;game.cn_qd.1863;game.cn_qd.1864;game.cn_qd.1865;game.cn_qd.1866;game.cn_qd.1867;game.cn_qd.1868;game.cn_qd.1869;game.cn_qd.1870;game.cn_qd.1871;game.cn_qd.1872;game.cn_qd.1873;game.cn_qd.1874;game.cn_qd.1875;game.cn_qd.1876;game.cn_qd.1877;game.cn_qd.1878;game.cn_qd.1879;game.cn_qd.1880;game.cn_qd.1881;game.cn_qd.1882;game.cn_qd.1883;game.cn_qd.1884;game.cn_qd.1885;game.cn_qd.1886;game.cn_qd.1887;game.cn_qd.1888;game.cn_qd.1889;game.cn_qd.1890;game.cn_qd.1891;game.cn_qd.1892;game.cn_qd.1893;game.cn_qd.1894;game.cn_qd.1895;game.cn_qd.1896;game.cn_qd.1897;game.cn_qd.1898;game.cn_qd.1899;game.cn_qd.1900;game.cn_qd.1901;game.cn_qd.1902;game.cn_qd.1903;game.cn_qd.1904;game.cn_qd.1905;game.cn_qd.1906;game.cn_qd.1907;game.cn_qd.1908;game.cn_qd.1909;game.cn_qd.1910;game.cn_qd.1911;game.cn_qd.1912;game.cn_qd.1913;game.cn_qd.1914;game.cn_qd.1915;game.cn_qd.1916;game.cn_qd.1917;game.cn_qd.1918;game.cn_qd.1919;game.cn_qd.1920;game.cn_qd.1921;game.cn_qd.1922;game.cn_qd.1923;game.cn_qd.1924;game.cn_qd.1925;game.cn_qd.1926;game.cn_qd.1927;game.cn_qd.1928;game.cn_qd.1929;game.cn_qd.1930;game.cn_qd.1931;game.cn_qd.1932;game.cn_qd.1933;game.cn_qd.1934;game.cn_qd.1935;game.cn_qd.1936;game.cn_qd.1937;game.cn_qd.1938;game.cn_qd.1939;game.cn_qd.1940;game.cn_qd.1941>,12,30104
12092,<game.cn_qd.1942;game.cn_qd.1943;game.cn_qd.1944;game.cn_qd.1945;game.cn_qd.1946;game.cn_qd.1947;game.cn_qd.1948;game.cn_qd.1949;game.cn_qd.1950;game.cn_qd.1951;game.cn_qd.1952;game.cn_qd.1953;game.cn_qd.1954;game.cn_qd.1955;game.cn_qd.1956;game.cn_qd.1957;game.cn_qd.1958;game.cn_qd.1959;game.cn_qd.1960;game.cn_qd.1961;game.cn_qd.1962;game.cn_qd.1963;game.cn_qd.1964;game.cn_qd.1965;game.cn_qd.1966;game.cn_qd.1967;game.cn_qd.1968;game.cn_qd.1969;game.cn_qd.1970;game.cn_qd.1971;game.cn_qd.1972;game.cn_qd.1973;game.cn_qd.1974;game.cn_qd.1975;game.cn_qd.1976;game.cn_qd.1977;game.cn_qd.1978;game.cn_qd.1979;game.cn_qd.1980;game.cn_qd.1981;game.cn_qd.1982;game.cn_qd.1983;game.cn_qd.1984;game.cn_qd.1985;game.cn_qd.1986;game.cn_qd.1987;game.cn_qd.1988;game.cn_qd.1989;game.cn_qd.1990;game.cn_qd.1991;game.cn_qd.1992;game.cn_qd.1993;game.cn_qd.1994;game.cn_qd.1995;game.cn_qd.1996;game.cn_qd.1997;game.cn_qd.1998;game.cn_qd.1999;game.cn_qd.2000;game.cn_qd.2001;game.cn_qd.2002;game.cn_qd.2003;game.cn_qd.2004;game.cn_qd.2005;game.cn_qd.2006;game.cn_qd.2007;game.cn_qd.2008;game.cn_qd.2009;game.cn_qd.2010;game.cn_qd.2011;game.cn_qd.2012;game.cn_qd.2013;game.cn_qd.2014;game.cn_qd.2015;game.cn_qd.2016;game.cn_qd.2017;game.cn_qd.2018;game.cn_qd.2019;game.cn_qd.2020;game.cn_qd.2021;game.cn_qd.2022;game.cn_qd.2023;game.cn_qd.2024;game.cn_qd.2025;game.cn_qd.2026;game.cn_qd.2027;game.cn_qd.2028;game.cn_qd.2029;game.cn_qd.2030;game.cn_qd.2031;game.cn_qd.2032;game.cn_qd.2033;game.cn_qd.2034;game.cn_qd.2035;game.cn_qd.2036;game.cn_qd.2037;game.cn_qd.2038;game.cn_qd.2039;game.cn_qd.2040;game.cn_qd.2041>,13,30104
12093,<game.cn_qd.2042;game.cn_qd.2043;game.cn_qd.2044;game.cn_qd.2045;game.cn_qd.2046;game.cn_qd.2047;game.cn_qd.2048;game.cn_qd.2049;game.cn_qd.2050;game.cn_qd.2051;game.cn_qd.2052;game.cn_qd.2053;game.cn_qd.2054;game.cn_qd.2055;game.cn_qd.2056;game.cn_qd.2057;game.cn_qd.2058;game.cn_qd.2059;game.cn_qd.2060;game.cn_qd.2061;game.cn_qd.2062;game.cn_qd.2063;game.cn_qd.2064;game.cn_qd.2065;game.cn_qd.2066;game.cn_qd.2067;game.cn_qd.2068;game.cn_qd.2069;game.cn_qd.2070;game.cn_qd.2071;game.cn_qd.2072;game.cn_qd.2073;game.cn_qd.2074;game.cn_qd.2075;game.cn_qd.2076;game.cn_qd.2077;game.cn_qd.2078;game.cn_qd.2079;game.cn_qd.2080;game.cn_qd.2081;game.cn_qd.2082;game.cn_qd.2083;game.cn_qd.2084;game.cn_qd.2085;game.cn_qd.2086;game.cn_qd.2087;game.cn_qd.2088;game.cn_qd.2089;game.cn_qd.2090;game.cn_qd.2091;game.cn_qd.2092;game.cn_qd.2093;game.cn_qd.2094;game.cn_qd.2095;game.cn_qd.2096;game.cn_qd.2097;game.cn_qd.2098;game.cn_qd.2099;game.cn_qd.2100;game.cn_qd.2101;game.cn_qd.2102;game.cn_qd.2103;game.cn_qd.2104;game.cn_qd.2105;game.cn_qd.2106;game.cn_qd.2107;game.cn_qd.2108;game.cn_qd.2109;game.cn_qd.2110;game.cn_qd.2111;game.cn_qd.2112;game.cn_qd.2113;game.cn_qd.2114;game.cn_qd.2115;game.cn_qd.2116;game.cn_qd.2117;game.cn_qd.2118;game.cn_qd.2119;game.cn_qd.2120;game.cn_qd.2121;game.cn_qd.2122;game.cn_qd.2123;game.cn_qd.2124;game.cn_qd.2125;game.cn_qd.2126;game.cn_qd.2127;game.cn_qd.2128;game.cn_qd.2129;game.cn_qd.2130;game.cn_qd.2131;game.cn_qd.2132;game.cn_qd.2133;game.cn_qd.2134;game.cn_qd.2135;game.cn_qd.2136;game.cn_qd.2137;game.cn_qd.2138;game.cn_qd.2139;game.cn_qd.2140;game.cn_qd.2141>,14,30104
12094,<game.cn_qd.2142;game.cn_qd.2143;game.cn_qd.2144;game.cn_qd.2145;game.cn_qd.2146;game.cn_qd.2147;game.cn_qd.2148;game.cn_qd.2149;game.cn_qd.2150;game.cn_qd.2151;game.cn_qd.2152;game.cn_qd.2153;game.cn_qd.2154;game.cn_qd.2155;game.cn_qd.2156;game.cn_qd.2157;game.cn_qd.2158;game.cn_qd.2159;game.cn_qd.2160;game.cn_qd.2161;game.cn_qd.2162;game.cn_qd.2163;game.cn_qd.2164;game.cn_qd.2165;game.cn_qd.2166;game.cn_qd.2167;game.cn_qd.2168;game.cn_qd.2169;game.cn_qd.2170;game.cn_qd.2171;game.cn_qd.2172;game.cn_qd.2173;game.cn_qd.2174;game.cn_qd.2175;game.cn_qd.2176;game.cn_qd.2177;game.cn_qd.2178;game.cn_qd.2179;game.cn_qd.2180;game.cn_qd.2181;game.cn_qd.2182;game.cn_qd.2183;game.cn_qd.2184;game.cn_qd.2185;game.cn_qd.2186;game.cn_qd.2187;game.cn_qd.2188;game.cn_qd.2189;game.cn_qd.2190;game.cn_qd.2191;game.cn_qd.2192;game.cn_qd.2193;game.cn_qd.2194;game.cn_qd.2195;game.cn_qd.2196;game.cn_qd.2197;game.cn_qd.2198;game.cn_qd.2199;game.cn_qd.2200;game.cn_qd.2201;game.cn_qd.2202;game.cn_qd.2203;game.cn_qd.2204;game.cn_qd.2205;game.cn_qd.2206;game.cn_qd.2207;game.cn_qd.2208;game.cn_qd.2209;game.cn_qd.2210;game.cn_qd.2211;game.cn_qd.2212;game.cn_qd.2213;game.cn_qd.2214;game.cn_qd.2215;game.cn_qd.2216;game.cn_qd.2217;game.cn_qd.2218;game.cn_qd.2219;game.cn_qd.2220;game.cn_qd.2221;game.cn_qd.2222;game.cn_qd.2223;game.cn_qd.2224;game.cn_qd.2225;game.cn_qd.2226;game.cn_qd.2227;game.cn_qd.2228;game.cn_qd.2229;game.cn_qd.2230;game.cn_qd.2231;game.cn_qd.2232;game.cn_qd.2233;game.cn_qd.2234;game.cn_qd.2235;game.cn_qd.2236;game.cn_qd.2237;game.cn_qd.2238;game.cn_qd.2239;game.cn_qd.2240;game.cn_qd.2241>,15,30104
12095,<game.cn_qd.2242;game.cn_qd.2243;game.cn_qd.2244;game.cn_qd.2245;game.cn_qd.2246;game.cn_qd.2247;game.cn_qd.2248;game.cn_qd.2249;game.cn_qd.2250;game.cn_qd.2251;game.cn_qd.2252;game.cn_qd.2253;game.cn_qd.2254;game.cn_qd.2255;game.cn_qd.2256;game.cn_qd.2257;game.cn_qd.2258;game.cn_qd.2259;game.cn_qd.2260;game.cn_qd.2261;game.cn_qd.2262;game.cn_qd.2263;game.cn_qd.2264;game.cn_qd.2265;game.cn_qd.2266;game.cn_qd.2267;game.cn_qd.2268;game.cn_qd.2269;game.cn_qd.2270;game.cn_qd.2271;game.cn_qd.2272;game.cn_qd.2273;game.cn_qd.2274;game.cn_qd.2275;game.cn_qd.2276;game.cn_qd.2277;game.cn_qd.2278;game.cn_qd.2279;game.cn_qd.2280;game.cn_qd.2281;game.cn_qd.2282;game.cn_qd.2283;game.cn_qd.2284;game.cn_qd.2285;game.cn_qd.2286;game.cn_qd.2287;game.cn_qd.2288;game.cn_qd.2289;game.cn_qd.2290;game.cn_qd.2291;game.cn_qd.2292;game.cn_qd.2293;game.cn_qd.2294;game.cn_qd.2295;game.cn_qd.2296;game.cn_qd.2297;game.cn_qd.2298;game.cn_qd.2299;game.cn_qd.2300;game.cn_qd.2301;game.cn_qd.2302;game.cn_qd.2303;game.cn_qd.2304;game.cn_qd.2305;game.cn_qd.2306;game.cn_qd.2307;game.cn_qd.2308;game.cn_qd.2309;game.cn_qd.2310;game.cn_qd.2311;game.cn_qd.2312;game.cn_qd.2313;game.cn_qd.2314;game.cn_qd.2315;game.cn_qd.2316;game.cn_qd.2317;game.cn_qd.2318;game.cn_qd.2319;game.cn_qd.2320;game.cn_qd.2321;game.cn_qd.2322;game.cn_qd.2323;game.cn_qd.2324;game.cn_qd.2325;game.cn_qd.2326;game.cn_qd.2327;game.cn_qd.2328;game.cn_qd.2329;game.cn_qd.2330;game.cn_qd.2331;game.cn_qd.2332;game.cn_qd.2333;game.cn_qd.2334;game.cn_qd.2335;game.cn_qd.2336;game.cn_qd.2337;game.cn_qd.2338;game.cn_qd.2339;game.cn_qd.2340;game.cn_qd.2341>,16,30104
12096,<game.cn_qd.2342;game.cn_qd.2343;game.cn_qd.2344;game.cn_qd.2345;game.cn_qd.2346;game.cn_qd.2347;game.cn_qd.2348;game.cn_qd.2349;game.cn_qd.2350;game.cn_qd.2351;game.cn_qd.2352;game.cn_qd.2353;game.cn_qd.2354;game.cn_qd.2355;game.cn_qd.2356;game.cn_qd.2357;game.cn_qd.2358;game.cn_qd.2359;game.cn_qd.2360;game.cn_qd.2361;game.cn_qd.2362;game.cn_qd.2363;game.cn_qd.2364;game.cn_qd.2365;game.cn_qd.2366;game.cn_qd.2367;game.cn_qd.2368;game.cn_qd.2369;game.cn_qd.2370;game.cn_qd.2371;game.cn_qd.2372;game.cn_qd.2373;game.cn_qd.2374;game.cn_qd.2375;game.cn_qd.2376;game.cn_qd.2377;game.cn_qd.2378;game.cn_qd.2379;game.cn_qd.2380;game.cn_qd.2381;game.cn_qd.2382;game.cn_qd.2383;game.cn_qd.2384;game.cn_qd.2385;game.cn_qd.2386;game.cn_qd.2387;game.cn_qd.2388;game.cn_qd.2389;game.cn_qd.2390;game.cn_qd.2391;game.cn_qd.2392;game.cn_qd.2393;game.cn_qd.2394;game.cn_qd.2395;game.cn_qd.2396;game.cn_qd.2397;game.cn_qd.2398;game.cn_qd.2399;game.cn_qd.2400;game.cn_qd.2401;game.cn_qd.2402;game.cn_qd.2403;game.cn_qd.2404;game.cn_qd.2405;game.cn_qd.2406;game.cn_qd.2407;game.cn_qd.2408;game.cn_qd.2409;game.cn_qd.2410;game.cn_qd.2411;game.cn_qd.2412;game.cn_qd.2413;game.cn_qd.2414;game.cn_qd.2415;game.cn_qd.2416;game.cn_qd.2417;game.cn_qd.2418;game.cn_qd.2419;game.cn_qd.2420;game.cn_qd.2421;game.cn_qd.2422;game.cn_qd.2423;game.cn_qd.2424;game.cn_qd.2425;game.cn_qd.2426;game.cn_qd.2427;game.cn_qd.2428;game.cn_qd.2429;game.cn_qd.2430;game.cn_qd.2431;game.cn_qd.2432;game.cn_qd.2433;game.cn_qd.2434;game.cn_qd.2435;game.cn_qd.2436;game.cn_qd.2437;game.cn_qd.2438;game.cn_qd.2439;game.cn_qd.2440;game.cn_qd.2441>,17,30104
12097,<game.cn_qd.2442;game.cn_qd.2443;game.cn_qd.2444;game.cn_qd.2445;game.cn_qd.2446;game.cn_qd.2447;game.cn_qd.2448;game.cn_qd.2449;game.cn_qd.2450;game.cn_qd.2451;game.cn_qd.2452;game.cn_qd.2453;game.cn_qd.2454;game.cn_qd.2455;game.cn_qd.2456;game.cn_qd.2457;game.cn_qd.2458;game.cn_qd.2459;game.cn_qd.2460;game.cn_qd.2461;game.cn_qd.2462;game.cn_qd.2463;game.cn_qd.2464;game.cn_qd.2465;game.cn_qd.2466;game.cn_qd.2467;game.cn_qd.2468;game.cn_qd.2469;game.cn_qd.2470;game.cn_qd.2471;game.cn_qd.2472;game.cn_qd.2473;game.cn_qd.2474;game.cn_qd.2475;game.cn_qd.2476;game.cn_qd.2477;game.cn_qd.2478;game.cn_qd.2479;game.cn_qd.2480;game.cn_qd.2481;game.cn_qd.2482;game.cn_qd.2483;game.cn_qd.2484;game.cn_qd.2485;game.cn_qd.2486;game.cn_qd.2487;game.cn_qd.2488;game.cn_qd.2489;game.cn_qd.2490;game.cn_qd.2491;game.cn_qd.2492;game.cn_qd.2493;game.cn_qd.2494;game.cn_qd.2495;game.cn_qd.2496;game.cn_qd.2497;game.cn_qd.2498;game.cn_qd.2499;game.cn_qd.2500;game.cn_qd.2501;game.cn_qd.2502;game.cn_qd.2503;game.cn_qd.2504;game.cn_qd.2505;game.cn_qd.2506;game.cn_qd.2507;game.cn_qd.2508;game.cn_qd.2509;game.cn_qd.2510;game.cn_qd.2511;game.cn_qd.2512;game.cn_qd.2513;game.cn_qd.2514;game.cn_qd.2515;game.cn_qd.2516;game.cn_qd.2517;game.cn_qd.2518;game.cn_qd.2519;game.cn_qd.2520;game.cn_qd.2521;game.cn_qd.2522;game.cn_qd.2523;game.cn_qd.2524;game.cn_qd.2525;game.cn_qd.2526;game.cn_qd.2527;game.cn_qd.2528;game.cn_qd.2529;game.cn_qd.2530;game.cn_qd.2531;game.cn_qd.2532;game.cn_qd.2533;game.cn_qd.2534;game.cn_qd.2535;game.cn_qd.2536;game.cn_qd.2537;game.cn_qd.2538;game.cn_qd.2539;game.cn_qd.2540;game.cn_qd.2541>,18,30104
12098,<game.cn_qd.2542;game.cn_qd.2543;game.cn_qd.2544;game.cn_qd.2545;game.cn_qd.2546;game.cn_qd.2547;game.cn_qd.2548;game.cn_qd.2549;game.cn_qd.2550;game.cn_qd.2551;game.cn_qd.2552;game.cn_qd.2553;game.cn_qd.2554;game.cn_qd.2555;game.cn_qd.2556;game.cn_qd.2557;game.cn_qd.2558;game.cn_qd.2559;game.cn_qd.2560;game.cn_qd.2561;game.cn_qd.2562;game.cn_qd.2563;game.cn_qd.2564;game.cn_qd.2565;game.cn_qd.2566;game.cn_qd.2567;game.cn_qd.2568;game.cn_qd.2569;game.cn_qd.2570;game.cn_qd.2571;game.cn_qd.2572;game.cn_qd.2573;game.cn_qd.2574;game.cn_qd.2575;game.cn_qd.2576;game.cn_qd.2577;game.cn_qd.2578;game.cn_qd.2579;game.cn_qd.2580;game.cn_qd.2581;game.cn_qd.2582;game.cn_qd.2583;game.cn_qd.2584;game.cn_qd.2585;game.cn_qd.2586;game.cn_qd.2587;game.cn_qd.2588;game.cn_qd.2589;game.cn_qd.2590;game.cn_qd.2591;game.cn_qd.2592;game.cn_qd.2593;game.cn_qd.2594;game.cn_qd.2595;game.cn_qd.2596;game.cn_qd.2597;game.cn_qd.2598;game.cn_qd.2599;game.cn_qd.2600;game.cn_qd.2601;game.cn_qd.2602;game.cn_qd.2603;game.cn_qd.2604;game.cn_qd.2605;game.cn_qd.2606;game.cn_qd.2607;game.cn_qd.2608;game.cn_qd.2609;game.cn_qd.2610;game.cn_qd.2611;game.cn_qd.2612;game.cn_qd.2613;game.cn_qd.2614;game.cn_qd.2615;game.cn_qd.2616;game.cn_qd.2617;game.cn_qd.2618;game.cn_qd.2619;game.cn_qd.2620;game.cn_qd.2621;game.cn_qd.2622;game.cn_qd.2623;game.cn_qd.2624;game.cn_qd.2625;game.cn_qd.2626;game.cn_qd.2627;game.cn_qd.2628;game.cn_qd.2629;game.cn_qd.2630;game.cn_qd.2631;game.cn_qd.2632;game.cn_qd.2633;game.cn_qd.2634;game.cn_qd.2635;game.cn_qd.2636;game.cn_qd.2637;game.cn_qd.2638;game.cn_qd.2639;game.cn_qd.2640;game.cn_qd.2641>,19,30104
12099,<game.cn_qd.2642;game.cn_qd.2643;game.cn_qd.2644;game.cn_qd.2645;game.cn_qd.2646;game.cn_qd.2647;game.cn_qd.2648;game.cn_qd.2649;game.cn_qd.2650;game.cn_qd.2651;game.cn_qd.2652;game.cn_qd.2653;game.cn_qd.2654;game.cn_qd.2655;game.cn_qd.2656;game.cn_qd.2657;game.cn_qd.2658;game.cn_qd.2659;game.cn_qd.2660;game.cn_qd.2661;game.cn_qd.2662;game.cn_qd.2663;game.cn_qd.2664;game.cn_qd.2665;game.cn_qd.2666;game.cn_qd.2667;game.cn_qd.2668;game.cn_qd.2669;game.cn_qd.2670;game.cn_qd.2671;game.cn_qd.2672;game.cn_qd.2673;game.cn_qd.2674;game.cn_qd.2675;game.cn_qd.2676;game.cn_qd.2677;game.cn_qd.2678;game.cn_huawei.1;game.cn_qd.2679;game.cn_huawei.2;game.cn_qd.2680;game.cn_huawei.3;game.cn_qd.2681;game.cn_qd.2682;game.cn_qd.2683;game.cn_qd.2684;game.cn_qd.2685;game.cn_qd.2686;game.cn_qd.2687;game.cn_qd.2688;game.cn_qd.2689;game.cn_qd.2690;game.cn_qd.2691;game.cn_qd.2692;game.cn_qd.2693;game.cn_qd.2694;game.cn_qd.2695>,20,30104
12101,<game.cn.1;game.cn.2;game.cn.3;game.cn.4;game.cn.5;gamemerge.cn.1;gamemerge.cn.2;gamemerge.cn.3;gamemerge.cn.4;gamemerge.cn.5;gamemerge.cn.6;gamemerge.cn.7;gamemerge.cn.8;gamemerge.cn.9;gamemerge.cn.10;gamemerge.cn.11;gamemerge.cn.12;gamemerge.cn.13;gamemerge.cn.14;gamemerge.cn.15;gamemerge.cn.16;gamemerge.cn.17;gamemerge.cn.18;gamemerge.cn.19;gamemerge.cn.20;game.cn.106;game.cn.107;game.cn.108;game.cn.109;game.cn.110;game.cn.111;game.cn.112;game.cn.113;game.cn.114;game.cn.115;game.cn.116;game.cn.117;game.cn.118;game.cn.119;game.cn.120;game.cn.121;game.cn.122;game.cn.123;game.cn.124;game.cn.125;game.cn.126;game.cn.127;game.cn.128;game.cn.129;game.cn.130;game.cn.131;game.cn.132;game.cn.133;game.cn.134;game.cn.135;game.cn.136;game.cn.137;game.cn.138;game.cn.139;game.cn.140;game.cn.141;game.cn.142;game.cn.143;game.cn.144;game.cn.145;game.cn.146;game.cn.147;game.cn.148;game.cn.149;game.cn.150;game.cn.151;game.cn.152;game.cn.153;game.cn.154;game.cn.155;game.cn.156;game.cn.157;game.cn.158;game.cn.159;game.cn.160;game.cn.161;game.cn.162;game.cn.163;game.cn.164;game.cn.165;game.cn.166;game.cn.167;game.cn.168;game.cn.169;game.cn.170;game.cn.171;game.cn.172;game.cn.173>,1,30005
12102,<game.cn.174;game.cn.175;game.cn.176;game.cn.177;game.cn.178;game.cn.179;game.cn.180;game.cn.181;game.cn.182;game.cn.183;game.cn.184;game.cn.185;game.cn.186;game.cn.187;game.cn.188;game.cn.189;game.cn.190;game.cn.191;game.cn.192;game.cn.193;game.cn.194;game.cn.195;game.cn.196;game.cn.197;game.cn.198;game.cn.199;game.cn.200;game.cn.201;game.cn.202;game.cn.203;game.cn.204;game.cn.205;game.cn.206;game.cn.207;game.cn.208;game.cn.209;game.cn.210;game.cn.211;game.cn.212;game.cn.213;game.cn.214;game.cn.215;game.cn.216;game.cn.217;game.cn.218;game.cn.219;game.cn.220;game.cn.221;game.cn.222;game.cn.223;game.cn.224;game.cn.225;game.cn.226;game.cn.227;game.cn.228;game.cn.229;game.cn.230;game.cn.231;game.cn.232;game.cn.233;game.cn.234;game.cn.235;game.cn.236;game.cn.237;game.cn.238;game.cn.239;game.cn.240;game.cn.241;game.cn.242;game.cn.243;game.cn.244;game.cn.245;game.cn.246;game.cn.247;game.cn.248;game.cn.249;game.cn.250;game.cn.251;game.cn.252;game.cn.253;game.cn.254;game.cn.255;game.cn.256;game.cn.257;game.cn.258;game.cn.259;game.cn.260;game.cn.261;game.cn.262;game.cn.263;game.cn.264;game.cn.265;game.cn.266>,2,30005
12103,<game.cn.267;game.cn.268;game.cn.269;game.cn.270;game.cn.271;game.cn.272;game.cn.273;game.cn.274;game.cn.275;game.cn.276;game.cn.277;game.cn.278;game.cn.279;game.cn.280;game.cn.281;game.cn.282;game.cn.283;game.cn.284;game.cn.285;game.cn.286;game.cn.287;game.cn.288;game.cn.289;game.cn.290;game.cn.291;game.cn.292;game.cn.293;game.cn.294;game.cn.295;game.cn.296;game.cn.297;game.cn.298;game.cn.299;game.cn.300;game.cn.301;game.cn.302;game.cn.303;game.cn.304;game.cn.305;game.cn.306;game.cn.307;game.cn.308;game.cn.309;game.cn.310;game.cn.311;game.cn.312;game.cn.313;game.cn.314;game.cn.315;game.cn.316;game.cn.317;game.cn.318;game.cn.319;game.cn.320;game.cn.321;game.cn.322;game.cn.323;game.cn.324;game.cn.325;game.cn.326;game.cn.327;game.cn.328;game.cn.329;game.cn.330;game.cn.331;game.cn.332;game.cn.333;game.cn.334;game.cn.335;game.cn.336;game.cn.337;game.cn.338;game.cn.339;game.cn.340;game.cn.341;game.cn.342;game.cn.343;game.cn.344;game.cn.345;game.cn.346;game.cn.347;game.cn.348;game.cn.349;game.cn.350;game.cn.351;game.cn.352;game.cn.353;game.cn.354;game.cn.355;game.cn.356;game.cn.357;game.cn.358;game.cn.359>,3,30005
12104,<game.cn.360;game.cn.361;game.cn.362;game.cn.363;game.cn.364;game.cn.365;game.cn.366;game.cn.367;game.cn.368;game.cn.369;game.cn.370;game.cn.371;game.cn.372;game.cn.373;game.cn.374;game.cn.375;game.cn.376;game.cn.377;game.cn.378;game.cn.379;game.cn.380;game.cn.381;game.cn.382;game.cn.383;game.cn.384;game.cn.385;game.cn.386;game.cn.387;game.cn.388;game.cn.389;game.cn.390;game.cn.391;game.cn.392;game.cn.393;game.cn.394;game.cn.395;game.cn.396;game.cn.397;game.cn.398;game.cn.399;game.cn.400;game.cn.401;game.cn.402;game.cn.403;game.cn.404;game.cn.405;game.cn.406;game.cn.407;game.cn.408;game.cn.409;game.cn.410;game.cn.411;game.cn.412;game.cn.413;game.cn.414;game.cn.415;game.cn.416;game.cn.417;game.cn.418;game.cn.419;game.cn.420;game.cn.421;game.cn.422;game.cn.423;game.cn.424;game.cn.425;game.cn.426;game.cn.427;game.cn.428;game.cn.429;game.cn.430;game.cn.431;game.cn.432;game.cn.433;game.cn.434;game.cn.435;game.cn.436;game.cn.437;game.cn.438;game.cn.439;game.cn.440;game.cn.441;game.cn.442;game.cn.443;game.cn.444;game.cn.445;game.cn.446;game.cn.447;game.cn.448;game.cn.449;game.cn.450;game.cn.451;game.cn.452>,4,30005
12105,<game.cn.453;game.cn.454;game.cn.455;game.cn.456;game.cn.457;game.cn.458;game.cn.459;game.cn.460;game.cn.461;game.cn.462;game.cn.463;game.cn.464;game.cn.465;game.cn.466;game.cn.467;game.cn.468;game.cn.469;game.cn.470;game.cn.471;game.cn.472;game.cn.473;game.cn.474;game.cn.475;game.cn.476;game.cn.477;game.cn.478;game.cn.479;game.cn.480;game.cn.481;game.cn.482;game.cn.483;game.cn.484;game.cn.485;game.cn.486;game.cn.487;game.cn.488;game.cn.489;game.cn.490;game.cn.491;game.cn.492;game.cn.493;game.cn.494;game.cn.495;game.cn.496;game.cn.497;game.cn.498;game.cn.499;game.cn.500;game.cn.501;game.cn.502;game.cn.503;game.cn.504;game.cn.505;game.cn.506;game.cn.507;game.cn.508;game.cn.509;game.cn.510;game.cn.511;game.cn.512;game.cn.513;game.cn.514;game.cn.515;game.cn.516;game.cn.517;game.cn.518;game.cn.519;game.cn.520;game.cn.521;game.cn.522;game.cn.523;game.cn.524;game.cn.525;game.cn.526;game.cn.527;game.cn.528;game.cn.529;game.cn.530;game.cn.531;game.cn.532;game.cn.533;game.cn.534;game.cn.535;game.cn.536;game.cn.537;game.cn.538;game.cn.539;game.cn.540;game.cn.541;game.cn.542;game.cn.543;game.cn.544;game.cn.545>,5,30005
12106,<game.cn.546;game.cn.547;game.cn.548;game.cn.549;game.cn.550;game.cn.551;game.cn.552;game.cn.553;game.cn.554;game.cn.555;game.cn.556;game.cn.557;game.cn.558;game.cn.559;game.cn.560;game.cn.561;game.cn.562;game.cn.563;game.cn.564;game.cn.565;game.cn.566;game.cn.567;game.cn.568;game.cn.569;game.cn.570;game.cn.571;game.cn.572;game.cn.573;game.cn.574;game.cn.575;game.cn.576;game.cn.577;game.cn.578;game.cn.579;game.cn.580;game.cn.581;game.cn.582;game.cn.583;game.cn.584;game.cn.585;game.cn.586;game.cn.587;game.cn.588;game.cn.589;game.cn.590;game.cn.591;game.cn.592;game.cn.593;game.cn.594;game.cn.595;game.cn.596;game.cn.597;game.cn.598;game.cn.599;game.cn.600;game.cn.601;game.cn.602;game.cn.603;game.cn.604;game.cn.605;game.cn.606;game.cn.607;game.cn.608;game.cn.609;game.cn.610;game.cn.611;game.cn.612;game.cn.613;game.cn.614;game.cn.615;game.cn.616;game.cn.617;game.cn.618;game.cn.619;game.cn.620;game.cn.621;game.cn.622;game.cn.623;game.cn.624;game.cn.625;game.cn.626;game.cn.627;game.cn.628;game.cn.629;game.cn.630;game.cn.631;game.cn.632;game.cn.633;game.cn.634;game.cn.635;game.cn.636;game.cn.637;game.cn.638>,6,30005
12107,<game.cn.639;game.cn.640;game.cn.641;game.cn.642;game.cn.643;game.cn.644;game.cn.645;game.cn.646;game.cn.647;game.cn.648;game.cn.649;game.cn.650;game.cn.651;game.cn.652;game.cn.653;game.cn.654;game.cn.655;game.cn.656;game.cn.657;game.cn.658;game.cn.659;game.cn.660;game.cn.661;game.cn.662;game.cn.663;game.cn.664;game.cn.665;game.cn.666;game.cn.667;game.cn.668;game.cn.669;game.cn.670;game.cn.671;game.cn.672;game.cn.673;game.cn.674;game.cn.675;game.cn.676;game.cn.677;game.cn.678;game.cn.679;game.cn.680;game.cn.681;game.cn.682;game.cn.683;game.cn.684;game.cn.685;game.cn.686;game.cn.687;game.cn.688;game.cn.689;game.cn.690;game.cn.691;game.cn.692;game.cn.693;game.cn.694;game.cn.695;game.cn.696;game.cn.697;game.cn.698;game.cn.699;game.cn.700;game.cn.701;game.cn.702;game.cn.703;game.cn.704;game.cn.705;game.cn.706;game.cn.707;game.cn.708;game.cn.709;game.cn.710;game.cn.711;game.cn.712;game.cn.713;game.cn.714;game.cn.715;game.cn.716;game.cn.717;game.cn.718;game.cn.719;game.cn.720;game.cn.721;game.cn.722;game.cn.723;game.cn.724;game.cn.725;game.cn.726;game.cn.727;game.cn.728;game.cn.729;game.cn.730;game.cn.731>,7,30005
12108,<game.cn.732;game.cn.733;game.cn.734;game.cn.735;game.cn.736;game.cn.737;game.cn.738;game.cn.739;game.cn.740;game.cn.741;game.cn.742;game.cn.743;game.cn.744;game.cn.745;game.cn.746;game.cn.747;game.cn.748;game.cn.749;game.cn.750;game.cn.751;game.cn.752;game.cn.753;game.cn.754;game.cn.755;game.cn.756;game.cn.757;game.cn.758;game.cn.759;game.cn.760;game.cn.761;game.cn.762;game.cn.763;game.cn.764;game.cn.765;game.cn.766;game.cn.767;game.cn.768;game.cn.769;game.cn.770;game.cn.771;game.cn.772;game.cn.773;game.cn.774;game.cn.775;game.cn.776;game.cn.777;game.cn.778;game.cn.779;game.cn.780;game.cn.781;game.cn.782;game.cn.783;game.cn.784;game.cn.785;game.cn.786;game.cn.787;game.cn.788;game.cn.789;game.cn.790;game.cn.791;game.cn.792;game.cn.793;game.cn.794;game.cn.795;game.cn.796;game.cn.797;game.cn.798;game.cn.799;game.cn.800;game.cn.801;game.cn.802;game.cn.803;game.cn.804;game.cn.805;game.cn.806;game.cn.807;game.cn.808;game.cn.809;game.cn.810;game.cn.811;game.cn.812;game.cn.813;game.cn.814;game.cn.815;game.cn.816>,8,30005
12201,<game.cn_qd.1;gamemerge.cn_qd.31;gamemerge.cn_qd.32;gamemerge.cn_qd.33;gamemerge.cn_qd.34;gamemerge.cn_qd.35;gamemerge.cn_qd.36;gamemerge.cn_qd.37;gamemerge.cn_qd.1;gamemerge.cn_qd.2;gamemerge.cn_qd.3;gamemerge.cn_qd.4;gamemerge.cn_qd.5;gamemerge.cn_qd.6;gamemerge.cn_qd.7;gamemerge.cn_qd.8;gamemerge.cn_qd.9;gamemerge.cn_qd.10;gamemerge.cn_qd.11;gamemerge.cn_qd.12;gamemerge.cn_qd.13;gamemerge.cn_qd.14;gamemerge.cn_qd.15;gamemerge.cn_qd.16;gamemerge.cn_qd.17;gamemerge.cn_qd.18;gamemerge.cn_qd.19;gamemerge.cn_qd.20;gamemerge.cn_qd.21;gamemerge.cn_qd.22;gamemerge.cn_qd.23;gamemerge.cn_qd.24;gamemerge.cn_qd.25;gamemerge.cn_qd.26;gamemerge.cn_qd.27;gamemerge.cn_qd.28;gamemerge.cn_qd.29;gamemerge.cn_qd.30;gamemerge.cn_qd.38;gamemerge.cn_qd.39;gamemerge.cn_qd.40;gamemerge.cn_qd.41;gamemerge.cn_qd.42;gamemerge.cn_qd.43;gamemerge.cn_qd.44;gamemerge.cn_qd.45;gamemerge.cn_qd.46;gamemerge.cn_qd.47;gamemerge.cn_qd.48;gamemerge.cn_qd.49;gamemerge.cn_qd.50;gamemerge.cn_qd.51;gamemerge.cn_qd.52;gamemerge.cn_qd.53;gamemerge.cn_qd.54;gamemerge.cn_qd.55;gamemerge.cn_qd.56;gamemerge.cn_qd.57;gamemerge.cn_qd.58;gamemerge.cn_qd.59;gamemerge.cn_qd.60;gamemerge.cn_qd.61;gamemerge.cn_qd.62;gamemerge.cn_qd.63;gamemerge.cn_qd.64;gamemerge.cn_qd.65;gamemerge.cn_qd.66;gamemerge.cn_qd.67;gamemerge.cn_qd.68;gamemerge.cn_qd.69;gamemerge.cn_qd.70;gamemerge.cn_qd.71;gamemerge.cn_qd.72;gamemerge.cn_qd.73;gamemerge.cn_qd.74;gamemerge.cn_qd.75;gamemerge.cn_qd.76;gamemerge.cn_qd.77;gamemerge.cn_qd.78;gamemerge.cn_qd.79;gamemerge.cn_qd.80;gamemerge.cn_qd.81;gamemerge.cn_qd.82;gamemerge.cn_qd.83;gamemerge.cn_qd.84;gamemerge.cn_qd.85;gamemerge.cn_qd.86;gamemerge.cn_qd.87;gamemerge.cn_qd.88;gamemerge.cn_qd.89>,1,30105
12202,<gamemerge.cn_qd.90;gamemerge.cn_qd.91;gamemerge.cn_qd.92;gamemerge.cn_qd.93;gamemerge.cn_qd.94;gamemerge.cn_qd.95;gamemerge.cn_qd.96;gamemerge.cn_qd.97;gamemerge.cn_qd.98;gamemerge.cn_qd.99;gamemerge.cn_qd.100;gamemerge.cn_qd.101;gamemerge.cn_qd.102;gamemerge.cn_qd.103;gamemerge.cn_qd.104;gamemerge.cn_qd.105;gamemerge.cn_qd.106;gamemerge.cn_qd.107;gamemerge.cn_qd.108;gamemerge.cn_qd.109;gamemerge.cn_qd.110;gamemerge.cn_qd.111;gamemerge.cn_qd.112;gamemerge.cn_qd.113;gamemerge.cn_qd.114;gamemerge.cn_qd.115;gamemerge.cn_qd.116;gamemerge.cn_qd.117;gamemerge.cn_qd.118;gamemerge.cn_qd.119;gamemerge.cn_qd.120;gamemerge.cn_qd.121;gamemerge.cn_qd.122;gamemerge.cn_qd.123;gamemerge.cn_qd.124;gamemerge.cn_qd.125;gamemerge.cn_qd.126;gamemerge.cn_qd.127;gamemerge.cn_qd.128;gamemerge.cn_qd.129;gamemerge.cn_qd.130;gamemerge.cn_qd.131;gamemerge.cn_qd.132;gamemerge.cn_qd.133;gamemerge.cn_qd.134;gamemerge.cn_qd.135;gamemerge.cn_qd.136;gamemerge.cn_qd.137;gamemerge.cn_qd.138;gamemerge.cn_qd.139;gamemerge.cn_qd.140;gamemerge.cn_qd.141;gamemerge.cn_qd.142;gamemerge.cn_qd.143;gamemerge.cn_qd.144;gamemerge.cn_qd.145;gamemerge.cn_qd.146;gamemerge.cn_qd.147;gamemerge.cn_qd.148;gamemerge.cn_qd.149;gamemerge.cn_qd.150;gamemerge.cn_qd.151;gamemerge.cn_qd.152;gamemerge.cn_qd.153;gamemerge.cn_qd.154;gamemerge.cn_qd.155;gamemerge.cn_qd.156;gamemerge.cn_qd.157;gamemerge.cn_qd.158;gamemerge.cn_qd.159;gamemerge.cn_qd.160;gamemerge.cn_qd.161;gamemerge.cn_qd.162;gamemerge.cn_qd.163;gamemerge.cn_qd.164;gamemerge.cn_qd.165;gamemerge.cn_qd.166;gamemerge.cn_qd.167;gamemerge.cn_qd.168;gamemerge.cn_qd.169;gamemerge.cn_qd.170;gamemerge.cn_qd.171;gamemerge.cn_qd.172;gamemerge.cn_qd.173;gamemerge.cn_qd.174;gamemerge.cn_qd.175;gamemerge.cn_qd.176;gamemerge.cn_qd.177;gamemerge.cn_qd.178;gamemerge.cn_qd.179>,2,30105
12203,<gamemerge.cn_qd.180;gamemerge.cn_qd.181;gamemerge.cn_qd.182;gamemerge.cn_qd.183;gamemerge.cn_qd.184;gamemerge.cn_qd.185;gamemerge.cn_qd.186;gamemerge.cn_qd.187;game.cn_qd.930;game.cn_qd.931;game.cn_qd.932;game.cn_qd.933;game.cn_qd.934;game.cn_qd.935;game.cn_qd.936;game.cn_qd.937;game.cn_qd.938;game.cn_qd.939;game.cn_qd.940;game.cn_qd.941;game.cn_qd.942;game.cn_qd.943;game.cn_qd.944;game.cn_qd.945;game.cn_qd.946;game.cn_qd.947;game.cn_qd.948;game.cn_qd.949;game.cn_qd.950;game.cn_qd.951;game.cn_qd.952;game.cn_qd.953;game.cn_qd.954;game.cn_qd.955;game.cn_qd.956;game.cn_qd.957;game.cn_qd.958;game.cn_qd.959;game.cn_qd.960;game.cn_qd.961;game.cn_qd.962;game.cn_qd.963;game.cn_qd.964;game.cn_qd.965;game.cn_qd.966;game.cn_qd.967;game.cn_qd.968;game.cn_qd.969;game.cn_qd.970;game.cn_qd.971;game.cn_qd.972;game.cn_qd.973;game.cn_qd.974;game.cn_qd.975;game.cn_qd.976;game.cn_qd.977;game.cn_qd.978;game.cn_qd.979;game.cn_qd.980;game.cn_qd.981;game.cn_qd.982;game.cn_qd.983;game.cn_qd.984;game.cn_qd.985;game.cn_qd.986;game.cn_qd.987;game.cn_qd.988;game.cn_qd.989;game.cn_qd.990;game.cn_qd.991;game.cn_qd.992;game.cn_qd.993;game.cn_qd.994;game.cn_qd.995;game.cn_qd.996;game.cn_qd.997;game.cn_qd.998;game.cn_qd.999;game.cn_qd.1000;game.cn_qd.1001;game.cn_qd.1002;game.cn_qd.1003;game.cn_qd.1004;game.cn_qd.1005;game.cn_qd.1006;game.cn_qd.1007;game.cn_qd.1008;game.cn_qd.1009;game.cn_qd.1010;game.cn_qd.1011>,3,30105
12204,<game.cn_qd.1012;game.cn_qd.1013;game.cn_qd.1014;game.cn_qd.1015;game.cn_qd.1016;game.cn_qd.1017;game.cn_qd.1018;game.cn_qd.1019;game.cn_qd.1020;game.cn_qd.1021;game.cn_qd.1022;game.cn_qd.1023;game.cn_qd.1024;game.cn_qd.1025;game.cn_qd.1026;game.cn_qd.1027;game.cn_qd.1028;game.cn_qd.1029;game.cn_qd.1030;game.cn_qd.1031;game.cn_qd.1032;game.cn_qd.1033;game.cn_qd.1034;game.cn_qd.1035;game.cn_qd.1036;game.cn_qd.1037;game.cn_qd.1038;game.cn_qd.1039;game.cn_qd.1040;game.cn_qd.1041;game.cn_qd.1042;game.cn_qd.1043;game.cn_qd.1044;game.cn_qd.1045;game.cn_qd.1046;game.cn_qd.1047;game.cn_qd.1048;game.cn_qd.1049;game.cn_qd.1050;game.cn_qd.1051;game.cn_qd.1052;game.cn_qd.1053;game.cn_qd.1054;game.cn_qd.1055;game.cn_qd.1056;game.cn_qd.1057;game.cn_qd.1058;game.cn_qd.1059;game.cn_qd.1060;game.cn_qd.1061;game.cn_qd.1062;game.cn_qd.1063;game.cn_qd.1064;game.cn_qd.1065;game.cn_qd.1066;game.cn_qd.1067;game.cn_qd.1068;game.cn_qd.1069;game.cn_qd.1070;game.cn_qd.1071;game.cn_qd.1072;game.cn_qd.1073;game.cn_qd.1074;game.cn_qd.1075;game.cn_qd.1076;game.cn_qd.1077;game.cn_qd.1078;game.cn_qd.1079;game.cn_qd.1080;game.cn_qd.1081;game.cn_qd.1082;game.cn_qd.1083;game.cn_qd.1084;game.cn_qd.1085;game.cn_qd.1086;game.cn_qd.1087;game.cn_qd.1088;game.cn_qd.1089;game.cn_qd.1090;game.cn_qd.1091;game.cn_qd.1092;game.cn_qd.1093;game.cn_qd.1094;game.cn_qd.1095;game.cn_qd.1096;game.cn_qd.1097;game.cn_qd.1098;game.cn_qd.1099;game.cn_qd.1100;game.cn_qd.1101;game.cn_qd.1102;game.cn_qd.1103;game.cn_qd.1104;game.cn_qd.1105;game.cn_qd.1106;game.cn_qd.1107;game.cn_qd.1108;game.cn_qd.1109;game.cn_qd.1110;game.cn_qd.1111;game.cn_qd.1112;game.cn_qd.1113;game.cn_qd.1114;game.cn_qd.1115;game.cn_qd.1116;game.cn_qd.1117;game.cn_qd.1118;game.cn_qd.1119;game.cn_qd.1120;game.cn_qd.1121>,4,30105
12205,<game.cn_qd.1122;game.cn_qd.1123;game.cn_qd.1124;game.cn_qd.1125;game.cn_qd.1126;game.cn_qd.1127;game.cn_qd.1128;game.cn_qd.1129;game.cn_qd.1130;game.cn_qd.1131;game.cn_qd.1132;game.cn_qd.1133;game.cn_qd.1134;game.cn_qd.1135;game.cn_qd.1136;game.cn_qd.1137;game.cn_qd.1138;game.cn_qd.1139;game.cn_qd.1140;game.cn_qd.1141;game.cn_qd.1142;game.cn_qd.1143;game.cn_qd.1144;game.cn_qd.1145;game.cn_qd.1146;game.cn_qd.1147;game.cn_qd.1148;game.cn_qd.1149;game.cn_qd.1150;game.cn_qd.1151;game.cn_qd.1152;game.cn_qd.1153;game.cn_qd.1154;game.cn_qd.1155;game.cn_qd.1156;game.cn_qd.1157;game.cn_qd.1158;game.cn_qd.1159;game.cn_qd.1160;game.cn_qd.1161;game.cn_qd.1162;game.cn_qd.1163;game.cn_qd.1164;game.cn_qd.1165;game.cn_qd.1166;game.cn_qd.1167;game.cn_qd.1168;game.cn_qd.1169;game.cn_qd.1170;game.cn_qd.1171;game.cn_qd.1172;game.cn_qd.1173;game.cn_qd.1174;game.cn_qd.1175;game.cn_qd.1176;game.cn_qd.1177;game.cn_qd.1178;game.cn_qd.1179;game.cn_qd.1180;game.cn_qd.1181;game.cn_qd.1182;game.cn_qd.1183;game.cn_qd.1184;game.cn_qd.1185;game.cn_qd.1186;game.cn_qd.1187;game.cn_qd.1188;game.cn_qd.1189;game.cn_qd.1190;game.cn_qd.1191;game.cn_qd.1192;game.cn_qd.1193;game.cn_qd.1194;game.cn_qd.1195;game.cn_qd.1196;game.cn_qd.1197;game.cn_qd.1198;game.cn_qd.1199;game.cn_qd.1200;game.cn_qd.1201;game.cn_qd.1202;game.cn_qd.1203;game.cn_qd.1204;game.cn_qd.1205;game.cn_qd.1206;game.cn_qd.1207;game.cn_qd.1208;game.cn_qd.1209;game.cn_qd.1210;game.cn_qd.1211;game.cn_qd.1212;game.cn_qd.1213;game.cn_qd.1214;game.cn_qd.1215;game.cn_qd.1216;game.cn_qd.1217;game.cn_qd.1218;game.cn_qd.1219;game.cn_qd.1220;game.cn_qd.1221;game.cn_qd.1222;game.cn_qd.1223;game.cn_qd.1224;game.cn_qd.1225;game.cn_qd.1226;game.cn_qd.1227;game.cn_qd.1228;game.cn_qd.1229;game.cn_qd.1230;game.cn_qd.1231>,5,30105
12206,<game.cn_qd.1232;game.cn_qd.1233;game.cn_qd.1234;game.cn_qd.1235;game.cn_qd.1236;game.cn_qd.1237;game.cn_qd.1238;game.cn_qd.1239;game.cn_qd.1240;game.cn_qd.1241;game.cn_qd.1242;game.cn_qd.1243;game.cn_qd.1244;game.cn_qd.1245;game.cn_qd.1246;game.cn_qd.1247;game.cn_qd.1248;game.cn_qd.1249;game.cn_qd.1250;game.cn_qd.1251;game.cn_qd.1252;game.cn_qd.1253;game.cn_qd.1254;game.cn_qd.1255;game.cn_qd.1256;game.cn_qd.1257;game.cn_qd.1258;game.cn_qd.1259;game.cn_qd.1260;game.cn_qd.1261;game.cn_qd.1262;game.cn_qd.1263;game.cn_qd.1264;game.cn_qd.1265;game.cn_qd.1266;game.cn_qd.1267;game.cn_qd.1268;game.cn_qd.1269;game.cn_qd.1270;game.cn_qd.1271;game.cn_qd.1272;game.cn_qd.1273;game.cn_qd.1274;game.cn_qd.1275;game.cn_qd.1276;game.cn_qd.1277;game.cn_qd.1278;game.cn_qd.1279;game.cn_qd.1280;game.cn_qd.1281;game.cn_qd.1282;game.cn_qd.1283;game.cn_qd.1284;game.cn_qd.1285;game.cn_qd.1286;game.cn_qd.1287;game.cn_qd.1288;game.cn_qd.1289;game.cn_qd.1290;game.cn_qd.1291;game.cn_qd.1292;game.cn_qd.1293;game.cn_qd.1294;game.cn_qd.1295;game.cn_qd.1296;game.cn_qd.1297;game.cn_qd.1298;game.cn_qd.1299;game.cn_qd.1300;game.cn_qd.1301;game.cn_qd.1302;game.cn_qd.1303;game.cn_qd.1304;game.cn_qd.1305;game.cn_qd.1306;game.cn_qd.1307;game.cn_qd.1308;game.cn_qd.1309;game.cn_qd.1310;game.cn_qd.1311;game.cn_qd.1312;game.cn_qd.1313;game.cn_qd.1314;game.cn_qd.1315;game.cn_qd.1316;game.cn_qd.1317;game.cn_qd.1318;game.cn_qd.1319;game.cn_qd.1320;game.cn_qd.1321;game.cn_qd.1322;game.cn_qd.1323;game.cn_qd.1324;game.cn_qd.1325;game.cn_qd.1326;game.cn_qd.1327;game.cn_qd.1328;game.cn_qd.1329;game.cn_qd.1330;game.cn_qd.1331;game.cn_qd.1332;game.cn_qd.1333;game.cn_qd.1334;game.cn_qd.1335;game.cn_qd.1336;game.cn_qd.1337;game.cn_qd.1338;game.cn_qd.1339;game.cn_qd.1340;game.cn_qd.1341>,6,30105
12207,<game.cn_qd.1342;game.cn_qd.1343;game.cn_qd.1344;game.cn_qd.1345;game.cn_qd.1346;game.cn_qd.1347;game.cn_qd.1348;game.cn_qd.1349;game.cn_qd.1350;game.cn_qd.1351;game.cn_qd.1352;game.cn_qd.1353;game.cn_qd.1354;game.cn_qd.1355;game.cn_qd.1356;game.cn_qd.1357;game.cn_qd.1358;game.cn_qd.1359;game.cn_qd.1360;game.cn_qd.1361;game.cn_qd.1362;game.cn_qd.1363;game.cn_qd.1364;game.cn_qd.1365;game.cn_qd.1366;game.cn_qd.1367;game.cn_qd.1368;game.cn_qd.1369;game.cn_qd.1370;game.cn_qd.1371;game.cn_qd.1372;game.cn_qd.1373;game.cn_qd.1374;game.cn_qd.1375;game.cn_qd.1376;game.cn_qd.1377;game.cn_qd.1378;game.cn_qd.1379;game.cn_qd.1380;game.cn_qd.1381;game.cn_qd.1382;game.cn_qd.1383;game.cn_qd.1384;game.cn_qd.1385;game.cn_qd.1386;game.cn_qd.1387;game.cn_qd.1388;game.cn_qd.1389;game.cn_qd.1390;game.cn_qd.1391;game.cn_qd.1392;game.cn_qd.1393;game.cn_qd.1394;game.cn_qd.1395;game.cn_qd.1396;game.cn_qd.1397;game.cn_qd.1398;game.cn_qd.1399;game.cn_qd.1400;game.cn_qd.1401;game.cn_qd.1402;game.cn_qd.1403;game.cn_qd.1404;game.cn_qd.1405;game.cn_qd.1406;game.cn_qd.1407;game.cn_qd.1408;game.cn_qd.1409;game.cn_qd.1410;game.cn_qd.1411;game.cn_qd.1412;game.cn_qd.1413;game.cn_qd.1414;game.cn_qd.1415;game.cn_qd.1416;game.cn_qd.1417;game.cn_qd.1418;game.cn_qd.1419;game.cn_qd.1420;game.cn_qd.1421;game.cn_qd.1422;game.cn_qd.1423;game.cn_qd.1424;game.cn_qd.1425;game.cn_qd.1426;game.cn_qd.1427;game.cn_qd.1428;game.cn_qd.1429;game.cn_qd.1430;game.cn_qd.1431;game.cn_qd.1432;game.cn_qd.1433;game.cn_qd.1434;game.cn_qd.1435;game.cn_qd.1436;game.cn_qd.1437;game.cn_qd.1438;game.cn_qd.1439;game.cn_qd.1440;game.cn_qd.1441;game.cn_qd.1442;game.cn_qd.1443;game.cn_qd.1444;game.cn_qd.1445;game.cn_qd.1446;game.cn_qd.1447;game.cn_qd.1448;game.cn_qd.1449;game.cn_qd.1450;game.cn_qd.1451>,7,30105
12208,<game.cn_qd.1452;game.cn_qd.1453;game.cn_qd.1454;game.cn_qd.1455;game.cn_qd.1456;game.cn_qd.1457;game.cn_qd.1458;game.cn_qd.1459;game.cn_qd.1460;game.cn_qd.1461;game.cn_qd.1462;game.cn_qd.1463;game.cn_qd.1464;game.cn_qd.1465;game.cn_qd.1466;game.cn_qd.1467;game.cn_qd.1468;game.cn_qd.1469;game.cn_qd.1470;game.cn_qd.1471;game.cn_qd.1472;game.cn_qd.1473;game.cn_qd.1474;game.cn_qd.1475;game.cn_qd.1476;game.cn_qd.1477;game.cn_qd.1478;game.cn_qd.1479;game.cn_qd.1480;game.cn_qd.1481;game.cn_qd.1482;game.cn_qd.1483;game.cn_qd.1484;game.cn_qd.1485;game.cn_qd.1486;game.cn_qd.1487;game.cn_qd.1488;game.cn_qd.1489;game.cn_qd.1490;game.cn_qd.1491;game.cn_qd.1492;game.cn_qd.1493;game.cn_qd.1494;game.cn_qd.1495;game.cn_qd.1496;game.cn_qd.1497;game.cn_qd.1498;game.cn_qd.1499;game.cn_qd.1500;game.cn_qd.1501;game.cn_qd.1502;game.cn_qd.1503;game.cn_qd.1504;game.cn_qd.1505;game.cn_qd.1506;game.cn_qd.1507;game.cn_qd.1508;game.cn_qd.1509;game.cn_qd.1510;game.cn_qd.1511;game.cn_qd.1512;game.cn_qd.1513;game.cn_qd.1514;game.cn_qd.1515;game.cn_qd.1516;game.cn_qd.1517;game.cn_qd.1518;game.cn_qd.1519;game.cn_qd.1520;game.cn_qd.1521;game.cn_qd.1522;game.cn_qd.1523;game.cn_qd.1524;game.cn_qd.1525;game.cn_qd.1526;game.cn_qd.1527;game.cn_qd.1528;game.cn_qd.1529;game.cn_qd.1530;game.cn_qd.1531;game.cn_qd.1532;game.cn_qd.1533;game.cn_qd.1534;game.cn_qd.1535;game.cn_qd.1536;game.cn_qd.1537;game.cn_qd.1538;game.cn_qd.1539;game.cn_qd.1540;game.cn_qd.1541;game.cn_qd.1542;game.cn_qd.1543;game.cn_qd.1544;game.cn_qd.1545;game.cn_qd.1546;game.cn_qd.1547;game.cn_qd.1548;game.cn_qd.1549;game.cn_qd.1550;game.cn_qd.1551;game.cn_qd.1552;game.cn_qd.1553;game.cn_qd.1554;game.cn_qd.1555;game.cn_qd.1556;game.cn_qd.1557;game.cn_qd.1558;game.cn_qd.1559;game.cn_qd.1560;game.cn_qd.1561>,8,30105
12209,<game.cn_qd.1562;game.cn_qd.1563;game.cn_qd.1564;game.cn_qd.1565;game.cn_qd.1566;game.cn_qd.1567;game.cn_qd.1568;game.cn_qd.1569;game.cn_qd.1570;game.cn_qd.1571;game.cn_qd.1572;game.cn_qd.1573;game.cn_qd.1574;game.cn_qd.1575;game.cn_qd.1576;game.cn_qd.1577;game.cn_qd.1578;game.cn_qd.1579;game.cn_qd.1580;game.cn_qd.1581;game.cn_qd.1582;game.cn_qd.1583;game.cn_qd.1584;game.cn_qd.1585;game.cn_qd.1586;game.cn_qd.1587;game.cn_qd.1588;game.cn_qd.1589;game.cn_qd.1590;game.cn_qd.1591;game.cn_qd.1592;game.cn_qd.1593;game.cn_qd.1594;game.cn_qd.1595;game.cn_qd.1596;game.cn_qd.1597;game.cn_qd.1598;game.cn_qd.1599;game.cn_qd.1600;game.cn_qd.1601;game.cn_qd.1602;game.cn_qd.1603;game.cn_qd.1604;game.cn_qd.1605;game.cn_qd.1606;game.cn_qd.1607;game.cn_qd.1608;game.cn_qd.1609;game.cn_qd.1610;game.cn_qd.1611;game.cn_qd.1612;game.cn_qd.1613;game.cn_qd.1614;game.cn_qd.1615;game.cn_qd.1616;game.cn_qd.1617;game.cn_qd.1618;game.cn_qd.1619;game.cn_qd.1620;game.cn_qd.1621;game.cn_qd.1622;game.cn_qd.1623;game.cn_qd.1624;game.cn_qd.1625;game.cn_qd.1626;game.cn_qd.1627;game.cn_qd.1628;game.cn_qd.1629;game.cn_qd.1630;game.cn_qd.1631;game.cn_qd.1632;game.cn_qd.1633;game.cn_qd.1634;game.cn_qd.1635;game.cn_qd.1636;game.cn_qd.1637;game.cn_qd.1638;game.cn_qd.1639;game.cn_qd.1640;game.cn_qd.1641;game.cn_qd.1642;game.cn_qd.1643;game.cn_qd.1644;game.cn_qd.1645;game.cn_qd.1646;game.cn_qd.1647;game.cn_qd.1648;game.cn_qd.1649;game.cn_qd.1650;game.cn_qd.1651;game.cn_qd.1652;game.cn_qd.1653;game.cn_qd.1654;game.cn_qd.1655;game.cn_qd.1656;game.cn_qd.1657;game.cn_qd.1658;game.cn_qd.1659;game.cn_qd.1660;game.cn_qd.1661;game.cn_qd.1662;game.cn_qd.1663;game.cn_qd.1664;game.cn_qd.1665;game.cn_qd.1666;game.cn_qd.1667;game.cn_qd.1668;game.cn_qd.1669;game.cn_qd.1670;game.cn_qd.1671>,9,30105
12210,<game.cn_qd.1672;game.cn_qd.1673;game.cn_qd.1674;game.cn_qd.1675;game.cn_qd.1676;game.cn_qd.1677;game.cn_qd.1678;game.cn_qd.1679;game.cn_qd.1680;game.cn_qd.1681;game.cn_qd.1682;game.cn_qd.1683;game.cn_qd.1684;game.cn_qd.1685;game.cn_qd.1686;game.cn_qd.1687;game.cn_qd.1688;game.cn_qd.1689;game.cn_qd.1690;game.cn_qd.1691;game.cn_qd.1692;game.cn_qd.1693;game.cn_qd.1694;game.cn_qd.1695;game.cn_qd.1696;game.cn_qd.1697;game.cn_qd.1698;game.cn_qd.1699;game.cn_qd.1700;game.cn_qd.1701;game.cn_qd.1702;game.cn_qd.1703;game.cn_qd.1704;game.cn_qd.1705;game.cn_qd.1706;game.cn_qd.1707;game.cn_qd.1708;game.cn_qd.1709;game.cn_qd.1710;game.cn_qd.1711;game.cn_qd.1712;game.cn_qd.1713;game.cn_qd.1714;game.cn_qd.1715;game.cn_qd.1716;game.cn_qd.1717;game.cn_qd.1718;game.cn_qd.1719;game.cn_qd.1720;game.cn_qd.1721;game.cn_qd.1722;game.cn_qd.1723;game.cn_qd.1724;game.cn_qd.1725;game.cn_qd.1726;game.cn_qd.1727;game.cn_qd.1728;game.cn_qd.1729;game.cn_qd.1730;game.cn_qd.1731;game.cn_qd.1732;game.cn_qd.1733;game.cn_qd.1734;game.cn_qd.1735;game.cn_qd.1736;game.cn_qd.1737;game.cn_qd.1738;game.cn_qd.1739;game.cn_qd.1740;game.cn_qd.1741;game.cn_qd.1742;game.cn_qd.1743;game.cn_qd.1744;game.cn_qd.1745;game.cn_qd.1746;game.cn_qd.1747;game.cn_qd.1748;game.cn_qd.1749;game.cn_qd.1750;game.cn_qd.1751;game.cn_qd.1752;game.cn_qd.1753;game.cn_qd.1754;game.cn_qd.1755;game.cn_qd.1756;game.cn_qd.1757;game.cn_qd.1758;game.cn_qd.1759;game.cn_qd.1760;game.cn_qd.1761;game.cn_qd.1762;game.cn_qd.1763;game.cn_qd.1764;game.cn_qd.1765;game.cn_qd.1766;game.cn_qd.1767;game.cn_qd.1768;game.cn_qd.1769;game.cn_qd.1770;game.cn_qd.1771;game.cn_qd.1772;game.cn_qd.1773;game.cn_qd.1774;game.cn_qd.1775;game.cn_qd.1776;game.cn_qd.1777;game.cn_qd.1778;game.cn_qd.1779;game.cn_qd.1780;game.cn_qd.1781>,10,30105
12211,<game.cn_qd.1782;game.cn_qd.1783;game.cn_qd.1784;game.cn_qd.1785;game.cn_qd.1786;game.cn_qd.1787;game.cn_qd.1788;game.cn_qd.1789;game.cn_qd.1790;game.cn_qd.1791;game.cn_qd.1792;game.cn_qd.1793;game.cn_qd.1794;game.cn_qd.1795;game.cn_qd.1796;game.cn_qd.1797;game.cn_qd.1798;game.cn_qd.1799;game.cn_qd.1800;game.cn_qd.1801;game.cn_qd.1802;game.cn_qd.1803;game.cn_qd.1804;game.cn_qd.1805;game.cn_qd.1806;game.cn_qd.1807;game.cn_qd.1808;game.cn_qd.1809;game.cn_qd.1810;game.cn_qd.1811;game.cn_qd.1812;game.cn_qd.1813;game.cn_qd.1814;game.cn_qd.1815;game.cn_qd.1816;game.cn_qd.1817;game.cn_qd.1818;game.cn_qd.1819;game.cn_qd.1820;game.cn_qd.1821;game.cn_qd.1822;game.cn_qd.1823;game.cn_qd.1824;game.cn_qd.1825;game.cn_qd.1826;game.cn_qd.1827;game.cn_qd.1828;game.cn_qd.1829;game.cn_qd.1830;game.cn_qd.1831;game.cn_qd.1832;game.cn_qd.1833;game.cn_qd.1834;game.cn_qd.1835;game.cn_qd.1836;game.cn_qd.1837;game.cn_qd.1838;game.cn_qd.1839;game.cn_qd.1840;game.cn_qd.1841;game.cn_qd.1842;game.cn_qd.1843;game.cn_qd.1844;game.cn_qd.1845;game.cn_qd.1846;game.cn_qd.1847;game.cn_qd.1848;game.cn_qd.1849;game.cn_qd.1850;game.cn_qd.1851;game.cn_qd.1852;game.cn_qd.1853;game.cn_qd.1854;game.cn_qd.1855;game.cn_qd.1856;game.cn_qd.1857;game.cn_qd.1858;game.cn_qd.1859;game.cn_qd.1860;game.cn_qd.1861;game.cn_qd.1862;game.cn_qd.1863;game.cn_qd.1864;game.cn_qd.1865;game.cn_qd.1866;game.cn_qd.1867;game.cn_qd.1868;game.cn_qd.1869;game.cn_qd.1870;game.cn_qd.1871;game.cn_qd.1872;game.cn_qd.1873;game.cn_qd.1874;game.cn_qd.1875;game.cn_qd.1876;game.cn_qd.1877;game.cn_qd.1878;game.cn_qd.1879;game.cn_qd.1880;game.cn_qd.1881;game.cn_qd.1882;game.cn_qd.1883;game.cn_qd.1884;game.cn_qd.1885;game.cn_qd.1886;game.cn_qd.1887;game.cn_qd.1888;game.cn_qd.1889;game.cn_qd.1890;game.cn_qd.1891>,11,30105
12212,<game.cn_qd.1892;game.cn_qd.1893;game.cn_qd.1894;game.cn_qd.1895;game.cn_qd.1896;game.cn_qd.1897;game.cn_qd.1898;game.cn_qd.1899;game.cn_qd.1900;game.cn_qd.1901;game.cn_qd.1902;game.cn_qd.1903;game.cn_qd.1904;game.cn_qd.1905;game.cn_qd.1906;game.cn_qd.1907;game.cn_qd.1908;game.cn_qd.1909;game.cn_qd.1910;game.cn_qd.1911;game.cn_qd.1912;game.cn_qd.1913;game.cn_qd.1914;game.cn_qd.1915;game.cn_qd.1916;game.cn_qd.1917;game.cn_qd.1918;game.cn_qd.1919;game.cn_qd.1920;game.cn_qd.1921;game.cn_qd.1922;game.cn_qd.1923;game.cn_qd.1924;game.cn_qd.1925;game.cn_qd.1926;game.cn_qd.1927;game.cn_qd.1928;game.cn_qd.1929;game.cn_qd.1930;game.cn_qd.1931;game.cn_qd.1932;game.cn_qd.1933;game.cn_qd.1934;game.cn_qd.1935;game.cn_qd.1936;game.cn_qd.1937;game.cn_qd.1938;game.cn_qd.1939;game.cn_qd.1940;game.cn_qd.1941;game.cn_qd.1942;game.cn_qd.1943;game.cn_qd.1944;game.cn_qd.1945;game.cn_qd.1946;game.cn_qd.1947;game.cn_qd.1948;game.cn_qd.1949;game.cn_qd.1950;game.cn_qd.1951;game.cn_qd.1952;game.cn_qd.1953;game.cn_qd.1954;game.cn_qd.1955;game.cn_qd.1956;game.cn_qd.1957;game.cn_qd.1958;game.cn_qd.1959;game.cn_qd.1960;game.cn_qd.1961;game.cn_qd.1962;game.cn_qd.1963;game.cn_qd.1964;game.cn_qd.1965;game.cn_qd.1966;game.cn_qd.1967;game.cn_qd.1968;game.cn_qd.1969;game.cn_qd.1970;game.cn_qd.1971;game.cn_qd.1972;game.cn_qd.1973;game.cn_qd.1974;game.cn_qd.1975;game.cn_qd.1976;game.cn_qd.1977;game.cn_qd.1978;game.cn_qd.1979;game.cn_qd.1980;game.cn_qd.1981;game.cn_qd.1982;game.cn_qd.1983;game.cn_qd.1984;game.cn_qd.1985;game.cn_qd.1986;game.cn_qd.1987;game.cn_qd.1988;game.cn_qd.1989;game.cn_qd.1990;game.cn_qd.1991;game.cn_qd.1992;game.cn_qd.1993;game.cn_qd.1994;game.cn_qd.1995;game.cn_qd.1996;game.cn_qd.1997;game.cn_qd.1998;game.cn_qd.1999;game.cn_qd.2000;game.cn_qd.2001>,12,30105
12213,<game.cn_qd.2002;game.cn_qd.2003;game.cn_qd.2004;game.cn_qd.2005;game.cn_qd.2006;game.cn_qd.2007;game.cn_qd.2008;game.cn_qd.2009;game.cn_qd.2010;game.cn_qd.2011;game.cn_qd.2012;game.cn_qd.2013;game.cn_qd.2014;game.cn_qd.2015;game.cn_qd.2016;game.cn_qd.2017;game.cn_qd.2018;game.cn_qd.2019;game.cn_qd.2020;game.cn_qd.2021;game.cn_qd.2022;game.cn_qd.2023;game.cn_qd.2024;game.cn_qd.2025;game.cn_qd.2026;game.cn_qd.2027;game.cn_qd.2028;game.cn_qd.2029;game.cn_qd.2030;game.cn_qd.2031;game.cn_qd.2032;game.cn_qd.2033;game.cn_qd.2034;game.cn_qd.2035;game.cn_qd.2036;game.cn_qd.2037;game.cn_qd.2038;game.cn_qd.2039;game.cn_qd.2040;game.cn_qd.2041;game.cn_qd.2042;game.cn_qd.2043;game.cn_qd.2044;game.cn_qd.2045;game.cn_qd.2046;game.cn_qd.2047;game.cn_qd.2048;game.cn_qd.2049;game.cn_qd.2050;game.cn_qd.2051;game.cn_qd.2052;game.cn_qd.2053;game.cn_qd.2054;game.cn_qd.2055;game.cn_qd.2056;game.cn_qd.2057;game.cn_qd.2058;game.cn_qd.2059;game.cn_qd.2060;game.cn_qd.2061;game.cn_qd.2062;game.cn_qd.2063;game.cn_qd.2064;game.cn_qd.2065;game.cn_qd.2066;game.cn_qd.2067;game.cn_qd.2068;game.cn_qd.2069;game.cn_qd.2070;game.cn_qd.2071;game.cn_qd.2072;game.cn_qd.2073;game.cn_qd.2074;game.cn_qd.2075;game.cn_qd.2076;game.cn_qd.2077;game.cn_qd.2078;game.cn_qd.2079;game.cn_qd.2080;game.cn_qd.2081;game.cn_qd.2082;game.cn_qd.2083;game.cn_qd.2084;game.cn_qd.2085;game.cn_qd.2086;game.cn_qd.2087;game.cn_qd.2088;game.cn_qd.2089;game.cn_qd.2090;game.cn_qd.2091;game.cn_qd.2092;game.cn_qd.2093;game.cn_qd.2094;game.cn_qd.2095;game.cn_qd.2096;game.cn_qd.2097;game.cn_qd.2098;game.cn_qd.2099;game.cn_qd.2100;game.cn_qd.2101;game.cn_qd.2102;game.cn_qd.2103;game.cn_qd.2104;game.cn_qd.2105;game.cn_qd.2106;game.cn_qd.2107;game.cn_qd.2108;game.cn_qd.2109;game.cn_qd.2110;game.cn_qd.2111>,13,30105
12214,<game.cn_qd.2112;game.cn_qd.2113;game.cn_qd.2114;game.cn_qd.2115;game.cn_qd.2116;game.cn_qd.2117;game.cn_qd.2118;game.cn_qd.2119;game.cn_qd.2120;game.cn_qd.2121;game.cn_qd.2122;game.cn_qd.2123;game.cn_qd.2124;game.cn_qd.2125;game.cn_qd.2126;game.cn_qd.2127;game.cn_qd.2128;game.cn_qd.2129;game.cn_qd.2130;game.cn_qd.2131;game.cn_qd.2132;game.cn_qd.2133;game.cn_qd.2134;game.cn_qd.2135;game.cn_qd.2136;game.cn_qd.2137;game.cn_qd.2138;game.cn_qd.2139;game.cn_qd.2140;game.cn_qd.2141;game.cn_qd.2142;game.cn_qd.2143;game.cn_qd.2144;game.cn_qd.2145;game.cn_qd.2146;game.cn_qd.2147;game.cn_qd.2148;game.cn_qd.2149;game.cn_qd.2150;game.cn_qd.2151;game.cn_qd.2152;game.cn_qd.2153;game.cn_qd.2154;game.cn_qd.2155;game.cn_qd.2156;game.cn_qd.2157;game.cn_qd.2158;game.cn_qd.2159;game.cn_qd.2160;game.cn_qd.2161;game.cn_qd.2162;game.cn_qd.2163;game.cn_qd.2164;game.cn_qd.2165;game.cn_qd.2166;game.cn_qd.2167;game.cn_qd.2168;game.cn_qd.2169;game.cn_qd.2170;game.cn_qd.2171;game.cn_qd.2172;game.cn_qd.2173;game.cn_qd.2174;game.cn_qd.2175;game.cn_qd.2176;game.cn_qd.2177;game.cn_qd.2178;game.cn_qd.2179;game.cn_qd.2180;game.cn_qd.2181;game.cn_qd.2182;game.cn_qd.2183;game.cn_qd.2184;game.cn_qd.2185;game.cn_qd.2186;game.cn_qd.2187;game.cn_qd.2188;game.cn_qd.2189;game.cn_qd.2190;game.cn_qd.2191;game.cn_qd.2192;game.cn_qd.2193;game.cn_qd.2194;game.cn_qd.2195;game.cn_qd.2196;game.cn_qd.2197;game.cn_qd.2198;game.cn_qd.2199;game.cn_qd.2200;game.cn_qd.2201;game.cn_qd.2202;game.cn_qd.2203;game.cn_qd.2204;game.cn_qd.2205;game.cn_qd.2206;game.cn_qd.2207;game.cn_qd.2208;game.cn_qd.2209;game.cn_qd.2210;game.cn_qd.2211;game.cn_qd.2212;game.cn_qd.2213;game.cn_qd.2214;game.cn_qd.2215;game.cn_qd.2216;game.cn_qd.2217;game.cn_qd.2218;game.cn_qd.2219;game.cn_qd.2220;game.cn_qd.2221>,14,30105
12215,<game.cn_qd.2222;game.cn_qd.2223;game.cn_qd.2224;game.cn_qd.2225;game.cn_qd.2226;game.cn_qd.2227;game.cn_qd.2228;game.cn_qd.2229;game.cn_qd.2230;game.cn_qd.2231;game.cn_qd.2232;game.cn_qd.2233;game.cn_qd.2234;game.cn_qd.2235;game.cn_qd.2236;game.cn_qd.2237;game.cn_qd.2238;game.cn_qd.2239;game.cn_qd.2240;game.cn_qd.2241;game.cn_qd.2242;game.cn_qd.2243;game.cn_qd.2244;game.cn_qd.2245;game.cn_qd.2246;game.cn_qd.2247;game.cn_qd.2248;game.cn_qd.2249;game.cn_qd.2250;game.cn_qd.2251;game.cn_qd.2252;game.cn_qd.2253;game.cn_qd.2254;game.cn_qd.2255;game.cn_qd.2256;game.cn_qd.2257;game.cn_qd.2258;game.cn_qd.2259;game.cn_qd.2260;game.cn_qd.2261;game.cn_qd.2262;game.cn_qd.2263;game.cn_qd.2264;game.cn_qd.2265;game.cn_qd.2266;game.cn_qd.2267;game.cn_qd.2268;game.cn_qd.2269;game.cn_qd.2270;game.cn_qd.2271;game.cn_qd.2272;game.cn_qd.2273;game.cn_qd.2274;game.cn_qd.2275;game.cn_qd.2276;game.cn_qd.2277;game.cn_qd.2278;game.cn_qd.2279;game.cn_qd.2280;game.cn_qd.2281;game.cn_qd.2282;game.cn_qd.2283;game.cn_qd.2284;game.cn_qd.2285;game.cn_qd.2286;game.cn_qd.2287;game.cn_qd.2288;game.cn_qd.2289;game.cn_qd.2290;game.cn_qd.2291;game.cn_qd.2292;game.cn_qd.2293;game.cn_qd.2294;game.cn_qd.2295;game.cn_qd.2296;game.cn_qd.2297;game.cn_qd.2298;game.cn_qd.2299;game.cn_qd.2300;game.cn_qd.2301;game.cn_qd.2302;game.cn_qd.2303;game.cn_qd.2304;game.cn_qd.2305;game.cn_qd.2306;game.cn_qd.2307;game.cn_qd.2308;game.cn_qd.2309;game.cn_qd.2310;game.cn_qd.2311;game.cn_qd.2312;game.cn_qd.2313;game.cn_qd.2314;game.cn_qd.2315;game.cn_qd.2316;game.cn_qd.2317;game.cn_qd.2318;game.cn_qd.2319;game.cn_qd.2320;game.cn_qd.2321;game.cn_qd.2322;game.cn_qd.2323;game.cn_qd.2324;game.cn_qd.2325;game.cn_qd.2326;game.cn_qd.2327;game.cn_qd.2328;game.cn_qd.2329;game.cn_qd.2330;game.cn_qd.2331>,15,30105
12216,<game.cn_qd.2332;game.cn_qd.2333;game.cn_qd.2334;game.cn_qd.2335;game.cn_qd.2336;game.cn_qd.2337;game.cn_qd.2338;game.cn_qd.2339;game.cn_qd.2340;game.cn_qd.2341;game.cn_qd.2342;game.cn_qd.2343;game.cn_qd.2344;game.cn_qd.2345;game.cn_qd.2346;game.cn_qd.2347;game.cn_qd.2348;game.cn_qd.2349;game.cn_qd.2350;game.cn_qd.2351;game.cn_qd.2352;game.cn_qd.2353;game.cn_qd.2354;game.cn_qd.2355;game.cn_qd.2356;game.cn_qd.2357;game.cn_qd.2358;game.cn_qd.2359;game.cn_qd.2360;game.cn_qd.2361;game.cn_qd.2362;game.cn_qd.2363;game.cn_qd.2364;game.cn_qd.2365;game.cn_qd.2366;game.cn_qd.2367;game.cn_qd.2368;game.cn_qd.2369;game.cn_qd.2370;game.cn_qd.2371;game.cn_qd.2372;game.cn_qd.2373;game.cn_qd.2374;game.cn_qd.2375;game.cn_qd.2376;game.cn_qd.2377;game.cn_qd.2378;game.cn_qd.2379;game.cn_qd.2380;game.cn_qd.2381;game.cn_qd.2382;game.cn_qd.2383;game.cn_qd.2384;game.cn_qd.2385;game.cn_qd.2386;game.cn_qd.2387;game.cn_qd.2388;game.cn_qd.2389;game.cn_qd.2390;game.cn_qd.2391;game.cn_qd.2392;game.cn_qd.2393;game.cn_qd.2394;game.cn_qd.2395;game.cn_qd.2396;game.cn_qd.2397;game.cn_qd.2398;game.cn_qd.2399;game.cn_qd.2400;game.cn_qd.2401;game.cn_qd.2402;game.cn_qd.2403;game.cn_qd.2404;game.cn_qd.2405;game.cn_qd.2406;game.cn_qd.2407;game.cn_qd.2408;game.cn_qd.2409;game.cn_qd.2410;game.cn_qd.2411;game.cn_qd.2412;game.cn_qd.2413;game.cn_qd.2414;game.cn_qd.2415;game.cn_qd.2416;game.cn_qd.2417;game.cn_qd.2418;game.cn_qd.2419;game.cn_qd.2420;game.cn_qd.2421;game.cn_qd.2422;game.cn_qd.2423;game.cn_qd.2424;game.cn_qd.2425;game.cn_qd.2426;game.cn_qd.2427;game.cn_qd.2428;game.cn_qd.2429;game.cn_qd.2430;game.cn_qd.2431;game.cn_qd.2432;game.cn_qd.2433;game.cn_qd.2434;game.cn_qd.2435;game.cn_qd.2436;game.cn_qd.2437;game.cn_qd.2438;game.cn_qd.2439;game.cn_qd.2440;game.cn_qd.2441>,16,30105
12217,<game.cn_qd.2442;game.cn_qd.2443;game.cn_qd.2444;game.cn_qd.2445;game.cn_qd.2446;game.cn_qd.2447;game.cn_qd.2448;game.cn_qd.2449;game.cn_qd.2450;game.cn_qd.2451;game.cn_qd.2452;game.cn_qd.2453;game.cn_qd.2454;game.cn_qd.2455;game.cn_qd.2456;game.cn_qd.2457;game.cn_qd.2458;game.cn_qd.2459;game.cn_qd.2460;game.cn_qd.2461;game.cn_qd.2462;game.cn_qd.2463;game.cn_qd.2464;game.cn_qd.2465;game.cn_qd.2466;game.cn_qd.2467;game.cn_qd.2468;game.cn_qd.2469;game.cn_qd.2470;game.cn_qd.2471;game.cn_qd.2472;game.cn_qd.2473;game.cn_qd.2474;game.cn_qd.2475;game.cn_qd.2476;game.cn_qd.2477;game.cn_qd.2478;game.cn_qd.2479;game.cn_qd.2480;game.cn_qd.2481;game.cn_qd.2482;game.cn_qd.2483;game.cn_qd.2484;game.cn_qd.2485;game.cn_qd.2486;game.cn_qd.2487;game.cn_qd.2488;game.cn_qd.2489;game.cn_qd.2490;game.cn_qd.2491;game.cn_qd.2492;game.cn_qd.2493;game.cn_qd.2494;game.cn_qd.2495;game.cn_qd.2496;game.cn_qd.2497;game.cn_qd.2498;game.cn_qd.2499;game.cn_qd.2500;game.cn_qd.2501;game.cn_qd.2502;game.cn_qd.2503;game.cn_qd.2504;game.cn_qd.2505;game.cn_qd.2506;game.cn_qd.2507;game.cn_qd.2508;game.cn_qd.2509;game.cn_qd.2510;game.cn_qd.2511;game.cn_qd.2512;game.cn_qd.2513;game.cn_qd.2514;game.cn_qd.2515;game.cn_qd.2516;game.cn_qd.2517;game.cn_qd.2518;game.cn_qd.2519;game.cn_qd.2520;game.cn_qd.2521;game.cn_qd.2522;game.cn_qd.2523;game.cn_qd.2524;game.cn_qd.2525;game.cn_qd.2526;game.cn_qd.2527;game.cn_qd.2528;game.cn_qd.2529;game.cn_qd.2530;game.cn_qd.2531;game.cn_qd.2532;game.cn_qd.2533;game.cn_qd.2534;game.cn_qd.2535;game.cn_qd.2536;game.cn_qd.2537;game.cn_qd.2538;game.cn_qd.2539;game.cn_qd.2540;game.cn_qd.2541;game.cn_qd.2542;game.cn_qd.2543;game.cn_qd.2544;game.cn_qd.2545;game.cn_qd.2546;game.cn_qd.2547;game.cn_qd.2548;game.cn_qd.2549;game.cn_qd.2550;game.cn_qd.2551>,17,30105
12218,<game.cn_qd.2552;game.cn_qd.2553;game.cn_qd.2554;game.cn_qd.2555;game.cn_qd.2556;game.cn_qd.2557;game.cn_qd.2558;game.cn_qd.2559;game.cn_qd.2560;game.cn_qd.2561;game.cn_qd.2562;game.cn_qd.2563;game.cn_qd.2564;game.cn_qd.2565;game.cn_qd.2566;game.cn_qd.2567;game.cn_qd.2568;game.cn_qd.2569;game.cn_qd.2570;game.cn_qd.2571;game.cn_qd.2572;game.cn_qd.2573;game.cn_qd.2574;game.cn_qd.2575;game.cn_qd.2576;game.cn_qd.2577;game.cn_qd.2578;game.cn_qd.2579;game.cn_qd.2580;game.cn_qd.2581;game.cn_qd.2582;game.cn_qd.2583;game.cn_qd.2584;game.cn_qd.2585;game.cn_qd.2586;game.cn_qd.2587;game.cn_qd.2588;game.cn_qd.2589;game.cn_qd.2590;game.cn_qd.2591;game.cn_qd.2592;game.cn_qd.2593;game.cn_qd.2594;game.cn_qd.2595;game.cn_qd.2596;game.cn_qd.2597;game.cn_qd.2598;game.cn_qd.2599;game.cn_qd.2600;game.cn_qd.2601;game.cn_qd.2602;game.cn_qd.2603;game.cn_qd.2604;game.cn_qd.2605;game.cn_qd.2606;game.cn_qd.2607;game.cn_qd.2608;game.cn_qd.2609;game.cn_qd.2610;game.cn_qd.2611;game.cn_qd.2612;game.cn_qd.2613;game.cn_qd.2614;game.cn_qd.2615;game.cn_qd.2616;game.cn_qd.2617;game.cn_qd.2618;game.cn_qd.2619;game.cn_qd.2620;game.cn_qd.2621;game.cn_qd.2622;game.cn_qd.2623;game.cn_qd.2624;game.cn_qd.2625;game.cn_qd.2626;game.cn_qd.2627;game.cn_qd.2628;game.cn_qd.2629;game.cn_qd.2630;game.cn_qd.2631;game.cn_qd.2632;game.cn_qd.2633;game.cn_qd.2634;game.cn_qd.2635;game.cn_qd.2636;game.cn_qd.2637;game.cn_qd.2638;game.cn_qd.2639;game.cn_qd.2640;game.cn_qd.2641;game.cn_qd.2642;game.cn_qd.2643;game.cn_qd.2644;game.cn_qd.2645;game.cn_qd.2646;game.cn_qd.2647;game.cn_qd.2648;game.cn_qd.2649;game.cn_qd.2650;game.cn_qd.2651;game.cn_qd.2652;game.cn_qd.2653;game.cn_qd.2654;game.cn_qd.2655;game.cn_qd.2656;game.cn_qd.2657;game.cn_qd.2658;game.cn_qd.2659;game.cn_qd.2660;game.cn_qd.2661>,18,30105
12219,<game.cn_qd.2662;game.cn_qd.2663;game.cn_qd.2664;game.cn_qd.2665;game.cn_qd.2666;game.cn_qd.2667;game.cn_qd.2668;game.cn_qd.2669;game.cn_qd.2670;game.cn_qd.2671;game.cn_qd.2672;game.cn_qd.2673;game.cn_qd.2674;game.cn_qd.2675;game.cn_qd.2676;game.cn_qd.2677;game.cn_qd.2678;game.cn_huawei.1;game.cn_qd.2679;game.cn_huawei.2;game.cn_qd.2680;game.cn_huawei.3;game.cn_qd.2681;game.cn_qd.2682;game.cn_qd.2683;game.cn_qd.2684;game.cn_qd.2685;game.cn_qd.2686;game.cn_qd.2687;game.cn_qd.2688;game.cn_qd.2689;game.cn_qd.2690;game.cn_qd.2691;game.cn_qd.2692;game.cn_qd.2693;game.cn_qd.2694;game.cn_qd.2695;game.cn_qd.2696;game.cn_qd.2697;game.cn_qd.2698;game.cn_qd.2699;game.cn_qd.2700;game.cn_qd.2701;game.cn_qd.2702;game.cn_qd.2703;game.cn_qd.2704;game.cn_qd.2705;game.cn_qd.2706;game.cn_qd.2707;game.cn_qd.2708;game.cn_qd.2709;game.cn_qd.2710;game.cn_qd.2711;game.cn_qd.2712;game.cn_qd.2713;game.cn_qd.2714;game.cn_qd.2715;game.cn_qd.2716;game.cn_qd.2717;game.cn_qd.2718;game.cn_qd.2719;game.cn_qd.2720;game.cn_qd.2721;game.cn_qd.2722;game.cn_qd.2723;game.cn_qd.2724;game.cn_qd.2725;game.cn_qd.2726;game.cn_qd.2727;game.cn_qd.2728;game.cn_qd.2729;game.cn_qd.2730;game.cn_qd.2731;game.cn_qd.2732;game.cn_qd.2733;game.cn_huawei.4;game.cn_qd.2734;game.cn_qd.2735;game.cn_huawei.5;game.cn_qd.2736;game.cn_qd.2737;game.cn_qd.2738;game.cn_qd.2739;game.cn_qd.2740;game.cn_qd.2741;game.cn_qd.2742;game.cn_qd.2743;game.cn_qd.2744;game.cn_qd.2745;game.cn_qd.2746;game.cn_qd.2747;game.cn_qd.2748;game.cn_qd.2749;game.cn_qd.2750;game.cn_qd.2751;game.cn_qd.2752;game.cn_qd.2753;game.cn_qd.2754;game.cn_qd.2755;game.cn_qd.2756;game.cn_qd.2757;game.cn_qd.2758>,19,30105
12301,<gamemerge.kr.17;gamemerge.kr.23;gamemerge.kr.19;gamemerge.kr.36;gamemerge.kr.45;gamemerge.kr.46;gamemerge.kr.37;gamemerge.kr.34;gamemerge.kr.35;gamemerge.kr.38;gamemerge.kr.39;gamemerge.kr.40;gamemerge.kr.41;gamemerge.kr.42;gamemerge.kr.43;gamemerge.kr.44;game.kr.100;game.kr.101;game.kr.102;game.kr.103;game.kr.104;game.kr.105;game.kr.106;game.kr.107;game.kr.108;game.kr.109;game.kr.110;game.kr.111;game.kr.112;game.kr.113;game.kr.114;game.kr.115;game.kr.116>,1,30301
12401,<gamemerge.tw.1;gamemerge.tw.2;gamemerge.tw.3;gamemerge.tw.4;gamemerge.tw.5;gamemerge.tw.6;gamemerge.tw.7;gamemerge.tw.8;gamemerge.tw.9;gamemerge.tw.10;gamemerge.tw.11;gamemerge.tw.12;gamemerge.tw.13;gamemerge.tw.14;gamemerge.tw.15;gamemerge.tw.16;gamemerge.tw.17;gamemerge.tw.18;gamemerge.tw.19;gamemerge.tw.20;gamemerge.tw.21;gamemerge.tw.22;gamemerge.tw.23;gamemerge.tw.24;gamemerge.tw.25;gamemerge.tw.26;gamemerge.tw.27;gamemerge.tw.28;gamemerge.tw.29;gamemerge.tw.30;gamemerge.tw.31;gamemerge.tw.32;gamemerge.tw.33;gamemerge.tw.34;gamemerge.tw.35;gamemerge.tw.36;gamemerge.tw.37;gamemerge.tw.38;gamemerge.tw.39;gamemerge.tw.40;gamemerge.tw.41;gamemerge.tw.42;gamemerge.tw.43;gamemerge.tw.44;gamemerge.tw.45;gamemerge.tw.46;gamemerge.tw.47;gamemerge.tw.48;gamemerge.tw.49;gamemerge.tw.50;gamemerge.tw.51;gamemerge.tw.52;gamemerge.tw.53;gamemerge.tw.54;gamemerge.tw.55>,1,30401
12402,<gamemerge.tw.56;gamemerge.tw.57;gamemerge.tw.58;gamemerge.tw.59;gamemerge.tw.60;gamemerge.tw.61;gamemerge.tw.62;gamemerge.tw.63;gamemerge.tw.64;gamemerge.tw.65;gamemerge.tw.66;gamemerge.tw.67;gamemerge.tw.68;gamemerge.tw.69;gamemerge.tw.70;gamemerge.tw.71;gamemerge.tw.72;gamemerge.tw.73;gamemerge.tw.74;gamemerge.tw.75;gamemerge.tw.76;gamemerge.tw.77;gamemerge.tw.78;gamemerge.tw.79;gamemerge.tw.80;gamemerge.tw.81;gamemerge.tw.82;gamemerge.tw.83;gamemerge.tw.84;gamemerge.tw.85;game.tw.294;game.tw.295;game.tw.296;game.tw.297;game.tw.298;game.tw.299;game.tw.300;game.tw.301;game.tw.302;game.tw.303;game.tw.304;game.tw.305;game.tw.306;game.tw.307;game.tw.308;game.tw.309;game.tw.310;game.tw.311;game.tw.312;game.tw.313;game.tw.314;game.tw.315;game.tw.316;game.tw.317;game.tw.318;game.tw.319;game.tw.320;game.tw.321;game.tw.322;game.tw.323;game.tw.324;game.tw.325;game.tw.326;game.tw.327;game.tw.328;game.tw.329;game.tw.330;game.tw.331;game.tw.332;game.tw.333;game.tw.334;game.tw.335;game.tw.336;game.tw.337;game.tw.338>,2,30401
12403,<game.tw.339;game.tw.340;game.tw.341;game.tw.342;game.tw.343;game.tw.344;game.tw.345;game.tw.346;game.tw.347;game.tw.348;game.tw.349;game.tw.350;game.tw.351;game.tw.352;game.tw.353;game.tw.354;game.tw.355;game.tw.356;game.tw.357;game.tw.358;game.tw.359;game.tw.360;game.tw.361;game.tw.362;game.tw.363;game.tw.364;game.tw.365;game.tw.366;game.tw.367;game.tw.368;game.tw.369;game.tw.370;game.tw.371;game.tw.372;game.tw.373;game.tw.374;game.tw.375;game.tw.376;game.tw.377;game.tw.378;game.tw.379;game.tw.380;game.tw.381;game.tw.382;game.tw.383;game.tw.384;game.tw.385;game.tw.386;game.tw.387;game.tw.388;game.tw.389;game.tw.390;game.tw.391;game.tw.392;game.tw.393;game.tw.394;game.tw.395;game.tw.396;game.tw.397;game.tw.398;game.tw.399;game.tw.400;game.tw.401;game.tw.402;game.tw.403;game.tw.404;game.tw.405>,3,30401
12501,<game.en.1;gamemerge.en.1;gamemerge.en.2;gamemerge.en.3;gamemerge.en.4;gamemerge.en.5;gamemerge.en.6;gamemerge.en.7;gamemerge.en.8;gamemerge.en.9;gamemerge.en.10;gamemerge.en.11;gamemerge.en.12;gamemerge.en.13;gamemerge.en.14;gamemerge.en.15;gamemerge.en.16;gamemerge.en.17;gamemerge.en.18;gamemerge.en.19;gamemerge.en.20;gamemerge.en.21;gamemerge.en.22;gamemerge.en.23;gamemerge.en.24;gamemerge.en.25;gamemerge.en.26;gamemerge.en.27;gamemerge.en.28;gamemerge.en.29;gamemerge.en.30;gamemerge.en.31;gamemerge.en.32;gamemerge.en.33;gamemerge.en.34;gamemerge.en.35;gamemerge.en.36;gamemerge.en.37;gamemerge.en.38;gamemerge.en.39;gamemerge.en.40;game.en.200;gamemerge.en.41;gamemerge.en.42;gamemerge.en.43;gamemerge.en.44;game.en.216;game.en.218;game.en.219;game.en.220;game.en.221;game.en.222;game.en.223;game.en.224;game.en.225;game.en.226;game.en.227;game.en.228;game.en.229;game.en.230>,1,30501
12502,<game.en.231;game.en.232;game.en.233;game.en.234;game.en.235;game.en.236;game.en.237;game.en.238;game.en.239;game.en.240;game.en.241;game.en.242;game.en.243;game.en.244;game.en.245;game.en.246;game.en.247;game.en.248;game.en.249;game.en.250;game.en.251;game.en.252;game.en.253;game.en.254;game.en.255;game.en.256;game.en.257;game.en.258;game.en.259;game.en.260;game.en.261;game.en.262;game.en.263;game.en.264;game.en.265;game.en.266;game.en.267;game.en.268;game.en.269;game.en.270;game.en.271;game.en.272;game.en.273;game.en.274;game.en.275;game.en.276;game.en.277;game.en.278;game.en.279;game.en.280;game.en.281;game.en.282;game.en.283;game.en.284;game.en.285;game.en.286;game.en.287;game.en.288;game.en.289;game.en.290;game.en.291;game.en.292;game.en.293;game.en.294;game.en.295;game.en.296;game.en.297;game.en.298;game.en.299;game.en.300;game.en.301;game.en.302;game.en.303;game.en.304;game.en.305;game.en.306;game.en.307;game.en.308;game.en.309;game.en.310;game.en.311;game.en.312;game.en.313;game.en.314>,2,30501
12601,<game.cn.1;game.cn.2;game.cn.3;game.cn.4;game.cn.5;gamemerge.cn.1;gamemerge.cn.2;gamemerge.cn.3;gamemerge.cn.4;gamemerge.cn.5;gamemerge.cn.6;gamemerge.cn.7;gamemerge.cn.8;gamemerge.cn.9;gamemerge.cn.10;gamemerge.cn.11;gamemerge.cn.12;gamemerge.cn.13;gamemerge.cn.14;gamemerge.cn.15;gamemerge.cn.16;gamemerge.cn.17;gamemerge.cn.18;gamemerge.cn.19;gamemerge.cn.20;game.cn.106;game.cn.107;game.cn.108;game.cn.109;game.cn.110;game.cn.111;game.cn.112;game.cn.113;game.cn.114;game.cn.115;game.cn.116;game.cn.117;game.cn.118;game.cn.119;game.cn.120;game.cn.121;game.cn.122;game.cn.123;game.cn.124;game.cn.125;game.cn.126;game.cn.127;game.cn.128;game.cn.129;game.cn.130;game.cn.131;game.cn.132;game.cn.133;game.cn.134;game.cn.135;game.cn.136;game.cn.137;game.cn.138;game.cn.139;game.cn.140;game.cn.141;game.cn.142;game.cn.143;game.cn.144;game.cn.145;game.cn.146;game.cn.147;game.cn.148;game.cn.149;game.cn.150;game.cn.151;game.cn.152;game.cn.153;game.cn.154;game.cn.155;game.cn.156;game.cn.157;game.cn.158;game.cn.159;game.cn.160;game.cn.161;game.cn.162;game.cn.163;game.cn.164;game.cn.165;game.cn.166;game.cn.167;game.cn.168;game.cn.169;game.cn.170;game.cn.171;game.cn.172;game.cn.173;game.cn.174;game.cn.175;game.cn.176;game.cn.177>,1,30006
12602,<game.cn.178;game.cn.179;game.cn.180;game.cn.181;game.cn.182;game.cn.183;game.cn.184;game.cn.185;game.cn.186;game.cn.187;game.cn.188;game.cn.189;game.cn.190;game.cn.191;game.cn.192;game.cn.193;game.cn.194;game.cn.195;game.cn.196;game.cn.197;game.cn.198;game.cn.199;game.cn.200;game.cn.201;game.cn.202;game.cn.203;game.cn.204;game.cn.205;game.cn.206;game.cn.207;game.cn.208;game.cn.209;game.cn.210;game.cn.211;game.cn.212;game.cn.213;game.cn.214;game.cn.215;game.cn.216;game.cn.217;game.cn.218;game.cn.219;game.cn.220;game.cn.221;game.cn.222;game.cn.223;game.cn.224;game.cn.225;game.cn.226;game.cn.227;game.cn.228;game.cn.229;game.cn.230;game.cn.231;game.cn.232;game.cn.233;game.cn.234;game.cn.235;game.cn.236;game.cn.237;game.cn.238;game.cn.239;game.cn.240;game.cn.241;game.cn.242;game.cn.243;game.cn.244;game.cn.245;game.cn.246;game.cn.247;game.cn.248;game.cn.249;game.cn.250;game.cn.251;game.cn.252;game.cn.253;game.cn.254;game.cn.255;game.cn.256;game.cn.257;game.cn.258;game.cn.259;game.cn.260;game.cn.261;game.cn.262;game.cn.263;game.cn.264;game.cn.265;game.cn.266;game.cn.267;game.cn.268;game.cn.269;game.cn.270;game.cn.271;game.cn.272;game.cn.273;game.cn.274>,2,30006
12603,<game.cn.275;game.cn.276;game.cn.277;game.cn.278;game.cn.279;game.cn.280;game.cn.281;game.cn.282;game.cn.283;game.cn.284;game.cn.285;game.cn.286;game.cn.287;game.cn.288;game.cn.289;game.cn.290;game.cn.291;game.cn.292;game.cn.293;game.cn.294;game.cn.295;game.cn.296;game.cn.297;game.cn.298;game.cn.299;game.cn.300;game.cn.301;game.cn.302;game.cn.303;game.cn.304;game.cn.305;game.cn.306;game.cn.307;game.cn.308;game.cn.309;game.cn.310;game.cn.311;game.cn.312;game.cn.313;game.cn.314;game.cn.315;game.cn.316;game.cn.317;game.cn.318;game.cn.319;game.cn.320;game.cn.321;game.cn.322;game.cn.323;game.cn.324;game.cn.325;game.cn.326;game.cn.327;game.cn.328;game.cn.329;game.cn.330;game.cn.331;game.cn.332;game.cn.333;game.cn.334;game.cn.335;game.cn.336;game.cn.337;game.cn.338;game.cn.339;game.cn.340;game.cn.341;game.cn.342;game.cn.343;game.cn.344;game.cn.345;game.cn.346;game.cn.347;game.cn.348;game.cn.349;game.cn.350;game.cn.351;game.cn.352;game.cn.353;game.cn.354;game.cn.355;game.cn.356;game.cn.357;game.cn.358;game.cn.359;game.cn.360;game.cn.361;game.cn.362;game.cn.363;game.cn.364;game.cn.365;game.cn.366;game.cn.367;game.cn.368;game.cn.369;game.cn.370;game.cn.371>,3,30006
12604,<game.cn.372;game.cn.373;game.cn.374;game.cn.375;game.cn.376;game.cn.377;game.cn.378;game.cn.379;game.cn.380;game.cn.381;game.cn.382;game.cn.383;game.cn.384;game.cn.385;game.cn.386;game.cn.387;game.cn.388;game.cn.389;game.cn.390;game.cn.391;game.cn.392;game.cn.393;game.cn.394;game.cn.395;game.cn.396;game.cn.397;game.cn.398;game.cn.399;game.cn.400;game.cn.401;game.cn.402;game.cn.403;game.cn.404;game.cn.405;game.cn.406;game.cn.407;game.cn.408;game.cn.409;game.cn.410;game.cn.411;game.cn.412;game.cn.413;game.cn.414;game.cn.415;game.cn.416;game.cn.417;game.cn.418;game.cn.419;game.cn.420;game.cn.421;game.cn.422;game.cn.423;game.cn.424;game.cn.425;game.cn.426;game.cn.427;game.cn.428;game.cn.429;game.cn.430;game.cn.431;game.cn.432;game.cn.433;game.cn.434;game.cn.435;game.cn.436;game.cn.437;game.cn.438;game.cn.439;game.cn.440;game.cn.441;game.cn.442;game.cn.443;game.cn.444;game.cn.445;game.cn.446;game.cn.447;game.cn.448;game.cn.449;game.cn.450;game.cn.451;game.cn.452;game.cn.453;game.cn.454;game.cn.455;game.cn.456;game.cn.457;game.cn.458;game.cn.459;game.cn.460;game.cn.461;game.cn.462;game.cn.463;game.cn.464;game.cn.465;game.cn.466;game.cn.467;game.cn.468>,4,30006
12605,<game.cn.469;game.cn.470;game.cn.471;game.cn.472;game.cn.473;game.cn.474;game.cn.475;game.cn.476;game.cn.477;game.cn.478;game.cn.479;game.cn.480;game.cn.481;game.cn.482;game.cn.483;game.cn.484;game.cn.485;game.cn.486;game.cn.487;game.cn.488;game.cn.489;game.cn.490;game.cn.491;game.cn.492;game.cn.493;game.cn.494;game.cn.495;game.cn.496;game.cn.497;game.cn.498;game.cn.499;game.cn.500;game.cn.501;game.cn.502;game.cn.503;game.cn.504;game.cn.505;game.cn.506;game.cn.507;game.cn.508;game.cn.509;game.cn.510;game.cn.511;game.cn.512;game.cn.513;game.cn.514;game.cn.515;game.cn.516;game.cn.517;game.cn.518;game.cn.519;game.cn.520;game.cn.521;game.cn.522;game.cn.523;game.cn.524;game.cn.525;game.cn.526;game.cn.527;game.cn.528;game.cn.529;game.cn.530;game.cn.531;game.cn.532;game.cn.533;game.cn.534;game.cn.535;game.cn.536;game.cn.537;game.cn.538;game.cn.539;game.cn.540;game.cn.541;game.cn.542;game.cn.543;game.cn.544;game.cn.545;game.cn.546;game.cn.547;game.cn.548;game.cn.549;game.cn.550;game.cn.551;game.cn.552;game.cn.553;game.cn.554;game.cn.555;game.cn.556;game.cn.557;game.cn.558;game.cn.559;game.cn.560;game.cn.561;game.cn.562;game.cn.563;game.cn.564;game.cn.565>,5,30006
12606,<game.cn.566;game.cn.567;game.cn.568;game.cn.569;game.cn.570;game.cn.571;game.cn.572;game.cn.573;game.cn.574;game.cn.575;game.cn.576;game.cn.577;game.cn.578;game.cn.579;game.cn.580;game.cn.581;game.cn.582;game.cn.583;game.cn.584;game.cn.585;game.cn.586;game.cn.587;game.cn.588;game.cn.589;game.cn.590;game.cn.591;game.cn.592;game.cn.593;game.cn.594;game.cn.595;game.cn.596;game.cn.597;game.cn.598;game.cn.599;game.cn.600;game.cn.601;game.cn.602;game.cn.603;game.cn.604;game.cn.605;game.cn.606;game.cn.607;game.cn.608;game.cn.609;game.cn.610;game.cn.611;game.cn.612;game.cn.613;game.cn.614;game.cn.615;game.cn.616;game.cn.617;game.cn.618;game.cn.619;game.cn.620;game.cn.621;game.cn.622;game.cn.623;game.cn.624;game.cn.625;game.cn.626;game.cn.627;game.cn.628;game.cn.629;game.cn.630;game.cn.631;game.cn.632;game.cn.633;game.cn.634;game.cn.635;game.cn.636;game.cn.637;game.cn.638;game.cn.639;game.cn.640;game.cn.641;game.cn.642;game.cn.643;game.cn.644;game.cn.645;game.cn.646;game.cn.647;game.cn.648;game.cn.649;game.cn.650;game.cn.651;game.cn.652;game.cn.653;game.cn.654;game.cn.655;game.cn.656;game.cn.657;game.cn.658;game.cn.659;game.cn.660;game.cn.661;game.cn.662>,6,30006
12607,<game.cn.663;game.cn.664;game.cn.665;game.cn.666;game.cn.667;game.cn.668;game.cn.669;game.cn.670;game.cn.671;game.cn.672;game.cn.673;game.cn.674;game.cn.675;game.cn.676;game.cn.677;game.cn.678;game.cn.679;game.cn.680;game.cn.681;game.cn.682;game.cn.683;game.cn.684;game.cn.685;game.cn.686;game.cn.687;game.cn.688;game.cn.689;game.cn.690;game.cn.691;game.cn.692;game.cn.693;game.cn.694;game.cn.695;game.cn.696;game.cn.697;game.cn.698;game.cn.699;game.cn.700;game.cn.701;game.cn.702;game.cn.703;game.cn.704;game.cn.705;game.cn.706;game.cn.707;game.cn.708;game.cn.709;game.cn.710;game.cn.711;game.cn.712;game.cn.713;game.cn.714;game.cn.715;game.cn.716;game.cn.717;game.cn.718;game.cn.719;game.cn.720;game.cn.721;game.cn.722;game.cn.723;game.cn.724;game.cn.725;game.cn.726;game.cn.727;game.cn.728;game.cn.729;game.cn.730;game.cn.731;game.cn.732;game.cn.733;game.cn.734;game.cn.735;game.cn.736;game.cn.737;game.cn.738;game.cn.739;game.cn.740;game.cn.741;game.cn.742;game.cn.743;game.cn.744;game.cn.745;game.cn.746;game.cn.747;game.cn.748;game.cn.749;game.cn.750;game.cn.751;game.cn.752;game.cn.753;game.cn.754;game.cn.755;game.cn.756;game.cn.757;game.cn.758;game.cn.759>,7,30006
12608,<game.cn.760;game.cn.761;game.cn.762;game.cn.763;game.cn.764;game.cn.765;game.cn.766;game.cn.767;game.cn.768;game.cn.769;game.cn.770;game.cn.771;game.cn.772;game.cn.773;game.cn.774;game.cn.775;game.cn.776;game.cn.777;game.cn.778;game.cn.779;game.cn.780;game.cn.781;game.cn.782;game.cn.783;game.cn.784;game.cn.785;game.cn.786;game.cn.787;game.cn.788;game.cn.789;game.cn.790;game.cn.791;game.cn.792;game.cn.793;game.cn.794;game.cn.795;game.cn.796;game.cn.797;game.cn.798;game.cn.799;game.cn.800;game.cn.801;game.cn.802;game.cn.803;game.cn.804;game.cn.805;game.cn.806;game.cn.807;game.cn.808;game.cn.809;game.cn.810;game.cn.811;game.cn.812;game.cn.813;game.cn.814;game.cn.815;game.cn.816;game.cn.817;game.cn.818;game.cn.819;game.cn.820;game.cn.821;game.cn.822;game.cn.823;game.cn.824;game.cn.825;game.cn.826;game.cn.827;game.cn.828;game.cn.829;game.cn.830;game.cn.831;game.cn.832;game.cn.833;game.cn.834;game.cn.835;game.cn.836;game.cn.837;game.cn.838;game.cn.839;game.cn.840;game.cn.841;game.cn.842;game.cn.843;game.cn.844;game.cn.845;game.cn.846;game.cn.847;game.cn.848;game.cn.849;game.cn.850;game.cn.851;game.cn.852;game.cn.853;game.cn.854;game.cn.855;game.cn.856;game.cn.857;game.cn.858;game.cn.859;game.cn.860;game.cn.861;game.cn.862;game.cn.863;game.cn.864>,8,30006
12701,<game.cn_qd.1;gamemerge.cn_qd.31;gamemerge.cn_qd.32;gamemerge.cn_qd.33;gamemerge.cn_qd.34;gamemerge.cn_qd.35;gamemerge.cn_qd.36;gamemerge.cn_qd.37;gamemerge.cn_qd.1;gamemerge.cn_qd.2;gamemerge.cn_qd.3;gamemerge.cn_qd.4;gamemerge.cn_qd.5;gamemerge.cn_qd.6;gamemerge.cn_qd.7;gamemerge.cn_qd.8;gamemerge.cn_qd.9;gamemerge.cn_qd.10;gamemerge.cn_qd.11;gamemerge.cn_qd.12;gamemerge.cn_qd.13;gamemerge.cn_qd.14;gamemerge.cn_qd.15;gamemerge.cn_qd.16;gamemerge.cn_qd.17;gamemerge.cn_qd.18;gamemerge.cn_qd.19;gamemerge.cn_qd.20;gamemerge.cn_qd.21;gamemerge.cn_qd.22;gamemerge.cn_qd.23;gamemerge.cn_qd.24;gamemerge.cn_qd.25;gamemerge.cn_qd.26;gamemerge.cn_qd.27;gamemerge.cn_qd.28;gamemerge.cn_qd.29;gamemerge.cn_qd.30;gamemerge.cn_qd.38;gamemerge.cn_qd.39;gamemerge.cn_qd.40;gamemerge.cn_qd.41;gamemerge.cn_qd.42;gamemerge.cn_qd.43;gamemerge.cn_qd.44;gamemerge.cn_qd.45;gamemerge.cn_qd.46;gamemerge.cn_qd.47;gamemerge.cn_qd.48;gamemerge.cn_qd.49;gamemerge.cn_qd.50;gamemerge.cn_qd.51;gamemerge.cn_qd.52;gamemerge.cn_qd.53;gamemerge.cn_qd.54;gamemerge.cn_qd.55;gamemerge.cn_qd.56;gamemerge.cn_qd.57;gamemerge.cn_qd.58;gamemerge.cn_qd.59;gamemerge.cn_qd.60;gamemerge.cn_qd.61;gamemerge.cn_qd.62;gamemerge.cn_qd.63;gamemerge.cn_qd.64;gamemerge.cn_qd.65;gamemerge.cn_qd.66;gamemerge.cn_qd.67;gamemerge.cn_qd.68;gamemerge.cn_qd.69;gamemerge.cn_qd.70;gamemerge.cn_qd.71;gamemerge.cn_qd.72;gamemerge.cn_qd.73;gamemerge.cn_qd.74;gamemerge.cn_qd.75;gamemerge.cn_qd.76;gamemerge.cn_qd.77;gamemerge.cn_qd.78;gamemerge.cn_qd.79;gamemerge.cn_qd.80;gamemerge.cn_qd.81;gamemerge.cn_qd.82;gamemerge.cn_qd.83;gamemerge.cn_qd.84;gamemerge.cn_qd.85;gamemerge.cn_qd.86;gamemerge.cn_qd.87;gamemerge.cn_qd.88;gamemerge.cn_qd.89;gamemerge.cn_qd.90;gamemerge.cn_qd.91;gamemerge.cn_qd.92;gamemerge.cn_qd.93;gamemerge.cn_qd.94>,1,30106
12702,<gamemerge.cn_qd.95;gamemerge.cn_qd.96;gamemerge.cn_qd.97;gamemerge.cn_qd.98;gamemerge.cn_qd.99;gamemerge.cn_qd.100;gamemerge.cn_qd.101;gamemerge.cn_qd.102;gamemerge.cn_qd.103;gamemerge.cn_qd.104;gamemerge.cn_qd.105;gamemerge.cn_qd.106;gamemerge.cn_qd.107;gamemerge.cn_qd.108;gamemerge.cn_qd.109;gamemerge.cn_qd.110;gamemerge.cn_qd.111;gamemerge.cn_qd.112;gamemerge.cn_qd.113;gamemerge.cn_qd.114;gamemerge.cn_qd.115;gamemerge.cn_qd.116;gamemerge.cn_qd.117;gamemerge.cn_qd.118;gamemerge.cn_qd.119;gamemerge.cn_qd.120;gamemerge.cn_qd.121;gamemerge.cn_qd.122;gamemerge.cn_qd.123;gamemerge.cn_qd.124;gamemerge.cn_qd.125;gamemerge.cn_qd.126;gamemerge.cn_qd.127;gamemerge.cn_qd.128;gamemerge.cn_qd.129;gamemerge.cn_qd.130;gamemerge.cn_qd.131;gamemerge.cn_qd.132;gamemerge.cn_qd.133;gamemerge.cn_qd.134;gamemerge.cn_qd.135;gamemerge.cn_qd.136;gamemerge.cn_qd.137;gamemerge.cn_qd.138;gamemerge.cn_qd.139;gamemerge.cn_qd.140;gamemerge.cn_qd.141;gamemerge.cn_qd.142;gamemerge.cn_qd.143;gamemerge.cn_qd.144;gamemerge.cn_qd.145;gamemerge.cn_qd.146;gamemerge.cn_qd.147;gamemerge.cn_qd.148;gamemerge.cn_qd.149;gamemerge.cn_qd.150;gamemerge.cn_qd.151;gamemerge.cn_qd.152;gamemerge.cn_qd.153;gamemerge.cn_qd.154;gamemerge.cn_qd.155;gamemerge.cn_qd.156;gamemerge.cn_qd.157;gamemerge.cn_qd.158;gamemerge.cn_qd.159;gamemerge.cn_qd.160;gamemerge.cn_qd.161;gamemerge.cn_qd.162;gamemerge.cn_qd.163;gamemerge.cn_qd.164;gamemerge.cn_qd.165;gamemerge.cn_qd.166;gamemerge.cn_qd.167;gamemerge.cn_qd.168;gamemerge.cn_qd.169;gamemerge.cn_qd.170;gamemerge.cn_qd.171;gamemerge.cn_qd.172;gamemerge.cn_qd.173;gamemerge.cn_qd.174;gamemerge.cn_qd.175;gamemerge.cn_qd.176;gamemerge.cn_qd.177;gamemerge.cn_qd.178;gamemerge.cn_qd.179;gamemerge.cn_qd.180;gamemerge.cn_qd.181;gamemerge.cn_qd.182;gamemerge.cn_qd.183;gamemerge.cn_qd.184;gamemerge.cn_qd.185;gamemerge.cn_qd.186;gamemerge.cn_qd.187;game.cn_qd.930;game.cn_qd.931>,2,30106
12703,<game.cn_qd.932;game.cn_qd.933;game.cn_qd.934;game.cn_qd.935;game.cn_qd.936;game.cn_qd.937;game.cn_qd.938;game.cn_qd.939;game.cn_qd.940;game.cn_qd.941;game.cn_qd.942;game.cn_qd.943;game.cn_qd.944;game.cn_qd.945;game.cn_qd.946;game.cn_qd.947;game.cn_qd.948;game.cn_qd.949;game.cn_qd.950;game.cn_qd.951;game.cn_qd.952;game.cn_qd.953;game.cn_qd.954;game.cn_qd.955;game.cn_qd.956;game.cn_qd.957;game.cn_qd.958;game.cn_qd.959;game.cn_qd.960;game.cn_qd.961;game.cn_qd.962;game.cn_qd.963;game.cn_qd.964;game.cn_qd.965;game.cn_qd.966;game.cn_qd.967;game.cn_qd.968;game.cn_qd.969;game.cn_qd.970;game.cn_qd.971;game.cn_qd.972;game.cn_qd.973;game.cn_qd.974;game.cn_qd.975;game.cn_qd.976;game.cn_qd.977;game.cn_qd.978;game.cn_qd.979;game.cn_qd.980;game.cn_qd.981;game.cn_qd.982;game.cn_qd.983;game.cn_qd.984;game.cn_qd.985;game.cn_qd.986;game.cn_qd.987;game.cn_qd.988;game.cn_qd.989;game.cn_qd.990;game.cn_qd.991;game.cn_qd.992;game.cn_qd.993;game.cn_qd.994;game.cn_qd.995;game.cn_qd.996;game.cn_qd.997;game.cn_qd.998;game.cn_qd.999;game.cn_qd.1000;game.cn_qd.1001;game.cn_qd.1002;game.cn_qd.1003;game.cn_qd.1004;game.cn_qd.1005;game.cn_qd.1006;game.cn_qd.1007;game.cn_qd.1008;game.cn_qd.1009;game.cn_qd.1010;game.cn_qd.1011;game.cn_qd.1012;game.cn_qd.1013;game.cn_qd.1014;game.cn_qd.1015;game.cn_qd.1016;game.cn_qd.1017;game.cn_qd.1018;game.cn_qd.1019;game.cn_qd.1020;game.cn_qd.1021;game.cn_qd.1022;game.cn_qd.1023;game.cn_qd.1024;game.cn_qd.1025;game.cn_qd.1026>,3,30106
12704,<game.cn_qd.1027;game.cn_qd.1028;game.cn_qd.1029;game.cn_qd.1030;game.cn_qd.1031;game.cn_qd.1032;game.cn_qd.1033;game.cn_qd.1034;game.cn_qd.1035;game.cn_qd.1036;game.cn_qd.1037;game.cn_qd.1038;game.cn_qd.1039;game.cn_qd.1040;game.cn_qd.1041;game.cn_qd.1042;game.cn_qd.1043;game.cn_qd.1044;game.cn_qd.1045;game.cn_qd.1046;game.cn_qd.1047;game.cn_qd.1048;game.cn_qd.1049;game.cn_qd.1050;game.cn_qd.1051;game.cn_qd.1052;game.cn_qd.1053;game.cn_qd.1054;game.cn_qd.1055;game.cn_qd.1056;game.cn_qd.1057;game.cn_qd.1058;game.cn_qd.1059;game.cn_qd.1060;game.cn_qd.1061;game.cn_qd.1062;game.cn_qd.1063;game.cn_qd.1064;game.cn_qd.1065;game.cn_qd.1066;game.cn_qd.1067;game.cn_qd.1068;game.cn_qd.1069;game.cn_qd.1070;game.cn_qd.1071;game.cn_qd.1072;game.cn_qd.1073;game.cn_qd.1074;game.cn_qd.1075;game.cn_qd.1076;game.cn_qd.1077;game.cn_qd.1078;game.cn_qd.1079;game.cn_qd.1080;game.cn_qd.1081;game.cn_qd.1082;game.cn_qd.1083;game.cn_qd.1084;game.cn_qd.1085;game.cn_qd.1086;game.cn_qd.1087;game.cn_qd.1088;game.cn_qd.1089;game.cn_qd.1090;game.cn_qd.1091;game.cn_qd.1092;game.cn_qd.1093;game.cn_qd.1094;game.cn_qd.1095;game.cn_qd.1096;game.cn_qd.1097;game.cn_qd.1098;game.cn_qd.1099;game.cn_qd.1100;game.cn_qd.1101;game.cn_qd.1102;game.cn_qd.1103;game.cn_qd.1104;game.cn_qd.1105;game.cn_qd.1106;game.cn_qd.1107;game.cn_qd.1108;game.cn_qd.1109;game.cn_qd.1110;game.cn_qd.1111;game.cn_qd.1112;game.cn_qd.1113;game.cn_qd.1114;game.cn_qd.1115;game.cn_qd.1116;game.cn_qd.1117;game.cn_qd.1118;game.cn_qd.1119;game.cn_qd.1120;game.cn_qd.1121;game.cn_qd.1122;game.cn_qd.1123;game.cn_qd.1124;game.cn_qd.1125;game.cn_qd.1126;game.cn_qd.1127;game.cn_qd.1128;game.cn_qd.1129;game.cn_qd.1130;game.cn_qd.1131;game.cn_qd.1132;game.cn_qd.1133;game.cn_qd.1134;game.cn_qd.1135;game.cn_qd.1136;game.cn_qd.1137;game.cn_qd.1138;game.cn_qd.1139;game.cn_qd.1140;game.cn_qd.1141>,4,30106
12705,<game.cn_qd.1142;game.cn_qd.1143;game.cn_qd.1144;game.cn_qd.1145;game.cn_qd.1146;game.cn_qd.1147;game.cn_qd.1148;game.cn_qd.1149;game.cn_qd.1150;game.cn_qd.1151;game.cn_qd.1152;game.cn_qd.1153;game.cn_qd.1154;game.cn_qd.1155;game.cn_qd.1156;game.cn_qd.1157;game.cn_qd.1158;game.cn_qd.1159;game.cn_qd.1160;game.cn_qd.1161;game.cn_qd.1162;game.cn_qd.1163;game.cn_qd.1164;game.cn_qd.1165;game.cn_qd.1166;game.cn_qd.1167;game.cn_qd.1168;game.cn_qd.1169;game.cn_qd.1170;game.cn_qd.1171;game.cn_qd.1172;game.cn_qd.1173;game.cn_qd.1174;game.cn_qd.1175;game.cn_qd.1176;game.cn_qd.1177;game.cn_qd.1178;game.cn_qd.1179;game.cn_qd.1180;game.cn_qd.1181;game.cn_qd.1182;game.cn_qd.1183;game.cn_qd.1184;game.cn_qd.1185;game.cn_qd.1186;game.cn_qd.1187;game.cn_qd.1188;game.cn_qd.1189;game.cn_qd.1190;game.cn_qd.1191;game.cn_qd.1192;game.cn_qd.1193;game.cn_qd.1194;game.cn_qd.1195;game.cn_qd.1196;game.cn_qd.1197;game.cn_qd.1198;game.cn_qd.1199;game.cn_qd.1200;game.cn_qd.1201;game.cn_qd.1202;game.cn_qd.1203;game.cn_qd.1204;game.cn_qd.1205;game.cn_qd.1206;game.cn_qd.1207;game.cn_qd.1208;game.cn_qd.1209;game.cn_qd.1210;game.cn_qd.1211;game.cn_qd.1212;game.cn_qd.1213;game.cn_qd.1214;game.cn_qd.1215;game.cn_qd.1216;game.cn_qd.1217;game.cn_qd.1218;game.cn_qd.1219;game.cn_qd.1220;game.cn_qd.1221;game.cn_qd.1222;game.cn_qd.1223;game.cn_qd.1224;game.cn_qd.1225;game.cn_qd.1226;game.cn_qd.1227;game.cn_qd.1228;game.cn_qd.1229;game.cn_qd.1230;game.cn_qd.1231;game.cn_qd.1232;game.cn_qd.1233;game.cn_qd.1234;game.cn_qd.1235;game.cn_qd.1236;game.cn_qd.1237;game.cn_qd.1238;game.cn_qd.1239;game.cn_qd.1240;game.cn_qd.1241;game.cn_qd.1242;game.cn_qd.1243;game.cn_qd.1244;game.cn_qd.1245;game.cn_qd.1246;game.cn_qd.1247;game.cn_qd.1248;game.cn_qd.1249;game.cn_qd.1250;game.cn_qd.1251;game.cn_qd.1252;game.cn_qd.1253;game.cn_qd.1254;game.cn_qd.1255;game.cn_qd.1256>,5,30106
12706,<game.cn_qd.1257;game.cn_qd.1258;game.cn_qd.1259;game.cn_qd.1260;game.cn_qd.1261;game.cn_qd.1262;game.cn_qd.1263;game.cn_qd.1264;game.cn_qd.1265;game.cn_qd.1266;game.cn_qd.1267;game.cn_qd.1268;game.cn_qd.1269;game.cn_qd.1270;game.cn_qd.1271;game.cn_qd.1272;game.cn_qd.1273;game.cn_qd.1274;game.cn_qd.1275;game.cn_qd.1276;game.cn_qd.1277;game.cn_qd.1278;game.cn_qd.1279;game.cn_qd.1280;game.cn_qd.1281;game.cn_qd.1282;game.cn_qd.1283;game.cn_qd.1284;game.cn_qd.1285;game.cn_qd.1286;game.cn_qd.1287;game.cn_qd.1288;game.cn_qd.1289;game.cn_qd.1290;game.cn_qd.1291;game.cn_qd.1292;game.cn_qd.1293;game.cn_qd.1294;game.cn_qd.1295;game.cn_qd.1296;game.cn_qd.1297;game.cn_qd.1298;game.cn_qd.1299;game.cn_qd.1300;game.cn_qd.1301;game.cn_qd.1302;game.cn_qd.1303;game.cn_qd.1304;game.cn_qd.1305;game.cn_qd.1306;game.cn_qd.1307;game.cn_qd.1308;game.cn_qd.1309;game.cn_qd.1310;game.cn_qd.1311;game.cn_qd.1312;game.cn_qd.1313;game.cn_qd.1314;game.cn_qd.1315;game.cn_qd.1316;game.cn_qd.1317;game.cn_qd.1318;game.cn_qd.1319;game.cn_qd.1320;game.cn_qd.1321;game.cn_qd.1322;game.cn_qd.1323;game.cn_qd.1324;game.cn_qd.1325;game.cn_qd.1326;game.cn_qd.1327;game.cn_qd.1328;game.cn_qd.1329;game.cn_qd.1330;game.cn_qd.1331;game.cn_qd.1332;game.cn_qd.1333;game.cn_qd.1334;game.cn_qd.1335;game.cn_qd.1336;game.cn_qd.1337;game.cn_qd.1338;game.cn_qd.1339;game.cn_qd.1340;game.cn_qd.1341;game.cn_qd.1342;game.cn_qd.1343;game.cn_qd.1344;game.cn_qd.1345;game.cn_qd.1346;game.cn_qd.1347;game.cn_qd.1348;game.cn_qd.1349;game.cn_qd.1350;game.cn_qd.1351;game.cn_qd.1352;game.cn_qd.1353;game.cn_qd.1354;game.cn_qd.1355;game.cn_qd.1356;game.cn_qd.1357;game.cn_qd.1358;game.cn_qd.1359;game.cn_qd.1360;game.cn_qd.1361;game.cn_qd.1362;game.cn_qd.1363;game.cn_qd.1364;game.cn_qd.1365;game.cn_qd.1366;game.cn_qd.1367;game.cn_qd.1368;game.cn_qd.1369;game.cn_qd.1370;game.cn_qd.1371>,6,30106
12707,<game.cn_qd.1372;game.cn_qd.1373;game.cn_qd.1374;game.cn_qd.1375;game.cn_qd.1376;game.cn_qd.1377;game.cn_qd.1378;game.cn_qd.1379;game.cn_qd.1380;game.cn_qd.1381;game.cn_qd.1382;game.cn_qd.1383;game.cn_qd.1384;game.cn_qd.1385;game.cn_qd.1386;game.cn_qd.1387;game.cn_qd.1388;game.cn_qd.1389;game.cn_qd.1390;game.cn_qd.1391;game.cn_qd.1392;game.cn_qd.1393;game.cn_qd.1394;game.cn_qd.1395;game.cn_qd.1396;game.cn_qd.1397;game.cn_qd.1398;game.cn_qd.1399;game.cn_qd.1400;game.cn_qd.1401;game.cn_qd.1402;game.cn_qd.1403;game.cn_qd.1404;game.cn_qd.1405;game.cn_qd.1406;game.cn_qd.1407;game.cn_qd.1408;game.cn_qd.1409;game.cn_qd.1410;game.cn_qd.1411;game.cn_qd.1412;game.cn_qd.1413;game.cn_qd.1414;game.cn_qd.1415;game.cn_qd.1416;game.cn_qd.1417;game.cn_qd.1418;game.cn_qd.1419;game.cn_qd.1420;game.cn_qd.1421;game.cn_qd.1422;game.cn_qd.1423;game.cn_qd.1424;game.cn_qd.1425;game.cn_qd.1426;game.cn_qd.1427;game.cn_qd.1428;game.cn_qd.1429;game.cn_qd.1430;game.cn_qd.1431;game.cn_qd.1432;game.cn_qd.1433;game.cn_qd.1434;game.cn_qd.1435;game.cn_qd.1436;game.cn_qd.1437;game.cn_qd.1438;game.cn_qd.1439;game.cn_qd.1440;game.cn_qd.1441;game.cn_qd.1442;game.cn_qd.1443;game.cn_qd.1444;game.cn_qd.1445;game.cn_qd.1446;game.cn_qd.1447;game.cn_qd.1448;game.cn_qd.1449;game.cn_qd.1450;game.cn_qd.1451;game.cn_qd.1452;game.cn_qd.1453;game.cn_qd.1454;game.cn_qd.1455;game.cn_qd.1456;game.cn_qd.1457;game.cn_qd.1458;game.cn_qd.1459;game.cn_qd.1460;game.cn_qd.1461;game.cn_qd.1462;game.cn_qd.1463;game.cn_qd.1464;game.cn_qd.1465;game.cn_qd.1466;game.cn_qd.1467;game.cn_qd.1468;game.cn_qd.1469;game.cn_qd.1470;game.cn_qd.1471;game.cn_qd.1472;game.cn_qd.1473;game.cn_qd.1474;game.cn_qd.1475;game.cn_qd.1476;game.cn_qd.1477;game.cn_qd.1478;game.cn_qd.1479;game.cn_qd.1480;game.cn_qd.1481;game.cn_qd.1482;game.cn_qd.1483;game.cn_qd.1484;game.cn_qd.1485;game.cn_qd.1486>,7,30106
12708,<game.cn_qd.1487;game.cn_qd.1488;game.cn_qd.1489;game.cn_qd.1490;game.cn_qd.1491;game.cn_qd.1492;game.cn_qd.1493;game.cn_qd.1494;game.cn_qd.1495;game.cn_qd.1496;game.cn_qd.1497;game.cn_qd.1498;game.cn_qd.1499;game.cn_qd.1500;game.cn_qd.1501;game.cn_qd.1502;game.cn_qd.1503;game.cn_qd.1504;game.cn_qd.1505;game.cn_qd.1506;game.cn_qd.1507;game.cn_qd.1508;game.cn_qd.1509;game.cn_qd.1510;game.cn_qd.1511;game.cn_qd.1512;game.cn_qd.1513;game.cn_qd.1514;game.cn_qd.1515;game.cn_qd.1516;game.cn_qd.1517;game.cn_qd.1518;game.cn_qd.1519;game.cn_qd.1520;game.cn_qd.1521;game.cn_qd.1522;game.cn_qd.1523;game.cn_qd.1524;game.cn_qd.1525;game.cn_qd.1526;game.cn_qd.1527;game.cn_qd.1528;game.cn_qd.1529;game.cn_qd.1530;game.cn_qd.1531;game.cn_qd.1532;game.cn_qd.1533;game.cn_qd.1534;game.cn_qd.1535;game.cn_qd.1536;game.cn_qd.1537;game.cn_qd.1538;game.cn_qd.1539;game.cn_qd.1540;game.cn_qd.1541;game.cn_qd.1542;game.cn_qd.1543;game.cn_qd.1544;game.cn_qd.1545;game.cn_qd.1546;game.cn_qd.1547;game.cn_qd.1548;game.cn_qd.1549;game.cn_qd.1550;game.cn_qd.1551;game.cn_qd.1552;game.cn_qd.1553;game.cn_qd.1554;game.cn_qd.1555;game.cn_qd.1556;game.cn_qd.1557;game.cn_qd.1558;game.cn_qd.1559;game.cn_qd.1560;game.cn_qd.1561;game.cn_qd.1562;game.cn_qd.1563;game.cn_qd.1564;game.cn_qd.1565;game.cn_qd.1566;game.cn_qd.1567;game.cn_qd.1568;game.cn_qd.1569;game.cn_qd.1570;game.cn_qd.1571;game.cn_qd.1572;game.cn_qd.1573;game.cn_qd.1574;game.cn_qd.1575;game.cn_qd.1576;game.cn_qd.1577;game.cn_qd.1578;game.cn_qd.1579;game.cn_qd.1580;game.cn_qd.1581;game.cn_qd.1582;game.cn_qd.1583;game.cn_qd.1584;game.cn_qd.1585;game.cn_qd.1586;game.cn_qd.1587;game.cn_qd.1588;game.cn_qd.1589;game.cn_qd.1590;game.cn_qd.1591;game.cn_qd.1592;game.cn_qd.1593;game.cn_qd.1594;game.cn_qd.1595;game.cn_qd.1596;game.cn_qd.1597;game.cn_qd.1598;game.cn_qd.1599;game.cn_qd.1600;game.cn_qd.1601>,8,30106
12709,<game.cn_qd.1602;game.cn_qd.1603;game.cn_qd.1604;game.cn_qd.1605;game.cn_qd.1606;game.cn_qd.1607;game.cn_qd.1608;game.cn_qd.1609;game.cn_qd.1610;game.cn_qd.1611;game.cn_qd.1612;game.cn_qd.1613;game.cn_qd.1614;game.cn_qd.1615;game.cn_qd.1616;game.cn_qd.1617;game.cn_qd.1618;game.cn_qd.1619;game.cn_qd.1620;game.cn_qd.1621;game.cn_qd.1622;game.cn_qd.1623;game.cn_qd.1624;game.cn_qd.1625;game.cn_qd.1626;game.cn_qd.1627;game.cn_qd.1628;game.cn_qd.1629;game.cn_qd.1630;game.cn_qd.1631;game.cn_qd.1632;game.cn_qd.1633;game.cn_qd.1634;game.cn_qd.1635;game.cn_qd.1636;game.cn_qd.1637;game.cn_qd.1638;game.cn_qd.1639;game.cn_qd.1640;game.cn_qd.1641;game.cn_qd.1642;game.cn_qd.1643;game.cn_qd.1644;game.cn_qd.1645;game.cn_qd.1646;game.cn_qd.1647;game.cn_qd.1648;game.cn_qd.1649;game.cn_qd.1650;game.cn_qd.1651;game.cn_qd.1652;game.cn_qd.1653;game.cn_qd.1654;game.cn_qd.1655;game.cn_qd.1656;game.cn_qd.1657;game.cn_qd.1658;game.cn_qd.1659;game.cn_qd.1660;game.cn_qd.1661;game.cn_qd.1662;game.cn_qd.1663;game.cn_qd.1664;game.cn_qd.1665;game.cn_qd.1666;game.cn_qd.1667;game.cn_qd.1668;game.cn_qd.1669;game.cn_qd.1670;game.cn_qd.1671;game.cn_qd.1672;game.cn_qd.1673;game.cn_qd.1674;game.cn_qd.1675;game.cn_qd.1676;game.cn_qd.1677;game.cn_qd.1678;game.cn_qd.1679;game.cn_qd.1680;game.cn_qd.1681;game.cn_qd.1682;game.cn_qd.1683;game.cn_qd.1684;game.cn_qd.1685;game.cn_qd.1686;game.cn_qd.1687;game.cn_qd.1688;game.cn_qd.1689;game.cn_qd.1690;game.cn_qd.1691;game.cn_qd.1692;game.cn_qd.1693;game.cn_qd.1694;game.cn_qd.1695;game.cn_qd.1696;game.cn_qd.1697;game.cn_qd.1698;game.cn_qd.1699;game.cn_qd.1700;game.cn_qd.1701;game.cn_qd.1702;game.cn_qd.1703;game.cn_qd.1704;game.cn_qd.1705;game.cn_qd.1706;game.cn_qd.1707;game.cn_qd.1708;game.cn_qd.1709;game.cn_qd.1710;game.cn_qd.1711;game.cn_qd.1712;game.cn_qd.1713;game.cn_qd.1714;game.cn_qd.1715;game.cn_qd.1716>,9,30106
12710,<game.cn_qd.1717;game.cn_qd.1718;game.cn_qd.1719;game.cn_qd.1720;game.cn_qd.1721;game.cn_qd.1722;game.cn_qd.1723;game.cn_qd.1724;game.cn_qd.1725;game.cn_qd.1726;game.cn_qd.1727;game.cn_qd.1728;game.cn_qd.1729;game.cn_qd.1730;game.cn_qd.1731;game.cn_qd.1732;game.cn_qd.1733;game.cn_qd.1734;game.cn_qd.1735;game.cn_qd.1736;game.cn_qd.1737;game.cn_qd.1738;game.cn_qd.1739;game.cn_qd.1740;game.cn_qd.1741;game.cn_qd.1742;game.cn_qd.1743;game.cn_qd.1744;game.cn_qd.1745;game.cn_qd.1746;game.cn_qd.1747;game.cn_qd.1748;game.cn_qd.1749;game.cn_qd.1750;game.cn_qd.1751;game.cn_qd.1752;game.cn_qd.1753;game.cn_qd.1754;game.cn_qd.1755;game.cn_qd.1756;game.cn_qd.1757;game.cn_qd.1758;game.cn_qd.1759;game.cn_qd.1760;game.cn_qd.1761;game.cn_qd.1762;game.cn_qd.1763;game.cn_qd.1764;game.cn_qd.1765;game.cn_qd.1766;game.cn_qd.1767;game.cn_qd.1768;game.cn_qd.1769;game.cn_qd.1770;game.cn_qd.1771;game.cn_qd.1772;game.cn_qd.1773;game.cn_qd.1774;game.cn_qd.1775;game.cn_qd.1776;game.cn_qd.1777;game.cn_qd.1778;game.cn_qd.1779;game.cn_qd.1780;game.cn_qd.1781;game.cn_qd.1782;game.cn_qd.1783;game.cn_qd.1784;game.cn_qd.1785;game.cn_qd.1786;game.cn_qd.1787;game.cn_qd.1788;game.cn_qd.1789;game.cn_qd.1790;game.cn_qd.1791;game.cn_qd.1792;game.cn_qd.1793;game.cn_qd.1794;game.cn_qd.1795;game.cn_qd.1796;game.cn_qd.1797;game.cn_qd.1798;game.cn_qd.1799;game.cn_qd.1800;game.cn_qd.1801;game.cn_qd.1802;game.cn_qd.1803;game.cn_qd.1804;game.cn_qd.1805;game.cn_qd.1806;game.cn_qd.1807;game.cn_qd.1808;game.cn_qd.1809;game.cn_qd.1810;game.cn_qd.1811;game.cn_qd.1812;game.cn_qd.1813;game.cn_qd.1814;game.cn_qd.1815;game.cn_qd.1816;game.cn_qd.1817;game.cn_qd.1818;game.cn_qd.1819;game.cn_qd.1820;game.cn_qd.1821;game.cn_qd.1822;game.cn_qd.1823;game.cn_qd.1824;game.cn_qd.1825;game.cn_qd.1826;game.cn_qd.1827;game.cn_qd.1828;game.cn_qd.1829;game.cn_qd.1830;game.cn_qd.1831>,10,30106
12711,<game.cn_qd.1832;game.cn_qd.1833;game.cn_qd.1834;game.cn_qd.1835;game.cn_qd.1836;game.cn_qd.1837;game.cn_qd.1838;game.cn_qd.1839;game.cn_qd.1840;game.cn_qd.1841;game.cn_qd.1842;game.cn_qd.1843;game.cn_qd.1844;game.cn_qd.1845;game.cn_qd.1846;game.cn_qd.1847;game.cn_qd.1848;game.cn_qd.1849;game.cn_qd.1850;game.cn_qd.1851;game.cn_qd.1852;game.cn_qd.1853;game.cn_qd.1854;game.cn_qd.1855;game.cn_qd.1856;game.cn_qd.1857;game.cn_qd.1858;game.cn_qd.1859;game.cn_qd.1860;game.cn_qd.1861;game.cn_qd.1862;game.cn_qd.1863;game.cn_qd.1864;game.cn_qd.1865;game.cn_qd.1866;game.cn_qd.1867;game.cn_qd.1868;game.cn_qd.1869;game.cn_qd.1870;game.cn_qd.1871;game.cn_qd.1872;game.cn_qd.1873;game.cn_qd.1874;game.cn_qd.1875;game.cn_qd.1876;game.cn_qd.1877;game.cn_qd.1878;game.cn_qd.1879;game.cn_qd.1880;game.cn_qd.1881;game.cn_qd.1882;game.cn_qd.1883;game.cn_qd.1884;game.cn_qd.1885;game.cn_qd.1886;game.cn_qd.1887;game.cn_qd.1888;game.cn_qd.1889;game.cn_qd.1890;game.cn_qd.1891;game.cn_qd.1892;game.cn_qd.1893;game.cn_qd.1894;game.cn_qd.1895;game.cn_qd.1896;game.cn_qd.1897;game.cn_qd.1898;game.cn_qd.1899;game.cn_qd.1900;game.cn_qd.1901;game.cn_qd.1902;game.cn_qd.1903;game.cn_qd.1904;game.cn_qd.1905;game.cn_qd.1906;game.cn_qd.1907;game.cn_qd.1908;game.cn_qd.1909;game.cn_qd.1910;game.cn_qd.1911;game.cn_qd.1912;game.cn_qd.1913;game.cn_qd.1914;game.cn_qd.1915;game.cn_qd.1916;game.cn_qd.1917;game.cn_qd.1918;game.cn_qd.1919;game.cn_qd.1920;game.cn_qd.1921;game.cn_qd.1922;game.cn_qd.1923;game.cn_qd.1924;game.cn_qd.1925;game.cn_qd.1926;game.cn_qd.1927;game.cn_qd.1928;game.cn_qd.1929;game.cn_qd.1930;game.cn_qd.1931;game.cn_qd.1932;game.cn_qd.1933;game.cn_qd.1934;game.cn_qd.1935;game.cn_qd.1936;game.cn_qd.1937;game.cn_qd.1938;game.cn_qd.1939;game.cn_qd.1940;game.cn_qd.1941;game.cn_qd.1942;game.cn_qd.1943;game.cn_qd.1944;game.cn_qd.1945;game.cn_qd.1946>,11,30106
12712,<game.cn_qd.1947;game.cn_qd.1948;game.cn_qd.1949;game.cn_qd.1950;game.cn_qd.1951;game.cn_qd.1952;game.cn_qd.1953;game.cn_qd.1954;game.cn_qd.1955;game.cn_qd.1956;game.cn_qd.1957;game.cn_qd.1958;game.cn_qd.1959;game.cn_qd.1960;game.cn_qd.1961;game.cn_qd.1962;game.cn_qd.1963;game.cn_qd.1964;game.cn_qd.1965;game.cn_qd.1966;game.cn_qd.1967;game.cn_qd.1968;game.cn_qd.1969;game.cn_qd.1970;game.cn_qd.1971;game.cn_qd.1972;game.cn_qd.1973;game.cn_qd.1974;game.cn_qd.1975;game.cn_qd.1976;game.cn_qd.1977;game.cn_qd.1978;game.cn_qd.1979;game.cn_qd.1980;game.cn_qd.1981;game.cn_qd.1982;game.cn_qd.1983;game.cn_qd.1984;game.cn_qd.1985;game.cn_qd.1986;game.cn_qd.1987;game.cn_qd.1988;game.cn_qd.1989;game.cn_qd.1990;game.cn_qd.1991;game.cn_qd.1992;game.cn_qd.1993;game.cn_qd.1994;game.cn_qd.1995;game.cn_qd.1996;game.cn_qd.1997;game.cn_qd.1998;game.cn_qd.1999;game.cn_qd.2000;game.cn_qd.2001;game.cn_qd.2002;game.cn_qd.2003;game.cn_qd.2004;game.cn_qd.2005;game.cn_qd.2006;game.cn_qd.2007;game.cn_qd.2008;game.cn_qd.2009;game.cn_qd.2010;game.cn_qd.2011;game.cn_qd.2012;game.cn_qd.2013;game.cn_qd.2014;game.cn_qd.2015;game.cn_qd.2016;game.cn_qd.2017;game.cn_qd.2018;game.cn_qd.2019;game.cn_qd.2020;game.cn_qd.2021;game.cn_qd.2022;game.cn_qd.2023;game.cn_qd.2024;game.cn_qd.2025;game.cn_qd.2026;game.cn_qd.2027;game.cn_qd.2028;game.cn_qd.2029;game.cn_qd.2030;game.cn_qd.2031;game.cn_qd.2032;game.cn_qd.2033;game.cn_qd.2034;game.cn_qd.2035;game.cn_qd.2036;game.cn_qd.2037;game.cn_qd.2038;game.cn_qd.2039;game.cn_qd.2040;game.cn_qd.2041;game.cn_qd.2042;game.cn_qd.2043;game.cn_qd.2044;game.cn_qd.2045;game.cn_qd.2046;game.cn_qd.2047;game.cn_qd.2048;game.cn_qd.2049;game.cn_qd.2050;game.cn_qd.2051;game.cn_qd.2052;game.cn_qd.2053;game.cn_qd.2054;game.cn_qd.2055;game.cn_qd.2056;game.cn_qd.2057;game.cn_qd.2058;game.cn_qd.2059;game.cn_qd.2060;game.cn_qd.2061>,12,30106
12713,<game.cn_qd.2062;game.cn_qd.2063;game.cn_qd.2064;game.cn_qd.2065;game.cn_qd.2066;game.cn_qd.2067;game.cn_qd.2068;game.cn_qd.2069;game.cn_qd.2070;game.cn_qd.2071;game.cn_qd.2072;game.cn_qd.2073;game.cn_qd.2074;game.cn_qd.2075;game.cn_qd.2076;game.cn_qd.2077;game.cn_qd.2078;game.cn_qd.2079;game.cn_qd.2080;game.cn_qd.2081;game.cn_qd.2082;game.cn_qd.2083;game.cn_qd.2084;game.cn_qd.2085;game.cn_qd.2086;game.cn_qd.2087;game.cn_qd.2088;game.cn_qd.2089;game.cn_qd.2090;game.cn_qd.2091;game.cn_qd.2092;game.cn_qd.2093;game.cn_qd.2094;game.cn_qd.2095;game.cn_qd.2096;game.cn_qd.2097;game.cn_qd.2098;game.cn_qd.2099;game.cn_qd.2100;game.cn_qd.2101;game.cn_qd.2102;game.cn_qd.2103;game.cn_qd.2104;game.cn_qd.2105;game.cn_qd.2106;game.cn_qd.2107;game.cn_qd.2108;game.cn_qd.2109;game.cn_qd.2110;game.cn_qd.2111;game.cn_qd.2112;game.cn_qd.2113;game.cn_qd.2114;game.cn_qd.2115;game.cn_qd.2116;game.cn_qd.2117;game.cn_qd.2118;game.cn_qd.2119;game.cn_qd.2120;game.cn_qd.2121;game.cn_qd.2122;game.cn_qd.2123;game.cn_qd.2124;game.cn_qd.2125;game.cn_qd.2126;game.cn_qd.2127;game.cn_qd.2128;game.cn_qd.2129;game.cn_qd.2130;game.cn_qd.2131;game.cn_qd.2132;game.cn_qd.2133;game.cn_qd.2134;game.cn_qd.2135;game.cn_qd.2136;game.cn_qd.2137;game.cn_qd.2138;game.cn_qd.2139;game.cn_qd.2140;game.cn_qd.2141;game.cn_qd.2142;game.cn_qd.2143;game.cn_qd.2144;game.cn_qd.2145;game.cn_qd.2146;game.cn_qd.2147;game.cn_qd.2148;game.cn_qd.2149;game.cn_qd.2150;game.cn_qd.2151;game.cn_qd.2152;game.cn_qd.2153;game.cn_qd.2154;game.cn_qd.2155;game.cn_qd.2156;game.cn_qd.2157;game.cn_qd.2158;game.cn_qd.2159;game.cn_qd.2160;game.cn_qd.2161;game.cn_qd.2162;game.cn_qd.2163;game.cn_qd.2164;game.cn_qd.2165;game.cn_qd.2166;game.cn_qd.2167;game.cn_qd.2168;game.cn_qd.2169;game.cn_qd.2170;game.cn_qd.2171;game.cn_qd.2172;game.cn_qd.2173;game.cn_qd.2174;game.cn_qd.2175;game.cn_qd.2176>,13,30106
12714,<game.cn_qd.2177;game.cn_qd.2178;game.cn_qd.2179;game.cn_qd.2180;game.cn_qd.2181;game.cn_qd.2182;game.cn_qd.2183;game.cn_qd.2184;game.cn_qd.2185;game.cn_qd.2186;game.cn_qd.2187;game.cn_qd.2188;game.cn_qd.2189;game.cn_qd.2190;game.cn_qd.2191;game.cn_qd.2192;game.cn_qd.2193;game.cn_qd.2194;game.cn_qd.2195;game.cn_qd.2196;game.cn_qd.2197;game.cn_qd.2198;game.cn_qd.2199;game.cn_qd.2200;game.cn_qd.2201;game.cn_qd.2202;game.cn_qd.2203;game.cn_qd.2204;game.cn_qd.2205;game.cn_qd.2206;game.cn_qd.2207;game.cn_qd.2208;game.cn_qd.2209;game.cn_qd.2210;game.cn_qd.2211;game.cn_qd.2212;game.cn_qd.2213;game.cn_qd.2214;game.cn_qd.2215;game.cn_qd.2216;game.cn_qd.2217;game.cn_qd.2218;game.cn_qd.2219;game.cn_qd.2220;game.cn_qd.2221;game.cn_qd.2222;game.cn_qd.2223;game.cn_qd.2224;game.cn_qd.2225;game.cn_qd.2226;game.cn_qd.2227;game.cn_qd.2228;game.cn_qd.2229;game.cn_qd.2230;game.cn_qd.2231;game.cn_qd.2232;game.cn_qd.2233;game.cn_qd.2234;game.cn_qd.2235;game.cn_qd.2236;game.cn_qd.2237;game.cn_qd.2238;game.cn_qd.2239;game.cn_qd.2240;game.cn_qd.2241;game.cn_qd.2242;game.cn_qd.2243;game.cn_qd.2244;game.cn_qd.2245;game.cn_qd.2246;game.cn_qd.2247;game.cn_qd.2248;game.cn_qd.2249;game.cn_qd.2250;game.cn_qd.2251;game.cn_qd.2252;game.cn_qd.2253;game.cn_qd.2254;game.cn_qd.2255;game.cn_qd.2256;game.cn_qd.2257;game.cn_qd.2258;game.cn_qd.2259;game.cn_qd.2260;game.cn_qd.2261;game.cn_qd.2262;game.cn_qd.2263;game.cn_qd.2264;game.cn_qd.2265;game.cn_qd.2266;game.cn_qd.2267;game.cn_qd.2268;game.cn_qd.2269;game.cn_qd.2270;game.cn_qd.2271;game.cn_qd.2272;game.cn_qd.2273;game.cn_qd.2274;game.cn_qd.2275;game.cn_qd.2276;game.cn_qd.2277;game.cn_qd.2278;game.cn_qd.2279;game.cn_qd.2280;game.cn_qd.2281;game.cn_qd.2282;game.cn_qd.2283;game.cn_qd.2284;game.cn_qd.2285;game.cn_qd.2286;game.cn_qd.2287;game.cn_qd.2288;game.cn_qd.2289;game.cn_qd.2290;game.cn_qd.2291>,14,30106
12715,<game.cn_qd.2292;game.cn_qd.2293;game.cn_qd.2294;game.cn_qd.2295;game.cn_qd.2296;game.cn_qd.2297;game.cn_qd.2298;game.cn_qd.2299;game.cn_qd.2300;game.cn_qd.2301;game.cn_qd.2302;game.cn_qd.2303;game.cn_qd.2304;game.cn_qd.2305;game.cn_qd.2306;game.cn_qd.2307;game.cn_qd.2308;game.cn_qd.2309;game.cn_qd.2310;game.cn_qd.2311;game.cn_qd.2312;game.cn_qd.2313;game.cn_qd.2314;game.cn_qd.2315;game.cn_qd.2316;game.cn_qd.2317;game.cn_qd.2318;game.cn_qd.2319;game.cn_qd.2320;game.cn_qd.2321;game.cn_qd.2322;game.cn_qd.2323;game.cn_qd.2324;game.cn_qd.2325;game.cn_qd.2326;game.cn_qd.2327;game.cn_qd.2328;game.cn_qd.2329;game.cn_qd.2330;game.cn_qd.2331;game.cn_qd.2332;game.cn_qd.2333;game.cn_qd.2334;game.cn_qd.2335;game.cn_qd.2336;game.cn_qd.2337;game.cn_qd.2338;game.cn_qd.2339;game.cn_qd.2340;game.cn_qd.2341;game.cn_qd.2342;game.cn_qd.2343;game.cn_qd.2344;game.cn_qd.2345;game.cn_qd.2346;game.cn_qd.2347;game.cn_qd.2348;game.cn_qd.2349;game.cn_qd.2350;game.cn_qd.2351;game.cn_qd.2352;game.cn_qd.2353;game.cn_qd.2354;game.cn_qd.2355;game.cn_qd.2356;game.cn_qd.2357;game.cn_qd.2358;game.cn_qd.2359;game.cn_qd.2360;game.cn_qd.2361;game.cn_qd.2362;game.cn_qd.2363;game.cn_qd.2364;game.cn_qd.2365;game.cn_qd.2366;game.cn_qd.2367;game.cn_qd.2368;game.cn_qd.2369;game.cn_qd.2370;game.cn_qd.2371;game.cn_qd.2372;game.cn_qd.2373;game.cn_qd.2374;game.cn_qd.2375;game.cn_qd.2376;game.cn_qd.2377;game.cn_qd.2378;game.cn_qd.2379;game.cn_qd.2380;game.cn_qd.2381;game.cn_qd.2382;game.cn_qd.2383;game.cn_qd.2384;game.cn_qd.2385;game.cn_qd.2386;game.cn_qd.2387;game.cn_qd.2388;game.cn_qd.2389;game.cn_qd.2390;game.cn_qd.2391;game.cn_qd.2392;game.cn_qd.2393;game.cn_qd.2394;game.cn_qd.2395;game.cn_qd.2396;game.cn_qd.2397;game.cn_qd.2398;game.cn_qd.2399;game.cn_qd.2400;game.cn_qd.2401;game.cn_qd.2402;game.cn_qd.2403;game.cn_qd.2404;game.cn_qd.2405;game.cn_qd.2406>,15,30106
12716,<game.cn_qd.2407;game.cn_qd.2408;game.cn_qd.2409;game.cn_qd.2410;game.cn_qd.2411;game.cn_qd.2412;game.cn_qd.2413;game.cn_qd.2414;game.cn_qd.2415;game.cn_qd.2416;game.cn_qd.2417;game.cn_qd.2418;game.cn_qd.2419;game.cn_qd.2420;game.cn_qd.2421;game.cn_qd.2422;game.cn_qd.2423;game.cn_qd.2424;game.cn_qd.2425;game.cn_qd.2426;game.cn_qd.2427;game.cn_qd.2428;game.cn_qd.2429;game.cn_qd.2430;game.cn_qd.2431;game.cn_qd.2432;game.cn_qd.2433;game.cn_qd.2434;game.cn_qd.2435;game.cn_qd.2436;game.cn_qd.2437;game.cn_qd.2438;game.cn_qd.2439;game.cn_qd.2440;game.cn_qd.2441;game.cn_qd.2442;game.cn_qd.2443;game.cn_qd.2444;game.cn_qd.2445;game.cn_qd.2446;game.cn_qd.2447;game.cn_qd.2448;game.cn_qd.2449;game.cn_qd.2450;game.cn_qd.2451;game.cn_qd.2452;game.cn_qd.2453;game.cn_qd.2454;game.cn_qd.2455;game.cn_qd.2456;game.cn_qd.2457;game.cn_qd.2458;game.cn_qd.2459;game.cn_qd.2460;game.cn_qd.2461;game.cn_qd.2462;game.cn_qd.2463;game.cn_qd.2464;game.cn_qd.2465;game.cn_qd.2466;game.cn_qd.2467;game.cn_qd.2468;game.cn_qd.2469;game.cn_qd.2470;game.cn_qd.2471;game.cn_qd.2472;game.cn_qd.2473;game.cn_qd.2474;game.cn_qd.2475;game.cn_qd.2476;game.cn_qd.2477;game.cn_qd.2478;game.cn_qd.2479;game.cn_qd.2480;game.cn_qd.2481;game.cn_qd.2482;game.cn_qd.2483;game.cn_qd.2484;game.cn_qd.2485;game.cn_qd.2486;game.cn_qd.2487;game.cn_qd.2488;game.cn_qd.2489;game.cn_qd.2490;game.cn_qd.2491;game.cn_qd.2492;game.cn_qd.2493;game.cn_qd.2494;game.cn_qd.2495;game.cn_qd.2496;game.cn_qd.2497;game.cn_qd.2498;game.cn_qd.2499;game.cn_qd.2500;game.cn_qd.2501;game.cn_qd.2502;game.cn_qd.2503;game.cn_qd.2504;game.cn_qd.2505;game.cn_qd.2506;game.cn_qd.2507;game.cn_qd.2508;game.cn_qd.2509;game.cn_qd.2510;game.cn_qd.2511;game.cn_qd.2512;game.cn_qd.2513;game.cn_qd.2514;game.cn_qd.2515;game.cn_qd.2516;game.cn_qd.2517;game.cn_qd.2518;game.cn_qd.2519;game.cn_qd.2520;game.cn_qd.2521>,16,30106
12717,<game.cn_qd.2522;game.cn_qd.2523;game.cn_qd.2524;game.cn_qd.2525;game.cn_qd.2526;game.cn_qd.2527;game.cn_qd.2528;game.cn_qd.2529;game.cn_qd.2530;game.cn_qd.2531;game.cn_qd.2532;game.cn_qd.2533;game.cn_qd.2534;game.cn_qd.2535;game.cn_qd.2536;game.cn_qd.2537;game.cn_qd.2538;game.cn_qd.2539;game.cn_qd.2540;game.cn_qd.2541;game.cn_qd.2542;game.cn_qd.2543;game.cn_qd.2544;game.cn_qd.2545;game.cn_qd.2546;game.cn_qd.2547;game.cn_qd.2548;game.cn_qd.2549;game.cn_qd.2550;game.cn_qd.2551;game.cn_qd.2552;game.cn_qd.2553;game.cn_qd.2554;game.cn_qd.2555;game.cn_qd.2556;game.cn_qd.2557;game.cn_qd.2558;game.cn_qd.2559;game.cn_qd.2560;game.cn_qd.2561;game.cn_qd.2562;game.cn_qd.2563;game.cn_qd.2564;game.cn_qd.2565;game.cn_qd.2566;game.cn_qd.2567;game.cn_qd.2568;game.cn_qd.2569;game.cn_qd.2570;game.cn_qd.2571;game.cn_qd.2572;game.cn_qd.2573;game.cn_qd.2574;game.cn_qd.2575;game.cn_qd.2576;game.cn_qd.2577;game.cn_qd.2578;game.cn_qd.2579;game.cn_qd.2580;game.cn_qd.2581;game.cn_qd.2582;game.cn_qd.2583;game.cn_qd.2584;game.cn_qd.2585;game.cn_qd.2586;game.cn_qd.2587;game.cn_qd.2588;game.cn_qd.2589;game.cn_qd.2590;game.cn_qd.2591;game.cn_qd.2592;game.cn_qd.2593;game.cn_qd.2594;game.cn_qd.2595;game.cn_qd.2596;game.cn_qd.2597;game.cn_qd.2598;game.cn_qd.2599;game.cn_qd.2600;game.cn_qd.2601;game.cn_qd.2602;game.cn_qd.2603;game.cn_qd.2604;game.cn_qd.2605;game.cn_qd.2606;game.cn_qd.2607;game.cn_qd.2608;game.cn_qd.2609;game.cn_qd.2610;game.cn_qd.2611;game.cn_qd.2612;game.cn_qd.2613;game.cn_qd.2614;game.cn_qd.2615;game.cn_qd.2616;game.cn_qd.2617;game.cn_qd.2618;game.cn_qd.2619;game.cn_qd.2620;game.cn_qd.2621;game.cn_qd.2622;game.cn_qd.2623;game.cn_qd.2624;game.cn_qd.2625;game.cn_qd.2626;game.cn_qd.2627;game.cn_qd.2628;game.cn_qd.2629;game.cn_qd.2630;game.cn_qd.2631;game.cn_qd.2632;game.cn_qd.2633;game.cn_qd.2634;game.cn_qd.2635;game.cn_qd.2636>,17,30106
12718,<game.cn_qd.2637;game.cn_qd.2638;game.cn_qd.2639;game.cn_qd.2640;game.cn_qd.2641;game.cn_qd.2642;game.cn_qd.2643;game.cn_qd.2644;game.cn_qd.2645;game.cn_qd.2646;game.cn_qd.2647;game.cn_qd.2648;game.cn_qd.2649;game.cn_qd.2650;game.cn_qd.2651;game.cn_qd.2652;game.cn_qd.2653;game.cn_qd.2654;game.cn_qd.2655;game.cn_qd.2656;game.cn_qd.2657;game.cn_qd.2658;game.cn_qd.2659;game.cn_qd.2660;game.cn_qd.2661;game.cn_qd.2662;game.cn_qd.2663;game.cn_qd.2664;game.cn_qd.2665;game.cn_qd.2666;game.cn_qd.2667;game.cn_qd.2668;game.cn_qd.2669;game.cn_qd.2670;game.cn_qd.2671;game.cn_qd.2672;game.cn_qd.2673;game.cn_qd.2674;game.cn_qd.2675;game.cn_qd.2676;game.cn_qd.2677;game.cn_qd.2678;game.cn_huawei.1;game.cn_qd.2679;game.cn_huawei.2;game.cn_qd.2680;game.cn_huawei.3;game.cn_qd.2681;game.cn_qd.2682;game.cn_qd.2683;game.cn_qd.2684;game.cn_qd.2685;game.cn_qd.2686;game.cn_qd.2687;game.cn_qd.2688;game.cn_qd.2689;game.cn_qd.2690;game.cn_qd.2691;game.cn_qd.2692;game.cn_qd.2693;game.cn_qd.2694;game.cn_qd.2695;game.cn_qd.2696;game.cn_qd.2697;game.cn_qd.2698;game.cn_qd.2699;game.cn_qd.2700;game.cn_qd.2701;game.cn_qd.2702;game.cn_qd.2703;game.cn_qd.2704;game.cn_qd.2705;game.cn_qd.2706;game.cn_qd.2707;game.cn_qd.2708;game.cn_qd.2709;game.cn_qd.2710;game.cn_qd.2711;game.cn_qd.2712;game.cn_qd.2713;game.cn_qd.2714;game.cn_qd.2715;game.cn_qd.2716;game.cn_qd.2717;game.cn_qd.2718;game.cn_qd.2719;game.cn_qd.2720;game.cn_qd.2721;game.cn_qd.2722;game.cn_qd.2723;game.cn_qd.2724;game.cn_qd.2725;game.cn_qd.2726;game.cn_qd.2727;game.cn_qd.2728;game.cn_qd.2729;game.cn_qd.2730;game.cn_qd.2731;game.cn_qd.2732;game.cn_qd.2733;game.cn_huawei.4;game.cn_qd.2734;game.cn_qd.2735;game.cn_huawei.5;game.cn_qd.2736;game.cn_qd.2737;game.cn_qd.2738;game.cn_qd.2739;game.cn_qd.2740;game.cn_qd.2741;game.cn_qd.2742;game.cn_qd.2743;game.cn_qd.2744;game.cn_qd.2745;game.cn_qd.2746>,18,30106
12719,<game.cn_qd.2747;game.cn_qd.2748;game.cn_qd.2749;game.cn_qd.2750;game.cn_qd.2751;game.cn_qd.2752;game.cn_qd.2753;game.cn_qd.2754;game.cn_qd.2755;game.cn_qd.2756;game.cn_qd.2757;game.cn_qd.2758;game.cn_qd.2759;game.cn_qd.2760;game.cn_huawei.6;game.cn_qd.2761;game.cn_qd.2762;game.cn_huawei.7;game.cn_qd.2763;game.cn_qd.2764;game.cn_qd.2765;game.cn_qd.2766;game.cn_qd.2767;game.cn_qd.2768;game.cn_qd.2769;game.cn_qd.2770;game.cn_qd.2771;game.cn_qd.2772;game.cn_qd.2773;game.cn_qd.2774;game.cn_qd.2775;game.cn_qd.2776;game.cn_qd.2777;game.cn_qd.2778;game.cn_qd.2779;game.cn_qd.2780;game.cn_qd.2781;game.cn_qd.2782;game.cn_qd.2783;game.cn_qd.2784;game.cn_qd.2785;game.cn_qd.2786;game.cn_qd.2787;game.cn_qd.2788;game.cn_qd.2789;game.cn_qd.2790;game.cn_qd.2791;game.cn_qd.2792;game.cn_qd.2793;game.cn_qd.2794;game.cn_qd.2795;game.cn_huawei.8;game.cn_qd.2796;game.cn_qd.2797;game.cn_qd.2798;game.cn_qd.2799;game.cn_qd.2800;game.cn_qd.2801;game.cn_qd.2802;game.cn_qd.2803;game.cn_qd.2804;game.cn_qd.2805;game.cn_qd.2806;game.cn_qd.2807;game.cn_qd.2808;game.cn_qd.2809;game.cn_qd.2810;game.cn_qd.2811;game.cn_qd.2812;game.cn_qd.2813;game.cn_qd.2814;game.cn_qd.2815;game.cn_qd.2816;game.cn_qd.2817;game.cn_qd.2818;game.cn_qd.2819;game.cn_qd.2820;game.cn_qd.2821>,19,30106
12801,<gamemerge.kr.17;gamemerge.kr.23;gamemerge.kr.19;gamemerge.kr.36;gamemerge.kr.45;gamemerge.kr.46;gamemerge.kr.37;gamemerge.kr.34;gamemerge.kr.35;gamemerge.kr.38;gamemerge.kr.39;gamemerge.kr.40;gamemerge.kr.41;gamemerge.kr.42;gamemerge.kr.43;gamemerge.kr.44;game.kr.100;game.kr.101;game.kr.102;game.kr.103;game.kr.104;game.kr.105;game.kr.106;game.kr.107;game.kr.108;game.kr.109;game.kr.110;game.kr.111;game.kr.112;game.kr.113;game.kr.114;game.kr.115;game.kr.116;game.kr.117;game.kr.118;game.kr.119;game.kr.120;game.kr.121;game.kr.122;game.kr.123;game.kr.124;game.kr.125;game.kr.126;game.kr.127;game.kr.128;game.kr.129;game.kr.130;game.kr.131;game.kr.132>,1,30302
12901,<gamemerge.tw.102;gamemerge.tw.103;gamemerge.tw.104;gamemerge.tw.105;gamemerge.tw.106;gamemerge.tw.107;gamemerge.tw.108;gamemerge.tw.109;gamemerge.tw.23;gamemerge.tw.24;gamemerge.tw.25;gamemerge.tw.26;gamemerge.tw.27;gamemerge.tw.28;gamemerge.tw.29;gamemerge.tw.30;gamemerge.tw.31;gamemerge.tw.32;gamemerge.tw.33;gamemerge.tw.34;gamemerge.tw.35;gamemerge.tw.36;gamemerge.tw.37;gamemerge.tw.38;gamemerge.tw.39;gamemerge.tw.40;gamemerge.tw.41;gamemerge.tw.42;gamemerge.tw.43;gamemerge.tw.44;gamemerge.tw.45;gamemerge.tw.46;gamemerge.tw.47;gamemerge.tw.48;gamemerge.tw.49;gamemerge.tw.50;gamemerge.tw.51;gamemerge.tw.52;gamemerge.tw.53;gamemerge.tw.54;gamemerge.tw.55;gamemerge.tw.56;gamemerge.tw.57;gamemerge.tw.58;gamemerge.tw.59>,1,30402
12902,<gamemerge.tw.60;gamemerge.tw.61;gamemerge.tw.62;gamemerge.tw.63;gamemerge.tw.64;gamemerge.tw.65;gamemerge.tw.66;gamemerge.tw.67;gamemerge.tw.68;gamemerge.tw.69;gamemerge.tw.70;gamemerge.tw.71;gamemerge.tw.72;gamemerge.tw.73;gamemerge.tw.74;gamemerge.tw.75;gamemerge.tw.76;gamemerge.tw.77;gamemerge.tw.78;gamemerge.tw.79;gamemerge.tw.80;gamemerge.tw.81;gamemerge.tw.82;gamemerge.tw.83;gamemerge.tw.84;gamemerge.tw.85;gamemerge.tw.86;gamemerge.tw.87;gamemerge.tw.88;gamemerge.tw.89;gamemerge.tw.90;gamemerge.tw.91;gamemerge.tw.92;gamemerge.tw.93;gamemerge.tw.94;gamemerge.tw.95;gamemerge.tw.96;gamemerge.tw.97;gamemerge.tw.98;gamemerge.tw.99;gamemerge.tw.100;gamemerge.tw.101;game.tw.382;game.tw.383;game.tw.384;game.tw.385;game.tw.386;game.tw.387;game.tw.388;game.tw.389;game.tw.390;game.tw.391;game.tw.392;game.tw.393;game.tw.394;game.tw.395;game.tw.396;game.tw.397;game.tw.398;game.tw.399>,2,30402
12903,<game.tw.400;game.tw.401;game.tw.402;game.tw.403;game.tw.404;game.tw.405;game.tw.406;game.tw.407;game.tw.408;game.tw.409;game.tw.410;game.tw.411;game.tw.412;game.tw.413;game.tw.414;game.tw.415;game.tw.416;game.tw.417;game.tw.418;game.tw.419;game.tw.420;game.tw.421;game.tw.422;game.tw.423;game.tw.424;game.tw.425;game.tw.426;game.tw.427;game.tw.428;game.tw.429;game.tw.430;game.tw.431;game.tw.432;game.tw.433;game.tw.434;game.tw.435;game.tw.436;game.tw.437;game.tw.438;game.tw.439;game.tw.440;game.tw.441;game.tw.442;game.tw.443;game.tw.444;game.tw.445;game.tw.446;game.tw.447>,3,30402
13000,<gamemerge.xy.1;gamemerge.xy.2;gamemerge.xy.3;gamemerge.xy.4;gamemerge.xy.5;gamemerge.xy.6;gamemerge.xy.7;gamemerge.xy.8;gamemerge.xy.9;gamemerge.xy.10;gamemerge.xy.11;gamemerge.xy.12;gamemerge.xy.13;gamemerge.xy.14;gamemerge.xy.15;gamemerge.xy.16;gamemerge.xy.17;gamemerge.xy.18;gamemerge.xy.19;gamemerge.xy.20;game.xy.51;game.xy.52;game.xy.53;game.xy.54;game.xy.55;game.xy.56;game.xy.57;game.xy.58;game.xy.59;game.xy.60;game.xy.61;game.xy.62;game.xy.63;game.xy.64;game.xy.65;game.xy.66>,1,30201
13001,<game.xy.67;game.xy.68;game.xy.69;game.xy.70;game.xy.71;game.xy.72;game.xy.73;game.xy.74;game.xy.75;game.xy.76;game.xy.77;game.xy.78;game.xy.79;game.xy.80;game.xy.81;game.xy.82;game.xy.83;game.xy.84;game.xy.85;game.xy.86;game.xy.87;game.xy.88;game.xy.89;game.xy.90;game.xy.91;game.xy.92;game.xy.93;game.xy.94;game.xy.95;game.xy.96;game.xy.97;game.xy.98;game.xy.99;game.xy.100;game.xy.101;game.xy.102;game.xy.103;game.xy.104;game.xy.105;game.xy.106;game.xy.107;game.xy.108;game.xy.109;game.xy.110;game.xy.111;game.xy.112;game.xy.113;game.xy.114;game.xy.115;game.xy.116;game.xy.117;game.xy.118;game.xy.119>,2,30201
13010,<gamemerge.xy.1;gamemerge.xy.2;gamemerge.xy.3;gamemerge.xy.4;gamemerge.xy.5;gamemerge.xy.6;gamemerge.xy.7;gamemerge.xy.8;gamemerge.xy.9;gamemerge.xy.10;gamemerge.xy.11;gamemerge.xy.12;gamemerge.xy.13;gamemerge.xy.14;gamemerge.xy.15;gamemerge.xy.16;gamemerge.xy.17;gamemerge.xy.18;gamemerge.xy.19;gamemerge.xy.20;game.xy.51;game.xy.52;game.xy.53;game.xy.54;game.xy.55;game.xy.56;game.xy.57;game.xy.58;game.xy.59;game.xy.60;game.xy.61;game.xy.62;game.xy.63;game.xy.64;game.xy.65;game.xy.66;game.xy.67;game.xy.68;game.xy.69;game.xy.70;game.xy.71;game.xy.72;game.xy.73;game.xy.74;game.xy.75;game.xy.76;game.xy.77;game.xy.78;game.xy.79;game.xy.80>,1,30202
13011,<game.xy.81;game.xy.82;game.xy.83;game.xy.84;game.xy.85;game.xy.86;game.xy.87;game.xy.88;game.xy.89;game.xy.90;game.xy.91;game.xy.92;game.xy.93;game.xy.94;game.xy.95;game.xy.96;game.xy.97;game.xy.98;game.xy.99;game.xy.100;game.xy.101;game.xy.102;game.xy.103;game.xy.104;game.xy.105;game.xy.106;game.xy.107;game.xy.108;game.xy.109;game.xy.110;game.xy.111;game.xy.112;game.xy.113;game.xy.114;game.xy.115;game.xy.116;game.xy.117;game.xy.118;game.xy.119;game.xy.120;game.xy.121;game.xy.122;game.xy.123;game.xy.124;game.xy.125;game.xy.126;game.xy.127;game.xy.128;game.xy.129;game.xy.130;game.xy.131;game.xy.132;game.xy.133;game.xy.134;game.xy.135;game.xy.136;game.xy.137>,2,30202
13012,<gamemerge.xy.1;gamemerge.xy.2;gamemerge.xy.3;gamemerge.xy.4;gamemerge.xy.5;gamemerge.xy.6;gamemerge.xy.7;gamemerge.xy.8;gamemerge.xy.9;gamemerge.xy.10;gamemerge.xy.11;gamemerge.xy.12;gamemerge.xy.13;gamemerge.xy.14;gamemerge.xy.15;gamemerge.xy.16;gamemerge.xy.17;gamemerge.xy.18;gamemerge.xy.19;gamemerge.xy.20;game.xy.51;game.xy.52;game.xy.53;game.xy.54;game.xy.55;game.xy.56;game.xy.57;game.xy.58;game.xy.59;game.xy.60;game.xy.61;game.xy.62;game.xy.63;game.xy.64;game.xy.65;game.xy.66;game.xy.67;game.xy.68;game.xy.69;game.xy.70;game.xy.71;game.xy.72;game.xy.73;game.xy.74;game.xy.75;game.xy.76;game.xy.77;game.xy.78;game.xy.79;game.xy.80;game.xy.81;game.xy.82;game.xy.83;game.xy.84;game.xy.85>,1,16020
13013,<game.xy.86;game.xy.87;game.xy.88;game.xy.89;game.xy.90;game.xy.91;game.xy.92;game.xy.93;game.xy.94;game.xy.95;game.xy.96;game.xy.97;game.xy.98;game.xy.99;game.xy.100;game.xy.101;game.xy.102;game.xy.103;game.xy.104;game.xy.105;game.xy.106;game.xy.107;game.xy.108;game.xy.109;game.xy.110;game.xy.111;game.xy.112;game.xy.113;game.xy.114;game.xy.115;game.xy.116;game.xy.117;game.xy.118;game.xy.119;game.xy.120;game.xy.121;game.xy.122;game.xy.123;game.xy.124;game.xy.125;game.xy.126;game.xy.127;game.xy.128;game.xy.129;game.xy.130;game.xy.131;game.xy.132;game.xy.133;game.xy.134;game.xy.135;game.xy.136;game.xy.137;game.xy.138;game.xy.139;game.xy.140;game.xy.141;game.xy.142;game.xy.143;game.xy.144;game.xy.145;game.xy.146;game.xy.147;game.xy.148;game.xy.149;game.xy.150;game.xy.151;game.xy.152;game.xy.153;game.xy.154;game.xy.155;game.xy.156;game.xy.157>,2,16020
13014,<gamemerge.xy.1;gamemerge.xy.2;gamemerge.xy.3;gamemerge.xy.4;gamemerge.xy.5;gamemerge.xy.6;gamemerge.xy.7;gamemerge.xy.8;gamemerge.xy.9;gamemerge.xy.10;gamemerge.xy.11;gamemerge.xy.12;gamemerge.xy.13;gamemerge.xy.14;gamemerge.xy.15;gamemerge.xy.16;gamemerge.xy.17;gamemerge.xy.18;gamemerge.xy.19;gamemerge.xy.20;game.xy.51;game.xy.52;game.xy.53;game.xy.54;game.xy.55;game.xy.56;game.xy.57;game.xy.58;game.xy.59;game.xy.60;game.xy.61;game.xy.62;game.xy.63;game.xy.64;game.xy.65;game.xy.66;game.xy.67;game.xy.68;game.xy.69;game.xy.70;game.xy.71;game.xy.72;game.xy.73;game.xy.74;game.xy.75;game.xy.76;game.xy.77;game.xy.78;game.xy.79;game.xy.80;game.xy.81;game.xy.82;game.xy.83;game.xy.84;game.xy.85;game.xy.86;game.xy.87;game.xy.88;game.xy.89;game.xy.90>,1,16030
13015,<game.xy.91;game.xy.92;game.xy.93;game.xy.94;game.xy.95;game.xy.96;game.xy.97;game.xy.98;game.xy.99;game.xy.100;game.xy.101;game.xy.102;game.xy.103;game.xy.104;game.xy.105;game.xy.106;game.xy.107;game.xy.108;game.xy.109;game.xy.110;game.xy.111;game.xy.112;game.xy.113;game.xy.114;game.xy.115;game.xy.116;game.xy.117;game.xy.118;game.xy.119;game.xy.120;game.xy.121;game.xy.122;game.xy.123;game.xy.124;game.xy.125;game.xy.126;game.xy.127;game.xy.128;game.xy.129;game.xy.130;game.xy.131;game.xy.132;game.xy.133;game.xy.134;game.xy.135;game.xy.136;game.xy.137;game.xy.138;game.xy.139;game.xy.140;game.xy.141;game.xy.142;game.xy.143;game.xy.144;game.xy.145;game.xy.146;game.xy.147;game.xy.148;game.xy.149;game.xy.150;game.xy.151;game.xy.152;game.xy.153;game.xy.154;game.xy.155;game.xy.156;game.xy.157;game.xy.158;game.xy.159;game.xy.160;game.xy.161;game.xy.162;game.xy.163;game.xy.164;game.xy.165;game.xy.166;game.xy.167;game.xy.168;game.xy.169;game.xy.170;game.xy.171;game.xy.172;game.xy.173;game.xy.174;game.xy.175;game.xy.176>,2,16030
13016,<gamemerge.xy.1;gamemerge.xy.2;gamemerge.xy.3;gamemerge.xy.4;gamemerge.xy.5;gamemerge.xy.6;gamemerge.xy.7;gamemerge.xy.8;gamemerge.xy.9;gamemerge.xy.10;gamemerge.xy.11;gamemerge.xy.12;gamemerge.xy.13;gamemerge.xy.14;gamemerge.xy.15;gamemerge.xy.16;gamemerge.xy.17;gamemerge.xy.18;gamemerge.xy.19;gamemerge.xy.20;game.xy.51;game.xy.52;game.xy.53;game.xy.54;game.xy.55;game.xy.56;game.xy.57;game.xy.58;game.xy.59;game.xy.60;game.xy.61;game.xy.62;game.xy.63;game.xy.64;game.xy.65;game.xy.66;game.xy.67;game.xy.68;game.xy.69;game.xy.70;game.xy.71;game.xy.72;game.xy.73;game.xy.74;game.xy.75;game.xy.76;game.xy.77;game.xy.78;game.xy.79;game.xy.80;game.xy.81;game.xy.82;game.xy.83;game.xy.84;game.xy.85;game.xy.86;game.xy.87;game.xy.88;game.xy.89;game.xy.90;game.xy.91;game.xy.92;game.xy.93;game.xy.94;game.xy.95;game.xy.96;game.xy.97;game.xy.98;game.xy.99;game.xy.100>,1,16040
13017,<game.xy.101;game.xy.102;game.xy.103;game.xy.104;game.xy.105;game.xy.106;game.xy.107;game.xy.108;game.xy.109;game.xy.110;game.xy.111;game.xy.112;game.xy.113;game.xy.114;game.xy.115;game.xy.116;game.xy.117;game.xy.118;game.xy.119;game.xy.120;game.xy.121;game.xy.122;game.xy.123;game.xy.124;game.xy.125;game.xy.126;game.xy.127;game.xy.128;game.xy.129;game.xy.130;game.xy.131;game.xy.132;game.xy.133;game.xy.134;game.xy.135;game.xy.136;game.xy.137;game.xy.138;game.xy.139;game.xy.140;game.xy.141;game.xy.142;game.xy.143;game.xy.144;game.xy.145;game.xy.146;game.xy.147;game.xy.148;game.xy.149;game.xy.150;game.xy.151;game.xy.152;game.xy.153;game.xy.154;game.xy.155;game.xy.156;game.xy.157;game.xy.158;game.xy.159;game.xy.160;game.xy.161;game.xy.162;game.xy.163;game.xy.164;game.xy.165;game.xy.166;game.xy.167;game.xy.168;game.xy.169;game.xy.170;game.xy.171;game.xy.172;game.xy.173;game.xy.174;game.xy.175;game.xy.176;game.xy.177;game.xy.178;game.xy.179;game.xy.180;game.xy.181;game.xy.182;game.xy.183;game.xy.184;game.xy.185;game.xy.186;game.xy.187;game.xy.188;game.xy.189;game.xy.190;game.xy.191;game.xy.192;game.xy.193;game.xy.194>,2,16040
13301,<game.en.1;gamemerge.en.1;gamemerge.en.2;gamemerge.en.3;gamemerge.en.4;gamemerge.en.5;gamemerge.en.6;gamemerge.en.7;gamemerge.en.8;gamemerge.en.9;gamemerge.en.10;gamemerge.en.11;gamemerge.en.12;gamemerge.en.13;gamemerge.en.14;gamemerge.en.15;gamemerge.en.16;gamemerge.en.17;gamemerge.en.18;gamemerge.en.19;gamemerge.en.20;gamemerge.en.21;gamemerge.en.22;gamemerge.en.23;gamemerge.en.24;gamemerge.en.25;gamemerge.en.26;gamemerge.en.27;gamemerge.en.28;gamemerge.en.29;gamemerge.en.30;gamemerge.en.31;gamemerge.en.32;gamemerge.en.33;gamemerge.en.34;gamemerge.en.35;gamemerge.en.36;gamemerge.en.37;gamemerge.en.38;gamemerge.en.39;gamemerge.en.40;gamemerge.en.45;gamemerge.en.41;gamemerge.en.42;gamemerge.en.43;gamemerge.en.44;gamemerge.en.46;gamemerge.en.47;game.en.225;game.en.226;game.en.227;game.en.228;game.en.229;game.en.230;gamemerge.en.48;gamemerge.en.49;gamemerge.en.50;gamemerge.en.51;gamemerge.en.52;gamemerge.en.53;gamemerge.en.54;game.en.252;game.en.253;game.en.254;game.en.255;gamemerge.en.55;game.en.261;game.en.262;game.en.263;game.en.264>,1,30502
13302,<game.en.265;game.en.266;game.en.267;game.en.268;game.en.269;game.en.270;game.en.271;game.en.272;game.en.273;game.en.274;game.en.275;game.en.276;game.en.277;game.en.278;game.en.279;game.en.280;game.en.281;game.en.282;game.en.283;game.en.284;game.en.285;game.en.286;game.en.287;game.en.288;game.en.289;game.en.290;game.en.291;game.en.292;game.en.293;game.en.294;game.en.295;game.en.296;game.en.297;game.en.298;game.en.299;game.en.300;game.en.301;game.en.302;game.en.303;game.en.304;game.en.305;game.en.306;game.en.307;game.en.308;game.en.309;game.en.310;game.en.311;game.en.312;game.en.313;game.en.314;game.en.315;game.en.316;game.en.317;game.en.318;game.en.319;game.en.320;game.en.321;game.en.322;game.en.323;game.en.324;game.en.325;game.en.326;game.en.327;game.en.328;game.en.329;game.en.330;game.en.331;game.en.332;game.en.333;game.en.334;game.en.335;game.en.336;game.en.337;game.en.338;game.en.339;game.en.340;game.en.341;game.en.342;game.en.343;game.en.344;game.en.345;game.en.346;game.en.347;game.en.348;game.en.349;game.en.350;game.en.351;game.en.352;game.en.353;game.en.354;game.en.355;game.en.356;game.en.357>,2,30502
17020,<gamemerge.kr.17;gamemerge.kr.23;gamemerge.kr.19;gamemerge.kr.36;gamemerge.kr.45;gamemerge.kr.46;gamemerge.kr.37;gamemerge.kr.34;gamemerge.kr.35;gamemerge.kr.38;gamemerge.kr.39;gamemerge.kr.40;gamemerge.kr.41;gamemerge.kr.42;gamemerge.kr.43;gamemerge.kr.44;game.kr.100;game.kr.101;game.kr.102;game.kr.103;game.kr.104;game.kr.105;game.kr.106;game.kr.107;game.kr.108;game.kr.109;game.kr.110;game.kr.111;game.kr.112;game.kr.113;game.kr.114;game.kr.115;game.kr.116;game.kr.117;game.kr.118;game.kr.119;game.kr.120;game.kr.121;game.kr.122;game.kr.123;game.kr.124;game.kr.125;game.kr.126;game.kr.127;game.kr.128;game.kr.129;game.kr.130;game.kr.131;game.kr.132;game.kr.133;game.kr.134;game.kr.135;game.kr.136;game.kr.137;game.kr.138;game.kr.139;game.kr.140;game.kr.141;game.kr.142;game.kr.143;game.kr.144;game.kr.145;game.kr.146;game.kr.147;game.kr.148;game.kr.149;game.kr.150>,1,30303
17030,<gamemerge.kr.47;gamemerge.kr.48;gamemerge.kr.49;gamemerge.kr.50;gamemerge.kr.51;gamemerge.kr.52;gamemerge.kr.53;gamemerge.kr.54;gamemerge.kr.55;gamemerge.kr.56;game.kr.161;game.kr.162;game.kr.163;game.kr.164;game.kr.165;game.kr.166>,1,30304
18020,<gamemerge.tw.102;gamemerge.tw.103;gamemerge.tw.104;gamemerge.tw.105;gamemerge.tw.106;gamemerge.tw.107;gamemerge.tw.108;gamemerge.tw.109;gamemerge.tw.121;gamemerge.tw.122;gamemerge.tw.123;gamemerge.tw.124;gamemerge.tw.125;gamemerge.tw.126;gamemerge.tw.45;gamemerge.tw.46;gamemerge.tw.47;gamemerge.tw.48;gamemerge.tw.49;gamemerge.tw.50;gamemerge.tw.51;gamemerge.tw.52;gamemerge.tw.53;gamemerge.tw.54;gamemerge.tw.55;gamemerge.tw.56;gamemerge.tw.57;gamemerge.tw.58;gamemerge.tw.59;gamemerge.tw.60;gamemerge.tw.61;gamemerge.tw.62;gamemerge.tw.63;gamemerge.tw.64;gamemerge.tw.65;gamemerge.tw.66;gamemerge.tw.67;gamemerge.tw.68;gamemerge.tw.69;gamemerge.tw.70;gamemerge.tw.71;gamemerge.tw.72;gamemerge.tw.73;gamemerge.tw.74;gamemerge.tw.75>,1,30403
18021,<gamemerge.tw.76;gamemerge.tw.77;gamemerge.tw.78;gamemerge.tw.79;gamemerge.tw.80;gamemerge.tw.81;gamemerge.tw.82;gamemerge.tw.83;gamemerge.tw.84;gamemerge.tw.85;gamemerge.tw.86;gamemerge.tw.87;gamemerge.tw.88;gamemerge.tw.89;gamemerge.tw.90;gamemerge.tw.91;gamemerge.tw.92;gamemerge.tw.93;gamemerge.tw.94;gamemerge.tw.95;gamemerge.tw.96;gamemerge.tw.97;gamemerge.tw.98;gamemerge.tw.99;gamemerge.tw.100;gamemerge.tw.101;gamemerge.tw.110;gamemerge.tw.111;gamemerge.tw.112;gamemerge.tw.113;gamemerge.tw.114;gamemerge.tw.115;gamemerge.tw.116;gamemerge.tw.117;gamemerge.tw.118;gamemerge.tw.119;gamemerge.tw.120;game.tw.437;game.tw.438;game.tw.439;game.tw.440;game.tw.441;game.tw.442;game.tw.443;game.tw.444;game.tw.445;game.tw.446;game.tw.447;game.tw.448;game.tw.449;game.tw.450;game.tw.451;game.tw.452;game.tw.453;game.tw.454;game.tw.455;game.tw.456;game.tw.457;game.tw.458;game.tw.459>,2,30403
18022,<game.tw.460;game.tw.461;game.tw.462;game.tw.463;game.tw.464;game.tw.465;game.tw.466;game.tw.467;game.tw.468;game.tw.469;game.tw.470;game.tw.471;game.tw.472;game.tw.473;game.tw.474;game.tw.475;game.tw.476;game.tw.477;game.tw.478;game.tw.479;game.tw.480;game.tw.481;game.tw.482;game.tw.483;game.tw.484;game.tw.485;game.tw.486;game.tw.487;game.tw.488;game.tw.489;game.tw.490;game.tw.491;game.tw.492;game.tw.493;game.tw.494;game.tw.495;game.tw.496;game.tw.497;game.tw.498;game.tw.499;game.tw.500;game.tw.501;game.tw.502;game.tw.503;game.tw.504;game.tw.505;game.tw.506;game.tw.507;game.tw.508;game.tw.509;game.tw.510>,3,30403
18030,<gamemerge.tw.102;gamemerge.tw.103;gamemerge.tw.104;gamemerge.tw.105;gamemerge.tw.106;gamemerge.tw.107;gamemerge.tw.108;gamemerge.tw.109;gamemerge.tw.121;gamemerge.tw.122;gamemerge.tw.123;gamemerge.tw.124;gamemerge.tw.125;gamemerge.tw.126;gamemerge.tw.136;gamemerge.tw.137;gamemerge.tw.138;gamemerge.tw.139;gamemerge.tw.61;gamemerge.tw.62;gamemerge.tw.63;gamemerge.tw.64;gamemerge.tw.65;gamemerge.tw.66;gamemerge.tw.67;gamemerge.tw.68;gamemerge.tw.69;gamemerge.tw.70;gamemerge.tw.71;gamemerge.tw.72;gamemerge.tw.73;gamemerge.tw.74;gamemerge.tw.75;gamemerge.tw.76;gamemerge.tw.77;gamemerge.tw.78;gamemerge.tw.79;gamemerge.tw.80;gamemerge.tw.81;gamemerge.tw.82;gamemerge.tw.83;gamemerge.tw.84;gamemerge.tw.85;gamemerge.tw.86;gamemerge.tw.87;gamemerge.tw.88;gamemerge.tw.89;gamemerge.tw.90;gamemerge.tw.91;gamemerge.tw.92;gamemerge.tw.93;gamemerge.tw.94;gamemerge.tw.95;gamemerge.tw.96;gamemerge.tw.97>,1,30404
18031,<gamemerge.tw.98;gamemerge.tw.99;gamemerge.tw.100;gamemerge.tw.101;gamemerge.tw.110;gamemerge.tw.111;gamemerge.tw.112;gamemerge.tw.113;gamemerge.tw.114;gamemerge.tw.115;gamemerge.tw.116;gamemerge.tw.117;gamemerge.tw.118;gamemerge.tw.119;gamemerge.tw.120;gamemerge.tw.127;gamemerge.tw.128;gamemerge.tw.129;gamemerge.tw.130;gamemerge.tw.131;gamemerge.tw.132;gamemerge.tw.133;gamemerge.tw.134;gamemerge.tw.135;game.tw.491;game.tw.492;game.tw.493;game.tw.494;game.tw.495;game.tw.496;game.tw.497;game.tw.498;game.tw.499;game.tw.500;game.tw.501;game.tw.502;game.tw.503;game.tw.504;game.tw.505;game.tw.506;game.tw.507;game.tw.508;game.tw.509;game.tw.510;game.tw.511;game.tw.512;game.tw.513;game.tw.514;game.tw.515;game.tw.516;game.tw.517;game.tw.518;game.tw.519;game.tw.520;game.tw.521;game.tw.522;game.tw.523;game.tw.524;game.tw.525;game.tw.526;game.tw.527;game.tw.528;game.tw.529;game.tw.530;game.tw.531;game.tw.532;game.tw.533;game.tw.534;game.tw.535;game.tw.536;game.tw.537;game.tw.538;game.tw.539;game.tw.540;game.tw.541>,2,30404
18032,<game.tw.542;game.tw.543;game.tw.544;game.tw.545;game.tw.546;game.tw.547;game.tw.548;game.tw.549;game.tw.550;game.tw.551;game.tw.552;game.tw.553;game.tw.554;game.tw.555;game.tw.556;game.tw.557;game.tw.558;game.tw.559;game.tw.560;game.tw.561;game.tw.562;game.tw.563;game.tw.564;game.tw.565;game.tw.566;game.tw.567;game.tw.568;game.tw.569;game.tw.570;game.tw.571;game.tw.572;game.tw.573;game.tw.574;game.tw.575;game.tw.576;game.tw.577;game.tw.578;game.tw.579;game.tw.580;game.tw.581;game.tw.582;game.tw.583;game.tw.584;game.tw.585>,3,30404
19020,<game.en.1;gamemerge.en.1;gamemerge.en.2;gamemerge.en.3;gamemerge.en.4;gamemerge.en.5;gamemerge.en.6;gamemerge.en.7;gamemerge.en.8;gamemerge.en.9;gamemerge.en.10;gamemerge.en.11;gamemerge.en.12;gamemerge.en.13;gamemerge.en.14;gamemerge.en.15;gamemerge.en.16;gamemerge.en.17;gamemerge.en.18;gamemerge.en.19;gamemerge.en.20;gamemerge.en.21;gamemerge.en.22;gamemerge.en.23;gamemerge.en.24;gamemerge.en.25;gamemerge.en.26;gamemerge.en.27;gamemerge.en.28;gamemerge.en.29;gamemerge.en.30;gamemerge.en.31;gamemerge.en.32;gamemerge.en.33;gamemerge.en.34;gamemerge.en.35;gamemerge.en.36;gamemerge.en.37;gamemerge.en.38;gamemerge.en.39;gamemerge.en.40;gamemerge.en.45;gamemerge.en.41;gamemerge.en.42;gamemerge.en.43;gamemerge.en.44;gamemerge.en.46;gamemerge.en.47;gamemerge.en.56;gamemerge.en.57;gamemerge.en.48;gamemerge.en.49;gamemerge.en.50;gamemerge.en.51;gamemerge.en.52;gamemerge.en.53;gamemerge.en.54;gamemerge.en.58;gamemerge.en.55;gamemerge.en.59;gamemerge.en.60;gamemerge.en.61;gamemerge.en.62;gamemerge.en.63;gamemerge.en.64;gamemerge.en.65;gamemerge.en.66;gamemerge.en.67;game.en.299;game.en.300;game.en.301;game.en.302;game.en.303;game.en.304;game.en.305>,1,30503
19021,<game.en.306;game.en.307;game.en.308;game.en.309;game.en.310;game.en.311;game.en.312;game.en.313;game.en.314;game.en.315;game.en.316;game.en.317;game.en.318;game.en.319;game.en.320;game.en.321;game.en.322;game.en.323;game.en.324;game.en.325;game.en.326;game.en.327;game.en.328;game.en.329;game.en.330;game.en.331;game.en.332;game.en.333;game.en.334;game.en.335;game.en.336;game.en.337;game.en.338;game.en.339;game.en.340;game.en.341;game.en.342;game.en.343;game.en.344;game.en.345;game.en.346;game.en.347;game.en.348;game.en.349;game.en.350;game.en.351;game.en.352;game.en.353;game.en.354;game.en.355;game.en.356;game.en.357;game.en.358;game.en.359;game.en.360;game.en.361;game.en.362;game.en.363;game.en.364;game.en.365;game.en.366;game.en.367;game.en.368;game.en.369;game.en.370;game.en.371;game.en.372;game.en.373;game.en.374;game.en.375;game.en.376;game.en.377;game.en.378;game.en.379;game.en.380;game.en.381;game.en.382;game.en.383;game.en.384;game.en.385;game.en.386;game.en.387;game.en.388;game.en.389;game.en.390;game.en.391;game.en.392;game.en.393>,2,30503
19030,<game.en.1;gamemerge.en.1;gamemerge.en.2;gamemerge.en.3;gamemerge.en.4;gamemerge.en.5;gamemerge.en.6;gamemerge.en.7;gamemerge.en.8;gamemerge.en.9;gamemerge.en.10;gamemerge.en.11;gamemerge.en.12;gamemerge.en.13;gamemerge.en.14;gamemerge.en.15;gamemerge.en.16;gamemerge.en.17;gamemerge.en.18;gamemerge.en.19;gamemerge.en.20;gamemerge.en.21;gamemerge.en.22;gamemerge.en.23;gamemerge.en.24;gamemerge.en.25;gamemerge.en.26;gamemerge.en.27;gamemerge.en.28;gamemerge.en.29;gamemerge.en.30;gamemerge.en.31;gamemerge.en.32;gamemerge.en.33;gamemerge.en.34;gamemerge.en.35;gamemerge.en.36;gamemerge.en.37;gamemerge.en.38;gamemerge.en.39;gamemerge.en.40;gamemerge.en.45;gamemerge.en.41;gamemerge.en.42;gamemerge.en.43;gamemerge.en.44;gamemerge.en.46;gamemerge.en.47;gamemerge.en.56;gamemerge.en.57;gamemerge.en.48;gamemerge.en.49;gamemerge.en.50;gamemerge.en.51;gamemerge.en.52;gamemerge.en.53;gamemerge.en.54;gamemerge.en.58;gamemerge.en.55;gamemerge.en.59;gamemerge.en.60;gamemerge.en.61;gamemerge.en.62;gamemerge.en.63;gamemerge.en.64;gamemerge.en.65;gamemerge.en.66;gamemerge.en.67;gamemerge.en.68;gamemerge.en.69;gamemerge.en.70;gamemerge.en.71;gamemerge.en.72;gamemerge.en.73;gamemerge.en.74>,1,30504
19031,<gamemerge.en.75;gamemerge.en.76;gamemerge.en.77;gamemerge.en.78;gamemerge.en.79;gamemerge.en.80;gamemerge.en.81;gamemerge.en.82;gamemerge.en.83;gamemerge.en.84;gamemerge.en.85;game.en.374;game.en.375;game.en.376;game.en.377;game.en.378;game.en.379;game.en.380;game.en.381;game.en.382;game.en.383;game.en.384;game.en.385;game.en.386;game.en.387;game.en.388;game.en.389;game.en.390;game.en.391;game.en.392;game.en.393;game.en.394;game.en.395;game.en.396;game.en.397;game.en.398;game.en.399;game.en.400;game.en.401;game.en.402;game.en.403;game.en.404;game.en.405;game.en.406;game.en.407;game.en.408;game.en.409;game.en.410;game.en.411;game.en.412;game.en.413;game.en.414;game.en.415;game.en.416;game.en.417;game.en.418;game.en.419;game.en.420;game.en.421;game.en.422;game.en.423;game.en.424;game.en.425;game.en.426;game.en.427;game.en.428;game.en.429;game.en.430;game.en.431;game.en.432;game.en.433;game.en.434;game.en.435;game.en.436;game.en.437;game.en.438;game.en.439;game.en.440;game.en.441;game.en.442;game.en.443;game.en.444;game.en.445;game.en.446;game.en.447;game.en.448;game.en.449;game.en.450;game.en.451;game.en.452;game.en.453>,2,30504
22080,<game.cn_qd.1;gamemerge.cn_qd.31;gamemerge.cn_qd.32;gamemerge.cn_qd.33;gamemerge.cn_qd.34;gamemerge.cn_qd.35;gamemerge.cn_qd.36;gamemerge.cn_qd.37;gamemerge.cn_qd.1;gamemerge.cn_qd.2;gamemerge.cn_qd.3;gamemerge.cn_qd.4;gamemerge.cn_qd.5;gamemerge.cn_qd.6;gamemerge.cn_qd.7;gamemerge.cn_qd.8;gamemerge.cn_qd.9;gamemerge.cn_qd.10;gamemerge.cn_qd.11;gamemerge.cn_qd.12;gamemerge.cn_qd.13;gamemerge.cn_qd.14;gamemerge.cn_qd.15;gamemerge.cn_qd.16;gamemerge.cn_qd.17;gamemerge.cn_qd.18;gamemerge.cn_qd.19;gamemerge.cn_qd.20;gamemerge.cn_qd.21;gamemerge.cn_qd.22;gamemerge.cn_qd.23;gamemerge.cn_qd.24;gamemerge.cn_qd.25;gamemerge.cn_qd.26;gamemerge.cn_qd.27;gamemerge.cn_qd.28;gamemerge.cn_qd.29;gamemerge.cn_qd.30;gamemerge.cn_qd.38;gamemerge.cn_qd.39;gamemerge.cn_qd.40;gamemerge.cn_qd.41;gamemerge.cn_qd.42;gamemerge.cn_qd.43;gamemerge.cn_qd.44;gamemerge.cn_qd.45;gamemerge.cn_qd.46;gamemerge.cn_qd.47;gamemerge.cn_qd.48;gamemerge.cn_qd.49;gamemerge.cn_qd.50;gamemerge.cn_qd.51;gamemerge.cn_qd.52;gamemerge.cn_qd.53;gamemerge.cn_qd.54;gamemerge.cn_qd.55;gamemerge.cn_qd.56;gamemerge.cn_qd.57;gamemerge.cn_qd.58;gamemerge.cn_qd.59;gamemerge.cn_qd.60;gamemerge.cn_qd.61;gamemerge.cn_qd.62;gamemerge.cn_qd.63;gamemerge.cn_qd.64;gamemerge.cn_qd.65;gamemerge.cn_qd.66;gamemerge.cn_qd.67;gamemerge.cn_qd.68;gamemerge.cn_qd.69;gamemerge.cn_qd.70;gamemerge.cn_qd.71;gamemerge.cn_qd.72;gamemerge.cn_qd.73;gamemerge.cn_qd.74;gamemerge.cn_qd.75;gamemerge.cn_qd.76;gamemerge.cn_qd.77;gamemerge.cn_qd.78;gamemerge.cn_qd.79;gamemerge.cn_qd.80;gamemerge.cn_qd.81;gamemerge.cn_qd.82;gamemerge.cn_qd.83;gamemerge.cn_qd.84;gamemerge.cn_qd.85;gamemerge.cn_qd.86;gamemerge.cn_qd.87;gamemerge.cn_qd.88;gamemerge.cn_qd.89;gamemerge.cn_qd.90;gamemerge.cn_qd.91;gamemerge.cn_qd.92;gamemerge.cn_qd.93;gamemerge.cn_qd.94;gamemerge.cn_qd.95;gamemerge.cn_qd.96;gamemerge.cn_qd.97;gamemerge.cn_qd.98;gamemerge.cn_qd.99;gamemerge.cn_qd.100;gamemerge.cn_qd.101;gamemerge.cn_qd.102>,1,30108
22081,<gamemerge.cn_qd.103;gamemerge.cn_qd.104;gamemerge.cn_qd.105;gamemerge.cn_qd.106;gamemerge.cn_qd.107;gamemerge.cn_qd.108;gamemerge.cn_qd.109;gamemerge.cn_qd.110;gamemerge.cn_qd.111;gamemerge.cn_qd.112;gamemerge.cn_qd.113;gamemerge.cn_qd.114;gamemerge.cn_qd.115;gamemerge.cn_qd.116;gamemerge.cn_qd.117;gamemerge.cn_qd.118;gamemerge.cn_qd.119;gamemerge.cn_qd.120;gamemerge.cn_qd.121;gamemerge.cn_qd.122;gamemerge.cn_qd.123;gamemerge.cn_qd.124;gamemerge.cn_qd.125;gamemerge.cn_qd.126;gamemerge.cn_qd.127;gamemerge.cn_qd.128;gamemerge.cn_qd.129;gamemerge.cn_qd.130;gamemerge.cn_qd.131;gamemerge.cn_qd.132;gamemerge.cn_qd.133;gamemerge.cn_qd.134;gamemerge.cn_qd.135;gamemerge.cn_qd.136;gamemerge.cn_qd.137;gamemerge.cn_qd.138;gamemerge.cn_qd.139;gamemerge.cn_qd.140;gamemerge.cn_qd.141;gamemerge.cn_qd.142;gamemerge.cn_qd.143;gamemerge.cn_qd.144;gamemerge.cn_qd.145;gamemerge.cn_qd.146;gamemerge.cn_qd.147;gamemerge.cn_qd.148;gamemerge.cn_qd.149;gamemerge.cn_qd.150;gamemerge.cn_qd.151;gamemerge.cn_qd.152;gamemerge.cn_qd.153;gamemerge.cn_qd.154;gamemerge.cn_qd.155;gamemerge.cn_qd.156;gamemerge.cn_qd.157;gamemerge.cn_qd.158;gamemerge.cn_qd.159;gamemerge.cn_qd.160;gamemerge.cn_qd.161;gamemerge.cn_qd.162;gamemerge.cn_qd.163;gamemerge.cn_qd.164;gamemerge.cn_qd.165;gamemerge.cn_qd.166;gamemerge.cn_qd.167;gamemerge.cn_qd.168;gamemerge.cn_qd.169;gamemerge.cn_qd.170;gamemerge.cn_qd.171;gamemerge.cn_qd.172;gamemerge.cn_qd.173;gamemerge.cn_qd.174;gamemerge.cn_qd.175;gamemerge.cn_qd.176;gamemerge.cn_qd.177;gamemerge.cn_qd.178;gamemerge.cn_qd.179;gamemerge.cn_qd.180;gamemerge.cn_qd.181;gamemerge.cn_qd.182;gamemerge.cn_qd.183;gamemerge.cn_qd.184;gamemerge.cn_qd.185;gamemerge.cn_qd.186;gamemerge.cn_qd.187;gamemerge.cn_qd.188;gamemerge.cn_qd.189;gamemerge.cn_qd.190;gamemerge.cn_qd.191;gamemerge.cn_qd.192;gamemerge.cn_qd.193;gamemerge.cn_qd.194;gamemerge.cn_qd.195;gamemerge.cn_qd.196;gamemerge.cn_qd.197;gamemerge.cn_qd.198;gamemerge.cn_qd.199;gamemerge.cn_qd.200;gamemerge.cn_qd.201;gamemerge.cn_qd.202;gamemerge.cn_qd.203;gamemerge.cn_qd.204;gamemerge.cn_qd.205>,2,30108
22082,<gamemerge.cn_qd.206;gamemerge.cn_qd.207;game.cn_qd.1030;game.cn_qd.1031;game.cn_qd.1032;game.cn_qd.1033;game.cn_qd.1034;game.cn_qd.1035;game.cn_qd.1036;game.cn_qd.1037;game.cn_qd.1038;game.cn_qd.1039;game.cn_qd.1040;game.cn_qd.1041;game.cn_qd.1042;game.cn_qd.1043;game.cn_qd.1044;game.cn_qd.1045;game.cn_qd.1046;game.cn_qd.1047;game.cn_qd.1048;game.cn_qd.1049;game.cn_qd.1050;game.cn_qd.1051;game.cn_qd.1052;game.cn_qd.1053;game.cn_qd.1054;game.cn_qd.1055;game.cn_qd.1056;game.cn_qd.1057;game.cn_qd.1058;game.cn_qd.1059;game.cn_qd.1060;game.cn_qd.1061;game.cn_qd.1062;game.cn_qd.1063;game.cn_qd.1064;game.cn_qd.1065;game.cn_qd.1066;game.cn_qd.1067;game.cn_qd.1068;game.cn_qd.1069;game.cn_qd.1070;game.cn_qd.1071;game.cn_qd.1072;game.cn_qd.1073;game.cn_qd.1074;game.cn_qd.1075;game.cn_qd.1076;game.cn_qd.1077;game.cn_qd.1078;game.cn_qd.1079;game.cn_qd.1080;game.cn_qd.1081;game.cn_qd.1082;game.cn_qd.1083;game.cn_qd.1084;game.cn_qd.1085;game.cn_qd.1086;game.cn_qd.1087;game.cn_qd.1088;game.cn_qd.1089;game.cn_qd.1090;game.cn_qd.1091;game.cn_qd.1092;game.cn_qd.1093;game.cn_qd.1094;game.cn_qd.1095;game.cn_qd.1096;game.cn_qd.1097;game.cn_qd.1098;game.cn_qd.1099;game.cn_qd.1100;game.cn_qd.1101;game.cn_qd.1102;game.cn_qd.1103;game.cn_qd.1104;game.cn_qd.1105;game.cn_qd.1106;game.cn_qd.1107;game.cn_qd.1108;game.cn_qd.1109;game.cn_qd.1110;game.cn_qd.1111;game.cn_qd.1112;game.cn_qd.1113;game.cn_qd.1114;game.cn_qd.1115;game.cn_qd.1116;game.cn_qd.1117;game.cn_qd.1118;game.cn_qd.1119;game.cn_qd.1120;game.cn_qd.1121;game.cn_qd.1122;game.cn_qd.1123;game.cn_qd.1124;game.cn_qd.1125;game.cn_qd.1126;game.cn_qd.1127;game.cn_qd.1128;game.cn_qd.1129;game.cn_qd.1130>,3,30108
22083,<game.cn_qd.1131;game.cn_qd.1132;game.cn_qd.1133;game.cn_qd.1134;game.cn_qd.1135;game.cn_qd.1136;game.cn_qd.1137;game.cn_qd.1138;game.cn_qd.1139;game.cn_qd.1140;game.cn_qd.1141;game.cn_qd.1142;game.cn_qd.1143;game.cn_qd.1144;game.cn_qd.1145;game.cn_qd.1146;game.cn_qd.1147;game.cn_qd.1148;game.cn_qd.1149;game.cn_qd.1150;game.cn_qd.1151;game.cn_qd.1152;game.cn_qd.1153;game.cn_qd.1154;game.cn_qd.1155;game.cn_qd.1156;game.cn_qd.1157;game.cn_qd.1158;game.cn_qd.1159;game.cn_qd.1160;game.cn_qd.1161;game.cn_qd.1162;game.cn_qd.1163;game.cn_qd.1164;game.cn_qd.1165;game.cn_qd.1166;game.cn_qd.1167;game.cn_qd.1168;game.cn_qd.1169;game.cn_qd.1170;game.cn_qd.1171;game.cn_qd.1172;game.cn_qd.1173;game.cn_qd.1174;game.cn_qd.1175;game.cn_qd.1176;game.cn_qd.1177;game.cn_qd.1178;game.cn_qd.1179;game.cn_qd.1180;game.cn_qd.1181;game.cn_qd.1182;game.cn_qd.1183;game.cn_qd.1184;game.cn_qd.1185;game.cn_qd.1186;game.cn_qd.1187;game.cn_qd.1188;game.cn_qd.1189;game.cn_qd.1190;game.cn_qd.1191;game.cn_qd.1192;game.cn_qd.1193;game.cn_qd.1194;game.cn_qd.1195;game.cn_qd.1196;game.cn_qd.1197;game.cn_qd.1198;game.cn_qd.1199;game.cn_qd.1200;game.cn_qd.1201;game.cn_qd.1202;game.cn_qd.1203;game.cn_qd.1204;game.cn_qd.1205;game.cn_qd.1206;game.cn_qd.1207;game.cn_qd.1208;game.cn_qd.1209;game.cn_qd.1210;game.cn_qd.1211;game.cn_qd.1212;game.cn_qd.1213;game.cn_qd.1214;game.cn_qd.1215;game.cn_qd.1216;game.cn_qd.1217;game.cn_qd.1218;game.cn_qd.1219;game.cn_qd.1220;game.cn_qd.1221;game.cn_qd.1222;game.cn_qd.1223;game.cn_qd.1224;game.cn_qd.1225;game.cn_qd.1226;game.cn_qd.1227;game.cn_qd.1228;game.cn_qd.1229;game.cn_qd.1230;game.cn_qd.1231;game.cn_qd.1232;game.cn_qd.1233;game.cn_qd.1234;game.cn_qd.1235;game.cn_qd.1236;game.cn_qd.1237;game.cn_qd.1238;game.cn_qd.1239;game.cn_qd.1240;game.cn_qd.1241;game.cn_qd.1242;game.cn_qd.1243;game.cn_qd.1244;game.cn_qd.1245;game.cn_qd.1246;game.cn_qd.1247;game.cn_qd.1248;game.cn_qd.1249;game.cn_qd.1250;game.cn_qd.1251;game.cn_qd.1252;game.cn_qd.1253;game.cn_qd.1254;game.cn_qd.1255>,4,30108
22084,<game.cn_qd.1256;game.cn_qd.1257;game.cn_qd.1258;game.cn_qd.1259;game.cn_qd.1260;game.cn_qd.1261;game.cn_qd.1262;game.cn_qd.1263;game.cn_qd.1264;game.cn_qd.1265;game.cn_qd.1266;game.cn_qd.1267;game.cn_qd.1268;game.cn_qd.1269;game.cn_qd.1270;game.cn_qd.1271;game.cn_qd.1272;game.cn_qd.1273;game.cn_qd.1274;game.cn_qd.1275;game.cn_qd.1276;game.cn_qd.1277;game.cn_qd.1278;game.cn_qd.1279;game.cn_qd.1280;game.cn_qd.1281;game.cn_qd.1282;game.cn_qd.1283;game.cn_qd.1284;game.cn_qd.1285;game.cn_qd.1286;game.cn_qd.1287;game.cn_qd.1288;game.cn_qd.1289;game.cn_qd.1290;game.cn_qd.1291;game.cn_qd.1292;game.cn_qd.1293;game.cn_qd.1294;game.cn_qd.1295;game.cn_qd.1296;game.cn_qd.1297;game.cn_qd.1298;game.cn_qd.1299;game.cn_qd.1300;game.cn_qd.1301;game.cn_qd.1302;game.cn_qd.1303;game.cn_qd.1304;game.cn_qd.1305;game.cn_qd.1306;game.cn_qd.1307;game.cn_qd.1308;game.cn_qd.1309;game.cn_qd.1310;game.cn_qd.1311;game.cn_qd.1312;game.cn_qd.1313;game.cn_qd.1314;game.cn_qd.1315;game.cn_qd.1316;game.cn_qd.1317;game.cn_qd.1318;game.cn_qd.1319;game.cn_qd.1320;game.cn_qd.1321;game.cn_qd.1322;game.cn_qd.1323;game.cn_qd.1324;game.cn_qd.1325;game.cn_qd.1326;game.cn_qd.1327;game.cn_qd.1328;game.cn_qd.1329;game.cn_qd.1330;game.cn_qd.1331;game.cn_qd.1332;game.cn_qd.1333;game.cn_qd.1334;game.cn_qd.1335;game.cn_qd.1336;game.cn_qd.1337;game.cn_qd.1338;game.cn_qd.1339;game.cn_qd.1340;game.cn_qd.1341;game.cn_qd.1342;game.cn_qd.1343;game.cn_qd.1344;game.cn_qd.1345;game.cn_qd.1346;game.cn_qd.1347;game.cn_qd.1348;game.cn_qd.1349;game.cn_qd.1350;game.cn_qd.1351;game.cn_qd.1352;game.cn_qd.1353;game.cn_qd.1354;game.cn_qd.1355;game.cn_qd.1356;game.cn_qd.1357;game.cn_qd.1358;game.cn_qd.1359;game.cn_qd.1360;game.cn_qd.1361;game.cn_qd.1362;game.cn_qd.1363;game.cn_qd.1364;game.cn_qd.1365;game.cn_qd.1366;game.cn_qd.1367;game.cn_qd.1368;game.cn_qd.1369;game.cn_qd.1370;game.cn_qd.1371;game.cn_qd.1372;game.cn_qd.1373;game.cn_qd.1374;game.cn_qd.1375;game.cn_qd.1376;game.cn_qd.1377;game.cn_qd.1378;game.cn_qd.1379;game.cn_qd.1380>,5,30108
22085,<game.cn_qd.1381;game.cn_qd.1382;game.cn_qd.1383;game.cn_qd.1384;game.cn_qd.1385;game.cn_qd.1386;game.cn_qd.1387;game.cn_qd.1388;game.cn_qd.1389;game.cn_qd.1390;game.cn_qd.1391;game.cn_qd.1392;game.cn_qd.1393;game.cn_qd.1394;game.cn_qd.1395;game.cn_qd.1396;game.cn_qd.1397;game.cn_qd.1398;game.cn_qd.1399;game.cn_qd.1400;game.cn_qd.1401;game.cn_qd.1402;game.cn_qd.1403;game.cn_qd.1404;game.cn_qd.1405;game.cn_qd.1406;game.cn_qd.1407;game.cn_qd.1408;game.cn_qd.1409;game.cn_qd.1410;game.cn_qd.1411;game.cn_qd.1412;game.cn_qd.1413;game.cn_qd.1414;game.cn_qd.1415;game.cn_qd.1416;game.cn_qd.1417;game.cn_qd.1418;game.cn_qd.1419;game.cn_qd.1420;game.cn_qd.1421;game.cn_qd.1422;game.cn_qd.1423;game.cn_qd.1424;game.cn_qd.1425;game.cn_qd.1426;game.cn_qd.1427;game.cn_qd.1428;game.cn_qd.1429;game.cn_qd.1430;game.cn_qd.1431;game.cn_qd.1432;game.cn_qd.1433;game.cn_qd.1434;game.cn_qd.1435;game.cn_qd.1436;game.cn_qd.1437;game.cn_qd.1438;game.cn_qd.1439;game.cn_qd.1440;game.cn_qd.1441;game.cn_qd.1442;game.cn_qd.1443;game.cn_qd.1444;game.cn_qd.1445;game.cn_qd.1446;game.cn_qd.1447;game.cn_qd.1448;game.cn_qd.1449;game.cn_qd.1450;game.cn_qd.1451;game.cn_qd.1452;game.cn_qd.1453;game.cn_qd.1454;game.cn_qd.1455;game.cn_qd.1456;game.cn_qd.1457;game.cn_qd.1458;game.cn_qd.1459;game.cn_qd.1460;game.cn_qd.1461;game.cn_qd.1462;game.cn_qd.1463;game.cn_qd.1464;game.cn_qd.1465;game.cn_qd.1466;game.cn_qd.1467;game.cn_qd.1468;game.cn_qd.1469;game.cn_qd.1470;game.cn_qd.1471;game.cn_qd.1472;game.cn_qd.1473;game.cn_qd.1474;game.cn_qd.1475;game.cn_qd.1476;game.cn_qd.1477;game.cn_qd.1478;game.cn_qd.1479;game.cn_qd.1480;game.cn_qd.1481;game.cn_qd.1482;game.cn_qd.1483;game.cn_qd.1484;game.cn_qd.1485;game.cn_qd.1486;game.cn_qd.1487;game.cn_qd.1488;game.cn_qd.1489;game.cn_qd.1490;game.cn_qd.1491;game.cn_qd.1492;game.cn_qd.1493;game.cn_qd.1494;game.cn_qd.1495;game.cn_qd.1496;game.cn_qd.1497;game.cn_qd.1498;game.cn_qd.1499;game.cn_qd.1500;game.cn_qd.1501;game.cn_qd.1502;game.cn_qd.1503;game.cn_qd.1504;game.cn_qd.1505>,6,30108
22086,<game.cn_qd.1506;game.cn_qd.1507;game.cn_qd.1508;game.cn_qd.1509;game.cn_qd.1510;game.cn_qd.1511;game.cn_qd.1512;game.cn_qd.1513;game.cn_qd.1514;game.cn_qd.1515;game.cn_qd.1516;game.cn_qd.1517;game.cn_qd.1518;game.cn_qd.1519;game.cn_qd.1520;game.cn_qd.1521;game.cn_qd.1522;game.cn_qd.1523;game.cn_qd.1524;game.cn_qd.1525;game.cn_qd.1526;game.cn_qd.1527;game.cn_qd.1528;game.cn_qd.1529;game.cn_qd.1530;game.cn_qd.1531;game.cn_qd.1532;game.cn_qd.1533;game.cn_qd.1534;game.cn_qd.1535;game.cn_qd.1536;game.cn_qd.1537;game.cn_qd.1538;game.cn_qd.1539;game.cn_qd.1540;game.cn_qd.1541;game.cn_qd.1542;game.cn_qd.1543;game.cn_qd.1544;game.cn_qd.1545;game.cn_qd.1546;game.cn_qd.1547;game.cn_qd.1548;game.cn_qd.1549;game.cn_qd.1550;game.cn_qd.1551;game.cn_qd.1552;game.cn_qd.1553;game.cn_qd.1554;game.cn_qd.1555;game.cn_qd.1556;game.cn_qd.1557;game.cn_qd.1558;game.cn_qd.1559;game.cn_qd.1560;game.cn_qd.1561;game.cn_qd.1562;game.cn_qd.1563;game.cn_qd.1564;game.cn_qd.1565;game.cn_qd.1566;game.cn_qd.1567;game.cn_qd.1568;game.cn_qd.1569;game.cn_qd.1570;game.cn_qd.1571;game.cn_qd.1572;game.cn_qd.1573;game.cn_qd.1574;game.cn_qd.1575;game.cn_qd.1576;game.cn_qd.1577;game.cn_qd.1578;game.cn_qd.1579;game.cn_qd.1580;game.cn_qd.1581;game.cn_qd.1582;game.cn_qd.1583;game.cn_qd.1584;game.cn_qd.1585;game.cn_qd.1586;game.cn_qd.1587;game.cn_qd.1588;game.cn_qd.1589;game.cn_qd.1590;game.cn_qd.1591;game.cn_qd.1592;game.cn_qd.1593;game.cn_qd.1594;game.cn_qd.1595;game.cn_qd.1596;game.cn_qd.1597;game.cn_qd.1598;game.cn_qd.1599;game.cn_qd.1600;game.cn_qd.1601;game.cn_qd.1602;game.cn_qd.1603;game.cn_qd.1604;game.cn_qd.1605;game.cn_qd.1606;game.cn_qd.1607;game.cn_qd.1608;game.cn_qd.1609;game.cn_qd.1610;game.cn_qd.1611;game.cn_qd.1612;game.cn_qd.1613;game.cn_qd.1614;game.cn_qd.1615;game.cn_qd.1616;game.cn_qd.1617;game.cn_qd.1618;game.cn_qd.1619;game.cn_qd.1620;game.cn_qd.1621;game.cn_qd.1622;game.cn_qd.1623;game.cn_qd.1624;game.cn_qd.1625;game.cn_qd.1626;game.cn_qd.1627;game.cn_qd.1628;game.cn_qd.1629;game.cn_qd.1630>,7,30108
22087,<game.cn_qd.1631;game.cn_qd.1632;game.cn_qd.1633;game.cn_qd.1634;game.cn_qd.1635;game.cn_qd.1636;game.cn_qd.1637;game.cn_qd.1638;game.cn_qd.1639;game.cn_qd.1640;game.cn_qd.1641;game.cn_qd.1642;game.cn_qd.1643;game.cn_qd.1644;game.cn_qd.1645;game.cn_qd.1646;game.cn_qd.1647;game.cn_qd.1648;game.cn_qd.1649;game.cn_qd.1650;game.cn_qd.1651;game.cn_qd.1652;game.cn_qd.1653;game.cn_qd.1654;game.cn_qd.1655;game.cn_qd.1656;game.cn_qd.1657;game.cn_qd.1658;game.cn_qd.1659;game.cn_qd.1660;game.cn_qd.1661;game.cn_qd.1662;game.cn_qd.1663;game.cn_qd.1664;game.cn_qd.1665;game.cn_qd.1666;game.cn_qd.1667;game.cn_qd.1668;game.cn_qd.1669;game.cn_qd.1670;game.cn_qd.1671;game.cn_qd.1672;game.cn_qd.1673;game.cn_qd.1674;game.cn_qd.1675;game.cn_qd.1676;game.cn_qd.1677;game.cn_qd.1678;game.cn_qd.1679;game.cn_qd.1680;game.cn_qd.1681;game.cn_qd.1682;game.cn_qd.1683;game.cn_qd.1684;game.cn_qd.1685;game.cn_qd.1686;game.cn_qd.1687;game.cn_qd.1688;game.cn_qd.1689;game.cn_qd.1690;game.cn_qd.1691;game.cn_qd.1692;game.cn_qd.1693;game.cn_qd.1694;game.cn_qd.1695;game.cn_qd.1696;game.cn_qd.1697;game.cn_qd.1698;game.cn_qd.1699;game.cn_qd.1700;game.cn_qd.1701;game.cn_qd.1702;game.cn_qd.1703;game.cn_qd.1704;game.cn_qd.1705;game.cn_qd.1706;game.cn_qd.1707;game.cn_qd.1708;game.cn_qd.1709;game.cn_qd.1710;game.cn_qd.1711;game.cn_qd.1712;game.cn_qd.1713;game.cn_qd.1714;game.cn_qd.1715;game.cn_qd.1716;game.cn_qd.1717;game.cn_qd.1718;game.cn_qd.1719;game.cn_qd.1720;game.cn_qd.1721;game.cn_qd.1722;game.cn_qd.1723;game.cn_qd.1724;game.cn_qd.1725;game.cn_qd.1726;game.cn_qd.1727;game.cn_qd.1728;game.cn_qd.1729;game.cn_qd.1730;game.cn_qd.1731;game.cn_qd.1732;game.cn_qd.1733;game.cn_qd.1734;game.cn_qd.1735;game.cn_qd.1736;game.cn_qd.1737;game.cn_qd.1738;game.cn_qd.1739;game.cn_qd.1740;game.cn_qd.1741;game.cn_qd.1742;game.cn_qd.1743;game.cn_qd.1744;game.cn_qd.1745;game.cn_qd.1746;game.cn_qd.1747;game.cn_qd.1748;game.cn_qd.1749;game.cn_qd.1750;game.cn_qd.1751;game.cn_qd.1752;game.cn_qd.1753;game.cn_qd.1754;game.cn_qd.1755>,8,30108
22088,<game.cn_qd.1756;game.cn_qd.1757;game.cn_qd.1758;game.cn_qd.1759;game.cn_qd.1760;game.cn_qd.1761;game.cn_qd.1762;game.cn_qd.1763;game.cn_qd.1764;game.cn_qd.1765;game.cn_qd.1766;game.cn_qd.1767;game.cn_qd.1768;game.cn_qd.1769;game.cn_qd.1770;game.cn_qd.1771;game.cn_qd.1772;game.cn_qd.1773;game.cn_qd.1774;game.cn_qd.1775;game.cn_qd.1776;game.cn_qd.1777;game.cn_qd.1778;game.cn_qd.1779;game.cn_qd.1780;game.cn_qd.1781;game.cn_qd.1782;game.cn_qd.1783;game.cn_qd.1784;game.cn_qd.1785;game.cn_qd.1786;game.cn_qd.1787;game.cn_qd.1788;game.cn_qd.1789;game.cn_qd.1790;game.cn_qd.1791;game.cn_qd.1792;game.cn_qd.1793;game.cn_qd.1794;game.cn_qd.1795;game.cn_qd.1796;game.cn_qd.1797;game.cn_qd.1798;game.cn_qd.1799;game.cn_qd.1800;game.cn_qd.1801;game.cn_qd.1802;game.cn_qd.1803;game.cn_qd.1804;game.cn_qd.1805;game.cn_qd.1806;game.cn_qd.1807;game.cn_qd.1808;game.cn_qd.1809;game.cn_qd.1810;game.cn_qd.1811;game.cn_qd.1812;game.cn_qd.1813;game.cn_qd.1814;game.cn_qd.1815;game.cn_qd.1816;game.cn_qd.1817;game.cn_qd.1818;game.cn_qd.1819;game.cn_qd.1820;game.cn_qd.1821;game.cn_qd.1822;game.cn_qd.1823;game.cn_qd.1824;game.cn_qd.1825;game.cn_qd.1826;game.cn_qd.1827;game.cn_qd.1828;game.cn_qd.1829;game.cn_qd.1830;game.cn_qd.1831;game.cn_qd.1832;game.cn_qd.1833;game.cn_qd.1834;game.cn_qd.1835;game.cn_qd.1836;game.cn_qd.1837;game.cn_qd.1838;game.cn_qd.1839;game.cn_qd.1840;game.cn_qd.1841;game.cn_qd.1842;game.cn_qd.1843;game.cn_qd.1844;game.cn_qd.1845;game.cn_qd.1846;game.cn_qd.1847;game.cn_qd.1848;game.cn_qd.1849;game.cn_qd.1850;game.cn_qd.1851;game.cn_qd.1852;game.cn_qd.1853;game.cn_qd.1854;game.cn_qd.1855;game.cn_qd.1856;game.cn_qd.1857;game.cn_qd.1858;game.cn_qd.1859;game.cn_qd.1860;game.cn_qd.1861;game.cn_qd.1862;game.cn_qd.1863;game.cn_qd.1864;game.cn_qd.1865;game.cn_qd.1866;game.cn_qd.1867;game.cn_qd.1868;game.cn_qd.1869;game.cn_qd.1870;game.cn_qd.1871;game.cn_qd.1872;game.cn_qd.1873;game.cn_qd.1874;game.cn_qd.1875;game.cn_qd.1876;game.cn_qd.1877;game.cn_qd.1878;game.cn_qd.1879;game.cn_qd.1880>,9,30108
22089,<game.cn_qd.1881;game.cn_qd.1882;game.cn_qd.1883;game.cn_qd.1884;game.cn_qd.1885;game.cn_qd.1886;game.cn_qd.1887;game.cn_qd.1888;game.cn_qd.1889;game.cn_qd.1890;game.cn_qd.1891;game.cn_qd.1892;game.cn_qd.1893;game.cn_qd.1894;game.cn_qd.1895;game.cn_qd.1896;game.cn_qd.1897;game.cn_qd.1898;game.cn_qd.1899;game.cn_qd.1900;game.cn_qd.1901;game.cn_qd.1902;game.cn_qd.1903;game.cn_qd.1904;game.cn_qd.1905;game.cn_qd.1906;game.cn_qd.1907;game.cn_qd.1908;game.cn_qd.1909;game.cn_qd.1910;game.cn_qd.1911;game.cn_qd.1912;game.cn_qd.1913;game.cn_qd.1914;game.cn_qd.1915;game.cn_qd.1916;game.cn_qd.1917;game.cn_qd.1918;game.cn_qd.1919;game.cn_qd.1920;game.cn_qd.1921;game.cn_qd.1922;game.cn_qd.1923;game.cn_qd.1924;game.cn_qd.1925;game.cn_qd.1926;game.cn_qd.1927;game.cn_qd.1928;game.cn_qd.1929;game.cn_qd.1930;game.cn_qd.1931;game.cn_qd.1932;game.cn_qd.1933;game.cn_qd.1934;game.cn_qd.1935;game.cn_qd.1936;game.cn_qd.1937;game.cn_qd.1938;game.cn_qd.1939;game.cn_qd.1940;game.cn_qd.1941;game.cn_qd.1942;game.cn_qd.1943;game.cn_qd.1944;game.cn_qd.1945;game.cn_qd.1946;game.cn_qd.1947;game.cn_qd.1948;game.cn_qd.1949;game.cn_qd.1950;game.cn_qd.1951;game.cn_qd.1952;game.cn_qd.1953;game.cn_qd.1954;game.cn_qd.1955;game.cn_qd.1956;game.cn_qd.1957;game.cn_qd.1958;game.cn_qd.1959;game.cn_qd.1960;game.cn_qd.1961;game.cn_qd.1962;game.cn_qd.1963;game.cn_qd.1964;game.cn_qd.1965;game.cn_qd.1966;game.cn_qd.1967;game.cn_qd.1968;game.cn_qd.1969;game.cn_qd.1970;game.cn_qd.1971;game.cn_qd.1972;game.cn_qd.1973;game.cn_qd.1974;game.cn_qd.1975;game.cn_qd.1976;game.cn_qd.1977;game.cn_qd.1978;game.cn_qd.1979;game.cn_qd.1980;game.cn_qd.1981;game.cn_qd.1982;game.cn_qd.1983;game.cn_qd.1984;game.cn_qd.1985;game.cn_qd.1986;game.cn_qd.1987;game.cn_qd.1988;game.cn_qd.1989;game.cn_qd.1990;game.cn_qd.1991;game.cn_qd.1992;game.cn_qd.1993;game.cn_qd.1994;game.cn_qd.1995;game.cn_qd.1996;game.cn_qd.1997;game.cn_qd.1998;game.cn_qd.1999;game.cn_qd.2000;game.cn_qd.2001;game.cn_qd.2002;game.cn_qd.2003;game.cn_qd.2004;game.cn_qd.2005>,10,30108
22090,<game.cn_qd.2006;game.cn_qd.2007;game.cn_qd.2008;game.cn_qd.2009;game.cn_qd.2010;game.cn_qd.2011;game.cn_qd.2012;game.cn_qd.2013;game.cn_qd.2014;game.cn_qd.2015;game.cn_qd.2016;game.cn_qd.2017;game.cn_qd.2018;game.cn_qd.2019;game.cn_qd.2020;game.cn_qd.2021;game.cn_qd.2022;game.cn_qd.2023;game.cn_qd.2024;game.cn_qd.2025;game.cn_qd.2026;game.cn_qd.2027;game.cn_qd.2028;game.cn_qd.2029;game.cn_qd.2030;game.cn_qd.2031;game.cn_qd.2032;game.cn_qd.2033;game.cn_qd.2034;game.cn_qd.2035;game.cn_qd.2036;game.cn_qd.2037;game.cn_qd.2038;game.cn_qd.2039;game.cn_qd.2040;game.cn_qd.2041;game.cn_qd.2042;game.cn_qd.2043;game.cn_qd.2044;game.cn_qd.2045;game.cn_qd.2046;game.cn_qd.2047;game.cn_qd.2048;game.cn_qd.2049;game.cn_qd.2050;game.cn_qd.2051;game.cn_qd.2052;game.cn_qd.2053;game.cn_qd.2054;game.cn_qd.2055;game.cn_qd.2056;game.cn_qd.2057;game.cn_qd.2058;game.cn_qd.2059;game.cn_qd.2060;game.cn_qd.2061;game.cn_qd.2062;game.cn_qd.2063;game.cn_qd.2064;game.cn_qd.2065;game.cn_qd.2066;game.cn_qd.2067;game.cn_qd.2068;game.cn_qd.2069;game.cn_qd.2070;game.cn_qd.2071;game.cn_qd.2072;game.cn_qd.2073;game.cn_qd.2074;game.cn_qd.2075;game.cn_qd.2076;game.cn_qd.2077;game.cn_qd.2078;game.cn_qd.2079;game.cn_qd.2080;game.cn_qd.2081;game.cn_qd.2082;game.cn_qd.2083;game.cn_qd.2084;game.cn_qd.2085;game.cn_qd.2086;game.cn_qd.2087;game.cn_qd.2088;game.cn_qd.2089;game.cn_qd.2090;game.cn_qd.2091;game.cn_qd.2092;game.cn_qd.2093;game.cn_qd.2094;game.cn_qd.2095;game.cn_qd.2096;game.cn_qd.2097;game.cn_qd.2098;game.cn_qd.2099;game.cn_qd.2100;game.cn_qd.2101;game.cn_qd.2102;game.cn_qd.2103;game.cn_qd.2104;game.cn_qd.2105;game.cn_qd.2106;game.cn_qd.2107;game.cn_qd.2108;game.cn_qd.2109;game.cn_qd.2110;game.cn_qd.2111;game.cn_qd.2112;game.cn_qd.2113;game.cn_qd.2114;game.cn_qd.2115;game.cn_qd.2116;game.cn_qd.2117;game.cn_qd.2118;game.cn_qd.2119;game.cn_qd.2120;game.cn_qd.2121;game.cn_qd.2122;game.cn_qd.2123;game.cn_qd.2124;game.cn_qd.2125;game.cn_qd.2126;game.cn_qd.2127;game.cn_qd.2128;game.cn_qd.2129;game.cn_qd.2130>,11,30108
22091,<game.cn_qd.2131;game.cn_qd.2132;game.cn_qd.2133;game.cn_qd.2134;game.cn_qd.2135;game.cn_qd.2136;game.cn_qd.2137;game.cn_qd.2138;game.cn_qd.2139;game.cn_qd.2140;game.cn_qd.2141;game.cn_qd.2142;game.cn_qd.2143;game.cn_qd.2144;game.cn_qd.2145;game.cn_qd.2146;game.cn_qd.2147;game.cn_qd.2148;game.cn_qd.2149;game.cn_qd.2150;game.cn_qd.2151;game.cn_qd.2152;game.cn_qd.2153;game.cn_qd.2154;game.cn_qd.2155;game.cn_qd.2156;game.cn_qd.2157;game.cn_qd.2158;game.cn_qd.2159;game.cn_qd.2160;game.cn_qd.2161;game.cn_qd.2162;game.cn_qd.2163;game.cn_qd.2164;game.cn_qd.2165;game.cn_qd.2166;game.cn_qd.2167;game.cn_qd.2168;game.cn_qd.2169;game.cn_qd.2170;game.cn_qd.2171;game.cn_qd.2172;game.cn_qd.2173;game.cn_qd.2174;game.cn_qd.2175;game.cn_qd.2176;game.cn_qd.2177;game.cn_qd.2178;game.cn_qd.2179;game.cn_qd.2180;game.cn_qd.2181;game.cn_qd.2182;game.cn_qd.2183;game.cn_qd.2184;game.cn_qd.2185;game.cn_qd.2186;game.cn_qd.2187;game.cn_qd.2188;game.cn_qd.2189;game.cn_qd.2190;game.cn_qd.2191;game.cn_qd.2192;game.cn_qd.2193;game.cn_qd.2194;game.cn_qd.2195;game.cn_qd.2196;game.cn_qd.2197;game.cn_qd.2198;game.cn_qd.2199;game.cn_qd.2200;game.cn_qd.2201;game.cn_qd.2202;game.cn_qd.2203;game.cn_qd.2204;game.cn_qd.2205;game.cn_qd.2206;game.cn_qd.2207;game.cn_qd.2208;game.cn_qd.2209;game.cn_qd.2210;game.cn_qd.2211;game.cn_qd.2212;game.cn_qd.2213;game.cn_qd.2214;game.cn_qd.2215;game.cn_qd.2216;game.cn_qd.2217;game.cn_qd.2218;game.cn_qd.2219;game.cn_qd.2220;game.cn_qd.2221;game.cn_qd.2222;game.cn_qd.2223;game.cn_qd.2224;game.cn_qd.2225;game.cn_qd.2226;game.cn_qd.2227;game.cn_qd.2228;game.cn_qd.2229;game.cn_qd.2230;game.cn_qd.2231;game.cn_qd.2232;game.cn_qd.2233;game.cn_qd.2234;game.cn_qd.2235;game.cn_qd.2236;game.cn_qd.2237;game.cn_qd.2238;game.cn_qd.2239;game.cn_qd.2240;game.cn_qd.2241;game.cn_qd.2242;game.cn_qd.2243;game.cn_qd.2244;game.cn_qd.2245;game.cn_qd.2246;game.cn_qd.2247;game.cn_qd.2248;game.cn_qd.2249;game.cn_qd.2250;game.cn_qd.2251;game.cn_qd.2252;game.cn_qd.2253;game.cn_qd.2254;game.cn_qd.2255>,12,30108
22092,<game.cn_qd.2256;game.cn_qd.2257;game.cn_qd.2258;game.cn_qd.2259;game.cn_qd.2260;game.cn_qd.2261;game.cn_qd.2262;game.cn_qd.2263;game.cn_qd.2264;game.cn_qd.2265;game.cn_qd.2266;game.cn_qd.2267;game.cn_qd.2268;game.cn_qd.2269;game.cn_qd.2270;game.cn_qd.2271;game.cn_qd.2272;game.cn_qd.2273;game.cn_qd.2274;game.cn_qd.2275;game.cn_qd.2276;game.cn_qd.2277;game.cn_qd.2278;game.cn_qd.2279;game.cn_qd.2280;game.cn_qd.2281;game.cn_qd.2282;game.cn_qd.2283;game.cn_qd.2284;game.cn_qd.2285;game.cn_qd.2286;game.cn_qd.2287;game.cn_qd.2288;game.cn_qd.2289;game.cn_qd.2290;game.cn_qd.2291;game.cn_qd.2292;game.cn_qd.2293;game.cn_qd.2294;game.cn_qd.2295;game.cn_qd.2296;game.cn_qd.2297;game.cn_qd.2298;game.cn_qd.2299;game.cn_qd.2300;game.cn_qd.2301;game.cn_qd.2302;game.cn_qd.2303;game.cn_qd.2304;game.cn_qd.2305;game.cn_qd.2306;game.cn_qd.2307;game.cn_qd.2308;game.cn_qd.2309;game.cn_qd.2310;game.cn_qd.2311;game.cn_qd.2312;game.cn_qd.2313;game.cn_qd.2314;game.cn_qd.2315;game.cn_qd.2316;game.cn_qd.2317;game.cn_qd.2318;game.cn_qd.2319;game.cn_qd.2320;game.cn_qd.2321;game.cn_qd.2322;game.cn_qd.2323;game.cn_qd.2324;game.cn_qd.2325;game.cn_qd.2326;game.cn_qd.2327;game.cn_qd.2328;game.cn_qd.2329;game.cn_qd.2330;game.cn_qd.2331;game.cn_qd.2332;game.cn_qd.2333;game.cn_qd.2334;game.cn_qd.2335;game.cn_qd.2336;game.cn_qd.2337;game.cn_qd.2338;game.cn_qd.2339;game.cn_qd.2340;game.cn_qd.2341;game.cn_qd.2342;game.cn_qd.2343;game.cn_qd.2344;game.cn_qd.2345;game.cn_qd.2346;game.cn_qd.2347;game.cn_qd.2348;game.cn_qd.2349;game.cn_qd.2350;game.cn_qd.2351;game.cn_qd.2352;game.cn_qd.2353;game.cn_qd.2354;game.cn_qd.2355;game.cn_qd.2356;game.cn_qd.2357;game.cn_qd.2358;game.cn_qd.2359;game.cn_qd.2360;game.cn_qd.2361;game.cn_qd.2362;game.cn_qd.2363;game.cn_qd.2364;game.cn_qd.2365;game.cn_qd.2366;game.cn_qd.2367;game.cn_qd.2368;game.cn_qd.2369;game.cn_qd.2370;game.cn_qd.2371;game.cn_qd.2372;game.cn_qd.2373;game.cn_qd.2374;game.cn_qd.2375;game.cn_qd.2376;game.cn_qd.2377;game.cn_qd.2378;game.cn_qd.2379;game.cn_qd.2380>,13,30108
22093,<game.cn_qd.2381;game.cn_qd.2382;game.cn_qd.2383;game.cn_qd.2384;game.cn_qd.2385;game.cn_qd.2386;game.cn_qd.2387;game.cn_qd.2388;game.cn_qd.2389;game.cn_qd.2390;game.cn_qd.2391;game.cn_qd.2392;game.cn_qd.2393;game.cn_qd.2394;game.cn_qd.2395;game.cn_qd.2396;game.cn_qd.2397;game.cn_qd.2398;game.cn_qd.2399;game.cn_qd.2400;game.cn_qd.2401;game.cn_qd.2402;game.cn_qd.2403;game.cn_qd.2404;game.cn_qd.2405;game.cn_qd.2406;game.cn_qd.2407;game.cn_qd.2408;game.cn_qd.2409;game.cn_qd.2410;game.cn_qd.2411;game.cn_qd.2412;game.cn_qd.2413;game.cn_qd.2414;game.cn_qd.2415;game.cn_qd.2416;game.cn_qd.2417;game.cn_qd.2418;game.cn_qd.2419;game.cn_qd.2420;game.cn_qd.2421;game.cn_qd.2422;game.cn_qd.2423;game.cn_qd.2424;game.cn_qd.2425;game.cn_qd.2426;game.cn_qd.2427;game.cn_qd.2428;game.cn_qd.2429;game.cn_qd.2430;game.cn_qd.2431;game.cn_qd.2432;game.cn_qd.2433;game.cn_qd.2434;game.cn_qd.2435;game.cn_qd.2436;game.cn_qd.2437;game.cn_qd.2438;game.cn_qd.2439;game.cn_qd.2440;game.cn_qd.2441;game.cn_qd.2442;game.cn_qd.2443;game.cn_qd.2444;game.cn_qd.2445;game.cn_qd.2446;game.cn_qd.2447;game.cn_qd.2448;game.cn_qd.2449;game.cn_qd.2450;game.cn_qd.2451;game.cn_qd.2452;game.cn_qd.2453;game.cn_qd.2454;game.cn_qd.2455;game.cn_qd.2456;game.cn_qd.2457;game.cn_qd.2458;game.cn_qd.2459;game.cn_qd.2460;game.cn_qd.2461;game.cn_qd.2462;game.cn_qd.2463;game.cn_qd.2464;game.cn_qd.2465;game.cn_qd.2466;game.cn_qd.2467;game.cn_qd.2468;game.cn_qd.2469;game.cn_qd.2470;game.cn_qd.2471;game.cn_qd.2472;game.cn_qd.2473;game.cn_qd.2474;game.cn_qd.2475;game.cn_qd.2476;game.cn_qd.2477;game.cn_qd.2478;game.cn_qd.2479;game.cn_qd.2480;game.cn_qd.2481;game.cn_qd.2482;game.cn_qd.2483;game.cn_qd.2484;game.cn_qd.2485;game.cn_qd.2486;game.cn_qd.2487;game.cn_qd.2488;game.cn_qd.2489;game.cn_qd.2490;game.cn_qd.2491;game.cn_qd.2492;game.cn_qd.2493;game.cn_qd.2494;game.cn_qd.2495;game.cn_qd.2496;game.cn_qd.2497;game.cn_qd.2498;game.cn_qd.2499;game.cn_qd.2500;game.cn_qd.2501;game.cn_qd.2502;game.cn_qd.2503;game.cn_qd.2504;game.cn_qd.2505>,14,30108
22094,<game.cn_qd.2506;game.cn_qd.2507;game.cn_qd.2508;game.cn_qd.2509;game.cn_qd.2510;game.cn_qd.2511;game.cn_qd.2512;game.cn_qd.2513;game.cn_qd.2514;game.cn_qd.2515;game.cn_qd.2516;game.cn_qd.2517;game.cn_qd.2518;game.cn_qd.2519;game.cn_qd.2520;game.cn_qd.2521;game.cn_qd.2522;game.cn_qd.2523;game.cn_qd.2524;game.cn_qd.2525;game.cn_qd.2526;game.cn_qd.2527;game.cn_qd.2528;game.cn_qd.2529;game.cn_qd.2530;game.cn_qd.2531;game.cn_qd.2532;game.cn_qd.2533;game.cn_qd.2534;game.cn_qd.2535;game.cn_qd.2536;game.cn_qd.2537;game.cn_qd.2538;game.cn_qd.2539;game.cn_qd.2540;game.cn_qd.2541;game.cn_qd.2542;game.cn_qd.2543;game.cn_qd.2544;game.cn_qd.2545;game.cn_qd.2546;game.cn_qd.2547;game.cn_qd.2548;game.cn_qd.2549;game.cn_qd.2550;game.cn_qd.2551;game.cn_qd.2552;game.cn_qd.2553;game.cn_qd.2554;game.cn_qd.2555;game.cn_qd.2556;game.cn_qd.2557;game.cn_qd.2558;game.cn_qd.2559;game.cn_qd.2560;game.cn_qd.2561;game.cn_qd.2562;game.cn_qd.2563;game.cn_qd.2564;game.cn_qd.2565;game.cn_qd.2566;game.cn_qd.2567;game.cn_qd.2568;game.cn_qd.2569;game.cn_qd.2570;game.cn_qd.2571;game.cn_qd.2572;game.cn_qd.2573;game.cn_qd.2574;game.cn_qd.2575;game.cn_qd.2576;game.cn_qd.2577;game.cn_qd.2578;game.cn_qd.2579;game.cn_qd.2580;game.cn_qd.2581;game.cn_qd.2582;game.cn_qd.2583;game.cn_qd.2584;game.cn_qd.2585;game.cn_qd.2586;game.cn_qd.2587;game.cn_qd.2588;game.cn_qd.2589;game.cn_qd.2590;game.cn_qd.2591;game.cn_qd.2592;game.cn_qd.2593;game.cn_qd.2594;game.cn_qd.2595;game.cn_qd.2596;game.cn_qd.2597;game.cn_qd.2598;game.cn_qd.2599;game.cn_qd.2600;game.cn_qd.2601;game.cn_qd.2602;game.cn_qd.2603;game.cn_qd.2604;game.cn_qd.2605;game.cn_qd.2606;game.cn_qd.2607;game.cn_qd.2608;game.cn_qd.2609;game.cn_qd.2610;game.cn_qd.2611;game.cn_qd.2612;game.cn_qd.2613;game.cn_qd.2614;game.cn_qd.2615;game.cn_qd.2616;game.cn_qd.2617;game.cn_qd.2618;game.cn_qd.2619;game.cn_qd.2620;game.cn_qd.2621;game.cn_qd.2622;game.cn_qd.2623;game.cn_qd.2624;game.cn_qd.2625;game.cn_qd.2626;game.cn_qd.2627;game.cn_qd.2628;game.cn_qd.2629;game.cn_qd.2630>,15,30108
22095,<game.cn_qd.2631;game.cn_qd.2632;game.cn_qd.2633;game.cn_qd.2634;game.cn_qd.2635;game.cn_qd.2636;game.cn_qd.2637;game.cn_qd.2638;game.cn_qd.2639;game.cn_qd.2640;game.cn_qd.2641;game.cn_qd.2642;game.cn_qd.2643;game.cn_qd.2644;game.cn_qd.2645;game.cn_qd.2646;game.cn_qd.2647;game.cn_qd.2648;game.cn_qd.2649;game.cn_qd.2650;game.cn_qd.2651;game.cn_qd.2652;game.cn_qd.2653;game.cn_qd.2654;game.cn_qd.2655;game.cn_qd.2656;game.cn_qd.2657;game.cn_qd.2658;game.cn_qd.2659;game.cn_qd.2660;game.cn_qd.2661;game.cn_qd.2662;game.cn_qd.2663;game.cn_qd.2664;game.cn_qd.2665;game.cn_qd.2666;game.cn_qd.2667;game.cn_qd.2668;game.cn_qd.2669;game.cn_qd.2670;game.cn_qd.2671;game.cn_qd.2672;game.cn_qd.2673;game.cn_qd.2674;game.cn_qd.2675;game.cn_qd.2676;game.cn_qd.2677;game.cn_qd.2678;game.cn_huawei.1;game.cn_qd.2679;game.cn_huawei.2;game.cn_qd.2680;game.cn_huawei.3;game.cn_qd.2681;game.cn_qd.2682;game.cn_qd.2683;game.cn_qd.2684;game.cn_qd.2685;game.cn_qd.2686;game.cn_qd.2687;game.cn_qd.2688;game.cn_qd.2689;game.cn_qd.2690;game.cn_qd.2691;game.cn_qd.2692;game.cn_qd.2693;game.cn_qd.2694;game.cn_qd.2695;game.cn_qd.2696;game.cn_qd.2697;game.cn_qd.2698;game.cn_qd.2699;game.cn_qd.2700;game.cn_qd.2701;game.cn_qd.2702;game.cn_qd.2703;game.cn_qd.2704;game.cn_qd.2705;game.cn_qd.2706;game.cn_qd.2707;game.cn_qd.2708;game.cn_qd.2709;game.cn_qd.2710;game.cn_qd.2711;game.cn_qd.2712;game.cn_qd.2713;game.cn_qd.2714;game.cn_qd.2715;game.cn_qd.2716;game.cn_qd.2717;game.cn_qd.2718;game.cn_qd.2719;game.cn_qd.2720;game.cn_qd.2721;game.cn_qd.2722;game.cn_qd.2723;game.cn_qd.2724;game.cn_qd.2725;game.cn_qd.2726;game.cn_qd.2727;game.cn_qd.2728;game.cn_qd.2729;game.cn_qd.2730;game.cn_qd.2731;game.cn_qd.2732;game.cn_qd.2733;game.cn_huawei.4;game.cn_qd.2734;game.cn_qd.2735;game.cn_huawei.5;game.cn_qd.2736;game.cn_qd.2737;game.cn_qd.2738;game.cn_qd.2739;game.cn_qd.2740;game.cn_qd.2741;game.cn_qd.2742;game.cn_qd.2743;game.cn_qd.2744;game.cn_qd.2745;game.cn_qd.2746;game.cn_qd.2747;game.cn_qd.2748;game.cn_qd.2749;game.cn_qd.2750>,16,30108
22096,<game.cn_qd.2751;game.cn_qd.2752;game.cn_qd.2753;game.cn_qd.2754;game.cn_qd.2755;game.cn_qd.2756;game.cn_qd.2757;game.cn_qd.2758;game.cn_qd.2759;game.cn_qd.2760;game.cn_huawei.6;game.cn_qd.2761;game.cn_qd.2762;game.cn_huawei.7;game.cn_qd.2763;game.cn_qd.2764;game.cn_qd.2765;game.cn_qd.2766;game.cn_qd.2767;game.cn_qd.2768;game.cn_qd.2769;game.cn_qd.2770;game.cn_qd.2771;game.cn_qd.2772;game.cn_qd.2773;game.cn_qd.2774;game.cn_qd.2775;game.cn_qd.2776;game.cn_qd.2777;game.cn_qd.2778;game.cn_qd.2779;game.cn_qd.2780;game.cn_qd.2781;game.cn_qd.2782;game.cn_qd.2783;game.cn_qd.2784;game.cn_qd.2785;game.cn_qd.2786;game.cn_qd.2787;game.cn_qd.2788;game.cn_qd.2789;game.cn_qd.2790;game.cn_qd.2791;game.cn_qd.2792;game.cn_qd.2793;game.cn_qd.2794;game.cn_qd.2795;game.cn_huawei.8;game.cn_qd.2796;game.cn_qd.2797;game.cn_qd.2798;game.cn_qd.2799;game.cn_qd.2800;game.cn_qd.2801;game.cn_qd.2802;game.cn_qd.2803;game.cn_qd.2804;game.cn_qd.2805;game.cn_qd.2806;game.cn_qd.2807;game.cn_qd.2808;game.cn_qd.2809;game.cn_qd.2810;game.cn_qd.2811;game.cn_qd.2812;game.cn_qd.2813;game.cn_qd.2814;game.cn_qd.2815;game.cn_qd.2816;game.cn_qd.2817;game.cn_qd.2818;game.cn_qd.2819;game.cn_qd.2820;game.cn_qd.2821;game.cn_qd.2822;game.cn_qd.2823;game.cn_qd.2824;game.cn_qd.2825;game.cn_qd.2826;game.cn_qd.2827;game.cn_qd.2828;game.cn_qd.2829;game.cn_qd.2830;game.cn_huawei.9;game.cn_qd.2831;game.cn_qd.2832;game.cn_qd.2833;game.cn_qd.2834;game.cn_qd.2835;game.cn_qd.2836;game.cn_qd.2837;game.cn_qd.2838;game.cn_qd.2839;game.cn_qd.2840;game.cn_qd.2841;game.cn_qd.2842;game.cn_qd.2843;game.cn_qd.2844;game.cn_qd.2845;game.cn_qd.2846;game.cn_qd.2847;game.cn_qd.2848;game.cn_qd.2849;game.cn_qd.2850;game.cn_qd.2851;game.cn_qd.2852;game.cn_qd.2853;game.cn_qd.2854;game.cn_qd.2855;game.cn_qd.2856;game.cn_qd.2857;game.cn_qd.2858;game.cn_qd.2859;game.cn_qd.2860;game.cn_qd.2861;game.cn_qd.2862;game.cn_qd.2863;game.cn_qd.2864;game.cn_qd.2865;game.cn_qd.2866;game.cn_qd.2867;game.cn_qd.2868;game.cn_qd.2869;game.cn_qd.2870;game.cn_qd.2871>,17,30108
22097,<game.cn_qd.2872;game.cn_qd.2873;game.cn_qd.2874;game.cn_qd.2875;game.cn_qd.2876;game.cn_qd.2877;game.cn_qd.2878;game.cn_qd.2879;game.cn_qd.2880;game.cn_qd.2881;game.cn_qd.2882;game.cn_qd.2883;game.cn_qd.2884;game.cn_qd.2885;game.cn_qd.2886;game.cn_qd.2887;game.cn_qd.2888;game.cn_qd.2889;game.cn_qd.2890;game.cn_qd.2891;game.cn_qd.2892;game.cn_qd.2893;game.cn_qd.2894;game.cn_qd.2895;game.cn_qd.2896;game.cn_qd.2897;game.cn_qd.2898;game.cn_qd.2899;game.cn_qd.2900;game.cn_qd.2901;game.cn_qd.2902;game.cn_qd.2903;game.cn_qd.2904;game.cn_qd.2905;game.cn_qd.2906;game.cn_qd.2907;game.cn_qd.2908;game.cn_qd.2909;game.cn_qd.2910;game.cn_qd.2911;game.cn_qd.2912;game.cn_qd.2913;game.cn_qd.2914;game.cn_qd.2915;game.cn_qd.2916;game.cn_qd.2917;game.cn_qd.2918;game.cn_qd.2919;game.cn_qd.2920;game.cn_qd.2921;game.cn_qd.2922;game.cn_qd.2923;game.cn_qd.2924;game.cn_qd.2925;game.cn_qd.2926;game.cn_qd.2927;game.cn_qd.2928;game.cn_qd.2929;game.cn_qd.2930;game.cn_qd.2931;game.cn_qd.2932;game.cn_qd.2933;game.cn_qd.2934;game.cn_qd.2935;game.cn_qd.2936;game.cn_qd.2937;game.cn_qd.2938;game.cn_qd.2939;game.cn_qd.2940;game.cn_qd.2941;game.cn_qd.2942;game.cn_qd.2943;game.cn_qd.2944;game.cn_qd.2945;game.cn_qd.2946>,18,30108
