变量名,_beizhu,huodongID,taskType,taskParam,taskSpecialParam,desc,award,vip,activeDays,jumpTo
默认值,"""""",0,0,9999,{},"""""",{},0,0,""""""
ID,备注,活动版本ID,任务类型;普通关卡战斗次数0;困难关卡战斗次数1;活动副本战斗次数2;竞技场战斗次数3;钻石十连抽4;钻石单抽5;装备十连抽6;装备单抽7;开金宝箱8;购买体力9;充值钻石10;装备强化11;装备铸炼12;装备升星13;点金14;VIP等级15;考古16;,任务参数,任务特殊参数,描述,奖励,vip限制,新增,新增
101,5级等级礼包_测试任务,8827,1,5,,等级达到5级,{gold=100000;rmb=100;11=30;5000=10},,,
102,10级等级礼包,8827,1,10,,等级达到10级,{gold=150000;rmb=200;11=30;19=5},,,
103,15级等级礼包,8827,1,15,,等级达到15级,{gold=200000;rmb=300;11=30;100=5},,,
104,20级等级礼包,8827,1,20,,等级达到20级,{gold=250000;rmb=300;12=20;800=5},,,
105,25级等级礼包,8827,1,25,,等级达到25级,{gold=300000;rmb=400;12=20;801=5},,,
106,30级等级礼包,8827,1,30,,等级达到30级,{gold=350000;rmb=400;12=20;451=5},,,
107,35级等级礼包,8827,1,35,,等级达到35级,{gold=400000;rmb=500;13=15;452=6},,,
108,40级等级礼包,8827,1,40,,等级达到40级,{gold=450000;rmb=500;13=15;800=10},,,
109,45级等级礼包,8827,1,45,,等级达到45级,{gold=500000;rmb=600;13=15;801=10},,,
,,,,,,,,,,
201,普通副本挑战_测试任务,8828,29,10,,普通关卡战斗10次,{gold=20000;rmb=100},,,
202,普通副本挑战,8828,29,15,,普通关卡战斗20次,{gold=20000;rmb=200},,,
203,普通副本挑战,8828,29,30,,普通关卡战斗30次,{gold=20000;rmb=300},,,
204,普通副本挑战,8828,29,40,,普通关卡战斗40次,{gold=20000;rmb=400},,,
205,普通副本挑战,8828,29,50,,普通关卡战斗50次,{gold=20000;13=14},,,
206,普通副本挑战,8828,29,60,,普通关卡战斗60次,{gold=20000;12=15},,,
207,普通副本挑战,8828,29,70,,普通关卡战斗70次,{gold=20000;11=16},,,
,,,,,,,,,,
301,购买体力_测试任务,8829,26,1,,购买体力1次,{gold=20000;rmb=10},,,
302,购买体力,8829,26,2,,购买体力2次,{gold=20000;rmb=11},,,
303,购买体力,8829,26,3,,购买体力3次,{31301=1;rmb=12},,,
304,购买体力,8829,26,4,,购买体力4次,{card={id=12};rmb=12},,,
305,购买体力,8829,26,5,,购买体力5次,{card={id=13};rmb=12},,,
306,购买体力,8829,26,6,,购买体力6次,{card={id=1};rmb=12},,,
307,购买体力,8829,26,7,,购买体力7次,{card={id=21};rmb=12},,,
,,,,,,,,,,
401,累积登录_测试任务,8830,17,1,,累计登录1天,{gold=2000;rmb=10},,,
402,累积登录,8830,17,2,,累计登录2天,{gold=2000;rmb=10},,,
403,累积登录,8830,17,3,,累计登录3天,{gold=2000;rmb=10},,,
404,累积登录,8830,17,4,,累计登录4天,{gold=2000;rmb=10},,,
405,累积登录,8830,17,5,,累计登录5天,{gold=2000;rmb=10},,,
406,累积登录,8830,17,6,,累计登录6天,{gold=2000;rmb=10},,,
407,累积登录,8830,17,7,,累计登录7天,{gold=2000;rmb=10},,,
,,,,,,,,,,
501,测试任务,100033,1,25,,角色等级达到25级,{gold=2000;rmb=10},,,
502,测试任务,100033,2,10102,,通关第一章第2关卡,{gold=2000;rmb=10},,,
503,测试任务,100033,3,5,,拥有5个任意精灵,{gold=2000;rmb=10},,,
504,测试任务,100033,5,7,,VIP等级达到7级,{gold=2000;rmb=10},,,
505,测试任务,100033,6,10000,,战斗力达到10000,{gold=2000;rmb=10},,,
506,测试任务,100033,9,,{5=3},拥有5个A级精灵,{gold=2000;rmb=10},,,
507,测试任务,100033,10,,{2=4},拥有4星精灵2个,{gold=2000;rmb=10},,,
508,测试任务,100033,11,,{1=3},拥有蓝色饰品1个,{gold=2000;rmb=10},,,
509,测试任务,100033,12,,{1=2},拥有2星饰品1个,{gold=2000;rmb=10},,,
510,测试任务,100033,13,1,,激活妙蛙种子,{gold=2000;rmb=10},,,
511,测试任务,100033,15,,,今日登录,{gold=2000;rmb=10},,,
512,测试任务,100033,17,2,,登录2天,{gold=2000;rmb=10},,,
513,测试任务,100033,18,2,,累计聚宝2次,{gold=2000;rmb=10},,,
514,测试任务,100033,19,10000,,累计获得10000金币,{gold=2000;rmb=10},,,
515,测试任务,100033,20,10000,,累计消耗10000金币,{gold=2000;rmb=10},,,
516,测试任务,100033,21,500,,累计消费500钻石,{gold=2000;rmb=10},,,
517,测试任务,100033,22,500,,累计充值500钻石,{gold=2000;rmb=10},,,
518,测试任务,100033,26,2,,累计购买体力2次,{gold=2000;rmb=10},,,
519,测试任务,100033,29,2,,累计挑战普通关卡2次,{gold=2000;rmb=10},,,
520,测试任务,100033,30,1,,累计挑战困难关卡1次,{gold=2000;rmb=10},,,
521,测试任务,100033,31,1,,累计挑战噩梦关卡1次,{gold=2000;rmb=10},,,
522,测试任务,100033,32,2,,累计通关活动副本2次,{gold=2000;rmb=10},,,
523,测试任务,100033,33,2,,累计通关任意关卡2次,{gold=2000;rmb=10},,,
524,测试任务,100033,34,10,,任意精灵技能升级10次,{gold=2000;rmb=10},,,
525,测试任务,100033,35,5,,累计精灵进阶5次,{gold=2000;rmb=10},,,
526,测试任务,100033,36,5,,累计精灵升级5次,{gold=2000;rmb=10},,,
527,测试任务,100033,37,5,,累计精灵升星5次,{gold=2000;rmb=10},,,
528,测试任务,100033,38,5,,累计饰品强化5次,{gold=2000;rmb=10},,,
529,测试任务,100033,39,2,,累计饰品突破2次,{gold=2000;rmb=10},,,
530,测试任务,100033,40,2,,累计饰品升星2次,{gold=2000;rmb=10},,,
531,测试任务,100033,41,5,,竞技场战斗5次,{gold=2000;rmb=10},,,
532,测试任务,100033,43,500,,竞技场积分达到20,{gold=2000;rmb=10},,,
533,测试任务,100033,44,10,,竞技场排名达到10,{gold=2000;rmb=10},,,
534,测试任务,100033,46,2,,进行钻石10连抽2次,{gold=2000;rmb=10},,,
535,测试任务,100033,47,2,,进行钻石单抽2次,{gold=2000;rmb=10},,,
536,测试任务,100033,48,2,,进行金币10连抽2次,{gold=2000;rmb=10},,,
537,测试任务,100033,49,2,,进行金币单抽2次,{gold=2000;rmb=10},,,
538,测试任务,100033,50,6,,钻石抽卡5次,{gold=2000;rmb=10},,,
539,测试任务,100033,51,6,,金币抽卡5次,{gold=2000;rmb=10},,,
540,测试任务,100033,52,6,,饰品抽卡5次,{gold=2000;rmb=10},,,
541,测试任务,100033,53,2,,进行饰品10连抽2次,{gold=2000;rmb=10},,,
542,测试任务,100033,54,2,,进行饰品单抽2次,{gold=2000;rmb=10},,,
543,测试任务,100033,55,3,,公会捐献3次,{gold=2000;rmb=10},,,
544,测试任务,100033,57,2,,公会发红包2次,{gold=2000;rmb=10},,,
545,测试任务,100033,58,2,,公会抢红包2次,{gold=2000;rmb=10},,,
546,测试任务,100033,59,1,,参与公会副本1次,{gold=2000;rmb=10},,,
547,测试任务,100033,60,2,,以太乐园通关2个房间,{gold=2000;rmb=10},,,
548,测试任务,100033,61,6,,以太乐园宝箱开启6次,{gold=2000;rmb=10},,,
549,测试任务,100033,62,100,,以太乐园当日积分达到100,{gold=2000;rmb=10},,,
550,测试任务,100033,63,300,,以太乐园积分达到300,{gold=2000;rmb=10},,,
551,测试任务,100033,64,2,,随机试炼塔累计通过2层数,{gold=2000;rmb=11},,,
552,测试任务,100033,66,3,,参与元素挑战胜利3次,{gold=2000;rmb=12},,,
553,测试任务,100033,67,3,,随机试炼塔最高通过3层数,{gold=2000;rmb=13},,,
554,测试任务,100033,70,3,,日常任务完成3次,{gold=2000;rmb=14},,,
555,测试任务,100033,83,3,,探险器组件升级3次,{gold=2000;rmb=10},,,
556,测试任务,100033,84,3,,探险器激活/进阶3次,{gold=2000;rmb=10},,,
557,测试任务,100033,85,3,,完成派遣任务3次,{gold=2000;rmb=10},,,
558,测试任务,100033,86,,{3=4},完成S品质派遣任务3次,{gold=2000;rmb=10},,,
559,测试任务,100033,87,3,,携带道具强化3次,{gold=2000;rmb=10},,,
560,测试任务,100033,88,3,,携带道具突破3次,{gold=2000;rmb=10},,,
561,测试任务,100033,89,20,,努力值培养20次,{gold=2000;rmb=10},,,
562,测试任务,100033,90,10,,努力值普通培养10次,{gold=2000;rmb=10},,,
563,测试任务,100033,91,10,,努力值高级培养10次,{gold=2000;rmb=10},,,
564,测试任务,100033,92,3,,潜能升级3次,{gold=2000;rmb=10},,,
565,测试任务,100033,95,10,,限定抽卡10次,{gold=2000;rmb=10},,,
566,测试任务,100033,96,3,,钻石和限定抽卡3次,{gold=2000;rmb=10},,,
,,,,,,,,,,
601,测试任务,100034,64,2,,随机试炼塔累计通过2层数,{gold=2000;rmb=11},,,
602,测试任务,100034,67,3,,随机试炼塔最高通过3层数,{gold=2000;rmb=13},,,
603,测试任务,100034,60,2,,以太乐园通关2个房间,{gold=2000;rmb=10},,,
,,,,,,,,,,
611,5级等级礼包_测试任务,100035,1,5,,等级达到5级,{gold=100000;rmb=100;11=30;5000=10},,,
612,10级等级礼包,100035,1,10,,等级达到10级,{gold=150000;rmb=200;11=30;19=5},,,
613,15级等级礼包,100035,1,15,,等级达到15级,{gold=200000;rmb=300;11=30;100=5},,,
,,,,,,,,,,
621,20级等级礼包,100036,1,20,,等级达到20级,{gold=250000;rmb=300;12=20;800=5},,,
622,25级等级礼包,100036,1,25,,等级达到25级,{gold=300000;rmb=400;12=20;801=5},,,
623,30级等级礼包,100036,1,30,,等级达到30级,{gold=350000;rmb=400;12=20;451=5},,,
,,,,,,,,,,
,,,,,,,,,,
1001,开服活动-抽卡送暴鲤龙,1001,51,10,,在金币抽卡中抽卡10次,{20631=2;gold=10000;13=10},,,
1002,开服活动-抽卡送暴鲤龙,1001,51,20,,在金币抽卡中抽卡20次,{20631=2;gold=20000;13=10},,,
1003,开服活动-抽卡送暴鲤龙,1001,50,2,,在钻石抽卡中抽卡2次,{20631=2;gold=20000;13=10},,,
1004,开服活动-抽卡送暴鲤龙,1001,50,10,,在钻石抽卡中抽卡10次,{20631=4;gold=20000;13=10},,,
1005,开服活动-抽卡送暴鲤龙,1001,50,20,,在钻石抽卡中抽卡20次,{20631=6;gold=30000;13=10},,,
1006,开服活动-抽卡送暴鲤龙,1001,50,30,,在钻石抽卡中抽卡30次,{20631=6;gold=40000;13=10},,,
1007,开服活动-抽卡送暴鲤龙,1001,50,40,,在钻石抽卡中抽卡40次,{20631=8;gold=50000;14=10},,,
1008,开服活动-抽卡送暴鲤龙,1001,50,60,,在钻石抽卡中抽卡60次,{card={id=631};14=10;gold=60000},,,
1009,开服活动-抽卡送暴鲤龙,1001,50,80,,在钻石抽卡中抽卡80次,{talent_point=6;gold=80000;14=10},,,
1010,开服活动-抽卡送暴鲤龙,1001,50,100,,在钻石抽卡中抽卡100次,{20631=10;gold=100000;15=10},,,
1011,开服活动-抽卡送暴鲤龙,1001,50,120,,在钻石抽卡中抽卡120次,{20631=10;gold=120000;15=10},,,
1012,开服活动-抽卡送暴鲤龙,1001,50,150,,在钻石抽卡中抽卡150次,{card={id=631};15=10;gold=150000},,,
,,,,,,,,,,
1031,开服活动-充值送黏美龙,1002,22,60,,充值60钻石,{gold=60000;rmb=60;5000=20;501=1},,,
1032,开服活动-充值送黏美龙,1002,22,300,,充值300钻石,{gold=80000;503=3;13=20;501=1},,,
1033,开服活动-充值送黏美龙,1002,22,600,,充值600钻石,{gold=100000;503=5;2102=3;930=30},,,
1034,开服活动-充值送黏美龙,1002,22,980,,充值980钻石,{gold=120000;901=20;2102=3;501=1},,,
1035,开服活动-充值送黏美龙,1002,22,1980,,充值1980钻石,{card={id=3541};gold=140000;902=30;2102=3},,,
1036,开服活动-充值送黏美龙,1002,22,3280,,充值3280钻石,{gold=160000;502=15;2103=1;501=3},,,
1037,开服活动-充值送黏美龙,1002,22,6480,,充值6480钻石,{gold=180000;23541=50;2103=1;14=20},,,
1038,开服活动-充值送黏美龙,1002,22,9680,,充值9680钻石,{gold=200000;213=1;223=1;14=20},,,
1039,开服活动-充值送黏美龙,1002,22,12000,,充值12000钻石,{gold=220000;23541=100;2103=2;14=30},,,
1040,开服活动-充值送黏美龙,1002,22,15000,,充值15000钻石,{gold=250000;203=1;233=1;14=50},,,
1041,开服活动-充值送黏美龙,1002,22,20000,,充值20000钻石,{gold=300000;23541=100;942=1;14=50},,,
1042,开服活动-充值送黏美龙,1002,22,25000,,充值25000钻石.,{gold=500000;502=50;902=50;14=50},,,
,,,,,,,,,,
1051,开服活动-充值送火焰鸟,1003,22,60,,充值60钻石,{gold=60000;rmb=60;5000=20;14=10},,,
1052,开服活动-充值送火焰鸟,1003,22,300,,充值300钻石,{gold=80000;901=20;2102=3;14=10},,,
1053,开服活动-充值送火焰鸟,1003,22,600,,充值600钻石,{gold=100000;501=2;2102=3;14=10},,,
1054,开服活动-充值送火焰鸟,1003,22,1280,,充值1280钻石,{gold=120000;519=10;2102=3;14=15},,,
1055,开服活动-充值送火焰鸟,1003,22,1980,,充值1980钻石,{gold=140000;502=10;19=10;14=15},,,
1056,开服活动-充值送火焰鸟,1003,22,3280,,充值3280钻石,{gold=160000;519=10;2103=1;14=20},,,
1057,开服活动-充值送火焰鸟,1003,22,6480,,充值6480钻石,{card={id=741};gold=180000;2103=1;14=20},,,
1058,开服活动-充值送火焰鸟,1003,22,9680,,充值9680钻石,{gold=200000;213=1;223=1;14=20},,,
1059,开服活动-充值送火焰鸟,1003,22,12000,,充值12000钻石,{gold=220000;20741=100;2103=2;14=30},,,
1060,开服活动-充值送火焰鸟,1003,22,15000,,充值15000钻石,{gold=250000;203=1;233=1;14=40},,,
1061,开服活动-充值送火焰鸟,1003,22,20000,,充值20000钻石,{gold=300000;20741=100;942=1;14=50},,,
1062,开服活动-充值送火焰鸟,1003,22,25000,,充值25000钻石,{gold=500000;502=50;902=50;14=50},,,
,,,,,,,,,,
1071,开服活动-消耗送小磁怪,1004,21,300,,累计消耗300钻石,{gold=60000;5000=10;930=10},,,
1072,开服活动-消耗送小磁怪,1004,21,1000,,累计消耗1000钻石,{gold=80000;5000=15;20331=10},,,
1073,开服活动-消耗送小磁怪,1004,21,2000,,累计消耗2000钻石,{gold=80000;5000=10;452=20},,,
1074,开服活动-消耗送小磁怪,1004,21,4000,,累计消耗4000钻石,{gold=100000;5000=15;20331=20},,,
1075,开服活动-消耗送小磁怪,1004,21,7000,,累计消耗7000钻石,{gold=120000;5000=15;452=30},,,
1076,开服活动-消耗送小磁怪,1004,21,10000,,累计消耗10000钻石,{gold=120000;5000=15;20331=30},,,
1077,开服活动-消耗送小磁怪,1004,21,14000,,累计消耗14000钻石,{gold=140000;5000=20;452=40},,,
1078,开服活动-消耗送小磁怪,1004,21,18000,,累计消耗18000钻石,{gold=160000;5000=20;20331=40},,,
1079,开服活动-消耗送小磁怪,1004,21,22000,,累计消耗22000钻石,{gold=180000;5000=25;452=50},,,
1080,开服活动-消耗送小磁怪,1004,21,25000,,累计消耗25000钻石,{gold=200000;5000=30;20331=50},,,
,,,,,,,,,,
1091,开服活动-抽饰品箱子得天赋点和紫色携带道具,1005,52,10,,抽饰品魔方10次,{gold=20000;talent_point=2;516=1;941=1},,,
1092,开服活动-抽饰品箱子得天赋点和紫色携带道具,1005,52,30,,抽饰品魔方30次,{gold=30000;talent_point=3;516=1},,,
1093,开服活动-抽饰品箱子得天赋点和紫色携带道具,1005,52,60,,抽饰品魔方60次,{gold=40000;talent_point=4;516=2;941=1},,,
1094,开服活动-抽饰品箱子得天赋点和紫色携带道具,1005,52,100,,抽饰品魔方100次,{gold=50000;talent_point=5;516=3},,,
1095,开服活动-抽饰品箱子得天赋点和紫色携带道具,1005,52,150,,抽饰品魔方150次,{gold=60000;talent_point=6;516=4;942=1},,,
1096,开服活动-抽饰品箱子得天赋点和紫色携带道具,1005,52,200,,抽饰品魔方200次,{gold=80000;talent_point=8;516=4},,,
1097,开服活动-抽饰品箱子得天赋点和紫色携带道具,1005,52,300,,抽饰品魔方300次,{gold=100000;talent_point=8;516=5;942=1},,,
,,,,,,,,,,
1101,开服活动-累积登录,1006,17,1,,累计登录1天,{rmb=100;519=10;930=5;gold=10000},,,
1102,开服活动-累积登录,1006,17,2,,累计登录2天,{card={id=271};rmb=100;31201=1;gold=10000},,,
1103,开服活动-累积登录,1006,17,3,,累计登录3天,{card={id=391};rmb=100;13=20;gold=12000},,,
1104,开服活动-累积登录,1006,17,4,,累计登录4天,{rmb=120;100=3;503=2;gold=12000},,,
1105,开服活动-累积登录,1006,17,5,,累计登录5天,{rmb=120;501=1;451=30;gold=15000},,,
1106,开服活动-累积登录,1006,17,6,,累计登录6天,{rmb=120;talent_point=3;502=2;gold=20000},,,
1107,开服活动-累积登录,1006,17,7,,累计登录7天,{card={id=771};rmb=150;13=20;gold=30000},,,
,,,,,,,,,,
1201,开服活动-等级礼包,1007,1,5,,等级达到5级,{rmb=50;20091=5;12=3;gold=5000},,,
1202,开服活动-等级礼包,1007,1,10,,等级达到10级,{rmb=50;20091=5;930=3;gold=5000},,,
1203,开服活动-等级礼包,1007,1,15,,等级达到15级,{rmb=50;20091=5;13=5;gold=8000},,,
1204,开服活动-等级礼包,1007,1,20,,等级达到20级,{rmb=50;20091=5;5000=5;gold=8000},,,
1205,开服活动-等级礼包,1007,1,25,,等级达到25级,{rmb=50;20091=5;940=1;gold=10000},,,
1206,开服活动-等级礼包,1007,1,30,,等级达到30级,{rmb=50;20091=5;talent_point=2;gold=10000},,,
1207,开服活动-等级礼包,1007,1,33,,等级达到33级,{rmb=50;20091=5;901=5;gold=15000},,,
1208,开服活动-等级礼包,1007,1,36,,等级达到36级,{rmb=50;20091=5;452=10;gold=20000},,,
1209,开服活动-等级礼包,1007,1,39,,等级达到39级,{rmb=50;20091=5;14=5;gold=25000},,,
1210,开服活动-等级礼包,1007,1,42,,等级达到42级,{rmb=50;20091=5;100=3;gold=30000},,,
1211,开服活动-等级礼包,1007,1,45,,等级达到45级,{rmb=50;20091=5;930=10;gold=35000},,,
1212,开服活动-等级礼包,1007,1,48,,等级达到48级,{rmb=50;20091=5;5000=10;gold=40000},,,
1213,开服活动-等级礼包,1007,1,50,,等级达到50级,{rmb=50;20391=5;941=1;gold=45000},,,
1214,开服活动-等级礼包,1007,1,52,,等级达到52级,{rmb=50;20391=5;talent_point=2;gold=50000},,,
1215,开服活动-等级礼包,1007,1,54,,等级达到54级,{rmb=50;20391=5;901=5;gold=60000},,,
1216,开服活动-等级礼包,1007,1,56,,等级达到56级,{rmb=50;20391=5;452=10;gold=70000},,,
1217,开服活动-等级礼包,1007,1,58,,等级达到58级,{rmb=50;20391=5;14=5;gold=80000},,,
1218,开服活动-等级礼包,1007,1,60,,等级达到60级.,{rmb=50;20391=5;100=3;gold=90000},,,
1219,开服活动-等级礼包,1007,1,62,,等级达到62级,{rmb=50;20391=5;941=1;gold=100000},,,
1220,开服活动-等级礼包,1007,1,64,,等级达到64级,{rmb=50;20391=5;talent_point=2;gold=110000},,,
1221,开服活动-等级礼包,1007,1,66,,等级达到66级,{rmb=50;20391=5;901=5;gold=120000},,,
1222,开服活动-等级礼包,1007,1,68,,等级达到68级,{rmb=50;20391=5;452=10;gold=130000},,,
1223,开服活动-等级礼包,1007,1,70,,等级达到70级,{rmb=50;20391=5;14=5;gold=140000},,,
1224,开服活动-等级礼包,1007,1,72,,等级达到72级,{rmb=50;20391=5;100=3;gold=150000},,,
1225,开服活动-等级礼包,1007,1,74,,等级达到74级,{rmb=50;20391=5;941=1;gold=160000},,,
1226,开服活动-等级礼包,1007,1,76,,等级达到76级,{rmb=50;20391=5;talent_point=2;gold=170000},,,
1227,开服活动-等级礼包,1007,1,78,,等级达到78级,{rmb=50;20391=5;901=5;gold=180000},,,
1228,开服活动-等级礼包,1007,1,80,,等级达到80级,{rmb=50;20391=5;452=10;gold=190000},,,
1229,开服活动-等级礼包,1007,1,82,,等级达到82级,{rmb=50;20391=5;14=5;gold=200000},,,
1241,开服活动-等级礼包,1007,1,84,,等级达到84级,{rmb=50;20391=5;100=3;gold=210000},,,
1242,开服活动-等级礼包,1007,1,86,,等级达到86级,{rmb=50;20391=5;452=10;gold=220000},,,
1243,开服活动-等级礼包,1007,1,88,,等级达到88级.,{rmb=50;20391=5;14=5;gold=230000},,,
1244,开服活动-等级礼包,1007,1,90,,等级达到90级,{rmb=50;20391=5;100=3;gold=240000},,,
,,,,,,,,,,
1230,开服活动-消耗送普通和神兽万能碎片,1008,21,300,,累计消耗300钻石,{gold=60000;503=1;13=10},,,
1231,开服活动-消耗送普通和神兽万能碎片,1008,21,600,,累计消耗600钻石,{gold=60000;503=1;13=10},,,
1232,开服活动-消耗送普通和神兽万能碎片,1008,21,1000,,累计消耗1000钻石,{gold=80000;503=1;13=20},,,
1233,开服活动-消耗送普通和神兽万能碎片,1008,21,2000,,累计消耗2000钻石,{gold=80000;503=2;14=10},,,
1234,开服活动-消耗送普通和神兽万能碎片,1008,21,3000,,累计消耗3000钻石,{gold=80000;503=2;14=10},,,
1235,开服活动-消耗送普通和神兽万能碎片,1008,21,5000,,累计消耗5000钻石,{gold=100000;502=10;14=10},,,
1236,开服活动-消耗送普通和神兽万能碎片,1008,21,7000,,累计消耗7000钻石,{gold=120000;502=10;15=10},,,
1237,开服活动-消耗送普通和神兽万能碎片,1008,21,10000,,累计消耗10000钻石,{gold=140000;502=15;902=20},,,
1238,开服活动-消耗送普通和神兽万能碎片,1008,21,15000,,累计消耗15000钻石,{gold=160000;502=15;902=20},,,
1239,开服活动-消耗送普通和神兽万能碎片,1008,21,20000,,累计消耗20000钻石,{gold=180000;521=30;902=30},,,
1240,开服活动-消耗送普通和神兽万能碎片,1008,21,30000,,累计消耗30000钻石.,{gold=200000;521=50;902=30},,,
,,,,,,,,,,
1250,开服活动-抽卡送梦幻碎片,1009,51,10,,金币抽卡10次,{20771=2;gold=10000;13=10},,,
1251,开服活动-抽卡送梦幻碎片,1009,51,20,,金币抽卡20次,{20771=2;gold=20000;13=10},,,
1252,开服活动-抽卡送梦幻碎片,1009,50,2,,钻石抽卡2次,{20771=2;gold=20000;13=10},,,
1253,开服活动-抽卡送梦幻碎片,1009,50,10,,钻石抽卡10次,{20771=4;gold=30000;12=10},,,
1254,开服活动-抽卡送梦幻碎片,1009,50,20,,钻石抽卡20次,{20771=4;gold=40000;12=10},,,
1255,开服活动-抽卡送梦幻碎片,1009,50,30,,钻石抽卡30次,{20771=6;gold=50000;12=10;519=5},,,
1256,开服活动-抽卡送梦幻碎片,1009,50,40,,钻石抽卡40次,{20771=6;gold=60000;13=10},,,
1257,开服活动-抽卡送梦幻碎片,1009,50,60,,钻石抽卡60次,{20771=8;gold=80000;13=10},,,
1258,开服活动-抽卡送梦幻碎片,1009,50,80,,钻石抽卡80次,{20771=10;gold=100000;13=10},,,
1259,开服活动-抽卡送梦幻碎片,1009,50,100,,钻石抽卡100次,{20771=15;gold=120000;13=10;519=10},,,
1260,开服活动-抽卡送梦幻碎片,1009,50,120,,钻石抽卡120次,{20771=20;gold=150000;14=10},,,
1261,开服活动-抽卡送梦幻碎片,1009,50,150,,钻石抽卡150次,{20771=25;gold=150000;14=10},,,
,,,,,,,,,,
1271,开服活动-累积登录,1010,17,1,,累计登录1天,{rmb=50;520=1;gold=10000},,,
1272,开服活动-累积登录,1010,17,2,,累计登录2天,{rmb=50;503=1;gold=10000},,,
1273,开服活动-累积登录,1010,17,3,,累计登录3天,{rmb=100;519=1;gold=12000},,,
1274,开服活动-累积登录,1010,17,4,,累计登录4天,{rmb=50;502=3;gold=12000},,,
1275,开服活动-累积登录,1010,17,5,,累计登录5天,{rmb=50;501=1;gold=15000},,,
1276,开服活动-累积登录,1010,17,6,,累计登录6天,{rmb=50;503=1;gold=20000},,,
1277,开服活动-累积登录,1010,17,7,,累计登录7天,{rmb=100;6050=1;gold=30000},,,
,,,,,,,,,,
1281,开服活动-抽探险器,1011,94,5,,探险寻宝5次,{gold=20000;4000=50;961=1},,,
1282,开服活动-抽探险器,1011,94,10,,探险寻宝10次,{gold=30000;4000=50;961=1},,,
1283,开服活动-抽探险器,1011,94,30,,探险寻宝30次,{gold=40000;4000=100;962=1},,,
1284,开服活动-抽探险器,1011,94,50,,探险寻宝50次,{gold=50000;4000=100;962=1},,,
1285,开服活动-抽探险器,1011,94,70,,探险寻宝70次,{gold=60000;4000=100;962=1},,,
1286,开服活动-抽探险器,1011,94,100,,探险寻宝100次,{gold=80000;4000=200;963=1},,,
1287,开服活动-抽探险器,1011,94,150,,探险寻宝150次,{gold=100000;4000=200;963=1},,,
,,,,,,,,,,
1291,开服活动-累积登录,1012,17,1,,累计登录1天,{rmb=50;502=2;gold=10000},,,
1292,开服活动-累积登录,1012,17,2,,累计登录2天,{rmb=50;503=1;gold=10000},,,
1293,开服活动-累积登录,1012,17,3,,累计登录3天,{rmb=100;519=1;gold=12000},,,
1294,开服活动-累积登录,1012,17,4,,累计登录4天,{rmb=50;502=3;gold=12000},,,
1295,开服活动-累积登录,1012,17,5,,累计登录5天,{rmb=50;501=1;gold=15000},,,
1296,开服活动-累积登录,1012,17,6,,累计登录6天,{rmb=50;520=1;gold=20000},,,
1297,开服活动-累积登录,1012,17,7,,累计登录7天,{rmb=100;502=6;gold=30000},,,
,,,,,,,,,,
1300,开服活动-充值送水君-正式改版,1013,22,60,,充值60钻石,{gold=60000;rmb=60;5000=20;501=1},,,
1301,开服活动-充值送水君-正式改版,1013,22,300,,充值300钻石,{gold=80000;503=3;13=20;501=1},,,
1302,开服活动-充值送水君-正式改版,1013,22,600,,充值600钻石,{gold=100000;503=5;2102=3;930=30},,,
1303,开服活动-充值送水君-正式改版,1013,22,980,,充值980钻石,{gold=120000;901=20;2102=3;501=1},,,
1304,开服活动-充值送水君-正式改版,1013,22,1980,,充值1980钻石,{card={id=1241};gold=140000;902=30;2102=3},,,
1305,开服活动-充值送水君-正式改版,1013,22,3280,,充值3280钻石,{gold=160000;502=15;2103=1;501=3},,,
1306,开服活动-充值送水君-正式改版,1013,22,6480,,充值6480钻石,{gold=180000;21241=50;2103=1;14=20},,,
1307,开服活动-充值送水君-正式改版,1013,22,9680,,充值9680钻石,{gold=200000;212=1;222=1;14=20},,,
1308,开服活动-充值送水君-正式改版,1013,22,12000,,充值12000钻石,{gold=220000;21241=100;2103=2;14=30},,,
1309,开服活动-充值送水君-正式改版,1013,22,15000,,充值15000钻石,{gold=250000;202=1;232=1;14=50},,,
1310,开服活动-充值送水君-正式改版,1013,22,20000,,充值20000钻石,{gold=300000;21241=100;942=1;14=50},,,
1311,开服活动-充值送水君-正式改版,1013,22,25000,,充值25000钻石,{gold=500000;502=50;902=50;14=50},,,
,,,,,,,,,,
1321,开服活动-充值送炎帝-正式改版,1014,22,60,,充值60钻石,{gold=60000;rmb=60;5000=20;14=10},,,
1322,开服活动-充值送炎帝-正式改版,1014,22,300,,充值300钻石,{gold=80000;901=20;2102=3;14=10},,,
1323,开服活动-充值送炎帝-正式改版,1014,22,600,,充值600钻石,{gold=100000;501=2;2102=3;14=10},,,
1324,开服活动-充值送炎帝-正式改版,1014,22,1280,,充值1280钻石,{gold=120000;519=10;2102=3;14=15},,,
1325,开服活动-充值送炎帝-正式改版,1014,22,1980,,充值1980钻石,{gold=140000;502=10;19=10;14=15},,,
1326,开服活动-充值送炎帝-正式改版,1014,22,3280,,充值3280钻石,{gold=160000;519=10;2103=1;14=20},,,
1327,开服活动-充值送炎帝-正式改版,1014,22,6480,,充值6480钻石,{card={id=1231};gold=180000;2103=1;14=20},,,
1328,开服活动-充值送炎帝-正式改版,1014,22,9680,,充值9680钻石,{gold=200000;213=1;223=1;14=20},,,
1329,开服活动-充值送炎帝-正式改版,1014,22,12000,,充值12000钻石,{gold=220000;21231=100;2103=2;14=30},,,
1330,开服活动-充值送炎帝-正式改版,1014,22,15000,,充值15000钻石,{gold=250000;203=1;233=1;14=40},,,
1331,开服活动-充值送炎帝-正式改版,1014,22,20000,,充值20000钻石,{gold=300000;21231=100;942=1;14=50},,,
1332,开服活动-充值送炎帝-正式改版,1014,22,25000,,充值25000钻石,{gold=500000;502=50;902=50;14=50},,,
,,,,,,,,,,
1341,开服8~10活动-抽卡送巨金怪,1015,51,10,,金币抽卡10次,{21901=2;gold=10000;13=10},,,
1342,开服8~10活动-抽卡送巨金怪,1015,51,20,,金币抽卡20次,{21901=2;gold=20000;13=10},,,
1343,开服8~10活动-抽卡送巨金怪,1015,50,2,,钻石抽卡2次,{21901=2;gold=20000;13=10},,,
1344,开服8~10活动-抽卡送巨金怪,1015,50,10,,钻石抽卡10次,{21901=4;gold=20000;13=10},,,
1345,开服8~10活动-抽卡送巨金怪,1015,50,20,,钻石抽卡20次,{21901=6;gold=30000;13=10},,,
1346,开服8~10活动-抽卡送巨金怪,1015,50,30,,钻石抽卡30次,{21901=6;gold=40000;13=10},,,
1347,开服8~10活动-抽卡送巨金怪,1015,50,40,,钻石抽卡40次,{21901=8;gold=50000;14=10},,,
1348,开服8~10活动-抽卡送巨金怪,1015,50,60,,钻石抽卡60次,{card={id=1901};14=10;gold=60000},,,
1349,开服8~10活动-抽卡送巨金怪,1015,50,80,,钻石抽卡80次,{talent_point=6;gold=80000;14=10},,,
1350,开服8~10活动-抽卡送巨金怪,1015,50,100,,钻石抽卡100次,{21901=10;gold=100000;15=10},,,
1351,开服8~10活动-抽卡送巨金怪,1015,50,120,,钻石抽卡120次,{21901=10;gold=120000;15=10},,,
1352,开服8~10活动-抽卡送巨金怪,1015,50,150,,钻石抽卡150次,{card={id=1901};15=10;gold=150000},,,
,,,,,,,,,,
1361,开服活动-充值送炎帝-正式改版替换up,1016,22,60,,充值60钻石,{gold=60000;rmb=60;5000=20;14=10},,,
1362,开服活动-充值送炎帝-正式改版替换up,1016,22,300,,充值300钻石,{gold=80000;901=20;2102=3;14=10},,,
1363,开服活动-充值送炎帝-正式改版替换up,1016,22,600,,充值600钻石,{gold=100000;501=2;2102=3;14=10},,,
1364,开服活动-充值送炎帝-正式改版替换up,1016,22,1280,,充值1280钻石,{gold=120000;527=10;2102=3;14=15},,,
1365,开服活动-充值送炎帝-正式改版替换up,1016,22,1980,,充值1980钻石,{gold=140000;502=10;19=10;14=15},,,
1366,开服活动-充值送炎帝-正式改版替换up,1016,22,3280,,充值3280钻石,{gold=160000;527=10;2103=1;14=20},,,
1367,开服活动-充值送炎帝-正式改版替换up,1016,22,6480,,充值6480钻石,{card={id=1231};gold=180000;2103=1;14=20},,,
1368,开服活动-充值送炎帝-正式改版替换up,1016,22,9680,,充值9680钻石,{gold=200000;213=1;223=1;14=20},,,
1369,开服活动-充值送炎帝-正式改版替换up,1016,22,12000,,充值12000钻石,{gold=220000;21231=100;2103=2;14=30},,,
1370,开服活动-充值送炎帝-正式改版替换up,1016,22,15000,,充值15000钻石,{gold=250000;203=1;233=1;14=40},,,
1371,开服活动-充值送炎帝-正式改版替换up,1016,22,20000,,充值20000钻石,{gold=300000;21231=100;942=1;14=50},,,
1372,开服活动-充值送炎帝-正式改版替换up,1016,22,25000,,充值25000钻石,{gold=500000;502=50;902=50;14=50},,,
,,,,,,,,,,
1380,开服活动-充值送水君-正式改版-韩服提高到5000,1017,22,60,,充值60钻石,{gold=60000;rmb=60;5000=20;501=1},,,
1381,开服活动-充值送水君-正式改版-韩服提高到5000,1017,22,300,,充值300钻石,{gold=80000;503=3;13=20;501=1},,,
1382,开服活动-充值送水君-正式改版-韩服提高到5000,1017,22,600,,充值600钻石,{gold=100000;503=5;2102=3;930=30},,,
1383,开服活动-充值送水君-正式改版-韩服提高到5000,1017,22,980,,充值980钻石,{gold=120000;901=20;2102=3;501=1},,,
1384,开服活动-充值送水君-正式改版-韩服提高到5000,1017,22,1980,,充值1980钻石,{card={id=1241};gold=140000;902=30;2102=3},,,
1385,开服活动-充值送水君-正式改版-韩服提高到5000,1017,22,3280,,充值3280钻石,{gold=160000;502=15;2103=1;501=3},,,
1386,开服活动-充值送水君-正式改版-韩服提高到5000,1017,22,6480,,充值6480钻石,{gold=180000;21241=50;2103=1;14=20},,,
1387,开服活动-充值送水君-正式改版-韩服提高到5000,1017,22,9680,,充值9680钻石,{gold=200000;212=1;222=1;14=20},,,
1388,开服活动-充值送水君-正式改版-韩服提高到5000,1017,22,12000,,充值12000钻石,{gold=220000;21241=100;2103=2;14=30},,,
1389,开服活动-充值送水君-正式改版-韩服提高到5000,1017,22,15000,,充值15000钻石,{gold=250000;202=1;232=1;14=50},,,
1390,开服活动-充值送水君-正式改版-韩服提高到5000,1017,22,20000,,充值20000钻石,{gold=300000;21241=100;942=1;14=50},,,
1391,开服活动-充值送水君-正式改版-韩服提高到5000,1017,22,25000,,充值25000钻石,{gold=500000;502=50;902=50;14=50},,,
1392,开服活动-充值送水君-正式改版-韩服提高到5000,1017,22,30000,,充值30000钻石,{gold=500000;902=50;963=2;14=70},,,
1393,开服活动-充值送水君-正式改版-韩服提高到5000,1017,22,40000,,充值40000钻石,{gold=500000;2152=3;501=5;14=70},,,
1394,开服活动-充值送水君-正式改版-韩服提高到5000,1017,22,50000,,充值50000钻石,{gold=500000;521=30;604=50;14=100},,,
,,,,,,,,,,
1400,开服活动-充值送炎帝-正式改版-韩服提高到5000,1018,22,60,,充值60钻石,{gold=60000;rmb=60;5000=20;14=10},,,
1401,开服活动-充值送炎帝-正式改版-韩服提高到5000,1018,22,300,,充值300钻石,{gold=80000;901=20;2102=3;14=10},,,
1402,开服活动-充值送炎帝-正式改版-韩服提高到5000,1018,22,600,,充值600钻石,{gold=100000;501=2;2102=3;14=10},,,
1403,开服活动-充值送炎帝-正式改版-韩服提高到5000,1018,22,1280,,充值1280钻石,{gold=120000;519=10;2102=3;14=15},,,
1404,开服活动-充值送炎帝-正式改版-韩服提高到5000,1018,22,1980,,充值1980钻石,{gold=140000;502=10;19=10;14=15},,,
1405,开服活动-充值送炎帝-正式改版-韩服提高到5000,1018,22,3280,,充值3280钻石,{gold=160000;519=10;2103=1;14=20},,,
1406,开服活动-充值送炎帝-正式改版-韩服提高到5000,1018,22,6480,,充值6480钻石,{card={id=1231};gold=180000;2103=1;14=20},,,
1407,开服活动-充值送炎帝-正式改版-韩服提高到5000,1018,22,9680,,充值9680钻石,{gold=200000;213=1;223=1;14=20},,,
1408,开服活动-充值送炎帝-正式改版-韩服提高到5000,1018,22,12000,,充值12000钻石,{gold=220000;21231=100;2103=2;14=30},,,
1409,开服活动-充值送炎帝-正式改版-韩服提高到5000,1018,22,15000,,充值15000钻石,{gold=250000;203=1;233=1;14=40},,,
1410,开服活动-充值送炎帝-正式改版-韩服提高到5000,1018,22,20000,,充值20000钻石,{gold=300000;21231=100;942=1;14=50},,,
1411,开服活动-充值送炎帝-正式改版-韩服提高到5000,1018,22,25000,,充值25000钻石,{gold=500000;502=50;902=50;14=50},,,
1412,开服活动-充值送炎帝-正式改版-韩服提高到5000,1018,22,30000,,充值30000钻石,{gold=500000;902=50;963=2;14=70},,,
1413,开服活动-充值送炎帝-正式改版-韩服提高到5000,1018,22,40000,,充值40000钻石,{gold=500000;2152=3;501=5;14=70},,,
1414,开服活动-充值送炎帝-正式改版-韩服提高到5000,1018,22,50000,,充值50000钻石,{gold=500000;521=30;604=50;14=100},,,
,,,,,,,,,,
1420,开服活动KR修改-消耗送小磁怪,1019,21,300,,累计消费300钻石,{gold=60000;5000=10;930=10},,,
1421,开服活动KR修改-消耗送小磁怪,1019,21,1000,,累计消费1000钻石,{gold=80000;5000=15;20331=10},,,
1422,开服活动KR修改-消耗送小磁怪,1019,21,2000,,累计消费2000钻石,{gold=80000;5000=10;452=20},,,
1423,开服活动KR修改-消耗送小磁怪,1019,21,4000,,累计消费4000钻石,{gold=100000;5000=15;20331=20},,,
1424,开服活动KR修改-消耗送小磁怪,1019,21,7000,,累计消费7000钻石,{gold=120000;5000=15;452=30},,,
1425,开服活动KR修改-消耗送小磁怪,1019,21,10000,,累计消费10000钻石,{gold=120000;5000=15;20331=30},,,
1426,开服活动KR修改-消耗送小磁怪,1019,21,15000,,累计消费15000钻石,{gold=140000;5000=20;452=40},,,
1427,开服活动KR修改-消耗送小磁怪,1019,21,20000,,累计消费20000钻石,{gold=160000;5000=20;20331=40},,,
1428,开服活动KR修改-消耗送小磁怪,1019,21,25000,,累计消费25000钻石,{gold=180000;5000=25;452=50},,,
1429,开服活动KR修改-消耗送小磁怪,1019,21,30000,,累计消费30000钻石,{gold=200000;5000=30;20331=50},,,
,,,,,,,,,,
2001,日常活动-每日充值,2001,22,300,,充值300钻石,{gold=100000;901=10;2102=10;501=2},,,
2002,日常活动-每日充值,2001,22,600,,充值600钻石,{gold=100000;901=15;2102=10;502=5},,,
2003,日常活动-每日充值,2001,22,980,,充值980钻石,{gold=200000;901=20;2102=20;talent_point=5},,,
2004,日常活动-每日充值,2001,22,1980,,充值1980钻石,{gold=300000;902=10;2103=10;502=10},,,
2005,日常活动-每日充值,2001,22,3280,,充值3280钻石,{gold=500000;902=15;2103=10;4000=300},,,
2006,日常活动-每日充值,2001,22,6480,,充值6480钻石,{gold=500000;902=20;2103=20;521=10},,,
,,,,,,,,,,
2011,日常活动-每日充值-kr改版,2002,22,300,,充值300钻石,{gold=100000;901=10;2102=10;501=2},,,
2012,日常活动-每日充值-kr改版,2002,22,600,,充值600钻石,{gold=100000;901=15;2102=10;502=8},,,
2013,日常活动-每日充值-kr改版,2002,22,980,,充值980钻石,{gold=200000;901=20;2102=20;talent_point=5},,,
2014,日常活动-每日充值-kr改版,2002,22,1980,,充值1980钻石,{gold=300000;902=10;2103=10;502=15},,,
2015,日常活动-每日充值-kr改版,2002,22,3280,,充值3280钻石,{gold=500000;902=15;2103=10;4000=300},,,
2016,日常活动-每日充值-kr改版,2002,22,6480,,充值6480钻石,{gold=500000;902=20;2103=20;521=15},,,
,,,,,,,,,,
2501,日常活动-开工福利小火龙,2051,1,35,,等级达到35级,{20011=1;29001=1;gold=20000;5000=10},,,
2502,日常活动-开工福利小火龙,2051,32,2,,活动副本战斗两次,{20011=1;29001=1;gold=20000;5000=10},,,
2503,日常活动-开工福利小火龙,2051,20,1000000,,金币消耗1000000,{20011=1;29001=1;gold=20000;5000=10},,,
2504,日常活动-开工福利小火龙,2051,26,5,,购买体力5次,{20011=1;29001=1;gold=20000;5000=10},,,
2505,日常活动-开工福利小火龙,2051,34,50,,技能升级50次,{20011=1;29001=1;gold=20000;5000=10},,,
2506,日常活动-开工福利小火龙,2051,41,8,,竞技场战斗8次,{20011=1;29001=1;gold=20000;5000=10},,,
2507,日常活动-开工福利小火龙,2051,64,5,,以太乐园通过5层,{20011=1;29001=1;gold=20000;5000=10},,,
2508,日常活动-开工福利小火龙,2051,18,5,,点金5次,{20011=1;29001=1;gold=20000;5000=10},,,
2509,日常活动-开工福利小火龙,2051,86,,{2=4},完成S级以上派遣任务2次,{20011=1;29001=1;gold=20000;5000=10},,,
2510,日常活动-开工福利小火龙,2051,58,1,,公会抢红包1次,{20011=1;29001=1;gold=20000;5000=10},,,
2511,日常活动-开工福利小火龙,2051,21,600,,累计消耗600钻石,{20011=1;29001=1;gold=20000;5000=10},,,
2512,日常活动-开工福利小火龙,2051,22,600,,充值600钻石,{21271=2;gold=200000;5000=20},,,
,,,,,,,,,,
2521,日常活动-开工福利妙蛙种子,2052,1,35,,等级达到35级,{20001=1;29001=1;gold=20000;5000=10},,,
2522,日常活动-开工福利妙蛙种子,2052,32,2,,活动副本战斗两次,{20001=1;29001=1;gold=20000;5000=10},,,
2523,日常活动-开工福利妙蛙种子,2052,20,1000000,,金币消耗1000000,{20001=1;29001=1;gold=20000;5000=10},,,
2524,日常活动-开工福利妙蛙种子,2052,26,5,,购买体力5次,{20001=1;29001=1;gold=20000;5000=10},,,
2525,日常活动-开工福利妙蛙种子,2052,34,50,,技能升级50次,{20001=1;29001=1;gold=20000;5000=10},,,
2526,日常活动-开工福利妙蛙种子,2052,41,8,,竞技场战斗8次,{20001=1;29001=1;gold=20000;5000=10},,,
2527,日常活动-开工福利妙蛙种子,2052,64,5,,以太乐园通过5层,{20001=1;29001=1;gold=20000;5000=10},,,
2528,日常活动-开工福利妙蛙种子,2052,18,5,,点金5次,{20001=1;29001=1;gold=20000;5000=10},,,
2529,日常活动-开工福利妙蛙种子,2052,86,,{2=4},完成S级以上派遣任务2次,{20001=1;29001=1;gold=20000;5000=10},,,
2530,日常活动-开工福利妙蛙种子,2052,58,1,,公会抢红包1次,{20001=1;29001=1;gold=20000;5000=10},,,
2531,日常活动-开工福利妙蛙种子,2052,21,600,,累计消耗600钻石,{20001=1;29001=1;gold=20000;5000=10},,,
2532,日常活动-开工福利妙蛙种子,2052,22,600,,充值600钻石,{21271=2;gold=200000;5000=20},,,
,,,,,,,,,,
2541,日常活动-开工福利杰尼龟,2053,1,35,,等级达到35级,{20021=1;29001=1;gold=20000;5000=10},,,
2542,日常活动-开工福利杰尼龟,2053,32,2,,活动副本战斗两次,{20021=1;29001=1;gold=20000;5000=10},,,
2543,日常活动-开工福利杰尼龟,2053,20,1000000,,金币消耗1000000,{20021=1;29001=1;gold=20000;5000=10},,,
2544,日常活动-开工福利杰尼龟,2053,26,5,,购买体力5次,{20021=1;29001=1;gold=20000;5000=10},,,
2545,日常活动-开工福利杰尼龟,2053,34,50,,技能升级50次,{20021=1;29001=1;gold=20000;5000=10},,,
2546,日常活动-开工福利杰尼龟,2053,41,8,,竞技场战斗8次,{20021=1;29001=1;gold=20000;5000=10},,,
2547,日常活动-开工福利杰尼龟,2053,64,5,,以太乐园通过5层,{20021=1;29001=1;gold=20000;5000=10},,,
2548,日常活动-开工福利杰尼龟,2053,18,5,,点金5次,{20021=1;29001=1;gold=20000;5000=10},,,
2549,日常活动-开工福利杰尼龟,2053,86,,{2=4},完成S级以上派遣任务2次,{20021=1;29001=1;gold=20000;5000=10},,,
2550,日常活动-开工福利杰尼龟,2053,58,1,,公会抢红包1次,{20021=1;29001=1;gold=20000;5000=10},,,
2551,日常活动-开工福利杰尼龟,2053,21,600,,累计消耗600钻石,{20021=1;29001=1;gold=20000;5000=10},,,
2552,日常活动-开工福利杰尼龟,2053,22,600,,充值600钻石,{21271=2;gold=200000;5000=20},,,
,,,,,,,,,,
2561,日常活动-开工福利腕力,2054,1,35,,等级达到35级,{20271=1;29001=1;gold=20000;5000=10},,,
2562,日常活动-开工福利腕力,2054,32,2,,活动副本战斗两次,{20271=1;29001=1;gold=20000;5000=10},,,
2563,日常活动-开工福利腕力,2054,20,1000000,,金币消耗1000000,{20271=1;29001=1;gold=20000;5000=10},,,
2564,日常活动-开工福利腕力,2054,26,5,,购买体力5次,{20271=1;29001=1;gold=20000;5000=10},,,
2565,日常活动-开工福利腕力,2054,34,50,,技能升级50次,{20271=1;29001=1;gold=20000;5000=10},,,
2566,日常活动-开工福利腕力,2054,41,8,,竞技场战斗8次,{20271=1;29001=1;gold=20000;5000=10},,,
2567,日常活动-开工福利腕力,2054,64,5,,以太乐园通过5层,{20271=1;29001=1;gold=20000;5000=10},,,
2568,日常活动-开工福利腕力,2054,18,5,,点金5次,{20271=1;29001=1;gold=20000;5000=10},,,
2569,日常活动-开工福利腕力,2054,86,,{2=4},完成S级以上派遣任务2次,{20271=1;29001=1;gold=20000;5000=10},,,
2570,日常活动-开工福利腕力,2054,58,1,,公会抢红包1次,{20271=1;29001=1;gold=20000;5000=10},,,
2571,日常活动-开工福利腕力,2054,21,600,,累计消耗600钻石,{20271=1;29001=1;gold=20000;5000=10},,,
2572,日常活动-开工福利腕力,2054,22,600,,充值600钻石,{21271=2;gold=200000;5000=20},,,
,,,,,,,,,,
2580,日常活动-开工福利皮丘,2055,1,35,,等级达到35级,{20091=1;29001=1;gold=20000;5000=10},,,
2581,日常活动-开工福利皮丘,2055,32,2,,活动副本战斗两次,{20091=1;29001=1;gold=20000;5000=10},,,
2582,日常活动-开工福利皮丘,2055,20,1000000,,金币消耗1000000,{20091=1;29001=1;gold=20000;5000=10},,,
2583,日常活动-开工福利皮丘,2055,26,5,,购买体力5次,{20091=1;29001=1;gold=20000;5000=10},,,
2584,日常活动-开工福利皮丘,2055,34,50,,技能升级50次,{20091=1;29001=1;gold=20000;5000=10},,,
2585,日常活动-开工福利皮丘,2055,41,8,,竞技场战斗8次,{20091=1;29001=1;gold=20000;5000=10},,,
2586,日常活动-开工福利皮丘,2055,64,5,,以太乐园通过5层,{20091=1;29001=1;gold=20000;5000=10},,,
2587,日常活动-开工福利皮丘,2055,18,5,,点金5次,{20091=1;29001=1;gold=20000;5000=10},,,
2588,日常活动-开工福利皮丘,2055,86,,{2=4},完成S级以上派遣任务2次,{20091=1;29001=1;gold=20000;5000=10},,,
2589,日常活动-开工福利皮丘,2055,58,1,,公会抢红包1次,{20091=1;29001=1;gold=20000;5000=10},,,
2590,日常活动-开工福利皮丘,2055,21,600,,累计消耗600钻石,{20091=1;29001=1;gold=20000;5000=10},,,
2591,日常活动-开工福利皮丘,2055,22,600,,充值600钻石,{21271=2;gold=200000;5000=20},,,
,,,,,,,,,,
2600,日常活动-开工福利菊叶草,2056,1,35,,等级达到35级,{20781=1;29001=1;gold=20000;5000=10},,,
2601,日常活动-开工福利菊叶草,2056,32,2,,活动副本战斗两次,{20781=1;29001=1;gold=20000;5000=10},,,
2602,日常活动-开工福利菊叶草,2056,20,1000000,,金币消耗1000000,{20781=1;29001=1;gold=20000;5000=10},,,
2603,日常活动-开工福利菊叶草,2056,26,5,,购买体力5次,{20781=1;29001=1;gold=20000;5000=10},,,
2604,日常活动-开工福利菊叶草,2056,34,50,,技能升级50次,{20781=1;29001=1;gold=20000;5000=10},,,
2605,日常活动-开工福利菊叶草,2056,41,8,,竞技场战斗8次,{20781=1;29001=1;gold=20000;5000=10},,,
2606,日常活动-开工福利菊叶草,2056,64,5,,以太乐园通过5层,{20781=1;29001=1;gold=20000;5000=10},,,
2607,日常活动-开工福利菊叶草,2056,18,5,,点金5次,{20781=1;29001=1;gold=20000;5000=10},,,
2608,日常活动-开工福利菊叶草,2056,86,,{2=4},完成S级以上派遣任务2次,{20781=1;29001=1;gold=20000;5000=10},,,
2609,日常活动-开工福利菊叶草,2056,58,1,,公会抢红包1次,{20781=1;29001=1;gold=20000;5000=10},,,
2610,日常活动-开工福利菊叶草,2056,21,600,,累计消耗600钻石,{20781=1;29001=1;gold=20000;5000=10},,,
2611,日常活动-开工福利菊叶草,2056,22,600,,充值600钻石,{21271=2;gold=200000;5000=20},,,
,,,,,,,,,,
2620,日常活动-开工福利冰雪龙,2057,1,35,,等级达到35级,{23501=1;29001=1;gold=20000;5000=10},,,
2621,日常活动-开工福利冰雪龙,2057,32,2,,活动副本战斗两次,{23501=1;29001=1;gold=20000;5000=10},,,
2622,日常活动-开工福利冰雪龙,2057,20,1000000,,金币消耗1000000,{23501=1;29001=1;gold=20000;5000=10},,,
2623,日常活动-开工福利冰雪龙,2057,26,5,,购买体力5次,{23501=1;29001=1;gold=20000;5000=10},,,
2624,日常活动-开工福利冰雪龙,2057,34,50,,技能升级50次,{23501=1;29001=1;gold=20000;5000=10},,,
2625,日常活动-开工福利冰雪龙,2057,41,8,,竞技场战斗8次,{23501=1;29001=1;gold=20000;5000=10},,,
2626,日常活动-开工福利冰雪龙,2057,64,5,,以太乐园通过5层,{23501=1;29001=1;gold=20000;5000=10},,,
2627,日常活动-开工福利冰雪龙,2057,18,5,,点金5次,{23501=1;29001=1;gold=20000;5000=10},,,
2628,日常活动-开工福利冰雪龙,2057,86,,{2=4},完成S级以上派遣任务2次,{23501=1;29001=1;gold=20000;5000=10},,,
2629,日常活动-开工福利冰雪龙,2057,58,1,,公会抢红包1次,{23501=1;29001=1;gold=20000;5000=10},,,
2630,日常活动-开工福利冰雪龙,2057,21,600,,累计消耗600钻石,{23501=1;29001=1;gold=20000;5000=10},,,
2631,日常活动-开工福利冰雪龙,2057,22,600,,充值600钻石,{21271=2;gold=200000;5000=20},,,
,,,,,,,,,,
2640,日常活动-开工福利无畏小子,2058,1,35,,等级达到35级,{20461=1;29001=1;gold=20000;5000=10},,,
2641,日常活动-开工福利无畏小子,2058,32,2,,活动副本战斗两次,{20461=1;29001=1;gold=20000;5000=10},,,
2642,日常活动-开工福利无畏小子,2058,20,1000000,,金币消耗1000000,{20461=1;29001=1;gold=20000;5000=10},,,
2643,日常活动-开工福利无畏小子,2058,26,5,,购买体力5次,{20461=1;29001=1;gold=20000;5000=10},,,
2644,日常活动-开工福利无畏小子,2058,34,50,,技能升级50次,{20461=1;29001=1;gold=20000;5000=10},,,
2645,日常活动-开工福利无畏小子,2058,41,8,,竞技场战斗8次,{20461=1;29001=1;gold=20000;5000=10},,,
2646,日常活动-开工福利无畏小子,2058,64,5,,以太乐园通过5层,{20461=1;29001=1;gold=20000;5000=10},,,
2647,日常活动-开工福利无畏小子,2058,18,5,,点金5次,{20461=1;29001=1;gold=20000;5000=10},,,
2648,日常活动-开工福利无畏小子,2058,86,,{2=4},完成S级以上派遣任务2次,{20461=1;29001=1;gold=20000;5000=10},,,
2649,日常活动-开工福利无畏小子,2058,58,1,,公会抢红包1次,{20461=1;29001=1;gold=20000;5000=10},,,
2650,日常活动-开工福利无畏小子,2058,21,600,,累计消耗600钻石,{20461=1;29001=1;gold=20000;5000=10},,,
2651,日常活动-开工福利无畏小子,2058,22,600,,充值600钻石,{21271=2;gold=200000;5000=20},,,
,,,,,,,,,,
2660,日常活动-开工福利修补老匠,2059,1,35,,等级达到35级,{22631=1;29001=1;gold=20000;5000=10},,,
2661,日常活动-开工福利修补老匠,2059,32,2,,活动副本战斗两次,{22631=1;29001=1;gold=20000;5000=10},,,
2662,日常活动-开工福利修补老匠,2059,20,1000000,,金币消耗1000000,{22631=1;29001=1;gold=20000;5000=10},,,
2663,日常活动-开工福利修补老匠,2059,26,5,,购买体力5次,{22631=1;29001=1;gold=20000;5000=10},,,
2664,日常活动-开工福利修补老匠,2059,34,50,,技能升级50次,{22631=1;29001=1;gold=20000;5000=10},,,
2665,日常活动-开工福利修补老匠,2059,41,8,,竞技场战斗8次,{22631=1;29001=1;gold=20000;5000=10},,,
2666,日常活动-开工福利修补老匠,2059,64,5,,以太乐园通过5层,{22631=1;29001=1;gold=20000;5000=10},,,
2667,日常活动-开工福利修补老匠,2059,18,5,,点金5次,{22631=1;29001=1;gold=20000;5000=10},,,
2668,日常活动-开工福利修补老匠,2059,86,,{2=4},完成S级以上派遣任务2次,{22631=1;29001=1;gold=20000;5000=10},,,
2669,日常活动-开工福利修补老匠,2059,58,1,,公会抢红包1次,{22631=1;29001=1;gold=20000;5000=10},,,
2670,日常活动-开工福利修补老匠,2059,21,600,,累计消耗600钻石,{22631=1;29001=1;gold=20000;5000=10},,,
2671,日常活动-开工福利修补老匠,2059,22,600,,充值600钻石,{21271=2;gold=200000;5000=20},,,
,,,,,,,,,,
2680,日常活动-开工福利菊叶草,2060,1,35,,等级达到35级,{20781=1;29001=1;gold=20000;5000=10},,,
2681,日常活动-开工福利菊叶草,2060,32,2,,活动副本战斗两次,{20781=1;29001=1;gold=20000;5000=10},,,
2682,日常活动-开工福利菊叶草,2060,20,1000000,,金币消耗1000000,{20781=1;29001=1;gold=20000;5000=10},,,
2683,日常活动-开工福利菊叶草,2060,26,5,,购买体力5次,{20781=1;29001=1;gold=20000;5000=10},,,
2684,日常活动-开工福利菊叶草,2060,34,50,,技能升级50次,{20781=1;29001=1;gold=20000;5000=10},,,
2685,日常活动-开工福利菊叶草,2060,41,8,,竞技场战斗8次,{20781=1;29001=1;gold=20000;5000=10},,,
2686,日常活动-开工福利菊叶草,2060,64,5,,以太乐园通过5层,{20781=1;29001=1;gold=20000;5000=10},,,
2687,日常活动-开工福利菊叶草,2060,18,5,,点金5次,{20781=1;29001=1;gold=20000;5000=10},,,
2688,日常活动-开工福利菊叶草,2060,86,,{2=4},完成S级以上派遣任务2次,{20781=1;29001=1;gold=20000;5000=10},,,
2689,日常活动-开工福利菊叶草,2060,58,1,,公会抢红包1次,{20781=1;29001=1;gold=20000;5000=10},,,
2690,日常活动-开工福利菊叶草,2060,21,600,,累计消耗600钻石,{20781=1;29001=1;gold=20000;5000=10},,,
2691,日常活动-开工福利菊叶草,2060,22,600,,充值600钻石,{21271=2;gold=200000;5000=20},,,
,,,,,,,,,,
3001,日常活动-普通副本挑战,3001,29,30,,普通副本挑战30次,{930=10;gold=40000;13=10},,,
3002,日常活动-普通副本挑战,3001,29,60,,普通副本挑战60次,{930=10;gold=50000;13=10;5000=10},,,
3003,日常活动-普通副本挑战,3001,29,90,,普通副本挑战90次,{930=12;gold=60000;14=10;5000=10},,,
3004,日常活动-普通副本挑战,3001,29,120,,普通副本挑战120次,{930=15;gold=70000;14=10;5000=10},,,
3005,日常活动-普通副本挑战,3001,29,150,,普通副本挑战150次,{930=15;gold=80000;14=10;5000=10},,,
3006,日常活动-普通副本挑战,3001,29,180,,普通副本挑战180次,{930=20;gold=100000;14=10;5000=10},,,
3007,日常活动-普通副本挑战,3001,29,240,,普通副本挑战240次,{930=20;gold=150000;14=15;5000=15},,,
,,,,,,,,,,
3011,日常活动-困难副本挑战,3002,30,6,,困难副本挑战6次,{100=2;gold=20000;13=5},,,
3012,日常活动-困难副本挑战,3002,30,10,,困难副本挑战10次,{100=2;gold=30000;13=5},,,
3013,日常活动-困难副本挑战,3002,30,15,,困难副本挑战15次,{100=3;gold=40000;13=5},,,
3014,日常活动-困难副本挑战,3002,30,20,,困难副本挑战20次,{100=3;gold=50000;13=5},,,
3015,日常活动-困难副本挑战,3002,30,30,,困难副本挑战30次,{100=5;gold=60000;13=5},,,
3016,日常活动-困难副本挑战,3002,30,40,,困难副本挑战40次,{950=10;gold=80000;14=12},,,
3017,日常活动-困难副本挑战,3002,30,50,,困难副本挑战50次,{950=10;gold=80000;14=12},,,
,,,,,,,,,,
3021,日常活动-以太乐园积分,3003,62,3000,,以太乐园积分达到3000,{coin2=100;4000=10},,,
3022,日常活动-以太乐园积分,3003,62,6000,,以太乐园积分达到6000,{coin2=100;4000=10},,,
3023,日常活动-以太乐园积分,3003,62,10000,,以太乐园积分达到10000,{coin2=100;4000=10},,,
3024,日常活动-以太乐园积分,3003,62,12000,,以太乐园积分达到12000,{coin2=100;4000=10},,,
3025,日常活动-以太乐园积分,3003,62,14000,,以太乐园积分达到14000,{coin2=200;4000=10},,,
3026,日常活动-以太乐园积分,3003,62,16000,,以太乐园积分达到16000,{coin2=200;4000=10},,,
3027,日常活动-以太乐园积分,3003,62,18000,,以太乐园积分达到18000,{coin2=200;4000=10},,,
3028,日常活动-以太乐园积分,3003,62,20000,,以太乐园积分达到20000,{coin2=300;4000=10},,,
,,,,,,,,,,
3031,日常活动-点金次数,3004,18,1,,点金1次,{13=2;gold=50000},,,
3032,日常活动-点金次数,3004,18,3,,点金3次,{13=4;gold=80000},,,
3033,日常活动-点金次数,3004,18,5,,点金5次,{13=6;gold=100000},,,
3034,日常活动-点金次数,3004,18,8,,点金8次,{13=8;gold=120000},,,
3035,日常活动-点金次数,3004,18,12,,点金12次,{13=10;gold=150000},,,
3036,日常活动-点金次数,3004,18,16,,点金16次,{13=15;gold=200000},,,
3037,日常活动-点金次数,3004,18,20,,点金20次,{13=20;gold=300000},,,
,,,,,,,,,,
3041,日常活动-金币消耗,3005,20,300000,,消耗300000金币,{850=20;13=10;gold=45000},,,
3042,日常活动-金币消耗,3005,20,600000,,消耗600000金币,{850=20;13=10;gold=90000},,,
3043,日常活动-金币消耗,3005,20,1000000,,消耗1000000金币,{850=40;13=10;gold=120000},,,
3044,日常活动-金币消耗,3005,20,2000000,,消耗2000000金币,{850=40;13=20;gold=180000},,,
3045,日常活动-金币消耗,3005,20,4000000,,消耗4000000金币,{503=1;13=20;gold=250000},,,
3046,日常活动-金币消耗,3005,20,6000000,,消耗6000000金币,{850=60;13=30;gold=400000},,,
3047,日常活动-金币消耗,3005,20,8000000,,消耗8000000金币,{850=60;13=30;gold=640000},,,
3048,日常活动-金币消耗,3005,20,10000000,,消耗10000000金币,{850=60;13=50;gold=800000},,,
3049,日常活动-金币消耗,3005,20,12000000,,消耗12000000金币,{501=1;13=50;gold=960000},,,
,,,,,,,,,,
3051,日常活动-购买体力,3006,26,1,,购买体力1次,{516=1;13=10;930=5;gold=30000},,,
3052,日常活动-购买体力,3006,26,3,,购买体力3次,{516=3;13=20;930=10;gold=50000},,,
3053,日常活动-购买体力,3006,26,5,,购买体力5次,{516=5;13=30;930=10;gold=80000},,,
3054,日常活动-购买体力,3006,26,7,,购买体力7次,{516=6;14=15;930=20;gold=120000},,,
3055,日常活动-购买体力,3006,26,9,,购买体力9次,{516=7;14=25;930=25;gold=150000},,,
3056,日常活动-购买体力,3006,26,12,,购买体力12次,{516=8;14=35;930=30;gold=200000},,,
,,,,,,,,,,
3061,日常活动-竞技积分,3007,43,4,,竞技场积分达到4,{coin1=100;gold=20000},,,
3062,日常活动-竞技积分,3007,43,6,,竞技场积分达到6,{coin1=100;gold=20000},,,
3063,日常活动-竞技积分,3007,43,8,,竞技场积分达到8,{coin1=100;gold=20000},,,
3064,日常活动-竞技积分,3007,43,10,,竞技场积分达到10,{coin1=200;502=1},,,
3065,日常活动-竞技积分,3007,43,12,,竞技场积分达到12,{coin1=200;gold=30000},,,
3066,日常活动-竞技积分,3007,43,16,,竞技场积分达到16,{coin1=200;gold=30000},,,
3067,日常活动-竞技积分,3007,43,20,,竞技场积分达到20,{coin1=300;502=2},,,
,,,,,,,,,,
3071,元素净化-万能碎片,3008,66,1,,元素挑战完成1次,{rmb=10;gold=50000;2103=1},,,
3072,元素净化-万能碎片,3008,66,2,,元素挑战完成2次.,{rmb=30;gold=80000;2103=2},,,
3073,元素净化-万能碎片,3008,66,3,,元素挑战完成3次.,{502=3;gold=100000;2103=3},,,
,,,,,,,,,,
3501,日常登录-送饰品升星道具-戴鲁比,3051,17,1,,累计登录1天,{21171=5;gold=20000;12=15},,,
3502,日常登录-送饰品升星道具-戴鲁比,3051,17,2,,累计登录2天,{2103=5;gold=20000;12=15},,,
3503,日常登录-送饰品升星道具-戴鲁比,3051,17,3,,累计登录3天,{21171=8;gold=30000;12=20},,,
3504,日常登录-送饰品升星道具-戴鲁比,3051,17,4,,累计登录4天,{rmb=168;gold=30000;12=20},,,
3505,日常登录-送饰品升星道具-戴鲁比,3051,17,5,,累计登录5天,{501=1;gold=50000;12=30},,,
,,,,,,,,,,
3511,日常登录-送探险券-鸭嘴宝宝,3052,17,1,,累计登录1天,{20601=5;gold=20000;12=15},,,
3512,日常登录-送探险券-鸭嘴宝宝,3052,17,2,,累计登录2天,{520=1;gold=20000;12=15},,,
3513,日常登录-送探险券-鸭嘴宝宝,3052,17,3,,累计登录3天,{20601=8;gold=30000;12=20},,,
3514,日常登录-送探险券-鸭嘴宝宝,3052,17,4,,累计登录4天,{rmb=168;gold=30000;12=20},,,
3515,日常登录-送探险券-鸭嘴宝宝,3052,17,5,,累计登录5天,{520=2;gold=50000;12=30},,,
,,,,,,,,,,
3521,日常登录-送万能碎片-大岩蛇,3053,17,1,,累计登录1天,{20401=5;gold=20000;12=15},,,
3522,日常登录-送万能碎片-大岩蛇,3053,17,2,,累计登录2天,{502=1;gold=20000;12=15},,,
3523,日常登录-送万能碎片-大岩蛇,3053,17,3,,累计登录3天,{20401=8;gold=30000;12=20},,,
3524,日常登录-送万能碎片-大岩蛇,3053,17,4,,累计登录4天,{rmb=168;gold=30000;12=20},,,
3525,日常登录-送万能碎片-大岩蛇,3053,17,5,,累计登录5天,{502=3;gold=50000;12=30},,,
,,,,,,,,,,
3531,日常登录-送饰品升星道具,3054,17,1,,累计登录1天,{20491=5;gold=20000;12=15},,,
3532,日常登录-送饰品升星道具,3054,17,2,,累计登录2天,{2103=5;gold=20000;12=15},,,
3533,日常登录-送饰品升星道具,3054,17,3,,累计登录3天,{20491=8;gold=30000;12=20},,,
3534,日常登录-送饰品升星道具,3054,17,4,,累计登录4天,{rmb=168;gold=30000;12=20},,,
3535,日常登录-送饰品升星道具,3054,17,5,,累计登录5天,{501=1;gold=50000;12=30},,,
,,,,,,,,,,
3541,日常登录-送万能碎片,3055,17,1,,累计登录1天,{20571=5;gold=20000;12=15},,,
3542,日常登录-送万能碎片,3055,17,2,,累计登录2天,{502=1;gold=20000;12=15},,,
3543,日常登录-送万能碎片,3055,17,3,,累计登录3天,{20571=8;gold=30000;12=20},,,
3544,日常登录-送万能碎片,3055,17,4,,累计登录4天,{rmb=168;gold=30000;12=20},,,
3545,日常登录-送万能碎片,3055,17,5,,累计登录5天,{502=3;gold=50000;12=30},,,
,,,,,,,,,,
3551,日常登录-送探险券-暴鲤龙,3056,17,1,,累计登录1天,{20631=5;gold=20000;12=15},,,
3552,日常登录-送探险券-暴鲤龙,3056,17,2,,累计登录2天,{520=1;gold=20000;12=15},,,
3553,日常登录-送探险券-暴鲤龙,3056,17,3,,累计登录3天,{20631=8;gold=30000;12=20},,,
3554,日常登录-送探险券-暴鲤龙,3056,17,4,,累计登录4天,{rmb=168;gold=30000;12=20},,,
3555,日常登录-送探险券-暴鲤龙,3056,17,5,,累计登录5天,{520=2;gold=50000;12=30},,,
,,,,,,,,,,
3561,日常登录-送饰品升星道具-花蓓蓓碎片,3057,17,1,,累计登录1天,{23351=5;gold=20000;12=15},,,
3562,日常登录-送饰品升星道具-花蓓蓓碎片,3057,17,2,,累计登录2天,{2103=5;gold=20000;12=15},,,
3563,日常登录-送饰品升星道具-花蓓蓓碎片,3057,17,3,,累计登录3天,{23351=8;gold=30000;12=20},,,
3564,日常登录-送饰品升星道具-花蓓蓓碎片,3057,17,4,,累计登录4天,{rmb=168;gold=30000;12=20},,,
3565,日常登录-送饰品升星道具-花蓓蓓碎片,3057,17,5,,累计登录5天,{501=1;gold=50000;12=30},,,
,,,,,,,,,,
3571,日常登录-送万能碎片-急冻鸟碎片,3058,17,1,,累计登录1天,{23021=5;gold=20000;12=15},,,
3572,日常登录-送万能碎片-急冻鸟碎片,3058,17,2,,累计登录2天,{502=1;gold=20000;12=15},,,
3573,日常登录-送万能碎片-急冻鸟碎片,3058,17,3,,累计登录3天,{23021=8;gold=30000;12=20},,,
3574,日常登录-送万能碎片-急冻鸟碎片,3058,17,4,,累计登录4天,{rmb=168;gold=30000;12=20},,,
3575,日常登录-送万能碎片-急冻鸟碎片,3058,17,5,,累计登录5天,{502=3;gold=50000;12=30},,,
,,,,,,,,,,
3581,日常登录-送探险券-凯西碎片,3059,17,1,,累计登录1天,{20261=5;gold=20000;12=15},,,
3582,日常登录-送探险券-凯西碎片,3059,17,2,,累计登录2天,{520=1;gold=20000;12=15},,,
3583,日常登录-送探险券-凯西碎片,3059,17,3,,累计登录3天,{20261=8;gold=30000;12=20},,,
3584,日常登录-送探险券-凯西碎片,3059,17,4,,累计登录4天,{rmb=168;gold=30000;12=20},,,
3585,日常登录-送探险券-凯西碎片,3059,17,5,,累计登录5天,{520=2;gold=50000;12=30},,,
,,,,,,,,,,
3591,日常登录-送饰品升星道具-可可多拉碎片,3060,17,1,,累计登录1天,{21501=5;gold=20000;12=15},,,
3592,日常登录-送饰品升星道具-可可多拉碎片,3060,17,2,,累计登录2天,{2103=5;gold=20000;12=15},,,
3593,日常登录-送饰品升星道具-可可多拉碎片,3060,17,3,,累计登录3天,{21501=8;gold=30000;12=20},,,
3594,日常登录-送饰品升星道具-可可多拉碎片,3060,17,4,,累计登录4天,{rmb=168;gold=30000;12=20},,,
3595,日常登录-送饰品升星道具-可可多拉碎片,3060,17,5,,累计登录5天,{501=1;gold=50000;12=30},,,
,,,,,,,,,,
3601,日常登录-送万能碎片-木守宫碎片,3061,17,1,,累计登录1天,{21291=5;gold=20000;12=15},,,
3602,日常登录-送万能碎片-木守宫碎片,3061,17,2,,累计登录2天,{502=1;gold=20000;12=15},,,
3603,日常登录-送万能碎片-木守宫碎片,3061,17,3,,累计登录3天,{21291=8;gold=30000;12=20},,,
3604,日常登录-送万能碎片-木守宫碎片,3061,17,4,,累计登录4天,{rmb=168;gold=30000;12=20},,,
3605,日常登录-送万能碎片-木守宫碎片,3061,17,5,,累计登录5天,{502=3;gold=50000;12=30},,,
,,,,,,,,,,
3611,日常登录-送探险券-小磁怪碎片,3062,17,1,,累计登录1天,{20331=5;gold=20000;12=15},,,
3612,日常登录-送探险券-小磁怪碎片,3062,17,2,,累计登录2天,{520=1;gold=20000;12=15},,,
3613,日常登录-送探险券-小磁怪碎片,3062,17,3,,累计登录3天,{20331=8;gold=30000;12=20},,,
3614,日常登录-送探险券-小磁怪碎片,3062,17,4,,累计登录4天,{rmb=168;gold=30000;12=20},,,
3615,日常登录-送探险券-小磁怪碎片,3062,17,5,,累计登录5天,{520=2;gold=50000;12=30},,,
,,,,,,,,,,
3621,日常登录-送饰品升星道具-卡比兽碎片,3063,17,1,,累计登录1天,{20711=5;gold=20000;12=15},,,
3622,日常登录-送饰品升星道具-卡比兽碎片,3063,17,2,,累计登录2天,{2103=5;gold=20000;12=15},,,
3623,日常登录-送饰品升星道具-卡比兽碎片,3063,17,3,,累计登录3天,{20711=8;gold=30000;12=20},,,
3624,日常登录-送饰品升星道具-卡比兽碎片,3063,17,4,,累计登录4天,{rmb=168;gold=30000;12=20},,,
3625,日常登录-送饰品升星道具-卡比兽碎片,3063,17,5,,累计登录5天,{501=1;gold=50000;12=30},,,
,,,,,,,,,,
3630,日常登录-送万能碎片-懒人赖碎片,3064,17,1,,累计登录1天,{21421=5;gold=20000;12=15},,,
3631,日常登录-送万能碎片-懒人赖碎片,3064,17,2,,累计登录2天,{502=1;gold=20000;12=15},,,
3632,日常登录-送万能碎片-懒人赖碎片,3064,17,3,,累计登录3天,{21421=8;gold=30000;12=20},,,
3633,日常登录-送万能碎片-懒人赖碎片,3064,17,4,,累计登录4天,{rmb=168;gold=30000;12=20},,,
3634,日常登录-送万能碎片-懒人赖碎片,3064,17,5,,累计登录5天,{502=3;gold=50000;12=30},,,
,,,,,,,,,,
3640,日常登录-送探险券-拉鲁拉丝碎片,3065,17,1,,累计登录1天,{21421=5;gold=20000;12=15},,,
3641,日常登录-送探险券-拉鲁拉丝碎片,3065,17,2,,累计登录2天,{502=1;gold=20000;12=15},,,
3642,日常登录-送探险券-拉鲁拉丝碎片,3065,17,3,,累计登录3天,{21421=8;gold=30000;12=20},,,
3643,日常登录-送探险券-拉鲁拉丝碎片,3065,17,4,,累计登录4天,{rmb=168;gold=30000;12=20},,,
3644,日常登录-送探险券-拉鲁拉丝碎片,3065,17,5,,累计登录5天,{502=3;gold=50000;12=30},,,
,,,,,,,,,,
3650,日常登录-送饰品升星道具-夜巡灵碎片,3066,17,1,,累计登录1天,{21811=5;gold=20000;12=15},,,
3651,日常登录-送饰品升星道具-夜巡灵碎片,3066,17,2,,累计登录2天,{2103=5;gold=20000;12=15},,,
3652,日常登录-送饰品升星道具-夜巡灵碎片,3066,17,3,,累计登录3天,{21811=8;gold=30000;12=20},,,
3653,日常登录-送饰品升星道具-夜巡灵碎片,3066,17,4,,累计登录4天,{rmb=168;gold=30000;12=20},,,
3654,日常登录-送饰品升星道具-夜巡灵碎片,3066,17,5,,累计登录5天,{501=1;gold=50000;12=30},,,
,,,,,,,,,,
3660,日常登录-送万能碎片-风速狗碎片,3067,17,1,,累计登录1天,{20241=5;gold=20000;12=15},,,
3661,日常登录-送万能碎片-风速狗碎片,3067,17,2,,累计登录2天,{502=1;gold=20000;12=15},,,
3662,日常登录-送万能碎片-风速狗碎片,3067,17,3,,累计登录3天,{20241=8;gold=30000;12=20},,,
3663,日常登录-送万能碎片-风速狗碎片,3067,17,4,,累计登录4天,{rmb=168;gold=30000;12=20},,,
3664,日常登录-送万能碎片-风速狗碎片,3067,17,5,,累计登录5天,{502=3;gold=50000;12=30},,,
,,,,,,,,,,
3670,日常登录-送探险券-黏黏宝碎片,3068,17,1,,累计登录1天,{23541=5;gold=20000;12=15},,,
3671,日常登录-送探险券-黏黏宝碎片,3068,17,2,,累计登录2天,{520=1;gold=20000;12=15},,,
3672,日常登录-送探险券-黏黏宝碎片,3068,17,3,,累计登录3天,{23541=8;gold=30000;12=20},,,
3673,日常登录-送探险券-黏黏宝碎片,3068,17,4,,累计登录4天,{rmb=168;gold=30000;12=20},,,
3674,日常登录-送探险券-黏黏宝碎片,3068,17,5,,累计登录5天,{520=2;gold=50000;12=30},,,
,,,,,,,,,,
8002,活跃夺宝任务,8001,20,1000000,,累计消耗100万金币,{gold=2000},,,
8003,活跃夺宝任务,8001,41,10,,竞技场战斗10次,{gold=2000},,,
8004,测试任务,8001,22,300,,今日充值300钻石,{gold=2000},,,
8005,测试任务,8001,21,300,,今日消费300钻石,{gold=2000},,,
8006,测试任务,8001,29,50,,挑战普通关卡50次,{gold=2000},,,
8012,活跃夺宝任务,8002,20,1000000,,累计消耗100万金币,{gold=2000},,,
8013,活跃夺宝任务,8002,41,10,,竞技场战斗10次,{gold=2000},,,
8014,测试任务,8002,22,300,,今日充值300钻石,{gold=2000},,,
8015,测试任务,8002,21,300,,今日消费300钻石,{gold=2000},,,
8016,测试任务,8002,29,50,,挑战普通关卡50次,{gold=2000},,,
8022,活跃夺宝任务,8003,20,1000000,,累计消耗100万金币,{gold=2000},,,
8023,活跃夺宝任务,8003,41,10,,竞技场战斗10次,{gold=2000},,,
8024,测试任务,8003,22,300,,今日充值300钻石,{gold=2000},,,
8025,测试任务,8003,21,300,,今日消费300钻石,{gold=2000},,,
8026,测试任务,8003,29,50,,挑战普通关卡50次,{gold=2000},,,
8032,活跃夺宝任务,8004,20,1000000,,累计消耗100万金币,{gold=2000},,,
8033,活跃夺宝任务,8004,41,10,,竞技场战斗10次,{gold=2000},,,
8034,测试任务,8004,22,300,,今日充值300钻石,{gold=2000},,,
8035,测试任务,8004,21,300,,今日消费300钻石,{gold=2000},,,
8036,测试任务,8004,29,50,,挑战普通关卡50次,{gold=2000},,,
8042,活跃夺宝任务,8005,20,1000000,,累计消耗100万金币,{gold=2000},,,
8043,活跃夺宝任务,8005,41,10,,竞技场战斗10次,{gold=2000},,,
8044,测试任务,8005,22,300,,今日充值300钻石,{gold=2000},,,
8045,测试任务,8005,21,300,,今日消费300钻石,{gold=2000},,,
8046,测试任务,8005,29,50,,挑战普通关卡50次,{gold=2000},,,
8052,活跃夺宝任务,8006,20,1000000,,累计消耗100万金币,{gold=2000},,,
8053,活跃夺宝任务,8006,41,10,,竞技场战斗10次,{gold=2000},,,
8054,测试任务,8006,22,300,,今日充值300钻石,{gold=2000},,,
8055,测试任务,8006,21,300,,今日消费300钻石,{gold=2000},,,
8056,测试任务,8006,29,50,,挑战普通关卡50次,{gold=2000},,,
8062,活跃夺宝任务,8007,20,1000000,,累计消耗100万金币,{gold=2000},,,
8063,活跃夺宝任务,8007,41,10,,竞技场战斗10次,{gold=2000},,,
8064,测试任务,8007,22,300,,今日充值300钻石,{gold=2000},,,
8065,测试任务,8007,21,300,,今日消费300钻石,{gold=2000},,,
8066,测试任务,8007,29,50,,挑战普通关卡50次,{gold=2000},,,
8072,活跃夺宝任务,8008,20,1000000,,累计消耗100万金币,{gold=2000},,,
8073,活跃夺宝任务,8008,41,10,,竞技场战斗10次,{gold=2000},,,
8074,测试任务,8008,22,300,,今日充值300钻石,{gold=2000},,,
8075,测试任务,8008,21,300,,今日消费300钻石,{gold=2000},,,
8076,测试任务,8008,29,50,,挑战普通关卡50次,{gold=2000},,,
8082,活跃夺宝任务,8009,20,1000000,,累计消耗100万金币,{gold=2000},,,
8083,活跃夺宝任务,8009,41,10,,竞技场战斗10次,{gold=2000},,,
8084,测试任务,8009,22,300,,今日充值300钻石,{gold=2000},,,
8085,测试任务,8009,21,300,,今日消费300钻石,{gold=2000},,,
8086,测试任务,8009,29,50,,挑战普通关卡50次,{gold=2000},,,
8092,活跃夺宝任务,8010,20,1000000,,累计消耗100万金币,{gold=2000},,,
8093,活跃夺宝任务,8010,41,10,,竞技场战斗10次,{gold=2000},,,
8094,测试任务,8010,22,300,,今日充值300钻石,{gold=2000},,,
8095,测试任务,8010,21,300,,今日消费300钻石,{gold=2000},,,
8096,测试任务,8010,29,50,,挑战普通关卡50次,{gold=2000},,,
8102,活跃夺宝任务,8011,20,1000000,,累计消耗100万金币,{gold=2000},,,
8103,活跃夺宝任务,8011,41,10,,竞技场战斗10次,{gold=2000},,,
8104,测试任务,8011,22,300,,今日充值300钻石,{gold=2000},,,
8105,测试任务,8011,21,300,,今日消费300钻石,{gold=2000},,,
8106,测试任务,8011,29,50,,挑战普通关卡50次,{gold=2000},,,
,,,,,,,,,,
10001,兑换活动-充值送资源购物券,10001,22,60,,充值60钻石,{gold=60000;850=100;rmb=60;14=10},,,
10002,兑换活动-充值送资源购物券,10001,22,300,,充值300钻石,{gold=60000;6302=10;5000=30;14=10},,,
10003,兑换活动-充值送资源购物券,10001,22,600,,充值600钻石,{gold=60000;851=50;930=30;14=10},,,
10004,兑换活动-充值送资源购物券,10001,22,980,,充值980钻石,{gold=80000;902=10;2102=5;14=15},,,
10005,兑换活动-充值送资源购物券,10001,22,1980,,充值1980钻石,{gold=80000;6302=20;2102=5;14=15},,,
10006,兑换活动-充值送资源购物券,10001,22,3280,,充值3280钻石,{gold=100000;902=20;2102=5;14=15},,,
10007,兑换活动-充值送资源购物券,10001,22,6480,,充值6480钻石,{gold=100000;502=15;6053=1;14=20},,,
10008,兑换活动-充值送资源购物券,10001,22,9680,,充值9680钻石,{gold=120000;6302=40;6052=1;14=20},,,
10009,兑换活动-充值送资源购物券,10001,22,12000,,充值12000钻石,{gold=120000;902=30;6054=1;14=30},,,
10010,兑换活动-充值送资源购物券,10001,22,15000,,充值15000钻石,{gold=180000;502=30;6051=1;14=30},,,
10011,兑换活动-充值送资源购物券,10001,22,20000,,充值20000钻石,{gold=200000;6302=60;942=1;14=50},,,
10012,兑换活动-充值送资源购物券,10001,22,25000,,充值25000钻石,{gold=300000;502=50;902=50;14=50},,,
,,,,,,,,,,
10021,兑换活动-消耗送资源购物券,10002,21,300,,累计消耗300钻石,{gold=60000;6302=1;930=5},,,
10022,兑换活动-消耗送资源购物券,10002,21,1000,,累计消耗1000钻石,{gold=80000;6302=3;930=10},,,
10023,兑换活动-消耗送资源购物券,10002,21,2000,,累计消耗2000钻石,{gold=80000;6302=3;501=2},,,
10024,兑换活动-消耗送资源购物券,10002,21,4000,,累计消耗4000钻石,{gold=100000;6302=5;930=10},,,
10025,兑换活动-消耗送资源购物券,10002,21,7000,,累计消耗7000钻石,{gold=120000;6302=10;930=15},,,
10026,兑换活动-消耗送资源购物券,10002,21,10000,,累计消耗10000钻石,{gold=120000;6302=10;930=15},,,
10027,兑换活动-消耗送资源购物券,10002,21,14000,,累计消耗14000钻石,{gold=140000;6302=10;6050=1},,,
10028,兑换活动-消耗送资源购物券,10002,21,18000,,累计消耗18000钻石,{gold=160000;6302=15;930=20},,,
10029,兑换活动-消耗送资源购物券,10002,21,22000,,累计消耗22000钻石,{gold=180000;6302=15;930=30},,,
10030,兑换活动-消耗送资源购物券,10002,21,25000,,累计消耗25000钻石,{gold=200000;6302=20;501=8},,,
,,,,,,,,,,
10041,兑换活动-完成任务送购物券,10003,17,1,,每日登录,{gold=50000;6302=1;14=20},,,
10042,兑换活动-完成任务送购物券,10003,22,300,,充值300钻石,{gold=200000;6302=1;14=20},,,
10043,兑换活动-完成任务送购物券,10003,20,1000000,,消耗1000000金币,{gold=100000;6302=1;14=20},,,
10044,兑换活动-完成任务送购物券,10003,37,1,,精灵升星1次,{gold=100000;6302=1;14=20},,,
10045,兑换活动-完成任务送购物券,10003,29,80,,普通副本挑战80次,{gold=100000;6302=1;14=20},,,
10046,兑换活动-完成任务送购物券,10003,30,40,,困难副本挑战40次,{gold=100000;6302=1;14=20},,,
10047,兑换活动-完成任务送购物券,10003,64,6,,以太乐园通过6层,{gold=100000;6302=1;14=20},,,
10048,兑换活动-完成任务送购物券,10003,41,10,,竞技场战斗10次,{gold=50000;6302=1;14=20},,,
10049,兑换活动-完成任务送购物券,10003,89,20,,努力值培养20次,{gold=50000;6302=1;14=20},,,
10050,兑换活动-完成任务送购物券,10003,26,5,,购买体力5次,{gold=50000;6302=1;14=20},,,
10051,兑换活动-完成任务送购物券,10003,66,3,,元素挑战战斗3次,{gold=50000;6302=1;14=20},,,
10052,兑换活动-完成任务送购物券,10003,35,3,,精灵突破3次,{gold=50000;6302=1;14=20},,,
10053,兑换活动-完成任务送购物券,10003,21,600,,累计消耗600钻石,{gold=50000;6302=1;14=20},,,
,,,,,,,,,,
10061,限时神兽-充值送资源,10004,22,60,,充值60钻石,{gold=60000;850=100;rmb=60;14=10},,,
10062,限时神兽-充值送资源,10004,22,300,,充值300钻石,{gold=60000;850=200;5000=30;14=10},,,
10063,限时神兽-充值送资源,10004,22,600,,充值600钻石,{gold=60000;851=50;930=30;14=10},,,
10064,限时神兽-充值送资源,10004,22,980,,充值980钻石,{gold=80000;902=10;2102=5;14=15},,,
10065,限时神兽-充值送资源,10004,22,1980,,充值1980钻石,{gold=80000;502=10;2102=5;14=15},,,
10066,限时神兽-充值送资源,10004,22,3280,,充值3280钻石,{gold=100000;902=20;2102=5;14=15},,,
10067,限时神兽-充值送资源,10004,22,6480,,充值6480钻石,{gold=100000;502=15;6053=1;14=20},,,
10068,限时神兽-充值送资源,10004,22,9680,,充值9680钻石,{gold=120000;501=5;6052=1;14=20},,,
10069,限时神兽-充值送资源,10004,22,12000,,充值12000钻石,{gold=120000;902=30;6054=1;14=30},,,
10070,限时神兽-充值送资源,10004,22,15000,,充值15000钻石,{gold=180000;502=30;6051=1;14=30},,,
10071,限时神兽-充值送资源,10004,22,20000,,充值20000钻石,{gold=200000;902=50;942=1;14=50},,,
10072,限时神兽-充值送资源,10004,22,25000,,充值25000钻石,{gold=300000;502=50;902=50;14=50},,,
,,,,,,,,,,
10081,充值送橙色携带道具,10005,22,60,,充值60钻石,{gold=60000;2102=10;rmb=60;14=10},,,
10082,充值送橙色携带道具,10005,22,300,,充值300钻石,{gold=60000;2102=10;5000=30;14=10},,,
10083,充值送橙色携带道具,10005,22,600,,充值600钻石,{gold=60000;2102=10;930=30;14=10},,,
10084,充值送橙色携带道具,10005,22,980,,充值980钻石,{gold=80000;902=10;2103=5;14=15},,,
10085,充值送橙色携带道具,10005,22,1980,,充值1980钻石,{gold=80000;502=10;2103=7;14=15},,,
10086,充值送橙色携带道具,10005,22,3280,,充值3280钻石,{gold=100000;902=20;2103=10;14=15},,,
10087,充值送橙色携带道具,10005,22,6480,,充值6480钻石,{gold=100000;942=1;6053=1;14=20},,,
10088,充值送橙色携带道具,10005,22,9680,,充值9680钻石,{gold=120000;502=15;6052=1;14=20},,,
10089,充值送橙色携带道具,10005,22,12000,,充值12000钻石,{gold=120000;942=1;6054=1;14=30},,,
10090,充值送橙色携带道具,10005,22,15000,,充值15000钻石,{gold=180000;502=30;6051=1;14=30},,,
10091,充值送橙色携带道具,10005,22,20000,,充值20000钻石,{gold=200000;902=50;30403=1;14=50},,,
10092,充值送橙色携带道具,10005,22,25000,,充值25000钻石,{gold=300000;502=50;902=50;14=50},,,
,,,,,,,,,,
10101,消耗送雷公碎片,10006,21,300,,累计消耗300钻石,{gold=60000;5000=10;930=10},,,
10102,消耗送雷公碎片,10006,21,1000,,累计消耗1000钻石,{gold=80000;5000=15;21221=10},,,
10103,消耗送雷公碎片,10006,21,2000,,累计消耗2000钻石,{gold=80000;5000=10;452=20},,,
10104,消耗送雷公碎片,10006,21,4000,,累计消耗4000钻石,{gold=100000;5000=15;21221=20},,,
10105,消耗送雷公碎片,10006,21,7000,,累计消耗7000钻石,{gold=120000;5000=15;452=30},,,
10106,消耗送雷公碎片,10006,21,10000,,累计消耗10000钻石,{gold=120000;5000=15;21221=30},,,
10107,消耗送雷公碎片,10006,21,14000,,累计消耗14000钻石,{gold=140000;5000=20;452=40},,,
10108,消耗送雷公碎片,10006,21,18000,,累计消耗18000钻石,{gold=160000;5000=20;21221=40},,,
10109,消耗送雷公碎片,10006,21,22000,,累计消耗22000钻石,{gold=180000;5000=25;452=50},,,
10110,消耗送雷公碎片,10006,21,25000,,累计消耗25000钻石,{gold=200000;5000=30;21221=50},,,
,,,,,,,,,,
,,,,,,,,,,
10111,抽探险器,10007,94,5,,探险寻宝5次,{gold=20000;4000=50;961=1},,,
10112,抽探险器,10007,94,10,,探险寻宝10次,{gold=30000;4000=50},,,
10113,抽探险器,10007,94,30,,探险寻宝30次,{gold=40000;4000=100;962=1},,,
10114,抽探险器,10007,94,50,,探险寻宝50次,{gold=50000;4000=100},,,
10115,抽探险器,10007,94,70,,探险寻宝70次,{gold=60000;4000=100;962=1},,,
10116,抽探险器,10007,94,100,,探险寻宝100次,{gold=80000;4000=200},,,
10117,抽探险器,10007,94,150,,探险寻宝150次,{gold=100000;4000=200;963=1},,,
,,,,,,,,,,
10121,抽饰品箱子送携带养成和紫色携带道具,10008,52,10,,抽饰品魔方10次,{gold=20000;2103=3;941=1},,,
10122,抽饰品箱子送携带养成和紫色携带道具,10008,52,30,,抽饰品魔方30次,{gold=30000;2103=5},,,
10123,抽饰品箱子送携带养成和紫色携带道具,10008,52,60,,抽饰品魔方60次,{gold=40000;2103=7;941=1},,,
10124,抽饰品箱子送携带养成和紫色携带道具,10008,52,100,,抽饰品魔方100次,{gold=50000;2103=10},,,
10125,抽饰品箱子送携带养成和紫色携带道具,10008,52,150,,抽饰品魔方150次,{gold=60000;2103=15;942=1},,,
10126,抽饰品箱子送携带养成和紫色携带道具,10008,52,200,,抽饰品魔方200次,{gold=80000;2103=20},,,
10127,抽饰品箱子送携带养成和紫色携带道具,10008,52,300,,抽饰品魔方300次,{gold=100000;2103=30;942=1},,,
,,,,,,,,,,
10131,新年登录,10009,17,1,,累计登录1天,{rmb=188;503=2;gold=188888;902=18},,,
10132,新年登录,10009,17,2,,累计登录2天,{rmb=188;520=2;gold=188888;902=18},,,
10133,新年登录,10009,17,3,,累计登录3天,{rmb=188;519=2;gold=188888;902=18},,,
,,,,,,,,,,
10141,充值送限定抽卡券,10010,22,60,,充值60钻石,{gold=60000;2102=10;rmb=60;14=10},,,
10142,充值送限定抽卡券,10010,22,300,,充值300钻石,{gold=60000;2102=10;5000=30;14=10},,,
10143,充值送限定抽卡券,10010,22,600,,充值600钻石,{gold=60000;2102=10;930=30;14=10},,,
10144,充值送限定抽卡券,10010,22,980,,充值980钻石,{gold=80000;902=10;2103=5;14=15},,,
10145,充值送限定抽卡券,10010,22,1980,,充值1980钻石,{gold=80000;527=10;2103=7;14=15},,,
10146,充值送限定抽卡券,10010,22,3280,,充值3280钻石,{gold=100000;902=20;2103=10;14=15},,,
10147,充值送限定抽卡券,10010,22,6480,,充值6480钻石,{gold=100000;527=10;6053=1;14=20},,,
10148,充值送限定抽卡券,10010,22,9680,,充值9680钻石,{gold=120000;502=15;6052=1;14=20},,,
10149,充值送限定抽卡券,10010,22,12000,,充值12000钻石,{gold=120000;527=15;6054=1;14=30},,,
10150,充值送限定抽卡券,10010,22,15000,,充值15000钻石,{gold=180000;502=30;6051=1;14=30},,,
10151,充值送限定抽卡券,10010,22,20000,,充值20000钻石,{gold=200000;902=50;942=1;14=50},,,
10152,充值送限定抽卡券,10010,22,25000,,充值25000钻石,{gold=300000;502=50;902=50;14=50},,,
,,,,,,,,,,
10161,抽卡送任选碎片,10011,51,10,,金币抽卡10次,{6203=2;gold=10000;13=10},,,
10162,抽卡送任选碎片,10011,51,20,,金币抽卡20次,{6203=2;gold=20000;13=10},,,
10163,抽卡送任选碎片,10011,95,2,,限定抽卡累计2次,{6203=2;gold=20000;13=10},,,
10164,抽卡送任选碎片,10011,95,10,,限定抽卡累计10次,{6203=4;gold=30000;12=10},,,
10165,抽卡送任选碎片,10011,95,20,,限定抽卡累计20次,{6203=4;gold=40000;12=10},,,
10166,抽卡送任选碎片,10011,95,30,,限定抽卡累计30次,{6203=6;gold=50000;12=10},,,
10167,抽卡送任选碎片,10011,95,40,,限定抽卡累计40次,{6203=6;gold=60000;13=10},,,
10168,抽卡送任选碎片,10011,95,60,,限定抽卡累计60次,{6203=8;gold=80000;13=10},,,
10169,抽卡送任选碎片,10011,95,80,,限定抽卡累计80次,{6203=10;gold=100000;13=10},,,
10170,抽卡送任选碎片,10011,95,100,,限定抽卡累计100次,{6203=15;gold=120000;13=10},,,
10171,抽卡送任选碎片,10011,95,120,,限定抽卡累计120次,{6203=20;gold=150000;14=10},,,
10172,抽卡送任选碎片,10011,95,150,,限定抽卡累计150次,{6203=25;gold=150000;14=10},,,
10173,抽卡送任选碎片,10011,95,200,,限定抽卡累计200次,{6203=25;gold=150000;14=10},,,
,,,,,,,,,,
10181,春节登录,10012,17,1,,累计登录1天,{rmb=188;520=2;gold=100000;13=10},,,
10182,春节登录,10012,17,2,,累计登录2天,{rmb=188;503=3;gold=100000;13=10},,,
10183,春节登录,10012,17,3,,累计登录3天,{rmb=188;519=2;gold=100000;13=15},,,
10184,春节登录,10012,17,4,,累计登录4天,{rmb=188;502=3;gold=100000;13=15},,,
10185,春节登录,10012,17,5,,累计登录5天,{rmb=188;19=5;gold=100000;13=20},,,
10186,春节登录,10012,17,6,,累计登录6天,{rmb=188;6050=1;gold=100000;13=20},,,
10187,春节登录,10012,17,7,,累计登录7天,{rmb=188;501=2;gold=100000;13=25},,,
10188,春节登录,10012,17,8,,累计登录8天,{card={id=9002};rmb=188;gold=100000;13=25},,,
10189,春节登录,10012,17,9,,累计登录9天,{rmb=188;502=10;gold=100000;13=30},,,
,,,,,,,,,,
10191,充值送橙色携带道具,10013,22,60,,充值60钻石,{gold=60000;2102=10;rmb=60;14=10},,,
10192,充值送橙色携带道具,10013,22,300,,充值300钻石,{gold=60000;2102=10;5000=30;14=10},,,
10193,充值送橙色携带道具,10013,22,600,,充值600钻石,{gold=60000;2102=10;930=30;14=10},,,
10194,充值送橙色携带道具,10013,22,980,,充值980钻石,{gold=80000;902=10;2103=5;14=15},,,
10195,充值送橙色携带道具,10013,22,1980,,充值1980钻石,{gold=80000;502=10;2103=7;14=15},,,
10196,充值送橙色携带道具,10013,22,3280,,充值3280钻石,{gold=100000;902=20;2103=10;14=15},,,
10197,充值送橙色携带道具,10013,22,6480,,充值6480钻石,{gold=100000;942=1;6053=1;14=20},,,
10198,充值送橙色携带道具,10013,22,9680,,充值9680钻石,{gold=120000;502=15;6052=1;14=20},,,
10199,充值送橙色携带道具,10013,22,12000,,充值12000钻石,{gold=120000;942=1;6054=1;14=30},,,
10200,充值送橙色携带道具,10013,22,15000,,充值15000钻石,{gold=180000;502=30;6051=1;14=30},,,
10201,充值送橙色携带道具,10013,22,20000,,充值20000钻石,{gold=200000;902=50;30407=1;14=50},,,
10202,充值送橙色携带道具,10013,22,25000,,充值25000钻石,{gold=300000;502=50;902=50;14=50},,,
,,,,,,,,,,
10211,消耗送水跃鱼碎片,10014,21,300,,累计消耗300钻石,{gold=60000;5000=10;930=10},,,
10212,消耗送水跃鱼碎片,10014,21,1000,,累计消耗1000钻石,{gold=80000;5000=15;21311=10},,,
10213,消耗送水跃鱼碎片,10014,21,2000,,累计消耗2000钻石,{gold=80000;5000=10;452=20},,,
10214,消耗送水跃鱼碎片,10014,21,4000,,累计消耗4000钻石,{gold=100000;5000=15;21311=20},,,
10215,消耗送水跃鱼碎片,10014,21,7000,,累计消耗7000钻石,{gold=120000;5000=15;452=30},,,
10216,消耗送水跃鱼碎片,10014,21,10000,,累计消耗10000钻石,{gold=120000;5000=15;21311=30},,,
10217,消耗送水跃鱼碎片,10014,21,14000,,累计消耗14000钻石,{gold=140000;5000=20;452=40},,,
10218,消耗送水跃鱼碎片,10014,21,18000,,累计消耗18000钻石,{gold=160000;5000=20;21311=40},,,
10219,消耗送水跃鱼碎片,10014,21,22000,,累计消耗22000钻石,{gold=180000;5000=25;452=50},,,
10220,消耗送水跃鱼碎片,10014,21,25000,,累计消耗25000钻石,{gold=200000;5000=30;21311=50},,,
,,,,,,,,,,
10221,充值送橙色携带道具,10015,22,60,,充值60钻石,{gold=60000;2102=10;rmb=60;14=10},,,
10222,充值送橙色携带道具,10015,22,300,,充值300钻石,{gold=60000;2102=10;5000=30;14=10},,,
10223,充值送橙色携带道具,10015,22,600,,充值600钻石,{gold=60000;2102=10;930=30;14=10},,,
10224,充值送橙色携带道具,10015,22,980,,充值980钻石,{gold=80000;902=10;2103=5;14=15},,,
10225,充值送橙色携带道具,10015,22,1980,,充值1980钻石,{gold=80000;502=10;2103=7;14=15},,,
10226,充值送橙色携带道具,10015,22,3280,,充值3280钻石,{gold=100000;902=20;2103=10;14=15},,,
10227,充值送橙色携带道具,10015,22,6480,,充值6480钻石,{gold=100000;942=1;6053=1;14=20},,,
10228,充值送橙色携带道具,10015,22,9680,,充值9680钻石,{gold=120000;502=15;6052=1;14=20},,,
10229,充值送橙色携带道具,10015,22,12000,,充值12000钻石,{gold=120000;942=1;6054=1;14=30},,,
10230,充值送橙色携带道具,10015,22,15000,,充值15000钻石,{gold=180000;502=30;6051=1;14=30},,,
10231,充值送橙色携带道具,10015,22,20000,,充值20000钻石,{gold=200000;902=50;30talent_point=1;14=50},,,
10232,充值送橙色携带道具,10015,22,25000,,充值25000钻石,{gold=300000;502=50;902=50;14=50},,,
,,,,,,,,,,
10241,消耗送风速狗碎片,10016,21,300,,累计消耗300钻石,{gold=60000;5000=10;930=10},,,
10242,消耗送风速狗碎片,10016,21,1000,,累计消耗1000钻石,{gold=80000;5000=15;20241=10},,,
10243,消耗送风速狗碎片,10016,21,2000,,累计消耗2000钻石,{gold=80000;5000=10;452=20},,,
10244,消耗送风速狗碎片,10016,21,4000,,累计消耗4000钻石,{gold=100000;5000=15;20241=20},,,
10245,消耗送风速狗碎片,10016,21,7000,,累计消耗7000钻石,{gold=120000;5000=15;452=30},,,
10246,消耗送风速狗碎片,10016,21,10000,,累计消耗10000钻石,{gold=120000;5000=15;20241=30},,,
10247,消耗送风速狗碎片,10016,21,14000,,累计消耗14000钻石,{gold=140000;5000=20;452=40},,,
10248,消耗送风速狗碎片,10016,21,18000,,累计消耗18000钻石,{gold=160000;5000=20;20241=40},,,
10249,消耗送风速狗碎片,10016,21,22000,,累计消耗22000钻石,{gold=180000;5000=25;452=50},,,
10250,消耗送风速狗碎片,10016,21,25000,,累计消耗25000钻石,{gold=200000;5000=30;20241=50},,,
,,,,,,,,,,
10251,抽卡送任选碎片,10017,51,10,,金币抽卡10次,{6204=2;gold=10000;13=10},,,
10252,抽卡送任选碎片,10017,51,20,,金币抽卡20次,{6204=2;gold=20000;13=10},,,
10253,抽卡送任选碎片,10017,95,2,,限定抽卡累计2次,{6204=2;gold=20000;13=10},,,
10254,抽卡送任选碎片,10017,95,10,,限定抽卡累计10次,{6204=4;gold=30000;12=10},,,
10255,抽卡送任选碎片,10017,95,20,,限定抽卡累计20次,{6204=4;gold=40000;12=10},,,
10256,抽卡送任选碎片,10017,95,30,,限定抽卡累计30次,{6204=6;gold=50000;12=10},,,
10257,抽卡送任选碎片,10017,95,40,,限定抽卡累计40次,{6204=6;gold=60000;13=10},,,
10258,抽卡送任选碎片,10017,95,60,,限定抽卡累计60次,{6204=8;gold=80000;13=10},,,
10259,抽卡送任选碎片,10017,95,80,,限定抽卡累计80次,{6204=10;gold=100000;13=10},,,
10260,抽卡送任选碎片,10017,95,100,,限定抽卡累计100次,{6204=15;gold=120000;13=10},,,
10261,抽卡送任选碎片,10017,95,120,,限定抽卡累计120次,{6204=20;gold=150000;14=10},,,
10262,抽卡送任选碎片,10017,95,150,,限定抽卡累计150次,{6204=25;gold=150000;14=10},,,
10263,抽卡送任选碎片,10017,95,200,,限定抽卡累计200次,{6204=25;gold=150000;14=10},,,
,,,,,,,,,,
10271,消耗送风速狗碎片,10018,21,300,,累计消耗300钻石,{gold=60000;5000=10;930=10},,,
10272,消耗送风速狗碎片,10018,21,1000,,累计消耗1000钻石,{gold=80000;5000=15;20241=10},,,
10273,消耗送风速狗碎片,10018,21,2000,,累计消耗2000钻石,{gold=80000;5000=10;452=20},,,
10274,消耗送风速狗碎片,10018,21,4000,,累计消耗4000钻石,{gold=100000;5000=15;20241=20},,,
10275,消耗送风速狗碎片,10018,21,7000,,累计消耗7000钻石,{gold=120000;5000=15;452=30},,,
10276,消耗送风速狗碎片,10018,21,10000,,累计消耗10000钻石,{gold=120000;5000=15;20241=30},,,
10277,消耗送风速狗碎片,10018,21,14000,,累计消耗14000钻石,{gold=140000;5000=20;452=40},,,
10278,消耗送风速狗碎片,10018,21,18000,,累计消耗18000钻石,{gold=160000;5000=20;20241=40},,,
10279,消耗送风速狗碎片,10018,21,22000,,累计消耗22000钻石,{gold=180000;5000=25;452=50},,,
10280,消耗送风速狗碎片,10018,21,25000,,累计消耗25000钻石,{gold=200000;5000=30;20241=50},,,
,,,,,,,,,,
10281,消耗送三首恶龙碎片,10019,21,300,,累计消耗300钻石,{gold=60000;5000=10;930=10},,,
10282,消耗送三首恶龙碎片,10019,21,1000,,累计消耗1000钻石,{gold=80000;5000=15;23141=10},,,
10283,消耗送三首恶龙碎片,10019,21,2000,,累计消耗2000钻石,{gold=80000;5000=10;452=20},,,
10284,消耗送三首恶龙碎片,10019,21,4000,,累计消耗4000钻石,{gold=100000;5000=15;23141=20},,,
10285,消耗送三首恶龙碎片,10019,21,7000,,累计消耗7000钻石,{gold=120000;5000=15;452=30},,,
10286,消耗送三首恶龙碎片,10019,21,10000,,累计消耗10000钻石,{gold=120000;5000=15;23141=30},,,
10287,消耗送三首恶龙碎片,10019,21,14000,,累计消耗14000钻石,{gold=140000;5000=20;452=40},,,
10288,消耗送三首恶龙碎片,10019,21,18000,,累计消耗18000钻石,{gold=160000;5000=20;23141=40},,,
10289,消耗送三首恶龙碎片,10019,21,22000,,累计消耗22000钻石,{gold=180000;5000=25;452=50},,,
10290,消耗送三首恶龙碎片,10019,21,25000,,累计消耗25000钻石,{gold=200000;5000=30;23141=50},,,
,,,,,,,,,,
10300,充值送橙色携带道具,10020,22,60,,充值60钻石,{gold=60000;2102=10;rmb=60;14=10},,,
10301,充值送橙色携带道具,10020,22,300,,充值300钻石,{gold=60000;2102=10;5000=30;14=10},,,
10302,充值送橙色携带道具,10020,22,600,,充值600钻石,{gold=60000;2102=10;930=30;14=10},,,
10303,充值送橙色携带道具,10020,22,980,,充值980钻石,{gold=80000;902=10;2103=5;14=15},,,
10304,充值送橙色携带道具,10020,22,1980,,充值1980钻石,{gold=80000;502=10;2103=7;14=15},,,
10305,充值送橙色携带道具,10020,22,3280,,充值3280钻石,{gold=100000;902=20;2103=10;14=15},,,
10306,充值送橙色携带道具,10020,22,6480,,充值6480钻石,{gold=100000;942=1;6053=1;14=20},,,
10307,充值送橙色携带道具,10020,22,9680,,充值9680钻石,{gold=120000;502=15;6052=1;14=20},,,
10308,充值送橙色携带道具,10020,22,12000,,充值12000钻石,{gold=120000;942=1;6054=1;14=30},,,
10309,充值送橙色携带道具,10020,22,15000,,充值15000钻石,{gold=180000;502=30;6051=1;14=30},,,
10310,充值送橙色携带道具,10020,22,20000,,充值20000钻石,{gold=200000;902=50;30408=1;14=50},,,
10311,充值送橙色携带道具,10020,22,25000,,充值25000钻石,{gold=300000;502=50;902=50;14=50},,,
,,,,,,,,,,
10320,消耗送急冻鸟碎片,10021,21,300,,累计消耗300钻石,{gold=60000;5000=10;930=10},,,
10321,消耗送急冻鸟碎片,10021,21,1000,,累计消耗1000钻石,{gold=80000;5000=15;20721=10},,,
10322,消耗送急冻鸟碎片,10021,21,2000,,累计消耗2000钻石,{gold=80000;5000=10;452=20},,,
10323,消耗送急冻鸟碎片,10021,21,4000,,累计消耗4000钻石,{gold=100000;5000=15;20721=20},,,
10324,消耗送急冻鸟碎片,10021,21,7000,,累计消耗7000钻石,{gold=120000;5000=15;452=30},,,
10325,消耗送急冻鸟碎片,10021,21,10000,,累计消耗10000钻石,{gold=120000;5000=15;20721=30},,,
10326,消耗送急冻鸟碎片,10021,21,14000,,累计消耗14000钻石,{gold=140000;5000=20;452=40},,,
10327,消耗送急冻鸟碎片,10021,21,18000,,累计消耗18000钻石,{gold=160000;5000=20;20721=40},,,
10328,消耗送急冻鸟碎片,10021,21,22000,,累计消耗22000钻石,{gold=180000;5000=25;452=50},,,
10329,消耗送急冻鸟碎片,10021,21,25000,,累计消耗25000钻石,{gold=200000;5000=30;20721=50},,,
,,,,,,,,,,
10330,消耗送雷公碎片,10022,21,300,,累计消耗300钻石,{gold=60000;5000=10;930=10},,,
10331,消耗送雷公碎片,10022,21,1000,,累计消耗1000钻石,{gold=80000;5000=15;21221=10},,,
10332,消耗送雷公碎片,10022,21,2000,,累计消耗2000钻石,{gold=80000;5000=10;452=20},,,
10333,消耗送雷公碎片,10022,21,4000,,累计消耗4000钻石,{gold=100000;5000=15;21221=20},,,
10334,消耗送雷公碎片,10022,21,7000,,累计消耗7000钻石,{gold=120000;5000=15;452=30},,,
10335,消耗送雷公碎片,10022,21,10000,,累计消耗10000钻石,{gold=120000;5000=15;21221=30},,,
10336,消耗送雷公碎片,10022,21,14000,,累计消耗14000钻石,{gold=140000;5000=20;452=40},,,
10337,消耗送雷公碎片,10022,21,18000,,累计消耗18000钻石,{gold=160000;5000=20;21221=40},,,
10338,消耗送雷公碎片,10022,21,22000,,累计消耗22000钻石,{gold=180000;5000=25;452=50},,,
10339,消耗送雷公碎片,10022,21,25000,,累计消耗25000钻石,{gold=200000;5000=30;21221=50},,,
,,,,,,,,,,
10340,清明登录,10023,17,1,,累计登录1天,{rmb=50;6341=2;gold=100000;503=1},,,
10341,清明登录,10023,17,2,,累计登录2天,{rmb=50;6341=2;gold=100000;520=1},,,
10342,清明登录,10023,17,3,,累计登录3天,{rmb=100;6341=3;gold=100000;519=1},,,
,,,,,,,,,,
10350,充值送改版,10024,22,60,,充值60钻石,{gold=60000;850=100;rmb=60;14=10},,,
10351,充值送改版,10024,22,300,,充值300钻石,{gold=60000;850=100;5000=30;14=10},,,
10352,充值送改版,10024,22,600,,充值600钻石,{gold=60000;851=50;930=30;14=10},,,
10353,充值送改版,10024,22,980,,充值980钻石,{gold=80000;902=20;2103=10;14=15},,,
10354,充值送改版,10024,22,1980,,充值1980钻石,{gold=80000;502=15;2103=10;14=15},,,
10355,充值送改版,10024,22,3280,,充值3280钻石,{gold=100000;902=30;2103=10;14=15},,,
10356,充值送改版,10024,22,6480,,充值6480钻石,{gold=100000;502=30;6053=1;14=20},,,
10357,充值送改版,10024,22,9680,,充值9680钻石,{gold=120000;501=5;6052=1;14=20},,,
10358,充值送改版,10024,22,12000,,充值12000钻石,{gold=120000;902=50;6054=1;14=30},,,
10359,充值送改版,10024,22,15000,,充值15000钻石,{gold=180000;502=30;6051=1;14=30},,,
10360,充值送改版,10024,22,20000,,充值20000钻石,{gold=200000;902=50;942=1;14=50},,,
10361,充值送改版,10024,22,25000,,充值25000钻石,{gold=300000;521=30;604=50;14=50},,,
,,,,,,,,,,
10370,消耗送烈咬陆鲨碎片,10025,21,300,,累计消耗300钻石,{gold=60000;5000=10;930=10},,,
10371,消耗送烈咬陆鲨碎片,10025,21,1000,,累计消耗1000钻石,{gold=80000;5000=15;22231=10},,,
10372,消耗送烈咬陆鲨碎片,10025,21,2000,,累计消耗2000钻石,{gold=80000;5000=10;452=20},,,
10373,消耗送烈咬陆鲨碎片,10025,21,4000,,累计消耗4000钻石,{gold=100000;5000=15;22231=20},,,
10374,消耗送烈咬陆鲨碎片,10025,21,7000,,累计消耗7000钻石,{gold=120000;5000=15;452=30},,,
10375,消耗送烈咬陆鲨碎片,10025,21,10000,,累计消耗10000钻石,{gold=120000;5000=15;22231=30},,,
10376,消耗送烈咬陆鲨碎片,10025,21,14000,,累计消耗14000钻石,{gold=140000;5000=20;452=40},,,
10377,消耗送烈咬陆鲨碎片,10025,21,18000,,累计消耗18000钻石,{gold=160000;5000=20;22231=40},,,
10378,消耗送烈咬陆鲨碎片,10025,21,22000,,累计消耗22000钻石,{gold=180000;5000=25;452=50},,,
10379,消耗送烈咬陆鲨碎片,10025,21,25000,,累计消耗25000钻石,{gold=200000;5000=30;22231=50},,,
,,,,,,,,,,
10380,消耗送牙牙碎片,10026,21,300,,累计消耗300钻石,{gold=60000;5000=10;930=10},,,
10381,消耗送牙牙碎片,10026,21,1000,,累计消耗1000钻石,{gold=80000;5000=15;23001=10},,,
10382,消耗送牙牙碎片,10026,21,2000,,累计消耗2000钻石,{gold=80000;5000=10;452=20},,,
10383,消耗送牙牙碎片,10026,21,4000,,累计消耗4000钻石,{gold=100000;5000=15;23001=20},,,
10384,消耗送牙牙碎片,10026,21,7000,,累计消耗7000钻石,{gold=120000;5000=15;452=30},,,
10385,消耗送牙牙碎片,10026,21,10000,,累计消耗10000钻石,{gold=120000;5000=15;23001=30},,,
10386,消耗送牙牙碎片,10026,21,14000,,累计消耗14000钻石,{gold=140000;5000=20;452=40},,,
10387,消耗送牙牙碎片,10026,21,18000,,累计消耗18000钻石,{gold=160000;5000=20;23001=40},,,
10388,消耗送牙牙碎片,10026,21,22000,,累计消耗22000钻石,{gold=180000;5000=25;452=50},,,
10389,消耗送牙牙碎片,10026,21,25000,,累计消耗25000钻石,{gold=200000;5000=30;23001=50},,,
,,,,,,,,,,
10390,充值送橙色携带道具,10027,22,60,,充值60钻石,{gold=60000;2102=10;rmb=60;14=10},,,
10391,充值送橙色携带道具,10027,22,300,,充值300钻石,{gold=60000;2102=10;5000=30;14=10},,,
10392,充值送橙色携带道具,10027,22,600,,充值600钻石,{gold=60000;2102=10;930=30;14=10},,,
10393,充值送橙色携带道具,10027,22,980,,充值980钻石,{gold=80000;902=20;2103=10;14=15},,,
10394,充值送橙色携带道具,10027,22,1980,,充值1980钻石,{gold=80000;502=15;2103=10;14=15},,,
10395,充值送橙色携带道具,10027,22,3280,,充值3280钻石,{gold=100000;902=30;2103=10;14=15},,,
10396,充值送橙色携带道具,10027,22,6480,,充值6480钻石,{gold=100000;502=30;6053=1;14=20},,,
10397,充值送橙色携带道具,10027,22,9680,,充值9680钻石,{gold=120000;501=5;6052=1;14=20},,,
10398,充值送橙色携带道具,10027,22,12000,,充值12000钻石,{gold=120000;902=50;6054=1;14=30},,,
10399,充值送橙色携带道具,10027,22,15000,,充值15000钻石,{gold=180000;502=30;6051=1;14=30},,,
10400,充值送橙色携带道具,10027,22,20000,,充值20000钻石,{gold=200000;902=50;942=1;14=50},,,
10401,充值送橙色携带道具,10027,22,25000,,充值25000钻石,{gold=300000;521=30;604=50;14=50},,,
,,,,,,,,,,
10411,抽探险器,10028,94,5,,探险寻宝5次,{gold=20000;4000=50;961=1},,,
10412,抽探险器,10028,94,10,,探险寻宝10次,{gold=30000;4000=50;961=1},,,
10413,抽探险器,10028,94,30,,探险寻宝30次,{gold=40000;4000=100;962=1},,,
10414,抽探险器,10028,94,50,,探险寻宝50次,{gold=50000;4000=100;962=1},,,
10415,抽探险器,10028,94,70,,探险寻宝70次,{gold=60000;4000=100;962=1},,,
10416,抽探险器,10028,94,100,,探险寻宝100次,{gold=80000;4000=200;963=1},,,
10417,抽探险器,10028,94,150,,探险寻宝150次,{gold=100000;4000=200;963=1},,,
,,,,,,,,,,
10421,抽饰品箱子送携带养成和紫色携带道具,10029,52,10,,抽饰品魔方10次,{gold=20000;2103=3;941=1},,,
10422,抽饰品箱子送携带养成和紫色携带道具,10029,52,30,,抽饰品魔方30次,{gold=30000;2103=5;941=1},,,
10423,抽饰品箱子送携带养成和紫色携带道具,10029,52,60,,抽饰品魔方60次,{gold=40000;2103=7;2152=1},,,
10424,抽饰品箱子送携带养成和紫色携带道具,10029,52,100,,抽饰品魔方100次,{gold=50000;2103=10;941=1},,,
10425,抽饰品箱子送携带养成和紫色携带道具,10029,52,150,,抽饰品魔方150次,{gold=60000;2103=15;942=1},,,
10426,抽饰品箱子送携带养成和紫色携带道具,10029,52,200,,抽饰品魔方200次,{gold=80000;2103=20;2152=1},,,
10427,抽饰品箱子送携带养成和紫色携带道具,10029,52,300,,抽饰品魔方300次,{gold=100000;2103=30;942=1},,,
,,,,,,,,,,
10430,可达鸭赠送,10030,17,1,,累计登录1天,{card={id=221}},,,
,,,,,,,,,,
10440,消耗送幼基拉斯碎片,10031,21,300,,累计消耗300钻石,{gold=60000;5000=10;930=10},,,
10441,消耗送幼基拉斯碎片,10031,21,1000,,累计消耗1000钻石,{gold=80000;5000=15;21251=10},,,
10442,消耗送幼基拉斯碎片,10031,21,2000,,累计消耗2000钻石,{gold=80000;5000=10;452=20},,,
10443,消耗送幼基拉斯碎片,10031,21,4000,,累计消耗4000钻石,{gold=100000;5000=15;21251=20},,,
10444,消耗送幼基拉斯碎片,10031,21,7000,,累计消耗7000钻石,{gold=120000;5000=15;452=30},,,
10445,消耗送幼基拉斯碎片,10031,21,10000,,累计消耗10000钻石,{gold=120000;5000=15;21251=30},,,
10446,消耗送幼基拉斯碎片,10031,21,14000,,累计消耗14000钻石,{gold=140000;5000=20;452=40},,,
10447,消耗送幼基拉斯碎片,10031,21,18000,,累计消耗18000钻石,{gold=160000;5000=20;21251=40},,,
10448,消耗送幼基拉斯碎片,10031,21,22000,,累计消耗22000钻石,{gold=180000;5000=25;452=50},,,
10449,消耗送幼基拉斯碎片,10031,21,25000,,累计消耗25000钻石,{gold=200000;5000=30;21251=50},,,
,,,,,,,,,,
10450,消耗送利欧路碎片,10032,21,300,,累计消耗300钻石,{gold=60000;5000=10;930=10},,,
10451,消耗送利欧路碎片,10032,21,1000,,累计消耗1000钻石,{gold=80000;5000=15;22241=10},,,
10452,消耗送利欧路碎片,10032,21,2000,,累计消耗2000钻石,{gold=80000;5000=10;452=20},,,
10453,消耗送利欧路碎片,10032,21,4000,,累计消耗4000钻石,{gold=100000;5000=15;22241=20},,,
10454,消耗送利欧路碎片,10032,21,7000,,累计消耗7000钻石,{gold=120000;5000=15;452=30},,,
10455,消耗送利欧路碎片,10032,21,10000,,累计消耗10000钻石,{gold=120000;5000=15;22241=30},,,
10456,消耗送利欧路碎片,10032,21,14000,,累计消耗14000钻石,{gold=140000;5000=20;452=40},,,
10457,消耗送利欧路碎片,10032,21,18000,,累计消耗18000钻石,{gold=160000;5000=20;22241=40},,,
10458,消耗送利欧路碎片,10032,21,22000,,累计消耗22000钻石,{gold=180000;5000=25;452=50},,,
10459,消耗送利欧路碎片,10032,21,25000,,累计消耗25000钻石,{gold=200000;5000=30;22241=50},,,
,,,,,,,,,,
10460,消耗送索罗亚碎片,10033,21,300,,累计消耗300钻石,{gold=60000;5000=10;930=10},,,
10461,消耗送索罗亚碎片,10033,21,1000,,累计消耗1000钻石,{gold=80000;5000=15;22821=10},,,
10462,消耗送索罗亚碎片,10033,21,2000,,累计消耗2000钻石,{gold=80000;5000=10;452=20},,,
10463,消耗送索罗亚碎片,10033,21,4000,,累计消耗4000钻石,{gold=100000;5000=15;22821=20},,,
10464,消耗送索罗亚碎片,10033,21,7000,,累计消耗7000钻石,{gold=120000;5000=15;452=30},,,
10465,消耗送索罗亚碎片,10033,21,10000,,累计消耗10000钻石,{gold=120000;5000=15;22821=30},,,
10466,消耗送索罗亚碎片,10033,21,14000,,累计消耗14000钻石,{gold=140000;5000=20;452=40},,,
10467,消耗送索罗亚碎片,10033,21,18000,,累计消耗18000钻石,{gold=160000;5000=20;22821=40},,,
10468,消耗送索罗亚碎片,10033,21,22000,,累计消耗22000钻石,{gold=180000;5000=25;452=50},,,
10469,消耗送索罗亚碎片,10033,21,25000,,累计消耗25000钻石,{gold=200000;5000=30;22821=50},,,
,,,,,,,,,,
10470,抽符石,10034,104,20,,金币抽符石20次,{gold=50000;529=20;971=1},,,
10471,抽符石,10034,104,40,,金币抽符石40次,{gold=50000;529=30;972=1},,,
10472,抽符石,10034,104,60,,金币抽符石60次,{gold=50000;529=50;972=1},,,
10473,抽符石,10034,107,10,,钻石抽符石10次（包括限定符石活动）,{gold=50000;529=100;971=1},,,
10474,抽符石,10034,107,30,,钻石抽符石30次（包括限定符石活动）,{gold=60000;529=200;972=1},,,
10475,抽符石,10034,107,60,,钻石抽符石60次（包括限定符石活动）,{gold=80000;529=200;973=1},,,
10476,抽符石,10034,107,100,,钻石抽符石100次（包括限定符石活动）,{gold=100000;529=300;973=1},,,
10477,抽符石,10034,107,150,,钻石抽符石150次（包括限定符石活动）,{gold=120000;529=300;973=1},,,
10478,抽符石,10034,107,220,,钻石抽符石220次（包括限定符石活动）,{gold=150000;529=500;974=1},,,
10479,抽符石,10034,107,300,,钻石抽符石300次（包括限定符石活动）,{gold=200000;529=500;974=1},,,
,,,,,,,,,,
10480,消耗送卡比兽碎片,10035,21,300,,累计消耗300钻石,{gold=60000;5000=10;930=10},,,
10481,消耗送卡比兽碎片,10035,21,1000,,累计消耗1000钻石,{gold=80000;5000=15;20711=10},,,
10482,消耗送卡比兽碎片,10035,21,2000,,累计消耗2000钻石,{gold=80000;5000=10;452=20},,,
10483,消耗送卡比兽碎片,10035,21,4000,,累计消耗4000钻石,{gold=100000;5000=15;20711=20},,,
10484,消耗送卡比兽碎片,10035,21,7000,,累计消耗7000钻石,{gold=120000;5000=15;452=30},,,
10485,消耗送卡比兽碎片,10035,21,10000,,累计消耗10000钻石,{gold=120000;5000=15;20711=30},,,
10486,消耗送卡比兽碎片,10035,21,14000,,累计消耗14000钻石,{gold=140000;5000=20;452=40},,,
10487,消耗送卡比兽碎片,10035,21,18000,,累计消耗18000钻石,{gold=160000;5000=20;20711=40},,,
10488,消耗送卡比兽碎片,10035,21,22000,,累计消耗22000钻石,{gold=180000;5000=25;452=50},,,
10489,消耗送卡比兽碎片,10035,21,25000,,累计消耗25000钻石,{gold=200000;5000=30;20711=50},,,
,,,,,,,,,,
10490,消耗送宝贝龙碎片,10036,21,300,,累计消耗300钻石,{gold=60000;5000=10;930=10},,,
10491,消耗送宝贝龙碎片,10036,21,1000,,累计消耗1000钻石,{gold=80000;5000=15;21891=10},,,
10492,消耗送宝贝龙碎片,10036,21,2000,,累计消耗2000钻石,{gold=80000;5000=10;452=20},,,
10493,消耗送宝贝龙碎片,10036,21,4000,,累计消耗4000钻石,{gold=100000;5000=15;21891=20},,,
10494,消耗送宝贝龙碎片,10036,21,7000,,累计消耗7000钻石,{gold=120000;5000=15;452=30},,,
10495,消耗送宝贝龙碎片,10036,21,10000,,累计消耗10000钻石,{gold=120000;5000=15;21891=30},,,
10496,消耗送宝贝龙碎片,10036,21,14000,,累计消耗14000钻石,{gold=140000;5000=20;452=40},,,
10497,消耗送宝贝龙碎片,10036,21,18000,,累计消耗18000钻石,{gold=160000;5000=20;21891=40},,,
10498,消耗送宝贝龙碎片,10036,21,22000,,累计消耗22000钻石,{gold=180000;5000=25;452=50},,,
10499,消耗送宝贝龙碎片,10036,21,25000,,累计消耗25000钻石,{gold=200000;5000=30;21891=50},,,
,,,,,,,,,,
10500,端午登录,10037,17,1,,累计登录1天,{rmb=100;6364=10;gold=100000;503=1},,,
10501,端午登录,10037,17,2,,累计登录2天,{rmb=100;6364=10;gold=100000;520=1},,,
10502,端午登录,10037,17,3,,累计登录3天,{rmb=100;6364=10;gold=100000;519=1},,,
10503,端午登录,10037,17,4,,累计登录4天,{rmb=100;6364=10;gold=100000;502=2},,,
,,,,,,,,,,
10510,端午任务,10038,22,60,,充值60钻石,{6364=5;gold=100000;14=20},,,
10511,端午任务,10038,21,300,,今日消费300钻石,{6364=2;gold=50000;14=10},,,
10512,端午任务,10038,20,1000000,,消耗1000000金币,{6364=2;gold=50000;14=10},,,
10513,端午任务,10038,37,1,,精灵升星1次,{6364=2;gold=50000;14=10},,,
10514,端午任务,10038,41,5,,竞技场战斗5次,{6364=2;gold=50000;14=10},,,
10515,端午任务,10038,35,2,,精灵突破2次,{6364=2;gold=50000;14=10},,,
10516,端午任务,10038,64,5,,以太乐园通过5层,{6364=2;gold=50000;14=10},,,
10517,端午任务,10038,66,2,,元素挑战战斗2次,{6364=2;gold=50000;14=10},,,
10518,端午任务,10038,32,2,,活动副本战斗两次,{6364=2;gold=50000;14=10},,,
10519,端午任务,10038,86,,{1=4},完成S级以上派遣任务1次,{6364=2;gold=50000;14=10},,,
10520,端午任务,10038,18,5,,点金5次,{6364=2;gold=50000;14=10},,,
10521,端午任务,10038,34,20,,技能升级20次,{6364=2;gold=50000;14=10},,,
10522,端午任务,10038,26,3,,购买体力3次,{6364=2;gold=50000;14=10},,,
,,,,,,,,,,
10530,消耗送火焰鸟碎片,10039,21,300,,累计消耗300钻石,{gold=60000;5000=10;930=10},,,
10531,消耗送火焰鸟碎片,10039,21,1000,,累计消耗1000钻石,{gold=80000;5000=15;20741=10},,,
10532,消耗送火焰鸟碎片,10039,21,2000,,累计消耗2000钻石,{gold=80000;5000=10;452=20},,,
10533,消耗送火焰鸟碎片,10039,21,4000,,累计消耗4000钻石,{gold=100000;5000=15;20741=20},,,
10534,消耗送火焰鸟碎片,10039,21,7000,,累计消耗7000钻石,{gold=120000;5000=15;452=30},,,
10535,消耗送火焰鸟碎片,10039,21,10000,,累计消耗10000钻石,{gold=120000;5000=15;20741=30},,,
10536,消耗送火焰鸟碎片,10039,21,14000,,累计消耗14000钻石,{gold=140000;5000=20;452=40},,,
10537,消耗送火焰鸟碎片,10039,21,18000,,累计消耗18000钻石,{gold=160000;5000=20;20741=40},,,
10538,消耗送火焰鸟碎片,10039,21,22000,,累计消耗22000钻石,{gold=180000;5000=25;452=50},,,
10539,消耗送火焰鸟碎片,10039,21,25000,,累计消耗25000钻石,{gold=200000;5000=30;20741=50},,,
,,,,,,,,,,
10540,消耗送雷吉艾斯碎片,10040,21,300,,累计消耗300钻石,{gold=60000;5000=10;930=10},,,
10541,消耗送雷吉艾斯碎片,10040,21,1000,,累计消耗1000钻石,{gold=80000;5000=15;21921=10},,,
10542,消耗送雷吉艾斯碎片,10040,21,2000,,累计消耗2000钻石,{gold=80000;5000=10;452=20},,,
10543,消耗送雷吉艾斯碎片,10040,21,4000,,累计消耗4000钻石,{gold=100000;5000=15;21921=20},,,
10544,消耗送雷吉艾斯碎片,10040,21,7000,,累计消耗7000钻石,{gold=120000;5000=15;452=30},,,
10545,消耗送雷吉艾斯碎片,10040,21,10000,,累计消耗10000钻石,{gold=120000;5000=15;21921=30},,,
10546,消耗送雷吉艾斯碎片,10040,21,14000,,累计消耗14000钻石,{gold=140000;5000=20;452=40},,,
10547,消耗送雷吉艾斯碎片,10040,21,18000,,累计消耗18000钻石,{gold=160000;5000=20;21921=40},,,
10548,消耗送雷吉艾斯碎片,10040,21,22000,,累计消耗22000钻石,{gold=180000;5000=25;452=50},,,
10549,消耗送雷吉艾斯碎片,10040,21,25000,,累计消耗25000钻石,{gold=200000;5000=30;21921=50},,,
,,,,,,,,,,
10550,消耗送克雷色利亚碎片,10041,21,300,,累计消耗300钻石,{gold=60000;5000=10;930=10},,,
10551,消耗送克雷色利亚碎片,10041,21,1000,,累计消耗1000钻石,{gold=80000;5000=15;22401=10},,,
10552,消耗送克雷色利亚碎片,10041,21,2000,,累计消耗2000钻石,{gold=80000;5000=10;452=20},,,
10553,消耗送克雷色利亚碎片,10041,21,4000,,累计消耗4000钻石,{gold=100000;5000=15;22401=20},,,
10554,消耗送克雷色利亚碎片,10041,21,7000,,累计消耗7000钻石,{gold=120000;5000=15;452=30},,,
10555,消耗送克雷色利亚碎片,10041,21,10000,,累计消耗10000钻石,{gold=120000;5000=15;22401=30},,,
10556,消耗送克雷色利亚碎片,10041,21,14000,,累计消耗14000钻石,{gold=140000;5000=20;452=40},,,
10557,消耗送克雷色利亚碎片,10041,21,18000,,累计消耗18000钻石,{gold=160000;5000=20;22401=40},,,
10558,消耗送克雷色利亚碎片,10041,21,22000,,累计消耗22000钻石,{gold=180000;5000=25;452=50},,,
10559,消耗送克雷色利亚碎片,10041,21,25000,,累计消耗25000钻石,{gold=200000;5000=30;22401=50},,,
,,,,,,,,,,
10560,消耗送水君路卡利欧雷吉洛克碎片,10042,21,300,,累计消耗300钻石,{gold=60000;5000=10;930=10},,,
10561,消耗送水君路卡利欧雷吉洛克碎片,10042,21,1000,,累计消耗1000钻石,{gold=80000;5000=15;6180=10},,,
10562,消耗送水君路卡利欧雷吉洛克碎片,10042,21,2000,,累计消耗2000钻石,{gold=80000;5000=10;452=20},,,
10563,消耗送水君路卡利欧雷吉洛克碎片,10042,21,4000,,累计消耗4000钻石,{gold=100000;5000=15;6180=20},,,
10564,消耗送水君路卡利欧雷吉洛克碎片,10042,21,7000,,累计消耗7000钻石,{gold=120000;5000=15;452=30},,,
10565,消耗送水君路卡利欧雷吉洛克碎片,10042,21,10000,,累计消耗10000钻石,{gold=120000;5000=15;6180=30},,,
10566,消耗送水君路卡利欧雷吉洛克碎片,10042,21,14000,,累计消耗14000钻石,{gold=140000;5000=20;452=40},,,
10567,消耗送水君路卡利欧雷吉洛克碎片,10042,21,18000,,累计消耗18000钻石,{gold=160000;5000=20;6180=40},,,
10568,消耗送水君路卡利欧雷吉洛克碎片,10042,21,22000,,累计消耗22000钻石,{gold=180000;5000=25;452=50},,,
10569,消耗送水君路卡利欧雷吉洛克碎片,10042,21,25000,,累计消耗25000钻石,{gold=200000;5000=30;6180=50},,,
10570,消耗送水君路卡利欧雷吉洛克碎片,10042,21,30000,,累计消耗30000钻石,{gold=250000;5000=40;452=60},,,
10571,消耗送水君路卡利欧雷吉洛克碎片,10042,21,40000,,累计消耗40000钻石,{gold=300000;5000=50;6180=60},,,
,,,,,,,,,,
10580,消耗送炎帝碎片烈咬陆鲨碎片索罗亚碎片,10043,21,300,,累计消耗300钻石,{gold=60000;5000=10;930=10},,,
10581,消耗送炎帝碎片烈咬陆鲨碎片索罗亚碎片,10043,21,1000,,累计消耗1000钻石,{gold=80000;5000=15;6181=10},,,
10582,消耗送炎帝碎片烈咬陆鲨碎片索罗亚碎片,10043,21,2000,,累计消耗2000钻石,{gold=80000;5000=10;452=20},,,
10583,消耗送炎帝碎片烈咬陆鲨碎片索罗亚碎片,10043,21,4000,,累计消耗4000钻石,{gold=100000;5000=15;6181=20},,,
10584,消耗送炎帝碎片烈咬陆鲨碎片索罗亚碎片,10043,21,7000,,累计消耗7000钻石,{gold=120000;5000=15;452=30},,,
10585,消耗送炎帝碎片烈咬陆鲨碎片索罗亚碎片,10043,21,10000,,累计消耗10000钻石,{gold=120000;5000=15;6181=30},,,
10586,消耗送炎帝碎片烈咬陆鲨碎片索罗亚碎片,10043,21,14000,,累计消耗14000钻石,{gold=140000;5000=20;452=40},,,
10587,消耗送炎帝碎片烈咬陆鲨碎片索罗亚碎片,10043,21,18000,,累计消耗18000钻石,{gold=160000;5000=20;6181=40},,,
10588,消耗送炎帝碎片烈咬陆鲨碎片索罗亚碎片,10043,21,22000,,累计消耗22000钻石,{gold=180000;5000=25;452=50},,,
10589,消耗送炎帝碎片烈咬陆鲨碎片索罗亚碎片,10043,21,25000,,累计消耗25000钻石,{gold=200000;5000=30;6181=50},,,
10590,消耗送炎帝碎片烈咬陆鲨碎片索罗亚碎片,10043,21,30000,,累计消耗30000钻石,{gold=250000;5000=40;452=60},,,
10591,消耗送炎帝碎片烈咬陆鲨碎片索罗亚碎片,10043,21,40000,,累计消耗40000钻石,{gold=300000;5000=50;6181=60},,,
,,,,,,,,,,
10600,消耗送雷公碎片宝贝龙碎片路卡利欧碎片碎片,10044,21,300,,累计消耗300钻石,{gold=60000;5000=10;930=10},,,
10601,消耗送雷公碎片宝贝龙碎片路卡利欧碎片碎片,10044,21,1000,,累计消耗1000钻石,{gold=80000;5000=15;6182=10},,,
10602,消耗送雷公碎片宝贝龙碎片路卡利欧碎片碎片,10044,21,2000,,累计消耗2000钻石,{gold=80000;5000=10;452=20},,,
10603,消耗送雷公碎片宝贝龙碎片路卡利欧碎片碎片,10044,21,4000,,累计消耗4000钻石,{gold=100000;5000=15;6182=20},,,
10604,消耗送雷公碎片宝贝龙碎片路卡利欧碎片碎片,10044,21,7000,,累计消耗7000钻石,{gold=120000;5000=15;452=30},,,
10605,消耗送雷公碎片宝贝龙碎片路卡利欧碎片碎片,10044,21,10000,,累计消耗10000钻石,{gold=120000;5000=15;6182=30},,,
10606,消耗送雷公碎片宝贝龙碎片路卡利欧碎片碎片,10044,21,14000,,累计消耗14000钻石,{gold=140000;5000=20;452=40},,,
10607,消耗送雷公碎片宝贝龙碎片路卡利欧碎片碎片,10044,21,18000,,累计消耗18000钻石,{gold=160000;5000=20;6182=40},,,
10608,消耗送雷公碎片宝贝龙碎片路卡利欧碎片碎片,10044,21,22000,,累计消耗22000钻石,{gold=180000;5000=25;452=50},,,
10609,消耗送雷公碎片宝贝龙碎片路卡利欧碎片碎片,10044,21,25000,,累计消耗25000钻石,{gold=200000;5000=30;6182=50},,,
10610,消耗送雷公碎片宝贝龙碎片路卡利欧碎片碎片,10044,21,30000,,累计消耗30000钻石,{gold=250000;5000=40;452=60},,,
10611,消耗送雷公碎片宝贝龙碎片路卡利欧碎片碎片,10044,21,40000,,累计消耗40000钻石,{gold=300000;5000=50;6182=60},,,
,,,,,,,,,,
10620,消耗送铁哑铃幼基拉斯水君碎片,10045,21,300,,累计消耗300钻石,{gold=60000;5000=10;930=10},,,
10621,消耗送铁哑铃幼基拉斯水君碎片,10045,21,1000,,累计消耗1000钻石,{gold=80000;5000=15;6183=10},,,
10622,消耗送铁哑铃幼基拉斯水君碎片,10045,21,2000,,累计消耗2000钻石,{gold=80000;5000=10;452=20},,,
10623,消耗送铁哑铃幼基拉斯水君碎片,10045,21,4000,,累计消耗4000钻石,{gold=100000;5000=15;6183=20},,,
10624,消耗送铁哑铃幼基拉斯水君碎片,10045,21,7000,,累计消耗7000钻石,{gold=120000;5000=15;452=30},,,
10625,消耗送铁哑铃幼基拉斯水君碎片,10045,21,10000,,累计消耗10000钻石,{gold=120000;5000=15;6183=30},,,
10626,消耗送铁哑铃幼基拉斯水君碎片,10045,21,14000,,累计消耗14000钻石,{gold=140000;5000=20;452=40},,,
10627,消耗送铁哑铃幼基拉斯水君碎片,10045,21,18000,,累计消耗18000钻石,{gold=160000;5000=20;6183=40},,,
10628,消耗送铁哑铃幼基拉斯水君碎片,10045,21,22000,,累计消耗22000钻石,{gold=180000;5000=25;452=50},,,
10629,消耗送铁哑铃幼基拉斯水君碎片,10045,21,25000,,累计消耗25000钻石,{gold=200000;5000=30;6183=50},,,
10630,消耗送铁哑铃幼基拉斯水君碎片,10045,21,30000,,累计消耗30000钻石,{gold=250000;5000=40;452=60},,,
10631,消耗送铁哑铃幼基拉斯水君碎片,10045,21,40000,,累计消耗40000钻石,{gold=300000;5000=50;6183=60},,,
,,,,,,,,,,
10640,消耗送雷吉艾斯克雷色利亚闪电鸟碎片,10046,21,300,,累计消耗300钻石,{gold=60000;5000=10;930=10},,,
10641,消耗送雷吉艾斯克雷色利亚闪电鸟碎片,10046,21,1000,,累计消耗1000钻石,{gold=80000;5000=15;6184=10},,,
10642,消耗送雷吉艾斯克雷色利亚闪电鸟碎片,10046,21,2000,,累计消耗2000钻石,{gold=80000;5000=10;452=20},,,
10643,消耗送雷吉艾斯克雷色利亚闪电鸟碎片,10046,21,4000,,累计消耗4000钻石,{gold=100000;5000=15;6184=20},,,
10644,消耗送雷吉艾斯克雷色利亚闪电鸟碎片,10046,21,7000,,累计消耗7000钻石,{gold=120000;5000=15;452=30},,,
10645,消耗送雷吉艾斯克雷色利亚闪电鸟碎片,10046,21,10000,,累计消耗10000钻石,{gold=120000;5000=15;6184=30},,,
10646,消耗送雷吉艾斯克雷色利亚闪电鸟碎片,10046,21,14000,,累计消耗14000钻石,{gold=140000;5000=20;452=40},,,
10647,消耗送雷吉艾斯克雷色利亚闪电鸟碎片,10046,21,18000,,累计消耗18000钻石,{gold=160000;5000=20;6184=40},,,
10648,消耗送雷吉艾斯克雷色利亚闪电鸟碎片,10046,21,22000,,累计消耗22000钻石,{gold=180000;5000=25;452=50},,,
10649,消耗送雷吉艾斯克雷色利亚闪电鸟碎片,10046,21,25000,,累计消耗25000钻石,{gold=200000;5000=30;6184=50},,,
10650,消耗送雷吉艾斯克雷色利亚闪电鸟碎片,10046,21,30000,,累计消耗30000钻石,{gold=250000;5000=40;452=60},,,
10651,消耗送雷吉艾斯克雷色利亚闪电鸟碎片,10046,21,40000,,累计消耗40000钻石,{gold=300000;5000=50;6184=60},,,
,,,,,,,,,,
10660,充值送橙色携带道具-国庆5000档位,10047,22,60,,充值60钻石,{gold=60000;2102=10;rmb=60;14=10},,,
10661,充值送橙色携带道具-国庆5000档位,10047,22,300,,充值300钻石,{gold=60000;2102=10;5000=30;14=10},,,
10662,充值送橙色携带道具-国庆5000档位,10047,22,600,,充值600钻石,{gold=60000;2102=10;930=30;14=10},,,
10663,充值送橙色携带道具-国庆5000档位,10047,22,980,,充值980钻石,{gold=80000;902=20;2103=10;14=15},,,
10664,充值送橙色携带道具-国庆5000档位,10047,22,1980,,充值1980钻石,{gold=80000;502=15;2103=10;14=15},,,
10665,充值送橙色携带道具-国庆5000档位,10047,22,3280,,充值3280钻石,{gold=100000;902=30;2103=10;14=15},,,
10666,充值送橙色携带道具-国庆5000档位,10047,22,6480,,充值6480钻石,{gold=100000;502=30;6053=1;14=20},,,
10667,充值送橙色携带道具-国庆5000档位,10047,22,9680,,充值9680钻石,{gold=120000;501=5;6052=1;14=20},,,
10668,充值送橙色携带道具-国庆5000档位,10047,22,12000,,充值12000钻石,{gold=120000;902=50;6054=1;14=30},,,
10669,充值送橙色携带道具-国庆5000档位,10047,22,15000,,充值15000钻石,{gold=180000;502=30;6051=1;14=30},,,
10670,充值送橙色携带道具-国庆5000档位,10047,22,20000,,充值20000钻石,{gold=200000;902=50;942=1;14=50},,,
10671,充值送橙色携带道具-国庆5000档位,10047,22,25000,,充值25000钻石,{gold=300000;521=30;604=50;14=50},,,
10672,充值送橙色携带道具-国庆5000档位,10047,22,30000,,充值30000钻石,{gold=500000;902=50;963=2;14=70},,,
10673,充值送橙色携带道具-国庆5000档位,10047,22,40000,,充值40000钻石,{gold=500000;2153=1;501=5;14=70},,,
10674,充值送橙色携带道具-国庆5000档位,10047,22,50000,,充值50000钻石,{gold=1000000;521=30;604=50;14=100},,,
,,,,,,,,,,
10680,消耗送雷公急冻鸟牙牙藤藤蛇碎片,10048,21,300,,累计消耗300钻石,{gold=60000;5000=10;930=10},,,
10681,消耗送雷公急冻鸟牙牙藤藤蛇碎片,10048,21,1000,,累计消耗1000钻石,{gold=80000;5000=15;6185=10},,,
10682,消耗送雷公急冻鸟牙牙藤藤蛇碎片,10048,21,2000,,累计消耗2000钻石,{gold=80000;5000=10;452=20},,,
10683,消耗送雷公急冻鸟牙牙藤藤蛇碎片,10048,21,4000,,累计消耗4000钻石,{gold=100000;5000=15;6185=20},,,
10684,消耗送雷公急冻鸟牙牙藤藤蛇碎片,10048,21,7000,,累计消耗7000钻石,{gold=120000;5000=15;452=30},,,
10685,消耗送雷公急冻鸟牙牙藤藤蛇碎片,10048,21,10000,,累计消耗10000钻石,{gold=120000;5000=15;6185=30},,,
10686,消耗送雷公急冻鸟牙牙藤藤蛇碎片,10048,21,14000,,累计消耗14000钻石,{gold=140000;5000=20;452=40},,,
10687,消耗送雷公急冻鸟牙牙藤藤蛇碎片,10048,21,18000,,累计消耗18000钻石,{gold=160000;5000=20;6185=40},,,
10688,消耗送雷公急冻鸟牙牙藤藤蛇碎片,10048,21,22000,,累计消耗22000钻石,{gold=180000;5000=25;452=50},,,
10689,消耗送雷公急冻鸟牙牙藤藤蛇碎片,10048,21,25000,,累计消耗25000钻石,{gold=200000;5000=30;6185=50},,,
10690,消耗送雷公急冻鸟牙牙藤藤蛇碎片,10048,21,30000,,累计消耗30000钻石,{gold=250000;5000=40;452=60},,,
10691,消耗送雷公急冻鸟牙牙藤藤蛇碎片,10048,21,40000,,累计消耗40000钻石,{gold=300000;5000=50;6185=60},,,
,,,,,,,,,,
10700,消耗送索罗亚圆陆鲨雷吉斯奇鲁火神蛾碎片,10049,21,300,,累计消耗300钻石,{gold=60000;5000=10;930=10},,,
10701,消耗送索罗亚圆陆鲨雷吉斯奇鲁火神蛾碎片,10049,21,1000,,累计消耗1000钻石,{gold=80000;5000=15;6186=10},,,
10702,消耗送索罗亚圆陆鲨雷吉斯奇鲁火神蛾碎片,10049,21,2000,,累计消耗2000钻石,{gold=80000;5000=10;452=20},,,
10703,消耗送索罗亚圆陆鲨雷吉斯奇鲁火神蛾碎片,10049,21,4000,,累计消耗4000钻石,{gold=100000;5000=15;6186=20},,,
10704,消耗送索罗亚圆陆鲨雷吉斯奇鲁火神蛾碎片,10049,21,7000,,累计消耗7000钻石,{gold=120000;5000=15;452=30},,,
10705,消耗送索罗亚圆陆鲨雷吉斯奇鲁火神蛾碎片,10049,21,10000,,累计消耗10000钻石,{gold=120000;5000=15;6186=30},,,
10706,消耗送索罗亚圆陆鲨雷吉斯奇鲁火神蛾碎片,10049,21,14000,,累计消耗14000钻石,{gold=140000;5000=20;452=40},,,
10707,消耗送索罗亚圆陆鲨雷吉斯奇鲁火神蛾碎片,10049,21,18000,,累计消耗18000钻石,{gold=160000;5000=20;6186=40},,,
10708,消耗送索罗亚圆陆鲨雷吉斯奇鲁火神蛾碎片,10049,21,22000,,累计消耗22000钻石,{gold=180000;5000=25;452=50},,,
10709,消耗送索罗亚圆陆鲨雷吉斯奇鲁火神蛾碎片,10049,21,25000,,累计消耗25000钻石,{gold=200000;5000=30;6186=50},,,
10710,消耗送索罗亚圆陆鲨雷吉斯奇鲁火神蛾碎片,10049,21,30000,,累计消耗30000钻石,{gold=250000;5000=40;452=60},,,
10711,消耗送索罗亚圆陆鲨雷吉斯奇鲁火神蛾碎片,10049,21,40000,,累计消耗40000钻石,{gold=300000;5000=50;6186=60},,,
,,,,,,,,,,
10720,消耗送水君碎片，克雷色利亚碎片，雷吉艾斯碎片，乘龙碎片,10050,21,300,,累计消耗300钻石,{gold=60000;5000=10;930=10},,,
10721,消耗送水君碎片，克雷色利亚碎片，雷吉艾斯碎片，乘龙碎片,10050,21,1000,,累计消耗1000钻石,{gold=80000;5000=15;6187=10},,,
10722,消耗送水君碎片，克雷色利亚碎片，雷吉艾斯碎片，乘龙碎片,10050,21,2000,,累计消耗2000钻石,{gold=80000;5000=10;452=20},,,
10723,消耗送水君碎片，克雷色利亚碎片，雷吉艾斯碎片，乘龙碎片,10050,21,4000,,累计消耗4000钻石,{gold=100000;5000=15;6187=20},,,
10724,消耗送水君碎片，克雷色利亚碎片，雷吉艾斯碎片，乘龙碎片,10050,21,7000,,累计消耗7000钻石,{gold=120000;5000=15;452=30},,,
10725,消耗送水君碎片，克雷色利亚碎片，雷吉艾斯碎片，乘龙碎片,10050,21,10000,,累计消耗10000钻石,{gold=120000;5000=15;6187=30},,,
10726,消耗送水君碎片，克雷色利亚碎片，雷吉艾斯碎片，乘龙碎片,10050,21,14000,,累计消耗14000钻石,{gold=140000;5000=20;452=40},,,
10727,消耗送水君碎片，克雷色利亚碎片，雷吉艾斯碎片，乘龙碎片,10050,21,18000,,累计消耗18000钻石,{gold=160000;5000=20;6187=40},,,
10728,消耗送水君碎片，克雷色利亚碎片，雷吉艾斯碎片，乘龙碎片,10050,21,22000,,累计消耗22000钻石,{gold=180000;5000=25;452=50},,,
10729,消耗送水君碎片，克雷色利亚碎片，雷吉艾斯碎片，乘龙碎片,10050,21,25000,,累计消耗25000钻石,{gold=200000;5000=30;6187=50},,,
10730,消耗送水君碎片，克雷色利亚碎片，雷吉艾斯碎片，乘龙碎片,10050,21,30000,,累计消耗30000钻石,{gold=250000;5000=40;452=60},,,
10731,消耗送水君碎片，克雷色利亚碎片，雷吉艾斯碎片，乘龙碎片,10050,21,40000,,累计消耗40000钻石,{gold=300000;5000=50;6187=60},,,
,,,,,,,,,,
10740,消耗送火焰鸟碎片，木木枭碎片，雷吉洛克碎片，藤藤蛇碎片,10051,21,300,,累计消耗300钻石,{gold=60000;5000=10;930=10},,,
10741,消耗送火焰鸟碎片，木木枭碎片，雷吉洛克碎片，藤藤蛇碎片,10051,21,1000,,累计消耗1000钻石,{gold=80000;5000=15;6188=10},,,
10742,消耗送火焰鸟碎片，木木枭碎片，雷吉洛克碎片，藤藤蛇碎片,10051,21,2000,,累计消耗2000钻石,{gold=80000;5000=10;452=20},,,
10743,消耗送火焰鸟碎片，木木枭碎片，雷吉洛克碎片，藤藤蛇碎片,10051,21,4000,,累计消耗4000钻石,{gold=100000;5000=15;6188=20},,,
10744,消耗送火焰鸟碎片，木木枭碎片，雷吉洛克碎片，藤藤蛇碎片,10051,21,7000,,累计消耗7000钻石,{gold=120000;5000=15;452=30},,,
10745,消耗送火焰鸟碎片，木木枭碎片，雷吉洛克碎片，藤藤蛇碎片,10051,21,10000,,累计消耗10000钻石,{gold=120000;5000=15;6188=30},,,
10746,消耗送火焰鸟碎片，木木枭碎片，雷吉洛克碎片，藤藤蛇碎片,10051,21,14000,,累计消耗14000钻石,{gold=140000;5000=20;452=40},,,
10747,消耗送火焰鸟碎片，木木枭碎片，雷吉洛克碎片，藤藤蛇碎片,10051,21,18000,,累计消耗18000钻石,{gold=160000;5000=20;6188=40},,,
10748,消耗送火焰鸟碎片，木木枭碎片，雷吉洛克碎片，藤藤蛇碎片,10051,21,22000,,累计消耗22000钻石,{gold=180000;5000=25;452=50},,,
10749,消耗送火焰鸟碎片，木木枭碎片，雷吉洛克碎片，藤藤蛇碎片,10051,21,25000,,累计消耗25000钻石,{gold=200000;5000=30;6188=50},,,
10750,消耗送火焰鸟碎片，木木枭碎片，雷吉洛克碎片，藤藤蛇碎片,10051,21,30000,,累计消耗30000钻石,{gold=250000;5000=40;452=60},,,
10751,消耗送火焰鸟碎片，木木枭碎片，雷吉洛克碎片，藤藤蛇碎片,10051,21,40000,,累计消耗40000钻石,{gold=300000;5000=50;6188=60},,,
,,,,,,,,,,
10760,感恩节登录,10052,17,1,,累计登录1天,{rmb=50;6324=10;gold=200000;519=2},,,
10761,感恩节登录,10052,17,2,,累计登录2天,{rmb=50;6324=10;gold=200000;502=2},,,
10762,感恩节登录,10052,17,3,,累计登录3天,{rmb=100;6324=10;gold=300000;519=2},,,
10763,感恩节登录,10052,17,4,,累计登录4天,{rmb=50;6324=10;gold=300000;501=1},,,
10764,感恩节登录,10052,17,5,,累计登录5天,{rmb=100;6324=10;gold=500000;519=2},,,
,,,,,,,,,,
10770,消耗送择闪电鸟碎片，索罗亚碎片，雷吉斯奇鲁碎片，超坏星碎片,10053,21,300,,累计消耗300钻石,{gold=60000;5000=10;930=10},,,
10771,消耗送择闪电鸟碎片，索罗亚碎片，雷吉斯奇鲁碎片，超坏星碎片,10053,21,1000,,累计消耗1000钻石,{gold=80000;5000=15;6189=10},,,
10772,消耗送择闪电鸟碎片，索罗亚碎片，雷吉斯奇鲁碎片，超坏星碎片,10053,21,2000,,累计消耗2000钻石,{gold=80000;5000=10;452=20},,,
10773,消耗送择闪电鸟碎片，索罗亚碎片，雷吉斯奇鲁碎片，超坏星碎片,10053,21,4000,,累计消耗4000钻石,{gold=100000;5000=15;6189=20},,,
10774,消耗送择闪电鸟碎片，索罗亚碎片，雷吉斯奇鲁碎片，超坏星碎片,10053,21,7000,,累计消耗7000钻石,{gold=120000;5000=15;452=30},,,
10775,消耗送择闪电鸟碎片，索罗亚碎片，雷吉斯奇鲁碎片，超坏星碎片,10053,21,10000,,累计消耗10000钻石,{gold=120000;5000=15;6189=30},,,
10776,消耗送择闪电鸟碎片，索罗亚碎片，雷吉斯奇鲁碎片，超坏星碎片,10053,21,14000,,累计消耗14000钻石,{gold=140000;5000=20;452=40},,,
10777,消耗送择闪电鸟碎片，索罗亚碎片，雷吉斯奇鲁碎片，超坏星碎片,10053,21,18000,,累计消耗18000钻石,{gold=160000;5000=20;6189=40},,,
10778,消耗送择闪电鸟碎片，索罗亚碎片，雷吉斯奇鲁碎片，超坏星碎片,10053,21,22000,,累计消耗22000钻石,{gold=180000;5000=25;452=50},,,
10779,消耗送择闪电鸟碎片，索罗亚碎片，雷吉斯奇鲁碎片，超坏星碎片,10053,21,25000,,累计消耗25000钻石,{gold=200000;5000=30;6189=50},,,
10780,消耗送择闪电鸟碎片，索罗亚碎片，雷吉斯奇鲁碎片，超坏星碎片,10053,21,30000,,累计消耗30000钻石,{gold=250000;5000=40;452=60},,,
10781,消耗送择闪电鸟碎片，索罗亚碎片，雷吉斯奇鲁碎片，超坏星碎片,10053,21,40000,,累计消耗40000钻石,{gold=300000;5000=50;6189=60},,,
,,,,,,,,,,
10790,消耗送炎帝碎片，暴鲤龙碎片，牙牙碎片，火神蛾碎片,10054,21,300,,累计消耗300钻石,{gold=60000;5000=10;930=10},,,
10791,消耗送炎帝碎片，暴鲤龙碎片，牙牙碎片，火神蛾碎片,10054,21,1000,,累计消耗1000钻石,{gold=80000;5000=15;6190=10},,,
10792,消耗送炎帝碎片，暴鲤龙碎片，牙牙碎片，火神蛾碎片,10054,21,2000,,累计消耗2000钻石,{gold=80000;5000=10;452=20},,,
10793,消耗送炎帝碎片，暴鲤龙碎片，牙牙碎片，火神蛾碎片,10054,21,4000,,累计消耗4000钻石,{gold=100000;5000=15;6190=20},,,
10794,消耗送炎帝碎片，暴鲤龙碎片，牙牙碎片，火神蛾碎片,10054,21,7000,,累计消耗7000钻石,{gold=120000;5000=15;452=30},,,
10795,消耗送炎帝碎片，暴鲤龙碎片，牙牙碎片，火神蛾碎片,10054,21,10000,,累计消耗10000钻石,{gold=120000;5000=15;6190=30},,,
10796,消耗送炎帝碎片，暴鲤龙碎片，牙牙碎片，火神蛾碎片,10054,21,14000,,累计消耗14000钻石,{gold=140000;5000=20;452=40},,,
10797,消耗送炎帝碎片，暴鲤龙碎片，牙牙碎片，火神蛾碎片,10054,21,18000,,累计消耗18000钻石,{gold=160000;5000=20;6190=40},,,
10798,消耗送炎帝碎片，暴鲤龙碎片，牙牙碎片，火神蛾碎片,10054,21,22000,,累计消耗22000钻石,{gold=180000;5000=25;452=50},,,
10799,消耗送炎帝碎片，暴鲤龙碎片，牙牙碎片，火神蛾碎片,10054,21,25000,,累计消耗25000钻石,{gold=200000;5000=30;6190=50},,,
10800,消耗送炎帝碎片，暴鲤龙碎片，牙牙碎片，火神蛾碎片,10054,21,30000,,累计消耗30000钻石,{gold=250000;5000=40;452=60},,,
10801,消耗送炎帝碎片，暴鲤龙碎片，牙牙碎片，火神蛾碎片,10054,21,40000,,累计消耗40000钻石,{gold=300000;5000=50;6190=60},,,
,,,,,,,,,,
10810,充值返钻-韩服,10055,22,60,,充值60钻石,{gold=60000;rmb=50},,,
10811,充值返钻-韩服,10055,22,300,,充值300钻石,{gold=80000;rmb=150},,,
10812,充值返钻-韩服,10055,22,600,,充值600钻石,{gold=100000;rmb=250},,,
10813,充值返钻-韩服,10055,22,980,,充值980钻石,{gold=120000;rmb=350},,,
10814,充值返钻-韩服,10055,22,1980,,充值1980钻石,{gold=140000;rmb=400},,,
10815,充值返钻-韩服,10055,22,3280,,充值3280钻石,{gold=160000;rmb=650},,,
10816,充值返钻-韩服,10055,22,6480,,充值6480钻石,{gold=180000;rmb=1100},,,
10817,充值返钻-韩服,10055,22,9680,,充值9680钻石,{gold=200000;rmb=1300},,,
10818,充值返钻-韩服,10055,22,12000,,充值12000钻石,{gold=220000;rmb=1600},,,
10819,充值返钻-韩服,10055,22,15000,,充值15000钻石,{gold=250000;rmb=1600},,,
10820,充值返钻-韩服,10055,22,20000,,充值20000钻石,{gold=300000;rmb=2100},,,
10821,充值返钻-韩服,10055,22,25000,,充值25000钻石,{gold=500000;rmb=2300},,,
10822,充值返钻-韩服,10055,22,30000,,充值30000钻石,{gold=500000;rmb=2600},,,
,,,,,,,,,,
10830,打开后可选择宝贝龙碎片，圆陆鲨碎片，利欧路碎片，乘龙碎片其中之一,10056,21,300,,累计消耗300钻石,{gold=60000;5000=10;930=10},,,
10831,打开后可选择宝贝龙碎片，圆陆鲨碎片，利欧路碎片，乘龙碎片其中之一,10056,21,1000,,累计消耗1000钻石,{gold=80000;5000=15;6191=10},,,
10832,打开后可选择宝贝龙碎片，圆陆鲨碎片，利欧路碎片，乘龙碎片其中之一,10056,21,2000,,累计消耗2000钻石,{gold=80000;5000=10;452=20},,,
10833,打开后可选择宝贝龙碎片，圆陆鲨碎片，利欧路碎片，乘龙碎片其中之一,10056,21,4000,,累计消耗4000钻石,{gold=100000;5000=15;6191=20},,,
10834,打开后可选择宝贝龙碎片，圆陆鲨碎片，利欧路碎片，乘龙碎片其中之一,10056,21,7000,,累计消耗7000钻石,{gold=120000;5000=15;452=30},,,
10835,打开后可选择宝贝龙碎片，圆陆鲨碎片，利欧路碎片，乘龙碎片其中之一,10056,21,10000,,累计消耗10000钻石,{gold=120000;5000=15;6191=30},,,
10836,打开后可选择宝贝龙碎片，圆陆鲨碎片，利欧路碎片，乘龙碎片其中之一,10056,21,14000,,累计消耗14000钻石,{gold=140000;5000=20;452=40},,,
10837,打开后可选择宝贝龙碎片，圆陆鲨碎片，利欧路碎片，乘龙碎片其中之一,10056,21,18000,,累计消耗18000钻石,{gold=160000;5000=20;6191=40},,,
10838,打开后可选择宝贝龙碎片，圆陆鲨碎片，利欧路碎片，乘龙碎片其中之一,10056,21,22000,,累计消耗22000钻石,{gold=180000;5000=25;452=50},,,
10839,打开后可选择宝贝龙碎片，圆陆鲨碎片，利欧路碎片，乘龙碎片其中之一,10056,21,25000,,累计消耗25000钻石,{gold=200000;5000=30;6191=50},,,
10840,打开后可选择宝贝龙碎片，圆陆鲨碎片，利欧路碎片，乘龙碎片其中之一,10056,21,30000,,累计消耗30000钻石,{gold=250000;5000=40;452=60},,,
10841,打开后可选择宝贝龙碎片，圆陆鲨碎片，利欧路碎片，乘龙碎片其中之一,10056,21,40000,,累计消耗40000钻石,{gold=300000;5000=50;6191=60},,,
,,,,,,,,,,
10850,打开后可选择索罗亚碎片，铁哑铃碎片，雷吉艾斯碎片，藤藤蛇碎片其中之一,10057,21,300,,累计消耗300钻石,{gold=60000;5000=10;930=10},,,
10851,打开后可选择索罗亚碎片，铁哑铃碎片，雷吉艾斯碎片，藤藤蛇碎片其中之一,10057,21,1000,,累计消耗1000钻石,{gold=80000;5000=15;6192=10},,,
10852,打开后可选择索罗亚碎片，铁哑铃碎片，雷吉艾斯碎片，藤藤蛇碎片其中之一,10057,21,2000,,累计消耗2000钻石,{gold=80000;5000=10;452=20},,,
10853,打开后可选择索罗亚碎片，铁哑铃碎片，雷吉艾斯碎片，藤藤蛇碎片其中之一,10057,21,4000,,累计消耗4000钻石,{gold=100000;5000=15;6192=20},,,
10854,打开后可选择索罗亚碎片，铁哑铃碎片，雷吉艾斯碎片，藤藤蛇碎片其中之一,10057,21,7000,,累计消耗7000钻石,{gold=120000;5000=15;452=30},,,
10855,打开后可选择索罗亚碎片，铁哑铃碎片，雷吉艾斯碎片，藤藤蛇碎片其中之一,10057,21,10000,,累计消耗10000钻石,{gold=120000;5000=15;6192=30},,,
10856,打开后可选择索罗亚碎片，铁哑铃碎片，雷吉艾斯碎片，藤藤蛇碎片其中之一,10057,21,14000,,累计消耗14000钻石,{gold=140000;5000=20;452=40},,,
10857,打开后可选择索罗亚碎片，铁哑铃碎片，雷吉艾斯碎片，藤藤蛇碎片其中之一,10057,21,18000,,累计消耗18000钻石,{gold=160000;5000=20;6192=40},,,
10858,打开后可选择索罗亚碎片，铁哑铃碎片，雷吉艾斯碎片，藤藤蛇碎片其中之一,10057,21,22000,,累计消耗22000钻石,{gold=180000;5000=25;452=50},,,
10859,打开后可选择索罗亚碎片，铁哑铃碎片，雷吉艾斯碎片，藤藤蛇碎片其中之一,10057,21,25000,,累计消耗25000钻石,{gold=200000;5000=30;6192=50},,,
10860,打开后可选择索罗亚碎片，铁哑铃碎片，雷吉艾斯碎片，藤藤蛇碎片其中之一,10057,21,30000,,累计消耗30000钻石,{gold=250000;5000=40;452=60},,,
10861,打开后可选择索罗亚碎片，铁哑铃碎片，雷吉艾斯碎片，藤藤蛇碎片其中之一,10057,21,40000,,累计消耗40000钻石,{gold=300000;5000=50;6192=60},,,
,,,,,,,,,,
10870,限时宝箱-充值送-5000档位,10058,22,60,,充值60钻石,{gold=60000;2102=10;rmb=60;14=10},,,
10871,限时宝箱-充值送-5000档位,10058,22,300,,充值300钻石,{gold=60000;2102=10;5000=30;14=10},,,
10872,限时宝箱-充值送-5000档位,10058,22,600,,充值600钻石,{gold=60000;2102=10;930=30;14=10},,,
10873,限时宝箱-充值送-5000档位,10058,22,980,,充值980钻石,{gold=80000;902=20;2103=10;14=15},,,
10874,限时宝箱-充值送-5000档位,10058,22,1980,,充值1980钻石,{gold=80000;502=15;2103=10;14=15},,,
10875,限时宝箱-充值送-5000档位,10058,22,3280,,充值3280钻石,{gold=100000;902=30;2103=10;14=15},,,
10876,限时宝箱-充值送-5000档位,10058,22,6480,,充值6480钻石,{gold=100000;502=30;6053=1;14=20},,,
10877,限时宝箱-充值送-5000档位,10058,22,9680,,充值9680钻石,{gold=120000;501=5;6052=1;14=20},,,
10878,限时宝箱-充值送-5000档位,10058,22,12000,,充值12000钻石,{gold=120000;902=50;6054=1;14=30},,,
10879,限时宝箱-充值送-5000档位,10058,22,15000,,充值15000钻石,{gold=180000;502=30;6051=1;14=30},,,
10880,限时宝箱-充值送-5000档位,10058,22,20000,,充值20000钻石,{gold=200000;902=50;942=1;14=50},,,
10881,限时宝箱-充值送-5000档位,10058,22,25000,,充值25000钻石,{gold=300000;521=30;604=50;14=50},,,
10882,限时宝箱-充值送-5000档位,10058,22,30000,,充值30000钻石,{gold=500000;902=50;963=2;14=70},,,
10883,限时宝箱-充值送-5000档位,10058,22,40000,,充值40000钻石,{gold=500000;2153=1;501=5;14=70},,,
10884,限时宝箱-充值送-5000档位,10058,22,50000,,充值50000钻石,{gold=1000000;521=30;604=50;14=100},,,
,,,,,,,,,,
10890,打开后可选择火焰鸟碎片，幼基拉斯碎片，木木枭碎片，甜竹竹碎片其中之一,10059,21,300,,累计消耗300钻石,{gold=60000;5000=10;930=10},,,
10891,打开后可选择火焰鸟碎片，幼基拉斯碎片，木木枭碎片，甜竹竹碎片其中之一,10059,21,1000,,累计消耗1000钻石,{gold=80000;5000=15;6193=10},,,
10892,打开后可选择火焰鸟碎片，幼基拉斯碎片，木木枭碎片，甜竹竹碎片其中之一,10059,21,2000,,累计消耗2000钻石,{gold=80000;5000=10;452=20},,,
10893,打开后可选择火焰鸟碎片，幼基拉斯碎片，木木枭碎片，甜竹竹碎片其中之一,10059,21,4000,,累计消耗4000钻石,{gold=100000;5000=15;6193=20},,,
10894,打开后可选择火焰鸟碎片，幼基拉斯碎片，木木枭碎片，甜竹竹碎片其中之一,10059,21,7000,,累计消耗7000钻石,{gold=120000;5000=15;452=30},,,
10895,打开后可选择火焰鸟碎片，幼基拉斯碎片，木木枭碎片，甜竹竹碎片其中之一,10059,21,10000,,累计消耗10000钻石,{gold=120000;5000=15;6193=30},,,
10896,打开后可选择火焰鸟碎片，幼基拉斯碎片，木木枭碎片，甜竹竹碎片其中之一,10059,21,14000,,累计消耗14000钻石,{gold=140000;5000=20;452=40},,,
10897,打开后可选择火焰鸟碎片，幼基拉斯碎片，木木枭碎片，甜竹竹碎片其中之一,10059,21,18000,,累计消耗18000钻石,{gold=160000;5000=20;6193=40},,,
10898,打开后可选择火焰鸟碎片，幼基拉斯碎片，木木枭碎片，甜竹竹碎片其中之一,10059,21,22000,,累计消耗22000钻石,{gold=180000;5000=25;452=50},,,
10899,打开后可选择火焰鸟碎片，幼基拉斯碎片，木木枭碎片，甜竹竹碎片其中之一,10059,21,25000,,累计消耗25000钻石,{gold=200000;5000=30;6193=50},,,
10900,打开后可选择火焰鸟碎片，幼基拉斯碎片，木木枭碎片，甜竹竹碎片其中之一,10059,21,30000,,累计消耗30000钻石,{gold=250000;5000=40;452=60},,,
10901,打开后可选择火焰鸟碎片，幼基拉斯碎片，木木枭碎片，甜竹竹碎片其中之一,10059,21,40000,,累计消耗40000钻石,{gold=300000;5000=50;6193=60},,,
,,,,,,,,,,
10910,打开后可选择闪电鸟碎片，暴鲤龙碎片，宝贝龙碎片，天蝎王碎片其中之一,10060,21,300,,累计消耗300钻石,{gold=60000;5000=10;930=10},,,
10911,打开后可选择闪电鸟碎片，暴鲤龙碎片，宝贝龙碎片，天蝎王碎片其中之一,10060,21,1000,,累计消耗1000钻石,{gold=80000;5000=15;6194=10},,,
10912,打开后可选择闪电鸟碎片，暴鲤龙碎片，宝贝龙碎片，天蝎王碎片其中之一,10060,21,2000,,累计消耗2000钻石,{gold=80000;5000=10;452=20},,,
10913,打开后可选择闪电鸟碎片，暴鲤龙碎片，宝贝龙碎片，天蝎王碎片其中之一,10060,21,4000,,累计消耗4000钻石,{gold=100000;5000=15;6194=20},,,
10914,打开后可选择闪电鸟碎片，暴鲤龙碎片，宝贝龙碎片，天蝎王碎片其中之一,10060,21,7000,,累计消耗7000钻石,{gold=120000;5000=15;452=30},,,
10915,打开后可选择闪电鸟碎片，暴鲤龙碎片，宝贝龙碎片，天蝎王碎片其中之一,10060,21,10000,,累计消耗10000钻石,{gold=120000;5000=15;6194=30},,,
10916,打开后可选择闪电鸟碎片，暴鲤龙碎片，宝贝龙碎片，天蝎王碎片其中之一,10060,21,14000,,累计消耗14000钻石,{gold=140000;5000=20;452=40},,,
10917,打开后可选择闪电鸟碎片，暴鲤龙碎片，宝贝龙碎片，天蝎王碎片其中之一,10060,21,18000,,累计消耗18000钻石,{gold=160000;5000=20;6194=40},,,
10918,打开后可选择闪电鸟碎片，暴鲤龙碎片，宝贝龙碎片，天蝎王碎片其中之一,10060,21,22000,,累计消耗22000钻石,{gold=180000;5000=25;452=50},,,
10919,打开后可选择闪电鸟碎片，暴鲤龙碎片，宝贝龙碎片，天蝎王碎片其中之一,10060,21,25000,,累计消耗25000钻石,{gold=200000;5000=30;6194=50},,,
10920,打开后可选择闪电鸟碎片，暴鲤龙碎片，宝贝龙碎片，天蝎王碎片其中之一,10060,21,30000,,累计消耗30000钻石,{gold=250000;5000=40;452=60},,,
10921,打开后可选择闪电鸟碎片，暴鲤龙碎片，宝贝龙碎片，天蝎王碎片其中之一,10060,21,40000,,累计消耗40000钻石,{gold=300000;5000=50;6194=60},,,
,,,,,,,,,,
10930,打开后可选择雷公碎片，圆陆鲨碎片，牙牙碎片，克雷色利亚碎片其中之一,10061,21,300,,累计消耗300钻石,{gold=60000;5000=10;930=10},,,
10931,打开后可选择雷公碎片，圆陆鲨碎片，牙牙碎片，克雷色利亚碎片其中之一,10061,21,1000,,累计消耗1000钻石,{gold=80000;5000=15;6195=10},,,
10932,打开后可选择雷公碎片，圆陆鲨碎片，牙牙碎片，克雷色利亚碎片其中之一,10061,21,2000,,累计消耗2000钻石,{gold=80000;5000=10;452=20},,,
10933,打开后可选择雷公碎片，圆陆鲨碎片，牙牙碎片，克雷色利亚碎片其中之一,10061,21,4000,,累计消耗4000钻石,{gold=100000;5000=15;6195=20},,,
10934,打开后可选择雷公碎片，圆陆鲨碎片，牙牙碎片，克雷色利亚碎片其中之一,10061,21,7000,,累计消耗7000钻石,{gold=120000;5000=15;452=30},,,
10935,打开后可选择雷公碎片，圆陆鲨碎片，牙牙碎片，克雷色利亚碎片其中之一,10061,21,10000,,累计消耗10000钻石,{gold=120000;5000=15;6195=30},,,
10936,打开后可选择雷公碎片，圆陆鲨碎片，牙牙碎片，克雷色利亚碎片其中之一,10061,21,14000,,累计消耗14000钻石,{gold=140000;5000=20;452=40},,,
10937,打开后可选择雷公碎片，圆陆鲨碎片，牙牙碎片，克雷色利亚碎片其中之一,10061,21,18000,,累计消耗18000钻石,{gold=160000;5000=20;6195=40},,,
10938,打开后可选择雷公碎片，圆陆鲨碎片，牙牙碎片，克雷色利亚碎片其中之一,10061,21,22000,,累计消耗22000钻石,{gold=180000;5000=25;452=50},,,
10939,打开后可选择雷公碎片，圆陆鲨碎片，牙牙碎片，克雷色利亚碎片其中之一,10061,21,25000,,累计消耗25000钻石,{gold=200000;5000=30;6195=50},,,
10940,打开后可选择雷公碎片，圆陆鲨碎片，牙牙碎片，克雷色利亚碎片其中之一,10061,21,30000,,累计消耗30000钻石,{gold=250000;5000=40;452=60},,,
10941,打开后可选择雷公碎片，圆陆鲨碎片，牙牙碎片，克雷色利亚碎片其中之一,10061,21,40000,,累计消耗40000钻石,{gold=300000;5000=50;6195=60},,,
,,,,,,,,,,
10950,充值返钻-韩服,10062,22,60,,充值60钻石,{gold=60000;rmb=60},,,
10951,充值返钻-韩服,10062,22,300,,充值300钻石,{gold=80000;rmb=240},,,
10952,充值返钻-韩服,10062,22,600,,充值600钻石,{gold=100000;rmb=300},,,
10953,充值返钻-韩服,10062,22,980,,充值980钻石,{gold=120000;rmb=680},,,
10954,充值返钻-韩服,10062,22,1980,,充值1980钻石,{gold=140000;rmb=700},,,
10955,充值返钻-韩服,10062,22,3280,,充值3280钻石,{gold=160000;rmb=1300},,,
10956,充值返钻-韩服,10062,22,6480,,充值6480钻石,{gold=180000;rmb=3200},,,
10957,充值返钻-韩服,10062,22,9680,,充值9680钻石,{gold=200000;rmb=3200},,,
10958,充值返钻-韩服,10062,22,12000,,充值12000钻石,{gold=220000;rmb=2320},,,
10959,充值返钻-韩服,10062,22,15000,,充值15000钻石,{gold=250000;rmb=3000},,,
10960,充值返钻-韩服,10062,22,20000,,充值20000钻石,{gold=300000;rmb=5000},,,
10961,充值返钻-韩服,10062,22,25000,,充值25000钻石,{gold=500000;rmb=5000},,,
10962,充值返钻-韩服,10062,22,30000,,充值30000钻石,{gold=500000;rmb=5000},,,
,,,,,,,,,,
10970,情人节登录,10063,17,1,,累计登录1天,{6323=10;2323=1},,,
10971,情人节登录,10063,17,2,,累计登录2天,{6323=10;2024=1},,,
10972,情人节登录,10063,17,3,,累计登录3天,{6323=10;2413=1},,,
,,,,,,,,,,
10980,打开后可选择急冻鸟碎片，利欧路碎片，火神蛾碎片，超坏星碎片其中之一,10064,21,300,,累计消耗300钻石,{gold=60000;5000=10;930=10},,,
10981,打开后可选择急冻鸟碎片，利欧路碎片，火神蛾碎片，超坏星碎片其中之一,10064,21,1000,,累计消耗1000钻石,{gold=80000;5000=15;6196=10},,,
10982,打开后可选择急冻鸟碎片，利欧路碎片，火神蛾碎片，超坏星碎片其中之一,10064,21,2000,,累计消耗2000钻石,{gold=80000;5000=10;452=20},,,
10983,打开后可选择急冻鸟碎片，利欧路碎片，火神蛾碎片，超坏星碎片其中之一,10064,21,4000,,累计消耗4000钻石,{gold=100000;5000=15;6196=20},,,
10984,打开后可选择急冻鸟碎片，利欧路碎片，火神蛾碎片，超坏星碎片其中之一,10064,21,7000,,累计消耗7000钻石,{gold=120000;5000=15;452=30},,,
10985,打开后可选择急冻鸟碎片，利欧路碎片，火神蛾碎片，超坏星碎片其中之一,10064,21,10000,,累计消耗10000钻石,{gold=120000;5000=15;6196=30},,,
10986,打开后可选择急冻鸟碎片，利欧路碎片，火神蛾碎片，超坏星碎片其中之一,10064,21,14000,,累计消耗14000钻石,{gold=140000;5000=20;452=40},,,
10987,打开后可选择急冻鸟碎片，利欧路碎片，火神蛾碎片，超坏星碎片其中之一,10064,21,18000,,累计消耗18000钻石,{gold=160000;5000=20;6196=40},,,
10988,打开后可选择急冻鸟碎片，利欧路碎片，火神蛾碎片，超坏星碎片其中之一,10064,21,22000,,累计消耗22000钻石,{gold=180000;5000=25;452=50},,,
10989,打开后可选择急冻鸟碎片，利欧路碎片，火神蛾碎片，超坏星碎片其中之一,10064,21,25000,,累计消耗25000钻石,{gold=200000;5000=30;6196=50},,,
10990,打开后可选择急冻鸟碎片，利欧路碎片，火神蛾碎片，超坏星碎片其中之一,10064,21,30000,,累计消耗30000钻石,{gold=250000;5000=40;452=60},,,
10991,打开后可选择急冻鸟碎片，利欧路碎片，火神蛾碎片，超坏星碎片其中之一,10064,21,40000,,累计消耗40000钻石,{gold=300000;5000=50;6196=60},,,
,,,,,,,,,,
11000,打开后可选择水君碎片，索罗亚碎片，雷吉洛克碎片，拉帝欧斯碎片其中之一,10065,21,300,,累计消耗300钻石,{gold=60000;5000=10;930=10},,,
11001,打开后可选择水君碎片，索罗亚碎片，雷吉洛克碎片，拉帝欧斯碎片其中之一,10065,21,1000,,累计消耗1000钻石,{gold=80000;5000=15;6197=10},,,
11002,打开后可选择水君碎片，索罗亚碎片，雷吉洛克碎片，拉帝欧斯碎片其中之一,10065,21,2000,,累计消耗2000钻石,{gold=80000;5000=10;452=20},,,
11003,打开后可选择水君碎片，索罗亚碎片，雷吉洛克碎片，拉帝欧斯碎片其中之一,10065,21,4000,,累计消耗4000钻石,{gold=100000;5000=15;6197=20},,,
11004,打开后可选择水君碎片，索罗亚碎片，雷吉洛克碎片，拉帝欧斯碎片其中之一,10065,21,7000,,累计消耗7000钻石,{gold=120000;5000=15;452=30},,,
11005,打开后可选择水君碎片，索罗亚碎片，雷吉洛克碎片，拉帝欧斯碎片其中之一,10065,21,10000,,累计消耗10000钻石,{gold=120000;5000=15;6197=30},,,
11006,打开后可选择水君碎片，索罗亚碎片，雷吉洛克碎片，拉帝欧斯碎片其中之一,10065,21,14000,,累计消耗14000钻石,{gold=140000;5000=20;452=40},,,
11007,打开后可选择水君碎片，索罗亚碎片，雷吉洛克碎片，拉帝欧斯碎片其中之一,10065,21,18000,,累计消耗18000钻石,{gold=160000;5000=20;6197=40},,,
11008,打开后可选择水君碎片，索罗亚碎片，雷吉洛克碎片，拉帝欧斯碎片其中之一,10065,21,22000,,累计消耗22000钻石,{gold=180000;5000=25;452=50},,,
11009,打开后可选择水君碎片，索罗亚碎片，雷吉洛克碎片，拉帝欧斯碎片其中之一,10065,21,25000,,累计消耗25000钻石,{gold=200000;5000=30;6197=50},,,
11010,打开后可选择水君碎片，索罗亚碎片，雷吉洛克碎片，拉帝欧斯碎片其中之一,10065,21,30000,,累计消耗30000钻石,{gold=250000;5000=40;452=60},,,
11011,打开后可选择水君碎片，索罗亚碎片，雷吉洛克碎片，拉帝欧斯碎片其中之一,10065,21,40000,,累计消耗40000钻石,{gold=300000;5000=50;6197=60},,,
,,,,,,,,,,
11020,打开后可选择火焰鸟碎片，幼基拉斯碎片，雷吉斯奇鲁碎片，拉帝亚斯碎片其中之一,10066,21,300,,累计消耗300钻石,{gold=60000;5000=10;930=10},,,
11021,打开后可选择火焰鸟碎片，幼基拉斯碎片，雷吉斯奇鲁碎片，拉帝亚斯碎片其中之一,10066,21,1000,,累计消耗1000钻石,{gold=80000;5000=15;6198=10},,,
11022,打开后可选择火焰鸟碎片，幼基拉斯碎片，雷吉斯奇鲁碎片，拉帝亚斯碎片其中之一,10066,21,2000,,累计消耗2000钻石,{gold=80000;5000=10;452=20},,,
11023,打开后可选择火焰鸟碎片，幼基拉斯碎片，雷吉斯奇鲁碎片，拉帝亚斯碎片其中之一,10066,21,4000,,累计消耗4000钻石,{gold=100000;5000=15;6198=20},,,
11024,打开后可选择火焰鸟碎片，幼基拉斯碎片，雷吉斯奇鲁碎片，拉帝亚斯碎片其中之一,10066,21,7000,,累计消耗7000钻石,{gold=120000;5000=15;452=30},,,
11025,打开后可选择火焰鸟碎片，幼基拉斯碎片，雷吉斯奇鲁碎片，拉帝亚斯碎片其中之一,10066,21,10000,,累计消耗10000钻石,{gold=120000;5000=15;6198=30},,,
11026,打开后可选择火焰鸟碎片，幼基拉斯碎片，雷吉斯奇鲁碎片，拉帝亚斯碎片其中之一,10066,21,14000,,累计消耗14000钻石,{gold=140000;5000=20;452=40},,,
11027,打开后可选择火焰鸟碎片，幼基拉斯碎片，雷吉斯奇鲁碎片，拉帝亚斯碎片其中之一,10066,21,18000,,累计消耗18000钻石,{gold=160000;5000=20;6198=40},,,
11028,打开后可选择火焰鸟碎片，幼基拉斯碎片，雷吉斯奇鲁碎片，拉帝亚斯碎片其中之一,10066,21,22000,,累计消耗22000钻石,{gold=180000;5000=25;452=50},,,
11029,打开后可选择火焰鸟碎片，幼基拉斯碎片，雷吉斯奇鲁碎片，拉帝亚斯碎片其中之一,10066,21,25000,,累计消耗25000钻石,{gold=200000;5000=30;6198=50},,,
11030,打开后可选择火焰鸟碎片，幼基拉斯碎片，雷吉斯奇鲁碎片，拉帝亚斯碎片其中之一,10066,21,30000,,累计消耗30000钻石,{gold=250000;5000=40;452=60},,,
11031,打开后可选择火焰鸟碎片，幼基拉斯碎片，雷吉斯奇鲁碎片，拉帝亚斯碎片其中之一,10066,21,40000,,累计消耗40000钻石,{gold=300000;5000=50;6198=60},,,
,,,,,,,,,,
11040,打开后可选择暴鲤龙碎片，铁哑铃碎片，甜竹竹碎片，四颚针龙碎片其中之一,10067,21,300,,累计消耗300钻石,{gold=60000;5000=10;930=10},,,
11041,打开后可选择暴鲤龙碎片，铁哑铃碎片，甜竹竹碎片，四颚针龙碎片其中之一,10067,21,1000,,累计消耗1000钻石,{gold=80000;5000=15;6800=10},,,
11042,打开后可选择暴鲤龙碎片，铁哑铃碎片，甜竹竹碎片，四颚针龙碎片其中之一,10067,21,2000,,累计消耗2000钻石,{gold=80000;5000=10;452=20},,,
11043,打开后可选择暴鲤龙碎片，铁哑铃碎片，甜竹竹碎片，四颚针龙碎片其中之一,10067,21,4000,,累计消耗4000钻石,{gold=100000;5000=15;6800=20},,,
11044,打开后可选择暴鲤龙碎片，铁哑铃碎片，甜竹竹碎片，四颚针龙碎片其中之一,10067,21,7000,,累计消耗7000钻石,{gold=120000;5000=15;452=30},,,
11045,打开后可选择暴鲤龙碎片，铁哑铃碎片，甜竹竹碎片，四颚针龙碎片其中之一,10067,21,10000,,累计消耗10000钻石,{gold=120000;5000=15;6800=30},,,
11046,打开后可选择暴鲤龙碎片，铁哑铃碎片，甜竹竹碎片，四颚针龙碎片其中之一,10067,21,14000,,累计消耗14000钻石,{gold=140000;5000=20;452=40},,,
11047,打开后可选择暴鲤龙碎片，铁哑铃碎片，甜竹竹碎片，四颚针龙碎片其中之一,10067,21,18000,,累计消耗18000钻石,{gold=160000;5000=20;6800=40},,,
11048,打开后可选择暴鲤龙碎片，铁哑铃碎片，甜竹竹碎片，四颚针龙碎片其中之一,10067,21,22000,,累计消耗22000钻石,{gold=180000;5000=25;452=50},,,
11049,打开后可选择暴鲤龙碎片，铁哑铃碎片，甜竹竹碎片，四颚针龙碎片其中之一,10067,21,25000,,累计消耗25000钻石,{gold=200000;5000=30;6800=50},,,
11050,打开后可选择暴鲤龙碎片，铁哑铃碎片，甜竹竹碎片，四颚针龙碎片其中之一,10067,21,30000,,累计消耗30000钻石,{gold=250000;5000=40;452=60},,,
11051,打开后可选择暴鲤龙碎片，铁哑铃碎片，甜竹竹碎片，四颚针龙碎片其中之一,10067,21,40000,,累计消耗40000钻石,{gold=300000;5000=50;6800=60},,,
,,,,,,,,,,
11060,打开后可选择炎帝碎片，宝贝龙碎片，木木枭碎片，乘龙碎片其中之一,10068,21,300,,累计消耗300钻石,{gold=60000;5000=10;930=10},,,
11061,打开后可选择炎帝碎片，宝贝龙碎片，木木枭碎片，乘龙碎片其中之一,10068,21,1000,,累计消耗1000钻石,{gold=80000;5000=15;6801=10},,,
11062,打开后可选择炎帝碎片，宝贝龙碎片，木木枭碎片，乘龙碎片其中之一,10068,21,2000,,累计消耗2000钻石,{gold=80000;5000=10;452=20},,,
11063,打开后可选择炎帝碎片，宝贝龙碎片，木木枭碎片，乘龙碎片其中之一,10068,21,4000,,累计消耗4000钻石,{gold=100000;5000=15;6801=20},,,
11064,打开后可选择炎帝碎片，宝贝龙碎片，木木枭碎片，乘龙碎片其中之一,10068,21,7000,,累计消耗7000钻石,{gold=120000;5000=15;452=30},,,
11065,打开后可选择炎帝碎片，宝贝龙碎片，木木枭碎片，乘龙碎片其中之一,10068,21,10000,,累计消耗10000钻石,{gold=120000;5000=15;6801=30},,,
11066,打开后可选择炎帝碎片，宝贝龙碎片，木木枭碎片，乘龙碎片其中之一,10068,21,14000,,累计消耗14000钻石,{gold=140000;5000=20;452=40},,,
11067,打开后可选择炎帝碎片，宝贝龙碎片，木木枭碎片，乘龙碎片其中之一,10068,21,18000,,累计消耗18000钻石,{gold=160000;5000=20;6801=40},,,
11068,打开后可选择炎帝碎片，宝贝龙碎片，木木枭碎片，乘龙碎片其中之一,10068,21,22000,,累计消耗22000钻石,{gold=180000;5000=25;452=50},,,
11069,打开后可选择炎帝碎片，宝贝龙碎片，木木枭碎片，乘龙碎片其中之一,10068,21,25000,,累计消耗25000钻石,{gold=200000;5000=30;6801=50},,,
11070,打开后可选择炎帝碎片，宝贝龙碎片，木木枭碎片，乘龙碎片其中之一,10068,21,30000,,累计消耗30000钻石,{gold=250000;5000=40;452=60},,,
11071,打开后可选择炎帝碎片，宝贝龙碎片，木木枭碎片，乘龙碎片其中之一,10068,21,40000,,累计消耗40000钻石,{gold=300000;5000=50;6801=60},,,
,,,,,,,,,,
11080,打开后可选择闪电鸟碎片，牙牙碎片，克雷色利亚碎片，四颚针龙碎片其中之一,10069,21,300,,累计消耗300钻石,{gold=60000;5000=10;930=10},,,
11081,打开后可选择闪电鸟碎片，牙牙碎片，克雷色利亚碎片，四颚针龙碎片其中之一,10069,21,1000,,累计消耗1000钻石,{gold=80000;5000=15;6802=10},,,
11082,打开后可选择闪电鸟碎片，牙牙碎片，克雷色利亚碎片，四颚针龙碎片其中之一,10069,21,2000,,累计消耗2000钻石,{gold=80000;5000=10;452=20},,,
11083,打开后可选择闪电鸟碎片，牙牙碎片，克雷色利亚碎片，四颚针龙碎片其中之一,10069,21,4000,,累计消耗4000钻石,{gold=100000;5000=15;6802=20},,,
11084,打开后可选择闪电鸟碎片，牙牙碎片，克雷色利亚碎片，四颚针龙碎片其中之一,10069,21,7000,,累计消耗7000钻石,{gold=120000;5000=15;452=30},,,
11085,打开后可选择闪电鸟碎片，牙牙碎片，克雷色利亚碎片，四颚针龙碎片其中之一,10069,21,10000,,累计消耗10000钻石,{gold=120000;5000=15;6802=30},,,
11086,打开后可选择闪电鸟碎片，牙牙碎片，克雷色利亚碎片，四颚针龙碎片其中之一,10069,21,14000,,累计消耗14000钻石,{gold=140000;5000=20;452=40},,,
11087,打开后可选择闪电鸟碎片，牙牙碎片，克雷色利亚碎片，四颚针龙碎片其中之一,10069,21,18000,,累计消耗18000钻石,{gold=160000;5000=20;6802=40},,,
11088,打开后可选择闪电鸟碎片，牙牙碎片，克雷色利亚碎片，四颚针龙碎片其中之一,10069,21,22000,,累计消耗22000钻石,{gold=180000;5000=25;452=50},,,
11089,打开后可选择闪电鸟碎片，牙牙碎片，克雷色利亚碎片，四颚针龙碎片其中之一,10069,21,25000,,累计消耗25000钻石,{gold=200000;5000=30;6802=50},,,
11090,打开后可选择闪电鸟碎片，牙牙碎片，克雷色利亚碎片，四颚针龙碎片其中之一,10069,21,30000,,累计消耗30000钻石,{gold=250000;5000=40;452=60},,,
11091,打开后可选择闪电鸟碎片，牙牙碎片，克雷色利亚碎片，四颚针龙碎片其中之一,10069,21,40000,,累计消耗40000钻石,{gold=300000;5000=50;6802=60},,,
,,,,,,,,,,
11100,打开后可选择水君碎片，索罗亚碎片，利欧路碎片，雷吉艾斯碎片其中之一,10070,21,300,,累计消耗300钻石,{gold=60000;5000=10;930=10},,,
11101,打开后可选择水君碎片，索罗亚碎片，利欧路碎片，雷吉艾斯碎片其中之一,10070,21,1000,,累计消耗1000钻石,{gold=80000;5000=15;6803=10},,,
11102,打开后可选择水君碎片，索罗亚碎片，利欧路碎片，雷吉艾斯碎片其中之一,10070,21,2000,,累计消耗2000钻石,{gold=80000;5000=10;452=20},,,
11103,打开后可选择水君碎片，索罗亚碎片，利欧路碎片，雷吉艾斯碎片其中之一,10070,21,4000,,累计消耗4000钻石,{gold=100000;5000=15;6803=20},,,
11104,打开后可选择水君碎片，索罗亚碎片，利欧路碎片，雷吉艾斯碎片其中之一,10070,21,7000,,累计消耗7000钻石,{gold=120000;5000=15;452=30},,,
11105,打开后可选择水君碎片，索罗亚碎片，利欧路碎片，雷吉艾斯碎片其中之一,10070,21,10000,,累计消耗10000钻石,{gold=120000;5000=15;6803=30},,,
11106,打开后可选择水君碎片，索罗亚碎片，利欧路碎片，雷吉艾斯碎片其中之一,10070,21,14000,,累计消耗14000钻石,{gold=140000;5000=20;452=40},,,
11107,打开后可选择水君碎片，索罗亚碎片，利欧路碎片，雷吉艾斯碎片其中之一,10070,21,18000,,累计消耗18000钻石,{gold=160000;5000=20;6803=40},,,
11108,打开后可选择水君碎片，索罗亚碎片，利欧路碎片，雷吉艾斯碎片其中之一,10070,21,22000,,累计消耗22000钻石,{gold=180000;5000=25;452=50},,,
11109,打开后可选择水君碎片，索罗亚碎片，利欧路碎片，雷吉艾斯碎片其中之一,10070,21,25000,,累计消耗25000钻石,{gold=200000;5000=30;6803=50},,,
11110,打开后可选择水君碎片，索罗亚碎片，利欧路碎片，雷吉艾斯碎片其中之一,10070,21,30000,,累计消耗30000钻石,{gold=250000;5000=40;452=60},,,
11111,打开后可选择水君碎片，索罗亚碎片，利欧路碎片，雷吉艾斯碎片其中之一,10070,21,40000,,累计消耗40000钻石,{gold=300000;5000=50;6803=60},,,
,,,,,,,,,,
11120,打开后可选择雷公碎片，火焰鸟碎片，圆陆鲨碎片，波比克碎片其中之一,10071,21,300,,累计消耗300钻石,{gold=60000;5000=10;930=10},,,
11121,打开后可选择雷公碎片，火焰鸟碎片，圆陆鲨碎片，波比克碎片其中之一,10071,21,1000,,累计消耗1000钻石,{gold=80000;5000=15;6804=10},,,
11122,打开后可选择雷公碎片，火焰鸟碎片，圆陆鲨碎片，波比克碎片其中之一,10071,21,2000,,累计消耗2000钻石,{gold=80000;5000=10;452=20},,,
11123,打开后可选择雷公碎片，火焰鸟碎片，圆陆鲨碎片，波比克碎片其中之一,10071,21,4000,,累计消耗4000钻石,{gold=100000;5000=15;6804=20},,,
11124,打开后可选择雷公碎片，火焰鸟碎片，圆陆鲨碎片，波比克碎片其中之一,10071,21,7000,,累计消耗7000钻石,{gold=120000;5000=15;452=30},,,
11125,打开后可选择雷公碎片，火焰鸟碎片，圆陆鲨碎片，波比克碎片其中之一,10071,21,10000,,累计消耗10000钻石,{gold=120000;5000=15;6804=30},,,
11126,打开后可选择雷公碎片，火焰鸟碎片，圆陆鲨碎片，波比克碎片其中之一,10071,21,14000,,累计消耗14000钻石,{gold=140000;5000=20;452=40},,,
11127,打开后可选择雷公碎片，火焰鸟碎片，圆陆鲨碎片，波比克碎片其中之一,10071,21,18000,,累计消耗18000钻石,{gold=160000;5000=20;6804=40},,,
11128,打开后可选择雷公碎片，火焰鸟碎片，圆陆鲨碎片，波比克碎片其中之一,10071,21,22000,,累计消耗22000钻石,{gold=180000;5000=25;452=50},,,
11129,打开后可选择雷公碎片，火焰鸟碎片，圆陆鲨碎片，波比克碎片其中之一,10071,21,25000,,累计消耗25000钻石,{gold=200000;5000=30;6804=50},,,
11130,打开后可选择雷公碎片，火焰鸟碎片，圆陆鲨碎片，波比克碎片其中之一,10071,21,30000,,累计消耗30000钻石,{gold=250000;5000=40;452=60},,,
11131,打开后可选择雷公碎片，火焰鸟碎片，圆陆鲨碎片，波比克碎片其中之一,10071,21,40000,,累计消耗40000钻石,{gold=300000;5000=50;6804=60},,,
,,,,,,,,,,
11140,抽符石,10072,115,10,,钻石抽学习芯片10次,{gold=50000;122=2;7302=1},,,
11141,抽符石,10072,115,30,,钻石抽学习芯片30次,{gold=60000;122=2;7303=1},,,
11142,抽符石,10072,115,60,,钻石抽学习芯片60次,{gold=80000;122=3;7304=1},,,
11143,抽符石,10072,115,100,,钻石抽学习芯片100次,{gold=100000;123=2;7304=1},,,
11144,抽符石,10072,115,150,,钻石抽学习芯片150次,{gold=120000;123=2;7304=1},,,
11145,抽符石,10072,115,220,,钻石抽学习芯片220次,{gold=150000;123=3;7305=1},,,
11146,抽符石,10072,115,300,,钻石抽学习芯片300次,{gold=200000;124=2;7305=1},,,
,,,,,,,,,,
11150,打开后可选择炎帝碎片，幼基拉斯碎片，火神蛾碎片，凯路迪欧碎片其中之一,10073,21,300,,累计消耗300钻石,{gold=60000;5000=10;930=10},,,
11151,打开后可选择炎帝碎片，幼基拉斯碎片，火神蛾碎片，凯路迪欧碎片其中之一,10073,21,1000,,累计消耗1000钻石,{gold=80000;5000=15;6805=10},,,
11152,打开后可选择炎帝碎片，幼基拉斯碎片，火神蛾碎片，凯路迪欧碎片其中之一,10073,21,2000,,累计消耗2000钻石,{gold=80000;5000=10;452=20},,,
11153,打开后可选择炎帝碎片，幼基拉斯碎片，火神蛾碎片，凯路迪欧碎片其中之一,10073,21,4000,,累计消耗4000钻石,{gold=100000;5000=15;6805=20},,,
11154,打开后可选择炎帝碎片，幼基拉斯碎片，火神蛾碎片，凯路迪欧碎片其中之一,10073,21,7000,,累计消耗7000钻石,{gold=120000;5000=15;452=30},,,
11155,打开后可选择炎帝碎片，幼基拉斯碎片，火神蛾碎片，凯路迪欧碎片其中之一,10073,21,10000,,累计消耗10000钻石,{gold=120000;5000=15;6805=30},,,
11156,打开后可选择炎帝碎片，幼基拉斯碎片，火神蛾碎片，凯路迪欧碎片其中之一,10073,21,14000,,累计消耗14000钻石,{gold=140000;5000=20;452=40},,,
11157,打开后可选择炎帝碎片，幼基拉斯碎片，火神蛾碎片，凯路迪欧碎片其中之一,10073,21,18000,,累计消耗18000钻石,{gold=160000;5000=20;6805=40},,,
11158,打开后可选择炎帝碎片，幼基拉斯碎片，火神蛾碎片，凯路迪欧碎片其中之一,10073,21,22000,,累计消耗22000钻石,{gold=180000;5000=25;452=50},,,
11159,打开后可选择炎帝碎片，幼基拉斯碎片，火神蛾碎片，凯路迪欧碎片其中之一,10073,21,25000,,累计消耗25000钻石,{gold=200000;5000=30;6805=50},,,
11160,打开后可选择炎帝碎片，幼基拉斯碎片，火神蛾碎片，凯路迪欧碎片其中之一,10073,21,30000,,累计消耗30000钻石,{gold=250000;5000=40;452=60},,,
11161,打开后可选择炎帝碎片，幼基拉斯碎片，火神蛾碎片，凯路迪欧碎片其中之一,10073,21,40000,,累计消耗40000钻石,{gold=300000;5000=50;6805=60},,,
,,,,,,,,,,
11170,打开后可选择急冻鸟碎片，铁哑铃碎片，超坏星碎片，拉帝欧斯碎片其中之一,10074,21,300,,累计消耗300钻石,{gold=60000;5000=10;930=10},,,
11171,打开后可选择急冻鸟碎片，铁哑铃碎片，超坏星碎片，拉帝欧斯碎片其中之一,10074,21,1000,,累计消耗1000钻石,{gold=80000;5000=15;6806=10},,,
11172,打开后可选择急冻鸟碎片，铁哑铃碎片，超坏星碎片，拉帝欧斯碎片其中之一,10074,21,2000,,累计消耗2000钻石,{gold=80000;5000=10;452=20},,,
11173,打开后可选择急冻鸟碎片，铁哑铃碎片，超坏星碎片，拉帝欧斯碎片其中之一,10074,21,4000,,累计消耗4000钻石,{gold=100000;5000=15;6806=20},,,
11174,打开后可选择急冻鸟碎片，铁哑铃碎片，超坏星碎片，拉帝欧斯碎片其中之一,10074,21,7000,,累计消耗7000钻石,{gold=120000;5000=15;452=30},,,
11175,打开后可选择急冻鸟碎片，铁哑铃碎片，超坏星碎片，拉帝欧斯碎片其中之一,10074,21,10000,,累计消耗10000钻石,{gold=120000;5000=15;6806=30},,,
11176,打开后可选择急冻鸟碎片，铁哑铃碎片，超坏星碎片，拉帝欧斯碎片其中之一,10074,21,14000,,累计消耗14000钻石,{gold=140000;5000=20;452=40},,,
11177,打开后可选择急冻鸟碎片，铁哑铃碎片，超坏星碎片，拉帝欧斯碎片其中之一,10074,21,18000,,累计消耗18000钻石,{gold=160000;5000=20;6806=40},,,
11178,打开后可选择急冻鸟碎片，铁哑铃碎片，超坏星碎片，拉帝欧斯碎片其中之一,10074,21,22000,,累计消耗22000钻石,{gold=180000;5000=25;452=50},,,
11179,打开后可选择急冻鸟碎片，铁哑铃碎片，超坏星碎片，拉帝欧斯碎片其中之一,10074,21,25000,,累计消耗25000钻石,{gold=200000;5000=30;6806=50},,,
11180,打开后可选择急冻鸟碎片，铁哑铃碎片，超坏星碎片，拉帝欧斯碎片其中之一,10074,21,30000,,累计消耗30000钻石,{gold=250000;5000=40;452=60},,,
11181,打开后可选择急冻鸟碎片，铁哑铃碎片，超坏星碎片，拉帝欧斯碎片其中之一,10074,21,40000,,累计消耗40000钻石,{gold=300000;5000=50;6806=60},,,
,,,,,,,,,,
11190,打开后可选择暴鲤龙碎片，雷吉洛克碎片，天蝎王碎片，拉帝亚斯碎片其中之一,10075,21,300,,累计消耗300钻石,{gold=60000;5000=10;930=10},,,
11191,打开后可选择暴鲤龙碎片，雷吉洛克碎片，天蝎王碎片，拉帝亚斯碎片其中之一,10075,21,1000,,累计消耗1000钻石,{gold=80000;5000=15;6807=10},,,
11192,打开后可选择暴鲤龙碎片，雷吉洛克碎片，天蝎王碎片，拉帝亚斯碎片其中之一,10075,21,2000,,累计消耗2000钻石,{gold=80000;5000=10;452=20},,,
11193,打开后可选择暴鲤龙碎片，雷吉洛克碎片，天蝎王碎片，拉帝亚斯碎片其中之一,10075,21,4000,,累计消耗4000钻石,{gold=100000;5000=15;6807=20},,,
11194,打开后可选择暴鲤龙碎片，雷吉洛克碎片，天蝎王碎片，拉帝亚斯碎片其中之一,10075,21,7000,,累计消耗7000钻石,{gold=120000;5000=15;452=30},,,
11195,打开后可选择暴鲤龙碎片，雷吉洛克碎片，天蝎王碎片，拉帝亚斯碎片其中之一,10075,21,10000,,累计消耗10000钻石,{gold=120000;5000=15;6807=30},,,
11196,打开后可选择暴鲤龙碎片，雷吉洛克碎片，天蝎王碎片，拉帝亚斯碎片其中之一,10075,21,14000,,累计消耗14000钻石,{gold=140000;5000=20;452=40},,,
11197,打开后可选择暴鲤龙碎片，雷吉洛克碎片，天蝎王碎片，拉帝亚斯碎片其中之一,10075,21,18000,,累计消耗18000钻石,{gold=160000;5000=20;6807=40},,,
11198,打开后可选择暴鲤龙碎片，雷吉洛克碎片，天蝎王碎片，拉帝亚斯碎片其中之一,10075,21,22000,,累计消耗22000钻石,{gold=180000;5000=25;452=50},,,
11199,打开后可选择暴鲤龙碎片，雷吉洛克碎片，天蝎王碎片，拉帝亚斯碎片其中之一,10075,21,25000,,累计消耗25000钻石,{gold=200000;5000=30;6807=50},,,
11200,打开后可选择暴鲤龙碎片，雷吉洛克碎片，天蝎王碎片，拉帝亚斯碎片其中之一,10075,21,30000,,累计消耗30000钻石,{gold=250000;5000=40;452=60},,,
11201,打开后可选择暴鲤龙碎片，雷吉洛克碎片，天蝎王碎片，拉帝亚斯碎片其中之一,10075,21,40000,,累计消耗40000钻石,{gold=300000;5000=50;6807=60},,,
,,,,,,,,,,
11210,打开后可选择闪电鸟碎片，宝贝龙碎片，木木枭碎片，勾帕路翁碎片其中之一,10076,21,300,,累计消耗300钻石,{gold=60000;5000=10;930=10},,,
11211,打开后可选择闪电鸟碎片，宝贝龙碎片，木木枭碎片，勾帕路翁碎片其中之一,10076,21,1000,,累计消耗1000钻石,{gold=80000;5000=15;6808=10},,,
11212,打开后可选择闪电鸟碎片，宝贝龙碎片，木木枭碎片，勾帕路翁碎片其中之一,10076,21,2000,,累计消耗2000钻石,{gold=80000;5000=10;452=20},,,
11213,打开后可选择闪电鸟碎片，宝贝龙碎片，木木枭碎片，勾帕路翁碎片其中之一,10076,21,4000,,累计消耗4000钻石,{gold=100000;5000=15;6808=20},,,
11214,打开后可选择闪电鸟碎片，宝贝龙碎片，木木枭碎片，勾帕路翁碎片其中之一,10076,21,7000,,累计消耗7000钻石,{gold=120000;5000=15;452=30},,,
11215,打开后可选择闪电鸟碎片，宝贝龙碎片，木木枭碎片，勾帕路翁碎片其中之一,10076,21,10000,,累计消耗10000钻石,{gold=120000;5000=15;6808=30},,,
11216,打开后可选择闪电鸟碎片，宝贝龙碎片，木木枭碎片，勾帕路翁碎片其中之一,10076,21,14000,,累计消耗14000钻石,{gold=140000;5000=20;452=40},,,
11217,打开后可选择闪电鸟碎片，宝贝龙碎片，木木枭碎片，勾帕路翁碎片其中之一,10076,21,18000,,累计消耗18000钻石,{gold=160000;5000=20;6808=40},,,
11218,打开后可选择闪电鸟碎片，宝贝龙碎片，木木枭碎片，勾帕路翁碎片其中之一,10076,21,22000,,累计消耗22000钻石,{gold=180000;5000=25;452=50},,,
11219,打开后可选择闪电鸟碎片，宝贝龙碎片，木木枭碎片，勾帕路翁碎片其中之一,10076,21,25000,,累计消耗25000钻石,{gold=200000;5000=30;6808=50},,,
11220,打开后可选择闪电鸟碎片，宝贝龙碎片，木木枭碎片，勾帕路翁碎片其中之一,10076,21,30000,,累计消耗30000钻石,{gold=250000;5000=40;452=60},,,
11221,打开后可选择闪电鸟碎片，宝贝龙碎片，木木枭碎片，勾帕路翁碎片其中之一,10076,21,40000,,累计消耗40000钻石,{gold=300000;5000=50;6808=60},,,
,,,,,,,,,,
11230,打开后可选择牙牙碎片，克雷色利亚碎片，雷吉斯奇鲁碎片，乘龙碎片其中之一,10077,21,300,,累计消耗300钻石,{gold=60000;5000=10;930=10},,,
11231,打开后可选择牙牙碎片，克雷色利亚碎片，雷吉斯奇鲁碎片，乘龙碎片其中之一,10077,21,1000,,累计消耗1000钻石,{gold=80000;5000=15;6809=10},,,
11232,打开后可选择牙牙碎片，克雷色利亚碎片，雷吉斯奇鲁碎片，乘龙碎片其中之一,10077,21,2000,,累计消耗2000钻石,{gold=80000;5000=10;452=20},,,
11233,打开后可选择牙牙碎片，克雷色利亚碎片，雷吉斯奇鲁碎片，乘龙碎片其中之一,10077,21,4000,,累计消耗4000钻石,{gold=100000;5000=15;6809=20},,,
11234,打开后可选择牙牙碎片，克雷色利亚碎片，雷吉斯奇鲁碎片，乘龙碎片其中之一,10077,21,7000,,累计消耗7000钻石,{gold=120000;5000=15;452=30},,,
11235,打开后可选择牙牙碎片，克雷色利亚碎片，雷吉斯奇鲁碎片，乘龙碎片其中之一,10077,21,10000,,累计消耗10000钻石,{gold=120000;5000=15;6809=30},,,
11236,打开后可选择牙牙碎片，克雷色利亚碎片，雷吉斯奇鲁碎片，乘龙碎片其中之一,10077,21,14000,,累计消耗14000钻石,{gold=140000;5000=20;452=40},,,
11237,打开后可选择牙牙碎片，克雷色利亚碎片，雷吉斯奇鲁碎片，乘龙碎片其中之一,10077,21,18000,,累计消耗18000钻石,{gold=160000;5000=20;6809=40},,,
11238,打开后可选择牙牙碎片，克雷色利亚碎片，雷吉斯奇鲁碎片，乘龙碎片其中之一,10077,21,22000,,累计消耗22000钻石,{gold=180000;5000=25;452=50},,,
11239,打开后可选择牙牙碎片，克雷色利亚碎片，雷吉斯奇鲁碎片，乘龙碎片其中之一,10077,21,25000,,累计消耗25000钻石,{gold=200000;5000=30;6809=50},,,
11240,打开后可选择牙牙碎片，克雷色利亚碎片，雷吉斯奇鲁碎片，乘龙碎片其中之一,10077,21,30000,,累计消耗30000钻石,{gold=250000;5000=40;452=60},,,
11241,打开后可选择牙牙碎片，克雷色利亚碎片，雷吉斯奇鲁碎片，乘龙碎片其中之一,10077,21,40000,,累计消耗40000钻石,{gold=300000;5000=50;6809=60},,,
,,,,,,,,,,
11250,打开后可选择水君碎片，圆陆鲨碎片，利欧路碎片，四颚针龙碎片其中之一,10078,21,300,,累计消耗300钻石,{gold=60000;5000=10;930=10},,,
11251,打开后可选择水君碎片，圆陆鲨碎片，利欧路碎片，四颚针龙碎片其中之一,10078,21,1000,,累计消耗1000钻石,{gold=80000;5000=15;6810=10},,,
11252,打开后可选择水君碎片，圆陆鲨碎片，利欧路碎片，四颚针龙碎片其中之一,10078,21,2000,,累计消耗2000钻石,{gold=80000;5000=10;452=20},,,
11253,打开后可选择水君碎片，圆陆鲨碎片，利欧路碎片，四颚针龙碎片其中之一,10078,21,4000,,累计消耗4000钻石,{gold=100000;5000=15;6810=20},,,
11254,打开后可选择水君碎片，圆陆鲨碎片，利欧路碎片，四颚针龙碎片其中之一,10078,21,7000,,累计消耗7000钻石,{gold=120000;5000=15;452=30},,,
11255,打开后可选择水君碎片，圆陆鲨碎片，利欧路碎片，四颚针龙碎片其中之一,10078,21,10000,,累计消耗10000钻石,{gold=120000;5000=15;6810=30},,,
11256,打开后可选择水君碎片，圆陆鲨碎片，利欧路碎片，四颚针龙碎片其中之一,10078,21,14000,,累计消耗14000钻石,{gold=140000;5000=20;452=40},,,
11257,打开后可选择水君碎片，圆陆鲨碎片，利欧路碎片，四颚针龙碎片其中之一,10078,21,18000,,累计消耗18000钻石,{gold=160000;5000=20;6810=40},,,
11258,打开后可选择水君碎片，圆陆鲨碎片，利欧路碎片，四颚针龙碎片其中之一,10078,21,22000,,累计消耗22000钻石,{gold=180000;5000=25;452=50},,,
11259,打开后可选择水君碎片，圆陆鲨碎片，利欧路碎片，四颚针龙碎片其中之一,10078,21,25000,,累计消耗25000钻石,{gold=200000;5000=30;6810=50},,,
11260,打开后可选择水君碎片，圆陆鲨碎片，利欧路碎片，四颚针龙碎片其中之一,10078,21,30000,,累计消耗30000钻石,{gold=250000;5000=40;452=60},,,
11261,打开后可选择水君碎片，圆陆鲨碎片，利欧路碎片，四颚针龙碎片其中之一,10078,21,40000,,累计消耗40000钻石,{gold=300000;5000=50;6810=60},,,
,,,,,,,,,,
11270,打开后可选择火焰鸟碎片，幼基拉斯碎片，雷吉艾斯碎片，代拉基翁碎片其中之一,10079,21,300,,累计消耗300钻石,{gold=60000;5000=10;930=10},,,
11271,打开后可选择火焰鸟碎片，幼基拉斯碎片，雷吉艾斯碎片，代拉基翁碎片其中之一,10079,21,1000,,累计消耗1000钻石,{gold=80000;5000=15;6811=10},,,
11272,打开后可选择火焰鸟碎片，幼基拉斯碎片，雷吉艾斯碎片，代拉基翁碎片其中之一,10079,21,2000,,累计消耗2000钻石,{gold=80000;5000=10;452=20},,,
11273,打开后可选择火焰鸟碎片，幼基拉斯碎片，雷吉艾斯碎片，代拉基翁碎片其中之一,10079,21,4000,,累计消耗4000钻石,{gold=100000;5000=15;6811=20},,,
11274,打开后可选择火焰鸟碎片，幼基拉斯碎片，雷吉艾斯碎片，代拉基翁碎片其中之一,10079,21,7000,,累计消耗7000钻石,{gold=120000;5000=15;452=30},,,
11275,打开后可选择火焰鸟碎片，幼基拉斯碎片，雷吉艾斯碎片，代拉基翁碎片其中之一,10079,21,10000,,累计消耗10000钻石,{gold=120000;5000=15;6811=30},,,
11276,打开后可选择火焰鸟碎片，幼基拉斯碎片，雷吉艾斯碎片，代拉基翁碎片其中之一,10079,21,14000,,累计消耗14000钻石,{gold=140000;5000=20;452=40},,,
11277,打开后可选择火焰鸟碎片，幼基拉斯碎片，雷吉艾斯碎片，代拉基翁碎片其中之一,10079,21,18000,,累计消耗18000钻石,{gold=160000;5000=20;6811=40},,,
11278,打开后可选择火焰鸟碎片，幼基拉斯碎片，雷吉艾斯碎片，代拉基翁碎片其中之一,10079,21,22000,,累计消耗22000钻石,{gold=180000;5000=25;452=50},,,
11279,打开后可选择火焰鸟碎片，幼基拉斯碎片，雷吉艾斯碎片，代拉基翁碎片其中之一,10079,21,25000,,累计消耗25000钻石,{gold=200000;5000=30;6811=50},,,
11280,打开后可选择火焰鸟碎片，幼基拉斯碎片，雷吉艾斯碎片，代拉基翁碎片其中之一,10079,21,30000,,累计消耗30000钻石,{gold=250000;5000=40;452=60},,,
11281,打开后可选择火焰鸟碎片，幼基拉斯碎片，雷吉艾斯碎片，代拉基翁碎片其中之一,10079,21,40000,,累计消耗40000钻石,{gold=300000;5000=50;6811=60},,,
,,,,,,,,,,
11290,打开后可选择索罗亚碎片，铁哑铃碎片，甜竹竹碎片，波比克碎片其中之一,10080,21,300,,累计消耗300钻石,{gold=60000;5000=10;930=10},,,
11291,打开后可选择索罗亚碎片，铁哑铃碎片，甜竹竹碎片，波比克碎片其中之一,10080,21,1000,,累计消耗1000钻石,{gold=80000;5000=15;6812=10},,,
11292,打开后可选择索罗亚碎片，铁哑铃碎片，甜竹竹碎片，波比克碎片其中之一,10080,21,2000,,累计消耗2000钻石,{gold=80000;5000=10;452=20},,,
11293,打开后可选择索罗亚碎片，铁哑铃碎片，甜竹竹碎片，波比克碎片其中之一,10080,21,4000,,累计消耗4000钻石,{gold=100000;5000=15;6812=20},,,
11294,打开后可选择索罗亚碎片，铁哑铃碎片，甜竹竹碎片，波比克碎片其中之一,10080,21,7000,,累计消耗7000钻石,{gold=120000;5000=15;452=30},,,
11295,打开后可选择索罗亚碎片，铁哑铃碎片，甜竹竹碎片，波比克碎片其中之一,10080,21,10000,,累计消耗10000钻石,{gold=120000;5000=15;6812=30},,,
11296,打开后可选择索罗亚碎片，铁哑铃碎片，甜竹竹碎片，波比克碎片其中之一,10080,21,14000,,累计消耗14000钻石,{gold=140000;5000=20;452=40},,,
11297,打开后可选择索罗亚碎片，铁哑铃碎片，甜竹竹碎片，波比克碎片其中之一,10080,21,18000,,累计消耗18000钻石,{gold=160000;5000=20;6812=40},,,
11298,打开后可选择索罗亚碎片，铁哑铃碎片，甜竹竹碎片，波比克碎片其中之一,10080,21,22000,,累计消耗22000钻石,{gold=180000;5000=25;452=50},,,
11299,打开后可选择索罗亚碎片，铁哑铃碎片，甜竹竹碎片，波比克碎片其中之一,10080,21,25000,,累计消耗25000钻石,{gold=200000;5000=30;6812=50},,,
11300,打开后可选择索罗亚碎片，铁哑铃碎片，甜竹竹碎片，波比克碎片其中之一,10080,21,30000,,累计消耗30000钻石,{gold=250000;5000=40;452=60},,,
11301,打开后可选择索罗亚碎片，铁哑铃碎片，甜竹竹碎片，波比克碎片其中之一,10080,21,40000,,累计消耗40000钻石,{gold=300000;5000=50;6812=60},,,
,,,,,,,,,,
11310,充值返钻-多语言60%,10081,22,60,,充值60钻石,{gold=60000;rmb=60},,,
11311,充值返钻-多语言60%,10081,22,300,,充值300钻石,{gold=60000;rmb=180},,,
11312,充值返钻-多语言60%,10081,22,600,,充值600钻石,{gold=60000;rmb=240},,,
11313,充值返钻-多语言60%,10081,22,980,,充值980钻石,{gold=80000;rmb=320},,,
11314,充值返钻-多语言60%,10081,22,1980,,充值1980钻石,{gold=80000;rmb=480},,,
11315,充值返钻-多语言60%,10081,22,3280,,充值3280钻石,{gold=100000;rmb=800},,,
11316,充值返钻-多语言60%,10081,22,6480,,充值6480钻石,{gold=100000;rmb=1500},,,
11317,充值返钻-多语言60%,10081,22,9680,,充值9680钻石,{gold=120000;rmb=1800},,,
11318,充值返钻-多语言60%,10081,22,12000,,充值12000钻石,{gold=120000;rmb=1800},,,
11319,充值返钻-多语言60%,10081,22,15000,,充值15000钻石,{gold=150000;rmb=2000},,,
11320,充值返钻-多语言60%,10081,22,20000,,充值20000钻石,{gold=200000;rmb=2500},,,
11321,充值返钻-多语言60%,10081,22,25000,,充值25000钻石,{gold=300000;rmb=3000},,,
11322,充值返钻-多语言60%,10081,22,30000,,充值30000钻石,{gold=300000;rmb=3000},,,
,,,,,,,,,,
11330,充值返钻-小Y,10082,22,1000,,充值1000钻石,{gold=100000;rmb=200},,,
11331,充值返钻-小Y,10082,22,2000,,充值2000钻石,{gold=150000;rmb=400},,,
11332,充值返钻-小Y,10082,22,5000,,充值5000钻石,{gold=200000;rmb=1400},,,
11333,充值返钻-小Y,10082,22,10000,,充值10000钻石,{gold=250000;rmb=4000},,,
11334,充值返钻-小Y,10082,22,20000,,充值20000钻石,{gold=300000;rmb=10000},,,
,,,,,,,,,,
11340,消耗送利欧路碎片,10083,21,300,,累计消耗300钻石,{gold=60000;5000=10;930=10},,,
11341,消耗送利欧路碎片,10083,21,1000,,累计消耗1000钻石,{gold=80000;5000=15;22241=10},,,
11342,消耗送利欧路碎片,10083,21,2000,,累计消耗2000钻石,{gold=80000;5000=10;452=20},,,
11343,消耗送利欧路碎片,10083,21,4000,,累计消耗4000钻石,{gold=100000;5000=15;22241=20},,,
11344,消耗送利欧路碎片,10083,21,7000,,累计消耗7000钻石,{gold=120000;5000=15;452=30},,,
11345,消耗送利欧路碎片,10083,21,10000,,累计消耗10000钻石,{gold=120000;5000=15;22241=30},,,
11346,消耗送利欧路碎片,10083,21,14000,,累计消耗14000钻石,{gold=140000;5000=20;452=40},,,
11347,消耗送利欧路碎片,10083,21,18000,,累计消耗18000钻石,{gold=160000;5000=20;22241=40},,,
11348,消耗送利欧路碎片,10083,21,22000,,累计消耗22000钻石,{gold=180000;5000=25;452=50},,,
11349,消耗送利欧路碎片,10083,21,25000,,累计消耗25000钻石,{gold=200000;5000=30;22241=50},,,
11350,消耗送利欧路碎片,10083,21,30000,,累计消耗30000钻石,{gold=250000;5000=40;452=60},,,
11351,消耗送利欧路碎片,10083,21,40000,,累计消耗40000钻石,{gold=300000;5000=50;22241=60},,,
,,,,,,,,,,
11360,tw补偿登录,10084,17,1,,累计登录1天,{rmb=100;520=2;gold=100000;13=10},,,
11361,tw补偿登录,10084,17,2,,累计登录2天,{rmb=100;503=3;gold=100000;13=10},,,
11362,tw补偿登录,10084,17,3,,累计登录3天,{rmb=100;519=2;gold=100000;13=15},,,
11363,tw补偿登录,10084,17,4,,累计登录4天,{rmb=188;502=3;gold=100000;13=15},,,
11364,tw补偿登录,10084,17,5,,累计登录5天,{rmb=100;19=5;gold=100000;13=20},,,
11365,tw补偿登录,10084,17,6,,累计登录6天,{rmb=100;501=2;gold=100000;13=20},,,
11366,tw补偿登录,10084,17,7,,累计登录7天,{rmb=188;521=3;gold=100000;13=20},,,
,,,,,,,,,,
11370,打开后可选择拉帝亚斯碎片，拉帝欧斯碎片，凯路迪欧碎片，毕力吉翁碎片其中之一,10085,21,300,,累计消耗300钻石,{gold=60000;5000=10;930=10},,,
11371,打开后可选择拉帝亚斯碎片，拉帝欧斯碎片，凯路迪欧碎片，毕力吉翁碎片其中之一,10085,21,1000,,累计消耗1000钻石,{gold=80000;5000=15;6813=10},,,
11372,打开后可选择拉帝亚斯碎片，拉帝欧斯碎片，凯路迪欧碎片，毕力吉翁碎片其中之一,10085,21,2000,,累计消耗2000钻石,{gold=80000;5000=10;452=20},,,
11373,打开后可选择拉帝亚斯碎片，拉帝欧斯碎片，凯路迪欧碎片，毕力吉翁碎片其中之一,10085,21,4000,,累计消耗4000钻石,{gold=100000;5000=15;6813=20},,,
11374,打开后可选择拉帝亚斯碎片，拉帝欧斯碎片，凯路迪欧碎片，毕力吉翁碎片其中之一,10085,21,7000,,累计消耗7000钻石,{gold=120000;5000=15;452=30},,,
11375,打开后可选择拉帝亚斯碎片，拉帝欧斯碎片，凯路迪欧碎片，毕力吉翁碎片其中之一,10085,21,10000,,累计消耗10000钻石,{gold=120000;5000=15;6813=30},,,
11376,打开后可选择拉帝亚斯碎片，拉帝欧斯碎片，凯路迪欧碎片，毕力吉翁碎片其中之一,10085,21,14000,,累计消耗14000钻石,{gold=140000;5000=20;452=40},,,
11377,打开后可选择拉帝亚斯碎片，拉帝欧斯碎片，凯路迪欧碎片，毕力吉翁碎片其中之一,10085,21,18000,,累计消耗18000钻石,{gold=160000;5000=20;6813=40},,,
11378,打开后可选择拉帝亚斯碎片，拉帝欧斯碎片，凯路迪欧碎片，毕力吉翁碎片其中之一,10085,21,22000,,累计消耗22000钻石,{gold=180000;5000=25;452=50},,,
11379,打开后可选择拉帝亚斯碎片，拉帝欧斯碎片，凯路迪欧碎片，毕力吉翁碎片其中之一,10085,21,25000,,累计消耗25000钻石,{gold=200000;5000=30;6813=50},,,
11380,打开后可选择拉帝亚斯碎片，拉帝欧斯碎片，凯路迪欧碎片，毕力吉翁碎片其中之一,10085,21,30000,,累计消耗30000钻石,{gold=250000;5000=40;452=60},,,
11381,打开后可选择拉帝亚斯碎片，拉帝欧斯碎片，凯路迪欧碎片，毕力吉翁碎片其中之一,10085,21,40000,,累计消耗40000钻石,{gold=300000;5000=50;6813=60},,,
,,,,,,,,,,
11390,打开后可选择急冻鸟碎片，雷吉洛克碎片，火神蛾碎片，超坏星碎片其中之一,10086,21,300,,累计消耗300钻石,{gold=60000;5000=10;930=10},,,
11391,打开后可选择急冻鸟碎片，雷吉洛克碎片，火神蛾碎片，超坏星碎片其中之一,10086,21,1000,,累计消耗1000钻石,{gold=80000;5000=15;6814=10},,,
11392,打开后可选择急冻鸟碎片，雷吉洛克碎片，火神蛾碎片，超坏星碎片其中之一,10086,21,2000,,累计消耗2000钻石,{gold=80000;5000=10;452=20},,,
11393,打开后可选择急冻鸟碎片，雷吉洛克碎片，火神蛾碎片，超坏星碎片其中之一,10086,21,4000,,累计消耗4000钻石,{gold=100000;5000=15;6814=20},,,
11394,打开后可选择急冻鸟碎片，雷吉洛克碎片，火神蛾碎片，超坏星碎片其中之一,10086,21,7000,,累计消耗7000钻石,{gold=120000;5000=15;452=30},,,
11395,打开后可选择急冻鸟碎片，雷吉洛克碎片，火神蛾碎片，超坏星碎片其中之一,10086,21,10000,,累计消耗10000钻石,{gold=120000;5000=15;6814=30},,,
11396,打开后可选择急冻鸟碎片，雷吉洛克碎片，火神蛾碎片，超坏星碎片其中之一,10086,21,14000,,累计消耗14000钻石,{gold=140000;5000=20;452=40},,,
11397,打开后可选择急冻鸟碎片，雷吉洛克碎片，火神蛾碎片，超坏星碎片其中之一,10086,21,18000,,累计消耗18000钻石,{gold=160000;5000=20;6814=40},,,
11398,打开后可选择急冻鸟碎片，雷吉洛克碎片，火神蛾碎片，超坏星碎片其中之一,10086,21,22000,,累计消耗22000钻石,{gold=180000;5000=25;452=50},,,
11399,打开后可选择急冻鸟碎片，雷吉洛克碎片，火神蛾碎片，超坏星碎片其中之一,10086,21,25000,,累计消耗25000钻石,{gold=200000;5000=30;6814=50},,,
11400,打开后可选择急冻鸟碎片，雷吉洛克碎片，火神蛾碎片，超坏星碎片其中之一,10086,21,30000,,累计消耗30000钻石,{gold=250000;5000=40;452=60},,,
11401,打开后可选择急冻鸟碎片，雷吉洛克碎片，火神蛾碎片，超坏星碎片其中之一,10086,21,40000,,累计消耗40000钻石,{gold=300000;5000=50;6814=60},,,
,中秋登录-cn,,,,,,,,,
11410,开服活动-累积登录,10087,17,1,,累计登录1天,{rmb=50;2330=1;gold=200000;519=1},,,
11411,开服活动-累积登录,10087,17,2,,累计登录2天,{rmb=50;502=3;gold=200000;519=2},,,
11412,开服活动-累积登录,10087,17,3,,累计登录3天,{rmb=100;2031=1;gold=300000;519=2},,,
11413,开服活动-累积登录,10087,17,4,,累计登录4天,{rmb=100;501=1;gold=300000;519=2},,,
11414,开服活动-累积登录,10087,17,5,,累计登录5天,{rmb=150;2421=1;gold=500000;519=3},,,
,中秋登录-kr,,,,,,,,,
11420,开服活动-累积登录,10088,17,1,,累计登录1天,{rmb=50;2017=1;gold=200000;519=1},,,
11421,开服活动-累积登录,10088,17,2,,累计登录2天,{rmb=50;502=3;gold=200000;519=2},,,
11422,开服活动-累积登录,10088,17,3,,累计登录3天,{rmb=100;2talent_point=1;gold=300000;519=2},,,
11423,开服活动-累积登录,10088,17,4,,累计登录4天,{rmb=100;501=1;gold=300000;519=2},,,
11424,开服活动-累积登录,10088,17,5,,累计登录5天,{rmb=150;2316=1;gold=500000;519=3},,,
,中秋登录-tw,,,,,,,,,
11430,开服活动-累积登录,10089,17,1,,累计登录1天,{rmb=50;2017=1;gold=200000;519=1},,,
11431,开服活动-累积登录,10089,17,2,,累计登录2天,{rmb=50;502=3;gold=200000;519=2},,,
11432,开服活动-累积登录,10089,17,3,,累计登录3天,{rmb=100;2talent_point=1;gold=300000;519=2},,,
11433,开服活动-累积登录,10089,17,4,,累计登录4天,{rmb=100;501=1;gold=300000;519=2},,,
11434,开服活动-累积登录,10089,17,5,,累计登录5天,{rmb=150;2316=1;gold=500000;8010=1},,,
,,,,,,,,,,
11440,消耗送索罗亚碎片,10090,21,300,,累计消耗300钻石,{gold=60000;5000=10;930=10},,,
11441,消耗送索罗亚碎片,10090,21,1000,,累计消耗1000钻石,{gold=80000;5000=15;22821=10},,,
11442,消耗送索罗亚碎片,10090,21,2000,,累计消耗2000钻石,{gold=80000;5000=10;452=20},,,
11443,消耗送索罗亚碎片,10090,21,4000,,累计消耗4000钻石,{gold=100000;5000=15;22821=20},,,
11444,消耗送索罗亚碎片,10090,21,7000,,累计消耗7000钻石,{gold=120000;5000=15;452=30},,,
11445,消耗送索罗亚碎片,10090,21,10000,,累计消耗10000钻石,{gold=120000;5000=15;22821=30},,,
11446,消耗送索罗亚碎片,10090,21,14000,,累计消耗14000钻石,{gold=140000;5000=20;452=40},,,
11447,消耗送索罗亚碎片,10090,21,18000,,累计消耗18000钻石,{gold=160000;5000=20;22821=40},,,
11448,消耗送索罗亚碎片,10090,21,22000,,累计消耗22000钻石,{gold=180000;5000=25;452=50},,,
11449,消耗送索罗亚碎片,10090,21,25000,,累计消耗25000钻石,{gold=200000;5000=30;22821=50},,,
11450,消耗送索罗亚碎片,10090,21,30000,,累计消耗30000钻石,{gold=250000;5000=40;452=60},,,
11451,消耗送索罗亚碎片,10090,21,40000,,累计消耗40000钻石,{gold=300000;5000=50;22821=60},,,
,,,,,,,,,,
11460,消耗送克雷色利亚碎片,10091,21,300,,累计消耗300钻石,{gold=60000;5000=10;930=10},,,
11461,消耗送克雷色利亚碎片,10091,21,1000,,累计消耗1000钻石,{gold=80000;5000=15;22401=10},,,
11462,消耗送克雷色利亚碎片,10091,21,2000,,累计消耗2000钻石,{gold=80000;5000=10;452=20},,,
11463,消耗送克雷色利亚碎片,10091,21,4000,,累计消耗4000钻石,{gold=100000;5000=15;22401=20},,,
11464,消耗送克雷色利亚碎片,10091,21,7000,,累计消耗7000钻石,{gold=120000;5000=15;452=30},,,
11465,消耗送克雷色利亚碎片,10091,21,10000,,累计消耗10000钻石,{gold=120000;5000=15;22401=30},,,
11466,消耗送克雷色利亚碎片,10091,21,14000,,累计消耗14000钻石,{gold=140000;5000=20;452=40},,,
11467,消耗送克雷色利亚碎片,10091,21,18000,,累计消耗18000钻石,{gold=160000;5000=20;22401=40},,,
11468,消耗送克雷色利亚碎片,10091,21,22000,,累计消耗22000钻石,{gold=180000;5000=25;452=50},,,
11469,消耗送克雷色利亚碎片,10091,21,25000,,累计消耗25000钻石,{gold=200000;5000=30;22401=50},,,
11470,消耗送克雷色利亚碎片,10091,21,30000,,累计消耗30000钻石,{gold=250000;5000=40;452=60},,,
11471,消耗送克雷色利亚碎片,10091,21,40000,,累计消耗40000钻石,{gold=300000;5000=50;22401=60},,,
,,,,,,,,,,
11480,消耗送宝贝龙碎片,10092,21,300,,累计消耗300钻石,{gold=60000;5000=10;930=10},,,
11481,消耗送宝贝龙碎片,10092,21,1000,,累计消耗1000钻石,{gold=80000;5000=15;21891=10},,,
11482,消耗送宝贝龙碎片,10092,21,2000,,累计消耗2000钻石,{gold=80000;5000=10;452=20},,,
11483,消耗送宝贝龙碎片,10092,21,4000,,累计消耗4000钻石,{gold=100000;5000=15;21891=20},,,
11484,消耗送宝贝龙碎片,10092,21,7000,,累计消耗7000钻石,{gold=120000;5000=15;452=30},,,
11485,消耗送宝贝龙碎片,10092,21,10000,,累计消耗10000钻石,{gold=120000;5000=15;21891=30},,,
11486,消耗送宝贝龙碎片,10092,21,14000,,累计消耗14000钻石,{gold=140000;5000=20;452=40},,,
11487,消耗送宝贝龙碎片,10092,21,18000,,累计消耗18000钻石,{gold=160000;5000=20;21891=40},,,
11488,消耗送宝贝龙碎片,10092,21,22000,,累计消耗22000钻石,{gold=180000;5000=25;452=50},,,
11489,消耗送宝贝龙碎片,10092,21,25000,,累计消耗25000钻石,{gold=200000;5000=30;21891=50},,,
11490,消耗送宝贝龙碎片,10092,21,30000,,累计消耗30000钻石,{gold=250000;5000=40;452=60},,,
11491,消耗送宝贝龙碎片,10092,21,40000,,累计消耗40000钻石,{gold=300000;5000=50;21891=60},,,
,,,,,,,,,,
11500,充值返钻-多语言80%,10093,22,60,,充值60钻石,{gold=60000;rmb=60},,,
11501,充值返钻-多语言80%,10093,22,300,,充值300钻石,{gold=60000;rmb=200},,,
11502,充值返钻-多语言80%,10093,22,600,,充值600钻石,{gold=60000;rmb=240},,,
11503,充值返钻-多语言80%,10093,22,980,,充值980钻石,{gold=80000;rmb=300},,,
11504,充值返钻-多语言80%,10093,22,1980,,充值1980钻石,{gold=80000;rmb=800},,,
11505,充值返钻-多语言80%,10093,22,3280,,充值3280钻石,{gold=100000;rmb=1000},,,
11506,充值返钻-多语言80%,10093,22,6480,,充值6480钻石,{gold=100000;rmb=2000},,,
11507,充值返钻-多语言80%,10093,22,9680,,充值9680钻石,{gold=120000;rmb=2000},,,
11508,充值返钻-多语言80%,10093,22,12000,,充值12000钻石,{gold=120000;rmb=2500},,,
11509,充值返钻-多语言80%,10093,22,15000,,充值15000钻石,{gold=150000;rmb=2500},,,
11510,充值返钻-多语言80%,10093,22,20000,,充值20000钻石,{gold=200000;rmb=4000},,,
11511,充值返钻-多语言80%,10093,22,25000,,充值25000钻石,{gold=300000;rmb=4000},,,
11512,充值返钻-多语言80%,10093,22,30000,,充值30000钻石,{gold=300000;rmb=4000},,,
,,,,,,,,,,
11520,打开后可选择闪电鸟碎片，宝贝龙碎片，利欧路碎片，大舌贝碎片其中之一,10094,21,300,,累计消耗300钻石,{gold=60000;5000=10;930=10},,,
11521,打开后可选择闪电鸟碎片，宝贝龙碎片，利欧路碎片，大舌贝碎片其中之一,10094,21,1000,,累计消耗1000钻石,{gold=80000;5000=15;6815=10},,,
11522,打开后可选择闪电鸟碎片，宝贝龙碎片，利欧路碎片，大舌贝碎片其中之一,10094,21,2000,,累计消耗2000钻石,{gold=80000;5000=10;452=20},,,
11523,打开后可选择闪电鸟碎片，宝贝龙碎片，利欧路碎片，大舌贝碎片其中之一,10094,21,4000,,累计消耗4000钻石,{gold=100000;5000=15;6815=20},,,
11524,打开后可选择闪电鸟碎片，宝贝龙碎片，利欧路碎片，大舌贝碎片其中之一,10094,21,7000,,累计消耗7000钻石,{gold=120000;5000=15;452=30},,,
11525,打开后可选择闪电鸟碎片，宝贝龙碎片，利欧路碎片，大舌贝碎片其中之一,10094,21,10000,,累计消耗10000钻石,{gold=120000;5000=15;6815=30},,,
11526,打开后可选择闪电鸟碎片，宝贝龙碎片，利欧路碎片，大舌贝碎片其中之一,10094,21,14000,,累计消耗14000钻石,{gold=140000;5000=20;452=40},,,
11527,打开后可选择闪电鸟碎片，宝贝龙碎片，利欧路碎片，大舌贝碎片其中之一,10094,21,18000,,累计消耗18000钻石,{gold=160000;5000=20;6815=40},,,
11528,打开后可选择闪电鸟碎片，宝贝龙碎片，利欧路碎片，大舌贝碎片其中之一,10094,21,22000,,累计消耗22000钻石,{gold=180000;5000=25;452=50},,,
11529,打开后可选择闪电鸟碎片，宝贝龙碎片，利欧路碎片，大舌贝碎片其中之一,10094,21,25000,,累计消耗25000钻石,{gold=200000;5000=30;6815=50},,,
11530,打开后可选择闪电鸟碎片，宝贝龙碎片，利欧路碎片，大舌贝碎片其中之一,10094,21,30000,,累计消耗30000钻石,{gold=250000;5000=40;452=60},,,
11531,打开后可选择闪电鸟碎片，宝贝龙碎片，利欧路碎片，大舌贝碎片其中之一,10094,21,40000,,累计消耗40000钻石,{gold=300000;5000=50;6815=60},,,
,,,,,,,,,,
11540,打开后可选择水君碎片，暴鲤龙碎片，克雷色利亚碎片，天蝎王碎片其中之一,10095,21,300,,累计消耗300钻石,{gold=60000;5000=10;930=10},,,
11541,打开后可选择水君碎片，暴鲤龙碎片，克雷色利亚碎片，天蝎王碎片其中之一,10095,21,1000,,累计消耗1000钻石,{gold=80000;5000=15;6816=10},,,
11542,打开后可选择水君碎片，暴鲤龙碎片，克雷色利亚碎片，天蝎王碎片其中之一,10095,21,2000,,累计消耗2000钻石,{gold=80000;5000=10;452=20},,,
11543,打开后可选择水君碎片，暴鲤龙碎片，克雷色利亚碎片，天蝎王碎片其中之一,10095,21,4000,,累计消耗4000钻石,{gold=100000;5000=15;6816=20},,,
11544,打开后可选择水君碎片，暴鲤龙碎片，克雷色利亚碎片，天蝎王碎片其中之一,10095,21,7000,,累计消耗7000钻石,{gold=120000;5000=15;452=30},,,
11545,打开后可选择水君碎片，暴鲤龙碎片，克雷色利亚碎片，天蝎王碎片其中之一,10095,21,10000,,累计消耗10000钻石,{gold=120000;5000=15;6816=30},,,
11546,打开后可选择水君碎片，暴鲤龙碎片，克雷色利亚碎片，天蝎王碎片其中之一,10095,21,14000,,累计消耗14000钻石,{gold=140000;5000=20;452=40},,,
11547,打开后可选择水君碎片，暴鲤龙碎片，克雷色利亚碎片，天蝎王碎片其中之一,10095,21,18000,,累计消耗18000钻石,{gold=160000;5000=20;6816=40},,,
11548,打开后可选择水君碎片，暴鲤龙碎片，克雷色利亚碎片，天蝎王碎片其中之一,10095,21,22000,,累计消耗22000钻石,{gold=180000;5000=25;452=50},,,
11549,打开后可选择水君碎片，暴鲤龙碎片，克雷色利亚碎片，天蝎王碎片其中之一,10095,21,25000,,累计消耗25000钻石,{gold=200000;5000=30;6816=50},,,
11550,打开后可选择水君碎片，暴鲤龙碎片，克雷色利亚碎片，天蝎王碎片其中之一,10095,21,30000,,累计消耗30000钻石,{gold=250000;5000=40;452=60},,,
11551,打开后可选择水君碎片，暴鲤龙碎片，克雷色利亚碎片，天蝎王碎片其中之一,10095,21,40000,,累计消耗40000钻石,{gold=300000;5000=50;6816=60},,,
,,,,,,,,,,
11560,打开后可选择雷公碎片，雷吉斯奇鲁碎片，藤藤蛇碎片，勾帕路翁碎片其中之一,10096,21,300,,累计消耗300钻石,{gold=60000;5000=10;930=10},,,
11561,打开后可选择雷公碎片，雷吉斯奇鲁碎片，藤藤蛇碎片，勾帕路翁碎片其中之一,10096,21,1000,,累计消耗1000钻石,{gold=80000;5000=15;6817=10},,,
11562,打开后可选择雷公碎片，雷吉斯奇鲁碎片，藤藤蛇碎片，勾帕路翁碎片其中之一,10096,21,2000,,累计消耗2000钻石,{gold=80000;5000=10;452=20},,,
11563,打开后可选择雷公碎片，雷吉斯奇鲁碎片，藤藤蛇碎片，勾帕路翁碎片其中之一,10096,21,4000,,累计消耗4000钻石,{gold=100000;5000=15;6817=20},,,
11564,打开后可选择雷公碎片，雷吉斯奇鲁碎片，藤藤蛇碎片，勾帕路翁碎片其中之一,10096,21,7000,,累计消耗7000钻石,{gold=120000;5000=15;452=30},,,
11565,打开后可选择雷公碎片，雷吉斯奇鲁碎片，藤藤蛇碎片，勾帕路翁碎片其中之一,10096,21,10000,,累计消耗10000钻石,{gold=120000;5000=15;6817=30},,,
11566,打开后可选择雷公碎片，雷吉斯奇鲁碎片，藤藤蛇碎片，勾帕路翁碎片其中之一,10096,21,14000,,累计消耗14000钻石,{gold=140000;5000=20;452=40},,,
11567,打开后可选择雷公碎片，雷吉斯奇鲁碎片，藤藤蛇碎片，勾帕路翁碎片其中之一,10096,21,18000,,累计消耗18000钻石,{gold=160000;5000=20;6817=40},,,
11568,打开后可选择雷公碎片，雷吉斯奇鲁碎片，藤藤蛇碎片，勾帕路翁碎片其中之一,10096,21,22000,,累计消耗22000钻石,{gold=180000;5000=25;452=50},,,
11569,打开后可选择雷公碎片，雷吉斯奇鲁碎片，藤藤蛇碎片，勾帕路翁碎片其中之一,10096,21,25000,,累计消耗25000钻石,{gold=200000;5000=30;6817=50},,,
11570,打开后可选择雷公碎片，雷吉斯奇鲁碎片，藤藤蛇碎片，勾帕路翁碎片其中之一,10096,21,30000,,累计消耗30000钻石,{gold=250000;5000=40;452=60},,,
11571,打开后可选择雷公碎片，雷吉斯奇鲁碎片，藤藤蛇碎片，勾帕路翁碎片其中之一,10096,21,40000,,累计消耗40000钻石,{gold=300000;5000=50;6817=60},,,
,,,,,,,,,,
11580,消耗送幼基拉斯碎片,10097,21,300,,累计消耗300钻石,{gold=60000;5000=10;930=10},,,
11581,消耗送幼基拉斯碎片,10097,21,1000,,累计消耗1000钻石,{gold=80000;5000=15;21251=10},,,
11582,消耗送幼基拉斯碎片,10097,21,2000,,累计消耗2000钻石,{gold=80000;5000=10;452=20},,,
11583,消耗送幼基拉斯碎片,10097,21,4000,,累计消耗4000钻石,{gold=100000;5000=15;21251=20},,,
11584,消耗送幼基拉斯碎片,10097,21,7000,,累计消耗7000钻石,{gold=120000;5000=15;452=30},,,
11585,消耗送幼基拉斯碎片,10097,21,10000,,累计消耗10000钻石,{gold=120000;5000=15;21251=30},,,
11586,消耗送幼基拉斯碎片,10097,21,14000,,累计消耗14000钻石,{gold=140000;5000=20;452=40},,,
11587,消耗送幼基拉斯碎片,10097,21,18000,,累计消耗18000钻石,{gold=160000;5000=20;21251=40},,,
11588,消耗送幼基拉斯碎片,10097,21,22000,,累计消耗22000钻石,{gold=180000;5000=25;452=50},,,
11589,消耗送幼基拉斯碎片,10097,21,25000,,累计消耗25000钻石,{gold=200000;5000=30;21251=50},,,
11590,消耗送幼基拉斯碎片,10097,21,30000,,累计消耗30000钻石,{gold=250000;5000=40;452=60},,,
11591,消耗送幼基拉斯碎片,10097,21,40000,,累计消耗40000钻石,{gold=300000;5000=50;21251=60},,,
,,,,,,,,,,
11600,打开后可选择炎帝碎片，圆陆鲨碎片，乘龙碎片，小福蛋碎片其中之一,10098,21,300,,累计消耗300钻石,{gold=60000;5000=10;930=10},,,
11601,打开后可选择炎帝碎片，圆陆鲨碎片，乘龙碎片，小福蛋碎片其中之一,10098,21,1000,,累计消耗1000钻石,{gold=80000;5000=15;6818=10},,,
11602,打开后可选择炎帝碎片，圆陆鲨碎片，乘龙碎片，小福蛋碎片其中之一,10098,21,2000,,累计消耗2000钻石,{gold=80000;5000=10;452=20},,,
11603,打开后可选择炎帝碎片，圆陆鲨碎片，乘龙碎片，小福蛋碎片其中之一,10098,21,4000,,累计消耗4000钻石,{gold=100000;5000=15;6818=20},,,
11604,打开后可选择炎帝碎片，圆陆鲨碎片，乘龙碎片，小福蛋碎片其中之一,10098,21,7000,,累计消耗7000钻石,{gold=120000;5000=15;452=30},,,
11605,打开后可选择炎帝碎片，圆陆鲨碎片，乘龙碎片，小福蛋碎片其中之一,10098,21,10000,,累计消耗10000钻石,{gold=120000;5000=15;6818=30},,,
11606,打开后可选择炎帝碎片，圆陆鲨碎片，乘龙碎片，小福蛋碎片其中之一,10098,21,14000,,累计消耗14000钻石,{gold=140000;5000=20;452=40},,,
11607,打开后可选择炎帝碎片，圆陆鲨碎片，乘龙碎片，小福蛋碎片其中之一,10098,21,18000,,累计消耗18000钻石,{gold=160000;5000=20;6818=40},,,
11608,打开后可选择炎帝碎片，圆陆鲨碎片，乘龙碎片，小福蛋碎片其中之一,10098,21,22000,,累计消耗22000钻石,{gold=180000;5000=25;452=50},,,
11609,打开后可选择炎帝碎片，圆陆鲨碎片，乘龙碎片，小福蛋碎片其中之一,10098,21,25000,,累计消耗25000钻石,{gold=200000;5000=30;6818=50},,,
11610,打开后可选择炎帝碎片，圆陆鲨碎片，乘龙碎片，小福蛋碎片其中之一,10098,21,30000,,累计消耗30000钻石,{gold=250000;5000=40;452=60},,,
11611,打开后可选择炎帝碎片，圆陆鲨碎片，乘龙碎片，小福蛋碎片其中之一,10098,21,40000,,累计消耗40000钻石,{gold=300000;5000=50;6818=60},,,
,,,,,,,,,,
11620,充值返钻-CN限时20%,10099,22,60,,充值60钻石,{gold=60000;rmb=30},,,
11621,充值返钻-CN限时20%,10099,22,300,,充值300钻石,{gold=60000;rmb=50},,,
11622,充值返钻-CN限时20%,10099,22,600,,充值600钻石,{gold=60000;rmb=60},,,
11623,充值返钻-CN限时20%,10099,22,980,,充值980钻石,{gold=80000;rmb=75},,,
11624,充值返钻-CN限时20%,10099,22,1980,,充值1980钻石,{gold=80000;rmb=200},,,
11625,充值返钻-CN限时20%,10099,22,3280,,充值3280钻石,{gold=100000;rmb=250},,,
11626,充值返钻-CN限时20%,10099,22,6480,,充值6480钻石,{gold=100000;rmb=500},,,
11627,充值返钻-CN限时20%,10099,22,9680,,充值9680钻石,{gold=120000;rmb=500},,,
11628,充值返钻-CN限时20%,10099,22,12000,,充值12000钻石,{gold=120000;rmb=625},,,
11629,充值返钻-CN限时20%,10099,22,15000,,充值15000钻石,{gold=150000;rmb=625},,,
11630,充值返钻-CN限时20%,10099,22,20000,,充值20000钻石,{gold=200000;rmb=1000},,,
11631,充值返钻-CN限时20%,10099,22,25000,,充值25000钻石,{gold=300000;rmb=1000},,,
11632,充值返钻-CN限时20%,10099,22,30000,,充值30000钻石,{gold=300000;rmb=1000},,,
,,,,,,,,,,
20001,测试任务,20001,1,25,,角色等级达到25级,{gold=2000;rmb=10},,,
20002,测试任务,20001,2,10102,,通关第一章第2关卡,{gold=2000;rmb=10},,,
20003,测试任务,20001,3,5,,拥有5个任意精灵,{gold=2000;rmb=10},,,
20004,测试任务,20001,5,7,,VIP等级达到7级,{gold=2000;rmb=10},,,
20005,测试任务,20001,6,10000,,战斗力达到10000,{gold=2000;rmb=10},,,
20006,测试任务,20001,9,,{5=3},拥有5个A级精灵,{gold=2000;rmb=10},,,
20007,测试任务,20001,10,,{2=4},拥有4星精灵2个,{gold=2000;rmb=10},,,
20008,测试任务,20001,11,,{1=3},拥有蓝色饰品1个,{gold=2000;rmb=10},,,
,,,,,,,,,,
20011,测试任务,20011,12,,{1=2},拥有2星饰品1个,{gold=2000;rmb=10},,,
20012,测试任务,20011,13,1,,激活妙蛙种子,{gold=2000;rmb=10},,,
20013,测试任务,20011,15,,,今日登录,{gold=2000;rmb=10},,,
20014,测试任务,20011,17,2,,登录2天,{gold=2000;rmb=10},,,
20015,测试任务,20011,18,2,,累计聚宝2次,{gold=2000;rmb=10},,,
20016,测试任务,20011,19,10000,,累计获得10000金币,{gold=2000;rmb=10},,,
20017,测试任务,20011,20,10000,,累计消耗10000金币,{gold=2000;rmb=10},,,
20018,测试任务,20011,21,500,,累计消费500钻石,{gold=2000;rmb=10},,,
20019,测试任务,20011,22,500,,累计充值500钻石,{gold=2000;rmb=10},,,
20020,测试任务,20011,26,2,,累计购买体力2次,{gold=2000;rmb=10},,,
,,,,,,,,,,
20021,测试任务,20021,29,2,,累计挑战普通关卡2次,{gold=2000;rmb=10},,,
20022,测试任务,20021,30,1,,累计挑战困难关卡1次,{gold=2000;rmb=10},,,
20023,测试任务,20021,31,1,,累计挑战噩梦关卡1次,{gold=2000;rmb=10},,,
20024,测试任务,20021,32,2,,累计通关活动副本2次,{gold=2000;rmb=10},,,
20025,测试任务,20021,33,2,,累计通关任意关卡2次,{gold=2000;rmb=10},,,
20026,测试任务,20021,34,10,,任意精灵技能升级10次,{gold=2000;rmb=10},,,
20027,测试任务,20021,35,5,,累计精灵进阶5次,{gold=2000;rmb=10},,,
20028,测试任务,20021,36,5,,累计精灵升级5次,{gold=2000;rmb=10},,,
20029,测试任务,20021,37,5,,累计精灵升星5次,{gold=2000;rmb=10},,,
20030,测试任务,20021,38,5,,累计饰品强化5次,{gold=2000;rmb=10},,,
,,,,,,,,,,
20031,测试任务,20031,39,2,,累计饰品突破2次,{gold=2000;rmb=10},,,
20032,测试任务,20031,40,2,,累计饰品升星2次,{gold=2000;rmb=10},,,
20033,测试任务,20031,41,5,,竞技场战斗5次,{gold=2000;rmb=10},,,
20034,测试任务,20031,43,20,,竞技场积分达到20,{gold=2000;rmb=10},,,
20035,测试任务,20031,44,10,,竞技场排名达到10,{gold=2000;rmb=10},,,
20036,测试任务,20031,46,2,,进行钻石10连抽2次,{gold=2000;rmb=10},,,
20037,测试任务,20031,47,2,,进行钻石单抽2次,{gold=2000;rmb=10},,,
20038,测试任务,20031,48,10,,进行金币10连抽2次,{gold=2000;rmb=10},,,
20039,测试任务,20031,49,2,,进行金币单抽2次,{gold=2000;rmb=10},,,
20040,测试任务,20031,50,5,,钻石抽卡5次,{gold=2000;rmb=10},,,
,,,,,,,,,,
20041,测试任务,20041,51,5,,金币抽卡5次,{gold=2000;rmb=10},,,
20042,测试任务,20041,52,5,,饰品抽卡5次,{gold=2000;rmb=10},,,
20043,测试任务,20041,53,2,,进行饰品10连抽2次,{gold=2000;rmb=10},,,
20044,测试任务,20041,54,2,,进行饰品单抽2次,{gold=2000;rmb=10},,,
20045,测试任务,20041,55,3,,公会捐献3次,{gold=2000;rmb=10},,,
20046,测试任务,20041,57,2,,公会发红包2次,{gold=2000;rmb=10},,,
20047,测试任务,20041,58,2,,公会抢红包2次,{gold=2000;rmb=10},,,
20048,测试任务,20041,59,1,,参与公会副本1次,{gold=2000;rmb=10},,,
20049,测试任务,20041,60,2,,以太乐园通关2个房间,{gold=2000;rmb=10},,,
20050,测试任务,20041,61,6,,以太乐园宝箱开启6次,{gold=2000;rmb=10},,,
,,,,,,,,,,
20051,测试任务,20051,62,100,,以太乐园当日积分达到100,{gold=2000;rmb=10},,,
20052,测试任务,20051,63,300,,以太乐园积分达到300,{gold=2000;rmb=10},,,
20053,测试任务,20051,64,2,,随机试炼塔累计通过2层数,{gold=2000;rmb=11},,,
20054,测试任务,20051,66,3,,参与元素挑战胜利3次,{gold=2000;rmb=12},,,
20055,测试任务,20051,67,3,,随机试炼塔最高通过3层数,{gold=2000;rmb=13},,,
20056,测试任务,20051,70,3,,日常任务完成3次,{gold=2000;rmb=14},,,
20057,测试任务,20051,83,3,,探险器组件升级3次,{gold=2000;rmb=10},,,
20058,测试任务,20051,84,3,,探险器激活/进阶3次,{gold=2000;rmb=10},,,
,,,,,,,,,,
20061,测试任务,20061,85,3,,完成派遣任务3次,{gold=2000;rmb=10},,,
20062,测试任务,20061,86,,{4=3},完成S品质派遣任务3次,{gold=2000;rmb=10},,,
20063,测试任务,20061,87,3,,携带道具强化3次,{gold=2000;rmb=10},,,
20064,测试任务,20061,88,3,,携带道具突破3次,{gold=2000;rmb=10},,,
20065,测试任务,20061,89,20,,努力值培养20次,{gold=2000;rmb=10},,,
20066,测试任务,20061,90,10,,努力值普通培养10次,{gold=2000;rmb=10},,,
20067,测试任务,20061,91,10,,努力值高级培养10次,{gold=2000;rmb=10},,,
20068,测试任务,20061,92,3,,潜能升级3次,{gold=2000;rmb=10},,,
20069,测试任务,20061,95,10,,限定抽卡10次,{gold=2000;rmb=10},,,
20070,测试任务,20061,96,3,,钻石和限定抽卡3次,{gold=2000;rmb=10},,,
,,,,,,,,,,
20080,正式-每日首充,20080,22,1,,,{rmb=60;gold=100000;502=1;930=10},,,
,,,,,,,,,,
,,,,,,,,,,
,周累充,,,,,,,,,
100601,,100601,22,60,,累计充值6元,{gold=10000000;500=20;124=188;123=288;100=88},,,
100602,,100601,22,300,,累计充值30元,{gold=50000000;983=2;984=1;529=28888},,,
100603,,100601,22,600,,累计充值60元,{gold=50000000;7314=5;7315=2;701=5;702=2;925=1},,,
100604,,100601,22,980,,累计充值98元,{gold=100000000;rmb=100000;851=588;850=1288;6071=200},,,
100605,,100601,22,1280,,累计充值128元,{8823=20;8824=10;133=188;142=588;coin22=888},,,
100606,,100601,22,1680,,累计充值168元,{4000=18888;161=888;962=5;963=2;501=100},,,
100607,,100601,22,1980,,累计充值198元,{521=188;502=588;500=188;19=188;605=1888;603=1888;925=1},,,
100608,,100601,22,3280,,累计充值328元,{500=288;521=588;6071=500;452=5888;451=12888;6050=88},,,
100609,,100601,22,6480,,累计充值648元,{7364=2;7363=5;7362=10;133=288;500=288;453=5888;6220=1},,,
100610,,100601,22,8880,,累计充值888元,{703=2;702=5;133=588;124=888;2103=888;coin22=1888},,,
100611,,100601,22,12880,,累计充值1288元,{2153=2;6071=1000;142=1888;8822=88;8823=58;8824=28},,,
100612,,100601,22,15880,,累计充值1588元,{6071=1588;2103=1588;529=158888;151=58888;152=588;500=288},,,
100613,,100601,22,18880,,累计充值1888元,{8832=50;8833=20;8834=10;142=2888;2153=8},,,
100614,,100601,22,25880,,累计充值2588元,{703=5;702=10;701=40;talent_point=588;4000=88888;161=888},,,
100615,,100601,22,34880,,累计充值3488元,{529=288888;124=2888;123=5888;851=10;850=28888;coin22=18888},,,
100616,,100601,22,58880,,累计充值5888元,{705=10;704=20;133=1888;161=5888;521=2888;500=888},,,
,,,,,,,,,,
,月累充,,,,,,,,,
20090,,100602,22,60,,累计充值6元,{gold=5888888;16=2000;521=28;502=88;701=1;131=188},,,
20091,,100602,22,300,,累计充值30元,{gold=8888888;500=50;152=88;151=1888;937=1;702=1},,,
20092,,100602,22,600,,累计充值60元,{gold=12880000;124=300;529=10000;152=200;500=100;983=3;993=1},,,
20093,,100602,22,980,,累计充值98元,{112=588;111=3000;coin6=5000;coin2=5000;coin10=5000;coin1=5000;605=1888;603=1888},,,
20094,,100602,22,1280,,累计充值128元,{925=1;2152=4;7363=3;talent_point=100;453=2000;142=300;161=1000},,,
20095,,100602,22,1680,,累计充值168元,{937=1;521=188;6071=300;2153=2;2103=1000;6059=50;500=200},,,
20096,,100602,22,1980,,累计充值198元,{7325=3;124=500;152=1000;151=10000;500=300;161=3000},,,
20097,,100602,22,3280,,累计充值328元,{962=10;963=5;7364=2;925=2;994=5;521=288;121=500;142=500},,,
20098,,100602,22,6480,,累计充值648元,{8834=5;925=3;500=300;451=20000;452=5000;133=1000;7362=20;7363=10},,,
20099,,100602,22,8880,,累计充值888元,{rmb=580000;521=588;502=888;452=18888;451=28888;963=50;702=5;703=1},,,
20100,,100602,22,12880,,累计充值1288元,{152=1888;151=58888;talent_point=288;142=2888;452=18888;4000=28888},,,
20101,,100602,22,15880,,累计充值1588元,{19=188;6050=88;111=8888;112=888;4000=88888;161=888;2153=2;705=1},,,
20102,,100602,22,18880,,累计充值1888元,{8834=10;2153=3;521=888;7325=10;994=10;7364=5;124=3000;161=5000;6220=2},,,
20103,,100602,22,25880,,累计充值2588元,{500=258;452=25888;451=88888;2103=2588;161=2588;151=58888;152=2588;703=5},,,
20104,,100602,22,34880,,累计充值3488元,{gold=2000000000;6071=2000;2153=4;967=50;133=888;8834=20;7325=20;994=20},,,
20105,,100602,22,58880,,累计充值5888元,{rmb=6480000;500=588;851=28888;850=58888;8832=88;8833=58;8834=18;529=188888;2181=5;6220=3},,,
20106,,100602,22,66660,,累计充值6666元,{966=50;967=30;703=10;2153=10;2152=20;2181=2;521=1888;7364=8;133=2888;161=8888;142=5888},,,
20107,,100602,22,88880,,累计充值8888元,{rmb=8880000;500=1888;521=2888;452=88888;6059=288;705=20;703=20;133=2888;8834=88;6220=5},,,
,,,,,,,,,,
,,,,,,,,,,
,永久累充,,,,,,,,,
110633,,100606,22,60,,累计充值6元,{gold=1000000;503=100;519=100;531=100;537=100;541=100;2433=1},,,
110634,,100606,22,300,,累计充值30元,{rmb=50000;701=2;702=1;500=50;603=288;605=288},,,
110635,,100606,22,600,,累计充值60元,{521=188;142=188;161=188;7314=5;983=5;7363=3;925=1},,,
110636,,100606,22,980,,累计充值98元,{rmb=258000;6071=500;2153=1;7315=5;984=5;529=28888;6220=1;2531=1},,,
110637,,100606,22,1280,,累计充值128元,{rmb=580000;124=588;123=1288;851=588;850=1288;453=2888;6050=58;100=188;2448=1},,,
110638,,100606,22,1680,,累计充值168元,{gold=100000000;500=188;452=1888;451=2888;501=188;111=1888;112=588;925=1},,,
110639,,100606,22,1980,,累计充值198元,{161=1888;talent_point=300;453=2888;2153=1;2152=3;7362=5;701=2;7363=1;6220=1;2462=1},,,
110640,,100606,22,3280,,累计充值328元,{rmb=880000;521=888;7364=2;7363=5;19=288;133=288;142=1288;161=888;2808=1},,,
110641,,100606,22,6480,,累计充值648元,{rmb=1280000;501=888;994=10;7325=10;152=2000;151=58888;142=2888;2818=1},,,
110642,,100606,22,8880,,累计充值888元,{rmb=2580000;gold=5888000000;500=588;6051=100;6052=100;6053=100;6054=100;2463=1},,,
110643,,100606,22,12880,,累计充值1288元,{rmb=5880000;963=30;962=50;4000=88888;8833=30;8832=50;6220=2;2528=1},,,
110644,,100606,22,15880,,累计充值1588元,{2103=2888;124=2888;123=5888;161=2888;151=28888;152=5888;453=8888;529=58888;coin22=5888},,,
110645,,100606,22,18880,,累计充值1888元,{521=1888;500=288;6071=1888;133=1888;142=2888;6220=2;19=288;967=20;2529=1},,,
110646,,100606,22,25880,,累计充值2588元,{2153=2;6071=2000;133=888;7364=10;703=10;994=10;7325=10;8834=20;2530=1},,,
110647,,100606,22,34880,,累计充值3488元,{7325=30;994=30;2153=5;124=5000;142=5000;452=20000;4000=88888;133=1888},,,
110648,,100606,22,58880,,累计充值5888元,{521=5888;703=20;7364=10;963=100;133=2888;161=58888;2153=5;2152=10;142=5888;2181=2},,,
110649,,100606,22,66660,,累计充值6666元,{talent_point=666;8833=66;702=66;529=66666;4000=66666;161=6666;coin22=66666;521=6666;gold=6666666666},,,
110650,,100606,22,88880,,累计充值8888元,{521=5888;151=128888;152=5888;2103=5888;124=5888;851=5888;529=588888;2181=5;6220=5},,,
110651,,100606,22,128880,,累计充值12888元,{rmb=5880000;521=8888;502=18888;963=188;7364=58;7325=58;994=58;161=18888;133=5888;gold=8888888888},,,
110652,,100606,22,158880,,累计充值15888元,{gold=1580000000;452=58888;451=128888;7325=158;994=158;967=158;702=58;701=158;133=8888;6220=10},,,
110653,,100606,22,188880,,累计充值18888元,{rmb=12880000;gold=88888000000;7364=88;703=88;8834=188;7325=188;994=188;133=12888;161=12888;142=8888;151=128888;152=8888;6071=8888;coin22=88888;6220=88},,,
,,,,,,,,,,
,,,,,,,,,,
,每日累充,,,,,,,,,
110604,,100604,22,60,,累计充值6元,{gold=1000;502=88;16=1000;500=20;7314=2},,,
110605,,100604,22,300,,累计充值30元,{gold=20000000;521=88;100=100;930=100;7315=1},,,
110606,,100604,22,600,,累计充值60元,{gold=20000000;521=188;603=1000;605=1000;19=10;983=2},,,
110607,,100604,22,980,,累计充值98元,{rmb=100000;452=1888;451=2888;501=100;6050=20;19=20;984=1},,,
110608,,100604,22,1280,,累计充值128元,{gold=40000000;111=888;112=128;500=50;2152=3;453=1000;124=588;702=2},,,
110609,,100604,22,1680,,累计充值168元,{gold=40000000;coin10=1888;coin2=1888;coin1=1888;coin6=1888;112=128;529=58888},,,
110610,,100604,22,1980,,累计充值198元,{gold=50000000;851=888;850=1888;6071=200;2153=1;talent_point=100;703=1},,,
110611,,100604,22,3280,,累计充值328元,{rmb=500000;4000=8888;962=20;963=10;161=300;702=5},,,
110612,,100604,22,6480,,累计充值648元,{gold=1000000000;521=888;161=888;142=1888;133=288;703=2},,,
110613,,100604,22,8880,,累计充值888元,{coin22=2888;6071=500;2153=2;453=2000;151=20000;152=200;500=100},,,
110614,,100604,22,12880,,累计充值1288元,{500=188;521=888;161=888;142=1888;133=188},,,
110615,,100604,22,15880,,累计充值1588元,{coin22=5888;8823=30;702=10;529=88888;161=588;705=2},,,
110616,,100604,22,18880,,累计充值1888元,{coin22=8888;8824=8;703=5;133=888;161=1288;142=1288},,,
,,,,,,,,,,
,双旦限时累充,,,,,,,,,
110617,,100605,22,60,,累计充值6元,{gold=5880000;500=10;603=100;605=100;coin22=88;6327=5;925=1;2021=1},,,
110618,,100605,22,300,,累计充值30元,{gold=8880000;521=58;19=30;501=88;100=288;6327=10},,,
110619,,100605,22,600,,累计充值60元,{gold=12880000;453=888;452=1288;451=1888;500=50;6327=15;6220=1},,,
110620,,100605,22,980,,累计充值98元,{gold=15880000;2153=1;2103=1000;coin22=188;7362=5;6327=20;2604=1},,,
110621,,100605,22,1280,,累计充值128元,{gold=18880000;521=188;500=88;6059=100;100=500;16=8888;6327=25},,,
110622,,100605,22,1680,,累计充值168元,{gold=28880000;963=20;8833=30;8834=10;121=2000;6327=30;925=2;2907=1},,,
110623,,100605,22,1980,,累计充值198元,{gold=58880000;521=288;19=88;452=2888;451=5888;6327=50},,,
110624,,100605,22,3280,,累计充值328元,{gold=88880000;6071=500;2103=2000;4000=20000;702=2;701=10;6328=15;2801=1},,,
110625,,100605,22,6480,,累计充值648元,{gold=128888888;704=5;705=1;133=288;529=88888;6328=10;6220=2},,,
110626,,100605,22,8880,,累计充值888元,{rmb=880000;2153=2;7325=10;994=10;8834=20;124=2000;6329=20;6328=20},,,
110627,,100605,22,12880,,累计充值1288元,{gold=158800000;851=18888;850=28888;2153=2;7363=10;7364=2;6328=30},,,
110628,,100605,22,15880,,累计充值1588元,{coin22=888;521=888;502=1288;6071=1000;452=18888;451=25888;6329=10;2424=1},,,
110629,,100605,22,18880,,累计充值1888元,{coin22=1888;500=288;19=588;6059=188;151=58888;152=2888},,,
110630,,100605,22,25880,,累计充值2588元,{coin22=2588;2153=3;6071=2000;2103=2888;124=2888;6329=30},,,
110631,,100605,22,34880,,累计充值3488元,{rmb=3480000;coin22=5888;452=18888;851=18888;161=2888;703=5;705=2;133=588},,,
110632,,100605,22,58880,,累计充值5888元,{rmb=5880000;521=888;500=888;502=1888;161=5888;529=588888;124=5888;703=10;705=5;gold=880000000;6329=50;2816=1},,,
,,,,,,,,,,
,,,,,,,,,,
,永久累充,,,,,,,,,
20110,,100603,22,60,,累计充值6元,{2531=1;401=10000000;500=50;502=100;453=2000;7361=5},,,
20111,,100603,22,300,,累计充值30元,{401=8880000;19=100;452=1000;851=1000;937=2},,,
20112,,100603,22,600,,累计充值60元,{2448=1;521=200;7363=2;520=100;503=100;531=100;142=200},,,
20113,,100603,22,980,,累计充值98元,{6071=500;2153=1;993=6;7324=6;6220=1},,,
20114,,100603,22,1280,,累计充值128元,{rmb=880000;851=5000;850=10000;6059=20;962=10;963=5;133=500;411=5000;412=5000;422=5000;416=5000;605=2000},,,
20115,,100603,22,1680,,累计充值168元,{2529=1;500=100;talent_point=300;453=3000;coin10=10000;coin6=10000;161=2000},,,
20116,,100603,22,1980,,累计充值198元,{6071=1000;2153=2;2152=4;161=3000;7362=10;7363=5;142=1000},,,
20117,,100603,22,3280,,累计充值328元,{2530=1;537=1;19=888;7364=10;7363=20;133=3000;2181=1;521=1288;142=2000},,,
20118,,100603,22,6480,,累计充值648元,{2463=1;7325=12;994=18;124=10000;529=20000;152=5000;151=30000;161=4000;142=3000},,,
20119,,100603,22,10000,,累计充值1000元,{rmb=3280000;6051=100;6052=100;6053=100;6054=100;501=1000},,,
20120,,100603,22,15000,,累计充值1500元,{2462=1;967=100;966=100;4000=100000;851=20000;850=40000;142=5000},,,
20121,,100603,22,20000,,累计充值2000元,{2467=1;112=5000;111=20000;coin1=40000;coin2=40000;coin10=40000;coin6=40000;604=30000;603=30000;161=10000},,,
20122,,100603,22,40000,,累计充值4000元,{7325=30;994=30;142=5000;124=4000;6071=2000;930=5000;451=20000;452=10000},,,
20123,,100603,22,50000,,累计充值5000元,{967=200;6071=3000;2153=20;2152=40;2181=5;521=8888;7364=20;133=5000;161=20000;142=10000},,,
20124,,100603,22,60000,,累计充值6000元,{4000=300000;7364=30;124=20000;529=900000;talent_point=1000;453=40000;501=2000;6059=200},,,
20125,,100603,22,88880,,累计充值8888元,{502=18888;521=18888;161=28888;850=88888;851=58888;7362=100;7363=50;7364=40;133=8888;142=18888;967=288;881=28888;880=28888;879=28888;878=28888;877=28888;876=28888;875=28888;874=28888;873=28888;872=28888;871=28888;870=28888},,,
,,,,,,,,,,
,惊喜捞一捞-每日完成,,,,,,,,,
23411,每日充值6元,23401,22,6,{daily=1},每日充值6元,{8122=5;gold=20000},,0,recharge
23412,每日充值30元,23401,22,30,{daily=1},每日充值30元,{8122=10;gold=50000},,0,recharge
23413,每日充值68元,23401,22,68,{daily=1},每日充值68元,{8122=20;8125=50},,0,recharge
23414,每日充值128元,23401,22,128,{daily=1},每日充值128元,{8122=30;8125=100},,0,recharge
23415,每日充值328元,23401,22,328,{daily=1},每日充值328元,{8122=50;8126=30},,0,recharge
23416,每日充值648元,23401,22,648,{daily=1},每日充值648元,{8122=100;8126=50;8127=20},,0,recharge
,,,,,,,,,,
,启示之塔-每日完成,,,,,,,,,
23511,每日充值6元,23500,22,6,{daily=1},每日充值6元,{8121=5;gold=20000},,0,recharge
23512,每日充值30元,23500,22,30,{daily=1},每日充值30元,{8121=10;gold=50000},,0,recharge
23513,每日充值68元,23500,22,68,{daily=1},每日充值68元,{8121=20},,0,recharge
23514,每日充值128元,23500,22,128,{daily=1},每日充值128元,{8121=30},,0,recharge
23515,每日充值328元,23500,22,328,{daily=1},每日充值328元,{8121=50},,0,recharge
23516,每日充值648元,23500,22,648,{daily=1},每日充值648元,{8121=100;502=5},,0,recharge
,,,,,,,,,,
,礼盒转转乐任务-每日任务 huodongID=103101,,,,,,,,,
23611,每日充值6元,103101,22,6,{daily=1},每日充值6元,{8128=5;gold=20000},,0,recharge
23612,每日充值30元,103101,22,30,{daily=1},每日充值30元,{8128=10;gold=50000},,0,recharge
23613,每日充值68元,103101,22,68,{daily=1},每日充值68元,{8128=20},,0,recharge
23614,每日充值128元,103101,22,128,{daily=1},每日充值128元,{8128=30},,0,recharge
23615,每日充值328元,103101,22,328,{daily=1},每日充值328元,{8128=50},,0,recharge
23616,每日充值648元,103101,22,648,{daily=1},每日充值648元,{8128=100;502=5},,0,recharge
,,,,,,,,,,
,好运抽奖-每日完成,,,,,,,,,
23711,每日充值6元,104003,22,6,{daily=1},每日充值6元,{8120=5;gold=20000},,0,recharge
23712,每日充值30元,104003,22,30,{daily=1},每日充值30元,{8120=10;gold=50000},,0,recharge
23713,每日充值68元,104003,22,68,{daily=1},每日充值68元,{8120=20},,0,recharge
23714,每日充值128元,104003,22,128,{daily=1},每日充值128元,{8120=30},,0,recharge
23715,每日充值328元,104003,22,328,{daily=1},每日充值328元,{8120=50},,0,recharge
23716,每日充值648元,104003,22,648,{daily=1},每日充值648元,{8120=100;502=5},,0,recharge
,,,,,,,,,,
,七夕活动任务,,,,,,,,,
24001,每日登录,106001,15,1,,每日登录游戏,{gold=10000},,0,
24002,完成5场普通关卡,106001,29,5,{daily=1},完成5场普通关卡战斗,{gold=20000},,0,gate
24003,竞技场战斗3次,106001,41,3,{daily=1},竞技场战斗3次,{gold=15000},,0,arena
24004,消耗5万金币,106001,20,50000,{daily=1},消耗5万金币,{rmb=50},,0,
24005,进行1次抽卡,106001,45,1,{daily=1},进行1次普通抽卡,{gold=30000},,0,drawCard
24006,累计登录3天,106001,17,3,,累计登录3天,{rmb=100},,0,
24007,累计登录5天,106001,17,5,,累计登录5天,{rmb=200},,0,
24008,累计登录7天,106001,17,7,,累计登录7天,{rmb=300},,0,
