变量名,icon,room,boxIndex,monster,pointC,monsterType,fightC,desc,name,group,weight,type,theme,drops,buff,event,__version
默认值,"""""",0,0,1,1,1,1,"""""","""""",1,100,0,<1>,{},<>,<>,
ID,格子图标路径,所属房间ID,宝箱格索引,怪物组ID,积分系数,怪物类型,战斗系数,格子描述,格子名称,分组,权重,格子类型,适用主题,掉落,buff池,事件池,__version
1,city/adventure/random_tower/icon/icon_wz.png,1,,,,,,,战斗效果,,,2,<1;2;3;1001;1002;1003>,,<<101;100>;<111;100>;<121;100>;<131;100>;<141;100>;<161;100>;<1;300>;<9999;100>>,,
2,city/adventure/random_tower/icon/icon_wz.png,1,,,,,,,战斗效果,,,2,<1;2;3;1001;1002;1003>,,<<101;100>;<111;100>;<121;100>;<131;100>;<141;100>;<161;100>;<1;300>;<9999;100>>,,
3,city/adventure/random_tower/icon/icon_wz.png,1,,,,,,,战斗效果,,,2,<1;2;3;1001;1002;1003>,,<<101;100>;<111;100>;<121;100>;<131;100>;<141;100>;<161;100>;<1;300>;<9999;100>>,,
4,city/adventure/random_tower/icon/icon_wz.png,1,,,,,,,战斗效果,,,2,<1;2;3;1001;1002;1003>,,<<101;100>;<111;100>;<121;100>;<131;100>;<141;100>;<161;100>;<1;300>;<9999;100>>,,
5,city/adventure/random_tower/icon/icon_wz.png,2,,,,,,,战斗效果,,,2,<1;2;3;1001;1002;1003>,,<<101;100>;<111;100>;<121;100>;<131;100>;<141;100>;<161;100>;<1;300>;<9999;100>>,,
6,city/adventure/random_tower/icon/icon_wz.png,2,,,,,,,战斗效果,,,2,<1;2;3;1001;1002;1003>,,<<101;100>;<111;100>;<121;100>;<131;100>;<141;100>;<161;100>;<1;300>;<9999;100>>,,
7,city/adventure/random_tower/icon/icon_wz.png,2,,,,,,,战斗效果,,,2,<1;2;3;1001;1002;1003>,,<<101;100>;<111;100>;<121;100>;<131;100>;<141;100>;<161;100>;<1;300>;<9999;100>>,,
8,city/adventure/random_tower/icon/icon_wz.png,2,,,,,,,战斗效果,,,2,<1;2;3;1001;1002;1003>,,<<101;100>;<111;100>;<121;100>;<131;100>;<141;100>;<161;100>;<1;300>;<9999;100>>,,
9,city/adventure/random_tower/icon/icon_wz.png,3,,,,,,,战斗效果,,,2,<1;2;3;1001;1002;1003>,,<<101;100>;<111;100>;<121;100>;<131;100>;<141;100>;<161;100>;<1;300>;<9999;100>>,,
10,city/adventure/random_tower/icon/icon_wz.png,3,,,,,,,战斗效果,,,2,<1;2;3;1001;1002;1003>,,<<101;100>;<111;100>;<121;100>;<131;100>;<141;100>;<161;100>;<1;300>;<9999;100>>,,
11,city/adventure/random_tower/icon/icon_wz.png,3,,,,,,,战斗效果,,,2,<1;2;3;1001;1002;1003>,,<<101;100>;<111;100>;<121;100>;<131;100>;<141;100>;<161;100>;<1;300>;<9999;100>>,,
12,city/adventure/random_tower/icon/icon_wz.png,3,,,,,,,战斗效果,,,2,<1;2;3;1001;1002;1003>,,<<101;100>;<111;100>;<121;100>;<131;100>;<141;100>;<161;100>;<1;300>;<9999;100>>,,
13,city/adventure/random_tower/icon/img_jddr@.png,4,,,,,,似乎是可以轻松击败的对手,简单的敌人,,,1,<1;2;3;1001;1002;1003>,,,,
14,city/adventure/random_tower/icon/img_jddr@.png,4,,,,,,似乎是可以轻松击败的对手,简单的敌人,,,1,<1;2;3;1001;1002;1003>,,,,
15,city/adventure/random_tower/icon/img_jddr@.png,4,,,,,,似乎是可以轻松击败的对手,简单的敌人,,,1,<1;2;3;1001;1002;1003>,,,,
16,city/adventure/random_tower/icon/img_ptdr@.png,4,,2,,2,,小有实力，但是不足为惧的对手,普通的敌人,,,1,<1;2;3;1001;1002;1003>,,,,
17,city/adventure/random_tower/icon/img_ptdr@.png,5,,12,,2,,小有实力，但是不足为惧的对手,普通的敌人,,,1,<1;2;3;1001;1002;1003>,,,,
18,city/adventure/random_tower/icon/img_ptdr@.png,5,,12,,2,,小有实力，但是不足为惧的对手,普通的敌人,,,1,<1;2;3;1001;1002;1003>,,,,
19,city/adventure/random_tower/icon/img_kndr@.png,5,,13,,3,,请谨慎挑选对手,困难的敌人,,,1,<1;2;3;1001;1002;1003>,,,,
20,city/adventure/random_tower/icon/img_kndr@.png,5,,13,,3,,请谨慎挑选对手,困难的敌人,,,1,<1;2;3;1001;1002;1003>,,,,
21,city/adventure/random_tower/icon/icon_wz.png,6,,,,,,,战斗效果,,,2,<1;2;3;1001;1002;1003>,,<<101;100>;<111;100>;<121;100>;<131;100>;<141;100>;<161;100>;<1;300>;<9999;100>>,,
22,city/adventure/random_tower/icon/icon_wz.png,6,,,,,,,属性加成,,,2,<1;2;3;1001;1002;1003>,,<<1;100>;<2;50>>,,
23,city/adventure/random_tower/icon/img_ptdr@.png,6,,12,,2,,小有实力，但是不足为惧的对手,普通的敌人,,,1,<1;2;3;1001;1002;1003>,,,,
24,city/adventure/random_tower/icon/img_kndr@.png,6,,13,,3,,请谨慎挑选对手,困难的敌人,,,1,<1;2;3;1001;1002;1003>,,,,
25,city/adventure/random_tower/icon/icon_wz.png,7,,,,,,,属性加成,,,2,<1;2;3;1001;1002;1003>,,<<1;100>;<2;50>>,,
26,city/adventure/random_tower/icon/icon_sj.png,7,,,,,,谁也不知道会发生什么,事件,,,4,<1;2;3;1001;1002;1003>,,,<<11;1000>;<12;500>;<21;1000>;<22;500>;<31;1000>;<32;500>;<41;1000>;<42;500>;<51;1000>;<52;500>;<61;1000>;<62;500>;<99;1>>,
27,city/adventure/random_tower/icon/img_jddr@.png,7,,11,,,,似乎是可以轻松击败的对手,简单的敌人,,,1,<1;2;3;1001;1002;1003>,,,,
28,city/adventure/random_tower/icon/img_ptdr@.png,7,,12,,2,,小有实力，但是不足为惧的对手,普通的敌人,,,1,<1;2;3;1001;1002;1003>,,,,
29,city/adventure/random_tower/icon/img_kndr@.png,7,,13,,3,,请谨慎挑选对手,困难的敌人,,,1,<1;2;3;1001;1002;1003>,,,,
30,city/adventure/random_tower/icon/icon_wz.png,8,,,,,,,战斗补给,,,2,<1;2;3;1001;1002;1003>,,<<4;100>>,,
31,city/adventure/random_tower/icon/icon_wz.png,8,,,,,,,战斗补给,,,2,<1;2;3;1001;1002;1003>,,<<5;100>>,,
32,city/adventure/random_tower/icon/icon_sj.png,8,,,,,,谁也不知道会发生什么,事件,,,4,<1;2;3;1001;1002;1003>,,,<<11;1000>;<12;500>;<21;1000>;<22;500>;<31;1000>;<32;500>;<41;1000>;<42;500>;<51;1000>;<52;500>;<61;1000>;<62;500>;<99;1>>,
33,city/adventure/random_tower/icon/img_jddr@.png,8,,11,,,,似乎是可以轻松击败的对手,简单的敌人,,,1,<1;2;3;1001;1002;1003>,,,,
34,city/adventure/random_tower/icon/img_ptdr@.png,8,,12,,2,,小有实力，但是不足为惧的对手,普通的敌人,,,1,<1;2;3;1001;1002;1003>,,,,
35,city/adventure/random_tower/icon/img_kndr@.png,8,,13,,3,,请谨慎挑选对手,困难的敌人,,,1,<1;2;3;1001;1002;1003>,,,,
36,city/adventure/random_tower/icon/img_kndr@.png,9,,23,,3,,请谨慎挑选对手,困难的敌人,,,1,<1;2;3;1001;1002;1003>,,,,
37,city/adventure/random_tower/icon/img_boss@.png,9,,24,,4,0.8,极为艰难的力量在前方,霸主,,,1,<1;2;3;1001;1002;1003>,,,,
38,city/adventure/random_tower/icon/img_boss@.png,9,,24,,4,0.8,极为艰难的力量在前方,霸主,,,1,<1;2;3;1001;1002;1003>,,,,
39,city/adventure/random_tower/icon/img_boss@.png,9,,24,,4,0.8,极为艰难的力量在前方,霸主,,,1,<1;2;3;1001;1002;1003>,,,,
40,city/adventure/random_tower/icon_hhbx.png,10,11,,,,,跨越巨大挑战后才会配拥有此回报,豪华宝箱,,,3,<1;2;3;1001;1002;1003>,,,,
41,city/adventure/random_tower/icon/icon_wz.png,11,,,,,,,战斗效果,,,2,<1;2;3;1001;1002;1003>,,<<101;100>;<111;100>;<121;100>;<131;100>;<141;100>;<161;100>;<1;300>;<9999;100>>,,
42,city/adventure/random_tower/icon/icon_wz.png,11,,,,,,,战斗效果,,,2,<1;2;3;1001;1002;1003>,,<<101;100>;<111;100>;<121;100>;<131;100>;<141;100>;<161;100>;<1;300>;<9999;100>>,,
43,city/adventure/random_tower/icon/icon_wz.png,11,,,,,,,战斗效果,,,2,<1;2;3;1001;1002;1003>,,<<101;100>;<111;100>;<121;100>;<131;100>;<141;100>;<161;100>;<1;300>;<9999;100>>,,
44,city/adventure/random_tower/icon/icon_wz.png,11,,,,,,,战斗效果,,,2,<1;2;3;1001;1002;1003>,,<<101;100>;<111;100>;<121;100>;<131;100>;<141;100>;<161;100>;<1;300>;<9999;100>>,,
45,city/adventure/random_tower/icon/icon_wz.png,12,,,,,,,战斗效果,,,2,<1;2;3;1001;1002;1003>,,<<101;100>;<111;100>;<121;100>;<131;100>;<141;100>;<161;100>;<1;300>;<9999;100>>,,
46,city/adventure/random_tower/icon/icon_wz.png,12,,,,,,,战斗效果,,,2,<1;2;3;1001;1002;1003>,,<<101;100>;<111;100>;<121;100>;<131;100>;<141;100>;<161;100>;<1;300>;<9999;100>>,,
47,city/adventure/random_tower/icon/icon_wz.png,12,,,,,,,战斗效果,,,2,<1;2;3;1001;1002;1003>,,<<101;100>;<111;100>;<121;100>;<131;100>;<141;100>;<161;100>;<1;300>;<9999;100>>,,
48,city/adventure/random_tower/icon/icon_wz.png,12,,,,,,,战斗效果,,,2,<1;2;3;1001;1002;1003>,,<<101;100>;<111;100>;<121;100>;<131;100>;<141;100>;<161;100>;<1;300>;<9999;100>>,,
49,city/adventure/random_tower/icon/icon_wz.png,13,,,,,,,战斗效果,,,2,<1;2;3;1001;1002;1003>,,<<101;100>;<111;100>;<121;100>;<131;100>;<141;100>;<161;100>;<1;300>;<9999;100>>,,
50,city/adventure/random_tower/icon/icon_wz.png,13,,,,,,,战斗效果,,,2,<1;2;3;1001;1002;1003>,,<<101;100>;<111;100>;<121;100>;<131;100>;<141;100>;<161;100>;<1;300>;<9999;100>>,,
51,city/adventure/random_tower/icon/icon_wz.png,13,,,,,,,战斗效果,,,2,<1;2;3;1001;1002;1003>,,<<101;100>;<111;100>;<121;100>;<131;100>;<141;100>;<161;100>;<1;300>;<9999;100>>,,
52,city/adventure/random_tower/icon/icon_wz.png,13,,,,,,,战斗效果,,,2,<1;2;3;1001;1002;1003>,,<<101;100>;<111;100>;<121;100>;<131;100>;<141;100>;<161;100>;<1;300>;<9999;100>>,,
53,city/adventure/random_tower/icon/img_jddr@.png,14,,31,,,,似乎是可以轻松击败的对手,简单的敌人,,,1,<1;2;3;1001;1002;1003>,,,,
54,city/adventure/random_tower/icon/img_jddr@.png,14,,31,,,,似乎是可以轻松击败的对手,简单的敌人,,,1,<1;2;3;1001;1002;1003>,,,,
55,city/adventure/random_tower/icon/img_jddr@.png,14,,31,,,,似乎是可以轻松击败的对手,简单的敌人,,,1,<1;2;3;1001;1002;1003>,,,,
56,city/adventure/random_tower/icon/img_ptdr@.png,14,,32,,2,,小有实力，但是不足为惧的对手,普通的敌人,,,1,<1;2;3;1001;1002;1003>,,,,
57,city/adventure/random_tower/icon/img_ptdr@.png,15,,32,,2,,小有实力，但是不足为惧的对手,普通的敌人,,,1,<1;2;3;1001;1002;1003>,,,,
58,city/adventure/random_tower/icon/img_ptdr@.png,15,,32,,2,,小有实力，但是不足为惧的对手,普通的敌人,,,1,<1;2;3;1001;1002;1003>,,,,
59,city/adventure/random_tower/icon/img_kndr@.png,15,,33,,3,,请谨慎挑选对手,困难的敌人,,,1,<1;2;3;1001;1002;1003>,,,,
60,city/adventure/random_tower/icon/img_kndr@.png,15,,33,,3,,请谨慎挑选对手,困难的敌人,,,1,<1;2;3;1001;1002;1003>,,,,
61,city/adventure/random_tower/icon/icon_wz.png,16,,,,,,,战斗效果,,,2,<1;2;3;1001;1002;1003>,,<<101;100>;<111;100>;<121;100>;<131;100>;<141;100>;<161;100>;<1;300>;<9999;100>>,,
62,city/adventure/random_tower/icon/icon_wz.png,16,,,,,,,属性加成,,,2,<1;2;3;1001;1002;1003>,,<<1;100>;<2;50>>,,
63,city/adventure/random_tower/icon/img_ptdr@.png,16,,32,,2,,小有实力，但是不足为惧的对手,普通的敌人,,,1,<1;2;3;1001;1002;1003>,,,,
64,city/adventure/random_tower/icon/img_kndr@.png,16,,33,,3,,请谨慎挑选对手,困难的敌人,,,1,<1;2;3;1001;1002;1003>,,,,
65,city/adventure/random_tower/icon/icon_wz.png,17,,,,,,,属性加成,,,2,<1;2;3;1001;1002;1003>,,<<1;100>;<2;50>>,,
66,city/adventure/random_tower/icon/icon_sj.png,17,,,,,,谁也不知道会发生什么,事件,,,4,<1;2;3;1001;1002;1003>,,,<<11;1000>;<12;500>;<21;1000>;<22;500>;<31;1000>;<32;500>;<41;1000>;<42;500>;<51;1000>;<52;500>;<61;1000>;<62;500>;<99;1>>,
67,city/adventure/random_tower/icon/img_jddr@.png,17,,31,,,,似乎是可以轻松击败的对手,简单的敌人,,,1,<1;2;3;1001;1002;1003>,,,,
68,city/adventure/random_tower/icon/img_ptdr@.png,17,,32,,2,,小有实力，但是不足为惧的对手,普通的敌人,,,1,<1;2;3;1001;1002;1003>,,,,
69,city/adventure/random_tower/icon/img_kndr@.png,17,,33,,3,,请谨慎挑选对手,困难的敌人,,,1,<1;2;3;1001;1002;1003>,,,,
70,city/adventure/random_tower/icon_bx.png,17,1,,,,,不经意间发现的宝箱,宝箱,,,3,<1;2;3;1001;1002;1003>,,,,
71,city/adventure/random_tower/icon/icon_wz.png,18,,,,,,,战斗补给,,,2,<1;2;3;1001;1002;1003>,,<<4;100>>,,
72,city/adventure/random_tower/icon/icon_wz.png,18,,,,,,,战斗补给,,,2,<1;2;3;1001;1002;1003>,,<<5;100>>,,
73,city/adventure/random_tower/icon/icon_sj.png,18,,,,,,谁也不知道会发生什么,事件,,,4,<1;2;3;1001;1002;1003>,,,<<11;1000>;<12;500>;<21;1000>;<22;500>;<31;1000>;<32;500>;<41;1000>;<42;500>;<51;1000>;<52;500>;<61;1000>;<62;500>;<99;1>>,
74,city/adventure/random_tower/icon/img_jddr@.png,18,,41,,,,似乎是可以轻松击败的对手,简单的敌人,,,1,<1;2;3;1001;1002;1003>,,,,
75,city/adventure/random_tower/icon/img_ptdr@.png,18,,42,,2,,小有实力，但是不足为惧的对手,普通的敌人,,,1,<1;2;3;1001;1002;1003>,,,,
76,city/adventure/random_tower/icon/img_kndr@.png,18,,43,,3,,请谨慎挑选对手,困难的敌人,,,1,<1;2;3;1001;1002;1003>,,,,
77,city/adventure/random_tower/icon/img_kndr@.png,19,,43,,3,,请谨慎挑选对手,困难的敌人,,,1,<1;2;3;1001;1002;1003>,,,,
78,city/adventure/random_tower/icon/img_boss@.png,19,,44,,4,0.8,极为艰难的力量在前方,霸主,,,1,<1;2;3;1001;1002;1003>,,,,
79,city/adventure/random_tower/icon/img_boss@.png,19,,44,,4,0.8,极为艰难的力量在前方,霸主,,,1,<1;2;3;1001;1002;1003>,,,,
80,city/adventure/random_tower/icon/img_boss@.png,19,,44,,4,0.8,极为艰难的力量在前方,霸主,,,1,<1;2;3;1001;1002;1003>,,,,
81,city/adventure/random_tower/icon/icon_sj.png,20,,,,,,谁也不知道会发生什么,事件,,,4,<1;2;3;1001;1002;1003>,,,<<11;1000>;<12;500>;<21;1000>;<22;500>;<31;1000>;<32;500>;<41;1000>;<42;500>;<51;1000>;<52;500>;<61;1000>;<62;500>;<99;1>>,
82,city/adventure/random_tower/icon/icon_wz.png,21,,,,,,,战斗效果,,,2,<1;2;3;1001;1002;1003>,,<<101;100>;<111;100>;<121;100>;<131;100>;<141;100>;<161;100>;<1;300>;<9999;100>>,,
83,city/adventure/random_tower/icon/icon_wz.png,21,,,,,,,战斗效果,,,2,<1;2;3;1001;1002;1003>,,<<101;100>;<111;100>;<121;100>;<131;100>;<141;100>;<161;100>;<1;300>;<9999;100>>,,
84,city/adventure/random_tower/icon/icon_wz.png,21,,,,,,,战斗效果,,,2,<1;2;3;1001;1002;1003>,,<<101;100>;<111;100>;<121;100>;<131;100>;<141;100>;<161;100>;<1;300>;<9999;100>>,,
85,city/adventure/random_tower/icon/icon_wz.png,21,,,,,,,战斗效果,,,2,<1;2;3;1001;1002;1003>,,<<101;100>;<111;100>;<121;100>;<131;100>;<141;100>;<161;100>;<1;300>;<9999;100>>,,
86,city/adventure/random_tower/icon/icon_wz.png,22,,,,,,,战斗效果,,,2,<1;2;3;1001;1002;1003>,,<<101;100>;<111;100>;<121;100>;<131;100>;<141;100>;<161;100>;<1;300>;<9999;100>>,,
87,city/adventure/random_tower/icon/icon_wz.png,22,,,,,,,战斗效果,,,2,<1;2;3;1001;1002;1003>,,<<101;100>;<111;100>;<121;100>;<131;100>;<141;100>;<161;100>;<1;300>;<9999;100>>,,
88,city/adventure/random_tower/icon/icon_wz.png,22,,,,,,,战斗效果,,,2,<1;2;3;1001;1002;1003>,,<<101;100>;<111;100>;<121;100>;<131;100>;<141;100>;<161;100>;<1;300>;<9999;100>>,,
89,city/adventure/random_tower/icon/icon_wz.png,22,,,,,,,战斗效果,,,2,<1;2;3;1001;1002;1003>,,<<101;100>;<111;100>;<121;100>;<131;100>;<141;100>;<161;100>;<1;300>;<9999;100>>,,
90,city/adventure/random_tower/icon/img_jddr@.png,23,,51,,,,似乎是可以轻松击败的对手,简单的敌人,,,1,<1;2;3;1001;1002;1003>,,,,
91,city/adventure/random_tower/icon/img_jddr@.png,23,,51,,,,似乎是可以轻松击败的对手,简单的敌人,,,1,<1;2;3;1001;1002;1003>,,,,
92,city/adventure/random_tower/icon/img_ptdr@.png,23,,52,,2,,小有实力，但是不足为惧的对手,普通的敌人,,,1,<1;2;3;1001;1002;1003>,,,,
93,city/adventure/random_tower/icon/img_ptdr@.png,23,,52,,2,,小有实力，但是不足为惧的对手,普通的敌人,,,1,<1;2;3;1001;1002;1003>,,,,
94,city/adventure/random_tower/icon/img_jddr@.png,24,,51,,,,似乎是可以轻松击败的对手,简单的敌人,,,1,<1;2;3;1001;1002;1003>,,,,
95,city/adventure/random_tower/icon/img_jddr@.png,24,,51,,,,似乎是可以轻松击败的对手,简单的敌人,,,1,<1;2;3;1001;1002;1003>,,,,
96,city/adventure/random_tower/icon/img_jddr@.png,24,,51,,,,似乎是可以轻松击败的对手,简单的敌人,,,1,<1;2;3;1001;1002;1003>,,,,
97,city/adventure/random_tower/icon/img_ptdr@.png,24,,52,,2,,小有实力，但是不足为惧的对手,普通的敌人,,,1,<1;2;3;1001;1002;1003>,,,,
98,city/adventure/random_tower/icon/img_ptdr@.png,25,,52,,2,,小有实力，但是不足为惧的对手,普通的敌人,,,1,<1;2;3;1001;1002;1003>,,,,
99,city/adventure/random_tower/icon/img_ptdr@.png,25,,52,,2,,小有实力，但是不足为惧的对手,普通的敌人,,,1,<1;2;3;1001;1002;1003>,,,,
100,city/adventure/random_tower/icon/img_kndr@.png,25,,53,,3,,请谨慎挑选对手,困难的敌人,,,1,<1;2;3;1001;1002;1003>,,,,
101,city/adventure/random_tower/icon/img_kndr@.png,25,,53,,3,,请谨慎挑选对手,困难的敌人,,,1,<1;2;3;1001;1002;1003>,,,,
102,city/adventure/random_tower/icon/icon_wz.png,26,,,,,,,战斗效果,,,2,<1;2;3;1001;1002;1003>,,<<101;100>;<111;100>;<121;100>;<131;100>;<141;100>;<161;100>;<1;300>;<9999;100>>,,
103,city/adventure/random_tower/icon/icon_wz.png,26,,,,,,,属性加成,,,2,<1;2;3;1001;1002;1003>,,<<1;100>;<2;50>>,,
104,city/adventure/random_tower/icon/icon_sj.png,26,,51,,,,谁也不知道会发生什么,事件,,,4,<1;2;3;1001;1002;1003>,,,<<6;100>>,
105,city/adventure/random_tower/icon/img_ptdr@.png,26,,52,,2,,小有实力，但是不足为惧的对手,普通的敌人,,,1,<1;2;3;1001;1002;1003>,,,,
106,city/adventure/random_tower/icon/img_kndr@.png,26,,53,,3,,请谨慎挑选对手,困难的敌人,,,1,<1;2;3;1001;1002;1003>,,,,
107,city/adventure/random_tower/icon/icon_wz.png,27,,,,,,,属性加成,,,2,<1;2;3;1001;1002;1003>,,<<1;100>;<2;50>>,,
108,city/adventure/random_tower/icon/icon_sj.png,27,,,,,,谁也不知道会发生什么,事件,,,4,<1;2;3;1001;1002;1003>,,,<<11;1000>;<12;500>;<21;1000>;<22;500>;<31;1000>;<32;500>;<41;1000>;<42;500>;<51;1000>;<52;500>;<61;1000>;<62;500>;<99;1>>,
109,city/adventure/random_tower/icon/img_jddr@.png,27,,51,,,,似乎是可以轻松击败的对手,简单的敌人,,,1,<1;2;3;1001;1002;1003>,,,,
110,city/adventure/random_tower/icon/img_ptdr@.png,27,,52,,2,,小有实力，但是不足为惧的对手,普通的敌人,,,1,<1;2;3;1001;1002;1003>,,,,
111,city/adventure/random_tower/icon/img_kndr@.png,27,,53,,3,,请谨慎挑选对手,困难的敌人,,,1,<1;2;3;1001;1002;1003>,,,,
112,city/adventure/random_tower/icon/icon_wz.png,28,,,,,,,战斗补给,,,2,<1;2;3;1001;1002;1003>,,<<4;100>>,,
113,city/adventure/random_tower/icon/icon_wz.png,28,,,,,,,战斗补给,,,2,<1;2;3;1001;1002;1003>,,<<5;100>>,,
114,city/adventure/random_tower/icon/icon_sj.png,28,,,,,,谁也不知道会发生什么,事件,,,4,<1;2;3;1001;1002;1003>,,,<<11;1000>;<12;500>;<21;1000>;<22;500>;<31;1000>;<32;500>;<41;1000>;<42;500>;<51;1000>;<52;500>;<61;1000>;<62;500>;<99;1>>,
115,city/adventure/random_tower/icon/img_jddr@.png,28,,51,,,,似乎是可以轻松击败的对手,简单的敌人,,,1,<1;2;3;1001;1002;1003>,,,,
116,city/adventure/random_tower/icon/img_ptdr@.png,28,,52,,2,,小有实力，但是不足为惧的对手,普通的敌人,,,1,<1;2;3;1001;1002;1003>,,,,
117,city/adventure/random_tower/icon/img_kndr@.png,28,,53,,3,,请谨慎挑选对手,困难的敌人,,,1,<1;2;3;1001;1002;1003>,,,,
118,city/adventure/random_tower/icon/img_kndr@.png,29,,53,,3,,请谨慎挑选对手,困难的敌人,,,1,<1;2;3;1001;1002;1003>,,,,
119,city/adventure/random_tower/icon/img_boss@.png,29,,54,,4,0.8,极为艰难的力量在前方,霸主,,,1,<1;2;3;1001;1002;1003>,,,,
120,city/adventure/random_tower/icon/img_boss@.png,29,,54,,4,0.8,极为艰难的力量在前方,霸主,,,1,<1;2;3;1001;1002;1003>,,,,
121,city/adventure/random_tower/icon/img_boss@.png,29,,54,,4,0.8,极为艰难的力量在前方,霸主,,,1,<1;2;3;1001;1002;1003>,,,,
122,city/adventure/random_tower/icon_hhbx.png,30,12,,,,,跨越巨大挑战后才会配拥有此回报,豪华宝箱,,,3,<1;2;3;1001;1002;1003>,,,,
123,city/adventure/random_tower/icon/icon_wz.png,31,,,,,,,战斗效果,,,2,<1;2;3;1001;1002;1003>,,<<101;100>;<111;100>;<121;100>;<131;100>;<141;100>;<161;100>;<1;300>;<9999;100>>,,
124,city/adventure/random_tower/icon/icon_wz.png,31,,,,,,,战斗效果,,,2,<1;2;3;1001;1002;1003>,,<<101;100>;<111;100>;<121;100>;<131;100>;<141;100>;<161;100>;<1;300>;<9999;100>>,,
125,city/adventure/random_tower/icon/icon_wz.png,31,,,,,,,战斗效果,,,2,<1;2;3;1001;1002;1003>,,<<101;100>;<111;100>;<121;100>;<131;100>;<141;100>;<161;100>;<1;300>;<9999;100>>,,
126,city/adventure/random_tower/icon/icon_wz.png,31,,,,,,,战斗效果,,,2,<1;2;3;1001;1002;1003>,,<<101;100>;<111;100>;<121;100>;<131;100>;<141;100>;<161;100>;<1;300>;<9999;100>>,,
127,city/adventure/random_tower/icon/icon_wz.png,32,,,,,,,战斗效果,,,2,<1;2;3;1001;1002;1003>,,<<101;100>;<111;100>;<121;100>;<131;100>;<141;100>;<161;100>;<1;300>;<9999;100>>,,
128,city/adventure/random_tower/icon/icon_wz.png,32,,,,,,,战斗效果,,,2,<1;2;3;1001;1002;1003>,,<<101;100>;<111;100>;<121;100>;<131;100>;<141;100>;<161;100>;<1;300>;<9999;100>>,,
129,city/adventure/random_tower/icon/icon_wz.png,32,,,,,,,战斗效果,,,2,<1;2;3;1001;1002;1003>,,<<101;100>;<111;100>;<121;100>;<131;100>;<141;100>;<161;100>;<1;300>;<9999;100>>,,
130,city/adventure/random_tower/icon/icon_wz.png,32,,,,,,,战斗效果,,,2,<1;2;3;1001;1002;1003>,,<<101;100>;<111;100>;<121;100>;<131;100>;<141;100>;<161;100>;<1;300>;<9999;100>>,,
131,city/adventure/random_tower/icon/img_jddr@.png,33,,51,,,,似乎是可以轻松击败的对手,简单的敌人,,,1,<1;2;3;1001;1002;1003>,,,,
132,city/adventure/random_tower/icon/img_jddr@.png,33,,51,,,,似乎是可以轻松击败的对手,简单的敌人,,,1,<1;2;3;1001;1002;1003>,,,,
133,city/adventure/random_tower/icon/img_ptdr@.png,33,,52,,2,,小有实力，但是不足为惧的对手,普通的敌人,,,1,<1;2;3;1001;1002;1003>,,,,
134,city/adventure/random_tower/icon/img_ptdr@.png,33,,52,,2,,小有实力，但是不足为惧的对手,普通的敌人,,,1,<1;2;3;1001;1002;1003>,,,,
135,city/adventure/random_tower/icon/img_jddr@.png,34,,51,,,,似乎是可以轻松击败的对手,简单的敌人,,,1,<1;2;3;1001;1002;1003>,,,,
136,city/adventure/random_tower/icon/img_jddr@.png,34,,51,,,,似乎是可以轻松击败的对手,简单的敌人,,,1,<1;2;3;1001;1002;1003>,,,,
137,city/adventure/random_tower/icon/img_jddr@.png,34,,51,,,,似乎是可以轻松击败的对手,简单的敌人,,,1,<1;2;3;1001;1002;1003>,,,,
138,city/adventure/random_tower/icon/img_ptdr@.png,34,,52,,2,,小有实力，但是不足为惧的对手,普通的敌人,,,1,<1;2;3;1001;1002;1003>,,,,
139,city/adventure/random_tower/icon/img_ptdr@.png,35,,52,,2,,小有实力，但是不足为惧的对手,普通的敌人,,,1,<1;2;3;1001;1002;1003>,,,,
140,city/adventure/random_tower/icon/img_ptdr@.png,35,,52,,2,,小有实力，但是不足为惧的对手,普通的敌人,,,1,<1;2;3;1001;1002;1003>,,,,
141,city/adventure/random_tower/icon/img_kndr@.png,35,,53,,3,,请谨慎挑选对手,困难的敌人,,,1,<1;2;3;1001;1002;1003>,,,,
142,city/adventure/random_tower/icon/img_kndr@.png,35,,53,,3,,请谨慎挑选对手,困难的敌人,,,1,<1;2;3;1001;1002;1003>,,,,
143,city/adventure/random_tower/icon/icon_wz.png,36,,,,,,,战斗效果,,,2,<1;2;3;1001;1002;1003>,,<<101;100>;<111;100>;<121;100>;<131;100>;<141;100>;<161;100>;<1;300>;<9999;100>>,,
144,city/adventure/random_tower/icon/icon_wz.png,36,,,,,,,属性加成,,,2,<1;2;3;1001;1002;1003>,,<<1;100>;<2;50>>,,
145,city/adventure/random_tower/icon/img_ptdr@.png,36,,52,,2,,小有实力，但是不足为惧的对手,普通的敌人,,,1,<1;2;3;1001;1002;1003>,,,,
146,city/adventure/random_tower/icon/img_kndr@.png,36,,53,,3,,请谨慎挑选对手,困难的敌人,,,1,<1;2;3;1001;1002;1003>,,,,
147,city/adventure/random_tower/icon/icon_wz.png,37,,,,,,,属性加成,,,2,<1;2;3;1001;1002;1003>,,<<1;100>;<2;50>>,,
148,city/adventure/random_tower/icon/icon_sj.png,37,,,,,,谁也不知道会发生什么,事件,,,4,<1;2;3;1001;1002;1003>,,,<<11;1000>;<12;500>;<21;1000>;<22;500>;<31;1000>;<32;500>;<41;1000>;<42;500>;<51;1000>;<52;500>;<61;1000>;<62;500>;<99;1>>,
149,city/adventure/random_tower/icon/img_jddr@.png,37,,51,,,,似乎是可以轻松击败的对手,简单的敌人,,,1,<1;2;3;1001;1002;1003>,,,,
150,city/adventure/random_tower/icon/img_ptdr@.png,37,,52,,2,,小有实力，但是不足为惧的对手,普通的敌人,,,1,<1;2;3;1001;1002;1003>,,,,
151,city/adventure/random_tower/icon/img_kndr@.png,37,,53,,3,,请谨慎挑选对手,困难的敌人,,,1,<1;2;3;1001;1002;1003>,,,,
152,city/adventure/random_tower/icon_bx.png,37,2,,,,,不经意间发现的宝箱,宝箱,,,3,<1;2;3;1001;1002;1003>,,,,
153,city/adventure/random_tower/icon/icon_wz.png,38,,,,,,,战斗补给,,,2,<1;2;3;1001;1002;1003>,,<<4;100>>,,
154,city/adventure/random_tower/icon/icon_wz.png,38,,,,,,,战斗补给,,,2,<1;2;3;1001;1002;1003>,,<<5;100>>,,
155,city/adventure/random_tower/icon/icon_sj.png,38,,,,,,谁也不知道会发生什么,事件,,,4,<1;2;3;1001;1002;1003>,,,<<11;1000>;<12;500>;<21;1000>;<22;500>;<31;1000>;<32;500>;<41;1000>;<42;500>;<51;1000>;<52;500>;<61;1000>;<62;500>;<99;1>>,
156,city/adventure/random_tower/icon/img_jddr@.png,38,,51,,,,似乎是可以轻松击败的对手,简单的敌人,,,1,<1;2;3;1001;1002;1003>,,,,
157,city/adventure/random_tower/icon/img_ptdr@.png,38,,52,,2,,小有实力，但是不足为惧的对手,普通的敌人,,,1,<1;2;3;1001;1002;1003>,,,,
158,city/adventure/random_tower/icon/img_kndr@.png,38,,53,,3,,请谨慎挑选对手,困难的敌人,,,1,<1;2;3;1001;1002;1003>,,,,
159,city/adventure/random_tower/icon/img_kndr@.png,39,,53,,3,,请谨慎挑选对手,困难的敌人,,,1,<1;2;3;1001;1002;1003>,,,,
160,city/adventure/random_tower/icon/img_boss@.png,39,,54,,4,0.8,极为艰难的力量在前方,霸主,,,1,<1;2;3;1001;1002;1003>,,,,
161,city/adventure/random_tower/icon/img_boss@.png,39,,54,,4,0.8,极为艰难的力量在前方,霸主,,,1,<1;2;3;1001;1002;1003>,,,,
162,city/adventure/random_tower/icon/img_boss@.png,39,,54,,4,0.8,极为艰难的力量在前方,霸主,,,1,<1;2;3;1001;1002;1003>,,,,
163,city/adventure/random_tower/icon/icon_sj.png,40,,,,,,谁也不知道会发生什么,事件,,,4,<1;2;3;1001;1002;1003>,,,<<11;1000>;<12;500>;<21;1000>;<22;500>;<31;1000>;<32;500>;<41;1000>;<42;500>;<51;1000>;<52;500>;<61;1000>;<62;500>;<99;1>>,
164,city/adventure/random_tower/icon/icon_wz.png,41,,,,,,,战斗效果,,,2,<1;2;3;1001;1002;1003>,,<<101;100>;<111;100>;<121;100>;<131;100>;<141;100>;<161;100>;<1;300>;<9999;100>>,,
165,city/adventure/random_tower/icon/icon_wz.png,41,,,,,,,战斗效果,,,2,<1;2;3;1001;1002;1003>,,<<101;100>;<111;100>;<121;100>;<131;100>;<141;100>;<161;100>;<1;300>;<9999;100>>,,
166,city/adventure/random_tower/icon/icon_wz.png,41,,,,,,,战斗效果,,,2,<1;2;3;1001;1002;1003>,,<<101;100>;<111;100>;<121;100>;<131;100>;<141;100>;<161;100>;<1;300>;<9999;100>>,,
167,city/adventure/random_tower/icon/icon_wz.png,42,,,,,,,战斗效果,,,2,<1;2;3;1001;1002;1003>,,<<101;100>;<111;100>;<121;100>;<131;100>;<141;100>;<161;100>;<1;300>;<9999;100>>,,
168,city/adventure/random_tower/icon/icon_wz.png,42,,,,,,,属性加成,,,2,<1;2;3;1001;1002;1003>,,<<2;100>;<3;30>>,,
169,city/adventure/random_tower/icon/icon_sj.png,42,,,,,,谁也不知道会发生什么,事件,,,4,<1;2;3;1001;1002;1003>,,,<<11;1000>;<12;500>;<21;1000>;<22;500>;<31;1000>;<32;500>;<41;1000>;<42;500>;<51;1000>;<52;500>;<61;1000>;<62;500>;<99;1>>,
170,city/adventure/random_tower/icon/img_jddr@.png,42,,51,,,,似乎是可以轻松击败的对手,简单的敌人,,,1,<1;2;3;1001;1002;1003>,,,,
171,city/adventure/random_tower/icon/img_jddr@.png,43,,51,,,,似乎是可以轻松击败的对手,简单的敌人,,,1,<1;2;3;1001;1002;1003>,,,,
172,city/adventure/random_tower/icon/img_jddr@.png,43,,51,,,,似乎是可以轻松击败的对手,简单的敌人,,,1,<1;2;3;1001;1002;1003>,,,,
173,city/adventure/random_tower/icon/img_ptdr@.png,43,,52,,2,,小有实力，但是不足为惧的对手,普通的敌人,,,1,<1;2;3;1001;1002;1003>,,,,
174,city/adventure/random_tower/icon/img_ptdr@.png,43,,52,,2,,小有实力，但是不足为惧的对手,普通的敌人,,,1,<1;2;3;1001;1002;1003>,,,,
175,city/adventure/random_tower/icon/img_jddr@.png,44,,51,,,,似乎是可以轻松击败的对手,简单的敌人,,,1,<1;2;3;1001;1002;1003>,,,,
176,city/adventure/random_tower/icon/img_jddr@.png,44,,51,,,,似乎是可以轻松击败的对手,简单的敌人,,,1,<1;2;3;1001;1002;1003>,,,,
177,city/adventure/random_tower/icon/img_jddr@.png,44,,51,,,,似乎是可以轻松击败的对手,简单的敌人,,,1,<1;2;3;1001;1002;1003>,,,,
178,city/adventure/random_tower/icon/img_ptdr@.png,44,,52,,2,,小有实力，但是不足为惧的对手,普通的敌人,,,1,<1;2;3;1001;1002;1003>,,,,
179,city/adventure/random_tower/icon/img_ptdr@.png,45,,52,,2,,小有实力，但是不足为惧的对手,普通的敌人,,,1,<1;2;3;1001;1002;1003>,,,,
180,city/adventure/random_tower/icon/img_kndr@.png,45,,53,,3,,请谨慎挑选对手,困难的敌人,,,1,<1;2;3;1001;1002;1003>,,,,
181,city/adventure/random_tower/icon/icon_wz.png,46,,,,,,,战斗效果,,,2,<1;2;3;1001;1002;1003>,,<<101;100>;<111;100>;<121;100>;<131;100>;<141;100>;<161;100>;<1;300>;<9999;100>>,,
182,city/adventure/random_tower/icon/icon_wz.png,46,,,,,,,属性加成,,,2,<1;2;3;1001;1002;1003>,,<<1;100>;<2;50>>,,
183,city/adventure/random_tower/icon/icon_sj.png,46,,51,,,,谁也不知道会发生什么,事件,,,4,<1;2;3;1001;1002;1003>,,,<<6;100>>,
184,city/adventure/random_tower/icon/img_ptdr@.png,46,,52,,2,,小有实力，但是不足为惧的对手,普通的敌人,,,1,<1;2;3;1001;1002;1003>,,,,
185,city/adventure/random_tower/icon/img_kndr@.png,46,,53,,3,,请谨慎挑选对手,困难的敌人,,,1,<1;2;3;1001;1002;1003>,,,,
186,city/adventure/random_tower/icon/icon_wz.png,47,,,,,,,属性加成,,,2,<1;2;3;1001;1002;1003>,,<<1;100>;<2;50>>,,
187,city/adventure/random_tower/icon/icon_sj.png,47,,,,,,谁也不知道会发生什么,事件,,,4,<1;2;3;1001;1002;1003>,,,<<11;1000>;<12;500>;<21;1000>;<22;500>;<31;1000>;<32;500>;<41;1000>;<42;500>;<51;1000>;<52;500>;<61;1000>;<62;500>;<99;1>>,
188,city/adventure/random_tower/icon/img_jddr@.png,47,,51,,,,似乎是可以轻松击败的对手,简单的敌人,,,1,<1;2;3;1001;1002;1003>,,,,
189,city/adventure/random_tower/icon/img_ptdr@.png,47,,52,,2,,小有实力，但是不足为惧的对手,普通的敌人,,,1,<1;2;3;1001;1002;1003>,,,,
190,city/adventure/random_tower/icon/img_kndr@.png,47,,53,,3,,请谨慎挑选对手,困难的敌人,,,1,<1;2;3;1001;1002;1003>,,,,
191,city/adventure/random_tower/icon/icon_wz.png,48,,,,,,,战斗补给,,,2,<1;2;3;1001;1002;1003>,,<<4;100>>,,
192,city/adventure/random_tower/icon/icon_wz.png,48,,,,,,,战斗补给,,,2,<1;2;3;1001;1002;1003>,,<<5;100>>,,
193,city/adventure/random_tower/icon/icon_sj.png,48,,,,,,谁也不知道会发生什么,事件,,,4,<1;2;3;1001;1002;1003>,,,<<11;1000>;<12;500>;<21;1000>;<22;500>;<31;1000>;<32;500>;<41;1000>;<42;500>;<51;1000>;<52;500>;<61;1000>;<62;500>;<99;1>>,
194,city/adventure/random_tower/icon/img_jddr@.png,48,,51,,,,似乎是可以轻松击败的对手,简单的敌人,,,1,<1;2;3;1001;1002;1003>,,,,
195,city/adventure/random_tower/icon/img_ptdr@.png,48,,52,,2,,小有实力，但是不足为惧的对手,普通的敌人,,,1,<1;2;3;1001;1002;1003>,,,,
196,city/adventure/random_tower/icon/img_kndr@.png,48,,53,,3,,请谨慎挑选对手,困难的敌人,,,1,<1;2;3;1001;1002;1003>,,,,
197,city/adventure/random_tower/icon/img_kndr@.png,49,,53,,3,,请谨慎挑选对手,困难的敌人,,,1,<1;2;3;1001;1002;1003>,,,,
198,city/adventure/random_tower/icon/img_boss@.png,49,,54,,4,0.8,极为艰难的力量在前方,霸主,,,1,<1;2;3;1001;1002;1003>,,,,
199,city/adventure/random_tower/icon/img_boss@.png,49,,54,,4,0.8,极为艰难的力量在前方,霸主,,,1,<1;2;3;1001;1002;1003>,,,,
200,city/adventure/random_tower/icon/img_boss@.png,49,,54,,4,0.8,极为艰难的力量在前方,霸主,,,1,<1;2;3;1001;1002;1003>,,,,
201,city/adventure/random_tower/icon_hhbx.png,50,13,,,,,跨越巨大挑战后才会配拥有此回报,豪华宝箱,,,3,<1;2;3;1001;1002;1003>,,,,
202,city/adventure/random_tower/icon/icon_wz.png,51,,,,,,,战斗效果,,,2,<1;2;3;1001;1002;1003>,,<<101;100>;<111;100>;<121;100>;<131;100>;<141;100>;<161;100>;<1;300>;<9999;100>>,,
203,city/adventure/random_tower/icon/icon_wz.png,51,,,,,,,战斗效果,,,2,<1;2;3;1001;1002;1003>,,<<101;100>;<111;100>;<121;100>;<131;100>;<141;100>;<161;100>;<1;300>;<9999;100>>,,
204,city/adventure/random_tower/icon/icon_wz.png,51,,,,,,,战斗效果,,,2,<1;2;3;1001;1002;1003>,,<<101;100>;<111;100>;<121;100>;<131;100>;<141;100>;<161;100>;<1;300>;<9999;100>>,,
205,city/adventure/random_tower/icon/icon_wz.png,51,,,,,,,战斗效果,,,2,<1;2;3;1001;1002;1003>,,<<101;100>;<111;100>;<121;100>;<131;100>;<141;100>;<161;100>;<1;300>;<9999;100>>,,
206,city/adventure/random_tower/icon/icon_wz.png,52,,,,,,,战斗效果,,,2,<1;2;3;1001;1002;1003>,,<<101;100>;<111;100>;<121;100>;<131;100>;<141;100>;<161;100>;<1;300>;<9999;100>>,,
207,city/adventure/random_tower/icon/icon_wz.png,52,,,,,,,属性加成,,,2,<1;2;3;1001;1002;1003>,,<<2;100>;<3;30>>,,
208,city/adventure/random_tower/icon/icon_sj.png,52,,,,,,谁也不知道会发生什么,事件,,,4,<1;2;3;1001;1002;1003>,,,<<11;1000>;<12;500>;<21;1000>;<22;500>;<31;1000>;<32;500>;<41;1000>;<42;500>;<51;1000>;<52;500>;<61;1000>;<62;500>;<99;1>>,
209,city/adventure/random_tower/icon/img_jddr@.png,52,,51,,,,似乎是可以轻松击败的对手,简单的敌人,,,1,<1;2;3;1001;1002;1003>,,,,
210,city/adventure/random_tower/icon/img_jddr@.png,53,,51,,,,似乎是可以轻松击败的对手,简单的敌人,,,1,<1;2;3;1001;1002;1003>,,,,
211,city/adventure/random_tower/icon/img_jddr@.png,53,,51,,,,似乎是可以轻松击败的对手,简单的敌人,,,1,<1;2;3;1001;1002;1003>,,,,
212,city/adventure/random_tower/icon/img_ptdr@.png,53,,52,,2,,小有实力，但是不足为惧的对手,普通的敌人,,,1,<1;2;3;1001;1002;1003>,,,,
213,city/adventure/random_tower/icon/img_ptdr@.png,53,,52,,2,,小有实力，但是不足为惧的对手,普通的敌人,,,1,<1;2;3;1001;1002;1003>,,,,
214,city/adventure/random_tower/icon/img_jddr@.png,54,,51,,,,似乎是可以轻松击败的对手,简单的敌人,,,1,<1;2;3;1001;1002;1003>,,,,
215,city/adventure/random_tower/icon/img_jddr@.png,54,,51,,,,似乎是可以轻松击败的对手,简单的敌人,,,1,<1;2;3;1001;1002;1003>,,,,
216,city/adventure/random_tower/icon/img_jddr@.png,54,,51,,,,似乎是可以轻松击败的对手,简单的敌人,,,1,<1;2;3;1001;1002;1003>,,,,
217,city/adventure/random_tower/icon/img_ptdr@.png,54,,52,,2,,小有实力，但是不足为惧的对手,普通的敌人,,,1,<1;2;3;1001;1002;1003>,,,,
218,city/adventure/random_tower/icon/img_ptdr@.png,55,,52,,2,,小有实力，但是不足为惧的对手,普通的敌人,,,1,<1;2;3;1001;1002;1003>,,,,
219,city/adventure/random_tower/icon/img_ptdr@.png,55,,52,,2,,小有实力，但是不足为惧的对手,普通的敌人,,,1,<1;2;3;1001;1002;1003>,,,,
220,city/adventure/random_tower/icon/img_kndr@.png,55,,53,,3,,请谨慎挑选对手,困难的敌人,,,1,<1;2;3;1001;1002;1003>,,,,
221,city/adventure/random_tower/icon/img_kndr@.png,55,,53,,3,,请谨慎挑选对手,困难的敌人,,,1,<1;2;3;1001;1002;1003>,,,,
222,city/adventure/random_tower/icon/icon_wz.png,56,,,,,,,战斗效果,,,2,<1;2;3;1001;1002;1003>,,<<101;100>;<111;100>;<121;100>;<131;100>;<141;100>;<161;100>;<1;300>;<9999;100>>,,
223,city/adventure/random_tower/icon/icon_wz.png,56,,,,,,,属性加成,,,2,<1;2;3;1001;1002;1003>,,<<1;100>;<2;50>>,,
224,city/adventure/random_tower/icon/img_ptdr@.png,56,,52,,2,,小有实力，但是不足为惧的对手,普通的敌人,,,1,<1;2;3;1001;1002;1003>,,,,
225,city/adventure/random_tower/icon/img_kndr@.png,56,,53,,3,,请谨慎挑选对手,困难的敌人,,,1,<1;2;3;1001;1002;1003>,,,,
226,city/adventure/random_tower/icon/icon_wz.png,57,,,,,,,属性加成,,,2,<1;2;3;1001;1002;1003>,,<<1;100>;<2;50>>,,
227,city/adventure/random_tower/icon/icon_sj.png,57,,,,,,谁也不知道会发生什么,事件,,,4,<1;2;3;1001;1002;1003>,,,<<11;1000>;<12;500>;<21;1000>;<22;500>;<31;1000>;<32;500>;<41;1000>;<42;500>;<51;1000>;<52;500>;<61;1000>;<62;500>;<99;1>>,
228,city/adventure/random_tower/icon/img_jddr@.png,57,,51,,,,似乎是可以轻松击败的对手,简单的敌人,,,1,<1;2;3;1001;1002;1003>,,,,
229,city/adventure/random_tower/icon/img_ptdr@.png,57,,52,,2,,小有实力，但是不足为惧的对手,普通的敌人,,,1,<1;2;3;1001;1002;1003>,,,,
230,city/adventure/random_tower/icon/img_kndr@.png,57,,53,,3,,请谨慎挑选对手,困难的敌人,,,1,<1;2;3;1001;1002;1003>,,,,
231,city/adventure/random_tower/icon_bx.png,57,3,,,,,不经意间发现的宝箱,宝箱,,,3,<1;2;3;1001;1002;1003>,,,,
232,city/adventure/random_tower/icon/icon_wz.png,58,,,,,,,战斗补给,,,2,<1;2;3;1001;1002;1003>,,<<4;100>>,,
233,city/adventure/random_tower/icon/icon_wz.png,58,,,,,,,战斗补给,,,2,<1;2;3;1001;1002;1003>,,<<5;100>>,,
234,city/adventure/random_tower/icon/icon_sj.png,58,,,,,,谁也不知道会发生什么,事件,,,4,<1;2;3;1001;1002;1003>,,,<<11;1000>;<12;500>;<21;1000>;<22;500>;<31;1000>;<32;500>;<41;1000>;<42;500>;<51;1000>;<52;500>;<61;1000>;<62;500>;<99;1>>,
235,city/adventure/random_tower/icon/img_jddr@.png,58,,51,,,,似乎是可以轻松击败的对手,简单的敌人,,,1,<1;2;3;1001;1002;1003>,,,,
236,city/adventure/random_tower/icon/img_ptdr@.png,58,,52,,2,,小有实力，但是不足为惧的对手,普通的敌人,,,1,<1;2;3;1001;1002;1003>,,,,
237,city/adventure/random_tower/icon/img_kndr@.png,58,,53,,3,,请谨慎挑选对手,困难的敌人,,,1,<1;2;3;1001;1002;1003>,,,,
238,city/adventure/random_tower/icon/img_kndr@.png,59,,53,,3,,请谨慎挑选对手,困难的敌人,,,1,<1;2;3;1001;1002;1003>,,,,
239,city/adventure/random_tower/icon/img_boss@.png,59,,54,,4,0.8,极为艰难的力量在前方,霸主,,,1,<1;2;3;1001;1002;1003>,,,,
240,city/adventure/random_tower/icon/img_boss@.png,59,,54,,4,0.8,极为艰难的力量在前方,霸主,,,1,<1;2;3;1001;1002;1003>,,,,
241,city/adventure/random_tower/icon/img_boss@.png,59,,54,,4,0.8,极为艰难的力量在前方,霸主,,,1,<1;2;3;1001;1002;1003>,,,,
242,city/adventure/random_tower/icon/icon_sj.png,60,,,,,,谁也不知道会发生什么,事件,,,4,<1;2;3;1001;1002;1003>,,,<<11;1000>;<12;500>;<21;1000>;<22;500>;<31;1000>;<32;500>;<41;1000>;<42;500>;<51;1000>;<52;500>;<61;1000>;<62;500>;<99;1>>,
243,city/adventure/random_tower/icon/icon_wz.png,61,,,,,,,战斗效果,,,2,<1;2;3;1001;1002;1003>,,<<101;100>;<111;100>;<121;100>;<131;100>;<141;100>;<161;100>;<1;300>;<9999;100>>,,
244,city/adventure/random_tower/icon/icon_wz.png,61,,,,,,,战斗效果,,,2,<1;2;3;1001;1002;1003>,,<<101;100>;<111;100>;<121;100>;<131;100>;<141;100>;<161;100>;<1;300>;<9999;100>>,,
245,city/adventure/random_tower/icon/icon_wz.png,61,,,,,,,战斗效果,,,2,<1;2;3;1001;1002;1003>,,<<101;100>;<111;100>;<121;100>;<131;100>;<141;100>;<161;100>;<1;300>;<9999;100>>,,
246,city/adventure/random_tower/icon/icon_wz.png,61,,,,,,,战斗效果,,,2,<1;2;3;1001;1002;1003>,,<<101;100>;<111;100>;<121;100>;<131;100>;<141;100>;<161;100>;<1;300>;<9999;100>>,,
247,city/adventure/random_tower/icon/icon_wz.png,62,,,,,,,战斗效果,,,2,<1;2;3;1001;1002;1003>,,<<101;100>;<111;100>;<121;100>;<131;100>;<141;100>;<161;100>;<1;300>;<9999;100>>,,
248,city/adventure/random_tower/icon/icon_wz.png,62,,,,,,,属性加成,,,2,<1;2;3;1001;1002;1003>,,<<2;100>;<3;30>>,,
249,city/adventure/random_tower/icon/icon_sj.png,62,,,,,,谁也不知道会发生什么,事件,,,4,<1;2;3;1001;1002;1003>,,,<<11;1000>;<12;500>;<21;1000>;<22;500>;<31;1000>;<32;500>;<41;1000>;<42;500>;<51;1000>;<52;500>;<61;1000>;<62;500>;<99;1>>,
250,city/adventure/random_tower/icon/img_jddr@.png,62,,51,,,,似乎是可以轻松击败的对手,简单的敌人,,,1,<1;2;3;1001;1002;1003>,,,,
251,city/adventure/random_tower/icon/img_jddr@.png,63,,51,,,,似乎是可以轻松击败的对手,简单的敌人,,,1,<1;2;3;1001;1002;1003>,,,,
252,city/adventure/random_tower/icon/img_jddr@.png,63,,51,,,,似乎是可以轻松击败的对手,简单的敌人,,,1,<1;2;3;1001;1002;1003>,,,,
253,city/adventure/random_tower/icon/img_ptdr@.png,63,,52,,2,,小有实力，但是不足为惧的对手,普通的敌人,,,1,<1;2;3;1001;1002;1003>,,,,
254,city/adventure/random_tower/icon/img_ptdr@.png,63,,52,,2,,小有实力，但是不足为惧的对手,普通的敌人,,,1,<1;2;3;1001;1002;1003>,,,,
255,city/adventure/random_tower/icon/img_jddr@.png,64,,51,,,,似乎是可以轻松击败的对手,简单的敌人,,,1,<1;2;3;1001;1002;1003>,,,,
256,city/adventure/random_tower/icon/img_jddr@.png,64,,51,,,,似乎是可以轻松击败的对手,简单的敌人,,,1,<1;2;3;1001;1002;1003>,,,,
257,city/adventure/random_tower/icon/img_jddr@.png,64,,51,,,,似乎是可以轻松击败的对手,简单的敌人,,,1,<1;2;3;1001;1002;1003>,,,,
258,city/adventure/random_tower/icon/img_ptdr@.png,64,,52,,2,,小有实力，但是不足为惧的对手,普通的敌人,,,1,<1;2;3;1001;1002;1003>,,,,
259,city/adventure/random_tower/icon/img_ptdr@.png,65,,52,,2,,小有实力，但是不足为惧的对手,普通的敌人,,,1,<1;2;3;1001;1002;1003>,,,,
260,city/adventure/random_tower/icon/img_ptdr@.png,65,,52,,2,,小有实力，但是不足为惧的对手,普通的敌人,,,1,<1;2;3;1001;1002;1003>,,,,
261,city/adventure/random_tower/icon/img_kndr@.png,65,,53,,3,,请谨慎挑选对手,困难的敌人,,,1,<1;2;3;1001;1002;1003>,,,,
262,city/adventure/random_tower/icon/img_kndr@.png,65,,53,,3,,请谨慎挑选对手,困难的敌人,,,1,<1;2;3;1001;1002;1003>,,,,
263,city/adventure/random_tower/icon/icon_wz.png,66,,,,,,,战斗效果,,,2,<1;2;3;1001;1002;1003>,,<<101;100>;<111;100>;<121;100>;<131;100>;<141;100>;<161;100>;<1;300>;<9999;100>>,,
264,city/adventure/random_tower/icon/icon_wz.png,66,,,,,,,属性加成,,,2,<1;2;3;1001;1002;1003>,,<<1;100>;<2;50>>,,
265,city/adventure/random_tower/icon/img_ptdr@.png,66,,52,,2,,小有实力，但是不足为惧的对手,普通的敌人,,,1,<1;2;3;1001;1002;1003>,,,,
266,city/adventure/random_tower/icon/img_kndr@.png,66,,53,,3,,请谨慎挑选对手,困难的敌人,,,1,<1;2;3;1001;1002;1003>,,,,
267,city/adventure/random_tower/icon/icon_wz.png,67,,,,,,,属性加成,,,2,<1;2;3;1001;1002;1003>,,<<1;100>;<2;50>>,,
268,city/adventure/random_tower/icon/icon_sj.png,67,,,,,,谁也不知道会发生什么,事件,,,4,<1;2;3;1001;1002;1003>,,,<<11;1000>;<12;500>;<21;1000>;<22;500>;<31;1000>;<32;500>;<41;1000>;<42;500>;<51;1000>;<52;500>;<61;1000>;<62;500>;<99;1>>,
269,city/adventure/random_tower/icon/img_jddr@.png,67,,51,,,,似乎是可以轻松击败的对手,简单的敌人,,,1,<1;2;3;1001;1002;1003>,,,,
270,city/adventure/random_tower/icon/img_ptdr@.png,67,,52,,2,,小有实力，但是不足为惧的对手,普通的敌人,,,1,<1;2;3;1001;1002;1003>,,,,
271,city/adventure/random_tower/icon/img_kndr@.png,67,,53,,3,,请谨慎挑选对手,困难的敌人,,,1,<1;2;3;1001;1002;1003>,,,,
272,city/adventure/random_tower/icon/icon_wz.png,68,,,,,,,战斗补给,,,2,<1;2;3;1001;1002;1003>,,<<4;100>>,,
273,city/adventure/random_tower/icon/icon_wz.png,68,,,,,,,战斗补给,,,2,<1;2;3;1001;1002;1003>,,<<5;100>>,,
274,city/adventure/random_tower/icon/icon_sj.png,68,,,,,,谁也不知道会发生什么,事件,,,4,<1;2;3;1001;1002;1003>,,,<<11;1000>;<12;500>;<21;1000>;<22;500>;<31;1000>;<32;500>;<41;1000>;<42;500>;<51;1000>;<52;500>;<61;1000>;<62;500>;<99;1>>,
275,city/adventure/random_tower/icon/img_jddr@.png,68,,51,,,,似乎是可以轻松击败的对手,简单的敌人,,,1,<1;2;3;1001;1002;1003>,,,,
276,city/adventure/random_tower/icon/img_ptdr@.png,68,,52,,2,,小有实力，但是不足为惧的对手,普通的敌人,,,1,<1;2;3;1001;1002;1003>,,,,
277,city/adventure/random_tower/icon/img_kndr@.png,68,,53,,3,,请谨慎挑选对手,困难的敌人,,,1,<1;2;3;1001;1002;1003>,,,,
278,city/adventure/random_tower/icon/img_kndr@.png,69,,53,,3,,请谨慎挑选对手,困难的敌人,,,1,<1;2;3;1001;1002;1003>,,,,
279,city/adventure/random_tower/icon/img_boss@.png,69,,54,,4,0.8,极为艰难的力量在前方,霸主,,,1,<1;2;3;1001;1002;1003>,,,,
280,city/adventure/random_tower/icon/img_boss@.png,69,,54,,4,0.8,极为艰难的力量在前方,霸主,,,1,<1;2;3;1001;1002;1003>,,,,
281,city/adventure/random_tower/icon/img_boss@.png,69,,54,,4,0.8,极为艰难的力量在前方,霸主,,,1,<1;2;3;1001;1002;1003>,,,,
282,city/adventure/random_tower/icon_hhbx.png,70,14,,,,,跨越巨大挑战后才会配拥有此回报,豪华宝箱,,,3,<1;2;3;1001;1002;1003>,,,,
283,city/adventure/random_tower/icon/icon_wz.png,71,,,,,,,战斗效果,,,2,<1;2;3;1001;1002;1003>,,<<101;100>;<111;100>;<121;100>;<131;100>;<141;100>;<161;100>;<1;300>;<9999;100>>,,
284,city/adventure/random_tower/icon/icon_wz.png,71,,,,,,,战斗效果,,,2,<1;2;3;1001;1002;1003>,,<<101;100>;<111;100>;<121;100>;<131;100>;<141;100>;<161;100>;<1;300>;<9999;100>>,,
285,city/adventure/random_tower/icon/icon_wz.png,71,,,,,,,战斗效果,,,2,<1;2;3;1001;1002;1003>,,<<101;100>;<111;100>;<121;100>;<131;100>;<141;100>;<161;100>;<1;300>;<9999;100>>,,
286,city/adventure/random_tower/icon/icon_wz.png,71,,,,,,,战斗效果,,,2,<1;2;3;1001;1002;1003>,,<<101;100>;<111;100>;<121;100>;<131;100>;<141;100>;<161;100>;<1;300>;<9999;100>>,,
287,city/adventure/random_tower/icon/icon_wz.png,72,,,,,,,战斗效果,,,2,<1;2;3;1001;1002;1003>,,<<101;100>;<111;100>;<121;100>;<131;100>;<141;100>;<161;100>;<1;300>;<9999;100>>,,
288,city/adventure/random_tower/icon/icon_wz.png,72,,,,,,,属性加成,,,2,<1;2;3;1001;1002;1003>,,<<2;100>;<3;30>>,,
289,city/adventure/random_tower/icon/icon_sj.png,72,,,,,,谁也不知道会发生什么,事件,,,4,<1;2;3;1001;1002;1003>,,,<<11;1000>;<12;500>;<21;1000>;<22;500>;<31;1000>;<32;500>;<41;1000>;<42;500>;<51;1000>;<52;500>;<61;1000>;<62;500>;<99;1>>,
290,city/adventure/random_tower/icon/img_jddr@.png,72,,51,,,,似乎是可以轻松击败的对手,简单的敌人,,,1,<1;2;3;1001;1002;1003>,,,,
291,city/adventure/random_tower/icon/img_jddr@.png,73,,51,,,,似乎是可以轻松击败的对手,简单的敌人,,,1,<1;2;3;1001;1002;1003>,,,,
292,city/adventure/random_tower/icon/img_jddr@.png,73,,51,,,,似乎是可以轻松击败的对手,简单的敌人,,,1,<1;2;3;1001;1002;1003>,,,,
293,city/adventure/random_tower/icon/img_ptdr@.png,73,,52,,2,,小有实力，但是不足为惧的对手,普通的敌人,,,1,<1;2;3;1001;1002;1003>,,,,
294,city/adventure/random_tower/icon/img_ptdr@.png,73,,52,,2,,小有实力，但是不足为惧的对手,普通的敌人,,,1,<1;2;3;1001;1002;1003>,,,,
295,city/adventure/random_tower/icon/img_jddr@.png,74,,51,,,,似乎是可以轻松击败的对手,简单的敌人,,,1,<1;2;3;1001;1002;1003>,,,,
296,city/adventure/random_tower/icon/img_jddr@.png,74,,51,,,,似乎是可以轻松击败的对手,简单的敌人,,,1,<1;2;3;1001;1002;1003>,,,,
297,city/adventure/random_tower/icon/img_jddr@.png,74,,51,,,,似乎是可以轻松击败的对手,简单的敌人,,,1,<1;2;3;1001;1002;1003>,,,,
298,city/adventure/random_tower/icon/img_ptdr@.png,74,,52,,2,,小有实力，但是不足为惧的对手,普通的敌人,,,1,<1;2;3;1001;1002;1003>,,,,
299,city/adventure/random_tower/icon/img_ptdr@.png,75,,52,,2,,小有实力，但是不足为惧的对手,普通的敌人,,,1,<1;2;3;1001;1002;1003>,,,,
300,city/adventure/random_tower/icon/img_ptdr@.png,75,,52,,2,,小有实力，但是不足为惧的对手,普通的敌人,,,1,<1;2;3;1001;1002;1003>,,,,
301,city/adventure/random_tower/icon/img_kndr@.png,75,,53,,3,,请谨慎挑选对手,困难的敌人,,,1,<1;2;3;1001;1002;1003>,,,,
302,city/adventure/random_tower/icon/img_kndr@.png,75,,53,,3,,请谨慎挑选对手,困难的敌人,,,1,<1;2;3;1001;1002;1003>,,,,
303,city/adventure/random_tower/icon/icon_wz.png,76,,,,,,,战斗效果,,,2,<1;2;3;1001;1002;1003>,,<<101;100>;<111;100>;<121;100>;<131;100>;<141;100>;<161;100>;<1;300>;<9999;100>>,,
304,city/adventure/random_tower/icon/icon_wz.png,76,,,,,,,属性加成,,,2,<1;2;3;1001;1002;1003>,,<<1;100>;<2;50>>,,
305,city/adventure/random_tower/icon/img_ptdr@.png,76,,52,,2,,小有实力，但是不足为惧的对手,普通的敌人,,,1,<1;2;3;1001;1002;1003>,,,,
306,city/adventure/random_tower/icon/img_kndr@.png,76,,53,,3,,请谨慎挑选对手,困难的敌人,,,1,<1;2;3;1001;1002;1003>,,,,
307,city/adventure/random_tower/icon/icon_wz.png,77,,,,,,,属性加成,,,2,<1;2;3;1001;1002;1003>,,<<1;100>;<2;50>>,,
308,city/adventure/random_tower/icon/icon_sj.png,77,,,,,,谁也不知道会发生什么,事件,,,4,<1;2;3;1001;1002;1003>,,,<<11;1000>;<12;500>;<21;1000>;<22;500>;<31;1000>;<32;500>;<41;1000>;<42;500>;<51;1000>;<52;500>;<61;1000>;<62;500>;<99;1>>,
309,city/adventure/random_tower/icon/img_jddr@.png,77,,51,,,,似乎是可以轻松击败的对手,简单的敌人,,,1,<1;2;3;1001;1002;1003>,,,,
310,city/adventure/random_tower/icon/img_ptdr@.png,77,,52,,2,,小有实力，但是不足为惧的对手,普通的敌人,,,1,<1;2;3;1001;1002;1003>,,,,
311,city/adventure/random_tower/icon/img_kndr@.png,77,,53,,3,,请谨慎挑选对手,困难的敌人,,,1,<1;2;3;1001;1002;1003>,,,,
312,city/adventure/random_tower/icon_bx.png,77,4,,,,,不经意间发现的宝箱,宝箱,,,3,<1;2;3;1001;1002;1003>,,,,
313,city/adventure/random_tower/icon/icon_wz.png,78,,,,,,,战斗补给,,,2,<1;2;3;1001;1002;1003>,,<<4;100>>,,
314,city/adventure/random_tower/icon/icon_wz.png,78,,,,,,,战斗补给,,,2,<1;2;3;1001;1002;1003>,,<<5;100>>,,
315,city/adventure/random_tower/icon/icon_sj.png,78,,,,,,谁也不知道会发生什么,事件,,,4,<1;2;3;1001;1002;1003>,,,<<11;1000>;<12;500>;<21;1000>;<22;500>;<31;1000>;<32;500>;<41;1000>;<42;500>;<51;1000>;<52;500>;<61;1000>;<62;500>;<99;1>>,
316,city/adventure/random_tower/icon/img_jddr@.png,78,,51,,,,似乎是可以轻松击败的对手,简单的敌人,,,1,<1;2;3;1001;1002;1003>,,,,
317,city/adventure/random_tower/icon/img_ptdr@.png,78,,52,,2,,小有实力，但是不足为惧的对手,普通的敌人,,,1,<1;2;3;1001;1002;1003>,,,,
318,city/adventure/random_tower/icon/img_kndr@.png,78,,53,,3,,请谨慎挑选对手,困难的敌人,,,1,<1;2;3;1001;1002;1003>,,,,
319,city/adventure/random_tower/icon/img_kndr@.png,79,,53,,3,,请谨慎挑选对手,困难的敌人,,,1,<1;2;3;1001;1002;1003>,,,,
320,city/adventure/random_tower/icon/img_boss@.png,79,,54,,4,0.8,极为艰难的力量在前方,霸主,,,1,<1;2;3;1001;1002;1003>,,,,
321,city/adventure/random_tower/icon/img_boss@.png,79,,54,,4,0.8,极为艰难的力量在前方,霸主,,,1,<1;2;3;1001;1002;1003>,,,,
322,city/adventure/random_tower/icon/img_boss@.png,79,,54,,4,0.8,极为艰难的力量在前方,霸主,,,1,<1;2;3;1001;1002;1003>,,,,
323,city/adventure/random_tower/icon/icon_sj.png,80,,,,,,谁也不知道会发生什么,事件,,,4,<1;2;3;1001;1002;1003>,,,<<11;1000>;<12;500>;<21;1000>;<22;500>;<31;1000>;<32;500>;<41;1000>;<42;500>;<51;1000>;<52;500>;<61;1000>;<62;500>;<99;1>>,
324,city/adventure/random_tower/icon/icon_wz.png,81,,,,,,,战斗效果,,,2,<1;2;3;1001;1002;1003>,,<<101;100>;<111;100>;<121;100>;<131;100>;<141;100>;<161;100>;<1;300>;<9999;100>>,,
325,city/adventure/random_tower/icon/icon_wz.png,81,,,,,,,战斗效果,,,2,<1;2;3;1001;1002;1003>,,<<101;100>;<111;100>;<121;100>;<131;100>;<141;100>;<161;100>;<1;300>;<9999;100>>,,
326,city/adventure/random_tower/icon/icon_wz.png,81,,,,,,,战斗效果,,,2,<1;2;3;1001;1002;1003>,,<<101;100>;<111;100>;<121;100>;<131;100>;<141;100>;<161;100>;<1;300>;<9999;100>>,,
327,city/adventure/random_tower/icon/icon_wz.png,81,,,,,,,战斗效果,,,2,<1;2;3;1001;1002;1003>,,<<101;100>;<111;100>;<121;100>;<131;100>;<141;100>;<161;100>;<1;300>;<9999;100>>,,
328,city/adventure/random_tower/icon/icon_wz.png,82,,,,,,,战斗效果,,,2,<1;2;3;1001;1002;1003>,,<<101;100>;<111;100>;<121;100>;<131;100>;<141;100>;<161;100>;<1;300>;<9999;100>>,,
329,city/adventure/random_tower/icon/icon_wz.png,82,,,,,,,属性加成,,,2,<1;2;3;1001;1002;1003>,,<<2;100>;<3;30>>,,
330,city/adventure/random_tower/icon/icon_sj.png,82,,,,,,谁也不知道会发生什么,事件,,,4,<1;2;3;1001;1002;1003>,,,<<11;1000>;<12;500>;<21;1000>;<22;500>;<31;1000>;<32;500>;<41;1000>;<42;500>;<51;1000>;<52;500>;<61;1000>;<62;500>;<99;1>>,
331,city/adventure/random_tower/icon/img_jddr@.png,82,,51,,,,似乎是可以轻松击败的对手,简单的敌人,,,1,<1;2;3;1001;1002;1003>,,,,
332,city/adventure/random_tower/icon/img_jddr@.png,83,,51,,,,似乎是可以轻松击败的对手,简单的敌人,,,1,<1;2;3;1001;1002;1003>,,,,
333,city/adventure/random_tower/icon/img_jddr@.png,83,,51,,,,似乎是可以轻松击败的对手,简单的敌人,,,1,<1;2;3;1001;1002;1003>,,,,
334,city/adventure/random_tower/icon/img_ptdr@.png,83,,52,,2,,小有实力，但是不足为惧的对手,普通的敌人,,,1,<1;2;3;1001;1002;1003>,,,,
335,city/adventure/random_tower/icon/img_ptdr@.png,83,,52,,2,,小有实力，但是不足为惧的对手,普通的敌人,,,1,<1;2;3;1001;1002;1003>,,,,
336,city/adventure/random_tower/icon/img_jddr@.png,84,,51,,,,似乎是可以轻松击败的对手,简单的敌人,,,1,<1;2;3;1001;1002;1003>,,,,
337,city/adventure/random_tower/icon/img_jddr@.png,84,,51,,,,似乎是可以轻松击败的对手,简单的敌人,,,1,<1;2;3;1001;1002;1003>,,,,
338,city/adventure/random_tower/icon/img_jddr@.png,84,,51,,,,似乎是可以轻松击败的对手,简单的敌人,,,1,<1;2;3;1001;1002;1003>,,,,
339,city/adventure/random_tower/icon/img_ptdr@.png,84,,52,,2,,小有实力，但是不足为惧的对手,普通的敌人,,,1,<1;2;3;1001;1002;1003>,,,,
340,city/adventure/random_tower/icon/img_ptdr@.png,85,,52,,2,,小有实力，但是不足为惧的对手,普通的敌人,,,1,<1;2;3;1001;1002;1003>,,,,
341,city/adventure/random_tower/icon/img_ptdr@.png,85,,52,,2,,小有实力，但是不足为惧的对手,普通的敌人,,,1,<1;2;3;1001;1002;1003>,,,,
342,city/adventure/random_tower/icon/img_kndr@.png,85,,53,,3,,请谨慎挑选对手,困难的敌人,,,1,<1;2;3;1001;1002;1003>,,,,
343,city/adventure/random_tower/icon/img_kndr@.png,85,,53,,3,,请谨慎挑选对手,困难的敌人,,,1,<1;2;3;1001;1002;1003>,,,,
344,city/adventure/random_tower/icon/icon_wz.png,86,,,,,,,战斗效果,,,2,<1;2;3;1001;1002;1003>,,<<101;100>;<111;100>;<121;100>;<131;100>;<141;100>;<161;100>;<1;300>;<9999;100>>,,
345,city/adventure/random_tower/icon/icon_wz.png,86,,,,,,,属性加成,,,2,<1;2;3;1001;1002;1003>,,<<1;100>;<2;50>>,,
346,city/adventure/random_tower/icon/img_ptdr@.png,86,,52,,2,,小有实力，但是不足为惧的对手,普通的敌人,,,1,<1;2;3;1001;1002;1003>,,,,
347,city/adventure/random_tower/icon/img_kndr@.png,86,,53,,3,,请谨慎挑选对手,困难的敌人,,,1,<1;2;3;1001;1002;1003>,,,,
348,city/adventure/random_tower/icon/icon_wz.png,87,,,,,,,属性加成,,,2,<1;2;3;1001;1002;1003>,,<<1;100>;<2;50>>,,
349,city/adventure/random_tower/icon/icon_sj.png,87,,,,,,谁也不知道会发生什么,事件,,,4,<1;2;3;1001;1002;1003>,,,<<11;1000>;<12;500>;<21;1000>;<22;500>;<31;1000>;<32;500>;<41;1000>;<42;500>;<51;1000>;<52;500>;<61;1000>;<62;500>;<99;1>>,
350,city/adventure/random_tower/icon/img_jddr@.png,87,,51,,,,似乎是可以轻松击败的对手,简单的敌人,,,1,<1;2;3;1001;1002;1003>,,,,
351,city/adventure/random_tower/icon/img_ptdr@.png,87,,52,,2,,小有实力，但是不足为惧的对手,普通的敌人,,,1,<1;2;3;1001;1002;1003>,,,,
352,city/adventure/random_tower/icon/img_kndr@.png,87,,53,,3,,请谨慎挑选对手,困难的敌人,,,1,<1;2;3;1001;1002;1003>,,,,
353,city/adventure/random_tower/icon/icon_wz.png,88,,,,,,,战斗补给,,,2,<1;2;3;1001;1002;1003>,,<<4;100>>,,
354,city/adventure/random_tower/icon/icon_wz.png,88,,,,,,,战斗补给,,,2,<1;2;3;1001;1002;1003>,,<<5;100>>,,
355,city/adventure/random_tower/icon/icon_sj.png,88,,,,,,谁也不知道会发生什么,事件,,,4,<1;2;3;1001;1002;1003>,,,<<11;1000>;<12;500>;<21;1000>;<22;500>;<31;1000>;<32;500>;<41;1000>;<42;500>;<51;1000>;<52;500>;<61;1000>;<62;500>;<99;1>>,
356,city/adventure/random_tower/icon/img_jddr@.png,88,,51,,,,似乎是可以轻松击败的对手,简单的敌人,,,1,<1;2;3;1001;1002;1003>,,,,
357,city/adventure/random_tower/icon/img_ptdr@.png,88,,52,,2,,小有实力，但是不足为惧的对手,普通的敌人,,,1,<1;2;3;1001;1002;1003>,,,,
358,city/adventure/random_tower/icon/img_kndr@.png,88,,53,,3,,请谨慎挑选对手,困难的敌人,,,1,<1;2;3;1001;1002;1003>,,,,
359,city/adventure/random_tower/icon/img_kndr@.png,89,,53,,3,,请谨慎挑选对手,困难的敌人,,,1,<1;2;3;1001;1002;1003>,,,,
360,city/adventure/random_tower/icon/img_boss@.png,89,,54,,4,0.8,极为艰难的力量在前方,霸主,,,1,<1;2;3;1001;1002;1003>,,,,
361,city/adventure/random_tower/icon/img_boss@.png,89,,54,,4,0.8,极为艰难的力量在前方,霸主,,,1,<1;2;3;1001;1002;1003>,,,,
362,city/adventure/random_tower/icon/img_boss@.png,89,,54,,4,0.8,极为艰难的力量在前方,霸主,,,1,<1;2;3;1001;1002;1003>,,,,
363,city/adventure/random_tower/icon_hhbx.png,90,15,,,,,跨越巨大挑战后才会配拥有此回报,豪华宝箱,,,3,<1;2;3;1001;1002;1003>,,,,
364,city/adventure/random_tower/icon/icon_wz.png,91,,,,,,,战斗效果,,,2,<1;2;3;1001;1002;1003>,,<<101;100>;<111;100>;<121;100>;<131;100>;<141;100>;<161;100>;<1;300>;<9999;100>>,,
365,city/adventure/random_tower/icon/icon_wz.png,91,,,,,,,战斗效果,,,2,<1;2;3;1001;1002;1003>,,<<101;100>;<111;100>;<121;100>;<131;100>;<141;100>;<161;100>;<1;300>;<9999;100>>,,
366,city/adventure/random_tower/icon/icon_wz.png,91,,,,,,,战斗效果,,,2,<1;2;3;1001;1002;1003>,,<<101;100>;<111;100>;<121;100>;<131;100>;<141;100>;<161;100>;<1;300>;<9999;100>>,,
367,city/adventure/random_tower/icon/icon_wz.png,91,,,,,,,战斗效果,,,2,<1;2;3;1001;1002;1003>,,<<101;100>;<111;100>;<121;100>;<131;100>;<141;100>;<161;100>;<1;300>;<9999;100>>,,
368,city/adventure/random_tower/icon/icon_wz.png,92,,,,,,,战斗效果,,,2,<1;2;3;1001;1002;1003>,,<<101;100>;<111;100>;<121;100>;<131;100>;<141;100>;<161;100>;<1;300>;<9999;100>>,,
369,city/adventure/random_tower/icon/icon_wz.png,92,,,,,,,属性加成,,,2,<1;2;3;1001;1002;1003>,,<<2;100>;<3;30>>,,
370,city/adventure/random_tower/icon/icon_sj.png,92,,,,,,谁也不知道会发生什么,事件,,,4,<1;2;3;1001;1002;1003>,,,<<11;1000>;<12;500>;<21;1000>;<22;500>;<31;1000>;<32;500>;<41;1000>;<42;500>;<51;1000>;<52;500>;<61;1000>;<62;500>;<99;1>>,
371,city/adventure/random_tower/icon/img_jddr@.png,92,,51,,,,似乎是可以轻松击败的对手,简单的敌人,,,1,<1;2;3;1001;1002;1003>,,,,
372,city/adventure/random_tower/icon/img_jddr@.png,93,,51,,,,似乎是可以轻松击败的对手,简单的敌人,,,1,<1;2;3;1001;1002;1003>,,,,
373,city/adventure/random_tower/icon/img_jddr@.png,93,,51,,,,似乎是可以轻松击败的对手,简单的敌人,,,1,<1;2;3;1001;1002;1003>,,,,
374,city/adventure/random_tower/icon/img_ptdr@.png,93,,52,,2,,小有实力，但是不足为惧的对手,普通的敌人,,,1,<1;2;3;1001;1002;1003>,,,,
375,city/adventure/random_tower/icon/img_ptdr@.png,93,,52,,2,,小有实力，但是不足为惧的对手,普通的敌人,,,1,<1;2;3;1001;1002;1003>,,,,
376,city/adventure/random_tower/icon/img_jddr@.png,94,,51,,,,似乎是可以轻松击败的对手,简单的敌人,,,1,<1;2;3;1001;1002;1003>,,,,
377,city/adventure/random_tower/icon/img_jddr@.png,94,,51,,,,似乎是可以轻松击败的对手,简单的敌人,,,1,<1;2;3;1001;1002;1003>,,,,
378,city/adventure/random_tower/icon/img_jddr@.png,94,,51,,,,似乎是可以轻松击败的对手,简单的敌人,,,1,<1;2;3;1001;1002;1003>,,,,
379,city/adventure/random_tower/icon/img_ptdr@.png,94,,52,,2,,小有实力，但是不足为惧的对手,普通的敌人,,,1,<1;2;3;1001;1002;1003>,,,,
380,city/adventure/random_tower/icon/img_ptdr@.png,95,,52,,2,,小有实力，但是不足为惧的对手,普通的敌人,,,1,<1;2;3;1001;1002;1003>,,,,
381,city/adventure/random_tower/icon/img_ptdr@.png,95,,52,,2,,小有实力，但是不足为惧的对手,普通的敌人,,,1,<1;2;3;1001;1002;1003>,,,,
382,city/adventure/random_tower/icon/img_kndr@.png,95,,53,,3,,请谨慎挑选对手,困难的敌人,,,1,<1;2;3;1001;1002;1003>,,,,
383,city/adventure/random_tower/icon/img_kndr@.png,95,,53,,3,,请谨慎挑选对手,困难的敌人,,,1,<1;2;3;1001;1002;1003>,,,,
384,city/adventure/random_tower/icon/icon_wz.png,96,,,,,,,战斗效果,,,2,<1;2;3;1001;1002;1003>,,<<101;100>;<111;100>;<121;100>;<131;100>;<141;100>;<161;100>;<1;300>;<9999;100>>,,
385,city/adventure/random_tower/icon/icon_wz.png,96,,,,,,,属性加成,,,2,<1;2;3;1001;1002;1003>,,<<1;100>;<2;50>>,,
386,city/adventure/random_tower/icon/img_ptdr@.png,96,,52,,2,,小有实力，但是不足为惧的对手,普通的敌人,,,1,<1;2;3;1001;1002;1003>,,,,
387,city/adventure/random_tower/icon/img_kndr@.png,96,,53,,3,,请谨慎挑选对手,困难的敌人,,,1,<1;2;3;1001;1002;1003>,,,,
388,city/adventure/random_tower/icon/icon_wz.png,97,,,,,,,属性加成,,,2,<1;2;3;1001;1002;1003>,,<<1;100>;<2;50>>,,
389,city/adventure/random_tower/icon/icon_sj.png,97,,,,,,谁也不知道会发生什么,事件,,,4,<1;2;3;1001;1002;1003>,,,<<11;1000>;<12;500>;<21;1000>;<22;500>;<31;1000>;<32;500>;<41;1000>;<42;500>;<51;1000>;<52;500>;<61;1000>;<62;500>;<99;1>>,
390,city/adventure/random_tower/icon/img_jddr@.png,97,,51,,,,似乎是可以轻松击败的对手,简单的敌人,,,1,<1;2;3;1001;1002;1003>,,,,
391,city/adventure/random_tower/icon/img_ptdr@.png,97,,52,,2,,小有实力，但是不足为惧的对手,普通的敌人,,,1,<1;2;3;1001;1002;1003>,,,,
392,city/adventure/random_tower/icon/img_kndr@.png,97,,53,,3,,请谨慎挑选对手,困难的敌人,,,1,<1;2;3;1001;1002;1003>,,,,
393,city/adventure/random_tower/icon_bx.png,97,5,,,,,不经意间发现的宝箱,宝箱,,,3,<1;2;3;1001;1002;1003>,,,,
394,city/adventure/random_tower/icon/icon_wz.png,98,,,,,,,战斗补给,,,2,<1;2;3;1001;1002;1003>,,<<4;100>>,,
395,city/adventure/random_tower/icon/icon_wz.png,98,,,,,,,战斗补给,,,2,<1;2;3;1001;1002;1003>,,<<5;100>>,,
396,city/adventure/random_tower/icon/icon_sj.png,98,,,,,,谁也不知道会发生什么,事件,,,4,<1;2;3;1001;1002;1003>,,,<<11;1000>;<12;500>;<21;1000>;<22;500>;<31;1000>;<32;500>;<41;1000>;<42;500>;<51;1000>;<52;500>;<61;1000>;<62;500>;<99;1>>,
397,city/adventure/random_tower/icon/img_jddr@.png,98,,51,,,,似乎是可以轻松击败的对手,简单的敌人,,,1,<1;2;3;1001;1002;1003>,,,,
398,city/adventure/random_tower/icon/img_ptdr@.png,98,,52,,2,,小有实力，但是不足为惧的对手,普通的敌人,,,1,<1;2;3;1001;1002;1003>,,,,
399,city/adventure/random_tower/icon/img_kndr@.png,98,,53,,3,,请谨慎挑选对手,困难的敌人,,,1,<1;2;3;1001;1002;1003>,,,,
400,city/adventure/random_tower/icon/img_kndr@.png,99,,53,,3,,请谨慎挑选对手,困难的敌人,,,1,<1;2;3;1001;1002;1003>,,,,
401,city/adventure/random_tower/icon/img_boss@.png,99,,54,,4,0.8,极为艰难的力量在前方,霸主,,,1,<1;2;3;1001;1002;1003>,,,,
402,city/adventure/random_tower/icon/img_boss@.png,99,,54,,4,0.8,极为艰难的力量在前方,霸主,,,1,<1;2;3;1001;1002;1003>,,,,
403,city/adventure/random_tower/icon/img_boss@.png,99,,54,,4,0.8,极为艰难的力量在前方,霸主,,,1,<1;2;3;1001;1002;1003>,,,,
404,city/adventure/random_tower/icon/icon_sj.png,100,,,,,,谁也不知道会发生什么,事件,,,4,<1;2;3;1001;1002;1003>,,,<<11;1000>;<12;500>;<21;1000>;<22;500>;<31;1000>;<32;500>;<41;1000>;<42;500>;<51;1000>;<52;500>;<61;1000>;<62;500>;<99;1>>,
405,city/adventure/random_tower/icon/icon_wz.png,101,,,,,,,战斗效果,,,2,<1;2;3;1001;1002;1003>,,<<101;100>;<111;100>;<121;100>;<131;100>;<141;100>;<161;100>;<1;300>;<9999;100>>,,
406,city/adventure/random_tower/icon/icon_wz.png,101,,,,,,,战斗效果,,,2,<1;2;3;1001;1002;1003>,,<<101;100>;<111;100>;<121;100>;<131;100>;<141;100>;<161;100>;<1;300>;<9999;100>>,,
407,city/adventure/random_tower/icon/icon_wz.png,101,,,,,,,战斗效果,,,2,<1;2;3;1001;1002;1003>,,<<101;100>;<111;100>;<121;100>;<131;100>;<141;100>;<161;100>;<1;300>;<9999;100>>,,
408,city/adventure/random_tower/icon/icon_wz.png,101,,,,,,,战斗效果,,,2,<1;2;3;1001;1002;1003>,,<<101;100>;<111;100>;<121;100>;<131;100>;<141;100>;<161;100>;<1;300>;<9999;100>>,,
409,city/adventure/random_tower/icon/icon_wz.png,102,,,,,,,战斗效果,,,2,<1;2;3;1001;1002;1003>,,<<101;100>;<111;100>;<121;100>;<131;100>;<141;100>;<161;100>;<1;300>;<9999;100>>,,
410,city/adventure/random_tower/icon/icon_wz.png,102,,,,,,,属性加成,,,2,<1;2;3;1001;1002;1003>,,<<2;100>;<3;30>>,,
411,city/adventure/random_tower/icon/icon_sj.png,102,,,,,,谁也不知道会发生什么,事件,,,4,<1;2;3;1001;1002;1003>,,,<<11;1000>;<12;500>;<21;1000>;<22;500>;<31;1000>;<32;500>;<41;1000>;<42;500>;<51;1000>;<52;500>;<61;1000>;<62;500>;<99;1>>,
412,city/adventure/random_tower/icon/img_ptdr@.png,102,,52,,2,,小有实力，但是不足为惧的对手,普通的敌人,,,1,<1;2;3;1001;1002;1003>,,,,
413,city/adventure/random_tower/icon/img_jddr@.png,103,,51,,,,似乎是可以轻松击败的对手,简单的敌人,,,1,<1;2;3;1001;1002;1003>,,,,
414,city/adventure/random_tower/icon/img_jddr@.png,103,,51,,,,似乎是可以轻松击败的对手,简单的敌人,,,1,<1;2;3;1001;1002;1003>,,,,
415,city/adventure/random_tower/icon/img_ptdr@.png,103,,52,,2,,小有实力，但是不足为惧的对手,普通的敌人,,,1,<1;2;3;1001;1002;1003>,,,,
416,city/adventure/random_tower/icon/img_ptdr@.png,103,,52,,2,,小有实力，但是不足为惧的对手,普通的敌人,,,1,<1;2;3;1001;1002;1003>,,,,
417,city/adventure/random_tower/icon/img_jddr@.png,104,,51,,,,似乎是可以轻松击败的对手,简单的敌人,,,1,<1;2;3;1001;1002;1003>,,,,
418,city/adventure/random_tower/icon/img_jddr@.png,104,,51,,,,似乎是可以轻松击败的对手,简单的敌人,,,1,<1;2;3;1001;1002;1003>,,,,
419,city/adventure/random_tower/icon/img_ptdr@.png,104,,52,,2,,小有实力，但是不足为惧的对手,普通的敌人,,,1,<1;2;3;1001;1002;1003>,,,,
420,city/adventure/random_tower/icon/img_ptdr@.png,104,,52,,2,,小有实力，但是不足为惧的对手,普通的敌人,,,1,<1;2;3;1001;1002;1003>,,,,
421,city/adventure/random_tower/icon/img_ptdr@.png,105,,52,,2,,小有实力，但是不足为惧的对手,普通的敌人,,,1,<1;2;3;1001;1002;1003>,,,,
422,city/adventure/random_tower/icon/img_kndr@.png,105,,53,,3,,请谨慎挑选对手,困难的敌人,,,1,<1;2;3;1001;1002;1003>,,,,
423,city/adventure/random_tower/icon/img_kndr@.png,105,,53,,3,,请谨慎挑选对手,困难的敌人,,,1,<1;2;3;1001;1002;1003>,,,,
424,city/adventure/random_tower/icon/img_kndr@.png,105,,53,,3,,请谨慎挑选对手,困难的敌人,,,1,<1;2;3;1001;1002;1003>,,,,
425,city/adventure/random_tower/icon/icon_wz.png,106,,,,,,,战斗效果,,,2,<1;2;3;1001;1002;1003>,,<<101;100>;<111;100>;<121;100>;<131;100>;<141;100>;<161;100>;<1;300>;<9999;100>>,,
426,city/adventure/random_tower/icon/icon_wz.png,106,,,,,,,属性加成,,,2,<1;2;3;1001;1002;1003>,,<<1;100>;<2;50>>,,
427,city/adventure/random_tower/icon/img_ptdr@.png,106,,52,,2,,小有实力，但是不足为惧的对手,普通的敌人,,,1,<1;2;3;1001;1002;1003>,,,,
428,city/adventure/random_tower/icon/img_kndr@.png,106,,53,,3,,请谨慎挑选对手,困难的敌人,,,1,<1;2;3;1001;1002;1003>,,,,
429,city/adventure/random_tower/icon/icon_wz.png,107,,,,,,,属性加成,,,2,<1;2;3;1001;1002;1003>,,<<1;100>;<2;50>>,,
430,city/adventure/random_tower/icon/icon_sj.png,107,,,,,,谁也不知道会发生什么,事件,,,4,<1;2;3;1001;1002;1003>,,,<<11;1000>;<12;500>;<21;1000>;<22;500>;<31;1000>;<32;500>;<41;1000>;<42;500>;<51;1000>;<52;500>;<61;1000>;<62;500>;<99;1>>,
431,city/adventure/random_tower/icon/img_ptdr@.png,107,,52,,2,,小有实力，但是不足为惧的对手,普通的敌人,,,1,<1;2;3;1001;1002;1003>,,,,
432,city/adventure/random_tower/icon/img_ptdr@.png,107,,52,,2,,小有实力，但是不足为惧的对手,普通的敌人,,,1,<1;2;3;1001;1002;1003>,,,,
433,city/adventure/random_tower/icon/img_kndr@.png,107,,53,,3,,请谨慎挑选对手,困难的敌人,,,1,<1;2;3;1001;1002;1003>,,,,
434,city/adventure/random_tower/icon/icon_wz.png,108,,,,,,,战斗补给,,,2,<1;2;3;1001;1002;1003>,,<<4;100>>,,
435,city/adventure/random_tower/icon/icon_wz.png,108,,,,,,,战斗补给,,,2,<1;2;3;1001;1002;1003>,,<<5;100>>,,
436,city/adventure/random_tower/icon/icon_sj.png,108,,,,,,谁也不知道会发生什么,事件,,,4,<1;2;3;1001;1002;1003>,,,<<11;1000>;<12;500>;<21;1000>;<22;500>;<31;1000>;<32;500>;<41;1000>;<42;500>;<51;1000>;<52;500>;<61;1000>;<62;500>;<99;1>>,
437,city/adventure/random_tower/icon/img_ptdr@.png,108,,52,,2,,小有实力，但是不足为惧的对手,普通的敌人,,,1,<1;2;3;1001;1002;1003>,,,,
438,city/adventure/random_tower/icon/img_ptdr@.png,108,,52,,2,,小有实力，但是不足为惧的对手,普通的敌人,,,1,<1;2;3;1001;1002;1003>,,,,
439,city/adventure/random_tower/icon/img_kndr@.png,108,,53,,3,,请谨慎挑选对手,困难的敌人,,,1,<1;2;3;1001;1002;1003>,,,,
440,city/adventure/random_tower/icon/img_kndr@.png,109,,53,,3,,请谨慎挑选对手,困难的敌人,,,1,<1;2;3;1001;1002;1003>,,,,
441,city/adventure/random_tower/icon/img_boss@.png,109,,54,,4,0.8,极为艰难的力量在前方,霸主,,,1,<1;2;3;1001;1002;1003>,,,,
442,city/adventure/random_tower/icon/img_boss@.png,109,,54,,4,0.8,极为艰难的力量在前方,霸主,,,1,<1;2;3;1001;1002;1003>,,,,
443,city/adventure/random_tower/icon/img_boss@.png,109,,54,,4,0.8,极为艰难的力量在前方,霸主,,,1,<1;2;3;1001;1002;1003>,,,,
444,city/adventure/random_tower/icon_hhbx.png,110,16,,,,,跨越巨大挑战后才会配拥有此回报,豪华宝箱,,,3,<1;2;3;1001;1002;1003>,,,,
445,city/adventure/random_tower/icon/icon_wz.png,111,,,,,,,战斗效果,,,2,<1;2;3;1001;1002;1003>,,<<101;100>;<111;100>;<121;100>;<131;100>;<141;100>;<161;100>;<1;300>;<9999;100>>,,
446,city/adventure/random_tower/icon/icon_wz.png,111,,,,,,,战斗效果,,,2,<1;2;3;1001;1002;1003>,,<<101;100>;<111;100>;<121;100>;<131;100>;<141;100>;<161;100>;<1;300>;<9999;100>>,,
447,city/adventure/random_tower/icon/icon_wz.png,111,,,,,,,战斗效果,,,2,<1;2;3;1001;1002;1003>,,<<101;100>;<111;100>;<121;100>;<131;100>;<141;100>;<161;100>;<1;300>;<9999;100>>,,
448,city/adventure/random_tower/icon/icon_wz.png,111,,,,,,,战斗效果,,,2,<1;2;3;1001;1002;1003>,,<<101;100>;<111;100>;<121;100>;<131;100>;<141;100>;<161;100>;<1;300>;<9999;100>>,,
449,city/adventure/random_tower/icon/icon_wz.png,112,,,,,,,战斗效果,,,2,<1;2;3;1001;1002;1003>,,<<101;100>;<111;100>;<121;100>;<131;100>;<141;100>;<161;100>;<1;300>;<9999;100>>,,
450,city/adventure/random_tower/icon/icon_wz.png,112,,,,,,,属性加成,,,2,<1;2;3;1001;1002;1003>,,<<2;100>;<3;30>>,,
451,city/adventure/random_tower/icon/icon_sj.png,112,,,,,,谁也不知道会发生什么,事件,,,4,<1;2;3;1001;1002;1003>,,,<<11;1000>;<12;500>;<21;1000>;<22;500>;<31;1000>;<32;500>;<41;1000>;<42;500>;<51;1000>;<52;500>;<61;1000>;<62;500>;<99;1>>,
452,city/adventure/random_tower/icon/img_ptdr@.png,112,,52,,2,,小有实力，但是不足为惧的对手,普通的敌人,,,1,<1;2;3;1001;1002;1003>,,,,
453,city/adventure/random_tower/icon/img_jddr@.png,113,,51,,,,似乎是可以轻松击败的对手,简单的敌人,,,1,<1;2;3;1001;1002;1003>,,,,
454,city/adventure/random_tower/icon/img_jddr@.png,113,,51,,,,似乎是可以轻松击败的对手,简单的敌人,,,1,<1;2;3;1001;1002;1003>,,,,
455,city/adventure/random_tower/icon/img_ptdr@.png,113,,52,,2,,小有实力，但是不足为惧的对手,普通的敌人,,,1,<1;2;3;1001;1002;1003>,,,,
456,city/adventure/random_tower/icon/img_ptdr@.png,113,,52,,2,,小有实力，但是不足为惧的对手,普通的敌人,,,1,<1;2;3;1001;1002;1003>,,,,
457,city/adventure/random_tower/icon/img_jddr@.png,114,,51,,,,似乎是可以轻松击败的对手,简单的敌人,,,1,<1;2;3;1001;1002;1003>,,,,
458,city/adventure/random_tower/icon/img_jddr@.png,114,,51,,,,似乎是可以轻松击败的对手,简单的敌人,,,1,<1;2;3;1001;1002;1003>,,,,
459,city/adventure/random_tower/icon/img_ptdr@.png,114,,52,,2,,小有实力，但是不足为惧的对手,普通的敌人,,,1,<1;2;3;1001;1002;1003>,,,,
460,city/adventure/random_tower/icon/img_ptdr@.png,114,,52,,2,,小有实力，但是不足为惧的对手,普通的敌人,,,1,<1;2;3;1001;1002;1003>,,,,
461,city/adventure/random_tower/icon/img_ptdr@.png,115,,52,,2,,小有实力，但是不足为惧的对手,普通的敌人,,,1,<1;2;3;1001;1002;1003>,,,,
462,city/adventure/random_tower/icon/img_kndr@.png,115,,53,,3,,请谨慎挑选对手,困难的敌人,,,1,<1;2;3;1001;1002;1003>,,,,
463,city/adventure/random_tower/icon/img_kndr@.png,115,,53,,3,,请谨慎挑选对手,困难的敌人,,,1,<1;2;3;1001;1002;1003>,,,,
464,city/adventure/random_tower/icon/img_kndr@.png,115,,53,,3,,请谨慎挑选对手,困难的敌人,,,1,<1;2;3;1001;1002;1003>,,,,
465,city/adventure/random_tower/icon/icon_wz.png,116,,,,,,,战斗效果,,,2,<1;2;3;1001;1002;1003>,,<<101;100>;<111;100>;<121;100>;<131;100>;<141;100>;<161;100>;<1;300>;<9999;100>>,,
466,city/adventure/random_tower/icon/icon_wz.png,116,,,,,,,属性加成,,,2,<1;2;3;1001;1002;1003>,,<<1;100>;<2;50>>,,
467,city/adventure/random_tower/icon/img_ptdr@.png,116,,52,,2,,小有实力，但是不足为惧的对手,普通的敌人,,,1,<1;2;3;1001;1002;1003>,,,,
468,city/adventure/random_tower/icon/img_kndr@.png,116,,53,,3,,请谨慎挑选对手,困难的敌人,,,1,<1;2;3;1001;1002;1003>,,,,
469,city/adventure/random_tower/icon/icon_wz.png,117,,,,,,,属性加成,,,2,<1;2;3;1001;1002;1003>,,<<1;100>;<2;50>>,,
470,city/adventure/random_tower/icon/icon_sj.png,117,,,,,,谁也不知道会发生什么,事件,,,4,<1;2;3;1001;1002;1003>,,,<<11;1000>;<12;500>;<21;1000>;<22;500>;<31;1000>;<32;500>;<41;1000>;<42;500>;<51;1000>;<52;500>;<61;1000>;<62;500>;<99;1>>,
471,city/adventure/random_tower/icon/img_ptdr@.png,117,,52,,2,,小有实力，但是不足为惧的对手,普通的敌人,,,1,<1;2;3;1001;1002;1003>,,,,
472,city/adventure/random_tower/icon/img_ptdr@.png,117,,52,,2,,小有实力，但是不足为惧的对手,普通的敌人,,,1,<1;2;3;1001;1002;1003>,,,,
473,city/adventure/random_tower/icon/img_kndr@.png,117,,53,,3,,请谨慎挑选对手,困难的敌人,,,1,<1;2;3;1001;1002;1003>,,,,
474,city/adventure/random_tower/icon_bx.png,117,6,,,,,不经意间发现的宝箱,宝箱,,,3,<1;2;3;1001;1002;1003>,,,,
475,city/adventure/random_tower/icon/icon_wz.png,118,,,,,,,战斗补给,,,2,<1;2;3;1001;1002;1003>,,<<4;100>>,,
476,city/adventure/random_tower/icon/icon_wz.png,118,,,,,,,战斗补给,,,2,<1;2;3;1001;1002;1003>,,<<5;100>>,,
477,city/adventure/random_tower/icon/icon_sj.png,118,,,,,,谁也不知道会发生什么,事件,,,4,<1;2;3;1001;1002;1003>,,,<<11;1000>;<12;500>;<21;1000>;<22;500>;<31;1000>;<32;500>;<41;1000>;<42;500>;<51;1000>;<52;500>;<61;1000>;<62;500>;<99;1>>,
478,city/adventure/random_tower/icon/img_ptdr@.png,118,,52,,2,,小有实力，但是不足为惧的对手,普通的敌人,,,1,<1;2;3;1001;1002;1003>,,,,
479,city/adventure/random_tower/icon/img_ptdr@.png,118,,52,,2,,小有实力，但是不足为惧的对手,普通的敌人,,,1,<1;2;3;1001;1002;1003>,,,,
480,city/adventure/random_tower/icon/img_kndr@.png,118,,53,,3,,请谨慎挑选对手,困难的敌人,,,1,<1;2;3;1001;1002;1003>,,,,
481,city/adventure/random_tower/icon/img_kndr@.png,119,,53,,3,,请谨慎挑选对手,困难的敌人,,,1,<1;2;3;1001;1002;1003>,,,,
482,city/adventure/random_tower/icon/img_boss@.png,119,,54,,4,0.8,极为艰难的力量在前方,霸主,,,1,<1;2;3;1001;1002;1003>,,,,
483,city/adventure/random_tower/icon/img_boss@.png,119,,54,,4,0.8,极为艰难的力量在前方,霸主,,,1,<1;2;3;1001;1002;1003>,,,,
484,city/adventure/random_tower/icon/img_boss@.png,119,,54,,4,0.8,极为艰难的力量在前方,霸主,,,1,<1;2;3;1001;1002;1003>,,,,
485,city/adventure/random_tower/icon/icon_sj.png,120,,,,,,谁也不知道会发生什么,事件,,,4,<1;2;3;1001;1002;1003>,,,<<11;1000>;<12;500>;<13;100>;<21;1000>;<22;500>;<23;100>;<31;1000>;<32;500>;<33;100>;<41;1000>;<42;500>;<43;100>;<51;1000>;<52;500>;<53;100>;<61;1000>;<62;500>;<63;100>;<99;1>>,
486,city/adventure/random_tower/icon/icon_wz.png,121,,,,,,,战斗效果,,,2,<1;2;3;1001;1002;1003>,,<<101;100>;<111;100>;<121;100>;<131;100>;<141;100>;<161;100>;<1;300>;<9999;100>>,,
487,city/adventure/random_tower/icon/icon_wz.png,121,,,,,,,战斗效果,,,2,<1;2;3;1001;1002;1003>,,<<101;100>;<111;100>;<121;100>;<131;100>;<141;100>;<161;100>;<1;300>;<9999;100>>,,
488,city/adventure/random_tower/icon/icon_wz.png,121,,,,,,,战斗效果,,,2,<1;2;3;1001;1002;1003>,,<<101;100>;<111;100>;<121;100>;<131;100>;<141;100>;<161;100>;<1;300>;<9999;100>>,,
489,city/adventure/random_tower/icon/icon_sj.png,121,,,,,,谁也不知道会发生什么,事件,,,4,<1;2;3;1001;1002;1003>,,,<<11;1000>;<12;500>;<21;1000>;<22;500>;<31;1000>;<32;500>;<41;1000>;<42;500>;<51;1000>;<52;500>;<61;1000>;<62;500>;<99;1>>,
490,city/adventure/random_tower/icon/icon_sj.png,121,,,,,,谁也不知道会发生什么,事件,,,4,<1;2;3;1001;1002;1003>,,,<<11;1000>;<12;500>;<13;100>;<21;1000>;<22;500>;<23;100>;<31;1000>;<32;500>;<33;100>;<41;1000>;<42;500>;<43;100>;<51;1000>;<52;500>;<53;100>;<61;1000>;<62;500>;<63;100>;<99;1>>,
491,city/adventure/random_tower/icon/img_kndr@.png,121,,53,,3,,请谨慎挑选对手,困难的敌人,,,1,<1;2;3;1001;1002;1003>,,,,
492,city/adventure/random_tower/icon/icon_wz.png,122,,,,,,,属性加成,,,2,<1;2;3;1001;1002;1003>,,<<2;100>;<3;30>>,,
493,city/adventure/random_tower/icon/icon_sj.png,122,,51,,,,谁也不知道会发生什么,事件,,,4,<1;2;3;1001;1002;1003>,,,<<6;100>>,
494,city/adventure/random_tower/icon/img_jddr@.png,122,,51,,,,似乎是可以轻松击败的对手,简单的敌人,,,1,<1;2;3;1001;1002;1003>,,,,
495,city/adventure/random_tower/icon/img_ptdr@.png,122,,52,,2,,小有实力，但是不足为惧的对手,普通的敌人,,,1,<1;2;3;1001;1002;1003>,,,,
496,city/adventure/random_tower/icon/img_jddr@.png,123,,51,,,,似乎是可以轻松击败的对手,简单的敌人,,,1,<1;2;3;1001;1002;1003>,,,,
497,city/adventure/random_tower/icon/img_jddr@.png,123,,51,,,,似乎是可以轻松击败的对手,简单的敌人,,,1,<1;2;3;1001;1002;1003>,,,,
498,city/adventure/random_tower/icon/img_ptdr@.png,123,,52,,2,,小有实力，但是不足为惧的对手,普通的敌人,,,1,<1;2;3;1001;1002;1003>,,,,
499,city/adventure/random_tower/icon/img_ptdr@.png,123,,52,,2,,小有实力，但是不足为惧的对手,普通的敌人,,,1,<1;2;3;1001;1002;1003>,,,,
500,city/adventure/random_tower/icon/img_jddr@.png,124,,51,,,,似乎是可以轻松击败的对手,简单的敌人,,,1,<1;2;3;1001;1002;1003>,,,,
501,city/adventure/random_tower/icon/img_jddr@.png,124,,51,,,,似乎是可以轻松击败的对手,简单的敌人,,,1,<1;2;3;1001;1002;1003>,,,,
502,city/adventure/random_tower/icon/img_ptdr@.png,124,,52,,2,,小有实力，但是不足为惧的对手,普通的敌人,,,1,<1;2;3;1001;1002;1003>,,,,
503,city/adventure/random_tower/icon/img_ptdr@.png,124,,52,,2,,小有实力，但是不足为惧的对手,普通的敌人,,,1,<1;2;3;1001;1002;1003>,,,,
504,city/adventure/random_tower/icon/img_ptdr@.png,125,,52,,2,,小有实力，但是不足为惧的对手,普通的敌人,,,1,<1;2;3;1001;1002;1003>,,,,
505,city/adventure/random_tower/icon/img_kndr@.png,125,,53,,3,,请谨慎挑选对手,困难的敌人,,,1,<1;2;3;1001;1002;1003>,,,,
506,city/adventure/random_tower/icon/img_kndr@.png,125,,53,,3,,请谨慎挑选对手,困难的敌人,,,1,<1;2;3;1001;1002;1003>,,,,
507,city/adventure/random_tower/icon/img_kndr@.png,125,,53,,3,,请谨慎挑选对手,困难的敌人,,,1,<1;2;3;1001;1002;1003>,,,,
508,city/adventure/random_tower/icon/icon_wz.png,126,,,,,,,属性加成,,,2,<1;2;3;1001;1002;1003>,,<<1;100>;<2;50>>,,
509,city/adventure/random_tower/icon/icon_wz.png,126,,,,,,,属性加成,,,2,<1;2;3;1001;1002;1003>,,<<2;100>;<3;30>>,,
510,city/adventure/random_tower/icon/img_ptdr@.png,126,,52,,2,,小有实力，但是不足为惧的对手,普通的敌人,,,1,<1;2;3;1001;1002;1003>,,,,
511,city/adventure/random_tower/icon/img_kndr@.png,126,,53,,3,,请谨慎挑选对手,困难的敌人,,,1,<1;2;3;1001;1002;1003>,,,,
512,city/adventure/random_tower/icon/img_kndr@.png,126,,53,,3,,请谨慎挑选对手,困难的敌人,,,1,<1;2;3;1001;1002;1003>,,,,
513,city/adventure/random_tower/icon/icon_wz.png,127,,,,,,,属性加成,,,2,<1;2;3;1001;1002;1003>,,<<2;100>;<3;30>>,,
514,city/adventure/random_tower/icon/icon_sj.png,127,,,,,,谁也不知道会发生什么,事件,,,4,<1;2;3;1001;1002;1003>,,,<<11;1000>;<12;500>;<21;1000>;<22;500>;<31;1000>;<32;500>;<41;1000>;<42;500>;<51;1000>;<52;500>;<61;1000>;<62;500>;<99;1>>,
515,city/adventure/random_tower/icon/img_ptdr@.png,127,,52,,2,,小有实力，但是不足为惧的对手,普通的敌人,,,1,<1;2;3;1001;1002;1003>,,,,
516,city/adventure/random_tower/icon/img_ptdr@.png,127,,52,,2,,小有实力，但是不足为惧的对手,普通的敌人,,,1,<1;2;3;1001;1002;1003>,,,,
517,city/adventure/random_tower/icon/img_kndr@.png,127,,53,,3,,请谨慎挑选对手,困难的敌人,,,1,<1;2;3;1001;1002;1003>,,,,
518,city/adventure/random_tower/icon/img_kndr@.png,127,,53,,3,,请谨慎挑选对手,困难的敌人,,,1,<1;2;3;1001;1002;1003>,,,,
519,city/adventure/random_tower/icon/icon_wz.png,128,,,,,,,战斗补给,,,2,<1;2;3;1001;1002;1003>,,<<4;100>>,,
520,city/adventure/random_tower/icon/icon_wz.png,128,,,,,,,战斗补给,,,2,<1;2;3;1001;1002;1003>,,<<5;100>>,,
521,city/adventure/random_tower/icon/icon_sj.png,128,,,,,,谁也不知道会发生什么,事件,,,4,<1;2;3;1001;1002;1003>,,,<<11;1000>;<12;500>;<21;1000>;<22;500>;<31;1000>;<32;500>;<41;1000>;<42;500>;<51;1000>;<52;500>;<61;1000>;<62;500>;<99;1>>,
522,city/adventure/random_tower/icon/img_ptdr@.png,128,,52,,2,,小有实力，但是不足为惧的对手,普通的敌人,,,1,<1;2;3;1001;1002;1003>,,,,
523,city/adventure/random_tower/icon/img_ptdr@.png,128,,52,,2,,小有实力，但是不足为惧的对手,普通的敌人,,,1,<1;2;3;1001;1002;1003>,,,,
524,city/adventure/random_tower/icon/img_kndr@.png,128,,53,,3,,请谨慎挑选对手,困难的敌人,,,1,<1;2;3;1001;1002;1003>,,,,
525,city/adventure/random_tower/icon/img_kndr@.png,128,,53,,3,,请谨慎挑选对手,困难的敌人,,,1,<1;2;3;1001;1002;1003>,,,,
526,city/adventure/random_tower/icon/img_kndr@.png,129,,53,,3,,请谨慎挑选对手,困难的敌人,,,1,<1;2;3;1001;1002;1003>,,,,
527,city/adventure/random_tower/icon/img_boss@.png,129,,54,,4,0.8,极为艰难的力量在前方,霸主,,,1,<1;2;3;1001;1002;1003>,,,,
528,city/adventure/random_tower/icon/img_boss@.png,129,,54,,4,0.8,极为艰难的力量在前方,霸主,,,1,<1;2;3;1001;1002;1003>,,,,
529,city/adventure/random_tower/icon/img_boss@.png,129,,54,,4,0.8,极为艰难的力量在前方,霸主,,,1,<1;2;3;1001;1002;1003>,,,,
530,city/adventure/random_tower/icon_hhbx.png,130,17,,,,,跨越巨大挑战后才会配拥有此回报,豪华宝箱,,,3,<1;2;3;1001;1002;1003>,,,,
531,city/adventure/random_tower/icon/icon_wz.png,131,,,,,,,战斗效果,,,2,<1;2;3;1001;1002;1003>,,<<101;100>;<111;100>;<121;100>;<131;100>;<141;100>;<161;100>;<1;300>;<9999;100>>,,
532,city/adventure/random_tower/icon/icon_wz.png,131,,,,,,,战斗效果,,,2,<1;2;3;1001;1002;1003>,,<<101;100>;<111;100>;<121;100>;<131;100>;<141;100>;<161;100>;<1;300>;<9999;100>>,,
533,city/adventure/random_tower/icon/icon_wz.png,131,,,,,,,战斗效果,,,2,<1;2;3;1001;1002;1003>,,<<101;100>;<111;100>;<121;100>;<131;100>;<141;100>;<161;100>;<1;300>;<9999;100>>,,
534,city/adventure/random_tower/icon/icon_sj.png,131,,,,,,谁也不知道会发生什么,事件,,,4,<1;2;3;1001;1002;1003>,,,<<11;1000>;<12;500>;<21;1000>;<22;500>;<31;1000>;<32;500>;<41;1000>;<42;500>;<51;1000>;<52;500>;<61;1000>;<62;500>;<99;1>>,
535,city/adventure/random_tower/icon/icon_sj.png,131,,,,,,谁也不知道会发生什么,事件,,,4,<1;2;3;1001;1002;1003>,,,<<11;1000>;<12;500>;<13;100>;<21;1000>;<22;500>;<23;100>;<31;1000>;<32;500>;<33;100>;<41;1000>;<42;500>;<43;100>;<51;1000>;<52;500>;<53;100>;<61;1000>;<62;500>;<63;100>;<99;1>>,
536,city/adventure/random_tower/icon/img_kndr@.png,131,,53,,3,,请谨慎挑选对手,困难的敌人,,,1,<1;2;3;1001;1002;1003>,,,,
537,city/adventure/random_tower/icon/icon_wz.png,132,,,,,,,属性加成,,,2,<1;2;3;1001;1002;1003>,,<<2;100>;<3;30>>,,
538,city/adventure/random_tower/icon/icon_sj.png,132,,51,,,,谁也不知道会发生什么,事件,,,4,<1;2;3;1001;1002;1003>,,,<<6;100>>,
539,city/adventure/random_tower/icon/img_jddr@.png,132,,51,,,,似乎是可以轻松击败的对手,简单的敌人,,,1,<1;2;3;1001;1002;1003>,,,,
540,city/adventure/random_tower/icon/img_ptdr@.png,132,,52,,2,,小有实力，但是不足为惧的对手,普通的敌人,,,1,<1;2;3;1001;1002;1003>,,,,
541,city/adventure/random_tower/icon/img_jddr@.png,133,,51,,,,似乎是可以轻松击败的对手,简单的敌人,,,1,<1;2;3;1001;1002;1003>,,,,
542,city/adventure/random_tower/icon/img_jddr@.png,133,,51,,,,似乎是可以轻松击败的对手,简单的敌人,,,1,<1;2;3;1001;1002;1003>,,,,
543,city/adventure/random_tower/icon/img_ptdr@.png,133,,52,,2,,小有实力，但是不足为惧的对手,普通的敌人,,,1,<1;2;3;1001;1002;1003>,,,,
544,city/adventure/random_tower/icon/img_ptdr@.png,133,,52,,2,,小有实力，但是不足为惧的对手,普通的敌人,,,1,<1;2;3;1001;1002;1003>,,,,
545,city/adventure/random_tower/icon/img_jddr@.png,134,,51,,,,似乎是可以轻松击败的对手,简单的敌人,,,1,<1;2;3;1001;1002;1003>,,,,
546,city/adventure/random_tower/icon/img_jddr@.png,134,,51,,,,似乎是可以轻松击败的对手,简单的敌人,,,1,<1;2;3;1001;1002;1003>,,,,
547,city/adventure/random_tower/icon/img_ptdr@.png,134,,52,,2,,小有实力，但是不足为惧的对手,普通的敌人,,,1,<1;2;3;1001;1002;1003>,,,,
548,city/adventure/random_tower/icon/img_ptdr@.png,134,,52,,2,,小有实力，但是不足为惧的对手,普通的敌人,,,1,<1;2;3;1001;1002;1003>,,,,
549,city/adventure/random_tower/icon/img_ptdr@.png,135,,52,,2,,小有实力，但是不足为惧的对手,普通的敌人,,,1,<1;2;3;1001;1002;1003>,,,,
550,city/adventure/random_tower/icon/img_kndr@.png,135,,53,,3,,请谨慎挑选对手,困难的敌人,,,1,<1;2;3;1001;1002;1003>,,,,
551,city/adventure/random_tower/icon/img_kndr@.png,135,,53,,3,,请谨慎挑选对手,困难的敌人,,,1,<1;2;3;1001;1002;1003>,,,,
552,city/adventure/random_tower/icon/img_kndr@.png,135,,53,,3,,请谨慎挑选对手,困难的敌人,,,1,<1;2;3;1001;1002;1003>,,,,
553,city/adventure/random_tower/icon/icon_wz.png,136,,,,,,,属性加成,,,2,<1;2;3;1001;1002;1003>,,<<1;100>;<2;50>>,,
554,city/adventure/random_tower/icon/icon_wz.png,136,,,,,,,属性加成,,,2,<1;2;3;1001;1002;1003>,,<<2;100>;<3;30>>,,
555,city/adventure/random_tower/icon/img_ptdr@.png,136,,52,,2,,小有实力，但是不足为惧的对手,普通的敌人,,,1,<1;2;3;1001;1002;1003>,,,,
556,city/adventure/random_tower/icon/img_kndr@.png,136,,53,,3,,请谨慎挑选对手,困难的敌人,,,1,<1;2;3;1001;1002;1003>,,,,
557,city/adventure/random_tower/icon/img_kndr@.png,136,,53,,3,,请谨慎挑选对手,困难的敌人,,,1,<1;2;3;1001;1002;1003>,,,,
558,city/adventure/random_tower/icon/icon_wz.png,137,,,,,,,属性加成,,,2,<1;2;3;1001;1002;1003>,,<<2;100>;<3;30>>,,
559,city/adventure/random_tower/icon/icon_sj.png,137,,,,,,谁也不知道会发生什么,事件,,,4,<1;2;3;1001;1002;1003>,,,<<11;1000>;<12;500>;<21;1000>;<22;500>;<31;1000>;<32;500>;<41;1000>;<42;500>;<51;1000>;<52;500>;<61;1000>;<62;500>;<99;1>>,
560,city/adventure/random_tower/icon/img_ptdr@.png,137,,52,,2,,小有实力，但是不足为惧的对手,普通的敌人,,,1,<1;2;3;1001;1002;1003>,,,,
561,city/adventure/random_tower/icon/img_ptdr@.png,137,,52,,2,,小有实力，但是不足为惧的对手,普通的敌人,,,1,<1;2;3;1001;1002;1003>,,,,
562,city/adventure/random_tower/icon/img_kndr@.png,137,,53,,3,,请谨慎挑选对手,困难的敌人,,,1,<1;2;3;1001;1002;1003>,,,,
563,city/adventure/random_tower/icon/img_kndr@.png,137,,53,,3,,请谨慎挑选对手,困难的敌人,,,1,<1;2;3;1001;1002;1003>,,,,
564,city/adventure/random_tower/icon_bx.png,137,7,,,,,不经意间发现的宝箱,宝箱,,,3,<1;2;3;1001;1002;1003>,,,,
565,city/adventure/random_tower/icon/icon_wz.png,138,,,,,,,战斗补给,,,2,<1;2;3;1001;1002;1003>,,<<4;100>>,,
566,city/adventure/random_tower/icon/icon_wz.png,138,,,,,,,战斗补给,,,2,<1;2;3;1001;1002;1003>,,<<5;100>>,,
567,city/adventure/random_tower/icon/icon_sj.png,138,,,,,,谁也不知道会发生什么,事件,,,4,<1;2;3;1001;1002;1003>,,,<<11;1000>;<12;500>;<21;1000>;<22;500>;<31;1000>;<32;500>;<41;1000>;<42;500>;<51;1000>;<52;500>;<61;1000>;<62;500>;<99;1>>,
568,city/adventure/random_tower/icon/img_ptdr@.png,138,,52,,2,,小有实力，但是不足为惧的对手,普通的敌人,,,1,<1;2;3;1001;1002;1003>,,,,
569,city/adventure/random_tower/icon/img_ptdr@.png,138,,52,,2,,小有实力，但是不足为惧的对手,普通的敌人,,,1,<1;2;3;1001;1002;1003>,,,,
570,city/adventure/random_tower/icon/img_kndr@.png,138,,53,,3,,请谨慎挑选对手,困难的敌人,,,1,<1;2;3;1001;1002;1003>,,,,
571,city/adventure/random_tower/icon/img_kndr@.png,138,,53,,3,,请谨慎挑选对手,困难的敌人,,,1,<1;2;3;1001;1002;1003>,,,,
572,city/adventure/random_tower/icon/img_kndr@.png,139,,53,,3,,请谨慎挑选对手,困难的敌人,,,1,<1;2;3;1001;1002;1003>,,,,
573,city/adventure/random_tower/icon/img_boss@.png,139,,54,,4,0.8,极为艰难的力量在前方,霸主,,,1,<1;2;3;1001;1002;1003>,,,,
574,city/adventure/random_tower/icon/img_boss@.png,139,,54,,4,0.8,极为艰难的力量在前方,霸主,,,1,<1;2;3;1001;1002;1003>,,,,
575,city/adventure/random_tower/icon/img_boss@.png,139,,54,,4,0.8,极为艰难的力量在前方,霸主,,,1,<1;2;3;1001;1002;1003>,,,,
576,city/adventure/random_tower/icon/icon_sj.png,140,,,,,,谁也不知道会发生什么,事件,,,4,<1;2;3;1001;1002;1003>,,,<<11;1000>;<12;500>;<13;100>;<21;1000>;<22;500>;<23;100>;<31;1000>;<32;500>;<33;100>;<41;1000>;<42;500>;<43;100>;<51;1000>;<52;500>;<53;100>;<61;1000>;<62;500>;<63;100>;<99;1>>,
577,city/adventure/random_tower/icon/icon_wz.png,141,,,,,,,战斗效果,,,2,<1;2;3;1001;1002;1003>,,<<101;100>;<111;100>;<121;100>;<131;100>;<141;100>;<161;100>;<1;300>;<9999;100>>,,
578,city/adventure/random_tower/icon/icon_wz.png,141,,,,,,,战斗效果,,,2,<1;2;3;1001;1002;1003>,,<<101;100>;<111;100>;<121;100>;<131;100>;<141;100>;<161;100>;<1;300>;<9999;100>>,,
579,city/adventure/random_tower/icon/icon_sj.png,141,,,,,,谁也不知道会发生什么,事件,,,4,<1;2;3;1001;1002;1003>,,,<<11;1000>;<12;500>;<13;100>;<21;1000>;<22;500>;<23;100>;<31;1000>;<32;500>;<33;100>;<41;1000>;<42;500>;<43;100>;<51;1000>;<52;500>;<53;100>;<61;1000>;<62;500>;<63;100>;<99;1>>,
580,city/adventure/random_tower/icon/icon_sj.png,141,,,,,,谁也不知道会发生什么,事件,,,4,<1;2;3;1001;1002;1003>,,,<<1;100>;<2;100>;<3;100>;<4;100>>,
581,city/adventure/random_tower/icon/img_kndr@.png,141,,53,,3,,请谨慎挑选对手,困难的敌人,,,1,<1;2;3;1001;1002;1003>,,,,
582,city/adventure/random_tower/icon/icon_wz.png,142,,,,,,,属性加成,,,2,<1;2;3;1001;1002;1003>,,<<2;100>;<3;30>>,,
583,city/adventure/random_tower/icon/icon_sj.png,142,,51,,,,谁也不知道会发生什么,事件,,,4,<1;2;3;1001;1002;1003>,,,<<6;100>>,
584,city/adventure/random_tower/icon/img_jddr@.png,142,,51,,,,似乎是可以轻松击败的对手,简单的敌人,,,1,<1;2;3;1001;1002;1003>,,,,
585,city/adventure/random_tower/icon/img_ptdr@.png,142,,52,,2,,小有实力，但是不足为惧的对手,普通的敌人,,,1,<1;2;3;1001;1002;1003>,,,,
586,city/adventure/random_tower/icon/img_jddr@.png,143,,51,,,,似乎是可以轻松击败的对手,简单的敌人,,,1,<1;2;3;1001;1002;1003>,,,,
587,city/adventure/random_tower/icon/img_jddr@.png,143,,51,,,,似乎是可以轻松击败的对手,简单的敌人,,,1,<1;2;3;1001;1002;1003>,,,,
588,city/adventure/random_tower/icon/img_ptdr@.png,143,,52,,2,,小有实力，但是不足为惧的对手,普通的敌人,,,1,<1;2;3;1001;1002;1003>,,,,
589,city/adventure/random_tower/icon/img_ptdr@.png,143,,52,,2,,小有实力，但是不足为惧的对手,普通的敌人,,,1,<1;2;3;1001;1002;1003>,,,,
590,city/adventure/random_tower/icon/img_jddr@.png,144,,51,,,,似乎是可以轻松击败的对手,简单的敌人,,,1,<1;2;3;1001;1002;1003>,,,,
591,city/adventure/random_tower/icon/img_jddr@.png,144,,51,,,,似乎是可以轻松击败的对手,简单的敌人,,,1,<1;2;3;1001;1002;1003>,,,,
592,city/adventure/random_tower/icon/img_ptdr@.png,144,,52,,2,,小有实力，但是不足为惧的对手,普通的敌人,,,1,<1;2;3;1001;1002;1003>,,,,
593,city/adventure/random_tower/icon/img_ptdr@.png,144,,52,,2,,小有实力，但是不足为惧的对手,普通的敌人,,,1,<1;2;3;1001;1002;1003>,,,,
594,city/adventure/random_tower/icon/img_ptdr@.png,145,,52,,2,,小有实力，但是不足为惧的对手,普通的敌人,,,1,<1;2;3;1001;1002;1003>,,,,
595,city/adventure/random_tower/icon/img_kndr@.png,145,,53,,3,,请谨慎挑选对手,困难的敌人,,,1,<1;2;3;1001;1002;1003>,,,,
596,city/adventure/random_tower/icon/img_kndr@.png,145,,53,,3,,请谨慎挑选对手,困难的敌人,,,1,<1;2;3;1001;1002;1003>,,,,
597,city/adventure/random_tower/icon/img_kndr@.png,145,,53,,3,,请谨慎挑选对手,困难的敌人,,,1,<1;2;3;1001;1002;1003>,,,,
598,city/adventure/random_tower/icon/icon_wz.png,146,,,,,,,属性加成,,,2,<1;2;3;1001;1002;1003>,,<<1;100>;<2;50>>,,
599,city/adventure/random_tower/icon/img_ptdr@.png,146,,52,,2,,小有实力，但是不足为惧的对手,普通的敌人,,,1,<1;2;3;1001;1002;1003>,,,,
600,city/adventure/random_tower/icon/img_kndr@.png,146,,53,,3,,请谨慎挑选对手,困难的敌人,,,1,<1;2;3;1001;1002;1003>,,,,
601,city/adventure/random_tower/icon/img_kndr@.png,146,,53,,3,,请谨慎挑选对手,困难的敌人,,,1,<1;2;3;1001;1002;1003>,,,,
602,city/adventure/random_tower/icon/img_kndr@.png,146,,53,,3,,请谨慎挑选对手,困难的敌人,,,1,<1;2;3;1001;1002;1003>,,,,
603,city/adventure/random_tower/icon/icon_wz.png,147,,,,,,,属性加成,,,2,<1;2;3;1001;1002;1003>,,<<2;100>;<3;30>>,,
604,city/adventure/random_tower/icon/icon_sj.png,147,,,,,,谁也不知道会发生什么,事件,,,4,<1;2;3;1001;1002;1003>,,,<<11;1000>;<12;500>;<21;1000>;<22;500>;<31;1000>;<32;500>;<41;1000>;<42;500>;<51;1000>;<52;500>;<61;1000>;<62;500>;<99;1>>,
605,city/adventure/random_tower/icon/img_ptdr@.png,147,,52,,2,,小有实力，但是不足为惧的对手,普通的敌人,,,1,<1;2;3;1001;1002;1003>,,,,
606,city/adventure/random_tower/icon/img_ptdr@.png,147,,52,,2,,小有实力，但是不足为惧的对手,普通的敌人,,,1,<1;2;3;1001;1002;1003>,,,,
607,city/adventure/random_tower/icon/img_kndr@.png,147,,53,,3,,请谨慎挑选对手,困难的敌人,,,1,<1;2;3;1001;1002;1003>,,,,
608,city/adventure/random_tower/icon/img_kndr@.png,147,,53,,3,,请谨慎挑选对手,困难的敌人,,,1,<1;2;3;1001;1002;1003>,,,,
609,city/adventure/random_tower/icon/icon_wz.png,148,,,,,,,战斗补给,,,2,<1;2;3;1001;1002;1003>,,<<4;100>>,,
610,city/adventure/random_tower/icon/icon_wz.png,148,,,,,,,战斗补给,,,2,<1;2;3;1001;1002;1003>,,<<5;100>>,,
611,city/adventure/random_tower/icon/icon_sj.png,148,,,,,,谁也不知道会发生什么,事件,,,4,<1;2;3;1001;1002;1003>,,,<<11;1000>;<12;500>;<21;1000>;<22;500>;<31;1000>;<32;500>;<41;1000>;<42;500>;<51;1000>;<52;500>;<61;1000>;<62;500>;<99;1>>,
612,city/adventure/random_tower/icon/img_ptdr@.png,148,,52,,2,,小有实力，但是不足为惧的对手,普通的敌人,,,1,<1;2;3;1001;1002;1003>,,,,
613,city/adventure/random_tower/icon/img_ptdr@.png,148,,52,,2,,小有实力，但是不足为惧的对手,普通的敌人,,,1,<1;2;3;1001;1002;1003>,,,,
614,city/adventure/random_tower/icon/img_kndr@.png,148,,53,,3,,请谨慎挑选对手,困难的敌人,,,1,<1;2;3;1001;1002;1003>,,,,
615,city/adventure/random_tower/icon/img_kndr@.png,148,,53,,3,,请谨慎挑选对手,困难的敌人,,,1,<1;2;3;1001;1002;1003>,,,,
616,city/adventure/random_tower/icon/img_kndr@.png,149,,53,,3,,请谨慎挑选对手,困难的敌人,,,1,<1;2;3;1001;1002;1003>,,,,
617,city/adventure/random_tower/icon/img_boss@.png,149,,54,,4,0.8,极为艰难的力量在前方,霸主,,,1,<1;2;3;1001;1002;1003>,,,,
618,city/adventure/random_tower/icon/img_boss@.png,149,,54,,4,0.8,极为艰难的力量在前方,霸主,,,1,<1;2;3;1001;1002;1003>,,,,
619,city/adventure/random_tower/icon/img_boss@.png,149,,54,,4,0.8,极为艰难的力量在前方,霸主,,,1,<1;2;3;1001;1002;1003>,,,,
620,city/adventure/random_tower/icon_hhbx.png,150,18,,,,,跨越巨大挑战后才会配拥有此回报,豪华宝箱,,,3,<1;2;3;1001;1002;1003>,,,,
621,city/adventure/random_tower/icon/icon_wz.png,151,,,,,,,战斗效果,,,2,<1;2;3;1001;1002;1003>,,<<101;100>;<111;100>;<121;100>;<131;100>;<141;100>;<161;100>;<1;300>;<9999;100>>,,
622,city/adventure/random_tower/icon/icon_wz.png,151,,,,,,,战斗效果,,,2,<1;2;3;1001;1002;1003>,,<<101;100>;<111;100>;<121;100>;<131;100>;<141;100>;<161;100>;<1;300>;<9999;100>>,,
623,city/adventure/random_tower/icon/icon_sj.png,151,,,,,,谁也不知道会发生什么,事件,,,4,<1;2;3;1001;1002;1003>,,,<<11;1000>;<12;500>;<13;100>;<21;1000>;<22;500>;<23;100>;<31;1000>;<32;500>;<33;100>;<41;1000>;<42;500>;<43;100>;<51;1000>;<52;500>;<53;100>;<61;1000>;<62;500>;<63;100>;<99;1>>,
624,city/adventure/random_tower/icon/icon_sj.png,151,,,,,,谁也不知道会发生什么,事件,,,4,<1;2;3;1001;1002;1003>,,,<<1;100>;<2;100>;<3;100>;<4;100>>,
625,city/adventure/random_tower/icon/img_kndr@.png,151,,53,,3,,请谨慎挑选对手,困难的敌人,,,1,<1;2;3;1001;1002;1003>,,,,
626,city/adventure/random_tower/icon/icon_wz.png,152,,,,,,,属性加成,,,2,<1;2;3;1001;1002;1003>,,<<2;100>;<3;30>>,,
627,city/adventure/random_tower/icon/icon_sj.png,152,,51,,,,谁也不知道会发生什么,事件,,,4,<1;2;3;1001;1002;1003>,,,<<6;100>>,
628,city/adventure/random_tower/icon/img_jddr@.png,152,,51,,,,似乎是可以轻松击败的对手,简单的敌人,,,1,<1;2;3;1001;1002;1003>,,,,
629,city/adventure/random_tower/icon/img_ptdr@.png,152,,52,,2,,小有实力，但是不足为惧的对手,普通的敌人,,,1,<1;2;3;1001;1002;1003>,,,,
630,city/adventure/random_tower/icon/img_jddr@.png,153,,51,,,,似乎是可以轻松击败的对手,简单的敌人,,,1,<1;2;3;1001;1002;1003>,,,,
631,city/adventure/random_tower/icon/img_jddr@.png,153,,51,,,,似乎是可以轻松击败的对手,简单的敌人,,,1,<1;2;3;1001;1002;1003>,,,,
632,city/adventure/random_tower/icon/img_ptdr@.png,153,,52,,2,,小有实力，但是不足为惧的对手,普通的敌人,,,1,<1;2;3;1001;1002;1003>,,,,
633,city/adventure/random_tower/icon/img_ptdr@.png,153,,52,,2,,小有实力，但是不足为惧的对手,普通的敌人,,,1,<1;2;3;1001;1002;1003>,,,,
634,city/adventure/random_tower/icon/img_jddr@.png,154,,51,,,,似乎是可以轻松击败的对手,简单的敌人,,,1,<1;2;3;1001;1002;1003>,,,,
635,city/adventure/random_tower/icon/img_jddr@.png,154,,51,,,,似乎是可以轻松击败的对手,简单的敌人,,,1,<1;2;3;1001;1002;1003>,,,,
636,city/adventure/random_tower/icon/img_ptdr@.png,154,,52,,2,,小有实力，但是不足为惧的对手,普通的敌人,,,1,<1;2;3;1001;1002;1003>,,,,
637,city/adventure/random_tower/icon/img_ptdr@.png,154,,52,,2,,小有实力，但是不足为惧的对手,普通的敌人,,,1,<1;2;3;1001;1002;1003>,,,,
638,city/adventure/random_tower/icon/img_ptdr@.png,155,,52,,2,,小有实力，但是不足为惧的对手,普通的敌人,,,1,<1;2;3;1001;1002;1003>,,,,
639,city/adventure/random_tower/icon/img_kndr@.png,155,,53,,3,,请谨慎挑选对手,困难的敌人,,,1,<1;2;3;1001;1002;1003>,,,,
640,city/adventure/random_tower/icon/img_kndr@.png,155,,53,,3,,请谨慎挑选对手,困难的敌人,,,1,<1;2;3;1001;1002;1003>,,,,
641,city/adventure/random_tower/icon/img_kndr@.png,155,,53,,3,,请谨慎挑选对手,困难的敌人,,,1,<1;2;3;1001;1002;1003>,,,,
642,city/adventure/random_tower/icon/icon_wz.png,156,,,,,,,属性加成,,,2,<1;2;3;1001;1002;1003>,,<<1;100>;<2;50>>,,
643,city/adventure/random_tower/icon/img_ptdr@.png,156,,52,,2,,小有实力，但是不足为惧的对手,普通的敌人,,,1,<1;2;3;1001;1002;1003>,,,,
644,city/adventure/random_tower/icon/img_kndr@.png,156,,53,,3,,请谨慎挑选对手,困难的敌人,,,1,<1;2;3;1001;1002;1003>,,,,
645,city/adventure/random_tower/icon/img_kndr@.png,156,,53,,3,,请谨慎挑选对手,困难的敌人,,,1,<1;2;3;1001;1002;1003>,,,,
646,city/adventure/random_tower/icon/img_kndr@.png,156,,53,,3,,请谨慎挑选对手,困难的敌人,,,1,<1;2;3;1001;1002;1003>,,,,
647,city/adventure/random_tower/icon/icon_wz.png,157,,,,,,,属性加成,,,2,<1;2;3;1001;1002;1003>,,<<2;100>;<3;30>>,,
648,city/adventure/random_tower/icon/icon_sj.png,157,,,,,,谁也不知道会发生什么,事件,,,4,<1;2;3;1001;1002;1003>,,,<<11;1000>;<12;500>;<21;1000>;<22;500>;<31;1000>;<32;500>;<41;1000>;<42;500>;<51;1000>;<52;500>;<61;1000>;<62;500>;<99;1>>,
649,city/adventure/random_tower/icon/img_ptdr@.png,157,,52,,2,,小有实力，但是不足为惧的对手,普通的敌人,,,1,<1;2;3;1001;1002;1003>,,,,
650,city/adventure/random_tower/icon/img_ptdr@.png,157,,52,,2,,小有实力，但是不足为惧的对手,普通的敌人,,,1,<1;2;3;1001;1002;1003>,,,,
651,city/adventure/random_tower/icon/img_kndr@.png,157,,53,,3,,请谨慎挑选对手,困难的敌人,,,1,<1;2;3;1001;1002;1003>,,,,
652,city/adventure/random_tower/icon/img_kndr@.png,157,,53,,3,,请谨慎挑选对手,困难的敌人,,,1,<1;2;3;1001;1002;1003>,,,,
653,city/adventure/random_tower/icon_bx.png,157,8,,,,,不经意间发现的宝箱,宝箱,,,3,<1;2;3;1001;1002;1003>,,,,
654,city/adventure/random_tower/icon/icon_wz.png,158,,,,,,,战斗补给,,,2,<1;2;3;1001;1002;1003>,,<<4;100>>,,
655,city/adventure/random_tower/icon/icon_wz.png,158,,,,,,,战斗补给,,,2,<1;2;3;1001;1002;1003>,,<<5;100>>,,
656,city/adventure/random_tower/icon/icon_sj.png,158,,,,,,谁也不知道会发生什么,事件,,,4,<1;2;3;1001;1002;1003>,,,<<11;1000>;<12;500>;<21;1000>;<22;500>;<31;1000>;<32;500>;<41;1000>;<42;500>;<51;1000>;<52;500>;<61;1000>;<62;500>;<99;1>>,
657,city/adventure/random_tower/icon/img_ptdr@.png,158,,52,,2,,小有实力，但是不足为惧的对手,普通的敌人,,,1,<1;2;3;1001;1002;1003>,,,,
658,city/adventure/random_tower/icon/img_ptdr@.png,158,,52,,2,,小有实力，但是不足为惧的对手,普通的敌人,,,1,<1;2;3;1001;1002;1003>,,,,
659,city/adventure/random_tower/icon/img_kndr@.png,158,,53,,3,,请谨慎挑选对手,困难的敌人,,,1,<1;2;3;1001;1002;1003>,,,,
660,city/adventure/random_tower/icon/img_kndr@.png,158,,53,,3,,请谨慎挑选对手,困难的敌人,,,1,<1;2;3;1001;1002;1003>,,,,
661,city/adventure/random_tower/icon/img_kndr@.png,159,,53,,3,,请谨慎挑选对手,困难的敌人,,,1,<1;2;3;1001;1002;1003>,,,,
662,city/adventure/random_tower/icon/img_boss@.png,159,,54,,4,0.8,极为艰难的力量在前方,霸主,,,1,<1;2;3;1001;1002;1003>,,,,
663,city/adventure/random_tower/icon/img_boss@.png,159,,54,,4,0.8,极为艰难的力量在前方,霸主,,,1,<1;2;3;1001;1002;1003>,,,,
664,city/adventure/random_tower/icon/img_boss@.png,159,,54,,4,0.8,极为艰难的力量在前方,霸主,,,1,<1;2;3;1001;1002;1003>,,,,
665,city/adventure/random_tower/icon/icon_sj.png,160,,51,,,,谁也不知道会发生什么,事件,,,4,<1;2;3;1001;1002;1003>,,,<<6;100>>,
666,city/adventure/random_tower/icon/icon_wz.png,161,,,,,,,战斗效果,,,2,<1;2;3;1001;1002;1003>,,<<101;100>;<111;100>;<121;100>;<131;100>;<141;100>;<161;100>;<1;300>;<9999;100>>,,
667,city/adventure/random_tower/icon/icon_wz.png,161,,,,,,,战斗效果,,,2,<1;2;3;1001;1002;1003>,,<<101;100>;<111;100>;<121;100>;<131;100>;<141;100>;<161;100>;<1;300>;<9999;100>>,,
668,city/adventure/random_tower/icon/icon_sj.png,161,,,,,,谁也不知道会发生什么,事件,,,4,<1;2;3;1001;1002;1003>,,,<<11;1000>;<12;500>;<13;100>;<21;1000>;<22;500>;<23;100>;<31;1000>;<32;500>;<33;100>;<41;1000>;<42;500>;<43;100>;<51;1000>;<52;500>;<53;100>;<61;1000>;<62;500>;<63;100>;<99;1>>,
669,city/adventure/random_tower/icon/icon_sj.png,161,,,,,,谁也不知道会发生什么,事件,,,4,<1;2;3;1001;1002;1003>,,,<<1;100>;<2;100>;<3;100>;<4;100>>,
670,city/adventure/random_tower/icon/img_kndr@.png,161,,53,,3,,请谨慎挑选对手,困难的敌人,,,1,<1;2;3;1001;1002;1003>,,,,
671,city/adventure/random_tower/icon/icon_wz.png,162,,,,,,,属性加成,,,2,<1;2;3;1001;1002;1003>,,<<2;100>;<3;30>>,,
672,city/adventure/random_tower/icon/icon_sj.png,162,,51,,,,谁也不知道会发生什么,事件,,,4,<1;2;3;1001;1002;1003>,,,<<6;100>>,
673,city/adventure/random_tower/icon/img_jddr@.png,162,,51,,,,似乎是可以轻松击败的对手,简单的敌人,,,1,<1;2;3;1001;1002;1003>,,,,
674,city/adventure/random_tower/icon/img_ptdr@.png,162,,52,,2,,小有实力，但是不足为惧的对手,普通的敌人,,,1,<1;2;3;1001;1002;1003>,,,,
675,city/adventure/random_tower/icon/icon_sj.png,163,,,,,,谁也不知道会发生什么,事件,,,4,<1;2;3;1001;1002;1003>,,,<<1;100>;<2;100>;<3;100>;<4;100>>,
676,city/adventure/random_tower/icon/img_jddr@.png,163,,51,,,,似乎是可以轻松击败的对手,简单的敌人,,,1,<1;2;3;1001;1002;1003>,,,,
677,city/adventure/random_tower/icon/img_ptdr@.png,163,,52,,2,,小有实力，但是不足为惧的对手,普通的敌人,,,1,<1;2;3;1001;1002;1003>,,,,
678,city/adventure/random_tower/icon/img_kndr@.png,163,,53,,3,,请谨慎挑选对手,困难的敌人,,,1,<1;2;3;1001;1002;1003>,,,,
679,city/adventure/random_tower/icon/icon_wz.png,164,,,,,,,属性加成,,,2,<1;2;3;1001;1002;1003>,,<<2;100>;<3;30>>,,
680,city/adventure/random_tower/icon/img_jddr@.png,164,,51,,,,似乎是可以轻松击败的对手,简单的敌人,,,1,<1;2;3;1001;1002;1003>,,,,
681,city/adventure/random_tower/icon/img_ptdr@.png,164,,52,,2,,小有实力，但是不足为惧的对手,普通的敌人,,,1,<1;2;3;1001;1002;1003>,,,,
682,city/adventure/random_tower/icon/img_kndr@.png,164,,53,,3,,请谨慎挑选对手,困难的敌人,,,1,<1;2;3;1001;1002;1003>,,,,
683,city/adventure/random_tower/icon/img_ptdr@.png,165,,52,,2,,小有实力，但是不足为惧的对手,普通的敌人,,,1,<1;2;3;1001;1002;1003>,,,,
684,city/adventure/random_tower/icon/img_kndr@.png,165,,53,,3,,请谨慎挑选对手,困难的敌人,,,1,<1;2;3;1001;1002;1003>,,,,
685,city/adventure/random_tower/icon/img_kndr@.png,165,,53,,3,,请谨慎挑选对手,困难的敌人,,,1,<1;2;3;1001;1002;1003>,,,,
686,city/adventure/random_tower/icon/img_kndr@.png,165,,53,,3,,请谨慎挑选对手,困难的敌人,,,1,<1;2;3;1001;1002;1003>,,,,
687,city/adventure/random_tower/icon/icon_wz.png,166,,,,,,,属性加成,,,2,<1;2;3;1001;1002;1003>,,<<1;100>;<2;50>>,,
688,city/adventure/random_tower/icon/img_ptdr@.png,166,,52,,2,,小有实力，但是不足为惧的对手,普通的敌人,,,1,<1;2;3;1001;1002;1003>,,,,
689,city/adventure/random_tower/icon/img_kndr@.png,166,,53,,3,,请谨慎挑选对手,困难的敌人,,,1,<1;2;3;1001;1002;1003>,,,,
690,city/adventure/random_tower/icon/img_kndr@.png,166,,53,,3,,请谨慎挑选对手,困难的敌人,,,1,<1;2;3;1001;1002;1003>,,,,
691,city/adventure/random_tower/icon/img_kndr@.png,166,,53,,3,,请谨慎挑选对手,困难的敌人,,,1,<1;2;3;1001;1002;1003>,,,,
692,city/adventure/random_tower/icon/icon_wz.png,167,,,,,,,属性加成,,,2,<1;2;3;1001;1002;1003>,,<<2;100>;<3;30>>,,
693,city/adventure/random_tower/icon/icon_sj.png,167,,,,,,谁也不知道会发生什么,事件,,,4,<1;2;3;1001;1002;1003>,,,<<11;1000>;<12;500>;<21;1000>;<22;500>;<31;1000>;<32;500>;<41;1000>;<42;500>;<51;1000>;<52;500>;<61;1000>;<62;500>;<99;1>>,
694,city/adventure/random_tower/icon/img_ptdr@.png,167,,52,,2,,小有实力，但是不足为惧的对手,普通的敌人,,,1,<1;2;3;1001;1002;1003>,,,,
695,city/adventure/random_tower/icon/img_ptdr@.png,167,,52,,2,,小有实力，但是不足为惧的对手,普通的敌人,,,1,<1;2;3;1001;1002;1003>,,,,
696,city/adventure/random_tower/icon/img_kndr@.png,167,,53,,3,,请谨慎挑选对手,困难的敌人,,,1,<1;2;3;1001;1002;1003>,,,,
697,city/adventure/random_tower/icon/img_kndr@.png,167,,53,,3,,请谨慎挑选对手,困难的敌人,,,1,<1;2;3;1001;1002;1003>,,,,
698,city/adventure/random_tower/icon/icon_wz.png,168,,,,,,,战斗补给,,,2,<1;2;3;1001;1002;1003>,,<<4;100>>,,
699,city/adventure/random_tower/icon/icon_wz.png,168,,,,,,,战斗补给,,,2,<1;2;3;1001;1002;1003>,,<<5;100>>,,
700,city/adventure/random_tower/icon/icon_sj.png,168,,,,,,谁也不知道会发生什么,事件,,,4,<1;2;3;1001;1002;1003>,,,<<11;1000>;<12;500>;<21;1000>;<22;500>;<31;1000>;<32;500>;<41;1000>;<42;500>;<51;1000>;<52;500>;<61;1000>;<62;500>;<99;1>>,
701,city/adventure/random_tower/icon/img_ptdr@.png,168,,52,,2,,小有实力，但是不足为惧的对手,普通的敌人,,,1,<1;2;3;1001;1002;1003>,,,,
702,city/adventure/random_tower/icon/img_ptdr@.png,168,,52,,2,,小有实力，但是不足为惧的对手,普通的敌人,,,1,<1;2;3;1001;1002;1003>,,,,
703,city/adventure/random_tower/icon/img_kndr@.png,168,,53,,3,,请谨慎挑选对手,困难的敌人,,,1,<1;2;3;1001;1002;1003>,,,,
704,city/adventure/random_tower/icon/img_kndr@.png,168,,53,,3,,请谨慎挑选对手,困难的敌人,,,1,<1;2;3;1001;1002;1003>,,,,
705,city/adventure/random_tower/icon/img_kndr@.png,169,,53,,3,,请谨慎挑选对手,困难的敌人,,,1,<1;2;3;1001;1002;1003>,,,,
706,city/adventure/random_tower/icon/img_boss@.png,169,,54,,4,0.8,极为艰难的力量在前方,霸主,,,1,<1;2;3;1001;1002;1003>,,,,
707,city/adventure/random_tower/icon/img_boss@.png,169,,54,,4,0.8,极为艰难的力量在前方,霸主,,,1,<1;2;3;1001;1002;1003>,,,,
708,city/adventure/random_tower/icon/img_boss@.png,169,,54,,4,0.8,极为艰难的力量在前方,霸主,,,1,<1;2;3;1001;1002;1003>,,,,
709,city/adventure/random_tower/icon_hhbx.png,170,19,,,,,跨越巨大挑战后才会配拥有此回报,豪华宝箱,,,3,<1;2;3;1001;1002;1003>,,,,
710,city/adventure/random_tower/icon/icon_wz.png,171,,,,,,,战斗效果,,,2,<1;2;3;1001;1002;1003>,,<<101;100>;<111;100>;<121;100>;<131;100>;<141;100>;<161;100>;<1;300>;<9999;100>>,,
711,city/adventure/random_tower/icon/icon_wz.png,171,,,,,,,战斗效果,,,2,<1;2;3;1001;1002;1003>,,<<101;100>;<111;100>;<121;100>;<131;100>;<141;100>;<161;100>;<1;300>;<9999;100>>,,
712,city/adventure/random_tower/icon/icon_sj.png,171,,,,,,谁也不知道会发生什么,事件,,,4,<1;2;3;1001;1002;1003>,,,<<11;1000>;<12;500>;<13;100>;<21;1000>;<22;500>;<23;100>;<31;1000>;<32;500>;<33;100>;<41;1000>;<42;500>;<43;100>;<51;1000>;<52;500>;<53;100>;<61;1000>;<62;500>;<63;100>;<99;1>>,
713,city/adventure/random_tower/icon/icon_sj.png,171,,,,,,谁也不知道会发生什么,事件,,,4,<1;2;3;1001;1002;1003>,,,<<1;100>;<2;100>;<3;100>;<4;100>>,
714,city/adventure/random_tower/icon/img_kndr@.png,171,,53,,3,,请谨慎挑选对手,困难的敌人,,,1,<1;2;3;1001;1002;1003>,,,,
715,city/adventure/random_tower/icon/icon_wz.png,172,,,,,,,属性加成,,,2,<1;2;3;1001;1002;1003>,,<<2;100>;<3;30>>,,
716,city/adventure/random_tower/icon/icon_sj.png,172,,51,,,,谁也不知道会发生什么,事件,,,4,<1;2;3;1001;1002;1003>,,,<<6;100>>,
717,city/adventure/random_tower/icon/img_jddr@.png,172,,51,,,,似乎是可以轻松击败的对手,简单的敌人,,,1,<1;2;3;1001;1002;1003>,,,,
718,city/adventure/random_tower/icon/img_ptdr@.png,172,,52,,2,,小有实力，但是不足为惧的对手,普通的敌人,,,1,<1;2;3;1001;1002;1003>,,,,
719,city/adventure/random_tower/icon/icon_sj.png,173,,,,,,谁也不知道会发生什么,事件,,,4,<1;2;3;1001;1002;1003>,,,<<1;100>;<2;100>;<3;100>;<4;100>>,
720,city/adventure/random_tower/icon/img_jddr@.png,173,,51,,,,似乎是可以轻松击败的对手,简单的敌人,,,1,<1;2;3;1001;1002;1003>,,,,
721,city/adventure/random_tower/icon/img_ptdr@.png,173,,52,,2,,小有实力，但是不足为惧的对手,普通的敌人,,,1,<1;2;3;1001;1002;1003>,,,,
722,city/adventure/random_tower/icon/img_kndr@.png,173,,53,,3,,请谨慎挑选对手,困难的敌人,,,1,<1;2;3;1001;1002;1003>,,,,
723,city/adventure/random_tower/icon/icon_wz.png,174,,,,,,,属性加成,,,2,<1;2;3;1001;1002;1003>,,<<2;100>;<3;30>>,,
724,city/adventure/random_tower/icon/img_jddr@.png,174,,51,,,,似乎是可以轻松击败的对手,简单的敌人,,,1,<1;2;3;1001;1002;1003>,,,,
725,city/adventure/random_tower/icon/img_ptdr@.png,174,,52,,2,,小有实力，但是不足为惧的对手,普通的敌人,,,1,<1;2;3;1001;1002;1003>,,,,
726,city/adventure/random_tower/icon/img_kndr@.png,174,,53,,3,,请谨慎挑选对手,困难的敌人,,,1,<1;2;3;1001;1002;1003>,,,,
727,city/adventure/random_tower/icon/img_ptdr@.png,175,,52,,2,,小有实力，但是不足为惧的对手,普通的敌人,,,1,<1;2;3;1001;1002;1003>,,,,
728,city/adventure/random_tower/icon/img_kndr@.png,175,,53,,3,,请谨慎挑选对手,困难的敌人,,,1,<1;2;3;1001;1002;1003>,,,,
729,city/adventure/random_tower/icon/img_kndr@.png,175,,53,,3,,请谨慎挑选对手,困难的敌人,,,1,<1;2;3;1001;1002;1003>,,,,
730,city/adventure/random_tower/icon/img_kndr@.png,175,,53,,3,,请谨慎挑选对手,困难的敌人,,,1,<1;2;3;1001;1002;1003>,,,,
731,city/adventure/random_tower/icon/icon_wz.png,176,,,,,,,属性加成,,,2,<1;2;3;1001;1002;1003>,,<<1;100>;<2;50>>,,
732,city/adventure/random_tower/icon/img_ptdr@.png,176,,52,,2,,小有实力，但是不足为惧的对手,普通的敌人,,,1,<1;2;3;1001;1002;1003>,,,,
733,city/adventure/random_tower/icon/img_kndr@.png,176,,53,,3,,请谨慎挑选对手,困难的敌人,,,1,<1;2;3;1001;1002;1003>,,,,
734,city/adventure/random_tower/icon/img_kndr@.png,176,,53,,3,,请谨慎挑选对手,困难的敌人,,,1,<1;2;3;1001;1002;1003>,,,,
735,city/adventure/random_tower/icon/img_kndr@.png,176,,53,,3,,请谨慎挑选对手,困难的敌人,,,1,<1;2;3;1001;1002;1003>,,,,
736,city/adventure/random_tower/icon/icon_wz.png,177,,,,,,,属性加成,,,2,<1;2;3;1001;1002;1003>,,<<2;100>;<3;30>>,,
737,city/adventure/random_tower/icon/icon_sj.png,177,,,,,,谁也不知道会发生什么,事件,,,4,<1;2;3;1001;1002;1003>,,,<<11;1000>;<12;500>;<21;1000>;<22;500>;<31;1000>;<32;500>;<41;1000>;<42;500>;<51;1000>;<52;500>;<61;1000>;<62;500>;<99;1>>,
738,city/adventure/random_tower/icon/img_ptdr@.png,177,,52,,2,,小有实力，但是不足为惧的对手,普通的敌人,,,1,<1;2;3;1001;1002;1003>,,,,
739,city/adventure/random_tower/icon/img_ptdr@.png,177,,52,,2,,小有实力，但是不足为惧的对手,普通的敌人,,,1,<1;2;3;1001;1002;1003>,,,,
740,city/adventure/random_tower/icon/img_kndr@.png,177,,53,,3,,请谨慎挑选对手,困难的敌人,,,1,<1;2;3;1001;1002;1003>,,,,
741,city/adventure/random_tower/icon/img_kndr@.png,177,,53,,3,,请谨慎挑选对手,困难的敌人,,,1,<1;2;3;1001;1002;1003>,,,,
742,city/adventure/random_tower/icon_bx.png,177,9,,,,,不经意间发现的宝箱,宝箱,,,3,<1;2;3;1001;1002;1003>,,,,
743,city/adventure/random_tower/icon/icon_wz.png,178,,,,,,,战斗补给,,,2,<1;2;3;1001;1002;1003>,,<<4;100>>,,
744,city/adventure/random_tower/icon/icon_wz.png,178,,,,,,,战斗补给,,,2,<1;2;3;1001;1002;1003>,,<<5;100>>,,
745,city/adventure/random_tower/icon/icon_sj.png,178,,,,,,谁也不知道会发生什么,事件,,,4,<1;2;3;1001;1002;1003>,,,<<11;1000>;<12;500>;<21;1000>;<22;500>;<31;1000>;<32;500>;<41;1000>;<42;500>;<51;1000>;<52;500>;<61;1000>;<62;500>;<99;1>>,
746,city/adventure/random_tower/icon/img_ptdr@.png,178,,52,,2,,小有实力，但是不足为惧的对手,普通的敌人,,,1,<1;2;3;1001;1002;1003>,,,,
747,city/adventure/random_tower/icon/img_ptdr@.png,178,,52,,2,,小有实力，但是不足为惧的对手,普通的敌人,,,1,<1;2;3;1001;1002;1003>,,,,
748,city/adventure/random_tower/icon/img_kndr@.png,178,,53,,3,,请谨慎挑选对手,困难的敌人,,,1,<1;2;3;1001;1002;1003>,,,,
749,city/adventure/random_tower/icon/img_kndr@.png,178,,53,,3,,请谨慎挑选对手,困难的敌人,,,1,<1;2;3;1001;1002;1003>,,,,
750,city/adventure/random_tower/icon/img_kndr@.png,179,,53,,3,,请谨慎挑选对手,困难的敌人,,,1,<1;2;3;1001;1002;1003>,,,,
751,city/adventure/random_tower/icon/img_boss@.png,179,,54,,4,0.8,极为艰难的力量在前方,霸主,,,1,<1;2;3;1001;1002;1003>,,,,
752,city/adventure/random_tower/icon/img_boss@.png,179,,54,,4,0.8,极为艰难的力量在前方,霸主,,,1,<1;2;3;1001;1002;1003>,,,,
753,city/adventure/random_tower/icon/img_boss@.png,179,,54,,4,0.8,极为艰难的力量在前方,霸主,,,1,<1;2;3;1001;1002;1003>,,,,
754,city/adventure/random_tower/icon/icon_sj.png,180,,51,,,,谁也不知道会发生什么,事件,,,4,<1;2;3;1001;1002;1003>,,,<<6;100>>,
755,city/adventure/random_tower/icon/icon_wz.png,181,,,,,,,战斗效果,,,2,<1;2;3;1001;1002;1003>,,<<101;100>;<111;100>;<121;100>;<131;100>;<141;100>;<161;100>;<1;300>;<9999;100>>,,
756,city/adventure/random_tower/icon/icon_wz.png,181,,,,,,,属性加成,,,2,<1;2;3;1001;1002;1003>,,<<1;100>;<2;50>>,,
757,city/adventure/random_tower/icon/icon_sj.png,181,,,,,,谁也不知道会发生什么,事件,,,4,<1;2;3;1001;1002;1003>,,,<<1;100>;<2;100>;<3;100>;<4;100>>,
758,city/adventure/random_tower/icon/img_kndr@.png,181,,53,,3,,请谨慎挑选对手,困难的敌人,,,1,<1;2;3;1001;1002;1003>,,,,
759,city/adventure/random_tower/icon/icon_wz.png,182,,,,,,,属性加成,,,2,<1;2;3;1001;1002;1003>,,<<2;100>;<3;30>>,,
760,city/adventure/random_tower/icon/icon_sj.png,182,,51,,,,谁也不知道会发生什么,事件,,,4,<1;2;3;1001;1002;1003>,,,<<6;100>>,
761,city/adventure/random_tower/icon/img_ptdr@.png,182,,52,,2,,小有实力，但是不足为惧的对手,普通的敌人,,,1,<1;2;3;1001;1002;1003>,,,,
762,city/adventure/random_tower/icon/img_kndr@.png,182,,53,,3,,请谨慎挑选对手,困难的敌人,,,1,<1;2;3;1001;1002;1003>,,,,
763,city/adventure/random_tower/icon/icon_sj.png,183,,,,,,谁也不知道会发生什么,事件,,,4,<1;2;3;1001;1002;1003>,,,<<1;100>;<2;100>;<3;100>;<4;100>>,
764,city/adventure/random_tower/icon/img_jddr@.png,183,,51,,,,似乎是可以轻松击败的对手,简单的敌人,,,1,<1;2;3;1001;1002;1003>,,,,
765,city/adventure/random_tower/icon/img_ptdr@.png,183,,52,,2,,小有实力，但是不足为惧的对手,普通的敌人,,,1,<1;2;3;1001;1002;1003>,,,,
766,city/adventure/random_tower/icon/img_kndr@.png,183,,53,,3,,请谨慎挑选对手,困难的敌人,,,1,<1;2;3;1001;1002;1003>,,,,
767,city/adventure/random_tower/icon/icon_wz.png,184,,,,,,,属性加成,,,2,<1;2;3;1001;1002;1003>,,<<2;100>;<3;30>>,,
768,city/adventure/random_tower/icon/img_jddr@.png,184,,51,,,,似乎是可以轻松击败的对手,简单的敌人,,,1,<1;2;3;1001;1002;1003>,,,,
769,city/adventure/random_tower/icon/img_ptdr@.png,184,,52,,2,,小有实力，但是不足为惧的对手,普通的敌人,,,1,<1;2;3;1001;1002;1003>,,,,
770,city/adventure/random_tower/icon/img_kndr@.png,184,,53,,3,,请谨慎挑选对手,困难的敌人,,,1,<1;2;3;1001;1002;1003>,,,,
771,city/adventure/random_tower/icon/img_ptdr@.png,185,,52,,2,,小有实力，但是不足为惧的对手,普通的敌人,,,1,<1;2;3;1001;1002;1003>,,,,
772,city/adventure/random_tower/icon/img_kndr@.png,185,,53,,3,,请谨慎挑选对手,困难的敌人,,,1,<1;2;3;1001;1002;1003>,,,,
773,city/adventure/random_tower/icon/img_kndr@.png,185,,53,,3,,请谨慎挑选对手,困难的敌人,,,1,<1;2;3;1001;1002;1003>,,,,
774,city/adventure/random_tower/icon/img_kndr@.png,185,,53,,3,,请谨慎挑选对手,困难的敌人,,,1,<1;2;3;1001;1002;1003>,,,,
775,city/adventure/random_tower/icon/icon_wz.png,186,,,,,,,属性加成,,,2,<1;2;3;1001;1002;1003>,,<<1;100>;<2;50>>,,
776,city/adventure/random_tower/icon/img_ptdr@.png,186,,52,,2,,小有实力，但是不足为惧的对手,普通的敌人,,,1,<1;2;3;1001;1002;1003>,,,,
777,city/adventure/random_tower/icon/img_kndr@.png,186,,53,,3,,请谨慎挑选对手,困难的敌人,,,1,<1;2;3;1001;1002;1003>,,,,
778,city/adventure/random_tower/icon/img_kndr@.png,186,,53,,3,,请谨慎挑选对手,困难的敌人,,,1,<1;2;3;1001;1002;1003>,,,,
779,city/adventure/random_tower/icon/img_kndr@.png,186,,53,,3,,请谨慎挑选对手,困难的敌人,,,1,<1;2;3;1001;1002;1003>,,,,
780,city/adventure/random_tower/icon/icon_sj.png,187,,,,,,谁也不知道会发生什么,事件,,,4,<1;2;3;1001;1002;1003>,,,<<11;1000>;<12;500>;<21;1000>;<22;500>;<31;1000>;<32;500>;<41;1000>;<42;500>;<51;1000>;<52;500>;<61;1000>;<62;500>;<99;1>>,
781,city/adventure/random_tower/icon/img_ptdr@.png,187,,52,,2,,小有实力，但是不足为惧的对手,普通的敌人,,,1,<1;2;3;1001;1002;1003>,,,,
782,city/adventure/random_tower/icon/img_ptdr@.png,187,,52,,2,,小有实力，但是不足为惧的对手,普通的敌人,,,1,<1;2;3;1001;1002;1003>,,,,
783,city/adventure/random_tower/icon/img_kndr@.png,187,,53,,3,,请谨慎挑选对手,困难的敌人,,,1,<1;2;3;1001;1002;1003>,,,,
784,city/adventure/random_tower/icon/img_kndr@.png,187,,53,,3,,请谨慎挑选对手,困难的敌人,,,1,<1;2;3;1001;1002;1003>,,,,
785,city/adventure/random_tower/icon/img_kndr@.png,187,,53,,3,,请谨慎挑选对手,困难的敌人,,,1,<1;2;3;1001;1002;1003>,,,,
786,city/adventure/random_tower/icon/icon_wz.png,188,,,,,,,战斗补给,,,2,<1;2;3;1001;1002;1003>,,<<4;100>>,,
787,city/adventure/random_tower/icon/icon_wz.png,188,,,,,,,战斗补给,,,2,<1;2;3;1001;1002;1003>,,<<5;100>>,,
788,city/adventure/random_tower/icon/img_ptdr@.png,188,,52,,2,,小有实力，但是不足为惧的对手,普通的敌人,,,1,<1;2;3;1001;1002;1003>,,,,
789,city/adventure/random_tower/icon/img_ptdr@.png,188,,52,,2,,小有实力，但是不足为惧的对手,普通的敌人,,,1,<1;2;3;1001;1002;1003>,,,,
790,city/adventure/random_tower/icon/img_kndr@.png,188,,53,,3,,请谨慎挑选对手,困难的敌人,,,1,<1;2;3;1001;1002;1003>,,,,
791,city/adventure/random_tower/icon/img_kndr@.png,188,,53,,3,,请谨慎挑选对手,困难的敌人,,,1,<1;2;3;1001;1002;1003>,,,,
792,city/adventure/random_tower/icon/img_kndr@.png,188,,53,,3,,请谨慎挑选对手,困难的敌人,,,1,<1;2;3;1001;1002;1003>,,,,
793,city/adventure/random_tower/icon/img_kndr@.png,189,,53,,3,,请谨慎挑选对手,困难的敌人,,,1,<1;2;3;1001;1002;1003>,,,,
794,city/adventure/random_tower/icon/img_boss@.png,189,,54,,4,0.8,极为艰难的力量在前方,霸主,,,1,<1;2;3;1001;1002;1003>,,,,
795,city/adventure/random_tower/icon/img_boss@.png,189,,54,,4,0.8,极为艰难的力量在前方,霸主,,,1,<1;2;3;1001;1002;1003>,,,,
796,city/adventure/random_tower/icon/img_boss@.png,189,,54,,4,0.8,极为艰难的力量在前方,霸主,,,1,<1;2;3;1001;1002;1003>,,,,
797,city/adventure/random_tower/icon_hhbx.png,190,20,,,,,跨越巨大挑战后才会配拥有此回报,豪华宝箱,,,3,<1;2;3;1001;1002;1003>,,,,
798,city/adventure/random_tower/icon/icon_wz.png,191,,,,,,,战斗效果,,,2,<1;2;3;1001;1002;1003>,,<<101;100>;<111;100>;<121;100>;<131;100>;<141;100>;<161;100>;<1;300>;<9999;100>>,,
799,city/adventure/random_tower/icon/icon_wz.png,191,,,,,,,属性加成,,,2,<1;2;3;1001;1002;1003>,,<<1;100>;<2;50>>,,
800,city/adventure/random_tower/icon/icon_sj.png,191,,,,,,谁也不知道会发生什么,事件,,,4,<1;2;3;1001;1002;1003>,,,<<1;100>;<2;100>;<3;100>;<4;100>>,
801,city/adventure/random_tower/icon/img_kndr@.png,191,,53,,3,,请谨慎挑选对手,困难的敌人,,,1,<1;2;3;1001;1002;1003>,,,,
802,city/adventure/random_tower/icon/icon_wz.png,192,,,,,,,属性加成,,,2,<1;2;3;1001;1002;1003>,,<<2;100>;<3;30>>,,
803,city/adventure/random_tower/icon/icon_sj.png,192,,51,,,,谁也不知道会发生什么,事件,,,4,<1;2;3;1001;1002;1003>,,,<<6;100>>,
804,city/adventure/random_tower/icon/img_ptdr@.png,192,,52,,2,,小有实力，但是不足为惧的对手,普通的敌人,,,1,<1;2;3;1001;1002;1003>,,,,
805,city/adventure/random_tower/icon/img_kndr@.png,192,,53,,3,,请谨慎挑选对手,困难的敌人,,,1,<1;2;3;1001;1002;1003>,,,,
806,city/adventure/random_tower/icon/icon_sj.png,193,,,,,,谁也不知道会发生什么,事件,,,4,<1;2;3;1001;1002;1003>,,,<<1;100>;<2;100>;<3;100>;<4;100>>,
807,city/adventure/random_tower/icon/img_jddr@.png,193,,51,,,,似乎是可以轻松击败的对手,简单的敌人,,,1,<1;2;3;1001;1002;1003>,,,,
808,city/adventure/random_tower/icon/img_ptdr@.png,193,,52,,2,,小有实力，但是不足为惧的对手,普通的敌人,,,1,<1;2;3;1001;1002;1003>,,,,
809,city/adventure/random_tower/icon/img_kndr@.png,193,,53,,3,,请谨慎挑选对手,困难的敌人,,,1,<1;2;3;1001;1002;1003>,,,,
810,city/adventure/random_tower/icon/icon_wz.png,194,,,,,,,属性加成,,,2,<1;2;3;1001;1002;1003>,,<<2;100>;<3;30>>,,
811,city/adventure/random_tower/icon/img_jddr@.png,194,,51,,,,似乎是可以轻松击败的对手,简单的敌人,,,1,<1;2;3;1001;1002;1003>,,,,
812,city/adventure/random_tower/icon/img_ptdr@.png,194,,52,,2,,小有实力，但是不足为惧的对手,普通的敌人,,,1,<1;2;3;1001;1002;1003>,,,,
813,city/adventure/random_tower/icon/img_kndr@.png,194,,53,,3,,请谨慎挑选对手,困难的敌人,,,1,<1;2;3;1001;1002;1003>,,,,
814,city/adventure/random_tower/icon/img_ptdr@.png,195,,52,,2,,小有实力，但是不足为惧的对手,普通的敌人,,,1,<1;2;3;1001;1002;1003>,,,,
815,city/adventure/random_tower/icon/img_kndr@.png,195,,53,,3,,请谨慎挑选对手,困难的敌人,,,1,<1;2;3;1001;1002;1003>,,,,
816,city/adventure/random_tower/icon/icon_wz.png,196,,,,,,,属性加成,,,2,<1;2;3;1001;1002;1003>,,<<1;100>;<2;50>>,,
817,city/adventure/random_tower/icon/img_ptdr@.png,196,,52,,2,,小有实力，但是不足为惧的对手,普通的敌人,,,1,<1;2;3;1001;1002;1003>,,,,
818,city/adventure/random_tower/icon/img_kndr@.png,196,,53,,3,,请谨慎挑选对手,困难的敌人,,,1,<1;2;3;1001;1002;1003>,,,,
819,city/adventure/random_tower/icon/img_kndr@.png,196,,53,,3,,请谨慎挑选对手,困难的敌人,,,1,<1;2;3;1001;1002;1003>,,,,
820,city/adventure/random_tower/icon/img_kndr@.png,196,,53,,3,,请谨慎挑选对手,困难的敌人,,,1,<1;2;3;1001;1002;1003>,,,,
821,city/adventure/random_tower/icon/icon_sj.png,197,,,,,,谁也不知道会发生什么,事件,,,4,<1;2;3;1001;1002;1003>,,,<<11;1000>;<12;500>;<21;1000>;<22;500>;<31;1000>;<32;500>;<41;1000>;<42;500>;<51;1000>;<52;500>;<61;1000>;<62;500>;<99;1>>,
822,city/adventure/random_tower/icon/img_ptdr@.png,197,,52,,2,,小有实力，但是不足为惧的对手,普通的敌人,,,1,<1;2;3;1001;1002;1003>,,,,
823,city/adventure/random_tower/icon/img_ptdr@.png,197,,52,,2,,小有实力，但是不足为惧的对手,普通的敌人,,,1,<1;2;3;1001;1002;1003>,,,,
824,city/adventure/random_tower/icon/img_kndr@.png,197,,53,,3,,请谨慎挑选对手,困难的敌人,,,1,<1;2;3;1001;1002;1003>,,,,
825,city/adventure/random_tower/icon/img_kndr@.png,197,,53,,3,,请谨慎挑选对手,困难的敌人,,,1,<1;2;3;1001;1002;1003>,,,,
826,city/adventure/random_tower/icon/img_kndr@.png,197,,53,,3,,请谨慎挑选对手,困难的敌人,,,1,<1;2;3;1001;1002;1003>,,,,
827,city/adventure/random_tower/icon_bx.png,197,10,,,,,不经意间发现的宝箱,宝箱,,,3,<1;2;3;1001;1002;1003>,,,,
828,city/adventure/random_tower/icon/icon_wz.png,198,,,,,,,战斗补给,,,2,<1;2;3;1001;1002;1003>,,<<4;100>>,,
829,city/adventure/random_tower/icon/icon_wz.png,198,,,,,,,战斗补给,,,2,<1;2;3;1001;1002;1003>,,<<5;100>>,,
830,city/adventure/random_tower/icon/img_ptdr@.png,198,,52,,2,,小有实力，但是不足为惧的对手,普通的敌人,,,1,<1;2;3;1001;1002;1003>,,,,
831,city/adventure/random_tower/icon/img_ptdr@.png,198,,52,,2,,小有实力，但是不足为惧的对手,普通的敌人,,,1,<1;2;3;1001;1002;1003>,,,,
832,city/adventure/random_tower/icon/img_kndr@.png,198,,53,,3,,请谨慎挑选对手,困难的敌人,,,1,<1;2;3;1001;1002;1003>,,,,
833,city/adventure/random_tower/icon/img_kndr@.png,198,,53,,3,,请谨慎挑选对手,困难的敌人,,,1,<1;2;3;1001;1002;1003>,,,,
834,city/adventure/random_tower/icon/img_kndr@.png,198,,53,,3,,请谨慎挑选对手,困难的敌人,,,1,<1;2;3;1001;1002;1003>,,,,
835,city/adventure/random_tower/icon/img_kndr@.png,199,,53,,3,,请谨慎挑选对手,困难的敌人,,,1,<1;2;3;1001;1002;1003>,,,,
836,city/adventure/random_tower/icon/img_boss@.png,199,,54,,4,0.8,极为艰难的力量在前方,霸主,,,1,<1;2;3;1001;1002;1003>,,,,
837,city/adventure/random_tower/icon/img_boss@.png,199,,54,,4,0.8,极为艰难的力量在前方,霸主,,,1,<1;2;3;1001;1002;1003>,,,,
838,city/adventure/random_tower/icon/img_boss@.png,199,,54,,4,0.8,极为艰难的力量在前方,霸主,,,1,<1;2;3;1001;1002;1003>,,,,
839,city/adventure/random_tower/icon_hhbx.png,200,101,,,,,跨越巨大挑战后才会配拥有此回报,豪华宝箱,,,3,<1;2;3;1001;1002;1003>,,,,
1001,city/adventure/random_tower/icon/icon_wz.png,1,,,,,,,战斗效果,,,2,<4;1004>,,<<101;100>;<111;100>;<121;100>;<131;100>;<141;100>;<161;100>;<1;300>;<9999;100>>,,
1002,city/adventure/random_tower/icon/icon_wz.png,1,,,,,,,战斗效果,,,2,<4;1004>,,<<101;100>;<111;100>;<121;100>;<131;100>;<141;100>;<161;100>;<1;300>;<9999;100>>,,
1003,city/adventure/random_tower/icon/icon_wz.png,1,,,,,,,战斗效果,,,2,<4;1004>,,<<101;100>;<111;100>;<121;100>;<131;100>;<141;100>;<161;100>;<1;300>;<9999;100>>,,
1004,city/adventure/random_tower/icon/icon_wz.png,1,,,,,,,战斗效果,,,2,<4;1004>,,<<101;100>;<111;100>;<121;100>;<131;100>;<141;100>;<161;100>;<1;300>;<9999;100>>,,
1005,city/adventure/random_tower/icon/icon_wz.png,2,,,,,,,战斗效果,,,2,<4;1004>,,<<101;100>;<111;100>;<121;100>;<131;100>;<141;100>;<161;100>;<1;300>;<9999;100>>,,
1006,city/adventure/random_tower/icon/icon_wz.png,2,,,,,,,战斗效果,,,2,<4;1004>,,<<101;100>;<111;100>;<121;100>;<131;100>;<141;100>;<161;100>;<1;300>;<9999;100>>,,
1007,city/adventure/random_tower/icon/icon_wz.png,2,,,,,,,战斗效果,,,2,<4;1004>,,<<101;100>;<111;100>;<121;100>;<131;100>;<141;100>;<161;100>;<1;300>;<9999;100>>,,
1008,city/adventure/random_tower/icon/icon_wz.png,2,,,,,,,战斗效果,,,2,<4;1004>,,<<101;100>;<111;100>;<121;100>;<131;100>;<141;100>;<161;100>;<1;300>;<9999;100>>,,
1009,city/adventure/random_tower/icon/icon_wz.png,3,,,,,,,战斗效果,,,2,<4;1004>,,<<101;100>;<111;100>;<121;100>;<131;100>;<141;100>;<161;100>;<1;300>;<9999;100>>,,
1010,city/adventure/random_tower/icon/icon_wz.png,3,,,,,,,战斗效果,,,2,<4;1004>,,<<101;100>;<111;100>;<121;100>;<131;100>;<141;100>;<161;100>;<1;300>;<9999;100>>,,
1011,city/adventure/random_tower/icon/icon_wz.png,3,,,,,,,战斗效果,,,2,<4;1004>,,<<101;100>;<111;100>;<121;100>;<131;100>;<141;100>;<161;100>;<1;300>;<9999;100>>,,
1012,city/adventure/random_tower/icon/icon_wz.png,3,,,,,,,战斗效果,,,2,<4;1004>,,<<101;100>;<111;100>;<121;100>;<131;100>;<141;100>;<161;100>;<1;300>;<9999;100>>,,
1013,city/adventure/random_tower/icon/img_jddr@.png,4,,1001,,,,似乎是可以轻松击败的对手,简单的敌人,,,1,<4;1004>,,,,
1014,city/adventure/random_tower/icon/img_jddr@.png,4,,1001,,,,似乎是可以轻松击败的对手,简单的敌人,,,1,<4;1004>,,,,
1015,city/adventure/random_tower/icon/img_jddr@.png,4,,1001,,,,似乎是可以轻松击败的对手,简单的敌人,,,1,<4;1004>,,,,
1016,city/adventure/random_tower/icon/img_ptdr@.png,4,,1002,,2,,小有实力，但是不足为惧的对手,普通的敌人,,,1,<4;1004>,,,,
1017,city/adventure/random_tower/icon/img_ptdr@.png,5,,1002,,2,,小有实力，但是不足为惧的对手,普通的敌人,,,1,<4;1004>,,,,
1018,city/adventure/random_tower/icon/img_ptdr@.png,5,,1002,,2,,小有实力，但是不足为惧的对手,普通的敌人,,,1,<4;1004>,,,,
1019,city/adventure/random_tower/icon/img_kndr@.png,5,,1003,,3,,请谨慎挑选对手,困难的敌人,,,1,<4;1004>,,,,
1020,city/adventure/random_tower/icon/img_kndr@.png,5,,1003,,3,,请谨慎挑选对手,困难的敌人,,,1,<4;1004>,,,,
1021,city/adventure/random_tower/icon/icon_wz.png,6,,,,,,,战斗效果,,,2,<4;1004>,,<<101;100>;<111;100>;<121;100>;<131;100>;<141;100>;<161;100>;<1;300>;<9999;100>>,,
1022,city/adventure/random_tower/icon/icon_wz.png,6,,,,,,,属性加成,,,2,<4;1004>,,<<1;100>;<2;50>>,,
1023,city/adventure/random_tower/icon/img_ptdr@.png,6,,1002,,2,,小有实力，但是不足为惧的对手,普通的敌人,,,1,<4;1004>,,,,
1024,city/adventure/random_tower/icon/img_kndr@.png,6,,1003,,3,,请谨慎挑选对手,困难的敌人,,,1,<4;1004>,,,,
1025,city/adventure/random_tower/icon/icon_wz.png,7,,,,,,,属性加成,,,2,<4;1004>,,<<1;100>;<2;50>>,,
1026,city/adventure/random_tower/icon/icon_sj.png,7,,,,,,谁也不知道会发生什么,事件,,,4,<4;1004>,,,<<11;1000>;<12;500>;<21;1000>;<22;500>;<31;1000>;<32;500>;<41;1000>;<42;500>;<51;1000>;<52;500>;<61;1000>;<62;500>;<99;1>>,
1027,city/adventure/random_tower/icon/img_jddr@.png,7,,1001,,,,似乎是可以轻松击败的对手,简单的敌人,,,1,<4;1004>,,,,
1028,city/adventure/random_tower/icon/img_ptdr@.png,7,,1002,,2,,小有实力，但是不足为惧的对手,普通的敌人,,,1,<4;1004>,,,,
1029,city/adventure/random_tower/icon/img_kndr@.png,7,,1003,,3,,请谨慎挑选对手,困难的敌人,,,1,<4;1004>,,,,
1030,city/adventure/random_tower/icon/icon_wz.png,8,,,,,,,战斗补给,,,2,<4;1004>,,<<4;100>>,,
1031,city/adventure/random_tower/icon/icon_wz.png,8,,,,,,,战斗补给,,,2,<4;1004>,,<<5;100>>,,
1032,city/adventure/random_tower/icon/icon_sj.png,8,,,,,,谁也不知道会发生什么,事件,,,4,<4;1004>,,,<<11;1000>;<12;500>;<21;1000>;<22;500>;<31;1000>;<32;500>;<41;1000>;<42;500>;<51;1000>;<52;500>;<61;1000>;<62;500>;<99;1>>,
1033,city/adventure/random_tower/icon/img_jddr@.png,8,,1001,,,,似乎是可以轻松击败的对手,简单的敌人,,,1,<4;1004>,,,,
1034,city/adventure/random_tower/icon/img_ptdr@.png,8,,1002,,2,,小有实力，但是不足为惧的对手,普通的敌人,,,1,<4;1004>,,,,
1035,city/adventure/random_tower/icon/img_kndr@.png,8,,1003,,3,,请谨慎挑选对手,困难的敌人,,,1,<4;1004>,,,,
1036,city/adventure/random_tower/icon/img_kndr@.png,9,,1003,,3,,请谨慎挑选对手,困难的敌人,,,1,<4;1004>,,,,
1037,city/adventure/random_tower/icon/img_boss@.png,9,,1004,,4,0.8,极为艰难的力量在前方,霸主,,,1,<4;1004>,,,,
1038,city/adventure/random_tower/icon/img_boss@.png,9,,1004,,4,0.8,极为艰难的力量在前方,霸主,,,1,<4;1004>,,,,
1039,city/adventure/random_tower/icon/img_boss@.png,9,,1004,,4,0.8,极为艰难的力量在前方,霸主,,,1,<4;1004>,,,,
1040,city/adventure/random_tower/icon_hhbx.png,10,11,,,,,跨越巨大挑战后才会配拥有此回报,豪华宝箱,,,3,<4;1004>,,,,
1041,city/adventure/random_tower/icon/icon_wz.png,11,,,,,,,战斗效果,,,2,<4;1004>,,<<101;100>;<111;100>;<121;100>;<131;100>;<141;100>;<161;100>;<1;300>;<9999;100>>,,
1042,city/adventure/random_tower/icon/icon_wz.png,11,,,,,,,战斗效果,,,2,<4;1004>,,<<101;100>;<111;100>;<121;100>;<131;100>;<141;100>;<161;100>;<1;300>;<9999;100>>,,
1043,city/adventure/random_tower/icon/icon_wz.png,11,,,,,,,战斗效果,,,2,<4;1004>,,<<101;100>;<111;100>;<121;100>;<131;100>;<141;100>;<161;100>;<1;300>;<9999;100>>,,
1044,city/adventure/random_tower/icon/icon_wz.png,11,,,,,,,战斗效果,,,2,<4;1004>,,<<101;100>;<111;100>;<121;100>;<131;100>;<141;100>;<161;100>;<1;300>;<9999;100>>,,
1045,city/adventure/random_tower/icon/icon_wz.png,12,,,,,,,战斗效果,,,2,<4;1004>,,<<101;100>;<111;100>;<121;100>;<131;100>;<141;100>;<161;100>;<1;300>;<9999;100>>,,
1046,city/adventure/random_tower/icon/icon_wz.png,12,,,,,,,战斗效果,,,2,<4;1004>,,<<101;100>;<111;100>;<121;100>;<131;100>;<141;100>;<161;100>;<1;300>;<9999;100>>,,
1047,city/adventure/random_tower/icon/icon_wz.png,12,,,,,,,战斗效果,,,2,<4;1004>,,<<101;100>;<111;100>;<121;100>;<131;100>;<141;100>;<161;100>;<1;300>;<9999;100>>,,
1048,city/adventure/random_tower/icon/icon_wz.png,12,,,,,,,战斗效果,,,2,<4;1004>,,<<101;100>;<111;100>;<121;100>;<131;100>;<141;100>;<161;100>;<1;300>;<9999;100>>,,
1049,city/adventure/random_tower/icon/icon_wz.png,13,,,,,,,战斗效果,,,2,<4;1004>,,<<101;100>;<111;100>;<121;100>;<131;100>;<141;100>;<161;100>;<1;300>;<9999;100>>,,
1050,city/adventure/random_tower/icon/icon_wz.png,13,,,,,,,战斗效果,,,2,<4;1004>,,<<101;100>;<111;100>;<121;100>;<131;100>;<141;100>;<161;100>;<1;300>;<9999;100>>,,
1051,city/adventure/random_tower/icon/icon_wz.png,13,,,,,,,战斗效果,,,2,<4;1004>,,<<101;100>;<111;100>;<121;100>;<131;100>;<141;100>;<161;100>;<1;300>;<9999;100>>,,
1052,city/adventure/random_tower/icon/icon_wz.png,13,,,,,,,战斗效果,,,2,<4;1004>,,<<101;100>;<111;100>;<121;100>;<131;100>;<141;100>;<161;100>;<1;300>;<9999;100>>,,
1053,city/adventure/random_tower/icon/img_jddr@.png,14,,1001,,,,似乎是可以轻松击败的对手,简单的敌人,,,1,<4;1004>,,,,
1054,city/adventure/random_tower/icon/img_jddr@.png,14,,1001,,,,似乎是可以轻松击败的对手,简单的敌人,,,1,<4;1004>,,,,
1055,city/adventure/random_tower/icon/img_jddr@.png,14,,1001,,,,似乎是可以轻松击败的对手,简单的敌人,,,1,<4;1004>,,,,
1056,city/adventure/random_tower/icon/img_ptdr@.png,14,,1002,,2,,小有实力，但是不足为惧的对手,普通的敌人,,,1,<4;1004>,,,,
1057,city/adventure/random_tower/icon/img_ptdr@.png,15,,1002,,2,,小有实力，但是不足为惧的对手,普通的敌人,,,1,<4;1004>,,,,
1058,city/adventure/random_tower/icon/img_ptdr@.png,15,,1002,,2,,小有实力，但是不足为惧的对手,普通的敌人,,,1,<4;1004>,,,,
1059,city/adventure/random_tower/icon/img_kndr@.png,15,,1003,,3,,请谨慎挑选对手,困难的敌人,,,1,<4;1004>,,,,
1060,city/adventure/random_tower/icon/img_kndr@.png,15,,1003,,3,,请谨慎挑选对手,困难的敌人,,,1,<4;1004>,,,,
1061,city/adventure/random_tower/icon/icon_wz.png,16,,,,,,,战斗效果,,,2,<4;1004>,,<<101;100>;<111;100>;<121;100>;<131;100>;<141;100>;<161;100>;<1;300>;<9999;100>>,,
1062,city/adventure/random_tower/icon/icon_wz.png,16,,,,,,,属性加成,,,2,<4;1004>,,<<1;100>;<2;50>>,,
1063,city/adventure/random_tower/icon/img_ptdr@.png,16,,1002,,2,,小有实力，但是不足为惧的对手,普通的敌人,,,1,<4;1004>,,,,
1064,city/adventure/random_tower/icon/img_kndr@.png,16,,1003,,3,,请谨慎挑选对手,困难的敌人,,,1,<4;1004>,,,,
1065,city/adventure/random_tower/icon/icon_wz.png,17,,,,,,,属性加成,,,2,<4;1004>,,<<1;100>;<2;50>>,,
1066,city/adventure/random_tower/icon/icon_sj.png,17,,,,,,谁也不知道会发生什么,事件,,,4,<4;1004>,,,<<11;1000>;<12;500>;<21;1000>;<22;500>;<31;1000>;<32;500>;<41;1000>;<42;500>;<51;1000>;<52;500>;<61;1000>;<62;500>;<99;1>>,
1067,city/adventure/random_tower/icon/img_jddr@.png,17,,1001,,,,似乎是可以轻松击败的对手,简单的敌人,,,1,<4;1004>,,,,
1068,city/adventure/random_tower/icon/img_ptdr@.png,17,,1002,,2,,小有实力，但是不足为惧的对手,普通的敌人,,,1,<4;1004>,,,,
1069,city/adventure/random_tower/icon/img_kndr@.png,17,,1003,,3,,请谨慎挑选对手,困难的敌人,,,1,<4;1004>,,,,
1070,city/adventure/random_tower/icon_bx.png,17,1,,,,,不经意间发现的宝箱,宝箱,,,3,<4;1004>,,,,
1071,city/adventure/random_tower/icon/icon_wz.png,18,,,,,,,战斗补给,,,2,<4;1004>,,<<4;100>>,,
1072,city/adventure/random_tower/icon/icon_wz.png,18,,,,,,,战斗补给,,,2,<4;1004>,,<<5;100>>,,
1073,city/adventure/random_tower/icon/icon_sj.png,18,,,,,,谁也不知道会发生什么,事件,,,4,<4;1004>,,,<<11;1000>;<12;500>;<21;1000>;<22;500>;<31;1000>;<32;500>;<41;1000>;<42;500>;<51;1000>;<52;500>;<61;1000>;<62;500>;<99;1>>,
1074,city/adventure/random_tower/icon/img_jddr@.png,18,,1001,,,,似乎是可以轻松击败的对手,简单的敌人,,,1,<4;1004>,,,,
1075,city/adventure/random_tower/icon/img_ptdr@.png,18,,1002,,2,,小有实力，但是不足为惧的对手,普通的敌人,,,1,<4;1004>,,,,
1076,city/adventure/random_tower/icon/img_kndr@.png,18,,1003,,3,,请谨慎挑选对手,困难的敌人,,,1,<4;1004>,,,,
1077,city/adventure/random_tower/icon/img_kndr@.png,19,,1003,,3,,请谨慎挑选对手,困难的敌人,,,1,<4;1004>,,,,
1078,city/adventure/random_tower/icon/img_boss@.png,19,,1004,,4,0.8,极为艰难的力量在前方,霸主,,,1,<4;1004>,,,,
1079,city/adventure/random_tower/icon/img_boss@.png,19,,1004,,4,0.8,极为艰难的力量在前方,霸主,,,1,<4;1004>,,,,
1080,city/adventure/random_tower/icon/img_boss@.png,19,,1004,,4,0.8,极为艰难的力量在前方,霸主,,,1,<4;1004>,,,,
1081,city/adventure/random_tower/icon/icon_sj.png,20,,,,,,谁也不知道会发生什么,事件,,,4,<4;1004>,,,<<11;1000>;<12;500>;<21;1000>;<22;500>;<31;1000>;<32;500>;<41;1000>;<42;500>;<51;1000>;<52;500>;<61;1000>;<62;500>;<99;1>>,
1082,city/adventure/random_tower/icon/icon_wz.png,21,,,,,,,战斗效果,,,2,<4;1004>,,<<101;100>;<111;100>;<121;100>;<131;100>;<141;100>;<161;100>;<1;300>;<9999;100>>,,
1083,city/adventure/random_tower/icon/icon_wz.png,21,,,,,,,战斗效果,,,2,<4;1004>,,<<101;100>;<111;100>;<121;100>;<131;100>;<141;100>;<161;100>;<1;300>;<9999;100>>,,
1084,city/adventure/random_tower/icon/icon_wz.png,21,,,,,,,战斗效果,,,2,<4;1004>,,<<101;100>;<111;100>;<121;100>;<131;100>;<141;100>;<161;100>;<1;300>;<9999;100>>,,
1085,city/adventure/random_tower/icon/icon_wz.png,21,,,,,,,战斗效果,,,2,<4;1004>,,<<101;100>;<111;100>;<121;100>;<131;100>;<141;100>;<161;100>;<1;300>;<9999;100>>,,
1086,city/adventure/random_tower/icon/icon_wz.png,22,,,,,,,战斗效果,,,2,<4;1004>,,<<101;100>;<111;100>;<121;100>;<131;100>;<141;100>;<161;100>;<1;300>;<9999;100>>,,
1087,city/adventure/random_tower/icon/icon_wz.png,22,,,,,,,战斗效果,,,2,<4;1004>,,<<101;100>;<111;100>;<121;100>;<131;100>;<141;100>;<161;100>;<1;300>;<9999;100>>,,
1088,city/adventure/random_tower/icon/icon_wz.png,22,,,,,,,战斗效果,,,2,<4;1004>,,<<101;100>;<111;100>;<121;100>;<131;100>;<141;100>;<161;100>;<1;300>;<9999;100>>,,
1089,city/adventure/random_tower/icon/icon_wz.png,22,,,,,,,战斗效果,,,2,<4;1004>,,<<101;100>;<111;100>;<121;100>;<131;100>;<141;100>;<161;100>;<1;300>;<9999;100>>,,
1090,city/adventure/random_tower/icon/img_jddr@.png,23,,1001,,,,似乎是可以轻松击败的对手,简单的敌人,,,1,<4;1004>,,,,
1091,city/adventure/random_tower/icon/img_jddr@.png,23,,1001,,,,似乎是可以轻松击败的对手,简单的敌人,,,1,<4;1004>,,,,
1092,city/adventure/random_tower/icon/img_ptdr@.png,23,,1002,,2,,小有实力，但是不足为惧的对手,普通的敌人,,,1,<4;1004>,,,,
1093,city/adventure/random_tower/icon/img_ptdr@.png,23,,1002,,2,,小有实力，但是不足为惧的对手,普通的敌人,,,1,<4;1004>,,,,
1094,city/adventure/random_tower/icon/img_jddr@.png,24,,1001,,,,似乎是可以轻松击败的对手,简单的敌人,,,1,<4;1004>,,,,
1095,city/adventure/random_tower/icon/img_jddr@.png,24,,1001,,,,似乎是可以轻松击败的对手,简单的敌人,,,1,<4;1004>,,,,
1096,city/adventure/random_tower/icon/img_jddr@.png,24,,1001,,,,似乎是可以轻松击败的对手,简单的敌人,,,1,<4;1004>,,,,
1097,city/adventure/random_tower/icon/img_ptdr@.png,24,,1002,,2,,小有实力，但是不足为惧的对手,普通的敌人,,,1,<4;1004>,,,,
1098,city/adventure/random_tower/icon/img_ptdr@.png,25,,1002,,2,,小有实力，但是不足为惧的对手,普通的敌人,,,1,<4;1004>,,,,
1099,city/adventure/random_tower/icon/img_ptdr@.png,25,,1002,,2,,小有实力，但是不足为惧的对手,普通的敌人,,,1,<4;1004>,,,,
1100,city/adventure/random_tower/icon/img_kndr@.png,25,,1003,,3,,请谨慎挑选对手,困难的敌人,,,1,<4;1004>,,,,
1101,city/adventure/random_tower/icon/img_kndr@.png,25,,1003,,3,,请谨慎挑选对手,困难的敌人,,,1,<4;1004>,,,,
1102,city/adventure/random_tower/icon/icon_wz.png,26,,,,,,,战斗效果,,,2,<4;1004>,,<<101;100>;<111;100>;<121;100>;<131;100>;<141;100>;<161;100>;<1;300>;<9999;100>>,,
1103,city/adventure/random_tower/icon/icon_wz.png,26,,,,,,,属性加成,,,2,<4;1004>,,<<1;100>;<2;50>>,,
1104,city/adventure/random_tower/icon/icon_sj.png,26,,,,,,谁也不知道会发生什么,事件,,,4,<4;1004>,,,<<6;100>>,
1105,city/adventure/random_tower/icon/img_ptdr@.png,26,,1002,,2,,小有实力，但是不足为惧的对手,普通的敌人,,,1,<4;1004>,,,,
1106,city/adventure/random_tower/icon/img_kndr@.png,26,,1003,,3,,请谨慎挑选对手,困难的敌人,,,1,<4;1004>,,,,
1107,city/adventure/random_tower/icon/icon_wz.png,27,,,,,,,属性加成,,,2,<4;1004>,,<<1;100>;<2;50>>,,
1108,city/adventure/random_tower/icon/icon_sj.png,27,,,,,,谁也不知道会发生什么,事件,,,4,<4;1004>,,,<<11;1000>;<12;500>;<21;1000>;<22;500>;<31;1000>;<32;500>;<41;1000>;<42;500>;<51;1000>;<52;500>;<61;1000>;<62;500>;<99;1>>,
1109,city/adventure/random_tower/icon/img_jddr@.png,27,,1001,,,,似乎是可以轻松击败的对手,简单的敌人,,,1,<4;1004>,,,,
1110,city/adventure/random_tower/icon/img_ptdr@.png,27,,1002,,2,,小有实力，但是不足为惧的对手,普通的敌人,,,1,<4;1004>,,,,
1111,city/adventure/random_tower/icon/img_kndr@.png,27,,1003,,3,,请谨慎挑选对手,困难的敌人,,,1,<4;1004>,,,,
1112,city/adventure/random_tower/icon/icon_wz.png,28,,,,,,,战斗补给,,,2,<4;1004>,,<<4;100>>,,
1113,city/adventure/random_tower/icon/icon_wz.png,28,,,,,,,战斗补给,,,2,<4;1004>,,<<5;100>>,,
1114,city/adventure/random_tower/icon/icon_sj.png,28,,,,,,谁也不知道会发生什么,事件,,,4,<4;1004>,,,<<11;1000>;<12;500>;<21;1000>;<22;500>;<31;1000>;<32;500>;<41;1000>;<42;500>;<51;1000>;<52;500>;<61;1000>;<62;500>;<99;1>>,
1115,city/adventure/random_tower/icon/img_jddr@.png,28,,1001,,,,似乎是可以轻松击败的对手,简单的敌人,,,1,<4;1004>,,,,
1116,city/adventure/random_tower/icon/img_ptdr@.png,28,,1002,,2,,小有实力，但是不足为惧的对手,普通的敌人,,,1,<4;1004>,,,,
1117,city/adventure/random_tower/icon/img_kndr@.png,28,,1003,,3,,请谨慎挑选对手,困难的敌人,,,1,<4;1004>,,,,
1118,city/adventure/random_tower/icon/img_kndr@.png,29,,1003,,3,,请谨慎挑选对手,困难的敌人,,,1,<4;1004>,,,,
1119,city/adventure/random_tower/icon/img_boss@.png,29,,1004,,4,0.8,极为艰难的力量在前方,霸主,,,1,<4;1004>,,,,
1120,city/adventure/random_tower/icon/img_boss@.png,29,,1004,,4,0.8,极为艰难的力量在前方,霸主,,,1,<4;1004>,,,,
1121,city/adventure/random_tower/icon/img_boss@.png,29,,1004,,4,0.8,极为艰难的力量在前方,霸主,,,1,<4;1004>,,,,
1122,city/adventure/random_tower/icon_hhbx.png,30,12,,,,,跨越巨大挑战后才会配拥有此回报,豪华宝箱,,,3,<4;1004>,,,,
1123,city/adventure/random_tower/icon/icon_wz.png,31,,,,,,,战斗效果,,,2,<4;1004>,,<<101;100>;<111;100>;<121;100>;<131;100>;<141;100>;<161;100>;<1;300>;<9999;100>>,,
1124,city/adventure/random_tower/icon/icon_wz.png,31,,,,,,,战斗效果,,,2,<4;1004>,,<<101;100>;<111;100>;<121;100>;<131;100>;<141;100>;<161;100>;<1;300>;<9999;100>>,,
1125,city/adventure/random_tower/icon/icon_wz.png,31,,,,,,,战斗效果,,,2,<4;1004>,,<<101;100>;<111;100>;<121;100>;<131;100>;<141;100>;<161;100>;<1;300>;<9999;100>>,,
1126,city/adventure/random_tower/icon/icon_wz.png,31,,,,,,,战斗效果,,,2,<4;1004>,,<<101;100>;<111;100>;<121;100>;<131;100>;<141;100>;<161;100>;<1;300>;<9999;100>>,,
1127,city/adventure/random_tower/icon/icon_wz.png,32,,,,,,,战斗效果,,,2,<4;1004>,,<<101;100>;<111;100>;<121;100>;<131;100>;<141;100>;<161;100>;<1;300>;<9999;100>>,,
1128,city/adventure/random_tower/icon/icon_wz.png,32,,,,,,,战斗效果,,,2,<4;1004>,,<<101;100>;<111;100>;<121;100>;<131;100>;<141;100>;<161;100>;<1;300>;<9999;100>>,,
1129,city/adventure/random_tower/icon/icon_wz.png,32,,,,,,,战斗效果,,,2,<4;1004>,,<<101;100>;<111;100>;<121;100>;<131;100>;<141;100>;<161;100>;<1;300>;<9999;100>>,,
1130,city/adventure/random_tower/icon/icon_wz.png,32,,,,,,,战斗效果,,,2,<4;1004>,,<<101;100>;<111;100>;<121;100>;<131;100>;<141;100>;<161;100>;<1;300>;<9999;100>>,,
1131,city/adventure/random_tower/icon/img_jddr@.png,33,,1001,,,,似乎是可以轻松击败的对手,简单的敌人,,,1,<4;1004>,,,,
1132,city/adventure/random_tower/icon/img_jddr@.png,33,,1001,,,,似乎是可以轻松击败的对手,简单的敌人,,,1,<4;1004>,,,,
1133,city/adventure/random_tower/icon/img_ptdr@.png,33,,1002,,2,,小有实力，但是不足为惧的对手,普通的敌人,,,1,<4;1004>,,,,
1134,city/adventure/random_tower/icon/img_ptdr@.png,33,,1002,,2,,小有实力，但是不足为惧的对手,普通的敌人,,,1,<4;1004>,,,,
1135,city/adventure/random_tower/icon/img_jddr@.png,34,,1001,,,,似乎是可以轻松击败的对手,简单的敌人,,,1,<4;1004>,,,,
1136,city/adventure/random_tower/icon/img_jddr@.png,34,,1001,,,,似乎是可以轻松击败的对手,简单的敌人,,,1,<4;1004>,,,,
1137,city/adventure/random_tower/icon/img_jddr@.png,34,,1001,,,,似乎是可以轻松击败的对手,简单的敌人,,,1,<4;1004>,,,,
1138,city/adventure/random_tower/icon/img_ptdr@.png,34,,1002,,2,,小有实力，但是不足为惧的对手,普通的敌人,,,1,<4;1004>,,,,
1139,city/adventure/random_tower/icon/img_ptdr@.png,35,,1002,,2,,小有实力，但是不足为惧的对手,普通的敌人,,,1,<4;1004>,,,,
1140,city/adventure/random_tower/icon/img_ptdr@.png,35,,1002,,2,,小有实力，但是不足为惧的对手,普通的敌人,,,1,<4;1004>,,,,
1141,city/adventure/random_tower/icon/img_kndr@.png,35,,1003,,3,,请谨慎挑选对手,困难的敌人,,,1,<4;1004>,,,,
1142,city/adventure/random_tower/icon/img_kndr@.png,35,,1003,,3,,请谨慎挑选对手,困难的敌人,,,1,<4;1004>,,,,
1143,city/adventure/random_tower/icon/icon_wz.png,36,,,,,,,战斗效果,,,2,<4;1004>,,<<101;100>;<111;100>;<121;100>;<131;100>;<141;100>;<161;100>;<1;300>;<9999;100>>,,
1144,city/adventure/random_tower/icon/icon_wz.png,36,,,,,,,属性加成,,,2,<4;1004>,,<<1;100>;<2;50>>,,
1145,city/adventure/random_tower/icon/img_ptdr@.png,36,,1002,,2,,小有实力，但是不足为惧的对手,普通的敌人,,,1,<4;1004>,,,,
1146,city/adventure/random_tower/icon/img_kndr@.png,36,,1003,,3,,请谨慎挑选对手,困难的敌人,,,1,<4;1004>,,,,
1147,city/adventure/random_tower/icon/icon_wz.png,37,,,,,,,属性加成,,,2,<4;1004>,,<<1;100>;<2;50>>,,
1148,city/adventure/random_tower/icon/icon_sj.png,37,,,,,,谁也不知道会发生什么,事件,,,4,<4;1004>,,,<<11;1000>;<12;500>;<21;1000>;<22;500>;<31;1000>;<32;500>;<41;1000>;<42;500>;<51;1000>;<52;500>;<61;1000>;<62;500>;<99;1>>,
1149,city/adventure/random_tower/icon/img_jddr@.png,37,,1001,,,,似乎是可以轻松击败的对手,简单的敌人,,,1,<4;1004>,,,,
1150,city/adventure/random_tower/icon/img_ptdr@.png,37,,1002,,2,,小有实力，但是不足为惧的对手,普通的敌人,,,1,<4;1004>,,,,
1151,city/adventure/random_tower/icon/img_kndr@.png,37,,1003,,3,,请谨慎挑选对手,困难的敌人,,,1,<4;1004>,,,,
1152,city/adventure/random_tower/icon_bx.png,37,2,,,,,不经意间发现的宝箱,宝箱,,,3,<4;1004>,,,,
1153,city/adventure/random_tower/icon/icon_wz.png,38,,,,,,,战斗补给,,,2,<4;1004>,,<<4;100>>,,
1154,city/adventure/random_tower/icon/icon_wz.png,38,,,,,,,战斗补给,,,2,<4;1004>,,<<5;100>>,,
1155,city/adventure/random_tower/icon/icon_sj.png,38,,,,,,谁也不知道会发生什么,事件,,,4,<4;1004>,,,<<11;1000>;<12;500>;<21;1000>;<22;500>;<31;1000>;<32;500>;<41;1000>;<42;500>;<51;1000>;<52;500>;<61;1000>;<62;500>;<99;1>>,
1156,city/adventure/random_tower/icon/img_jddr@.png,38,,1001,,,,似乎是可以轻松击败的对手,简单的敌人,,,1,<4;1004>,,,,
1157,city/adventure/random_tower/icon/img_ptdr@.png,38,,1002,,2,,小有实力，但是不足为惧的对手,普通的敌人,,,1,<4;1004>,,,,
1158,city/adventure/random_tower/icon/img_kndr@.png,38,,1003,,3,,请谨慎挑选对手,困难的敌人,,,1,<4;1004>,,,,
1159,city/adventure/random_tower/icon/img_kndr@.png,39,,1003,,3,,请谨慎挑选对手,困难的敌人,,,1,<4;1004>,,,,
1160,city/adventure/random_tower/icon/img_boss@.png,39,,1004,,4,0.8,极为艰难的力量在前方,霸主,,,1,<4;1004>,,,,
1161,city/adventure/random_tower/icon/img_boss@.png,39,,1004,,4,0.8,极为艰难的力量在前方,霸主,,,1,<4;1004>,,,,
1162,city/adventure/random_tower/icon/img_boss@.png,39,,1004,,4,0.8,极为艰难的力量在前方,霸主,,,1,<4;1004>,,,,
1163,city/adventure/random_tower/icon/icon_sj.png,40,,,,,,谁也不知道会发生什么,事件,,,4,<4;1004>,,,<<11;1000>;<12;500>;<21;1000>;<22;500>;<31;1000>;<32;500>;<41;1000>;<42;500>;<51;1000>;<52;500>;<61;1000>;<62;500>;<99;1>>,
1164,city/adventure/random_tower/icon/icon_wz.png,41,,,,,,,战斗效果,,,2,<4;1004>,,<<101;100>;<111;100>;<121;100>;<131;100>;<141;100>;<161;100>;<1;300>;<9999;100>>,,
1165,city/adventure/random_tower/icon/icon_wz.png,41,,,,,,,战斗效果,,,2,<4;1004>,,<<101;100>;<111;100>;<121;100>;<131;100>;<141;100>;<161;100>;<1;300>;<9999;100>>,,
1166,city/adventure/random_tower/icon/icon_wz.png,41,,,,,,,战斗效果,,,2,<4;1004>,,<<101;100>;<111;100>;<121;100>;<131;100>;<141;100>;<161;100>;<1;300>;<9999;100>>,,
1167,city/adventure/random_tower/icon/icon_wz.png,42,,,,,,,战斗效果,,,2,<4;1004>,,<<101;100>;<111;100>;<121;100>;<131;100>;<141;100>;<161;100>;<1;300>;<9999;100>>,,
1168,city/adventure/random_tower/icon/icon_wz.png,42,,,,,,,属性加成,,,2,<4;1004>,,<<2;100>;<3;30>>,,
1169,city/adventure/random_tower/icon/icon_sj.png,42,,,,,,谁也不知道会发生什么,事件,,,4,<4;1004>,,,<<11;1000>;<12;500>;<21;1000>;<22;500>;<31;1000>;<32;500>;<41;1000>;<42;500>;<51;1000>;<52;500>;<61;1000>;<62;500>;<99;1>>,
1170,city/adventure/random_tower/icon/img_jddr@.png,42,,1001,,,,似乎是可以轻松击败的对手,简单的敌人,,,1,<4;1004>,,,,
1171,city/adventure/random_tower/icon/img_jddr@.png,43,,1001,,,,似乎是可以轻松击败的对手,简单的敌人,,,1,<4;1004>,,,,
1172,city/adventure/random_tower/icon/img_jddr@.png,43,,1001,,,,似乎是可以轻松击败的对手,简单的敌人,,,1,<4;1004>,,,,
1173,city/adventure/random_tower/icon/img_ptdr@.png,43,,1002,,2,,小有实力，但是不足为惧的对手,普通的敌人,,,1,<4;1004>,,,,
1174,city/adventure/random_tower/icon/img_ptdr@.png,43,,1002,,2,,小有实力，但是不足为惧的对手,普通的敌人,,,1,<4;1004>,,,,
1175,city/adventure/random_tower/icon/img_jddr@.png,44,,1001,,,,似乎是可以轻松击败的对手,简单的敌人,,,1,<4;1004>,,,,
1176,city/adventure/random_tower/icon/img_jddr@.png,44,,1001,,,,似乎是可以轻松击败的对手,简单的敌人,,,1,<4;1004>,,,,
1177,city/adventure/random_tower/icon/img_jddr@.png,44,,1001,,,,似乎是可以轻松击败的对手,简单的敌人,,,1,<4;1004>,,,,
1178,city/adventure/random_tower/icon/img_ptdr@.png,44,,1002,,2,,小有实力，但是不足为惧的对手,普通的敌人,,,1,<4;1004>,,,,
1179,city/adventure/random_tower/icon/img_ptdr@.png,45,,1002,,2,,小有实力，但是不足为惧的对手,普通的敌人,,,1,<4;1004>,,,,
1180,city/adventure/random_tower/icon/img_kndr@.png,45,,1003,,3,,请谨慎挑选对手,困难的敌人,,,1,<4;1004>,,,,
1181,city/adventure/random_tower/icon/icon_wz.png,46,,,,,,,战斗效果,,,2,<4;1004>,,<<101;100>;<111;100>;<121;100>;<131;100>;<141;100>;<161;100>;<1;300>;<9999;100>>,,
1182,city/adventure/random_tower/icon/icon_wz.png,46,,,,,,,属性加成,,,2,<4;1004>,,<<1;100>;<2;50>>,,
1183,city/adventure/random_tower/icon/icon_sj.png,46,,,,,,谁也不知道会发生什么,事件,,,4,<4;1004>,,,<<6;100>>,
1184,city/adventure/random_tower/icon/img_ptdr@.png,46,,1002,,2,,小有实力，但是不足为惧的对手,普通的敌人,,,1,<4;1004>,,,,
1185,city/adventure/random_tower/icon/img_kndr@.png,46,,1003,,3,,请谨慎挑选对手,困难的敌人,,,1,<4;1004>,,,,
1186,city/adventure/random_tower/icon/icon_wz.png,47,,,,,,,属性加成,,,2,<4;1004>,,<<1;100>;<2;50>>,,
1187,city/adventure/random_tower/icon/icon_sj.png,47,,,,,,谁也不知道会发生什么,事件,,,4,<4;1004>,,,<<11;1000>;<12;500>;<21;1000>;<22;500>;<31;1000>;<32;500>;<41;1000>;<42;500>;<51;1000>;<52;500>;<61;1000>;<62;500>;<99;1>>,
1188,city/adventure/random_tower/icon/img_jddr@.png,47,,1001,,,,似乎是可以轻松击败的对手,简单的敌人,,,1,<4;1004>,,,,
1189,city/adventure/random_tower/icon/img_ptdr@.png,47,,1002,,2,,小有实力，但是不足为惧的对手,普通的敌人,,,1,<4;1004>,,,,
1190,city/adventure/random_tower/icon/img_kndr@.png,47,,1003,,3,,请谨慎挑选对手,困难的敌人,,,1,<4;1004>,,,,
1191,city/adventure/random_tower/icon/icon_wz.png,48,,,,,,,战斗补给,,,2,<4;1004>,,<<4;100>>,,
1192,city/adventure/random_tower/icon/icon_wz.png,48,,,,,,,战斗补给,,,2,<4;1004>,,<<5;100>>,,
1193,city/adventure/random_tower/icon/icon_sj.png,48,,,,,,谁也不知道会发生什么,事件,,,4,<4;1004>,,,<<11;1000>;<12;500>;<21;1000>;<22;500>;<31;1000>;<32;500>;<41;1000>;<42;500>;<51;1000>;<52;500>;<61;1000>;<62;500>;<99;1>>,
1194,city/adventure/random_tower/icon/img_jddr@.png,48,,1001,,,,似乎是可以轻松击败的对手,简单的敌人,,,1,<4;1004>,,,,
1195,city/adventure/random_tower/icon/img_ptdr@.png,48,,1002,,2,,小有实力，但是不足为惧的对手,普通的敌人,,,1,<4;1004>,,,,
1196,city/adventure/random_tower/icon/img_kndr@.png,48,,1003,,3,,请谨慎挑选对手,困难的敌人,,,1,<4;1004>,,,,
1197,city/adventure/random_tower/icon/img_kndr@.png,49,,1003,,3,,请谨慎挑选对手,困难的敌人,,,1,<4;1004>,,,,
1198,city/adventure/random_tower/icon/img_boss@.png,49,,1004,,4,0.8,极为艰难的力量在前方,霸主,,,1,<4;1004>,,,,
1199,city/adventure/random_tower/icon/img_boss@.png,49,,1004,,4,0.8,极为艰难的力量在前方,霸主,,,1,<4;1004>,,,,
1200,city/adventure/random_tower/icon/img_boss@.png,49,,1004,,4,0.8,极为艰难的力量在前方,霸主,,,1,<4;1004>,,,,
1201,city/adventure/random_tower/icon_hhbx.png,50,13,,,,,跨越巨大挑战后才会配拥有此回报,豪华宝箱,,,3,<4;1004>,,,,
1202,city/adventure/random_tower/icon/icon_wz.png,51,,,,,,,战斗效果,,,2,<4;1004>,,<<101;100>;<111;100>;<121;100>;<131;100>;<141;100>;<161;100>;<1;300>;<9999;100>>,,
1203,city/adventure/random_tower/icon/icon_wz.png,51,,,,,,,战斗效果,,,2,<4;1004>,,<<101;100>;<111;100>;<121;100>;<131;100>;<141;100>;<161;100>;<1;300>;<9999;100>>,,
1204,city/adventure/random_tower/icon/icon_wz.png,51,,,,,,,战斗效果,,,2,<4;1004>,,<<101;100>;<111;100>;<121;100>;<131;100>;<141;100>;<161;100>;<1;300>;<9999;100>>,,
1205,city/adventure/random_tower/icon/icon_wz.png,51,,,,,,,战斗效果,,,2,<4;1004>,,<<101;100>;<111;100>;<121;100>;<131;100>;<141;100>;<161;100>;<1;300>;<9999;100>>,,
1206,city/adventure/random_tower/icon/icon_wz.png,52,,,,,,,战斗效果,,,2,<4;1004>,,<<101;100>;<111;100>;<121;100>;<131;100>;<141;100>;<161;100>;<1;300>;<9999;100>>,,
1207,city/adventure/random_tower/icon/icon_wz.png,52,,,,,,,属性加成,,,2,<4;1004>,,<<2;100>;<3;30>>,,
1208,city/adventure/random_tower/icon/icon_sj.png,52,,,,,,谁也不知道会发生什么,事件,,,4,<4;1004>,,,<<11;1000>;<12;500>;<21;1000>;<22;500>;<31;1000>;<32;500>;<41;1000>;<42;500>;<51;1000>;<52;500>;<61;1000>;<62;500>;<99;1>>,
1209,city/adventure/random_tower/icon/img_jddr@.png,52,,1001,,,,似乎是可以轻松击败的对手,简单的敌人,,,1,<4;1004>,,,,
1210,city/adventure/random_tower/icon/img_jddr@.png,53,,1001,,,,似乎是可以轻松击败的对手,简单的敌人,,,1,<4;1004>,,,,
1211,city/adventure/random_tower/icon/img_jddr@.png,53,,1001,,,,似乎是可以轻松击败的对手,简单的敌人,,,1,<4;1004>,,,,
1212,city/adventure/random_tower/icon/img_ptdr@.png,53,,1002,,2,,小有实力，但是不足为惧的对手,普通的敌人,,,1,<4;1004>,,,,
1213,city/adventure/random_tower/icon/img_ptdr@.png,53,,1002,,2,,小有实力，但是不足为惧的对手,普通的敌人,,,1,<4;1004>,,,,
1214,city/adventure/random_tower/icon/img_jddr@.png,54,,1001,,,,似乎是可以轻松击败的对手,简单的敌人,,,1,<4;1004>,,,,
1215,city/adventure/random_tower/icon/img_jddr@.png,54,,1001,,,,似乎是可以轻松击败的对手,简单的敌人,,,1,<4;1004>,,,,
1216,city/adventure/random_tower/icon/img_jddr@.png,54,,1001,,,,似乎是可以轻松击败的对手,简单的敌人,,,1,<4;1004>,,,,
1217,city/adventure/random_tower/icon/img_ptdr@.png,54,,1002,,2,,小有实力，但是不足为惧的对手,普通的敌人,,,1,<4;1004>,,,,
1218,city/adventure/random_tower/icon/img_ptdr@.png,55,,1002,,2,,小有实力，但是不足为惧的对手,普通的敌人,,,1,<4;1004>,,,,
1219,city/adventure/random_tower/icon/img_ptdr@.png,55,,1002,,2,,小有实力，但是不足为惧的对手,普通的敌人,,,1,<4;1004>,,,,
1220,city/adventure/random_tower/icon/img_kndr@.png,55,,1003,,3,,请谨慎挑选对手,困难的敌人,,,1,<4;1004>,,,,
1221,city/adventure/random_tower/icon/img_kndr@.png,55,,1003,,3,,请谨慎挑选对手,困难的敌人,,,1,<4;1004>,,,,
1222,city/adventure/random_tower/icon/icon_wz.png,56,,,,,,,战斗效果,,,2,<4;1004>,,<<101;100>;<111;100>;<121;100>;<131;100>;<141;100>;<161;100>;<1;300>;<9999;100>>,,
1223,city/adventure/random_tower/icon/icon_wz.png,56,,,,,,,属性加成,,,2,<4;1004>,,<<1;100>;<2;50>>,,
1224,city/adventure/random_tower/icon/img_ptdr@.png,56,,1002,,2,,小有实力，但是不足为惧的对手,普通的敌人,,,1,<4;1004>,,,,
1225,city/adventure/random_tower/icon/img_kndr@.png,56,,1003,,3,,请谨慎挑选对手,困难的敌人,,,1,<4;1004>,,,,
1226,city/adventure/random_tower/icon/icon_wz.png,57,,,,,,,属性加成,,,2,<4;1004>,,<<1;100>;<2;50>>,,
1227,city/adventure/random_tower/icon/icon_sj.png,57,,,,,,谁也不知道会发生什么,事件,,,4,<4;1004>,,,<<11;1000>;<12;500>;<21;1000>;<22;500>;<31;1000>;<32;500>;<41;1000>;<42;500>;<51;1000>;<52;500>;<61;1000>;<62;500>;<99;1>>,
1228,city/adventure/random_tower/icon/img_jddr@.png,57,,1001,,,,似乎是可以轻松击败的对手,简单的敌人,,,1,<4;1004>,,,,
1229,city/adventure/random_tower/icon/img_ptdr@.png,57,,1002,,2,,小有实力，但是不足为惧的对手,普通的敌人,,,1,<4;1004>,,,,
1230,city/adventure/random_tower/icon/img_kndr@.png,57,,1003,,3,,请谨慎挑选对手,困难的敌人,,,1,<4;1004>,,,,
1231,city/adventure/random_tower/icon_bx.png,57,3,,,,,不经意间发现的宝箱,宝箱,,,3,<4;1004>,,,,
1232,city/adventure/random_tower/icon/icon_wz.png,58,,,,,,,战斗补给,,,2,<4;1004>,,<<4;100>>,,
1233,city/adventure/random_tower/icon/icon_wz.png,58,,,,,,,战斗补给,,,2,<4;1004>,,<<5;100>>,,
1234,city/adventure/random_tower/icon/icon_sj.png,58,,,,,,谁也不知道会发生什么,事件,,,4,<4;1004>,,,<<11;1000>;<12;500>;<21;1000>;<22;500>;<31;1000>;<32;500>;<41;1000>;<42;500>;<51;1000>;<52;500>;<61;1000>;<62;500>;<99;1>>,
1235,city/adventure/random_tower/icon/img_jddr@.png,58,,1001,,,,似乎是可以轻松击败的对手,简单的敌人,,,1,<4;1004>,,,,
1236,city/adventure/random_tower/icon/img_ptdr@.png,58,,1002,,2,,小有实力，但是不足为惧的对手,普通的敌人,,,1,<4;1004>,,,,
1237,city/adventure/random_tower/icon/img_kndr@.png,58,,1003,,3,,请谨慎挑选对手,困难的敌人,,,1,<4;1004>,,,,
1238,city/adventure/random_tower/icon/img_kndr@.png,59,,1003,,3,,请谨慎挑选对手,困难的敌人,,,1,<4;1004>,,,,
1239,city/adventure/random_tower/icon/img_boss@.png,59,,1004,,4,0.8,极为艰难的力量在前方,霸主,,,1,<4;1004>,,,,
1240,city/adventure/random_tower/icon/img_boss@.png,59,,1004,,4,0.8,极为艰难的力量在前方,霸主,,,1,<4;1004>,,,,
1241,city/adventure/random_tower/icon/img_boss@.png,59,,1004,,4,0.8,极为艰难的力量在前方,霸主,,,1,<4;1004>,,,,
1242,city/adventure/random_tower/icon/icon_sj.png,60,,,,,,谁也不知道会发生什么,事件,,,4,<4;1004>,,,<<11;1000>;<12;500>;<21;1000>;<22;500>;<31;1000>;<32;500>;<41;1000>;<42;500>;<51;1000>;<52;500>;<61;1000>;<62;500>;<99;1>>,
1243,city/adventure/random_tower/icon/icon_wz.png,61,,,,,,,战斗效果,,,2,<4;1004>,,<<101;100>;<111;100>;<121;100>;<131;100>;<141;100>;<161;100>;<1;300>;<9999;100>>,,
1244,city/adventure/random_tower/icon/icon_wz.png,61,,,,,,,战斗效果,,,2,<4;1004>,,<<101;100>;<111;100>;<121;100>;<131;100>;<141;100>;<161;100>;<1;300>;<9999;100>>,,
1245,city/adventure/random_tower/icon/icon_wz.png,61,,,,,,,战斗效果,,,2,<4;1004>,,<<101;100>;<111;100>;<121;100>;<131;100>;<141;100>;<161;100>;<1;300>;<9999;100>>,,
1246,city/adventure/random_tower/icon/icon_wz.png,61,,,,,,,战斗效果,,,2,<4;1004>,,<<101;100>;<111;100>;<121;100>;<131;100>;<141;100>;<161;100>;<1;300>;<9999;100>>,,
1247,city/adventure/random_tower/icon/icon_wz.png,62,,,,,,,战斗效果,,,2,<4;1004>,,<<101;100>;<111;100>;<121;100>;<131;100>;<141;100>;<161;100>;<1;300>;<9999;100>>,,
1248,city/adventure/random_tower/icon/icon_wz.png,62,,,,,,,属性加成,,,2,<4;1004>,,<<2;100>;<3;30>>,,
1249,city/adventure/random_tower/icon/icon_sj.png,62,,,,,,谁也不知道会发生什么,事件,,,4,<4;1004>,,,<<11;1000>;<12;500>;<21;1000>;<22;500>;<31;1000>;<32;500>;<41;1000>;<42;500>;<51;1000>;<52;500>;<61;1000>;<62;500>;<99;1>>,
1250,city/adventure/random_tower/icon/img_jddr@.png,62,,1001,,,,似乎是可以轻松击败的对手,简单的敌人,,,1,<4;1004>,,,,
1251,city/adventure/random_tower/icon/img_jddr@.png,63,,1001,,,,似乎是可以轻松击败的对手,简单的敌人,,,1,<4;1004>,,,,
1252,city/adventure/random_tower/icon/img_jddr@.png,63,,1001,,,,似乎是可以轻松击败的对手,简单的敌人,,,1,<4;1004>,,,,
1253,city/adventure/random_tower/icon/img_ptdr@.png,63,,1002,,2,,小有实力，但是不足为惧的对手,普通的敌人,,,1,<4;1004>,,,,
1254,city/adventure/random_tower/icon/img_ptdr@.png,63,,1002,,2,,小有实力，但是不足为惧的对手,普通的敌人,,,1,<4;1004>,,,,
1255,city/adventure/random_tower/icon/img_jddr@.png,64,,1001,,,,似乎是可以轻松击败的对手,简单的敌人,,,1,<4;1004>,,,,
1256,city/adventure/random_tower/icon/img_jddr@.png,64,,1001,,,,似乎是可以轻松击败的对手,简单的敌人,,,1,<4;1004>,,,,
1257,city/adventure/random_tower/icon/img_jddr@.png,64,,1001,,,,似乎是可以轻松击败的对手,简单的敌人,,,1,<4;1004>,,,,
1258,city/adventure/random_tower/icon/img_ptdr@.png,64,,1002,,2,,小有实力，但是不足为惧的对手,普通的敌人,,,1,<4;1004>,,,,
1259,city/adventure/random_tower/icon/img_ptdr@.png,65,,1002,,2,,小有实力，但是不足为惧的对手,普通的敌人,,,1,<4;1004>,,,,
1260,city/adventure/random_tower/icon/img_ptdr@.png,65,,1002,,2,,小有实力，但是不足为惧的对手,普通的敌人,,,1,<4;1004>,,,,
1261,city/adventure/random_tower/icon/img_kndr@.png,65,,1003,,3,,请谨慎挑选对手,困难的敌人,,,1,<4;1004>,,,,
1262,city/adventure/random_tower/icon/img_kndr@.png,65,,1003,,3,,请谨慎挑选对手,困难的敌人,,,1,<4;1004>,,,,
1263,city/adventure/random_tower/icon/icon_wz.png,66,,,,,,,战斗效果,,,2,<4;1004>,,<<101;100>;<111;100>;<121;100>;<131;100>;<141;100>;<161;100>;<1;300>;<9999;100>>,,
1264,city/adventure/random_tower/icon/icon_wz.png,66,,,,,,,属性加成,,,2,<4;1004>,,<<1;100>;<2;50>>,,
1265,city/adventure/random_tower/icon/img_ptdr@.png,66,,1002,,2,,小有实力，但是不足为惧的对手,普通的敌人,,,1,<4;1004>,,,,
1266,city/adventure/random_tower/icon/img_kndr@.png,66,,1003,,3,,请谨慎挑选对手,困难的敌人,,,1,<4;1004>,,,,
1267,city/adventure/random_tower/icon/icon_wz.png,67,,,,,,,属性加成,,,2,<4;1004>,,<<1;100>;<2;50>>,,
1268,city/adventure/random_tower/icon/icon_sj.png,67,,,,,,谁也不知道会发生什么,事件,,,4,<4;1004>,,,<<11;1000>;<12;500>;<21;1000>;<22;500>;<31;1000>;<32;500>;<41;1000>;<42;500>;<51;1000>;<52;500>;<61;1000>;<62;500>;<99;1>>,
1269,city/adventure/random_tower/icon/img_jddr@.png,67,,1001,,,,似乎是可以轻松击败的对手,简单的敌人,,,1,<4;1004>,,,,
1270,city/adventure/random_tower/icon/img_ptdr@.png,67,,1002,,2,,小有实力，但是不足为惧的对手,普通的敌人,,,1,<4;1004>,,,,
1271,city/adventure/random_tower/icon/img_kndr@.png,67,,1003,,3,,请谨慎挑选对手,困难的敌人,,,1,<4;1004>,,,,
1272,city/adventure/random_tower/icon/icon_wz.png,68,,,,,,,战斗补给,,,2,<4;1004>,,<<4;100>>,,
1273,city/adventure/random_tower/icon/icon_wz.png,68,,,,,,,战斗补给,,,2,<4;1004>,,<<5;100>>,,
1274,city/adventure/random_tower/icon/icon_sj.png,68,,,,,,谁也不知道会发生什么,事件,,,4,<4;1004>,,,<<11;1000>;<12;500>;<21;1000>;<22;500>;<31;1000>;<32;500>;<41;1000>;<42;500>;<51;1000>;<52;500>;<61;1000>;<62;500>;<99;1>>,
1275,city/adventure/random_tower/icon/img_jddr@.png,68,,1001,,,,似乎是可以轻松击败的对手,简单的敌人,,,1,<4;1004>,,,,
1276,city/adventure/random_tower/icon/img_ptdr@.png,68,,1002,,2,,小有实力，但是不足为惧的对手,普通的敌人,,,1,<4;1004>,,,,
1277,city/adventure/random_tower/icon/img_kndr@.png,68,,1003,,3,,请谨慎挑选对手,困难的敌人,,,1,<4;1004>,,,,
1278,city/adventure/random_tower/icon/img_kndr@.png,69,,1003,,3,,请谨慎挑选对手,困难的敌人,,,1,<4;1004>,,,,
1279,city/adventure/random_tower/icon/img_boss@.png,69,,1004,,4,0.8,极为艰难的力量在前方,霸主,,,1,<4;1004>,,,,
1280,city/adventure/random_tower/icon/img_boss@.png,69,,1004,,4,0.8,极为艰难的力量在前方,霸主,,,1,<4;1004>,,,,
1281,city/adventure/random_tower/icon/img_boss@.png,69,,1004,,4,0.8,极为艰难的力量在前方,霸主,,,1,<4;1004>,,,,
1282,city/adventure/random_tower/icon_hhbx.png,70,14,,,,,跨越巨大挑战后才会配拥有此回报,豪华宝箱,,,3,<4;1004>,,,,
1283,city/adventure/random_tower/icon/icon_wz.png,71,,,,,,,战斗效果,,,2,<4;1004>,,<<101;100>;<111;100>;<121;100>;<131;100>;<141;100>;<161;100>;<1;300>;<9999;100>>,,
1284,city/adventure/random_tower/icon/icon_wz.png,71,,,,,,,战斗效果,,,2,<4;1004>,,<<101;100>;<111;100>;<121;100>;<131;100>;<141;100>;<161;100>;<1;300>;<9999;100>>,,
1285,city/adventure/random_tower/icon/icon_wz.png,71,,,,,,,战斗效果,,,2,<4;1004>,,<<101;100>;<111;100>;<121;100>;<131;100>;<141;100>;<161;100>;<1;300>;<9999;100>>,,
1286,city/adventure/random_tower/icon/icon_wz.png,71,,,,,,,战斗效果,,,2,<4;1004>,,<<101;100>;<111;100>;<121;100>;<131;100>;<141;100>;<161;100>;<1;300>;<9999;100>>,,
1287,city/adventure/random_tower/icon/icon_wz.png,72,,,,,,,战斗效果,,,2,<4;1004>,,<<101;100>;<111;100>;<121;100>;<131;100>;<141;100>;<161;100>;<1;300>;<9999;100>>,,
1288,city/adventure/random_tower/icon/icon_wz.png,72,,,,,,,属性加成,,,2,<4;1004>,,<<2;100>;<3;30>>,,
1289,city/adventure/random_tower/icon/icon_sj.png,72,,,,,,谁也不知道会发生什么,事件,,,4,<4;1004>,,,<<11;1000>;<12;500>;<21;1000>;<22;500>;<31;1000>;<32;500>;<41;1000>;<42;500>;<51;1000>;<52;500>;<61;1000>;<62;500>;<99;1>>,
1290,city/adventure/random_tower/icon/img_jddr@.png,72,,1001,,,,似乎是可以轻松击败的对手,简单的敌人,,,1,<4;1004>,,,,
1291,city/adventure/random_tower/icon/img_jddr@.png,73,,1001,,,,似乎是可以轻松击败的对手,简单的敌人,,,1,<4;1004>,,,,
1292,city/adventure/random_tower/icon/img_jddr@.png,73,,1001,,,,似乎是可以轻松击败的对手,简单的敌人,,,1,<4;1004>,,,,
1293,city/adventure/random_tower/icon/img_ptdr@.png,73,,1002,,2,,小有实力，但是不足为惧的对手,普通的敌人,,,1,<4;1004>,,,,
1294,city/adventure/random_tower/icon/img_ptdr@.png,73,,1002,,2,,小有实力，但是不足为惧的对手,普通的敌人,,,1,<4;1004>,,,,
1295,city/adventure/random_tower/icon/img_jddr@.png,74,,1001,,,,似乎是可以轻松击败的对手,简单的敌人,,,1,<4;1004>,,,,
1296,city/adventure/random_tower/icon/img_jddr@.png,74,,1001,,,,似乎是可以轻松击败的对手,简单的敌人,,,1,<4;1004>,,,,
1297,city/adventure/random_tower/icon/img_jddr@.png,74,,1001,,,,似乎是可以轻松击败的对手,简单的敌人,,,1,<4;1004>,,,,
1298,city/adventure/random_tower/icon/img_ptdr@.png,74,,1002,,2,,小有实力，但是不足为惧的对手,普通的敌人,,,1,<4;1004>,,,,
1299,city/adventure/random_tower/icon/img_ptdr@.png,75,,1002,,2,,小有实力，但是不足为惧的对手,普通的敌人,,,1,<4;1004>,,,,
1300,city/adventure/random_tower/icon/img_ptdr@.png,75,,1002,,2,,小有实力，但是不足为惧的对手,普通的敌人,,,1,<4;1004>,,,,
1301,city/adventure/random_tower/icon/img_kndr@.png,75,,1003,,3,,请谨慎挑选对手,困难的敌人,,,1,<4;1004>,,,,
1302,city/adventure/random_tower/icon/img_kndr@.png,75,,1003,,3,,请谨慎挑选对手,困难的敌人,,,1,<4;1004>,,,,
1303,city/adventure/random_tower/icon/icon_wz.png,76,,,,,,,战斗效果,,,2,<4;1004>,,<<101;100>;<111;100>;<121;100>;<131;100>;<141;100>;<161;100>;<1;300>;<9999;100>>,,
1304,city/adventure/random_tower/icon/icon_wz.png,76,,,,,,,属性加成,,,2,<4;1004>,,<<1;100>;<2;50>>,,
1305,city/adventure/random_tower/icon/img_ptdr@.png,76,,1002,,2,,小有实力，但是不足为惧的对手,普通的敌人,,,1,<4;1004>,,,,
1306,city/adventure/random_tower/icon/img_kndr@.png,76,,1003,,3,,请谨慎挑选对手,困难的敌人,,,1,<4;1004>,,,,
1307,city/adventure/random_tower/icon/icon_wz.png,77,,,,,,,属性加成,,,2,<4;1004>,,<<1;100>;<2;50>>,,
1308,city/adventure/random_tower/icon/icon_sj.png,77,,,,,,谁也不知道会发生什么,事件,,,4,<4;1004>,,,<<11;1000>;<12;500>;<21;1000>;<22;500>;<31;1000>;<32;500>;<41;1000>;<42;500>;<51;1000>;<52;500>;<61;1000>;<62;500>;<99;1>>,
1309,city/adventure/random_tower/icon/img_jddr@.png,77,,1001,,,,似乎是可以轻松击败的对手,简单的敌人,,,1,<4;1004>,,,,
1310,city/adventure/random_tower/icon/img_ptdr@.png,77,,1002,,2,,小有实力，但是不足为惧的对手,普通的敌人,,,1,<4;1004>,,,,
1311,city/adventure/random_tower/icon/img_kndr@.png,77,,1003,,3,,请谨慎挑选对手,困难的敌人,,,1,<4;1004>,,,,
1312,city/adventure/random_tower/icon_bx.png,77,4,,,,,不经意间发现的宝箱,宝箱,,,3,<4;1004>,,,,
1313,city/adventure/random_tower/icon/icon_wz.png,78,,,,,,,战斗补给,,,2,<4;1004>,,<<4;100>>,,
1314,city/adventure/random_tower/icon/icon_wz.png,78,,,,,,,战斗补给,,,2,<4;1004>,,<<5;100>>,,
1315,city/adventure/random_tower/icon/icon_sj.png,78,,,,,,谁也不知道会发生什么,事件,,,4,<4;1004>,,,<<11;1000>;<12;500>;<21;1000>;<22;500>;<31;1000>;<32;500>;<41;1000>;<42;500>;<51;1000>;<52;500>;<61;1000>;<62;500>;<99;1>>,
1316,city/adventure/random_tower/icon/img_jddr@.png,78,,1001,,,,似乎是可以轻松击败的对手,简单的敌人,,,1,<4;1004>,,,,
1317,city/adventure/random_tower/icon/img_ptdr@.png,78,,1002,,2,,小有实力，但是不足为惧的对手,普通的敌人,,,1,<4;1004>,,,,
1318,city/adventure/random_tower/icon/img_kndr@.png,78,,1003,,3,,请谨慎挑选对手,困难的敌人,,,1,<4;1004>,,,,
1319,city/adventure/random_tower/icon/img_kndr@.png,79,,1003,,3,,请谨慎挑选对手,困难的敌人,,,1,<4;1004>,,,,
1320,city/adventure/random_tower/icon/img_boss@.png,79,,1004,,4,0.8,极为艰难的力量在前方,霸主,,,1,<4;1004>,,,,
1321,city/adventure/random_tower/icon/img_boss@.png,79,,1004,,4,0.8,极为艰难的力量在前方,霸主,,,1,<4;1004>,,,,
1322,city/adventure/random_tower/icon/img_boss@.png,79,,1004,,4,0.8,极为艰难的力量在前方,霸主,,,1,<4;1004>,,,,
1323,city/adventure/random_tower/icon/icon_sj.png,80,,,,,,谁也不知道会发生什么,事件,,,4,<4;1004>,,,<<11;1000>;<12;500>;<21;1000>;<22;500>;<31;1000>;<32;500>;<41;1000>;<42;500>;<51;1000>;<52;500>;<61;1000>;<62;500>;<99;1>>,
1324,city/adventure/random_tower/icon/icon_wz.png,81,,,,,,,战斗效果,,,2,<4;1004>,,<<101;100>;<111;100>;<121;100>;<131;100>;<141;100>;<161;100>;<1;300>;<9999;100>>,,
1325,city/adventure/random_tower/icon/icon_wz.png,81,,,,,,,战斗效果,,,2,<4;1004>,,<<101;100>;<111;100>;<121;100>;<131;100>;<141;100>;<161;100>;<1;300>;<9999;100>>,,
1326,city/adventure/random_tower/icon/icon_wz.png,81,,,,,,,战斗效果,,,2,<4;1004>,,<<101;100>;<111;100>;<121;100>;<131;100>;<141;100>;<161;100>;<1;300>;<9999;100>>,,
1327,city/adventure/random_tower/icon/icon_wz.png,81,,,,,,,战斗效果,,,2,<4;1004>,,<<101;100>;<111;100>;<121;100>;<131;100>;<141;100>;<161;100>;<1;300>;<9999;100>>,,
1328,city/adventure/random_tower/icon/icon_wz.png,82,,,,,,,战斗效果,,,2,<4;1004>,,<<101;100>;<111;100>;<121;100>;<131;100>;<141;100>;<161;100>;<1;300>;<9999;100>>,,
1329,city/adventure/random_tower/icon/icon_wz.png,82,,,,,,,属性加成,,,2,<4;1004>,,<<2;100>;<3;30>>,,
1330,city/adventure/random_tower/icon/icon_sj.png,82,,,,,,谁也不知道会发生什么,事件,,,4,<4;1004>,,,<<11;1000>;<12;500>;<21;1000>;<22;500>;<31;1000>;<32;500>;<41;1000>;<42;500>;<51;1000>;<52;500>;<61;1000>;<62;500>;<99;1>>,
1331,city/adventure/random_tower/icon/img_jddr@.png,82,,1011,,,,似乎是可以轻松击败的对手,简单的敌人,,,1,<4;1004>,,,,
1332,city/adventure/random_tower/icon/img_jddr@.png,83,,1011,,,,似乎是可以轻松击败的对手,简单的敌人,,,1,<4;1004>,,,,
1333,city/adventure/random_tower/icon/img_jddr@.png,83,,1011,,,,似乎是可以轻松击败的对手,简单的敌人,,,1,<4;1004>,,,,
1334,city/adventure/random_tower/icon/img_ptdr@.png,83,,1012,,2,,小有实力，但是不足为惧的对手,普通的敌人,,,1,<4;1004>,,,,
1335,city/adventure/random_tower/icon/img_ptdr@.png,83,,1012,,2,,小有实力，但是不足为惧的对手,普通的敌人,,,1,<4;1004>,,,,
1336,city/adventure/random_tower/icon/img_jddr@.png,84,,1011,,,,似乎是可以轻松击败的对手,简单的敌人,,,1,<4;1004>,,,,
1337,city/adventure/random_tower/icon/img_jddr@.png,84,,1011,,,,似乎是可以轻松击败的对手,简单的敌人,,,1,<4;1004>,,,,
1338,city/adventure/random_tower/icon/img_jddr@.png,84,,1011,,,,似乎是可以轻松击败的对手,简单的敌人,,,1,<4;1004>,,,,
1339,city/adventure/random_tower/icon/img_ptdr@.png,84,,1012,,2,,小有实力，但是不足为惧的对手,普通的敌人,,,1,<4;1004>,,,,
1340,city/adventure/random_tower/icon/img_ptdr@.png,85,,1012,,2,,小有实力，但是不足为惧的对手,普通的敌人,,,1,<4;1004>,,,,
1341,city/adventure/random_tower/icon/img_ptdr@.png,85,,1012,,2,,小有实力，但是不足为惧的对手,普通的敌人,,,1,<4;1004>,,,,
1342,city/adventure/random_tower/icon/img_kndr@.png,85,,1013,,3,,请谨慎挑选对手,困难的敌人,,,1,<4;1004>,,,,
1343,city/adventure/random_tower/icon/img_kndr@.png,85,,1013,,3,,请谨慎挑选对手,困难的敌人,,,1,<4;1004>,,,,
1344,city/adventure/random_tower/icon/icon_wz.png,86,,,,,,,战斗效果,,,2,<4;1004>,,<<101;100>;<111;100>;<121;100>;<131;100>;<141;100>;<161;100>;<1;300>;<9999;100>>,,
1345,city/adventure/random_tower/icon/icon_wz.png,86,,,,,,,属性加成,,,2,<4;1004>,,<<1;100>;<2;50>>,,
1346,city/adventure/random_tower/icon/img_ptdr@.png,86,,1012,,2,,小有实力，但是不足为惧的对手,普通的敌人,,,1,<4;1004>,,,,
1347,city/adventure/random_tower/icon/img_kndr@.png,86,,1013,,3,,请谨慎挑选对手,困难的敌人,,,1,<4;1004>,,,,
1348,city/adventure/random_tower/icon/icon_wz.png,87,,,,,,,属性加成,,,2,<4;1004>,,<<1;100>;<2;50>>,,
1349,city/adventure/random_tower/icon/icon_sj.png,87,,,,,,谁也不知道会发生什么,事件,,,4,<4;1004>,,,<<11;1000>;<12;500>;<21;1000>;<22;500>;<31;1000>;<32;500>;<41;1000>;<42;500>;<51;1000>;<52;500>;<61;1000>;<62;500>;<99;1>>,
1350,city/adventure/random_tower/icon/img_jddr@.png,87,,1011,,,,似乎是可以轻松击败的对手,简单的敌人,,,1,<4;1004>,,,,
1351,city/adventure/random_tower/icon/img_ptdr@.png,87,,1012,,2,,小有实力，但是不足为惧的对手,普通的敌人,,,1,<4;1004>,,,,
1352,city/adventure/random_tower/icon/img_kndr@.png,87,,1013,,3,,请谨慎挑选对手,困难的敌人,,,1,<4;1004>,,,,
1353,city/adventure/random_tower/icon/icon_wz.png,88,,,,,,,战斗补给,,,2,<4;1004>,,<<4;100>>,,
1354,city/adventure/random_tower/icon/icon_wz.png,88,,,,,,,战斗补给,,,2,<4;1004>,,<<5;100>>,,
1355,city/adventure/random_tower/icon/icon_sj.png,88,,,,,,谁也不知道会发生什么,事件,,,4,<4;1004>,,,<<11;1000>;<12;500>;<21;1000>;<22;500>;<31;1000>;<32;500>;<41;1000>;<42;500>;<51;1000>;<52;500>;<61;1000>;<62;500>;<99;1>>,
1356,city/adventure/random_tower/icon/img_jddr@.png,88,,1011,,,,似乎是可以轻松击败的对手,简单的敌人,,,1,<4;1004>,,,,
1357,city/adventure/random_tower/icon/img_ptdr@.png,88,,1012,,2,,小有实力，但是不足为惧的对手,普通的敌人,,,1,<4;1004>,,,,
1358,city/adventure/random_tower/icon/img_kndr@.png,88,,1013,,3,,请谨慎挑选对手,困难的敌人,,,1,<4;1004>,,,,
1359,city/adventure/random_tower/icon/img_kndr@.png,89,,1013,,3,,请谨慎挑选对手,困难的敌人,,,1,<4;1004>,,,,
1360,city/adventure/random_tower/icon/img_boss@.png,89,,1014,,4,0.8,极为艰难的力量在前方,霸主,,,1,<4;1004>,,,,
1361,city/adventure/random_tower/icon/img_boss@.png,89,,1014,,4,0.8,极为艰难的力量在前方,霸主,,,1,<4;1004>,,,,
1362,city/adventure/random_tower/icon/img_boss@.png,89,,1014,,4,0.8,极为艰难的力量在前方,霸主,,,1,<4;1004>,,,,
1363,city/adventure/random_tower/icon_hhbx.png,90,15,,,,,跨越巨大挑战后才会配拥有此回报,豪华宝箱,,,3,<4;1004>,,,,
1364,city/adventure/random_tower/icon/icon_wz.png,91,,,,,,,战斗效果,,,2,<4;1004>,,<<101;100>;<111;100>;<121;100>;<131;100>;<141;100>;<161;100>;<1;300>;<9999;100>>,,
1365,city/adventure/random_tower/icon/icon_wz.png,91,,,,,,,战斗效果,,,2,<4;1004>,,<<101;100>;<111;100>;<121;100>;<131;100>;<141;100>;<161;100>;<1;300>;<9999;100>>,,
1366,city/adventure/random_tower/icon/icon_wz.png,91,,,,,,,战斗效果,,,2,<4;1004>,,<<101;100>;<111;100>;<121;100>;<131;100>;<141;100>;<161;100>;<1;300>;<9999;100>>,,
1367,city/adventure/random_tower/icon/icon_wz.png,91,,,,,,,战斗效果,,,2,<4;1004>,,<<101;100>;<111;100>;<121;100>;<131;100>;<141;100>;<161;100>;<1;300>;<9999;100>>,,
1368,city/adventure/random_tower/icon/icon_wz.png,92,,,,,,,战斗效果,,,2,<4;1004>,,<<101;100>;<111;100>;<121;100>;<131;100>;<141;100>;<161;100>;<1;300>;<9999;100>>,,
1369,city/adventure/random_tower/icon/icon_wz.png,92,,,,,,,属性加成,,,2,<4;1004>,,<<2;100>;<3;30>>,,
1370,city/adventure/random_tower/icon/icon_sj.png,92,,,,,,谁也不知道会发生什么,事件,,,4,<4;1004>,,,<<11;1000>;<12;500>;<21;1000>;<22;500>;<31;1000>;<32;500>;<41;1000>;<42;500>;<51;1000>;<52;500>;<61;1000>;<62;500>;<99;1>>,
1371,city/adventure/random_tower/icon/img_jddr@.png,92,,1011,,,,似乎是可以轻松击败的对手,简单的敌人,,,1,<4;1004>,,,,
1372,city/adventure/random_tower/icon/img_jddr@.png,93,,1011,,,,似乎是可以轻松击败的对手,简单的敌人,,,1,<4;1004>,,,,
1373,city/adventure/random_tower/icon/img_jddr@.png,93,,1011,,,,似乎是可以轻松击败的对手,简单的敌人,,,1,<4;1004>,,,,
1374,city/adventure/random_tower/icon/img_ptdr@.png,93,,1012,,2,,小有实力，但是不足为惧的对手,普通的敌人,,,1,<4;1004>,,,,
1375,city/adventure/random_tower/icon/img_ptdr@.png,93,,1012,,2,,小有实力，但是不足为惧的对手,普通的敌人,,,1,<4;1004>,,,,
1376,city/adventure/random_tower/icon/img_jddr@.png,94,,1011,,,,似乎是可以轻松击败的对手,简单的敌人,,,1,<4;1004>,,,,
1377,city/adventure/random_tower/icon/img_jddr@.png,94,,1011,,,,似乎是可以轻松击败的对手,简单的敌人,,,1,<4;1004>,,,,
1378,city/adventure/random_tower/icon/img_jddr@.png,94,,1011,,,,似乎是可以轻松击败的对手,简单的敌人,,,1,<4;1004>,,,,
1379,city/adventure/random_tower/icon/img_ptdr@.png,94,,1012,,2,,小有实力，但是不足为惧的对手,普通的敌人,,,1,<4;1004>,,,,
1380,city/adventure/random_tower/icon/img_ptdr@.png,95,,1012,,2,,小有实力，但是不足为惧的对手,普通的敌人,,,1,<4;1004>,,,,
1381,city/adventure/random_tower/icon/img_ptdr@.png,95,,1012,,2,,小有实力，但是不足为惧的对手,普通的敌人,,,1,<4;1004>,,,,
1382,city/adventure/random_tower/icon/img_kndr@.png,95,,1013,,3,,请谨慎挑选对手,困难的敌人,,,1,<4;1004>,,,,
1383,city/adventure/random_tower/icon/img_kndr@.png,95,,1013,,3,,请谨慎挑选对手,困难的敌人,,,1,<4;1004>,,,,
1384,city/adventure/random_tower/icon/icon_wz.png,96,,,,,,,战斗效果,,,2,<4;1004>,,<<101;100>;<111;100>;<121;100>;<131;100>;<141;100>;<161;100>;<1;300>;<9999;100>>,,
1385,city/adventure/random_tower/icon/icon_wz.png,96,,,,,,,属性加成,,,2,<4;1004>,,<<1;100>;<2;50>>,,
1386,city/adventure/random_tower/icon/img_ptdr@.png,96,,1012,,2,,小有实力，但是不足为惧的对手,普通的敌人,,,1,<4;1004>,,,,
1387,city/adventure/random_tower/icon/img_kndr@.png,96,,1013,,3,,请谨慎挑选对手,困难的敌人,,,1,<4;1004>,,,,
1388,city/adventure/random_tower/icon/icon_wz.png,97,,,,,,,属性加成,,,2,<4;1004>,,<<1;100>;<2;50>>,,
1389,city/adventure/random_tower/icon/icon_sj.png,97,,,,,,谁也不知道会发生什么,事件,,,4,<4;1004>,,,<<11;1000>;<12;500>;<21;1000>;<22;500>;<31;1000>;<32;500>;<41;1000>;<42;500>;<51;1000>;<52;500>;<61;1000>;<62;500>;<99;1>>,
1390,city/adventure/random_tower/icon/img_jddr@.png,97,,1011,,,,似乎是可以轻松击败的对手,简单的敌人,,,1,<4;1004>,,,,
1391,city/adventure/random_tower/icon/img_ptdr@.png,97,,1012,,2,,小有实力，但是不足为惧的对手,普通的敌人,,,1,<4;1004>,,,,
1392,city/adventure/random_tower/icon/img_kndr@.png,97,,1013,,3,,请谨慎挑选对手,困难的敌人,,,1,<4;1004>,,,,
1393,city/adventure/random_tower/icon_bx.png,97,5,,,,,不经意间发现的宝箱,宝箱,,,3,<4;1004>,,,,
1394,city/adventure/random_tower/icon/icon_wz.png,98,,,,,,,战斗补给,,,2,<4;1004>,,<<4;100>>,,
1395,city/adventure/random_tower/icon/icon_wz.png,98,,,,,,,战斗补给,,,2,<4;1004>,,<<5;100>>,,
1396,city/adventure/random_tower/icon/icon_sj.png,98,,,,,,谁也不知道会发生什么,事件,,,4,<4;1004>,,,<<11;1000>;<12;500>;<21;1000>;<22;500>;<31;1000>;<32;500>;<41;1000>;<42;500>;<51;1000>;<52;500>;<61;1000>;<62;500>;<99;1>>,
1397,city/adventure/random_tower/icon/img_jddr@.png,98,,1011,,,,似乎是可以轻松击败的对手,简单的敌人,,,1,<4;1004>,,,,
1398,city/adventure/random_tower/icon/img_ptdr@.png,98,,1012,,2,,小有实力，但是不足为惧的对手,普通的敌人,,,1,<4;1004>,,,,
1399,city/adventure/random_tower/icon/img_kndr@.png,98,,1013,,3,,请谨慎挑选对手,困难的敌人,,,1,<4;1004>,,,,
1400,city/adventure/random_tower/icon/img_kndr@.png,99,,1013,,3,,请谨慎挑选对手,困难的敌人,,,1,<4;1004>,,,,
1401,city/adventure/random_tower/icon/img_boss@.png,99,,1014,,4,0.8,极为艰难的力量在前方,霸主,,,1,<4;1004>,,,,
1402,city/adventure/random_tower/icon/img_boss@.png,99,,1014,,4,0.8,极为艰难的力量在前方,霸主,,,1,<4;1004>,,,,
1403,city/adventure/random_tower/icon/img_boss@.png,99,,1014,,4,0.8,极为艰难的力量在前方,霸主,,,1,<4;1004>,,,,
1404,city/adventure/random_tower/icon/icon_sj.png,100,,,,,,谁也不知道会发生什么,事件,,,4,<4;1004>,,,<<11;1000>;<12;500>;<21;1000>;<22;500>;<31;1000>;<32;500>;<41;1000>;<42;500>;<51;1000>;<52;500>;<61;1000>;<62;500>;<99;1>>,
1405,city/adventure/random_tower/icon/icon_wz.png,101,,,,,,,战斗效果,,,2,<4;1004>,,<<101;100>;<111;100>;<121;100>;<131;100>;<141;100>;<161;100>;<1;300>;<9999;100>>,,
1406,city/adventure/random_tower/icon/icon_wz.png,101,,,,,,,战斗效果,,,2,<4;1004>,,<<101;100>;<111;100>;<121;100>;<131;100>;<141;100>;<161;100>;<1;300>;<9999;100>>,,
1407,city/adventure/random_tower/icon/icon_wz.png,101,,,,,,,战斗效果,,,2,<4;1004>,,<<101;100>;<111;100>;<121;100>;<131;100>;<141;100>;<161;100>;<1;300>;<9999;100>>,,
1408,city/adventure/random_tower/icon/icon_wz.png,101,,,,,,,战斗效果,,,2,<4;1004>,,<<101;100>;<111;100>;<121;100>;<131;100>;<141;100>;<161;100>;<1;300>;<9999;100>>,,
1409,city/adventure/random_tower/icon/icon_wz.png,102,,,,,,,战斗效果,,,2,<4;1004>,,<<101;100>;<111;100>;<121;100>;<131;100>;<141;100>;<161;100>;<1;300>;<9999;100>>,,
1410,city/adventure/random_tower/icon/icon_wz.png,102,,,,,,,属性加成,,,2,<4;1004>,,<<2;100>;<3;30>>,,
1411,city/adventure/random_tower/icon/icon_sj.png,102,,,,,,谁也不知道会发生什么,事件,,,4,<4;1004>,,,<<11;1000>;<12;500>;<21;1000>;<22;500>;<31;1000>;<32;500>;<41;1000>;<42;500>;<51;1000>;<52;500>;<61;1000>;<62;500>;<99;1>>,
1412,city/adventure/random_tower/icon/img_ptdr@.png,102,,1012,,2,,小有实力，但是不足为惧的对手,普通的敌人,,,1,<4;1004>,,,,
1413,city/adventure/random_tower/icon/img_jddr@.png,103,,1011,,,,似乎是可以轻松击败的对手,简单的敌人,,,1,<4;1004>,,,,
1414,city/adventure/random_tower/icon/img_jddr@.png,103,,1011,,,,似乎是可以轻松击败的对手,简单的敌人,,,1,<4;1004>,,,,
1415,city/adventure/random_tower/icon/img_ptdr@.png,103,,1012,,2,,小有实力，但是不足为惧的对手,普通的敌人,,,1,<4;1004>,,,,
1416,city/adventure/random_tower/icon/img_ptdr@.png,103,,1012,,2,,小有实力，但是不足为惧的对手,普通的敌人,,,1,<4;1004>,,,,
1417,city/adventure/random_tower/icon/img_jddr@.png,104,,1011,,,,似乎是可以轻松击败的对手,简单的敌人,,,1,<4;1004>,,,,
1418,city/adventure/random_tower/icon/img_jddr@.png,104,,1011,,,,似乎是可以轻松击败的对手,简单的敌人,,,1,<4;1004>,,,,
1419,city/adventure/random_tower/icon/img_ptdr@.png,104,,1012,,2,,小有实力，但是不足为惧的对手,普通的敌人,,,1,<4;1004>,,,,
1420,city/adventure/random_tower/icon/img_ptdr@.png,104,,1012,,2,,小有实力，但是不足为惧的对手,普通的敌人,,,1,<4;1004>,,,,
1421,city/adventure/random_tower/icon/img_ptdr@.png,105,,1012,,2,,小有实力，但是不足为惧的对手,普通的敌人,,,1,<4;1004>,,,,
1422,city/adventure/random_tower/icon/img_kndr@.png,105,,1013,,3,,请谨慎挑选对手,困难的敌人,,,1,<4;1004>,,,,
1423,city/adventure/random_tower/icon/img_kndr@.png,105,,1013,,3,,请谨慎挑选对手,困难的敌人,,,1,<4;1004>,,,,
1424,city/adventure/random_tower/icon/img_kndr@.png,105,,1013,,3,,请谨慎挑选对手,困难的敌人,,,1,<4;1004>,,,,
1425,city/adventure/random_tower/icon/icon_wz.png,106,,,,,,,战斗效果,,,2,<4;1004>,,<<101;100>;<111;100>;<121;100>;<131;100>;<141;100>;<161;100>;<1;300>;<9999;100>>,,
1426,city/adventure/random_tower/icon/icon_wz.png,106,,,,,,,属性加成,,,2,<4;1004>,,<<1;100>;<2;50>>,,
1427,city/adventure/random_tower/icon/img_ptdr@.png,106,,1012,,2,,小有实力，但是不足为惧的对手,普通的敌人,,,1,<4;1004>,,,,
1428,city/adventure/random_tower/icon/img_kndr@.png,106,,1013,,3,,请谨慎挑选对手,困难的敌人,,,1,<4;1004>,,,,
1429,city/adventure/random_tower/icon/icon_wz.png,107,,,,,,,属性加成,,,2,<4;1004>,,<<1;100>;<2;50>>,,
1430,city/adventure/random_tower/icon/icon_sj.png,107,,,,,,谁也不知道会发生什么,事件,,,4,<4;1004>,,,<<11;1000>;<12;500>;<21;1000>;<22;500>;<31;1000>;<32;500>;<41;1000>;<42;500>;<51;1000>;<52;500>;<61;1000>;<62;500>;<99;1>>,
1431,city/adventure/random_tower/icon/img_ptdr@.png,107,,1012,,2,,小有实力，但是不足为惧的对手,普通的敌人,,,1,<4;1004>,,,,
1432,city/adventure/random_tower/icon/img_ptdr@.png,107,,1012,,2,,小有实力，但是不足为惧的对手,普通的敌人,,,1,<4;1004>,,,,
1433,city/adventure/random_tower/icon/img_kndr@.png,107,,1013,,3,,请谨慎挑选对手,困难的敌人,,,1,<4;1004>,,,,
1434,city/adventure/random_tower/icon/icon_wz.png,108,,,,,,,战斗补给,,,2,<4;1004>,,<<4;100>>,,
1435,city/adventure/random_tower/icon/icon_wz.png,108,,,,,,,战斗补给,,,2,<4;1004>,,<<5;100>>,,
1436,city/adventure/random_tower/icon/icon_sj.png,108,,,,,,谁也不知道会发生什么,事件,,,4,<4;1004>,,,<<11;1000>;<12;500>;<21;1000>;<22;500>;<31;1000>;<32;500>;<41;1000>;<42;500>;<51;1000>;<52;500>;<61;1000>;<62;500>;<99;1>>,
1437,city/adventure/random_tower/icon/img_ptdr@.png,108,,1012,,2,,小有实力，但是不足为惧的对手,普通的敌人,,,1,<4;1004>,,,,
1438,city/adventure/random_tower/icon/img_ptdr@.png,108,,1012,,2,,小有实力，但是不足为惧的对手,普通的敌人,,,1,<4;1004>,,,,
1439,city/adventure/random_tower/icon/img_kndr@.png,108,,1013,,3,,请谨慎挑选对手,困难的敌人,,,1,<4;1004>,,,,
1440,city/adventure/random_tower/icon/img_kndr@.png,109,,1013,,3,,请谨慎挑选对手,困难的敌人,,,1,<4;1004>,,,,
1441,city/adventure/random_tower/icon/img_boss@.png,109,,1014,,4,0.8,极为艰难的力量在前方,霸主,,,1,<4;1004>,,,,
1442,city/adventure/random_tower/icon/img_boss@.png,109,,1014,,4,0.8,极为艰难的力量在前方,霸主,,,1,<4;1004>,,,,
1443,city/adventure/random_tower/icon/img_boss@.png,109,,1014,,4,0.8,极为艰难的力量在前方,霸主,,,1,<4;1004>,,,,
1444,city/adventure/random_tower/icon_hhbx.png,110,16,,,,,跨越巨大挑战后才会配拥有此回报,豪华宝箱,,,3,<4;1004>,,,,
1445,city/adventure/random_tower/icon/icon_wz.png,111,,,,,,,战斗效果,,,2,<4;1004>,,<<101;100>;<111;100>;<121;100>;<131;100>;<141;100>;<161;100>;<1;300>;<9999;100>>,,
1446,city/adventure/random_tower/icon/icon_wz.png,111,,,,,,,战斗效果,,,2,<4;1004>,,<<101;100>;<111;100>;<121;100>;<131;100>;<141;100>;<161;100>;<1;300>;<9999;100>>,,
1447,city/adventure/random_tower/icon/icon_wz.png,111,,,,,,,战斗效果,,,2,<4;1004>,,<<101;100>;<111;100>;<121;100>;<131;100>;<141;100>;<161;100>;<1;300>;<9999;100>>,,
1448,city/adventure/random_tower/icon/icon_wz.png,111,,,,,,,战斗效果,,,2,<4;1004>,,<<101;100>;<111;100>;<121;100>;<131;100>;<141;100>;<161;100>;<1;300>;<9999;100>>,,
1449,city/adventure/random_tower/icon/icon_wz.png,112,,,,,,,战斗效果,,,2,<4;1004>,,<<101;100>;<111;100>;<121;100>;<131;100>;<141;100>;<161;100>;<1;300>;<9999;100>>,,
1450,city/adventure/random_tower/icon/icon_wz.png,112,,,,,,,属性加成,,,2,<4;1004>,,<<2;100>;<3;30>>,,
1451,city/adventure/random_tower/icon/icon_sj.png,112,,,,,,谁也不知道会发生什么,事件,,,4,<4;1004>,,,<<11;1000>;<12;500>;<21;1000>;<22;500>;<31;1000>;<32;500>;<41;1000>;<42;500>;<51;1000>;<52;500>;<61;1000>;<62;500>;<99;1>>,
1452,city/adventure/random_tower/icon/img_ptdr@.png,112,,1012,,2,,小有实力，但是不足为惧的对手,普通的敌人,,,1,<4;1004>,,,,
1453,city/adventure/random_tower/icon/img_jddr@.png,113,,1011,,,,似乎是可以轻松击败的对手,简单的敌人,,,1,<4;1004>,,,,
1454,city/adventure/random_tower/icon/img_jddr@.png,113,,1011,,,,似乎是可以轻松击败的对手,简单的敌人,,,1,<4;1004>,,,,
1455,city/adventure/random_tower/icon/img_ptdr@.png,113,,1012,,2,,小有实力，但是不足为惧的对手,普通的敌人,,,1,<4;1004>,,,,
1456,city/adventure/random_tower/icon/img_ptdr@.png,113,,1012,,2,,小有实力，但是不足为惧的对手,普通的敌人,,,1,<4;1004>,,,,
1457,city/adventure/random_tower/icon/img_jddr@.png,114,,1011,,,,似乎是可以轻松击败的对手,简单的敌人,,,1,<4;1004>,,,,
1458,city/adventure/random_tower/icon/img_jddr@.png,114,,1011,,,,似乎是可以轻松击败的对手,简单的敌人,,,1,<4;1004>,,,,
1459,city/adventure/random_tower/icon/img_ptdr@.png,114,,1012,,2,,小有实力，但是不足为惧的对手,普通的敌人,,,1,<4;1004>,,,,
1460,city/adventure/random_tower/icon/img_ptdr@.png,114,,1012,,2,,小有实力，但是不足为惧的对手,普通的敌人,,,1,<4;1004>,,,,
1461,city/adventure/random_tower/icon/img_ptdr@.png,115,,1012,,2,,小有实力，但是不足为惧的对手,普通的敌人,,,1,<4;1004>,,,,
1462,city/adventure/random_tower/icon/img_kndr@.png,115,,1013,,3,,请谨慎挑选对手,困难的敌人,,,1,<4;1004>,,,,
1463,city/adventure/random_tower/icon/img_kndr@.png,115,,1013,,3,,请谨慎挑选对手,困难的敌人,,,1,<4;1004>,,,,
1464,city/adventure/random_tower/icon/img_kndr@.png,115,,1013,,3,,请谨慎挑选对手,困难的敌人,,,1,<4;1004>,,,,
1465,city/adventure/random_tower/icon/icon_wz.png,116,,,,,,,战斗效果,,,2,<4;1004>,,<<101;100>;<111;100>;<121;100>;<131;100>;<141;100>;<161;100>;<1;300>;<9999;100>>,,
1466,city/adventure/random_tower/icon/icon_wz.png,116,,,,,,,属性加成,,,2,<4;1004>,,<<1;100>;<2;50>>,,
1467,city/adventure/random_tower/icon/img_ptdr@.png,116,,1012,,2,,小有实力，但是不足为惧的对手,普通的敌人,,,1,<4;1004>,,,,
1468,city/adventure/random_tower/icon/img_kndr@.png,116,,1013,,3,,请谨慎挑选对手,困难的敌人,,,1,<4;1004>,,,,
1469,city/adventure/random_tower/icon/icon_wz.png,117,,,,,,,属性加成,,,2,<4;1004>,,<<1;100>;<2;50>>,,
1470,city/adventure/random_tower/icon/icon_sj.png,117,,,,,,谁也不知道会发生什么,事件,,,4,<4;1004>,,,<<11;1000>;<12;500>;<21;1000>;<22;500>;<31;1000>;<32;500>;<41;1000>;<42;500>;<51;1000>;<52;500>;<61;1000>;<62;500>;<99;1>>,
1471,city/adventure/random_tower/icon/img_ptdr@.png,117,,1012,,2,,小有实力，但是不足为惧的对手,普通的敌人,,,1,<4;1004>,,,,
1472,city/adventure/random_tower/icon/img_ptdr@.png,117,,1012,,2,,小有实力，但是不足为惧的对手,普通的敌人,,,1,<4;1004>,,,,
1473,city/adventure/random_tower/icon/img_kndr@.png,117,,1013,,3,,请谨慎挑选对手,困难的敌人,,,1,<4;1004>,,,,
1474,city/adventure/random_tower/icon_bx.png,117,6,,,,,不经意间发现的宝箱,宝箱,,,3,<4;1004>,,,,
1475,city/adventure/random_tower/icon/icon_wz.png,118,,,,,,,战斗补给,,,2,<4;1004>,,<<4;100>>,,
1476,city/adventure/random_tower/icon/icon_wz.png,118,,,,,,,战斗补给,,,2,<4;1004>,,<<5;100>>,,
1477,city/adventure/random_tower/icon/icon_sj.png,118,,,,,,谁也不知道会发生什么,事件,,,4,<4;1004>,,,<<11;1000>;<12;500>;<21;1000>;<22;500>;<31;1000>;<32;500>;<41;1000>;<42;500>;<51;1000>;<52;500>;<61;1000>;<62;500>;<99;1>>,
1478,city/adventure/random_tower/icon/img_ptdr@.png,118,,1012,,2,,小有实力，但是不足为惧的对手,普通的敌人,,,1,<4;1004>,,,,
1479,city/adventure/random_tower/icon/img_ptdr@.png,118,,1012,,2,,小有实力，但是不足为惧的对手,普通的敌人,,,1,<4;1004>,,,,
1480,city/adventure/random_tower/icon/img_kndr@.png,118,,1013,,3,,请谨慎挑选对手,困难的敌人,,,1,<4;1004>,,,,
1481,city/adventure/random_tower/icon/img_kndr@.png,119,,1013,,3,,请谨慎挑选对手,困难的敌人,,,1,<4;1004>,,,,
1482,city/adventure/random_tower/icon/img_boss@.png,119,,1014,,4,0.8,极为艰难的力量在前方,霸主,,,1,<4;1004>,,,,
1483,city/adventure/random_tower/icon/img_boss@.png,119,,1014,,4,0.8,极为艰难的力量在前方,霸主,,,1,<4;1004>,,,,
1484,city/adventure/random_tower/icon/img_boss@.png,119,,1014,,4,0.8,极为艰难的力量在前方,霸主,,,1,<4;1004>,,,,
1485,city/adventure/random_tower/icon/icon_sj.png,120,,,,,,谁也不知道会发生什么,事件,,,4,<4;1004>,,,<<11;1000>;<12;500>;<13;100>;<21;1000>;<22;500>;<23;100>;<31;1000>;<32;500>;<33;100>;<41;1000>;<42;500>;<43;100>;<51;1000>;<52;500>;<53;100>;<61;1000>;<62;500>;<63;100>;<99;1>>,
1486,city/adventure/random_tower/icon/icon_wz.png,121,,,,,,,战斗效果,,,2,<4;1004>,,<<101;100>;<111;100>;<121;100>;<131;100>;<141;100>;<161;100>;<1;300>;<9999;100>>,,
1487,city/adventure/random_tower/icon/icon_wz.png,121,,,,,,,战斗效果,,,2,<4;1004>,,<<101;100>;<111;100>;<121;100>;<131;100>;<141;100>;<161;100>;<1;300>;<9999;100>>,,
1488,city/adventure/random_tower/icon/icon_wz.png,121,,,,,,,战斗效果,,,2,<4;1004>,,<<101;100>;<111;100>;<121;100>;<131;100>;<141;100>;<161;100>;<1;300>;<9999;100>>,,
1489,city/adventure/random_tower/icon/icon_sj.png,121,,,,,,谁也不知道会发生什么,事件,,,4,<4;1004>,,,<<11;1000>;<12;500>;<21;1000>;<22;500>;<31;1000>;<32;500>;<41;1000>;<42;500>;<51;1000>;<52;500>;<61;1000>;<62;500>;<99;1>>,
1490,city/adventure/random_tower/icon/icon_sj.png,121,,,,,,谁也不知道会发生什么,事件,,,4,<4;1004>,,,<<11;1000>;<12;500>;<13;100>;<21;1000>;<22;500>;<23;100>;<31;1000>;<32;500>;<33;100>;<41;1000>;<42;500>;<43;100>;<51;1000>;<52;500>;<53;100>;<61;1000>;<62;500>;<63;100>;<99;1>>,
1491,city/adventure/random_tower/icon/img_kndr@.png,121,,1023,,3,,请谨慎挑选对手,困难的敌人,,,1,<4;1004>,,,,
1492,city/adventure/random_tower/icon/icon_wz.png,122,,,,,,,属性加成,,,2,<4;1004>,,<<2;100>;<3;30>>,,
1493,city/adventure/random_tower/icon/icon_sj.png,122,,,,,,谁也不知道会发生什么,事件,,,4,<4;1004>,,,<<6;100>>,
1494,city/adventure/random_tower/icon/img_jddr@.png,122,,1021,,,,似乎是可以轻松击败的对手,简单的敌人,,,1,<4;1004>,,,,
1495,city/adventure/random_tower/icon/img_ptdr@.png,122,,1022,,2,,小有实力，但是不足为惧的对手,普通的敌人,,,1,<4;1004>,,,,
1496,city/adventure/random_tower/icon/img_jddr@.png,123,,1021,,,,似乎是可以轻松击败的对手,简单的敌人,,,1,<4;1004>,,,,
1497,city/adventure/random_tower/icon/img_jddr@.png,123,,1021,,,,似乎是可以轻松击败的对手,简单的敌人,,,1,<4;1004>,,,,
1498,city/adventure/random_tower/icon/img_ptdr@.png,123,,1022,,2,,小有实力，但是不足为惧的对手,普通的敌人,,,1,<4;1004>,,,,
1499,city/adventure/random_tower/icon/img_ptdr@.png,123,,1022,,2,,小有实力，但是不足为惧的对手,普通的敌人,,,1,<4;1004>,,,,
1500,city/adventure/random_tower/icon/img_jddr@.png,124,,1021,,,,似乎是可以轻松击败的对手,简单的敌人,,,1,<4;1004>,,,,
1501,city/adventure/random_tower/icon/img_jddr@.png,124,,1021,,,,似乎是可以轻松击败的对手,简单的敌人,,,1,<4;1004>,,,,
1502,city/adventure/random_tower/icon/img_ptdr@.png,124,,1022,,2,,小有实力，但是不足为惧的对手,普通的敌人,,,1,<4;1004>,,,,
1503,city/adventure/random_tower/icon/img_ptdr@.png,124,,1022,,2,,小有实力，但是不足为惧的对手,普通的敌人,,,1,<4;1004>,,,,
1504,city/adventure/random_tower/icon/img_ptdr@.png,125,,1022,,2,,小有实力，但是不足为惧的对手,普通的敌人,,,1,<4;1004>,,,,
1505,city/adventure/random_tower/icon/img_kndr@.png,125,,1023,,3,,请谨慎挑选对手,困难的敌人,,,1,<4;1004>,,,,
1506,city/adventure/random_tower/icon/img_kndr@.png,125,,1023,,3,,请谨慎挑选对手,困难的敌人,,,1,<4;1004>,,,,
1507,city/adventure/random_tower/icon/img_kndr@.png,125,,1023,,3,,请谨慎挑选对手,困难的敌人,,,1,<4;1004>,,,,
1508,city/adventure/random_tower/icon/icon_wz.png,126,,,,,,,属性加成,,,2,<4;1004>,,<<1;100>;<2;50>>,,
1509,city/adventure/random_tower/icon/icon_wz.png,126,,,,,,,属性加成,,,2,<4;1004>,,<<2;100>;<3;30>>,,
1510,city/adventure/random_tower/icon/img_ptdr@.png,126,,1022,,2,,小有实力，但是不足为惧的对手,普通的敌人,,,1,<4;1004>,,,,
1511,city/adventure/random_tower/icon/img_kndr@.png,126,,1023,,3,,请谨慎挑选对手,困难的敌人,,,1,<4;1004>,,,,
1512,city/adventure/random_tower/icon/img_kndr@.png,126,,1023,,3,,请谨慎挑选对手,困难的敌人,,,1,<4;1004>,,,,
1513,city/adventure/random_tower/icon/icon_wz.png,127,,,,,,,属性加成,,,2,<4;1004>,,<<2;100>;<3;30>>,,
1514,city/adventure/random_tower/icon/icon_sj.png,127,,,,,,谁也不知道会发生什么,事件,,,4,<4;1004>,,,<<11;1000>;<12;500>;<21;1000>;<22;500>;<31;1000>;<32;500>;<41;1000>;<42;500>;<51;1000>;<52;500>;<61;1000>;<62;500>;<99;1>>,
1515,city/adventure/random_tower/icon/img_ptdr@.png,127,,1022,,2,,小有实力，但是不足为惧的对手,普通的敌人,,,1,<4;1004>,,,,
1516,city/adventure/random_tower/icon/img_ptdr@.png,127,,1022,,2,,小有实力，但是不足为惧的对手,普通的敌人,,,1,<4;1004>,,,,
1517,city/adventure/random_tower/icon/img_kndr@.png,127,,1023,,3,,请谨慎挑选对手,困难的敌人,,,1,<4;1004>,,,,
1518,city/adventure/random_tower/icon/img_kndr@.png,127,,1023,,3,,请谨慎挑选对手,困难的敌人,,,1,<4;1004>,,,,
1519,city/adventure/random_tower/icon/icon_wz.png,128,,,,,,,战斗补给,,,2,<4;1004>,,<<4;100>>,,
1520,city/adventure/random_tower/icon/icon_wz.png,128,,,,,,,战斗补给,,,2,<4;1004>,,<<5;100>>,,
1521,city/adventure/random_tower/icon/icon_sj.png,128,,,,,,谁也不知道会发生什么,事件,,,4,<4;1004>,,,<<11;1000>;<12;500>;<21;1000>;<22;500>;<31;1000>;<32;500>;<41;1000>;<42;500>;<51;1000>;<52;500>;<61;1000>;<62;500>;<99;1>>,
1522,city/adventure/random_tower/icon/img_ptdr@.png,128,,1022,,2,,小有实力，但是不足为惧的对手,普通的敌人,,,1,<4;1004>,,,,
1523,city/adventure/random_tower/icon/img_ptdr@.png,128,,1022,,2,,小有实力，但是不足为惧的对手,普通的敌人,,,1,<4;1004>,,,,
1524,city/adventure/random_tower/icon/img_kndr@.png,128,,1023,,3,,请谨慎挑选对手,困难的敌人,,,1,<4;1004>,,,,
1525,city/adventure/random_tower/icon/img_kndr@.png,128,,1023,,3,,请谨慎挑选对手,困难的敌人,,,1,<4;1004>,,,,
1526,city/adventure/random_tower/icon/img_kndr@.png,129,,1023,,3,,请谨慎挑选对手,困难的敌人,,,1,<4;1004>,,,,
1527,city/adventure/random_tower/icon/img_boss@.png,129,,1024,,4,0.8,极为艰难的力量在前方,霸主,,,1,<4;1004>,,,,
1528,city/adventure/random_tower/icon/img_boss@.png,129,,1024,,4,0.8,极为艰难的力量在前方,霸主,,,1,<4;1004>,,,,
1529,city/adventure/random_tower/icon/img_boss@.png,129,,1024,,4,0.8,极为艰难的力量在前方,霸主,,,1,<4;1004>,,,,
1530,city/adventure/random_tower/icon_hhbx.png,130,17,,,,,跨越巨大挑战后才会配拥有此回报,豪华宝箱,,,3,<4;1004>,,,,
1531,city/adventure/random_tower/icon/icon_wz.png,131,,,,,,,战斗效果,,,2,<4;1004>,,<<101;100>;<111;100>;<121;100>;<131;100>;<141;100>;<161;100>;<1;300>;<9999;100>>,,
1532,city/adventure/random_tower/icon/icon_wz.png,131,,,,,,,战斗效果,,,2,<4;1004>,,<<101;100>;<111;100>;<121;100>;<131;100>;<141;100>;<161;100>;<1;300>;<9999;100>>,,
1533,city/adventure/random_tower/icon/icon_wz.png,131,,,,,,,战斗效果,,,2,<4;1004>,,<<101;100>;<111;100>;<121;100>;<131;100>;<141;100>;<161;100>;<1;300>;<9999;100>>,,
1534,city/adventure/random_tower/icon/icon_sj.png,131,,,,,,谁也不知道会发生什么,事件,,,4,<4;1004>,,,<<11;1000>;<12;500>;<21;1000>;<22;500>;<31;1000>;<32;500>;<41;1000>;<42;500>;<51;1000>;<52;500>;<61;1000>;<62;500>;<99;1>>,
1535,city/adventure/random_tower/icon/icon_sj.png,131,,,,,,谁也不知道会发生什么,事件,,,4,<4;1004>,,,<<11;1000>;<12;500>;<13;100>;<21;1000>;<22;500>;<23;100>;<31;1000>;<32;500>;<33;100>;<41;1000>;<42;500>;<43;100>;<51;1000>;<52;500>;<53;100>;<61;1000>;<62;500>;<63;100>;<99;1>>,
1536,city/adventure/random_tower/icon/img_kndr@.png,131,,1023,,3,,请谨慎挑选对手,困难的敌人,,,1,<4;1004>,,,,
1537,city/adventure/random_tower/icon/icon_wz.png,132,,,,,,,属性加成,,,2,<4;1004>,,<<2;100>;<3;30>>,,
1538,city/adventure/random_tower/icon/icon_sj.png,132,,,,,,谁也不知道会发生什么,事件,,,4,<4;1004>,,,<<6;100>>,
1539,city/adventure/random_tower/icon/img_jddr@.png,132,,1021,,,,似乎是可以轻松击败的对手,简单的敌人,,,1,<4;1004>,,,,
1540,city/adventure/random_tower/icon/img_ptdr@.png,132,,1022,,2,,小有实力，但是不足为惧的对手,普通的敌人,,,1,<4;1004>,,,,
1541,city/adventure/random_tower/icon/img_jddr@.png,133,,1021,,,,似乎是可以轻松击败的对手,简单的敌人,,,1,<4;1004>,,,,
1542,city/adventure/random_tower/icon/img_jddr@.png,133,,1021,,,,似乎是可以轻松击败的对手,简单的敌人,,,1,<4;1004>,,,,
1543,city/adventure/random_tower/icon/img_ptdr@.png,133,,1022,,2,,小有实力，但是不足为惧的对手,普通的敌人,,,1,<4;1004>,,,,
1544,city/adventure/random_tower/icon/img_ptdr@.png,133,,1022,,2,,小有实力，但是不足为惧的对手,普通的敌人,,,1,<4;1004>,,,,
1545,city/adventure/random_tower/icon/img_jddr@.png,134,,1021,,,,似乎是可以轻松击败的对手,简单的敌人,,,1,<4;1004>,,,,
1546,city/adventure/random_tower/icon/img_jddr@.png,134,,1021,,,,似乎是可以轻松击败的对手,简单的敌人,,,1,<4;1004>,,,,
1547,city/adventure/random_tower/icon/img_ptdr@.png,134,,1022,,2,,小有实力，但是不足为惧的对手,普通的敌人,,,1,<4;1004>,,,,
1548,city/adventure/random_tower/icon/img_ptdr@.png,134,,1022,,2,,小有实力，但是不足为惧的对手,普通的敌人,,,1,<4;1004>,,,,
1549,city/adventure/random_tower/icon/img_ptdr@.png,135,,1022,,2,,小有实力，但是不足为惧的对手,普通的敌人,,,1,<4;1004>,,,,
1550,city/adventure/random_tower/icon/img_kndr@.png,135,,1023,,3,,请谨慎挑选对手,困难的敌人,,,1,<4;1004>,,,,
1551,city/adventure/random_tower/icon/img_kndr@.png,135,,1023,,3,,请谨慎挑选对手,困难的敌人,,,1,<4;1004>,,,,
1552,city/adventure/random_tower/icon/img_kndr@.png,135,,1023,,3,,请谨慎挑选对手,困难的敌人,,,1,<4;1004>,,,,
1553,city/adventure/random_tower/icon/icon_wz.png,136,,,,,,,属性加成,,,2,<4;1004>,,<<1;100>;<2;50>>,,
1554,city/adventure/random_tower/icon/icon_wz.png,136,,,,,,,属性加成,,,2,<4;1004>,,<<2;100>;<3;30>>,,
1555,city/adventure/random_tower/icon/img_ptdr@.png,136,,1022,,2,,小有实力，但是不足为惧的对手,普通的敌人,,,1,<4;1004>,,,,
1556,city/adventure/random_tower/icon/img_kndr@.png,136,,1023,,3,,请谨慎挑选对手,困难的敌人,,,1,<4;1004>,,,,
1557,city/adventure/random_tower/icon/img_kndr@.png,136,,1023,,3,,请谨慎挑选对手,困难的敌人,,,1,<4;1004>,,,,
1558,city/adventure/random_tower/icon/icon_wz.png,137,,,,,,,属性加成,,,2,<4;1004>,,<<2;100>;<3;30>>,,
1559,city/adventure/random_tower/icon/icon_sj.png,137,,,,,,谁也不知道会发生什么,事件,,,4,<4;1004>,,,<<11;1000>;<12;500>;<21;1000>;<22;500>;<31;1000>;<32;500>;<41;1000>;<42;500>;<51;1000>;<52;500>;<61;1000>;<62;500>;<99;1>>,
1560,city/adventure/random_tower/icon/img_ptdr@.png,137,,1022,,2,,小有实力，但是不足为惧的对手,普通的敌人,,,1,<4;1004>,,,,
1561,city/adventure/random_tower/icon/img_ptdr@.png,137,,1022,,2,,小有实力，但是不足为惧的对手,普通的敌人,,,1,<4;1004>,,,,
1562,city/adventure/random_tower/icon/img_kndr@.png,137,,1023,,3,,请谨慎挑选对手,困难的敌人,,,1,<4;1004>,,,,
1563,city/adventure/random_tower/icon/img_kndr@.png,137,,1023,,3,,请谨慎挑选对手,困难的敌人,,,1,<4;1004>,,,,
1564,city/adventure/random_tower/icon_bx.png,137,7,,,,,不经意间发现的宝箱,宝箱,,,3,<4;1004>,,,,
1565,city/adventure/random_tower/icon/icon_wz.png,138,,,,,,,战斗补给,,,2,<4;1004>,,<<4;100>>,,
1566,city/adventure/random_tower/icon/icon_wz.png,138,,,,,,,战斗补给,,,2,<4;1004>,,<<5;100>>,,
1567,city/adventure/random_tower/icon/icon_sj.png,138,,,,,,谁也不知道会发生什么,事件,,,4,<4;1004>,,,<<11;1000>;<12;500>;<21;1000>;<22;500>;<31;1000>;<32;500>;<41;1000>;<42;500>;<51;1000>;<52;500>;<61;1000>;<62;500>;<99;1>>,
1568,city/adventure/random_tower/icon/img_ptdr@.png,138,,1022,,2,,小有实力，但是不足为惧的对手,普通的敌人,,,1,<4;1004>,,,,
1569,city/adventure/random_tower/icon/img_ptdr@.png,138,,1022,,2,,小有实力，但是不足为惧的对手,普通的敌人,,,1,<4;1004>,,,,
1570,city/adventure/random_tower/icon/img_kndr@.png,138,,1023,,3,,请谨慎挑选对手,困难的敌人,,,1,<4;1004>,,,,
1571,city/adventure/random_tower/icon/img_kndr@.png,138,,1023,,3,,请谨慎挑选对手,困难的敌人,,,1,<4;1004>,,,,
1572,city/adventure/random_tower/icon/img_kndr@.png,139,,1023,,3,,请谨慎挑选对手,困难的敌人,,,1,<4;1004>,,,,
1573,city/adventure/random_tower/icon/img_boss@.png,139,,1024,,4,0.8,极为艰难的力量在前方,霸主,,,1,<4;1004>,,,,
1574,city/adventure/random_tower/icon/img_boss@.png,139,,1024,,4,0.8,极为艰难的力量在前方,霸主,,,1,<4;1004>,,,,
1575,city/adventure/random_tower/icon/img_boss@.png,139,,1024,,4,0.8,极为艰难的力量在前方,霸主,,,1,<4;1004>,,,,
1576,city/adventure/random_tower/icon/icon_sj.png,140,,,,,,谁也不知道会发生什么,事件,,,4,<4;1004>,,,<<11;1000>;<12;500>;<13;100>;<21;1000>;<22;500>;<23;100>;<31;1000>;<32;500>;<33;100>;<41;1000>;<42;500>;<43;100>;<51;1000>;<52;500>;<53;100>;<61;1000>;<62;500>;<63;100>;<99;1>>,
1577,city/adventure/random_tower/icon/icon_wz.png,141,,,,,,,战斗效果,,,2,<4;1004>,,<<101;100>;<111;100>;<121;100>;<131;100>;<141;100>;<161;100>;<1;300>;<9999;100>>,,
1578,city/adventure/random_tower/icon/icon_wz.png,141,,,,,,,战斗效果,,,2,<4;1004>,,<<101;100>;<111;100>;<121;100>;<131;100>;<141;100>;<161;100>;<1;300>;<9999;100>>,,
1579,city/adventure/random_tower/icon/icon_sj.png,141,,,,,,谁也不知道会发生什么,事件,,,4,<4;1004>,,,<<11;1000>;<12;500>;<13;100>;<21;1000>;<22;500>;<23;100>;<31;1000>;<32;500>;<33;100>;<41;1000>;<42;500>;<43;100>;<51;1000>;<52;500>;<53;100>;<61;1000>;<62;500>;<63;100>;<99;1>>,
1580,city/adventure/random_tower/icon/icon_sj.png,141,,,,,,谁也不知道会发生什么,事件,,,4,<4;1004>,,,<<1;100>;<2;100>;<3;100>;<4;100>>,
1581,city/adventure/random_tower/icon/img_kndr@.png,141,,1023,,3,,请谨慎挑选对手,困难的敌人,,,1,<4;1004>,,,,
1582,city/adventure/random_tower/icon/icon_wz.png,142,,,,,,,属性加成,,,2,<4;1004>,,<<2;100>;<3;30>>,,
1583,city/adventure/random_tower/icon/icon_sj.png,142,,,,,,谁也不知道会发生什么,事件,,,4,<4;1004>,,,<<6;100>>,
1584,city/adventure/random_tower/icon/img_jddr@.png,142,,1021,,,,似乎是可以轻松击败的对手,简单的敌人,,,1,<4;1004>,,,,
1585,city/adventure/random_tower/icon/img_ptdr@.png,142,,1022,,2,,小有实力，但是不足为惧的对手,普通的敌人,,,1,<4;1004>,,,,
1586,city/adventure/random_tower/icon/img_jddr@.png,143,,1021,,,,似乎是可以轻松击败的对手,简单的敌人,,,1,<4;1004>,,,,
1587,city/adventure/random_tower/icon/img_jddr@.png,143,,1021,,,,似乎是可以轻松击败的对手,简单的敌人,,,1,<4;1004>,,,,
1588,city/adventure/random_tower/icon/img_ptdr@.png,143,,1022,,2,,小有实力，但是不足为惧的对手,普通的敌人,,,1,<4;1004>,,,,
1589,city/adventure/random_tower/icon/img_ptdr@.png,143,,1022,,2,,小有实力，但是不足为惧的对手,普通的敌人,,,1,<4;1004>,,,,
1590,city/adventure/random_tower/icon/img_jddr@.png,144,,1021,,,,似乎是可以轻松击败的对手,简单的敌人,,,1,<4;1004>,,,,
1591,city/adventure/random_tower/icon/img_jddr@.png,144,,1021,,,,似乎是可以轻松击败的对手,简单的敌人,,,1,<4;1004>,,,,
1592,city/adventure/random_tower/icon/img_ptdr@.png,144,,1022,,2,,小有实力，但是不足为惧的对手,普通的敌人,,,1,<4;1004>,,,,
1593,city/adventure/random_tower/icon/img_ptdr@.png,144,,1022,,2,,小有实力，但是不足为惧的对手,普通的敌人,,,1,<4;1004>,,,,
1594,city/adventure/random_tower/icon/img_ptdr@.png,145,,1022,,2,,小有实力，但是不足为惧的对手,普通的敌人,,,1,<4;1004>,,,,
1595,city/adventure/random_tower/icon/img_kndr@.png,145,,1023,,3,,请谨慎挑选对手,困难的敌人,,,1,<4;1004>,,,,
1596,city/adventure/random_tower/icon/img_kndr@.png,145,,1023,,3,,请谨慎挑选对手,困难的敌人,,,1,<4;1004>,,,,
1597,city/adventure/random_tower/icon/img_kndr@.png,145,,1023,,3,,请谨慎挑选对手,困难的敌人,,,1,<4;1004>,,,,
1598,city/adventure/random_tower/icon/icon_wz.png,146,,,,,,,属性加成,,,2,<4;1004>,,<<1;100>;<2;50>>,,
1599,city/adventure/random_tower/icon/img_ptdr@.png,146,,1022,,2,,小有实力，但是不足为惧的对手,普通的敌人,,,1,<4;1004>,,,,
1600,city/adventure/random_tower/icon/img_kndr@.png,146,,1023,,3,,请谨慎挑选对手,困难的敌人,,,1,<4;1004>,,,,
1601,city/adventure/random_tower/icon/img_kndr@.png,146,,1023,,3,,请谨慎挑选对手,困难的敌人,,,1,<4;1004>,,,,
1602,city/adventure/random_tower/icon/img_kndr@.png,146,,1023,,3,,请谨慎挑选对手,困难的敌人,,,1,<4;1004>,,,,
1603,city/adventure/random_tower/icon/icon_wz.png,147,,,,,,,属性加成,,,2,<4;1004>,,<<2;100>;<3;30>>,,
1604,city/adventure/random_tower/icon/icon_sj.png,147,,,,,,谁也不知道会发生什么,事件,,,4,<4;1004>,,,<<11;1000>;<12;500>;<21;1000>;<22;500>;<31;1000>;<32;500>;<41;1000>;<42;500>;<51;1000>;<52;500>;<61;1000>;<62;500>;<99;1>>,
1605,city/adventure/random_tower/icon/img_ptdr@.png,147,,1022,,2,,小有实力，但是不足为惧的对手,普通的敌人,,,1,<4;1004>,,,,
1606,city/adventure/random_tower/icon/img_ptdr@.png,147,,1022,,2,,小有实力，但是不足为惧的对手,普通的敌人,,,1,<4;1004>,,,,
1607,city/adventure/random_tower/icon/img_kndr@.png,147,,1023,,3,,请谨慎挑选对手,困难的敌人,,,1,<4;1004>,,,,
1608,city/adventure/random_tower/icon/img_kndr@.png,147,,1023,,3,,请谨慎挑选对手,困难的敌人,,,1,<4;1004>,,,,
1609,city/adventure/random_tower/icon/icon_wz.png,148,,,,,,,战斗补给,,,2,<4;1004>,,<<4;100>>,,
1610,city/adventure/random_tower/icon/icon_wz.png,148,,,,,,,战斗补给,,,2,<4;1004>,,<<5;100>>,,
1611,city/adventure/random_tower/icon/icon_sj.png,148,,,,,,谁也不知道会发生什么,事件,,,4,<4;1004>,,,<<11;1000>;<12;500>;<21;1000>;<22;500>;<31;1000>;<32;500>;<41;1000>;<42;500>;<51;1000>;<52;500>;<61;1000>;<62;500>;<99;1>>,
1612,city/adventure/random_tower/icon/img_ptdr@.png,148,,1022,,2,,小有实力，但是不足为惧的对手,普通的敌人,,,1,<4;1004>,,,,
1613,city/adventure/random_tower/icon/img_ptdr@.png,148,,1022,,2,,小有实力，但是不足为惧的对手,普通的敌人,,,1,<4;1004>,,,,
1614,city/adventure/random_tower/icon/img_kndr@.png,148,,1023,,3,,请谨慎挑选对手,困难的敌人,,,1,<4;1004>,,,,
1615,city/adventure/random_tower/icon/img_kndr@.png,148,,1023,,3,,请谨慎挑选对手,困难的敌人,,,1,<4;1004>,,,,
1616,city/adventure/random_tower/icon/img_kndr@.png,149,,1023,,3,,请谨慎挑选对手,困难的敌人,,,1,<4;1004>,,,,
1617,city/adventure/random_tower/icon/img_boss@.png,149,,1024,,4,0.8,极为艰难的力量在前方,霸主,,,1,<4;1004>,,,,
1618,city/adventure/random_tower/icon/img_boss@.png,149,,1024,,4,0.8,极为艰难的力量在前方,霸主,,,1,<4;1004>,,,,
1619,city/adventure/random_tower/icon/img_boss@.png,149,,1024,,4,0.8,极为艰难的力量在前方,霸主,,,1,<4;1004>,,,,
1620,city/adventure/random_tower/icon_hhbx.png,150,18,,,,,跨越巨大挑战后才会配拥有此回报,豪华宝箱,,,3,<4;1004>,,,,
1621,city/adventure/random_tower/icon/icon_wz.png,151,,,,,,,战斗效果,,,2,<4;1004>,,<<101;100>;<111;100>;<121;100>;<131;100>;<141;100>;<161;100>;<1;300>;<9999;100>>,,
1622,city/adventure/random_tower/icon/icon_wz.png,151,,,,,,,战斗效果,,,2,<4;1004>,,<<101;100>;<111;100>;<121;100>;<131;100>;<141;100>;<161;100>;<1;300>;<9999;100>>,,
1623,city/adventure/random_tower/icon/icon_sj.png,151,,,,,,谁也不知道会发生什么,事件,,,4,<4;1004>,,,<<11;1000>;<12;500>;<13;100>;<21;1000>;<22;500>;<23;100>;<31;1000>;<32;500>;<33;100>;<41;1000>;<42;500>;<43;100>;<51;1000>;<52;500>;<53;100>;<61;1000>;<62;500>;<63;100>;<99;1>>,
1624,city/adventure/random_tower/icon/icon_sj.png,151,,,,,,谁也不知道会发生什么,事件,,,4,<4;1004>,,,<<1;100>;<2;100>;<3;100>;<4;100>>,
1625,city/adventure/random_tower/icon/img_kndr@.png,151,,1033,,3,,请谨慎挑选对手,困难的敌人,,,1,<4;1004>,,,,
1626,city/adventure/random_tower/icon/icon_wz.png,152,,,,,,,属性加成,,,2,<4;1004>,,<<2;100>;<3;30>>,,
1627,city/adventure/random_tower/icon/icon_sj.png,152,,,,,,谁也不知道会发生什么,事件,,,4,<4;1004>,,,<<6;100>>,
1628,city/adventure/random_tower/icon/img_jddr@.png,152,,1031,,,,似乎是可以轻松击败的对手,简单的敌人,,,1,<4;1004>,,,,
1629,city/adventure/random_tower/icon/img_ptdr@.png,152,,1032,,2,,小有实力，但是不足为惧的对手,普通的敌人,,,1,<4;1004>,,,,
1630,city/adventure/random_tower/icon/img_jddr@.png,153,,1031,,,,似乎是可以轻松击败的对手,简单的敌人,,,1,<4;1004>,,,,
1631,city/adventure/random_tower/icon/img_jddr@.png,153,,1031,,,,似乎是可以轻松击败的对手,简单的敌人,,,1,<4;1004>,,,,
1632,city/adventure/random_tower/icon/img_ptdr@.png,153,,1032,,2,,小有实力，但是不足为惧的对手,普通的敌人,,,1,<4;1004>,,,,
1633,city/adventure/random_tower/icon/img_ptdr@.png,153,,1032,,2,,小有实力，但是不足为惧的对手,普通的敌人,,,1,<4;1004>,,,,
1634,city/adventure/random_tower/icon/img_jddr@.png,154,,1031,,,,似乎是可以轻松击败的对手,简单的敌人,,,1,<4;1004>,,,,
1635,city/adventure/random_tower/icon/img_jddr@.png,154,,1031,,,,似乎是可以轻松击败的对手,简单的敌人,,,1,<4;1004>,,,,
1636,city/adventure/random_tower/icon/img_ptdr@.png,154,,1032,,2,,小有实力，但是不足为惧的对手,普通的敌人,,,1,<4;1004>,,,,
1637,city/adventure/random_tower/icon/img_ptdr@.png,154,,1032,,2,,小有实力，但是不足为惧的对手,普通的敌人,,,1,<4;1004>,,,,
1638,city/adventure/random_tower/icon/img_ptdr@.png,155,,1032,,2,,小有实力，但是不足为惧的对手,普通的敌人,,,1,<4;1004>,,,,
1639,city/adventure/random_tower/icon/img_kndr@.png,155,,1033,,3,,请谨慎挑选对手,困难的敌人,,,1,<4;1004>,,,,
1640,city/adventure/random_tower/icon/img_kndr@.png,155,,1033,,3,,请谨慎挑选对手,困难的敌人,,,1,<4;1004>,,,,
1641,city/adventure/random_tower/icon/img_kndr@.png,155,,1033,,3,,请谨慎挑选对手,困难的敌人,,,1,<4;1004>,,,,
1642,city/adventure/random_tower/icon/icon_wz.png,156,,,,,,,属性加成,,,2,<4;1004>,,<<1;100>;<2;50>>,,
1643,city/adventure/random_tower/icon/img_ptdr@.png,156,,1032,,2,,小有实力，但是不足为惧的对手,普通的敌人,,,1,<4;1004>,,,,
1644,city/adventure/random_tower/icon/img_kndr@.png,156,,1033,,3,,请谨慎挑选对手,困难的敌人,,,1,<4;1004>,,,,
1645,city/adventure/random_tower/icon/img_kndr@.png,156,,1033,,3,,请谨慎挑选对手,困难的敌人,,,1,<4;1004>,,,,
1646,city/adventure/random_tower/icon/img_kndr@.png,156,,1033,,3,,请谨慎挑选对手,困难的敌人,,,1,<4;1004>,,,,
1647,city/adventure/random_tower/icon/icon_wz.png,157,,,,,,,属性加成,,,2,<4;1004>,,<<2;100>;<3;30>>,,
1648,city/adventure/random_tower/icon/icon_sj.png,157,,,,,,谁也不知道会发生什么,事件,,,4,<4;1004>,,,<<11;1000>;<12;500>;<21;1000>;<22;500>;<31;1000>;<32;500>;<41;1000>;<42;500>;<51;1000>;<52;500>;<61;1000>;<62;500>;<99;1>>,
1649,city/adventure/random_tower/icon/img_ptdr@.png,157,,1032,,2,,小有实力，但是不足为惧的对手,普通的敌人,,,1,<4;1004>,,,,
1650,city/adventure/random_tower/icon/img_ptdr@.png,157,,1032,,2,,小有实力，但是不足为惧的对手,普通的敌人,,,1,<4;1004>,,,,
1651,city/adventure/random_tower/icon/img_kndr@.png,157,,1033,,3,,请谨慎挑选对手,困难的敌人,,,1,<4;1004>,,,,
1652,city/adventure/random_tower/icon/img_kndr@.png,157,,1033,,3,,请谨慎挑选对手,困难的敌人,,,1,<4;1004>,,,,
1653,city/adventure/random_tower/icon_bx.png,157,8,,,,,不经意间发现的宝箱,宝箱,,,3,<4;1004>,,,,
1654,city/adventure/random_tower/icon/icon_wz.png,158,,,,,,,战斗补给,,,2,<4;1004>,,<<4;100>>,,
1655,city/adventure/random_tower/icon/icon_wz.png,158,,,,,,,战斗补给,,,2,<4;1004>,,<<5;100>>,,
1656,city/adventure/random_tower/icon/icon_sj.png,158,,,,,,谁也不知道会发生什么,事件,,,4,<4;1004>,,,<<11;1000>;<12;500>;<21;1000>;<22;500>;<31;1000>;<32;500>;<41;1000>;<42;500>;<51;1000>;<52;500>;<61;1000>;<62;500>;<99;1>>,
1657,city/adventure/random_tower/icon/img_ptdr@.png,158,,1032,,2,,小有实力，但是不足为惧的对手,普通的敌人,,,1,<4;1004>,,,,
1658,city/adventure/random_tower/icon/img_ptdr@.png,158,,1032,,2,,小有实力，但是不足为惧的对手,普通的敌人,,,1,<4;1004>,,,,
1659,city/adventure/random_tower/icon/img_kndr@.png,158,,1033,,3,,请谨慎挑选对手,困难的敌人,,,1,<4;1004>,,,,
1660,city/adventure/random_tower/icon/img_kndr@.png,158,,1033,,3,,请谨慎挑选对手,困难的敌人,,,1,<4;1004>,,,,
1661,city/adventure/random_tower/icon/img_kndr@.png,159,,1033,,3,,请谨慎挑选对手,困难的敌人,,,1,<4;1004>,,,,
1662,city/adventure/random_tower/icon/img_boss@.png,159,,1034,,4,0.8,极为艰难的力量在前方,霸主,,,1,<4;1004>,,,,
1663,city/adventure/random_tower/icon/img_boss@.png,159,,1034,,4,0.8,极为艰难的力量在前方,霸主,,,1,<4;1004>,,,,
1664,city/adventure/random_tower/icon/img_boss@.png,159,,1034,,4,0.8,极为艰难的力量在前方,霸主,,,1,<4;1004>,,,,
1665,city/adventure/random_tower/icon/icon_sj.png,160,,,,,,谁也不知道会发生什么,事件,,,4,<4;1004>,,,<<6;100>>,
1666,city/adventure/random_tower/icon/icon_wz.png,161,,,,,,,战斗效果,,,2,<4;1004>,,<<101;100>;<111;100>;<121;100>;<131;100>;<141;100>;<161;100>;<1;300>;<9999;100>>,,
1667,city/adventure/random_tower/icon/icon_wz.png,161,,,,,,,战斗效果,,,2,<4;1004>,,<<101;100>;<111;100>;<121;100>;<131;100>;<141;100>;<161;100>;<1;300>;<9999;100>>,,
1668,city/adventure/random_tower/icon/icon_sj.png,161,,,,,,谁也不知道会发生什么,事件,,,4,<4;1004>,,,<<11;1000>;<12;500>;<13;100>;<21;1000>;<22;500>;<23;100>;<31;1000>;<32;500>;<33;100>;<41;1000>;<42;500>;<43;100>;<51;1000>;<52;500>;<53;100>;<61;1000>;<62;500>;<63;100>;<99;1>>,
1669,city/adventure/random_tower/icon/icon_sj.png,161,,,,,,谁也不知道会发生什么,事件,,,4,<4;1004>,,,<<1;100>;<2;100>;<3;100>;<4;100>>,
1670,city/adventure/random_tower/icon/img_kndr@.png,161,,1033,,3,,请谨慎挑选对手,困难的敌人,,,1,<4;1004>,,,,
1671,city/adventure/random_tower/icon/icon_wz.png,162,,,,,,,属性加成,,,2,<4;1004>,,<<2;100>;<3;30>>,,
1672,city/adventure/random_tower/icon/icon_sj.png,162,,,,,,谁也不知道会发生什么,事件,,,4,<4;1004>,,,<<6;100>>,
1673,city/adventure/random_tower/icon/img_jddr@.png,162,,1031,,,,似乎是可以轻松击败的对手,简单的敌人,,,1,<4;1004>,,,,
1674,city/adventure/random_tower/icon/img_ptdr@.png,162,,1032,,2,,小有实力，但是不足为惧的对手,普通的敌人,,,1,<4;1004>,,,,
1675,city/adventure/random_tower/icon/icon_sj.png,163,,,,,,谁也不知道会发生什么,事件,,,4,<4;1004>,,,<<1;100>;<2;100>;<3;100>;<4;100>>,
1676,city/adventure/random_tower/icon/img_jddr@.png,163,,1031,,,,似乎是可以轻松击败的对手,简单的敌人,,,1,<4;1004>,,,,
1677,city/adventure/random_tower/icon/img_ptdr@.png,163,,1032,,2,,小有实力，但是不足为惧的对手,普通的敌人,,,1,<4;1004>,,,,
1678,city/adventure/random_tower/icon/img_kndr@.png,163,,1033,,3,,请谨慎挑选对手,困难的敌人,,,1,<4;1004>,,,,
1679,city/adventure/random_tower/icon/icon_wz.png,164,,,,,,,属性加成,,,2,<4;1004>,,<<2;100>;<3;30>>,,
1680,city/adventure/random_tower/icon/img_jddr@.png,164,,1031,,,,似乎是可以轻松击败的对手,简单的敌人,,,1,<4;1004>,,,,
1681,city/adventure/random_tower/icon/img_ptdr@.png,164,,1032,,2,,小有实力，但是不足为惧的对手,普通的敌人,,,1,<4;1004>,,,,
1682,city/adventure/random_tower/icon/img_kndr@.png,164,,1033,,3,,请谨慎挑选对手,困难的敌人,,,1,<4;1004>,,,,
1683,city/adventure/random_tower/icon/img_ptdr@.png,165,,1032,,2,,小有实力，但是不足为惧的对手,普通的敌人,,,1,<4;1004>,,,,
1684,city/adventure/random_tower/icon/img_kndr@.png,165,,1033,,3,,请谨慎挑选对手,困难的敌人,,,1,<4;1004>,,,,
1685,city/adventure/random_tower/icon/img_kndr@.png,165,,1033,,3,,请谨慎挑选对手,困难的敌人,,,1,<4;1004>,,,,
1686,city/adventure/random_tower/icon/img_kndr@.png,165,,1033,,3,,请谨慎挑选对手,困难的敌人,,,1,<4;1004>,,,,
1687,city/adventure/random_tower/icon/icon_wz.png,166,,,,,,,属性加成,,,2,<4;1004>,,<<1;100>;<2;50>>,,
1688,city/adventure/random_tower/icon/img_ptdr@.png,166,,1032,,2,,小有实力，但是不足为惧的对手,普通的敌人,,,1,<4;1004>,,,,
1689,city/adventure/random_tower/icon/img_kndr@.png,166,,1033,,3,,请谨慎挑选对手,困难的敌人,,,1,<4;1004>,,,,
1690,city/adventure/random_tower/icon/img_kndr@.png,166,,1033,,3,,请谨慎挑选对手,困难的敌人,,,1,<4;1004>,,,,
1691,city/adventure/random_tower/icon/img_kndr@.png,166,,1033,,3,,请谨慎挑选对手,困难的敌人,,,1,<4;1004>,,,,
1692,city/adventure/random_tower/icon/icon_wz.png,167,,,,,,,属性加成,,,2,<4;1004>,,<<2;100>;<3;30>>,,
1693,city/adventure/random_tower/icon/icon_sj.png,167,,,,,,谁也不知道会发生什么,事件,,,4,<4;1004>,,,<<11;1000>;<12;500>;<21;1000>;<22;500>;<31;1000>;<32;500>;<41;1000>;<42;500>;<51;1000>;<52;500>;<61;1000>;<62;500>;<99;1>>,
1694,city/adventure/random_tower/icon/img_ptdr@.png,167,,1032,,2,,小有实力，但是不足为惧的对手,普通的敌人,,,1,<4;1004>,,,,
1695,city/adventure/random_tower/icon/img_ptdr@.png,167,,1032,,2,,小有实力，但是不足为惧的对手,普通的敌人,,,1,<4;1004>,,,,
1696,city/adventure/random_tower/icon/img_kndr@.png,167,,1033,,3,,请谨慎挑选对手,困难的敌人,,,1,<4;1004>,,,,
1697,city/adventure/random_tower/icon/img_kndr@.png,167,,1033,,3,,请谨慎挑选对手,困难的敌人,,,1,<4;1004>,,,,
1698,city/adventure/random_tower/icon/icon_wz.png,168,,,,,,,战斗补给,,,2,<4;1004>,,<<4;100>>,,
1699,city/adventure/random_tower/icon/icon_wz.png,168,,,,,,,战斗补给,,,2,<4;1004>,,<<5;100>>,,
1700,city/adventure/random_tower/icon/icon_sj.png,168,,,,,,谁也不知道会发生什么,事件,,,4,<4;1004>,,,<<11;1000>;<12;500>;<21;1000>;<22;500>;<31;1000>;<32;500>;<41;1000>;<42;500>;<51;1000>;<52;500>;<61;1000>;<62;500>;<99;1>>,
1701,city/adventure/random_tower/icon/img_ptdr@.png,168,,1032,,2,,小有实力，但是不足为惧的对手,普通的敌人,,,1,<4;1004>,,,,
1702,city/adventure/random_tower/icon/img_ptdr@.png,168,,1032,,2,,小有实力，但是不足为惧的对手,普通的敌人,,,1,<4;1004>,,,,
1703,city/adventure/random_tower/icon/img_kndr@.png,168,,1033,,3,,请谨慎挑选对手,困难的敌人,,,1,<4;1004>,,,,
1704,city/adventure/random_tower/icon/img_kndr@.png,168,,1033,,3,,请谨慎挑选对手,困难的敌人,,,1,<4;1004>,,,,
1705,city/adventure/random_tower/icon/img_kndr@.png,169,,1033,,3,,请谨慎挑选对手,困难的敌人,,,1,<4;1004>,,,,
1706,city/adventure/random_tower/icon/img_boss@.png,169,,1034,,4,0.8,极为艰难的力量在前方,霸主,,,1,<4;1004>,,,,
1707,city/adventure/random_tower/icon/img_boss@.png,169,,1034,,4,0.8,极为艰难的力量在前方,霸主,,,1,<4;1004>,,,,
1708,city/adventure/random_tower/icon/img_boss@.png,169,,1034,,4,0.8,极为艰难的力量在前方,霸主,,,1,<4;1004>,,,,
1709,city/adventure/random_tower/icon_hhbx.png,170,19,,,,,跨越巨大挑战后才会配拥有此回报,豪华宝箱,,,3,<4;1004>,,,,
1710,city/adventure/random_tower/icon/icon_wz.png,171,,,,,,,战斗效果,,,2,<4;1004>,,<<101;100>;<111;100>;<121;100>;<131;100>;<141;100>;<161;100>;<1;300>;<9999;100>>,,
1711,city/adventure/random_tower/icon/icon_wz.png,171,,,,,,,战斗效果,,,2,<4;1004>,,<<101;100>;<111;100>;<121;100>;<131;100>;<141;100>;<161;100>;<1;300>;<9999;100>>,,
1712,city/adventure/random_tower/icon/icon_sj.png,171,,,,,,谁也不知道会发生什么,事件,,,4,<4;1004>,,,<<11;1000>;<12;500>;<13;100>;<21;1000>;<22;500>;<23;100>;<31;1000>;<32;500>;<33;100>;<41;1000>;<42;500>;<43;100>;<51;1000>;<52;500>;<53;100>;<61;1000>;<62;500>;<63;100>;<99;1>>,
1713,city/adventure/random_tower/icon/icon_sj.png,171,,,,,,谁也不知道会发生什么,事件,,,4,<4;1004>,,,<<1;100>;<2;100>;<3;100>;<4;100>>,
1714,city/adventure/random_tower/icon/img_kndr@.png,171,,1033,,3,,请谨慎挑选对手,困难的敌人,,,1,<4;1004>,,,,
1715,city/adventure/random_tower/icon/icon_wz.png,172,,,,,,,属性加成,,,2,<4;1004>,,<<2;100>;<3;30>>,,
1716,city/adventure/random_tower/icon/icon_sj.png,172,,,,,,谁也不知道会发生什么,事件,,,4,<4;1004>,,,<<6;100>>,
1717,city/adventure/random_tower/icon/img_jddr@.png,172,,1031,,,,似乎是可以轻松击败的对手,简单的敌人,,,1,<4;1004>,,,,
1718,city/adventure/random_tower/icon/img_ptdr@.png,172,,1032,,2,,小有实力，但是不足为惧的对手,普通的敌人,,,1,<4;1004>,,,,
1719,city/adventure/random_tower/icon/icon_sj.png,173,,,,,,谁也不知道会发生什么,事件,,,4,<4;1004>,,,<<1;100>;<2;100>;<3;100>;<4;100>>,
1720,city/adventure/random_tower/icon/img_jddr@.png,173,,1031,,,,似乎是可以轻松击败的对手,简单的敌人,,,1,<4;1004>,,,,
1721,city/adventure/random_tower/icon/img_ptdr@.png,173,,1032,,2,,小有实力，但是不足为惧的对手,普通的敌人,,,1,<4;1004>,,,,
1722,city/adventure/random_tower/icon/img_kndr@.png,173,,1033,,3,,请谨慎挑选对手,困难的敌人,,,1,<4;1004>,,,,
1723,city/adventure/random_tower/icon/icon_wz.png,174,,,,,,,属性加成,,,2,<4;1004>,,<<2;100>;<3;30>>,,
1724,city/adventure/random_tower/icon/img_jddr@.png,174,,1031,,,,似乎是可以轻松击败的对手,简单的敌人,,,1,<4;1004>,,,,
1725,city/adventure/random_tower/icon/img_ptdr@.png,174,,1032,,2,,小有实力，但是不足为惧的对手,普通的敌人,,,1,<4;1004>,,,,
1726,city/adventure/random_tower/icon/img_kndr@.png,174,,1033,,3,,请谨慎挑选对手,困难的敌人,,,1,<4;1004>,,,,
1727,city/adventure/random_tower/icon/img_ptdr@.png,175,,1032,,2,,小有实力，但是不足为惧的对手,普通的敌人,,,1,<4;1004>,,,,
1728,city/adventure/random_tower/icon/img_kndr@.png,175,,1033,,3,,请谨慎挑选对手,困难的敌人,,,1,<4;1004>,,,,
1729,city/adventure/random_tower/icon/img_kndr@.png,175,,1033,,3,,请谨慎挑选对手,困难的敌人,,,1,<4;1004>,,,,
1730,city/adventure/random_tower/icon/img_kndr@.png,175,,1033,,3,,请谨慎挑选对手,困难的敌人,,,1,<4;1004>,,,,
1731,city/adventure/random_tower/icon/icon_wz.png,176,,,,,,,属性加成,,,2,<4;1004>,,<<1;100>;<2;50>>,,
1732,city/adventure/random_tower/icon/img_ptdr@.png,176,,1032,,2,,小有实力，但是不足为惧的对手,普通的敌人,,,1,<4;1004>,,,,
1733,city/adventure/random_tower/icon/img_kndr@.png,176,,1033,,3,,请谨慎挑选对手,困难的敌人,,,1,<4;1004>,,,,
1734,city/adventure/random_tower/icon/img_kndr@.png,176,,1033,,3,,请谨慎挑选对手,困难的敌人,,,1,<4;1004>,,,,
1735,city/adventure/random_tower/icon/img_kndr@.png,176,,1033,,3,,请谨慎挑选对手,困难的敌人,,,1,<4;1004>,,,,
1736,city/adventure/random_tower/icon/icon_wz.png,177,,,,,,,属性加成,,,2,<4;1004>,,<<2;100>;<3;30>>,,
1737,city/adventure/random_tower/icon/icon_sj.png,177,,,,,,谁也不知道会发生什么,事件,,,4,<4;1004>,,,<<11;1000>;<12;500>;<21;1000>;<22;500>;<31;1000>;<32;500>;<41;1000>;<42;500>;<51;1000>;<52;500>;<61;1000>;<62;500>;<99;1>>,
1738,city/adventure/random_tower/icon/img_ptdr@.png,177,,1032,,2,,小有实力，但是不足为惧的对手,普通的敌人,,,1,<4;1004>,,,,
1739,city/adventure/random_tower/icon/img_ptdr@.png,177,,1032,,2,,小有实力，但是不足为惧的对手,普通的敌人,,,1,<4;1004>,,,,
1740,city/adventure/random_tower/icon/img_kndr@.png,177,,1033,,3,,请谨慎挑选对手,困难的敌人,,,1,<4;1004>,,,,
1741,city/adventure/random_tower/icon/img_kndr@.png,177,,1033,,3,,请谨慎挑选对手,困难的敌人,,,1,<4;1004>,,,,
1742,city/adventure/random_tower/icon_bx.png,177,9,,,,,不经意间发现的宝箱,宝箱,,,3,<4;1004>,,,,
1743,city/adventure/random_tower/icon/icon_wz.png,178,,,,,,,战斗补给,,,2,<4;1004>,,<<4;100>>,,
1744,city/adventure/random_tower/icon/icon_wz.png,178,,,,,,,战斗补给,,,2,<4;1004>,,<<5;100>>,,
1745,city/adventure/random_tower/icon/icon_sj.png,178,,,,,,谁也不知道会发生什么,事件,,,4,<4;1004>,,,<<11;1000>;<12;500>;<21;1000>;<22;500>;<31;1000>;<32;500>;<41;1000>;<42;500>;<51;1000>;<52;500>;<61;1000>;<62;500>;<99;1>>,
1746,city/adventure/random_tower/icon/img_ptdr@.png,178,,1032,,2,,小有实力，但是不足为惧的对手,普通的敌人,,,1,<4;1004>,,,,
1747,city/adventure/random_tower/icon/img_ptdr@.png,178,,1032,,2,,小有实力，但是不足为惧的对手,普通的敌人,,,1,<4;1004>,,,,
1748,city/adventure/random_tower/icon/img_kndr@.png,178,,1033,,3,,请谨慎挑选对手,困难的敌人,,,1,<4;1004>,,,,
1749,city/adventure/random_tower/icon/img_kndr@.png,178,,1033,,3,,请谨慎挑选对手,困难的敌人,,,1,<4;1004>,,,,
1750,city/adventure/random_tower/icon/img_kndr@.png,179,,1033,,3,,请谨慎挑选对手,困难的敌人,,,1,<4;1004>,,,,
1751,city/adventure/random_tower/icon/img_boss@.png,179,,1034,,4,0.8,极为艰难的力量在前方,霸主,,,1,<4;1004>,,,,
1752,city/adventure/random_tower/icon/img_boss@.png,179,,1034,,4,0.8,极为艰难的力量在前方,霸主,,,1,<4;1004>,,,,
1753,city/adventure/random_tower/icon/img_boss@.png,179,,1034,,4,0.8,极为艰难的力量在前方,霸主,,,1,<4;1004>,,,,
1754,city/adventure/random_tower/icon/icon_sj.png,180,,,,,,谁也不知道会发生什么,事件,,,4,<4;1004>,,,<<6;100>>,
1755,city/adventure/random_tower/icon/icon_wz.png,181,,,,,,,战斗效果,,,2,<4;1004>,,<<101;100>;<111;100>;<121;100>;<131;100>;<141;100>;<161;100>;<1;300>;<9999;100>>,,
1756,city/adventure/random_tower/icon/icon_wz.png,181,,,,,,,属性加成,,,2,<4;1004>,,<<1;100>;<2;50>>,,
1757,city/adventure/random_tower/icon/icon_sj.png,181,,,,,,谁也不知道会发生什么,事件,,,4,<4;1004>,,,<<1;100>;<2;100>;<3;100>;<4;100>>,
1758,city/adventure/random_tower/icon/img_kndr@.png,181,,1043,,3,,请谨慎挑选对手,困难的敌人,,,1,<4;1004>,,,,
1759,city/adventure/random_tower/icon/icon_wz.png,182,,,,,,,属性加成,,,2,<4;1004>,,<<2;100>;<3;30>>,,
1760,city/adventure/random_tower/icon/icon_sj.png,182,,,,,,谁也不知道会发生什么,事件,,,4,<4;1004>,,,<<6;100>>,
1761,city/adventure/random_tower/icon/img_ptdr@.png,182,,1042,,2,,小有实力，但是不足为惧的对手,普通的敌人,,,1,<4;1004>,,,,
1762,city/adventure/random_tower/icon/img_kndr@.png,182,,1043,,3,,请谨慎挑选对手,困难的敌人,,,1,<4;1004>,,,,
1763,city/adventure/random_tower/icon/icon_sj.png,183,,,,,,谁也不知道会发生什么,事件,,,4,<4;1004>,,,<<1;100>;<2;100>;<3;100>;<4;100>>,
1764,city/adventure/random_tower/icon/img_jddr@.png,183,,1041,,,,似乎是可以轻松击败的对手,简单的敌人,,,1,<4;1004>,,,,
1765,city/adventure/random_tower/icon/img_ptdr@.png,183,,1042,,2,,小有实力，但是不足为惧的对手,普通的敌人,,,1,<4;1004>,,,,
1766,city/adventure/random_tower/icon/img_kndr@.png,183,,1043,,3,,请谨慎挑选对手,困难的敌人,,,1,<4;1004>,,,,
1767,city/adventure/random_tower/icon/icon_wz.png,184,,,,,,,属性加成,,,2,<4;1004>,,<<2;100>;<3;30>>,,
1768,city/adventure/random_tower/icon/img_jddr@.png,184,,1041,,,,似乎是可以轻松击败的对手,简单的敌人,,,1,<4;1004>,,,,
1769,city/adventure/random_tower/icon/img_ptdr@.png,184,,1042,,2,,小有实力，但是不足为惧的对手,普通的敌人,,,1,<4;1004>,,,,
1770,city/adventure/random_tower/icon/img_kndr@.png,184,,1043,,3,,请谨慎挑选对手,困难的敌人,,,1,<4;1004>,,,,
1771,city/adventure/random_tower/icon/img_ptdr@.png,185,,1042,,2,,小有实力，但是不足为惧的对手,普通的敌人,,,1,<4;1004>,,,,
1772,city/adventure/random_tower/icon/img_kndr@.png,185,,1043,,3,,请谨慎挑选对手,困难的敌人,,,1,<4;1004>,,,,
1773,city/adventure/random_tower/icon/img_kndr@.png,185,,1043,,3,,请谨慎挑选对手,困难的敌人,,,1,<4;1004>,,,,
1774,city/adventure/random_tower/icon/img_kndr@.png,185,,1043,,3,,请谨慎挑选对手,困难的敌人,,,1,<4;1004>,,,,
1775,city/adventure/random_tower/icon/icon_wz.png,186,,,,,,,属性加成,,,2,<4;1004>,,<<1;100>;<2;50>>,,
1776,city/adventure/random_tower/icon/img_ptdr@.png,186,,1042,,2,,小有实力，但是不足为惧的对手,普通的敌人,,,1,<4;1004>,,,,
1777,city/adventure/random_tower/icon/img_kndr@.png,186,,1043,,3,,请谨慎挑选对手,困难的敌人,,,1,<4;1004>,,,,
1778,city/adventure/random_tower/icon/img_kndr@.png,186,,1043,,3,,请谨慎挑选对手,困难的敌人,,,1,<4;1004>,,,,
1779,city/adventure/random_tower/icon/img_kndr@.png,186,,1043,,3,,请谨慎挑选对手,困难的敌人,,,1,<4;1004>,,,,
1780,city/adventure/random_tower/icon/icon_sj.png,187,,,,,,谁也不知道会发生什么,事件,,,4,<4;1004>,,,<<11;1000>;<12;500>;<21;1000>;<22;500>;<31;1000>;<32;500>;<41;1000>;<42;500>;<51;1000>;<52;500>;<61;1000>;<62;500>;<99;1>>,
1781,city/adventure/random_tower/icon/img_ptdr@.png,187,,1042,,2,,小有实力，但是不足为惧的对手,普通的敌人,,,1,<4;1004>,,,,
1782,city/adventure/random_tower/icon/img_ptdr@.png,187,,1042,,2,,小有实力，但是不足为惧的对手,普通的敌人,,,1,<4;1004>,,,,
1783,city/adventure/random_tower/icon/img_kndr@.png,187,,1043,,3,,请谨慎挑选对手,困难的敌人,,,1,<4;1004>,,,,
1784,city/adventure/random_tower/icon/img_kndr@.png,187,,1043,,3,,请谨慎挑选对手,困难的敌人,,,1,<4;1004>,,,,
1785,city/adventure/random_tower/icon/img_kndr@.png,187,,1043,,3,,请谨慎挑选对手,困难的敌人,,,1,<4;1004>,,,,
1786,city/adventure/random_tower/icon/icon_wz.png,188,,,,,,,战斗补给,,,2,<4;1004>,,<<4;100>>,,
1787,city/adventure/random_tower/icon/icon_wz.png,188,,,,,,,战斗补给,,,2,<4;1004>,,<<5;100>>,,
1788,city/adventure/random_tower/icon/img_ptdr@.png,188,,1042,,2,,小有实力，但是不足为惧的对手,普通的敌人,,,1,<4;1004>,,,,
1789,city/adventure/random_tower/icon/img_ptdr@.png,188,,1042,,2,,小有实力，但是不足为惧的对手,普通的敌人,,,1,<4;1004>,,,,
1790,city/adventure/random_tower/icon/img_kndr@.png,188,,1043,,3,,请谨慎挑选对手,困难的敌人,,,1,<4;1004>,,,,
1791,city/adventure/random_tower/icon/img_kndr@.png,188,,1043,,3,,请谨慎挑选对手,困难的敌人,,,1,<4;1004>,,,,
1792,city/adventure/random_tower/icon/img_kndr@.png,188,,1043,,3,,请谨慎挑选对手,困难的敌人,,,1,<4;1004>,,,,
1793,city/adventure/random_tower/icon/img_kndr@.png,189,,1043,,3,,请谨慎挑选对手,困难的敌人,,,1,<4;1004>,,,,
1794,city/adventure/random_tower/icon/img_boss@.png,189,,1044,,4,0.8,极为艰难的力量在前方,霸主,,,1,<4;1004>,,,,
1795,city/adventure/random_tower/icon/img_boss@.png,189,,1044,,4,0.8,极为艰难的力量在前方,霸主,,,1,<4;1004>,,,,
1796,city/adventure/random_tower/icon/img_boss@.png,189,,1044,,4,0.8,极为艰难的力量在前方,霸主,,,1,<4;1004>,,,,
1797,city/adventure/random_tower/icon_hhbx.png,190,20,,,,,跨越巨大挑战后才会配拥有此回报,豪华宝箱,,,3,<4;1004>,,,,
1798,city/adventure/random_tower/icon/icon_wz.png,191,,,,,,,战斗效果,,,2,<4;1004>,,<<101;100>;<111;100>;<121;100>;<131;100>;<141;100>;<161;100>;<1;300>;<9999;100>>,,
1799,city/adventure/random_tower/icon/icon_wz.png,191,,,,,,,属性加成,,,2,<4;1004>,,<<1;100>;<2;50>>,,
1800,city/adventure/random_tower/icon/icon_sj.png,191,,,,,,谁也不知道会发生什么,事件,,,4,<4;1004>,,,<<1;100>;<2;100>;<3;100>;<4;100>>,
1801,city/adventure/random_tower/icon/img_kndr@.png,191,,1043,,3,,请谨慎挑选对手,困难的敌人,,,1,<4;1004>,,,,
1802,city/adventure/random_tower/icon/icon_wz.png,192,,,,,,,属性加成,,,2,<4;1004>,,<<2;100>;<3;30>>,,
1803,city/adventure/random_tower/icon/icon_sj.png,192,,,,,,谁也不知道会发生什么,事件,,,4,<4;1004>,,,<<6;100>>,
1804,city/adventure/random_tower/icon/img_ptdr@.png,192,,1042,,2,,小有实力，但是不足为惧的对手,普通的敌人,,,1,<4;1004>,,,,
1805,city/adventure/random_tower/icon/img_kndr@.png,192,,1043,,3,,请谨慎挑选对手,困难的敌人,,,1,<4;1004>,,,,
1806,city/adventure/random_tower/icon/icon_sj.png,193,,,,,,谁也不知道会发生什么,事件,,,4,<4;1004>,,,<<1;100>;<2;100>;<3;100>;<4;100>>,
1807,city/adventure/random_tower/icon/img_jddr@.png,193,,1041,,,,似乎是可以轻松击败的对手,简单的敌人,,,1,<4;1004>,,,,
1808,city/adventure/random_tower/icon/img_ptdr@.png,193,,1042,,2,,小有实力，但是不足为惧的对手,普通的敌人,,,1,<4;1004>,,,,
1809,city/adventure/random_tower/icon/img_kndr@.png,193,,1043,,3,,请谨慎挑选对手,困难的敌人,,,1,<4;1004>,,,,
1810,city/adventure/random_tower/icon/icon_wz.png,194,,,,,,,属性加成,,,2,<4;1004>,,<<2;100>;<3;30>>,,
1811,city/adventure/random_tower/icon/img_jddr@.png,194,,1041,,,,似乎是可以轻松击败的对手,简单的敌人,,,1,<4;1004>,,,,
1812,city/adventure/random_tower/icon/img_ptdr@.png,194,,1042,,2,,小有实力，但是不足为惧的对手,普通的敌人,,,1,<4;1004>,,,,
1813,city/adventure/random_tower/icon/img_kndr@.png,194,,1043,,3,,请谨慎挑选对手,困难的敌人,,,1,<4;1004>,,,,
1814,city/adventure/random_tower/icon/img_ptdr@.png,195,,1042,,2,,小有实力，但是不足为惧的对手,普通的敌人,,,1,<4;1004>,,,,
1815,city/adventure/random_tower/icon/img_kndr@.png,195,,1043,,3,,请谨慎挑选对手,困难的敌人,,,1,<4;1004>,,,,
1816,city/adventure/random_tower/icon/icon_wz.png,196,,,,,,,属性加成,,,2,<4;1004>,,<<1;100>;<2;50>>,,
1817,city/adventure/random_tower/icon/img_ptdr@.png,196,,1042,,2,,小有实力，但是不足为惧的对手,普通的敌人,,,1,<4;1004>,,,,
1818,city/adventure/random_tower/icon/img_kndr@.png,196,,1043,,3,,请谨慎挑选对手,困难的敌人,,,1,<4;1004>,,,,
1819,city/adventure/random_tower/icon/img_kndr@.png,196,,1043,,3,,请谨慎挑选对手,困难的敌人,,,1,<4;1004>,,,,
1820,city/adventure/random_tower/icon/img_kndr@.png,196,,1043,,3,,请谨慎挑选对手,困难的敌人,,,1,<4;1004>,,,,
1821,city/adventure/random_tower/icon/icon_sj.png,197,,,,,,谁也不知道会发生什么,事件,,,4,<4;1004>,,,<<11;1000>;<12;500>;<21;1000>;<22;500>;<31;1000>;<32;500>;<41;1000>;<42;500>;<51;1000>;<52;500>;<61;1000>;<62;500>;<99;1>>,
1822,city/adventure/random_tower/icon/img_ptdr@.png,197,,1042,,2,,小有实力，但是不足为惧的对手,普通的敌人,,,1,<4;1004>,,,,
1823,city/adventure/random_tower/icon/img_ptdr@.png,197,,1042,,2,,小有实力，但是不足为惧的对手,普通的敌人,,,1,<4;1004>,,,,
1824,city/adventure/random_tower/icon/img_kndr@.png,197,,1043,,3,,请谨慎挑选对手,困难的敌人,,,1,<4;1004>,,,,
1825,city/adventure/random_tower/icon/img_kndr@.png,197,,1043,,3,,请谨慎挑选对手,困难的敌人,,,1,<4;1004>,,,,
1826,city/adventure/random_tower/icon/img_kndr@.png,197,,1043,,3,,请谨慎挑选对手,困难的敌人,,,1,<4;1004>,,,,
1827,city/adventure/random_tower/icon_bx.png,197,10,,,,,不经意间发现的宝箱,宝箱,,,3,<4;1004>,,,,
1828,city/adventure/random_tower/icon/icon_wz.png,198,,,,,,,战斗补给,,,2,<4;1004>,,<<4;100>>,,
1829,city/adventure/random_tower/icon/icon_wz.png,198,,,,,,,战斗补给,,,2,<4;1004>,,<<5;100>>,,
1830,city/adventure/random_tower/icon/img_ptdr@.png,198,,1042,,2,,小有实力，但是不足为惧的对手,普通的敌人,,,1,<4;1004>,,,,
1831,city/adventure/random_tower/icon/img_ptdr@.png,198,,1042,,2,,小有实力，但是不足为惧的对手,普通的敌人,,,1,<4;1004>,,,,
1832,city/adventure/random_tower/icon/img_kndr@.png,198,,1043,,3,,请谨慎挑选对手,困难的敌人,,,1,<4;1004>,,,,
1833,city/adventure/random_tower/icon/img_kndr@.png,198,,1043,,3,,请谨慎挑选对手,困难的敌人,,,1,<4;1004>,,,,
1834,city/adventure/random_tower/icon/img_kndr@.png,198,,1043,,3,,请谨慎挑选对手,困难的敌人,,,1,<4;1004>,,,,
1835,city/adventure/random_tower/icon/img_kndr@.png,199,,1043,,3,,请谨慎挑选对手,困难的敌人,,,1,<4;1004>,,,,
1836,city/adventure/random_tower/icon/img_boss@.png,199,,1044,,4,0.8,极为艰难的力量在前方,霸主,,,1,<4;1004>,,,,
1837,city/adventure/random_tower/icon/img_boss@.png,199,,1044,,4,0.8,极为艰难的力量在前方,霸主,,,1,<4;1004>,,,,
1838,city/adventure/random_tower/icon/img_boss@.png,199,,1044,,4,0.8,极为艰难的力量在前方,霸主,,,1,<4;1004>,,,,
1839,city/adventure/random_tower/icon_hhbx.png,200,101,,,,,跨越巨大挑战后才会配拥有此回报,豪华宝箱,,,3,<4;1004>,,,,
