变量名,name,languages,drawlanguages,cardMarkID,cardType,atkType,develop,branch,branchType,megaIndex,canDevelop,developType,_zawakeID,zawakeID,zawakeFragID,maleRate,gender,chaRnd,chaRecom,nValueRnd,specValue,fightingWeight,starTypeID,advanceTypeID,feelType,feelItems,advanceMax,advanceLevelReq,levelExpID,unitID,levelMax,skinSkillMap,innateSkillID,skillList,starSkillSeqID,starSkillMaxLevel,equipsList,fragID,fragNumType,star,effect,starEffectIndex,abilitySeqID,effortSeqID,gemPosSeqID,gemQualitySeqID,fetterList,townSkill,energy,energyCorrection,introduction,location,aidID,contractPlan,emeraPlanID,__version,chipsMod,contractMod,gemMod
默认值,"""""",<cn;tw;en;en_us;en_eu;vn;th;kr>,<cn;tw;en;en_us;en_eu;vn;th;kr>,,1,<7;8>,1,0,1,0,TRUE,3,,0,0,5000,,1,<2;15>,1,<39;65;52;43;60;50;309>,1,1,1,1,<601;602;603>,30,<1;1;8;16;22;28;35;40;45;50;55;60;65;70;75;80;85;90;95;100;105;110;115;120;125;130;135;140;145;150>,1,92,149,{},60003,<60001;60002;60003;61101;61102>,9001,100,<11032;11132;11232;11332>,21002,1,1,{gain=FALSE;drawcard=FALSE},1,1,1,1,1,<>,0,10,1,生活在宝可梦世界的不可思议的生物,未知,0,1,1,,<>,<>,<>
ID,名字,语言区域,抽卡语言区域,卡牌标识ID,卡牌类型（1-常规；2-素材）,进攻类型：7物攻，8特攻,进化状态,分支,分支形态类型(1多分支2多形态),超进化索引,能否进化到当前阶段,分支切换消耗类型,z觉醒未开启标记,Z觉醒ID,Z觉醒碎片ID,雄性出生概率(10000为分母基数),性别(0-无性别；1-雄性；2-雌性),性格随机,推荐性格,个体值随机,种族值,战斗力计算系数id,升星类型ID,进阶类型ID,好感度标示,好感度消耗道具,进阶上限,进阶等级要求,卡牌升级经验序列ID,卡牌对应unitID,卡牌等级上限,皮肤技能表(skinID=<skillID;>),大招技能ID,技能ID列表,满星技能索引,最大极限属性等级,初始饰品列表,卡牌碎片ID,卡牌碎片数量类型,初始星级,分别表示在抽卡，恭喜获得时额外特效,升星效果索引,特性索引,努力值索引,宝石槽索引,宝石品质索引,羁绊,家园技能,精力,精力修正,简介,定位,新增,新增,emeraPlanID,__version,chipsMod,contractMod,gemMod
1,妙蛙种子,,,1,,<8>,,,,,,,,1,50001,,,,<22;24;18;20>,,<45;45;49;49;65;65;318>,,2,11,2,<609;610;611;602;603>,,,2,1,,,13,<11;12;13;16;61151;61152>,1,,<11002;11102;11202;11302>,20001,2,2,,,20,2,2,2,<11;12;13>,1001,,0.8,妙蛙种子，种子宝可梦。出生后有一段期间会从背上的种子得到营养并且长大。,治愈之力,,330,2,,<101;102>,<<109;209>;<108;208>;<107;208>>,<1069>
2,妙蛙草,,,1,,<8>,2,,,,,,,1,50001,,,,<22;24;18;20>,,<60;60;62;63;80;80;405>,,2,11,2,<609;610;611;602;603>,,,2,2,,,23,<21;22;23;26;61151;61152>,1,,<11002;11102;11202;11302>,20001,2,2,,,20,2,2,2,<11;12;13>,1001,,0.8,妙蛙草，种子宝可梦，是妙蛙种子的进化形，背上背着花苞，当花苞吸取养分之后，就会开出巨大的花朵。,治愈之力,,330,2,,<101;102>,<<109;209>;<108;208>;<107;208>>,<1069>
3,妙蛙花,,,1,,<8>,3,,,,,,,1,50001,,,,<22;24;18;20>,,<80;80;82;83;100;100;525>,,2,11,2,<609;610;611;602;603>,,,2,3,,,33,<31;32;33;36;61151;61152>,1,,<11002;11102;11202;11302>,20001,2,2,,,20,2,2,2,<11;12;13>,1001,,0.8,妙蛙花，种子宝可梦，是妙蛙草的进化形，经常在有阳光的地方定住不动，有人猜测它是在进行光合作用。吸取阳光以便获取能量。,治愈之力,,330,2,,<101;102>,<<109;209>;<108;208>;<107;208>>,<1069>
4,超级妙蛙花,<cn;kr;en;en_us;en_eu;tw>,,1,,<8>,4,,,10,,,,2,50001,,,,<22;24;18;20>,2,<80;80;100;123;122;120;625>,,12,11,2,<609;610;611;602;603>,,,2,4,,,43,<41;42;43;46;61151;61152>,1,,<11002;11102;11202;11302>,20001,2,10,,,20,2,2,2,<11;12;13>,1132,15,0.8,据说充足的营养和阳光会让花儿的颜色变得更加鲜艳，花香会治愈人心。,治愈之力 & 毒伤控制,,440,2,,<101;102>,<<118;204>;<119;204>>,<1069>
11,小火龙,,,11,,<8>,,,,,,,,11,50011,,,,<6;7;18;19>,,<39;65;52;43;60;50;309>,,2,11,2,<618;619;620;602;603>,,,2,11,,,113,<111;112;113;116;61101;61102>,11,,<11032;11132;11232;11332>,20011,2,2,,11,16,2,2,2,<111;112;113>,1101,,0.78,小火龙，蜥蜴宝可梦。尾巴上的火焰是生命之火，充满活力的时候，火焰会猛烈燃烧，火焰消失就是死亡的时候。,火焰灼烧,,310,,,<103;104>,<<103;208>;<102;208>;<101;209>>,<1063>
12,火恐龙,,,11,,<8>,2,,,,,,,11,50011,,,,<6;7;18;19>,,<58;80;64;58;80;65;405>,,2,11,2,<618;619;620;602;603>,,,2,12,,,123,<121;122;123;126;61101;61102>,11,,<11032;11132;11232;11332>,20011,2,2,,11,16,2,2,2,<111;112;113>,1101,,0.78,火恐龙，火焰宝可梦，是小火龙的进化形，会用尾巴将敌人扫倒，然后用尖锐的爪子将敌人切裂。,火焰灼烧,,310,,,<103;104>,<<103;208>;<102;208>;<101;209>>,<1063>
13,喷火龙,,,11,,<8>,3,,,,,,,11,50011,,,,<6;7;18;19>,,<78;100;84;78;109;85;534>,,2,11,2,<618;619;620;602;603>,,,2,13,,,133,<131;132;133;136;61101;61102>,11,,<11032;11132;11232;11332>,20011,2,2,,11,16,2,2,2,<111;112;113>,1101,,0.78,喷火龙，火焰宝可梦。强力的喷射火焰，甚至可以把岩石熔化掉。,火焰灼烧,,310,,,<103;104>,<<103;208>;<102;208>;<101;209>>,<1063>
14,超级喷火龙X,<cn;kr;en;en_us;en_eu;tw>,,11,,<7>,4,1,,111,,,,12,50011,,,,<10;11;13;9>,2,<78;100;130;111;130;85;634>,,12,11,2,<618;619;620;602;603>,,,2,14,,,143,<141;142;143;146;61101;61102>,11,,<11032;11132;11232;11332>,20011,2,10,,11,16,2,2,2,<111;112;113>,1052,15,0.78,全身充斥着非比寻常的力量，这种力量染黑了它的身体，燃烧出炽热的蓝色火焰。,火焰灼烧&热焰溅射,,410,,,<103;104>,<<110;204>;<111;206>;<112;204>>,<1063>
15,超级喷火龙Y,<cn;kr;en;en_us;en_eu;tw>,,11,,<8>,4,2,,112,,,,13,50011,,,,<6;7;18;19>,2,<78;100;104;78;159;115;634>,,12,11,2,<618;619;620;602;603>,,,2,15,,,153,<151;152;153;156;61101;61102>,11,,<11032;11132;11232;11332>,20011,2,10,,11,16,2,2,2,<111;112;113>,1012,15,0.78,与训练家的牵绊是它的力量之源。它引以为傲的飞行能力完全凌驾于喷气式飞机之上。,火焰灼烧&灼烧增强,,410,,,<103;104>,<<110;204>;<111;206>;<112;204>>,<1063>
21,杰尼龟,,,21,,<8>,,,,,,,,21,50021,,,,<24;23;14;16>,,<44;43;48;65;50;64;314>,,2,11,2,<621;622;623;602;603>,,,2,21,,,213,<211;212;213;216;61151;61152>,21,,<11022;11122;11222;11322>,20021,2,2,,21,17,2,2,2,<211;212;213>,1031,,0.79,杰尼龟，那是擅长水属性攻击的小龟宝可梦。有坚硬的龟壳，能够发挥强烈的水枪攻击。详细的栖息地点不明。,护佑友方,,320,4,,<101;102>,<<106;208>;<105;208>;<104;209>>,<1021>
22,卡咪龟,,,21,,<8>,2,,,,,,,21,50021,,,,<24;23;14;16>,,<59;58;63;80;65;80;405>,,2,11,2,<621;622;623;602;603>,,,2,22,,,223,<221;222;223;226;61151;61152>,21,,<11022;11122;11222;11322>,20021,2,2,,21,17,2,2,2,<211;212;213>,1031,,0.79,卡咪龟，龟宝可梦。是杰尼龟的进化形。那长毛覆盖的尾巴，被人们认为是长寿的象征。,护佑友方,,320,4,,<101;102>,<<106;208>;<105;208>;<104;209>>,<1022>
23,水箭龟,,,21,,<8>,3,,,,,,,21,50021,,,,<24;23;14;16>,,<79;78;83;100;85;105;530>,,2,11,2,<621;622;623;602;603>,,,2,23,,,233,<231;232;233;236;61151;61152>,21,,<11022;11122;11222;11322>,20021,2,2,,21,17,2,2,2,<211;212;213>,1031,,0.79,水箭龟，龟甲宝可梦。是卡咪龟的进化形。巨大的身体虽然没有速度的优势，但是力量惊人。坚硬的甲壳防御力特高，背上的水炮攻击力威力巨大无比。,护佑友方,,320,4,,<101;102>,<<106;208>;<105;208>;<104;209>>,<1023>
24,超级水箭龟,<cn;kr;en;en_us;en_eu;tw>,,21,,<8>,4,,,210,,,,22,50021,,,,<24;23;14;16>,2,<79;78;103;120;135;115;630>,,12,11,2,<621;622;623;602;603>,,,2,24,,,243,<241;242;243;246;61151;61152>,21,,<11022;11122;11222;11322>,20021,2,10,,21,17,2,2,2,<211;212;213>,1042,15,0.79,龟甲上的大炮拥有不逊于坦克的威力，结实的腰腿使它能在发射的冲击力之下用力站稳。,水系护盾&防御庇护,,420,4,,<101;102>,<<113;206>;<114;206>;<115;204>>,<1024>
31,绿毛虫,,,31,,<7>,,,,,,,,,50031,,,,<6;8;14;16>,,<45;45;30;35;20;20;195>,,,,,<609;610;611;602;603>,,,,31,,,313,<311;312;313;316;61101;61102>,31,,<11001;11101;11201;11301>,20031,,2,,31,14,,,,<311;312;313>,,,,绿毛虫，青虫宝可梦。使用脚上的吸盘攀爬树木来啃食他们喜欢吃的树叶。,强力减速,,230,2,,,<<107;209>;<108;209>;<109;208>>,
33,巴大蝶,,,31,,<8>,2,,,,,,,,50031,,,,<22;24;18;20>,,<60;70;45;50;90;80;395>,,,,,<609;610;611;602;603>,,,,33,,,333,<331;332;333;336;61101;61102>,31,,<11001;11101;11201;11301>,20031,,2,,31,14,,,,<311;312;313>,,,,巴大蝶，蝶属性宝可梦，铁甲蛹的进化形。可以藉着翅膀上的鳞粉在水面上弹跳。,强力减速,,230,2,,,<<107;209>;<108;209>;<109;208>>,
41,大针蜂,,,41,,<7>,,,,,,,,,50041,,,,<24;25;11;12>,,<65;75;90;40;45;80;395>,,,,,<609;610;611;602;603>,,,,43,,,433,<431;432;433;436;61101;61102>,41,,<11001;11101;11201;11301>,20041,,2,,41,11,,,,<411;412;413>,,,,毒蜂宝可梦，大针锋，是铁壳昆进化过来的，屁股那根毒针非常的危险。,普通输出：单体减疗,,210,,,,<<101;208>;<102;209>;<103;209>>,
44,超级大针蜂,<cn;kr;en;en_us;en_eu;tw>,,41,,<7>,2,,,410,,,,42,50041,,,,<24;25;11;12>,,<65;145;150;40;15;80;495>,,,,,<609;610;611;602;603>,,,,44,,,443,<441;442;443;446;61101;61102>,41,,<11002;11102;11202;11302>,20041,,2,,41,11,,,,<411;412;413>,1011,,0.65,双脚也变化为毒针。用手脚的针猛刺之后，以尾部的毒针给出最后一击。,中毒增伤&单体减疗,,310,,,,<<103;208>;<102;208>;<101;209>>,
51,波波,,,51,,<7>,,,,,,,,51,50051,,,,<8;9;13;12>,,<40;56;45;40;35;35;251>,,2,11,2,<606;607;608;602;603>,,,2,51,,,513,<511;512;513;516;61101;61102>,51,,<11012;11112;11212;11312>,20051,2,2,,51,19,2,2,2,<511;512;513>,1111,,0.83,波波，空中的宝可梦。是飞行的宝可梦中个性最温和，最容易捕捉的。是宝可梦训练家初学者小试身手的最好目标。,提速输出：速度增伤,,330,2,,,<<109;209>;<108;208>;<107;208>>,
52,比比鸟,,,51,,<7>,2,,,,,,,51,50051,,,,<8;9;13;12>,,<63;71;60;55;50;50;349>,,2,11,2,<606;607;608;602;603>,,,2,52,,,523,<521;522;523;526;61101;61102>,51,,<11012;11112;11212;11312>,20051,2,2,,51,19,2,2,2,<511;512;513>,1111,,0.83,比比鸟，波波进化后的形态。会急速俯冲以锐利的爪子当武器捕捉小动物当食物，波波的温柔个性在进化后剧烈转变，性好攻击请多小心。,提速输出：速度增伤,,330,2,,,<<109;209>;<108;208>;<107;208>>,
53,大比鸟,,,51,,<7>,3,,,,,,,51,50051,,,,<8;9;13;12>,,<83;101;80;75;70;70;479>,,2,11,2,<606;607;608;602;603>,,,2,53,,,533,<531;532;533;536;61101;61102>,51,,<11012;11112;11212;11312>,20051,2,2,,51,19,2,2,2,<511;512;513>,1111,,0.83,大比鸟，鸟宝可梦。是比比鸟的进化的型。可以用2马赫的速度，飞行一千米的高度。,提速输出：速度增伤,,330,2,,,<<109;209>;<108;208>;<107;208>>,
54,超级大比鸟,<cn;kr;en;en_us;en_eu;tw>,,51,,<7>,4,,,510,,,,52,50051,,,,<6;7;18;19>,2,<83;121;80;80;135;80;579>,,12,11,2,<606;607;608;602;603>,,,2,54,,,543,<541;542;543;546;61101;61102>,51,,<11012;11112;11212;11312>,20051,2,10,,51,19,2,2,2,<511;512;513>,1022,15,0.83,大比鸟，鸟宝可梦。是比比鸟的进化的型。可以用2马赫的速度，飞行一千米的高度。,提速输出：速度增伤,,430,2,,,<<116;204>;<117;206>>,
61,小拉达,,,61,,<7>,,,,,,,,,50061,,,,<8;9;13;12>,,<30;72;56;35;25;35;253>,,,,,<606;607;608;602;603>,,,,61,,,613,<611;612;613;616;61101;61102>,61,,<11011;11111;11211;11311>,20061,,2,,61,11,,,,<611;612;613>,,,,森林中的宝可梦小拉达，喜欢吃树果等坚硬的东西跟干酪，有的时候它会看上粗心大意的旅行者的食物，跑到野地来。,暴力输出：必然暴击,,210,,,,<<101;208>;<102;209>;<103;209>>,
62,拉达,,,61,,<7>,2,,,,,,,,50061,,,,<8;9;13;12>,,<55;97;81;60;50;70;413>,,,,,<606;607;608;602;603>,,,,62,,,623,<621;622;623;626;61101;61102>,61,,<11011;11111;11211;11311>,20061,,2,,61,11,,,,<611;612;613>,,,,拉达，鼠宝可梦，是恶跟一般属性。他们会成群结队，有时候还会偷老百姓家里的食物。,暴力输出：必然暴击,,210,,,,<<101;208>;<102;209>;<103;209>>,
71,烈雀,,,71,,<7>,,,,,,,,,50071,,,,<8;9;13;12>,,<40;70;60;30;31;31;262>,,,,,<606;607;608;602;603>,,,,71,,,713,<711;712;713;716;61101;61102>,71,,<11011;11111;11211;11311>,20071,,2,,71,14,,,,<711;712;713>,,,,烈雀，跟波波不同，脾气火爆，有的时候会攻击人类跟其他的宝可梦。,普通输出：速度增伤,,230,2,,,<<107;209>;<108;209>;<109;208>>,
72,大嘴雀,,,71,,<7>,2,,,,,,,,50071,,,,<8;9;13;12>,,<65;100;90;65;61;61;442>,,,,,<606;607;608;602;603>,,,,72,,,723,<721;722;723;726;61101;61102>,71,,<11011;11111;11211;11311>,20071,,2,,71,14,,,,<711;712;713>,,,,大嘴雀，是鸟嘴宝可梦。烈雀的进化的型。拥有巨大翅膀，可以一整天持续飞行。它的鸟嘴力量强大。,普通输出：速度增伤,,230,2,,,<<107;209>;<108;209>;<109;208>>,
81,阿柏蛇,,,81,,<7>,,,,,,,,,50081,,,,<7;8;9;12>,,<35;55;60;44;40;54;288>,,,,,<621;622;623;602;603>,,,,81,,,813,<811;812;813;816;61101;61102>,81,,<11021;11121;11221;11321>,20081,,2,,81,11,,,,<811;812;813>,,,,身体会随着年龄增长不断变长。每到夜里，它会一圈圈地将身体缠绕在树枝上休息。,普通输出：恃强凌弱,,210,,,,<<101;208>;<102;209>;<103;209>>,
82,阿柏怪,,,81,,<7>,2,,,,,,,,50081,,,,<7;8;9;12>,,<60;80;95;69;65;79;448>,,,,,<621;622;623;602;603>,,,,82,,,823,<821;822;823;826;61101;61102>,81,,<11021;11121;11221;11321>,20081,,2,,81,11,,,,<811;812;813>,,,,腹部的花纹看起来像一张可怕的脸。弱小的敌人只要看到这个花纹就会被吓跑。,普通输出：恃强凌弱,,210,,,,<<101;208>;<102;209>;<103;209>>,
91,皮丘,,,91,,<8>,,,,,,,,91,50091,,,,<6;7;18;19>,,<20;60;40;15;35;35;205>,,2,11,2,<612;613;614;602;603>,,,2,91,,,913,<911;912;913;916;61101;61102>,91,,<11052;11152;11252;11352>,20091,2,2,,91,18,2,2,2,<911;912;913>,1041,,0.6,皮丘，小老鼠宝可梦。双颊上的电气袋非常的小，即使电力蓄积到只满出来一点点，他也会不小心被自己电到。,麻痹控制,,330,2,,,<<109;209>;<108;208>;<107;208>>,<1070>
92,皮卡丘,,,91,,<8>,2,,,,,,,91,50091,,,,<6;7;18;19>,,<35;90;55;40;50;50;320>,,2,11,2,<612;613;614;602;603>,,,2,,,,923,<921;922;923;926;61101;61102>,91,,<11052;11152;11252;11352>,20091,2,2,,91,18,2,2,2,<911;912;913>,1041,,0.6,皮卡丘，鼠宝可梦。脸颊的两侧有小小的电气袋，危急时会放电出来。,麻痹控制,,330,2,,,<<109;209>;<108;208>;<107;208>>,<1070>
93,雷丘,,,91,,<8>,3,,,,,,,91,50091,,,,<6;7;18;19>,,<60;110;90;55;90;80;485>,,2,11,2,<612;613;614;602;603>,,,2,93,,,933,<931;932;933;936;61101;61102>,91,,<11052;11152;11252;11352>,20091,2,2,,91,18,2,2,2,<911;912;913>,1041,,0.6,雷丘，电属性的鼠宝可梦。皮卡丘的进化型。其电击超过十万伏特，连印度象被电到都会晕倒。,麻痹控制,,330,2,,,<<109;209>;<108;208>;<107;208>>,<1070>
101,穿山鼠,,,101,,<7>,,,,,,,,,50101,,,,<15;16;11;12>,,<50;40;75;85;20;30;300>,,,,,<609;610;611;602;603>,,,,101,,,1013,<1011;1012;1013;1016;61151;61152>,101,,<11001;11101;11201;11301>,20101,,2,,101,12,,,,<1011;1012;1013>,,,,身体很干燥。但据说在夜里降温时，它的表皮上会有露水凝结。,嘲讽肉盾,,220,4,,,<<104;209>;<105;208>;<106;209>>,
102,穿山王,,,101,,<7>,2,,,,,,,,50101,,,,<15;16;11;12>,,<75;65;100;110;45;55;450>,,,,,<609;610;611;602;603>,,,,102,,,1023,<1021;1022;1023;1026;61151;61152>,101,,<11001;11101;11201;11301>,20101,,2,,101,12,,,,<1011;1012;1013>,,,,穿山王，老鼠宝可梦。穿山鼠的进化形。会利用背上的刺攻击敌人。,嘲讽肉盾,,220,4,,,<<104;209>;<105;208>;<106;209>>,
111,尼多兰,,,111,,<7>,,,,,,,,,50111,,2,,<15;16;11;12>,,<55;41;47;52;40;40;275>,,,,,<621;622;623;602;603>,,,,111,,,1113,<1111;1112;1113;1116;61151;61152>,111,,<11021;11121;11221;11321>,20111,,2,,111,12,,,,<1111;1112;1113>,,,,尼多兰，性别母。身体较小，可是毒针的威力很强。身上的角比公的尼多朗小。,反伤坦克：群体中毒,,220,4,,,<<104;209>;<105;208>;<106;209>>,
112,尼多娜,,,111,,<7>,2,,,,,,,,50111,,2,,<15;16;11;12>,,<70;56;62;67;55;55;365>,,,,,<621;622;623;602;603>,,,,112,,,1123,<1121;1122;1123;1126;61151;61152>,111,,<11021;11121;11221;11321>,20111,,2,,111,12,,,,<1111;1112;1113>,,,,尼多娜，毒针宝可梦。是尼多兰的进化形。嘴巴射出的超音波有迷惑对方的能力。,反伤坦克：群体中毒,,220,4,,,<<104;209>;<105;208>;<106;209>>,
113,尼多后,,,111,,<7>,3,,,,,,,,50111,,2,,<11;12;15;16>,,<90;76;92;87;75;85;505>,,,,,<621;622;623;602;603>,,,,113,,,1133,<1131;1132;1133;1136;61151;61152>,111,,<11021;11121;11221;11321>,20111,,2,,111,12,,,,<1111;1112;1113>,,,,尼多后，钻锥宝可梦。全身都被坚硬的皮肤所覆盖。不论面对什么攻击，都能毫不畏惧的冲撞过去。,反伤坦克：群体中毒,,220,4,,,<<104;209>;<105;208>;<106;209>>,
121,尼多朗,,,121,,<7>,,,,,,,,,50121,,1,,<7;8;9;12>,,<46;50;57;40;40;40;273>,,,,,<621;622;623;602;603>,,,,121,,,1213,<1211;1212;1213;1216;61101;61102>,121,,<11021;11121;11221;11321>,20121,,2,,121,11,,,,<1211;1212;1213>,,,,尼多朗，公的毒针宝可梦。尼多朗，性别男。它的角比母的尼多兰大，擅长的绝招是角撞攻击。,暴力输出：中毒增伤,,210,,,,<<101;208>;<102;209>;<103;209>>,
122,尼多力诺,,,121,,<7>,2,,,,,,,,50121,,1,,<7;8;9;12>,,<61;65;72;57;55;55;365>,,,,,<621;622;623;602;603>,,,,122,,,1223,<1221;1222;1223;1226;61101;61102>,121,,<11021;11121;11221;11321>,20121,,2,,121,11,,,,<1211;1212;1213>,,,,尼多力诺，毒针宝可梦。是尼多朗的进化形。额头上的独角的威力变得更加强大。,暴力输出：中毒增伤,,210,,,,<<101;208>;<102;209>;<103;209>>,
123,尼多王,,,121,,<7>,3,,,,,,,,50121,,1,,<10;11;13;9>,,<81;85;102;77;85;75;505>,,,,,<621;622;623;602;603>,,,,123,,,1233,<1231;1232;1233;1236;61101;61102>,121,,<11021;11121;11221;11321>,20121,,2,,121,11,,,,<1211;1212;1213>,,,,尼多王，钻锥宝可梦。会甩动巨大的尾巴。看对手胆怯时，会用刚硬的身体冲撞上去。,暴力输出：中毒增伤,,210,,,,<<101;208>;<102;209>;<103;209>>,
131,皮宝宝,,,131,,<8>,,,,,,,,131,50131,,,,<22;24;18;20>,,<50;15;25;28;45;55;218>,,2,11,2,<618;619;620;602;603>,,,2,131,,,1313,<1311;1312;1313;1316;61151;61152>,131,,<11032;11132;11232;11332>,20131,2,2,,131,18,2,2,2,<1311;1312;1313>,1201,,0.95,皮宝宝，星形宝可梦。据说在众多流星的夜里，会围成圆圈拍动翅膀跳舞。,减益辅助：弱化输出,,330,2,,,<<109;209>;<108;208>;<107;208>>,
132,皮皮,,,131,,<8>,2,,,,,,,131,50131,,,,<22;24;18;20>,,<70;35;45;48;60;65;323>,,2,11,2,<618;619;620;602;603>,,,2,132,,,1323,<1321;1322;1323;1326;61151;61152>,131,,<11032;11132;11232;11332>,20131,2,2,,131,18,2,2,2,<1311;1312;1313>,1201,,0.95,皮皮，妖精宝可梦。爱好和平，心地善良，主要栖息地是月见山，不过皮皮的发现例子非常的稀少。,减益辅助：弱化输出,,330,2,,,<<109;209>;<108;208>;<107;208>>,
133,皮可西,,,131,,<8>,3,,,,,,,131,50131,,,,<22;24;18;20>,,<95;60;70;73;95;90;483>,,2,11,2,<618;619;620;602;603>,,,2,133,,,1333,<1331;1332;1333;1336;61151;61152>,131,,<11032;11132;11232;11332>,20131,2,2,,131,18,2,2,2,<1311;1312;1313>,1201,,0.95,皮可西，妖精宝可梦。是皮皮的进化形，发现的案例比皮皮还要更的稀少。,减益辅助：弱化输出,,330,2,,,<<109;209>;<108;208>;<107;208>>,
143,阿罗拉六尾,<cn;kr;en;en_us;en_eu;tw>,,143,,<8>,,,,,,,,143,50143,,,,<6;8;22;25>,,<38;65;41;40;50;65;299>,,3,11,3,<615;616;617;602;603>,,,3,143,,,1433,<1431;1432;1433;1436;61151;61152>,143,,<11043;11143;11243;11343>,20143,3,3,{drawcard=huang_effect_loop},143,3,3,3,3,<1431;1432;1433;1434>,1572,15,0.73,六尾，这是狐狸宝可梦。阿罗拉六尾为了适应寒冷的气候拥有了冰的能力。,冰粒控制&极光幕影,,430,2,,,<<116;204>;<117;206>>,
144,阿罗拉九尾,<cn;kr;en;en_us;en_eu;tw>,,143,,<8>,2,,,,,,,143,50143,,,,<6;8;22;25>,,<73;109;67;75;81;100;505>,,3,11,3,<615;616;617;602;603>,,,3,144,,,1443,<1441;1442;1443;1446;61151;61152>,143,,<11043;11143;11243;11343>,20143,3,3,{drawcard=huang_effect_loop},143,3,3,3,3,<1431;1432;1433;1434>,1572,15,0.73,九尾，是狐狸宝可梦。阿罗拉九尾居住在阿罗拉地区被奉为神圣之山的雪山上，会在暴风雪的伴随下出现。,冰粒控制&极光幕影,,430,2,,,<<116;204>;<117;206>>,
151,宝宝丁,<cn;kr;en;en_us;en_eu;tw>,,151,,<8>,,,,,,,,151,50151,,,,<18;19;20;21>,,<90;15;30;15;40;20;210>,,2,11,2,<606;607;608;602;603>,,,2,151,,,1513,<1511;1512;1513;1516;61101;61102>,151,,<11011;11111;11211;11311>,20151,2,2,,151,18,2,2,2,<1511;1512;1513>,1561,,1.4,宝宝丁，气球宝可梦。身体充满弹性。一跳起来，可以飞到很远的地方去。,甜美歌声&催眠控制,,330,2,,,<<109;209>;<108;208>;<107;208>>,
152,胖丁,<cn;kr;en;en_us;en_eu;tw>,,151,,<8>,2,,,,,,,151,50151,,,,<10;11;13;9>,,<115;20;45;20;45;25;270>,,2,11,2,<606;607;608;602;603>,,,2,152,,,1523,<1521;1522;1523;1526;61101;61102>,151,,<11011;11111;11211;11311>,20151,2,2,,151,18,2,2,2,<1511;1512;1513>,1561,,1.4,胖丁，气球宝可梦。以一双又圆又大的眼睛诱对手靠近，唱出让人神清气爽的歌。,甜美歌声&催眠控制,,330,2,,,<<109;209>;<108;208>;<107;208>>,
153,胖可丁,<cn;kr;en;en_us;en_eu;tw>,,151,,<8>,3,,,,,,,151,50151,,,,<18;19;20;21>,,<140;45;70;45;85;50;435>,,2,11,2,<606;607;608;602;603>,,,2,153,,,1533,<1531;1532;1533;1536;61101;61102>,151,,<11011;11111;11211;11311>,20151,2,2,,151,18,2,2,2,<1511;1512;1513>,1561,,1.4,当２只胖可丁依偎在一起时，它们便会因对方的毛皮太过舒适而难以分开。,甜美歌声&催眠控制,,330,2,,,<<109;209>;<108;208>;<107;208>>,
161,超音蝠,<cn;kr;en;en_us;en_eu;tw>,,161,,<7>,,,,,,,,161,50161,,,,<8;9;13;12>,,<40;55;45;35;30;40;245>,,3,11,3,<621;622;623;602;603>,,,3,161,,,1613,<1611;1612;1613;1616;61101;61102>,161,,<11023;11123;11223;11323>,20161,3,3,{drawcard=huang_effect_loop},161,4,3,3,3,<1611;1612;1613;1614>,1512,15,0.85,超音蝠，是蝙蝠宝可梦。利用发出的超音波飞行。躲在阴暗洞窟平时很少出来。,辅助续毒,161,430,2,,,<<116;204>;<117;206>>,<101;102>
162,大嘴蝠,<cn;kr;en;en_us;en_eu;tw>,,161,,<7>,2,,,,,,,161,50161,,,,<8;9;13;12>,,<75;90;80;70;65;75;455>,,3,11,3,<621;622;623;602;603>,,,3,162,,,1623,<1621;1622;1623;1626;61101;61102>,161,,<11023;11123;11223;11323>,20161,3,3,{drawcard=huang_effect_loop},161,4,3,3,3,<1611;1612;1613;1614>,1512,15,0.85,大嘴蝠，有尖锐的牙齿。咬住对手以后会吸取300毫升血液的宝可梦。,辅助续毒,161,430,2,,,<<116;204>;<117;206>>,<102;103>
163,叉字蝠,<cn;kr;en;en_us;en_eu;tw>,,161,,<7>,3,,,,,,,161,50161,,,,<8;9;13;12>,,<85;130;90;80;70;80;535>,,3,11,3,<621;622;623;602;603>,,,3,163,,,1633,<1631;1632;1633;1636;61101;61102>,161,,<11023;11123;11223;11323>,20161,3,3,{drawcard=huang_effect_loop},161,4,3,3,3,<1611;1612;1613;1614>,1512,15,0.85,叉字蝠，蝙蝠宝可梦，大嘴蝠的进化形。翅膀增加成四个，可以飞得更加快速。,辅助续毒,161,430,2,,,<<116;204>;<117;206>>,<103;102>
171,走路草,,,171,,<8>,,,,,,,,,50171,,,,<22;24;18;20>,,<45;30;50;55;75;65;320>,,,,,<609;610;611;602;603>,,,,171,,,1713,<1711;1712;1713;1716;61151;61152>,171,,<11001;11101;11201;11301>,20171,,2,,171,11,,,,<1711;1712;1713>,,,,要是以为它是普通的草而将它拔起，就会听到它的叫声。这让人感到莫名的恐怖。,毒系输出,,210,,,,<<101;208>;<102;209>;<103;209>>,
172,臭臭花,,,171,,<8>,2,,,,,,,,50171,,,,<22;24;18;20>,,<60;40;65;70;85;75;395>,,,,,<609;610;611;602;603>,,,,172,,,1723,<1721;1722;1723;1726;61151;61152>,171,,<11001;11101;11201;11301>,20171,,2,,171,11,,,,<1711;1712;1713>,,,,臭臭花，杂草宝可梦。会散发强烈的臭味。对付水属性的宝可梦很厉害，不过害怕火属性和飞行属性的宝可梦。,毒系输出,,210,,,,<<101;208>;<102;209>;<103;209>>,
173,霸王花,,,171,,<8>,3,,,,,,,,50171,,,,<22;24;18;20>,,<75;50;80;85;110;90;490>,,,,,<609;610;611;602;603>,,,,173,,,1733,<1731;1732;1733;1736;61151;61152>,171,,<11001;11101;11201;11301>,20171,,2,,171,11,,,,<1711;1712;1713>,,,,霸王花，花宝可梦。拥有世界最大的花瓣。会散播出大量的过敏性花粉。,毒系输出,,210,,,,<<101;208>;<102;209>;<103;209>>,
191,毛球,,,191,,<7>,,,,,,,,,50191,,,,<24;25;11;12>,,<60;45;55;50;40;55;305>,,,,,<609;610;611;602;603>,,,,191,,,1913,<1911;1912;1913;1916;61101;61102>,191,,<11001;11101;11201;11301>,20191,,2,,191,14,,,,<1911;1912;1913>,,,,毛球，昆虫宝可梦。眼睛有雷达的功能，在黑暗当中也可以自由活动。,毒系输出：偷取双攻,,230,2,,,<<107;209>;<108;209>;<109;208>>,
192,摩鲁蛾,,,191,,<8>,2,,,,,,,,50191,,,,<6;7;18;19>,,<70;90;65;60;90;75;450>,,,,,<609;610;611;602;603>,,,,192,,,1923,<1921;1922;1923;1926;61101;61102>,191,,<11001;11101;11201;11301>,20191,,2,,191,14,,,,<1911;1912;1913>,,,,摩鲁蛾，毛球的进化形。翅膀上有磷粉，拍翅的时候会散落各种颜色的粉末。,毒系输出：偷取双攻,,230,2,,,<<107;209>;<108;209>;<109;208>>,
211,喵喵,,,211,,<7>,,,,,,,,211,50211,,,,<8;9;13;12>,,<40;90;45;35;40;40;290>,,2,11,2,<606;607;608;602;603>,,,2,211,,,2113,<2111;2112;2113;2116;2127;61101;61102>,211,,<11012;11112;11212;11312>,20211,2,2,,211,19,2,2,2,<2111;2112;2113>,1091,,0.65,喵喵，妖怪猫宝可梦。到了夜晚眼睛就会发亮，会把硬币之类的物品搜集回来珍藏，但是白天的时候就只会一直睡懒觉。,喵,,310,,,,<<103;208>;<102;208>;<101;209>>,
212,猫老大,,,211,,<7>,2,,,,,,,211,50211,,,,<8;9;13;12>,,<65;115;70;60;65;65;440>,,2,11,2,<606;607;608;602;603>,,,2,212,,,2123,<2121;2122;2123;2126;2127;61101;61102>,211,,<11012;11112;11212;11312>,20211,2,2,,211,19,2,2,2,<2111;2112;2113>,1091,,0.65,猫老大，暹逻猫宝可梦，喵喵进化形。由于肌肉很柔软，所以能不发出脚步声行走，可以瞬间捕获猎物。,暴力输出,,310,,,,<<103;208>;<102;208>;<101;209>>,
221,可达鸭,<cn;kr;en;en_us;en_eu;tw>,,221,,<8>,,,,,,,,221,50221,,,,<6;7;18;19>,,<50;55;52;48;65;50;320>,,2,11,2,<621;622;623;602;603>,,,2,221,,,2213,<2211;2212;2213;2216;61101;61102>,221,,<11022;11122;11222;11322>,20221,2,2,,221,16,2,2,2,<2211;2212;2213>,1031,,0.8,可达鸭，鸭宝可梦，头痛变得剧烈时就能使出不可思议的力量，不过当时的记忆却不会留下来，由于怎样也想不起来因此总歪着脖子。,？？？,,310,,,,<<103;208>;<102;208>;<101;209>>,
222,哥达鸭,<cn;kr;en;en_us;en_eu;tw>,,221,,<8>,2,,,,,,,221,50221,,,,<6;7;18;19>,,<80;85;82;78;95;80;500>,,2,11,2,<621;622;623;602;603>,,,2,222,,,2223,<2221;2222;2223;2226;61101;61102>,221,,<11022;11122;11222;11322>,20221,2,2,,221,16,2,2,2,<2211;2212;2213>,1031,,0.8,哥达鸭，鸭子宝可梦，可达鸭的进化形。两手两脚上的蹼，都能够以动力方式游泳，前进速度是宝可梦中最快的。,受击爆发,,310,,,,<<103;208>;<102;208>;<101;209>>,
231,猴怪,,,231,,<7>,,,,,,,,,50231,,,,<7;8;9;12>,,<40;70;80;35;35;45;305>,,,,,<612;613;614;602;603>,,,,231,,,2313,<2311;2312;2313;2316;61101;61102>,231,,<11051;11151;11251;11351>,20231,,2,,231,11,,,,<2311;2312;2313>,,,,猴怪，猪猴宝可梦。属于格斗类型，出拳神速，步伐轻盈。猴怪平时个性温和，但一旦激怒就会一发不可收拾。,暴力输出：敌我不分,,210,,,,<<101;208>;<102;209>;<103;209>>,
232,火暴猴,,,231,,<7>,2,,,,,,,,50231,,,,<7;8;9;12>,,<65;95;105;60;60;70;455>,,,,,<612;613;614;602;603>,,,,232,,,2323,<2321;2322;2323;2326;61101;61102>,231,,<11051;11151;11251;11351>,20231,,2,,231,11,,,,<2311;2312;2313>,,,,火爆猴，猴怪的进化形。随时都在生气。一旦被它盯上，到死都会被它缠住。火爆猴的最大绝招大闹一番，一旦大闹一番起来就会引起大混乱。,暴力输出：敌我不分,,210,,,,<<101;208>;<102;209>;<103;209>>,
241,卡蒂狗,,,241,,<7>,,,,,,,,241,50241,,,,<10;11;13;9>,,<55;60;70;45;70;50;350>,,3,11,3,<618;619;620;602;603>,,,3,241,,,2413,<2411;2412;2413;2416;61101;61102>,241,,<11032;11132;11232;11332>,20241,3,3,{drawcard=huang_effect_loop},241,,3,3,3,<2411;2412;2413;2414>,1032,15,0.9,卡蒂狗，小狗宝可梦。个性认真，喜欢亲近人。遇到敌人会对它吠叫，咬住不放，把敌人赶跑。,暴力输出：燃烧生命,241,410,,,,<<110;204>;<111;206>;<112;204>>,
242,风速狗,,,241,,<7>,2,,,,,,,241,50241,,,,<10;11;13;9>,,<90;95;110;80;100;80;555>,,3,11,3,<618;619;620;602;603>,,,3,242,,,2423,<2421;2422;2423;2426;61101;61102>,241,,<11032;11132;11232;11332>,20241,3,3,{drawcard=huang_effect_loop},241,,3,3,3,<2411;2412;2413;2414>,1032,15,0.9,风速狗，传说宝可梦。卡蒂狗的进化形。拥有威风凛凛的鬃发。是卡蒂狗使用火焰之石进化的。,暴力输出：燃烧生命,241,410,,,,<<110;204>;<111;206>;<112;204>>,
251,蚊香蝌蚪,<cn;kr;en;en_us;en_eu;tw>,,251,,<7>,,,,,,,,251,50251,,,,<8;9;13;12>,,<40;90;50;40;40;40;300>,,3,11,3,<621;622;623;602;603>,,,3,251,,,2513,<2511;2512;2513;2516;61101;61102>,251,,<11023;11123;11223;11323>,20251,3,3,{drawcard=huang_effect_loop},251,2,3,3,3,<2511;2512;2513;2514>,1052,15,0.9,蚊香蝌蚪，蝌蚪宝可梦。肚子漩涡状花纹是它的特征。,水系输出,,410,,,,<<110;204>;<111;206>;<112;204>>,
252,蚊香君,<cn;kr;en;en_us;en_eu;tw>,,251,,<7>,2,,,,,,,251,50251,,,,<8;9;13;12>,,<65;90;65;65;50;50;385>,,3,11,3,<621;622;623;602;603>,,,3,252,,,2523,<2521;2522;2523;2526;61101;61102>,251,,<11023;11123;11223;11323>,20251,3,3,{drawcard=huang_effect_loop},251,2,3,3,3,<2511;2512;2513;2514>,1052,15,0.9,蚊香君，蝌蚪宝可梦。拥有发达的肌肉，在陆地上也能活动，不过在水中动得更快。,水系输出,,410,,,,<<110;204>;<111;206>;<112;204>>,
253,蚊香泳士,<cn;kr;en;en_us;en_eu;tw>,,251,,<7>,3,1,,,,,,251,50251,,,,<7;8;9;12>,,<90;70;95;95;70;90;510>,,3,11,3,<621;622;623;602;603>,,,3,253,,,2533,<2531;2532;2533;2536;61101;61102>,251,,<11023;11123;11223;11323>,20251,3,3,{drawcard=huang_effect_loop},251,2,3,3,3,<2511;2512;2513;2514>,1052,15,0.9,蚊香泳士，蝌蚪宝可梦。为了游泳需要具有发达的肌肉。最擅长使用这身肌肉的格斗系绝招。,水斗系输出,,410,,,,<<110;204>;<111;206>;<112;204>>,
254,蚊香蛙皇,<cn;kr;en;en_us;en_eu;tw>,,251,,<8>,3,2,,,,,,251,50251,,,,<22;24;18;20>,,<90;70;75;75;90;100;500>,,3,11,3,<621;622;623;602;603>,,,3,254,,,2543,<2541;2542;2543;2546;61101;61102>,251,,<11023;11123;11223;11323>,20251,3,3,{drawcard=huang_effect_loop},251,2,3,3,3,<2511;2512;2513;2514>,1052,15,0.9,蚊香蛙皇，蛙宝可梦。胀起喉咙叫出的声音，可以引来四周的蚊香君跟蚊香泳士。,水系辅助,,410,,,,<<110;204>;<111;206>;<112;204>>,
261,凯西,,,261,,<8>,,,,,,,,261,50261,,,,<6;7;18;19>,,<25;90;20;15;105;55;310>,,3,11,3,<606;607;608;602;603>,,,3,261,,,2613,<2611;2612;2613;2616;61101;61102>,261,,<11013;11113;11213;11313>,20261,3,3,{drawcard=huang_effect_loop},261,3,3,3,3,<2611;2612;2613;2614>,1162,15,0.55,凯西，念力宝可梦。一天之内睡觉十八个小时，但是睡觉的时候还能使用超能力。,一速硬控：群体石化,261,440,2,,,<<118;204>;<119;204>>,
262,勇基拉,,,261,,<8>,2,,,,,,,261,50261,,,,<6;7;18;19>,,<40;105;35;30;120;70;400>,,3,11,3,<606;607;608;602;603>,,,3,262,,,2623,<2621;2622;2623;2626;61101;61102>,261,,<11013;11113;11213;11313>,20261,3,3,{drawcard=huang_effect_loop},261,3,3,3,3,<2611;2612;2613;2614>,1162,15,0.55,勇基拉，会使用超级强力的超能力宝可梦。它是凯西的进化形。,一速硬控：群体石化,261,440,2,,,<<118;204>;<119;204>>,
263,胡地,,,261,,<8>,3,,,,,,,261,50261,,,,<6;7;18;19>,,<55;120;50;45;135;95;500>,,3,11,3,<606;607;608;602;603>,,,3,263,,{114=<2651;2652;2653;2656;61101;61102>},2633,<2631;2632;2633;2636;61101;61102>,261,,<11013;11113;11213;11313>,20261,3,3,{drawcard=huang_effect_loop},261,3,3,3,3,<2611;2612;2613;2614>,1162,15,0.55,胡地，念力宝可梦，勇基拉的进化形。像超级电脑般发达的头脑能发出各种各样的超能力。,一速硬控：群体石化,261,440,2,,,<<118;204>;<119;204>>,
264,超级胡地,<cn;kr;en;en_us;en_eu;tw>,,261,,<8>,4,,,2610,,,,262,50261,,,,<6;7;18;19>,,<55;150;50;65;175;105;600>,,3,11,3,<606;607;608;602;603>,,,3,264,,{114=<2661;2662;2663;2666;61101;61102>},2643,<2641;2642;2643;2646;61101;61102>,261,,<11013;11113;11213;11313>,20261,3,3,{drawcard=huang_effect_loop},261,3,3,3,3,<2611;2612;2613;2614>,1072,15,0.55,运用超能力使自己浮在空中。勺子的数量再次增到了五把，不再握在手中，而是被超能力托举到了空中。,一速硬控：群体石化,264,440,2,,,<<118;204>;<119;204>>,
271,腕力,,,271,,<7>,,,,,,,,271,50271,,,,<11;12;15;16>,,<70;35;80;50;35;35;305>,,2,11,2,<612;613;614;602;603>,,,2,271,,,2713,<2711;2712;2713;2716;61101;61102>,271,,<11052;11152;11252;11352>,20271,2,2,,271,16,2,2,2,<2711;2712;2713>,1121,,0.9,腕力，怪力宝可梦。拥有不管怎么运动都不会酸痛的肌肉。据说他的力气大到可以扔飞100个成人。,舍弃防守&极致打击,,310,,,,<<103;208>;<102;208>;<101;209>>,
272,豪力,,,271,,<7>,2,,,,,,,271,50271,,,,<11;12;15;16>,,<80;45;100;70;50;60;405>,,2,11,2,<612;613;614;602;603>,,,2,272,,,2723,<2721;2722;2723;2726;61101;61102>,271,,<11052;11152;11252;11352>,20271,2,2,,271,16,2,2,2,<2711;2712;2713>,1121,,0.9,锻炼过的肌肉硬如钢铁。它是有着怪力，只需１根手指就能轻松举起相扑力士的宝可梦。,舍弃防守&极致打击,,310,,,,<<103;208>;<102;208>;<101;209>>,
273,怪力,,,271,,<7>,3,,,,,,,271,50271,,,,<24;25;11;12>,,<90;55;130;80;65;85;505>,,2,11,2,<612;613;614;602;603>,,,2,273,,,2733,<2731;2732;2733;2736;61101;61102>,271,,<11052;11152;11252;11352>,20271,2,2,,271,16,2,2,2,<2711;2712;2713>,1121,,0.9,有着可以扔飞一切东西的力量，但如果是做细活，手臂就会缠在一起。身体会比大脑先一步行动。,舍弃防守&极致打击,,310,,,,<<103;208>;<102;208>;<101;209>>,
281,喇叭芽,,,281,,<7>,,,,,,,,281,50281,,,,<10;11;13;9>,,<50;40;75;35;70;30;300>,,2,11,2,<609;610;611;602;603>,,,2,281,,,2813,<2811;2812;2813;2816;61151;61152>,281,,<11002;11102;11202;11302>,20281,2,2,,281,16,2,2,2,<2811;2812;2813>,1011,,0.8,喇叭芽细软的身体可以弯曲，无论多强的攻击都能回避。从口中喷出连铁都可以溶解的液体。它还能伸出藤鞭捕捉猎物。,减益输出,,310,,,,<<103;208>;<102;208>;<101;209>>,
282,口呆花,,,281,,<7>,2,,,,,,,281,50281,,,,<10;11;13;9>,,<65;55;90;50;85;45;390>,,2,11,2,<609;610;611;602;603>,,,2,282,,,2823,<2821;2822;2823;2826;61151;61152>,281,,<11002;11102;11202;11302>,20281,2,2,,281,16,2,2,2,<2811;2812;2813>,1011,,0.8,口呆花，捕蝇小精灵，和植物一模一样的小精灵。会用毒粉沾满大意走近的猎物，然后把他们捉住。,减益输出,,310,,,,<<103;208>;<102;208>;<101;209>>,
283,大食花,,,281,,<7>,3,,,,,,,281,50281,,,,<10;11;13;9>,,<80;70;105;65;100;70;490>,,2,11,2,<609;610;611;602;603>,,,2,283,,,2833,<2831;2832;2833;2836;61151;61152>,281,,<11002;11102;11202;11302>,20281,2,2,,281,16,2,2,2,<2811;2812;2813>,1011,,0.8,用花蜜的香味引诱猎物。据说进到嘴里的东西会在1天内连骨头都被溶解掉。,减益输出,,310,,,,<<103;208>;<102;208>;<101;209>>,
301,小拳石,,,301,,<7>,,,,,,,,301,50301,,,,<15;16;11;12>,,<40;20;80;100;30;30;300>,,2,11,2,<615;616;617;602;603>,,,2,301,,,3013,<3011;3012;3013;3016;61151;61152>,301,,<11042;11142;11242;11342>,20301,2,2,,301,17,2,2,2,<3011;3012;3013>,1531,,0.8,小拳石，岩石宝可梦。防御力非常高，对于物理攻击有超群的耐久性。,嘲讽肉盾,,320,4,,,<<106;208>;<105;208>;<104;209>>,
302,隆隆石,,,301,,<7>,2,,,,,,,301,50301,,,,<15;16;11;12>,,<55;35;95;115;45;45;390>,,2,11,2,<615;616;617;602;603>,,,2,302,,,3023,<3021;3022;3023;3026;61151;61152>,301,,<11042;11142;11242;11342>,20301,2,2,,301,17,2,2,2,<3011;3012;3013>,1531,,0.8,隆隆石经常快速的从山路上滚下来，碾碎路上的任何东西。尽管长了脚，它可以回复到跟小拳石相同的形态给予自己飘浮的能力，但会少掉两只脚。,嘲讽肉盾,,320,4,,,<<106;208>;<105;208>;<104;209>>,
303,隆隆岩,,,301,,<7>,3,,,,,,,301,50301,,,,<15;16;11;12>,,<80;45;120;130;55;65;495>,,2,11,2,<615;616;617;602;603>,,,2,303,,,3033,<3031;3032;3033;3036;61151;61152>,301,,<11042;11142;11242;11342>,20301,2,2,,301,17,2,2,2,<3011;3012;3013>,1531,,0.8,隆隆岩，重量级宝可梦。被硬得像岩石的坚硬外壳包围着，一年一度蜕皮一次，体积会变大。,嘲讽肉盾,,320,4,,,<<106;208>;<105;208>;<104;209>>,
311,小火马,<cn;kr;en_us;tw>,,311,,<7>,,,,,,,,311,50311,,,,<8;9;13;12>,2,<50;90;85;55;65;65;410>,,3,11,3,<618;619;620;602;603>,,,3,311,,,3113,<3111;3112;3113;3116;61101;61102>,311,,<11033;11133;11233;11333>,20311,3,3,{drawcard=huang_effect_loop},311,,3,3,3,<3111;3112;3113;3114>,1102,15,0.65,小火马，属于火马宝可梦。美丽的鬃发是熊熊燃烧的火焰。,火焰流星&骏马奔腾,,410,,,,,
312,烈焰马,<cn;kr;en_us;tw>,,311,,<7>,2,,,,,,,311,50311,,,,<8;9;13;12>,2,<65;105;100;70;80;80;500>,,3,11,3,<618;619;620;602;603>,,,3,312,,{178=<3131;3132;3133;3136;61101;61102>},3123,<3121;3122;3123;3126;61101;61102>,311,,<11033;11133;11233;11333>,20311,3,3,{drawcard=huang_effect_loop},311,,3,3,3,<3111;3112;3113;3114>,1102,15,0.65,烈焰马，火马宝可梦，是火属性的。他最喜欢跑步了，只要看到比自己快的东西，就想跟对方赛跑。,火焰流星&骏马奔腾,,410,,,,,
321,呆呆兽,<cn;tw;en;en_us;en_eu;kr>,,321,,<7>,,,,,,,,321,50321,,,,<22;24;18;20>,,<90;15;65;65;40;40;315>,,3,11,3,<621;622;623;602;603>,,,3,321,,,3213,<3211;3212;3213;3216;61151;61152>,321,,<11023;11123;11223;11323>,20321,3,3,{drawcard=huang_effect_loop},321,2,3,3,3,<3211;3212;3213;3214>,1002,15,0.9,呆呆兽，憨憨宝可梦。随时都在发呆，让人搞不清它在想什么。专长是用尾巴当饵来钓鱼。,呆,,420,4,,,<<113;206>;<114;206>;<115;204>>,
322,呆壳兽,<>,,321,,<7>,2,1,,,FALSE,,,321,50321,,,,<22;24;18;20>,,<95;30;75;110;100;80;490>,,3,11,3,<621;622;623;602;603>,,,3,322,,,3223,<3221;3222;3223;3226;61151;61152>,321,,<11023;11123;11223;11323>,20321,3,3,{drawcard=huang_effect_loop},321,2,3,3,3,<3211;3212;3213;3214>,1002,15,0.9,呆壳兽，寄居蟹宝可梦。会使用强大的超能力绝招。可是平常都呆呆的，不喜欢与人争执。,呆,,420,4,,,<<113;206>;<114;206>;<115;204>>,
323,呆呆王,<cn;tw;en;en_us;en_eu;kr>,,321,,<7>,2,2,,,,,,321,50321,,,,<22;24;18;20>,,<95;30;75;80;100;110;490>,,3,11,3,<621;622;623;602;603>,,,3,323,,,3233,<3231;3232;3233;3236;61151;61152>,321,,<11023;11123;11223;11323>,20321,3,3,{drawcard=huang_effect_loop},321,2,3,3,3,<3211;3212;3213;3214>,1002,15,0.9,呆呆王，王者宝可梦，拥有惊人的智慧和灵感，任何时刻都不慌不忙悠闲自在,呆,,420,4,,,<<113;206>;<114;206>;<115;204>>,
331,小磁怪,,,331,,<8>,,,,,,,,331,50331,,0,,<18;20;15;14>,,<25;45;35;70;95;55;325>,,3,11,3,<612;613;614;602;603>,,,3,331,,,3313,<3311;3312;3313;3316;61101;61102>,331,,<11053;11153;11253;11353>,20331,3,3,{drawcard=huang_effect_loop},331,4,3,3,3,<3311;3312;3313;3314>,1042,15,0.7,小磁怪，磁铁宝可梦。会吸附在电线上以电力为食，如果停电了就调查一下电闸吧；可能是因为上面吸附着密密麻麻的小磁怪。,自爆炸弹,,430,2,,,<<116;204>;<117;206>>,
332,三合一磁怪,,,331,,<8>,2,,,,,,,331,50331,,0,,<18;20;15;14>,,<50;70;60;95;120;70;465>,,3,11,3,<612;613;614;602;603>,,,3,332,,,3323,<3321;3322;3323;3326;61101;61102>,331,,<11053;11153;11253;11353>,20331,3,3,{drawcard=huang_effect_loop},331,4,3,3,3,<3311;3312;3313;3314>,1042,15,0.7,三合一磁怪，磁铁宝可梦。是小磁怪的进化形。浮在空中，会发出强力的磁力线和高压电。,自爆炸弹,,430,2,,,<<116;204>;<117;206>>,
333,自爆磁怪,,,331,,<8>,3,,,,,,,331,50331,,0,,<18;20;15;14>,,<70;60;70;115;130;90;535>,,3,11,3,<612;613;614;602;603>,,,3,333,,,3333,<3331;3332;3333;3336;61101;61102>,331,,<11053;11153;11253;11353>,20331,3,3,{drawcard=huang_effect_loop},331,4,3,3,3,<3311;3312;3313;3314>,1042,15,0.7,自爆磁怪，磁铁宝可梦。由受到特殊磁场影响的三合一磁怪进化而来。从３个组件中放出磁力。,自爆炸弹,,430,2,,,<<116;204>;<117;206>>,
341,大葱鸭,<cn;kr;en;en_us;en_eu;tw>,,341,,<7>,,,,,,,,341,50341,,,,<8;9;13;12>,,<52;60;90;55;58;62;377>,,2,11,2,<606;607;608;602;603>,,,2,341,,,3413,<3411;3412;3413;3416;61101;61102>,341,,<11011;11111;11211;11311>,20341,2,2,,341,16,2,2,2,<3411;3412;3413>,1061,,0.52,大葱鸭，鸭鸭宝可梦，因为和特定的植物一起吃的话，味道极为鲜美，因此数量变得极少，是珍贵的宝可梦。,肉质鲜美,,310,,,,<<103;208>;<102;208>;<101;209>>,
351,嘟嘟,,,351,,<7>,,,,,,,,,50351,,,,<7;8;9;12>,,<35;75;85;45;35;35;310>,,,,,<606;607;608;602;603>,,,,351,,,3513,<3511;3512;3513;3516;61101;61102>,351,,<11011;11111;11211;11311>,20351,,2,,351,11,,,,<3511;3512;3513>,,,,嘟嘟，两头鸟宝可梦。跑得比飞得还快。,看脸输出,,210,,,,<<101;208>;<102;209>;<103;209>>,
352,嘟嘟利,,,351,,<7>,2,,,,,,,,50351,,,,<7;8;9;12>,,<60;110;110;70;60;60;470>,,,,,<606;607;608;602;603>,,,,352,,,3523,<3521;3522;3523;3526;61101;61102>,351,,<11011;11111;11211;11311>,20351,,2,,351,11,,,,<3511;3512;3513>,,,,嘟嘟利，是三头鸟宝可梦。擅长的能力是奔跑而不是飞翔。三只头各表达高兴、悲伤和愤怒的情绪。,看脸输出,,210,,,,<<101;208>;<102;209>;<103;209>>,
371,臭泥,,,371,,<7>,,,,,,,,371,50371,,,,<11;12;15;16>,,<80;25;80;50;40;50;325>,,2,11,2,<621;622;623;602;603>,,,2,371,,,3713,<3711;3712;3713;3716;61151;61152>,371,,<11022;11122;11222;11322>,20371,2,2,,371,19,2,2,2,<3711;3712;3713>,1171,,1.05,臭泥宝可梦，属于从臭泥浆中出生的宝可梦。擅长的绝技是臭泥攻击。,减益辅助：中毒减防,,330,2,,,<<109;209>;<108;208>;<107;208>>,
372,臭臭泥,,,371,,<7>,2,,,,,,,371,50371,,,,<24;25;11;12>,,<105;50;105;75;65;100;500>,,2,11,2,<621;622;623;602;603>,,,2,372,,,3723,<3721;3722;3723;3726;61151;61152>,371,,<11022;11122;11222;11322>,20371,2,2,,371,19,2,2,2,<3711;3712;3713>,1171,,1.05,臭臭泥，臭泥的进化形。身上所带的泥巴含有毒素，必需小心。,减益辅助：中毒减防,,330,2,,,<<109;209>;<108;208>;<107;208>>,
381,大舌贝,<cn;kr;en;en_us;en_eu;tw>,<cn>,381,,<8>,,,,,,,,381,50381,,,,<15;16;11;12>,,<30;40;65;100;45;25;305>,,3,11,3,<621;622;623;602;603>,,,3,381,,,3813,<3811;3812;3813;3816;61151;61152>,381,,<11023;11123;11223;11323>,20381,3,3,{drawcard=huang_effect_loop},381,2,3,3,3,<3811;3812;3813;3814>,1122,15,0.5,坚硬的壳能反弹任何攻击。壳打开时，如果里面的部分受到攻击，就会变得很脆弱。咬住呆呆兽尾巴时会与它合进化为呆壳兽。,寒冰陷阱&刺甲反伤,381,420,4,,,<<113;206>;<114;206>;<115;204>>,
382,刺甲贝,<cn;kr;en;en_us;en_eu;tw>,<cn>,381,,<8>,2,,,,,,,381,50381,,,,<15;16;11;12>,,<50;70;95;180;85;45;525>,,3,11,3,<621;622;623;602;603>,,,3,382,,,3823,<3821;3822;3823;3826;61151;61152>,381,,<11023;11123;11223;11323>,20381,3,3,{drawcard=huang_effect_loop},381,2,3,3,3,<3811;3812;3813;3814>,1122,15,0.5,刺甲贝，双壳宝可梦。外壳非常坚硬，用凝固汽油弹攻击也无法破坏，只有在发动攻击时才会打开外壳。,寒冰陷阱&刺甲反伤,381,420,4,,,<<113;206>;<114;206>;<115;204>>,
391,鬼斯,,,391,,<8>,,,,,,,,391,50391,,,,<6;7;18;19>,,<30;80;35;30;100;35;310>,,3,11,3,<621;622;623;602;603>,,,3,391,,,3913,<3911;3912;3913;3916;61101;61102>,391,,<11023;11123;11223;11323>,20391,3,3,{drawcard=huang_effect_loop},391,103,3,3,3,<3911;3912;3913;3914>,1082,15,0.6,鬼斯，气体宝可梦。身体由薄薄的气体状物质所形成，有人说他是超次元的生命体。,强力软控：群体恐惧,391,440,2,,,<<118;204>;<119;204>>,
392,鬼斯通,,,391,,<8>,2,,,,,,,391,50391,,,,<6;7;18;19>,,<45;95;50;45;115;55;405>,,3,11,3,<621;622;623;602;603>,,,3,392,,,3923,<3921;3922;3923;3926;61101;61102>,391,,<11023;11123;11223;11323>,20391,3,3,{drawcard=huang_effect_loop},391,103,3,3,3,<3911;3912;3913;3914>,1082,15,0.6,鬼斯通，气体宝可梦，鬼斯的进化形。可以学会食梦和精神强念这种绝招。,强力软控：群体恐惧,391,440,2,,,<<118;204>;<119;204>>,
393,耿鬼,,,391,,<8>,3,,,,,,,391,50391,,,,<6;7;18;19>,,<60;110;65;60;130;75;500>,,3,11,3,<621;622;623;602;603>,,,3,393,,{112=<3951;3952;3953;3956;61101;61102>},3933,<3931;3932;3933;3936;61101;61102>,391,,<11023;11123;11223;11323>,20391,3,3,{drawcard=huang_effect_loop},391,103,3,3,3,<3911;3912;3913;3914>,1082,15,0.6,耿鬼，影子宝可梦。鬼斯通的进化形。详细资料不明。,强力软控：群体恐惧,391,440,2,,,<<118;204>;<119;204>>,
394,超级耿鬼,<cn;kr;en;en_us;en_eu;tw>,,391,,<8>,4,,,3910,,,,392,50391,,,,<6;7;18;19>,,<60;130;65;80;170;95;600>,,3,11,3,<621;622;623;602;603>,,,3,394,,{112=<3961;3962;3963;3966;61101;61102>},3943,<3941;3942;3943;3946;61101;61102>,391,,<11023;11123;11223;11323>,20391,3,3,{drawcard=huang_effect_loop},391,103,3,3,3,<3911;3912;3913;3914>,1032,15,0.6,超级进化后的耿鬼，其下半身据说隐藏在异次元之中，所以在图鉴中看不到超级耿鬼的下半身。,恶夜的鬼魅,394,440,2,,,<<118;204>;<119;204>>,
401,大岩蛇,,,401,,<7>,,,,,,,,401,50401,,,,<6;8;14;16>,,<35;70;45;160;30;45;385>,,3,11,3,<615;616;617;602;603>,,,3,401,,,4013,<4011;4012;4013;4016;61151;61152>,401,,<11043;11143;11243;11343>,20401,3,3,{drawcard=huang_effect_loop},401,2,3,3,3,<4011;4012;4013;4014>,1152,15,0.75,大岩蛇，岩蛇宝可梦。在地下挖掘土石前进时会引发地鸣，使得地面摇晃。在地下移动速度为时速八十公里。,钢铁反击盾,401,420,4,,,<<113;206>;<114;206>;<115;204>>,<1070>
402,大钢蛇,,,401,,<7>,2,,,,,,,401,50401,,,,<15;16;11;12>,,<75;30;85;200;55;65;510>,,3,11,3,<615;616;617;602;603>,,,3,402,,,4023,<4021;4022;4023;4026;61151;61152>,401,,<11043;11143;11243;11343>,20401,3,3,{drawcard=huang_effect_loop},401,2,3,3,3,<4011;4012;4013;4014>,1152,15,0.75,大钢蛇，铁蛇宝可梦，大岩蛇的进化形。在深层地底经过压缩的身体比钻石还要坚硬。,钢铁反击盾,401,420,4,,,<<113;206>;<114;206>;<115;204>>,<1071>
403,超级大钢蛇,<cn;kr;en;en_us;en_eu;tw>,,401,,<7>,3,,,4010,,,,402,50401,,,,<15;16;11;12>,,<75;30;125;230;55;95;610>,,3,11,3,<615;616;617;602;603>,,,3,403,,,4033,<4031;4032;4033;4036;61151;61152>,401,,<11043;11143;11243;11343>,20401,3,3,{drawcard=huang_effect_loop},401,2,3,3,3,<4011;4012;4013;4014>,1502,15,0.75,超级大钢蛇比普通的大钢蛇还要巨大，在脖颈处多了一圈漂浮金属碎片，碎片分为六组，顺时针旋转着,硬化身躯&钢铁反击,403,420,4,,,<<113;206>;<114;206>;<115;204>>,<1072>
411,催眠貘,,,411,,<8>,,,,,,,,411,50411,,,,<22;24;18;20>,,<60;42;48;45;43;90;328>,,3,11,3,<606;607;608;602;603>,,,3,411,,,4113,<4111;4112;4113;4116;61101;61102>,411,,<11013;11113;11213;11313>,20411,3,3,{drawcard=huang_effect_loop},411,2,3,3,3,<4111;4112;4113;4114>,1052,15,0.85,催眠貘，被称为是食梦的貊的子孙。是一头有能力使用“催眠术”搭配“食梦”绝招的宝可梦。,群体催眠&吞食梦境,,420,4,,,<<113;206>;<114;206>;<115;204>>,
412,引梦貘人,,,411,,<8>,2,,,,,,,411,50411,,,,<22;24;18;20>,,<85;67;73;70;73;115;483>,,3,11,3,<606;607;608;602;603>,,,3,412,,,4123,<4121;4122;4123;4126;61101;61102>,411,,<11013;11113;11213;11313>,20411,3,3,{drawcard=huang_effect_loop},411,2,3,3,3,<4111;4112;4113;4114>,1052,15,0.85,引梦貘人，催眠宝可梦。带着钟摆般的东西行走。擅长使用超能力属性的绝招。,群体催眠&吞食梦境,,420,4,,,<<113;206>;<114;206>;<115;204>>,
431,霹雳电球,<cn;kr;en;en_us;en_eu;tw>,,431,,<8>,,,,,,,,431,50431,,0,,<6;7;9;18>,,<40;100;30;50;55;55;330>,,3,11,3,<612;613;614;602;603>,,,3,431,,,4313,<4311;4312;4313;4316;61101;61102>,431,,<11053;11153;11253;11353>,20431,3,3,{drawcard=huang_effect_loop},431,,3,3,3,<4311;4312;4313;4314>,1112,15,0.6,霹雳电球，身份不明的宝可梦。一般都住在发电厂附近。擅长各种电属性绝招。由于偶尔会突然爆炸的关系，遇到它的话要特别小心。,电系核弹&球状闪电,,410,,,,<<110;204>;<111;206>;<112;204>>,
432,顽皮雷弹,<cn;kr;en;en_us;en_eu;tw>,,431,,<8>,2,,,,,,,431,50431,,0,,<6;7;9;18>,,<60;150;50;70;80;80;490>,,3,11,3,<612;613;614;602;603>,,,3,432,,,4323,<4321;4322;4323;4326;61101;61102>,431,,<11053;11153;11253;11353>,20431,3,3,{drawcard=huang_effect_loop},431,,3,3,3,<4311;4312;4313;4314>,1112,15,0.6,顽皮雷弹，霹雳电球的进化形。因为受到一点刺激就会爆炸的关系，所以另有爆炸球的绰号。,电系核弹&球状闪电,,410,,,,<<110;204>;<111;206>;<112;204>>,
441,蛋蛋,<cn;kr;en;en_us;en_eu;tw>,<cn>,441,,<8>,,,,,,,,441,50441,,,,<18;20;15;14>,,<60;40;40;80;60;45;325>,,3,11,3,<609;610;611;602;603>,,,3,441,,,4413,<4411;4412;4413;4416;61101;61102>,441,,<11002;11102;11202;11302>,20441,3,3,{drawcard=huang_effect_loop},441,2,3,3,3,<4411;4412;4413;4414>,1012,15,0.95,蛋蛋，是蛋宝可梦。虽然外观像蛋一样，其实是比较接近植物种子的一种生物。,蛋蛋不是蛋,,410,,,,<<110;204>;<111;206>;<112;204>>,
442,椰蛋树,<cn;kr;en;en_us;en_eu;tw>,<cn>,441,,<8>,2,,,,,,,441,50441,,,,<18;19;20;21>,,<95;55;95;85;125;75;530>,,3,11,3,<609;610;611;602;603>,,,3,442,,,4423,<4421;4422;4423;4426;61101;61102>,441,,<11002;11102;11202;11302>,20441,3,3,{drawcard=huang_effect_loop},441,2,3,3,3,<4411;4412;4413;4414>,1012,15,0.95,椰蛋树，是椰子宝可梦，又有个绰号被称为行走的热带雨林。每一个果实都有一张脸孔，而且都拥有自己的意志。擅长的绝招是催眠术。,剩蛋树&树果收获,,410,,,,<<110;204>;<111;206>;<112;204>>,
451,卡拉卡拉,,,451,,<7>,,,,,,,,,50451,,,,<15;16;11;12>,,<50;35;50;95;40;50;320>,,,,,<609;610;611;602;603>,,,,451,,,4513,<4511;4512;4513;4516;61101;61102>,451,,<11001;11101;11201;11301>,20451,,2,,451,13,,,,<4511;4512;4513>,,,,头上戴着与自己天人永隔的母亲的头骨。据说在寂寞的时候会大声哭泣。,单体眩晕,,230,2,,,<<107;209>;<108;209>;<109;208>>,
452,嘎啦嘎啦,,,451,,<7>,2,,,,,,,,50451,,,,<15;16;11;12>,,<60;45;80;110;50;80;425>,,,,,<609;610;611;602;603>,,,,452,,,4523,<4521;4522;4523;4526;61101;61102>,451,,<11001;11101;11201;11301>,20451,,2,,451,13,,,,<4511;4512;4513>,,,,嘎啦嘎啦，爱骨宝可梦，虽然个子不大，但攻击力和防御力都数一数二地高。,单体眩晕,,230,2,,,<<107;209>;<108;209>;<109;208>>,
461,无畏小子,,,461,,<7>,,,,,,,,461,50461,,1,,<7;8;9;12>,,<35;35;35;35;35;35;210>,,2,11,2,<612;613;614;602;603>,,,2,461,,,4613,<4611;4612;4613;4616;61101;61102>,461,,<11052;11152;11252;11352>,20461,2,2,,461,16,2,2,2,<4611;4612;4613>,1021,,0.5,无畏小子，打斗宝可梦。是尚未进化成飞腿郎、快拳郎、战舞郎之前的形态，个子不大，但是活力充沛。,花式拳击手,,310,,,,<<103;208>;<102;208>;<101;209>>,
462,飞腿郎,,,461,,<7>,2,1,,,,2,,461,50461,,1,,<24;25;11;12>,,<50;87;120;53;35;110;455>,,2,11,2,<612;613;614;602;603>,,,2,462,,,4623,<4621;4622;4623;4626;61101;61102>,461,,<11052;11152;11252;11352>,20461,2,2,,461,16,2,2,2,<4611;4612;4613>,1021,,0.5,飞腿郎，踢腿宝可梦。它可以随心所欲地伸缩自己的脚，从很远的距离就可以踢倒对手。,舍命攻击,,310,,,,<<103;208>;<102;208>;<101;209>>,
463,快拳郎,,,461,,<7>,2,2,,,,2,,461,50461,,1,,<24;25;11;12>,,<50;76;105;79;35;110;455>,,2,11,2,<612;613;614;602;603>,,,2,463,,,4633,<4631;4632;4633;4636;61101;61102>,461,,<11052;11152;11252;11352>,20461,2,2,,461,16,2,2,2,<4611;4612;4613>,1021,,0.5,快拳郎，擅长格斗技的拳击宝可梦。发拳的速度出奇的迅速。,年度花式拳击冠军,,310,,,,<<103;208>;<102;208>;<101;209>>,
464,战舞郎,,,461,,<7>,2,3,,,,2,,461,50461,,1,,<24;25;11;12>,,<50;70;95;95;35;110;455>,,2,11,2,<612;613;614;602;603>,,,2,464,,,4643,<4641;4642;4643;4646;61101;61102>,461,,<11052;11152;11252;11352>,20461,2,2,,461,16,2,2,2,<4611;4612;4613>,1021,,0.5,战舞郎，倒立宝可梦。他那像舞蹈般华丽而流畅的踢技，往往在对手看的目不暇给的时候给予迎头痛击。,抵御反击,,310,,,,<<103;208>;<102;208>;<101;209>>,
471,大舌头,,,471,,<7>,,,,,,,,471,50471,,,,<24;23;14;16>,,<90;30;55;75;60;75;385>,,2,11,2,<606;607;608;602;603>,,,2,471,,,4713,<4711;4712;4713;4716;61151;61152>,471,,<11012;11112;11212;11312>,20471,2,2,,471,17,2,2,2,<4711;4712;4713>,1001,,1.1,大舌头，舔舔宝可梦，是一般属性。只要吃过一次就绝对不会忘记食物的味道和香味。,前排承伤：列排麻痹,,320,4,,,<<106;208>;<105;208>;<104;209>>,
472,大舌舔,,,471,,<7>,2,,,,,,,471,50471,,,,<24;23;14;16>,,<110;50;85;95;80;95;515>,,2,11,2,<606;607;608;602;603>,,,2,472,,,4723,<4721;4722;4723;4726;61151;61152>,471,,<11012;11112;11212;11312>,20471,2,2,,471,17,2,2,2,<4711;4712;4713>,1001,,1.1,不断伸出的舌头会卷住任何东西。一不留神靠近的话，就会被唾液弄得黏糊糊的。,前排承伤：列排麻痹,,320,4,,,<<106;208>;<105;208>;<104;209>>,
481,瓦斯弹,,,481,,<7>,,,,,,,,481,50481,,,,<15;16;11;12>,,<40;35;65;95;60;45;340>,,2,11,2,<621;622;623;602;603>,,,2,481,,,4813,<4811;4812;4813;4816;61151;61152>,481,,<11022;11122;11222;11322>,20481,2,2,,481,19,2,2,2,<4811;4812;4813>,1051,,0.65,瓦斯弹，毒气宝可梦。将比空气还轻的瓦斯囤积在体内飘浮在空中，那瓦斯不但很臭，还会爆炸。,毒系自爆炸弹,,330,2,,,<<109;209>;<108;208>;<107;208>>,
482,双弹瓦斯,,,481,,<7>,2,,,,,,,481,50481,,,,<15;16;11;12>,,<65;60;90;120;85;70;490>,,2,11,2,<621;622;623;602;603>,,,2,482,,,4823,<4821;4822;4823;4826;61151;61152>,481,,<11022;11122;11222;11322>,20481,2,2,,481,19,2,2,2,<4811;4812;4813>,1051,,0.65,这是一方膨胀另一方就会收缩的双胞胎瓦斯弹。它一直在体内混合着毒瓦斯。,毒系自爆炸弹,,330,2,,,<<109;209>;<108;208>;<107;208>>,
491,独角犀牛,,,491,,<7>,,,,,,,,491,50491,,,,<15;16;11;12>,,<80;25;85;95;30;30;345>,,3,11,3,<609;610;611;602;603>,,,3,491,,,4913,<4911;4912;4913;4916;61151;61152>,491,,<11003;11103;11203;11303>,20491,3,3,{drawcard=huang_effect_loop},491,2,3,3,3,<4911;4912;4913;4914>,1062,15,1.15,独角犀牛，尖角宝可梦。被坚硬的装甲所保护，使出撞击绝招的破坏力非常强大。,物防坦克,,420,4,,,<<113;206>;<114;206>;<115;204>>,
492,钻角犀兽,,,491,,<7>,2,,,,,,,491,50491,,,,<11;12;15;16>,,<105;40;130;120;45;45;485>,,3,11,3,<609;610;611;602;603>,,,3,492,,,4923,<4921;4922;4923;4926;61151;61152>,491,,<11003;11103;11203;11303>,20491,3,3,{drawcard=huang_effect_loop},491,2,3,3,3,<4911;4912;4913;4914>,1062,15,1.15,钻角犀兽，钻锥宝可梦。是独角犀牛的进化形。犀角大，攻击力也强大。,物防坦克,,420,4,,,<<113;206>;<114;206>;<115;204>>,
493,超甲狂犀,,,491,,<7>,3,,,,,,,491,50491,,,,<11;12;15;16>,,<115;40;140;130;55;55;535>,,3,11,3,<609;610;611;602;603>,,,3,493,,,4933,<4931;4932;4933;4936;61151;61152>,491,,<11003;11103;11203;11303>,20491,3,3,{drawcard=huang_effect_loop},491,2,3,3,3,<4911;4912;4913;4914>,1062,15,1.15,在手掌的洞里塞满岩石，用肌肉的力量发射出去。偶尔会飞出小拳石。,物防坦克,,420,4,,,<<113;206>;<114;206>;<115;204>>,
501,小福蛋,<cn;kr;en;en_us;en_eu;tw>,<cn>,501,,<7>,,,,,,,,501,50501,,2,,<6;8;22;25>,,<100;30;5;5;15;65;220>,,3,11,3,<606;607;608;602;603>,,,3,501,,,5013,<5011;5012;5013;5016;61151;61152>,501,,<11013;11113;11213;11313>,20501,3,3,{drawcard=huang_effect_loop},501,5,3,3,3,<5011;5012;5013;5014>,1092,15,2.55,小福蛋，家家酒宝可梦，最喜欢白色圆形物体，把卵形的圆石放在腹袋中，并交给喜欢的人。,你看起来很好吃,,440,2,,,<<118;204>;<119;204>>,
502,吉利蛋,<cn;kr;en;en_us;en_eu;tw>,<cn>,501,,<7>,2,,,,,,,501,50501,,2,,<6;8;22;25>,,<250;50;5;5;35;105;450>,,3,11,3,<606;607;608;602;603>,,,3,502,,,4933,<5021;5022;5023;5026;61151;61152>,501,,<11013;11113;11213;11313>,20501,3,3,{drawcard=huang_effect_loop},501,5,3,3,3,<5011;5012;5013;5014>,1092,15,2.55,性格温柔的宝可梦，当它看到受伤的宝可梦时，会把营养丰富的蛋分给对方。,强力治疗,,440,2,,,<<118;204>;<119;204>>,
503,幸福蛋,<cn;kr;en;en_us;en_eu;tw>,<cn>,501,,<7>,3,,,,,,,501,50501,,2,,<22;24;18;20>,,<255;55;10;10;75;135;540>,,3,11,3,<606;607;608;602;603>,,,3,503,,,4933,<5031;5032;5033;5036;61151;61152>,501,,<11013;11113;11213;11313>,20501,3,3,{drawcard=huang_effect_loop},501,5,3,3,3,<5011;5012;5013;5014>,1092,15,2.55,幸福蛋，快乐宝可梦，是吉利蛋的进化形。是心地善良的宝可梦，被认为很喜欢照顾人。,生命の终极,,440,2,,,<<118;204>;<119;204>>,
541,角金鱼,,,541,,<7>,,,,,,,,,50541,,,,<7;8;9;12>,,<45;63;67;60;35;50;320>,,,,,<621;622;623;602;603>,,,,541,,,5413,<5411;5412;5413;5416;61151;61152>,541,,<11021;11121;11221;11321>,20541,,2,,541,14,,,,<5411;5412;5413>,,,,到了产卵期你就可以看到成群的角金鱼逆流而行或是攀登瀑布。,大概是条咸鱼,,230,2,,,<<107;209>;<108;209>;<109;208>>,
542,金鱼王,,,541,,<7>,2,,,,,,,,50541,,,,<24;25;11;12>,,<80;68;92;65;65;80;450>,,,,,<621;622;623;602;603>,,,,542,,,5423,<5421;5422;5423;5426;61151;61152>,541,,<11021;11121;11221;11321>,20541,,2,,541,14,,,,<5411;5412;5413>,,,,金鱼王，金鱼宝可梦，是角金鱼的进化形。像钻子一样坚硬的角遇到再坚硬的岩石都可以加以粉碎。,大概是条咸鱼,,230,2,,,<<107;209>;<108;209>;<109;208>>,
551,海星星,,,551,,<8>,,,,,,,,551,50551,,0,,<6;7;18;19>,,<30;85;45;55;70;55;340>,,2,11,2,<621;622;623;602;603>,,,2,551,,,5513,<5511;5512;5513;5516;61151;61152>,551,,<11022;11122;11222;11322>,20551,2,2,,551,19,2,2,2,<5511;5512;5513>,1041,,0.6,宝可梦，海星星。那是雌雄同体，同时是男的也是女的。所以跟任何人都可以搭建起恋爱的关系。,增益辅助：驱散负面,,330,2,,,<<109;209>;<108;208>;<107;208>>,
552,宝石海星,,,551,,<8>,2,,,,,,,551,50551,,0,,<6;7;18;19>,,<60;115;75;85;100;85;520>,,2,11,2,<621;622;623;602;603>,,,2,552,,,5523,<5521;5522;5523;5526;61151;61152>,551,,<11022;11122;11222;11322>,20551,2,2,,551,19,2,2,2,<5511;5512;5513>,1041,,0.6,据说当被称为其核心的中心部分闪烁着七色光芒时，就代表着它正在传达信息。,增益辅助：驱散负面,,330,2,,,<<109;209>;<108;208>;<107;208>>,
561,魔尼尼,<cn;kr;en;en_us;en_eu;tw>,,561,,<8>,,,,,,,,561,50561,,,,<22;24;18;20>,,<20;60;25;45;70;90;310>,,3,11,3,<606;607;608;602;603>,,,3,561,,,5613,<5611;5612;5613;5616;61101;61102>,561,,<11013;11113;11213;11313>,20561,3,3,{drawcard=huang_effect_loop},561,2,3,3,3,<5611;5612;5613;5614>,1022,15,0.4,魔尼尼是一只粉红色和深蓝色的小型宝可梦，肚子上有红色的凹凸，脸上有一个红色的小丑鼻子。它有纤细的手臂和小手。头顶像是戴着一个小丑的帽子,屏障守护,,430,2,,,<<116;204>;<117;206>>,<102;103>
562,魔墙人偶,<cn;kr;en;en_us;en_eu;tw>,,561,,<8>,2,,,,,,,561,50561,,,,<22;24;18;20>,,<40;90;45;65;100;120;460>,,3,11,3,<606;607;608;602;603>,,,3,562,,,5623,<5621;5622;5623;5626;61101;61102>,561,,<11013;11113;11213;11313>,20561,3,3,{drawcard=huang_effect_loop},561,2,3,3,3,<5611;5612;5613;5614>,1022,15,0.4,魔墙人偶，障壁宝可梦。它用最擅长的哑剧制造出来的墙壁，会真的形成墙壁。由于发现的案例不多，还有很多的不明点。,屏障守护,,430,2,,,<<116;204>;<117;206>>,<101;102>
571,飞天螳螂,,,571,,<7>,,,,,,,,571,50571,,,,<7;8;9;12>,,<70;105;110;80;55;80;500>,,3,11,3,<609;610;611;602;603>,,,3,571,,,5713,<5711;5712;5713;5716;61101;61102>,571,,<11003;11103;11203;11303>,20571,3,3,{drawcard=huang_effect_loop},571,,3,3,3,<5711;5712;5713;5714>,1162,15,0.7,飞天螳螂，螳螂宝可梦。用锐利的镰刀捕捉猎物，有时还可以挥动翅膀飞翔。很少被人撞见，捕获飞天螳螂的例子不多。,残血收割&连斩刺客,571,410,,,,<<110;204>;<111;206>;<112;204>>,<102;103>
572,巨钳螳螂,,,571,,<7>,2,,,,,,,571,50571,,,,<11;12;15;16>,,<70;65;130;100;55;80;500>,,3,11,3,<609;610;611;602;603>,,,3,572,,{105=<5731;5732;5733;5736;61101;61102>},5723,<5721;5722;5723;5726;61101;61102>,571,,<11003;11103;11203;11303>,20571,3,3,{drawcard=huang_effect_loop},571,,3,3,3,<5711;5712;5713;5714>,1162,15,0.7,巨钳螳螂，剪刀宝可梦，是飞天螳螂的进化形。瞬间行动的速度很快，会以迅速而巨大的巨钳发招攻击。,残血收割&连斩刺客,571,410,,,,<<110;204>;<111;206>;<112;204>>,<103;102>
574,超级巨钳螳螂,<cn;kr;tw;en;en_us;en_eu>,,571,,<7>,3,,,5710,,,,572,50571,,,,<11;12;15;16>,2,<70;75;150;140;65;100;600>,,3,11,3,<609;610;611;602;603>,,,3,574,,{105=<5751;5752;5753;5756;61101;61102>},5743,<5741;5742;5743;5746;61101;61102>,571,,<11003;11103;11203;11303>,20571,3,3,{drawcard=huang_effect_loop},571,,3,3,3,<5711;5712;5713;5714>,1532,15,0.7,受超级进化的影响，钳子变化成了会把夹住的东西都撕成碎片的凶恶形态。,残血收割&连斩刺客,574,410,,,,<<110;204>;<111;206>;<112;204>>,<104>
591,电击怪,,,591,,<7>,,,,,,,,591,50591,,,,<10;11;13;9>,,<45;95;63;37;65;55;360>,,3,11,3,<612;613;614;602;603>,,,3,591,,,5913,<5911;5912;5913;5916;61101;61102>,591,,<11053;11153;11253;11353>,20591,3,3,{drawcard=huang_effect_loop},591,,3,3,3,<5911;5912;5913;5914>,1032,15,0.75,电击怪，电气宝可梦，电击兽进化前的状况。旋转手臂就可以发电。,暴力输出：蓄电增伤,,410,,,,<<110;204>;<111;206>;<112;204>>,
592,电击兽,,,591,,<7>,2,,,,,,,591,50591,,,,<10;11;13;9>,,<65;105;83;57;95;85;490>,,3,11,3,<612;613;614;602;603>,,,3,592,,,5923,<5921;5922;5923;5926;61101;61102>,591,,<11053;11153;11253;11353>,20591,3,3,{drawcard=huang_effect_loop},591,,3,3,3,<5911;5912;5913;5914>,1032,15,0.75,要是发生了大片的停电，那一定是电击兽偷偷吃掉了发电站的电能。,暴力输出：蓄电增伤,,410,,,,<<110;204>;<111;206>;<112;204>>,
593,电击魔兽,,,591,,<7>,3,,,,,,,591,50591,,,,<10;11;13;9>,,<75;95;123;67;95;85;540>,,3,11,3,<612;613;614;602;603>,,,3,593,,,5933,<5931;5932;5933;5936;61101;61102>,591,,<11053;11153;11253;11353>,20591,3,3,{drawcard=huang_effect_loop},591,,3,3,3,<5911;5912;5913;5914>,1032,15,0.75,全然不顾对手的攻击接近对手，把两根尾巴摁在对手身上，释放出高压电击。,暴力输出：蓄电增伤,,410,,,,<<110;204>;<111;206>;<112;204>>,
601,鸭嘴宝宝,,,601,,<8>,,,,,,,,601,50601,,,,<18;19;20;21>,,<45;83;75;37;70;55;365>,,3,11,3,<618;619;620;602;603>,,,3,601,,,6013,<6011;6012;6013;6016;61101;61102>,601,,<11033;11133;11233;11333>,20601,3,3,{drawcard=huang_effect_loop},601,,3,3,3,<6011;6012;6013;6014>,1562,15,0.75,鸭嘴宝宝，火种宝可梦，鸭嘴火兽进化之前的形态，体型娇小却能喷出高热火焰，是不可轻视的宝可梦,爆发输出：引爆灼烧,601,410,,,,<<110;204>;<111;206>;<112;204>>,<102;103>
602,鸭嘴火兽,,,601,,<8>,2,,,,,,,601,50601,,,,<18;19;20;21>,,<65;93;95;57;100;85;495>,,3,11,3,<618;619;620;602;603>,,,3,602,,,6023,<6021;6022;6023;6026;61101;61102>,601,,<11033;11133;11233;11333>,20601,3,3,{drawcard=huang_effect_loop},601,,3,3,3,<6011;6012;6013;6014>,1562,15,0.75,鸭嘴火兽，喷火宝可梦。有高温的身体，嘴巴会喷出火焰。听说是在火山的火山口附近发现的。,爆发输出：引爆灼烧,601,410,,,,<<110;204>;<111;206>;<112;204>>,<102;103>
603,鸭嘴炎兽,,,601,,<8>,3,,,,,,,601,50601,,,,<18;19;20;21>,,<75;83;95;67;125;95;540>,,3,11,3,<618;619;620;602;603>,,,3,603,,,6033,<6031;6032;6033;6036;61101;61102>,601,,<11033;11133;11233;11333>,20601,3,3,{drawcard=huang_effect_loop},601,,3,3,3,<6011;6012;6013;6014>,1562,15,0.75,喷射出高达2000摄氏度的火球时，身体由于发热，会微微呈现出白色。,爆发输出：引爆灼烧,601,410,,,,<<110;204>;<111;206>;<112;204>>,<104>
611,凯罗斯,<cn;kr;tw;en;en_us;en_eu>,<cn>,611,,<7>,,,,,,,,611,50611,,,,<24;25;11;12>,,<65;85;125;100;55;70;500>,,3,11,3,<609;610;611;602;603>,,,3,611,,,6113,<6111;6112;6113;6116;61101;61102>,611,,<11003;11103;11203;11303>,20611,3,3,{drawcard=huang_effect_loop},611,,3,3,3,<6111;6112;6113;6114>,1022,15,0.65,凯罗斯拥有两只又长又大的角，一旦夹着对方，便会一直割开对方一分为二为止。,暴力输出：生命切断,611,410,,,,<<110;204>;<111;206>;<112;204>>,
631,暴鲤龙,,,631,,<7>,,,,,,,,631,50631,,,,<24;25;11;12>,,<95;81;125;79;60;100;540>,,3,11,3,<621;622;623;602;603>,,,3,632,,,6323,<6321;6322;6323;6326;61101;61102>,631,,<11023;11123;11223;11323>,20631,3,3,{drawcard=huang_effect_loop},631,,3,3,3,<6311;6312;6313;6314>,1152,15,0.95,暴鲤龙，这个宝可梦个性凶暴必需多加提防。牙齿硬得能够咬碎石头，还拥有像钢铁一样硬的鳞片。,暴力输出：牺牲理性,,410,,,,<<110;204>;<111;206>;<112;204>>,
632,超级暴鲤龙,<cn;kr;tw;en;en_us;en_eu>,,631,,<7>,2,,,6310,,,,632,50631,,,,<24;25;11;12>,2,<95;81;155;109;70;130;640>,,3,11,3,<621;622;623;602;603>,,,3,634,,,6343,<6341;6342;6343;6346;61101;61102>,631,,<11023;11123;11223;11323>,20631,3,3,{drawcard=huang_effect_loop},631,,3,3,3,<6311;6312;6313;6314>,1172,15,0.95,虽然本能会驱使它破坏一切，但也会听命于自己真正信任的训练家。,暴力输出：牺牲理性,,410,,,,<<110;204>;<111;206>;<112;204>>,
641,拉普拉斯,<cn;kr;tw;en;en_us;en_eu>,<cn;kr;tw;en;en_us;en_eu>,641,,<8>,,,,,,,,641,50641,,,,<18;20;22;24>,2,<130;60;85;80;85;95;535>,,3,11,3,<621;622;623;602;603>,,,3,641,,,6413,<6411;6412;6413;6416;61151;61152>,641,,<11023;11123;11223;11323>,20641,3,3,{drawcard=huang_effect_loop},641,2,3,3,3,<6411;6412;6413;6414>,1202,15,1.3,拉普拉斯，可以理解人语，有高度智慧的宝可梦。个性温和，不喜欢战斗。喜欢背上载人的宝可梦。,生命存储,,420,4,,,<<113;206>;<114;206>;<115;204>>,
691,化石盔,,,691,,<7>,,,,,,,,691,50691,,,,<15;16;11;12>,,<30;55;80;90;55;45;355>,,2,11,2,<615;616;617;602;603>,,,2,691,,,6913,<6911;6912;6913;6916;61151;61152>,691,,<11042;11142;11242;11342>,20691,2,2,,691,16,2,2,2,<6911;6912;6913>,1191,,0.6,化石盔，甲壳类宝可梦。是甲蟹的祖先，也是乌龟的祖先。以厚实的盔甲保护身体，在海上能非常顺利的前进。,破防输出,,310,,,,<<103;208>;<102;208>;<101;209>>,
692,镰刀盔,,,691,,<7>,2,,,,,,,691,50691,,,,<11;12;15;16>,,<60;80;115;105;65;70;495>,,2,11,2,<615;616;617;602;603>,,,2,692,,,6923,<6921;6922;6923;6926;61151;61152>,691,,<11042;11142;11242;11342>,20691,2,2,,691,16,2,2,2,<6911;6912;6913>,1191,,0.6,被认为是几万年前灭绝的宝可梦，其生态一切都是谜，至今仍然有人认为他们可能活在某些地方，可是尚未有人发现活着的宝可梦。,破防输出,,310,,,,<<103;208>;<102;208>;<101;209>>,
701,化石翼龙,<cn;kr;en;en_us;en_eu;tw>,<cn;kr;en;en_us;en_eu;tw>,701,,<7>,,,,,,,,701,50701,,,,<8;9;13;12>,,<80;130;105;65;60;75;515>,,3,11,3,<615;616;617;602;603>,,,3,701,,,7013,<7011;7012;7013;7016;61101;61102>,701,,<11043;11143;11243;11343>,20701,3,3,{drawcard=huang_effect_loop},701,,3,3,3,<7011;7012;7013;7014>,1152,15,0.8,化石翼龙，因为有锐利的獠牙，而被确认为肉食性宝可梦。想象中他是利用锐利的爪子来捕获猎物的。,暴力输出：嗜血撕裂,,410,,,,<<110;204>;<111;206>;<112;204>>,
702,超级化石翼龙,<cn>,,701,,<7>,2,,,7010,,,,702,50701,,,,<8;9;13;12>,2,<80;150;135;85;70;95;615>,,3,11,3,<615;616;617;602;603>,,,3,702,,,7023,<7021;7022;7023;7026;61101;61102>,701,,<11043;11143;11243;11343>,20701,3,3,{drawcard=huang_effect_loop},701,,3,3,3,<7011;7012;7013;7014>,1162,15,1.6,因超级进化而失去的遗传基因重新复苏，覆盖全身的尖锐岩石也去而复返,粗砺之风&速度压制,,410,,,,<<110;204>;<111;206>;<112;204>>,
711,小卡比兽,<cn;tw;kr;en;en_us;en_eu>,<cn;tw;kr;en;en_us;en_eu>,711,,<7>,,,,,,,,711,50711,,,,<24;25;11;12>,,<135;5;85;40;40;85;390>,,3,11,3,<606;607;608;602;603>,,,3,711,,,7113,<7111;7112;7113;7116;61151;61152>,711,,<11013;11113;11213;11313>,20711,3,3,{drawcard=huang_effect_loop},711,2,3,3,3,<7111;7112;7113;7114>,1062,15,1.6,总之全神贯注地大吃大喝，完全不去讲究食物的味道，就算是腐烂的东西也照吃不误。,前排承伤：睡眠回血,711,420,4,,,<<113;206>;<114;206>;<115;204>>,
712,卡比兽,<cn;tw;kr;en;en_us;en_eu>,<cn;tw;kr;en;en_us;en_eu>,711,,<7>,2,,,,,,,711,50711,,,,<24;25;11;12>,,<160;30;110;65;65;110;540>,,3,11,3,<606;607;608;602;603>,,,3,712,,,7123,<7121;7122;7123;7126;61151;61152>,711,,<11013;11113;11213;11313>,20711,3,3,{drawcard=huang_effect_loop},711,2,3,3,3,<7111;7112;7113;7114>,1062,15,1.6,卡比兽，瞌睡宝可梦。一天不吃四百公斤的食物，就不罢休的宝可梦，习性是吃饱睡睡饱吃。,前排承伤：睡眠回血,711,420,4,,,<<113;206>;<114;206>;<115;204>>,
721,急冻鸟,,,721,,<8>,,,,,,,,721,50721,,0,,<24;23;14;16>,2,<90;85;85;100;95;125;580>,,3,11,3,<615;616;617;602;603>,,,3,721,,,7213,<7211;7212;7213;7216;61101;61102>,721,,<11043;11143;11243;11343>,20721,3,3,{drawcard=huang_effect_loop},721,3,3,3,3,<7211;7212;7213;7214>,1072,15,0.9,急冻鸟，冷冻宝可梦。拥有晶莹剔透，冰块般的翅膀。是会一边冻结空气中的水份一边飞行的，传说中的宝可梦。,冰之圣鸟&冰系核心,721,440,2,,,<<118;204>;<119;204>>,
731,闪电鸟,,,731,,<8>,,,,,,,,731,50731,,0,,<6;7;18;19>,2,<90;100;90;85;125;90;580>,,3,11,3,<612;613;614;602;603>,,,3,731,,{132=<7321;7322;7323;7326;61101;61102>},7313,<7311;7312;7313;7316;61101;61102>,731,,<11053;11153;11253;11353>,20731,3,3,{drawcard=huang_effect_loop},731,4,3,3,3,<7311;7312;7313;7314>,1192,15,0.9,闪电鸟，电击属性宝可梦。拍动闪亮的翅膀时，会产生激烈的雷电。,电之圣鸟&电系核心,731,430,2,,,<<116;204>;<117;206>>,
741,火焰鸟,,,741,,<8>,,1,,,,,,741,50741,,0,,<18;19;20;21>,2,<90;90;100;90;125;85;580>,,3,11,3,<618;619;620;602;603>,,,3,741,,,7413,<7411;7412;7413;7416;61101;61102>,741,,<11033;11133;11233;11333>,20741,3,3,{drawcard=huang_effect_loop},741,,3,3,3,<7411;7412;7413;7414>,1002,15,0.9,火焰鸟，传说的宝可梦，橙色的如燃烧一般的翅膀凌驾看到的一切。,火之圣鸟&火系核心,741,410,,,,<<110;204>;<111;206>;<112;204>>,
751,迷你龙,,,751,,<7>,,,,,,,,751,50751,,,,<10;11;13;9>,,<41;50;64;45;50;50;300>,,3,11,3,<618;619;620;602;603>,,,3,751,,,60009,<60007;60008;60009;61101;61102>,751,,<11033;11133;11233;11333>,20751,3,3,{drawcard=huang_effect_loop},751,,3,3,3,<7511;7512;7513;7514>,1102,15,0.91,迷你龙，龙宝可梦。受到瀑布宣泄而下的激烈水流保护。不断脱皮成长的宝可梦。,,,410,,,,<<110;204>;<111;206>;<112;204>>,
752,哈克龙,,,751,,<7>,2,,,,,,,751,50751,,,,<10;11;13;9>,,<61;70;84;65;70;70;420>,,3,11,3,<618;619;620;602;603>,,,3,752,,,60009,<60007;60008;60009;61101;61102>,751,,<11033;11133;11233;11333>,20751,3,3,{drawcard=huang_effect_loop},751,,3,3,3,<7511;7512;7513;7514>,1102,15,0.91,哈克龙，龙宝可梦。虽然没有翅膀，但是传说它可以飞在空中。,,,410,,,,<<110;204>;<111;206>;<112;204>>,
753,快龙,,,751,,<7>,3,,,,,,,751,50751,,,,<10;11;13;9>,2,<91;80;134;95;100;100;600>,,3,11,3,<618;619;620;602;603>,,,3,753,,,7533,<7531;7532;7533;7534;7536;61101;61102>,751,,<11033;11133;11233;11333>,20751,3,3,{drawcard=huang_effect_loop},751,,3,3,3,<7511;7512;7513;7514>,1102,15,0.91,快龙，龙宝可梦。其存在非常稀少，是现在已知的宝可梦之中，飞行速度最快的一种宝可梦。,多效输出：负面增伤,,410,,,,<<110;204>;<111;206>;<112;204>>,
761,超梦,,,761,,<8>,,,,,,,,761,50761,,0,,<6;7;18;19>,3,<106;130;110;90;154;90;680>,,4,21,4,<606;607;608;604;605>,,,4,761,,,7613,<7611;7612;7613;7616;61101;61102>,761,,<11014;11114;11214;11314>,20761,4,4,{drawcard=hong_effect_loop},761,6,4,4,4,<7611;7612;7613;7614>,1033,20,1.06,通过操作遗传基因而制造出来的宝可梦。人类的科学力量可以造出它的身体，却无法造出一颗温柔的心,为战而生&超能压制,,510,,,<1001;1002>,<<120;204>;<121;202>>,<1013;1014>
762,超级超梦X,<cn;tw;kr;en_us;en>,,761,,<7>,2,1,,7610,,9,,762,50761,,0,,<10;11;13;9>,3,<106;130;190;100;154;100;780>,,4,21,4,<606;607;608;604;605>,,,4,762,,{142=<7591;7592;7594;7596;61101;61102;7593>},7624,<7621;7622;7624;7626;61101;61102;7623>,761,,<11014;11114;11214;11314>,20761,4,4,{drawcard=huang_effect_loop},761,6,4,4,4,<7611;7612;7613;7614>,1203,20,1.06,超梦的X超进化形态，身体的肌肉因精神力量而增强，格斗力量被提升至极限，无与伦比的力量专为战斗而存在，因此变得除了打倒面前的敌人之外什么都不想,修罗拳意&杀气感知,,610,,,<2007;2009;2017>,<<127;201>;<128;203>>,<2007;2016;2032>
763,超级超梦Y,<cn;tw;kr;en_us;en>,,761,,<8>,2,2,,7611,,9,,763,50761,,0,,<18;19;20;21>,3,<106;140;150;70;194;120;780>,,4,21,4,<606;607;608;604;605>,,,4,764,,{153=<7671;7672;7674;7676;61101;61102;7673>},7644,<7641;7642;7644;7646;61101;61102;7643>,761,,<11014;11114;11214;11314>,20761,4,4,{drawcard=huang_effect_loop},761,6,4,4,4,<7611;7612;7613;7614>,1033,20,1.06,超梦的Y超进化形态，虽然身体变小了，力量却大到无法计算，只要稍稍使用念力，哪怕是高楼大厦也会顷刻化为灰烬,神形双体&精神掌控,,610,,,<2008;2039;2051>,<<127;201>;<128;203>>,<2008;2017>
771,梦幻,,,771,,<8>,,,,,,,,771,50771,,0,,<6;7;18;19>,2,<100;100;100;100;100;100;600>,,3,11,3,<606;607;608;602;603>,,,3,771,,,7713,<7711;7712;7713;7716;61101;61102>,771,,<11013;11113;11213;11313>,20771,3,3,{drawcard=huang_effect_loop},771,3,3,3,3,<7711;7712;7713;7714>,1572,15,,幻之宝可梦，据说有着所有宝可梦的遗传基因，只有遇到拥有纯洁的心灵和想要与强者相见的情感的人才会现身,群体控制,,440,2,,,<<118;204>;<119;204>>,
781,菊草叶,,,781,,<8>,,,,,,,,781,50781,,,,<24;23;14;16>,,<45;45;49;65;49;65;318>,,2,11,2,<609;610;611;602;603>,,,2,781,,,7813,<7811;7812;7813;7816;61151;61152>,781,,<11002;11102;11202;11302>,20781,2,2,,781,20,2,2,2,<7811;7812;7813>,1031,,0.8,虽然会挥舞叶子威吓对手，但由于叶子上会飘散出甜甜的香气，所以双方都会变得心平气和下来哦。,群体治疗,,330,2,,,<<109;209>;<108;208>;<107;208>>,
782,月桂叶,,,781,,<8>,2,,,,,,,781,50781,,,,<24;23;14;16>,,<60;60;62;80;63;80;405>,,2,11,2,<609;610;611;602;603>,,,2,782,,,7823,<7821;7822;7823;7826;61151;61152>,781,,<11002;11102;11202;11302>,20781,2,2,,781,20,2,2,2,<7811;7812;7813>,1031,,0.8,月桂叶，叶宝可梦，菊草叶的进化形。飞叶快刀的绝招很强。有时候脖子周围会散发出香料的味道。,群体治疗,,330,2,,,<<109;209>;<108;208>;<107;208>>,
783,大竺葵,,,781,,<8>,3,,,,,,,781,50781,,,,<24;23;14;16>,,<80;80;82;100;83;100;525>,,2,11,2,<609;610;611;602;603>,,,2,783,,,7833,<7831;7832;7833;7836;61151;61152>,781,,<11002;11102;11202;11302>,20781,2,2,,781,20,2,2,2,<7811;7812;7813>,1031,,0.8,大竺葵，香草宝可梦，是菊草叶的最终进化形。大竺葵吐出的气息，具有让枯萎的草复苏的力量。,群体治疗,,330,2,,,<<109;209>;<108;208>;<107;208>>,
791,火球鼠,,,791,,<8>,,,,,,,,791,50791,,,,<6;7;18;19>,,<39;65;52;43;60;50;309>,,2,11,2,<618;619;620;602;603>,,,2,791,,,7913,<7911;7912;7913;7916;61101;61102>,791,,<11032;11132;11232;11332>,20791,2,2,,791,16,2,2,2,<7911;7912;7913>,1161,,0.78,火球鼠，火焰宝可梦。个性温和，兴奋的时候会从背上发出火焰。,看脸输出,,310,,,,<<103;208>;<102;208>;<101;209>>,
792,火岩鼠,,,791,,<8>,2,,,,,,,791,50791,,,,<6;7;18;19>,,<58;80;64;58;80;65;405>,,2,11,2,<618;619;620;602;603>,,,2,792,,,7923,<7921;7922;7923;7926;61101;61102>,791,,<11032;11132;11232;11332>,20791,2,2,,791,16,2,2,2,<7911;7912;7913>,1161,,0.78,火岩鼠，火山宝可梦，火球鼠的进化形。使用背上火炎的攻击，威力超群。,看脸输出,,310,,,,<<103;208>;<102;208>;<101;209>>,
793,火暴兽,,,791,,<8>,3,,,,,,,791,50791,,,,<6;7;18;19>,,<78;100;84;78;109;85;534>,,2,11,2,<618;619;620;602;603>,,,2,793,,,7933,<7931;7932;7933;7936;61101;61102>,791,,<11032;11132;11232;11332>,20791,2,2,,791,16,2,2,2,<7911;7912;7913>,1161,,0.78,会用灼热的火焰在周围制造出热浪隐藏身影。燃起的爆炸气浪能烧尽一切。,看脸输出,,310,,,,<<103;208>;<102;208>;<101;209>>,
801,小锯鳄,,,801,,<7>,,,,,,,,801,50801,,,,<11;12;15;16>,,<50;43;65;64;44;48;314>,,2,11,2,<621;622;623;602;603>,,,2,801,,,8013,<8011;8012;8013;8016;61101;61102>,801,,<11022;11122;11222;11322>,20801,2,2,,801,16,2,2,2,<8011;8012;8013>,1091,,0.85,小锯鳄，大嘴宝可梦。拥有肌肉发达的下颚，什么东西都可以咬碎。对于眼前移动的任何东西，都会产生反射反应，忍不住上前咬住。,暴力输出,,310,,,,<<103;208>;<102;208>;<101;209>>,
802,蓝鳄,,,801,,<7>,2,,,,,,,801,50801,,,,<7;8;9;12>,,<65;58;80;80;59;63;405>,,2,11,2,<621;622;623;602;603>,,,2,802,,,8023,<8021;8022;8023;8026;61101;61102>,801,,<11022;11122;11222;11322>,20801,2,2,,801,16,2,2,2,<8011;8012;8013>,1091,,0.85,蓝鳄，大颚宝可梦。小锯鳄的进化形，张开大嘴攻击，牙齿即使掉下也能马上长出来。,暴力输出,,310,,,,<<103;208>;<102;208>;<101;209>>,
803,大力鳄,,,801,,<7>,3,,,,,,,801,50801,,,,<11;12;15;16>,,<85;78;105;100;79;83;530>,,2,11,2,<621;622;623;602;603>,,,2,803,,,8033,<8031;8032;8033;8036;61101;61102>,801,,<11022;11122;11222;11322>,20801,2,2,,801,16,2,2,2,<8011;8012;8013>,1091,,0.85,大力鳄，大下巴宝可梦，是小锯鳄的最终形态。巨大而有力的下巴，一旦咬住的话，在对手倒下以前，是绝对不会松口的。,暴力输出,,310,,,,<<103;208>;<102;208>;<101;209>>,
861,波克比,<cn;kr;tw;en;en_us;en_eu>,,861,,<8>,,,,,,,,861,50861,,,,<24;23;14;16>,,<35;20;20;65;40;65;245>,,3,11,3,<618;619;620;602;603>,,,3,861,,,8613,<8611;8612;8613;8616;61101;61102>,861,,<11033;11133;11233;11333>,20861,3,3,{drawcard=huang_effect_loop},861,,3,3,3,<8611;8612;8613;8614>,1002,15,0.85,波克比，针球宝可梦。据说对他温柔的话，就会发出令人心境祥和的光芒。,看脸辅助,861,410,,,,<<110;204>;<111;206>;<112;204>>,<103;102>
862,波克基古,<cn;kr;tw;en;en_us;en_eu>,,861,,<8>,2,,,,,,,861,50861,,,,<24;23;14;16>,,<55;40;40;85;80;105;405>,,3,11,3,<618;619;620;602;603>,,,3,862,,,8623,<8621;8622;8623;8626;61101;61102>,861,,<11033;11133;11233;11333>,20861,3,3,{drawcard=huang_effect_loop},861,,3,3,3,<8611;8612;8613;8614>,1002,15,0.85,据说是会带来幸运的宝可梦。如果发现心灵纯洁的人或宝可梦，就会现身并将幸福分给他们。,看脸辅助,861,410,,,,<<110;204>;<111;206>;<112;204>>,<101;102>
863,波克基斯,<cn;kr;tw;en;en_us;en_eu>,,861,,<8>,3,,,,,,,861,50861,,,,<24;23;14;16>,,<85;80;50;95;120;115;545>,,3,11,3,<618;619;620;602;603>,,,3,863,,,8633,<8631;8632;8633;8636;61101;61102>,861,,<11033;11133;11233;11333>,20861,3,3,{drawcard=huang_effect_loop},861,,3,3,3,<8611;8612;8613;8614>,1002,15,0.85,波克基斯通常对宝可梦很友好、很关心。它们往往会回避冲突，据说它们从不出现在发生冲突的地方。它们被称作会分享祝福与关心的宝可梦。,看脸辅助,861,410,,,,<<110;204>;<111;206>;<112;204>>,<102;103>
881,咩利羊,,,881,,<8>,,,,,,,,881,50881,,,,<22;24;18;20>,,<55;35;40;40;65;45;280>,,3,11,3,<612;613;614;602;603>,,,3,881,,,8813,<8811;8812;8813;8816;61151;61152>,881,,<11053;11153;11253;11353>,20881,3,3,{drawcard=huang_effect_loop},881,4,3,3,3,<8811;8812;8813;8814>,1002,15,0.9,咩利羊，绵羊宝可梦。身上软绵绵的羊毛可以储存静电，性格温驯，不喜欢战斗。,电系增益辅助,881,430,2,,,<<116;204>;<117;206>>,
882,茸茸羊,,,881,,<8>,2,,,,,,,881,50881,,,,<22;24;18;20>,,<70;45;55;55;80;60;365>,,3,11,3,<612;613;614;602;603>,,,3,882,,,8823,<8821;8822;8823;8826;61151;61152>,881,,<11053;11153;11253;11353>,20881,3,3,{drawcard=huang_effect_loop},881,4,3,3,3,<8811;8812;8813;8814>,1002,15,0.9,茸茸羊，绵毛宝可梦，软绵绵的体毛会储存电气，不过他拥有像橡皮一样的皮肤所以不会电到自己。,电系增益辅助,881,430,2,,,<<116;204>;<117;206>>,
883,电龙,,,881,,<8>,3,,,,,,,881,50881,,,,<22;24;18;20>,,<90;55;75;85;115;90;510>,,3,11,3,<612;613;614;602;603>,,,3,883,,,8833,<8831;8832;8833;8836;61151;61152>,881,,<11053;11153;11253;11353>,20881,3,3,{drawcard=huang_effect_loop},881,4,3,3,3,<8811;8812;8813;8814>,1002,15,0.9,电龙，光电宝可梦。尾巴尖端会发光，光芒可以传到很远的地方，成为指引迷路者的路标。被人们当成照明灯，很受器重。,电系增益辅助,881,430,2,,,<<116;204>;<117;206>>,
884,超级电龙,<cn;kr;tw;en;en_us;en_eu>,,881,,<8>,4,,,8810,,,,882,50881,,,,<22;24;18;20>,2,<90;45;95;105;165;110;610>,,3,11,3,<612;613;614;602;603>,,,3,884,,,8843,<8841;8842;8843;8846;61151;61152>,881,,<11053;11153;11253;11353>,20881,3,3,{drawcard=huang_effect_loop},881,4,3,3,3,<8811;8812;8813;8814>,1072,15,0.9,超级电龙中再度出现毛发，且有飘逸感，超级电龙的尾巴也出现了很多红色球体 。,电系增益辅助,884,430,2,,,<<116;204>;<117;206>>,
891,露力丽,,,891,,<8>,,,,,,,,,50891,,,,<24;23;14;16>,,<50;20;20;40;20;40;190>,,,,,<606;607;608;602;603>,,,,891,,,8913,<8911;8912;8913;8916;61151;61152>,891,,<11011;11111;11211;11311>,20891,,2,,891,11,,,,<8911;8912;8913>,,,,由充沛的营养所累积的尾巴，像橡皮球一样会反弹。在晴天的时候会聚集在水边玩水。,屠龙勇士,,210,,,,<<101;208>;<102;209>;<103;209>>,
892,玛力露,,,891,,<8>,2,,,,,,,,50891,,,,<24;23;14;16>,,<70;40;20;50;20;50;250>,,,,,<606;607;608;602;603>,,,,892,,,8923,<8921;8922;8923;8926;61151;61152>,891,,<11021;11121;11221;11321>,20891,,2,,891,11,,,,<8911;8912;8913>,,,,玛力露，水老鼠宝可梦。有对大耳朵，再远的声音都可以听得到。尾巴就像用橡胶作成的，可以伸缩自如。在水里也可以游泳。,屠龙勇士,,210,,,,<<101;208>;<102;209>;<103;209>>,
893,玛力露丽,,,891,,<8>,3,,,,,,,,50891,,,,<24;23;14;16>,,<100;50;50;80;60;80;420>,,,,,<606;607;608;602;603>,,,,893,,,8933,<8931;8932;8933;8936;61151;61152>,891,,<11021;11121;11221;11321>,20891,,2,,891,11,,,,<8911;8912;8913>,,,,玛力露丽，水兔子宝可梦，玛力露的进化形。拥有听力非常发达的耳朵，就算在激烈的水流中，也能清楚的听音辨位。,屠龙勇士,,210,,,,<<101;208>;<102;209>;<103;209>>,
901,盆才怪,<cn;kr;tw;en;en_us;en_eu>,,901,,<7>,,,,,,,,,,,,,<15;16;11;12>,,<50;10;80;95;10;45;290>,,3,11,3,<615;616;617;602;603>,,,3,901,,,9013,<9011;9012;9013;9016;61151;61152>,901,,<11043;11143;11243;11343>,20901,3,3,{drawcard=huang_effect_loop},901,4,3,3,3,<9011;9012;9013;9014>,1552,15,0.7,盆才怪，盆栽宝可梦。因为是岩属性宝可梦，所以当体内水分过多，就会显得虚弱。因此会从两眼排水，调节体内的水分。,岩石之躯,,430,2,,,<<116;204>;<117;206>>,<104>
902,树才怪,<cn;kr;tw;en;en_us;en_eu>,,901,,<7>,2,,,,,,,,,,,,<15;16;11;12>,,<70;30;100;115;30;65;410>,,3,11,3,<615;616;617;602;603>,,,3,902,,,9023,<9021;9022;9023;9026;61151;61152>,901,,<11043;11143;11243;11343>,20901,3,3,{drawcard=huang_effect_loop},901,4,3,3,3,<9011;9012;9013;9014>,1552,15,0.7,树才怪，模仿宝可梦。为了不受到攻击，经常躲在森林里面。,岩石之躯,,430,2,,,<<116;204>;<117;206>>,<103;102>
971,梦妖,,,971,,<8>,,,,,,,,971,50971,,,,<6;7;18;19>,,<60;85;60;60;85;85;435>,,3,11,3,<621;622;623;602;603>,,,3,971,,,9713,<9711;9712;9713;9716;61101;61102>,971,,<11022;11122;11222;11322>,20971,3,3,{drawcard=huang_effect_loop},971,3,3,3,3,<9711;9712;9713;9714>,1042,15,0.6,梦妖，尖叫宝可梦。喜欢恶作剧，会在夜里尖叫惊吓所有人。,迷幻干扰,,440,2,,,<<118;204>;<119;204>>,
972,梦妖魔,,,971,,<8>,2,,,,,,,971,50971,,,,<6;7;18;19>,,<60;105;60;60;105;105;495>,,3,11,3,<621;622;623;602;603>,,,3,972,,,9723,<9721;9722;9723;9726;61101;61102>,971,,<11022;11122;11222;11322>,20971,3,3,{drawcard=huang_effect_loop},971,3,3,3,3,<9711;9712;9713;9714>,1042,15,0.6,因为四处作祟，播撒诅咒而被人们所恐惧。也会随性地使用帮助人类的咒文。,迷幻干扰,,440,2,,,<<118;204>;<119;204>>,
991,小果然,<cn;kr;tw;en;en_us;en_eu>,,991,,<8>,,,,,,,,991,50991,,,,<24;23;14;16>,,<95;23;23;48;23;48;260>,,3,11,3,<606;607;608;602;603>,,,3,991,,,9913,<9911;9912;9913;9916;61151;61152>,991,,<11013;11113;11213;11313>,20991,3,3,{drawcard=huang_effect_loop},991,2,3,3,3,<9911;9912;9913;9914>,1172,15,1.9,小果然总是一脸笑眯眯的。生气的时候，注意看尾巴，会啪嗒啪嗒地敲击地面。,双倍奉还,,420,4,,,<<113;206>;<114;206>;<115;204>>,
992,果然翁,<cn;kr;tw;en;en_us;en_eu>,,991,,<8>,2,,,,,,,991,50991,,,,<24;23;14;16>,,<190;33;33;58;33;58;405>,,3,11,3,<606;607;608;602;603>,,,3,992,,{150=<9931;9932;9933;9936;61151;61152>},9923,<9921;9922;9923;9926;61151;61152>,991,,<11013;11113;11213;11313>,20991,3,3,{drawcard=huang_effect_loop},991,2,3,3,3,<9911;9912;9913;9914>,1172,15,1.9,果然翁，忍耐宝可梦。据说这种宝可梦，为了遮掩黑色的尾巴，选择在黑暗中偷偷生活。,双倍奉还,,420,4,,,<<113;206>;<114;206>;<115;204>>,
1031,天蝎,<cn;kr;tw;en;en_us;en_eu>,<cn;kr;tw;en;en_us;en_eu>,1031,,<7>,,,,,,,,1031,51031,,,,<6;8;14;16>,,<65;85;75;105;35;65;430>,,3,11,3,<609;610;611;602;603>,,,3,1031,,,10313,<10311;10312;10313;10316;61151;61152>,1031,,<11003;11103;11203;11303>,21031,3,3,{drawcard=huang_effect_loop},1031,2,3,3,3,<10311;10312;10313;10314>,1112,15,0.75,天蝎，飞蝎宝可梦，利用手脚的薄膜乘着风，由上空发动攻击，会瞄准猎物的脸部。,负面干扰,1031,410,,,,<<110;204>;<111;206>;<112;204>>,
1032,天蝎王,<cn;kr;tw;en;en_us;en_eu>,<cn;kr;tw;en;en_us;en_eu>,1031,,<7>,2,,,,,,,1031,51031,,,,<15;16;11;12>,,<75;95;95;125;45;75;510>,,3,11,3,<609;610;611;602;603>,,,3,1032,,,10323,<10321;10322;10323;10326;61151;61152>,1031,,<11003;11103;11203;11303>,21031,3,3,{drawcard=huang_effect_loop},1031,2,3,3,3,<10311;10312;10313;10314>,1112,15,0.75,可以不发出振翅声而在空中飞行。用长长的尾巴捕捉猎物，再用牙齿一击刺中要害。,负面干扰,1031,410,,,,<<110;204>;<111;206>;<112;204>>,
1071,赫拉克罗斯,,,1071,,<7>,,,,,,,,1071,51071,,,,<24;25;11;12>,,<80;85;125;75;40;95;500>,,3,11,3,<609;610;611;602;603>,,,3,1071,,,10713,<10711;10712;10713;10716;61101;61102>,1071,,<11003;11103;11203;11303>,21071,3,3,{drawcard=huang_effect_loop},1071,,3,3,3,<10711;10712;10713;10714>,1512,15,0.8,赫拉克罗斯，独角宝可梦。个性温和，力气大。擅长让角钻进敌人的下腹，然后把敌人挑起来。喜欢的食物是树木流出来的甜树汁。,看脸输出：多段攻击,,410,,,,<<110;204>;<111;206>;<112;204>>,
1072,超级赫拉克罗斯,<cn;kr;tw;en;en_us;en_eu>,,1071,,<7>,2,,,10710,,,,1072,51071,,,,<11;12;15;16>,2,<80;75;185;115;40;105;600>,,3,11,3,<609;610;611;602;603>,,,3,1072,,,10723,<10721;10722;10723;10726;61101;61102>,1071,,<11003;11103;11203;11303>,21071,3,3,{drawcard=huang_effect_loop},1071,,3,3,3,<10711;10712;10713;10714>,1062,15,0.8,会用２只角夹住并举起对方。甚至能举起比自己体重重５００倍的东西。,看脸输出：多段攻击,,410,,,,<<110;204>;<111;206>;<112;204>>,
1081,狃拉,,,1081,,<7>,,,,,,,,1081,51081,,,,<8;9;13;12>,,<55;115;95;55;35;75;430>,,3,11,3,<606;607;608;602;603>,,,2,1081,,,10813,<10811;10812;10813;10816;61101;61102>,1081,,<11013;11113;11213;11313>,21081,3,3,{drawcard=huang_effect_loop},1081,,3,3,3,<10811;10812;10813;10814>,1122,15,0.7,手指中藏有锋利的爪子。会突然伸出那利爪，让袭击过来的对手心生怯意。,暴力输出：冰冻增伤,1081,410,,,,<<110;204>;<111;206>;<112;204>>,
1082,玛狃拉,,,1081,,<7>,2,,,,,,,1081,51081,,,,<8;9;13;12>,,<70;125;120;65;45;85;510>,,3,11,3,<606;607;608;602;603>,,,2,1082,,,10823,<10821;10822;10823;10826;61101;61102>,1081,,<11013;11113;11213;11313>,21081,3,3,{drawcard=huang_effect_loop},1081,,3,3,3,<10811;10812;10813;10814>,1122,15,0.7,生活在寒冷地方的宝可梦。４到５只组成一个团队，以出色的合作来追捕猎物。,暴力输出：冰冻增伤,1081,410,,,,<<110;204>;<111;206>;<112;204>>,
1111,小山猪,,,1111,,,,,,,,,,1111,51111,,,,<7;8;9;12>,,<50;50;50;40;30;30;250>,,3,11,3,<615;616;617;602;603>,,,3,1111,,,11113,<11111;11112;11113;11116;61151;61152>,1111,,<11043;11143;11243;11343>,21111,3,3,{drawcard=huang_effect_loop},1111,,3,3,3,<11111;11112;11113;11114>,1512,15,1.1,小山猪，猪宝可梦，最喜欢隐藏在枯草下的香菇，在凭藉气味寻找香菇的同时可以发现温泉。,脂肪抵御&冰牙冲撞,,420,,,,,
1112,长毛猪,,,1111,,,2,,,,,,,1111,51111,,,,<11;12;15;16>,,<100;50;100;80;60;60;450>,,3,11,3,<615;616;617;602;603>,,,3,1112,,,11123,<11121;11122;11123;11126;61151;61152>,1111,,<11043;11143;11243;11343>,21111,3,3,{drawcard=huang_effect_loop},1111,,3,3,3,<11111;11112;11113;11114>,1512,15,1.1,由于被长长的体毛所覆盖，所以看不清眼前的情况，只会一个劲地来回猛撞。,脂肪抵御&冰牙冲撞,,420,,,,,
1113,象牙猪,,,1111,,,3,,,,,,,1111,51111,,,,<11;12;15;16>,,<110;80;130;80;70;60;530>,,3,11,3,<615;616;617;602;603>,,,3,1113,,,11133,<11131;11132;11133;11136;61151;61152>,1111,,<11043;11143;11243;11343>,21111,3,3,{drawcard=huang_effect_loop},1111,,3,3,3,<11111;11112;11113;11114>,1512,15,1.1,象牙猪在名为冰河期的时代盛极一时，它的力量就如外表那样强大。天气越是寒冷，它的冰牙就会长得越粗、越长、越结实。,脂肪抵御&冰牙冲撞,,420,,,,,
1141,信使鸟,,,1141,,,,,,,,,,1141,51141,,,,<6;7;18;19>,,<45;75;55;45;65;45;330>,,3,11,3,<615;616;617;602;603>,,,3,1141,,,11413,<11411;11412;11413;11416;61101;61102>,1141,,<11043;11143;11243;11343>,21141,3,3,{drawcard=huang_effect_loop},1141,,3,3,3,<11411;11412;11413;11414>,1122,15,0.7,信使鸟，搬运宝可梦。擅长的绝招是叫做礼物的特殊绝招。,趋吉避凶&应急礼物,,440,,,,,
1171,戴鲁比,,,1171,,<8>,,,,,,,,1171,51171,,,,<6;7;18;19>,,<45;65;60;30;80;50;330>,,3,11,3,<606;607;608;602;603>,,,3,1171,,,11713,<11711;11712;11713;11716;61151;61152>,1171,,<11013;11113;11213;11313>,21171,3,3,{drawcard=huang_effect_loop},1171,4,3,3,3,<11711;11712;11713;11714>,1552,15,0.75,戴鲁比，黑暗宝可梦。用叫声确认彼此的位置，追捕猎物的宝可梦。,增益辅助：群体增伤,1171,430,2,,,<<116;204>;<117;206>>,
1172,黑鲁加,,,1171,,<8>,2,,,,,,,1171,51171,,,,<6;7;18;19>,,<75;95;90;50;110;80;500>,,3,11,3,<606;607;608;602;603>,,,3,1172,,,11723,<11721;11722;11723;11726;61151;61152>,1171,,<11013;11113;11213;11313>,21171,3,3,{drawcard=huang_effect_loop},1171,4,3,3,3,<11711;11712;11713;11714>,1552,15,0.75,黑鲁加，黑暗宝可梦，是戴鲁比的进化形。据说听到他那恐怖叫声的人都会毛骨悚然。,增益辅助：群体增伤,1171,430,2,,,<<116;204>;<117;206>>,
1173,超级黑鲁加,<cn;kr;tw;en;en_us;en_eu>,,1171,,<8>,3,,,11710,,,,1172,51171,,,,<6;7;18;19>,2,<75;115;90;90;140;90;600>,,3,11,3,<606;607;608;602;603>,,,3,1173,,,11733,<11731;11732;11733;11736;61151;61152>,1171,,<11013;11113;11213;11313>,21171,3,3,{drawcard=huang_effect_loop},1171,4,3,3,3,<11711;11712;11713;11714>,1072,15,0.75,全身会因超级进化而发热。能喷出烈焰吐息，将对手烧成焦炭。,地狱恶犬&群体增伤,1173,430,2,,,<<116;204>;<117;206>>,
1221,雷公,,,1221,,<8>,,,,,,,,1221,51221,,0,,<6;7;18;19>,2,<90;115;85;75;115;100;580>,,3,11,3,<612;613;614;602;603>,,,3,1221,,,12213,<12211;12212;12213;12216;61101;61102>,1221,,<11053;11153;11253;11353>,21221,3,3,{drawcard=huang_effect_loop},1221,2,3,3,3,<12211;12212;12213;12214>,1142,15,0.9,会一边以雷击的形式释放体内激荡的力量，一边在大地上四处奔跑的凶猛宝可梦。,雷之使者,1221,420,4,,,<<113;206>;<114;206>;<115;204>>,
1231,炎帝,,,1231,,<7>,,,,,,,,1231,51231,,0,,<7;8;9;12>,2,<115;100;115;85;90;75;580>,,3,11,3,<618;619;620;602;603>,,,3,1231,,,12313,<12311;12312;12313;12316;61151;61152>,1231,,<11033;11133;11233;11333>,21231,3,3,{drawcard=huang_effect_loop},1231,2,3,3,3,<12311;12312;12313;12314>,1202,15,1.15,吹出比火山的熔岩更炽热的火焰，同时在大地上奔跑的健壮的宝可梦。,火之使者&火系前排,1231,420,4,,,<<113;206>;<114;206>;<115;204>>,
1241,水君,,,1241,,<8>,,,,,,,,1241,51241,,0,,<24;23;14;16>,2,<100;85;75;115;90;115;580>,,3,11,3,<621;622;623;602;603>,,,3,1241,,,12413,<12411;12412;12413;12416;61151;61152>,1241,,<11023;11123;11223;11323>,21241,3,3,{drawcard=huang_effect_loop},1241,4,3,3,3,<12411;12412;12413;12414>,1102,15,,追寻着流淌着清澈水流的地方，在大地上四处奔跑的庄严的宝可梦。,水之使者&水系核心,1241,430,2,,,<<116;204>;<117;206>>,
1251,幼基拉斯,,,1251,,<7>,,,,,,,,1251,51251,,,,<11;12;15;16>,,<50;41;64;50;45;50;300>,,3,11,3,<615;616;617;602;603>,,,3,1251,,,12513,<12511;12512;12513;12516;61151;61152>,1251,,<11043;11143;11243;11343>,21251,3,3,{drawcard=huang_effect_loop},1251,2,3,3,3,<12511;12512;12513;12514>,1062,15,,幼基拉斯，岩石肤宝可梦。平时是出生在很深的土里，经过很长时间以后才会钻出来。,爆发输出：绝地反杀,,420,4,,,<<113;206>;<114;206>;<115;204>>,
1252,沙基拉斯,,,1251,,<7>,2,,,,,,,1251,51251,,,,<11;12;15;16>,,<70;51;84;70;65;70;410>,,3,11,3,<615;616;617;602;603>,,,3,1252,,,12523,<12521;12522;12523;12526;61151;61152>,1251,,<11043;11143;11243;11343>,21251,3,3,{drawcard=huang_effect_loop},1251,2,3,3,3,<12511;12512;12513;12514>,1062,15,,沙基拉斯，子弹宝可梦。身体被岩石般坚硬的外壳所包覆。力量很大，动作出人意料的快。,爆发输出：绝地反杀,,420,4,,,<<113;206>;<114;206>;<115;204>>,
1253,班基拉斯,,,1251,,<7>,3,,,,,,,1251,51251,,,,<11;12;15;16>,2,<100;61;134;110;95;100;600>,,3,11,3,<615;616;617;602;603>,,,3,1253,,,12533,<12531;12532;12533;12536;61151;61152>,1251,,<11043;11143;11243;11343>,21251,3,3,{drawcard=huang_effect_loop},1251,2,3,3,3,<12511;12512;12513;12514>,1062,15,,班基拉斯，铠甲宝可梦。拥有不怕任何攻击的坚硬身体，以及一只手就能粉碎山岩的力量。,爆发输出：绝地反杀,,420,4,,,<<113;206>;<114;206>;<115;204>>,
1254,超级班基拉斯,<cn>,,1251,,<7>,4,,,12510,,,,1252,51251,,,,<11;12;15;16>,2,<100;71;164;150;95;120;700>,,3,11,3,<615;616;617;602;603>,,,3,1254,,,12543,<12541;12542;12543;12546;61151;61152>,1251,,<11043;11143;11243;11343>,21251,3,3,{drawcard=huang_effect_loop},1251,2,3,3,3,<12511;12512;12513;12514>,1082,15,,因超级进化的影响，它变得更加粗暴了。不清楚它是否还会听从训练家的命令。,狂暴毁灭者,,420,4,,,<<113;206>;<114;206>;<115;204>>,
1261,洛奇亚,,,1261,,<8>,,,,,,,,1261,51261,,0,,<24;23;14;16>,3,<106;110;90;130;90;154;680>,,4,21,4,<606;607;608;604;605>,,,4,1261,,,12613,<12611;12612;12613;12616;61151;61152>,1261,,<11014;11114;11214;11314>,21261,4,4,{drawcard=hong_effect_loop},1261,7,4,4,4,<12611;12612;12613;12614>,1153,20,1.06,被传为海神的宝可梦，拥有能够镇压波涛汹涌的大海的惊人力量，流传着在暴风雨之夜见过其身影的传说,深海守护者&自我再生,1261,520,4,,<2011>,<<122;202>;<123;204>>,<2012>
1271,凤王,,,1271,,<7>,,,,,,,,1271,51271,,0,,<24;25;11;12>,3,<106;90;130;90;110;154;680>,,4,21,4,<618;619;620;604;605>,,,4,1271,,,12713,<12711;12712;12713;12716;61151;61152>,1271,,<11034;11134;11234;11334>,21271,4,4,{drawcard=hong_effect_loop},1271,9,4,4,4,<12711;12712;12713;12714>,1543,20,1.06,记载于神话中的宝可梦，身体闪耀着七彩光芒，飞过的地方会形成彩虹，传说看到凤王的人会获得永远的幸福,天空守护者&浴火重生,1271,530,2,,<2012>,<<124;204>;<125;202>>,<2013>
1281,时拉比,<cn;kr;en;en_us;en_eu;tw>,,1281,,<8>,,,,,,,,1281,51281,,0,,<24;23;14;16>,3,<100;100;100;100;100;100;600>,,4,21,4,<606;607;608;604;605>,,,4,1281,,{110=<12821;12822;12823;12826;61151;61152>},12813,<12811;12812;12813;12816;61151;61152>,1281,,<11014;11114;11214;11314>,21281,4,4,{drawcard=huang_effect_loop},1281,7,4,4,4,<12811;12812;12813;12814>,1563,20,,从未来穿越时光而来的宝可梦，凡是时拉比到过的地方，树木茂盛，繁花盛开，因此也被称为森林守护神。一般认为只要时拉比出现，就会有光明的未来在等着我们,时空穿越&回溯守护,1281,530,2,,<2013>,<<124;204>;<125;202>>,<2014>
1291,木守宫,,,1291,,<8>,,,,,,,,1291,51291,,,,<6;7;18;19>,,<40;70;45;35;65;55;310>,,3,11,3,<609;610;611;602;603>,,,3,1291,,,12913,<12911;12912;12913;12916;61101;61102>,1291,,<11003;11103;11203;11303>,21291,3,3,{drawcard=huang_effect_loop},1291,,3,3,3,<12911;12912;12913;12914>,1092,15,0.7,能够用脚底的小刺钩住垂直的墙壁攀爬。会甩动粗粗的尾巴进行摔打。,潜行刺客：秒杀后排,,410,,,,<<110;204>;<111;206>;<112;204>>,<1067;1068>
1292,森林蜥蜴,,,1291,,<8>,2,,,,,,,1291,51291,,,,<6;7;18;19>,,<50;95;65;45;85;65;405>,,3,11,3,<609;610;611;602;603>,,,3,1292,,,12923,<12921;12922;12923;12926;61101;61102>,1291,,<11003;11103;11203;11303>,21291,3,3,{drawcard=huang_effect_loop},1291,,3,3,3,<12911;12912;12913;12914>,1092,15,0.7,靠着体内长出的叶子，可以方便地在森林里隐藏身形躲避敌人。是生活在密林里的爬树高手。,潜行刺客：秒杀后排,,410,,,,<<110;204>;<111;206>;<112;204>>,<1067;1068>
1293,蜥蜴王,,,1291,,<8>,3,,,,,,,1291,51291,,,,<6;7;18;19>,,<70;120;85;65;105;85;530>,,3,11,3,<609;610;611;602;603>,,,3,1293,,,12933,<12931;12932;12933;12936;61101;61102>,1291,,<11003;11103;11203;11303>,21291,3,3,{drawcard=huang_effect_loop},1291,,3,3,3,<12911;12912;12913;12914>,1092,15,0.7,体内长出的叶子非常锋利。会用敏捷的动作在树枝间跳来跳去，从敌人的头上或背后猛扑过去。,潜行刺客：秒杀后排,,410,,,,<<110;204>;<111;206>;<112;204>>,<1067;1068>
1294,超级蜥蜴王,<cn;kr;tw>,,1291,,<8>,4,,,12910,,,,1292,51291,,,,<6;7;18;19>,2,<70;145;110;75;145;85;630>,,3,11,3,<609;610;611;602;603>,,,3,1294,,,12943,<12941;12942;12943;12946;61101;61102>,1291,,<11003;11103;11203;11303>,21291,3,3,{drawcard=huang_effect_loop},1291,,3,3,3,<12911;12912;12913;12914>,1022,15,0.7,据说背上的种子里贮存了许多能让树木生机盎然的营养。是会小心培育森林里树木的宝可梦。,丛林追猎者,,410,,,,<<110;204>;<111;206>;<112;204>>,<1067;1068>
1301,火稚鸡,,,1301,,<7>,,,,,,,,1301,51301,,,,<10;11;13;9>,,<45;45;60;40;70;50;310>,,3,11,3,<618;619;620;602;603>,,,3,1301,,,13013,<13011;13012;13013;13016;61101;61102>,1301,,<11033;11133;11233;11333>,21301,3,3,{drawcard=huang_effect_loop},1301,,3,3,3,<13011;13012;13013;13014>,1192,15,0.8,体内有着让火焰燃烧的地方，因此抱在怀里暖烘烘的非常温暖。全身覆盖着蓬松的羽毛。,暴力输出：强力单体,,410,,,,<<110;204>;<111;206>;<112;204>>,<1065>
1302,力壮鸡,,,1301,,<7>,2,,,,,,,1301,51301,,,,<10;11;13;9>,,<60;55;85;60;85;60;405>,,3,11,3,<618;619;620;602;603>,,,3,1302,,,13023,<13021;13022;13023;13026;61101;61102>,1301,,<11033;11133;11233;11333>,21301,3,3,{drawcard=huang_effect_loop},1301,,3,3,3,<13011;13012;13013;13014>,1192,15,0.8,会用鸟嘴里吐出的灼热火焰和极具破坏力的腿技战斗。因为叫声很大，所以非常吵。,暴力输出：强力单体,,410,,,,<<110;204>;<111;206>;<112;204>>,<1065>
1303,火焰鸡,,,1301,,<7>,3,,,,,,,1301,51301,,,,<10;11;13;9>,,<80;80;120;70;110;70;530>,,3,11,3,<618;619;620;602;603>,,,3,1303,,,13033,<13031;13032;13033;13036;61101;61102>,1301,,<11033;11133;11233;11333>,21301,3,3,{drawcard=huang_effect_loop},1301,,3,3,3,<13011;13012;13013;13014>,1192,15,0.8,战斗时会从手腕喷出灼热的火焰，勇敢地迎战对手。对手越强，火焰就会烧得越旺。,暴力输出：强力单体,,410,,,,<<110;204>;<111;206>;<112;204>>,<1065>
1304,超级火焰鸡,<cn;kr;en;en_us;en_eu;tw>,,1301,,<7>,4,,,13010,,,,1302,51301,,,,<10;11;13;9>,2,<80;100;160;80;130;80;630>,,3,11,3,<618;619;620;602;603>,,,3,1304,,,13043,<13041;13042;13043;13046;61101;61102>,1301,,<11033;11133;11233;11333>,21301,3,3,{drawcard=huang_effect_loop},1301,,3,3,3,<13011;13012;13013;13014>,1082,15,0.8,有着强韧的腰腿，连30层大楼都能轻松跃过。会用火焰拳把对手烧焦。,红莲格斗王,,410,,,,<<110;204>;<111;206>;<112;204>>,<1065>
1311,水跃鱼,,,1311,,<7>,,,,,,,,1311,51311,,,,<11;12;15;16>,,<50;40;70;50;50;50;310>,,3,11,3,<621;622;623;602;603>,,,3,1311,,,13113,<13111;13112;13113;13116;61151;61152>,1311,,<11023;11123;11223;11323>,21311,3,3,{drawcard=huang_effect_loop},1311,2,3,3,3,<13111;13112;13113;13114>,1542,15,,头上的鳍是非常灵敏的雷达。可以不靠眼睛，从水或空气的流动中探测周围的情况。,水系前排坦克,1311,420,4,,,<<113;206>;<114;206>;<115;204>>,
1312,沼跃鱼,,,1311,,<7>,2,,,,,,,1311,51311,,,,<11;12;15;16>,,<70;50;85;70;60;70;405>,,3,11,3,<621;622;623;602;603>,,,3,1312,,,13123,<13121;13122;13123;13126;61151;61152>,1311,,<11023;11123;11223;11323>,21311,3,3,{drawcard=huang_effect_loop},1311,2,3,3,3,<13111;13112;13113;13114>,1542,15,,为了能在地面上也可以生存，它的身体表面覆盖着一层薄薄的粘膜。会在退潮后的海岸边玩泥巴。,水系前排坦克,1311,420,4,,,<<113;206>;<114;206>;<115;204>>,
1313,巨沼怪,,,1311,,<7>,3,,,,,,,1311,51311,,,,<11;12;15;16>,,<100;60;110;90;85;90;535>,,3,11,3,<621;622;623;602;603>,,,3,1313,,,13133,<13131;13132;13133;13136;61151;61152>,1311,,<11023;11123;11223;11323>,21311,3,3,{drawcard=huang_effect_loop},1311,2,3,3,3,<13111;13112;13113;13114>,1542,15,,该宝可梦有着能轻松拖动１吨以上岩石块的力量。视力很好，在浑浊的水中也能看清。,水系前排坦克,1311,420,4,,,<<113;206>;<114;206>;<115;204>>,
1314,超级巨沼怪,<cn;kr;en;en_us;en_eu;tw>,,1311,,<7>,4,,,13110,,,,1312,51311,,,,<11;12;15;16>,2,<100;70;150;110;95;110;635>,,3,11,3,<621;622;623;602;603>,,,3,1314,,,13143,<13141;13142;13143;13146;61151;61152>,1311,,<11023;11123;11223;11323>,21311,3,3,{drawcard=huang_effect_loop},1311,2,3,3,3,<13111;13112;13113;13114>,1162,15,,巨沼怪能通过用鳍感知波涛声和海风的细微变化来预测暴风雨。发生暴风雨时，会堆积岩石保护巢穴。,浊流防卫者,1314,420,4,,,<<113;206>;<114;206>;<115;204>>,
1351,莲叶童子,,,1351,,<8>,,,,,,,,,51351,,,,<22;24;18;20>,,<40;30;30;30;40;50;220>,,,,,<621;622;623;602;603>,,,,1351,,,13513,<13511;13512;13513;13516;61151;61152>,1351,,<11021;11121;11221;11321>,21351,,2,,1351,15,,,,<13511;13512;13513>,,,,浮在池塘或湖泊的水面上生活。虽然叶子枯萎了就会变弱，但为了寻找清水，偶尔也会在陆地上移动。,群体治疗,,230,2,,,<<107;209>;<108;209>;<109;208>>,
1352,莲帽小童,,,1351,,<8>,2,,,,,,,,51351,,,,<22;24;18;20>,,<60;50;50;50;60;70;340>,,,,,<621;622;623;602;603>,,,,1352,,,13523,<13521;13522;13523;13526;61151;61152>,1351,,<11021;11121;11221;11321>,21351,,2,,1351,15,,,,<13511;13512;13513>,,,,夜行性，太阳下山后就会开始活动。如果看到垂钓者，就会从水中扯线捣乱并引以为乐。,群体治疗,,230,2,,,<<107;209>;<108;209>;<109;208>>,
1353,乐天河童,,,1351,,<8>,3,,,,,,,,51351,,,,<22;24;18;20>,,<80;70;70;70;90;100;480>,,,,,<621;622;623;602;603>,,,,1353,,,13533,<13531;13532;13533;13536;61151;61152>,1351,,<11021;11121;11221;11321>,21351,,2,,1351,15,,,,<13511;13512;13513>,,,,如果听到欢快的音乐就会开始跳舞。据说会被郊游的孩子们的合唱吸引从而现身。,群体治疗,,230,2,,,<<107;209>;<108;209>;<109;208>>,
1391,拉鲁拉丝,,,1391,,<8>,,,,,,,,1391,51391,,,,<6;7;18;19>,,<28;40;25;25;45;35;198>,,3,11,3,<606;607;608;602;603>,,,3,1391,,,13913,<13911;13912;13913;13916;61101;61102>,1391,,<11013;11113;11213;11313>,21391,3,3,{drawcard=huang_effect_loop},1391,3,3,3,3,<13911;13912;13913;13914>,1012,15,0.68,能用头上的角感知人的情绪。虽然几乎不会出现在人的面前，但感受到积极向上的情绪后就会靠过来。,后排控制：魅惑之力,1391,440,2,,,<<118;204>;<119;204>>,
1392,奇鲁莉安,,,1391,,<8>,2,,,,,,,1391,51391,,,,<22;24;18;20>,,<38;50;35;35;65;55;278>,,3,11,3,<606;607;608;602;603>,,,3,1392,,,13923,<13921;13922;13923;13926;61101;61102>,1391,,<11013;11113;11213;11313>,21391,3,3,{drawcard=huang_effect_loop},1391,3,3,3,3,<13911;13912;13913;13914>,1012,15,0.68,据说经常接触训练家开朗情绪的奇鲁莉安会成长得十分美丽。会用发达的头脑来操纵精神力量。,后排控制：魅惑之力,1391,440,2,,,<<118;204>;<119;204>>,
1393,沙奈朵,,,1391,,<8>,3,1,,,,,,1391,51391,,,,<22;24;18;20>,,<68;80;65;65;125;115;518>,,3,11,3,<606;607;608;602;603>,,,3,1393,,{106=<13951;13952;13953;13956;61101;61102>},13933,<13931;13932;13933;13936;61101;61102>,1391,,<11013;11113;11213;11313>,21391,3,3,{drawcard=huang_effect_loop},1391,3,3,3,3,<13911;13912;13913;13914>,1012,15,0.68,据说在使用预知未来的能力察觉到训练家有危险时，就会使出最强的精神能量。,后排控制：魅惑之力,1391,440,2,,,<<118;204>;<119;204>>,
1394,艾路雷朵,,,1391,,<7>,3,2,,,,,,1391,51391,,1,,<24;25;11;12>,,<68;80;125;65;65;115;518>,,3,11,3,<606;607;608;602;603>,,,3,1394,,{118=<13991;13992;13993;13996;61101;61102>},13943,<13941;13942;13943;13946;61101;61102>,1391,,<11013;11113;11213;11313>,21391,3,3,{drawcard=huang_effect_loop},1391,3,3,3,3,<13911;13912;13913;13914>,1012,15,0.68,用伸缩自如的肘刀战斗。是居合术高手。是非常重视礼仪的宝可梦。,强力单控输出,,440,2,,,<<118;204>;<119;204>>,
1396,超级沙奈朵,<cn;kr;en;en_us;en_eu;tw>,,1391,,<8>,4,1,,13910,,,,1393,51391,,,,<22;24;18;20>,2,<68;100;85;65;165;135;618>,,3,11,3,<606;607;608;602;603>,,,3,1396,,{106=<13971;13972;13973;13976;61101;61102>},13963,<13961;13962;13963;13966;61101;61102>,1391,,<11013;11113;11213;11313>,21391,3,3,{drawcard=huang_effect_loop},1391,3,3,3,3,<13911;13912;13913;13914>,1092,15,0.68,有着用精神力量扭曲空间，制造出小型黑洞的力量。是会拼命保护训练家的宝可梦。,后排控制：魅惑女王,1396,440,2,,,<<118;204>;<119;204>>,
1397,超级艾路雷朵,<cn;kr;en;en_us;en_eu;tw>,,1391,,<7>,4,2,,13911,,,,1394,51391,,,,<22;24;18;20>,2,<68;110;165;95;65;115;618>,,3,11,3,<606;607;608;602;603>,,,3,1398,,{118=<13901;13902;13903;13906;61101;61102>},13983,<13981;13982;13983;13986;61101;61102>,1391,,<11013;11113;11213;11313>,21391,3,3,{drawcard=huang_effect_loop},1391,3,3,3,3,<13911;13912;13913;13914>,1052,15,0.68,超级艾路雷朵双臂同时形成最强力量的刃，运用双刀战斗,控制增伤&强力混乱,,440,2,,,<<118;204>;<119;204>>,
1411,蘑蘑菇,<cn;kr;en_us;tw>,,1411,,<7>,,,,,,,,1411,51411,,,,<10;11;13;9>,,<60;35;40;60;40;60;295>,,3,11,3,<609;610;611;602;603>,,,3,1411,,,14113,<14111;14112;14113;14116;61101;61102>,1411,,<11003;11103;11203;11303>,21411,3,3,{drawcard=huang_effect_loop},1411,,3,3,3,<14111;14112;14113;14114>,1012,15,1.5,蘑蘑菇，蘑菇宝可梦。个性温和。平时栖息在腐叶土累积的森林里面。,草系输出&多动普攻,,410,,,,<<110;204>;<111;206>;<112;204>>,
1412,斗笠菇,,,1411,,<7>,2,,,,,,,1411,51411,,,,<10;11;13;9>,,<60;70;130;80;60;60;460>,,3,11,3,<609;610;611;602;603>,,,3,1412,,,14123,<14121;14122;14123;14126;61101;61102>,1411,,<11003;11103;11203;11303>,21411,3,3,{drawcard=huang_effect_loop},1411,,3,3,3,<14111;14112;14113;14114>,1012,15,1.5,斗笠菇，蘑菇宝可梦，是蘑蘑菇的进化形。会以拳击家都自叹不如的轻快脚步接近对手，以伸缩自如的手臂打出拳招。,草系输出&多动普攻,,410,,,,<<110;204>;<111;206>;<112;204>>,
1421,懒人獭,,,1421,,<7>,,,,,,,,1421,51421,,,,<7;8;9;12>,,<60;30;60;60;35;35;280>,,3,11,3,<606;607;608;602;603>,,,3,1421,,,14213,<14211;14212;14213;14216;61101;61102>,1421,,<11013;11113;11213;11313>,21421,3,3,{drawcard=huang_effect_loop},1421,,3,3,3,<14211;14212;14213;14214>,1092,15,1.5,一整天里绝大部分时间都在睡觉，虽然一生都不会改变巢穴，但是偶尔会在河里游泳作长距离移动。,暴力输出：一拳超人,1421,410,,,,<<110;204>;<111;206>;<112;204>>,
1422,过动猿,,,1421,,<7>,2,,,,,,,1421,51421,,,,<8;9;13;12>,,<80;90;80;80;55;55;440>,,3,11,3,<606;607;608;602;603>,,,3,1422,,,14223,<14221;14222;14223;14226;61101;61102>,1421,,<11013;11113;11213;11313>,21421,3,3,{drawcard=huang_effect_loop},1421,,3,3,3,<14211;14212;14213;14214>,1092,15,1.5,过动猿，粗暴宝可梦。个性粗暴，不闹事就平静不下来。会挥舞两只手臂破坏东西。当没东西可破坏时，就会闹得更厉害。,暴力输出：一拳超人,1421,410,,,,<<110;204>;<111;206>;<112;204>>,
1423,请假王,,,1421,,<7>,3,,,,,,,1421,51421,,,,<11;12;15;16>,3,<150;100;160;100;95;65;670>,,3,11,3,<606;607;608;602;603>,,,3,1423,,,14233,<14231;14232;14233;14236;61101;61102>,1421,,<11013;11113;11213;11313>,21421,3,3,{drawcard=huang_effect_loop},1421,,3,3,3,<14211;14212;14213;14214>,1092,15,1.5,请假王，怕麻烦宝可梦。过着嗜睡的生活，一般都在食物触手可及的地方吃草。,暴力输出：一拳超人,1421,410,,,,<<110;204>;<111;206>;<112;204>>,
1441,咕妞妞,,,1441,,<7>,,,,,,,,1441,51441,,,,<10;11;13;9>,,<64;28;51;23;51;23;240>,,2,11,2,<606;607;608;602;603>,,,2,1441,,,14413,<14411;14412;14413;14416;61101;61102>,1441,,<11012;11112;11212;11312>,21441,2,2,,1441,16,2,2,2,<14411;14412;14413>,1541,,1.04,叫声的音量和喷射机一样大，可以从耳朵的洞里吸进空气，因此可以一直持续大叫而不会没气。,无差别全体攻击,,310,,,,<<103;208>;<102;208>;<101;209>>,
1442,吼爆弹,,,1441,,<7>,2,,,,,,,1441,51441,,,,<10;11;13;9>,,<84;48;71;43;71;43;360>,,2,11,2,<606;607;608;602;603>,,,2,1442,,,14423,<14421;14422;14423;14426;61101;61102>,1441,,<11012;11112;11212;11312>,21441,2,2,,1441,16,2,2,2,<14411;14412;14413>,1541,,1.04,转动头部的圆形喇叭，以大音量的超音波重击敌人，会用脚强行重踩来累积威力哦。,无差别全体攻击,,310,,,,<<103;208>;<102;208>;<101;209>>,
1443,爆音怪,,,1441,,<7>,3,,,,,,,1441,51441,,,,<10;11;13;9>,,<104;68;91;63;91;73;490>,,2,11,2,<606;607;608;602;603>,,,2,1443,,,14433,<14431;14432;14433;14436;61101;61102>,1441,,<11012;11112;11212;11312>,21441,2,2,,1441,16,2,2,2,<14411;14412;14413>,1541,,1.04,在身体里面拥有能发出声音的机构。能善用声音的频率高低与音量大小来与同伴进行沟通。,无差别全体攻击,,310,,,,<<103;208>;<102;208>;<101;209>>,
1481,勾魂眼,,,1481,,<8>,,,,,,,,1481,51481,,,,<7;8;9;12>,,<50;50;75;75;65;65;380>,,2,11,2,<606;607;608;602;603>,,,2,1481,,,14813,<14811;14812;14813;14816;61101;61102>,1481,,<11012;11112;11212;11312>,21481,2,2,{drawcard=huang_effect_loop},1481,3,2,2,2,<14811;14812;14813>,1121,,0.5,会悄悄地生活在洞窟深处。人们很惧怕它，认为它的眼睛在暗处发出诡异光芒时就会摄取人的魂魄。,黑夜中的眼睛,,330,2,,,<<109;209>;<108;208>;<107;208>>,
1501,可可多拉,,,1501,,<7>,,,,,,,,1501,51501,,,,<15;16;11;12>,,<50;30;70;100;40;40;330>,,3,11,3,<615;616;617;602;603>,,,3,1501,,,15013,<15011;15012;15013;15016;61151;61152>,1501,,<11043;11143;11243;11343>,21501,3,3,{drawcard=huang_effect_loop},1501,2,3,3,3,<15011;15012;15013;15014>,1552,15,0.7,身体被钢铁的铠甲所包着的宝可梦。在进化的时候会有新的铠甲产生。褪下来的铠甲可作为铁制品的材料。,前排承伤：钢铁护盾,,420,4,,,<<113;206>;<114;206>;<115;204>>,
1502,可多拉,,,1501,,<7>,2,,,,,,,1501,51501,,,,<15;16;11;12>,,<60;40;90;140;50;50;430>,,3,11,3,<615;616;617;602;603>,,,3,1502,,,15023,<15021;15022;15023;15026;61151;61152>,1501,,<11043;11143;11243;11343>,21501,3,3,{drawcard=huang_effect_loop},1501,2,3,3,3,<15011;15012;15013;15014>,1552,15,0.7,当两只可多拉相遇时会彼此碰撞钢铁的身体来争夺地盘。互相碰撞时的声音可传到几公里远。,前排承伤：钢铁护盾,,420,4,,,<<113;206>;<114;206>;<115;204>>,
1503,波士可多拉,,,1501,,<7>,3,,,,,,,1501,51501,,,,<15;16;11;12>,,<70;50;110;180;60;60;530>,,3,11,3,<615;616;617;602;603>,,,3,1503,,,15033,<15031;15032;15033;15036;61151;61152>,1501,,<11043;11143;11243;11343>,21501,3,3,{drawcard=huang_effect_loop},1501,2,3,3,3,<15011;15012;15013;15014>,1552,15,0.7,由于头上铁制的角会一点一点变长，因此从角的长度可以得知波士可多拉的年龄。铠甲上的伤痕可说是它战斗的奖牌。,前排承伤：钢铁护盾,,420,4,,,<<113;206>;<114;206>;<115;204>>,
1504,超级波士可多拉,<cn;tw;kr;en;en_us;en_eu>,,1501,,<7>,4,,,15010,,,,1502,51501,,,,<15;16;11;12>,2,<70;50;140;230;60;80;630>,,3,11,3,<615;616;617;602;603>,,,3,1504,,,15043,<15041;15042;15043;15046;61151;61152>,1501,,<11043;11143;11243;11343>,21501,3,3,{drawcard=huang_effect_loop},1501,2,3,3,3,<15011;15012;15013;15014>,1182,15,0.7,当山体因滑坡或山火而变得荒芜起来时，它就会不断地运土、种上树苗，将自己的领地打扫得漂漂亮亮的。,前排承伤：钢铁护盾,,420,4,,,<<113;206>;<114;206>;<115;204>>,
1511,玛沙那,<cn>,,1511,,<7>,,,,,,,,1511,51511,,,,<8;10;12;13>,,<30;60;40;55;40;55;280>,,2,11,2,<612;613;614;602;603>,,,2,1511,,,15113,<15111;15112;15113;15116;61101;61102>,1511,,<11052;11152;11252;11352>,21511,2,2,{drawcard=huang_effect_loop},1511,16,2,2,2,<15111;15112;15113>,1001,,0.6,每天都要持续冥想好几个钟头，能以锻炼出来的超能力在空中飞行。这是持续不断修炼瑜伽所得的成果。,闪避反击&禁疗武师,,310,,,,<<103;208>;<102;208>;<101;209>>,
1512,恰雷姆,<cn>,,1511,,<7>,2,,,,,,,1511,51511,,,,<8;10;12;13>,,<60;80;60;75;60;75;410>,,2,11,2,<612;613;614;602;603>,,,2,1512,,,15123,<15121;15122;15123;15126;61101;61102>,1511,,<11052;11152;11252;11352>,21511,2,2,{drawcard=huang_effect_loop},1511,16,2,2,2,<15111;15112;15113>,1001,,0.6,经过艰苦的瑜伽修炼后，具备了能事先预测对手行动的力量。以宛如跳舞般的优雅动作来战斗。,闪避反击&禁疗武师,,310,,,,<<103;208>;<102;208>;<101;209>>,
1611,呆火驼,,,1611,,<8>,,,,,,,,1611,51611,,,,<18;19;20;21>,,<60;35;60;40;65;45;305>,,2,11,2,<618;619;620;602;603>,,,2,1611,,,16113,<16111;16112;16113;16116;61151;61152>,1611,,<11032;11132;11232;11332>,21611,2,2,,1611,16,2,2,2,<16111;16112;16113>,1071,,0.7,在它背里积累着热滚滚的熔岩。拥有能搬运100公斤重货物的力量。长久以来一直在帮助人类工作。,蓄力输出：火系炮台,,310,,,,<<103;208>;<102;208>;<101;209>>,
1612,喷火驼,,,1611,,<8>,2,,,,,,,1611,51611,,,,<18;19;20;21>,,<70;40;100;70;105;75;460>,,2,11,2,<618;619;620;602;603>,,,2,1612,,,16123,<16121;16122;16123;16126;61151;61152>,1611,,<11032;11132;11232;11332>,21611,2,2,,1611,16,2,2,2,<16111;16112;16113>,1071,,0.7,体内有着火山的宝可梦。时不时会从背上的驼峰里喷出体内储存的１万摄氏度的熔岩。,蓄力输出：火系炮台,,310,,,,<<103;208>;<102;208>;<101;209>>,
1641,晃晃斑,<cn;tw;kr;en;en_us;en_eu>,<cn>,1641,,<7>,,,,,,,,1641,51641,,,,<15;16;11;12>,,<60;60;60;60;60;60;360>,,2,11,2,<606;607;608;602;603>,,,2,1641,,,16413,<16411;16412;16413;16416;61101;61102>,1641,,<11012;11112;11212;11312>,21641,2,2,,1641,17,2,2,2,<16411;16412;16413>,1181,,0.6,最大的特征是每一只身上的斑点花纹都不同。摇摇晃晃令人捉摸不定的脚步，具有让敌人不容易瞄准的效果。,就是玩儿,,320,4,,,<<106;208>;<105;208>;<104;209>>,
1651,大颚蚁,<cn;tw;kr;en;en_us;en_eu>,,1651,,<7>,,,,,,,,1651,51651,,,,<11;12;15;16>,,<45;10;100;45;45;45;290>,,3,11,3,<609;610;611;602;603>,,,3,1651,,,16513,<16511;16512;16513;16516;61101;61102>,1651,,<11003;11103;11203;11303>,21651,3,3,{drawcard=huang_effect_loop},1651,,3,3,3,<16511;16512;16513;16514>,1132,15,0.8,它巨大的下颚能将大岩石咬碎。由于头部很大，因此一旦颠倒的话想要再爬起来可是相当不容易的。,沙漠之音&大地回响,,410,,,,<<110;204>;<111;206>;<112;204>>,
1652,超音波幼虫,<cn;tw;kr;en;en_us;en_eu>,,1651,,<7>,2,,,,,,,1651,51651,,,,<7;8;9;12>,,<50;70;70;50;50;50;340>,,3,11,3,<609;610;611;602;603>,,,3,1652,,,16523,<16521;16522;16523;16526;61101;61102>,1651,,<11003;11103;11203;11303>,21651,3,3,{drawcard=huang_effect_loop},1651,,3,3,3,<16511;16512;16513;16514>,1132,15,0.8,会利用翅膀的震动发出超音波。由于超音波幼虫的翅膀还在成长中，因此无法作长距离飞行。,沙漠之音&大地回响,,410,,,,<<110;204>;<111;206>;<112;204>>,
1653,沙漠蜻蜓,<cn;tw;kr;en;en_us;en_eu>,,1651,,<7>,3,,,,,,,1651,51651,,,,<7;8;9;12>,,<80;100;100;80;80;80;520>,,3,11,3,<609;610;611;602;603>,,,3,1653,,,16533,<16531;16532;16533;16536;61101;61102>,1651,,<11003;11103;11203;11303>,21651,3,3,{drawcard=huang_effect_loop},1651,,3,3,3,<16511;16512;16513;16514>,1132,15,0.8,它拍动翅膀的声音听起来就像在唱歌。为了不被敌人发现，会利用拍动翅膀将沙漠的沙子给卷起来以隐藏身形。,沙漠之音&大地回响,,410,,,,<<110;204>;<111;206>;<112;204>>,
1671,青绵鸟,<cn;tw;kr;en;en_us;en_eu>,,1671,,,,,,,,,,,,,,,<22;24;18;20>,,<45;50;40;60;40;75;310>,,3,11,3,<606;607;608;602;603>,,,3,1671,,,16713,<16711;16712;16713;16716;61151;61152>,1671,,<11013;11113;11213;11313>,21671,3,3,{drawcard=huang_effect_loop},1671,4,3,3,3,<16711;16712;16713;16714>,1012,15,0.75,此宝可梦有着像棉花云一样蓬松的翅膀。不怕人，会像棉帽一样轻轻地站在人头上。,青鸟祝福&棉花防守,,430,2,,,<<116;204>;<117;206>>,
1672,七夕青鸟,<cn;tw;kr;en;en_us;en_eu>,,1671,,,2,,,,,,,,,,,,<22;24;18;20>,,<75;80;70;90;70;105;490>,,3,11,3,<606;607;608;602;603>,,,3,1672,,,16723,<16721;16722;16723;16726;61151;61152>,1671,,<11013;11113;11213;11313>,21671,3,3,{drawcard=huang_effect_loop},1671,4,3,3,3,<16711;16712;16713;16714>,1012,15,0.75,会混在棉花云里在空中起舞。如果用通透的声音鸣出旋律，就会让听者心醉神迷，仿佛置身梦境。,青鸟祝福&棉花防守,,430,2,,,<<116;204>;<117;206>>,
1771,丑丑鱼,<cn;kr;en;en_us;en_eu;tw>,,1771,,<8>,,,,,,,,1771,51771,,,,<6;8;22;25>,,<20;80;15;20;10;55;200>,,3,11,3,<621;622;623;602;603>,,,3,1771,,,17713,<17711;17712;17713;17716;61151;61152>,1771,,<11023;11123;11223;11323>,21771,3,3,{drawcard=huang_effect_loop},1771,2,3,3,3,<17711;17712;17713;17714>,1572,15,0.95,栖息在有许多水草的水池里面。由于外形长得实在太丑，因此会培养它的训练家似乎很少。,也曾期待着被爱,,420,4,,,<<113;206>;<114;206>;<115;204>>,
1772,美纳斯,<cn;kr;en;en_us;en_eu;tw>,,1771,,<8>,2,,,,,,,1771,51771,,,,<22;24;18;20>,,<95;81;60;79;100;125;540>,,3,11,3,<621;622;623;602;603>,,,3,1772,,,17723,<17721;17722;17723;17726;61151;61152>,1771,,<11023;11123;11223;11323>,21771,3,3,{drawcard=huang_effect_loop},1771,2,3,3,3,<17711;17712;17713;17714>,1572,15,0.95,据说它生活在广大的湖边。被人称为最美丽的宝可梦，也被当作绘画与雕刻的对象。,优雅迷人&抚慰愤恨,,420,4,,,<<113;206>;<114;206>;<115;204>>,
1801,怨影娃娃,<cn;kr;en;en_us;en_eu;tw>,,1801,,<7>,,,,,,,,1801,51801,,,,<10;11;13;9>,,<44;45;75;35;63;33;295>,,2,11,2,<621;622;623;602;603>,,,2,1801,,,18013,<18011;18012;18013;18016;61101;61102>,1801,,<11022;11122;11222;11322>,21801,2,2,,1801,18,2,2,2,<18011;18012;18013>,1171,,0.64,会被嫉妒怨恨的感情所吸引。如果有人怨恨心变强，怨影娃娃就会成排地挂在那人的屋檐下。,诅咒之躯&怨念控制,,330,2,,,<<109;209>;<108;208>;<107;208>>,
1802,诅咒娃娃,<cn;kr;en;en_us;en_eu;tw>,,1801,,<7>,2,,,,,,,1801,51801,,,,<10;11;13;9>,,<64;65;115;65;83;63;455>,,2,11,2,<621;622;623;602;603>,,,2,1802,,,18023,<18021;18022;18023;18026;61101;61102>,1801,,<11022;11122;11222;11322>,21801,2,2,,1801,18,2,2,2,<18011;18012;18013>,1171,,0.64,用针刺伤自己的身体时，就会产生强烈的诅咒能量。原本是个被丢弃的可怜玩偶。,诅咒之躯&怨念控制,,330,2,,,<<109;209>;<108;208>;<107;208>>,
1803,超级诅咒娃娃,<cn;kr;en;en_us;en_eu;tw>,,1801,,<7>,3,,,18010,,,,1802,51801,,,,<10;11;13;9>,2,<64;75;165;75;93;83;555>,,12,11,2,<621;622;623;602;603>,,,2,1803,,,18033,<18031;18032;18033;18036;61101;61102>,1801,,<11022;11122;11222;11322>,21801,2,10,,1801,18,2,2,2,<18011;18012;18013>,1552,15,0.64,因为超级进化，怨念增强。拉链里面收纳着的诅咒之力满溢出来。,诅咒之躯&怨念控制,,440,2,,,<<118;204>;<119;204>>,
1811,夜巡灵,,,1811,,<7>,,,,,,,,1811,51811,,,,<24;23;14;16>,,<20;25;40;90;30;90;295>,,3,11,3,<621;622;623;602;603>,,,3,1811,,,18113,<18111;18112;18113;18116;61101;61102>,1811,,<11023;11123;11223;11323>,21811,3,3,{drawcard=huang_effect_loop},1811,3,3,3,3,<18111;18112;18113;18114>,1152,15,0.45,无论多厚的墙壁都能穿过。一旦被盯上，就会一直被追着，直到第二天早上太阳升起。,黑洞控制,,440,2,,,<<118;204>;<119;204>>,
1812,彷徨夜灵,,,1811,,<7>,2,,,,,,,1811,51811,,,,<24;23;14;16>,,<40;25;70;130;60;130;455>,,3,11,3,<621;622;623;602;603>,,,3,1812,,,18123,<18121;18122;18123;18126;61101;61102>,1811,,<11023;11123;11223;11323>,21811,3,3,{drawcard=huang_effect_loop},1811,3,3,3,3,<18111;18112;18113;18114>,1152,15,0.45,身体内部是空洞，什么都没有。据说会像黑洞般，无论什么都吸进去，一旦被吸进去就回不来了。,黑洞控制,,440,2,,,<<118;204>;<119;204>>,
1813,黑夜魔灵,,,1811,,<7>,3,,,,,,,1811,51811,,,,<24;23;14;16>,,<45;45;100;135;65;135;525>,,3,11,3,<621;622;623;602;603>,,,3,1813,,{127=<18141;18142;18143;18146;61101;61102>},18133,<18131;18132;18133;18136;61101;61102>,1811,,<11023;11123;11223;11323>,21811,3,3,{drawcard=huang_effect_loop},1811,3,3,3,3,<18111;18112;18113;18114>,1152,15,0.45,用头部的天线接收来自灵界的电波。接收指示后将人带往灵界。,黑洞控制,,440,2,,,<<118;204>;<119;204>>,
1841,阿勃梭鲁,,,1841,,<7>,,,,,,,,1841,51841,,,,<10;11;13;9>,,<65;75;130;60;75;60;465>,,3,11,3,<606;607;608;602;603>,,,3,1841,,,18413,<18411;18412;18413;18416;61151;61152>,1841,,<11013;11113;11213;11313>,21841,3,3,{drawcard=huang_effect_loop},1841,4,3,3,3,<18411;18412;18413;18414>,1522,15,0.65,对天空与大地的变化能敏感地察觉，拥有能预知灾害的能力。是能活上100年的长寿宝可梦。,灾厄降临&减益输出,,430,2,,,<<116;204>;<117;206>>,
1851,雪童子,,,1851,,<8>,,,,,,,,1851,51851,,,,<6;7;18;19>,,<50;50;50;50;50;50;300>,,2,11,2,<615;616;617;602;603>,,,2,1851,,,18513,<18511;18512;18513;18516;61151;61152>,1851,,<11043;11143;11243;11343>,21851,2,2,,1851,17,2,2,2,<18511;18512;18513>,1151,,0.8,该宝可梦生活在经常下雪的地方。在不下雪的春夏季节，会安静地生活在钟乳石洞的深处。,心意不定&攻守兼备,,320,4,,,<<106;208>;<105;208>;<104;209>>,
1852,冰鬼护,,,1851,,<8>,2,1,,,,2,,1851,51851,,,,<6;7;18;19>,,<80;80;80;80;80;80;480>,,2,11,2,<615;616;617;602;603>,,,2,1852,,,18523,<18521;18522;18523;18526;61151;61152>,1851,,<11043;11143;11243;11343>,21851,2,2,,1851,17,2,2,2,<18511;18512;18513>,1151,,0.8,由于它拥有能瞬间冻结空气里水分的力量，因此在冰鬼护的周围都会产生钻石般的粉尘。,心意不定&攻守兼备,,320,4,,,<<106;208>;<105;208>;<104;209>>,
1853,雪妖女,,,1851,,<8>,2,2,,,,2,,1851,51851,,2,,<6;7;18;19>,,<70;110;80;70;80;70;480>,,2,11,2,<615;616;617;602;603>,,,2,1853,,,18533,<18531;18532;18533;18536;61151;61152>,1851,,<11043;11143;11243;11343>,21851,2,2,,1851,17,2,2,2,<18511;18512;18513>,1151,,0.8,从在雪山遇难的女性的遗恨让这宝可梦诞生。它最喜欢冻成冰的灵魂。,隐身控制：群体冰冻,,320,4,,,<<106;208>;<105;208>;<104;209>>,
1861,海豹球,,,1861,,<8>,,,,,,,,1861,51861,,,,<18;20;15;14>,,<70;25;40;50;55;50;290>,,2,11,2,<615;616;617;602;603>,,,2,1861,,,18613,<18611;18612;18613;18616;61151;61152>,1861,,<11042;11142;11242;11342>,21861,2,2,,1861,17,2,2,2,<18611;18612;18613>,1061,,1.1,翻滚的话会比走路快很多。吃饭的时候会大家一起高兴地拍手，所以会相当的吵。,反伤辅助,,320,4,,,<<106;208>;<105;208>;<104;209>>,
1862,海魔狮,,,1861,,<8>,2,,,,,,,1861,51861,,,,<18;20;15;14>,,<90;45;60;70;75;70;410>,,2,11,2,<615;616;617;602;603>,,,2,1862,,,18623,<18621;18622;18623;18626;61151;61152>,1861,,<11042;11142;11242;11342>,21861,2,2,,1861,17,2,2,2,<18611;18612;18613>,1061,,1.1,会群聚在流冰上生活。前脚的力量非常大，能把流冰击碎。一天内会有5次潜入海中捕捉猎物。,反伤辅助,,320,4,,,<<106;208>;<105;208>;<104;209>>,
1863,帝牙海狮,,,1861,,<8>,3,,,,,,,1861,51861,,,,<18;20;15;14>,,<110;65;80;90;95;90;530>,,2,11,2,<615;616;617;602;603>,,,2,1863,,,18633,<18631;18632;18633;18636;61151;61152>,1861,,<11042;11142;11242;11342>,21861,2,2,,1861,17,2,2,2,<18611;18612;18613>,1061,,1.1,保护群体的首领，对于侵入其地盘的敌人会拼命打倒。有时牙齿会在对战中折断。,反伤辅助,,320,4,,,<<106;208>;<105;208>;<104;209>>,
1891,宝贝龙,,,1891,,<7>,,,,,,,,1891,51891,,,,<11;12;15;16>,,<45;50;75;60;40;30;300>,,3,11,3,<618;619;620;602;603>,,,3,1891,,,18913,<18911;18912;18913;18916;61101;61102>,1891,,<11033;11133;11233;11333>,21891,3,3,{drawcard=huang_effect_loop},1891,,3,3,3,<18911;18912;18913;18914>,1002,15,0.95,虽然体格娇小，但是全身都是肌肉，是力量非常强大的宝可梦。会以宛如钢铁般的头部使出头锤。,暴力输出：撕裂真伤,1891,410,,,,<<110;204>;<111;206>;<112;204>>,
1892,甲壳龙,,,1891,,<7>,2,,,,,,,1891,51891,,,,<15;16;11;12>,,<65;50;95;100;60;50;420>,,3,11,3,<618;619;620;602;603>,,,3,1892,,,18923,<18921;18922;18923;18926;61101;61102>,1891,,<11033;11133;11233;11333>,21891,3,3,{drawcard=huang_effect_loop},1891,,3,3,3,<18911;18912;18913;18914>,1002,15,0.95,在坚硬的壳内部，细胞正在变化，并形成崭新的身体。因为壳非常重，所以动作迟缓。,暴力输出：撕裂真伤,1891,410,,,,<<110;204>;<111;206>;<112;204>>,
1893,暴飞龙,,,1891,,<7>,3,,,,,,,1891,51891,,,,<10;11;13;9>,2,<95;100;135;80;110;80;600>,,3,11,3,<618;619;620;602;603>,,,3,1893,,,18933,<18931;18932;18933;18936;61101;61102>,1891,,<11033;11133;11233;11333>,21891,3,3,{drawcard=huang_effect_loop},1891,,3,3,3,<18911;18912;18913;18914>,1002,15,0.95,听说因为一直都强烈渴望着拥有翅膀，结果导致体内的细胞发生了突变，长出了华丽的翅膀。,暴力输出：撕裂真伤,1891,410,,,,<<110;204>;<111;206>;<112;204>>,<1072>
1901,铁哑铃,,,1901,,<7>,,,,,,,,1901,51901,,0,,<24;23;14;16>,,<40;30;55;80;35;60;300>,,3,11,3,<615;616;617;602;603>,,,3,1901,,,19013,<19011;19012;19013;19016;61151;61152>,1901,,<11043;11143;11243;11343>,21901,3,3,{drawcard=huang_effect_loop},1901,2,3,3,3,<19011;19012;19013;19014>,1122,15,0.8,在身体内，强力的磁力代替血液不断循环着。通过磁力的波动和伙伴对话。,钢系炮台：后排嘲讽,,420,4,,,<<113;206>;<114;206>;<115;204>>,
1902,金属怪,,,1901,,<7>,2,,,,,,,1901,51901,,0,,<24;23;14;16>,,<60;50;75;100;55;80;420>,,3,11,3,<615;616;617;602;603>,,,3,1902,,,19023,<19021;19022;19023;19026;61151;61152>,1901,,<11043;11143;11243;11343>,21901,3,3,{drawcard=huang_effect_loop},1901,2,3,3,3,<19011;19012;19013;19014>,1122,15,0.8,2只铁哑铃组合起来的样子。磁力神经把２个大脑连接起来，从而产生出强大的精神能量。,钢系炮台：后排嘲讽,,420,4,,,<<113;206>;<114;206>;<115;204>>,
1903,巨金怪,,,1901,,<7>,3,,,,,,,1901,51901,,0,,<24;23;14;16>,2,<80;70;135;130;95;90;600>,,3,11,3,<615;616;617;602;603>,,,3,1903,,,19033,<19031;19032;19033;19036;61151;61152>,1901,,<11043;11143;11243;11343>,21901,3,3,{drawcard=huang_effect_loop},1901,2,3,3,3,<19011;19012;19013;19014>,1122,15,0.8,4个大脑能比超级计算机更快运算出复杂计算的答案。可以收起４只脚浮在空中。,钢系炮台：后排嘲讽,,420,4,,,<<113;206>;<114;206>;<115;204>>,
1911,雷吉洛克,<cn;kr;en;en_us;en_eu;tw>,<cn;kr;en;en_us;en_eu;tw>,1911,,<7>,,,,,,,,1911,51911,,0,,<15;16;11;12>,2,<80;50;100;200;50;100;580>,,3,11,3,<615;616;617;602;603>,,,3,1911,,,19113,<19111;19112;19113;19116;61101;61102>,1911,,<11043;11143;11243;11343>,21911,3,3,{drawcard=huang_effect_loop},1911,2,3,3,3,<19111;19112;19113;19114>,1132,15,0.8,过去曾被人封印的宝可梦。听说，如果身体在战斗中损坏，就会自己寻找新的岩石来修复。,岩石爆裂&列阵守护,1911,420,4,,,<<113;206>;<114;206>;<115;204>>,
1921,雷吉艾斯,<cn;kr;en;en_us;en_eu;tw>,<cn;kr;en;en_us;en_eu;tw>,1921,,<8>,,,,,,,,1921,51921,,0,,<24;23;14;16>,2,<80;50;50;100;100;200;580>,,3,11,3,<615;616;617;602;603>,,,3,1921,,,19213,<19211;19212;19213;19216;61151;61152>,1921,,<11043;11143;11243;11343>,21921,3,3,{drawcard=huang_effect_loop},1921,2,3,3,3,<19211;19212;19213;19214>,1192,15,0.8,身体是由冰河时期形成的冰构成，即便用火焰也无法融化。能操控零下２００度的冷气。,冰核守备&极寒恢复,1921,420,4,,,<<113;206>;<114;206>;<115;204>>,
1931,雷吉斯奇鲁,<cn;kr;en;en_us;en_eu;tw>,<cn;kr;en;en_us;en_eu;tw>,1931,,<8>,,,,,,,,1931,51931,,0,,<24;23;14;16>,2,<80;50;75;150;75;150;580>,,3,11,3,<615;616;617;602;603>,,,3,1931,,,19313,<19311;19312;19313;19316;61151;61152>,1931,,<11043;11143;11243;11343>,21931,3,3,{drawcard=huang_effect_loop},1931,2,3,3,3,<19311;19312;19313;19314>,1082,15,0.8,拥有比任何金属都坚硬的身体。身体内部好像成为了空洞，不清楚该宝可梦以什么为食。,钢铁护盾&致死斩杀,1931,420,4,,,<<113;206>;<114;206>;<115;204>>,
1941,拉帝亚斯,<cn;kr;en;en_us;en_eu;tw>,<cn;kr;en;en_us;en_eu;tw>,1941,,<8>,,,,,,,,1941,51941,,2,,<22;24;18;20>,2,<80;110;80;90;110;130;600>,,3,11,3,<618;619;620;602;603>,,,3,1941,,,19413,<19411;19412;19413;19416;61151;61152>,1941,,<11033;11133;11233;11333>,21941,3,3,{drawcard=huang_effect_loop},1941,4,3,3,3,<19411;19412;19413;19414>,1542,15,0.8,能非常敏锐地感知人心。一旦察觉到敌意，就会竖起全身羽毛，用激烈的叫声威吓对方。,水都的守护神&光隐回旋,,430,2,,,<<116;204>;<117;206>>,
1951,拉帝欧斯,<cn;kr;en;en_us;en_eu;tw>,<cn;kr;en;en_us;en_eu;tw>,1951,,<8>,,,,,,,,1951,51951,,1,,<22;24;18;20>,2,<80;110;90;80;130;110;600>,,3,11,3,<618;619;620;602;603>,,,3,1951,,,19513,<19511;19512;19513;19516;61151;61152>,1951,,<11033;11133;11233;11333>,21951,3,3,{drawcard=huang_effect_loop},1951,,3,3,3,<19511;19512;19513;19514>,1562,15,0.8,拥有将所见所思用影像展现给对方的能力。能理解人类的语言。,水都的守护神&光隐冲击,,410,,,,<<110;204>;<111;206>;<112;204>>,
1961,盖欧卡,,,1961,,<8>,,,,,,,,1961,51961,,0,,<22;24;18;20>,3,<100;90;100;90;150;140;670>,,4,21,4,<621;622;623;604;605>,,,4,1961,,,19613,<19611;19612;19613;19616;61151;61152>,1961,,<11024;11124;11224;11324>,21961,4,4,{drawcard=hong_effect_loop},1961,9,4,4,4,<19611;19612;19613;19614>,1053,20,,被称为海洋的化身的传说宝可梦，据传他在和固拉多殊死战斗之后便一直在海底的底层沉睡,海洋之主&强力驱散&暴击抵抗,,530,2,,<2005;2010;2002>,<<124;204>;<125;202>>,<2005;2006;2013>
1962,原始盖欧卡,<cn;kr;en;en_us;en_eu;tw>,,1961,,<8>,2,,,19610,,,,1962,51961,,0,,<22;24;18;20>,3,<100;90;150;90;180;160;770>,,4,21,4,<621;622;623;604;605>,,,4,1962,,{125=<19631;19632;19633;19636;61151;61152>},19623,<19621;19622;19623;19626;61151;61152>,1961,,<11024;11124;11224;11324>,21961,4,4,{drawcard=hong_effect_loop},1961,9,4,4,4,<19611;19612;19613;19614>,1053,20,,盖欧卡真正的力量，觉醒后的原始面貌。会把弥漫全身的能量化为海水排出体外，所到之处，呼风唤雨，扩张海域，是掌管所有海洋的深海之王,沧蓝深海的王者,,640,2,,<2005;2010;2002>,<<132;201>>,<2005;2006;2013>
1971,固拉多,,,1971,,<7>,,,,,,,,1971,51971,,0,,<11;12;15;16>,3,<100;90;150;140;100;90;670>,,4,21,4,<609;610;611;604;605>,,,4,1971,,,19713,<19711;19712;19713;19716;61151;61152>,1971,,<11004;11104;11204;11304>,21971,4,4,{drawcard=hong_effect_loop},1971,7,4,4,4,<19711;19712;19713;19714>,1043,20,,被称为大地的化身的传说宝可梦，据传他在与盖欧卡殊死战斗之后便一直在地底的熔岩中沉睡着,大地之主&地震攻势,,520,4,,<2006;2007;2008>,<<122;202>;<123;204>>,<2006;2019;2016>
1972,原始固拉多,<cn;tw;kr;en;en_us;en_eu>,,1971,,<7>,2,,,19710,,,,1972,51971,,0,,<11;12;15;16>,3,<100;90;180;160;150;90;770>,,4,21,4,<609;610;611;604;605>,,,4,1972,,{120=<19731;19732;19733;19736;61151;61152>},19723,<19721;19722;19723;19726;61151;61152>,1971,,<11004;11104;11204;11304>,21971,4,4,{drawcard=hong_effect_loop},1971,7,4,4,4,<19711;19712;19713;19714>,1043,20,,固拉多真正的力量，觉醒后的原始面貌。据说它每走一步产生的熔岩能创造大地，会把弥漫全身的能量化成岩浆排出体外，身体散发出的高温甚至能改变天气,红莲大地的霸者,,620,4,,<2006;2007;2008>,<<129;201>>,<2006;2019;2016>
1981,裂空座,,,1981,,<7;8>,,,,,,,,1981,51981,,0,,<10;11;13;9>,3,<105;95;150;90;150;90;680>,,4,21,4,<618;619;620;604;605>,,,4,1981,,,19813,<19811;19812;19813;19816;61101;61102>,1981,,<11034;11134;11234;11334>,21981,4,4,{drawcard=hong_effect_loop},1981,6,4,4,4,<19811;19812;19813;19814>,1113,20,1.05,一直在臭氧层里飞行的宝可梦。据说当盖欧卡与固拉多互相战斗时，它就会降临地面,天空霸主&物特双修,,510,,,<2003;2046>,<<120;204>;<121;202>>,<2001;2003>
1982,超级裂空座,<cn;kr;tw;en;en_us;en_eu>,,1981,,<7;8>,2,,,19810,,,,1982,51981,,0,,<10;11;13;9>,3,<105;115;180;100;180;100;780>,,4,21,4,<618;619;620;604;605>,,,4,1982,,{111=<19841;19842;19843;19846;61101;61102>},19823,<19821;19822;19823;19826;61101;61102>,1981,,<11034;11134;11234;11334>,21981,4,4,{drawcard=hong_effect_loop},1981,6,4,4,4,<19811;19812;19813;19814>,1113,20,1.05,超古代宝可梦的领导者，翱翔于高空臭氧层的天空霸主，透过胡须释放的粒子影响大气湿度，操纵天气，吞食陨石作为食物，用储存在体内的陨石能量来超级进化,玄青烈空&极意爆发,,610,,,<2003;2046>,<<127;201>;<128;203>>,<2001;2003>
1991,基拉祈,<cn;kr;tw;en;en_us;en_eu>,,1991,,<7;8>,,,,,,,,1991,51991,,0,,<24;23;14;16>,3,<100;100;100;100;100;100;600>,,4,21,4,<615;616;617;604;605>,,,4,1991,,{113=<19921;19922;19923;19926;61151;61152>},19913,<19911;19912;19913;19916;61151;61152>,1991,,<11044;11144;11244;11344>,21991,4,4,{drawcard=hong_effect_loop},1991,9,4,4,4,<19911;19912;19913;19914>,1533,20,,在“沉睡之茧”中沉眠了一千年，每当千年彗星降临的夜晚，如果遇到拥有纯真心灵的伙伴便会苏醒七天。腹部的“真实之眼”拥有可以实现任何愿望的能力,七夜的许愿星,1991,530,2,,<2013;2014>,<<124;204>;<125;202>>,<2015;2013;2024>
2011,草苗龟,,,2011,,<7>,,,,,,,,2011,52011,,,,<11;12;15;16>,,<55;31;68;64;45;55;318>,,2,11,2,<609;610;611;602;603>,,,2,2011,,,20113,<20111;20112;20113;20116;61151;61152>,2011,,<11002;11102;11202;11302>,22011,2,2,,2011,17,2,2,2,<20111;20112;20113>,1561,,0.95,草苗龟背上的龟壳是以土壤构成，吸了水之后会变得更硬。栖息在湖畔地带。,辅助肉盾,,320,4,,,<<106;208>;<105;208>;<104;209>>,
2012,树林龟,,,2011,,<7>,2,,,,,,,2011,52011,,,,<11;12;15;16>,,<75;36;89;85;55;65;405>,,2,11,2,<609;610;611;602;603>,,,2,2012,,,20123,<20121;20122;20123;20126;61151;61152>,2011,,<11002;11102;11202;11302>,22011,2,2,,2011,17,2,2,2,<20111;20112;20113>,1561,,0.95,生活在森林中的水边。白天会去森林的外面，让甲壳上的树木晒晒阳光。,辅助肉盾,,320,4,,,<<106;208>;<105;208>;<104;209>>,
2013,土台龟,,,2011,,<7>,3,,,,,,,2011,52011,,,,<11;12;15;16>,,<95;56;109;105;75;85;525>,,2,11,2,<609;610;611;602;603>,,,2,2013,,,20133,<20131;20132;20133;20136;61151;61152>,2011,,<11002;11102;11202;11302>,22011,2,2,,2011,17,2,2,2,<20111;20112;20113>,1561,,0.95,有时候小小的宝可梦们会聚集起来，在一动不动的土台龟的背上建造巢穴。,辅助肉盾,,320,4,,,<<106;208>;<105;208>;<104;209>>,
2021,小火焰猴,<cn;kr;tw;en;en_us;en_eu>,,2021,,<7;8>,,,,,,,,2021,52021,,,,<10;11;13;9>,,<44;61;58;44;58;44;309>,,3,11,3,<618;619;620;602;603>,,,3,2021,,,20213,<20211;20212;20213;20216;61101;61102>,2021,,<11032;11132;11232;11332>,22021,3,3,{drawcard=huang_effect_loop},2021,,3,3,3,<20211;20212;20213;20214>,1502,15,0.76,小火焰猴，小猴宝可梦。可以轻松地爬上断崖绝壁，在岩山上生活，睡觉的时候火焰会消失。,暴力输出：燃魂觉醒,,410,,,,<<110;204>;<111;206>;<112;204>>,
2022,猛火猴,<cn;kr;tw;en;en_us;en_eu>,,2021,,<7;8>,2,,,,,,,2021,52021,,,,<10;11;13;9>,,<64;81;78;52;78;52;405>,,3,11,3,<618;619;620;602;603>,,,3,2022,,,20223,<20221;20222;20223;20226;61101;61102>,2021,,<11032;11132;11232;11332>,22021,3,3,{drawcard=huang_effect_loop},2021,,3,3,3,<20211;20212;20213;20214>,1502,15,0.76,猛火猴，顽皮宝可梦。小火焰猴的进化形。会利用天花板或是墙壁，施展出空中攻击法，尾巴上的火焰也是武器。,暴力输出：燃魂觉醒,,410,,,,<<110;204>;<111;206>;<112;204>>,
2023,烈焰猴,<cn;kr;tw;en;en_us;en_eu>,,2021,,<7;8>,3,,,,,,,2021,52021,,,,<10;11;13;9>,,<76;108;104;71;104;71;534>,,3,11,3,<618;619;620;602;603>,,,3,2023,,{161=<20241;20242;20243;20246;61101;61102>},20233,<20231;20232;20233;20236;61101;61102>,2021,,<11032;11132;11232;11332>,22021,3,3,{drawcard=huang_effect_loop},2021,,3,3,3,<20211;20212;20213;20214>,1502,15,0.76,烈焰猴，烈焰宝可梦，猛火猴的进化形。性格就像头上燃烧的烈焰一样激烈，长燃不息，使用双手双足的特殊格斗技，敏捷度不会输给任何人。,暴力输出：燃魂觉醒,,410,,,,<<110;204>;<111;206>;<112;204>>,
2031,波加曼,<cn;kr;tw;en;en_us;en_eu>,<cn;kr;tw;en;en_us;en_eu>,2031,,<8>,,,,,,,,2031,52031,,,,<22;24;18;20>,,<53;40;51;53;61;56;314>,,3,11,3,<621;622;623;602;603>,,,3,2031,,,20313,<20311;20312;20313;20316;61101;61102>,2031,,<11022;11122;11222;11322>,22031,3,3,{drawcard=huang_effect_loop},2031,,3,3,3,<20311;20312;20313;20314>,1552,15,0.84,波加曼，企鹅宝可梦，自尊心很强，擅长游泳，长长的绒毛可以御寒。,忍耐爆发&负面增伤,,410,,,,<<110;204>;<111;206>;<112;204>>,
2032,波皇子,<cn;kr;tw;en;en_us;en_eu>,<cn;kr;tw;en;en_us;en_eu>,2031,,<8>,2,,,,,,,2031,52031,,,,<22;24;18;20>,,<64;50;66;68;81;76;405>,,3,11,3,<621;622;623;602;603>,,,3,2032,,,20323,<20321;20322;20323;20326;61101;61102>,2031,,<11022;11122;11222;11322>,22031,3,3,{drawcard=huang_effect_loop},2031,,3,3,3,<20311;20312;20313;20314>,1552,15,0.84,波皇子，企鹅宝可梦，波加曼的进化形。翅膀的攻击非常强而有力，会在结冰的海中寻找猎物。,忍耐爆发&负面增伤,,410,,,,<<110;204>;<111;206>;<112;204>>,
2033,帝王拿波,<cn;kr;tw;en;en_us;en_eu>,<cn;kr;tw;en;en_us;en_eu>,2031,,<8>,3,,,,,,,2031,52031,,,,<22;24;18;20>,,<84;60;86;88;111;101;530>,,3,11,3,<621;622;623;602;603>,,,3,2033,,,20333,<20331;20332;20333;20336;61101;61102>,2031,,<11022;11122;11222;11322>,22031,3,3,{drawcard=huang_effect_loop},2031,,3,3,3,<20311;20312;20313;20314>,1552,15,0.84,帝王拿波，皇帝宝可梦，水钢双属性，能以比机动船更快的速度游泳，翅膀边的锐羽可以轻易切开浮冰。,忍耐爆发&负面增伤,,410,,,,<<110;204>;<111;206>;<112;204>>,
2041,姆克儿,<cn;kr;tw;en;en_us;en_eu>,,2041,,<7>,,,,,,,,2041,52041,,,,<8;9;13;12>,,<40;60;55;30;30;30;245>,,3,11,3,<606;607;608;602;603>,,,3,2041,,,20413,<20411;20412;20413;20416;61101;61102>,2041,,<11013;11113;11213;11313>,22041,3,3,{drawcard=huang_effect_loop},2041,,3,3,3,<20411;20412;20413;20414>,1542,15,0.85,姆克儿在山野中生活，当仅有一只在的时候就会变得很不起眼。它会成群结队来弥补单枪匹马的弱小，然而群体一旦变大又会起争执。它以庞大的群体在山野间飞来飞去，追捕刺尾虫这样的虫宝可梦。姆克儿总喜欢啄食樱花宝身上营养而且美味的小球。但它嘴喙程度的攻击，砂土蓑衣的结草贵妇轻而易举就可以反弹回去,舍身攻击,,410,,,,<<110;204>;<111;206>;<112;204>>,
2042,姆克鸟,<cn;kr;tw;en;en_us;en_eu>,,2041,,<7>,2,,,,,,,2041,52041,,,,<8;9;13;12>,,<55;80;75;50;40;40;340>,,3,11,3,<606;607;608;602;603>,,,3,2042,,,20423,<20421;20422;20423;20426;61101;61102>,2041,,<11013;11113;11213;11313>,22041,3,3,{drawcard=huang_effect_loop},2041,,3,3,3,<20411;20412;20413;20414>,1542,15,0.85,姆克鸟在森林和草原上空飞来飞去，追捕虫宝可梦，独处时会发出吵闹的叫声。它对自己的弱小心知肚明，所以平时总是形成醒目的大群体来生活，群体内总是纷争不断。各个团队之间的争斗很激烈，如果遇到同类的团队，就会开始争夺领地。据考察，头顶上冠羽的气派程度对它们而言是强者的象征,舍身攻击,,410,,,,<<110;204>;<111;206>;<112;204>>,
2043,姆克鹰,<cn;kr;tw;en;en_us;en_eu>,,2041,,<7>,3,,,,,,,2041,52041,,,,<7;8;9;12>,,<85;100;120;70;50;60;485>,,3,11,3,<606;607;608;602;603>,,,3,2043,,,20433,<20431;20432;20433;20436;61101;61102>,2041,,<11013;11113;11213;11313>,22041,3,3,{drawcard=huang_effect_loop},2041,,3,3,3,<20411;20412;20413;20414>,1542,15,0.85,姆克鹰是性格凶猛的宝可梦，很在意自己头冠的形状。进化为姆克鹰后，它获得了离开群体独立生存的能力，会脱离群体独自生活。它脚的肌肉很发达，拥有强韧的翅膀。它能抓着小的宝可梦轻轻松松地飞行，就连壮汉也能一把抓起带走的飞行能力是一大威胁。即使遇到体型比自己大的对手，它也会果敢地上前挑战，即使自己的身体受了伤也不会停止攻击,舍身攻击,,410,,,,<<110;204>;<111;206>;<112;204>>,
2071,小猫怪,,,2071,,<7>,,,,,,,,2071,52071,,,,<7;8;9;12>,,<45;45;65;34;40;34;263>,,2,11,2,<612;613;614;602;603>,,,2,2071,,,20713,<20711;20712;20713;20716;61101;61102>,2071,,<11052;11152;11252;11352>,22071,2,2,,2071,16,2,2,2,<20711;20712;20713>,1101,,0.8,一旦感知到危险，全身的体毛都会发光。趁对手眼睛被闪到时逃之夭夭。,毅力输出,,310,,,,<<103;208>;<102;208>;<101;209>>,
2072,勒克猫,,,2071,,<7>,2,,,,,,,2071,52071,,,,<10;11;13;9>,,<60;60;85;49;60;49;363>,,2,11,2,<612;613;614;602;603>,,,2,2072,,,20723,<20721;20722;20723;20726;61101;61102>,2071,,<11052;11152;11252;11352>,22071,2,2,,2071,16,2,2,2,<20711;20712;20713>,1101,,0.8,从爪子释放出一击就能令人晕厥的电流。由数只组成团队生活。,毅力输出,,310,,,,<<103;208>;<102;208>;<101;209>>,
2073,伦琴猫,,,2071,,<7>,3,,,,,,,2071,52071,,,,<10;11;13;9>,,<80;70;120;79;95;79;523>,,2,11,2,<612;613;614;602;603>,,,2,2073,,,20733,<20731;20732;20733;20736;61101;61102>,2071,,<11052;11152;11252;11352>,22071,2,2,,2071,16,2,2,2,<20711;20712;20713>,1101,,0.8,具有能够透视万物的双眼，可以找到躲藏在阴暗处的对手。,毅力输出,,310,,,,<<103;208>;<102;208>;<101;209>>,
2121,帕奇利兹,<cn;kr;tw;en;en_us;en_eu>,,2121,,<8>,,,,,,,,2121,52121,,,,<6;7;14;22>,,<60;95;45;70;45;90;405>,,2,11,2,<612;613;614;602;603>,,,2,2121,,,21213,<21211;21212;21213;21216;61101;61102>,2121,,<11052;11152;11252;11352>,22121,2,2,{drawcard=huang_effect_loop},2121,17,2,2,2,<21211;21212;21213>,1181,,0.6,帕奇利兹生活在树木上面，它会把储存了静电帕奇作响的毛发球和最喜欢吃的树果一起藏在树干的洞穴里。,群体嘲讽&自疗辅助,,320,4,,,<<106;208>;<105;208>;<104;209>>,
2131,泳圈鼬,,,2131,,<7>,,,,,,,,2131,52131,,,,<8;9;13;12>,,<55;85;65;35;60;30;330>,,3,11,3,<621;622;623;602;603>,,,3,2131,,,21313,<21311;21312;21313;21316;61101;61102>,2131,,<11023;11123;11223;11323>,22131,3,3,{drawcard=huang_effect_loop},2131,2,3,3,3,<21311;21312;21313;21314>,1082,15,0.85,泳圈鼬脖子上的浮囊充满空气后会像泳圈一样膨胀，潜水的时候浮囊会瘪掉。它使脖子上的浮囊膨胀，来让脸部露出水面，以此探查岸上猎物的动静。像螺旋桨一样旋转着尾巴，不仅能形成推进力，让它在水里游泳，还能切断缠住自己的海草,擅长潜水,,410,,,,<<110;204>;<111;206>;<112;204>>,
2132,浮潜鼬,,,2131,,<7>,2,,,,,,,2131,52131,,,,<8;9;13;12>,,<85;115;105;55;85;50;495>,,3,11,3,<621;622;623;602;603>,,,3,2132,,,21323,<21321;21322;21323;21326;61101;61102>,2131,,<11023;11123;11223;11323>,22131,3,3,{drawcard=huang_effect_loop},2131,2,3,3,3,<21311;21312;21313;21314>,1082,15,0.85,浮潜鼬大量栖息在渔村，不仅会去帮助溺水的人，还会帮忙搬运捕获的猎物。它拥有又长又大的浮囊，在追逐水中猎物的过程中，浮囊变得发达了。它能用发达的浮囊浮在水面，即便遭遇海上风暴也不会溺水。浮囊膨胀起来后，就能像橡皮船一样让人乘坐在背上。会排出浮囊的气来潜水,擅长潜水,,410,,,,<<110;204>;<111;206>;<112;204>>,
2231,圆陆鲨,<cn;kr;en;en_us;en_eu;tw>,,2231,,<7>,,,,,,,,2231,52231,,,,<11;12;15;16>,,<58;42;70;45;40;45;300>,,3,11,3,<618;619;620;602;603>,,,3,2231,,,22313,<22311;22312;22313;22316;61101;61102>,2231,,<11033;11133;11233;11333>,22231,3,3,{drawcard=huang_effect_loop},2231,,3,3,3,<22311;22312;22313;22314>,1102,15,1.08,把洞窟里的小横洞作为住所。如果有猎物靠近，就会迅速扑出来捕捉。,残血暴走&真伤暴击,,410,,,,<<110;204>;<111;206>;<112;204>>,
2232,尖牙陆鲨,<cn;kr;en;en_us;en_eu;tw>,,2231,,<7>,2,,,,,,,2231,52231,,,,<7;8;9;12>,,<68;82;90;65;50;55;410>,,3,11,3,<618;619;620;602;603>,,,3,2232,,,22323,<22321;22322;22323;22326;61101;61102>,2231,,<11033;11133;11233;11333>,22231,3,3,{drawcard=huang_effect_loop},2231,,3,3,3,<22311;22312;22313;22314>,1102,15,1.08,从古时人们就相信用它的鳞片做成的药可以治疗任何疾病。,残血暴走&真伤暴击,,410,,,,<<110;204>;<111;206>;<112;204>>,
2233,烈咬陆鲨,<cn;kr;en;en_us;en_eu;tw>,,2231,,<7>,3,,,,,,,2231,52231,,,,<7;8;9;12>,2,<108;102;130;95;80;85;600>,,3,11,3,<618;619;620;602;603>,,,3,2233,,,22333,<22331;22332;22333;22336;61101;61102>,2231,,<11033;11133;11233;11333>,22231,3,3,{drawcard=huang_effect_loop},2231,,3,3,3,<22311;22312;22313;22314>,1102,15,1.08,如果收拢身体，伸展翅膀，简直就是一架喷气式飞机。能以音速飞行。,残血暴走&真伤暴击,,410,,,,<<110;204>;<111;206>;<112;204>>,<1062>
2241,利欧路,,,2241,,<7;8>,,,,,,,,2241,52241,,,,<7;8;9;12>,,<40;60;70;40;35;40;285>,,3,11,3,<612;613;614;602;603>,,,3,2241,,,22413,<22411;22412;22413;22416;61101;61102>,2241,,<11053;11153;11253;11353>,22241,3,3,{drawcard=huang_effect_loop},2241,,3,3,3,<22411;22412;22413;22414>,1182,15,0.7,精力充沛，可以奔跑一整夜。由于它十分活泼，带它散步的人非常辛苦。,协战输出：克制加深,2241,410,,,,<<110;204>;<111;206>;<112;204>>,<1064>
2242,路卡利欧,,,2241,,<7;8>,2,,,,,,,2241,52241,,,,<18;19;20;21>,,<70;90;110;70;115;70;525>,,3,11,3,<612;613;614;602;603>,,,3,2242,,{109=<22431;22432;22433;22436;61101;61102>},22423,<22421;22422;22423;22426;61101;61102>,2241,,<11053;11153;11253;11353>,22241,3,3,{drawcard=huang_effect_loop},2241,,3,3,3,<22411;22412;22413;22414>,1182,15,0.7,操纵一种被称为波导的力量来进行狩猎。这种力量就连巨大的岩石也能击得粉碎。,协战输出：克制加深,2241,410,,,,<<110;204>;<111;206>;<112;204>>,<1064>
2243,超级路卡利欧,<cn;kr;en;en_us;en_eu;tw>,,2241,,<7;8>,3,,,22410,,,,2242,52241,,,,<10;11;13;9>,2,<70;112;145;88;140;70;625>,,3,11,3,<612;613;614;602;603>,,,3,2244,,{109=<22451;22452;22453;22456;61101;61102>},22443,<22441;22442;22443;22446;61101;61102>,2241,,<11053;11153;11253;11353>,22241,3,3,{drawcard=huang_effect_loop},2241,,3,3,3,<22411;22412;22413;22414>,1142,15,0.7,他能理解人类的想法，因此只会去亲近内心端正的训练家。,协战输出：克制加深,2243,410,,,,<<110;204>;<111;206>;<112;204>>,<1064>
2271,不良蛙,,,2271,,<7>,,,,,,,,2271,52271,,,,<11;12;15;16>,,<48;50;61;40;61;40;300>,,2,11,2,<621;622;623;602;603>,,,2,2271,,,22713,<22711;22712;22713;22716;61101;61102>,2271,,<11022;11122;11222;11322>,22271,2,2,,2271,16,2,2,2,<22711;22712;22713>,1081,,0.83,脸颊上带有毒囊。会抓住对手的空当，用渗透了剧毒的手指猛戳。,毒系输出,,310,,,,<<103;208>;<102;208>;<101;209>>,
2272,毒骷蛙,,,2271,,<7>,2,,,,,,,2271,52271,,,,<11;12;15;16>,,<83;85;106;65;86;65;490>,,2,11,2,<621;622;623;602;603>,,,2,2272,,,22723,<22721;22722;22723;22726;61101;61102>,2271,,<11022;11122;11222;11322>,22271,2,2,,2271,16,2,2,2,<22711;22712;22713>,1081,,0.83,从拳头的尖刺里分泌出的剧毒，即使只是擦伤也足以致命。,毒系输出,,310,,,,<<103;208>;<102;208>;<101;209>>,
2301,雪笠怪,,,2301,,<7>,,,,,,,,2301,52301,,,,<10;11;13;9>,,<60;40;62;50;62;60;334>,,2,11,2,<609;610;611;602;603>,,,2,2301,,,23013,<23011;23012;23013;23016;61101;61102>,2301,,<11002;11102;11202;11302>,22301,2,2,,2301,18,2,2,2,<23011;23012;23013>,1191,,0.9,生活在雪山上，看到少见的人类会好奇的凑上来。,群体冰冻,,330,2,,,<<109;209>;<108;208>;<107;208>>,
2302,暴雪王,,,2301,,<7>,2,,,,,,,2301,52301,,,,<10;11;13;9>,,<90;60;92;75;92;85;494>,,2,11,2,<609;610;611;602;603>,,,2,2302,,,23023,<23021;23022;23023;23026;61101;61102>,2301,,<11002;11102;11202;11302>,22301,2,2,,2301,18,2,2,2,<23011;23012;23013>,1191,,0.9,生活在万年积雪的山上能够卷起暴风雪，是传说中雪人的真面目。,群体冰冻,,330,2,,,<<109;209>;<108;208>;<107;208>>,
2303,超级暴雪王,<cn;kr;tw;en;en_us;en_eu>,,2301,,<7>,3,,,23010,,,,2302,52301,,,,<10;11;13;9>,,<90;30;132;105;132;105;594>,,12,11,2,<609;610;611;602;603>,,,2,2303,,,23033,<23031;23032;23033;23036;61101;61102>,2301,,<11003;11103;11203;11303>,22301,2,10,,2301,18,2,2,2,<23011;23012;23013>,1032,15,0.9,静静地生活在万年积雪的山脉。会引发暴风雪来隐藏自己。,暴雪制造者,,440,2,,,<<118;204>;<119;204>>,
2321,由克希,<cn>,,2321,,<8>,,,,,,,,,,,0,,<24;23;14;16>,2,<75;95;75;130;75;130;580>,,3,11,3,<606;607;608;602;603>,,,3,2321,,,23213,<23211;23212;23213;23216;61101;61102>,2321,,<11013;11113;11213;11313>,22321,3,3,{drawcard=huang_effect_loop},2321,2,3,3,3,,,,,被称为知识之神。据说拥有消除与之目光交会者的记忆的力量,知识之神,,420,4,,,<<113;206>;<114;206>;<115;204>>,
2331,艾姆利多,<cn;kr;tw;en;en_us;en_eu>,,2331,,<8>,,,,,,,,,,,0,,<6;7;18;19>,2,<80;80;105;105;105;105;580>,,3,11,3,<606;607;608;602;603>,,,3,2331,,,23313,<23311;23312;23313;23316;61101;61102>,2331,,<11013;11113;11213;11313>,22331,3,3,{drawcard=huang_effect_loop},2331,3,3,3,3,<23311;23312;23313;23314>,1152,15,0.8,教会了人们悲伤的痛苦和快乐的宝贵。被称为感情之神,情感之神,,430,2,,,<<116;204>;<117;206>>,
2341,亚克诺姆,<cn>,,2341,,<8>,,,,,,,,,,,0,,<10;11;13;9>,2,<75;115;125;70;125;70;580>,,3,11,3,<606;607;608;602;603>,,,3,2341,,,23413,<23411;23412;23413;23416;61101;61102>,2341,,<11013;11113;11213;11313>,22341,3,3,{drawcard=huang_effect_loop},2341,,3,3,3,,,,,被称为意志之神。一直沉睡在湖底，维持着世界的平衡,意志之神,,410,,,,<<110;204>;<111;206>;<112;204>>,
2351,帝牙卢卡,<cn;kr;tw;en;en_us;en_eu>,,2351,,<8>,,,,,,,,2351,52351,,0,,<18;19;20;21>,3,<100;90;120;120;150;100;680>,,4,21,4,<615;616;617;604;605>,,,4,2351,,,23513,<23511;23512;23513;23516;61101;61102>,2351,,<11044;11144;11244;11344>,22351,4,4,{drawcard=hong_effect_loop},2351,6,4,4,4,<23511;23512;23513;23514>,1163,20,,由于帝牙卢卡的诞生，时间才开始流动；拥有操纵时间的力量，在神奥地区的神话里被描述成时间神,时间掌控&延迟承伤,2351,510,,,<2017;2020>,<<120;204>;<121;202>>,<2015;2016>
2352,帝牙卢卡·起源,<cn;tw;en_us>,,2352,,<8>,,,,,,,,2352,52352,,0,,<18;19;20;21>,3,<100;90;100;120;150;120;680>,,4,21,4,<615;616;617;604;605>,,,4,2352,,,23523,<23521;23522;23523;23526;61101;61102>,2352,,<11044;11144;11244;11344>,22352,4,4,{drawcard=hong_effect_loop},2352,6,4,4,4,<23521;23522;23523;23524>,1173,20,,起源形态的帝牙卢卡这一酷似创造神的姿态才是帝牙卢卡原来的样子，光明乃是促使形态变化的导火线。它拥有将时间扭曲、破坏和再生的力量。据说在它所存在的世界里，时间流动的方向会不断变化，其速度也不固定。它擅长被称为时光咆哮的招式，其力量之强大足以让时间产生扭曲。,时间流影&逆流守护,,510,,,<2015;2009>,<<120;204>;<121;202>>,<2016;2036>
2361,帕路奇亚,<cn;kr;tw;en;en_us;en_eu>,,2361,,<8>,,,,,,,,2361,52361,,0,,<18;19;20;21>,3,<90;100;120;100;150;120;680>,,4,21,4,<621;622;623;604;605>,,,4,2361,,,23613,<23611;23612;23613;23616;61101;61102>,2361,,<11024;11124;11224;11324>,22361,4,4,{drawcard=hong_effect_loop},2361,6,4,4,4,<23611;23612;23613;23614>,1043,20,0.9,随着帕路奇亚的每一次呼吸，空间变得更加安定；拥有扭曲空间的能力，在神奥地区的神话里被描述成空间神,空间掌控&隐匿爆发,2361,510,,,<2016;2018>,<<120;204>;<121;202>>,<2017;2019>
2362,帕路奇亚·起源,<cn>,,2362,,<8>,,,,,,,,2362,52362,,0,,<18;19;20;21>,3,<90;120;100;100;150;120;680>,,4,21,4,<621;622;623;604;605>,,,4,2362,,,23623,<23621;23622;23623;23626;61101;61102>,2362,,<11024;11124;11224;11324>,22362,4,4,{drawcard=hong_effect_loop},2362,6,4,4,4,<23621;23622;23623;23624>,1203,20,0.9,起源形态的帕路奇亚是帕路奇亚原来的样子，模仿创造主的模样正是将其力化为己有的方法。它翱翔天际的姿态令人联想起万物的创造主。它拥有将空间扭曲、破坏和再生的力量。据说在它所存在的世界里，空间会被撕裂得支离破碎。它擅长被称为亚空裂斩的强大招式，其攻击会将对手连同周围的空间一起撕裂。,空间奇点&折跃投影,,510,,,<2016;2018>,<<120;204>;<121;202>>,<2017;2019>
2371,席多蓝恩,<cn;kr;tw;en;en_us;en_eu>,,2371,,<8>,,,,,,,,2371,52371,,0,,<18;20;15;14>,2,<91;77;90;106;130;106;600>,,3,11,3,<618;619;620;602;603>,,,3,2371,,,23713,<23711;23712;23713;23716;61101;61102>,2371,,<11033;11133;11233;11333>,22371,3,3,{drawcard=huang_effect_loop},2371,2,3,3,3,<23711;23712;23713;23714>,1172,15,0.91,席多蓝恩，火山口宝可梦，传说中诞生自天冠山内部滚烫熔岩之中，由熔化的钢铁构成的身体充满未解之谜，被称为严酷山之王,熔岩巨兽,,420,4,,,<<113;206>;<114;206>;<115;204>>,
2381,雷吉奇卡斯,<cn;kr;tw;en;en_us;en_eu>,,2381,,<7>,,1,,,,11,,2381,52381,,0,,<11;12;15;16>,3,<110;100;160;110;80;110;670>,,4,21,4,<606;607;608;604;605>,,,4,2381,,,23813,<23811;23812;23813;23816;61101;61102>,2381,,<11014;11114;11214;11314>,22381,4,4,{drawcard=hong_effect_loop},2381,109,4,4,4,<23811;23812;23813;23814>,1503,20,1.1,巨大宝可梦，传说雷吉奇卡斯使用绳索来拖动大陆，还用特殊的冰山、岩石和熔岩制作出了形似自己的宝可梦,板块位移&愈战愈强,2381,510,,,<2021;2031;2026>,<<120;204>;<121;202>>,<2018;2024;2027>
2382,岩*雷吉奇卡斯,<cn;kr;tw;en;en_us;en_eu>,,2381,,<7>,,2,,,,12,,2381,52381,,0,,<11;12;15;16>,3,<110;100;160;110;80;110;670>,,4,21,4,<606;607;608;604;605>,,,4,2382,,,23823,<23821;23822;23823;23826;61101;61102>,2381,,<11014;11114;11214;11314>,22381,4,4,{drawcard=hong_effect_loop},2381,109,4,4,4,<23811;23812;23813;23814>,1503,20,1.1,巨大宝可梦，传说雷吉奇卡斯使用绳索来拖动大陆，还用特殊的冰山、岩石和熔岩制作出了形似自己的宝可梦,板块位移&愈战愈强,2381,510,,,<1023>,<<120;204>;<121;202>>,<1025>
2383,冰*雷吉奇卡斯,<cn;kr;tw;en;en_us;en_eu>,,2381,,<7>,,3,,,,13,,2381,52381,,0,,<11;12;15;16>,3,<110;100;160;110;80;110;670>,,4,21,4,<606;607;608;604;605>,,,4,2383,,,23833,<23831;23832;23833;23836;61101;61102>,2381,,<11014;11114;11214;11314>,22381,4,4,{drawcard=hong_effect_loop},2381,109,4,4,4,<23811;23812;23813;23814>,1503,20,1.1,巨大宝可梦，传说雷吉奇卡斯使用绳索来拖动大陆，还用特殊的冰山、岩石和熔岩制作出了形似自己的宝可梦,板块位移&愈战愈强,2381,510,,,<1023>,<<120;204>;<121;202>>,<1025>
2384,钢*雷吉奇卡斯,<cn;kr;tw;en;en_us;en_eu>,,2381,,<7>,,4,,,,14,,2381,52381,,0,,<11;12;15;16>,3,<110;100;160;110;80;110;670>,,4,21,4,<606;607;608;604;605>,,,4,2384,,,23843,<23841;23842;23843;23846;61101;61102>,2381,,<11014;11114;11214;11314>,22381,4,4,{drawcard=hong_effect_loop},2381,109,4,4,4,<23811;23812;23813;23814>,1503,20,1.1,巨大宝可梦，传说雷吉奇卡斯使用绳索来拖动大陆，还用特殊的冰山、岩石和熔岩制作出了形似自己的宝可梦,板块位移&愈战愈强,2381,510,,,<1023>,<<120;204>;<121;202>>,<1025>
2385,龙*雷吉奇卡斯,<cn;kr;tw;en;en_us;en_eu>,,2381,,<7>,,5,,,,15,,2381,52381,,0,,<11;12;15;16>,3,<110;100;160;110;80;110;670>,,4,21,4,<606;607;608;604;605>,,,4,2385,,,23853,<23851;23852;23853;23856;61101;61102>,2381,,<11014;11114;11214;11314>,22381,4,4,{drawcard=hong_effect_loop},2381,109,4,4,4,<23811;23812;23813;23814>,1503,20,1.1,巨大宝可梦，传说雷吉奇卡斯使用绳索来拖动大陆，还用特殊的冰山、岩石和熔岩制作出了形似自己的宝可梦,板块位移&愈战愈强,2381,510,,,<1023>,<<120;204>;<121;202>>,<1025>
2386,电*雷吉奇卡斯,<cn;kr;tw;en;en_us;en_eu>,,2381,,<7>,,6,,,,16,,2381,52381,,0,,<11;12;15;16>,3,<110;100;160;110;80;110;670>,,4,21,4,<606;607;608;604;605>,,,4,2386,,,23863,<23861;23862;23863;23866;61101;61102>,2381,,<11014;11114;11214;11314>,22381,4,4,{drawcard=hong_effect_loop},2381,109,4,4,4,<23811;23812;23813;23814>,1503,20,1.1,巨大宝可梦，传说雷吉奇卡斯使用绳索来拖动大陆，还用特殊的冰山、岩石和熔岩制作出了形似自己的宝可梦,板块位移&愈战愈强,2381,510,,,<1023>,<<120;204>;<121;202>>,<1025>
2391,骑拉帝纳,<cn;kr;tw;en;en_us;en_eu>,,2391,,<7>,,,,,,,,2391,52391,,0,,<24;23;14;16>,3,<150;90;100;120;100;120;680>,,4,21,4,<621;622;623;604;605>,,,4,2391,,,23913,<23911;23912;23913;23916;61151;61152>,2391,,<11024;11124;11224;11324>,22391,4,4,{drawcard=hong_effect_loop},2391,7,4,4,4,<23911;23912;23913;23914>,1173,20,1.5,因为性格凶暴而被驱逐，据说栖息在位于这个世界背面的毁坏的世界里，那里所有的常规都与这个世界不同，没有天地之分,起源觉醒&鬼影重重,2391,520,4,,<2017;2018;2025>,<<122;202>;<123;204>>,<2018;2019;2027>
2401,克雷色利亚,<cn;kr;tw;en;en_us;en_eu>,<cn;kr;tw;en;en_us;en_eu>,2401,,<8>,,,,,,,,2401,52401,,2,,<24;23;14;16>,2,<120;85;70;120;75;130;600>,,3,11,3,<606;607;608;602;603>,,,3,2401,,{123=<24021;24022;24023;24026;61151;61152>},24013,<24011;24012;24013;24016;61151;61152>,2401,,<11013;11113;11213;11313>,22401,3,3,{drawcard=huang_effect_loop},2401,5,3,3,3,<24011;24012;24013;24014>,1562,15,1.2,克雷色利亚，新月宝可梦。以薄纱般的羽毛散发着光芒翱翔于天际，被称为新月的化身。,美梦神&新月守护,,430,2,,,<<116;204>;<117;206>>,
2411,霏欧纳,<cn;kr;tw;en;en_us;en_eu>,,2411,,<8>,,,,,,,,2411,52411,,0,,<24;23;14;16>,,<80;80;80;80;80;80;480>,,3,11,3,<621;622;623;602;603>,,,3,2411,,{148=<24131;24132;24133;24136;61151;61152>},24113,<24111;24112;24113;24116;61151;61152>,2411,,<11023;11123;11223;11323>,22411,3,3,{drawcard=huang_effect_loop},2411,4,3,3,3,<24111;24112;24113;24114>,1042,15,0.8,据说看到霏欧纳就会带来好运，据说木通镇上好几年的宝可梦竞技赛优胜者都曾见过霏欧纳。霏欧纳能够融化在液体中使自己不容易被发现,沧海的小王子,,430,2,,,<<116;204>;<117;206>>,<1027>
2421,玛纳霏,<cn;kr;tw;en;en_us;en_eu>,,2421,,<8>,,,,,,,,2421,52421,,0,,<24;23;14;16>,2,<100;100;100;100;100;100;600>,,4,21,4,<621;622;623;604;605>,,,4,2421,,{126=<24241;24242;24243;24246;61151;61152>;160=<24371;24372;24373;24376;61151;61152>},24213,<24211;24212;24213;24216;61151;61152>,2421,,<11024;11124;11224;11324>,22421,4,4,{drawcard=hong_effect_loop},2421,9,4,4,4,<24211;24212;24213;24214>,1033,20,,水属性幻之宝可梦，出生于冰冷的海底，洄游在大洋中，拥有与生俱来的神奇力量，能和任何宝可梦心灵相通,沧海的王子,2421,530,2,,<2018;2017>,<<124;204>;<125;202>>,<2019;2020>
2431,达克莱伊,<cn;kr;tw;en;en_us;en_eu>,,2431,,<8>,,,,,,,,2431,52431,,0,,<6;7;18;19>,2,<70;125;90;90;135;90;600>,,4,21,4,<606;607;608;604;605>,,,4,2431,,{104=<24321;24322;24323;24326;61101;61102>},24313,<24311;24312;24313;24316;61101;61102>,2431,,<11014;11114;11214;11314>,22431,4,4,{drawcard=hong_effect_loop},2431,8,4,4,4,<24311;24312;24313;24314>,1503,20,0.7,达克莱伊，黑暗宝可梦。据说在无月之夜出现，使人们入睡并遭受噩梦。,噩梦掌控&梦魇汲取,2431,540,2,,<2016;2027>,<<126;202>>,<2017;2032>
2441,谢米,<cn;kr;tw;en;en_us;en_eu>,,2441,,<8>,,1,2,,,8,,2441,52441,,0,,<6;7;18;19>,3,<100;100;100;100;100;100;600>,,4,21,4,<609;610;611;604;605>,,,4,2441,,,24413,<24411;24412;24413;24416;61101;61102>,2441,,<11004;11104;11204;11304>,22441,4,4,{drawcard=hong_effect_loop},2441,10,4,4,4,<24411;24412;24413;24414>,1523,20,,象征感恩的幻之宝可梦，能通过心灵感应交流并感受他人的感恩之心，拥有净化大气毒素，令荒芜大地瞬间变成花海的力量,治疗链接&感恩种子,,540,2,,<2019;2021>,<<126;202>>,<2020;2024>
2442,谢米·天空,<cn;kr;tw;en;en_us;en_eu>,,2441,,<8>,,2,2,,,8,,2441,52441,,0,,<6;7;18;19>,3,<100;127;103;75;120;75;600>,,4,21,4,<609;610;611;604;605>,,,4,2442,,,24423,<24421;24422;24423;24426;61101;61102>,2441,,<11004;11104;11204;11304>,22441,4,4,{drawcard=hong_effect_loop},2441,10,4,4,4,<24411;24412;24413;24414>,1523,20,,象征感恩的幻之宝可梦，能通过心灵感应交流并感受他人的感恩之心，天空形态的谢米常于葛拉西蒂亚花盛开的季节翱翔天空,蝴蝶治疗&感恩花束,,540,2,,<2019;2021>,<<126;202>>,<2020;2024>
2461,比克提尼,<cn;kr;tw;en;en_us;en_eu>,,2461,,<8>,,,,,,,,2461,52461,,0,,<6;7;18;19>,3,<100;100;100;100;100;100;600>,,4,21,4,<606;607;608;604;605>,,,4,2461,,{119=<24631;24632;24633;24636;61101;61102>},24613,<24611;24612;24613;24616;61101;61102>,2461,,<11014;11114;11214;11314>,22461,4,4,{drawcard=hong_effect_loop},2461,7,4,4,4,<24611;24612;24613;24614>,1103,20,,传说称收服了比克提尼的训练家永远不会失败。它的体内可以产生无尽的能量，并可以将这股能量通过触摸的方式传递给其他宝可梦,胜利火种,2461,530,2,,<2020;2021>,<<124;204>;<125;202>>,<2021;2024>
2471,藤藤蛇,<cn;kr;en;en_us;en_eu;tw>,<cn;kr;en;en_us;en_eu;tw>,2471,,<8>,,,,,,,,2471,52471,,,,<6;8;14;16>,,<45;63;45;55;45;55;308>,,3,11,3,<609;610;611;602;603>,,,3,2471,,,24713,<24711;24712;24713;24716;61101;61102>,2471,,<11002;11102;11202;11302>,22471,3,3,{drawcard=huang_effect_loop},2471,3,3,3,3,<24711;24712;24713;24714>,1532,15,0.75,藤藤蛇，草蛇宝可梦。总是保持冷静，不被任何事物动摇，以尾巴上的叶子进行光合作用产生能量。,全体缠绕&负面转化,2471,440,2,,,<<118;204>;<119;204>>,
2472,青藤蛇,<cn;kr;en;en_us;en_eu;tw>,<cn;kr;en;en_us;en_eu;tw>,2471,,<8>,2,,,,,,,2471,52471,,,,<6;8;14;16>,,<60;83;60;75;60;75;413>,,3,11,3,<609;610;611;602;603>,,,3,2472,,,24723,<24721;24722;24723;24726;61101;61102>,2471,,<11002;11102;11202;11302>,22471,3,3,{drawcard=huang_effect_loop},2471,3,3,3,3,<24711;24712;24713;24714>,1532,15,0.75,青藤蛇，草蛇宝可梦，藤藤蛇的进化形。藉由潜入茂密草木的阴影之中，来躲避攻击，会用灵巧的甩鞭进行反击。,全体缠绕&负面转化,2471,440,2,,,<<118;204>;<119;204>>,
2473,君主蛇,<cn;kr;en;en_us;en_eu;tw>,<cn;kr;en;en_us;en_eu;tw>,2471,,<8>,3,,,,,,,2471,52471,,,,<6;8;14;16>,,<75;113;75;95;75;95;528>,,3,11,3,<609;610;611;602;603>,,,3,2473,,,24733,<24731;24732;24733;24736;61101;61102>,2471,,<11002;11102;11202;11302>,22471,3,3,{drawcard=huang_effect_loop},2471,3,3,3,3,<24711;24712;24713;24714>,1532,15,0.75,君主蛇，皇家宝可梦，青藤蛇的进化形，光是瞪视，就可以让对手无法动弹，会让太阳之力在体内增幅。,全体缠绕&负面转化,2471,440,2,,,<<118;204>;<119;204>>,
2481,暖暖猪,,,2481,,<7>,,,,,,,,2481,52481,,,,<11;12;15;16>,,<65;45;63;45;45;45;308>,,2,11,2,<618;619;620;602;603>,,,2,2481,,,24813,<24811;24812;24813;24816;61101;61102>,2481,,<11032;11132;11232;11332>,22481,2,2,,2481,16,2,2,2,<24811;24812;24813>,1181,,1.1,可以轻巧地躲避敌人的攻击，从鼻子里射出火球来。会用火烤树果吃。,火焰破盾,,310,,,,<<103;208>;<102;208>;<101;209>>,
2482,炒炒猪,,,2481,,<7>,2,,,,,,,2481,52481,,,,<10;11;13;9>,,<90;55;93;55;70;55;418>,,2,11,2,<618;619;620;602;603>,,,2,2482,,,24823,<24821;24822;24823;24826;61101;61102>,2481,,<11032;11132;11232;11332>,22481,2,2,,2481,16,2,2,2,<24811;24812;24813>,1181,,1.1,如果体内的火焰燃起，动作就会变得非常敏捷。危机时刻会喷出烟雾。,火焰破盾,,310,,,,<<103;208>;<102;208>;<101;209>>,
2483,炎武王,,,2481,,<7>,3,,,,,,,2481,52481,,,,<10;11;13;9>,,<110;65;123;65;100;65;528>,,2,11,2,<618;619;620;602;603>,,,2,2483,,,24833,<24831;24832;24833;24836;61101;61102>,2481,,<11032;11132;11232;11332>,22481,2,2,,2481,16,2,2,2,<24811;24812;24813>,1181,,1.1,用下颚的火焰燃烧拳头，连续使出火焰拳。是对伙伴非常体贴的宝可梦。,火焰破盾,,310,,,,<<103;208>;<102;208>;<101;209>>,
2491,水水獭,,,2491,,<8>,,,,,,,,2491,52491,,,,<18;19;20;21>,,<55;45;55;45;63;45;308>,,3,11,3,<621;622;623;602;603>,,,3,2491,,,24913,<24911;24912;24913;24916;61101;61102>,2491,,<11023;11123;11223;11323>,22491,3,3,{drawcard=huang_effect_loop},2491,,3,3,3,<24911;24912;24913;24914>,1052,15,0.95,水水獭可以摘下腹部的扇贝贝当武器使用，诸如像使用小刀一样攻击，或是用扇贝贝来防御,禁疗增伤&功能输出,,410,,,,<<110;204>;<111;206>;<112;204>>,
2492,双刃丸,,,2491,,<8>,2,,,,,,,2491,52491,,,,<18;19;20;21>,,<75;60;75;60;83;60;413>,,3,11,3,<621;622;623;602;603>,,,3,2492,,,24923,<24921;24922;24923;24926;61101;61102>,2491,,<11023;11123;11223;11323>,22491,3,3,{drawcard=huang_effect_loop},2491,,3,3,3,<24911;24912;24913;24914>,1052,15,0.95,双刃丸是一个酷似忍者的水属性宝可梦。说它酷似忍者是因为它有着类似空手劈一般的扇贝贝。它有着白色的猫一般的胡须，类似于大尾狸更小一点的梭状尾巴以及如同小丑一般小小的椭圆红色鼻子,禁疗增伤&功能输出,,410,,,,<<110;204>;<111;206>;<112;204>>,
2493,大剑鬼,,,2491,,<8>,3,,,,,,,2491,52491,,,,<18;19;20;21>,,<95;70;100;85;108;70;528>,,3,11,3,<621;622;623;602;603>,,,3,2493,,,24933,<24931;24932;24933;24936;61101;61102>,2491,,<11023;11123;11223;11323>,22491,3,3,{drawcard=huang_effect_loop},2491,,3,3,3,<24911;24912;24913;24914>,1052,15,0.95,大剑鬼的对战作风十分特殊，犹如是在沉默间就可以打败对手的一个厉害的宝可梦。在生活中，大剑鬼是一个默默无言为训练家奉献的温和型宝可梦,禁疗增伤&功能输出,,410,,,,<<110;204>;<111;206>;<112;204>>,
2591,石丸子,,,2591,,<7>,,,,,,,,2591,52591,,,,<15;16;11;12>,,<55;15;75;85;25;25;280>,,2,11,2,<615;616;617;602;603>,,,2,2591,,,25913,<25911;25912;25913;25916;61151;61152>,2591,,<11042;11142;11242;11342>,22591,2,2,,2591,17,2,2,2,<25911;25912;25913>,1001,,0.85,是从地裂的断层中被发现的。构成身体的成分是好几百年前的土。,前排承伤：石化变硬,,320,4,,,<<106;208>;<105;208>;<104;209>>,
2592,地幔岩,,,2591,,<7>,2,,,,,,,2591,52591,,,,<7;8;9;12>,,<70;20;105;105;50;40;390>,,2,11,2,<615;616;617;602;603>,,,2,2592,,,25923,<25921;25922;25923;25926;61151;61152>,2591,,<11042;11142;11242;11342>,22591,2,2,,2591,17,2,2,2,<25911;25912;25913>,1001,,0.85,从身体里溢出的能量变成了橙色的结晶。其硬度连钻石都能弄碎。,前排承伤：石化变硬,,320,4,,,<<106;208>;<105;208>;<104;209>>,
2593,庞岩怪,,,2591,,<7>,3,,,,,,,2591,52591,,,,<11;12;15;16>,,<85;25;135;130;60;80;515>,,2,11,2,<615;616;617;602;603>,,,2,2593,,,25933,<25931;25932;25933;25936;61151;61152>,2591,,<11042;11142;11242;11342>,22591,2,2,,2591,17,2,2,2,<25911;25912;25913>,1001,,0.85,如果以全力射出能量，那力量能让它自己的身体骤然产生出无数裂缝。,前排承伤：石化变硬,,320,4,,,<<106;208>;<105;208>;<104;209>>,
2611,螺钉地鼠,,,2611,,<7>,,,,,,,,2611,52611,,,,<7;8;9;12>,,<60;68;85;40;30;45;328>,,2,11,2,<609;610;611;602;603>,,,2,2611,,,26113,<26111;26112;26113;26116;61151;61152>,2611,,<11002;11102;11202;11302>,22611,2,2,,2611,16,2,2,2,<26111;26112;26113>,1201,,1.1,将双掌上的爪子并拢，并让身体高速旋转的话，就会以迅猛的速度在地里前进。,物防坦克杀手,,310,,,,<<103;208>;<102;208>;<101;209>>,
2612,龙头地鼠,,,2611,,<7>,2,,,,,,,2611,52611,,,,<7;8;9;12>,,<110;88;135;60;50;65;508>,,2,11,2,<609;610;611;602;603>,,,2,2612,,,26123,<26121;26122;26123;26126;61151;61152>,2611,,<11002;11102;11202;11302>,22611,2,2,,2611,16,2,2,2,<26111;26112;26113>,1201,,1.1,进化成钢的钻头拥有穿透铁板的破坏力。在隧道工程里非常活跃。,物防坦克杀手,,310,,,,<<103;208>;<102;208>;<101;209>>,
2631,搬运小匠,,,2631,,<7>,,,,,,,,2631,52631,,,,<11;12;15;16>,,<75;35;80;55;25;35;305>,,2,11,2,<612;613;614;602;603>,,,2,2631,,,26313,<26311;26312;26313;26316;61151;61152>,2631,,<11052;11152;11252;11352>,22631,2,2,,2631,18,2,2,2,<26311;26312;26313>,1091,,1.05,经常拿着方材走，帮忙做土木工程。长大后会换大的方材拿。,眩晕增伤,,330,2,,,<<109;209>;<108;208>;<107;208>>,
2632,铁骨土人,,,2631,,<7>,2,,,,,,,2631,52631,,,,<11;12;15;16>,,<85;40;105;85;40;50;405>,,2,11,2,<612;613;614;602;603>,,,2,2632,,,26323,<26321;26322;26323;26326;61151;61152>,2631,,<11052;11152;11252;11352>,22631,2,2,,2631,18,2,2,2,<26311;26312;26313>,1091,,1.05,身体经过锻炼充满了肌肉，即使是职业摔角手一拥而上进行攻击，也是纹丝不动。,眩晕增伤,,330,2,,,<<109;209>;<108;208>;<107;208>>,
2633,修建老匠,,,2631,,<7>,3,,,,,,,2631,52631,,,,<11;12;15;16>,,<105;45;140;95;55;65;505>,,2,11,2,<612;613;614;602;603>,,,2,2633,,,26333,<26331;26332;26333;26336;61151;61152>,2631,,<11052;11152;11252;11352>,22631,2,2,,2631,18,2,2,2,<26311;26312;26313>,1091,,1.05,熟练学会了不依赖力量，灵活运用离心力挥舞混凝土的招式。,眩晕增伤,,330,2,,,<<109;209>;<108;208>;<107;208>>,
2681,百足蜈蚣,,,2681,,<7>,,,,,,,,2681,52681,,,,<6;8;14;16>,,<30;57;45;59;30;39;260>,,2,11,2,<609;610;611;602;603>,,,2,2681,,,26813,<26811;26812;26813;26816;61101;61102>,2681,,<11002;11102;11202;11302>,22681,2,2,,2681,19,2,2,2,<26811;26812;26813>,1511,,0.6,会咬住对手施以剧毒。就连它的天敌大型鸟宝可梦也会身体麻痹，动弹不得。,毒系输出,,330,2,,,<<109;209>;<108;208>;<107;208>>,
2682,车轮球,,,2681,,<7>,2,,,,,,,2681,52681,,,,<24;23;14;16>,,<40;47;55;99;40;79;360>,,2,11,2,<609;610;611;602;603>,,,2,2682,,,26823,<26821;26822;26823;26826;61101;61102>,2681,,<11002;11102;11202;11302>,22681,2,2,,2681,19,2,2,2,<26811;26812;26813>,1511,,0.6,被坚硬的壳保护着。像轮胎那样地旋转，猛烈地撞击敌人。,毒系输出,,330,2,,,<<109;209>;<108;208>;<107;208>>,
2683,蜈蚣王,,,2681,,<7>,3,,,,,,,2681,52681,,,,<8;9;13;12>,,<60;112;100;89;55;69;485>,,2,11,2,<609;610;611;602;603>,,,2,2683,,,26833,<26831;26832;26833;26836;61101;61102>,2681,,<11002;11102;11202;11302>,22681,2,2,,2681,19,2,2,2,<26811;26812;26813>,1511,,0.6,以敏捷的动作穷追敌人，用头上的角进行攻击。在敌人毙命前绝不罢手。,毒系输出,,330,2,,,<<109;209>;<108;208>;<107;208>>,
2721,黑眼鳄,,,2721,,<7>,,,,,,,,2721,52721,,,,<7;8;9;12>,,<50;65;72;35;35;35;292>,,3,11,3,<609;610;611;602;603>,,,3,2721,,,27213,<27211;27212;27213;27216;61101;61102>,2721,,<11003;11103;11203;11303>,22721,3,3,{drawcard=huang_effect_loop},2721,,3,3,3,<27211;27212;27213;27214>,1052,15,0.95,因为还不太擅长狩猎，所以主要是吃倒毙在沙漠里的东西。被称为沙漠的清扫者。,真伤溅射&单体致盲,2721,410,,,,<<110;204>;<111;206>;<112;204>>,
2722,混混鳄,,,2721,,<7>,2,,,,,,,2721,52721,,,,<7;8;9;12>,,<60;74;82;45;45;45;351>,,3,11,3,<609;610;611;602;603>,,,3,2722,,,27223,<27221;27222;27223;27226;61101;61102>,2721,,<11003;11103;11203;11303>,22721,3,3,{drawcard=huang_effect_loop},2721,,3,3,3,<27211;27212;27213;27214>,1052,15,0.95,把猎物的一部分埋在沙子里，作为狩猎失败时的储备粮。,真伤溅射&单体致盲,2721,410,,,,<<110;204>;<111;206>;<112;204>>,
2723,流氓鳄,,,2721,,<7>,3,,,,,,,2721,52721,,,,<7;8;9;12>,,<95;92;117;80;65;70;519>,,3,11,3,<609;610;611;602;603>,,,3,2723,,,27233,<27231;27232;27233;27236;61101;61102>,2721,,<11003;11103;11203;11303>,22721,3,3,{drawcard=huang_effect_loop},2721,,3,3,3,<27211;27212;27213;27214>,1052,15,0.95,把身体藏在沙漠蜻蜓引起的沙暴中，静静地等待着猎物的到来。,真伤溅射&单体致盲,2721,410,,,,<<110;204>;<111;206>;<112;204>>,
2801,始祖小鸟,<cn>,,2801,,<7>,,,,,,,,2801,52801,,,,<10;11;13;9>,,<55;70;112;45;74;45;401>,,3,11,3,<615;616;617;602;603>,,,3,2801,,,28013,<28011;28012;28013;28016;61101;61102>,2801,,<11043;11143;11243;11343>,22801,3,3,{drawcard=huang_effect_loop},2801,,3,3,3,<28011;28012;28013;28014>,1122,15,0.55,是所有鸟宝可梦的祖先。始祖小鸟本身还不会飞，在树上跳着移动。,天空猎杀&捕猎本能,,430,2,,,<<116;204>;<117;206>>,
2802,始祖大鸟,<cn>,,2801,,<7>,2,,,,,,,2801,52801,,,,<10;11;13;9>,,<75;110;140;65;112;65;567>,,3,11,3,<615;616;617;602;603>,,,3,2802,,,28023,<28021;28022;28023;28026;61101;61102>,2801,,<11043;11143;11243;11343>,22801,3,3,{drawcard=huang_effect_loop},2801,,3,3,3,<28011;28012;28013;28014>,1122,15,0.55,据说是鸟宝可梦的祖先。挥动翅膀的肌肉还很弱，必须助跑才能飞起来。,天空猎杀&捕猎本能,,430,2,,,<<116;204>;<117;206>>,
2821,索罗亚,,,2821,,<8>,,,,,,,,2821,52821,,,,<18;19;20;21>,,<40;65;65;40;80;40;330>,,3,11,3,<606;607;608;602;603>,,,3,2821,,,28213,<28211;28212;28213;28216;61101;61102>,2821,,<11013;11113;11213;11313>,22821,3,3,{drawcard=huang_effect_loop},2821,,3,3,3,<28211;28212;28213;28214>,1062,15,0.6,平时很爱说话的孩子如果突然不说话了，或许是被索罗亚替换了哦。,幻影的霸者&幻化之力,,410,,,,<<110;204>;<111;206>;<112;204>>,
2822,索罗亚克,,,2821,,<8>,2,,,,,,,2821,52821,,,,<18;19;20;21>,,<60;105;105;60;120;60;510>,,3,11,3,<606;607;608;602;603>,,,3,2822,,,28223,<28221;28222;28223;28226;61101;61102>,2821,,<11013;11113;11213;11313>,22821,3,3,{drawcard=huang_effect_loop},2821,,3,3,3,<28211;28212;28213;28214>,1062,15,0.6,据说，栖息地快要暴露在人类面前时，它就会制造出幻象，让人在森林里不断徘徊。,幻影的霸者&幻化之力,,410,,,,<<110;204>;<111;206>;<112;204>>,
2831,泡沫栗鼠,<cn;kr;en;en_us;en_eu;tw>,,2831,,<7>,,,,,,,,2831,52831,,,,<8;9;13;12>,,<55;75;50;40;40;40;300>,,2,11,2,<606;607;608;602;603>,,,2,2831,,,28313,<28311;28312;28313;28316;61101;61102>,2831,,<11011;11111;11211;11311>,22831,2,2,,2831,19,2,2,2,<28311;28312;28313>,1521,,0.75,泡沫栗鼠，栗鼠宝可梦。是很喜欢干净物品的宝可梦。要是发现脏掉的东西，就会用尾巴代替扫帚，来打扫干净。,负面清扫,,330,2,,,<<109;209>;<108;208>;<107;208>>,
2832,奇诺栗鼠,<cn;kr;en;en_us;en_eu;tw>,,2831,,<7>,2,,,,,,,2831,52831,,,,<8;9;13;12>,,<75;115;95;60;65;60;470>,,2,11,2,<606;607;608;602;603>,,,2,2832,,,28323,<28321;28322;28323;28326;61101;61102>,2831,,<11011;11111;11211;11311>,22831,2,2,,2831,19,2,2,2,<28311;28312;28313>,1521,,0.75,奇诺栗鼠，丝巾宝可梦。泡沫栗鼠的进化形。白色长毛上有着特殊的覆盖层，可以闪避敌人的攻击,负面清扫,,330,2,,,<<109;209>;<108;208>;<107;208>>,
2841,哥德宝宝,<cn;kr;en;en_us;en_eu;tw>,,2841,,<8>,,,,,,,,2841,52841,,,,<22;24;18;20>,,<45;45;30;50;55;65;290>,,2,11,2,<606;607;608;602;603>,,,2,2841,,,28413,<28411;28412;28413;28416;61101;61102>,2841,,<11012;11112;11212;11312>,22841,2,2,,2841,19,2,2,2,<28411;28412;28413>,1041,,0.7,用蝴蝶结一样的触角让精神力量增强。一直都目不转睛地盯着什么。,次元空间&超能辅助,,330,2,,,<<109;209>;<108;208>;<107;208>>,
2842,哥德小童,<cn;kr;en;en_us;en_eu;tw>,,2841,,<8>,2,,,,,,,2841,52841,,,,<22;24;18;20>,,<60;55;45;70;75;85;390>,,2,11,2,<606;607;608;602;603>,,,2,2842,,,28423,<28421;28422;28423;28426;61101;61102>,2841,,<11012;11112;11212;11312>,22841,2,2,,2841,19,2,2,2,<28411;28412;28413>,1041,,0.7,据说会在星光闪耀的夜晚把睡着的孩子们带走。也有人称它为惩罚魔女。,次元空间&超能辅助,,330,2,,,<<109;209>;<108;208>;<107;208>>,
2843,哥德小姐,<cn;kr;en;en_us;en_eu;tw>,,2841,,<8>,3,,,,,,,2841,52841,,,,<22;24;18;20>,,<70;65;55;95;95;110;490>,,2,11,2,<606;607;608;602;603>,,,2,2843,,,28433,<28431;28432;28433;28436;61101;61102>,2841,,<11012;11112;11212;11312>,22841,2,2,,2841,19,2,2,2,<28411;28412;28413>,1041,,0.7,根据星星的动向预知未来。虽然拥有强大的精神力量，但生性并不喜好纷争。,次元空间&超能辅助,,330,2,,,<<109;209>;<108;208>;<107;208>>,
2871,迷你冰,,,2871,,<8>,,,,,,,,2871,52871,,,,<22;24;18;20>,,<36;44;50;50;65;60;305>,,2,11,2,<615;616;617;602;603>,,,2,2871,,,28713,<28711;28712;28713;28716;61101;61102>,2871,,<11042;11142;11242;11342>,22871,2,2,,2871,19,2,2,2,<28711;28712;28713>,1541,,0.71,是由沐浴在朝阳下但仍不愿融化的冰柱诞生而成。晚上会潜入雪中睡觉。,冰系输出：溅射伤害,,330,2,,,<<109;209>;<108;208>;<107;208>>,
2872,多多冰,,,2871,,<8>,2,,,,,,,2871,52871,,,,<22;24;18;20>,,<51;59;65;65;80;75;395>,,2,11,2,<615;616;617;602;603>,,,2,2872,,,28723,<28721;28722;28723;28726;61101;61102>,2871,,<11042;11142;11242;11342>,22871,2,2,,2871,19,2,2,2,<28711;28712;28713>,1541,,0.71,从冰河时期生存下来，非常魁梧的宝可梦。特别是在炎热的地方，极受欢迎。,冰系输出：溅射伤害,,330,2,,,<<109;209>;<108;208>;<107;208>>,
2873,双倍多多冰,,,2871,,<8>,3,,,,,,,2871,52871,,,,<18;19;20;21>,,<71;79;95;85;110;95;535>,,2,11,2,<615;616;617;602;603>,,,2,2873,,,28733,<28731;28732;28733;28736;61101;61102>,2871,,<11042;11142;11242;11342>,22871,2,2,,2871,19,2,2,2,<28711;28712;28713>,1541,,0.71,因朝阳而开始融化的2只多多冰贴在一起，在寒冷的夜里再次冻结时诞生而成。,冰系输出：溅射伤害,,330,2,,,<<109;209>;<108;208>;<107;208>>,
2891,电飞鼠,,,2891,,<8>,,,,,,,,2891,52891,,,,<8;9;18;19>,,<55;103;75;60;75;60;428>,,2,11,2,<612;613;614;602;603>,,,2,2891,,,28913,<28911;28912;28913;28916;61101;61102>,2891,,<11052;11152;11252;11352>,22891,2,2,,2891,19,2,2,2,<28911;28912;28913>,1071,,0.55,飞鼠宝可梦。生活在森林里的树木上，会使用斗篷般的翼膜滑翔于空中。,电力增幅,,330,2,,,<<109;209>;<108;208>;<107;208>>,
2921,轻飘飘·雌,,,2921,,<8>,,,,,,,,2921,52921,,2,,<6;7;18;19>,,<55;40;40;50;65;85;335>,,2,11,2,<621;622;623;602;603>,,,2,2921,,,29213,<29211;29212;29213;29216;61151;61152>,2921,,<11022;11122;11222;11322>,22921,2,2,,2921,20,2,2,2,<29211;29212;29213>,1511,,,会用薄纱般的手脚缠住正在游泳的猎物，将其拖入深海之中。,前排治疗,,330,2,,,<<109;209>;<108;208>;<107;208>>,
2922,轻飘飘·雄,,,2922,,<8>,,,,,,,,2922,52922,,1,,<6;7;18;19>,,<55;40;40;50;65;85;335>,,2,11,2,<621;622;623;602;603>,,,2,2922,,,29223,<29221;29222;29223;29226;61151;61152>,2922,,<11022;11122;11222;11322>,22922,2,2,,2922,20,2,2,2,<29221;29222;29223>,1111,,,会用薄纱般的手脚缠住正在游泳的猎物，将其拖入深海之中。,血量打击,,330,2,,,<<109;209>;<108;208>;<107;208>>,
2923,胖嘟嘟·雌,,,2921,,<8>,2,,,,,,,2921,52921,,2,,<6;7;18;19>,,<100;60;60;70;85;105;480>,,2,11,2,<621;622;623;602;603>,,,2,2923,,,29233,<29231;29232;29233;29236;61151;61152>,2921,,<11022;11122;11222;11322>,22921,2,2,,2921,20,2,2,2,<29211;29212;29213>,1511,,,它是令渔夫恐惧的存在。传说，它会将渔夫拖入海中，夺走对方的性命。,前排治疗,,330,2,,,<<109;209>;<108;208>;<107;208>>,
2924,胖嘟嘟·雄,,,2922,,<8>,2,,,,,,,2922,52922,,1,,<6;7;18;19>,,<100;60;60;70;85;105;480>,,2,11,2,<621;622;623;602;603>,,,2,2924,,,29243,<29241;29242;29243;29246;61151;61152>,2922,,<11022;11122;11222;11322>,22922,2,2,,2922,20,2,2,2,<29221;29222;29223>,1111,,,它是令渔夫恐惧的存在。传说，它会将渔夫拖入海中，夺走对方的性命。,血量打击,,330,2,,,<<109;209>;<108;208>;<107;208>>,
2961,齿轮儿,,,2961,,<7>,,,,,,,,2961,52961,,0,,<24;23;14;16>,,<40;30;55;70;45;60;300>,,2,11,2,<615;616;617;602;603>,,,2,2961,,,29613,<29611;29612;29613;29616;61151;61152>,2961,,<11042;11142;11242;11342>,22961,2,2,,2961,17,2,2,2,<29611;29612;29613>,1531,,0.6,2个身体的组合是定好了的。和别的身体不会咬合会分离。,增益辅助：后排回怒,,320,4,,,<<106;208>;<105;208>;<104;209>>,
2962,齿轮组,,,2961,,<7>,2,,,,,,,2961,52961,,0,,<24;23;14;16>,,<60;50;80;95;70;85;440>,,2,11,2,<615;616;617;602;603>,,,2,2962,,,29623,<29621;29622;29623;29626;61151;61152>,2961,,<11042;11142;11242;11342>,22961,2,2,,2961,17,2,2,2,<29611;29612;29613>,1531,,0.6,通过改变旋转方向与同伴传达情感。越愤怒旋转速度越快。,增益辅助：后排回怒,,320,4,,,<<106;208>;<105;208>;<104;209>>,
2963,齿轮怪,,,2961,,<7>,3,,,,,,,2961,52961,,0,,<15;16;11;12>,,<60;90;100;115;70;85;520>,,2,11,2,<615;616;617;602;603>,,,2,2963,,,29633,<29631;29632;29633;29636;61151;61152>,2961,,<11042;11142;11242;11342>,22961,2,2,,2961,17,2,2,2,<29611;29612;29613>,1531,,0.6,红色核心担当着能量罐的角色。填充好的能量会从尖刺射向周围。,增益辅助：后排回怒,,320,4,,,<<106;208>;<105;208>;<104;209>>,
2991,烛光灵,<cn;kr;en;en_us;en_eu;tw>,,2991,,<8>,,,,,,,,2991,52991,,,,<18;20;15;14>,,<50;20;30;55;65;55;275>,,3,11,3,<621;622;623;602;603>,,,3,2991,,,29913,<29911;29912;29913;29916;61101;61102>,2991,,<11022;11122;11222;11322>,22991,3,3,{drawcard=huang_effect_loop},2991,,3,3,3,<29911;29912;29913;29914>,1182,15,0.6,烛光灵，蜡烛宝可梦。会出现在漆黑的地方，点上灯火，照亮周围，并且主……动……为……人……带……路……,鬼火控怒&怨灵复燃,,410,,,,<<110;204>;<111;206>;<112;204>>,
2992,灯火幽灵,<cn;kr;en;en_us;en_eu;tw>,,2991,,<8>,2,,,,,,,2991,52991,,,,<18;20;15;14>,,<60;55;40;60;95;60;370>,,3,11,3,<621;622;623;602;603>,,,3,2992,,,29923,<29921;29922;29923;29926;61101;61102>,2991,,<11022;11122;11222;11322>,22991,3,3,{drawcard=huang_effect_loop},2991,,3,3,3,<29911;29912;29913;29914>,1182,15,0.6,灯火幽灵，油灯宝可梦。飘浮在空中来进行移动。过去虽然都居住于森林深处，不过现在也开始移居到大城市中,鬼火控怒&怨灵复燃,,410,,,,<<110;204>;<111;206>;<112;204>>,
2993,水晶灯火灵,<cn;kr;en;en_us;en_eu;tw>,,2991,,<8>,3,,,,,,,2991,52991,,,,<18;20;15;14>,,<60;80;55;90;145;90;520>,,3,11,3,<621;622;623;602;603>,,,3,2993,,,29933,<29931;29932;29933;29936;61101;61102>,2991,,<11022;11122;11222;11322>,22991,3,3,{drawcard=huang_effect_loop},2991,,3,3,3,<29911;29912;29913;29914>,1182,15,0.6,据说在用水晶灯火灵来充当照明设备的房子里，丧事会接连不断。,鬼火控怒&怨灵复燃,,410,,,,<<110;204>;<111;206>;<112;204>>,
3001,牙牙,,,3001,,<7>,,,,,,,,3001,53001,,,,<11;12;15;16>,,<46;57;87;60;30;40;320>,,3,11,3,<618;619;620;602;603>,,,3,3001,,,30013,<30011;30012;30013;30016;61101;61102>,3001,,<11033;11133;11233;11333>,23001,3,3,{drawcard=huang_effect_loop},3001,,3,3,3,<30011;30012;30013;30014>,1012,15,0.76,用牙齿在树木上留下伤痕，作为领地的标记。牙齿即使折断也会马上长出来。,多重追击&伤害加深,,410,,,,<<110;204>;<111;206>;<112;204>>,
3002,斧牙龙,,,3001,,<7>,2,,,,,,,3001,53001,,,,<11;12;15;16>,,<66;67;117;70;40;50;410>,,3,11,3,<618;619;620;602;603>,,,3,3002,,,30023,<30021;30022;30023;30026;61101;61102>,3001,,<11033;11133;11233;11333>,23001,3,3,{drawcard=huang_effect_loop},3001,,3,3,3,<30011;30012;30013;30014>,1012,15,0.76,牙齿不会再次生长，因此战斗结束后就会使用河滩的岩石仔细地磨牙。,多重追击&伤害加深,,410,,,,<<110;204>;<111;206>;<112;204>>,
3003,双斧战龙,,,3001,,<7>,3,,,,,,,3001,53001,,,,<7;8;9;12>,,<76;97;147;90;60;70;540>,,3,11,3,<618;619;620;602;603>,,,3,3003,,,30033,<30031;30032;30033;30036;61101;61102>,3001,,<11033;11133;11233;11333>,23001,3,3,{drawcard=huang_effect_loop},3001,,3,3,3,<30011;30012;30013;30014>,1012,15,0.76,有着即使切斩工字钢也不会伤刃的坚固牙齿。全身被坚硬的铠甲覆盖着。,多重追击&伤害加深,,410,,,,<<110;204>;<111;206>;<112;204>>,
3011,喷嚏熊,,,3011,,<7>,,,,,,,,3011,53011,,,,<10;11;13;9>,,<55;40;70;40;60;40;305>,,2,11,2,<615;616;617;602;603>,,,2,3011,,,30113,<30111;30112;30113;30116;61101;61102>,3011,,<11042;11142;11242;11342>,23011,2,2,,3011,16,2,2,2,<30111;30112;30113>,1131,,0.95,鼻涕是健康的晴雨表。身体状况好，粘性就变强，冰的招式威力也会增强。,冰系输出：速度增伤,,310,,,,<<103;208>;<102;208>;<101;209>>,
3012,冻原熊,,,3011,,<7>,2,,,,,,,3011,53011,,,,<11;12;15;16>,,<95;50;130;80;70;80;505>,,2,11,2,<615;616;617;602;603>,,,2,3012,,,30123,<30121;30122;30123;30126;61101;61102>,3011,,<11042;11142;11242;11342>,23011,2,2,,3011,16,2,2,2,<30111;30112;30113>,1131,,0.95,让吐出的气息冻结，制造冰牙和冰爪进行战斗。生活在北方的寒冷土地上。,冰系输出：速度增伤,,310,,,,<<103;208>;<102;208>;<101;209>>,
3021,几何雪花,,,3021,,<8>,,,,,,,,3021,53021,,0,,<6;8;22;25>,,<80;105;50;50;95;135;515>,,3,11,3,<615;616;617;602;603>,,,3,3021,,{101=<30221;30222;30223;30226;61151;61152>},30213,<30211;30212;30213;30216;61151;61152>,3021,,<11043;11143;11243;11343>,23021,3,3,{drawcard=huang_effect_loop},3021,2,3,3,3,<30211;30212;30213;30214>,1502,15,0.8,使用冰的结晶所形成的锁绑住猎物，使其冻结到零下100度。,冰系前排：全体冰冻,,420,4,,,<<113;206>;<114;206>;<115;204>>,
3051,功夫鼬,<cn;kr;en;en_us;en_eu;tw>,,3051,,<7>,,,,,,,,3051,53051,,,,<7;8;9;12>,,<45;65;85;50;55;50;350>,,3,11,3,<612;613;614;602;603>,,,3,3051,,,30513,<30511;30512;30513;30516;61101;61102>,3051,,<11053;11153;11253;11353>,23051,3,3,{drawcard=huang_effect_loop},3051,,3,3,3,<30511;30512;30513;30514>,1112,15,0.65,功夫鼬个头虽小脾气却很暴躁。它会在山中闭关，与群体的伙伴们潜心修行。根据群体的不同踢和劈的技法也不一样，可以在早上看到用慢悠悠的动作摆出各种姿势的群体。面对疏忽大意接近自己的对手，它会施展出华丽的连击,斗系辅助：多重攻击,,410,,,,<<110;204>;<111;206>;<112;204>>,
3052,师父鼬,<cn;kr;en;en_us;en_eu;tw>,,3051,,<7>,2,,,,,,,3051,53051,,,,<7;8;9;12>,,<65;105;125;60;95;60;510>,,3,11,3,<612;613;614;602;603>,,,3,3052,,,30523,<30521;30522;30523;30526;61101;61102>,3051,,<11053;11153;11253;11353>,23051,3,3,{drawcard=huang_effect_loop},3051,,3,3,3,<30511;30512;30513;30514>,1112,15,0.65,师父鼬双臂的攻击速度快到迅雷不及掩耳，能甩动手臂上修长的体毛像鞭子一样灵活地鞭打敌人战斗。如果它用奇妙的声音叫唤的话，就会展开飞快的踢和劈来连续攻击压倒对手,斗系辅助：多重攻击,,410,,,,<<110;204>;<111;206>;<112;204>>,
3141,单首龙,,,3141,,<8>,,,,,,,,3141,53141,,,,<18;19;20;21>,,<52;38;65;50;45;50;300>,,3,11,3,<606;607;608;602;603>,,,3,3141,,,31413,<31411;31412;31413;31416;61101;61102>,3141,,<11013;11113;11213;11313>,23141,3,3,{drawcard=huang_effect_loop},3141,,3,3,3,<31411;31412;31413;31414>,1072,15,0.92,因为不了解周围的情形，所以会不断地到处乱撞，撞到活物时就咬住吃。,多段输出：偷取双攻,,410,,,,<<110;204>;<111;206>;<112;204>>,
3142,双首暴龙,,,3141,,<8>,2,,,,,,,3141,53141,,,,<18;19;20;21>,,<72;58;85;70;65;70;420>,,3,11,3,<606;607;608;602;603>,,,3,3142,,,31423,<31421;31422;31423;31426;61101;61102>,3141,,<11013;11113;11213;11313>,23141,3,3,{drawcard=huang_effect_loop},3141,,3,3,3,<31411;31412;31413;31414>,1072,15,0.92,如果吃光了领地内的食物，就会向其他土地移动。2个头之间关系恶劣。,多段输出：偷取双攻,,410,,,,<<110;204>;<111;206>;<112;204>>,
3143,三首恶龙,,,3141,,<8>,3,,,,,,,3141,53141,,,,<18;19;20;21>,2,<92;98;105;90;125;90;600>,,3,11,3,<606;607;608;602;603>,,,3,3143,,,31433,<31431;31432;31433;31436;61101;61102>,3141,,<11013;11113;11213;11313>,23141,3,3,{drawcard=huang_effect_loop},3141,,3,3,3,<31411;31412;31413;31414>,1072,15,0.92,对活动物体发生反应并展开袭击，用3个头吃光一切的恐怖宝可梦。,多段输出：偷取双攻,,410,,,,<<110;204>;<111;206>;<112;204>>,
3151,燃烧虫,<cn;kr;tw;en;en_us;en_eu>,<cn;kr;tw;en;en_us;en_eu>,3151,,<8>,,,,,,,,3151,53151,,,,<6;18;19;21>,,<55;60;85;55;50;55;360>,,3,11,3,<609;610;611;602;603>,,,3,3151,,,31513,<31511;31512;31513;31516;61101;61102>,3151,,<11002;11102;11202;11302>,23151,3,3,{drawcard=huang_effect_loop},3151,,3,3,3,<31511;31512;31513;31514>,1202,15,0.85,燃烧虫，火炬宝可梦。栖息在火山的山脚下。会从五只角中发出火焰，将前来袭击的敌人击退。,虫系邀战&集火后排,3151,410,,,,<<110;204>;<111;206>;<112;204>>,
3152,火神蛾,<cn;kr;tw;en;en_us;en_eu>,<cn;kr;tw;en;en_us;en_eu>,3151,,<8>,2,,,,,,,3151,53151,,,,<6;18;19;21>,,<85;100;60;65;135;105;550>,,3,11,3,<609;610;611;602;603>,,,3,3152,,,31523,<31521;31522;31523;31526;61101;61102>,3151,,<11002;11102;11202;11302>,23151,3,3,{drawcard=huang_effect_loop},3151,,3,3,3,<31511;31512;31513;31514>,1202,15,0.85,火神蛾，太阳宝可梦，燃烧虫进化型。从熊熊燃烧的火焰之茧中诞生，因为火山灰而使得地面壹片黑暗时，火神蛾的火焰可以代替太阳，在古代的壁画上被描绘为火之神。,虫系邀战&集火后排,3151,410,,,,<<110;204>;<111;206>;<112;204>>,
3161,勾帕路翁,<cn;kr;tw;en;en_us;en_eu>,,3161,,<7>,,,,,,,,3161,53161,,0,,<6;8;14;16>,2,<91;108;90;129;90;72;580>,,3,11,3,<615;616;617;602;603>,,,3,3161,,,31613,<31611;31612;31613;31616;61101;61102>,3161,,<11043;11143;11243;11343>,23161,3,3,{drawcard=huang_effect_loop},3161,2,3,3,3,<31611;31612;31613;31614>,1022,15,0.91,圣剑士的领导者，拥有钢铁的身体和心灵，为了守护宝可梦与人类争斗的传说的宝可梦,圣剑导者&护盾反伤,,420,4,,,<<113;206>;<114;206>;<115;204>>,
3171,代拉基翁,<cn;kr;tw;en;en_us;en_eu>,,3171,,<7>,,,,,,,,3171,53171,,0,,<7;8;9;12>,2,<91;108;129;90;72;90;580>,,3,11,3,<615;616;617;602;603>,,,3,3171,,,31713,<31711;31712;31713;31716;61101;61102>,3171,,<11043;11143;11243;11343>,23171,3,3,{drawcard=huang_effect_loop},3171,,3,3,3,<31711;31712;31713;31714>,1172,15,0.91,圣剑士之一，拥有一击冲破巨大城墙的猛撞力，为了保护由于人类的战争而失去故乡的宝可梦而与人类作战,圣剑勇者&舍身一搏,,410,,,,<<110;204>;<111;206>;<112;204>>,
3181,毕力吉翁,<cn;kr;tw;en;en_us;en_eu>,,3181,,<8>,,,,,,,,3181,53181,,0,,<6;8;22;25>,2,<91;108;90;72;90;129;580>,,3,11,3,<609;610;611;602;603>,,,3,3181,,,31813,<31811;31812;31813;31816;61151;61152>,3181,,<11003;11103;11203;11303>,23181,3,3,{drawcard=huang_effect_loop},3181,,3,3,3,<31811;31812;31813;31814>,1162,15,0.91,圣剑士之一，以敏捷的身手像旋风一般将敌人玩弄于股掌之中，会用锋利的角毫不留情地切斩对手,圣剑侠者&守护之叶,,430,2,,,<<116;204>;<117;206>>,
3191,龙卷云,<cn;kr;tw;en;en_us;en_eu>,<cn>,3191,,<8>,,,,,,,,3191,53191,,1,,<18;19;20;21>,2,<79;111;115;70;125;80;580>,,3,11,3,<612;613;614;602;603>,,,3,3191,,{158=<31921;31922;31923;31926;61101;61102>},31913,<31911;31912;31913;31916;61101;61102>,3191,,<11053;11153;11253;11353>,23191,3,3,{drawcard=huang_effect_loop},3191,3,3,3,3,<31911;31912;31913;31914>,1172,15,0.79,就像天气一样阴晴不定，喜欢四处游走，在高空中极速飞行；引起暴风雨其实是它有意的的恶作剧。,呼呼呼,,430,2,,,<<116;204>;<117;206>>,
3201,雷电云,<cn;kr;tw;en;en_us;en_eu>,<cn>,3201,,<8>,,,,,,,,3201,53201,,1,,<18;19;20;21>,2,<79;111;115;70;125;80;580>,,3,11,3,<612;613;614;602;603>,,,3,3201,,{163=<32021;32022;32023;32026;61101;61102>},32013,<32011;32012;32013;32016;61101;61102>,3201,,<11053;11153;11253;11353>,23201,3,3,{drawcard=huang_effect_loop},3201,,3,3,3,<32011;32012;32013;32014>,1092,15,0.79,像天气一样阴晴不定，喜欢四处游走，在高空中极速飞行；引起雷暴和山火其实是它有意的的恶作剧。,轰隆隆,,410,,,,<<110;204>;<111;206>;<112;204>>,
3211,莱希拉姆,<cn;kr;tw;en;en_us;en_eu>,,3211,,<8>,,,,,,,,3211,53211,,0,,<18;19;20;21>,3,<100;90;120;100;150;120;680>,,4,21,4,<618;619;620;604;605>,,,4,3211,,,32113,<32111;32112;32113;32116;61151;61152>,3211,,<11034;11134;11234;11334>,23211,4,4,{drawcard=huang_effect_loop},3211,7,4,4,4,<32111;32112;32113;32114>,1033,20,,相信真实、引导世界遍布善良的白阳宝可梦，尾部吹出的火焰能将整个世界燃烧殆尽,净罪之火&青焰白龙,,520,4,,<2043;2046>,<<122;202>;<123;204>>,<2050;2048;2054>
3221,捷克罗姆,<cn;kr;tw;en;en_us;en_eu>,,3221,,<7>,,,,,,,,3221,53221,,0,,<11;12;15;16>,3,<100;90;150;120;120;100;680>,,4,21,4,<618;619;620;604;605>,,,4,3221,,,32213,<32211;32212;32213;32216;61101;61102>,3221,,<11034;11134;11234;11334>,23221,4,4,{drawcard=huang_effect_loop},3221,6,4,4,4,<32211;32212;32213;32214>,1553,20,,相信理想，引导世界遍布希望的黑阴宝可梦，隐藏在雷云中，尾巴旋转起来能制造狂暴的闪电,无相之雷&疾电黑龙,,510,,,<2045;2046>,<<120;204>;<121;202>>,<2045;2048;2054>
3231,土地云,<cn;kr;tw;en;en_us;en_eu>,<cn>,3231,,<7>,,,,,,,,3231,53231,,1,,<10;11;13;9>,2,<89;101;125;90;115;80;600>,,3,11,3,<609;610;611;602;603>,,,3,3231,,,32313,<32311;32312;32313;32316;61101;61102>,3231,,<11003;11103;11203;11303>,23231,3,3,{drawcard=huang_effect_loop},3231,2,3,3,3,<32311;32312;32313;32314>,1132,15,0.89,很少出现在人们面前，只有当人们共同祈愿时会现身给予人们丰收的希望，或者在雷电云和龙卷云大肆作乱之时才会现身并制止它们过度的恶作剧。在人们心中它是正义的丰收之神。,风雷止,,410,,,,<<110;204>;<111;206>;<112;204>>,
3241,酋雷姆,<cn;kr;tw;en;en_us;en_eu>,,3241,,<7>,,,,,,,,3241,53241,,0,,<10;11;13;9>,3,<125;95;130;90;130;90;660>,,4,21,4,<618;619;620;604;605>,,,4,3241,,,32413,<32411;32412;32413;32416;61151;61152>,3241,,<11034;11134;11234;11334>,23241,4,4,{drawcard=hong_effect_loop},3241,9,4,4,4,<32411;32412;32413;32414>,1153,20,1.25,等待着用真实与理想填补自己失去的身体的英雄，是冰之传说的宝可梦。,冰封世界&无极之龙,,530,2,,<2001>,<<124;204>;<125;202>>,<1034;1035>
3242,焰白酋雷姆,<cn;kr;tw;en;en_us;en_eu>,,3242,,<8>,,1,,32420,,10,,3242,53241,,0,,<18;19;20;21>,3,<125;95;120;90;170;100;700>,,4,21,4,<618;619;620;604;605>,,,4,3242,,{162=<32481;32482;32483;32486;61151;61152>},32423,<32421;32422;32423;32426;61151;61152>,3242,,<11034;11134;11234;11334>,23241,4,12,{drawcard=hong_effect_loop},3242,9,4,4,4,<32421;32422;32423;32424>,1533,20,1.25,酋雷姆吸收了与自己拥有相同基因的莱希拉姆后变为焰白酋雷姆，能使用火与冰的能量，它已经看出宝可梦和人类之间的真实世界将会到来，试图去保护这样的未来,冰火两极&霜焰龙息,,640,2,,<2001;2002>,<<132;201>>,<2001;2002>
3243,暗黑酋雷姆,<cn;kr;tw;en;en_us;en_eu>,,3242,,<7>,,2,,32430,,10,,3243,53241,,0,,<8;12;16;25>,3,<125;95;170;100;120;90;700>,,4,21,4,<618;619;620;604;605>,,,4,3243,,{157=<32471;32472;32473;32476;61101;61102>},32433,<32431;32432;32433;32436;61101;61102>,3242,,<11034;11134;11234;11334>,23241,4,12,{drawcard=hong_effect_loop},3243,6,4,4,4,<32421;32422;32423;32424>,1513,20,1.25,酋雷姆吸收了与自己拥有相同基因的捷克罗姆后变为暗黑酋雷姆，能使用电与冰的能量。传说它是为了保护宝可梦与人类之间那将在未来实现的理想世界而战斗。,晶核驱动&霜雷猎杀,,610,,,<2001;2002>,<<127;201>;<128;203>>,<2001;2002>
3251,凯路迪欧,<cn;kr;tw;en;en_us;en_eu>,,3251,,<8>,,,,,,,,3251,53251,,0,,<6;7;18;19>,2,<91;108;72;90;129;90;580>,,3,11,3,<621;622;623;602;603>,,,3,3251,,,32513,<32511;32512;32513;32516;61101;61102>,3251,,<11023;11123;11223;11323>,23251,3,3,{drawcard=huang_effect_loop},3251,,3,3,3,<32511;32512;32513;32514>,1202,15,0.91,圣剑士的传承者，通过艰苦的战斗而觉悟，沉睡在身体深处的力量包裹住了它额头上的角，形成了能撕裂一切的剑。,暴力输出：觉悟化剑,,410,,,<2053;2054;2046>,<<110;204>;<111;206>;<112;204>>,<2054;2056;2043>
3261,美洛耶塔·歌声,<cn;kr;tw;en;en_us;en_eu>,,3261,,<7;8>,,1,2,,,8,,3261,53261,,0,,<10;13;19;21>,3,<100;90;77;77;128;128;600>,,4,21,4,<606;607;608;604;605>,,,4,3261,,{133=<32651;32652;32653;32656;61101;61102>},32613,<32611;32612;32613;32616;61101;61102>,3261,,<11014;11114;11214;11314>,23261,4,4,{drawcard=hong_effect_loop},3261,108,4,4,4,<32611;32612;32613;32614>,1193,20,,旋律宝可梦，可以用特殊的发声法唱出美妙的音律，这种音律能够自由自在地操纵听者的情感，使听者的情感随之变化,爱的旋律&双生魅影,3261,540,2,,<2053;2054;2046>,<<126;202>>,<2054;2056;2043>
3262,美洛耶塔·舞步,<cn;kr;tw;en;en_us;en_eu>,,3261,,<7;8>,,2,2,,,8,,3261,53261,,0,,<10;13;19;21>,3,<100;128;128;90;77;77;600>,,4,21,4,<606;607;608;604;605>,,,4,3262,,{133=<32661;32662;32663;32666;61101;61102>},32623,<32621;32622;32623;32626;61101;61102>,3261,,<11014;11114;11214;11314>,23261,4,4,{drawcard=hong_effect_loop},3261,108,4,4,4,<32611;32612;32613;32614>,1193,20,,旋律宝可梦，在美洛耶塔唱出古老之歌时，会变身成舞者的形态并翩翩起舞,爱的旋律&双生魅影,3261,540,2,,<2053;2054;2046>,<<126;202>>,<2054;2056;2043>
3271,盖诺赛克特,<cn;kr;tw;en;en_us;en_eu>,,3271,,<7>,,,,,,,,3271,53271,,0,,<11;12;15;16>,3,<71;99;120;95;120;95;600>,,4,21,4,<609;610;611;604;605>,,,4,3271,,,32713,<32711;32712;32713;32716;61101;61102>,3271,,<11004;11104;11204;11304>,23271,4,4,{drawcard=hong_effect_loop},3271,6,4,4,4,<32711;32712;32713;32714>,1093,20,0.71,盖诺赛克特体型为巨型虫类，紫色的铠甲包裹着它的身体。背上装有威力惊人的巨炮，可以在上面插上不同属性的卡带。盖诺赛克特还可以变成圆盘状以方便飞行,蓄力钢炮&军团再临,3271,510,,,<2053;2054;2046>,<<120;204>;<121;202>>,<2054;2056;2043>
3281,哈力栗,,,3281,,<7>,,,,,,,,3281,53281,,,,<15;16;11;12>,,<56;38;61;65;48;45;313>,,2,11,2,<609;610;611;602;603>,,,2,3281,,,32813,<32811;32812;32813;32816;61151;61152>,3281,,<11002;11102;11202;11302>,23281,2,2,,3281,17,2,2,2,<32811;32812;32813>,1551,,0.88,头和背部用坚硬的木壳覆盖着，所以即使被卡车撞到也安然无恙。,防御反伤,,320,4,,,<<106;208>;<105;208>;<104;209>>,
3282,胖胖哈力,,,3281,,<7>,2,,,,,,,3281,53281,,,,<15;16;11;12>,,<61;57;78;95;56;58;405>,,2,11,2,<609;610;611;602;603>,,,2,3282,,,32823,<32821;32822;32823;32826;61151;61152>,3281,,<11002;11102;11202;11302>,23281,2,2,,3281,17,2,2,2,<32811;32812;32813>,1551,,0.88,伙伴之间互相碰撞身体，锻炼腰腿。自己本身是不好斗的温柔性格。,防御反伤,,320,4,,,<<106;208>;<105;208>;<104;209>>,
3283,布里卡隆,,,3281,,<7>,3,,,,,,,3281,53281,,,,<15;16;11;12>,,<88;64;107;122;74;75;530>,,2,11,2,<609;610;611;602;603>,,,2,3283,,,32833,<32831;32832;32833;32836;61151;61152>,3281,,<11002;11102;11202;11302>,23281,2,2,,3281,17,2,2,2,<32811;32812;32813>,1551,,0.88,如果将双拳合拢挡在脸前，摆出防御的姿势，连炸弹的直接轰炸也能承受住。,防御反伤,,320,4,,,<<106;208>;<105;208>;<104;209>>,
3291,火狐狸,,,3291,,<8>,,,,,,,,3291,53291,,,,<22;24;18;20>,,<40;60;45;40;62;60;307>,,2,11,2,<618;619;620;602;603>,,,2,3291,,,32913,<32911;32912;32913;32916;61101;61102>,3291,,<11032;11132;11232;11332>,23291,2,2,,3291,19,2,2,2,<32911;32912;32913>,1131,,0.75,随身带着小树枝，嘎吱嘎吱地当零食吃。从耳朵里喷出热气威吓对手。,火焰戏法&偷取型辅助,,330,2,,,<<109;209>;<108;208>;<107;208>>,
3292,长尾火狐,,,3291,,<8>,2,,,,,,,3291,53291,,,,<6;7;18;19>,,<59;73;59;58;90;70;409>,,2,11,2,<618;619;620;602;603>,,,2,3292,,,32923,<32921;32922;32923;32926;61101;61102>,3291,,<11032;11132;11232;11332>,23291,2,2,,3291,19,2,2,2,<32911;32912;32913>,1131,,0.75,将树枝从尾巴上拔出时，会因为摩擦而起火。挥动树枝的火焰向伙伴传递信号。,火焰戏法&偷取型辅助,,330,2,,,<<109;209>;<108;208>;<107;208>>,
3293,妖火红狐,,,3291,,<8>,3,,,,,,,3291,53291,,,,<6;7;18;19>,,<75;104;69;72;114;100;534>,,2,11,2,<618;619;620;602;603>,,,2,3293,,,32933,<32931;32932;32933;32936;61101;61102>,3291,,<11032;11132;11232;11332>,23291,2,2,,3291,19,2,2,2,<32911;32912;32913>,1131,,0.75,盯着木杖前端燃烧着的火焰，集中精神的话，就能看透未来发生之事。,火焰戏法&偷取型辅助,,330,2,,,<<109;209>;<108;208>;<107;208>>,
3301,呱呱泡蛙,,,3301,,<8>,,,,,,,,3301,53301,,,,<6;7;18;19>,,<41;71;56;40;62;44;314>,,3,11,3,<621;622;623;602;603>,,,3,3301,,,33013,<33011;33012;33013;33016;61101;61102>,3301,,<11023;11123;11223;11323>,23301,3,3,{drawcard=huang_effect_loop},3301,,3,3,3,<33011;33012;33013;33014>,1042,15,0.72,用细腻的泡泡包住身体，保护皮肤。装得无忧无虑的，实则很精明地窥视着四周。,暴力输出：速度增伤,,410,,,,<<110;204>;<111;206>;<112;204>>,
3302,呱头蛙,,,3301,,<8>,2,,,,,,,3301,53301,,,,<6;7;18;19>,,<54;97;63;52;83;56;405>,,3,11,3,<621;622;623;602;603>,,,3,3302,,,33023,<33021;33022;33023;33026;61101;61102>,3301,,<11023;11123;11223;11323>,23301,3,3,{drawcard=huang_effect_loop},3301,,3,3,3,<33011;33012;33013;33014>,1042,15,0.72,灵巧的身体不输给任何人。只需１分钟就能登上超过600米高的塔顶。,暴力输出：速度增伤,,410,,,,<<110;204>;<111;206>;<112;204>>,
3303,甲贺忍蛙,,,3301,,<8>,3,,,,,,,3301,53301,,,,<6;7;18;19>,,<72;122;95;67;103;71;530>,,3,11,3,<621;622;623;602;603>,,,3,3303,,,33033,<33031;33032;33033;33036;61101;61102>,3301,,<11023;11123;11223;11323>,23301,3,3,{drawcard=huang_effect_loop},3301,,3,3,3,<33011;33012;33013;33014>,1042,15,0.72,像忍者般神出鬼没。以敏捷的动作玩弄对手，再用水之手里剑将对方劈开。,暴力输出：速度增伤,,410,,,,<<110;204>;<111;206>;<112;204>>,
3341,小狮狮,,,3341,,<8>,,,,,,,,3341,53341,,,,<6;7;18;19>,,<62;72;50;58;73;54;369>,,2,11,2,<618;619;620;602;603>,,,2,3341,,,33413,<33411;33412;33413;33416;61151;61152>,3341,,<11032;11132;11232;11332>,23341,2,2,,3341,16,2,2,2,<33411;33412;33413>,1061,,0.86,血气方刚且好奇心旺盛。如果生气或是开始战斗，短短的鬃毛就会变热。,残局输出,,310,,,,<<103;208>;<102;208>;<101;209>>,
3342,火炎狮,,,3341,,<8>,2,,,,,,,3341,53341,,,,<6;7;18;19>,,<86;106;68;72;109;66;507>,,2,11,2,<618;619;620;602;603>,,,2,3342,,,33423,<33421;33422;33423;33426;61151;61152>,3341,,<11032;11132;11232;11332>,23341,2,2,,3341,16,2,2,2,<33411;33412;33413>,1061,,0.86,会吐出摄氏6000度的气息，但不会用于猎物。因为更喜欢吃生的肉。,残局输出,,310,,,,<<103;208>;<102;208>;<101;209>>,
3351,花蓓蓓,,,3351,,<8>,,,,,,,,3351,53351,,2,,<22;24;18;20>,,<44;42;38;39;61;79;303>,,3,11,3,<618;619;620;602;603>,,,3,3351,,,33513,<33511;33512;33513;33516;61151;61152>,3351,,<11033;11133;11233;11333>,23351,3,3,{drawcard=huang_effect_loop},3351,5,3,3,3,<33511;33512;33513;33514>,1182,15,0.78,如果没有花的力量，就会很危险。但是在找到喜爱的颜色和形状之前，会不断地旅行。,群体治疗,3351,440,2,,,<<118;204>;<119;204>>,
3352,花叶蒂,,,3351,,<8>,2,,,,,,,3351,53351,,2,,<22;24;18;20>,,<54;52;45;47;75;98;371>,,3,11,3,<618;619;620;602;603>,,,3,3352,,,33523,<33521;33522;33523;33526;61151;61152>,3351,,<11033;11133;11233;11333>,23351,3,3,{drawcard=huang_effect_loop},3351,5,3,3,3,<33511;33512;33513;33514>,1182,15,0.78,被精心照料过的花坛里的花一旦开放，就会现身，以华丽的舞蹈给予祝福。,群体治疗,3351,440,2,,,<<118;204>;<119;204>>,
3353,花洁夫人,,,3351,,<8>,3,,,,,,,3351,53351,,2,,<22;24;18;20>,,<78;75;65;68;112;154;552>,,3,11,3,<618;619;620;602;603>,,,3,3353,,{168=<33541;33542;33543;33546;61101;61102>},33533,<33531;33532;33533;33536;61151;61152>,3351,,<11033;11133;11233;11333>,23351,3,3,{drawcard=huang_effect_loop},3351,5,3,3,3,<33511;33512;33513;33514>,1182,15,0.78,过去的城堡主人们为了装饰庭园而招待花洁夫人进入，让其建造花园。,群体治疗,3351,440,2,,,<<118;204>;<119;204>>,
3411,独剑鞘,,,3411,,<7>,,,,,,,,3411,53411,,,,<15;16;11;12>,,<45;28;80;100;35;37;325>,,3,11,3,<615;616;617;602;603>,,,3,3411,,,34113,<34111;34112;34113;34116;61151;61152>,3411,,<11043;11143;11243;11343>,23411,3,3,{drawcard=huang_effect_loop},3411,2,3,3,3,<34111;34112;34113;34114>,1142,15,0.6,用蓝布卷住握剑柄之人的手臂，吸取生命直至其倒下。,战斗切换&攻守兼备,,420,4,,,<<113;206>;<114;206>;<115;204>>,
3412,双剑鞘,,,3411,,<7>,2,,,,,,,3411,53411,,,,<15;16;11;12>,,<59;35;110;150;45;49;448>,,3,11,3,<615;616;617;602;603>,,,3,3412,,,34123,<34121;34122;34123;34126;61151;61152>,3411,,<11043;11143;11243;11343>,23411,3,3,{drawcard=huang_effect_loop},3411,2,3,3,3,<34111;34112;34113;34114>,1142,15,0.6,进化后分裂为2把。通过心灵感应对话，用配合攻击砍碎敌人。,战斗切换&攻守兼备,,420,4,,,<<113;206>;<114;206>;<115;204>>,
3413,坚盾剑怪·盾牌,,,3411,,<7>,3,,,,,,,3411,53411,,,,<24;23;14;16>,,<60;60;50;150;50;150;520>,,3,11,3,<615;616;617;602;603>,,,3,3413,,,34133,<34131;34132;34133;34136;61151;61152>,3411,,<11043;11143;11243;11343>,23411,3,3,{drawcard=huang_effect_loop},3411,2,3,3,3,<34111;34112;34113;34114>,1142,15,0.6,曾跟随着历代国王。用灵力控制人和宝可梦的心，使之服从。,战斗切换&攻守兼备,,420,4,,,<<113;206>;<114;206>;<115;204>>,
3431,绵绵泡芙,,,3431,,<8>,,,,,,,,3431,53431,,,,<18;20;15;14>,,<62;49;48;66;59;57;341>,,2,11,2,<618;619;620;602;603>,,,2,3431,,,34313,<34311;34312;34313;34316;61151;61152>,3431,,<11032;11132;11232;11332>,23431,2,2,,3431,19,2,2,2,<34311;34312;34313>,1081,,0.82,放出像棉花糖那样又甜又黏的白丝缠住对手，封住其行动。,防御控制,,330,2,,,<<109;209>;<108;208>;<107;208>>,
3432,胖甜妮,,,3431,,<8>,2,,,,,,,3431,53431,,,,<18;20;15;14>,,<82;72;80;86;85;75;480>,,2,11,2,<618;619;620;602;603>,,,2,3432,,,34323,<34321;34322;34323;34326;61151;61152>,3431,,<11032;11132;11232;11332>,23431,2,2,,3431,19,2,2,2,<34311;34312;34313>,1081,,0.82,拥有即便是细微气味也能区分的敏锐嗅觉，是西点师傅的好帮手。,防御控制,,330,2,,,<<109;209>;<108;208>;<107;208>>,
3471,铁臂枪虾,,,3471,,<8>,,,,,,,,3471,53471,,,,<24;23;14;16>,,<50;44;53;62;58;63;330>,,2,11,2,<621;622;623;602;603>,,,2,3471,,,34713,<34711;34712;34713;34716;61101;61102>,3471,,<11022;11122;11222;11322>,23471,2,2,,3471,16,2,2,2,<34711;34712;34713>,1501,,0.71,像手枪一样把压缩过的水从大大的钳子里射出，击落飞着的猎物。,尾速重炮手,,310,,,,<<103;208>;<102;208>;<101;209>>,
3472,钢炮臂虾,,,3471,,<8>,2,,,,,,,3471,53471,,,,<22;24;18;20>,,<71;59;73;88;120;89;500>,,2,11,2,<621;622;623;602;603>,,,2,3472,,,34723,<34721;34722;34723;34726;61101;61102>,3471,,<11022;11122;11222;11322>,23471,2,2,,3471,16,2,2,2,<34711;34712;34713>,1501,,0.71,拥有能发射水炮弹的巨大手臂，连油轮的船体也能击穿。,尾速重炮手,,310,,,,<<103;208>;<102;208>;<101;209>>,
3501,冰雪龙,,,3501,,<8>,,,,,,,,3501,53501,,,,<22;24;18;20>,,<77;46;59;50;67;63;362>,,2,11,2,<615;616;617;602;603>,,,2,3501,,,35013,<35011;35012;35013;35016;61151;61152>,3501,,<11042;11142;11242;11342>,23501,2,2,,3501,17,2,2,2,<35011;35012;35013>,1141,,1.23,从1亿年前起就处于冰封状态的身体的一部分复活而来的古代宝可梦。,群体护盾,,320,4,,,<<106;208>;<105;208>;<104;209>>,
3502,冰雪巨龙,,,3501,,<8>,2,,,,,,,3501,53501,,,,<22;24;18;20>,,<123;58;77;72;99;92;521>,,2,11,2,<615;616;617;602;603>,,,2,3502,,,35023,<35021;35022;35023;35026;61151;61152>,3501,,<11042;11142;11242;11342>,23501,2,2,,3501,17,2,2,2,<35011;35012;35013>,1141,,1.23,从身上的菱形结晶里放出零下150度的冷气，把敌人包住并冰封起来。,群体护盾,,320,4,,,<<106;208>;<105;208>;<104;209>>,
3511,摔角鹰人,,,3511,,<7>,,,,,,,,3511,53511,,,,<8;9;13;12>,,<78;118;92;75;74;63;500>,,2,11,2,<612;613;614;602;603>,,,2,3511,,,35113,<35111;35112;35113;35116;61101;61102>,3511,,<11052;11152;11252;11352>,23511,2,2,,3511,16,2,2,2,<35111;35112;35113>,1071,,0.78,体型虽小，却是个技术高手。与怪力和铁掌力士等大型宝可梦战斗起来都难分伯仲。,蓄力输出：全场点杀,,310,,,,<<103;208>;<102;208>;<101;209>>,
3541,黏黏宝,,,3541,,<8>,,,,,,,,3541,53541,,,,<22;24;18;20>,,<45;40;50;35;55;75;300>,,3,11,3,<618;619;620;602;603>,,,3,3541,,,35413,<35411;35412;35413;35416;61151;61152>,3541,,<11033;11133;11233;11333>,23541,3,3,{drawcard=huang_effect_loop},3541,2,3,3,3,<35411;35412;35413;35414>,1522,15,0.9,是最弱小的龙属性宝可梦。为了防止滑腻腻的身体变干，而呆在湿哒哒的背阴处生活。,抗暴特防肉盾,,420,4,,,<<113;206>;<114;206>;<115;204>>,
3542,黏美儿,,,3541,,<8>,2,,,,,,,3541,53541,,,,<22;24;18;20>,,<68;60;75;53;83;113;452>,,3,11,3,<618;619;620;602;603>,,,3,3542,,,35423,<35421;35422;35423;35426;61151;61152>,3541,,<11033;11133;11233;11333>,23541,3,3,{drawcard=huang_effect_loop},3541,2,3,3,3,<35411;35412;35413;35414>,1522,15,0.9,分泌出可以溶解任何物体的粘液击退敌人。眼珠退化，看不见东西。,抗暴特防肉盾,,420,4,,,<<113;206>;<114;206>;<115;204>>,
3543,黏美龙,,,3541,,<8>,3,,,,,,,3541,53541,,,,<22;24;18;20>,2,<90;80;100;70;110;150;600>,,3,11,3,<618;619;620;602;603>,,,3,3543,,,35433,<35431;35432;35433;35436;61151;61152>,3541,,<11033;11133;11233;11333>,23541,3,3,{drawcard=huang_effect_loop},3541,2,3,3,3,<35411;35412;35413;35414>,1522,15,0.9,和人很亲近的龙属性宝可梦。抱着非常喜爱的训练家，用粘液把对方弄得黏糊糊的。,抗暴特防肉盾,,420,4,,,<<113;206>;<114;206>;<115;204>>,
3561,小木灵,,,3561,,<7>,,,,,,,,,53561,,,,<24;25;11;12>,,<43;38;70;48;50;60;309>,,,,,<621;622;623;602;603>,,,,3561,,,35613,<35611;35612;35613;35616;61101;61102>,3561,,<11021;11121;11221;11321>,23561,,2,,3561,13,,,,<35611;35612;35613>,,,,魂魄寄生在腐烂的树桩上，变成了宝可梦。居住在人类不会接近的森林。,后排沉默,,230,2,,,<<107;209>;<108;209>;<109;208>>,
3562,朽木妖,,,3561,,<7>,2,,,,,,,,53561,,,,<24;25;11;12>,,<85;56;110;76;65;82;474>,,,,,<621;622;623;602;603>,,,,3562,,,35623,<35621;35622;35623;35626;61101;61102>,3561,,<11021;11121;11221;11321>,23561,,2,,3561,13,,,,<35611;35612;35613>,,,,可以自由地操纵其他的树木。会让毁坏森林的人类到死都没法走出森林。,后排沉默,,230,2,,,<<107;209>;<108;209>;<109;208>>,
3571,南瓜精,<cn>,<cn>,3571,,<7>,,,,,,,,3571,53571,,,,<15;16;11;12>,,<49;51;66;70;44;55;335>,,3,11,3,<621;622;623;602;603>,,,3,3571,,,35713,<35711;35712;35713;35716;61101;61102>,3571,,<11023;11123;11223;11323>,23571,3,3,{drawcard=huang_effect_loop},3571,5,3,3,3,<35711;35712;35713;35714>,1152,15,0.49,南瓜精的身体里有无法往生的灵魂，黄昏到来便开始活动,传播恐惧&享用恐惧,,430,2,,,<<116;204>;<117;206>>,
3572,南瓜怪人,<cn>,<cn>,3571,,<7>,2,,,,,,,3571,53571,,,,<15;16;11;12>,,<65;84;90;122;58;75;494>,,3,11,3,<621;622;623;602;603>,,,3,3572,,,35723,<35721;35722;35723;35726;61101;61102>,3571,,<11023;11123;11223;11323>,23571,3,3,{drawcard=huang_effect_loop},3571,5,3,3,3,<35711;35712;35713;35714>,1152,15,0.49,南瓜怪人会在朔月的夜晚一边在街上游荡一边用诡异的声音唱歌，如果听到那歌声就会被诅咒,传播恐惧&享用恐惧,,430,2,,,<<116;204>;<117;206>>,
3591,嗡蝠,<cn;kr;en;en_us;en_eu;tw>,<cn;kr;en;en_us;en_eu;tw>,3591,,<8>,,,,,,,,3591,53591,,,,<6;7;18;19>,,<40;55;30;35;45;40;245>,,3,11,3,<612;613;614;602;603>,,,3,3591,,,35913,<35911;35912;35913;35916;61101;61102>,3591,,<11052;11152;11252;11352>,23591,3,3,{drawcard=huang_effect_loop},3591,4,3,3,3,<35911;35912;35913;35914>,1502,15,0.85,可以控制所有频率的音波。就算是体型巨大的宝可梦，也对它的超音波束手无策。,音波干扰&超速闪避,,430,2,,,<<116;204>;<117;206>>,
3592,音波龙,<cn;kr;en;en_us;en_eu;tw>,<cn;kr;en;en_us;en_eu;tw>,3591,,<8>,2,,,,,,,3591,53591,,,,<6;7;18;19>,,<85;123;70;80;97;80;535>,,3,11,3,<612;613;614;602;603>,,,3,3592,,,35923,<35921;35922;35923;35926;61101;61102>,3591,,<11052;11152;11252;11352>,23591,3,3,{drawcard=huang_effect_loop},3591,4,3,3,3,<35911;35912;35913;35914>,1502,15,0.85,在黑暗中一边飞行一边发出能粉碎岩石的超音波痛击敌人，然后用利齿给予致命的一击。,音波干扰&超速闪避,,430,2,,,<<116;204>;<117;206>>,
3601,哲尔尼亚斯,<cn;kr;en;en_us;en_eu;tw>,,3601,,<8>,,,,,,,,3601,53601,,0,,<24;23;14;16>,3,<126;99;131;95;131;98;680>,,4,21,4,<618;619;620;604;605>,,,4,3601,,{115=<36031;36032;36033;36036;61151;61152>},36013,<36011;36012;36013;36016;61151;61152>,3601,,<11034;11134;11234;11334>,23601,4,4,{drawcard=hong_effect_loop},3601,9,4,4,4,<36011;36012;36013;36014>,1093,20,1.26,司掌生命的传说宝可梦，以树木的样子睡了1000年后复活，据说，当头上的角闪着七色光时，会分享永恒的生命,生命链接&妖精气场,3601,530,2,,<2021;2023>,<<124;204>;<125;202>>,<2022;2040>
3611,伊裴尔塔尔,<cn;kr;en;en_us;en_eu;tw>,,3611,,<8>,,,,,,,,3611,53611,,0,,<18;19;20;21>,3,<126;99;131;95;131;98;680>,,4,21,4,<606;607;608;604;605>,,,4,3611,,,36113,<36111;36112;36113;36116;61101;61102>,3611,,<11014;11114;11214;11314>,23611,4,4,{drawcard=hong_effect_loop},3611,9,4,4,4,<36111;36112;36113;36114>,1533,20,1.26,司掌死亡的传说宝可梦，一度以破坏之茧形态沉睡在森林深处，翅膀和尾羽展开闪着红色光芒时，就会吸取生物的生命，并将其石化,破坏之茧&暗黑气场,3611,510,,,<2023;2026>,<<120;204>;<121;202>>,<2024;2035>
3621,基格尔德·10％,<cn;kr;en;en_us;en_eu;tw>,,3621,,<7>,,,,,,,,3621,53621,,0,,<15;16;11;12>,2,<54;115;100;71;61;85;486>,,4,21,4,<618;619;620;604;605>,,,4,3621,,,36213,<36211;36212;36213;36216;61151;61152>,3621,,<11034;11134;11234;11334>,23621,4,4,{drawcard=hong_effect_loop},3621,9,4,4,4,<36211;36212;36213;36214>,1203,20,2.16,10％形态的基格尔德擅长近战，会扑到对手的怀里用锐利的牙齿咬住对手，用锋利的牙齿了结敌人,群聚变形&核心惩罚者,,520,4,,<2056;2048>,<<122;202>;<123;204>>,<2057;2052>
3622,基格尔德·50％,<cn;kr;en;en_us;en_eu;tw>,,3621,,<7>,2,,,,,,,3621,53621,,0,,<15;16;11;12>,2,<108;95;100;121;81;95;600>,,4,21,4,<618;619;620;604;605>,,,4,3622,,,36223,<36221;36222;36223;36226;61151;61152>,3621,,<11034;11134;11234;11334>,23621,4,4,{drawcard=hong_effect_loop},3621,9,4,4,4,<36211;36212;36213;36214>,1203,20,2.16,生活在洞窟的深处，监察宝可梦的生态系统，如果卡洛斯地区的生态系统崩溃，它好像就会现身，发挥蕴藏的力量，毫不留情地把敌对者全部消灭,群聚变形&核心惩罚者,,520,4,,<2056;2048>,<<122;202>;<123;204>>,<2057;2052>
3623,基格尔德·100%,<cn;kr;en;en_us;en_eu;tw>,,3621,,<7>,3,,,,,,,3621,53621,,0,,<15;16;11;12>,2,<216;85;100;121;91;95;708>,,4,21,4,<618;619;620;604;605>,,,4,3623,,{147=<36261;36262;36263;36266;61151;61152>},36233,<36231;36232;36233;36236;61151;61152>,3621,,<11034;11134;11234;11334>,23621,4,4,{drawcard=hong_effect_loop},3621,9,4,4,4,<36211;36212;36213;36214>,1203,20,2.16,所有基格尔德细胞聚集后诞生而成，为了达成守卫宝可梦生态系统的使命，让基格尔德发挥全部力量来战斗的对战专用形态，可以从胸部的嘴里放射出能摧毁一切的高能量，用武力镇压破坏生态系统者，拥有连哲尔尼亚斯和伊裴尔塔尔都能压倒的力量,群聚变形&核心惩罚者,,520,4,,<2056;2048>,<<122;202>;<123;204>>,<2057;2052>
3631,蒂安希,,,3631,,<8>,,,,,,,,3631,53631,,0,,<24;23;14;16>,2,<50;50;100;150;100;150;600>,,4,21,4,<615;616;617;604;605>,,,4,3631,,{102=<36321;36322;36323;36326;61151;61152>},36313,<36311;36312;36313;36316;61151;61152>,3631,,<11044;11144;11244;11344>,23631,4,4,{drawcard=hong_effect_loop},3631,9,4,4,4,<36311;36312;36313;36314>,1103,20,0.5,幻之宝可梦，小碎钻的突变体，全身闪耀着粉色光芒，被认为是世间最美丽的。,钻石公主&光墙守护,,530,2,,<2004;2010>,<<124;204>;<125;202>>,<2004;2009>
3632,超级蒂安希,<cn;kr;en;en_us;en_eu;tw>,,3631,,<8>,2,,,36310,,,,3632,53631,,0,,<10;11;13;9>,3,<50;110;160;110;160;110;700>,,4,21,4,<615;616;617;604;605>,,,4,3633,,{136=<36341;36342;36343;36346;61151;61152>;146=<36391;36392;36393;36396;61151;61152>},36333,<36331;36332;36333;36336;61151;61152>,3631,,<11044;11144;11244;11344>,23631,4,4,{drawcard=hong_effect_loop},3631,9,4,4,4,<36311;36312;36313;36314>,1093,20,0.5,当体表的杂质剥落，超级蒂安希沐浴在光芒中，耀眼得无法直视，头部的钻石超过2000克拉。那副高贵美丽的模样被称作“皇家粉色公主”。它能将空气中的碳元素压缩在两手之间，一瞬间制造出许多的钻石。,星墙守护&钻石反射,,630,2,,<2004;2010>,<<130;203>;<131;201>>,<2004;2009>
3641,惩戒胡帕,<cn;kr;en;en_us;en_eu;tw>,,3641,,<8>,,,,,,,,3641,53641,,0,,<22;24;18;20>,3,<80;70;110;60;150;130;600>,,4,21,4,<606;607;608;604;605>,,,4,3641,,,36413,<36411;36412;36413;36416;61101;61102>,3641,,<11014;11114;11214;11314>,23641,4,4,{drawcard=hong_effect_loop},3641,6,4,4,4,<36411;36412;36413;36414>,1573,20,0.8,顽童宝可梦，以两根角和身上套着的金色圆环为特征，是个喜欢用能扭曲空间的圆环把所有东西都击飞到远处的麻烦制造者,光轮的小魔神&异度转移,,510,,,<2022;2024>,<<120;204>;<121;202>>,<2023;2009>
3642,解放胡帕,<cn;kr;en;en_us;en_eu;tw>,,3641,,<8>,2,,,,,,,3641,53641,,0,,<22;24;18;20>,3,<80;80;160;60;170;130;680>,,4,21,4,<606;607;608;604;605>,,,4,3642,,{103=<36431;36432;36433;36436;61101;61102>;108=<36441;36442;36443;36446;61101;61102>;143=<36451;36452;36453;36456;61101;61102>},36423,<36421;36422;36423;36426;61101;61102>,3641,,<11014;11114;11214;11314>,23641,4,4,{drawcard=hong_effect_loop},3641,6,4,4,4,<36411;36412;36413;36414>,1573,20,0.8,魔神宝可梦，被封印了的胡帕的真正姿态。比被封印形态更加巨大的身体、增加的圆环和6只手臂是它的特征。据说会使用可以扭曲空间的圆环抢夺一切,光轮的超魔神&异度转移,,510,,,<2022;2024>,<<120;204>;<121;202>>,<2023;2009>
3651,波尔凯尼恩,<cn;kr;en;en_us;en_eu;tw>,,3651,,<8>,,,,,,,,3651,53651,,0,,<18;20;15;14>,3,<80;70;110;120;130;90;600>,,4,21,4,<618;619;620;604;605>,,,4,3651,,,36513,<36511;36512;36513;36516;61101;61102>,3651,,<11034;11134;11234;11334>,23651,4,4,{drawcard=hong_effect_loop},3651,6,4,4,4,<36511;36512;36513;36514>,1103,20,0.8,据说波尔凯尼恩住在人类不会进入的山里。它会喷出水蒸气，用浓雾隐藏自己。从背上的手臂里喷射出体内的水蒸气有着把整座山一下子吹飞的威力,水火同体,3651,510,,,<2021;2028>,<<120;204>;<121;202>>,<2022;2019>
3661,木木枭,<cn;kr;en;en_us;en_eu;tw>,,3661,,<7>,,,,,,,,3661,53661,,,,<7;8;9;12>,,<68;42;55;55;50;50;320>,,3,11,3,<609;610;611;602;603>,,,3,3661,,,36613,<36611;36612;36613;36616;61101;61102>,3661,,<11002;11102;11202;11302>,23661,3,3,{drawcard=huang_effect_loop},3661,,3,3,3,<36611;36612;36613;36614>,1532,15,0.78,木木枭，草羽宝可梦，草跟飞行属性。白天会利用光合作用囤积力量。会无声无息的飞行，突然冲向敌人，趁对方不注意的时候，使出猛烈的踢击。,蓄力输出：全场点杀,3661,410,,,,<<110;204>;<111;206>;<112;204>>,
3662,投羽枭,<cn;kr;en;en_us;en_eu;tw>,,3661,,<7>,2,,,,,,,3661,53661,,,,<7;8;9;12>,,<78;52;75;75;70;70;420>,,3,11,3,<609;610;611;602;603>,,,3,3662,,,36623,<36621;36622;36623;36626;61101;61102>,3661,,<11002;11102;11202;11302>,23661,3,3,{drawcard=huang_effect_loop},3661,,3,3,3,<36611;36612;36613;36614>,1532,15,0.78,投羽枭，刃羽宝可梦，草跟飞行属性。牠会将被称为刃羽的锐利羽毛，丢向敌人和猎物，很重视外表，总是在整理羽毛。,蓄力输出：全场点杀,3661,410,,,,<<110;204>;<111;206>;<112;204>>,
3663,狙射树枭,<cn;kr;en;en_us;en_eu;tw>,,3661,,<7>,3,,,,,,,3661,53661,,,,<10;11;13;9>,,<78;70;107;75;100;100;530>,,3,11,3,<609;610;611;602;603>,,,3,3663,,,36633,<36631;36632;36633;36636;61101;61102>,3661,,<11002;11102;11202;11302>,23661,3,3,{drawcard=huang_effect_loop},3661,,3,3,3,<36611;36612;36613;36614>,1532,15,0.78,狙射树枭，箭羽宝可梦，草跟幽灵属性。牠会把藏在翅膀里的箭羽像弓箭一样射出，准确度高连100公尺外的小石头都能被射穿。,蓄力输出：全场点杀,3661,410,,,,<<110;204>;<111;206>;<112;204>>,
3671,火斑喵,<cn;kr;en;en_us;en_eu;tw>,,3671,,<7>,,,,,,,,3671,53671,,,,<8;9;13;12>,,<45;70;65;40;60;40;320>,,3,11,3,<618;619;620;602;603>,,,3,3671,,,36713,<36711;36712;36713;36716;61101;61102>,3671,,<11032;11132;11232;11332>,23671,3,3,{drawcard=huang_effect_loop},3671,,3,3,3,<36711;36712;36713;36714>,1132,15,0.95,火斑喵是小猫型的宝可梦，全身毛发为黑色。它的面部长著红色的斑纹和胡须，四肢也有红色条纹。火斑喵有一双黄色的眼睛，尾巴末端有些许刺状的毛,虎虎生威,,410,,,,<<110;204>;<111;206>;<112;204>>,
3672,炎热喵,<cn;kr;en;en_us;en_eu;tw>,,3671,,<7>,2,,,,,,,3671,53671,,,,<8;9;13;12>,,<65;90;85;50;80;50;420>,,3,11,3,<618;619;620;602;603>,,,3,3672,,,36723,<36721;36722;36723;36726;61101;61102>,3671,,<11032;11132;11232;11332>,23671,3,3,{drawcard=huang_effect_loop},3671,,3,3,3,<36711;36712;36713;36714>,1132,15,0.95,炎热喵脖子上像铃铛一样的东西就是能生出火焰的器官“火焰袋”。火焰袋的温度会随着炎热喵的情绪而上升并喷出火焰，同时发出像铃铛一样响亮的声音,虎虎生威,,410,,,,<<110;204>;<111;206>;<112;204>>,
3673,炽焰咆哮虎,<cn;kr;en;en_us;en_eu;tw>,,3671,,<7>,3,,,,,,,3671,53671,,,,<11;12;15;16>,,<95;60;115;90;80;90;530>,,3,11,3,<618;619;620;602;603>,,,3,3673,,{165=<36741;36742;36743;36746;61151;61152>},36733,<36731;36732;36733;36736;61101;61102>,3671,,<11032;11132;11232;11332>,23671,3,3,{drawcard=huang_effect_loop},3671,,3,3,3,<36711;36712;36713;36714>,1132,15,0.95,炽焰咆哮虎变成双足行走，有着健壮的身躯，比起进化之前猫的原型，炽焰咆哮虎就如同名字一样看起来更像是虎，它的腰前有着火焰组成的类似腰带的东西，称为火焰腰带,虎虎生威,,410,,,,<<110;204>;<111;206>;<112;204>>,
3681,球球海狮,<cn;kr;en;en_us;en_eu;tw>,<cn>,3681,,<8>,,,,,,,,3681,53681,,,,<22;24;18;20>,,<50;40;54;54;66;56;320>,,3,11,3,<621;622;623;602;603>,,,3,3681,,,36813,<36811;36812;36813;36816;61151;61152>,3681,,<11023;11123;11223;11323>,23681,3,3,{drawcard=huang_effect_loop},3681,2,3,3,3,<36811;36812;36813;36814>,1192,15,0.8,球球海狮，海狮宝可梦，水属性。他会操纵水做的气球。为了吹出大大的气球，还会勤奋地反复练习。,愤怒止息&歌声操控,,430,2,,,<<116;204>;<117;206>>,
3682,花漾海狮,<cn;kr;en;en_us;en_eu;tw>,<cn>,3681,,<8>,2,,,,,,,3681,53681,,,,<22;24;18;20>,,<60;50;69;69;91;81;420>,,3,11,3,<621;622;623;602;603>,,,3,3682,,,36823,<36821;36822;36823;36826;61151;61152>,3681,,<11023;11123;11223;11323>,23681,3,3,{drawcard=huang_effect_loop},3681,2,3,3,3,<36811;36812;36813;36814>,1192,15,0.8,花漾海狮，偶像宝可梦，水属性，能吹出五颜六色的多彩气球，在月亮高挂的夜晚，还会跟同伴一起跳舞。,愤怒止息&歌声操控,,430,2,,,<<116;204>;<117;206>>,
3683,西狮海壬,<cn;kr;en;en_us;en_eu;tw>,<cn>,3681,,<8>,3,,,,,,,3681,53681,,,,<22;24;18;20>,,<80;60;74;74;126;116;530>,,3,11,3,<621;622;623;602;603>,,,3,3683,,,36833,<36831;36832;36833;36836;61151;61152>,3681,,<11023;11123;11223;11323>,23681,3,3,{drawcard=huang_effect_loop},3681,2,3,3,3,<36811;36812;36813;36814>,1192,15,0.8,西狮海壬，独唱者宝可梦，他能用歌声操纵水气球，伙伴间会互相学习彼此的旋律，在群体中一代地传下去。,愤怒止息&歌声操控,,430,2,,,<<116;204>;<117;206>>,
3771,好坏星,<cn;kr;tw;en;en_us;en_eu>,<cn;kr;tw;en;en_us;en_eu>,3771,,<7>,,,,,,,,3771,53771,,,,<15;16;11;12>,,<50;45;53;62;43;52;305>,,3,11,3,<621;622;623;602;603>,,,3,3771,,,37713,<37711;37712;37713;37716;61151;61152>,3771,,<11022;11122;11222;11322>,23771,3,3,{drawcard=huang_effect_loop},3771,2,3,3,3,<37711;37712;37713;37714>,1122,15,0.5,好坏星，非星宝可梦，是毒跟水属性。头上有有毒的尖刺，会用十只触手跳起来，翻转身体后再攻击敌人。,毒系坦克,,420,4,,,<<113;206>;<114;206>;<115;204>>,
3772,超坏星,<cn;kr;tw;en;en_us;en_eu>,<cn;kr;tw;en;en_us;en_eu>,3771,,<7>,2,,,,,,,3771,53771,,,,<24;23;14;16>,,<50;35;63;152;53;142;495>,,3,11,3,<621;622;623;602;603>,,,3,3772,,,37723,<37721;37722;37723;37726;61151;61152>,3771,,<11022;11122;11222;11322>,23771,3,3,{drawcard=huang_effect_loop},3771,2,3,3,3,<37711;37712;37713;37714>,1122,15,0.5,用１２只脚在海底爬行。在超坏星爬过的地方会散落太阳珊瑚的碎屑。,毒系坦克,,420,4,,,<<113;206>;<114;206>;<115;204>>,
3831,童偶熊,<cn;kr;tw;en;en_us;en_eu>,<cn>,3831,,<7>,,,,,,,,,,,,,<11;12;15;16>,,<70;50;75;50;45;50;340>,,3,11,3,<606;607;608;602;603>,,,3,3831,,,38313,<38311;38312;38313;38316;61101;61102>,3831,,<11013;11113;11213;11313>,23831,3,3,{drawcard=huang_effect_loop},3831,,3,3,3,<38311;38312;38313;38314>,1142,15,1.2,童偶熊看起来如同一个小熊猫造型的布偶，臀部甚至可以看到常见于毛绒玩具上的标签。童偶熊的外表惹人喜爱，毛茸茸的毛皮摸上去触感超群，但非常讨厌被抱住或是被碰触。如果被亲密的对象和伙伴以外的接触到，就会用可怕的力量发狂，所以很危险,暴力输出：震慑击退,,410,,,,<<110;204>;<111;206>;<112;204>>,
3832,穿着熊,<cn;kr;tw;en;en_us;en_eu>,<cn>,3831,,<7>,2,,,,,,,,,,,,<11;12;15;16>,,<120;60;125;80;55;60;500>,,3,11,3,<606;607;608;602;603>,,,3,3832,,{176=<38331;38332;38333;38336;61101;61102>},38323,<38321;38322;38323;38326;61101;61102>,3831,,<11013;11113;11213;11313>,23831,3,3,{drawcard=huang_effect_loop},3831,,3,3,3,<38311;38312;38313;38314>,1142,15,1.2,穿着熊看起来像一只粉红色的绒毛玩具熊，头部及尾巴是粉红色，身体则是黑色。穿着熊与外表相反存有危险性，它拥有压倒性的肌肉力量，以惊人的怪力而自豪。在阿罗拉地区也有很多人称之为最危险的宝可梦,暴力输出：震慑击退,,410,,,,<<110;204>;<111;206>;<112;204>>,
3841,甜竹竹,<cn;kr;tw;en;en_us;en_eu>,<cn;kr;tw;en;en_us;en_eu>,3841,,<7>,,,,,,,,3841,53841,,2,,<24;23;14;16>,,<42;32;30;38;30;38;210>,,3,11,3,<609;610;611;602;603>,,,3,3841,,,38413,<38411;38412;38413;38416;61101;61102>,3841,,<11003;11103;11203;11303>,23841,3,3,{drawcard=huang_effect_loop},3841,,3,3,3,<38411;38412;38413;38414>,1542,15,0.72,甜竹竹，水果宝可梦，草属性。体内会散发出闻起来很美味的香气，被这个香味引诱，有很多的鸟宝可梦都会以为是真的水果。,暴力输出：热带连击,,410,,,,<<110;204>;<111;206>;<112;204>>,
3842,甜舞妮,<cn;kr;tw;en;en_us;en_eu>,<cn;kr;tw;en;en_us;en_eu>,3841,,<7>,2,,,,,,,3841,53841,,2,,<6;8;14;16>,,<52;62;40;48;40;48;290>,,3,11,3,<609;610;611;602;603>,,,3,3842,,,38423,<38421;38422;38423;38426;61101;61102>,3841,,<11003;11103;11203;11303>,23841,3,3,{drawcard=huang_effect_loop},3841,,3,3,3,<38411;38412;38413;38414>,1542,15,0.72,甜舞妮，水果宝可梦，是草属性。为了保护身体有着坚硬的壳盖，所以她使出的连环巴掌具有相当大的威力。,暴力输出：热带连击,,410,,,,<<110;204>;<111;206>;<112;204>>,
3843,甜冷美后,<cn;kr;tw;en;en_us;en_eu>,<cn;kr;tw;en;en_us;en_eu>,3841,,<7>,3,,,,,,,3841,53841,,2,,<11;12;15;16>,,<72;72;120;98;50;98;510>,,3,11,3,<609;610;611;602;603>,,,3,3843,,,38433,<38431;38432;38433;38436;61101;61102>,3841,,<11003;11103;11203;11303>,23841,3,3,{drawcard=huang_effect_loop},3841,,3,3,3,<38411;38412;38413;38414>,1542,15,0.72,甜冷美后，水果宝可梦，草属性。擅长使用脚踢招式，会踩着落败的对手夸耀胜利。据说甜冷美后头顶像王冠一样的部位一旦被触碰，力量便会消失。,暴力输出：热带连击,,410,,,,<<110;204>;<111;206>;<112;204>>,
3881,胆小虫,<cn>,<cn>,3881,,<7>,,,,,,,,3881,53881,,,,<15;16;11;12>,,<25;80;35;40;20;30;230>,,3,11,3,<609;610;611;602;603>,,,3,3881,,,38813,<38811;38812;38813;38816;61151;61152>,3881,,<11003;11103;11203;11303>,23881,3,3,{drawcard=huang_effect_loop},3881,2,3,3,3,<38811;38812;38813;38814>,1072,15,0.75,胆小虫，疾行宝可梦，是虫跟水属性。从海滩到海底，他会住在各种地方。就算食物腐烂也会吃光，是大自然的清洁工人。,虫系前排&防守反击,,420,4,,,<<113;206>;<114;206>;<115;204>>,
3882,具甲武者,<cn>,<cn>,3881,,<7>,2,,,,,,,3881,53881,,,,<15;16;11;12>,,<75;40;125;140;60;90;530>,,3,11,3,<609;610;611;602;603>,,,3,3882,,,38823,<38821;38822;38823;38826;61151;61152>,3881,,<11003;11103;11203;11303>,23881,3,3,{drawcard=huang_effect_loop},3881,2,3,3,3,<38811;38812;38813;38814>,1072,15,0.75,具甲武者，装甲宝可梦，是水跟虫属性。覆盖在身体的坚硬外壳，拥有媲美钻石的硬度。可以自由伸缩的爪子，是他最强的武器。,虫系前排&防守反击,,420,4,,,<<113;206>;<114;206>;<115;204>>,
3941,爆焰龟兽,<cn;kr;tw;en;en_us;en_eu>,,3941,,<8>,,,,,,,,3941,53941,,,,<18;20;15;14>,,<60;36;78;135;91;85;485>,,3,11,3,<618;619;620;602;603>,,,3,3941,,,39413,<39411;39412;39413;39416;61101;61102>,3941,,<11033;11133;11233;11333>,23941,3,3,{drawcard=huang_effect_loop},3941,,3,3,3,<39411;39412;39413;39414>,1162,15,0.6,爆焰龟兽栖息在火山，由于进食在火山口附近的硫磺等，甲壳内形成一层以硫磺为主要成分的炸药层。受到冲击的话会从甲壳的刺散射出火花点燃，发生爆炸。它会从鼻孔里喷出火焰和毒瓦斯,火系坦克&灼烧引爆,,420,4,,,<<113;206>;<114;206>;<115;204>>,
3961,谜拟Ｑ,<cn;kr;tw;en;en_us;en_eu>,,3961,,<7>,,,,,,,,3961,53961,,,,<6;8;22;25>,,<55;96;90;80;50;105;476>,,3,11,3,<621;622;623;602;603>,,,3,3961,,,39613,<39611;39612;39613;39616;61151;61152>,3961,,<11023;11123;11223;11323>,23961,3,3,{drawcard=huang_effect_loop},3961,,3,3,3,<39611;39612;39613;39614>,1522,15,0.55,谜拟Ｑ，画皮宝可梦，是幽灵跟妖精属性。除了知道它披着跟皮卡丘长得很像的破布之外，是一个真的充满谜团的宝可梦。据说有学者看过里面之后，就被吓到住院了。,画皮&一起玩呀,,430,2,,,<<116;204>;<117;206>>,
3981,老翁龙,<cn;kr;tw;en;en_us;en_eu>,,3981,,<8>,,,,,,,,3981,53981,,,,<22;24;18;20>,,<78;36;60;85;135;91;485>,,3,11,3,<606;607;608;602;603>,,,3,3981,,,39813,<39811;39812;39813;39816;61101;61102>,3981,,<11013;11113;11213;11313>,23981,3,3,{drawcard=huang_effect_loop},3981,,3,3,3,<39811;39812;39813;39814>,1202,15,0.78,老翁龙是一条青绿色的龙，身上有浅绿色的部分。老翁龙的头顶、下巴、腹部和尾巴都是白色的毛发，看起来像是一个老人。老翁龙有着黄色的眉毛和粉红色的眼睛,龙系辅助&怒火冲天,,410,,,,<<110;204>;<111;206>;<112;204>>,
4001,心鳞宝,<cn;tw;en_us;kr>,,4001,,<7>,,,,,,,,4001,54001,,0,,<11;12;15;16>,,<45;45;55;65;45;45;300>,,3,11,3,<618;619;620;602;603>,,,3,4001,,,40013,<40011;40012;40013;40016;61101;61102>,4001,,<11033;11133;11233;11333>,24001,3,3,{drawcard=huang_effect_loop},4001,,3,3,3,<40011;40012;40013;40014>,1042,15,0.75,心鳞宝看起来就像是一头幼龙宝宝，它四肢着地，身上有着大小不一的鳞片，最大的鳞片位于它的头顶，一个巨大的鳞片将其的双眼隔开，鳞片呈现心形，而身体的背部也有着鳞片，就连尾巴的尾端也有鳞片，但这些鳞片是水滴状的，只有头顶的鳞片是心形的。,龙之斗士&防弹鳞甲,,410,,,,<<110;204>;<111;206>;<112;204>>,
4002,鳞甲龙,<cn;tw;en_us;kr>,,4001,,<7>,2,,,,,,,4001,54001,,0,,<11;12;15;16>,,<55;65;75;90;65;70;420>,,3,11,3,<618;619;620;602;603>,,,3,4002,,,40023,<40021;40022;40023;40026;61101;61102>,4001,,<11033;11133;11233;11333>,24001,3,3,{drawcard=huang_effect_loop},4001,,3,3,3,<40011;40012;40013;40014>,1042,15,0.75,鳞甲龙从心鳞宝进化后，便会脱离群体，为了修行展开单独行动。只要是可成为战斗对手的宝可梦出现的地方，都可以看见鳞甲龙的身影。它会发起激烈得连手臂的鳞片也会脱落的搏斗,龙之斗士&防弹鳞甲,,410,,,,<<110;204>;<111;206>;<112;204>>,
4003,杖尾鳞甲龙,<cn;tw;en_us;kr>,,4001,,<7>,3,,,,,,,4001,54001,,0,,<11;12;15;16>,2,<75;85;110;125;100;105;600>,,3,11,3,<618;619;620;602;603>,,,3,4003,,,40033,<40031;40032;40033;40036;61101;61102>,4001,,<11033;11133;11233;11333>,24001,3,3,{drawcard=huang_effect_loop},4001,,3,3,3,<40011;40012;40013;40014>,1042,15,0.75,杖尾鳞甲龙是鳞甲龙完成严格修行后，集压倒性的实力于一身进化而成。它会返回出生后的成长地，在远离心鳞宝们的地方默默守护着它们。,龙之斗士&防弹鳞甲,,410,,,,<<110;204>;<111;206>;<112;204>>,
4011,卡璞·鸣鸣,<cn;kr;tw;en_us>,,4011,,,,,,,,,,4011,54011,,0,,<8;9;13;12>,,<70;130;115;85;95;75;570>,,3,11,3,<612;613;614;602;603>,,,3,4011,,,40113,<40111;40112;40113;40116;61101;61102>,4011,,<11053;11153;11253;11353>,24011,3,3,{drawcard=huang_effect_loop},4011,,3,3,3,<40111;40112;40113;40114>,1562,15,0.7,卡璞·鸣鸣能操纵雷，会呼唤雷雨云在体内储存雷。它被称为是阿罗拉地区的岛屿之一的美乐美乐岛的守护神。虽然被称为是守护神，但并不代表会经常作出帮助，性格意外地善变，会袭击破坏自己心情的人类和宝可梦，是性情凶悍的神。,岛屿守护神&电气制造者,,410,,,,<<110;204>;<111;206>;<112;204>>,
4012,卡璞·蝶蝶,<cn;kr;tw;en;en_us;en_eu>,,4012,,,,,,,,,,4012,54012,,0,,<22;24;18;20>,2,<70;95;85;75;130;115;570>,,3,11,3,<606;607;608;602;603>,,,3,4012,,,40123,<40121;40122;40123;40126;61151;61152>,4012,,<11013;11113;11213;11313>,24012,3,3,{drawcard=huang_effect_loop},4012,,3,3,3,<40121;40122;40123;40124>,1532,15,0.7,土地神宝可梦，阿罗拉岛屿守护神之一，兼有天真与残酷的性格，被誉为自然的化身，会四处飞舞，撒下不可思议光芒的鳞粉，据说碰到的人眨眼间就会恢复活力,岛屿守护神&精神制造者,,430,2,,,<<116;204>;<117;206>>,
4013,卡璞·哞哞,<cn;kr;tw;en;en_us;en_eu>,,4013,,<7>,,,,,,,,4013,54013,,0,,<11;12;15;16>,2,<70;75;130;115;85;95;570>,,3,11,3,<609;610;611;602;603>,,,3,4013,,,40133,<40131;40132;40133;40136;61151;61152>,4013,,<11003;11103;11203;11303>,24013,3,3,{drawcard=huang_effect_loop},4013,,3,3,3,<40131;40132;40133;40134>,1512,15,0.7,卡璞·哞哞拥有操纵草木并让它成长的力量，是乌拉乌拉岛的守护神。它可以通过这力量操纵草木将敌人捆得动弹不得后，使自己所持有的木制的角变得巨大或进行变形来对战，用角一下子刺向对方。它会拔出巨大的树木，轰轰地来回挥舞，让草木茂盛，吸收其中的能量。卡璞·哞哞不太喜欢进行活动，表现得十分稳重,岛屿守护神&青草制造者,,430,2,,,<<116;204>;<117;206>>,
4014,卡璞·鳍鳍,<cn>,,4014,,<8>,,,,,,,,4014,54014,,0,,<6;14;18;22>,,<70;85;75;115;95;130;570>,,3,11,3,<621;622;623;602;603>,,,3,4014,,,40143,<40141;40142;40143;40146;61151;61152>,4014,,<11023;11123;11223;11323>,24014,3,3,{drawcard=huang_effect_loop},4014,2,3,3,3,<40141;40142;40143;40144>,1202,15,0.7,卡璞·鳍鳍有一个形似美人鱼的黑色身体与飘逸的长发。它有浅蓝色的眼睛与白色的眼睑，在每只眼睛的外角有一个浅蓝色的鳍状标记。它的前额有一个白色的T形标记，胸部有一个白色的小V形。它的肩膀上环绕着紫色的环，细长的手臂上有三个手指的蹼状手并长有紫色的尖锐指甲。,岛屿守护神&薄雾制造者,,430,2,,,<<116;204>;<117;206>>,
4023,索尔迦雷欧,<cn;kr;tw;en;en_us;en_eu>,,4023,,<7>,,,,,,,,4023,54023,,0,,<10;11;13;9>,3,<137;97;137;107;113;89;680>,,4,21,4,<606;607;608;604;605>,,,4,4023,,{129=<41231;41232;41233;41236;61151;61152>},40233,<40231;40232;40233;40236;61151;61152>,4023,,<11014;11114;11214;11314>,24023,4,4,{drawcard=hong_effect_loop},4023,7,4,4,4,<40231;40232;40233;40234>,1183,20,1.37,日轮宝可梦，自远古时代起，它就作为太阳之使者备受尊崇，如太阳一般会抹去黑暗，照亮世界，释放出无尽的光能，即使是暗夜也会照得如同白昼,吞噬太阳之兽,,520,4,,<1044;1045>,<<122;202>;<123;204>>,<2045;2048;2052>
4024,露奈雅拉,<cn;kr;tw;en;en_us;en_eu>,,4024,,<8>,,,,,,,,4024,54024,,0,,<18;19;20;21>,3,<137;97;113;89;137;107;680>,,4,21,4,<606;607;608;604;605>,,,4,4024,,{135=<41241;41242;41243;41246;61151;61152>},40243,<40241;40242;40243;40246;61151;61152>,4024,,<11014;11114;11214;11314>,24024,4,4,{drawcard=hong_effect_loop},4024,9,4,4,4,<40241;40242;40243;40244>,1193,20,1.37,露奈雅拉是阿罗拉地区的传说的宝可梦。自远古时代起，它就作为月亮之使者备受尊崇，古人以敬畏的心称之为“邀引月亮之兽”。据说它是栖息在其他世界的，当第三只眼浮现时就会飞去其他世界，有时候会从通往异世界的洞穴里把未知的力量和生命召唤到这个世界来,潜灵奇袭&月相掌控,,530,2,,<2048;2052>,<<124;204>;<125;202>>,<2040;2038;2039>
4031,虚吾伊德,<cn;kr;tw;en;en_us;en_eu>,,4031,,<8>,,,,,,,,4031,54031,,0,,<22;24;18;20>,,<109;103;53;47;127;131;570>,,3,11,3,<615;616;617;602;603>,,,3,4031,,,40313,<40311;40312;40313;40316;61151;61152>,4031,,<11043;11143;11243;11343>,24031,3,3,{drawcard=huang_effect_loop},4031,,3,3,3,<40311;40312;40313;40314>,1112,15,1.09,虚吾伊德是从究极之洞出现来到这个世界的究极异兽。它被认为拥有强力的神经毒素，好像会寄生在宝可梦或人类的身上生存下去，有人目击了街上的人们被寄生后暴走起来的样子。虽然可以看出它像是拥有生存本能的东西，但它是否具有想法和感情却不得而知，据说它的动作看起来隐约像是人间的少女,究极异兽：寄生操控,,420,4,,,<<113;206>;<114;206>;<115;204>>,
4041,爆肌蚊,<cn;kr;tw;en;en_us;en_eu>,,4041,,<7>,,,,,,,,4041,54041,,0,,<7;8;9;12>,,<107;79;139;139;53;53;570>,,3,11,3,<609;610;611;602;603>,,,3,4041,,,40413,<40411;40412;40413;40416;61101;61102>,4041,,<11003;11103;11203;11303>,24041,3,3,{drawcard=huang_effect_loop},4041,,3,3,3,<40411;40412;40413;40414>,1522,15,1.07,爆肌蚊是究极异兽的一种，代号为“ＵＢ０２：膨胀”。它是一种类似于大型人造蚊子的红色宝可梦，全身被膨胀的骇人肌肉覆盖着,究极异兽：肌肉膨胀,,410,,,,<<110;204>;<111;206>;<112;204>>,
4051,费洛美螂,<cn;kr;tw;en;en_us;en_eu>,,4051,,,,,,,,,,4051,54051,,0,,<8;9;13;12>,,<71;151;137;37;137;37;570>,,3,11,3,<609;610;611;602;603>,,,3,4051,,,40513,<40511;40512;40513;40516;61101;61102>,4051,,<11003;11103;11203;11303>,24051,3,3,{drawcard=huang_effect_loop},4051,,3,3,3,<40511;40512;40513;40514>,1512,15,0.71,究极异兽中的一种。它身体纤细柔软，但是看起来蕴藏着强大的力量。纤细且灵活伸展的脚可爆发性地加速，据说快到能避开雷电,究极异兽：极速打击,,430,2,,,<<116;204>;<117;206>>,
4061,电束木,<cn;kr;tw;en;en_us;en_eu>,,4061,,<8>,,,,,,,,4061,54061,,0,,<18;19;20;21>,,<83;83;89;71;173;71;570>,,3,11,3,<612;613;614;602;603>,,,3,4061,,{154=<40621;40622;40623;40626;61101;61102>},40613,<40611;40612;40613;40616;61101;61102>,4061,,<11053;11153;11253;11353>,24061,3,3,{drawcard=huang_effect_loop},4061,,3,3,3,<40611;40612;40613;40614>,1122,15,0.83,电束木是从究极之洞出现的谜一般的生物究极异兽的一种。它在这个世界是很危险的异类，但在原本栖息的世界好像只是寻常能见的生物。它被目击到了从全身喷涌出骇人电击的光景，也有像树木一样将手脚插入地面后一动不动的样子。因为袭击了发电厂，所以被认为电力就是它的能量,究极异兽：雷霆万钧,,410,,,,<<110;204>;<111;206>;<112;204>>,
4071,铁火辉夜,<cn;kr;tw;en;en_us;en_eu>,,4071,,<8>,,,,,,,,4071,54071,,0,,<18;20;15;14>,,<97;61;101;103;107;101;570>,,3,11,3,<615;616;617;602;603>,,,3,4071,,{137=<40721;40722;40723;40726;61151;61152>},40713,<40711;40712;40713;40716;61101;61102>,4071,,<11043;11143;11243;11343>,24071,3,3,{drawcard=huang_effect_loop},4071,2,3,3,3,<40711;40712;40713;40714>,1142,15,0.97,铁火辉夜是究极异兽的一种，代号为“ＵＢ０４：喷射器”。它的身躯大部分由金属组成，身体两边各有一根巨大的竹形柱，充当手臂，末端伸出八根小喷射管,究极异兽：喷射战士,,420,4,,,<<113;206>;<114;206>;<115;204>>,
4081,纸御剑,<cn;kr;tw;en;en_us;en_eu>,,4081,,<7>,,,,,,,,4081,54081,,0,,<11;12;15;16>,,<59;109;181;131;59;31;570>,,3,11,3,<609;610;611;602;603>,,,3,4081,,{130=<40821;40822;40823;40826;61101;61102>},40813,<40811;40812;40813;40816;61101;61102>,4081,,<11003;11103;11203;11303>,24081,3,3,{drawcard=huang_effect_loop},4081,,3,3,3,<40811;40812;40813;40814>,1112,15,0.59,纸御剑像是从一面是白色，另一面是红色的一张纸上折出来的人形物。身体大部分呈白色，全身都是锋利无比的，据说能够斩断水泥柱和钢板,究极异兽：血量打击,,410,,,,<<110;204>;<111;206>;<112;204>>,
4091,恶食大王,<cn;kr;tw;en;en_us;en_eu>,,4091,,<7>,,,,,,,,4091,54091,,0,,<10;11;13;9>,,<223;43;101;53;97;53;570>,,3,11,3,<606;607;608;602;603>,,,3,4091,,,40913,<40911;40912;40913;40916;61151;61152>,4091,,<11013;11113;11213;11313>,24091,3,3,{drawcard=huang_effect_loop},4091,2,3,3,3,<40911;40912;40913;40914>,1572,15,2.23,恶食大王是被称为究极异兽的未知生命。它在这个世界是很危险的异类，但在原本栖息的世界好像只是寻常能见的生物。恶食大王拥有把任何在眼前的东西都吃尽的骇人食欲,究极异兽：大胃王,,420,4,,,<<113;206>;<114;206>;<115;204>>,
4101,奈克洛兹玛,<cn;kr;tw;en;en_us;en_eu>,,4101,,<8>,,,,,,,,4101,54101,,0,,<18;19;20;21>,2,<97;79;107;101;127;89;600>,,4,21,4,<606;607;608;604;605>,,,4,4101,,{134=<41021;41022;41023;41026;61101;61102>},41013,<41011;41012;41013;41016;61101;61102>,4101,,<11014;11114;11214;11314>,24101,4,4,{drawcard=hong_effect_loop},4101,6,4,4,4,<41011;41012;41013;41014>,1153,20,0.97,夺取光的传说宝可梦，似乎一直都沉睡在地下，传闻是太古时代从其他世界来到此地的类似究极异兽的生物。如果不吃光的话，杂质会慢慢积聚进而发黑不能动弹，因此会为了寻求光而暴走，从对手身上吸取光能，双手的棱镜可发射出强力的贯穿任何事物的镭射光线,光之掠夺者,,510,,,<2007;2008;2011>,<<120;204>;<121;202>>,<2009;2012;2017>
4103,黄昏之鬃,<cn;tw;en_us>,,4103,,<7>,,1,,41030,,10,,4103,54101,,0,,<11;12;15;16>,3,<97;77;157;127;113;109;680>,,4,21,4,<606;607;608;604;605>,,,4,4103,,{166=<41051;41052;41053;41056;61151;61152>},41033,<41031;41032;41033;41036;61151;61152>,4103,,<11014;11114;11214;11314>,24101,4,12,{drawcard=hong_effect_loop},4103,7,4,4,4,<41031;41032;41033;41034>,1003,20,0.97,奈克洛兹玛吸收索尔迦雷欧后变为黄昏之鬃形态。它支配着传说的宝可梦索尔迦雷欧的身体和意识，并吸收索尔迦雷欧身上的光之能量。,日光回旋下苍穹,,640,2,,<2015;2013;2009>,<<132;201>>,<2009;2010>
4104,拂晓之翼,<cn>,,4103,,<8>,,2,,41040,,10,,4104,54101,,0,,<22;24;18;20>,3,<97;77;113;109;157;127;680>,,4,21,4,<606;607;608;604;605>,,,4,4104,,{173=<41061;41062;41063;41066;61151;61152>},41043,<41041;41042;41043;41046;61151;61152>,4103,,<11014;11114;11214;11314>,24101,4,12,{drawcard=hong_effect_loop},4104,9,4,4,4,<41041;41042;41043;41044>,1023,20,0.97,奈克洛兹玛吸收露奈雅拉后变为拂晓之翼形态。它支配着传说的宝可梦露奈雅拉的身体和意识，并强制吸取露奈雅拉的光之能量。,月华飞溅落灵霄,,630,2,,<2023;2010;2046>,<<130;203>;<131;201>>,<2011;2015;2040>
4111,玛机雅娜,<cn;kr;tw;en;en_us;en_eu>,,4111,,<8>,,,,,,,,4111,54111,,0,,<18;20;15;14>,3,<80;65;95;115;130;115;600>,,4,21,4,<615;616;617;604;605>,,,4,4111,,{122=<41121;41122;41123;41126;61151;61152>},41113,<41111;41112;41113;41116;61151;61152>,4111,,<11044;11144;11244;11344>,24111,4,4,{drawcard=hong_effect_loop},4111,9,4,4,4,<41111;41112;41113;41114>,1203,20,0.8,500年前由天才科学家艾利法斯发明的人造宝可梦，被献给王室与当时的公主一起生活。原为金色和红色，后褪色变为现在模样。胸口的“魂心”是收集宝可梦的活体能量后制造出的人造生命，也是启动空中要塞的力量,魂心人偶&机巧反制,,530,2,,<2023;2025>,<<124;204>;<125;202>>,<2024;2023>
4121,玛夏多,<cn;kr;tw;en;en_us;en_eu>,,4121,,<7>,,,,,,,,4121,54121,,0,,<8;9;13;12>,3,<90;125;125;80;90;90;600>,,4,21,4,<612;613;614;604;605>,,,4,4121,,{121=<41221;41222;41223;41226;61101;61102>},41213,<41211;41212;41213;41216;61101;61102>,4121,,<11054;11154;11254;11354>,24121,4,4,{drawcard=hong_effect_loop},4121,6,4,4,4,<41211;41212;41213;41214>,1163,20,0.9,天性胆小的栖影宝可梦，喜欢藏在不起眼的阴影里，拥有潜入一切影子里的能力，当被激怒或攻击时，燃烧的战斗精神将使它成为全力玛夏多,鬼武神隐&影之传说,4121,510,,,<2008;2009>,<<120;204>;<121;202>>,<2007;2019>
4131,毒贝比,<cn;kr;tw;en;en_us;en_eu>,,4131,,<8>,,,,,,,,4131,54131,,0,,<18;19;20;21>,,<67;73;73;67;73;67;420>,,3,11,3,<621;622;623;602;603>,,,3,4131,,,41313,<41311;41312;41313;41316;61101;61102>,4131,,<11023;11123;11223;11323>,24131,3,3,{drawcard=huang_effect_loop},4131,,3,3,3,<41311;41312;41313;41314>,1112,15,0.73,毒针宝可梦，栖息在异世界的究极异兽。会从头部的毒针朝对手喷出毒液，咯咯咯大笑。,究极异兽：毒系输出,,410,,,,<<110;204>;<111;206>;<112;204>>,
4132,四颚针龙,<cn;kr;tw;en;en_us;en_eu>,,4131,,<8>,2,,,,,,,4131,54131,,0,,<6;7;18;19>,,<73;121;73;73;127;73;540>,,3,11,3,<621;622;623;602;603>,,,3,4132,,,41323,<41321;41322;41323;41326;61101;61102>,4131,,<11023;11123;11223;11323>,24131,3,3,{drawcard=huang_effect_loop},4131,,3,3,3,<41311;41312;41313;41314>,1112,15,0.73,毒针宝可梦，究极异兽中的一种。会从毒针发射出黏性很大又发光的毒液。,究极异兽：毒系输出,,410,,,,<<110;204>;<111;206>;<112;204>>,
4141,垒磊石,<cn;kr;tw;en;en_us;en_eu>,,4141,,<7>,,,,,,,,4141,54141,,0,,<15;16;11;12>,,<61;13;131;211;53;101;570>,,3,11,3,<615;616;617;602;603>,,,3,4141,,{144=<41421;41422;41423;41426;61151;61152>},41413,<41411;41412;41413;41416;61151;61152>,4141,,<11043;11143;11243;11343>,24141,3,3,{drawcard=huang_effect_loop},4141,2,3,3,3,<41411;41412;41413;41414>,1082,15,0.61,"究极异兽之一，代号为""ＵＢ：堆砌""，看起来像是一座四方体的堡垒，但它的内部是空心的，如同用石头堆积而成的外形，每一块似乎都是独立的生命体",究极异兽：战斗堡垒,,420,4,,,<<113;206>;<114;206>;<115;204>>,
4151,砰头小丑,<cn;kr;tw;en;en_us;en_eu>,,4151,,<8>,,,,,,,,4151,54151,,0,,<18;19;20;21>,,<53;107;127;53;151;79;570>,,3,11,3,<618;619;620;602;603>,,,3,4151,,,41513,<41511;41512;41513;41516;61101;61102>,4151,,<11033;11133;11233;11333>,24151,3,3,{drawcard=huang_effect_loop},4151,,3,3,3,<41511;41512;41513;41514>,1102,15,0.53,砰头小丑是从究极之洞里出现的究极异兽。它会用爆炸吓唬对手，趁那空当夺走对方的生命气息。它的头部由不可思议的火花集合体形成，听说它可以随心所欲地把头部拿走或让其爆炸,究极异兽：爆炸达人,,410,,,,<<110;204>;<111;206>;<112;204>>,
4161,捷拉奥拉,<cn;kr;tw;en;en_us;en_eu>,,4161,,<7>,,,,,,,,4161,54161,,0,,<8;9;13;12>,3,<88;143;112;75;102;80;600>,,4,21,4,<612;613;614;604;605>,,,4,4161,,{116=<41621;41622;41623;41626;61101;61102>;156=<41631;41632;41633;41636;61101;61102>},41613,<41611;41612;41613;41616;61101;61102>,4161,,<11054;11154;11254;11354>,24161,4,4,{drawcard=hong_effect_loop},4161,6,4,4,4,<41611;41612;41613;41614>,1183,20,0.88,奔雷宝可梦，双手与双脚的肉垫能发射出大量电流从而制造出强大的磁场，使它克服重力漂浮于空中并高速移动，据说它的最高移动速度不逊于落雷的速度,断风的闪电&雷影协战,4161,510,,,<2032;2031;2026>,<<120;204>;<121;202>>,<2033;2027>
4171,美录坦,<cn;kr;tw;en;en_us;en_eu>,,4171,,<7>,,,,,,,,4171,54171,,0,,<15;16;11;12>,3,<46;34;65;65;55;35;300>,,4,21,4,<615;616;617;604;605>,,,4,4171,,,41713,<41711;41712;41713;41716;61151;61152>,4171,,<11044;11144;11244;11344>,24171,4,4,{drawcard=hong_effect_loop},4171,7,4,4,4,<41711;41712;41713;41714>,1513,20,1.35,螺帽宝可梦，身体是融化成液状的钢铁。它能够将土壤中的铁或其它金属溶解后吸收进体内,液态金属&钢铁守护,,520,4,,<2024;2028>,<<122;202>;<123;204>>,<2025;2032>
4172,美录梅塔,<cn;kr;tw;en;en_us;en_eu>,,4171,,<7>,2,,,,,,,4171,54171,,0,,<15;16;11;12>,3,<135;34;143;143;80;65;600>,,4,21,4,<615;616;617;604;605>,,,4,4172,,{107=<41731;41732;41733;41736;61151;61152>;124=<41741;41742;41743;41746;61151;61152>},41723,<41721;41722;41723;41726;61151;61152>,4171,,<11044;11144;11244;11344>,24171,4,4,{drawcard=hong_effect_loop},4171,7,4,4,4,<41711;41712;41713;41714>,1513,20,1.35,因拥有产出铁的力量而受到崇拜。寿命快到尽头时，身体会生锈解体，到最后细小的碎片会变成美录坦。利用离心力带动沉重螺帽挥出的拳击被认为是宝可梦界之最,液态金属&钢铁守护,,520,4,,<2024;2028>,<<122;202>;<123;204>>,<2025;2032>
4181,敲音猴,<cn;kr;tw;en;en_us;en_eu>,,4181,,<7>,,,,,,,,4181,54181,,2,,<7;8;9;12>,3,<50;65;65;50;40;40;310>,,3,11,3,<609;610;611;602;603>,,,3,4181,,,41813,<41811;41812;41813;41816;61101;61102>,4181,,<11003;11103;11203;11303>,24181,3,3,{drawcard=huang_effect_loop},4181,2,3,3,3,<41811;41812;41813;41814>,1502,15,,敲音猴拥有绿色的身躯，四肢末端则为橘红色。其尾巴与耳朵呈棕色，脸庞上则有着米黄色的眼眶与橘红色的嘴廓。敲音猴的头顶另有一株形似绿叶的构造，其中串着一根木棍，会用木棒连续击打来攻击。在以飞快的速度击打的同时，情绪也会变得越来越高涨,节拍敲奏&狂想之曲,,440,2,,,<<118;204>;<119;204>>,
4182,啪咚猴,<cn;kr;tw;en;en_us;en_eu>,,4181,,<7>,2,,,,,,,4181,54181,,2,,<7;8;9;12>,3,<70;80;85;70;55;60;420>,,3,11,3,<609;610;611;602;603>,,,3,4182,,,41823,<41821;41822;41823;41826;61101;61102>,4181,,<11003;11103;11203;11303>,24181,3,3,{drawcard=huang_effect_loop},4181,2,3,3,3,<41811;41812;41813;41814>,1502,15,,啪咚猴是一种两足行走的人形猴子，它有着黄绿色的身体，面部和胸部的标志是更浅的绿色，越是能用2根木棒敲奏出激烈节拍的啪咚猴，越是能获得伙伴们的尊敬。打着激烈的节拍战斗时，由于过于忘我，甚至不会意识到自己已经把对手打昏了,节拍敲奏&狂想之曲,,440,2,,,<<118;204>;<119;204>>,
4183,轰擂金刚猩,<cn;kr;tw;en;en_us;en_eu>,,4181,,<7>,3,,,,,,,4181,54181,,2,,<11;12;15;16>,3,<100;85;125;90;60;70;530>,,3,11,3,<609;610;611;602;603>,,,3,4183,,,41833,<41831;41832;41833;41836;61101;61102>,4181,,<11003;11103;11203;11303>,24181,3,3,{drawcard=huang_effect_loop},4181,2,3,3,3,<41811;41812;41813;41814>,1502,15,,轰擂金刚猩性格稳重，不会去参与琐碎的争端。然而，它会敏感地察觉到破坏和谐的行为，严格地牵制对方，能够通过打鼓来控制特别的树桩中的力量，操纵树根进行战斗。打鼓技巧最高超的那一只会成为首领。性情温和，重视族群的和谐相处,节拍敲奏&狂想之曲,,440,2,,,<<118;204>;<119;204>>,
4191,炎兔儿,<cn;kr;tw;en;en_us;en_eu>,,4191,,<7>,,,,,,,,4191,54191,,2,,<24;23;14;16>,3,<50;69;71;40;40;40;310>,,3,11,3,<618;619;620;602;603>,,,3,4191,,,41913,<41911;41912;41913;41916;61101;61102>,4191,,<11033;11133;11233;11333>,24191,3,3,{drawcard=huang_effect_loop},4191,,3,3,3,<41911;41912;41913;41914>,1182,15,0.8,兔子宝可梦，会利用自己傲人的脚力飞速奔跑，上蹿下跳来搅乱对手。不断奔跑使体温升高后，火之能量会在它身体循环，促使它发挥出真正的力量。一旦做好了战斗的准备，它鼻头上和脚底的肉球就会发出极度的高温。,暴力输出：火球弹射,,410,,,,<<110;204>;<111;206>;<112;204>>,
4192,腾蹴小将,<cn;kr;tw;en;en_us;en_eu>,,4191,,<7>,2,,,,,,,4191,54191,,2,,<6;8;14;16>,3,<65;94;86;60;55;60;420>,,3,11,3,<618;619;620;602;603>,,,3,4192,,,41923,<41921;41922;41923;41926;61101;61102>,4191,,<11033;11133;11233;11333>,24191,3,3,{drawcard=huang_effect_loop},4191,,3,3,3,<41911;41912;41913;41914>,1182,15,0.8,兔子宝可梦，蓬松的体毛不仅帮助它增强了抵御寒冷的能力，还发挥着控制“火之能量”的效果，使它能在更短的时间内达到能量全开的状态，能够使出温度更高的火属性招式。,暴力输出：火球弹射,,410,,,,<<110;204>;<111;206>;<112;204>>,
4193,闪焰王牌,<cn;kr;tw;en;en_us;en_eu>,,4191,,<7>,3,,,,,,,4191,54191,,2,,<11;12;15;16>,3,<80;119;116;75;65;75;530>,,3,11,3,<618;619;620;602;603>,,,3,4193,,,41933,<41931;41932;41933;41936;61101;61102>,4191,,<11033;11133;11233;11333>,24191,3,3,{drawcard=huang_effect_loop},4191,,3,3,3,<41911;41912;41913;41914>,1182,15,0.8,前锋宝可梦，拥有很高的体能，尤其是爆发力、跳跃力和踢力，能把“火之能量”注入小石头，将小石头像足球般用脚挑起，做成“火焰足球”来攻击对手。,暴力输出：火球弹射,,410,,,,<<110;204>;<111;206>;<112;204>>,
4201,泪眼蜥,<cn;kr;en;tw;en_us>,,4201,,<8>,,,,,,,,4201,54201,,2,,<6;14;18;22>,3,<50;70;40;40;70;40;310>,,3,11,3,<621;622;623;602;603>,,,3,4201,,,42013,<42011;42012;42013;42016;61101;61102>,4201,,<11023;11123;11223;11323>,24201,3,3,{drawcard=huang_effect_loop},4201,,3,3,3,<42011;42012;42013;42014>,1102,15,0.7,泪眼蜥的性格有点胆小，一旦紧张或害羞，体内的水分就会像出汗一样分泌出来,泪眼汪汪&狙击神枪,,410,,,,<<110;204>;<111;206>;<112;204>>,
4202,变涩蜥,<cn;kr;en;tw;en_us>,,4201,,<8>,2,,,,,,,4201,54201,,2,,<6;14;18;22>,3,<65;90;60;55;95;55;420>,,3,11,3,<621;622;623;602;603>,,,3,4202,,,42023,<42021;42022;42023;42026;61101;61102>,4201,,<11023;11123;11223;11323>,24201,3,3,{drawcard=huang_effect_loop},4201,,3,3,3,<42011;42012;42013;42014>,1102,15,0.7,变涩蜥会用布满粘液的舌头灵活地进行战斗和捕食，尽管平时把舌头收在嘴里，在需要的时候它也会以迅雷不及掩耳之势迅速地伸出舌头瞄准猎物,泪眼汪汪&狙击神枪,,410,,,,<<110;204>;<111;206>;<112;204>>,
4203,千面避役,<cn;kr;en;tw;en_us>,,4201,,<8>,3,,,,,,,4201,54201,,2,,<6;14;18;22>,3,<70;120;85;65;125;65;530>,,3,11,3,<621;622;623;602;603>,,,3,4203,,,42033,<42031;42032;42033;42036;61101;61102>,4201,,<11023;11123;11223;11323>,24201,3,3,{drawcard=huang_effect_loop},4201,,3,3,3,<42011;42012;42013;42014>,1102,15,0.7,千面避役的眼睛里长有特殊的膜，尾巴里藏有锋利的刀刃，身上隐藏着多种特殊能力，能够灵机应变地选择并运用这些能力,泪眼汪汪&狙击神枪,,410,,,,<<110;204>;<111;206>;<112;204>>,
4301,苹裹龙,<cn;kr;tw;en_us>,,4301,,<7>,,,,,,,,4301,54301,,2,,<8;10;11;12>,,<70;70;110;80;95;60;485>,,3,11,3,<609;610;611;602;603>,,,3,4301,,,43013,<43011;43012;43013;43016;61101;61102>,4301,,<11003;11103;11203;11303>,24301,3,3,{drawcard=huang_effect_loop},4301,,3,3,3,<43011;43012;43013;43014>,1012,15,0.7,苹裹龙是啃果虫吃了酸苹果后进化而成。它的外形像一只刚刚孵化的爬行动物，只不过包裹它的不是蛋壳而是果皮，并且前爪与果皮融合成了翅膀。,万有引力&强酸发射,,410,,,,<<110;204>;<111;206>;<112;204>>,
4391,捣蛋小妖,<cn;kr;tw;en;en_us;en_eu>,,4391,,<8>,,,,,,,,4391,54391,,1,,<18;19;20;21>,,<45;50;45;30;55;40;265>,,3,11,3,<606;607;608;602;603>,,,3,4391,,,43913,<43911;43912;43913;43916;61101;61102>,4391,,<11013;11113;11213;11313>,24391,3,3,{drawcard=huang_effect_loop},4391,,3,3,3,<43911;43912;43913;43914>,1032,15,0.95,捣蛋小妖成群结队地生活，彼此之间会恶作剧和找不痛快，以此来磨炼制造麻烦的技能。它会用鼻子吸收人类或宝可梦情绪糟糕时产生的负能量，来为自己补充活力。它不但会溜进民宅偷盗，还会吸收人们悔恨时的负面能量。它之所以会欺负与自己亲密的对象，是因为如果不吸收负面情绪，就会很烦躁,恶系输出：欺诈捣蛋,,410,,,,<<110;204>;<111;206>;<112;204>>,
4392,诈唬魔,<cn;kr;tw;en;en_us;en_eu>,,4391,,<8>,2,,,,,,,4391,54391,,1,,<18;19;20;21>,,<65;70;60;45;75;55;370>,,3,11,3,<606;607;608;602;603>,,,3,4392,,,43923,<43921;43922;43923;43926;61101;61102>,4391,,<11013;11113;11213;11313>,24391,3,3,{drawcard=huang_effect_loop},4391,,3,3,3,<43911;43912;43913;43914>,1032,15,0.95,诈唬魔喜欢动歪脑筋，把人们引诱到深夜的森林中。它喜欢采取偷袭之类的卑鄙战术，那是因为它对自己的肌肉力量没信心。它会先装成要下跪道歉的样子，然后用后脑勺尖如长矛的头发刺向对手。它靠吸收负面情绪来转换成自身能量，思考方式消极的人群很喜欢它。它似乎还拥有培育农作物的能力,恶系输出：欺诈捣蛋,,410,,,,<<110;204>;<111;206>;<112;204>>,
4393,长毛巨魔,<cn;kr;tw;en;en_us;en_eu>,,4391,,<8>,3,,,,,,,4391,54391,,1,,<18;19;20;21>,,<95;60;120;65;95;75;510>,,3,11,3,<606;607;608;602;603>,,,3,4393,,,43933,<43931;43932;43933;43936;61101;61102>,4391,,<11013;11113;11213;11313>,24391,3,3,{drawcard=huang_effect_loop},4391,,3,3,3,<43911;43912;43913;43914>,1032,15,0.95,长毛巨魔生活在森林深处。即使进化后变得挺拔强壮，还是会继续做无聊的坏事和恶作剧。它能够自由自在地操作头发，通过用头发裹住全身让肌肉的力量向上提升，发挥出足以压倒怪力的力量。它的毛发能发挥肌肉纤维般的作用，伸展开来时会像触手那样把对手缠绕起来,恶系输出：欺诈捣蛋,,410,,,,<<110;204>;<111;206>;<112;204>>,
4431,葱游兵,<cn;kr;tw;en;en_us;en_eu>,,4431,,<7>,,,,,,,,,,,0,,<11;12;15;16>,,<62;65;135;95;68;82;507>,,3,11,3,<612;613;614;602;603>,,,3,4431,,{171=<44331;44332;44333;44336;61101;61102>},44313,<44311;44312;44313;44316;61101;61102>,4431,,<11053;11153;11253;11353>,24431,3,3,{drawcard=huang_effect_loop},4431,,3,3,3,<44311;44312;44313;44314>,1542,15,0.62,葱游兵是生息在伽勒尔地区的大葱鸭经历过无数战斗后进化成的宝可梦。性格沉着冷静，以堂堂正正战斗作为自身的信条。它战斗时的英姿气质非凡，甚至因此被人们选为绘画的主题。描绘了葱游兵与骑士蜗牛决斗场面的绘画在伽勒尔地区可是众人皆知的作品。它在战斗时会像挥舞长枪一般挥舞锋利的葱茎，厚厚的葱叶则被当作盾牌来使,葱大师：弱点击破,,410,,,,<<110;204>;<111;206>;<112;204>>,
4441,踏冰人偶,<cn>,,4441,,<8>,,,,,,,,4441,54441,,,,<22;24;18;20>,2,<80;70;85;75;110;100;520>,,3,11,3,<615;616;617;602;603>,,,3,4441,,,44413,<44411;44412;44413;44416;61101;61102>,4441,,<11043;11143;11243;11343>,24441,3,3,{drawcard=huang_effect_loop},4441,3,3,3,3,<44411;44412;44413;44414>,1532,15,0.8,踏冰人偶是踢踏舞的达人。它会挥动手中的冰杖，向观众表演轻快的舞步，幽默的动作使它获得了众人的喜爱。他还能从腹部的图案释放出精神力量。,雪咒干扰&幽默大师,,430,2,,,,
4521,爱管侍,<cn>,,4521,,<8>,,,,,,,,4521,54521,,1,,<24;23;14;16>,2,<60;95;65;55;105;95;475>,,3,11,3,<606;607;608;602;603>,,,3,4521,,,45213,<45211;45212;45213;45216;61101;61102>,4521,,<11013;11113;11213;11313>,24521,3,3,{drawcard=huang_effect_loop},4521,5,3,3,3,<45211;45212;45213;45214>,1562,15,0.9,爱管侍是有着深紫色和白色的宝可梦，它的脑袋两边有角。雄性爱管侍会用头上的角读取对方的心情，就像管家一样，时时刻刻都待在主人的身边打理一切。它会用精神力量来预知训练家的行动，并照顾其日常起居。,主从连携&增益辅助,,430,2,,,<<116;204>;<117;206>>,
4561,鳃鱼龙,<cn;kr;tw;en;en_us;en_eu>,,4561,,<7>,,,,,,,,4561,54561,,0,,<11;12;15;16>,,<90;75;90;100;70;80;505>,,3,11,3,<621;622;623;602;603>,,,3,4561,,,45613,<45611;45612;45613;45616;61151;61152>,4561,,<11023;11123;11223;11323>,24561,3,3,{drawcard=huang_effect_loop},4561,,3,3,3,<45611;45612;45613;45614>,1192,15,0.9,鳃鱼龙超乎寻常的脚力和颚力让它在古代所向无敌。但由于捕尽猎物，导致它们自己也灭绝了。虽然它能用自豪的脚力以60公里的时速奔跑，但是只能在水中呼吸,尖刺枷锁&化石皮肤,,420,4,,,<<113;206>;<114;206>;<115;204>>,
4571,铝钢龙,<cn;tw;en_us>,,4571,,<8>,,,,,,,,4571,54571,,,,<15;16;20;21>,,<70;85;95;115;120;50;535>,,3,11,3,<615;616;617;602;603>,,,3,4571,,,45713,<45711;45712;45713;45716;61151;61152>,4571,,<11043;11143;11243;11343>,24571,3,3,{drawcard=huang_effect_loop},4571,2,3,3,3,<45711;45712;45713;45714>,1202,15,0.9,铝钢龙的动作轻巧灵活。但另一方面，金属身体的耐腐蚀性比较低，容易生锈。它不喜欢下雨，栖息于洞窟和山岳地带，用两只不同形状的手刮下岩石表面，并以此作为食物。,钢桥守护&回怒辅助,,420,4,,,<<113;206>;<114;206>;<115;204>>,
4572,铝钢桥龙,<cn;tw;en_us>,,4571,,<8>,2,,,,,,,4571,54571,,,,<15;16;20;21>,,<90;85;105;130;125;65;600>,,3,11,3,<615;616;617;602;603>,,,3,4572,,,45723,<45721;45722;45723;45726;61151;61152>,4571,,<11043;11143;11243;11343>,24571,3,3,{drawcard=huang_effect_loop},4571,2,3,3,3,<45711;45712;45713;45714>,1202,15,0.9,铝钢桥龙在遇上危机时会伸直平时弯曲的身躯，以动作变缓慢为代价来让重心稳定下来。此时的样子看上去就像是宏伟的铁桥。,钢桥守护&回怒辅助,,420,4,,,<<113;206>;<114;206>;<115;204>>,
4581,多龙梅西亚,<cn;kr;tw;en;en_us;en_eu>,,4581,,<7>,,,,,,,,4581,54581,,,,<8;9;13;12>,,<28;82;60;30;40;30;270>,,3,11,3,<618;619;620;602;603>,,,3,4581,,,45813,<45811;45812;45813;45816;61101;61102>,4581,,<11033;11133;11233;11333>,24581,3,3,{drawcard=huang_effect_loop},4581,,3,3,3,<45811;45812;45813;45814>,1092,15,0.88,多龙梅西亚曾经栖息在古代的大海，在重生为幽灵宝可梦后，会在昔日的住处徘徊。傍晚时它会成群结队地快速环游在海上，戳水里的宝可梦玩，明明不吃却又会咬住铁臂枪虾不放，听说这是它生前遗留下来的活动习性。虽然单独一只弱得甚至敌不过小孩，但会和伙伴合作一起锻炼，通过进化而变得更强,速度时刻&火箭发射,,410,,,,<<110;204>;<111;206>;<112;204>>,
4582,多龙奇,<cn;kr;tw;en;en_us;en_eu>,,4581,,<7>,2,,,,,,,4581,54581,,,,<8;9;13;12>,,<68;102;80;50;60;50;410>,,3,11,3,<618;619;620;602;603>,,,3,4582,,,45823,<45821;45822;45823;45826;61101;61102>,4581,,<11033;11133;11233;11333>,24581,3,3,{drawcard=huang_effect_loop},4581,,3,3,3,<45811;45812;45813;45814>,1092,15,0.88,多龙奇的飞行速度为每小时200公里，会在肺部储存能量并进行攻击。在多龙梅西亚能独当一面之前，它会与多龙梅西亚一起战斗，到它进化为止都会细心照顾。一旦输了对战，多龙梅西亚会二话不说地消失无踪。要是没让自己在照顾的多龙梅西亚乘在头上就静不下心来，甚至会因此试图把别的宝可梦放到头上,速度时刻&火箭发射,,410,,,,<<110;204>;<111;206>;<112;204>>,
4583,多龙巴鲁托,<cn;kr;tw;en;en_us;en_eu>,,4581,,<7>,3,,,,,,,4581,54581,,,,<8;9;13;12>,,<88;142;120;75;100;75;600>,,3,11,3,<618;619;620;602;603>,,,3,4583,,,45833,<45831;45832;45833;45836;61101;61102>,4581,,<11033;11133;11233;11333>,24581,3,3,{drawcard=huang_effect_loop},4581,,3,3,3,<45811;45812;45813;45814>,1092,15,0.88,多龙巴鲁托会让多龙梅西亚住在自己角上的洞里，战斗开始后会用音速将多龙梅西亚发射出去。它角里的多龙梅西亚似乎满心期待着能被以音速发射出去，群体里飞得最快的个体总是被想要体验音速飞行的多龙梅西亚包围。它磨炼意志就能让全身变透明，就连角里的多龙梅西亚也变得看不到,速度时刻&火箭发射,,410,,,,<<110;204>;<111;206>;<112;204>>,
4591,苍响,<cn;kr;tw;en;en_us;en_eu>,,4591,,<7>,,,,,,,,4591,54591,,0,,<8;9;13;12>,3,<92;138;120;115;80;115;660>,,4,21,4,<618;619;620;604;605>,,,4,4591,,{149=<45921;45922;45923;45926;61101;61102>},45913,<45911;45912;45913;45916;61101;61102>,4591,,<11034;11134;11234;11334>,24591,4,4,{drawcard=hong_effect_loop},4591,6,4,4,4,<45911;45912;45913;45914>,1513,20,0.92,剑之王苍响会像风一样穿梭在战场讨伐敌人。举止华贵美丽，因此也有人比喻它的姿态“仿佛像在起舞一般”。它所使出的斩击快到无法用肉眼捕捉，被它的剑击中之后，还未感觉到疼痛就已倒下，即使是超极巨化宝可梦，也能以一剑将之拿下,百战勇者&不挠之剑,,510,,,<2026;2027>,<<120;204>;<121;202>>,<2027;2024>
4601,藏玛然特,<cn;kr;tw;en;en_us;en_eu>,,4601,,<7>,,,,,,,,4601,54601,,0,,<15;16;11;12>,3,<92;138;120;115;80;115;660>,,4,21,4,<612;613;614;604;605>,,,4,4601,,{141=<46021;46022;46023;46026;61151;61152>},46013,<46011;46012;46013;46016;61151;61152>,4601,,<11054;11154;11254;11354>,24601,4,4,{drawcard=hong_effect_loop},4601,7,4,4,4,<46011;46012;46013;46014>,1163,20,0.92,曾和苍响一起阻止了暗夜，从而拯救了伽勒尔地区，被誉为传说的英雄，受到人们的畏惧与尊崇。在与众人之王协力拯救了伽勒尔的宝可梦后以石像般的姿态陷入长久沉眠，几乎就要被人们所遗忘,百战勇者&真气护盾,,520,4,,<2025;2028>,<<122;202>;<123;204>>,<2026;2025>
4611,无极汰那,<cn;kr;tw;en;en_us;en_eu>,,4611,,<8>,,,,,,,,4611,54611,,0,,<18;19;20;21>,3,<140;130;85;95;145;95;690>,,4,21,4,<621;622;623;604;605>,,,4,4611,,{169=<46121;46122;46123;46126;61151;61152>},46113,<46111;46112;46113;46116;61151;61152>,4611,,<11024;11124;11224;11324>,24611,4,4,{drawcard=hong_effect_loop},4611,7,4,4,4,<46111;46112;46113;46114>,1043,20,1.4,来自于2万年前坠落到地上的陨石之中，似乎与极巨化之谜有所关联，会用胸部的核心吸收伽勒尔地区涌出的能量，借以保持自己的活力，如果无极汰那同时吸收大量的能量，它就会变为更加巨大的无极巨化的样子。,毒源核心&极巨扩散,,530,2,,<2027>,<<124;204>;<125;202>>,<2028>
4621,熊徒弟,<cn;kr;tw;en;en_us;en_eu>,,4621,,<7>,,,,,,,,4621,54621,,0,,<8;9;13;12>,,<60;72;90;60;53;50;385>,,3,11,3,<612;613;614;602;603>,,,3,4621,,,46213,<46211;46212;46213;46216;61101;61102>,4621,,<11053;11153;11253;11353>,24621,3,3,{drawcard=huang_effect_loop},4621,,3,3,3,<46211;46212;46213;46214>,1052,15,,拳法宝可梦，日积月累地进行艰苦锻炼，认真钻研招式，是一种性情认真的宝可梦。进化后的样子会根据所习得的招式不同而改变。,暴力输出：武道传承,,410,,,,<<110;204>;<111;206>;<112;204>>,
4622,武道熊师·一击流,<cn;kr;tw;en;en_us;en_eu>,,4621,,<7>,2,,,,,,,4621,54621,,0,,<8;9;13;12>,,<100;97;130;100;63;60;550>,,3,11,3,<612;613;614;602;603>,,,3,4622,,,46223,<46221;46222;46223;46226;61101;61102>,4621,,<11053;11153;11253;11353>,24621,3,3,{drawcard=huang_effect_loop},4621,,3,3,3,<46211;46212;46213;46214>,1052,15,,一击流的样子，拳法宝可梦，熊徒弟的进化型，一击必杀是他的信条。飞冲到对手的怀中，用自己经过千锤百炼的的拳头一拳击入。,暴力输出：一击必杀,,410,,,,<<110;204>;<111;206>;<112;204>>,
4623,武道熊师·连击流,<cn;kr;tw;en;en_us;en_eu>,,4623,,<7>,,,,,,,,4623,54623,,0,,<8;9;13;12>,,<100;97;130;100;63;60;550>,,3,11,3,<612;613;614;602;603>,,,3,4623,,,46233,<46231;46232;46233;46236;61101;61102>,4623,,<11053;11153;11253;11353>,24623,3,3,{drawcard=huang_effect_loop},4623,,3,3,3,<46231;46232;46233;46234>,1562,15,,连击流的武道熊师性格沉着冷静，能一边躲过敌意一边窥探对手的动向，试探对手的实力。据说，它是以时而湍急时而平稳的河水为灵感，创造出了格斗招式的形式。会像水流一样毫不停息地用打击招式攻击对手，把多击制胜作为自己的信条,暴力输出：连击制胜,,410,,,,<<110;204>;<111;206>;<112;204>>,
4631,萨戮德,<cn;kr;tw;en;en_us;en_eu>,,4631,,<7>,,,,,,,,4631,54631,,0,,<15;16;11;12>,3,<105;105;120;105;70;95;600>,,4,21,4,<606;607;608;604;605>,,,4,4631,,{152=<46331;46332;46333;46336;61151;61152>},46313,<46311;46312;46313;46316;61151;61152>,4631,,<11014;11114;11214;11314>,24631,4,4,{drawcard=hong_effect_loop},4631,7,4,4,4,<46311;46312;46313;46314>,1563,20,1.05,萨戮德是一只猿猴类的宝可梦。它有着黑色的毛发，胸背部的部分毛发是灰色的，形成了特殊的图案。它的双手都缠绕着藤蔓，后背和脚跟也有着藤蔓的种子。阿爸形态的萨戮德有着一件粉红色的披风，披风上写有251的字样,恶徒敕令&奶爸呵护,,530,2,,<2028;2029>,<<124;204>;<125;202>>,<2029;2026>
4641,雷吉艾勒奇,<cn;kr;tw;en;en_us;en_eu>,,4641,,<8>,,,,,,,,4641,54641,,0,,<6;7;18;19>,,<80;200;100;50;100;50;580>,,3,11,3,<612;613;614;602;603>,,,3,4641,,,46413,<46411;46412;46413;46416;61101;61102>,4641,,<11053;11153;11253;11353>,24641,3,3,{drawcard=huang_effect_loop},4641,,3,3,3,<46411;46412;46413;46414>,1002,15,0.8,雷吉艾勒奇是靠吸收电子为生的宝可梦，身体的绝大部分都是由电能构成的，整个身体都是制造电能的器官。可以制造出伽勒尔全域所需的电力,高速回避&雷电囚笼,,410,,,,<<110;204>;<111;206>;<112;204>>,
4651,雷吉铎拉戈,<cn;en;tw;kr;en_us>,,4651,,<7>,,,,,,,,4651,54651,,0,,<10;13;19;21>,,<200;80;100;50;100;50;580>,,3,11,3,<618;619;620;602;603>,,,3,4651,,,46513,<46511;46512;46513;46516;61101;61102>,4651,,<11033;11133;11233;11333>,24651,3,3,{drawcard=huang_effect_loop},4651,,3,3,3,<46511;46512;46513;46514>,1562,15,2,雷吉铎拉戈全身都是由龙之能量的结晶构成，而躯体部分的能量浓度尤其之高，据说它拥有所有龙宝可梦的能力。因此，雷吉铎拉戈在使出龙属性的招式时，威力比所有其他宝可梦都要更强。世上流传着这样的传说：传说的宝可梦雷吉奇卡斯曾经试图用龙之能量的结晶制作雷吉铎拉戈，但却因结晶不够而只制出了它的头部。古代的人们害怕当有朝一日雷吉铎拉戈的整个身体都被制作出来，自己的国家会惨遭毁灭，因此便将其封印到了神殿深处,功能输出：龙能结晶,,410,,,,<<110;204>;<111;206>;<112;204>>,
4661,雪暴马,<cn;kr;tw;en;en_us;en_eu>,,4661,,<7>,,,,,,,,4661,54661,,0,,<14;16;22;25>,,<100;30;145;130;65;110;580>,,3,11,3,<615;616;617;602;603>,,,3,4661,,,46613,<46611;46612;46613;46616;61151;61152>,4661,,<11043;11143;11243;11343>,24661,3,3,{drawcard=huang_effect_loop},4661,2,3,3,3,<46611;46612;46613;46614>,1022,15,,雪暴马是通体雪白的马类宝可梦，它能够在体内生成强烈的冷气，然后从鼻子和马蹄释放出去。释放出的冷气覆盖在面部和足部后形成了冰甲，能够使出破坏力超群的攻击。有着强壮健硕的腿，是种力量与耐力俱佳的宝可梦。拥有十分惊人的怪力。戴在脸上的冰之面罩硬度是钻石的100倍,冰系输出：烈马领地,,430,2,,,<<116;204>;<117;206>>,<1052;1053>
4671,灵幽马,<cn;kr;tw;en;en_us;en_eu>,,4671,,<8>,,,,,,,,4671,54671,,0,,<18;20;15;14>,,<100;130;65;60;145;80;580>,,3,11,3,<621;622;623;602;603>,,,3,4671,,,46713,<46711;46712;46713;46716;61101;61102>,4671,,<11023;11123;11223;11323>,24671,3,3,{drawcard=huang_effect_loop},4671,,3,3,3,<46711;46712;46713;46714>,1522,15,,骏马宝可梦，灵幽马喜欢孤独与寂静，会在自身能量变强的夜晚活动，虽然视觉因此退化了，但是除此之外的五感，如听觉、嗅觉都变得异常敏锐,鬼系输出：骏马领地,,410,,,,<<110;204>;<111;206>;<112;204>>,<1052;1053>
4682,蕾冠王·白马,<cn;kr;tw;en;en_us;en_eu>,,4682,,<7>,,,,,,,,4682,54682,,0,,<14;16;22;25>,2,<100;50;165;150;85;130;680>,,4,21,4,<606;607;608;604;605>,,,4,4682,,{155=<46841;46842;46843;46846;61151;61152>},46823,<46821;46822;46823;46826;61151;61152>,4682,,<11014;11114;11214;11314>,24682,4,4,{drawcard=hong_effect_loop},4682,9,4,4,4,<46821;46822;46823;46824>,1093,20,,蕾冠王·白马的精神能量增强了雪暴马的能力，使其放出的冷气温度能够低至零下300度。同时体力也得到了增强，不管是多险恶的道路，都能一边将挡路之物瞬间冻结后粉碎掉，一边连续奔驰七天七夜。据说它虽然对挡路之徒手下毫不留情，但在战斗结束后却会不计前嫌地帮敌人疗伤,苍白嘶鸣&凝冰血脉,,530,2,,<2029;2028>,<<124;204>;<125;202>>,<2030;2024>
4683,蕾冠王·黑马,<cn;kr;tw;en;en_us;en_eu>,,4683,,<8>,,,,,,,,4683,54683,,0,,<18;19;20;21>,2,<100;150;85;80;165;100;680>,,4,21,4,<606;607;608;604;605>,,,4,4683,,{172=<46851;46852;46853;46856;61101;61102>},46833,<46831;46832;46833;46836;61101;61102>,4683,,<11014;11114;11214;11314>,24683,4,4,{drawcard=hong_effect_loop},4683,6,4,4,4,<46831;46832;46833;46834>,1573,20,,蕾冠王的精神能量增强了灵幽马的能力，使其拥有更强大的灵力，且能够在1日之内疾驰万里。据说它曾为了让不毛之地重现绿意，与牵绊深厚的宝可梦一起驰骋于伽勒尔大地，用能够看透过去与未来所有事件的能力从陨石掉落的危机中拯救了森林中的生物,漆黑嘶鸣&亡灵操控,,510,,,<2030;2031>,<<120;204>;<121;202>>,<2031;2032>
4701,劈斧螳螂,<cn;tw;en_us;kr>,,4701,,<7>,,,,,,,,4701,54701,,,,<11;12;15;16>,,<70;85;135;95;45;70;500>,,3,11,3,<609;610;611;602;603>,,,3,4701,,,47013,<47011;47012;47013;47016;61101;61102>,4701,,<11003;11103;11203;11303>,24701,3,3,{drawcard=huang_effect_loop},4701,,3,3,3,<47011;47012;47013;47014>,1522,15,0.7,劈斧螳螂用坚硬的岩石守护自身，以粗犷的斧头砍倒大树。性情暴躁易怒。要是在荒野遇见它，逃跑将是唯一选择。,虫鸣利斧&锋锐斩击,,410,,,,<<110;204>;<111;206>;<112;204>>,
4761,新叶喵,<cn>,,4761,,<7>,,,,,,,,4761,54761,,,,<8;12;16;25>,,<40;65;61;54;45;45;310>,,3,11,3,<609;610;611;602;603>,,,3,4761,,,47613,<47611;47612;47613;47616;61101;61102>,4761,,<11003;11103;11203;11303>,24761,3,3,{drawcard=huang_effect_loop},4761,,3,3,3,<47611;47612;47613;47614>,1202,15,0.76,草猫宝可梦，毛茸茸的体毛有着近似于植物的成分。会勤于洗脸以防止干燥。,草系陷阱输出,,410,,,,<<110;204>;<111;206>;<112;204>>,
4762,蒂蕾喵,<cn>,,4761,,<7>,2,,,,,,,4761,54761,,,,<8;12;16;25>,,<61;83;80;63;60;63;410>,,3,11,3,<609;610;611;602;603>,,,3,4762,,,47623,<47621;47622;47623;47626;61101;61102>,4761,,<11003;11103;11203;11303>,24761,3,3,{drawcard=huang_effect_loop},4761,,3,3,3,<47611;47612;47613;47614>,1202,15,0.76,草猫宝可梦，灵巧地操控长长的体毛下隐藏着的藤蔓，接着把坚硬的花苞甩向敌人。,草系陷阱输出,,410,,,,<<110;204>;<111;206>;<112;204>>,
4763,魔幻假面喵,<cn>,,4761,,<7>,3,,,,,,,4761,54761,,,,<8;12;16;25>,,<76;123;110;70;81;70;530>,,3,11,3,<609;610;611;602;603>,,,3,4763,,,47633,<47631;47632;47633;47636;61101;61102>,4761,,<11003;11103;11203;11303>,24761,3,3,{drawcard=huang_effect_loop},4761,,3,3,3,<47611;47612;47613;47614>,1202,15,0.76,魔术师宝可梦，会巧妙地引开敌人的注意力，然后引爆它在神不知鬼不觉间设置好的装满花粉的花炸弹。,草系陷阱输出,,410,,,,<<110;204>;<111;206>;<112;204>>,
4771,呆火鳄,<cn;tw;en_us>,,4771,,<8>,,,,,,,,4771,54771,,,,<18;19;20;21>,,<67;36;45;59;63;40;310>,,3,11,3,<618;619;620;602;603>,,,3,4771,,,47713,<47711;47712;47713;47716;61101;61102>,4771,,<11033;11133;11233;11333>,24771,3,3,{drawcard=huang_effect_loop},4771,,3,3,3,<47711;47712;47713;47714>,1022,15,1.04,呆火鳄形似一只鳄鱼，它的面部和腹部是白色的。它的身体是红色的，肚子和背上有着黄色的鳞片。头上晃动着的是从它体内溢出来的火之能量,亡灵颂唱者,,410,,,,<<110;204>;<111;206>;<112;204>>,
4772,炙烫鳄,<cn;tw;en_us>,,4771,,<8>,2,,,,,,,4771,54771,,,,<18;19;20;21>,,<81;49;55;78;90;58;411>,,3,11,3,<618;619;620;602;603>,,,3,4772,,,47723,<47721;47722;47723;47726;61101;61102>,4771,,<11033;11133;11233;11333>,24771,3,3,{drawcard=huang_effect_loop},4771,,3,3,3,<47711;47712;47713;47714>,1022,15,1.04,炙烫鳄形似鳄鱼，身体大部分是红色的，面部和腹部是白色的，四肢是黑色的。它的背和尾巴上有黄色的矩形鳞片，胸前有黑黄色相间的条纹。它有长长的吻部，脸颊上有红色的方形图案，鼻尖则是三角形的,亡灵颂唱者,,410,,,,<<110;204>;<111;206>;<112;204>>,
4773,骨纹巨声鳄,<cn;tw;en_us>,,4771,,<8>,3,,,,,,,4771,54771,,,,<18;19;20;21>,,<104;66;75;100;110;75;530>,,3,11,3,<618;619;620;602;603>,,,3,4773,,,47733,<47731;47732;47733;47736;61101;61102>,4771,,<11033;11133;11233;11333>,24771,3,3,{drawcard=huang_effect_loop},4771,,3,3,3,<47711;47712;47713;47714>,1022,15,1.04,骨纹巨声鳄那红色的身体上覆盖着长方形的鳞片，它腹部处棱角分明的白色鳞片两侧有黑色的条纹，它的身上也有各种白色的图案。它的脚上有三只黑色的爪子。,亡灵颂唱者,,410,,,,<<110;204>;<111;206>;<112;204>>,
4851,迷你芙,<cn;kr;tw;en;en_us;en_eu>,,4851,,<8>,,,,,,,,4851,54851,,,,<6;14;18;22>,,<41;30;35;45;58;51;260>,,3,11,3,<609;610;611;602;603>,,,3,4851,,,48513,<48511;48512;48513;48516;61101;61102>,4851,,<11003;11103;11203;11303>,24851,3,3,{drawcard=huang_effect_loop},4851,,3,3,3,<48511;48512;48513;48514>,1532,15,0.78,从头上的果实喷出油，以此保护自己不受敌人攻击。那种油苦涩到能让人跳起来。,橄榄种子&协战输出,,410,,,,<<110;204>;<111;206>;<112;204>>,
4852,奥利纽,<cn;kr;tw;en;en_us;en_eu>,,4851,,<8>,2,,,,,,,4851,54851,,,,<6;14;18;22>,,<52;33;53;60;78;78;354>,,3,11,3,<609;610;611;602;603>,,,3,4852,,,48523,<48521;48522;48523;48526;61101;61102>,4851,,<11003;11103;11203;11303>,24851,3,3,{drawcard=huang_effect_loop},4851,,3,3,3,<48511;48512;48513;48514>,1532,15,0.78,乐于分享自己香气新鲜又美味可口的油。自古以来直至今日都与人类共存。,橄榄种子&协战输出,,410,,,,<<110;204>;<111;206>;<112;204>>,
4853,奥利瓦,<cn;kr;tw;en;en_us;en_eu>,,4851,,<8>,3,,,,,,,4851,54851,,,,<6;14;18;22>,,<78;39;69;90;125;109;510>,,3,11,3,<609;610;611;602;603>,,,3,4853,,,48533,<48531;48532;48533;48536;61101;61102>,4851,,<11003;11103;11203;11303>,24851,3,3,{drawcard=huang_effect_loop},4851,,3,3,3,<48511;48512;48513;48514>,1532,15,0.78,性情温和，慈悲为怀。会把营养丰富且美味可口的油分享给虚弱的宝可梦。,橄榄种子&协战输出,,410,,,,<<110;204>;<111;206>;<112;204>>,
4991,小锻匠,<cn>,,4991,,<7>,,,,,,,,4991,54991,,2,,<6;8;22;25>,,<50;58;45;45;35;64;297>,,3,11,3,<618;619;620;602;603>,,,3,4991,,,49913,<49911;49912;49913;49916;61151;61152>,4991,,<11033;11133;11233;11333>,24991,3,3,{drawcard=huang_effect_loop},4991,5,3,3,3,<49911;49912;49913;49914>,1032,15,0.85,小锻匠敲打铁屑来制作锤子。直到做出满意的作品前，它会一遍又一遍地重做。,夺取增益&守护反击,,440,2,,,<<118;204>;<119;204>>,
4992,巧锻匠,<cn>,,4991,,<7>,2,,,,,,,4991,54991,,2,,<6;8;22;25>,,<65;78;55;55;45;82;380>,,3,11,3,<618;619;620;602;603>,,,3,4992,,,49923,<49921;49922;49923;49926;61151;61152>,4991,,<11033;11133;11233;11333>,24991,3,3,{drawcard=huang_effect_loop},4991,5,3,3,3,<49911;49912;49913;49914>,1032,15,0.85,巧锻匠栖息在堆满破铜烂铁的地方。为了测试锤子的强度，它会和伙伴们激烈地敲打彼此。,夺取增益&守护反击,,440,2,,,<<118;204>;<119;204>>,
4993,巨锻匠,<cn>,,4991,,<7>,3,,,,,,,4991,54991,,2,,<6;8;22;25>,,<85;94;75;77;70;105;506>,,3,11,3,<618;619;620;602;603>,,,3,4993,,{174=<49941;49942;49943;49946;61151;61152>},49933,<49931;49932;49933;49936;61151;61152>,4991,,<11033;11133;11233;11333>,24991,3,3,{drawcard=huang_effect_loop},4991,5,3,3,3,<49911;49912;49913;49914>,1032,15,0.85,巨锻匠智力高超，性格豪迈。它会轻松地挥舞超过100公斤的锤子来夺取想要的东西，然后带回自己的住处。,夺取增益&守护反击,,440,2,,,<<118;204>;<119;204>>,
5211,振翼发,<cn>,,5211,,<8>,,,,,,,,5211,55211,,,,<6;7;22;23>,,<55;135;55;55;135;135;570>,,3,11,3,<621;622;623;602;603>,,,3,5211,,,52193,<52191;52192;52193;52196;61101;61102>,5211,,<11023;11123;11223;11323>,25211,3,3,{drawcard=huang_effect_loop},5211,,3,3,3,<52111;52112;52113;52114>,1572,15,0.55,振翼发的身体是墨绿色的，它身体的左侧有块是红色的。它有4条像手的羽翼，其中眼睛旁边的2条会被它作为真正的手来使用，它的头顶还有3根红色的刺。它脖子上挂有一串显眼的红色珠串，最中间的珠子是最大的。,古代魂魄&怨灵逸散,,430,2,,,<<116;204>;<117;206>>,
5221,爬地翅,<cn>,,5221,,<7>,,,,,,,,5221,55221,,0,,<10;11;12;13>,,<85;81;135;79;85;105;570>,,3,11,3,<609;610;611;602;603>,,,3,5221,,,52213,<52211;52212;52213;52216;61101;61102>,5221,,<11003;11103;11203;11303>,25221,3,3,{drawcard=huang_effect_loop},5221,,3,3,3,<52211;52212;52213;52214>,1162,15,0.85,尚未被解读的生物爬地翅，罕有目击消息，笼罩在谜团之中。它与原始时代的火神蛾其有着共同的特征。因此，或可推测它是从火神蛾的化石复原而来。然而，目前并没有火神蛾化石被发现的记录。它的名字取自广为人知的《朱之书》中所记载的神秘生物,虫系邀战&太阳冲锋,,410,,,,<<110;204>;<111;206>;<112;204>>,
5241,铁辙迹,<cn;kr;tw;en_us>,,5241,,<7>,,,,,,,,5241,55241,,,,<8;12;16;25>,,<90;106;112;120;72;70;570>,,3,11,3,<609;610;611;602;603>,,,3,5241,,,52413,<52411;52412;52413;52416;61101;61102>,5241,,<11003;11103;11203;11303>,25241,3,3,{drawcard=huang_effect_loop},5241,,3,3,3,<52411;52412;52413;52414>,1062,15,0.9,近年有人目击到它。是与古老的探险记中记载的不明物体长得很像的宝可梦。,钢系物防盾&地震伤害,,410,,,,<<110;204>;<111;206>;<112;204>>,
5331,古剑豹,<cn>,,5331,,<7>,,,,,,,,5331,55331,,,,<8;9;13;12>,2,<80;135;120;80;90;65;570>,2,3,11,3,<606;607;608;602;603>,,,3,5331,,,53313,<53311;53312;53313;53316;61101;61102>,5331,,<11013;11113;11213;11313>,25331,3,3,{drawcard=huang_effect_loop},5331,,3,3,3,<53311;53312;53313;53314>,1572,15,0.8,古剑豹看起来就像是一只雪豹，它的身体主要是白色的，身上各处有着淡蓝色的菱形物体。它的牙齿由折断的剑构成，且剑的底部穿过了它的吻部。,灾祸之剑&厄难降临,,410,,,,<<110;204>;<111;206>;<112;204>>,
5361,轰鸣月,<cn;tw;en_us;kr>,,5361,,<7>,,,,,,,,5361,55361,,,,<10;11;12;13>,,<105;119;139;71;55;101;590>,,3,11,3,<618;619;620;602;603>,,,3,5361,,,53613,<53611;53612;53613;53616;61101;61102>,5361,,<11033;11133;11233;11333>,25361,3,3,{drawcard=huang_effect_loop},5361,,3,3,3,<53611;53612;53613;53614>,1052,15,1.05,轰鸣月的样子与在其他地区暴飞龙身上发生的某种现象所产生的结果十分相似，但二者的关联性不明。它会一边散落羽毛，一边高速飞行并四处袭击猎物。推测其凶暴的性情比暴飞龙有过之而无不及，即使不慎遇上，也绝对要避免与它接触。,猩红夜空的舞者,,410,,,,<<110;204>;<111;206>;<112;204>>,
5381,故勒顿,<cn;tw;en_us;kr>,,5381,,<7>,,,,,,,,5381,55381,,0,,<7;8;9;12>,3,<100;135;135;115;85;100;670>,,4,21,4,<612;613;614;604;605>,,,4,5381,,,53813,<53811;53812;53813;53816;61101;61102>,5381,,<11054;11154;11254;11354>,25381,4,4,{drawcard=hong_effect_loop},5381,6,4,4,4,<53811;53812;53813;53814>,1543,20,,故勒顿这个名字是由发现它的博士命名而来。故勒顿有无可撼动的强者意识，它自觉拥有出类拔萃的强大实力，无论面对怎样的对手，都能表现得毫无畏惧,绯红脉动&先祖悖论,,510,,,<2031;2030>,<<120;204>;<121;202>>,<2032;2010>
5391,密勒顿,<cn;kr;tw;en_us>,,5391,,<8>,,,,,,,,5391,55391,,0,,<6;7;18;19>,3,<100;135;85;100;135;115;670>,,4,21,4,<612;613;614;604;605>,,,4,5391,,{159=<53921;53922;53923;53926;61151;61152>},53913,<53911;53912;53913;53916;61101;61102>,5391,,<11054;11154;11254;11354>,25391,4,4,{drawcard=hong_effect_loop},5391,6,4,4,4,<53911;53912;53913;53914>,1573,20,,密勒顿这个名字是由发现它的博士命名而来。它拥有连人格都能看穿的观察力和洞察力，虽然似乎已经适应了人类，但还是会严格地挑选对手,悖谬引擎&未来之力,,510,,,<2032;2030>,<<120;204>;<121;202>>,<2033;2010>
5401,波荡水,<cn>,,5401,,<8>,,,,,,,,5401,55401,,0,,<6;7;18;19>,,<99;109;83;91;125;83;590>,,3,11,3,<621;622;623;602;603>,,,3,5401,,,54013,<54011;54012;54013;54016;61101;61102>,5401,,<11023;11123;11223;11323>,25401,3,3,{drawcard=huang_effect_loop},5401,,3,3,3,<54011;54012;54013;54014>,1062,15,0.99,波荡水样子与超自然杂志所刊登的插图中的超古代水君很相似。它的额头上长着形状颇有特征的角，仅靠后脚支撑体重，呈现出以双脚行走的姿态。它长着两条修长的尾巴，颈部长有浓密的长毛。,氤氲幻象&白雾突袭,,440,2,,,<<118;204>;<119;204>>,
5481,厄诡椪·碧草面具,<cn>,,5481,,<7>,,1,,,,17,,5481,55481,,2,,<7;8;9;12>,3,<80;110;120;84;60;96;550>,,4,21,4,<609;610;611;604;605>,,,4,5481,,,54813,<54811;54812;54813;54816;61101;61102>,5481,,<11004;11104;11204;11304>,25481,4,4,{drawcard=hong_effect_loop},5481,6,4,4,4,<54811;54812;54813;54814>,1563,20,0.8,厄诡椪的属性根据身着的面具而改变，会释出蕴藏在面具内的属性的能量战斗，以敏捷的身手和踢技将敌人玩弄于股掌之中,面影辉映&自在变幻,,510,,,<2008;2009>,<<120;204>;<121;202>>,<2007;2009>
5482,厄诡椪·水井面具,<cn>,,5481,,<7>,,2,,,,18,,5481,55481,,2,,<7;8;9;12>,3,<80;110;120;84;60;96;550>,,4,21,4,<609;610;611;604;605>,,,4,5482,,,54823,<54821;54822;54823;54826;61101;61102>,5481,,<11004;11104;11204;11304>,25481,4,4,{drawcard=hong_effect_loop},5481,6,4,4,4,<54811;54812;54813;54814>,1563,20,0.8,水井面具是它激发出水之力量，攻守兼备的样子。它会以踢技和藤蔓发起无间断的打击，会像不断涌出的水一样无间断地使出招式,面影辉映&自在变幻,,510,,,<2008;2009>,<<120;204>;<121;202>>,<2007;2009>
5483,厄诡椪·火灶面具,<cn>,,5481,,<7>,,3,,,,19,,5481,55481,,2,,<7;8;9;12>,3,<80;110;120;84;60;96;550>,,4,21,4,<609;610;611;604;605>,,,4,5483,,,54833,<54831;54832;54833;54836;61101;61102>,5481,,<11004;11104;11204;11304>,25481,4,4,{drawcard=hong_effect_loop},5481,6,4,4,4,<54811;54812;54813;54814>,1563,20,0.8,火灶面具是它激发出火之力量，最具攻击性的样子。它会像挥动长枪一样操控带刺的藤蔓贯穿敌人，能够如炉中熊熊燃烧的火焰般猛烈攻击敌人,面影辉映&自在变幻,,510,,,<2008;2009>,<<120;204>;<121;202>>,<2007;2009>
5484,厄诡椪·础石面具,<cn>,,5481,,<7>,,4,,,,20,,5481,55481,,2,,<7;8;9;12>,3,<80;110;120;84;60;96;550>,,4,21,4,<609;610;611;604;605>,,,4,5484,,,54843,<54841;54842;54843;54846;61101;61102>,5481,,<11004;11104;11204;11304>,25481,4,4,{drawcard=hong_effect_loop},5481,6,4,4,4,<54811;54812;54813;54814>,1563,20,0.8,础石面具是激发出岩石之力量，防守优秀的样子。它能以坚固的岩石身躯抵挡任何攻击，守护自身，能够如支撑住家的地基般承受沉重的冲击,面影辉映&自在变幻,,510,,,<2008;2009>,<<120;204>;<121;202>>,<2007;2009>
5561,桃歹郎,<cn>,,5561,,<8>,,,,,,,,5561,55561,,0,,<6;7;18;19>,3,<88;88;88;160;88;88;600>,,4,21,4,<621;622;623;604;605>,,,4,5561,,,55613,<55611;55612;55613;55616;61151;61152>,5561,,<11024;11124;11224;11324>,25561,4,4,{drawcard=hong_effect_loop},5561,9,4,4,4,<55611;55612;55613;55614>,1173,20,0.88,桃歹郎桃形的壳是剧毒的储存库。它会将从壳分泌出的毒揉成“锁链粘糕”供人类和宝可梦享用，待对方吃下后再用锁链操控对方,剧毒防御&傀儡操控,,530,2,,<2033;2029>,<<124;204>;<125;202>>,<2034;2032>
7001,小智版皮卡丘,<cn;kr;tw;en;en_us;en_eu>,,7001,,<8>,,,,,,,,7001,57001,,1,,<6;7;18;19>,2,<80;130;90;70;130;80;580>,,3,11,3,<612;613;614;602;603>,,,3,7001,,{117=<951;952;953;956;61101;61102>},943,<941;942;943;946;61101;61102>,7001,,<11053;11153;11253;11353>,27001,3,3,{drawcard=huang_effect_loop},7001,3,3,3,3,<70011;70012;70013;70014>,1102,15,0.88,小智最初的伙伴，拒绝进化，也不愿意呆在精灵球中。时而毁天灭地，时而一击即败，荣获多次奥斯卡影帝称号，人生如戏，全靠演技,皮神,,440,2,,,<<118;204>;<119;204>>,<1070>
7011,小智版甲贺忍蛙,<cn;kr;tw;en;en_us;en_eu>,,7011,,<8>,,,,70110,,,,7011,57011,,1,,<6;7;18;19>,3,<72;132;145;67;153;71;640>,,4,21,4,<621;622;623;604;605>,,,4,7011,,,33043,<33041;33042;33043;33046;61101;61102>,7011,,<11024;11124;11224;11324>,27011,4,4,{drawcard=hong_effect_loop},7011,6,4,4,4,<70111;70112;70113;70114>,1043,20,0.72,由与小智之间的羁绊和信赖关系而产生罕见的能激发宝可梦的潜力的“羁绊现象”，整体形象变得和小智很相像，背后的巨型水手里剑，是他们两个之间的羁绊证明,羁绊进化&水之忍者,,510,,,<2035;2034>,<<120;204>;<121;202>>,<2036;2043;2045>
7021,闪光超级耿鬼,<cn;kr;tw;en;en_us;en_eu>,,7021,,<8>,,,,,,,,7021,57021,,0,,<6;7;18;19>,3,<60;130;65;80;170;95;600>,,4,21,4,<621;622;623;604;605>,,,4,397,,{128=<70221;70222;70223;70226;61101;61102>},3973,<3971;3972;3973;3976;61101;61102>,7021,,<11024;11124;11224;11324>,27021,4,4,{drawcard=hong_effect_loop},7021,6,4,4,4,<70211;70212;70213;70214>,1113,20,0.8,异色的超级耿鬼，据说它巨大嘴巴的另一端连接着死后的世界。它会设下致命的陷阱，如果站在它的嘴巴前面，就会听见心爱之人呼唤自己的声音,厄夜的鬼魅,,540,2,,<2034;2033>,<<126;202>>,<2035;2036>
7031,闪光超级班基拉斯,<cn;kr;tw;en;en_us;en_eu>,,7031,,<7>,,,,,,,,7031,57031,,0,,<8;9;13;12>,3,<100;71;164;150;95;120;700>,,4,21,4,<615;616;617;604;605>,,,4,7031,,{131=<70341;70342;70343;70346;61101;61102>},70313,<70311;70312;70313;70316;61101;61102>,7031,,<11044;11144;11244;11344>,27031,4,4,{drawcard=hong_effect_loop},7031,6,4,4,4,<70311;70312;70313;70314>,1543,20,,闪光超级班基拉斯后背由于体内注入了惊人的能量而裂开了，只剩下破坏的本能在驱使着它行动,山崩地裂,,510,,,<2036;2037>,<<120;204>;<121;202>>,<2037;2038;2039>
7041,起源梦幻,<cn;kr;tw;en;en_us;en_eu>,,7041,,<8>,,,,,,,,7041,57041,,0,,<24;23;14;16>,3,<100;100;100;100;100;100;600>,,4,21,4,<606;607;608;604;605>,,,4,7041,,{139=<70491;70492;70493;70496;61101;61102>},70413,<70411;70412;70413;70416;61151;61152>,7041,,<11014;11114;11214;11314>,27041,4,4,{drawcard=hong_effect_loop},7041,9,4,4,4,<70411;70412;70413;70414>,1553,20,,起源梦幻可以制造出一种超能力气泡，在不同环境中保护自己，梦幻可以利用这种气泡在深海中呼吸和游泳，还能借此气泡进入太空,宝可梦始祖&千变万化,,530,2,,<2037;2036>,<<124;204>;<125;202>>,<2038;2037>
7051,闪光超级沙奈朵,<cn;kr;tw;en;en_us;en_eu>,,7051,,<8>,,,,,,,,7051,57051,,0,,<6;7;18;19>,3,<68;100;85;65;165;135;618>,,4,21,4,<606;607;608;604;605>,,,4,7051,,{138=<70531;70532;70533;70536;61101;61102>;140=<70551;70552;70553;70556;61101;61102>},70513,<70511;70512;70513;70516;61151;61152>,7051,,<11014;11114;11214;11314>,27051,4,4,{drawcard=hong_effect_loop},7051,6,4,4,4,<70511;70512;70513;70514>,1183,20,,据说在使用预知未来的能力察觉到训练家有危险时，就会使出最强的精神能量。,荆棘女王&骑士守护,,510,,,<2038;2037;2040>,<<120;204>;<121;202>>,<2039;2037;2038>
7061,闪光超级艾路雷朵,<cn;kr;tw;en;en_us;en_eu>,,7061,,<7>,,,,,,,,7061,57061,,0,,<8;9;13;12>,3,<68;110;165;95;65;115;618>,,4,21,4,<606;607;608;604;605>,,,4,7061,,{151=<70621;70622;70623;70626;61101;61102>},70613,<70611;70612;70613;70616;61101;61102>,7061,,<11014;11114;11214;11314>,27061,4,4,{drawcard=hong_effect_loop},7061,6,4,4,4,<70611;70612;70613;70614>,1173,20,,双臂自带锋利的刀刃，可以灵活运用双刀战斗，会将来犯的敌人斩切成碎片。,鲜血骑士&铁血斗志,,510,,,<2039;2035>,<<120;204>;<121;202>>,<2040;2050;2053>
7071,凯路迪欧·觉悟,<cn;kr;tw;en;en_us;en_eu>,,7071,,<8>,,,,,,,,7071,57071,,0,,<6;7;18;19>,3,<91;108;72;90;129;90;580>,,4,21,4,<621;622;623;604;605>,,,4,7071,,{145=<70731;70732;70733;70736;61101;61102>},70713,<70711;70712;70713;70716;61101;61102>,7071,,<11024;11124;11224;11324>,27071,4,4,{drawcard=hong_effect_loop},7071,6,4,4,4,<70711;70712;70713;70714>,1203,20,0.91,觉悟的圣剑士，原本的独角变得又长又粗且变成了一节一节的深蓝色，像一把剑士专用的利刃，威风八面，正气凛然,觉悟圣剑&凌波连斩,,510,,,<2040;2038;2046>,<<120;204>;<121;202>>,<2041;2038;2036>
7081,大吾超级巨金怪,<cn;kr;tw;en;en_us;en_eu>,,7081,,<7>,,,,,,,,7081,57081,,0,,<15;16;11;12>,3,<80;110;145;150;105;110;700>,,4,21,4,<615;616;617;604;605>,,,4,7081,,{167=<70821;70822;70823;70826;61151;61152>},70813,<70811;70812;70813;70816;61151;61152>,7081,,<11044;11144;11244;11344>,27081,4,4,{drawcard=hong_effect_loop},7081,7,4,4,4,<70811;70812;70813;70814>,1523,20,0.8,超级巨金怪因为超级进化，大脑受到刺激，变成了为胜利不择手段的冷酷性格。它的头脑变得更优秀了，其结果令战斗变得冷酷得惨不忍睹。如果判断自己无法战胜，就会用爪子抓住对手，开始大爆炸的倒计时,重力操控&超强算力,,520,4,,<2041;2037;2052>,<<122;202>;<123;204>>,<2042;2038;2037>
7091,竹兰超级烈咬陆鲨,<cn;kr;tw;en;en_us;en_eu>,,7091,,<7>,,,,,,,,7091,57091,,0,,<11;12;15;16>,3,<108;92;170;115;120;95;700>,,4,21,4,<618;619;620;604;605>,,,4,7091,,,70913,<70911;70912;70913;70916;61101;61102>,7091,,<11034;11134;11234;11334>,27091,4,4,{drawcard=hong_effect_loop},7091,6,4,4,4,<70911;70912;70913;70914>,1103,20,1.08,神奥冠军竹兰的主力，超级进化的它会挥舞引以为傲的翅膀变成的镰刀，把大地剁成粉末，把敌人割得粉碎,嗜血猎杀&狂暴地动,,510,,,<2042;2046;2045>,<<120;204>;<121;202>>,<2043;2045>
7101,假面超级火焰鸡,<cn;kr;tw;en;en_us;en_eu>,,7101,,<7>,,,,71010,,,,7101,57101,,0,,<10;11;13;9>,3,<80;100;160;80;130;80;630>,,4,21,4,<618;619;620;604;605>,,,4,7101,,,71013,<71011;71012;71013;71016;61101;61102>,7101,,<11034;11134;11234;11334>,27101,4,4,{drawcard=hong_effect_loop},7101,6,4,4,4,<71011;71012;71013;71014>,1503,20,0.8,假面火焰鸡战斗时会从手腕喷出灼热的火焰，勇敢地迎战对手。对手越强，火焰就会烧得越旺。曾经拯救小智落下棱镜塔后就在某建筑物的屋顶出场,红莲假面&火焰连踢,,510,,,<2043;2045;2046>,<<120;204>;<121;202>>,<2044;2045;2048>
7111,闪光超级路卡利欧,<cn;kr;tw;en;en_us;en_eu>,,7111,,<7>,,,,,,,,7111,57111,,0,,<10;11;13;9>,3,<70;112;145;88;140;70;625>,,4,21,4,<612;613;614;604;605>,,,4,7111,,,71113,<71111;71112;71113;71116;61101;61102>,7111,,<11054;11154;11254;11354>,27111,4,4,{drawcard=hong_effect_loop},7111,6,4,4,4,<71111;71112;71113;71114>,1163,20,0.7,闪光超级路卡利欧超级进化的能量和波导混合在一起来回乱窜，将全身刻满了黑色的痕迹。因超级进化，波导发生膨胀。沐浴在爆发性的能量中，使得它斗争的本能觉醒了，会在斗争本能的驱使下用毫不留情的手段攻击敌人。它会集中全部精神，向眼前的敌人发起挑战，战斗风格就是一个词“无情”,波导连打&能量迸发,,510,,,<2044;2045>,<<120;204>;<121;202>>,<2045;2043>
7121,艾岚超级喷火龙X,<cn;kr;tw;en;en_us;en_eu>,,7121,,<7>,,,,,,,,7121,57121,,0,,<8;9;13;12>,3,<78;100;130;111;130;85;634>,,4,21,4,<618;619;620;604;605>,,,4,7121,,,71213,<71211;71212;71213;71216;61101;61102>,7121,,<11034;11134;11234;11334>,27121,4,4,{drawcard=hong_effect_loop},7121,6,4,4,4,<71211;71212;71213;71214>,1153,20,0.78,艾岚超级喷火龙X，以其炽热的火焰和强大的格斗技巧而闻名于宝可梦世界。当喷火龙携带喷火龙石X（Charizardite X）并进行超级进化时，它将转变为这一强大的形态。艾岚超级喷火龙X的全身被蓝白色的火焰所包围，它的四肢变得更加健壮，肌肉线条分明，展现出无与伦比的力量感,苍炎暴轰&灼烧扩散,,510,,,<2045;2046>,<<120;204>;<121;202>>,<2046;2047;2048>
7131,闪光超级暴雪王,<cn;kr;tw;en;en_us;en_eu>,,7131,,<7;8>,,,,,,,,7131,57131,,0,,<10;11;13;9>,3,<90;30;132;105;132;105;594>,,4,21,4,<609;610;611;604;605>,,,4,7131,,,71313,<71311;71312;71313;71316;61101;61102>,7131,,<11004;11104;11204;11304>,27131,4,4,{drawcard=hong_effect_loop},7131,10,4,4,4,<71311;71312;71313;71314>,1553,20,0.9,闪光超级暴雪王雪花盛开之时会从某处现身，雪花凋零之时则会再度前往某处并隐藏自己的身影。它是就连巨石也能轻易劈开的大力士，只要它摇动巨大的身体就会引发暴风雪让周围变得一片雪白,伪装大师&极度深寒,,510,,,<2046;2036>,<<120;204>;<121;202>>,<2047;2038>
7141,闪光超级蜥蜴王,<cn;kr;tw;en;en_us;en_eu>,,7141,,<8>,,,,,,,,7141,57141,,0,,<6;7;18;19>,3,<70;145;110;75;145;85;630>,,4,21,4,<609;610;611;604;605>,,,4,7141,,{164=<71421;71422;71423;71426;61101;61102>},71413,<71411;71412;71413;71416;61101;61102>,7141,,<11004;11104;11204;11304>,27141,4,4,{drawcard=hong_effect_loop},7141,6,4,4,4,<71411;71412;71413;71414>,1183,20,0.7,闪光超级蜥蜴王在丛林暗影中狩猎，将尾巴像导弹一般发射攻击对手，强大的自我再生能力使对手感觉到畏惧，当其展现手中光刃之时，便是猎杀的终结时刻,潜影猎手&飞弹降临,,510,,,<2047;2046>,<<120;204>;<121;202>>,<2048;2047>
7151,闪光超级妙蛙花,<cn;kr;tw;en;en_us;en_eu>,,7151,,<8>,,,,,,,,7151,57151,,0,,<6;14;18;22>,3,<80;80;100;123;122;120;625>,,4,21,4,<609;610;611;604;605>,,,4,7151,,,71513,<71511;71512;71513;71516;61151;61152>,7151,,<11004;11104;11204;11304>,27151,4,4,{drawcard=hong_effect_loop},7151,9,4,4,4,<71511;71512;71513;71514>,1523,20,0.8,闪光超级妙蛙花背上的花由于超级进化的能源成长得更为巨大，花朵重量的增长使得支撑它的腰腿也变得更加强壮。,脂肪滋生&毒蓓绽放,,530,2,,<2048;2036>,<<124;204>;<125;202>>,<2049;2050;2051>
7161,冠军皮卡丘,<cn;kr;tw;en;en_us;en_eu>,,7161,,<7>,,,,,,,,7161,57161,,1,,<8;12;16;25>,2,<80;100;100;120;70;130;600>,,4,21,4,<612;613;614;604;605>,,,4,7161,,{179=<71621;71622;71623;71626;61151;61152>},71613,<71611;71612;71613;71616;61151;61152>,7161,,<11054;11154;11254;11354>,27161,4,4,{drawcard=hong_effect_loop},7161,9,4,4,4,<71611;71612;71613;71614>,1103,20,0.8,小智，这位怀揣梦想、勇往直前的年轻训练师，站在了象征着最高荣誉的擂台上，他的眼神坚定而炽热，仿佛能穿透一切障碍，直达胜利的彼岸。在他的身旁，是那只陪伴了他无数个日夜，共同经历了无数挑战与冒险的伙伴——皮卡丘。此时的皮卡丘，不同于以往的活泼与俏皮，它的全身被一层淡淡的金色光辉所笼罩，那是战斗意志与友情力量的完美结合，让它看起来更加威风凛凛，宛如一位即将加冕的王者。,我们是冠军,,520,4,,<2049;2036>,<<122;202>;<123;204>>,<2050;2049;2051>
7171,小刚超级大钢蛇,<cn;kr;tw;en_us>,,7171,,<7>,,,,,,,,7171,57171,,,,<11;12;15;16>,3,<75;30;125;230;55;95;610>,,4,21,4,<615;616;617;604;605>,,,4,7171,,,71713,<71711;71712;71713;71716;61151;61152>,7171,,<11044;11144;11244;11344>,27171,4,4,{drawcard=hong_effect_loop},7171,9,4,4,4,<71711;71712;71713;71714>,1573,20,0.75,小刚与超级大钢蛇，在无数次的冒险与挑战中，彼此信任，共同成长。这份羁绊友谊，成为了他们面对任何困难时，最坚强的后盾,钢铁反震&地穴绞杀,,520,4,,<2050;2036>,<<122;202>;<123;204>>,<2051;2049;2050>
7181,希嘉娜超级暴飞龙,<cn;tw;en_us;kr>,,7181,,<7>,,,,,,,,7181,57181,,0,,<15;16;11;12>,3,<95;120;145;130;120;90;700>,,4,21,4,<618;619;620;604;605>,,,4,7181,,,71813,<71811;71812;71813;71816;61101;61102>,7181,,<11034;11134;11234;11334>,27181,4,4,{drawcard=hong_effect_loop},7181,6,4,4,4,<71811;71812;71813;71814>,1053,20,0.95,流星之民希嘉娜的主力宝可梦，拥有较高的智慧，也很受希嘉娜信任。它能够在训练家缺席的情况下执行解救裂空座的任务，也可以记住9年前战斗过的对手的战术,撕裂夜空的红色新月,,510,,,<2051;2053;2046>,<<120;204>;<121;202>>,<2052;2056;2043>
7191,红色闪电超级巨钳螳螂,<cn;tw;en_us;kr>,,7191,,<7>,,,,,,,,7191,57191,,,,<11;12;13;16>,3,<70;75;150;140;65;100;600>,,4,21,4,<609;610;611;604;605>,,,4,7191,,{170=<71921;71922;71923;71926;61101;61102>},71913,<71911;71912;71913;71916;61101;61102>,7191,,<11004;11104;11204;11304>,27191,4,4,{drawcard=hong_effect_loop},7191,6,4,4,4,<71911;71912;71913;71914>,1163,20,0.7,红色闪电超级巨钳螳螂以它那耀眼的红色战甲、强大的钳子、以及那令人叹为观止的战斗技巧，成为了神奇宝贝世界中一颗璀璨的明星。它不仅是力量的化身，更是智慧与勇气的象征，让每一位训练家都为之倾倒,巨钳武装&瞬影一击,,510,,,<2053;2046>,<<120;204>;<121;202>>,<2054;2056;2043>
7201,虫王赫拉克罗斯,<cn>,,7201,,<7>,,,,,,,,7201,57201,,0,,<15;16;11;12>,2,<80;75;185;115;40;105;600>,,4,21,4,<609;610;611;604;605>,,,4,7201,,{175=<72031;72032;72033;72036;61101;61102>},72013,<72011;72012;72013;72016;61101;61102>,7201,,<11004;11104;11204;11304>,27201,4,4,{drawcard=hong_effect_loop},7201,9,4,4,4,<72011;72012;72013;72014>,1193,20,0.8,虫王赫拉克罗斯享受陷入绝境的感觉，1HP，正是荣耀的逆转时刻！,霸王之力&巨角冲击,,520,4,,<2054;2037>,<<122;202>;<123;204>>,<2055;2049>
7211,大甲超级凯罗斯,<cn>,,7211,,<7>,,,,,,,,7211,57211,,0,,<11;12;15;16>,2,<65;105;155;120;65;90;600>,,4,21,4,<609;610;611;604;605>,,,4,7211,,{177=<72121;72122;72123;72126;61101;61102>},72113,<72111;72112;72113;72116;61101;61102>,7211,,<11004;11104;11204;11304>,27211,4,4,{drawcard=hong_effect_loop},7211,9,4,4,4,<72111;72112;72113;72114>,1113,20,0.65,大甲超级凯罗斯能用自豪的犄角轻巧地抬着比自己重10倍的对手飞来飞去。或许是因为太过高兴，它几乎不会降落到地面上。它会以大约50公里的时速时速飞来飞去，并寻找对手的可乘之机，目的是用巨大的钳子穿刺对手后撕裂。,虫鸣巨剪&血量剪切,,510,,,<2055;2046;2043>,<<120;204>;<121;202>>,<2056;2048;2054>
7221,闪光超级化石翼龙,<cn>,,7221,,<7>,,,,,,,,7221,57221,,,,<8;9;13;12>,3,<80;150;135;85;70;95;615>,,4,21,4,<615;616;617;604;605>,,,4,7221,,,72213,<72211;72212;72213;72216;61101;61102>,7221,,<11044;11144;11244;11344>,27221,4,4,{drawcard=hong_effect_loop},7221,9,4,4,4,<72211;72212;72213;72214>,1053,20,0.8,闪光超级化石翼龙，这只来自远古的璀璨霸主，以其独特的外观、超绝的实力、神秘的背景和巨大的影响力，成为了精灵世界中一颗耀眼的明星。它的故事，将永远在精灵世界中流传下去，成为一段不朽的传奇。,琥珀石化&苍穹怒击,,510,,,<2052;2040>,<<120;204>;<121;202>>,<2053;2056>
7231,闪光超级龙头地鼠,<cn>,,7231,,<7>,,,,,,,,7231,57231,,,,<8;9;12;13>,3,<110;103;165;100;65;65;608>,,4,21,4,<609;610;611;604;605>,,,4,7231,,{180=<72321;72322;72323;72326;61101;61102>},72313,<72311;72312;72313;72316;61101;61102>,7231,,<11004;11104;11204;11304>,27231,4,4,{drawcard=hong_effect_loop},7231,9,4,4,4,<72311;72312;72313;72314>,1013,20,1.1,闪光超级龙头地鼠，它是 “地下突袭者”，既能利用挖洞招式潜伏突袭，又能以高速旋转清除场地障碍，它以黑色身躯缀以烈焰般的鲜红斑纹，超级进化后银色钻头愈发锐不可当，闪光形态的金属光泽让这只宝可梦成为战场焦点。它是沙暴天气下的绝对统治者，凭借三重特性与超高物攻，成为撕裂敌方防线的利刃。,迷宫隧道&钻头突袭,,510,,,<2042;2047>,,<2043;2045>
7241,闪光超级雪妖女,<cn>,,7241,,<8>,,,,,,,,7241,57241,,2,,<6;14;18;22>,3,<70;120;80;70;140;100;580>,,4,21,4,<615;616;617;604;605>,,,4,7241,,,72413,<72411;72412;72413;72416;61101;61102>,7241,,<11044;11144;11244;11344>,27241,4,4,{drawcard=hong_effect_loop},7241,6,4,4,4,<72411;72412;72413;72414>,1033,20,0.7,超级雪妖女散发出带有幽灵能量的诡异冷气，连火和风等没有形状的东西能冻住。,幽寒之心&雪咒封冻,,510,,,,,
7251,闪光超级阿勃梭鲁,<cn>,,7251,,<7>,,,,,,,,7251,57251,,,,<10;11;13;9>,3,<65;115;150;60;115;60;565>,,4,21,4,<606;607;608;604;605>,,,4,7251,,,72513,<72511;72512;72513;72516;61101;61102>,7251,,<11014;11114;11214;11314>,27251,4,4,{drawcard=hong_effect_loop},7251,6,4,4,4,<72511;72512;72513;72514>,1123,20,0.65,闪光超级阿勃梭鲁那染上绯红的体毛如同在灾厄中浴血的残羽，随风振动时会散发出令人窒息的终焉气场。这股能量让其原本温和的本性被破坏性的冲动所侵蚀，它那因厌恶战斗而流下的哀伤泪水，在他人眼中却是宣告毁灭的血色诅咒,恶系核心&灾祸打击,,510,,,,,
7261,闪光超级炎武王,<cn>,,7261,,<7>,,,,,,,,7261,57261,,,,<10;11;13;9>,3,<110;75;148;75;110;110;628>,,4,21,4,<618;619;620;604;605>,,,4,7261,,,72613,<72611;72612;72613;72616;61151;61152>,7261,,<11034;11134;11234;11334>,27261,4,4,{drawcard=hong_effect_loop},7261,7,4,4,4,<72611;72612;72613;72614>,1063,20,1.1,闪光超级炎武王是个豪杰，性格豪迈，但也是个粗暴的家伙，很爱生气。受到超级进化的影响，它总是很亢奋。战斗一旦开始，它就会不断地对眼前的敌人不由分说地挑起战斗,沸腾之血&武斗裁决,,520,4,,,,
9001,百变怪·紫色,,,9001,2,<7>,,,,,,,,,,,0,,<7;8;9;12>,,<48;48;48;48;48;48;288>,,6,,,<>,,,2,9001,,,90013,<90011;90012;90013;61101;61102>,,,<11012;11112;11212;11312>,29001,2,2,,9001,16,2,,,<90011>,,,,紫色百变怪，变身宝可梦。可以自由自在的重组身体的细胞，有变身能力的宝可梦。绝招只有一个，就是变身,升星素材,,,,,,,
9002,百变怪·橙色,,,9002,2,<7>,,,,,,,,,,,0,,<7;8;9;12>,,<48;48;48;48;48;48;288>,,6,,,<>,,,3,9002,,,90023,<90021;90022;90023;61101;61102>,9002,,<11013;11113;11213;11313>,29002,3,2,{drawcard=huang_effect_loop},9002,,3,,,<90021>,,,,橙色百变怪，变身宝可梦。可以自由自在的重组身体的细胞，有变身能力的宝可梦。绝招只有一个，也是变身,普通升星素材,,,,,,,
9003,百变怪·红色,,,9003,2,<7>,,,,,,,,,,,0,,<7;8;9;12>,,<48;48;48;48;48;48;288>,,6,,,<>,,,4,9003,,,90033,<90031;90032;90033;61101;61102>,9003,,<11014;11114;11214;11314>,29003,4,2,{drawcard=hong_effect_loop},9003,6,4,,,<90031>,,,,红色百变怪，变身宝可梦。可以自由自在的重组身体的细胞，有变身能力的宝可梦。绝招只有一个，还是变身,稀有升星素材,,,,,,,
