变量名,scene_id,_name,round,monsters,bossMark,showInfo,posAdjust,bossLifeCount,rebornSeq,hpC,speedC,damageC,specialDamageC,defenceC,specialDefenceC,bkCsv,storys,winStories,failStories,storyNames,weatherTypeId,monsters3,defenceC2,specialDefenceC2,specialDamageC2,speedC2,bossMark2,damageC2,monsters2,multiTeamNum,hpC2,damageC3,defenceC3,hpC3,specialDamageC3,specialDefenceC3,speedC3
默认值,,,,<>,,FALSE,,,,1,1,1,1,1,1,csv.stage.mgcb,<>,{},{},{},,<>,1,1,1,1,,1,<>,1,1,1,1,1,1,1,1
ID,对应scene_conf里的关卡id,关卡名字,当前波次,怪物id,boss标志位<0;1;0;0;0;0>,是否显示BOSS标志位上的简介,站位微调<0;{x=10;y=20};0;0;0;0>,boss血条数,复活序列,整体hp修正,速度修正,整体物攻修正,整体特攻修正,整体防御力修正,整体特防修正,背景配置 ,剧情ID配置<round; storyId; heroId>,获胜剧情,失败剧情,剧情角色名,场景默认天气ID,新增,新增,新增,新增,新增,新增,新增,新增,新增,新增,damageC3,defenceC3,hpC3,specialDamageC3,specialDefenceC3,speedC3
1,10101,,1,<50071;50071;0;0;0;0>,,,,,,0.9,0.5,,,,,csv.stage.city,<<0;10001>;<1;1001>;<1;1011;1>;<1;1021;2>>,,,,,,,,,,,,,,,,,,,,
2,10101,,2,<60301;0;60301;0;30302;0>,<0;0;0;0;1;0>,TRUE,,,,1.1,0.5,4,4,2,2,csv.stage.city,<<1;1031;1>;<1;1041;2>;<2;1051;1>>,,,,,,,,,,,,,,,,,,,,
4,10102,,1,<52071;50791;50051;0;0;0>,,,,,,0.9,0.5,,,,,csv.stage.city,<<0;10021>;<1;1101;2>>,,,,,,,,,,,,,,,,,,,,
5,10102,,2,<53291;0;53291;0;180601;0>,<0;0;0;0;1;0>,TRUE,,,,1.1,0.5,1.5,1.5,1.5,1.5,csv.stage.city,<<99;10031>>,,,,,,,,,,,,,,,,,,,,
7,10103,,1,<50281;50783;50281;0;52013;0>,,,,,,0.9,0.5,,,,,csv.stage.sg,<<0;10041>;<1;1201;2>>,,,,,,,,,,,,,,,,,,,,
8,10103,,2,<50781;60541;50781;0;181293;0>,<0;0;0;0;1;0>,TRUE,,,,1.1,0.5,1.5,1.5,1.5,1.5,csv.stage.sg2,<<99;10051>>,,,,,,,,,,,,,,,,,,,,
10,10104,,1,<50551;0;50551;0;51313;0>,,,,,,0.9,0.5,,,,,csv.stage.sl,<<0;10061>>,,,,,,,,,,,,,,,,,,,,
11,10104,,2,<53011;53012;53011;0;183472;0>,<0;0;0;0;1;0>,TRUE,,,,1.1,0.5,1.5,1.5,1.5,1.5,csv.stage.ty,<<99;10071>>,,,,,,,,,,,,,,,,,,,,
13,10105,,1,<51351;0;51351;50803;0;50803>,,,,,,0.9,0.5,,,,,csv.stage.ty,<<0;10081>>,,,,,,,,,,,,,,,,,,,,
14,10105,,2,<0;0;0;0;183303;0>,<0;0;0;0;1;0>,TRUE,,,,0.9,0.5,0.65,0.65,0.8,0.8,csv.stage.sl,,,,,,,,,,,,,,,,,,,,,
16,10201,,1,<50592;0;50592;52012;0;52012>,,,,,,0.65,0.5,0.9,0.9,,,csv.stage.grass,<<0;10100>>,,,,,,,,,,,,,,,,,,,,
17,10201,,2,<53472;0;53472;0;70232;0>,<0;0;0;0;1;0>,TRUE,,,,0.65,0.5,0.9,0.9,,,csv.stage.grass,,,,,,,,,,,,,,,,,,,,,
19,10202,,1,<0;0;50551;50301;0;50301>,,,,,,0.65,0.5,0.9,0.9,,,csv.stage.sss,<<0;10110>>,,,,,,,,,,,,,,,,,,,,
20,10202,,2,<60541;50791;60541;0;70803;0>,<0;0;0;0;1;0>,TRUE,,,,0.65,0.5,0.9,0.9,,,csv.stage.sss,,,,,,,,,,,,,,,,,,,,,
22,10203,,1,<50062;0;50062;50071;0;50071>,,,,,,0.65,0.5,0.9,0.9,,,csv.stage.zz,,,,,,,,,,,,,,,,,,,,,
23,10203,,2,<61861;0;61861;0;70632;0>,<0;0;0;0;1;0>,TRUE,,,,0.65,0.5,0.9,0.9,,,csv.stage.zz,,,,,,,,,,,,,,,,,,,,,
25,10204,,1,<51612;50472;0;51171;0;51171>,,,,,,0.65,0.5,0.9,0.9,,,csv.stage.sg2,<<0;10120>>,,,,,,,,,,,,,,,,,,,,
26,10204,,2,<50021;60001;50011;0;70092;0>,<0;0;0;0;1;0>,TRUE,,,,0.65,0.5,0.9,0.9,,,csv.stage.s,<<99;10130>>,,,,,,,,,,,,,,,,,,,,
28,10205,,1,<52481;0;52481;50691;0;50691>,,,,,,0.65,0.5,0.9,0.9,,,csv.stage.s,<<0;10140>>,,,,,,,,,,,,,,,,,,,,
29,10205,,2,<50451;0;50451;0;73293;0>,<0;0;0;0;1;0>,TRUE,,,,0.65,0.5,0.9,0.9,,,csv.stage.shm,,,,,,,,,,,,,,,,,,,,,
31,10206,,1,<0;0;53291;51611;0;51611>,,,,,,0.65,0.5,0.9,0.9,,,csv.stage.shm,<<0;10150>>,,,,,,,,,,,,,,,,,,,,
32,10206,,2,<0;0;0;0;181303;0>,<0;0;0;0;1;0>,TRUE,,,,0.65,0.5,0.8,0.8,0.8,0.8,csv.stage.shm,<<99;10160>>,,,,,,,,,,,,,,,,,,,,
34,10301,,1,<50051;0;50051;52681;0;52681>,,,,,,0.7,0.5,0.9,0.9,,,csv.stage.grass,<<0;10200>>,,,,,,,,,,,,,,,,,,,,
35,10301,,2,<0;0;0;50111;70122;50121>,<0;0;0;0;1;0>,TRUE,,,,0.7,0.5,0.9,0.9,,,csv.stage.grass,,,,,,,,,,,,,,,,,,,,,
37,10302,,1,<0;51351;0;51292;0;51292>,,,,,,0.7,0.5,0.9,0.9,,,csv.stage.city,,,,,,,,,,,,,,,,,,,,,
38,10302,,2,<50281;60281;50281;0;71293;0>,<0;0;0;0;1;0>,TRUE,,,,0.7,0.5,0.9,0.9,,,csv.stage.city,,,,,,,,,,,,,,,,,,,,,
40,10303,,1,<53542;0;53542;50471;0;50471>,,,,,,0.7,0.5,0.9,0.9,,,csv.stage.golden,,,,,,,,,,,,,,,,,,,,,
41,10303,,2,<52012;0;52012;60191;71353;60191>,<0;0;0;0;1;0>,TRUE,,,,0.7,0.5,0.9,0.9,,,csv.stage.golden,,,,,,,,,,,,,,,,,,,,,
43,10304,,1,<0;50061;50332;50061;51171;50061>,,,,,,0.7,0.5,0.9,0.9,,,csv.stage.qf,<<0;10210>>,,,,,,,,,,,,,,,,,,,,
44,10304,,2,<0;50332;0;0;70771;0>,<0;0;0;0;1;0>,TRUE,,,,0.7,0.5,0.9,0.9,,,csv.stage.qf,,,,,,,,,,,,,,,,,,,,,
46,10305,,1,<50071;0;50071;50601;0;50601>,,,,,,0.7,0.5,0.9,0.9,,,csv.stage.city,,,,,,,,,,,,,,,,,,,,,
47,10305,,2,<60102;0;60102;50451;70192;50451>,<0;0;0;0;1;0>,TRUE,,,,0.7,0.5,0.9,0.9,,,csv.stage.city,,,,,,,,,,,,,,,,,,,,,
49,10306,,1,<50031;0;0;51292;51292;51292>,,,,,,0.7,0.5,0.9,0.9,,,csv.stage.zz,,,,,,,,,,,,,,,,,,,,,
50,10306,,2,<50052;60262;50052;0;73283;0>,<0;0;0;0;1;0>,TRUE,,,,0.7,0.5,0.9,0.9,,,csv.stage.zz,,,,,,,,,,,,,,,,,,,,,
52,10307,,1,<50132;0;50132;51421;0;51421>,,,,,,0.7,0.5,0.9,0.9,,,csv.stage.ty,,,,,,,,,,,,,,,,,,,,,
53,10307,,2,<50451;0;50451;60263;70263;60263>,<0;0;0;0;1;0>,TRUE,,,,0.7,0.5,0.9,0.9,,,csv.stage.ty,,,,,,,,,,,,,,,,,,,,,
55,10308,,1,<0;50261;0;50393;0;50771>,,,,,,0.7,0.5,0.9,0.9,,,csv.stage.nbcity,<<0;10220>>,,,,,,,,,,,,,,,,,,,,
56,10308,,2,<0;0;0;0;180761;0>,<0;0;0;0;1;0>,TRUE,,,,0.7,0.5,0.9,0.9,,,csv.stage.nbcity,<<99;10230>>,,,,,,,,,,,,,,,,,,,,
58,10401,,1,<50691;0;53291;50691;0;53291>,,,,,,0.7,0.5,,,,,csv.stage.beach,<<0;10300>>,,,,,,,,,,,,,,,,,,,,
59,10401,,2,<60022;0;60022;0;70012;0>,<0;0;0;0;1;0>,TRUE,,,,0.7,0.5,,,,,csv.stage.beach,,,,,,,,,,,,,,,,,,,,,
61,10402,,1,<0;50331;0;50012;50012;50012>,,,,,,0.7,0.5,,,,,csv.stage.beach,,,,,,,,,,,,,,,,,,,,,
62,10402,,2,<50011;0;50011;0;73342;0>,<0;0;0;0;1;0>,TRUE,,,,0.7,0.5,,,,,csv.stage.beach,,,,,,,,,,,,,,,,,,,,,
64,10403,,1,<53291;0;53291;50062;0;50062>,,,,,,0.7,0.5,,,,,csv.stage.s,,,,,,,,,,,,,,,,,,,,,
65,10403,,2,<50601;0;50601;0;70793;0>,<0;0;0;0;1;0>,TRUE,,,,0.7,0.5,,,,,csv.stage.s,,,,,,,,,,,,,,,,,,,,,
67,10404,,1,<0;50471;0;50471;51352;50471>,,,,,,0.7,0.5,,,,,csv.stage.s,<<0;10310>>,,,,,,,,,,,,,,,,,,,,
68,10404,,2,<0;53292;0;0;70741;0>,<0;0;0;0;1;0>,TRUE,,,,0.7,0.5,,,,,csv.stage.s,,,,,,,,,,,,,,,,,,,,,
70,10405,,1,<0;50071;0;0;0;0>,,,,,,0.7,0.5,,,,,csv.stage.shm,,,,,,,,,,,,,,,,,,,,,
71,10405,,2,<63291;0;63291;0;71612;0>,<0;0;0;0;1;0>,TRUE,,,,0.7,0.5,,,,,csv.stage.shm,,,,,,,,,,,,,,,,,,,,,
73,10406,,1,<0;50602;0;50061;50061;50061>,,,,,,0.7,0.5,,,,,csv.stage.s,,,,,,,,,,,,,,,,,,,,,
74,10406,,2,<51611;61611;51611;0;70603;0>,<0;0;0;0;1;0>,TRUE,,,,0.7,0.5,,,,,csv.stage.s,,,,,,,,,,,,,,,,,,,,,
76,10407,,1,<50332;0;50332;52482;0;52482>,,,,,,0.7,0.5,,,,,csv.stage.zz,,,,,,,,,,,,,,,,,,,,,
77,10407,,2,<53341;0;53341;0;71303;0>,<0;0;0;0;1;0>,TRUE,,,,0.7,0.5,,,,,csv.stage.zz,,,,,,,,,,,,,,,,,,,,,
79,10408,,1,<0;50601;0;50741;0;50741>,,,,,,0.7,0.5,,,,,csv.stage.qf,<<0;10320>>,,,,,,,,,,,,,,,,,,,,
80,10408,,2,<0;0;0;0;181271;0>,<0;0;0;0;1;0>,TRUE,,,,0.7,0.5,,,,,csv.stage.qf,,,,,,,,,,,,,,,,,,,,,
82,10501,,1,<0;50012;0;53292;0;53292>,,,,,,0.7,0.5,,,,,csv.stage.zl,,,,,,,,,,,,,,,,,,,,,
83,10501,,2,<52012;52012;52012;0;0;0>,,,,,,0.7,0.5,,,,,csv.stage.zl,,,,,,,,,,,,,,,,,,,,,
84,10501,,3,<60461;0;60461;0;73562;0>,<0;0;0;0;1;0>,TRUE,,,,0.7,0.5,,,,,csv.stage.zl,,,,,,,,,,,,,,,,,,,,,
85,10502,,1,<0;50022;52011;50022;50591;50022>,,,,,,0.7,0.5,,,,,csv.stage.xcdg,,,,,,,,,,,,,,,,,,,,,
86,10502,,2,<52271;50481;52271;50012;0;50012>,,,,,,0.7,0.5,,,,,csv.stage.xcdg,,,,,,,,,,,,,,,,,,,,,
87,10502,,3,<62271;0;62271;0;73353;0>,<0;0;0;0;1;0>,TRUE,,,,0.7,0.5,,,,,csv.stage.xcdg,,,,,,,,,,,,,,,,,,,,,
88,10503,,1,<50002;53282;51171;50002;0;51171>,,,,,,0.7,0.5,,,,,csv.stage.city,,,,,,,,,,,,,,,,,,,,,
89,10503,,2,<50092;0;50011;50092;0;50011>,,,,,,0.7,0.5,,,,,csv.stage.city,,,,,,,,,,,,,,,,,,,,,
90,10503,,3,<63431;0;63431;0;70891;0>,<0;0;0;0;1;0>,TRUE,,,,0.7,0.5,,,,,csv.stage.city,,,,,,,,,,,,,,,,,,,,,
91,10504,,1,<50012;53281;0;50392;50392;50392>,,,,,,0.7,0.5,,,,,csv.stage.city,,,,,,,,,,,,,,,,,,,,,
92,10504,,2,<0;50043;0;50302;50302;50302>,,,,,,0.7,0.5,,,,,csv.stage.city,,,,,,,,,,,,,,,,,,,,,
93,10504,,3,<53281;60692;53281;0;71813;0>,<0;0;0;0;1;0>,TRUE,,,,0.7,0.5,,,,,csv.stage.city,,,,,,,,,,,,,,,,,,,,,
94,10505,,1,<50092;50092;50092;50052;0;50052>,,,,,,0.7,0.5,,,,,csv.stage.city,,,,,,,,,,,,,,,,,,,,,
95,10505,,2,<0;53301;0;50272;50131;50272>,,,,,,0.7,0.5,,,,,csv.stage.city,,,,,,,,,,,,,,,,,,,,,
96,10505,,3,<0;0;0;60392;70131;60392>,<0;0;0;0;1;0>,TRUE,,,,0.7,0.5,,,,,csv.stage.city,,,,,,,,,,,,,,,,,,,,,
97,10506,,1,<0;53542;50892;53542;51421;53542>,,,,,,0.7,0.5,,,,,csv.stage.city,,,,,,,,,,,,,,,,,,,,,
98,10506,,2,<53301;0;53301;51351;0;51351>,,,,,,0.7,0.5,,,,,csv.stage.city,,,,,,,,,,,,,,,,,,,,,
99,10506,,3,<60481;0;60481;0;70393;0>,<0;0;0;0;1;0>,TRUE,,,,0.7,0.5,,,,,csv.stage.city,,,,,,,,,,,,,,,,,,,,,
100,10507,,1,<51292;50071;53301;51292;0;53301>,,,,,,0.7,0.5,,,,,csv.stage.sl,,,,,,,,,,,,,,,,,,,,,
101,10507,,2,<50071;50132;50481;50071;50132;50481>,,,,,,0.7,0.5,,,,,csv.stage.sl,,,,,,,,,,,,,,,,,,,,,
102,10507,,3,<60131;0;60131;0;71392;0>,<0;0;0;0;1;0>,TRUE,,,,0.7,0.5,,,,,csv.stage.sl,,,,,,,,,,,,,,,,,,,,,
103,10508,,1,<50061;50272;0;50001;50001;50001>,,,,,,0.7,0.5,,,,,csv.stage.sg2,,,,,,,,,,,,,,,,,,,,,
104,10508,,2,<50471;50891;50471;50021;0;50021>,,,,,,0.7,0.5,,,,,csv.stage.sg2,,,,,,,,,,,,,,,,,,,,,
105,10508,,3,<51422;0;51422;63302;71394;63302>,<0;0;0;0;1;0>,TRUE,,,,0.7,0.5,,,,,csv.stage.sg2,,,,,,,,,,,,,,,,,,,,,
106,10509,,1,<50272;50272;50272;50062;0;50062>,,,,,,0.7,0.5,,,,,csv.stage.s,,,,,,,,,,,,,,,,,,,,,
107,10509,,2,<50891;50891;50891;50071;50301;50071>,,,,,,0.7,0.5,,,,,csv.stage.s,,,,,,,,,,,,,,,,,,,,,
108,10509,,3,<63411;0;63411;0;70263;0>,<0;0;0;0;1;0>,TRUE,,,,0.7,0.5,,,,,csv.stage.s,,,,,,,,,,,,,,,,,,,,,
109,10510,,1,<0;50011;50022;50011;50002;50011>,,,,,,0.7,0.5,,,,,csv.stage.beach,,,,,,,,,,,,,,,,,,,,,
110,10510,,2,<0;50551;0;53501;0;53501>,,,,,,0.7,0.5,,,,,csv.stage.beach,,,,,,,,,,,,,,,,,,,,,
111,10510,,3,<0;0;0;0;180761;0>,<0;0;0;0;1;0>,TRUE,,,,0.7,0.5,,,,,csv.stage.beach,,,,,,,,,,,,,,,,,,,,,
112,10601,,1,<50892;53542;50092;50892;0;50092>,,,,,,0.7,0.5,,,,,csv.stage.green,,,,,,,,,,,,,,,,,,,,,
113,10601,,2,<50101;52012;50022;50101;52012;50022>,,,,,,0.7,0.5,,,,,csv.stage.green,,,,,,,,,,,,,,,,,,,,,
114,10601,,3,<60191;60191;60191;0;70102;0>,<0;0;0;0;1;0>,TRUE,,,,0.7,0.5,,,,,csv.stage.green,,,,,,,,,,,,,,,,,,,,,
115,10602,,1,<50592;50331;0;53541;53541;53541>,,,,,,0.7,0.5,,,,,csv.stage.sl,,,,,,,,,,,,,,,,,,,,,
116,10602,,2,<52481;51171;52481;53301;53301;53301>,,,,,,0.7,0.5,,,,,csv.stage.sl,,,,,,,,,,,,,,,,,,,,,
117,10602,,3,<52301;61352;52301;0;70493;0>,<0;0;0;0;1;0>,TRUE,,,,0.7,0.5,,,,,csv.stage.sl,,,,,,,,,,,,,,,,,,,,,
118,10603,,1,<50602;50602;50602;52011;0;52011>,,,,,,0.7,0.5,,,,,csv.stage.green,,,,,,,,,,,,,,,,,,,,,
119,10603,,2,<0;53542;0;53301;50481;53301>,,,,,,0.7,0.5,,,,,csv.stage.green,,,,,,,,,,,,,,,,,,,,,
120,10603,,3,<0;0;0;0;70451;0>,<0;0;0;0;1;0>,TRUE,,,,0.7,0.5,,,,,csv.stage.green,,,,,,,,,,,,,,,,,,,,,
121,10604,,1,<0;53542;50021;53542;50691;53542>,,,,,,0.7,0.5,,,,,csv.stage.sl,,,,,,,,,,,,,,,,,,,,,
122,10604,,2,<51612;50043;51612;50043;52011;50043>,,,,,,0.7,0.5,,,,,csv.stage.sl,,,,,,,,,,,,,,,,,,,,,
123,10604,,3,<62011;0;62011;0;72723;0>,<0;0;0;0;1;0>,TRUE,,,,0.7,0.5,,,,,csv.stage.sl,,,,,,,,,,,,,,,,,,,,,
124,10605,,1,<50601;50301;50471;50601;0;50471>,,,,,,0.7,0.5,,,,,csv.stage.sss,,,,,,,,,,,,,,,,,,,,,
125,10605,,2,<53282;50272;50602;53282;50272;50602>,,,,,,0.7,0.5,,,,,csv.stage.sss,,,,,,,,,,,,,,,,,,,,,
126,10605,,3,<60262;63282;60262;0;72612;0>,<0;0;0;0;1;0>,TRUE,,,,0.7,0.5,,,,,csv.stage.sss,,,,,,,,,,,,,,,,,,,,,
127,10606,,1,<50392;50892;0;50451;50451;50451>,,,,,,0.7,0.5,,,,,csv.stage.zz,,,,,,,,,,,,,,,,,,,,,
128,10606,,2,<53472;50792;53472;50451;50451;50451>,,,,,,0.7,0.5,,,,,csv.stage.zz,,,,,,,,,,,,,,,,,,,,,
129,10606,,3,<0;60482;0;0;181503;0>,<0;0;0;0;1;0>,TRUE,,,,0.7,0.5,,,,,csv.stage.zz,,,,,,,,,,,,,,,,,,,,,
130,10607,,1,<50391;50391;50391;50262;0;50262>,,,,,,0.7,0.5,,,,,csv.stage.sg,,,,,,,,,,,,,,,,,,,,,
131,10607,,2,<51421;51421;51421;0;50261;0>,,,,,,0.7,0.5,,,,,csv.stage.sg,,,,,,,,,,,,,,,,,,,,,
132,10607,,3,<60371;0;60371;0;70472;0>,<0;0;0;0;1;0>,TRUE,,,,0.7,0.5,,,,,csv.stage.sg,,,,,,,,,,,,,,,,,,,,,
133,10608,,1,<0;50301;50792;50301;51292;50301>,,,,,,0.7,0.5,,,,,csv.stage.xcdg,,,,,,,,,,,,,,,,,,,,,
134,10608,,2,<50392;50791;50392;50791;0;50791>,,,,,,0.7,0.5,,,,,csv.stage.xcdg,,,,,,,,,,,,,,,,,,,,,
135,10608,,3,<61292;0;61292;60082;72633;60082>,<0;0;0;0;1;0>,TRUE,,,,0.7,0.5,,,,,csv.stage.xcdg,,,,,,,,,,,,,,,,,,,,,
136,10609,,1,<50331;50602;50391;50331;0;50391>,,,,,,0.7,0.5,,,,,csv.stage.lightred,,,,,,,,,,,,,,,,,,,,,
137,10609,,2,<50012;51351;51611;50012;51351;51611>,,,,,,0.7,0.5,,,,,csv.stage.lightred,,,,,,,,,,,,,,,,,,,,,
138,10609,,3,<60461;60461;60461;0;71253;0>,<0;0;0;0;1;0>,TRUE,,,,0.7,0.5,,,,,csv.stage.lightred,,,,,,,,,,,,,,,,,,,,,
139,10610,,1,<51171;50452;0;50331;50331;50331>,,,,,,0.7,0.5,,,,,csv.stage.sg,,,,,,,,,,,,,,,,,,,,,
140,10610,,2,<50302;52481;50302;51612;51612;51612>,,,,,,0.7,0.5,,,,,csv.stage.sg,,,,,,,,,,,,,,,,,,,,,
141,10610,,3,<0;0;0;0;180753;0>,<0;0;0;0;1;0>,TRUE,,,,0.7,0.5,,,,,csv.stage.sg,,,,,,,,,,,,,,,,,,,,,
142,10701,,1,<50301;50301;50301;50471;0;50471>,,,,,,0.7,0.5,,,,,csv.stage.green,,,,,,,,,,,,,,,,,,,,,
143,10701,,2,<52481;52481;52481;50691;53292;50691>,,,,,,0.7,0.5,,,,,csv.stage.green,,,,,,,,,,,,,,,,,,,,,
144,10701,,3,<61353;0;60331;61353;70072;60331>,<0;0;0;0;1;0>,TRUE,,,,0.7,0.5,,,,,csv.stage.green,,,,,,,,,,,,,,,,,,,,,
145,10702,,1,<0;51612;50271;51612;53542;51612>,,,,,,0.7,0.5,,,,,csv.stage.sg,,,,,,,,,,,,,,,,,,,,,
146,10702,,2,<50471;50101;50471;50101;53472;50101>,,,,,,0.7,0.5,,,,,csv.stage.sg,,,,,,,,,,,,,,,,,,,,,
147,10702,,3,<60092;0;60092;63282;70053;63282>,<0;0;0;0;1;0>,TRUE,,,,0.7,0.5,,,,,csv.stage.sg,,,,,,,,,,,,,,,,,,,,,
148,10703,,1,<50131;53291;50792;50131;0;50792>,,,,,,0.7,0.5,,,,,csv.stage.sg2,,,,,,,,,,,,,,,,,,,,,
149,10703,,2,<50131;52481;53471;50131;52481;53471>,,,,,,0.7,0.5,,,,,csv.stage.sg2,,,,,,,,,,,,,,,,,,,,,
150,10703,,3,<60482;60082;60482;0;70113;0>,<0;0;0;0;1;0>,TRUE,,,,0.7,0.5,,,,,csv.stage.sg2,,,,,,,,,,,,,,,,,,,,,
151,10704,,1,<50601;50092;0;53302;53302;53302>,,,,,,0.7,0.5,,,,,csv.stage.ty,,,,,,,,,,,,,,,,,,,,,
152,10704,,2,<50071;50131;50071;50452;50452;50452>,,,,,,0.7,0.5,,,,,csv.stage.ty,,,,,,,,,,,,,,,,,,,,,
153,10704,,3,<52012;0;52012;60571;70572;60571>,<0;0;0;0;1;0>,TRUE,,,,0.7,0.5,,,,,csv.stage.ty,,,,,,,,,,,,,,,,,,,,,
154,10705,,1,<53542;53542;53542;50021;0;50021>,,,,,,0.7,0.5,,,,,csv.stage.river,,,,,,,,,,,,,,,,,,,,,
155,10705,,2,<52271;52271;52271;50391;50591;50391>,,,,,,0.7,0.5,,,,,csv.stage.river,,,,,,,,,,,,,,,,,,,,,
156,10705,,3,<61352;0;60793;61352;72891;60793>,<0;0;0;0;1;0>,TRUE,,,,0.7,0.5,,,,,csv.stage.river,,,,,,,,,,,,,,,,,,,,,
157,10706,,1,<0;50392;53291;50392;50452;50392>,,,,,,0.7,0.5,,,,,csv.stage.sl,,,,,,,,,,,,,,,,,,,,,
158,10706,,2,<51611;51421;51611;51421;53541;51421>,,,,,,0.7,0.5,,,,,csv.stage.sl,,,,,,,,,,,,,,,,,,,,,
159,10706,,3,<60881;0;60881;0;180731;0>,<0;0;0;0;1;0>,TRUE,,,,0.7,0.5,,,,,csv.stage.sl,,,,,,,,,,,,,,,,,,,,,
160,10707,,1,<50601;50891;50043;50601;0;50043>,,,,,,0.7,0.5,,,,,csv.stage.ice,,,,,,,,,,,,,,,,,,,,,
161,10707,,2,<50021;50272;51292;50021;50272;51292>,,,,,,0.7,0.5,,,,,csv.stage.ice,,,,,,,,,,,,,,,,,,,,,
162,10707,,3,<63542;0;63542;0;73511;0>,<0;0;0;0;1;0>,TRUE,,,,0.7,0.5,,,,,csv.stage.ice,,,,,,,,,,,,,,,,,,,,,
163,10708,,1,<50392;50551;0;50002;50002;50002>,,,,,,0.7,0.5,,,,,csv.stage.ice,,,,,,,,,,,,,,,,,,,,,
164,10708,,2,<51351;0;51351;50002;50002;50002>,,,,,,0.7,0.5,,,,,csv.stage.ice,,,,,,,,,,,,,,,,,,,,,
165,10708,,3,<0;63021;0;0;180721;0>,<0;0;0;0;1;0>,TRUE,,,,0.7,0.5,,,,,csv.stage.ice,,,,,,,,,,,,,,,,,,,,,
166,10709,,1,<53282;53282;53282;52011;0;52011>,,,,,,0.7,0.5,,,,,csv.stage.ice,,,,,,,,,,,,,,,,,,,,,
167,10709,,2,<50052;50052;50052;53472;53472;53472>,,,,,,0.7,0.5,,,,,csv.stage.ice,,,,,,,,,,,,,,,,,,,,,
168,10709,,3,<61081;0;61081;0;72483;0>,<0;0;0;0;1;0>,TRUE,,,,0.7,0.5,,,,,csv.stage.ice,,,,,,,,,,,,,,,,,,,,,
169,10710,,1,<0;50451;53292;50451;50392;50451>,,,,,,0.7,0.5,,,,,csv.stage.red,,,,,,,,,,,,,,,,,,,,,
170,10710,,2,<50601;51292;50601;53431;0;53431>,,,,,,0.7,0.5,,,,,csv.stage.red,,,,,,,,,,,,,,,,,,,,,
171,10710,,3,<0;0;0;0;181971;0>,<0;0;0;0;1;0>,TRUE,,,,0.7,0.5,,,,,csv.stage.red,,,,,,,,,,,,,,,,,,,,,
172,10801,,1,<50551;0;53292;50551;0;53292>,,,,,,0.7,0.5,,,,,csv.stage.green,,,,,,,,,,,,,,,,,,,,,
173,10801,,2,<50331;53291;50471;50331;53291;50471>,,,,,,0.7,0.5,,,,,csv.stage.green,,,,,,,,,,,,,,,,,,,,,
174,10801,,3,<63302;63302;63302;0;70464;0>,<0;0;0;0;1;0>,TRUE,,,,0.7,0.5,,,,,csv.stage.green,,,,,,,,,,,,,,,,,,,,,
175,10802,,1,<50301;50392;0;50891;50891;50891>,,,,,,0.7,0.5,,,,,csv.stage.s,,,,,,,,,,,,,,,,,,,,,
176,10802,,2,<50022;0;50022;0;50592;0>,,,,,,0.7,0.5,,,,,csv.stage.s,,,,,,,,,,,,,,,,,,,,,
177,10802,,3,<50371;60371;50371;0;70372;0>,<0;0;0;0;1;0>,TRUE,,,,0.7,0.5,,,,,csv.stage.s,,,,,,,,,,,,,,,,,,,,,
178,10803,,1,<51421;51421;51421;50891;0;50891>,,,,,,0.7,0.5,,,,,csv.stage.river,,,,,,,,,,,,,,,,,,,,,
179,10803,,2,<50092;50092;50092;50022;50132;50022>,,,,,,0.7,0.5,,,,,csv.stage.river,,,,,,,,,,,,,,,,,,,,,
180,10803,,3,<0;0;0;0;70552;0>,<0;0;0;0;1;0>,TRUE,,,,0.7,0.5,,,,,csv.stage.river,,,,,,,,,,,,,,,,,,,,,
181,10804,,1,<0;50071;53541;50071;50331;50071>,,,,,,0.7,0.5,,,,,csv.stage.zl,,,,,,,,,,,,,,,,,,,,,
182,10804,,2,<50062;50021;50062;50021;50602;50021>,,,,,,0.7,0.5,,,,,csv.stage.zl,,,,,,,,,,,,,,,,,,,,,
183,10804,,3,<0;0;0;0;71253;0>,<0;0;0;0;1;0>,TRUE,,,,0.7,0.5,,,,,csv.stage.zl,,,,,,,,,,,,,,,,,,,,,
184,10805,,1,<50062;50081;50092;50062;0;50092>,,,,,,0.7,0.5,,,,,csv.stage.sg,,,,,,,,,,,,,,,,,,,,,
185,10805,,2,<50792;52481;50272;50792;52481;50272>,,,,,,0.7,0.5,,,,,csv.stage.sg,,,,,,,,,,,,,,,,,,,,,
186,10805,,3,<63302;60262;63302;0;72873;0>,<0;0;0;0;1;0>,TRUE,,,,0.7,0.5,,,,,csv.stage.sg,,,,,,,,,,,,,,,,,,,,,
187,10806,,1,<50092;50792;0;51422;51422;51422>,,,,,,0.7,0.5,,,,,csv.stage.sg2,,,,,,,,,,,,,,,,,,,,,
188,10806,,2,<50131;50451;50131;50592;50592;50592>,,,,,,0.7,0.5,,,,,csv.stage.sg2,,,,,,,,,,,,,,,,,,,,,
189,10806,,3,<0;60721;0;60593;181423;60593>,<0;0;0;0;1;0>,TRUE,,,,0.7,0.5,,,,,csv.stage.sg2,,,,,,,,,,,,,,,,,,,,,
190,10807,,1,<50002;50002;50002;50591;0;50591>,,,,,,0.7,0.5,,,,,csv.stage.sg,,,,,,,,,,,,,,,,,,,,,
191,10807,,2,<0;0;0;53291;0;53291>,,,,,,0.7,0.5,,,,,csv.stage.sg,,,,,,,,,,,,,,,,,,,,,
192,10807,,3,<61422;0;60002;61422;73413;60002>,<0;0;0;0;1;0>,TRUE,,,,0.7,0.5,,,,,csv.stage.sg,,,,,,,,,,,,,,,,,,,,,
193,10808,,1,<0;51292;0;51292;0;51292>,,,,,,0.7,0.5,,,,,csv.stage.ty,,,,,,,,,,,,,,,,,,,,,
194,10808,,2,<0;53291;0;53291;50332;53291>,,,,,,0.7,0.5,,,,,csv.stage.ty,,,,,,,,,,,,,,,,,,,,,
195,10808,,3,<0;0;0;0;181303;0>,<0;0;0;0;1;0>,TRUE,,,,0.7,0.5,,,,,csv.stage.ty,,,,,,,,,,,,,,,,,,,,,
196,10809,,1,<0;50012;0;50602;0;50332>,,,,,,0.7,0.5,,,,,csv.stage.green,,,,,,,,,,,,,,,,,,,,,
197,10809,,2,<50391;0;50101;50391;50892;50101>,,,,,,0.7,0.5,,,,,csv.stage.green,,,,,,,,,,,,,,,,,,,,,
198,10809,,3,<62631;62611;62591;0;72963;0>,<0;0;0;0;1;0>,TRUE,,,,0.7,0.5,,,,,csv.stage.green,,,,,,,,,,,,,,,,,,,,,
199,10810,,1,<50691;50062;0;50592;50592;50592>,,,,,,0.7,0.5,,,,,csv.stage.zl,,,,,,,,,,,,,,,,,,,,,
200,10810,,2,<50471;51171;50471;50132;50132;50132>,,,,,,0.7,0.5,,,,,csv.stage.zl,,,,,,,,,,,,,,,,,,,,,
201,10810,,3,<0;0;0;0;181901;0>,<0;0;0;0;1;0>,TRUE,,,,0.7,0.5,,,,,csv.stage.zl,,,,,,,,,,,,,,,,,,,,,
202,10901,,1,<50071;50071;50071;50451;0;50451>,,,,,,0.7,0.5,,,,,csv.stage.beach,,,,,,,,,,,,,,,,,,,,,
203,10901,,2,<50481;50481;50481;53301;50051;53301>,,,,,,0.7,0.5,,,,,csv.stage.beach,,,,,,,,,,,,,,,,,,,,,
204,10901,,3,<63282;0;60552;63282;70082;60552>,<0;0;0;0;1;0>,TRUE,,,,0.7,0.5,,,,,csv.stage.beach,,,,,,,,,,,,,,,,,,,,,
205,10902,,1,<0;50791;52012;50791;50452;50791>,,,,,,0.7,0.5,,,,,csv.stage.city,,,,,,,,,,,,,,,,,,,,,
206,10902,,2,<53291;50891;53291;50891;50131;50891>,,,,,,0.7,0.5,,,,,csv.stage.city,,,,,,,,,,,,,,,,,,,,,
207,10902,,3,<60602;0;60602;60331;70273;60331>,<0;0;0;0;1;0>,TRUE,,,,0.7,0.5,,,,,csv.stage.city,,,,,,,,,,,,,,,,,,,,,
208,10903,,1,<50791;53541;50071;50791;0;50071>,,,,,,0.7,0.5,,,,,csv.stage.s,,,,,,,,,,,,,,,,,,,,,
209,10903,,2,<50132;50043;53291;50132;50043;53291>,,,,,,0.7,0.5,,,,,csv.stage.s,,,,,,,,,,,,,,,,,,,,,
210,10903,,3,<60593;61292;60593;0;70542;0>,<0;0;0;0;1;0>,TRUE,,,,0.7,0.5,,,,,csv.stage.s,,,,,,,,,,,,,,,,,,,,,
211,10904,,1,<50602;51292;0;50071;50071;50071>,,,,,,0.7,0.5,,,,,csv.stage.green,,,,,,,,,,,,,,,,,,,,,
212,10904,,2,<50271;50061;50271;50061;50061;50061>,,,,,,0.7,0.5,,,,,csv.stage.green,,,,,,,,,,,,,,,,,,,,,
213,10904,,3,<53472;60262;53472;0;73143;0>,<0;0;0;0;1;0>,TRUE,,,,0.7,0.5,,,,,csv.stage.green,,,,,,,,,,,,,,,,,,,,,
214,10905,,1,<50271;50271;50271;50262;0;50262>,,,,,,0.7,0.5,,,,,csv.stage.golden,,,,,,,,,,,,,,,,,,,,,
215,10905,,2,<50452;50452;50452;50451;50592;50451>,,,,,,0.7,0.5,,,,,csv.stage.golden,,,,,,,,,,,,,,,,,,,,,
216,10905,,3,<60603;0;60592;60603;71863;60592>,<0;0;0;0;1;0>,TRUE,,,,0.7,0.5,,,,,csv.stage.golden,,,,,,,,,,,,,,,,,,,,,
217,10906,,1,<0;50451;52481;50451;53541;50451>,,,,,,0.7,0.5,,,,,csv.stage.ty,,,,,,,,,,,,,,,,,,,,,
218,10906,,2,<53281;51421;53281;51421;52481;51421>,,,,,,0.7,0.5,,,,,csv.stage.ty,,,,,,,,,,,,,,,,,,,,,
219,10906,,3,<60393;0;60393;60132;183543;60132>,<0;0;0;0;1;0>,TRUE,,,,0.7,0.5,,,,,csv.stage.ty,,,,,,,,,,,,,,,,,,,,,
220,10907,,1,<53472;52482;50602;53472;0;50602>,,,,,,0.7,0.5,,,,,csv.stage.city,,,,,,,,,,,,,,,,,,,,,
221,10907,,2,<52481;50081;50302;52481;50081;50302>,,,,,,0.7,0.5,,,,,csv.stage.city,,,,,,,,,,,,,,,,,,,,,
222,10907,,3,<61353;62871;61353;0;73432;0>,<0;0;0;0;1;0>,TRUE,,,,0.7,0.5,,,,,csv.stage.city,,,,,,,,,,,,,,,,,,,,,
223,10908,,1,<50262;50331;0;50101;50101;50101>,,,,,,0.7,0.5,,,,,csv.stage.sss,,,,,,,,,,,,,,,,,,,,,
224,10908,,2,<51422;50392;51422;53301;53301;53301>,,,,,,0.7,0.5,,,,,csv.stage.sss,,,,,,,,,,,,,,,,,,,,,
225,10908,,3,<50602;61172;50602;60272;73472;60272>,<0;0;0;0;1;0>,TRUE,,,,0.7,0.5,,,,,csv.stage.sss,,,,,,,,,,,,,,,,,,,,,
226,10909,,1,<50471;52011;0;53301;0;50272>,,,,,,0.7,0.5,,,,,csv.stage.city,,,,,,,,,,,,,,,,,,,,,
227,10909,,2,<50471;51422;50302;50061;53292;50131>,,,,,,0.7,0.5,,,,,csv.stage.city,,,,,,,,,,,,,,,,,,,,,
228,10909,,3,<61292;0;63292;0;183003;0>,<0;0;0;0;1;0>,TRUE,,,,0.7,0.5,,,,,csv.stage.city,,,,,,,,,,,,,,,,,,,,,
229,10910,,1,<0;50791;50591;50791;50301;50791>,,,,,,0.7,0.5,,,,,csv.stage.shm,,,,,,,,,,,,,,,,,,,,,
230,10910,,2,<50332;50081;50332;50081;50391;50081>,,,,,,0.7,0.5,,,,,csv.stage.shm,,,,,,,,,,,,,,,,,,,,,
231,10910,,3,<62481;0;61611;60741;71271;61301>,<0;0;0;0;1;0>,TRUE,,,,0.7,0.5,,,,,csv.stage.shm,,,,,,,,,,,,,,,,,,,,,
232,11001,,1,<50012;50601;53282;50012;0;53282>,,,,,,0.7,0.5,,,,,csv.stage.shm,,,,,,,,,,,,,,,,,,,,,
233,11001,,2,<50392;50452;50092;50392;50452;50092>,,,,,,0.7,0.5,,,,,csv.stage.shm,,,,,,,,,,,,,,,,,,,,,
234,11001,,3,<60472;60132;60472;0;70062;0>,<0;0;0;0;1;0>,TRUE,,,,0.7,0.5,,,,,csv.stage.shm,,,,,,,,,,,,,,,,,,,,,
235,11002,,1,<50262;53292;0;50011;50011;50011>,,,,,,0.7,0.5,,,,,csv.stage.sm,,,,,,,,,,,,,,,,,,,,,
236,11002,,2,<50022;50891;50022;50301;50301;50301>,,,,,,0.7,0.5,,,,,csv.stage.sm,,,,,,,,,,,,,,,,,,,,,
237,11002,,3,<53301;0;53301;60022;70482;60022>,<0;0;0;0;1;0>,TRUE,,,,0.7,0.5,,,,,csv.stage.sm,,,,,,,,,,,,,,,,,,,,,
238,11003,,1,<51611;51611;51611;51612;0;51612>,,,,,,0.7,0.5,,,,,csv.stage.sm,,,,,,,,,,,,,,,,,,,,,
239,11003,,2,<50081;50081;50081;50551;50011;50551>,,,,,,0.7,0.5,,,,,csv.stage.sm,,,,,,,,,,,,,,,,,,,,,
240,11003,,3,<60472;0;60262;60472;70352;60262>,<0;0;0;0;1;0>,TRUE,,,,0.7,0.5,,,,,csv.stage.sm,,,,,,,,,,,,,,,,,,,,,
241,11004,,1,<0;53541;51421;53541;50071;53541>,,,,,,0.7,0.5,,,,,csv.stage.sm,,,,,,,,,,,,,,,,,,,,,
242,11004,,2,<51421;50302;51421;50302;50452;50302>,,,,,,0.7,0.5,,,,,csv.stage.sm,,,,,,,,,,,,,,,,,,,,,
243,11004,,3,<60552;0;60552;61172;71893;61172>,<0;0;0;0;1;0>,TRUE,,,,0.7,0.5,,,,,csv.stage.sm,,,,,,,,,,,,,,,,,,,,,
244,11005,,1,<50002;50101;50331;50002;0;50331>,,,,,,0.7,0.5,,,,,csv.stage.zz,,,,,,,,,,,,,,,,,,,,,
245,11005,,2,<50001;50481;53292;50001;50481;53292>,,,,,,0.7,0.5,,,,,csv.stage.zz,,,,,,,,,,,,,,,,,,,,,
246,11005,,3,<60552;60792;60552;0;71443;0>,<0;0;0;0;1;0>,TRUE,,,,0.7,0.5,,,,,csv.stage.zz,,,,,,,,,,,,,,,,,,,,,
247,11006,,1,<51352;52481;0;50891;50891;50891>,,,,,,0.7,0.5,,,,,csv.stage.sm,,,,,,,,,,,,,,,,,,,,,
248,11006,,2,<50092;52012;50092;52012;52012;52012>,,,,,,0.7,0.5,,,,,csv.stage.sm,,,,,,,,,,,,,,,,,,,,,
249,11006,,3,<50691;0;50691;0;183021;0>,<0;0;0;0;1;0>,TRUE,,,,0.7,0.5,,,,,csv.stage.sm,,,,,,,,,,,,,,,,,,,,,
250,11007,,1,<50261;50261;50261;50132;0;50132>,,,,,,0.7,0.5,,,,,csv.stage.sm,,,,,,,,,,,,,,,,,,,,,
251,11007,,2,<51612;51612;51612;50002;50131;50002>,,,,,,0.7,0.5,,,,,csv.stage.sm,,,,,,,,,,,,,,,,,,,,,
252,11007,,3,<62591;0;62591;0;73012;0>,<0;0;0;0;1;0>,TRUE,,,,0.7,0.5,,,,,csv.stage.sm,,,,,,,,,,,,,,,,,,,,,
253,11008,,1,<0;50061;52482;50061;50271;50061>,,,,,,0.7,0.5,,,,,csv.stage.sm,,,,,,,,,,,,,,,,,,,,,
254,11008,,2,<50052;50062;50052;50062;50043;50062>,,,,,,0.7,0.5,,,,,csv.stage.sm,,,,,,,,,,,,,,,,,,,,,
255,11008,,3,<63011;0;63011;60603;73502;60603>,<0;0;0;0;1;0>,TRUE,,,,0.7,0.5,,,,,csv.stage.sm,,,,,,,,,,,,,,,,,,,,,
256,11009,,1,<50391;50272;50261;50391;0;50261>,,,,,,0.7,0.5,,,,,csv.stage.shm,,,,,,,,,,,,,,,,,,,,,
257,11009,,2,<53291;50792;50092;53291;50792;50092>,,,,,,0.7,0.5,,,,,csv.stage.shm,,,,,,,,,,,,,,,,,,,,,
258,11009,,3,<61861;0;0;0;182233;0>,<0;0;0;0;1;0>,TRUE,,,,0.7,0.5,,,,,csv.stage.shm,,,,,,,,,,,,,,,,,,,,,
259,11010,,1,<50791;50551;0;50131;50131;50131>,,,,,,0.7,0.5,,,,,csv.stage.grass,,,,,,,,,,,,,,,,,,,,,
260,11010,,2,<53471;50132;53471;50391;50391;50391>,,,,,,0.7,0.5,,,,,csv.stage.grass,,,,,,,,,,,,,,,,,,,,,
261,11010,,3,<0;0;0;0;181261;0>,<0;0;0;0;1;0>,TRUE,,,,0.7,0.5,,,,,csv.stage.grass,,,,,,,,,,,,,,,,,,,,,
262,11101,,1,<53542;53542;53542;51291;0;51291>,,,,,,0.7,0.5,,,,,csv.stage.sss,,,,,,,,,,,,,,,,,,,,,
263,11101,,2,<50271;50271;50271;50391;52011;50391>,,,,,,0.7,0.5,,,,,csv.stage.sss,,,,,,,,,,,,,,,,,,,,,
264,11101,,3,<62482;0;61353;62482;70173;61353>,<0;0;0;0;1;0>,TRUE,,,,0.7,0.5,,,,,csv.stage.sss,,,,,,,,,,,,,,,,,,,,,
265,11102,,1,<0;50691;50331;50691;53301;50691>,,,,,,0.7,0.5,,,,,csv.stage.zz,,,,,,,,,,,,,,,,,,,,,
266,11102,,2,<50452;50262;50452;50262;50001;50262>,,,,,,0.7,0.5,,,,,csv.stage.zz,,,,,,,,,,,,,,,,,,,,,
267,11102,,3,<63302;0;63302;60132;72272;60132>,<0;0;0;0;1;0>,TRUE,,,,0.7,0.5,,,,,csv.stage.zz,,,,,,,,,,,,,,,,,,,,,
268,11103,,1,<50012;51292;51351;50012;0;51351>,,,,,,0.7,0.5,,,,,csv.stage.city,,,,,,,,,,,,,,,,,,,,,
269,11103,,2,<51171;50602;53302;51171;50602;53302>,,,,,,0.7,0.5,,,,,csv.stage.city,,,,,,,,,,,,,,,,,,,,,
270,11103,,3,<60571;61352;60571;0;72302;0>,<0;0;0;0;1;0>,TRUE,,,,0.7,0.5,,,,,csv.stage.city,,,,,,,,,,,,,,,,,,,,,
271,11104,,1,<53301;50691;0;50101;50101;50101>,,,,,,0.7,0.5,,,,,csv.stage.qf,,,,,,,,,,,,,,,,,,,,,
272,11104,,2,<50272;52271;50272;50451;50451;50451>,,,,,,0.7,0.5,,,,,csv.stage.qf,,,,,,,,,,,,,,,,,,,,,
273,11104,,3,<50471;60593;50471;60482;71392;60482>,<0;0;0;0;1;0>,TRUE,,,,0.7,0.5,,,,,csv.stage.qf,,,,,,,,,,,,,,,,,,,,,
274,11105,,1,<50071;50071;50071;53302;0;53302>,,,,,,0.7,0.5,,,,,csv.stage.beach,,,,,,,,,,,,,,,,,,,,,
275,11105,,2,<50131;50131;50131;50451;50021;50451>,,,,,,0.7,0.5,,,,,csv.stage.beach,,,,,,,,,,,,,,,,,,,,,
276,11105,,3,<60472;0;60053;60472;70283;60053>,<0;0;0;0;1;0>,TRUE,,,,0.7,0.5,,,,,csv.stage.beach,,,,,,,,,,,,,,,,,,,,,
277,11106,,1,<0;50262;51422;50262;50392;50262>,,,,,,0.7,0.5,,,,,csv.stage.beach,,,,,,,,,,,,,,,,,,,,,
278,11106,,2,<50551;51421;50551;51421;50021;51421>,,,,,,0.7,0.5,,,,,csv.stage.beach,,,,,,,,,,,,,,,,,,,,,
279,11106,,3,<60092;0;60092;60263;183143;60263>,<0;0;0;0;1;0>,TRUE,,,,0.7,0.5,,,,,csv.stage.beach,,,,,,,,,,,,,,,,,,,,,
280,11107,,1,<50021;50271;51351;50021;0;51351>,,,,,,0.7,0.5,,,,,csv.stage.sg2,,,,,,,,,,,,,,,,,,,,,
281,11107,,2,<53541;51292;50301;53541;51292;50301>,,,,,,0.7,0.5,,,,,csv.stage.sg2,,,,,,,,,,,,,,,,,,,,,
282,11107,,3,<60043;60592;60043;0;70783;0>,<0;0;0;0;1;0>,TRUE,,,,0.7,0.5,,,,,csv.stage.sg2,,,,,,,,,,,,,,,,,,,,,
283,11108,,1,<50101;50891;0;50262;50262;50262>,,,,,,0.7,0.5,,,,,csv.stage.city,,,,,,,,,,,,,,,,,,,,,
284,11108,,2,<50021;50001;50021;53281;53281;53281>,,,,,,0.7,0.5,,,,,csv.stage.city,,,,,,,,,,,,,,,,,,,,,
285,11108,,3,<50451;60132;50451;60102;72013;60102>,<0;0;0;0;1;0>,TRUE,,,,0.7,0.5,,,,,csv.stage.city,,,,,,,,,,,,,,,,,,,,,
286,11109,,1,<50272;50272;50272;53541;0;53541>,,,,,,0.7,0.5,,,,,csv.stage.zl,,,,,,,,,,,,,,,,,,,,,
287,11109,,2,<50592;50592;50592;50001;53471;50001>,,,,,,0.7,0.5,,,,,csv.stage.zl,,,,,,,,,,,,,,,,,,,,,
288,11109,,3,<60082;0;61353;60082;181293;61353>,<0;0;0;0;1;0>,TRUE,,,,0.7,0.5,,,,,csv.stage.zl,,,,,,,,,,,,,,,,,,,,,
289,11110,,1,<0;51351;50331;51351;50551;51351>,,,,,,0.7,0.5,,,,,csv.stage.beach,,,,,,,,,,,,,,,,,,,,,
290,11110,,2,<50052;51421;50052;51421;50021;51421>,,,,,,0.7,0.5,,,,,csv.stage.beach,,,,,,,,,,,,,,,,,,,,,
291,11110,,3,<0;0;0;0;181961;0>,<0;0;0;0;1;0>,TRUE,,,,0.7,0.5,,,,,csv.stage.beach,,,,,,,,,,,,,,,,,,,,,
292,11201,,1,<50061;50131;50262;50061;0;50262>,,,,,,0.7,0.5,,,,,csv.stage.s,,,,,,,,,,,,,,,,,,,,,
293,11201,,2,<50551;50391;50101;50551;50391;50101>,,,,,,0.7,0.5,,,,,csv.stage.s,,,,,,,,,,,,,,,,,,,,,
294,11201,,3,<60792;60571;60792;0;70033;0>,<0;0;0;0;1;0>,TRUE,,,,0.7,0.5,,,,,csv.stage.s,,,,,,,,,,,,,,,,,,,,,
295,11202,,1,<50051;51171;0;50271;50271;50271>,,,,,,0.7,0.5,,,,,csv.stage.shm,,,,,,,,,,,,,,,,,,,,,
296,11202,,2,<51611;53282;51611;50272;50272;50272>,,,,,,0.7,0.5,,,,,csv.stage.shm,,,,,,,,,,,,,,,,,,,,,
297,11202,,3,<50601;60692;50601;60482;72683;60482>,<0;0;0;0;1;0>,TRUE,,,,0.7,0.5,,,,,csv.stage.shm,,,,,,,,,,,,,,,,,,,,,
298,11203,,1,<50391;50391;50391;50591;0;50591>,,,,,,0.7,0.5,,,,,csv.stage.s,,,,,,,,,,,,,,,,,,,,,
299,11203,,2,<53542;53542;53542;50301;51171;50301>,,,,,,0.7,0.5,,,,,csv.stage.s,,,,,,,,,,,,,,,,,,,,,
300,11203,,3,<60603;0;60272;60603;70043;60272>,<0;0;0;0;1;0>,TRUE,,,,0.7,0.5,,,,,csv.stage.s,,,,,,,,,,,,,,,,,,,,,
301,11204,,1,<0;50591;50272;50591;50602;50591>,,,,,,0.7,0.5,,,,,csv.stage.night,,,,,,,,,,,,,,,,,,,,,
302,11204,,2,<52012;50792;52012;50792;50002;50792>,,,,,,0.7,0.5,,,,,csv.stage.night,,,,,,,,,,,,,,,,,,,,,
303,11204,,3,<60392;0;60392;60262;70333;60262>,<0;0;0;0;1;0>,TRUE,,,,0.7,0.5,,,,,csv.stage.night,,,,,,,,,,,,,,,,,,,,,
304,11205,,1,<51421;50892;51611;51421;0;51611>,,,,,,0.7,0.5,,,,,csv.stage.tower,,,,,,,,,,,,,,,,,,,,,
305,11205,,2,<53302;50272;50892;53302;50272;50892>,,,,,,0.7,0.5,,,,,csv.stage.tower,,,,,,,,,,,,,,,,,,,,,
306,11205,,3,<60392;60092;60392;0;70572;0>,<0;0;0;0;1;0>,TRUE,,,,0.7,0.5,,,,,csv.stage.tower,,,,,,,,,,,,,,,,,,,,,
307,11206,,1,<53542;50001;0;50052;50052;50052>,,,,,,0.7,0.5,,,,,csv.stage.grass,,,,,,,,,,,,,,,,,,,,,
308,11206,,2,<50001;50471;50001;50691;50691;50691>,,,,,,0.7,0.5,,,,,csv.stage.grass,,,,,,,,,,,,,,,,,,,,,
309,11206,,3,<50101;60571;50101;60133;180593;60133>,<0;0;0;0;1;0>,TRUE,,,,0.7,0.5,,,,,csv.stage.grass,,,,,,,,,,,,,,,,,,,,,
310,11207,,1,<50001;50001;50001;50471;0;50471>,,,,,,0.7,0.5,,,,,csv.stage.night,,,,,,,,,,,,,,,,,,,,,
311,11207,,2,<53292;53292;53292;51171;50132;51171>,,,,,,0.7,0.5,,,,,csv.stage.night,,,,,,,,,,,,,,,,,,,,,
312,11207,,3,<60272;0;60392;60272;70883;60392>,<0;0;0;0;1;0>,TRUE,,,,0.7,0.5,,,,,csv.stage.night,,,,,,,,,,,,,,,,,,,,,
313,11208,,1,<0;52271;51351;52271;50452;52271>,,,,,,0.7,0.5,,,,,csv.stage.city,,,,,,,,,,,,,,,,,,,,,
314,11208,,2,<50101;50261;50101;50261;50101;50261>,,,,,,0.7,0.5,,,,,csv.stage.city,,,,,,,,,,,,,,,,,,,,,
315,11208,,3,<60552;0;60552;61612;72073;61612>,<0;0;0;0;1;0>,TRUE,,,,0.7,0.5,,,,,csv.stage.city,,,,,,,,,,,,,,,,,,,,,
316,11209,,1,<53472;53541;50392;53472;0;50392>,,,,,,0.7,0.5,,,,,csv.stage.city,,,,,,,,,,,,,,,,,,,,,
317,11209,,2,<50602;53282;50022;50602;53282;50022>,,,,,,0.7,0.5,,,,,csv.stage.city,,,,,,,,,,,,,,,,,,,,,
318,11209,,3,<62482;60572;62482;0;181221;0>,<0;0;0;0;1;0>,TRUE,,,,0.7,0.5,,,,,csv.stage.city,,,,,,,,,,,,,,,,,,,,,
319,11210,,1,<50391;53541;0;50792;50792;50792>,,,,,,0.7,0.5,,,,,csv.stage.aml,,,,,,,,,,,,,,,,,,,,,
320,11210,,2,<50602;50001;50602;50261;50261;50261>,,,,,,0.7,0.5,,,,,csv.stage.aml,,,,,,,,,,,,,,,,,,,,,
321,11210,,3,<0;0;0;0;183631;0>,<0;0;0;0;1;0>,TRUE,,,,0.7,0.5,,,,,csv.stage.aml,,,,,,,,,,,,,,,,,,,,,
322,11301,,1,<50551;52012;53292;50551;0;53292>,,,,,,0.7,0.5,,,,,csv.stage.s,,,,,,,,,,,,,,,,,,,,,
323,11301,,2,<50331;53291;50471;50331;53291;50471>,,,,,,0.7,0.5,,,,,csv.stage.s,,,,,,,,,,,,,,,,,,,,,
324,11301,,3,<63302;63302;63302;0;72822;0>,<0;0;0;0;1;0>,TRUE,,,,0.7,0.5,,,,,csv.stage.s,,,,,,,,,,,,,,,,,,,,,
325,11302,,1,<50301;50392;0;50891;50891;50891>,,,,,,0.7,0.5,,,,,csv.stage.shm,,,,,,,,,,,,,,,,,,,,,
326,11302,,2,<50022;50452;50022;50592;50592;50592>,,,,,,0.7,0.5,,,,,csv.stage.shm,,,,,,,,,,,,,,,,,,,,,
327,11302,,3,<52271;60272;52271;60002;73143;60002>,<0;0;0;0;1;0>,TRUE,,,,0.7,0.5,,,,,csv.stage.shm,,,,,,,,,,,,,,,,,,,,,
328,11303,,1,<51421;51421;51421;50891;0;50891>,,,,,,0.7,0.5,,,,,csv.stage.s,,,,,,,,,,,,,,,,,,,,,
329,11303,,2,<50092;50092;50092;50022;50132;50022>,,,,,,0.7,0.5,,,,,csv.stage.s,,,,,,,,,,,,,,,,,,,,,
330,11303,,3,<60092;0;63542;60092;73303;63542>,<0;0;0;0;1;0>,TRUE,,,,0.7,0.5,,,,,csv.stage.s,,,,,,,,,,,,,,,,,,,,,
331,11304,,1,<0;50071;53541;50071;50331;50071>,,,,,,0.7,0.5,,,,,csv.stage.night,,,,,,,,,,,,,,,,,,,,,
332,11304,,2,<50062;50021;50062;50021;50602;50021>,,,,,,0.7,0.5,,,,,csv.stage.night,,,,,,,,,,,,,,,,,,,,,
333,11304,,3,<60792;0;60792;60571;70014;60571>,<0;0;0;0;1;0>,TRUE,,,,0.7,0.5,,,,,csv.stage.night,,,,,,,,,,,,,,,,,,,,,
334,11305,,1,<50062;50081;50092;50062;0;50092>,,,,,,0.7,0.5,,,,,csv.stage.tower,,,,,,,,,,,,,,,,,,,,,
335,11305,,2,<50792;52481;50272;50792;52481;50272>,,,,,,0.7,0.5,,,,,csv.stage.tower,,,,,,,,,,,,,,,,,,,,,
336,11305,,3,<63302;60262;63302;0;72231;0>,<0;0;0;0;1;0>,TRUE,,,,0.7,0.5,,,,,csv.stage.tower,,,,,,,,,,,,,,,,,,,,,
337,11306,,1,<50092;50792;0;51422;51422;51422>,,,,,,0.7,0.5,,,,,csv.stage.grass,,,,,,,,,,,,,,,,,,,,,
338,11306,,2,<50131;50451;50131;50592;50592;50592>,,,,,,0.7,0.5,,,,,csv.stage.grass,,,,,,,,,,,,,,,,,,,,,
339,11306,,3,<51421;60262;51421;60593;181893;60593>,<0;0;0;0;1;0>,TRUE,,,,0.7,0.5,,,,,csv.stage.grass,,,,,,,,,,,,,,,,,,,,,
340,11307,,1,<50002;50002;50002;50591;0;50591>,,,,,,0.7,0.5,,,,,csv.stage.night,,,,,,,,,,,,,,,,,,,,,
341,11307,,2,<53301;53301;53301;53291;50481;53291>,,,,,,0.7,0.5,,,,,csv.stage.night,,,,,,,,,,,,,,,,,,,,,
342,11307,,3,<61422;0;60002;61422;71841;60002>,<0;0;0;0;1;0>,TRUE,,,,0.7,0.5,,,,,csv.stage.night,,,,,,,,,,,,,,,,,,,,,
343,11308,,1,<0;51292;50592;51292;50001;51292>,,,,,,0.7,0.5,,,,,csv.stage.city,,,,,,,,,,,,,,,,,,,,,
344,11308,,2,<53471;53291;53471;53291;50332;53291>,,,,,,0.7,0.5,,,,,csv.stage.city,,,,,,,,,,,,,,,,,,,,,
345,11308,,3,<60072;0;60072;60692;70493;60692>,<0;0;0;0;1;0>,TRUE,,,,0.7,0.5,,,,,csv.stage.city,,,,,,,,,,,,,,,,,,,,,
346,11309,,1,<50602;50012;50332;50602;0;50332>,,,,,,0.7,0.5,,,,,csv.stage.city,,,,,,,,,,,,,,,,,,,,,
347,11309,,2,<50391;50892;50101;50391;50892;50101>,,,,,,0.7,0.5,,,,,csv.stage.city,,,,,,,,,,,,,,,,,,,,,
348,11309,,3,<63302;60333;63302;0;193413;0>,<0;0;0;0;1;0>,TRUE,,,,0.7,0.5,,,,,csv.stage.city,,,,,,,,,,,,,,,,,,,,,
349,11310,,1,<50691;50062;0;50592;50592;50592>,,,,,,0.7,0.5,,,,,csv.stage.aml,,,,,,,,,,,,,,,,,,,,,
350,11310,,2,<50471;51171;50471;50132;50132;50132>,,,,,,0.7,0.5,,,,,csv.stage.aml,,,,,,,,,,,,,,,,,,,,,
351,11310,,3,<0;0;0;0;180394;0>,<0;0;0;0;1;0>,TRUE,,,,0.7,0.5,,,,,csv.stage.aml,,,,,,,,,,,,,,,,,,,,,
352,11401,,1,<50012;50601;53282;50012;0;53282>,,,,,,0.7,0.5,,,,,csv.stage.s,,,,,,,,,,,,,,,,,,,,,
353,11401,,2,<50392;50452;50092;50392;50452;50092>,,,,,,0.7,0.5,,,,,csv.stage.s,,,,,,,,,,,,,,,,,,,,,
354,11401,,3,<60472;60132;60472;0;70051;0>,<0;0;0;0;1;0>,TRUE,,,,0.7,0.5,,,,,csv.stage.s,,,,,,,,,,,,,,,,,,,,,
355,11402,,1,<50262;53292;0;50011;50011;50011>,,,,,,0.7,0.5,,,,,csv.stage.shm,,,,,,,,,,,,,,,,,,,,,
356,11402,,2,<50022;50891;50022;50301;50301;50301>,,,,,,0.7,0.5,,,,,csv.stage.shm,,,,,,,,,,,,,,,,,,,,,
357,11402,,3,<53301;61252;53301;60022;70571;60022>,<0;0;0;0;1;0>,TRUE,,,,0.7,0.5,,,,,csv.stage.shm,,,,,,,,,,,,,,,,,,,,,
358,11403,,1,<51611;51611;51611;51612;0;51612>,,,,,,0.7,0.5,,,,,csv.stage.s,,,,,,,,,,,,,,,,,,,,,
359,11403,,2,<50081;50081;50081;50551;50011;50551>,,,,,,0.7,0.5,,,,,csv.stage.s,,,,,,,,,,,,,,,,,,,,,
360,11403,,3,<60472;0;60262;60472;70013;60262>,<0;0;0;0;1;0>,TRUE,,,,0.7,0.5,,,,,csv.stage.s,,,,,,,,,,,,,,,,,,,,,
361,11404,,1,<0;53541;51421;53541;50071;53541>,,,,,,0.7,0.5,,,,,csv.stage.night,,,,,,,,,,,,,,,,,,,,,
362,11404,,2,<51421;50302;51421;50302;50452;50302>,,,,,,0.7,0.5,,,,,csv.stage.night,,,,,,,,,,,,,,,,,,,,,
363,11404,,3,<60552;0;60552;61172;70044;61172>,<0;0;0;0;1;0>,TRUE,,,,0.7,0.5,,,,,csv.stage.night,,,,,,,,,,,,,,,,,,,,,
364,11405,,1,<50002;50101;50331;50002;0;50331>,,,,,,0.7,0.5,,,,,csv.stage.tower,,,,,,,,,,,,,,,,,,,,,
365,11405,,2,<50001;50481;53292;50001;50481;53292>,,,,,,0.7,0.5,,,,,csv.stage.tower,,,,,,,,,,,,,,,,,,,,,
366,11405,,3,<60552;60792;60552;0;70632;0>,<0;0;0;0;1;0>,TRUE,,,,0.7,0.5,,,,,csv.stage.tower,,,,,,,,,,,,,,,,,,,,,
367,11406,,1,<51352;52481;0;50891;50891;50891>,,,,,,0.7,0.5,,,,,csv.stage.grass,,,,,,,,,,,,,,,,,,,,,
368,11406,,2,<50092;52012;50092;52012;52012;52012>,,,,,,0.7,0.5,,,,,csv.stage.grass,,,,,,,,,,,,,,,,,,,,,
369,11406,,3,<50021;60392;50021;62012;182233;62012>,<0;0;0;0;1;0>,TRUE,,,,0.7,0.5,,,,,csv.stage.grass,,,,,,,,,,,,,,,,,,,,,
370,11407,,1,<50261;50261;50261;50132;0;50132>,,,,,,0.7,0.5,,,,,csv.stage.night,,,,,,,,,,,,,,,,,,,,,
371,11407,,2,<51612;51612;51612;50002;50131;50002>,,,,,,0.7,0.5,,,,,csv.stage.night,,,,,,,,,,,,,,,,,,,,,
372,11407,,3,<60092;0;60592;60092;73543;60592>,<0;0;0;0;1;0>,TRUE,,,,0.7,0.5,,,,,csv.stage.night,,,,,,,,,,,,,,,,,,,,,
373,11408,,1,<0;50061;52482;50061;50271;50061>,,,,,,0.7,0.5,,,,,csv.stage.city,,,,,,,,,,,,,,,,,,,,,
374,11408,,2,<50052;50062;50052;50062;50043;50062>,,,,,,0.7,0.5,,,,,csv.stage.city,,,,,,,,,,,,,,,,,,,,,
375,11408,,3,<60572;0;60572;60603;73143;60603>,<0;0;0;0;1;0>,TRUE,,,,0.7,0.5,,,,,csv.stage.city,,,,,,,,,,,,,,,,,,,,,
376,11409,,1,<50391;50272;50261;50391;0;50261>,,,,,,0.7,0.5,,,,,csv.stage.city,,,,,,,,,,,,,,,,,,,,,
377,11409,,2,<53291;50792;50092;53291;50792;50092>,,,,,,0.7,0.5,,,,,csv.stage.city,,,,,,,,,,,,,,,,,,,,,
378,11409,,3,<60793;63472;60793;0;183003;0>,<0;0;0;0;1;0>,TRUE,,,,0.7,0.5,,,,,csv.stage.city,,,,,,,,,,,,,,,,,,,,,
379,11410,,1,<50791;50551;0;50131;50131;50131>,,,,,,0.7,0.5,,,,,csv.stage.aml,,,,,,,,,,,,,,,,,,,,,
380,11410,,2,<53471;50132;53471;50391;50391;50391>,,,,,,0.7,0.5,,,,,csv.stage.aml,,,,,,,,,,,,,,,,,,,,,
381,11410,,3,<0;0;0;0;181981;0>,<0;0;0;0;1;0>,TRUE,,,,0.7,0.5,,,,,csv.stage.aml,,,,,,,,,,,,,,,,,,,,,
382,11501,,1,<53542;53542;53542;51291;0;51291>,,,,,,0.7,0.5,,,,,csv.stage.s,,,,,,,,,,,,,,,,,,,,,
383,11501,,2,<50271;50271;50271;50391;52011;50391>,,,,,,0.7,0.5,,,,,csv.stage.s,,,,,,,,,,,,,,,,,,,,,
384,11501,,3,<62482;0;61353;0;70173;0>,<0;0;0;0;1;0>,TRUE,,,,0.7,0.5,,,,,csv.stage.s,,,,,,,,,,,,,,,,,,,,,
385,11502,,1,<0;50691;0;50691;53301;50691>,,,,,,0.7,0.5,,,,,csv.stage.shm,,,,,,,,,,,,,,,,,,,,,
386,11502,,2,<50452;50262;50452;50262;50001;50262>,,,,,,0.7,0.5,,,,,csv.stage.shm,,,,,,,,,,,,,,,,,,,,,
387,11502,,3,<53302;0;53302;60132;70283;60132>,<0;0;0;0;1;0>,TRUE,,,,0.7,0.5,,,,,csv.stage.shm,,,,,,,,,,,,,,,,,,,,,
388,11503,,1,<50012;51292;51351;50012;0;51351>,,,,,,0.7,0.5,,,,,csv.stage.s,,,,,,,,,,,,,,,,,,,,,
389,11503,,2,<51171;50602;53302;51171;50602;53302>,,,,,,0.7,0.5,,,,,csv.stage.s,,,,,,,,,,,,,,,,,,,,,
390,11503,,3,<60571;0;60571;0;71292;0>,<0;0;0;0;1;0>,TRUE,,,,0.7,0.5,,,,,csv.stage.s,,,,,,,,,,,,,,,,,,,,,
391,11504,,1,<0;50691;0;50101;50101;50101>,,,,,,0.7,0.5,,,,,csv.stage.night,,,,,,,,,,,,,,,,,,,,,
392,11504,,2,<50272;52271;50272;50451;50451;50451>,,,,,,0.7,0.5,,,,,csv.stage.night,,,,,,,,,,,,,,,,,,,,,
393,11504,,3,<60471;0;60471;60482;73283;60482>,<0;0;0;0;1;0>,TRUE,,,,0.7,0.5,,,,,csv.stage.night,,,,,,,,,,,,,,,,,,,,,
394,11505,,1,<50071;50071;50071;53302;0;53302>,,,,,,0.7,0.5,,,,,csv.stage.tower,,,,,,,,,,,,,,,,,,,,,
395,11505,,2,<50131;50131;50131;50451;50021;50451>,,,,,,0.7,0.5,,,,,csv.stage.tower,,,,,,,,,,,,,,,,,,,,,
396,11505,,3,<60472;0;60053;0;72013;0>,<0;0;0;0;1;0>,TRUE,,,,0.7,0.5,,,,,csv.stage.tower,,,,,,,,,,,,,,,,,,,,,
397,11506,,1,<0;50262;0;50262;50392;50262>,,,,,,0.7,0.5,,,,,csv.stage.grass,,,,,,,,,,,,,,,,,,,,,
398,11506,,2,<50551;51421;50551;51421;50021;51421>,,,,,,0.7,0.5,,,,,csv.stage.grass,,,,,,,,,,,,,,,,,,,,,
399,11506,,3,<50092;0;50092;60263;181251;60263>,<0;0;0;0;1;0>,TRUE,,,,0.7,0.5,,,,,csv.stage.grass,,,,,,,,,,,,,,,,,,,,,
400,11507,,1,<50021;50271;51351;50021;0;51351>,,,,,,0.7,0.5,,,,,csv.stage.night,,,,,,,,,,,,,,,,,,,,,
401,11507,,2,<53541;51292;50301;53541;51292;50301>,,,,,,0.7,0.5,,,,,csv.stage.night,,,,,,,,,,,,,,,,,,,,,
402,11507,,3,<60043;0;60043;0;70303;0>,<0;0;0;0;1;0>,TRUE,,,,0.7,0.5,,,,,csv.stage.night,,,,,,,,,,,,,,,,,,,,,
403,11508,,1,<0;50891;0;50262;50262;50262>,,,,,,0.7,0.5,,,,,csv.stage.city,,,,,,,,,,,,,,,,,,,,,
404,11508,,2,<50021;50001;50021;53281;53281;53281>,,,,,,0.7,0.5,,,,,csv.stage.city,,,,,,,,,,,,,,,,,,,,,
405,11508,,3,<60451;0;60451;60102;72591;60102>,<0;0;0;0;1;0>,TRUE,,,,0.7,0.5,,,,,csv.stage.city,,,,,,,,,,,,,,,,,,,,,
406,11509,,1,<50272;50272;50272;53541;0;53541>,,,,,,0.7,0.5,,,,,csv.stage.city,,,,,,,,,,,,,,,,,,,,,
407,11509,,2,<50592;50592;50592;50001;53471;50001>,,,,,,0.7,0.5,,,,,csv.stage.city,,,,,,,,,,,,,,,,,,,,,
408,11509,,3,<60082;0;61353;0;182593;0>,<0;0;0;0;1;0>,TRUE,,,,0.7,0.5,,,,,csv.stage.city,,,,,,,,,,,,,,,,,,,,,
409,11510,,1,<0;51351;0;51351;50551;51351>,,,,,,0.7,0.5,,,,,csv.stage.aml,,,,,,,,,,,,,,,,,,,,,
410,11510,,2,<50052;51421;50052;51421;50021;51421>,,,,,,0.7,0.5,,,,,csv.stage.aml,,,,,,,,,,,,,,,,,,,,,
411,11510,,3,<0;0;0;0;182303;0>,<0;0;0;0;1;0>,TRUE,,,,0.7,0.5,,,,,csv.stage.aml,,,,,,,,,,,,,,,,,,,,,
412,11601,,1,<50061;50131;50262;50061;0;50262>,,,,,,0.7,0.5,,,,,csv.stage.s,,,,,,,,,,,,,,,,,,,,,
413,11601,,2,<50551;50391;50101;50551;50391;50101>,,,,,,0.7,0.5,,,,,csv.stage.s,,,,,,,,,,,,,,,,,,,,,
414,11601,,3,<60792;60571;60792;0;71171;0>,<0;0;0;0;1;0>,TRUE,,,,0.7,0.5,,,,,csv.stage.s,,,,,,,,,,,,,,,,,,,,,
415,11602,,1,<50051;51171;0;50271;50271;50271>,,,,,,0.7,0.5,,,,,csv.stage.shm,,,,,,,,,,,,,,,,,,,,,
416,11602,,2,<51611;53282;51611;50272;50272;50272>,,,,,,0.7,0.5,,,,,csv.stage.shm,,,,,,,,,,,,,,,,,,,,,
417,11602,,3,<50601;60692;50601;60482;73502;60482>,<0;0;0;0;1;0>,TRUE,,,,0.7,0.5,,,,,csv.stage.shm,,,,,,,,,,,,,,,,,,,,,
418,11603,,1,<50391;50391;50391;50591;0;50591>,,,,,,0.7,0.5,,,,,csv.stage.s,,,,,,,,,,,,,,,,,,,,,
419,11603,,2,<53542;53542;53542;50301;51171;50301>,,,,,,0.7,0.5,,,,,csv.stage.s,,,,,,,,,,,,,,,,,,,,,
420,11603,,3,<60603;0;60272;60603;72302;60272>,<0;0;0;0;1;0>,TRUE,,,,0.7,0.5,,,,,csv.stage.s,,,,,,,,,,,,,,,,,,,,,
421,11604,,1,<0;50591;50272;50591;50602;50591>,,,,,,0.7,0.5,,,,,csv.stage.night,,,,,,,,,,,,,,,,,,,,,
422,11604,,2,<52012;50792;52012;50792;50002;50792>,,,,,,0.7,0.5,,,,,csv.stage.night,,,,,,,,,,,,,,,,,,,,,
423,11604,,3,<60392;0;60392;60262;70393;60262>,<0;0;0;0;1;0>,TRUE,,,,0.7,0.5,,,,,csv.stage.night,,,,,,,,,,,,,,,,,,,,,
424,11605,,1,<51421;50892;51611;51421;0;51611>,,,,,,0.7,0.5,,,,,csv.stage.tower,,,,,,,,,,,,,,,,,,,,,
425,11605,,2,<53302;50272;50892;53302;50272;50892>,,,,,,0.7,0.5,,,,,csv.stage.tower,,,,,,,,,,,,,,,,,,,,,
426,11605,,3,<60392;60092;60392;0;71863;0>,<0;0;0;0;1;0>,TRUE,,,,0.7,0.5,,,,,csv.stage.tower,,,,,,,,,,,,,,,,,,,,,
427,11606,,1,<53542;50001;0;50052;50052;50052>,,,,,,0.7,0.5,,,,,csv.stage.grass,,,,,,,,,,,,,,,,,,,,,
428,11606,,2,<50001;50471;50001;50691;50691;50691>,,,,,,0.7,0.5,,,,,csv.stage.grass,,,,,,,,,,,,,,,,,,,,,
429,11606,,3,<50101;60571;50101;60133;181082;60133>,<0;0;0;0;1;0>,TRUE,,,,0.7,0.5,,,,,csv.stage.grass,,,,,,,,,,,,,,,,,,,,,
430,11607,,1,<50001;50001;50001;50471;0;50471>,,,,,,0.7,0.5,,,,,csv.stage.night,,,,,,,,,,,,,,,,,,,,,
431,11607,,2,<53292;53292;53292;51171;50132;51171>,,,,,,0.7,0.5,,,,,csv.stage.night,,,,,,,,,,,,,,,,,,,,,
432,11607,,3,<60272;0;60392;60272;72873;60392>,<0;0;0;0;1;0>,TRUE,,,,0.7,0.5,,,,,csv.stage.night,,,,,,,,,,,,,,,,,,,,,
433,11608,,1,<0;52271;51351;52271;50452;52271>,,,,,,0.7,0.5,,,,,csv.stage.city,,,,,,,,,,,,,,,,,,,,,
434,11608,,2,<50101;50261;50101;50261;50101;50261>,,,,,,0.7,0.5,,,,,csv.stage.city,,,,,,,,,,,,,,,,,,,,,
435,11608,,3,<60552;0;60552;61612;73012;61612>,<0;0;0;0;1;0>,TRUE,,,,0.7,0.5,,,,,csv.stage.city,,,,,,,,,,,,,,,,,,,,,
436,11609,,1,<53472;53541;50392;53472;0;50392>,,,,,,0.7,0.5,,,,,csv.stage.city,,,,,,,,,,,,,,,,,,,,,
437,11609,,2,<50602;53282;50022;50602;53282;50022>,,,,,,0.7,0.5,,,,,csv.stage.city,,,,,,,,,,,,,,,,,,,,,
438,11609,,3,<62482;60572;62482;0;183021;0>,<0;0;0;0;1;0>,TRUE,,,,0.7,0.5,,,,,csv.stage.city,,,,,,,,,,,,,,,,,,,,,
439,11610,,1,<50391;53541;0;50792;50792;50792>,,,,,,0.7,0.5,,,,,csv.stage.aml,,,,,,,,,,,,,,,,,,,,,
440,11610,,2,<50602;50001;50602;50261;50261;50261>,,,,,,0.7,0.5,,,,,csv.stage.aml,,,,,,,,,,,,,,,,,,,,,
441,11610,,3,<0;0;0;0;180721;0>,<0;0;0;0;1;0>,TRUE,,,,0.7,0.5,,,,,csv.stage.aml,,,,,,,,,,,,,,,,,,,,,
442,11701,,1,<50551;52012;53292;50551;0;53292>,,,,,,0.7,0.5,,,,,csv.stage.s,,,,,,,,,,,,,,,,,,,,,
443,11701,,2,<50331;53291;50471;50331;53291;50471>,,,,,,0.7,0.5,,,,,csv.stage.s,,,,,,,,,,,,,,,,,,,,,
444,11701,,3,<63302;63302;63302;0;70013;0>,<0;0;0;0;1;0>,TRUE,,,,0.7,0.5,,,,,csv.stage.s,,,,,,,,,,,,,,,,,,,,,
445,11702,,1,<50301;50392;0;50891;50891;50891>,,,,,,0.7,0.5,,,,,csv.stage.shm,,,,,,,,,,,,,,,,,,,,,
446,11702,,2,<50022;50452;50022;50592;50592;50592>,,,,,,0.7,0.5,,,,,csv.stage.shm,,,,,,,,,,,,,,,,,,,,,
447,11702,,3,<52271;60272;52271;60002;70053;60002>,<0;0;0;0;1;0>,TRUE,,,,0.7,0.5,,,,,csv.stage.shm,,,,,,,,,,,,,,,,,,,,,
448,11703,,1,<51421;51421;51421;50891;0;50891>,,,,,,0.7,0.5,,,,,csv.stage.s,,,,,,,,,,,,,,,,,,,,,
449,11703,,2,<50092;50092;50092;50022;50132;50022>,,,,,,0.7,0.5,,,,,csv.stage.s,,,,,,,,,,,,,,,,,,,,,
450,11703,,3,<60092;0;63542;60092;71394;63542>,<0;0;0;0;1;0>,TRUE,,,,0.7,0.5,,,,,csv.stage.s,,,,,,,,,,,,,,,,,,,,,
451,11704,,1,<0;50071;53541;50071;50331;50071>,,,,,,0.7,0.5,,,,,csv.stage.night,,,,,,,,,,,,,,,,,,,,,
452,11704,,2,<50062;50021;50062;50021;50602;50021>,,,,,,0.7,0.5,,,,,csv.stage.night,,,,,,,,,,,,,,,,,,,,,
453,11704,,3,<60792;0;60792;60571;72013;60571>,<0;0;0;0;1;0>,TRUE,,,,0.7,0.5,,,,,csv.stage.night,,,,,,,,,,,,,,,,,,,,,
454,11705,,1,<50062;50081;50092;50062;0;50092>,,,,,,0.7,0.5,,,,,csv.stage.tower,,,,,,,,,,,,,,,,,,,,,
455,11705,,2,<50792;52481;50272;50792;52481;50272>,,,,,,0.7,0.5,,,,,csv.stage.tower,,,,,,,,,,,,,,,,,,,,,
456,11705,,3,<63302;60262;63302;0;70552;0>,<0;0;0;0;1;0>,TRUE,,,,0.7,0.5,,,,,csv.stage.tower,,,,,,,,,,,,,,,,,,,,,
457,11706,,1,<50092;50792;0;51422;51422;51422>,,,,,,0.7,0.5,,,,,csv.stage.grass,,,,,,,,,,,,,,,,,,,,,
458,11706,,2,<50131;50451;50131;50592;50592;50592>,,,,,,0.7,0.5,,,,,csv.stage.grass,,,,,,,,,,,,,,,,,,,,,
459,11706,,3,<51421;60262;51421;60593;180333;60593>,<0;0;0;0;1;0>,TRUE,,,,0.7,0.5,,,,,csv.stage.grass,,,,,,,,,,,,,,,,,,,,,
460,11707,,1,<50002;50002;50002;50591;0;50591>,,,,,,0.7,0.5,,,,,csv.stage.night,,,,,,,,,,,,,,,,,,,,,
461,11707,,2,<53301;53301;53301;53291;50481;53291>,,,,,,0.7,0.5,,,,,csv.stage.night,,,,,,,,,,,,,,,,,,,,,
462,11707,,3,<61422;0;60002;61422;70464;60002>,<0;0;0;0;1;0>,TRUE,,,,0.7,0.5,,,,,csv.stage.night,,,,,,,,,,,,,,,,,,,,,
463,11708,,1,<0;51292;50592;51292;50001;51292>,,,,,,0.7,0.5,,,,,csv.stage.city,,,,,,,,,,,,,,,,,,,,,
464,11708,,2,<53471;53291;53471;53291;50332;53291>,,,,,,0.7,0.5,,,,,csv.stage.city,,,,,,,,,,,,,,,,,,,,,
465,11708,,3,<60072;0;60072;60692;70793;60692>,<0;0;0;0;1;0>,TRUE,,,,0.7,0.5,,,,,csv.stage.city,,,,,,,,,,,,,,,,,,,,,
466,11709,,1,<50602;50012;50332;50602;0;50332>,,,,,,0.7,0.5,,,,,csv.stage.city,,,,,,,,,,,,,,,,,,,,,
467,11709,,2,<50391;50892;50101;50391;50892;50101>,,,,,,0.7,0.5,,,,,csv.stage.city,,,,,,,,,,,,,,,,,,,,,
468,11709,,3,<63302;60333;63302;0;181303;0>,<0;0;0;0;1;0>,TRUE,,,,0.7,0.5,,,,,csv.stage.city,,,,,,,,,,,,,,,,,,,,,
469,11710,,1,<50691;50062;0;50592;50592;50592>,,,,,,0.7,0.5,,,,,csv.stage.aml,,,,,,,,,,,,,,,,,,,,,
470,11710,,2,<50471;51171;50471;50132;50132;50132>,,,,,,0.7,0.5,,,,,csv.stage.aml,,,,,,,,,,,,,,,,,,,,,
471,11710,,3,<0;0;0;0;180753;0>,<0;0;0;0;1;0>,TRUE,,,,0.7,0.5,,,,,csv.stage.aml,,,,,,,,,,,,,,,,,,,,,
472,11801,,1,<50012;50601;53282;50012;0;53282>,,,,,,0.7,0.5,,,,,csv.stage.s,,,,,,,,,,,,,,,,,,,,,
473,11801,,2,<50392;50452;50092;50392;50452;50092>,,,,,,0.7,0.5,,,,,csv.stage.s,,,,,,,,,,,,,,,,,,,,,
474,11801,,3,<60472;60132;60472;0;72073;0>,<0;0;0;0;1;0>,TRUE,,,,0.7,0.5,,,,,csv.stage.s,,,,,,,,,,,,,,,,,,,,,
475,11802,,1,<50262;53292;0;50011;50011;50011>,,,,,,0.7,0.5,,,,,csv.stage.shm,,,,,,,,,,,,,,,,,,,,,
476,11802,,2,<50022;50891;50022;50301;50301;50301>,,,,,,0.7,0.5,,,,,csv.stage.shm,,,,,,,,,,,,,,,,,,,,,
477,11802,,3,<53301;61252;53301;60022;72683;60022>,<0;0;0;0;1;0>,TRUE,,,,0.7,0.5,,,,,csv.stage.shm,,,,,,,,,,,,,,,,,,,,,
478,11803,,1,<51611;51611;51611;51612;0;51612>,,,,,,0.7,0.5,,,,,csv.stage.s,,,,,,,,,,,,,,,,,,,,,
479,11803,,2,<50081;50081;50081;50551;50011;50551>,,,,,,0.7,0.5,,,,,csv.stage.s,,,,,,,,,,,,,,,,,,,,,
480,11803,,3,<60472;0;60262;60472;71423;60262>,<0;0;0;0;1;0>,TRUE,,,,0.7,0.5,,,,,csv.stage.s,,,,,,,,,,,,,,,,,,,,,
481,11804,,1,<0;53541;51421;53541;50071;53541>,,,,,,0.7,0.5,,,,,csv.stage.night,,,,,,,,,,,,,,,,,,,,,
482,11804,,2,<51421;50302;51421;50302;50452;50302>,,,,,,0.7,0.5,,,,,csv.stage.night,,,,,,,,,,,,,,,,,,,,,
483,11804,,3,<60552;0;60552;61172;70463;61172>,<0;0;0;0;1;0>,TRUE,,,,0.7,0.5,,,,,csv.stage.night,,,,,,,,,,,,,,,,,,,,,
484,11805,,1,<50002;50101;50331;50002;0;50331>,,,,,,0.7,0.5,,,,,csv.stage.tower,,,,,,,,,,,,,,,,,,,,,
485,11805,,2,<50001;50481;53292;50001;50481;53292>,,,,,,0.7,0.5,,,,,csv.stage.tower,,,,,,,,,,,,,,,,,,,,,
486,11805,,3,<60552;60792;60552;0;73293;0>,<0;0;0;0;1;0>,TRUE,,,,0.7,0.5,,,,,csv.stage.tower,,,,,,,,,,,,,,,,,,,,,
487,11806,,1,<51352;52481;0;50891;50891;50891>,,,,,,0.7,0.5,,,,,csv.stage.grass,,,,,,,,,,,,,,,,,,,,,
488,11806,,2,<50092;52012;50092;52012;52012;52012>,,,,,,0.7,0.5,,,,,csv.stage.grass,,,,,,,,,,,,,,,,,,,,,
489,11806,,3,<50021;60392;50021;62012;180771;62012>,<0;0;0;0;1;0>,TRUE,,,,0.7,0.5,,,,,csv.stage.grass,,,,,,,,,,,,,,,,,,,,,
490,11807,,1,<50261;50261;50261;50132;0;50132>,,,,,,0.7,0.5,,,,,csv.stage.night,,,,,,,,,,,,,,,,,,,,,
491,11807,,2,<51612;51612;51612;50002;50131;50002>,,,,,,0.7,0.5,,,,,csv.stage.night,,,,,,,,,,,,,,,,,,,,,
492,11807,,3,<60092;0;60592;60092;70273;60592>,<0;0;0;0;1;0>,TRUE,,,,0.7,0.5,,,,,csv.stage.night,,,,,,,,,,,,,,,,,,,,,
493,11808,,1,<0;50061;52482;50061;50271;50061>,,,,,,0.7,0.5,,,,,csv.stage.city,,,,,,,,,,,,,,,,,,,,,
494,11808,,2,<50052;50062;50052;50062;50043;50062>,,,,,,0.7,0.5,,,,,csv.stage.city,,,,,,,,,,,,,,,,,,,,,
495,11808,,3,<60572;0;60572;60603;71172;60603>,<0;0;0;0;1;0>,TRUE,,,,0.7,0.5,,,,,csv.stage.city,,,,,,,,,,,,,,,,,,,,,
496,11809,,1,<50391;50272;50261;50391;0;50261>,,,,,,0.7,0.5,,,,,csv.stage.city,,,,,,,,,,,,,,,,,,,,,
497,11809,,2,<53291;50792;50092;53291;50792;50092>,,,,,,0.7,0.5,,,,,csv.stage.city,,,,,,,,,,,,,,,,,,,,,
498,11809,,3,<60793;63472;60793;0;181903;0>,<0;0;0;0;1;0>,TRUE,,,,0.7,0.5,,,,,csv.stage.city,,,,,,,,,,,,,,,,,,,,,
499,11810,,1,<50791;50551;0;50131;50131;50131>,,,,,,0.7,0.5,,,,,csv.stage.aml,,,,,,,,,,,,,,,,,,,,,
500,11810,,2,<53471;50132;53471;50391;50391;50391>,,,,,,0.7,0.5,,,,,csv.stage.aml,,,,,,,,,,,,,,,,,,,,,
501,11810,,3,<0;0;0;0;180264;0>,<0;0;0;0;1;0>,TRUE,,,,0.7,0.5,,,,,csv.stage.aml,,,,,,,,,,,,,,,,,,,,,
502,11901,,1,<50793;50262;50793;50542;0;53282>,,,,,,0.7,0.5,,,,,csv.stage.s,,,,,,,,,,,,,,,,,,,,,
503,11901,,2,<50461;52723;52232;50331;50051;53003>,,,,,,0.7,0.5,,,,,csv.stage.s,,,,,,,,,,,,,,,,,,,,,
504,11901,,3,<60571;62822;60461;0;70463;0>,<0;0;0;0;1;0>,TRUE,,,,0.7,0.5,,,,,csv.stage.s,,,,,,,,,,,,,,,,,,,,,
505,11902,,1,<50351;50332;0;51813;50493;0>,,,,,,0.7,0.5,,,,,csv.stage.shm,,,,,,,,,,,,,,,,,,,,,
506,11902,,2,<52681;50262;50232;52822;52961;50283>,,,,,,0.7,0.5,,,,,csv.stage.shm,,,,,,,,,,,,,,,,,,,,,
507,11902,,3,<53293;0;53301;60092;70053;60302>,<0;0;0;0;1;0>,TRUE,,,,0.7,0.5,,,,,csv.stage.shm,,,,,,,,,,,,,,,,,,,,,
508,11903,,1,<50043;50053;52612;50031;0;50281>,,,,,,0.7,0.5,,,,,csv.stage.city,,,,,,,,,,,,,,,,,,,,,
509,11903,,2,<53282;0;50721;52963;50081;50051>,,,,,,0.7,0.5,,,,,csv.stage.city,,,,,,,,,,,,,,,,,,,,,
510,11903,,3,<60302;0;60891;60001;71841;62891>,<0;0;0;0;1;0>,TRUE,,,,0.7,0.5,,,,,csv.stage.city,,,,,,,,,,,,,,,,,,,,,
511,11904,,1,<0;50171;51303;50002;50893;50601>,,,,,,0.7,0.5,,,,,csv.stage.city,,,,,,,,,,,,,,,,,,,,,
512,11904,,2,<50281;50351;51443;51221;50461;50493>,,,,,,0.7,0.5,,,,,csv.stage.city,,,,,,,,,,,,,,,,,,,,,
513,11904,,3,<60022;0;60172;62681;0;63292>,<0;0;0;0;1;0>,TRUE,,,,0.7,0.5,,,,,csv.stage.city,,,,,,,,,,,,,,,,,,,,,
514,11905,,1,<50782;50372;50072;53543;0;50541>,,,,,,0.7,0.5,,,,,csv.stage.s,,,,,,,,,,,,,,,,,,,,,
515,11905,,2,<50081;51421;50263;50081;50331;51353>,,,,,,0.7,0.5,,,,,csv.stage.s,,,,,,,,,,,,,,,,,,,,,
516,11905,,3,<60031;60372;60231;0;70793;0>,<0;0;0;0;1;0>,TRUE,,,,0.7,0.5,,,,,csv.stage.s,,,,,,,,,,,,,,,,,,,,,
517,11906,,1,<50452;50002;0;50331;51221;50552>,,,,,,0.7,0.5,,,,,csv.stage.night,,,,,,,,,,,,,,,,,,,,,
518,11906,,2,<51303;50552;51303;50051;50022;53412>,,,,,,0.7,0.5,,,,,csv.stage.night,,,,,,,,,,,,,,,,,,,,,
519,11906,,3,<50721;60031;50133;61893;70593;60263>,<0;0;0;0;1;0>,TRUE,,,,0.7,0.5,,,,,csv.stage.night,,,,,,,,,,,,,,,,,,,,,
520,11907,,1,<53562;50132;51893;50352;0;52683>,,,,,,0.7,0.5,,,,,csv.stage.tower,,,,,,,,,,,,,,,,,,,,,
521,11907,,2,<51392;50892;53562;50552;50391;51612>,,,,,,0.7,0.5,,,,,csv.stage.tower,,,,,,,,,,,,,,,,,,,,,
522,11907,,3,<60023;0;60033;63001;70303;62271>,<0;0;0;0;1;0>,TRUE,,,,0.7,0.5,,,,,csv.stage.tower,,,,,,,,,,,,,,,,,,,,,
523,11908,,1,<0;52822;53292;50391;52723;50272>,,,,,,0.7,0.5,,,,,csv.stage.aml,,,,,,,,,,,,,,,,,,,,,
524,11908,,2,<50071;53282;0;50302;52592;50093>,,,,,,0.7,0.5,,,,,csv.stage.aml,,,,,,,,,,,,,,,,,,,,,
525,11908,,3,<60792;0;62303;62612;70133;63021>,<0;0;0;0;1;0>,TRUE,,,,0.7,0.5,,,,,csv.stage.aml,,,,,,,,,,,,,,,,,,,,,
526,11909,,1,<52891;50782;51961;0;0;50062>,,,,,,0.7,0.5,,,,,csv.stage.grass,,,,,,,,,,,,,,,,,,,,,
527,11909,,2,<0;52722;50451;50691;50471;50102>,,,,,,0.7,0.5,,,,,csv.stage.grass,,,,,,,,,,,,,,,,,,,,,
528,11909,,3,<60332;61171;63543;0;70173;0>,<0;0;0;0;1;0>,TRUE,,,,0.7,0.5,,,,,csv.stage.grass,,,,,,,,,,,,,,,,,,,,,
529,11910,,1,<50463;50301;0;50452;51961;50072>,,,,,,0.7,0.5,,,,,csv.stage.tower,,,,,,,,,,,,,,,,,,,,,
530,11910,,2,<50191;0;50121;50033;50031;50043>,,,,,,0.7,0.5,,,,,csv.stage.tower,,,,,,,,,,,,,,,,,,,,,
531,11910,,3,<50882;60491;51423;60463;73631;60352>,<0;0;0;0;1;0>,TRUE,,,,0.7,0.5,,,,,csv.stage.tower,,,,,,,,,,,,,,,,,,,,,
532,12001,,1,<50031;51351;50191;50112;0;53413>,,,,,,0.75,0.5,,,,,csv.stage.s,,,,,,,,,,,,,,,,,,,,,
533,12001,,2,<50102;50121;52683;52233;50262;50072>,,,,,,0.75,0.5,,,,,csv.stage.s,,,,,,,,,,,,,,,,,,,,,
534,12001,,3,<60731;62873;61901;0;71253;0>,<0;0;0;0;1;0>,TRUE,,,,0.75,0.5,,,,,csv.stage.s,,,,,,,,,,,,,,,,,,,,,
535,12002,,1,<50491;50571;0;50052;50371;50301>,,,,,,0.75,0.5,,,,,csv.stage.shm,,,,,,,,,,,,,,,,,,,,,
536,12002,,2,<50191;53631;50331;52631;50072;51312>,,,,,,0.75,0.5,,,,,csv.stage.shm,,,,,,,,,,,,,,,,,,,,,
537,12002,,3,<51612;0;51231;61611;72963;60301>,<0;0;0;0;1;0>,TRUE,,,,0.75,0.5,,,,,csv.stage.shm,,,,,,,,,,,,,,,,,,,,,
538,12003,,1,<50333;51252;52233;50691;0;50391>,,,,,,0.75,0.5,,,,,csv.stage.city,,,,,,,,,,,,,,,,,,,,,
539,12003,,2,<50601;51393;53502;50803;50801;53341>,,,,,,0.75,0.5,,,,,csv.stage.city,,,,,,,,,,,,,,,,,,,,,
540,12003,,3,<62962;0;62682;61443;70402;61353>,<0;0;0;0;1;0>,TRUE,,,,0.75,0.5,,,,,csv.stage.city,,,,,,,,,,,,,,,,,,,,,
541,12004,,1,<52891;50132;50122;53511;52723;52482>,,,,,,0.75,0.5,,,,,csv.stage.city,,,,,,,,,,,,,,,,,,,,,
542,12004,,2,<51813;50883;0;50751;0;52722>,,,,,,0.75,0.5,,,,,csv.stage.city,,,,,,,,,,,,,,,,,,,,,
543,12004,,3,<60102;0;62872;62682;70493;62873>,<0;0;0;0;1;0>,TRUE,,,,0.75,0.5,,,,,csv.stage.city,,,,,,,,,,,,,,,,,,,,,
544,12005,,1,<0;50471;52683;51353;0;50062>,,,,,,0.75,0.5,,,,,csv.stage.s,,,,,,,,,,,,,,,,,,,,,
545,12005,,2,<50171;50123;51353;51071;50331;50281>,,,,,,0.75,0.5,,,,,csv.stage.s,,,,,,,,,,,,,,,,,,,,,
546,12005,,3,<60273;61302;62072;0;71903;0>,<0;0;0;0;1;0>,TRUE,,,,0.75,0.5,,,,,csv.stage.s,,,,,,,,,,,,,,,,,,,,,
547,12006,,1,<50302;50471;0;52482;52482;52822>,,,,,,0.75,0.5,,,,,csv.stage.night,,,,,,,,,,,,,,,,,,,,,
548,12006,,2,<50771;52272;52631;50332;51901;51391>,,,,,,0.75,0.5,,,,,csv.stage.night,,,,,,,,,,,,,,,,,,,,,
549,12006,,3,<52683;60012;52963;60632;70333;60091>,<0;0;0;0;1;0>,TRUE,,,,0.75,0.5,,,,,csv.stage.night,,,,,,,,,,,,,,,,,,,,,
550,12007,,1,<50023;50052;53511;52962;0;50131>,,,,,,0.75,0.5,,,,,csv.stage.tower,,,,,,,,,,,,,,,,,,,,,
551,12007,,2,<52231;50463;52822;53283;53292;52682>,,,,,,0.75,0.5,,,,,csv.stage.tower,,,,,,,,,,,,,,,,,,,,,
552,12007,,3,<60471;0;60371;0;183413;0>,<0;0;0;0;1;0>,TRUE,,,,0.75,0.5,,,,,csv.stage.tower,,,,,,,,,,,,,,,,,,,,,
553,12008,,1,<0;51353;52592;52242;51271;50351>,,,,,,0.75,0.5,,,,,csv.stage.aml,,,,,,,,,,,,,,,,,,,,,
554,12008,,2,<50471;51302;0;50023;50893;52723>,,,,,,0.75,0.5,,,,,csv.stage.aml,,,,,,,,,,,,,,,,,,,,,
555,12008,,3,<61071;0;60351;62633;71503;61901>,<0;0;0;0;1;0>,TRUE,,,,0.75,0.5,,,,,csv.stage.aml,,,,,,,,,,,,,,,,,,,,,
556,12009,,1,<50592;53472;50002;51303;0;53431>,,,,,,0.75,0.5,,,,,csv.stage.grass,,,,,,,,,,,,,,,,,,,,,
557,12009,,2,<50092;50053;51292;50051;50192;52681>,,,,,,0.75,0.5,,,,,csv.stage.grass,,,,,,,,,,,,,,,,,,,,,
558,12009,,3,<60013;61503;63341;0;182242;0>,<0;0;0;0;1;0>,TRUE,,,,0.75,0.5,,,,,csv.stage.grass,,,,,,,,,,,,,,,,,,,,,
559,12010,,1,<51612;51293;0;51862;53301;50351>,,,,,,0.75,0.5,,,,,csv.stage.tower,,,,,,,,,,,,,,,,,,,,,
560,12010,,2,<51903;50192;50602;52361;50351;50351>,,,,,,0.75,0.5,,,,,csv.stage.tower,,,,,,,,,,,,,,,,,,,,,
561,12010,,3,<52231;62231;52301;60023;181981;62073>,<0;0;0;0;1;0>,TRUE,,,,0.75,0.5,,,,,csv.stage.tower,,,,,,,,,,,,,,,,,,,,,
562,12101,,1,<50282;50173;51901;52233;0;51311>,,,,,,0.75,0.5,,,,,csv.stage.s,,,,,,,,,,,,,,,,,,,,,
563,12101,,2,<51231;53003;50262;51171;51903;52301>,,,,,,0.75,0.5,,,,,csv.stage.s,,,,,,,,,,,,,,,,,,,,,
564,12101,,3,<60102;60542;62681;0;70222;0>,<0;0;0;0;1;0>,TRUE,,,,0.75,0.5,,,,,csv.stage.s,,,,,,,,,,,,,,,,,,,,,
565,12102,,1,<52593;50541;0;50803;50303;50803>,,,,,,0.75,0.5,,,,,csv.stage.shm,,,,,,,,,,,,,,,,,,,,,
566,12102,,2,<50542;53341;52593;50333;50392;53291>,,,,,,0.75,0.5,,,,,csv.stage.shm,,,,,,,,,,,,,,,,,,,,,
567,12102,,3,<50791;0;50072;60803;73303;60803>,<0;0;0;0;1;0>,TRUE,,,,0.75,0.5,,,,,csv.stage.shm,,,,,,,,,,,,,,,,,,,,,
568,12103,,1,<50051;52681;52272;50003;0;53292>,,,,,,0.75,0.5,,,,,csv.stage.city,,,,,,,,,,,,,,,,,,,,,
569,12103,,2,<50072;50771;50173;51903;51313;53561>,,,,,,0.75,0.5,,,,,csv.stage.city,,,,,,,,,,,,,,,,,,,,,
570,12103,,3,<61071;0;62681;60572;70632;62483>,<0;0;0;0;1;0>,TRUE,,,,0.75,0.5,,,,,csv.stage.city,,,,,,,,,,,,,,,,,,,,,
571,12104,,1,<50051;53011;51241;50881;50893;51241>,,,,,,0.75,0.5,,,,,csv.stage.city,,,,,,,,,,,,,,,,,,,,,
572,12104,,2,<52073;50281;50023;50331;0;51252>,,,,,,0.75,0.5,,,,,csv.stage.city,,,,,,,,,,,,,,,,,,,,,
573,12104,,3,<60111;0;61902;60472;71241;60803>,<0;0;0;0;1;0>,TRUE,,,,0.75,0.5,,,,,csv.stage.city,,,,,,,,,,,,,,,,,,,,,
574,12105,,1,<53341;53301;50602;50781;0;50491>,,,,,,0.75,0.5,,,,,csv.stage.s,,,,,,,,,,,,,,,,,,,,,
575,12105,,2,<50191;51293;50023;52301;52871;51442>,,,,,,0.75,0.5,,,,,csv.stage.s,,,,,,,,,,,,,,,,,,,,,
576,12105,,3,<60333;60102;60792;0;72233;0>,<0;0;0;0;1;0>,TRUE,,,,0.75,0.5,,,,,csv.stage.s,,,,,,,,,,,,,,,,,,,,,
577,12106,,1,<50033;50031;0;51251;50464;52301>,,,,,,0.75,0.5,,,,,csv.stage.night,,,,,,,,,,,,,,,,,,,,,
578,12106,,2,<50051;52722;52072;50792;50071;52963>,,,,,,0.75,0.5,,,,,csv.stage.night,,,,,,,,,,,,,,,,,,,,,
579,12106,,3,<52481;60133;52681;60493;71303;60062>,<0;0;0;0;1;0>,TRUE,,,,0.75,0.5,,,,,csv.stage.night,,,,,,,,,,,,,,,,,,,,,
580,12107,,1,<53542;52961;50071;50133;0;51221>,,,,,,0.75,0.5,,,,,csv.stage.tower,,,,,,,,,,,,,,,,,,,,,
581,12107,,2,<53351;50592;50232;52633;50592;50113>,,,,,,0.75,0.5,,,,,csv.stage.tower,,,,,,,,,,,,,,,,,,,,,
582,12107,,3,<60093;0;60262;0;181082;0>,<0;0;0;0;1;0>,TRUE,,,,0.75,0.5,,,,,csv.stage.tower,,,,,,,,,,,,,,,,,,,,,
583,12108,,1,<0;50033;50303;53002;50481;53543>,,,,,,0.75,0.5,,,,,csv.stage.aml,,,,,,,,,,,,,,,,,,,,,
584,12108,,2,<50051;51971;0;50542;53541;52873>,,,,,,0.75,0.5,,,,,csv.stage.aml,,,,,,,,,,,,,,,,,,,,,
585,12108,,3,<62633;0;60081;60272;73021;60001>,<0;0;0;0;1;0>,TRUE,,,,0.75,0.5,,,,,csv.stage.aml,,,,,,,,,,,,,,,,,,,,,
586,12109,,1,<50883;51502;50053;50303;0;50301>,,,,,,0.75,0.5,,,,,csv.stage.grass,,,,,,,,,,,,,,,,,,,,,
587,12109,,2,<50021;54023;50072;50351;50091;50082>,,,,,,0.75,0.5,,,,,csv.stage.grass,,,,,,,,,,,,,,,,,,,,,
588,12109,,3,<62073;63011;61261;0;180721;0>,<0;0;0;0;1;0>,TRUE,,,,0.75,0.5,,,,,csv.stage.grass,,,,,,,,,,,,,,,,,,,,,
589,12110,,1,<52073;50051;0;50792;50331;51221>,,,,,,0.75,0.5,,,,,csv.stage.tower,,,,,,,,,,,,,,,,,,,,,
590,12110,,2,<50091;50331;0;52073;51502;52302>,,,,,,0.75,0.5,,,,,csv.stage.tower,,,,,,,,,,,,,,,,,,,,,
591,12110,,3,<50022;60192;50023;61861;181961;60131>,<0;0;0;0;1;0>,TRUE,,,,0.75,0.5,,,,,csv.stage.tower,,,,,,,,,,,,,,,,,,,,,
592,12201,,1,<50332;50092;52012;50591;0;51311>,,,,,,0.75,0.5,,,,,csv.stage.s,,,,,,,,,,,,,,,,,,,,,
593,12201,,2,<53291;50262;50022;50133;0;50262>,,,,,,0.75,0.5,,,,,csv.stage.s,,,,,,,,,,,,,,,,,,,,,
594,12201,,3,<60392;63292;63281;0;73562;0>,<0;0;0;0;1;0>,TRUE,,,,0.75,0.5,,,,,csv.stage.s,,,,,,,,,,,,,,,,,,,,,
595,12202,,1,<52012;51612;0;50891;50792;51252>,,,,,,0.75,0.5,,,,,csv.stage.shm,,,,,,,,,,,,,,,,,,,,,
596,12202,,2,<53301;52012;50012;50021;0;50602>,,,,,,0.75,0.5,,,,,csv.stage.shm,,,,,,,,,,,,,,,,,,,,,
597,12202,,3,<52012;0;50022;60593;73353;63542>,<0;0;0;0;1;0>,TRUE,,,,0.75,0.5,,,,,csv.stage.shm,,,,,,,,,,,,,,,,,,,,,
598,12203,,1,<50022;50551;50471;50692;0;0>,,,,,,0.75,0.5,,,,,csv.stage.city,,,,,,,,,,,,,,,,,,,,,
599,12203,,2,<50021;50021;50892;50132;0;50002>,,,,,,0.75,0.5,,,,,csv.stage.city,,,,,,,,,,,,,,,,,,,,,
600,12203,,3,<60471;0;62012;60392;70891;63292>,<0;0;0;0;1;0>,TRUE,,,,0.75,0.5,,,,,csv.stage.city,,,,,,,,,,,,,,,,,,,,,
601,12204,,1,<52012;50262;50601;50472;52012;50022>,,,,,,0.75,0.5,,,,,csv.stage.city,,,,,,,,,,,,,,,,,,,,,
602,12204,,2,<52012;50391;53472;50002;0;51172>,,,,,,0.75,0.5,,,,,csv.stage.city,,,,,,,,,,,,,,,,,,,,,
603,12204,,3,<60271;0;60602;60092;71813;62012>,<0;0;0;0;1;0>,TRUE,,,,0.75,0.5,,,,,csv.stage.city,,,,,,,,,,,,,,,,,,,,,
604,12205,,1,<50792;50392;50301;50391;0;0>,,,,,,0.75,0.5,,,,,csv.stage.s,,,,,,,,,,,,,,,,,,,,,
605,12205,,2,<52271;50602;52012;51813;53292;0>,,,,,,0.75,0.5,,,,,csv.stage.s,,,,,,,,,,,,,,,,,,,,,
606,12205,,3,<60072;61421;60692;0;70131;0>,<0;0;0;0;1;0>,TRUE,,,,0.75,0.5,,,,,csv.stage.s,,,,,,,,,,,,,,,,,,,,,
607,12206,,1,<50052;50272;0;50051;51612;50263>,,,,,,0.75,0.5,,,,,csv.stage.night,,,,,,,,,,,,,,,,,,,,,
608,12206,,2,<53542;50101;50052;50302;0;53021>,,,,,,0.75,0.5,,,,,csv.stage.night,,,,,,,,,,,,,,,,,,,,,
609,12206,,3,<53541;60092;50331;60033;70393;60461>,<0;0;0;0;1;0>,TRUE,,,,0.75,0.5,,,,,csv.stage.night,,,,,,,,,,,,,,,,,,,,,
610,12207,,1,<50002;51421;51421;50191;0;50391>,,,,,,0.75,0.5,,,,,csv.stage.tower,,,,,,,,,,,,,,,,,,,,,
611,12207,,2,<50481;50092;50062;52682;50591;52482>,,,,,,0.75,0.5,,,,,csv.stage.tower,,,,,,,,,,,,,,,,,,,,,
612,12207,,3,<60452;0;61421;0;181392;0>,<0;0;0;0;1;0>,TRUE,,,,0.75,0.5,,,,,csv.stage.tower,,,,,,,,,,,,,,,,,,,,,
613,12208,,1,<0;52232;51422;52242;50332;50091>,,,,,,0.75,0.5,,,,,csv.stage.aml,,,,,,,,,,,,,,,,,,,,,
614,12208,,2,<50471;51303;0;50803;0;50351>,,,,,,0.75,0.5,,,,,csv.stage.aml,,,,,,,,,,,,,,,,,,,,,
615,12208,,3,<61612;0;60071;62301;71394;62301>,<0;0;0;0;1;0>,TRUE,,,,0.75,0.5,,,,,csv.stage.aml,,,,,,,,,,,,,,,,,,,,,
616,12209,,1,<51421;53292;50132;51241;0;53291>,,,,,,0.75,0.5,,,,,csv.stage.grass,,,,,,,,,,,,,,,,,,,,,
617,12209,,2,<51421;53543;53301;50023;0;53561>,,,,,,0.75,0.5,,,,,csv.stage.grass,,,,,,,,,,,,,,,,,,,,,
618,12209,,3,<62482;61231;61612;0;180263;0>,<0;0;0;0;1;0>,TRUE,,,,0.75,0.5,,,,,csv.stage.grass,,,,,,,,,,,,,,,,,,,,,
619,12210,,1,<50092;52872;0;50081;51171;50113>,,,,,,0.75,0.5,,,,,csv.stage.tower,,,,,,,,,,,,,,,,,,,,,
620,12210,,2,<50331;52822;53472;50351;0;50082>,,,,,,0.75,0.5,,,,,csv.stage.tower,,,,,,,,,,,,,,,,,,,,,
621,12210,,3,<51292;63341;50602;61812;180761;0>,<0;0;0;0;1;0>,TRUE,,,,0.75,0.5,,,,,csv.stage.tower,,,,,,,,,,,,,,,,,,,,,
622,12301,,1,<53002;50552;53541;51291;52481;51311>,,,,,,0.75,0.5,,,,,csv.stage.s,,,,,,,,,,,,,,,,,,,,,
623,12301,,2,<50542;53412;53282;53291;51352;51612>,,,,,,0.75,0.5,,,,,csv.stage.s,,,,,,,,,,,,,,,,,,,,,
624,12301,,3,<60272;60263;60572;60792;70043;60002>,<0;0;0;0;1;0>,TRUE,,,,0.75,0.5,,,,,csv.stage.s,,,,,,,,,,,,,,,,,,,,,
625,12302,,1,<50303;52683;53541;50131;51292;50471>,,,,,,0.75,0.5,,,,,csv.stage.shm,,,,,,,,,,,,,,,,,,,,,
626,12302,,2,<50351;50303;50001;50072;50053;50691>,,,,,,0.75,0.5,,,,,csv.stage.shm,,,,,,,,,,,,,,,,,,,,,
627,12302,,3,<60303;62271;60043;60332;72473;61353>,<0;0;0;0;1;0>,TRUE,,,,0.75,0.5,,,,,csv.stage.shm,,,,,,,,,,,,,,,,,,,,,
628,12303,,1,<50792;50272;52012;51612;51612;51612>,,,,,,0.75,0.5,,,,,csv.stage.city,,,,,,,,,,,,,,,,,,,,,
629,12303,,2,<52073;50093;53291;53292;53292;50101>,,,,,,0.75,0.5,,,,,csv.stage.city,,,,,,,,,,,,,,,,,,,,,
630,12303,,3,<61861;63021;60303;60262;70701;63282>,<0;0;0;0;1;0>,TRUE,,,,0.75,0.5,,,,,csv.stage.city,,,,,,,,,,,,,,,,,,,,,
631,12304,,1,<50303;50062;50392;50393;50303;50131>,,,,,,0.75,0.5,,,,,csv.stage.city,,,,,,,,,,,,,,,,,,,,,
632,12304,,2,<50303;50102;50452;50022;50262;50131>,,,,,,0.75,0.5,,,,,csv.stage.city,,,,,,,,,,,,,,,,,,,,,
633,12304,,3,<63472;63631;60272;60481;71314;61351>,<0;0;0;0;1;0>,TRUE,,,,0.75,0.5,,,,,csv.stage.city,,,,,,,,,,,,,,,,,,,,,
634,12305,,1,<50481;53432;51421;50012;53292;50391>,,,,,,0.75,0.5,,,,,csv.stage.s,,,,,,,,,,,,,,,,,,,,,
635,12305,,2,<50803;51252;50092;50002;50601;53282>,,,,,,0.75,0.5,,,,,csv.stage.s,,,,,,,,,,,,,,,,,,,,,
636,12305,,3,<63291;61393;61422;60092;72822;60052>,<0;0;0;0;1;0>,TRUE,,,,0.75,0.5,,,,,csv.stage.s,,,,,,,,,,,,,,,,,,,,,
637,12306,,1,<50803;51171;50592;52271;50262;50603>,,,,,,0.75,0.5,,,,,csv.stage.night,,,,,,,,,,,,,,,,,,,,,
638,12306,,2,<53292;50132;50593;52012;50392;53292>,,,,,,0.75,0.5,,,,,csv.stage.night,,,,,,,,,,,,,,,,,,,,,
639,12306,,3,<63561;60883;60591;60002;70611;60601>,<0;0;0;0;1;0>,TRUE,,,,0.75,0.5,,,,,csv.stage.night,,,,,,,,,,,,,,,,,,,,,
640,12307,,1,<52483;52891;53291;50092;53472;53542>,,,,,,0.75,0.5,,,,,csv.stage.tower,,,,,,,,,,,,,,,,,,,,,
641,12307,,2,<50491;50471;50002;51172;50391;53292>,,,,,,0.75,0.5,,,,,csv.stage.tower,,,,,,,,,,,,,,,,,,,,,
642,12307,,3,<61351;60123;61292;60012;183251;60471>,<0;0;0;0;1;0>,TRUE,,,,0.75,0.5,,,,,csv.stage.tower,,,,,,,,,,,,,,,,,,,,,
643,12308,,1,<50121;51302;53291;50262;50012;53302>,,,,,,0.75,0.5,,,,,csv.stage.aml,,,,,,,,,,,,,,,,,,,,,
644,12308,,2,<52873;50471;50692;53281;50262;50601>,,,,,,0.75,0.5,,,,,csv.stage.aml,,,,,,,,,,,,,,,,,,,,,
645,12308,,3,<60571;62272;60332;60092;183161;63542>,<0;0;0;0;1;0>,TRUE,,,,0.75,0.5,,,,,csv.stage.aml,,,,,,,,,,,,,,,,,,,,,
646,12309,,1,<53631;50012;50101;53301;51612;50551>,,,,,,0.75,0.5,,,,,csv.stage.grass,,,,,,,,,,,,,,,,,,,,,
647,12309,,2,<53432;50052;53542;50392;50301;50331>,,,,,,0.75,0.5,,,,,csv.stage.grass,,,,,,,,,,,,,,,,,,,,,
648,12309,,3,<61252;60463;62012;63472;184132;63302>,<0;0;0;0;1;0>,TRUE,,,,0.75,0.5,,,,,csv.stage.grass,,,,,,,,,,,,,,,,,,,,,
649,12310,,1,<51393;50551;50332;50472;50082;50301>,,,,,,0.75,0.5,,,,,csv.stage.tower,,,,,,,,,,,,,,,,,,,,,
650,12310,,2,<51171;50131;50022;50392;50391;50022>,,,,,,0.75,0.5,,,,,csv.stage.tower,,,,,,,,,,,,,,,,,,,,,
651,12310,,3,<60132;60482;60601;60302;183221;62271>,<0;0;0;0;1;0>,TRUE,,,,0.75,0.5,,,,,csv.stage.tower,,,,,,,,,,,,,,,,,,,,,
652,12401,,1,<50051;52722;52072;50792;50071;52963>,,,,,,0.75,0.5,,,,,csv.stage.s,,,,,,,,,,,,,,,,,,,,,
653,12401,,2,<52481;50133;52681;50493;51353;50062>,,,,,,0.75,0.5,,,,,csv.stage.s,,,,,,,,,,,,,,,,,,,,,
654,12401,,3,<63542;62961;60071;60133;71802;61221>,<0;0;0;0;1;0>,TRUE,,,,0.75,0.5,,,,,csv.stage.s,,,,,,,,,,,,,,,,,,,,,
655,12402,,1,<53351;50592;50232;52633;50592;50113>,,,,,,0.75,0.5,,,,,csv.stage.shm,,,,,,,,,,,,,,,,,,,,,
656,12402,,2,<50093;50002;50262;51862;50371;50592>,,,,,,0.75,0.5,,,,,csv.stage.shm,,,,,,,,,,,,,,,,,,,,,
657,12402,,3,<60771;60033;60303;63002;73201;63543>,<0;0;0;0;1;0>,TRUE,,,,0.75,0.5,,,,,csv.stage.shm,,,,,,,,,,,,,,,,,,,,,
658,12403,,1,<50051;51971;50043;50542;53541;52873>,,,,,,0.75,0.5,,,,,csv.stage.city,,,,,,,,,,,,,,,,,,,,,
659,12403,,2,<52633;50632;50081;50272;50552;50001>,,,,,,0.75,0.5,,,,,csv.stage.city,,,,,,,,,,,,,,,,,,,,,
660,12403,,3,<60883;61502;60053;60303;73191;60301>,<0;0;0;0;1;0>,TRUE,,,,0.75,0.5,,,,,csv.stage.city,,,,,,,,,,,,,,,,,,,,,
661,12404,,1,<50021;54023;50072;50351;50592;50082>,,,,,,0.75,0.5,,,,,csv.stage.city,,,,,,,,,,,,,,,,,,,,,
662,12404,,2,<52073;53011;51261;50023;50592;52073>,,,,,,0.75,0.5,,,,,csv.stage.city,,,,,,,,,,,,,,,,,,,,,
663,12404,,3,<62073;60051;60351;60792;70721;61221>,<0;0;0;0;1;0>,TRUE,,,,0.75,0.5,,,,,csv.stage.city,,,,,,,,,,,,,,,,,,,,,
664,12405,,1,<50091;50331;53251;52073;51502;52302>,,,,,,0.75,0.5,,,,,csv.stage.s,,,,,,,,,,,,,,,,,,,,,
665,12405,,2,<51501;50192;50023;51861;53301;50131>,,,,,,0.75,0.5,,,,,csv.stage.s,,,,,,,,,,,,,,,,,,,,,
666,12405,,3,<60332;60092;62012;60591;73231;60482>,<0;0;0;0;1;0>,TRUE,,,,0.75,0.5,,,,,csv.stage.s,,,,,,,,,,,,,,,,,,,,,
667,12406,,1,<53291;50262;50022;50133;53562;50262>,,,,,,0.75,0.5,,,,,csv.stage.night,,,,,,,,,,,,,,,,,,,,,
668,12406,,2,<50392;53292;53281;53472;53541;50133>,,,,,,0.75,0.5,,,,,csv.stage.night,,,,,,,,,,,,,,,,,,,,,
669,12406,,3,<62012;61612;60393;60891;70333;61252>,<0;0;0;0;1;0>,TRUE,,,,0.75,0.5,,,,,csv.stage.night,,,,,,,,,,,,,,,,,,,,,
670,12407,,1,<53301;52012;50012;50021;50242;50602>,,,,,,0.75,0.5,,,,,csv.stage.tower,,,,,,,,,,,,,,,,,,,,,
671,12407,,2,<52012;50571;50022;50593;50092;53542>,,,,,,0.75,0.5,,,,,csv.stage.tower,,,,,,,,,,,,,,,,,,,,,
672,12407,,3,<60022;60551;60471;60692;183353;60301>,<0;0;0;0;1;0>,TRUE,,,,0.75,0.5,,,,,csv.stage.tower,,,,,,,,,,,,,,,,,,,,,
673,12408,,1,<50021;50021;50892;50132;50263;50002>,,,,,,0.75,0.5,,,,,csv.stage.aml,,,,,,,,,,,,,,,,,,,,,
674,12408,,2,<50471;50592;52012;50392;50691;53292>,,,,,,0.75,0.5,,,,,csv.stage.aml,,,,,,,,,,,,,,,,,,,,,
675,12408,,3,<62012;60262;60601;60472;180163;60022>,<0;0;0;0;1;0>,TRUE,,,,0.75,0.5,,,,,csv.stage.aml,,,,,,,,,,,,,,,,,,,,,
676,12409,,1,<52012;50391;53472;50002;50472;51172>,,,,,,0.75,0.5,,,,,csv.stage.grass,,,,,,,,,,,,,,,,,,,,,
677,12409,,2,<50271;51611;50602;50092;51292;52012>,,,,,,0.75,0.5,,,,,csv.stage.grass,,,,,,,,,,,,,,,,,,,,,
678,12409,,3,<60792;60392;60301;60391;181396;60391>,<0;0;0;0;1;0>,TRUE,,,,0.75,0.5,,,,,csv.stage.grass,,,,,,,,,,,,,,,,,,,,,
679,12410,,1,<52271;50602;52012;51813;53292;50052>,,,,,,0.75,0.5,,,,,csv.stage.tower,,,,,,,,,,,,,,,,,,,,,
680,12410,,2,<50072;51421;50692;52963;50302;53292>,,,,,,0.75,0.5,,,,,csv.stage.tower,,,,,,,,,,,,,,,,,,,,,
681,12410,,3,<60052;60272;63542;60051;183241;60263>,<0;0;0;0;1;0>,TRUE,,,,0.75,0.5,,,,,csv.stage.tower,,,,,,,,,,,,,,,,,,,,,
682,12501,,1,<50052;50392;50551;51612;53542;50072>,,,,,,0.8,0.55,,,,,csv.stage.s,,,,,,,,,,,,,,,,,,,,,
683,12501,,2,<50392;51422;50271;50002;50271;50022>,,,,,,0.8,0.55,,,,,csv.stage.s,,,,,,,,,,,,,,,,,,,,,
684,12501,,3,<60021;60022;60013;60593;70611;60792>,<0;0;0;0;1;0>,TRUE,,,,0.8,0.55,,,,,csv.stage.s,,,,,,,,,,,,,,,,,,,,,
685,12502,,1,<53472;50052;50021;51393;50391;53471>,,,,,,0.8,0.55,,,,,csv.stage.shm,,,,,,,,,,,,,,,,,,,,,
686,12502,,2,<50391;50271;52073;51392;51612;50391>,,,,,,0.8,0.55,,,,,csv.stage.shm,,,,,,,,,,,,,,,,,,,,,
687,12502,,3,<60393;60001;60481;60552;70503;62012>,<0;0;0;0;1;0>,TRUE,,,,0.8,0.55,,,,,csv.stage.shm,,,,,,,,,,,,,,,,,,,,,
688,12503,,1,<50603;50793;51422;50393;53302;53301>,,,,,,0.8,0.55,,,,,csv.stage.city,,,,,,,,,,,,,,,,,,,,,
689,12503,,2,<51422;50452;50461;50271;52481;51612>,,,,,,0.8,0.55,,,,,csv.stage.city,,,,,,,,,,,,,,,,,,,,,
690,12503,,3,<61292;60392;60601;61351;73161;61352>,<0;0;0;0;1;0>,TRUE,,,,0.8,0.55,,,,,csv.stage.city,,,,,,,,,,,,,,,,,,,,,
691,12504,,1,<50592;51303;52481;50691;50391;53542>,,,,,,0.8,0.55,,,,,csv.stage.city,,,,,,,,,,,,,,,,,,,,,
692,12504,,2,<50471;50571;53341;51612;50391;53302>,,,,,,0.8,0.55,,,,,csv.stage.city,,,,,,,,,,,,,,,,,,,,,
693,12504,,3,<62231;62351;62891;60603;70641;63471>,<0;0;0;0;1;0>,TRUE,,,,0.8,0.55,,,,,csv.stage.city,,,,,,,,,,,,,,,,,,,,,
694,12505,,1,<52231;53432;50273;50061;51351;50451>,,,,,,0.8,0.55,,,,,csv.stage.s,,,,,,,,,,,,,,,,,,,,,
695,12505,,2,<50022;50391;50601;50093;50691;50022>,,,,,,0.8,0.55,,,,,csv.stage.s,,,,,,,,,,,,,,,,,,,,,
696,12505,,3,<60092;62271;62271;60001;70701;62012>,<0;0;0;0;1;0>,TRUE,,,,0.8,0.55,,,,,csv.stage.s,,,,,,,,,,,,,,,,,,,,,
697,12506,,1,<50602;50792;50472;50793;50601;51353>,,,,,,0.8,0.55,,,,,csv.stage.night,,,,,,,,,,,,,,,,,,,,,
698,12506,,2,<50551;50051;50392;50301;50572;50392>,,,,,,0.8,0.55,,,,,csv.stage.night,,,,,,,,,,,,,,,,,,,,,
699,12506,,3,<60471;61303;63282;60071;70863;61303>,<0;0;0;0;1;0>,TRUE,,,,0.8,0.55,,,,,csv.stage.night,,,,,,,,,,,,,,,,,,,,,
700,12507,,1,<53302;50471;50301;53302;50001;50001>,,,,,,0.8,0.55,,,,,csv.stage.tower,,,,,,,,,,,,,,,,,,,,,
701,12507,,2,<50471;52681;53302;50023;50771;52271>,,,,,,0.8,0.55,,,,,csv.stage.tower,,,,,,,,,,,,,,,,,,,,,
702,12507,,3,<63561;60262;63471;60331;180972;61292>,<0;0;0;0;1;0>,TRUE,,,,0.8,0.55,,,,,csv.stage.tower,,,,,,,,,,,,,,,,,,,,,
703,12508,,1,<50092;51353;50552;53472;50471;50131>,,,,,,0.8,0.55,,,,,csv.stage.aml,,,,,,,,,,,,,,,,,,,,,
704,12508,,2,<53472;50452;50471;50272;50782;51811>,,,,,,0.8,0.55,,,,,csv.stage.aml,,,,,,,,,,,,,,,,,,,,,
705,12508,,3,<60471;60472;63301;60131;181772;60552>,<0;0;0;0;1;0>,TRUE,,,,0.8,0.55,,,,,csv.stage.aml,,,,,,,,,,,,,,,,,,,,,
706,12509,,1,<50471;53301;53301;50601;50472;51903>,,,,,,0.8,0.55,,,,,csv.stage.grass,,,,,,,,,,,,,,,,,,,,,
707,12509,,2,<50272;53432;51172;50392;50092;50803>,,,,,,0.8,0.55,,,,,csv.stage.grass,,,,,,,,,,,,,,,,,,,,,
708,12509,,3,<60101;60391;61612;60393;182023;62012>,<0;0;0;0;1;0>,TRUE,,,,0.8,0.55,,,,,csv.stage.grass,,,,,,,,,,,,,,,,,,,,,
709,12510,,1,<53471;50021;50101;51612;50001;51861>,,,,,,0.8,0.55,,,,,csv.stage.tower,,,,,,,,,,,,,,,,,,,,,
710,12510,,2,<51421;50721;51903;53351;50093;50272>,,,,,,0.8,0.55,,,,,csv.stage.tower,,,,,,,,,,,,,,,,,,,,,
711,12510,,3,<60472;60552;63472;63341;183601;60601>,<0;0;0;0;1;0>,TRUE,,,,0.8,0.55,,,,,csv.stage.tower,,,,,,,,,,,,,,,,,,,,,
712,12601,,1,<51502;50062;53292;50002;51261;51292>,,,,,,0.8,0.55,,,,,csv.stage.s,,,,,,,,,,,,,,,,,,,,,
713,12601,,2,<50123;53542;51813;50883;50001;50061>,,,,,,0.8,0.55,,,,,csv.stage.s,,,,,,,,,,,,,,,,,,,,,
714,12601,,3,<60803;60721;60102;60102;70382;60301>,<0;0;0;0;1;0>,TRUE,,,,0.8,0.55,,,,,csv.stage.s,,,,,,,,,,,,,,,,,,,,,
715,12602,,1,<53543;53542;50192;51351;53542;50371>,,,,,,0.8,0.55,,,,,csv.stage.shm,,,,,,,,,,,,,,,,,,,,,
716,12602,,2,<50302;50002;50791;50393;50102;53542>,,,,,,0.8,0.55,,,,,csv.stage.shm,,,,,,,,,,,,,,,,,,,,,
717,12602,,3,<62483;61813;61302;60043;73181;60552>,<0;0;0;0;1;0>,TRUE,,,,0.8,0.55,,,,,csv.stage.shm,,,,,,,,,,,,,,,,,,,,,
718,12603,,1,<50481;50023;50043;50591;53541;50391>,,,,,,0.8,0.55,,,,,csv.stage.city,,,,,,,,,,,,,,,,,,,,,
719,12603,,2,<53002;50082;50071;53291;52481;50542>,,,,,,0.8,0.55,,,,,csv.stage.city,,,,,,,,,,,,,,,,,,,,,
720,12603,,3,<60012;60102;63472;61862;70883;62073>,<0;0;0;0;1;0>,TRUE,,,,0.8,0.55,,,,,csv.stage.city,,,,,,,,,,,,,,,,,,,,,
721,12604,,1,<52963;53301;53542;53561;53542;53412>,,,,,,0.8,0.55,,,,,csv.stage.city,,,,,,,,,,,,,,,,,,,,,
722,12604,,2,<50001;53541;51392;50601;53542;50393>,,,,,,0.8,0.55,,,,,csv.stage.city,,,,,,,,,,,,,,,,,,,,,
723,12604,,3,<63541;64023;61172;62073;70403;61422>,<0;0;0;0;1;0>,TRUE,,,,0.8,0.55,,,,,csv.stage.city,,,,,,,,,,,,,,,,,,,,,
724,12605,,1,<53021;50132;53251;50691;50771;53341>,,,,,,0.8,0.55,,,,,csv.stage.s,,,,,,,,,,,,,,,,,,,,,
725,12605,,2,<50192;50272;51353;50272;51422;50481>,,,,,,0.8,0.55,,,,,csv.stage.s,,,,,,,,,,,,,,,,,,,,,
726,12605,,3,<63292;60072;61393;60061;72411;60351>,<0;0;0;0;1;0>,TRUE,,,,0.8,0.55,,,,,csv.stage.s,,,,,,,,,,,,,,,,,,,,,
727,12606,,1,<51422;50771;51352;51813;50591;51612>,,,,,,0.8,0.55,,,,,csv.stage.night,,,,,,,,,,,,,,,,,,,,,
728,12606,,2,<54023;50603;50071;50053;51971;51421>,,,,,,0.8,0.55,,,,,csv.stage.night,,,,,,,,,,,,,,,,,,,,,
729,12606,,3,<60883;60002;62271;60691;74081;61612>,<0;0;0;0;1;0>,TRUE,,,,0.8,0.55,,,,,csv.stage.night,,,,,,,,,,,,,,,,,,,,,
730,12607,,1,<50192;50883;53292;50552;50272;52633>,,,,,,0.8,0.55,,,,,csv.stage.tower,,,,,,,,,,,,,,,,,,,,,
731,12607,,2,<50883;50552;53302;50481;54023;50052>,,,,,,0.8,0.55,,,,,csv.stage.tower,,,,,,,,,,,,,,,,,,,,,
732,12607,,3,<60632;61501;63541;62012;180731;60471>,<0;0;0;0;1;0>,TRUE,,,,0.8,0.55,,,,,csv.stage.tower,,,,,,,,,,,,,,,,,,,,,
733,12608,,1,<52073;51292;52073;53291;50023;50102>,,,,,,0.8,0.55,,,,,csv.stage.aml,,,,,,,,,,,,,,,,,,,,,
734,12608,,2,<50051;51422;50883;52681;53542;50392>,,,,,,0.8,0.55,,,,,csv.stage.aml,,,,,,,,,,,,,,,,,,,,,
735,12608,,3,<60883;60392;60332;61291;182493;60691>,<0;0;0;0;1;0>,TRUE,,,,0.8,0.55,,,,,csv.stage.aml,,,,,,,,,,,,,,,,,,,,,
736,12609,,1,<50883;53011;50571;50002;50132;50091>,,,,,,0.8,0.55,,,,,csv.stage.grass,,,,,,,,,,,,,,,,,,,,,
737,12609,,2,<50082;50392;50133;53011;50091;52012>,,,,,,0.8,0.55,,,,,csv.stage.grass,,,,,,,,,,,,,,,,,,,,,
738,12609,,3,<63472;60062;63412;60572;287052;63281>,<0;0;0;0;1;0>,TRUE,,,,0.8,0.55,,,,,csv.stage.grass,,,,,,,,,,,,,,,,,,,,,
739,12610,,1,<50263;51421;50002;50192;50602;50091>,,,,,,0.8,0.55,,,,,csv.stage.tower,,,,,,,,,,,,,,,,,,,,,
740,12610,,2,<51302;50053;51292;50463;51422;51501>,,,,,,0.8,0.55,,,,,csv.stage.tower,,,,,,,,,,,,,,,,,,,,,
741,12610,,3,<61813;63472;60371;60332;84111;60552>,<0;0;0;0;1;0>,TRUE,,,,0.8,0.55,,,,,csv.stage.tower,,,,,,,,,,,,,,,,,,,,,
742,12701,,1,<50591;51421;53291;52012;51422;51442>,,,,,,0.8,0.55,,,,,csv.stage.s,,,,,,,,,,,,,,,,,,,,,
743,12701,,2,<50091;52891;50792;50262;50392;50263>,,,,,,0.8,0.55,,,,,csv.stage.s,,,,,,,,,,,,,,,,,,,,,
744,12701,,3,<62012;62822;60232;60593;212132;60491>,<0;0;0;0;1;0>,TRUE,,,,0.8,0.55,,,,,csv.stage.s,,,,,,,,,,,,,,,,,,,,,
745,12702,,1,<51302;53541;50393;50021;50033;50131>,,,,,,0.8,0.55,,,,,csv.stage.shm,,,,,,,,,,,,,,,,,,,,,
746,12702,,2,<50591;50552;53292;50132;50391;50033>,,,,,,0.8,0.55,,,,,csv.stage.shm,,,,,,,,,,,,,,,,,,,,,
747,12702,,3,<60092;60262;60101;60792;73413;60481>,<0;0;0;0;1;0>,TRUE,,,,0.8,0.55,,,,,csv.stage.shm,,,,,,,,,,,,,,,,,,,,,
748,12703,,1,<53541;50072;50043;50191;53541;50691>,,,,,,0.8,0.55,,,,,csv.stage.city,,,,,,,,,,,,,,,,,,,,,
749,12703,,2,<50803;50031;53291;50481;50792;50471>,,,,,,0.8,0.55,,,,,csv.stage.city,,,,,,,,,,,,,,,,,,,,,
750,12703,,3,<63281;60721;61612;60272;212411;60101>,<0;0;0;0;1;0>,TRUE,,,,0.8,0.55,,,,,csv.stage.city,,,,,,,,,,,,,,,,,,,,,
751,12704,,1,<50021;50192;50351;50012;50033;52873>,,,,,,0.8,0.55,,,,,csv.stage.city,,,,,,,,,,,,,,,,,,,,,
752,12704,,2,<52073;50132;50392;52271;50033;51861>,,,,,,0.8,0.55,,,,,csv.stage.city,,,,,,,,,,,,,,,,,,,,,
753,12704,,3,<63281;61421;60101;60803;73592;61221>,<0;0;0;0;1;0>,TRUE,,,,0.8,0.55,,,,,csv.stage.city,,,,,,,,,,,,,,,,,,,,,
754,12705,,1,<51422;50792;53251;50493;50371;50803>,,,,,,0.8,0.55,,,,,csv.stage.s,,,,,,,,,,,,,,,,,,,,,
755,12705,,2,<50491;53301;50262;50793;50691;50022>,,,,,,0.8,0.55,,,,,csv.stage.s,,,,,,,,,,,,,,,,,,,,,
756,12705,,3,<60052;60263;60791;60601;72411;60001>,<0;0;0;0;1;0>,TRUE,,,,0.8,0.55,,,,,csv.stage.s,,,,,,,,,,,,,,,,,,,,,
757,12706,,1,<50192;50793;50071;52301;50601;52271>,,,,,,0.8,0.55,,,,,csv.stage.night,,,,,,,,,,,,,,,,,,,,,
758,12706,,2,<52483;50571;52481;50271;50471;53292>,,,,,,0.8,0.55,,,,,csv.stage.night,,,,,,,,,,,,,,,,,,,,,
759,12706,,3,<62073;60052;61393;60472;73843;63302>,<0;0;0;0;1;0>,TRUE,,,,0.8,0.55,,,,,csv.stage.night,,,,,,,,,,,,,,,,,,,,,
760,12707,,1,<53472;52073;50132;50792;50392;50002>,,,,,,0.8,0.55,,,,,csv.stage.tower,,,,,,,,,,,,,,,,,,,,,
761,12707,,2,<52073;50331;50692;51861;53301;50572>,,,,,,0.8,0.55,,,,,csv.stage.tower,,,,,,,,,,,,,,,,,,,,,
762,12707,,3,<60052;60262;60552;60132;183683;60061>,<0;0;0;0;1;0>,TRUE,,,,0.8,0.55,,,,,csv.stage.tower,,,,,,,,,,,,,,,,,,,,,
763,12708,,1,<50883;50632;50262;50803;50102;51221>,,,,,,0.8,0.55,,,,,csv.stage.aml,,,,,,,,,,,,,,,,,,,,,
764,12708,,2,<53292;53301;52073;50391;50391;52012>,,,,,,0.8,0.55,,,,,csv.stage.aml,,,,,,,,,,,,,,,,,,,,,
765,12708,,3,<62073;60463;61353;60803;84071;60371>,<0;0;0;0;1;0>,TRUE,,,,0.8,0.55,,,,,csv.stage.aml,,,,,,,,,,,,,,,,,,,,,
766,12709,,1,<52073;53341;50593;50332;50022;50082>,,,,,,0.8,0.55,,,,,csv.stage.grass,,,,,,,,,,,,,,,,,,,,,
767,12709,,2,<53002;50603;50053;50023;50371;50022>,,,,,,0.8,0.55,,,,,csv.stage.grass,,,,,,,,,,,,,,,,,,,,,
768,12709,,3,<60471;60262;63281;60542;183191;63291>,<0;0;0;0;1;0>,TRUE,,,,0.8,0.55,,,,,csv.stage.grass,,,,,,,,,,,,,,,,,,,,,
769,12710,,1,<50093;50262;50331;50022;50001;50022>,,,,,,0.8,0.55,,,,,csv.stage.tower,,,,,,,,,,,,,,,,,,,,,
770,12710,,2,<53561;50331;50072;50691;51172;50052>,,,,,,0.8,0.55,,,,,csv.stage.tower,,,,,,,,,,,,,,,,,,,,,
771,12710,,3,<60883;60262;60271;60003;184023;62633>,<0;0;0;0;1;0>,TRUE,,,,0.8,0.55,,,,,csv.stage.tower,,,,,,,,,,,,,,,,,,,,,
772,12801,,1,<51812;51501;50552;50132;50971;57001>,,,,,,0.8,0.55,,,,,csv.stage.s,,,,,,,,,,,,,,,,,,,,,
773,12801,,2,<51391;50271;50783;52272;53301;51241>,,,,,,0.8,0.55,,,,,csv.stage.s,,,,,,,,,,,,,,,,,,,,,
774,12801,,3,<62631;60401;61941;61903;71032;60051>,<0;0;0;0;1;0>,TRUE,,,,0.8,0.55,,,,,csv.stage.s,,,,,,,,,,,,,,,,,,,,,
775,12802,,1,<52021;50152;50004;52033;50711;51502>,,,,,,0.8,0.55,,,,,csv.stage.shm,,,,,,,,,,,,,,,,,,,,,
776,12802,,2,<50013;53502;50162;51903;50172;51171>,,,,,,0.8,0.55,,,,,csv.stage.shm,,,,,,,,,,,,,,,,,,,,,
777,12802,,3,<62992;60053;61611;60741;72473;61251>,<0;0;0;0;1;0>,TRUE,,,,0.8,0.55,,,,,csv.stage.shm,,,,,,,,,,,,,,,,,,,,,
778,12803,,1,<50971;50011;51891;52011;52633;51353>,,,,,,0.8,0.55,,,,,csv.stage.city,,,,,,,,,,,,,,,,,,,,,
779,12803,,2,<52822;52302;50491;51442;51351;53431>,,,,,,0.8,0.55,,,,,csv.stage.city,,,,,,,,,,,,,,,,,,,,,
780,12803,,3,<61893;63342;61302;60171;73003;61421>,<0;0;0;0;1;0>,TRUE,,,,0.8,0.55,,,,,csv.stage.city,,,,,,,,,,,,,,,,,,,,,
781,12804,,1,<51231;50173;53151;52921;53281;51071>,,,,,,0.8,0.55,,,,,csv.stage.city,,,,,,,,,,,,,,,,,,,,,
782,12804,,2,<50592;50044;51841;50111;52891;51442>,,,,,,0.8,0.55,,,,,csv.stage.city,,,,,,,,,,,,,,,,,,,,,
783,12804,,3,<63191;61231;60691;63771;73152;60271>,<0;0;0;0;1;0>,TRUE,,,,0.8,0.55,,,,,csv.stage.city,,,,,,,,,,,,,,,,,,,,,
784,12805,,1,<53501;51641;50171;50061;52302;52723>,,,,,,0.8,0.55,,,,,csv.stage.s,,,,,,,,,,,,,,,,,,,,,
785,12805,,2,<50461;51903;50781;53201;50091;51071>,,,,,,0.8,0.55,,,,,csv.stage.s,,,,,,,,,,,,,,,,,,,,,
786,12805,,3,<60152;62272;60133;61082;73231;60262>,<0;0;0;0;1;0>,TRUE,,,,0.8,0.55,,,,,csv.stage.s,,,,,,,,,,,,,,,,,,,,,
787,12806,,1,<50701;50152;51393;50692;50015;50893>,,,,,,0.8,0.55,,,,,csv.stage.night,,,,,,,,,,,,,,,,,,,,,
788,12806,,2,<50692;51082;50791;53431;53561;52302>,,,,,,0.8,0.55,,,,,csv.stage.night,,,,,,,,,,,,,,,,,,,,,
789,12806,,3,<60241;67001;60004;60403;73201;60022>,<0;0;0;0;1;0>,TRUE,,,,0.8,0.55,,,,,csv.stage.night,,,,,,,,,,,,,,,,,,,,,
790,12807,,1,<50172;52831;51072;53353;50052;53592>,,,,,,0.8,0.55,,,,,csv.stage.tower,,,,,,,,,,,,,,,,,,,,,
791,12807,,2,<50394;50381;51892;52681;50752;53351>,,,,,,0.8,0.55,,,,,csv.stage.tower,,,,,,,,,,,,,,,,,,,,,
792,12807,,3,<60273;61772;61853;60333;183191;63351>,<0;0;0;0;1;0>,TRUE,,,,0.8,0.55,,,,,csv.stage.tower,,,,,,,,,,,,,,,,,,,,,
793,12808,,1,<52832;50801;50013;52022;51391;50015>,,,,,,0.8,0.55,,,,,csv.stage.aml,,,,,,,,,,,,,,,,,,,,,
794,12808,,2,<50071;50793;50271;50191;50572;50641>,,,,,,0.8,0.55,,,,,csv.stage.aml,,,,,,,,,,,,,,,,,,,,,
795,12808,,3,<60283;60123;60893;64131;183251;61851>,<0;0;0;0;1;0>,TRUE,,,,0.8,0.55,,,,,csv.stage.aml,,,,,,,,,,,,,,,,,,,,,
796,12809,,1,<53412;53281;52483;50011;52633;51931>,,,,,,0.8,0.55,,,,,csv.stage.grass,,,,,,,,,,,,,,,,,,,,,
797,12809,,2,<51503;53302;51772;51292;53471;51396>,,,,,,0.8,0.55,,,,,csv.stage.grass,,,,,,,,,,,,,,,,,,,,,
798,12809,,3,<62483;60381;63352;61811;187001;61931>,<0;0;0;0;1;0>,TRUE,,,,0.8,0.55,,,,,csv.stage.grass,,,,,,,,,,,,,,,,,,,,,
799,12810,,1,<50072;50211;53471;51811;50781;50574>,,,,,,0.8,0.55,,,,,csv.stage.tower,,,,,,,,,,,,,,,,,,,,,
800,12810,,2,<50261;50031;51921;54132;50081;51392>,,,,,,0.8,0.55,,,,,csv.stage.tower,,,,,,,,,,,,,,,,,,,,,
801,12810,,3,<63251;62682;63281;63161;184132;62922>,<0;0;0;0;1;0>,TRUE,,,,0.8,0.55,,,,,csv.stage.tower,,,,,,,,,,,,,,,,,,,,,
802,12901,,1,<50161;50261;50123;50242;51396;50232>,,,,,,0.8,0.55,,,,,csv.stage.s,,,,,,,,,,,,,,,,,,,,,
803,12901,,2,<50632;51903;52073;50271;50393;50572>,,,,,,0.8,0.55,,,,,csv.stage.s,,,,,,,,,,,,,,,,,,,,,
804,12901,,3,<60481;61291;60081;60091;73561;63201>,<0;0;0;0;1;0>,TRUE,,,,0.8,0.55,,,,,csv.stage.s,,,,,,,,,,,,,,,,,,,,,
805,12902,,1,<50593;50491;50092;50701;50471;51891>,,,,,,0.8,0.55,,,,,csv.stage.shm,,,,,,,,,,,,,,,,,,,,,
806,12902,,2,<52271;50021;50552;51841;53683;50771>,,,,,,0.8,0.55,,,,,csv.stage.shm,,,,,,,,,,,,,,,,,,,,,
807,12902,,3,<60052;63292;60332;60263;72681;61311>,<0;0;0;0;1;0>,TRUE,,,,0.8,0.55,,,,,csv.stage.shm,,,,,,,,,,,,,,,,,,,,,
808,12903,,1,<51861;50803;50481;50262;53002;50771>,,,,,,0.8,0.55,,,,,csv.stage.city,,,,,,,,,,,,,,,,,,,,,
809,12903,,2,<52633;51612;51221;50371;50012;50002>,,,,,,0.8,0.55,,,,,csv.stage.city,,,,,,,,,,,,,,,,,,,,,
810,12903,,3,<60001;62302;62481;60133;70493;61292>,<0;0;0;0;1;0>,TRUE,,,,0.8,0.55,,,,,csv.stage.city,,,,,,,,,,,,,,,,,,,,,
811,12904,,1,<51172;50131;50132;50542;50692;50283>,,,,,,0.8,0.55,,,,,csv.stage.city,,,,,,,,,,,,,,,,,,,,,
812,12904,,2,<53592;51853;50101;50052;51422;52683>,,,,,,0.8,0.55,,,,,csv.stage.city,,,,,,,,,,,,,,,,,,,,,
813,12904,,3,<63353;60331;60051;61971;70301;60053>,<0;0;0;0;1;0>,TRUE,,,,0.8,0.55,,,,,csv.stage.city,,,,,,,,,,,,,,,,,,,,,
814,12905,,1,<52832;53352;51772;52831;53772;51802>,,,,,,0.8,0.55,,,,,csv.stage.s,,,,,,,,,,,,,,,,,,,,,
815,12905,,2,<53021;50341;53351;51082;52012;50162>,,,,,,0.8,0.55,,,,,csv.stage.s,,,,,,,,,,,,,,,,,,,,,
816,12905,,3,<63191;61353;61503;64132;71281;61901>,<0;0;0;0;1;0>,TRUE,,,,0.8,0.55,,,,,csv.stage.s,,,,,,,,,,,,,,,,,,,,,
817,12906,,1,<53663;53471;51301;53281;51903;50351>,,,,,,0.8,0.55,,,,,csv.stage.night,,,,,,,,,,,,,,,,,,,,,
818,12906,,2,<51501;50171;50862;51853;50793;51071>,,,,,,0.8,0.55,,,,,csv.stage.night,,,,,,,,,,,,,,,,,,,,,
819,12906,,3,<60782;60211;67001;61813;71863;60792>,<0;0;0;0;1;0>,TRUE,,,,0.8,0.55,,,,,csv.stage.night,,,,,,,,,,,,,,,,,,,,,
820,12907,,1,<53683;50893;50015;50803;50884;50382>,,,,,,0.8,0.55,,,,,csv.stage.tower,,,,,,,,,,,,,,,,,,,,,
821,12907,,2,<51442;51392;51313;50273;52231;53412>,,,,,,0.8,0.55,,,,,csv.stage.tower,,,,,,,,,,,,,,,,,,,,,
822,12907,,3,<63842;60572;62593;61891;182483;60472>,<0;0;0;0;1;0>,TRUE,,,,0.8,0.55,,,,,csv.stage.tower,,,,,,,,,,,,,,,,,,,,,
823,12908,,1,<50333;51423;50011;51441;51503;51641>,,,,,,0.8,0.55,,,,,csv.stage.aml,,,,,,,,,,,,,,,,,,,,,
824,12908,,2,<52491;51893;51811;51852;53661;50031>,,,,,,0.8,0.55,,,,,csv.stage.aml,,,,,,,,,,,,,,,,,,,,,
825,12908,,3,<60711;63141;62591;60502;180863;60241>,<0;0;0;0;1;0>,TRUE,,,,0.8,0.55,,,,,csv.stage.aml,,,,,,,,,,,,,,,,,,,,,
826,12909,,1,<52992;53152;53181;53171;53161;52962>,,,,,,0.8,0.55,,,,,csv.stage.grass,,,,,,,,,,,,,,,,,,,,,
827,12909,,2,<51921;50792;50172;50881;53351;51501>,,,,,,0.8,0.55,,,,,csv.stage.grass,,,,,,,,,,,,,,,,,,,,,
828,12909,,3,<62483;60212;60062;60271;180262;60752>,<0;0;0;0;1;0>,TRUE,,,,0.8,0.55,,,,,csv.stage.grass,,,,,,,,,,,,,,,,,,,,,
829,12910,,1,<50282;51031;50071;50641;51394;51991>,,,,,,0.8,0.55,,,,,csv.stage.tower,,,,,,,,,,,,,,,,,,,,,
830,12910,,2,<51311;50022;53471;53251;52023;51902>,,,,,,0.8,0.55,,,,,csv.stage.tower,,,,,,,,,,,,,,,,,,,,,
831,12910,,3,<62033;61921;60721;63342;180081;61862>,<0;0;0;0;1;0>,TRUE,,,,0.8,0.55,,,,,csv.stage.tower,,,,,,,,,,,,,,,,,,,,,
832,13001,,1,<51921;50071;50572;50803;52593;53683>,,,,,,0.8,0.55,,,,,csv.stage.s,,,,,,,,,,,,,,,,,,,,,
833,13001,,2,<50893;53353;51301;51891;51893;52681>,,,,,,0.8,0.55,,,,,csv.stage.s,,,,,,,,,,,,,,,,,,,,,
834,13001,,3,<60371;60711;61813;67001;71423;60012>,<0;0;0;0;1;0>,TRUE,,,,0.8,0.55,,,,,csv.stage.s,,,,,,,,,,,,,,,,,,,,,
835,13002,,1,<53292;51861;50331;50692;51841;50493>,,,,,,0.8,0.55,,,,,csv.stage.shm,,,,,,,,,,,,,,,,,,,,,
836,13002,,2,<50052;53281;51353;53471;50171;51422>,,,,,,0.8,0.55,,,,,csv.stage.shm,,,,,,,,,,,,,,,,,,,,,
837,13002,,3,<63141;63152;60792;61031;70542;60133>,<0;0;0;0;1;0>,TRUE,,,,0.8,0.55,,,,,csv.stage.shm,,,,,,,,,,,,,,,,,,,,,
838,13003,,1,<51863;50862;50001;52832;53021;53191>,,,,,,0.8,0.55,,,,,csv.stage.city,,,,,,,,,,,,,,,,,,,,,
839,13003,,2,<52491;52633;51612;51221;50052;53772>,,,,,,0.8,0.55,,,,,csv.stage.city,,,,,,,,,,,,,,,,,,,,,
840,13003,,3,<61812;61501;60552;60132;70971;67001>,<0;0;0;0;1;0>,TRUE,,,,0.8,0.55,,,,,csv.stage.city,,,,,,,,,,,,,,,,,,,,,
841,13004,,1,<51391;50271;50783;52272;53301;51241>,,,,,,0.8,0.55,,,,,csv.stage.city,,,,,,,,,,,,,,,,,,,,,
842,13004,,2,<52631;50401;51941;51903;50172;50051>,,,,,,0.8,0.55,,,,,csv.stage.city,,,,,,,,,,,,,,,,,,,,,
843,13004,,3,<62021;60152;60004;62033;70711;61502>,<0;0;0;0;1;0>,TRUE,,,,0.8,0.55,,,,,csv.stage.city,,,,,,,,,,,,,,,,,,,,,
844,13005,,1,<50013;53502;50162;51903;50172;51171>,,,,,,0.8,0.55,,,,,csv.stage.s,,,,,,,,,,,,,,,,,,,,,
845,13005,,2,<52992;50053;51611;50741;50113;51251>,,,,,,0.8,0.55,,,,,csv.stage.s,,,,,,,,,,,,,,,,,,,,,
846,13005,,3,<60971;60011;61891;62011;72633;61353>,<0;0;0;0;1;0>,TRUE,,,,0.8,0.55,,,,,csv.stage.s,,,,,,,,,,,,,,,,,,,,,
847,13006,,1,<52822;52302;50491;51442;51351;53431>,,,,,,0.8,0.55,,,,,csv.stage.night,,,,,,,,,,,,,,,,,,,,,
848,13006,,2,<53151;52921;53281;51071;50273;51772>,,,,,,0.8,0.55,,,,,csv.stage.night,,,,,,,,,,,,,,,,,,,,,
849,13006,,3,<61841;60111;62891;61442;72832;60801>,<0;0;0;0;1;0>,TRUE,,,,0.8,0.55,,,,,csv.stage.night,,,,,,,,,,,,,,,,,,,,,
850,13007,,1,<50691;53771;51841;50271;50071;50793>,,,,,,0.8,0.55,,,,,csv.stage.tower,,,,,,,,,,,,,,,,,,,,,
851,13007,,2,<50171;50061;52302;52723;50283;50123>,,,,,,0.8,0.55,,,,,csv.stage.tower,,,,,,,,,,,,,,,,,,,,,
852,13007,,3,<60781;63201;60091;61071;183412;63281>,<0;0;0;0;1;0>,TRUE,,,,0.8,0.55,,,,,csv.stage.tower,,,,,,,,,,,,,,,,,,,,,
853,13008,,1,<50133;51082;53542;50262;51503;53302>,,,,,,0.8,0.55,,,,,csv.stage.aml,,,,,,,,,,,,,,,,,,,,,
854,13008,,2,<50092;50701;50542;50171;52483;50381>,,,,,,0.8,0.55,,,,,csv.stage.aml,,,,,,,,,,,,,,,,,,,,,
855,13008,,3,<60552;61841;63021;63353;180052;60271>,<0;0;0;0;1;0>,TRUE,,,,0.8,0.55,,,,,csv.stage.aml,,,,,,,,,,,,,,,,,,,,,
856,13009,,1,<50332;50263;50052;50152;50004;50401>,,,,,,0.8,0.55,,,,,csv.stage.grass,,,,,,,,,,,,,,,,,,,,,
857,13009,,2,<50481;50262;50971;53502;50162;50152>,,,,,,0.8,0.55,,,,,csv.stage.grass,,,,,,,,,,,,,,,,,,,,,
858,13009,,3,<61221;60371;63301;60053;181611;63502>,<0;0;0;0;1;0>,TRUE,,,,0.8,0.55,,,,,csv.stage.grass,,,,,,,,,,,,,,,,,,,,,
859,13010,,1,<52021;51422;50132;50011;51891;51031>,,,,,,0.8,0.55,,,,,csv.stage.tower,,,,,,,,,,,,,,,,,,,,,
860,13010,,2,<50593;50491;50092;50701;50471;51891>,,,,,,0.8,0.55,,,,,csv.stage.tower,,,,,,,,,,,,,,,,,,,,,
861,13010,,3,<61861;60803;60481;60262;182431;60771>,<0;0;0;0;1;0>,TRUE,,,,0.8,0.55,,,,,csv.stage.tower,,,,,,,,,,,,,,,,,,,,,
862,13101,,1,<52021;50071;50572;53502;52593;50172>,,,,,,0.8,0.55,,,,,,,,,,,,,,,,,,,,,,,,,,
863,13101,,2,<52683;53353;51301;51891;51893;52681>,,,,,,0.8,0.55,,,,,,,,,,,,,,,,,,,,,,,,,,
864,13101,,3,<60602;62483;61813;62832;71423;61891>,,TRUE,,,,0.8,0.55,,,,,,,,,,,,,,,,,,,,,,,,,,
865,13102,,1,<53292;51861;50331;50692;50691;50493>,,,,,,0.8,0.55,,,,,,,,,,,,,,,,,,,,,,,,,,
866,13102,,2,<51351;53281;50971;53471;50171;51422>,,,,,,0.8,0.55,,,,,,,,,,,,,,,,,,,,,,,,,,
867,13102,,3,<60002;63152;60792;61031;70542;60133>,,TRUE,,,,0.8,0.55,,,,,,,,,,,,,,,,,,,,,,,,,,
868,13103,,1,<50043;50271;50001;50263;53021;53191>,,,,,,0.8,0.55,,,,,,,,,,,,,,,,,,,,,,,,,,
869,13103,,2,<52491;52633;51612;53201;50052;50272>,,,,,,0.8,0.55,,,,,,,,,,,,,,,,,,,,,,,,,,
870,13103,,3,<60283;61501;60552;60101;73771;61421>,,TRUE,,,,0.8,0.55,,,,,,,,,,,,,,,,,,,,,,,,,,
871,13104,,1,<51391;50271;50491;52272;53021;50092>,,,,,,0.8,0.55,,,,,,,,,,,,,,,,,,,,,,,,,,
872,13104,,2,<50472;50401;51941;53191;50172;51422>,,,,,,0.8,0.55,,,,,,,,,,,,,,,,,,,,,,,,,,
873,13104,,3,<60033;60133;60452;62033;71082;60592>,,TRUE,,,,0.8,0.55,,,,,,,,,,,,,,,,,,,,,,,,,,
874,13105,,1,<52682;53502;53021;50783;50172;50593>,,,,,,0.8,0.55,,,,,,,,,,,,,,,,,,,,,,,,,,
875,13105,,2,<50001;50053;51611;52992;50113;50591>,,,,,,0.8,0.55,,,,,,,,,,,,,,,,,,,,,,,,,,
876,13105,,3,<60971;60011;61891;62011;71442;61353>,,TRUE,,,,0.8,0.55,,,,,,,,,,,,,,,,,,,,,,,,,,
877,13106,,1,<50482;52302;50793;51442;50771;53431>,,,,,,0.8,0.55,,,,,,,,,,,,,,,,,,,,,,,,,,
878,13106,,2,<53151;51071;53281;51071;50273;51772>,,,,,,0.8,0.55,,,,,,,,,,,,,,,,,,,,,,,,,,
879,13106,,3,<61292;60111;62891;60263;70301;63191>,,TRUE,,,,0.8,0.55,,,,,,,,,,,,,,,,,,,,,,,,,,
880,13107,,1,<50691;53771;51841;50271;53631;50793>,,,,,,0.8,0.55,,,,,,,,,,,,,,,,,,,,,,,,,,
881,13107,,2,<50171;53542;52302;52723;50283;50123>,,,,,,0.8,0.55,,,,,,,,,,,,,,,,,,,,,,,,,,
882,13107,,3,<62271;63201;60091;61071;180691;63201>,,TRUE,,,,0.8,0.55,,,,,,,,,,,,,,,,,,,,,,,,,,
883,13108,,1,<51291;51082;50451;50262;51503;52073>,,,,,,0.8,0.55,,,,,,,,,,,,,,,,,,,,,,,,,,
884,13108,,2,<50092;50701;50542;50171;52483;50381>,,,,,,0.8,0.55,,,,,,,,,,,,,,,,,,,,,,,,,,
885,13108,,3,<63541;61841;63021;60162;183191;61171>,,TRUE,,,,0.8,0.55,,,,,,,,,,,,,,,,,,,,,,,,,,
886,13109,,1,<50262;50263;50052;50152;50004;50132>,,,,,,0.8,0.55,,,,,,,,,,,,,,,,,,,,,,,,,,
887,13109,,2,<53292;50262;50971;53502;50162;50883>,,,,,,0.8,0.55,,,,,,,,,,,,,,,,,,,,,,,,,,
888,13109,,3,<61221;60371;63301;60053;182963;62891>,,TRUE,,,,0.8,0.55,,,,,,,,,,,,,,,,,,,,,,,,,,
889,13110,,1,<52021;53301;50132;50011;51891;51031>,,,,,,0.8,0.55,,,,,,,,,,,,,,,,,,,,,,,,,,
890,13110,,2,<53472;50491;50092;50701;50471;51891>,,,,,,0.8,0.55,,,,,,,,,,,,,,,,,,,,,,,,,,
891,13110,,3,<61861;60803;60481;60262;182351;63301>,,TRUE,,,,0.8,0.55,,,,,,,,,,,,,,,,,,,,,,,,,,
1000,1000,,1,<0;0;0;0;100003;0>,<0;0;0;0;1;0>,,,40,,,,,,,,csv.stage.ghfb,,,,,,,,,,,,,,,,,,,,,
1001,1001,,1,<0;0;0;0;100013;0>,<0;0;0;0;1;0>,,,42,,,,,,,,csv.stage.ghfb,,,,,,,,,,,,,,,,,,,,,
1002,1002,,1,<0;0;0;0;100023;0>,<0;0;0;0;1;0>,,,44,,,,,,,,csv.stage.ghfb,,,,,,,,,,,,,,,,,,,,,
1003,1003,,1,<0;0;0;0;100263;0>,<0;0;0;0;1;0>,,,46,,,,,,,,csv.stage.ghfb,,,,,,,,,,,,,,,,,,,,,
1004,1004,,1,<0;0;0;0;103293;0>,<0;0;0;0;1;0>,,,48,,,,,,,,csv.stage.ghfb,,,,,,,,,,,,,,,,,,,,,
1005,1005,,1,<0;0;0;0;103303;0>,<0;0;0;0;1;0>,,,50,,,,,,,,csv.stage.ghfb,,,,,,,,,,,,,,,,,,,,,
1006,1006,,1,<0;0;0;0;100593;0>,<0;0;0;0;1;0>,,,52,,,,,,,,csv.stage.ghfb,,,,,,,,,,,,,,,,,,,,,
1007,1007,,1,<0;0;0;0;100393;0>,<0;0;0;0;1;0>,,,54,,,,,,,,csv.stage.ghfb,,,,,,,,,,,,,,,,,,,,,
1008,1008,,1,<0;0;0;0;100632;0>,<0;0;0;0;1;0>,,,56,,,,,,,,csv.stage.ghfb,,,,,,,,,,,,,,,,,,,,,
1009,1009,,1,<0;0;0;0;100753;0>,<0;0;0;0;1;0>,,,58,,,,,,,,csv.stage.ghfb,,,,,,,,,,,,,,,,,,,,,
1010,1010,,1,<0;0;0;0;100721;0>,<0;0;0;0;1;0>,,,60,,,,,,,,csv.stage.ghfb,,,,,,,,,,,,,,,,,,,,,
1011,1011,,1,<0;0;0;0;100731;0>,<0;0;0;0;1;0>,,,62,,,,,,,,csv.stage.ghfb,,,,,,,,,,,,,,,,,,,,,
1012,1012,,1,<0;0;0;0;100741;0>,<0;0;0;0;1;0>,,,64,,,,,,,,csv.stage.ghfb,,,,,,,,,,,,,,,,,,,,,
1013,1013,,1,<0;0;0;0;101293;0>,<0;0;0;0;1;0>,,,66,,,,,,,,csv.stage.ghfb,,,,,,,,,,,,,,,,,,,,,
1014,1014,,1,<0;0;0;0;101423;0>,<0;0;0;0;1;0>,,,68,,,,,,,,csv.stage.ghfb,,,,,,,,,,,,,,,,,,,,,
1015,1015,,1,<0;0;0;0;102483;0>,<0;0;0;0;1;0>,,,70,,1.5,,,,,,csv.stage.ghfb,,,,,,,,,,,,,,,,,,,,,
1016,1016,,1,<0;0;0;0;101221;0>,<0;0;0;0;1;0>,,,72,,1.5,,,,,,csv.stage.ghfb,,,,,,,,,,,,,,,,,,,,,
1017,1017,,1,<0;0;0;0;101231;0>,<0;0;0;0;1;0>,,,74,,1.5,,,,,,csv.stage.ghfb,,,,,,,,,,,,,,,,,,,,,
1018,1018,,1,<0;0;0;0;101241;0>,<0;0;0;0;1;0>,,,76,,1.5,,,,,,csv.stage.ghfb,,,,,,,,,,,,,,,,,,,,,
1019,1019,,1,<0;0;0;0;100771;0>,<0;0;0;0;1;0>,,,78,,1.5,,,,,,csv.stage.ghfb,,,,,,,,,,,,,,,,,,,,,
1020,1020,,1,<0;0;0;0;100761;0>,<0;0;0;0;1;0>,,,80,,1.5,,,,,,csv.stage.ghfb,,,,,,,,,,,,,,,,,,,,,
1021,1021,,1,<0;0;0;0;100333;0>,<0;0;0;0;1;0>,,,82,,1.5,,,,,,csv.stage.ghfb,,,,,,,,,,,,,,,,,,,,,
1022,1022,,1,<0;0;0;0;100493;0>,<0;0;0;0;1;0>,,,84,,1.5,,,,,,csv.stage.ghfb,,,,,,,,,,,,,,,,,,,,,
1023,1023,,1,<0;0;0;0;100572;0>,<0;0;0;0;1;0>,,,86,,1.5,,,,,,csv.stage.ghfb,,,,,,,,,,,,,,,,,,,,,
1024,1024,,1,<0;0;0;0;100603;0>,<0;0;0;0;1;0>,,,88,,1.5,,,,,,csv.stage.ghfb,,,,,,,,,,,,,,,,,,,,,
1025,1025,,1,<0;0;0;0;100883;0>,<0;0;0;0;1;0>,,,90,,1.5,,,,,,csv.stage.ghfb,,,,,,,,,,,,,,,,,,,,,
1026,1026,,1,<0;0;0;0;101071;0>,<0;0;0;0;1;0>,,,92,,1.5,,,,,,csv.stage.ghfb,,,,,,,,,,,,,,,,,,,,,
1027,1027,,1,<0;0;0;0;101082;0>,<0;0;0;0;1;0>,,,94,,1.5,,,,,,csv.stage.ghfb,,,,,,,,,,,,,,,,,,,,,
1028,1028,,1,<0;0;0;0;101172;0>,<0;0;0;0;1;0>,,,96,,1.5,,,,,,csv.stage.ghfb,,,,,,,,,,,,,,,,,,,,,
1029,1029,,1,<0;0;0;0;101253;0>,<0;0;0;0;1;0>,,,98,,1.5,,,,,,csv.stage.ghfb,,,,,,,,,,,,,,,,,,,,,
1030,1030,,1,<0;0;0;0;101911;0>,<0;0;0;0;1;0>,,,100,,1.6,,,,,,csv.stage.ghfb,,,,,,,,,,,,,,,,,,,,,
1031,1031,,1,<0;0;0;0;101921;0>,<0;0;0;0;1;0>,,,102,,1.6,,,,,,csv.stage.ghfb,,,,,,,,,,,,,,,,,,,,,
1032,1032,,1,<0;0;0;0;101931;0>,<0;0;0;0;1;0>,,,104,,1.6,,,,,,csv.stage.ghfb,,,,,,,,,,,,,,,,,,,,,
1033,1033,,1,<0;0;0;0;100402;0>,<0;0;0;0;1;0>,,,106,,1.6,,,,,,csv.stage.ghfb,,,,,,,,,,,,,,,,,,,,,
1034,1034,,1,<0;0;0;0;101903;0>,<0;0;0;0;1;0>,,,108,,1.6,,,,,,csv.stage.ghfb,,,,,,,,,,,,,,,,,,,,,
1035,1035,,1,<0;0;0;0;103003;0>,<0;0;0;0;1;0>,,,110,,1.6,,,,,,csv.stage.ghfb,,,,,,,,,,,,,,,,,,,,,
1036,1036,,1,<0;0;0;0;102242;0>,<0;0;0;0;1;0>,,,112,,1.6,,,,,,csv.stage.ghfb,,,,,,,,,,,,,,,,,,,,,
1037,1037,,1,<0;0;0;0;101961;0>,<0;0;0;0;1;0>,,,114,,1.6,,,,,,csv.stage.ghfb,,,,,,,,,,,,,,,,,,,,,
1038,1038,,1,<0;0;0;0;101971;0>,<0;0;0;0;1;0>,,,116,,1.6,,,,,,csv.stage.ghfb,,,,,,,,,,,,,,,,,,,,,
1039,1039,,1,<0;0;0;0;101981;0>,<0;0;0;0;1;0>,,,118,,1.6,,,,,,csv.stage.ghfb,,,,,,,,,,,,,,,,,,,,,
1040,1040,,1,<0;0;0;0;103673;0>,<0;0;0;0;1;0>,,,120,,1.6,,,,,,csv.stage.ghfb,,,,,,,,,,,,,,,,,,,,,
1041,1041,,1,<0;0;0;0;101941;0>,<0;0;0;0;1;0>,,,122,,1.6,,,,,,csv.stage.ghfb,,,,,,,,,,,,,,,,,,,,,
1042,1042,,1,<0;0;0;0;101951;0>,<0;0;0;0;1;0>,,,124,,1.6,,,,,,csv.stage.ghfb,,,,,,,,,,,,,,,,,,,,,
1043,1043,,1,<0;0;0;0;101271;0>,<0;0;0;0;1;0>,,,126,,1.6,,,,,,csv.stage.ghfb,,,,,,,,,,,,,,,,,,,,,
1044,1044,,1,<0;0;0;0;103631;0>,<0;0;0;0;1;0>,,,128,,1.6,,,,,,csv.stage.ghfb,,,,,,,,,,,,,,,,,,,,,
1045,1045,,1,<0;0;0;0;103161;0>,<0;0;0;0;1;0>,,,130,,1.6,,,,,,csv.stage.ghfb,,,,,,,,,,,,,,,,,,,,,
1046,1046,,1,<0;0;0;0;103171;0>,<0;0;0;0;1;0>,,,132,,1.6,,,,,,csv.stage.ghfb,,,,,,,,,,,,,,,,,,,,,
1047,1047,,1,<0;0;0;0;103181;0>,<0;0;0;0;1;0>,,,134,,1.6,,,,,,csv.stage.ghfb,,,,,,,,,,,,,,,,,,,,,
1048,1048,,1,<0;0;0;0;103211;0>,<0;0;0;0;1;0>,,,136,,1.6,,,,,,csv.stage.ghfb,,,,,,,,,,,,,,,,,,,,,
1049,1049,,1,<0;0;0;0;103221;0>,<0;0;0;0;1;0>,,,138,,1.6,,,,,,csv.stage.ghfb,,,,,,,,,,,,,,,,,,,,,
1050,1050,,1,<0;0;0;0;100972;0>,<0;0;0;0;1;0>,,,140,,1.6,,,,,,csv.stage.ghfb,,,,,,,,,,,,,,,,,,,,,
1051,1051,,1,<0;0;0;0;104031;0>,<0;0;0;0;1;0>,,,142,,1.6,,,,,,csv.stage.ghfb,,,,,,,,,,,,,,,,,,,,,
1052,1052,,1,<0;0;0;0;104041;0>,<0;0;0;0;1;0>,,,144,,1.6,,,,,,csv.stage.ghfb,,,,,,,,,,,,,,,,,,,,,
1053,1053,,1,<0;0;0;0;104051;0>,<0;0;0;0;1;0>,,,146,,1.6,,,,,,csv.stage.ghfb,,,,,,,,,,,,,,,,,,,,,
1054,1054,,1,<0;0;0;0;104061;0>,<0;0;0;0;1;0>,,,148,,1.6,,,,,,csv.stage.ghfb,,,,,,,,,,,,,,,,,,,,,
1055,1055,,1,<0;0;0;0;104071;0>,<0;0;0;0;1;0>,,,150,,1.6,,,,,,csv.stage.ghfb,,,,,,,,,,,,,,,,,,,,,
1056,1056,,1,<0;0;0;0;104081;0>,<0;0;0;0;1;0>,,,152,,1.6,,,,,,csv.stage.ghfb,,,,,,,,,,,,,,,,,,,,,
1057,1057,,1,<0;0;0;0;104132;0>,<0;0;0;0;1;0>,,,154,,1.6,,,,,,csv.stage.ghfb,,,,,,,,,,,,,,,,,,,,,
1058,1058,,1,<0;0;0;0;104141;0>,<0;0;0;0;1;0>,,,156,,1.6,,,,,,csv.stage.ghfb,,,,,,,,,,,,,,,,,,,,,
1059,1059,,1,<0;0;0;0;104151;0>,<0;0;0;0;1;0>,,,158,,1.6,,,,,,csv.stage.ghfb,,,,,,,,,,,,,,,,,,,,,
10001,20101,,1,<50792;50792;50792;50071;50062;50071>,,,,,,0.6,0.5,0.7,0.7,0.7,0.7,csv.stage.city,,,,,,,,,,,,,,,,,,,,,
10002,20101,,2,<53301;60133;53301;62482;70783;62482>,<0;0;0;0;1;0>,TRUE,,,,0.6,0.5,0.7,0.7,0.7,0.7,csv.stage.city,,,,,,,,,,,,,,,,,,,,,
10003,20102,,1,<50592;50101;50592;50101;50302;50101>,,,,,,0.6,0.5,0.7,0.7,0.7,0.7,csv.stage.ty,,,,,,,,,,,,,,,,,,,,,
10004,20102,,2,<60472;0;60472;63472;72483;63472>,<0;0;0;0;1;0>,TRUE,,,,0.6,0.5,0.7,0.7,0.7,0.7,csv.stage.ty,,,,,,,,,,,,,,,,,,,,,
10005,20103,,1,<50691;53541;52012;50691;53541;52012>,,,,,,0.6,0.5,0.7,0.7,0.7,0.7,csv.stage.sl,,,,,,,,,,,,,,,,,,,,,
10006,20103,,2,<61353;0;60482;61353;180003;60482>,<0;0;0;0;1;0>,TRUE,,,,0.6,0.5,0.7,0.7,0.7,0.7,csv.stage.sl,,,,,,,,,,,,,,,,,,,,,
10007,20201,,1,<50012;50592;50012;50302;50302;50302>,,,,,,0.7,0.5,0.8,0.8,,,csv.stage.sss,,,,,,,,,,,,,,,,,,,,,
10008,20201,,2,<63302;60062;63302;0;70472;0>,<0;0;0;0;1;0>,TRUE,,,,0.7,0.5,0.8,0.8,,,csv.stage.sss,,,,,,,,,,,,,,,,,,,,,
10009,20202,,1,<50332;50332;50332;51612;52271;51612>,,,,,,0.7,0.5,0.8,0.8,,,csv.stage.sg2,,,,,,,,,,,,,,,,,,,,,
10010,20202,,2,<51612;60053;51612;60053;70093;60053>,<0;0;0;0;1;0>,TRUE,,,,0.7,0.5,0.8,0.8,,,csv.stage.sg2,,,,,,,,,,,,,,,,,,,,,
10011,20203,,1,<50081;50061;50081;50061;50271;50061>,,,,,,0.7,0.5,0.8,0.8,,,csv.stage.sm,,,,,,,,,,,,,,,,,,,,,
10012,20203,,2,<61172;0;61172;62012;180333;62012>,<0;0;0;0;1;0>,TRUE,,,,0.77,,0.88,0.88,1.1,1.1,csv.stage.sm,,,,,,,,,,,,,,,,,,,,,
10013,20301,,1,<52011;50551;50071;52011;50551;50071>,,,,,,0.7,0.5,,,,,csv.stage.city,,,,,,,,,,,,,,,,,,,,,
10014,20301,,2,<60603;0;60392;60603;70053;60392>,<0;0;0;0;1;0>,TRUE,,,,0.7,0.5,,,,,csv.stage.city,,,,,,,,,,,,,,,,,,,,,
10015,20302,,1,<51292;50262;51292;52481;52481;52481>,,,,,,0.7,0.5,,,,,csv.stage.qf,,,,,,,,,,,,,,,,,,,,,
10016,20302,,2,<62012;60262;62012;0;70273;0>,<0;0;0;0;1;0>,TRUE,,,,0.7,0.5,,,,,csv.stage.qf,,,,,,,,,,,,,,,,,,,,,
10017,20303,,1,<50392;50392;50392;50101;52012;50101>,,,,,,0.7,0.5,,,,,csv.stage.zl,,,,,,,,,,,,,,,,,,,,,
10018,20303,,2,<50262;60272;50262;63472;70023;63472>,<0;0;0;0;1;0>,TRUE,,,,0.7,0.5,,,,,csv.stage.zl,,,,,,,,,,,,,,,,,,,,,
10019,20304,,1,<50551;53281;50551;53281;50021;53281>,,,,,,0.7,0.5,,,,,csv.stage.lightred,,,,,,,,,,,,,,,,,,,,,
10020,20304,,2,<60133;0;60133;63542;183543;63542>,<0;0;0;0;1;0>,TRUE,,,,0.77,,1.1,1.1,1.1,1.1,csv.stage.lightred,,,,,,,,,,,,,,,,,,,,,
10021,20401,,1,<52271;50002;50601;52271;50002;50601>,,,,,,0.7,0.5,,,,,csv.stage.beach,,,,,,,,,,,,,,,,,,,,,
10022,20401,,2,<60393;0;60602;60393;73342;60602>,<0;0;0;0;1;0>,TRUE,,,,0.7,0.5,,,,,csv.stage.beach,,,,,,,,,,,,,,,,,,,,,
10023,20402,,1,<53541;50081;53541;53302;53302;53302>,,,,,,0.7,0.5,,,,,csv.stage.s,,,,,,,,,,,,,,,,,,,,,
10024,20402,,2,<0;60602;0;0;73293;0>,<0;0;0;0;1;0>,TRUE,,,,0.7,0.5,,,,,csv.stage.s,,,,,,,,,,,,,,,,,,,,,
10025,20403,,1,<50001;50001;50001;53282;50452;53282>,,,,,,0.7,0.5,,,,,csv.stage.s,,,,,,,,,,,,,,,,,,,,,
10026,20403,,2,<50331;60331;50331;60692;70013;60692>,<0;0;0;0;1;0>,TRUE,,,,0.7,0.5,,,,,csv.stage.s,,,,,,,,,,,,,,,,,,,,,
10027,20404,,1,<50081;50301;50081;50301;52271;50301>,,,,,,0.7,0.5,,,,,csv.stage.city,,,,,,,,,,,,,,,,,,,,,
10028,20404,,2,<60472;0;60472;60133;180603;60133>,<0;0;0;0;1;0>,TRUE,,,,0.77,,1.1,1.1,1.1,1.1,csv.stage.city,,,,,,,,,,,,,,,,,,,,,
10029,20501,,1,<50892;50012;52482;50892;50012;52482>,,,,,,0.7,0.5,,,,,csv.stage.zl,,,,,,,,,,,,,,,,,,,,,
10030,20501,,2,<60482;0;60603;60482;70464;60603>,<0;0;0;0;1;0>,TRUE,,,,0.7,0.5,,,,,csv.stage.zl,,,,,,,,,,,,,,,,,,,,,
10031,20502,,1,<50592;50132;50592;50052;50052;50052>,,,,,,0.7,0.5,,,,,csv.stage.city,,,,,,,,,,,,,,,,,,,,,
10032,20502,,2,<60572;61352;60572;0;70131;0>,<0;0;0;0;1;0>,TRUE,,,,0.7,0.5,,,,,csv.stage.city,,,,,,,,,,,,,,,,,,,,,
10033,20503,,1,<50331;50331;50331;50691;52011;50691>,,,,,,0.7,0.5,,,,,csv.stage.city,,,,,,,,,,,,,,,,,,,,,
10034,20503,,2,<53281;60571;53281;63282;180263;63282>,<0;0;0;0;1;0>,TRUE,,,,0.7,0.5,,,,,csv.stage.city,,,,,,,,,,,,,,,,,,,,,
10035,20504,,1,<50071;50592;50071;50592;50471;50592>,,,,,,0.7,0.5,,,,,csv.stage.sl,,,,,,,,,,,,,,,,,,,,,
10036,20504,,2,<60043;0;60043;63282;70283;63282>,<0;0;0;0;1;0>,TRUE,,,,0.7,0.5,,,,,csv.stage.sl,,,,,,,,,,,,,,,,,,,,,
10037,20505,,1,<53282;53301;52481;53282;53301;52481>,,,,,,0.7,0.5,,,,,csv.stage.beach,,,,,,,,,,,,,,,,,,,,,
10038,20505,,2,<60571;0;63542;60571;183353;63542>,<0;0;0;0;1;0>,TRUE,,,,0.77,,1.1,1.1,1.1,1.1,csv.stage.beach,,,,,,,,,,,,,,,,,,,,,
10039,20601,,1,<50002;50262;50002;50092;50092;50092>,,,,,,0.7,0.5,,,,,csv.stage.beach,,,,,,,,,,,,,,,,,,,,,
10040,20601,,2,<60043;60262;60043;0;71612;0>,<0;0;0;0;1;0>,TRUE,,,,0.7,0.5,,,,,csv.stage.beach,,,,,,,,,,,,,,,,,,,,,
10041,20602,,1,<52482;52482;52482;50271;53292;50271>,,,,,,0.7,0.5,,,,,csv.stage.zz,,,,,,,,,,,,,,,,,,,,,
10042,20602,,2,<53471;60692;53471;60012;70803;60012>,<0;0;0;0;1;0>,TRUE,,,,0.7,0.5,,,,,csv.stage.zz,,,,,,,,,,,,,,,,,,,,,
10043,20603,,1,<50452;53472;50452;53472;51611;53472>,,,,,,0.7,0.5,,,,,csv.stage.ty,,,,,,,,,,,,,,,,,,,,,
10044,20603,,2,<63472;0;63472;60331;180572;60331>,<0;0;0;0;1;0>,TRUE,,,,0.7,0.5,,,,,csv.stage.ty,,,,,,,,,,,,,,,,,,,,,
10045,20604,,1,<53302;50331;51292;53302;50331;51292>,,,,,,0.7,0.5,,,,,csv.stage.nbcity,,,,,,,,,,,,,,,,,,,,,
10046,20604,,2,<60043;0;61352;60043;70482;61352>,<0;0;0;0;1;0>,TRUE,,,,0.7,0.5,,,,,csv.stage.nbcity,,,,,,,,,,,,,,,,,,,,,
10047,20605,,1,<50791;53471;50791;50061;50061;50061>,,,,,,0.7,0.5,,,,,csv.stage.lightred,,,,,,,,,,,,,,,,,,,,,
10048,20605,,2,<62482;61172;62482;0;180393;0>,<0;0;0;0;1;0>,TRUE,,,,0.77,,1.1,1.1,1.1,1.1,csv.stage.lightred,,,,,,,,,,,,,,,,,,,,,
10049,20701,,1,<51611;51611;51611;50262;50043;50262>,,,,,,0.7,0.5,,,,,csv.stage.sg,,,,,,,,,,,,,,,,,,,,,
10050,20701,,2,<53282;60793;53282;60392;70372;60392>,<0;0;0;0;1;0>,TRUE,,,,0.7,0.5,,,,,csv.stage.sg,,,,,,,,,,,,,,,,,,,,,
10051,20702,,1,<50132;50062;50132;50062;50051;50062>,,,,,,0.7,0.5,,,,,csv.stage.sss,,,,,,,,,,,,,,,,,,,,,
10052,20702,,2,<60482;0;60482;63292;181443;63292>,<0;0;0;0;1;0>,TRUE,,,,0.7,0.5,,,,,csv.stage.sss,,,,,,,,,,,,,,,,,,,,,
10053,20703,,1,<53281;50301;50131;53281;50301;50131>,,,,,,0.7,0.5,,,,,csv.stage.river,,,,,,,,,,,,,,,,,,,,,
10054,20703,,2,<60472;0;60012;60472;180593;60012>,<0;0;0;0;1;0>,TRUE,,,,0.77,,1.1,1.1,1.1,1.1,csv.stage.river,,,,,,,,,,,,,,,,,,,,,
10055,20704,,1,<53291;53541;53291;50792;50792;50792>,,,,,,0.7,0.5,,,,,csv.stage.ice,,,,,,,,,,,,,,,,,,,,,
10056,20704,,2,<63542;62272;63542;0;180303;0>,<0;0;0;0;1;0>,TRUE,,,,0.7,0.5,,,,,csv.stage.ice,,,,,,,,,,,,,,,,,,,,,
10057,20705,,1,<50551;50551;50551;50471;51422;50471>,,,,,,0.7,0.5,,,,,csv.stage.ice,,,,,,,,,,,,,,,,,,,,,
10058,20705,,2,<53282;60333;53282;60331;181293;60331>,<0;0;0;0;1;0>,TRUE,,,,0.77,,1.1,1.1,1.1,1.1,csv.stage.ice,,,,,,,,,,,,,,,,,,,,,
10059,20801,,1,<53282;51292;53282;51292;50791;51292>,,,,,,0.8,0.5,,,,,csv.stage.sss,,,,,,,,,,,,,,,,,,,,,
10060,20801,,2,<62012;0;62012;60072;73502;60072>,<0;0;0;0;1;0>,TRUE,,,,0.8,0.5,,,,,csv.stage.sss,,,,,,,,,,,,,,,,,,,,,
10061,20802,,1,<50052;50052;50081;50052;50052;50081>,,,,,,0.8,0.5,,,,,csv.stage.zz,,,,,,,,,,,,,,,,,,,,,
10062,20802,,2,<60022;0;60043;60022;180552;60043>,<0;0;0;0;1;0>,TRUE,,,,0.8,0.5,,,,,csv.stage.zz,,,,,,,,,,,,,,,,,,,,,
10063,20803,,1,<50272;50132;50272;50892;50892;50892>,,,,,,0.8,0.5,,,,,csv.stage.zl,,,,,,,,,,,,,,,,,,,,,
10064,20803,,2,<63542;61612;63542;0;183021;0>,<0;0;0;0;1;0>,TRUE,,,,0.88,,1.1,1.1,1.1,1.1,csv.stage.zl,,,,,,,,,,,,,,,,,,,,,
10065,20804,,1,<50022;50022;50022;53541;50002;53541>,,,,,,0.8,0.5,,,,,csv.stage.sl,,,,,,,,,,,,,,,,,,,,,
10066,20804,,2,<50481;60092;50481;60133;182302;60133>,<0;0;0;0;1;0>,TRUE,,,,0.8,0.5,,,,,csv.stage.sl,,,,,,,,,,,,,,,,,,,,,
10067,20805,,1,<53542;53302;53542;53302;52271;53302>,,,,,,0.8,0.5,,,,,csv.stage.xxdg,,,,,,,,,,,,,,,,,,,,,
10068,20805,,2,<63542;0;63542;63543;182873;63543>,<0;0;0;0;1;0>,TRUE,,,,0.88,,1.1,1.1,1.1,1.1,csv.stage.xxdg,,,,,,,,,,,,,,,,,,,,,
10069,20901,,1,<50002;51291;50101;50002;51291;50101>,,,,,,0.8,0.5,,,,,csv.stage.river,,,,,,,,,,,,,,,,,,,,,
10070,20901,,2,<60133;0;61422;60133;72272;61422>,<0;0;0;0;1;0>,TRUE,,,,0.8,0.5,,,,,csv.stage.river,,,,,,,,,,,,,,,,,,,,,
10071,20902,,1,<50332;50262;50332;50791;50791;50791>,,,,,,0.8,0.5,,,,,csv.stage.city,,,,,,,,,,,,,,,,,,,,,
10072,20902,,2,<60472;0;60472;0;180793;0>,<0;0;0;0;1;0>,TRUE,,,,0.8,0.5,,,,,csv.stage.city,,,,,,,,,,,,,,,,,,,,,
10073,20903,,1,<50051;50051;50051;51422;50002;51422>,,,,,,0.8,0.5,,,,,csv.stage.bkgd,,,,,,,,,,,,,,,,,,,,,
10074,20903,,2,<51611;60392;51611;63292;180883;63292>,<0;0;0;0;1;0>,TRUE,,,,0.88,,1.1,1.1,1.1,1.1,csv.stage.bkgd,,,,,,,,,,,,,,,,,,,,,
10075,20904,,1,<50002;52011;50002;52011;53471;52011>,,,,,,0.8,0.5,,,,,csv.stage.city,,,,,,,,,,,,,,,,,,,,,
10076,20904,,2,<60593;0;60593;60092;181863;60092>,<0;0;0;0;1;0>,TRUE,,,,0.8,0.5,,,,,csv.stage.city,,,,,,,,,,,,,,,,,,,,,
10077,20905,,1,<50131;50132;50301;50131;50132;50301>,,,,,,0.8,0.5,,,,,csv.stage.city,,,,,,,,,,,,,,,,,,,,,
10078,20905,,2,<62012;0;62482;62012;183143;62482>,<0;0;0;0;1;0>,TRUE,,,,0.88,,1.1,1.1,1.1,1.1,csv.stage.city,,,,,,,,,,,,,,,,,,,,,
10079,21001,,1,<52271;50272;52271;50602;50602;50602>,,,,,,0.8,0.5,,,,,csv.stage.s,,,,,,,,,,,,,,,,,,,,,
10080,21001,,2,<60333;60472;60333;0;183012;0>,<0;0;0;0;1;0>,TRUE,,,,0.8,0.5,,,,,csv.stage.s,,,,,,,,,,,,,,,,,,,,,
10081,21002,,1,<50043;50043;50043;50602;50891;50602>,,,,,,0.8,0.5,,,,,csv.stage.sm,,,,,,,,,,,,,,,,,,,,,
10082,21002,,2,<52012;61352;52012;60092;183432;60092>,<0;0;0;0;1;0>,TRUE,,,,0.8,0.5,,,,,csv.stage.sm,,,,,,,,,,,,,,,,,,,,,
10083,21003,,1,<51171;52482;51171;52482;53472;52482>,,,,,,0.8,0.5,,,,,csv.stage.zz,,,,,,,,,,,,,,,,,,,,,
10084,21003,,2,<60043;0;60043;60102;180632;60102>,<0;0;0;0;1;0>,TRUE,,,,0.88,,1.1,1.1,1.1,1.1,csv.stage.zz,,,,,,,,,,,,,,,,,,,,,
10085,21004,,1,<51422;50331;51291;51422;50331;51291>,,,,,,0.8,0.5,,,,,csv.stage.sm,,,,,,,,,,,,,,,,,,,,,
10086,21004,,2,<60593;0;60092;60593;182683;60092>,<0;0;0;0;1;0>,TRUE,,,,0.8,0.5,,,,,csv.stage.sm,,,,,,,,,,,,,,,,,,,,,
10087,21005,,1,<51421;50002;51421;50012;50012;50012>,,,,,,0.8,0.5,,,,,csv.stage.grass,,,,,,,,,,,,,,,,,,,,,
10088,21005,,2,<0;70062;0;0;181813;0>,<0;0;0;0;1;0>,TRUE,,,,0.88,,1.1,1.1,1.1,1.1,csv.stage.grass,,,,,,,,,,,,,,,,,,,,,
10089,21101,,1,<50551;50551;50551;53292;52011;53292>,,,,,,0.8,0.5,,,,,csv.stage.zz,,,,,,,,,,,,,,,,,,,,,
10090,21101,,2,<50012;60792;50012;61292;73283;61292>,<0;0;0;0;1;0>,TRUE,,,,0.8,0.5,,,,,csv.stage.zz,,,,,,,,,,,,,,,,,,,,,
10091,21102,,1,<50601;51171;50601;51171;53291;51171>,,,,,,0.8,0.5,,,,,csv.stage.aml,,,,,,,,,,,,,,,,,,,,,
10092,21102,,2,<60082;0;60082;63543;183472;63543>,<0;0;0;0;1;0>,TRUE,,,,0.8,0.5,,,,,csv.stage.aml,,,,,,,,,,,,,,,,,,,,,
10093,21103,,1,<50301;50302;53302;50301;50302;53302>,,,,,,0.8,0.5,,,,,csv.stage.beach,,,,,,,,,,,,,,,,,,,,,
10094,21103,,2,<60092;0;60593;60092;181423;60593>,<0;0;0;0;1;0>,TRUE,,,,0.88,,1.1,1.1,1.1,1.1,csv.stage.beach,,,,,,,,,,,,,,,,,,,,,
10095,21104,,1,<53281;50272;53281;50602;50602;50602>,,,,,,0.8,0.5,,,,,csv.stage.sl,,,,,,,,,,,,,,,,,,,,,
10096,21104,,2,<60062;60333;60062;0;182073;0>,<0;0;0;0;1;0>,TRUE,,,,0.8,0.5,,,,,csv.stage.sl,,,,,,,,,,,,,,,,,,,,,
10097,21105,,1,<50592;50592;50592;52482;53541;52482>,,,,,,0.8,0.5,,,,,csv.stage.beach,,,,,,,,,,,,,,,,,,,,,
10098,21105,,2,<50092;60002;50092;60692;181503;60692>,<0;0;0;0;1;0>,TRUE,,,,0.88,,1.1,1.1,1.1,1.1,csv.stage.beach,,,,,,,,,,,,,,,,,,,,,
10099,21201,,1,<50043;50592;50043;50592;50891;50592>,,,,,,0.8,0.5,,,,,csv.stage.s,,,,,,,,,,,,,,,,,,,,,
10100,21201,,2,<60053;0;60053;60002;72633;60002>,<0;0;0;0;1;0>,TRUE,,,,0.8,0.5,,,,,csv.stage.s,,,,,,,,,,,,,,,,,,,,,
10101,21202,,1,<50332;50301;50331;50332;50301;50331>,,,,,,0.8,0.5,,,,,csv.stage.river,,,,,,,,,,,,,,,,,,,,,
10102,21202,,2,<60132;0;60472;60132;183413;60472>,<0;0;0;0;1;0>,TRUE,,,,0.8,0.5,,,,,csv.stage.river,,,,,,,,,,,,,,,,,,,,,
10103,21203,,1,<50892;53302;50892;51171;51171;51171>,,,,,,0.8,0.5,,,,,csv.stage.tower,,,,,,,,,,,,,,,,,,,,,
10104,21203,,2,<60043;60552;60043;0;181394;0>,<0;0;0;0;1;0>,TRUE,,,,0.88,,1.1,1.1,1.1,1.1,csv.stage.tower,,,,,,,,,,,,,,,,,,,,,
10105,21204,,1,<50302;50302;50302;53542;50892;53542>,,,,,,0.8,0.5,,,,,csv.stage.tower,,,,,,,,,,,,,,,,,,,,,
10106,21204,,2,<50601;63282;50601;63282;182013;63282>,<0;0;0;0;1;0>,TRUE,,,,0.8,0.5,,,,,csv.stage.tower,,,,,,,,,,,,,,,,,,,,,
10107,21205,,1,<51351;50892;51351;50892;50891;50892>,,,,,,0.8,0.5,,,,,csv.stage.aml,,,,,,,,,,,,,,,,,,,,,
10108,21205,,2,<60571;0;60571;63282;181071;63282>,<0;0;0;0;1;0>,TRUE,,,,0.88,,1.1,1.1,1.1,1.1,csv.stage.aml,,,,,,,,,,,,,,,,,,,,,
10109,21301,,1,<50043;50592;50043;50592;52921;50592>,,,,,,0.8,0.5,,,,,csv.stage.s,,,,,,,,,,,,,,,,,,,,,
10110,21301,,2,<60053;0;60053;60002;70402;60002>,<0;0;0;0;1;0>,TRUE,,,,0.8,0.5,,,,,csv.stage.s,,,,,,,,,,,,,,,,,,,,,
10111,21302,,1,<50332;50301;50331;50332;53471;50331>,,,,,,0.8,0.5,,,,,csv.stage.river,,,,,,,,,,,,,,,,,,,,,
10112,21302,,2,<60132;0;60472;60132;182921;60472>,<0;0;0;0;1;0>,TRUE,,,,0.8,0.5,,,,,csv.stage.river,,,,,,,,,,,,,,,,,,,,,
10113,21303,,1,<50892;53302;50892;51171;53141;51171>,,,,,,0.8,0.5,,,,,csv.stage.tower,,,,,,,,,,,,,,,,,,,,,
10114,21303,,2,<60043;60552;60043;0;181841;0>,<0;0;0;0;1;0>,TRUE,,,,0.88,,1.1,1.1,1.1,1.1,csv.stage.tower,,,,,,,,,,,,,,,,,,,,,
10115,21304,,1,<50302;50591;50591;53542;50331;53542>,,,,,,0.8,0.5,,,,,csv.stage.tower,,,,,,,,,,,,,,,,,,,,,
10116,21304,,2,<50881;63282;50881;63282;182891;63282>,<0;0;0;0;1;0>,TRUE,,,,0.8,0.5,,,,,csv.stage.tower,,,,,,,,,,,,,,,,,,,,,
10117,21305,,1,<50191;50892;50191;50892;50891;50892>,,,,,,0.8,0.5,,,,,csv.stage.aml,,,,,,,,,,,,,,,,,,,,,
10118,21305,,2,<60043;0;60043;63282;181171;63282>,<0;0;0;0;1;0>,TRUE,,,,0.88,,1.1,1.1,1.1,1.1,csv.stage.aml,,,,,,,,,,,,,,,,,,,,,
10119,21401,,1,<52271;50272;52271;50602;50602;50602>,,,,,,0.8,0.5,,,,,csv.stage.s,,,,,,,,,,,,,,,,,,,,,
10120,21401,,2,<60333;0;60333;0;70691;0>,<0;0;0;0;1;0>,TRUE,,,,0.8,0.5,,,,,csv.stage.s,,,,,,,,,,,,,,,,,,,,,
10121,21402,,1,<50043;50043;50043;50602;50891;50602>,,,,,,0.8,0.5,,,,,csv.stage.river,,,,,,,,,,,,,,,,,,,,,
10122,21402,,2,<62012;0;62012;60092;181221;60092>,<0;0;0;0;1;0>,TRUE,,,,0.8,0.5,,,,,csv.stage.river,,,,,,,,,,,,,,,,,,,,,
10123,21403,,1,<51171;52482;51171;52482;53472;52482>,,,,,,0.8,0.5,,,,,csv.stage.tower,,,,,,,,,,,,,,,,,,,,,
10124,21403,,2,<60043;0;60043;0;180264;0>,<0;0;0;0;1;0>,TRUE,,,,0.88,,1.1,1.1,1.1,1.1,csv.stage.tower,,,,,,,,,,,,,,,,,,,,,
10125,21404,,1,<51422;50331;51291;51422;50331;51291>,,,,,,0.8,0.5,,,,,csv.stage.tower,,,,,,,,,,,,,,,,,,,,,
10126,21404,,2,<50593;0;50092;60593;180093;60092>,<0;0;0;0;1;0>,TRUE,,,,0.8,0.5,,,,,csv.stage.tower,,,,,,,,,,,,,,,,,,,,,
10127,21405,,1,<51421;50002;51421;50012;50012;50012>,,,,,,0.8,0.5,,,,,csv.stage.aml,,,,,,,,,,,,,,,,,,,,,
10128,21405,,2,<61252;0;61252;0;180333;0>,<0;0;0;0;1;0>,TRUE,,,,0.88,,1.1,1.1,1.1,1.1,csv.stage.aml,,,,,,,,,,,,,,,,,,,,,
10129,21501,,1,<50551;50551;50551;53292;52011;53292>,,,,,,0.8,0.5,,,,,csv.stage.s,,,,,,,,,,,,,,,,,,,,,
10130,21501,,2,<60012;0;60012;61292;70003;61292>,<0;0;0;0;1;0>,TRUE,,,,0.8,0.5,,,,,csv.stage.s,,,,,,,,,,,,,,,,,,,,,
10131,21502,,1,<50601;51171;50601;51171;53291;51171>,,,,,,0.8,0.5,,,,,csv.stage.river,,,,,,,,,,,,,,,,,,,,,
10132,21502,,2,<60082;0;60082;63543;181293;63543>,<0;0;0;0;1;0>,TRUE,,,,0.8,0.5,,,,,csv.stage.river,,,,,,,,,,,,,,,,,,,,,
10133,21503,,1,<50301;50302;53302;50301;50302;53302>,,,,,,0.8,0.5,,,,,csv.stage.tower,,,,,,,,,,,,,,,,,,,,,
10134,21503,,2,<60092;0;60593;0;181501;0>,<0;0;0;0;1;0>,TRUE,,,,0.88,,1.1,1.1,1.1,1.1,csv.stage.tower,,,,,,,,,,,,,,,,,,,,,
10135,21504,,1,<53281;50272;53281;50602;50602;50602>,,,,,,0.8,0.5,,,,,csv.stage.tower,,,,,,,,,,,,,,,,,,,,,
10136,21504,,2,<50062;60333;50062;0;181241;0>,<0;0;0;0;1;0>,TRUE,,,,0.8,0.5,,,,,csv.stage.tower,,,,,,,,,,,,,,,,,,,,,
10137,21505,,1,<50592;50592;50592;52482;53541;52482>,,,,,,0.8,0.5,,,,,csv.stage.aml,,,,,,,,,,,,,,,,,,,,,
10138,21505,,2,<60092;0;60092;60692;181253;60692>,<0;0;0;0;1;0>,TRUE,,,,0.88,,1.1,1.1,1.1,1.1,csv.stage.aml,,,,,,,,,,,,,,,,,,,,,
10139,21601,,1,<50043;50592;50043;50592;50891;50592>,,,,,,0.8,0.5,,,,,csv.stage.s,,,,,,,,,,,,,,,,,,,,,
10140,21601,,2,<60053;0;60053;60002;72873;60002>,<0;0;0;0;1;0>,TRUE,,,,0.8,0.5,,,,,csv.stage.s,,,,,,,,,,,,,,,,,,,,,
10141,21602,,1,<50332;50301;50331;50332;50301;50331>,,,,,,0.8,0.5,,,,,csv.stage.river,,,,,,,,,,,,,,,,,,,,,
10142,21602,,2,<60132;0;60472;60132;181423;60472>,<0;0;0;0;1;0>,TRUE,,,,0.8,0.5,,,,,csv.stage.river,,,,,,,,,,,,,,,,,,,,,
10143,21603,,1,<50892;53302;50892;51171;51171;51171>,,,,,,0.8,0.5,,,,,csv.stage.tower,,,,,,,,,,,,,,,,,,,,,
10144,21603,,2,<60043;60552;60043;0;183502;0>,<0;0;0;0;1;0>,TRUE,,,,0.88,,1.1,1.1,1.1,1.1,csv.stage.tower,,,,,,,,,,,,,,,,,,,,,
10145,21604,,1,<50302;50302;50302;53542;50892;53542>,,,,,,0.8,0.5,,,,,csv.stage.tower,,,,,,,,,,,,,,,,,,,,,
10146,21604,,2,<50601;63282;50601;63282;181231;63282>,<0;0;0;0;1;0>,TRUE,,,,0.8,0.5,,,,,csv.stage.tower,,,,,,,,,,,,,,,,,,,,,
10147,21605,,1,<51351;50892;51351;50892;50891;50892>,,,,,,0.8,0.5,,,,,csv.stage.aml,,,,,,,,,,,,,,,,,,,,,
10148,21605,,2,<60571;0;60571;63282;183021;63282>,<0;0;0;0;1;0>,TRUE,,,,0.88,,1.1,1.1,1.1,1.1,csv.stage.aml,,,,,,,,,,,,,,,,,,,,,
10149,21701,,1,<50043;50592;50043;50592;50891;50592>,,,,,,0.8,0.5,,,,,csv.stage.s,,,,,,,,,,,,,,,,,,,,,
10150,21701,,2,<60053;0;60053;60002;73471;60002>,<0;0;0;0;1;0>,TRUE,,,,0.8,0.5,,,,,csv.stage.s,,,,,,,,,,,,,,,,,,,,,
10151,21702,,1,<50332;50301;50331;50332;50301;50331>,,,,,,0.8,0.5,,,,,csv.stage.river,,,,,,,,,,,,,,,,,,,,,
10152,21702,,2,<60132;0;60472;60132;183351;60472>,<0;0;0;0;1;0>,TRUE,,,,0.8,0.5,,,,,csv.stage.river,,,,,,,,,,,,,,,,,,,,,
10153,21703,,1,<50892;53302;50892;51171;51171;51171>,,,,,,0.8,0.5,,,,,csv.stage.tower,,,,,,,,,,,,,,,,,,,,,
10154,21703,,2,<60043;60552;60043;0;183341;0>,<0;0;0;0;1;0>,TRUE,,,,0.88,,1.1,1.1,1.1,1.1,csv.stage.tower,,,,,,,,,,,,,,,,,,,,,
10155,21704,,1,<50302;50302;50302;53542;50892;53542>,,,,,,0.8,0.5,,,,,csv.stage.tower,,,,,,,,,,,,,,,,,,,,,
10156,21704,,2,<50601;63282;50601;63282;181171;63282>,<0;0;0;0;1;0>,TRUE,,,,0.8,0.5,,,,,csv.stage.tower,,,,,,,,,,,,,,,,,,,,,
10157,21705,,1,<51351;50892;51351;50892;50891;50892>,,,,,,0.8,0.5,,,,,csv.stage.aml,,,,,,,,,,,,,,,,,,,,,
10158,21705,,2,<60571;0;60571;63282;181811;63282>,<0;0;0;0;1;0>,TRUE,,,,0.88,,1.1,1.1,1.1,1.1,csv.stage.aml,,,,,,,,,,,,,,,,,,,,,
10159,21801,,1,<52271;50272;52271;50602;50602;50602>,,,,,,0.8,0.5,,,,,csv.stage.s,,,,,,,,,,,,,,,,,,,,,
10160,21801,,2,<60333;0;60333;0;70013;0>,<0;0;0;0;1;0>,TRUE,,,,0.8,0.5,,,,,csv.stage.s,,,,,,,,,,,,,,,,,,,,,
10161,21802,,1,<50043;50043;50043;50602;50891;50602>,,,,,,0.8,0.5,,,,,csv.stage.river,,,,,,,,,,,,,,,,,,,,,
10162,21802,,2,<62012;0;62012;60092;180593;60092>,<0;0;0;0;1;0>,TRUE,,,,0.8,0.5,,,,,csv.stage.river,,,,,,,,,,,,,,,,,,,,,
10163,21803,,1,<51171;52482;51171;52482;53472;52482>,,,,,,0.8,0.5,,,,,csv.stage.tower,,,,,,,,,,,,,,,,,,,,,
10164,21803,,2,<60043;0;60043;0;180053;0>,<0;0;0;0;1;0>,TRUE,,,,0.88,,1.1,1.1,1.1,1.1,csv.stage.tower,,,,,,,,,,,,,,,,,,,,,
10165,21804,,1,<51422;50331;51291;51422;50331;51291>,,,,,,0.8,0.5,,,,,csv.stage.tower,,,,,,,,,,,,,,,,,,,,,
10166,21804,,2,<50593;0;50092;60593;180883;60092>,<0;0;0;0;1;0>,TRUE,,,,0.8,0.5,,,,,csv.stage.tower,,,,,,,,,,,,,,,,,,,,,
10167,21805,,1,<51421;50002;51421;50012;50012;50012>,,,,,,0.8,0.5,,,,,csv.stage.aml,,,,,,,,,,,,,,,,,,,,,
10168,21805,,2,<61252;0;61252;0;180393;0>,<0;0;0;0;1;0>,TRUE,,,,0.88,,1.1,1.1,1.1,1.1,csv.stage.aml,,,,,,,,,,,,,,,,,,,,,
10169,21901,,1,<51292;50603;51891;50091;50741;50791>,,,,,,0.8,0.5,,,,,csv.stage.s,,,,,,,,,,,,,,,,,,,,,
10170,21901,,2,<60061;0;61902;63543;70023;63351>,<0;0;0;0;1;0>,TRUE,,,,0.8,0.5,,,,,csv.stage.s,,,,,,,,,,,,,,,,,,,,,
10171,21902,,1,<53282;51971;50331;52301;51311;50351>,,,,,,0.8,0.5,,,,,csv.stage.river,,,,,,,,,,,,,,,,,,,,,
10172,21902,,2,<60121;0;60371;60071;180572;61252>,<0;0;0;0;1;0>,TRUE,,,,0.8,0.5,,,,,csv.stage.river,,,,,,,,,,,,,,,,,,,,,
10173,21903,,1,<50741;50331;51302;53412;52722;50102>,,,,,,0.8,0.5,,,,,csv.stage.tower,,,,,,,,,,,,,,,,,,,,,
10174,21903,,2,<61903;61501;60282;0;180273;0>,<0;0;0;0;1;0>,TRUE,,,,0.88,,1.1,1.1,1.1,1.1,csv.stage.tower,,,,,,,,,,,,,,,,,,,,,
10175,21904,,1,<52631;52233;50541;53502;53302;52721>,,,,,,0.8,0.5,,,,,csv.stage.s,,,,,,,,,,,,,,,,,,,,,
10176,21904,,2,<50171;60464;53302;63561;180283;60111>,<0;0;0;0;1;0>,TRUE,,,,0.8,0.5,,,,,csv.stage.s,,,,,,,,,,,,,,,,,,,,,
10177,21905,,1,<53283;53631;52963;50471;50023;50491>,,,,,,0.8,0.5,,,,,csv.stage.aml,,,,,,,,,,,,,,,,,,,,,
10178,21905,,2,<60632;0;60132;60093;180603;63502>,<0;0;0;0;1;0>,TRUE,,,,0.88,,1.1,1.1,1.1,1.1,csv.stage.aml,,,,,,,,,,,,,,,,,,,,,
10179,22001,,1,<52231;52231;52301;51241;52721;52073>,,,,,,0.8,0.5,,,,,csv.stage.s,,,,,,,,,,,,,,,,,,,,,
10180,22001,,2,<63303;0;63021;61812;70222;60273>,<0;0;0;0;1;0>,TRUE,,,,0.8,0.5,,,,,csv.stage.s,,,,,,,,,,,,,,,,,,,,,
10181,22002,,1,<52012;52722;52612;50282;51422;53501>,,,,,,0.8,0.5,,,,,csv.stage.river,,,,,,,,,,,,,,,,,,,,,
10182,22002,,2,<60052;0;60272;62633;180242;63352>,<0;0;0;0;1;0>,TRUE,,,,0.8,0.5,,,,,csv.stage.river,,,,,,,,,,,,,,,,,,,,,
10183,22003,,1,<53302;53412;50692;51261;52612;50472>,,,,,,0.8,0.5,,,,,csv.stage.tower,,,,,,,,,,,,,,,,,,,,,
10184,22003,,2,<63411;63301;63541;0;182843;0>,<0;0;0;0;1;0>,TRUE,,,,0.88,,1.1,1.1,1.1,1.1,csv.stage.tower,,,,,,,,,,,,,,,,,,,,,
10185,22004,,1,<50053;50493;50113;50061;50891;51394>,,,,,,0.8,0.5,,,,,csv.stage.s,,,,,,,,,,,,,,,,,,,,,
10186,22004,,2,<63543;0;62073;60301;182993;60053>,<0;0;0;0;1;0>,TRUE,,,,0.8,0.5,,,,,csv.stage.s,,,,,,,,,,,,,,,,,,,,,
10187,22005,,1,<51082;52961;51441;51422;50013;50492>,,,,,,0.8,0.5,,,,,csv.stage.aml,,,,,,,,,,,,,,,,,,,,,
10188,22005,,2,<70102;0;70192;71443;183592;70283>,<0;0;0;0;1;0>,TRUE,,,,0.88,,1.1,1.1,1.1,1.1,csv.stage.aml,,,,,,,,,,,,,,,,,,,,,
10189,22101,,1,<50472;50133;53501;50282;50102;51351>,,,,,,0.8,0.5,,,,,csv.stage.s,,,,,,,,,,,,,,,,,,,,,
10190,22101,,2,<62351;0;60171;60013;70341;60033>,<0;0;0;0;1;0>,TRUE,,,,0.8,0.5,,,,,csv.stage.s,,,,,,,,,,,,,,,,,,,,,
10191,22102,,1,<53561;50601;50173;50173;51813;52232>,,,,,,0.8,0.5,,,,,csv.stage.river,,,,,,,,,,,,,,,,,,,,,
10192,22102,,2,<60351;0;61241;61811;180491;63562>,<0;0;0;0;1;0>,TRUE,,,,0.8,0.5,,,,,csv.stage.river,,,,,,,,,,,,,,,,,,,,,
10193,22103,,1,<53291;51292;50464;50541;50892;50802>,,,,,,0.8,0.5,,,,,csv.stage.tower,,,,,,,,,,,,,,,,,,,,,
10194,22103,,2,<60351;62301;62303;0;181311;0>,<0;0;0;0;1;0>,TRUE,,,,0.88,,1.1,1.1,1.1,1.1,csv.stage.tower,,,,,,,,,,,,,,,,,,,,,
10195,22104,,1,<53472;50173;50721;50492;50091;50043>,,,,,,0.8,0.5,,,,,csv.stage.s,,,,,,,,,,,,,,,,,,,,,
10196,22104,,2,<62231;0;60332;63003;0;60331>,<0;0;0;0;1;0>,TRUE,,,,0.8,0.5,,,,,csv.stage.s,,,,,,,,,,,,,,,,,,,,,
10197,22105,,1,<52073;53561;50272;52073;50071;50133>,,,,,,0.8,0.5,,,,,csv.stage.aml,,,,,,,,,,,,,,,,,,,,,
10198,22105,,2,<71901;0;70031;73143;182721;70282>,<0;0;0;0;1;0>,TRUE,,,,0.88,,1.1,1.1,1.1,1.1,csv.stage.aml,,,,,,,,,,,,,,,,,,,,,
10199,22201,,1,<51171;51352;50331;50592;52483;52482>,,,,,,0.8,0.5,,,,,csv.stage.s,,,,,,,,,,,,,,,,,,,,,
10200,22201,,2,<60601;0;61351;63282;180151;61292>,<0;0;0;0;1;0>,TRUE,,,,0.8,0.5,,,,,csv.stage.s,,,,,,,,,,,,,,,,,,,,,
10201,22202,,1,<50053;50301;50053;50892;50273;50331>,,,,,,0.8,0.5,,,,,csv.stage.river,,,,,,,,,,,,,,,,,,,,,
10202,22202,,2,<60601;63282;60302;0;242031;0>,<0;0;0;0;1;0>,TRUE,,,,0.8,0.5,,,,,csv.stage.river,,,,,,,,,,,,,,,,,,,,,
10203,22203,,1,<50333;50062;52012;50602;50892;51292>,,,,,,0.8,0.5,,,,,csv.stage.tower,,,,,,,,,,,,,,,,,,,,,
10204,22203,,2,<61421;0;61421;60892;183001;60692>,<0;0;0;0;1;0>,TRUE,,,,0.88,,1.1,1.1,1.1,1.1,csv.stage.tower,,,,,,,,,,,,,,,,,,,,,
10205,22204,,1,<50121;50552;50371;50102;50023;50331>,,,,,,0.8,0.5,,,,,csv.stage.s,,,,,,,,,,,,,,,,,,,,,
10206,22204,,2,<72631;0;73302;70471;181081;70791>,<0;0;0;0;1;0>,TRUE,,,,0.8,0.5,,,,,csv.stage.s,,,,,,,,,,,,,,,,,,,,,
10207,22205,,1,<52231;52482;52612;50061;71392;53352>,,,,,,0.8,0.5,,,,,csv.stage.aml,,,,,,,,,,,,,,,,,,,,,
10208,22205,,2,<60052;0;61241;63011;183661;60331>,<0;0;0;0;1;0>,TRUE,,,,0.88,,1.1,1.1,1.1,1.1,csv.stage.aml,,,,,,,,,,,,,,,,,,,,,
10209,22301,,1,<51171;51351;50331;53541;50593;53542>,,,,,,0.8,0.5,,,,,csv.stage.s,,,,,,,,,,,,,,,,,,,,,
10210,22301,,2,<60601;60571;60891;60572;182961;60551>,<0;0;0;0;1;0>,TRUE,,,,0.8,0.5,,,,,csv.stage.s,,,,,,,,,,,,,,,,,,,,,
10211,22302,,1,<50053;50043;51421;50891;50062;53282>,,,,,,0.8,0.5,,,,,csv.stage.river,,,,,,,,,,,,,,,,,,,,,
10212,22302,,2,<60601;60053;60602;63472;183152;63282>,<0;0;0;0;1;0>,TRUE,,,,0.8,0.5,,,,,csv.stage.river,,,,,,,,,,,,,,,,,,,,,
10213,22303,,1,<50333;50331;52483;50301;50092;52012>,,,,,,0.8,0.5,,,,,csv.stage.tower,,,,,,,,,,,,,,,,,,,,,
10214,22303,,2,<61421;60472;60891;60093;183772;60081>,<0;0;0;0;1;0>,TRUE,,,,0.88,,1.1,1.1,1.1,1.1,csv.stage.tower,,,,,,,,,,,,,,,,,,,,,
10215,22304,,1,<50121;50892;50793;51171;50053;50043>,,,,,,0.8,0.5,,,,,csv.stage.s,,,,,,,,,,,,,,,,,,,,,
10216,22304,,2,<72631;70043;73472;73543;183843;70272>,<0;0;0;0;1;0>,TRUE,,,,0.8,0.5,,,,,csv.stage.s,,,,,,,,,,,,,,,,,,,,,
10217,22305,,1,<52231;50302;53303;50892;50472;53542>,,,,,,0.8,0.5,,,,,csv.stage.aml,,,,,,,,,,,,,,,,,,,,,
10218,22305,,2,<70052;70601;70331;70331;184132;70022>,<0;0;0;0;1;0>,TRUE,,,,0.88,,1.1,1.1,1.1,1.1,csv.stage.aml,,,,,,,,,,,,,,,,,,,,,
10219,22401,,1,<53302;53412;50692;51261;52612;50472>,,,,,,0.8,0.5,,,,,csv.stage.s,,,,,,,,,,,,,,,,,,,,,
10220,22401,,2,<63411;63301;63541;60472;182831;63293>,<0;0;0;0;1;0>,TRUE,,,,0.8,0.5,,,,,csv.stage.s,,,,,,,,,,,,,,,,,,,,,
10221,22402,,1,<50053;50493;50113;50061;50891;51394>,,,,,,0.8,0.5,,,,,csv.stage.river,,,,,,,,,,,,,,,,,,,,,
10222,22402,,2,<63543;61171;62073;60301;182401;60053>,<0;0;0;0;1;0>,TRUE,,,,0.8,0.5,,,,,csv.stage.river,,,,,,,,,,,,,,,,,,,,,
10223,22403,,1,<51082;52961;51441;51422;50013;50492>,,,,,,0.8,0.5,,,,,csv.stage.tower,,,,,,,,,,,,,,,,,,,,,
10224,22403,,2,<60102;60051;60192;61443;180641;60283>,<0;0;0;0;1;0>,TRUE,,,,0.88,,1.1,1.1,1.1,1.1,csv.stage.tower,,,,,,,,,,,,,,,,,,,,,
10225,22404,,1,<50472;50133;53501;50282;50102;51351>,,,,,,0.8,0.5,,,,,csv.stage.s,,,,,,,,,,,,,,,,,,,,,
10226,22404,,2,<72351;70072;70171;70013;182241;70033>,<0;0;0;0;1;0>,TRUE,,,,0.8,0.5,,,,,csv.stage.s,,,,,,,,,,,,,,,,,,,,,
10227,22405,,1,<53561;50601;50173;50173;51813;52232>,,,,,,0.8,0.5,,,,,csv.stage.aml,,,,,,,,,,,,,,,,,,,,,
10228,22405,,2,<70351;70463;71241;71811;180861;73562>,<0;0;0;0;1;0>,TRUE,,,,0.88,,1.1,1.1,1.1,1.1,csv.stage.aml,,,,,,,,,,,,,,,,,,,,,
10229,22501,,1,<51901;50053;50332;50472;50023;50133>,,,,,,0.8,0.5,,,,,csv.stage.s,,,,,,,,,,,,,,,,,,,,,
10230,22501,,2,<61082;63412;60464;63472;181641;61351>,<0;0;0;0;1;0>,TRUE,,,,0.8,0.5,,,,,csv.stage.s,,,,,,,,,,,,,,,,,,,,,
10231,22502,,1,<50052;50072;50302;50331;50892;50053>,,,,,,0.8,0.5,,,,,csv.stage.river,,,,,,,,,,,,,,,,,,,,,
10232,22502,,2,<62721;60072;60053;63282;182031;60331>,<0;0;0;0;1;0>,TRUE,,,,0.8,0.5,,,,,csv.stage.river,,,,,,,,,,,,,,,,,,,,,
10233,22503,,1,<50892;51351;50331;50173;52244;51351>,,,,,,0.8,0.5,,,,,csv.stage.tower,,,,,,,,,,,,,,,,,,,,,
10234,22503,,2,<62231;61171;60891;60282;181032;63542>,<0;0;0;0;1;0>,TRUE,,,,0.88,,1.1,1.1,1.1,1.1,csv.stage.tower,,,,,,,,,,,,,,,,,,,,,
10235,22504,,1,<50601;50601;51241;53011;50572;50331>,,,,,,0.8,0.5,,,,,csv.stage.s,,,,,,,,,,,,,,,,,,,,,
10236,22504,,2,<70053;70072;70331;70472;181911;71394>,<0;0;0;0;1;0>,TRUE,,,,0.8,0.5,,,,,csv.stage.s,,,,,,,,,,,,,,,,,,,,,
10237,22505,,1,<52231;50331;50692;53282;52721;50133>,,,,,,0.8,0.5,,,,,csv.stage.aml,,,,,,,,,,,,,,,,,,,,,
10238,22505,,2,<70333;70072;70053;70093;183251;70791>,<0;0;0;0;1;0>,TRUE,,,,0.88,,1.1,1.1,1.1,1.1,csv.stage.aml,,,,,,,,,,,,,,,,,,,,,
10239,22601,,1,<50464;50192;52073;50013;50464;50351>,,,,,,0.8,0.5,,,,,csv.stage.s,,,,,,,,,,,,,,,,,,,,,
10240,22601,,2,<60062;62244;60302;60791;180341;63543>,<0;0;0;0;1;0>,TRUE,,,,0.8,0.5,,,,,csv.stage.s,,,,,,,,,,,,,,,,,,,,,
10241,22602,,1,<52631;50092;53562;53501;51441;51351>,,,,,,0.8,0.5,,,,,csv.stage.river,,,,,,,,,,,,,,,,,,,,,
10242,22602,,2,<63281;62631;63412;62231;180701;60171>,<0;0;0;0;1;0>,TRUE,,,,0.8,0.5,,,,,csv.stage.river,,,,,,,,,,,,,,,,,,,,,
10243,22603,,1,<50192;52231;51351;50192;51241;51901>,,,,,,0.8,0.5,,,,,csv.stage.tower,,,,,,,,,,,,,,,,,,,,,
10244,22603,,2,<60572;60492;60133;63302;183681;60791>,<0;0;0;0;1;0>,TRUE,,,,0.88,,1.1,1.1,1.1,1.1,csv.stage.tower,,,,,,,,,,,,,,,,,,,,,
10245,22604,,1,<50023;50052;50133;50692;50133;50102>,,,,,,0.8,0.5,,,,,csv.stage.s,,,,,,,,,,,,,,,,,,,,,
10246,22604,,2,<70572;73562;72483;71351;284012;72721>,<0;0;0;0;1;0>,TRUE,,,,0.8,0.5,,,,,csv.stage.s,,,,,,,,,,,,,,,,,,,,,
10247,22605,,1,<51901;50601;50331;50492;50072;50891>,,,,,,0.8,0.5,,,,,csv.stage.aml,,,,,,,,,,,,,,,,,,,,,
10248,22605,,2,<70033;72232;71441;70133;80321;71394>,<0;0;0;0;1;0>,TRUE,,,,0.88,,1.1,1.1,1.1,1.1,csv.stage.aml,,,,,,,,,,,,,,,,,,,,,
10249,22701,,1,<50593;53282;53543;50592;53301;51292>,,,,,,0.8,0.5,,,,,csv.stage.s,,,,,,,,,,,,,,,,,,,,,
10250,22701,,2,<61351;60602;63352;60472;181481;62301>,<0;0;0;0;1;0>,TRUE,,,,0.8,0.5,,,,,csv.stage.s,,,,,,,,,,,,,,,,,,,,,
10251,22702,,1,<50302;50053;50053;50013;50283;50601>,,,,,,0.8,0.5,,,,,csv.stage.river,,,,,,,,,,,,,,,,,,,,,
10252,22702,,2,<61811;60273;60012;63281;181771;63561>,<0;0;0;0;1;0>,TRUE,,,,0.8,0.5,,,,,csv.stage.river,,,,,,,,,,,,,,,,,,,,,
10253,22703,,1,<51394;50192;50891;50272;51351;53542>,,,,,,0.8,0.5,,,,,csv.stage.tower,,,,,,,,,,,,,,,,,,,,,
10254,22703,,2,<60013;61171;62482;60891;180381;60331>,<0;0;0;0;1;0>,TRUE,,,,0.88,,1.1,1.1,1.1,1.1,csv.stage.tower,,,,,,,,,,,,,,,,,,,,,
10255,22704,,1,<51811;52232;51082;50133;52231;50282>,,,,,,0.8,0.5,,,,,csv.stage.s,,,,,,,,,,,,,,,,,,,,,
10256,22704,,2,<70492;73282;70282;71392;284012;72482>,<0;0;0;0;1;0>,TRUE,,,,0.8,0.5,,,,,csv.stage.s,,,,,,,,,,,,,,,,,,,,,
10257,22705,,1,<52631;52483;50333;52231;51241;51443>,,,,,,0.8,0.5,,,,,csv.stage.aml,,,,,,,,,,,,,,,,,,,,,
10258,22705,,2,<72631;70072;70043;71901;80321;70333>,<0;0;0;0;1;0>,TRUE,,,,0.88,,1.1,1.1,1.1,1.1,csv.stage.aml,,,,,,,,,,,,,,,,,,,,,
10259,22801,,1,<50711;51394;50101;52721;50692;50782>,,,,,,0.8,0.5,,,,,csv.stage.s,,,,,,,,,,,,,,,,,,,,,
10260,22801,,2,<62483;62611;63152;63161;180212;62022>,<0;0;0;0;1;0>,TRUE,,,,0.8,0.5,,,,,csv.stage.s,,,,,,,,,,,,,,,,,,,,,
10261,22802,,1,<53682;50222;53181;53591;50393;50472>,,,,,,0.8,0.5,,,,,csv.stage.river,,,,,,,,,,,,,,,,,,,,,
10262,22802,,2,<63231;61252;61502;62244;182493;62821>,<0;0;0;0;1;0>,TRUE,,,,0.8,0.5,,,,,csv.stage.river,,,,,,,,,,,,,,,,,,,,,
10263,22803,,1,<53502;52483;51862;52272;50221;52272>,,,,,,0.8,0.5,,,,,csv.stage.tower,,,,,,,,,,,,,,,,,,,,,
10264,22803,,2,<60394;60571;63543;62023;180503;63841>,<0;0;0;0;1;0>,TRUE,,,,0.88,,1.1,1.1,1.1,1.1,csv.stage.tower,,,,,,,,,,,,,,,,,,,,,
10265,22804,,1,<52301;51812;50491;50051;51911;52871>,,,,,,0.8,0.5,,,,,csv.stage.s,,,,,,,,,,,,,,,,,,,,,
10266,22804,,2,<73291;72591;71443;70371;180251;70461>,<0;0;0;0;1;0>,TRUE,,,,0.8,0.5,,,,,csv.stage.s,,,,,,,,,,,,,,,,,,,,,
10267,22805,,1,<50721;52232;51311;52924;51221;50712>,,,,,,0.8,0.5,,,,,csv.stage.aml,,,,,,,,,,,,,,,,,,,,,
10268,22805,,2,<72891;70881;70402;70883;184193;73661>,<0;0;0;0;1;0>,TRUE,,,,0.88,,1.1,1.1,1.1,1.1,csv.stage.aml,,,,,,,,,,,,,,,,,,,,,
10269,22901,,1,<50461;53353;52991;53542;53502;50541>,,,,,,0.8,0.5,,,,,csv.stage.s,,,,,,,,,,,,,,,,,,,,,
10270,22901,,2,<60024;62611;60133;63161;187002;60731>,<0;0;0;0;1;0>,TRUE,,,,0.8,0.5,,,,,csv.stage.s,,,,,,,,,,,,,,,,,,,,,
10271,22902,,1,<52073;53021;53592;51852;51252;50711>,,,,,,0.8,0.5,,,,,csv.stage.river,,,,,,,,,,,,,,,,,,,,,
10272,22902,,2,<63231;61801;61502;62244;187003;63282>,<0;0;0;0;1;0>,TRUE,,,,0.8,0.5,,,,,csv.stage.river,,,,,,,,,,,,,,,,,,,,,
10273,22903,,1,<53221;52821;52481;52231;50102;51911>,,,,,,0.8,0.5,,,,,csv.stage.tower,,,,,,,,,,,,,,,,,,,,,
10274,22903,,2,<60052;61951;61941;63772;187004;62591>,<0;0;0;0;1;0>,TRUE,,,,0.88,,1.1,1.1,1.1,1.1,csv.stage.tower,,,,,,,,,,,,,,,,,,,,,
10275,22904,,1,<52301;52482;51292;52431;52681;50303>,,,,,,0.8,0.5,,,,,csv.stage.s,,,,,,,,,,,,,,,,,,,,,
10276,22904,,2,<70452;73141;72272;71863;184181;70792>,<0;0;0;0;1;0>,TRUE,,,,0.8,0.5,,,,,csv.stage.s,,,,,,,,,,,,,,,,,,,,,
10277,22905,,1,<50881;52303;53841;50242;51221;52301>,,,,,,0.8,0.5,,,,,csv.stage.aml,,,,,,,,,,,,,,,,,,,,,
10278,22905,,2,<72842;70264;71241;73303;187005;72611>,<0;0;0;0;1;0>,TRUE,,,,0.88,,1.1,1.1,1.1,1.1,csv.stage.aml,,,,,,,,,,,,,,,,,,,,,
10279,23001,,1,<52721;50222;53181;53591;53502;50541>,,,,,,0.8,0.5,,,,,csv.stage.s,,,,,,,,,,,,,,,,,,,,,
10280,23001,,2,<63161;61252;61502;62244;87002;60731>,<0;0;0;0;1;0>,TRUE,,,,0.8,0.5,,,,,csv.stage.s,,,,,,,,,,,,,,,,,,,,,
10281,23002,,1,<53591;52483;51862;52272;52431;52681>,,,,,,0.8,0.5,,,,,csv.stage.river,,,,,,,,,,,,,,,,,,,,,
10282,23002,,2,<62244;62611;61502;61311;87003;60471>,<0;0;0;0;1;0>,TRUE,,,,0.8,0.5,,,,,csv.stage.river,,,,,,,,,,,,,,,,,,,,,
10283,23003,,1,<52272;53021;53592;51911;50491;50792>,,,,,,0.8,0.5,,,,,csv.stage.tower,,,,,,,,,,,,,,,,,,,,,
10284,23003,,2,<62023;61801;61502;62302;87004;62591>,<0;0;0;0;1;0>,TRUE,,,,0.88,,1.1,1.1,1.1,1.1,csv.stage.tower,,,,,,,,,,,,,,,,,,,,,
10285,23004,,1,<50051;52821;52481;51221;52231;51812>,,,,,,0.8,0.5,,,,,csv.stage.s,,,,,,,,,,,,,,,,,,,,,
10286,23004,,2,<73181;71941;72272;71503;87005;72591>,<0;0;0;0;1;0>,TRUE,,,,0.8,0.5,,,,,csv.stage.s,,,,,,,,,,,,,,,,,,,,,
10287,23005,,1,<52924;51292;50491;50051;51221;52232>,,,,,,0.8,0.5,,,,,csv.stage.aml,,,,,,,,,,,,,,,,,,,,,
10288,23005,,2,<70883;72272;71443;73181;87006;70881>,<0;0;0;0;1;0>,TRUE,,,,0.88,,1.1,1.1,1.1,1.1,csv.stage.aml,,,,,,,,,,,,,,,,,,,,,
10289,23101,,1,<51502;50222;52924;50461;52591;53291>,,,,,,0.8,0.5,,,,,csv.stage.s,,,,,,,,,,,,,,,,,,,,,
10290,23101,,2,<60052;61252;61502;62244;87007;60731>,<0;0;0;0;1;0>,TRUE,,,,0.8,0.5,,,,,csv.stage.s,,,,,,,,,,,,,,,,,,,,,
10291,23102,,1,<50072;53591;52721;52272;51941;52681>,,,,,,0.8,0.5,,,,,csv.stage.river,,,,,,,,,,,,,,,,,,,,,
10292,23102,,2,<60264;62611;61502;61311;87008;62022>,<0;0;0;0;1;0>,TRUE,,,,0.8,0.5,,,,,csv.stage.river,,,,,,,,,,,,,,,,,,,,,
10293,23103,,1,<52272;87004;53592;52482;50491;50792>,,,,,,0.8,0.5,,,,,csv.stage.tower,,,,,,,,,,,,,,,,,,,,,
10294,23103,,2,<60711;60541;61443;62302;87009;62591>,<0;0;0;0;1;0>,TRUE,,,,0.88,,1.1,1.1,1.1,1.1,csv.stage.tower,,,,,,,,,,,,,,,,,,,,,
10295,23104,,1,<51812;87003;52481;51221;51863;50303>,,,,,,0.8,0.5,,,,,csv.stage.s,,,,,,,,,,,,,,,,,,,,,
10296,23104,,2,<73181;71941;71801;71503;87010;72591>,<0;0;0;0;1;0>,TRUE,,,,0.8,0.5,,,,,csv.stage.s,,,,,,,,,,,,,,,,,,,,,
10297,23105,,1,<52301;51863;52303;51941;51221;52493>,,,,,,0.8,0.5,,,,,csv.stage.aml,,,,,,,,,,,,,,,,,,,,,
10298,23105,,2,<72232;72272;72244;71911;87011;70881>,<0;0;0;0;1;0>,TRUE,,,,0.88,,1.1,1.1,1.1,1.1,csv.stage.aml,,,,,,,,,,,,,,,,,,,,,
20001,30101,,1,<50093;0;53471;53282;60592;50081>,,,,,,0.5,0.5,0.5,0.5,0.5,0.5,csv.stage.city,,,,,,,,,,,,,,,,,,,,,
20002,30101,,2,<60051;60592;60793;60302;260001;60482>,<0;0;0;0;1;0>,TRUE,,,,0.5,0.5,0.5,0.5,0.5,0.5,csv.stage.city,,,,,,,,,,,,,,,,,,,,,
20003,30102,,1,<60593;62012;60043;60792;63303;60792>,,,,,,0.6,0.7,0.7,0.7,0.7,0.7,csv.stage.ty,,,,,,,,,,,,,,,,,,,,,
20004,30102,,2,<63302;260002;60551;60601;260003;60592>,<0;0;0;0;1;0>,TRUE,,,,0.6,0.7,0.7,0.7,0.7,0.7,csv.stage.ty,<<1;30011>;<1;30012>>,,,,,,,,,,,,,,,,,,,,
20005,30201,,1,<50451;0;50391;50392;50013;50012>,,,,,,0.65,0.85,0.85,0.85,0.85,0.85,csv.stage.sl,,,,,,,,,,,,,,,,,,,,,
20006,30201,,2,<60002;60001;63302;61612;260004;60002>,<0;0;0;0;1;0>,TRUE,,,,0.65,0.85,0.85,0.85,0.85,0.85,csv.stage.sl,,,,,,,,,,,,,,,,,,,,,
20007,30202,,1,<50602;60891;50572;61292;61292;60263>,,,,,,0.7,,,,,,csv.stage.sss,,,,,,,,,,,,,,,,,,,,,
20008,30202,,2,<260005;60053;70013;60731;260006;60741>,<0;0;0;0;1;0>,TRUE,,,,0.7,,,,,,csv.stage.sss,<<1;30021>;<1;30022>;<1;30023>;<1;30024>;<1;30025>>,,,,,,,,,,,,,,,,,,,,
20009,30301,,1,<50012;0;51351;50592;50391;50691>,,,,,,0.7,,,,,,csv.stage.sg2,,,,,,,,,,,,,,,,,,,,,
20010,30301,,2,<60133;60392;62271;62482;260007;60092>,<0;0;0;0;1;0>,TRUE,,,,0.7,,,,,,csv.stage.sg2,,,,,,,,,,,,,,,,,,,,,
20011,30302,,1,<60101;60302;60022;60002;60602;61612>,,,,,,0.7,,,,,,csv.stage.sm,,,,,,,,,,,,,,,,,,,,,
20012,30302,,2,<60552;70692;63471;72271;260008;71351>,<0;0;0;0;1;0>,TRUE,,,,0.7,,,,,,csv.stage.sm,<<1;30031>>,,,,,,,,,,,,,,,,,,,,
20013,30401,,1,<53282;0;50022;50891;53472;53542>,,,,,,0.7,,,,,,csv.stage.city,,,,,,,,,,,,,,,,,,,,,
20014,30401,,2,<60602;60552;60482;60262;260009;61422>,<0;0;0;0;1;0>,TRUE,,,,0.7,,,,,,csv.stage.city,,,,,,,,,,,,,,,,,,,,,
20015,30402,,1,<60551;50043;60043;60691;61292;62482>,,,,,,0.7,,,,,,csv.stage.qf,,,,,,,,,,,,,,,,,,,,,
20016,30402,,2,<70332;63302;70893;260022;260010;61351>,<0;0;0;0;1;0>,TRUE,,,,0.7,,,,,,csv.stage.qf,<<1;30041>>,,,,,,,,,,,,,,,,,,,,
20017,30501,,1,<50331;0;50471;50092;50002;50272>,,,,,,0.7,,,,,,csv.stage.zl,,,,,,,,,,,,,,,,,,,,,
20018,30501,,2,<60271;50071;62271;61351;260011;61422>,<0;0;0;0;1;0>,TRUE,,,,0.7,,,,,,csv.stage.zl,,,,,,,,,,,,,,,,,,,,,
20019,30502,,1,<62482;50272;60552;63302;50632;60262>,,,,,,0.7,,,,,,csv.stage.lightred,,,,,,,,,,,,,,,,,,,,,
20020,30502,,2,<60052;70001;60551;70132;260012;70301>,<0;0;0;0;1;0>,TRUE,,,,0.7,,,,,,csv.stage.lightred,<<1;30051>>,,,,,,,,,,,,,,,,,,,,
20021,30601,,1,<52482;0;50592;50391;50893;50551>,,,,,,0.7,,,,,,csv.stage.beach,,,,,,,,,,,,,,,,,,,,,
20022,30601,,2,<61422;60061;62012;61421;260013;60092>,<0;0;0;0;1;0>,TRUE,,,,0.7,,,,,,csv.stage.beach,,,,,,,,,,,,,,,,,,,,,
20023,30602,,1,<50892;0;50053;50132;51172;53541>,,,,,,0.7,,,,,,csv.stage.s,,,,,,,,,,,,,,,,,,,,,
20024,30602,,2,<61351;61292;60053;60001;260014;60262>,<0;0;0;0;1;0>,TRUE,,,,0.7,,,,,,csv.stage.s,,,,,,,,,,,,,,,,,,,,,
20025,30603,,1,<60131;51351;63302;50271;60572;50272>,,,,,,0.7,,,,,,csv.stage.s,,,,,,,,,,,,,,,,,,,,,
20026,30603,,2,<60013;71971;60793;61231;260015;60741>,<0;0;0;0;1;0>,TRUE,,,,0.7,,,,,,csv.stage.s,<<1;30061>>,,,,,,,,,,,,,,,,,,,,
20027,30701,,1,<50603;0;53301;50692;53541;50101>,,,,,,0.7,,,,,,csv.stage.city,,,,,,,,,,,,,,,,,,,,,
20028,30701,,2,<60551;61352;60043;60571;260016;60391>,<0;0;0;0;1;0>,TRUE,,,,0.7,,,,,,csv.stage.city,,,,,,,,,,,,,,,,,,,,,
20029,30702,,1,<50601;0;50592;53542;50131;50261>,,,,,,0.7,,,,,,csv.stage.zl,,,,,,,,,,,,,,,,,,,,,
20030,30702,,2,<60592;60043;60552;60011;260017;63291>,<0;0;0;0;1;0>,TRUE,,,,0.7,,,,,,csv.stage.zl,,,,,,,,,,,,,,,,,,,,,
20031,30703,,1,<60792;50262;61353;50592;61293;50262>,,,,,,0.7,,,,,,csv.stage.city,,,,,,,,,,,,,,,,,,,,,
20032,30703,,2,<60593;71303;61293;60263;260018;60393>,<0;0;0;0;1;0>,TRUE,,,,0.7,,,,,,csv.stage.city,<<1;30071>>,,,,,,,,,,,,,,,,,,,,
20033,30801,,1,<50332;0;51292;50082;53281;50092>,,,,,,0.7,,,,,,csv.stage.city,,,,,,,,,,,,,,,,,,,,,
20034,30801,,2,<50452;63291;50271;60011;260019;63283>,<0;0;0;0;1;0>,TRUE,,,,0.7,,,,,,csv.stage.city,,,,,,,,,,,,,,,,,,,,,
20035,30802,,1,<50571;0;53542;50262;53303;50301>,,,,,,0.7,,,,,,csv.stage.sl,,,,,,,,,,,,,,,,,,,,,
20036,30802,,2,<63301;50001;60592;60603;260020;60792>,<0;0;0;0;1;0>,TRUE,,,,0.7,,,,,,csv.stage.sl,,,,,,,,,,,,,,,,,,,,,
20037,30803,,1,<61353;50771;60333;50082;60302;50132>,,,,,,0.7,,,,,,csv.stage.beach,,,,,,,,,,,,,,,,,,,,,
20038,30803,,2,<60552;71313;60273;62233;260021;60333>,<0;0;0;0;1;0>,TRUE,,,,0.7,,,,,,csv.stage.beach,<<1;30081>>,,,,,,,,,,,,,,,,,,,,
20039,30901,,1,<50792;0;50792;50071;50062;50071>,,TRUE,,,,0.7,,,,,,csv.stage.river,,,,,,,,,,,,,,,,,,,,,
20040,30901,,2,<53301;60133;53301;62482;260023;62482>,<0;0;0;0;1;0>,,,,,0.7,,,,,,csv.stage.river,,,,,,,,,,,,,,,,,,,,,
20041,30902,,1,<50592;0;50592;50101;50302;50101>,,TRUE,,,,0.7,,,,,,csv.stage.city,,,,,,,,,,,,,,,,,,,,,
20042,30902,,2,<60472;0;60472;63472;260024;63472>,<0;0;0;0;1;0>,,,,,0.7,,,,,,csv.stage.city,,,,,,,,,,,,,,,,,,,,,
20043,30903,,1,<60691;53541;62012;50691;63541;52012>,,TRUE,,,,0.7,,,,,,csv.stage.bkgd,,,,,,,,,,,,,,,,,,,,,
20044,30903,,2,<61353;0;60482;260026;260025;60482>,<0;0;0;0;1;0>,,,,,0.7,,,,,,csv.stage.bkgd,<<1;30091>;<1;30092>>,,,,,,,,,,,,,,,,,,,,
20045,31001,,1,<50012;0;50012;50302;50302;50302>,,TRUE,,,,0.7,,,,,,csv.stage.s,,,,,,,,,,,,,,,,,,,,,
20046,31001,,2,<53302;60062;53302;0;260027;0>,<0;0;0;0;1;0>,,,,,0.7,,,,,,csv.stage.s,,,,,,,,,,,,,,,,,,,,,
20047,31002,,1,<50332;0;50332;51612;52271;51612>,,TRUE,,,,0.7,,,,,,csv.stage.sm,,,,,,,,,,,,,,,,,,,,,
20048,31002,,2,<61612;50053;61612;60053;260028;60053>,<0;0;0;0;1;0>,,,,,0.7,,,,,,csv.stage.sm,,,,,,,,,,,,,,,,,,,,,
20049,31003,,1,<60081;50061;60081;50061;60271;50061>,,TRUE,,,,0.7,,,,,,csv.stage.zz,,,,,,,,,,,,,,,,,,,,,
20050,31003,,2,<61172;0;61172;62012;260029;62012>,<0;0;0;0;1;0>,,,,,0.7,,,,,,csv.stage.zz,<<1;30101>>,,,,,,,,,,,,,,,,,,,,
20051,31101,,1,<52011;0;50071;52011;60551;50071>,,TRUE,,,,0.7,,,,,,csv.stage.zz,,,,,,,,,,,,,,,,,,,,,
20052,31101,,2,<60603;0;60392;60603;260030;60392>,<0;0;0;0;1;0>,TRUE,,,,0.7,,,,,,csv.stage.zz,,,,,,,,,,,,,,,,,,,,,
20053,31102,,1,<51292;50262;51292;52481;62481;52481>,,,,,,0.7,,,,,,csv.stage.aml,,,,,,,,,,,,,,,,,,,,,
20054,31102,,2,<62012;60262;62012;0;260031;0>,<0;0;0;0;1;0>,TRUE,,,,0.7,,,,,,csv.stage.aml,,,,,,,,,,,,,,,,,,,,,
20055,31103,,1,<60392;50392;60392;60101;62012;60101>,,,,,,0.7,,,,,,csv.stage.beach,,,,,,,,,,,,,,,,,,,,,
20056,31103,,2,<60262;60272;60262;63472;260032;63472>,<0;0;0;0;1;0>,TRUE,,,,0.7,,,,,,csv.stage.beach,,,,,,,,,,,,,,,,,,,,,
20057,31104,,1,<60551;63281;60551;63281;60021;63281>,,,,,,0.7,,,,,,csv.stage.sl,,,,,,,,,,,,,,,,,,,,,
20058,31104,,2,<60133;0;60133;73542;260033;73542>,<0;0;0;0;1;0>,TRUE,,,,0.7,,,,,,csv.stage.sl,<<1;30111>>,,,,,,,,,,,,,,,,,,,,
20059,31201,,1,<52271;0;50601;52271;60002;50601>,,,,,,0.7,,,,,,csv.stage.s,,,,,,,,,,,,,,,,,,,,,
20060,31201,,2,<60393;0;60602;60393;260034;60602>,<0;0;0;0;1;0>,TRUE,,,,0.7,,,,,,csv.stage.s,,,,,,,,,,,,,,,,,,,,,
20061,31202,,1,<63541;60081;63541;63302;0;63302>,,,,,,0.7,,,,,,csv.stage.river,,,,,,,,,,,,,,,,,,,,,
20062,31202,,2,<61252;60602;61252;0;260035;0>,<0;0;0;0;1;0>,TRUE,,,,0.7,,,,,,csv.stage.river,,,,,,,,,,,,,,,,,,,,,
20063,31203,,1,<60001;50001;60001;63282;60452;63282>,,,,,,0.7,,,,,,csv.stage.tower,,,,,,,,,,,,,,,,,,,,,
20064,31203,,2,<60331;60331;60331;60692;260036;60692>,<0;0;0;0;1;0>,TRUE,,,,0.7,,,,,,csv.stage.tower,,,,,,,,,,,,,,,,,,,,,
20065,31204,,1,<60081;60301;60081;60301;62271;60301>,,TRUE,,,,0.7,,,,,,csv.stage.tower,,,,,,,,,,,,,,,,,,,,,
20066,31204,,2,<60472;0;60472;260039;260037;260038>,<0;0;0;0;1;0>,,,,,0.7,,,,,,csv.stage.tower,<<1;30121>>,,,,,,,,,,,,,,,,,,,,
20067,31301,,1,<50892;0;52482;50892;60012;52482>,,TRUE,,,,0.7,,,,,,csv.stage.s,,,,,,,,,,,,,,,,,,,,,
20068,31301,,2,<60482;0;60603;60482;260040;60603>,<0;0;0;0;1;0>,,,,,0.7,,,,,,csv.stage.s,,,,,,,,,,,,,,,,,,,,,
20069,31302,,1,<60592;60132;60592;60052;60052;60052>,,TRUE,,,,0.7,,,,,,csv.stage.river,,,,,,,,,,,,,,,,,,,,,
20070,31302,,2,<60572;61352;60572;0;260041;0>,<0;0;0;0;1;0>,,,,,0.7,,,,,,csv.stage.river,,,,,,,,,,,,,,,,,,,,,
20071,31303,,1,<60331;60331;60331;60691;62011;60691>,,TRUE,,,,0.7,,,,,,csv.stage.tower,,,,,,,,,,,,,,,,,,,,,
20072,31303,,2,<63281;60571;63281;63282;260042;63282>,<0;0;0;0;1;0>,,,,,0.7,,,,,,csv.stage.tower,,,,,,,,,,,,,,,,,,,,,
20073,31304,,1,<60071;60592;60071;60592;70471;60592>,,TRUE,,,,0.7,,,,,,csv.stage.tower,,,,,,,,,,,,,,,,,,,,,
20074,31304,,2,<60071;60592;60071;260044;260043;260045>,<0;0;0;0;1;0>,,,,,0.7,,,,,,csv.stage.tower,<<1;30131>>,,,,,,,,,,,,,,,,,,,,
20075,31401,,1,<63282;0;62481;63282;63301;62481>,,TRUE,,,,0.7,,,,,,csv.stage.s,,,,,,,,,,,,,,,,,,,,,
20076,31401,,2,<60571;0;63542;60571;260046;63542>,<0;0;0;0;1;0>,,,,,0.7,,,,,,csv.stage.s,,,,,,,,,,,,,,,,,,,,,
20077,31402,,1,<60002;60262;60002;60092;60092;60092>,,TRUE,,,,0.7,,,,,,csv.stage.river,,,,,,,,,,,,,,,,,,,,,
20078,31402,,2,<60043;60262;60043;0;260047;0>,<0;0;0;0;1;0>,TRUE,,,,0.7,,,,,,csv.stage.river,,,,,,,,,,,,,,,,,,,,,
20079,31403,,1,<62482;62482;62482;60271;73292;60271>,,,,,,0.7,,,,,,csv.stage.tower,,,,,,,,,,,,,,,,,,,,,
20080,31403,,2,<63471;60692;63471;60012;260048;60012>,<0;0;0;0;1;0>,TRUE,,,,0.7,,,,,,csv.stage.tower,,,,,,,,,,,,,,,,,,,,,
20081,31404,,1,<60452;63472;60452;63472;71611;63472>,,,,,,0.7,,,,,,csv.stage.tower,,,,,,,,,,,,,,,,,,,,,
20082,31404,,2,<63472;0;63472;70331;260049;70331>,<0;0;0;0;1;0>,TRUE,,,,0.7,,,,,,csv.stage.tower,<<1;30141>>,,,,,,,,,,,,,,,,,,,,
20083,31501,,1,<63302;0;61292;63302;60331;61292>,,,,,,0.7,,,,,,csv.stage.s,,,,,,,,,,,,,,,,,,,,,
20084,31501,,2,<60043;0;61352;60043;260050;61352>,<0;0;0;0;1;0>,TRUE,,,,0.7,,,,,,csv.stage.s,,,,,,,,,,,,,,,,,,,,,
20085,31502,,1,<60791;63471;60791;60061;60061;60061>,,,,,,0.7,,,,,,csv.stage.river,,,,,,,,,,,,,,,,,,,,,
20086,31502,,2,<62482;61172;62482;0;260051;0>,<0;0;0;0;1;0>,TRUE,,,,0.7,,,,,,csv.stage.river,,,,,,,,,,,,,,,,,,,,,
20087,31503,,1,<61611;61611;61611;60262;70043;60262>,,,,,,0.7,,,,,,csv.stage.tower,,,,,,,,,,,,,,,,,,,,,
20088,31503,,2,<63282;60793;63282;60392;260052;60392>,<0;0;0;0;1;0>,TRUE,,,,0.7,,,,,,csv.stage.tower,,,,,,,,,,,,,,,,,,,,,
20089,31504,,1,<60132;60062;60132;60062;70051;60062>,,,,,,0.7,,,,,,csv.stage.tower,,,,,,,,,,,,,,,,,,,,,
20090,31504,,2,<70482;0;70482;73292;260053;73292>,<0;0;0;0;1;0>,TRUE,,,,0.7,,,,,,csv.stage.tower,<<1;30151>>,,,,,,,,,,,,,,,,,,,,
20091,31601,,1,<60464;0;60464;60091;60001;60572>,,,,,,0.7,,,,,,csv.stage.s,,,,,,,,,,,,,,,,,,,,,
20092,31601,,2,<60471;63291;61393;60741;260054;61252>,<0;0;0;0;1;0>,TRUE,,,,0.7,,,,,,csv.stage.s,,,,,,,,,,,,,,,,,,,,,
20093,31602,,1,<60881;61502;63501;61891;61392;60132>,,,,,,0.7,,,,,,csv.stage.river,,,,,,,,,,,,,,,,,,,,,
20094,31602,,2,<61892;60003;60172;60601;260055;62011>,<0;0;0;0;1;0>,TRUE,,,,0.7,,,,,,csv.stage.river,,,,,,,,,,,,,,,,,,,,,
20095,31603,,1,<61393;60191;61971;63511;70491;62303>,,,,,,0.7,,,,,,csv.stage.tower,,,,,,,,,,,,,,,,,,,,,
20096,31603,,2,<60464;60261;62011;61903;260056;60132>,<0;0;0;0;1;0>,TRUE,,,,0.7,,,,,,csv.stage.tower,,,,,,,,,,,,,,,,,,,,,
20097,31604,,1,<62723;63431;60541;73003;71292;72483>,,,,,,0.7,,,,,,csv.stage.tower,,,,,,,,,,,,,,,,,,,,,
20098,31604,,2,<70542;70052;73511;260058;260057;260059>,<0;0;0;0;1;0>,TRUE,,,,0.7,,,,,,csv.stage.tower,<<1;30161>;<1;30162>>,,,,,,,,,,,,,,,,,,,,
20099,31701,,1,<60101;0;61081;60393;62232;60471>,,,,,,0.8,,,,,,csv.stage.aml,,,,,,,,,,,,,,,,,,,,,
20100,31701,,2,<61253;60191;60791;60132;260060;60471>,<0;0;0;0;1;0>,TRUE,,,,0.8,,,,,,csv.stage.aml,,,,,,,,,,,,,,,,,,,,,
20101,31702,,1,<61902;60033;60761;61071;60102;60002>,,,,,,0.8,,,,,,csv.stage.s,,,,,,,,,,,,,,,,,,,,,
20102,31702,,2,<61442;61443;62631;63351;260061;60464>,<0;0;0;0;1;0>,TRUE,,,,0.8,,,,,,csv.stage.s,,,,,,,,,,,,,,,,,,,,,
20103,31703,,1,<62682;60242;63292;60011;71421;60261>,,,,,,0.8,,,,,,csv.stage.river,,,,,,,,,,,,,,,,,,,,,
20104,31703,,2,<60062;60131;63352;60492;260062;60741>,<0;0;0;0;1;0>,TRUE,,,,0.8,,,,,,csv.stage.river,,,,,,,,,,,,,,,,,,,,,
20105,31704,,1,<70571;71863;70592;70791;70031;70391>,,,,,,0.8,,,,,,csv.stage.tower,,,,,,,,,,,,,,,,,,,,,
20106,31704,,2,<70171;70301;70012;260064;260063;260065>,<0;0;0;0;1;0>,TRUE,,,,0.8,,,,,,csv.stage.tower,<<1;30171>>,,,,,,,,,,,,,,,,,,,,
20107,31801,,1,<52012;0;50463;50592;60632;50782>,,,,,,0.8,,,,,,csv.stage.s,,,,,,,,,,,,,,,,,,,,,
20108,31801,,2,<53561;60761;51392;61313;260066;60541>,<0;0;0;0;1;0>,TRUE,,,,0.8,,,,,,csv.stage.s,,,,,,,,,,,,,,,,,,,,,
20109,31802,,1,<61811;63353;60191;60113;60093;63003>,,,,,,0.8,,,,,,csv.stage.river,,,,,,,,,,,,,,,,,,,,,
20110,31802,,2,<63631;60464;60592;60231;260067;63281>,<0;0;0;0;1;0>,TRUE,,,,0.8,,,,,,csv.stage.river,,,,,,,,,,,,,,,,,,,,,
20111,31803,,1,<60481;63003;60031;60043;61893;60451>,,,,,,0.8,,,,,,csv.stage.tower,,,,,,,,,,,,,,,,,,,,,
20112,31803,,2,<60273;62821;60301;61901;260068;61442>,<0;0;0;0;1;0>,TRUE,,,,0.8,,,,,,csv.stage.tower,,,,,,,,,,,,,,,,,,,,,
20113,31804,,1,<60303;63502;63291;63301;70603;61841>,,,,,,0.8,,,,,,csv.stage.tower,,,,,,,,,,,,,,,,,,,,,
20114,31804,,2,<60753;60101;61503;60043;260069;60002>,<0;0;0;0;1;0>,TRUE,,,,0.8,,,,,,csv.stage.tower,,,,,,,,,,,,,,,,,,,,,
20115,31805,,1,<72872;70131;72821;70482;72721;70263>,,,,,,0.8,,,,,,csv.stage.s,,,,,,,,,,,,,,,,,,,,,
20116,31805,,2,<70021;70482;72873;71901;260070;70372>,<0;0;0;0;1;0>,TRUE,,,,0.8,,,,,,csv.stage.s,<<1;30181>>,,,,,,,,,,,,,,,,,,,,
20117,31901,,1,<50093;0;50113;50173;0;51813>,,,,,,0.8,,,,,,csv.stage.sm,,,,,,,,,,,,,,,,,,,,,
20118,31901,,2,<60463;60482;63353;61393;260071;61841>,<0;0;0;0;1;0>,TRUE,,,,0.8,,,,,,csv.stage.sm,,,,,,,,,,,,,,,,,,,,,
20119,31902,,1,<62611;61391;63502;60011;60591;60302>,,,,,,0.8,,,,,,csv.stage.zz,,,,,,,,,,,,,,,,,,,,,
20120,31902,,2,<62682;60541;61253;61903;260072;60492>,<0;0;0;0;1;0>,TRUE,,,,0.8,,,,,,csv.stage.zz,,,,,,,,,,,,,,,,,,,,,
20121,31903,,1,<60601;0;60451;63352;60111;63141>,,,,,,0.8,,,,,,csv.stage.zz,,,,,,,,,,,,,,,,,,,,,
20122,31903,,2,<63341;61391;61251;61271;260073;60122>,<0;0;0;0;1;0>,TRUE,,,,0.8,,,,,,csv.stage.zz,,,,,,,,,,,,,,,,,,,,,
20123,31904,,1,<63472;62301;60881;60131;70593;60551>,,,,,,0.8,,,,,,csv.stage.aml,,,,,,,,,,,,,,,,,,,,,
20124,31904,,2,<60091;60051;0;61221;260074;63561>,<0;0;0;0;1;0>,TRUE,,,,0.8,,,,,,csv.stage.aml,,,,,,,,,,,,,,,,,,,,,
20125,31905,,1,<70261;70393;70101;70231;70391;70281>,,,,,,0.8,,,,,,csv.stage.river,,,,,,,,,,,,,,,,,,,,,
20126,31905,,2,<71394;71423;70463;181971;260075;180753>,<0;0;0;0;1;0>,TRUE,,,,0.8,,,,,,csv.stage.river,<<1;30191>;<2;30191>;<3;30191>;<4;30191>;<5;30191>;<6;30191>;<7;30191>;<8;30191>;<9;30191>;<10;30191>;<11;30191>;<12;30191>;<13;30191>;<14;30191>;<15;30191>;<16;30191>;<17;30191>;<18;30191>;<19;30191>;<20;30191>;<1;30192>;<2;30192>;<3;30192>;<4;30192>;<5;30192>;<6;30192>;<7;30192>;<8;30192>;<9;30192>;<10;30192>;<11;30192>;<12;30192>;<13;30192>;<14;30192>;<15;30192>;<16;30192>;<17;30192>;<18;30192>;<19;30192>;<20;30192>>,,,,,,,,,,,,,,,,,,,,
20127,32001,,1,<61841;0;60081;63301;60061;60013>,,,,,,0.8,,,,,,csv.stage.zz,,,,,,,,,,,,,,,,,,,,,
20128,32001,,2,<60372;63281;60113;60593;70753;60002>,<0;0;0;0;1;0>,TRUE,,,,0.8,,,,,,csv.stage.zz,,,,,,,,,,,,,,,,,,,,,
20129,32002,,1,<60271;60053;60892;61394;60002;60551>,,,,,,0.8,,,,,,csv.stage.zz,,,,,,,,,,,,,,,,,,,,,
20130,32002,,2,<61423;60392;61891;61293;71921;60172>,<0;0;0;0;1;0>,TRUE,,,,0.8,,,,,,csv.stage.zz,,,,,,,,,,,,,,,,,,,,,
20131,32003,,1,<60043;60113;60593;63001;60002;62631>,,,,,,0.8,,,,,,csv.stage.aml,,,,,,,,,,,,,,,,,,,,,
20132,32003,,2,<60802;62241;60792;62271;72993;60793>,<0;0;0;0;1;0>,TRUE,,,,0.8,,,,,,csv.stage.aml,,,,,,,,,,,,,,,,,,,,,
20133,32004,,1,<60371;60892;60272;60332;72891;60351>,,,,,,0.8,,,,,,csv.stage.river,,,,,,,,,,,,,,,,,,,,,
20134,32004,,2,<60013;60781;63543;61503;71271;62871>,<0;0;0;0;1;0>,TRUE,,,,0.8,,,,,,csv.stage.river,,,,,,,,,,,,,,,,,,,,,
20135,32005,,1,<70301;72012;70232;70062;73292;71071>,,,,,,0.8,,,,,,csv.stage.s,,,,,,,,,,,,,,,,,,,,,
20136,32005,,2,<70352;70753;70371;260077;260076;181394>,<0;0;0;0;1;0>,TRUE,,,,0.8,,,,,,csv.stage.s,<<1;30201>;<2;30201>;<3;30201>;<4;30201>;<5;30201>;<6;30201>;<7;30201>;<8;30201>;<9;30201>;<10;30201>;<11;30201>;<12;30201>;<13;30201>;<14;30201>;<15;30201>;<16;30201>;<17;30201>;<18;30201>;<19;30201>;<20;30201>>,,,,,,,,,,,,,,,,,,,,
20137,32101,,1,<60051;60152;60271;63001;60741;60791>,,,,,,0.8,,,,,,csv.stage.zz,,,,,,,,,,,,,,,,,,,,,
20138,32101,,2,<62611;61391;63502;60452;73143;62891>,<0;0;0;0;1;0>,TRUE,,,,0.8,,,,,,csv.stage.zz,,,,,,,,,,,,,,,,,,,,,
20139,32102,,1,<60571;61863;60592;61221;62612;63561>,,,,,,0.8,,,,,,csv.stage.zz,,,,,,,,,,,,,,,,,,,,,
20140,32102,,2,<60171;60301;60012;61903;71893;60492>,<0;0;0;0;1;0>,TRUE,,,,0.8,,,,,,csv.stage.zz,,,,,,,,,,,,,,,,,,,,,
20141,32103,,1,<60481;63003;60101;60231;60391;60281>,,,,,,0.8,,,,,,csv.stage.aml,,,,,,,,,,,,,,,,,,,,,
20142,32103,,2,<60881;60131;60593;60551;70593;62241>,<0;0;0;0;1;0>,TRUE,,,,0.8,,,,,,csv.stage.aml,,,,,,,,,,,,,,,,,,,,,
20143,32104,,1,<60013;60021;60482;62873;72721;60263>,,,,,,0.8,,,,,,csv.stage.river,,,,,,,,,,,,,,,,,,,,,
20144,32104,,2,<60601;60262;60592;63003;70753;62483>,<0;0;0;0;1;0>,TRUE,,,,0.8,,,,,,csv.stage.river,,,,,,,,,,,,,,,,,,,,,
20145,32105,,1,<71252;71503;72481;73301;72632;70481>,,,,,,0.8,,,,,,csv.stage.s,,,,,,,,,,,,,,,,,,,,,
20146,32105,,2,<70263;260079;70721;183021;260078;180771>,<0;0;0;0;1;0>,TRUE,,,,0.8,,,,,,csv.stage.s,<<1;30211>;<1;30213>>,,,,,,,,,,,,,,,,,,,,
20147,32201,,1,<63302;62012;63302;60691;60572;63283>,,,,,,0.8,,,,,,csv.stage.zz,,,,,,,,,,,,,,,,,,,,,
20148,32201,,2,<61422;60001;60392;60071;73003;60482>,<0;0;0;0;1;0>,TRUE,,,,0.8,,,,,,csv.stage.zz,,,,,,,,,,,,,,,,,,,,,
20149,32202,,1,<63302;63291;62482;63472;60771;63472>,,,,,,0.8,,,,,,csv.stage.zz,,,,,,,,,,,,,,,,,,,,,
20150,32202,,2,<60592;60053;60002;60603;71303;60603>,<0;0;0;0;1;0>,TRUE,,,,0.8,,,,,,csv.stage.zz,,,,,,,,,,,,,,,,,,,,,
20151,32203,,1,<61611;60001;61611;60482;60893;63472>,,,,,,0.8,,,,,,csv.stage.aml,,,,,,,,,,,,,,,,,,,,,
20152,32203,,2,<61902;62482;60592;63472;77001;60492>,<0;0;0;0;1;0>,TRUE,,,,0.8,,,,,,csv.stage.aml,,,,,,,,,,,,,,,,,,,,,
20153,32204,,1,<60273;63431;60191;60601;71612;60471>,,,,,,0.8,,,,,,csv.stage.river,,,,,,,,,,,,,,,,,,,,,
20154,32204,,2,<60091;60482;61253;60113;71971;60002>,<0;0;0;0;1;0>,TRUE,,,,0.8,,,,,,csv.stage.river,,,,,,,,,,,,,,,,,,,,,
20155,32205,,1,<70802;70392;71891;70231;71971;72631>,,,,,,0.8,,,,,,csv.stage.s,,,,,,,,,,,,,,,,,,,,,
20156,32205,,2,<260081;260082;260083;260084;260080;260085>,<0;0;0;0;1;0>,TRUE,,,,0.8,,,,,,csv.stage.s,<<1;30221>;<2;30222>;<3;30221>;<4;30222>;<5;30221>;<6;30222>;<7;30221>;<8;30222>;<9;30221>;<10;30222>;<11;30221>;<12;30222>;<13;30221>;<14;30222>;<15;30221>;<16;30222>;<17;30221>;<18;30222>;<19;30221>;<20;30222>>,,,,,,,,,,,,,,,,,,,,
20157,32301,,1,<60301;61313;62012;60491;61892;60471>,,,,,,0.8,,,,,,csv.stage.zz,,,,,,,,,,,,,,,,,,,,,
20158,32301,,2,<63291;60491;60392;63351;73251;60471>,<0;0;0;0;1;0>,TRUE,,,,0.8,,,,,,csv.stage.zz,,,,,,,,,,,,,,,,,,,,,
20159,32302,,1,<61503;63351;60262;61292;60464;60002>,,,,,,0.8,,,,,,csv.stage.zz,,,,,,,,,,,,,,,,,,,,,
20160,32302,,2,<62821;61292;60551;60692;73161;60464>,<0;0;0;0;1;0>,TRUE,,,,0.8,,,,,,csv.stage.zz,,,,,,,,,,,,,,,,,,,,,
20161,32303,,1,<62873;60692;60133;62232;60542;60261>,,,,,,0.8,,,,,,csv.stage.aml,,,,,,,,,,,,,,,,,,,,,
20162,32303,,2,<60113;62232;62271;60133;71772;60741>,<0;0;0;0;1;0>,TRUE,,,,0.8,,,,,,csv.stage.aml,,,,,,,,,,,,,,,,,,,,,
20163,32304,,1,<63353;60133;60393;60102;71253;61313>,,,,,,0.8,,,,,,csv.stage.river,,,,,,,,,,,,,,,,,,,,,
20164,32304,,2,<63502;60102;63541;61612;77001;60491>,<0;0;0;0;1;0>,TRUE,,,,0.8,,,,,,csv.stage.river,,,,,,,,,,,,,,,,,,,,,
20165,32305,,1,<71253;71612;71252;71421;71442;73351>,,,,,,0.8,,,,,,csv.stage.s,,,,,,,,,,,,,,,,,,,,,
20166,32305,,2,<260086;260087;260088;260090;260089;260091>,<0;0;0;0;1;0>,TRUE,,,,0.8,,,,,,csv.stage.s,<<1;30231>;<1;30232>;<3;30231>;<3;30232>;<5;30231>;<5;30232>>,,,,,,,,,,,,,,,,,,,,
20167,32401,,1,<60463;60482;63353;61393;61231;61841>,,,,,,0.8,,,,,,csv.stage.zz,,,,,,,,,,,,,,,,,,,,,
20168,32401,,2,<62611;61391;63502;60011;70382;60302>,<0;0;0;0;1;0>,TRUE,,,,0.8,,,,,,csv.stage.zz,,,,,,,,,,,,,,,,,,,,,
20169,32402,,1,<61841;60082;60081;63301;60061;60013>,,,,,,0.8,,,,,,csv.stage.zz,,,,,,,,,,,,,,,,,,,,,
20170,32402,,2,<60372;63281;60113;60593;70503;60002>,<0;0;0;0;1;0>,TRUE,,,,0.8,,,,,,csv.stage.zz,,,,,,,,,,,,,,,,,,,,,
20171,32403,,1,<60271;60053;60892;61394;60002;60551>,,,,,,0.8,,,,,,csv.stage.aml,,,,,,,,,,,,,,,,,,,,,
20172,32403,,2,<60751;60392;61891;61293;73181;60172>,<0;0;0;0;1;0>,TRUE,,,,0.8,,,,,,csv.stage.aml,,,,,,,,,,,,,,,,,,,,,
20173,32404,,1,<60261;62012;60232;60062;73292;61071>,,,,,,0.8,,,,,,csv.stage.river,,,,,,,,,,,,,,,,,,,,,
20174,32404,,2,<60892;61902;60371;60282;73171;60801>,<0;0;0;0;1;0>,TRUE,,,,0.8,,,,,,csv.stage.river,,,,,,,,,,,,,,,,,,,,,
20175,32405,,1,<70093;72241;70792;72271;72891;70793>,,,,,,0.8,,,,,,csv.stage.s,,,,,,,,,,,,,,,,,,,,,
20176,32405,,2,<260092;260093;260094;260095;260096;260097>,<0;0;0;0;1;0>,TRUE,,,,0.8,,,,,,csv.stage.s,<<1;30241>;<1;30242>;<1;30243>;<2;30241>;<2;30242>;<2;30243>;<3;30241>;<3;30242>;<3;30243>>,,,,,,,,,,,,,,,,,,,,
20177,32501,,1,<61971;63511;60491;62303;60592;60791>,,,,,,0.8,,,,,,csv.stage.zz,,,,,,,,,,,,,,,,,,,,,
20178,32501,,2,<62011;61903;63351;60132;70701;60033>,<0;0;0;0;1;0>,TRUE,,,,0.8,,,,,,csv.stage.zz,,,,,,,,,,,,,,,,,,,,,
20179,32502,,1,<60541;63003;61292;62483;60463;60592>,,,,,,0.8,,,,,,csv.stage.zz,,,,,,,,,,,,,,,,,,,,,
20180,32502,,2,<63511;60031;60692;60801;72023;60391>,<0;0;0;0;1;0>,TRUE,,,,0.8,,,,,,csv.stage.zz,,,,,,,,,,,,,,,,,,,,,
20181,32503,,1,<61081;60393;62232;60471;62632;61252>,,,,,,0.8,,,,,,csv.stage.aml,,,,,,,,,,,,,,,,,,,,,
20182,32503,,2,<60791;60132;60133;60471;70972;60782>,<0;0;0;0;1;0>,TRUE,,,,0.8,,,,,,csv.stage.aml,,,,,,,,,,,,,,,,,,,,,
20183,32504,,1,<60761;61071;60102;60002;70892;61394>,,,,,,0.8,,,,,,csv.stage.river,,,,,,,,,,,,,,,,,,,,,
20184,32504,,2,<62631;63351;61612;60464;74161;60791>,<0;0;0;0;1;0>,TRUE,,,,0.8,,,,,,csv.stage.river,,,,,,,,,,,,,,,,,,,,,
20185,32505,,1,<73292;70011;71421;70261;70012;70033>,,,,,,0.8,,,,,,csv.stage.s,,,,,,,,,,,,,,,,,,,,,
20186,32505,,2,<260098;260099;260100;260101;260102;260103>,<0;0;0;0;1;0>,TRUE,,,,0.8,,,,,,csv.stage.s,<<1;30254>;<1;30255>;<1;30256>;<2;30254>;<2;30255>;<2;30256>;<3;30254>;<3;30255>;<3;30256>>,,,,,,,,,,,,,,,,,,,,
20187,32601,,1,<72033;71921;71892;71852;71853;71641>,,,,,,0.8,,,,,,csv.stage.djd,,,,,,,,,,,,,,,,,,,,,
20188,32601,,2,<72682;72493;72473;73841;73843;73842>,<0;0;0;0;1;0>,TRUE,,,,0.8,,,,,,csv.stage.djd,,,,,,,,,,,,,,,,,,,,,
20189,32602,,1,<73303;73231;73171;73003;73271;72891>,,,,,,0.8,,,,,,csv.stage.djd,,,,,,,,,,,,,,,,,,,,,
20190,32602,,2,<73631;73772;74161;73562;73663;73412>,<0;0;0;0;1;0>,TRUE,,,,0.8,,,,,,csv.stage.djd,,,,,,,,,,,,,,,,,,,,,
20191,32603,,1,<70611;70212;70972;72723;72924;72831>,,,,,,0.8,,,,,,csv.stage.djd,,,,,,,,,,,,,,,,,,,,,
20192,32603,,2,<73161;73171;73181;72244;73251;72023>,<0;0;0;0;1;0>,TRUE,,,,0.8,,,,,,csv.stage.djd,,,,,,,,,,,,,,,,,,,,,
20193,32604,,1,<72013;71903;71393;71241;70753;70884>,,,,,,0.8,,,,,,csv.stage.djd,,,,,,,,,,,,,,,,,,,,,
20194,32604,,2,<72492;72612;73143;73152;73683;74132>,<0;0;0;0;1;0>,TRUE,,,,0.8,,,,,,csv.stage.djd,,,,,,,,,,,,,,,,,,,,,
20195,32605,,1,<71811;71812;71813;72993;71841;72992>,,,,,,0.8,,,,,,csv.stage.djd,,,,,,,,,,,,,,,,,,,,,
20196,32605,,2,<71802;260104;71802;71801;71801;71801>,<0;1;0;0;0;0>,TRUE,,,,0.8,,,,,,csv.stage.djd,<<1;30261>;<2;30261>;<3;30261>;<4;30261>;<5;30261>>,,,,,,,,,,,,,,,,,,,,
20197,32701,,1,<60012;60191;60102;63282;61293;61292>,,,,,,0.8,,,,,,csv.stage.djd,,,,,,,,,,,,,,,,,,,,,
20198,32701,,2,<60541;61903;60232;60133;71082;62831>,<0;0;0;0;1;0>,TRUE,,,,0.8,,,,,,csv.stage.djd,,,,,,,,,,,,,,,,,,,,,
20199,32702,,1,<61253;60551;60371;60392;61971;61071>,,,,,,0.8,,,,,,csv.stage.djd,,,,,,,,,,,,,,,,,,,,,
20200,32702,,2,<61811;60082;63541;61293;71172;62303>,<0;0;0;0;1;0>,TRUE,,,,0.8,,,,,,csv.stage.djd,,,,,,,,,,,,,,,,,,,,,
20201,32703,,1,<60372;60482;60602;60033;60092;60603>,,,,,,0.8,,,,,,csv.stage.djd,,,,,,,,,,,,,,,,,,,,,
20202,32703,,2,<61422;63003;60592;60002;70863;60541>,<0;0;0;0;1;0>,TRUE,,,,0.8,,,,,,csv.stage.djd,,,,,,,,,,,,,,,,,,,,,
20203,32704,,1,<60592;63003;60593;60113;70002;60471>,,,,,,0.8,,,,,,csv.stage.djd,,,,,,,,,,,,,,,,,,,,,
20204,32704,,2,<60171;60062;60092;60092;73601;63181>,<0;0;0;0;1;0>,TRUE,,,,0.8,,,,,,csv.stage.djd,,,,,,,,,,,,,,,,,,,,,
20205,32705,,1,<70892;71071;71612;73562;72891;73283>,,,,,,0.8,,,,,,csv.stage.djd,,,,,,,,,,,,,,,,,,,,,
20206,32705,,2,<73021;260105;72303;180021;180021;180021>,<0;1;0;0;0;0>,TRUE,,,,0.8,,,,,,csv.stage.djd,<<1;30271>;<2;30271>;<3;30271>;<4;30271>;<5;30271>>,,,,,,,,,,,,,,,,,,,,
20207,32801,,1,<62303;60163;60161;61081;61351;63303>,,,,,,0.8,,,,,,csv.stage.djd,,,,,,,,,,,,,,,,,,,,,
20208,32801,,2,<60081;61241;63282;62683;73231;63141>,<0;0;0;0;1;0>,TRUE,,,,0.8,,,,,,csv.stage.djd,,,,,,,,,,,,,,,,,,,,,
20209,32802,,1,<60462;60471;60044;60863;62831;61253>,,,,,,0.8,,,,,,csv.stage.djd,,,,,,,,,,,,,,,,,,,,,
20210,32802,,2,<63251;63143;60283;60481;73201;60221>,<0;0;0;0;1;0>,TRUE,,,,0.8,,,,,,csv.stage.djd,,,,,,,,,,,,,,,,,,,,,
20211,32803,,1,<62022;63141;61911;60231;62683;61502>,,,,,,0.8,,,,,,csv.stage.djd,,,,,,,,,,,,,,,,,,,,,
20212,32803,,2,<60381;62683;60491;60172;73631;60091>,<0;0;0;0;1;0>,TRUE,,,,0.8,,,,,,csv.stage.djd,,,,,,,,,,,,,,,,,,,,,
20213,32804,,1,<60081;61171;61251;64131;71612;61392>,,,,,,0.8,,,,,,csv.stage.djd,,,,,,,,,,,,,,,,,,,,,
20214,32804,,2,<60332;60151;63003;60591;73241;60261>,<0;0;0;0;1;0>,TRUE,,,,0.8,,,,,,csv.stage.djd,,,,,,,,,,,,,,,,,,,,,
20215,32805,,1,<72722;72612;71443;73141;72242;72821>,,,,,,0.8,,,,,,csv.stage.djd,,,,,,,,,,,,,,,,,,,,,
20216,32805,,2,<71972;73631;72303;182442;260106;181281>,<0;0;0;0;1;0>,TRUE,,,,0.8,,,,,,csv.stage.djd,<<1;30281>;<2;30281>;<3;30281>;<4;30281>;<5;30281>>,,,,,,,,,,,,,,,,,,,,
20217,32901,,1,<62011;60163;63003;60091;62832;63021>,,,,,,0.8,,,,,,csv.stage.djd,,,,,,,,,,,,,,,,,,,,,
20218,32901,,2,<62072;62924;62872;60602;70753;63141>,<0;0;0;0;1;0>,TRUE,,,,0.8,,,,,,csv.stage.djd,,,,,,,,,,,,,,,,,,,,,
20219,32902,,1,<60462;60471;61423;60752;60803;63511>,,,,,,0.8,,,,,,csv.stage.djd,,,,,,,,,,,,,,,,,,,,,
20220,32902,,2,<61502;63143;60091;60481;70721;64172>,<0;0;0;0;1;0>,TRUE,,,,0.8,,,,,,csv.stage.djd,,,,,,,,,,,,,,,,,,,,,
20221,32903,,1,<62022;62303;61501;62244;61253;60572>,,,,,,0.8,,,,,,csv.stage.djd,,,,,,,,,,,,,,,,,,,,,
20222,32903,,2,<64161;62993;60741;62473;70593;63191>,<0;0;0;0;1;0>,TRUE,,,,0.8,,,,,,csv.stage.djd,,,,,,,,,,,,,,,,,,,,,
20223,32904,,1,<60081;60572;62683;63283;70882;63541>,,,,,,0.8,,,,,,csv.stage.djd,,,,,,,,,,,,,,,,,,,,,
20224,32904,,2,<62631;60151;61291;63271;73181;63351>,<0;0;0;0;1;0>,TRUE,,,,0.8,,,,,,csv.stage.djd,,,,,,,,,,,,,,,,,,,,,
20225,32905,,1,<73292;70481;70231;73641;71251;71171>,,,,,,0.8,,,,,,csv.stage.djd,,,,,,,,,,,,,,,,,,,,,
20226,32905,,2,<71961;71261;73191;260201;260203;260202>,<0;0;0;0;1;0>,TRUE,,,,0.8,,,,,,csv.stage.djd,<<1;30291>;<2;30291>;<3;30291>;<4;30291>;<5;30291>>,,,,,,,,,,,,,,,,,,,,
20227,33001,,1,<60883;61811;62011;60163;61253;63021>,,,,,,0.8,,,,,,csv.stage.djd,,,,,,,,,,,,,,,,,,,,,
20228,33001,,2,<60044;60462;62072;62924;73241;63141>,<0;0;0;0;1;0>,TRUE,,,,0.8,,,,,,csv.stage.djd,,,,,,,,,,,,,,,,,,,,,
20229,33002,,1,<60283;60471;61423;60752;60803;60231>,,,,,,0.8,,,,,,csv.stage.djd,,,,,,,,,,,,,,,,,,,,,
20230,33002,,2,<61911;62832;60091;63143;72442;60172>,<0;0;0;0;1;0>,TRUE,,,,0.8,,,,,,csv.stage.djd,,,,,,,,,,,,,,,,,,,,,
20231,33003,,1,<60491;63003;60591;60091;61392;64131>,,,,,,0.8,,,,,,csv.stage.djd,,,,,,,,,,,,,,,,,,,,,
20232,33003,,2,<61251;61443;63141;62242;70701;60591>,<0;0;0;0;1;0>,TRUE,,,,0.8,,,,,,csv.stage.djd,,,,,,,,,,,,,,,,,,,,,
20233,33004,,1,<62683;61241;62683;61171;72821;63541>,,,,,,0.8,,,,,,csv.stage.djd,,,,,,,,,,,,,,,,,,,,,
20234,33004,,2,<61612;60151;62612;63271;73181;63003>,<0;0;0;0;1;0>,TRUE,,,,0.8,,,,,,csv.stage.djd,,,,,,,,,,,,,,,,,,,,,
20235,33005,,1,<70091;70091;70481;70381;73251;73143>,,,,,,0.8,,,,,,csv.stage.djd,,,,,,,,,,,,,,,,,,,,,
20236,33005,,2,<73631;71271;73191;180972;260204;183611>,<0;0;0;0;1;0>,TRUE,,,,0.8,,,,,,csv.stage.djd,<<1;30301>;<2;30301>;<3;30301>;<4;30301>;<5;30301>>,,,,,,,,,,,,,,,,,,,,
20237,33101,,1,<62303;60163;60161;61081;60491;63303>,,,,,,0.8,,,,,,csv.stage.djd,,,,,,,,,,,,,,,,,,,,,
20238,33101,,2,<60081;61241;60752;62683;71423;60752>,<0;0;0;0;1;0>,TRUE,,,,0.8,,,,,,csv.stage.djd,,,,,,,,,,,,,,,,,,,,,
20239,33102,,1,<60462;60471;60044;60863;60151;61253>,,,,,,0.8,,,,,,csv.stage.djd,,,,,,,,,,,,,,,,,,,,,
20240,33102,,2,<60491;63143;60283;60481;73003;60221>,<0;0;0;0;1;0>,TRUE,,,,0.8,,,,,,csv.stage.djd,,,,,,,,,,,,,,,,,,,,,
20241,33103,,1,<62022;63141;60481;60091;62612;61502>,,,,,,0.8,,,,,,csv.stage.djd,,,,,,,,,,,,,,,,,,,,,
20242,33103,,2,<60381;62683;60491;60231;72244;63541>,<0;0;0;0;1;0>,TRUE,,,,0.8,,,,,,csv.stage.djd,,,,,,,,,,,,,,,,,,,,,
20243,33104,,1,<60081;63472;61251;64131;73283;61392>,,,,,,0.8,,,,,,csv.stage.djd,,,,,,,,,,,,,,,,,,,,,
20244,33104,,2,<60332;60151;63003;60591;72303;60261>,<0;0;0;0;1;0>,TRUE,,,,0.8,,,,,,csv.stage.djd,,,,,,,,,,,,,,,,,,,,,
20245,33105,,1,<72722;72612;71443;73141;72242;72821>,,,,,,0.8,,,,,,csv.stage.djd,,,,,,,,,,,,,,,,,,,,,
20246,33105,,2,<71972;73631;72303;182442;260205;181293>,<0;0;0;0;1;0>,TRUE,,,,0.8,,,,,,csv.stage.djd,<<1;30311>;<2;30311>;<3;30311>;<4;30311>;<5;30311>>,,,,,,,,,,,,,,,,,,,,
60001,60001,,1,<0;0;0;0;40001;0>,<0;0;0;0;1;0>,,,10,,0.5,,,,,,csv.stage.jbfb,,,,,,,,,,,,,,,,,,,,,
60002,60002,,1,<0;0;0;0;40002;0>,<0;0;0;0;1;0>,,,20,,0.5,,,,,,csv.stage.jbfb,,,,,,,,,,,,,,,,,,,,,
60003,60003,,1,<0;0;0;0;40003;0>,<0;0;0;0;1;0>,,,30,,0.5,,,,,,csv.stage.jbfb,,,,,,,,,,,,,,,,,,,,,
60004,60004,,1,<0;0;0;0;40004;0>,<0;0;0;0;1;0>,,,40,,0.5,,,,,,csv.stage.jbfb,,,,,,,,,,,,,,,,,,,,,
60005,60005,,1,<0;0;0;0;40005;0>,<0;0;0;0;1;0>,,,50,,0.5,,,,,,csv.stage.jbfb,,,,,,,,,,,,,,,,,,,,,
60006,60006,,1,<0;0;0;0;40006;0>,<0;0;0;0;1;0>,,,60,,0.5,,,,,,csv.stage.jbfb,,,,,,,,,,,,,,,,,,,,,
60007,60007,,1,<0;0;0;0;40007;0>,<0;0;0;0;1;0>,,,70,,0.5,,,,,,csv.stage.jbfb,,,,,,,,,,,,,,,,,,,,,
60010,60010,,1,<0;0;0;0;40007;0>,<0;0;0;0;1;0>,,,100,,0.6,,,,,,csv.stage.jbfb,,,,,,,,,,,,,,,,,,,,,
60011,60011,,1,<0;0;0;0;40007;0>,<0;0;0;0;1;0>,,,100,,0.67,,,,,,csv.stage.jbfb,,,,,,,,,,,,,,,,,,,,,
60012,60012,,1,<0;0;0;0;40007;0>,<0;0;0;0;1;0>,,,100,,0.87,,,,,,csv.stage.jbfb,,,,,,,,,,,,,,,,,,,,,
60013,60013,,1,<0;0;0;0;40007;0>,<0;0;0;0;1;0>,,,100,,1.08,,,,,,csv.stage.jbfb,,,,,,,,,,,,,,,,,,,,,
60014,60014,,1,<0;0;0;0;40007;0>,<0;0;0;0;1;0>,,,100,,1.32,,,,,,csv.stage.jbfb,,,,,,,,,,,,,,,,,,,,,
60015,60015,,1,<0;0;0;0;40007;0>,<0;0;0;0;1;0>,,,100,,1.59,,,,,,csv.stage.jbfb,,,,,,,,,,,,,,,,,,,,,
60016,60016,,1,<0;0;0;0;40007;0>,<0;0;0;0;1;0>,,,100,,1.92,,,,,,csv.stage.jbfb,,,,,,,,,,,,,,,,,,,,,
60017,60017,,1,<0;0;0;0;40007;0>,<0;0;0;0;1;0>,,,100,,2.26,,,,,,csv.stage.jbfb,,,,,,,,,,,,,,,,,,,,,
60018,60018,,1,<0;0;0;0;40007;0>,<0;0;0;0;1;0>,,,100,,2.67,,,,,,csv.stage.jbfb,,,,,,,,,,,,,,,,,,,,,
60019,60019,,1,<0;0;0;0;40007;0>,<0;0;0;0;1;0>,,,100,,3.12,,,,,,csv.stage.jbfb,,,,,,,,,,,,,,,,,,,,,
60020,60020,,1,<0;0;0;0;40007;0>,<0;0;0;0;1;0>,,,100,,3.64,,,,,,csv.stage.jbfb,,,,,,,,,,,,,,,,,,,,,
60021,60021,,1,<0;0;0;0;40007;0>,<0;0;0;0;1;0>,,,100,,4.21,,,,,,csv.stage.jbfb,,,,,,,,,,,,,,,,,,,,,
60022,60022,,1,<0;0;0;0;40007;0>,<0;0;0;0;1;0>,,,100,,4.85,,,,,,csv.stage.jbfb,,,,,,,,,,,,,,,,,,,,,
60023,60023,,1,<0;0;0;0;40007;0>,<0;0;0;0;1;0>,,,100,,5.5,,,,,,csv.stage.jbfb,,,,,,,,,,,,,,,,,,,,,
60024,60024,,1,<0;0;0;0;40007;0>,<0;0;0;0;1;0>,,,100,,6.3,,,,,,csv.stage.jbfb,,,,,,,,,,,,,,,,,,,,,
60025,60025,,1,<0;0;0;0;40007;0>,<0;0;0;0;1;0>,,,100,,7.13,,,,,,csv.stage.jbfb,,,,,,,,,,,,,,,,,,,,,
60026,60026,,1,<0;0;0;0;40007;0>,<0;0;0;0;1;0>,,,100,,8.04,,,,,,csv.stage.jbfb,,,,,,,,,,,,,,,,,,,,,
60027,60027,,1,<0;0;0;0;40007;0>,<0;0;0;0;1;0>,,,100,,9.03,,,,,,csv.stage.jbfb,,,,,,,,,,,,,,,,,,,,,
60028,60028,,1,<0;0;0;0;40007;0>,<0;0;0;0;1;0>,,,100,,10.13,,,,,,csv.stage.jbfb,,,,,,,,,,,,,,,,,,,,,
60029,60029,,1,<0;0;0;0;40007;0>,<0;0;0;0;1;0>,,,100,,11.32,,,,,,csv.stage.jbfb,,,,,,,,,,,,,,,,,,,,,
60030,60030,,1,<0;0;0;0;40007;0>,<0;0;0;0;1;0>,,,100,,12.6,,,,,,csv.stage.jbfb,,,,,,,,,,,,,,,,,,,,,
60031,60031,,1,<0;0;0;0;40007;0>,<0;0;0;0;1;0>,,,100,,13.96,,,,,,csv.stage.jbfb,,,,,,,,,,,,,,,,,,,,,
60032,60032,,1,<0;0;0;0;40007;0>,<0;0;0;0;1;0>,,,100,,15.48,,,,,,csv.stage.jbfb,,,,,,,,,,,,,,,,,,,,,
60033,60033,,1,<0;0;0;0;40007;0>,<0;0;0;0;1;0>,,,100,,17.06,,,,,,csv.stage.jbfb,,,,,,,,,,,,,,,,,,,,,
60034,60034,,1,<0;0;0;0;40007;0>,<0;0;0;0;1;0>,,,100,,18.8,,,,,,csv.stage.jbfb,,,,,,,,,,,,,,,,,,,,,
60035,60035,,1,<0;0;0;0;40007;0>,<0;0;0;0;1;0>,,,100,,20.62,,,,,,csv.stage.jbfb,,,,,,,,,,,,,,,,,,,,,
60036,60036,,1,<0;0;0;0;40007;0>,<0;0;0;0;1;0>,,,100,,22.66,,,,,,csv.stage.jbfb,,,,,,,,,,,,,,,,,,,,,
60037,60037,,1,<0;0;0;0;40007;0>,<0;0;0;0;1;0>,,,100,,24.75,,,,,,csv.stage.jbfb,,,,,,,,,,,,,,,,,,,,,
60038,60038,,1,<0;0;0;0;40007;0>,<0;0;0;0;1;0>,,,100,,26.98,,,,,,csv.stage.jbfb,,,,,,,,,,,,,,,,,,,,,
60039,60039,,1,<0;0;0;0;40007;0>,<0;0;0;0;1;0>,,,100,,29.38,,,,,,csv.stage.jbfb,,,,,,,,,,,,,,,,,,,,,
60040,60040,,1,<0;0;0;0;40007;0>,<0;0;0;0;1;0>,,,100,,32.02,,,,,,csv.stage.jbfb,,,,,,,,,,,,,,,,,,,,,
60041,60041,,1,<0;0;0;0;40007;0>,<0;0;0;0;1;0>,,,100,,34.77,,,,,,csv.stage.jbfb,,,,,,,,,,,,,,,,,,,,,
60042,60042,,1,<0;0;0;0;40007;0>,<0;0;0;0;1;0>,,,100,,37.63,,,,,,csv.stage.jbfb,,,,,,,,,,,,,,,,,,,,,
60043,60043,,1,<0;0;0;0;40007;0>,<0;0;0;0;1;0>,,,100,,40.65,,,,,,csv.stage.jbfb,,,,,,,,,,,,,,,,,,,,,
60044,60044,,1,<0;0;0;0;40007;0>,<0;0;0;0;1;0>,,,100,,44.02,,,,,,csv.stage.jbfb,,,,,,,,,,,,,,,,,,,,,
60045,60045,,1,<0;0;0;0;40007;0>,<0;0;0;0;1;0>,,,100,,47.41,,,,,,csv.stage.jbfb,,,,,,,,,,,,,,,,,,,,,
60046,60046,,1,<0;0;0;0;40007;0>,<0;0;0;0;1;0>,,,100,,51.03,,,,,,csv.stage.jbfb,,,,,,,,,,,,,,,,,,,,,
60047,60047,,1,<0;0;0;0;40007;0>,<0;0;0;0;1;0>,,,100,,54.84,,,,,,csv.stage.jbfb,,,,,,,,,,,,,,,,,,,,,
60048,60048,,1,<0;0;0;0;40007;0>,<0;0;0;0;1;0>,,,100,,59.02,,,,,,csv.stage.jbfb,,,,,,,,,,,,,,,,,,,,,
60049,60049,,1,<0;0;0;0;40007;0>,<0;0;0;0;1;0>,,,100,,63.27,,,,,,csv.stage.jbfb,,,,,,,,,,,,,,,,,,,,,
60050,60050,,1,<0;0;0;0;40007;0>,<0;0;0;0;1;0>,,,100,,67.72,,,,,,csv.stage.jbfb,,,,,,,,,,,,,,,,,,,,,
60051,60051,,1,<0;0;0;0;40007;0>,<0;0;0;0;1;0>,,,100,,72.17,,,,,,csv.stage.jbfb,,,,,,,,,,,,,,,,,,,,,
60052,60052,,1,<0;0;0;0;40007;0>,<0;0;0;0;1;0>,,,100,,76.62,,,,,,csv.stage.jbfb,,,,,,,,,,,,,,,,,,,,,
60053,60053,,1,<0;0;0;0;40007;0>,<0;0;0;0;1;0>,,,100,,81.07,,,,,,csv.stage.jbfb,,,,,,,,,,,,,,,,,,,,,
60054,60054,,1,<0;0;0;0;40007;0>,<0;0;0;0;1;0>,,,100,,85.52,,,,,,csv.stage.jbfb,,,,,,,,,,,,,,,,,,,,,
60055,60055,,1,<0;0;0;0;40007;0>,<0;0;0;0;1;0>,,,100,,89.97,,,,,,csv.stage.jbfb,,,,,,,,,,,,,,,,,,,,,
60056,60056,,1,<0;0;0;0;40007;0>,<0;0;0;0;1;0>,,,100,,94.42,,,,,,csv.stage.jbfb,,,,,,,,,,,,,,,,,,,,,
60057,60057,,1,<0;0;0;0;40007;0>,<0;0;0;0;1;0>,,,100,,98.87,,,,,,csv.stage.jbfb,,,,,,,,,,,,,,,,,,,,,
60058,60058,,1,<0;0;0;0;40007;0>,<0;0;0;0;1;0>,,,100,,103.32,,,,,,csv.stage.jbfb,,,,,,,,,,,,,,,,,,,,,
60059,60059,,1,<0;0;0;0;40007;0>,<0;0;0;0;1;0>,,,100,,107.77,,,,,,csv.stage.jbfb,,,,,,,,,,,,,,,,,,,,,
60101,60101,,1,<40021>,,,,,,0.5,,,,,,csv.stage.jyfb,,,,,,,,,,,,,,,,,,,,,
60102,60102,,1,<40022>,,,,,,0.5,,,,,,csv.stage.jyfb,,,,,,,,,,,,,,,,,,,,,
60103,60103,,1,<40023>,,,,,,0.5,,,,,,csv.stage.jyfb,,,,,,,,,,,,,,,,,,,,,
60104,60104,,1,<40024>,,,,,,0.5,,,,,,csv.stage.jyfb,,,,,,,,,,,,,,,,,,,,,
60105,60105,,1,<40025>,,,,,,0.5,,,,,,csv.stage.jyfb,,,,,,,,,,,,,,,,,,,,,
60106,60106,,1,<40026>,,,,,,0.5,,,,,,csv.stage.jyfb,,,,,,,,,,,,,,,,,,,,,
60107,60107,,1,<40027>,,,,,,0.5,,,,,,csv.stage.jyfb,,,,,,,,,,,,,,,,,,,,,
60110,60110,,1,<40027>,,,,,,0.6,,,,,,csv.stage.jyfb,,,,,,,,,,,,,,,,,,,,,
60111,60111,,1,<40027>,,,,,,0.66,,,,,,csv.stage.jyfb,,,,,,,,,,,,,,,,,,,,,
60112,60112,,1,<40027>,,,,,,0.84,,,,,,csv.stage.jyfb,,,,,,,,,,,,,,,,,,,,,
60113,60113,,1,<40027>,,,,,,1.03,,,,,,csv.stage.jyfb,,,,,,,,,,,,,,,,,,,,,
60114,60114,,1,<40027>,,,,,,1.23,,,,,,csv.stage.jyfb,,,,,,,,,,,,,,,,,,,,,
60115,60115,,1,<40027>,,,,,,1.5,,,,,,csv.stage.jyfb,,,,,,,,,,,,,,,,,,,,,
60116,60116,,1,<40027>,,,,,,1.78,,,,,,csv.stage.jyfb,,,,,,,,,,,,,,,,,,,,,
60117,60117,,1,<40027>,,,,,,2.1,,,,,,csv.stage.jyfb,,,,,,,,,,,,,,,,,,,,,
60118,60118,,1,<40027>,,,,,,2.46,,,,,,csv.stage.jyfb,,,,,,,,,,,,,,,,,,,,,
60119,60119,,1,<40027>,,,,,,2.85,,,,,,csv.stage.jyfb,,,,,,,,,,,,,,,,,,,,,
60120,60120,,1,<40027>,,,,,,3.29,,,,,,csv.stage.jyfb,,,,,,,,,,,,,,,,,,,,,
60121,60121,,1,<40027>,,,,,,3.78,,,,,,csv.stage.jyfb,,,,,,,,,,,,,,,,,,,,,
60122,60122,,1,<40027>,,,,,,4.35,,,,,,csv.stage.jyfb,,,,,,,,,,,,,,,,,,,,,
60123,60123,,1,<40027>,,,,,,4.94,,,,,,csv.stage.jyfb,,,,,,,,,,,,,,,,,,,,,
60124,60124,,1,<40027>,,,,,,5.6,,,,,,csv.stage.jyfb,,,,,,,,,,,,,,,,,,,,,
60125,60125,,1,<40027>,,,,,,6.34,,,,,,csv.stage.jyfb,,,,,,,,,,,,,,,,,,,,,
60126,60126,,1,<40027>,,,,,,7.11,,,,,,csv.stage.jyfb,,,,,,,,,,,,,,,,,,,,,
60127,60127,,1,<40027>,,,,,,8,,,,,,csv.stage.jyfb,,,,,,,,,,,,,,,,,,,,,
60128,60128,,1,<40027>,,,,,,8.95,,,,,,csv.stage.jyfb,,,,,,,,,,,,,,,,,,,,,
60129,60129,,1,<40027>,,,,,,9.95,,,,,,csv.stage.jyfb,,,,,,,,,,,,,,,,,,,,,
60130,60130,,1,<40027>,,,,,,11.04,,,,,,csv.stage.jyfb,,,,,,,,,,,,,,,,,,,,,
60131,60131,,1,<40027>,,,,,,12.25,,,,,,csv.stage.jyfb,,,,,,,,,,,,,,,,,,,,,
60132,60132,,1,<40027>,,,,,,13.52,,,,,,csv.stage.jyfb,,,,,,,,,,,,,,,,,,,,,
60133,60133,,1,<40027>,,,,,,14.88,,,,,,csv.stage.jyfb,,,,,,,,,,,,,,,,,,,,,
60134,60134,,1,<40027>,,,,,,16.36,,,,,,csv.stage.jyfb,,,,,,,,,,,,,,,,,,,,,
60135,60135,,1,<40027>,,,,,,17.97,,,,,,csv.stage.jyfb,,,,,,,,,,,,,,,,,,,,,
60136,60136,,1,<40027>,,,,,,19.65,,,,,,csv.stage.jyfb,,,,,,,,,,,,,,,,,,,,,
60137,60137,,1,<40027>,,,,,,21.47,,,,,,csv.stage.jyfb,,,,,,,,,,,,,,,,,,,,,
60138,60138,,1,<40027>,,,,,,23.39,,,,,,csv.stage.jyfb,,,,,,,,,,,,,,,,,,,,,
60139,60139,,1,<40027>,,,,,,25.45,,,,,,csv.stage.jyfb,,,,,,,,,,,,,,,,,,,,,
60140,60140,,1,<40027>,,,,,,27.65,,,,,,csv.stage.jyfb,,,,,,,,,,,,,,,,,,,,,
60141,60141,,1,<40027>,,,,,,29.96,,,,,,csv.stage.jyfb,,,,,,,,,,,,,,,,,,,,,
60142,60142,,1,<40027>,,,,,,32.45,,,,,,csv.stage.jyfb,,,,,,,,,,,,,,,,,,,,,
60143,60143,,1,<40027>,,,,,,35.04,,,,,,csv.stage.jyfb,,,,,,,,,,,,,,,,,,,,,
60144,60144,,1,<40027>,,,,,,37.86,,,,,,csv.stage.jyfb,,,,,,,,,,,,,,,,,,,,,
60145,60145,,1,<40027>,,,,,,40.81,,,,,,csv.stage.jyfb,,,,,,,,,,,,,,,,,,,,,
60146,60146,,1,<40027>,,,,,,43.88,,,,,,csv.stage.jyfb,,,,,,,,,,,,,,,,,,,,,
60147,60147,,1,<40027>,,,,,,47.11,,,,,,csv.stage.jyfb,,,,,,,,,,,,,,,,,,,,,
60148,60148,,1,<40027>,,,,,,50.57,,,,,,csv.stage.jyfb,,,,,,,,,,,,,,,,,,,,,
60149,60149,,1,<40027>,,,,,,54.18,,,,,,csv.stage.jyfb,,,,,,,,,,,,,,,,,,,,,
60150,60150,,1,<40027>,,,,,,58.03,,,,,,csv.stage.jyfb,,,,,,,,,,,,,,,,,,,,,
60151,60151,,1,<40027>,,,,,,62.04,,,,,,csv.stage.jyfb,,,,,,,,,,,,,,,,,,,,,
60152,60152,,1,<40027>,,,,,,66.05,,,,,,csv.stage.jyfb,,,,,,,,,,,,,,,,,,,,,
60153,60153,,1,<40027>,,,,,,70.06,,,,,,csv.stage.jyfb,,,,,,,,,,,,,,,,,,,,,
60154,60154,,1,<40027>,,,,,,74.07,,,,,,csv.stage.jyfb,,,,,,,,,,,,,,,,,,,,,
60155,60155,,1,<40027>,,,,,,78.08,,,,,,csv.stage.jyfb,,,,,,,,,,,,,,,,,,,,,
60156,60156,,1,<40027>,,,,,,82.09,,,,,,csv.stage.jyfb,,,,,,,,,,,,,,,,,,,,,
60157,60157,,1,<40027>,,,,,,86.1,,,,,,csv.stage.jyfb,,,,,,,,,,,,,,,,,,,,,
60158,60158,,1,<40027>,,,,,,90.11,,,,,,csv.stage.jyfb,,,,,,,,,,,,,,,,,,,,,
60159,60159,,1,<40027>,,,,,,94.12,,,,,,csv.stage.jyfb,,,,,,,,,,,,,,,,,,,,,
60201,60201,,1,<70062;70102;70072;70302;70011;70081>,,,,,,0.4,0.4,0.4,0.4,0.4,0.4,csv.stage.jyfb,,,,,,,,,,,,,,,,,,,,,
60202,60201,,2,<70071;71352;70051;70301;70891;70043>,,,,,,0.4,0.4,0.4,0.4,0.4,0.4,csv.stage.jyfb,,,,,,,,,,,,,,,,,,,,,
60203,60202,,1,<70891;70452;70273;70692;70791;71351>,,,,,,0.4,0.4,0.4,0.4,0.4,0.4,csv.stage.jyfb,,,,,,,,,,,,,,,,,,,,,
60204,60202,,2,<70052;70302;70013;70692;70893;72271>,,,,,,0.4,0.4,0.4,0.4,0.4,0.4,csv.stage.jyfb,,,,,,,,,,,,,,,,,,,,,
60205,60203,,1,<70472;70003;70053;70691;72483;70023>,,,,,,0.4,0.4,0.4,0.4,0.4,0.4,csv.stage.jyfb,,,,,,,,,,,,,,,,,,,,,
60206,60203,,2,<70552;70002;72272;71251;71612;70392>,,,,,,0.4,0.4,0.4,0.4,0.4,0.4,csv.stage.jyfb,,,,,,,,,,,,,,,,,,,,,
60207,60204,,1,<71171;72013;70333;70572;70603;70482>,,,,,,0.4,0.4,0.4,0.4,0.4,0.4,csv.stage.jyfb,,,,,,,,,,,,,,,,,,,,,
60208,60204,,2,<73293;71612;73283;70572;72483;70393>,,,,,,0.4,0.4,0.4,0.4,0.4,0.4,csv.stage.jyfb,,,,,,,,,,,,,,,,,,,,,
60209,60205,,1,<71423;70572;70593;71253;70753;70393>,,,,,,0.4,0.4,0.4,0.4,0.4,0.4,csv.stage.jyfb,,,,,,,,,,,,,,,,,,,,,
60210,60205,,2,<71172;72013;70753;71252;70753;70632>,,,,,,0.4,0.4,0.4,0.4,0.4,0.4,csv.stage.jyfb,,,,,,,,,,,,,,,,,,,,,
60211,60206,,1,<70771;71293;70731;70721;70741;73303>,,,,,,0.4,0.4,0.4,0.4,0.4,0.4,csv.stage.jyfb,,,,,,,,,,,,,,,,,,,,,
60212,60206,,2,<73303;70572;71221;71253;71231;71241>,,,,,,0.4,0.4,0.4,0.4,0.4,0.4,csv.stage.jyfb,,,,,,,,,,,,,,,,,,,,,
60213,60207,,1,<73502;73413;73543;73663;73592;72483>,,,,,,0.4,0.4,0.4,0.4,0.4,0.4,csv.stage.jyfb,,,,,,,,,,,,,,,,,,,,,
60214,60207,,2,<72843;72822;72873;72891;71612;71813>,,,,,,0.4,0.4,0.4,0.4,0.4,0.4,csv.stage.jyfb,,,,,,,,,,,,,,,,,,,,,
60251,60251,,1,<70062;70102;70072;70302;70011;70081>,,,,,,0.4,0.4,0.4,0.4,0.4,0.4,csv.stage.jyfb,,,,,,,,,,,,,,,,,,,,,
60252,60251,,2,<70071;71352;70051;70301;70891;70043>,,,,,,0.4,0.4,0.4,0.4,0.4,0.4,csv.stage.jyfb,,,,,,,,,,,,,,,,,,,,,
60253,60252,,1,<70891;70452;70273;70692;70791;71351>,,,,,,0.4,0.4,0.4,0.4,0.4,0.4,csv.stage.jyfb,,,,,,,,,,,,,,,,,,,,,
60254,60252,,2,<70052;70302;70013;70692;70893;72271>,,,,,,0.4,0.4,0.4,0.4,0.4,0.4,csv.stage.jyfb,,,,,,,,,,,,,,,,,,,,,
60255,60253,,1,<70472;70003;70053;70691;72483;70023>,,,,,,0.4,0.4,0.4,0.4,0.4,0.4,csv.stage.jyfb,,,,,,,,,,,,,,,,,,,,,
60256,60253,,2,<70552;70002;72272;71251;71612;70392>,,,,,,0.4,0.4,0.4,0.4,0.4,0.4,csv.stage.jyfb,,,,,,,,,,,,,,,,,,,,,
60257,60254,,1,<71171;72013;70333;70572;70603;70482>,,,,,,0.4,0.4,0.4,0.4,0.4,0.4,csv.stage.jyfb,,,,,,,,,,,,,,,,,,,,,
60258,60254,,2,<73293;71612;73283;70572;72483;70393>,,,,,,0.4,0.4,0.4,0.4,0.4,0.4,csv.stage.jyfb,,,,,,,,,,,,,,,,,,,,,
60259,60255,,1,<71423;70572;70593;71253;70753;70393>,,,,,,0.4,0.4,0.4,0.4,0.4,0.4,csv.stage.jyfb,,,,,,,,,,,,,,,,,,,,,
60260,60255,,2,<71172;72013;70753;71252;70753;70632>,,,,,,0.4,0.4,0.4,0.4,0.4,0.4,csv.stage.jyfb,,,,,,,,,,,,,,,,,,,,,
60261,60256,,1,<70771;71293;70731;70721;70741;73303>,,,,,,0.4,0.4,0.4,0.4,0.4,0.4,csv.stage.jyfb,,,,,,,,,,,,,,,,,,,,,
60262,60256,,2,<73303;70572;71221;71253;71231;71241>,,,,,,0.4,0.4,0.4,0.4,0.4,0.4,csv.stage.jyfb,,,,,,,,,,,,,,,,,,,,,
60263,60257,,1,<73502;73413;73543;73663;73592;72483>,,,,,,0.4,0.4,0.4,0.4,0.4,0.4,csv.stage.jyfb,,,,,,,,,,,,,,,,,,,,,
60264,60257,,2,<72843;72822;72873;72891;71612;71813>,,,,,,0.4,0.4,0.4,0.4,0.4,0.4,csv.stage.jyfb,,,,,,,,,,,,,,,,,,,,,
60301,60301,,1,<70273;70263;70753;70133;71241;72013>,,,,,,0.7,0.7,0.7,0.7,0.7,0.7,csv.stage.jyfb,,,,,,,,,,,,,,,,,,,,,
60302,60302,,1,<70273;70263;70753;70133;71241;72013>,,,,,,0.7,0.7,0.7,0.7,0.7,0.7,csv.stage.jyfb,,,,,,,,,,,,,,,,,,,,,
60303,60303,,1,<70273;70263;70753;70133;71241;72013>,,,,,,0.7,0.7,0.7,0.7,0.7,0.7,csv.stage.jyfb,,,,,,,,,,,,,,,,,,,,,
60304,60304,,1,<70273;70263;70753;70133;71241;72013>,,,,,,0.7,0.7,0.7,0.7,0.7,0.7,csv.stage.jyfb,,,,,,,,,,,,,,,,,,,,,
60305,60305,,1,<70273;70263;70753;70133;71241;72013>,,,,,,0.7,0.7,0.7,0.7,0.7,0.7,csv.stage.jyfb,,,,,,,,,,,,,,,,,,,,,
60306,60306,,1,<70273;70263;70753;70133;71241;72013>,,,,,,0.7,0.7,0.7,0.7,0.7,0.7,csv.stage.jyfb,,,,,,,,,,,,,,,,,,,,,
60307,60307,,1,<70273;70263;70753;70133;71241;72013>,,,,,,0.7,0.7,0.7,0.7,0.7,0.7,csv.stage.jyfb,,,,,,,,,,,,,,,,,,,,,
60321,60321,,1,<71221;70093;70013;71423;70731;72483>,,,,,,0.7,0.7,0.7,0.7,0.7,0.7,csv.stage.jyfb,,,,,,,,,,,,,,,,,,,,,
60322,60322,,1,<71221;70093;70013;71423;70731;72483>,,,,,,0.7,0.7,0.7,0.7,0.7,0.7,csv.stage.jyfb,,,,,,,,,,,,,,,,,,,,,
60323,60323,,1,<71221;70093;70013;71423;70731;72483>,,,,,,0.7,0.7,0.7,0.7,0.7,0.7,csv.stage.jyfb,,,,,,,,,,,,,,,,,,,,,
60324,60324,,1,<71221;70093;70013;71423;70731;72483>,,,,,,0.7,0.7,0.7,0.7,0.7,0.7,csv.stage.jyfb,,,,,,,,,,,,,,,,,,,,,
60325,60325,,1,<71221;70093;70013;71423;70731;72483>,,,,,,0.7,0.7,0.7,0.7,0.7,0.7,csv.stage.jyfb,,,,,,,,,,,,,,,,,,,,,
60326,60326,,1,<71221;70093;70013;71423;70731;72483>,,,,,,0.7,0.7,0.7,0.7,0.7,0.7,csv.stage.jyfb,,,,,,,,,,,,,,,,,,,,,
60327,60327,,1,<71221;70093;70013;71423;70731;72483>,,,,,,0.7,0.7,0.7,0.7,0.7,0.7,csv.stage.jyfb,,,,,,,,,,,,,,,,,,,,,
60341,60341,,1,<70472;70393;70721;71612;71293;73293>,,,,,,0.7,0.7,0.7,0.7,0.7,0.7,csv.stage.jyfb,,,,,,,,,,,,,,,,,,,,,
60342,60342,,1,<70472;70393;70721;71612;71293;73293>,,,,,,0.7,0.7,0.7,0.7,0.7,0.7,csv.stage.jyfb,,,,,,,,,,,,,,,,,,,,,
60343,60343,,1,<70472;70393;70721;71612;71293;73293>,,,,,,0.7,0.7,0.7,0.7,0.7,0.7,csv.stage.jyfb,,,,,,,,,,,,,,,,,,,,,
60344,60344,,1,<70472;70393;70721;71612;71293;73293>,,,,,,0.7,0.7,0.7,0.7,0.7,0.7,csv.stage.jyfb,,,,,,,,,,,,,,,,,,,,,
60345,60345,,1,<70472;70393;70721;71612;71293;73293>,,,,,,0.7,0.7,0.7,0.7,0.7,0.7,csv.stage.jyfb,,,,,,,,,,,,,,,,,,,,,
60346,60346,,1,<70472;70393;70721;71612;71293;73293>,,,,,,0.7,0.7,0.7,0.7,0.7,0.7,csv.stage.jyfb,,,,,,,,,,,,,,,,,,,,,
60347,60347,,1,<70472;70393;70721;71612;71293;73293>,,,,,,0.7,0.7,0.7,0.7,0.7,0.7,csv.stage.jyfb,,,,,,,,,,,,,,,,,,,,,
60361,60361,,1,<71172;70303;70003;73543;70023;71231>,,,,,,0.7,0.7,0.7,0.7,0.7,0.7,csv.stage.jyfb,,,,,,,,,,,,,,,,,,,,,
60362,60362,,1,<71172;70303;70003;73543;70023;71231>,,,,,,0.7,0.7,0.7,0.7,0.7,0.7,csv.stage.jyfb,,,,,,,,,,,,,,,,,,,,,
60363,60363,,1,<71172;70303;70003;73543;70023;71231>,,,,,,0.7,0.7,0.7,0.7,0.7,0.7,csv.stage.jyfb,,,,,,,,,,,,,,,,,,,,,
60364,60364,,1,<71172;70303;70003;73543;70023;71231>,,,,,,0.7,0.7,0.7,0.7,0.7,0.7,csv.stage.jyfb,,,,,,,,,,,,,,,,,,,,,
60365,60365,,1,<71172;70303;70003;73543;70023;71231>,,,,,,0.7,0.7,0.7,0.7,0.7,0.7,csv.stage.jyfb,,,,,,,,,,,,,,,,,,,,,
60366,60366,,1,<71172;70303;70003;73543;70023;71231>,,,,,,0.7,0.7,0.7,0.7,0.7,0.7,csv.stage.jyfb,,,,,,,,,,,,,,,,,,,,,
60367,60367,,1,<71172;70303;70003;73543;70023;71231>,,,,,,0.7,0.7,0.7,0.7,0.7,0.7,csv.stage.jyfb,,,,,,,,,,,,,,,,,,,,,
60381,60381,,1,<70632;73283;70793;70741;73303;70692>,,,,,,0.7,0.7,0.7,0.7,0.7,0.7,csv.stage.jyfb,,,,,,,,,,,,,,,,,,,,,
60382,60382,,1,<70632;73283;70793;70741;73303;70692>,,,,,,0.7,0.7,0.7,0.7,0.7,0.7,csv.stage.jyfb,,,,,,,,,,,,,,,,,,,,,
60383,60383,,1,<70632;73283;70793;70741;73303;70692>,,,,,,0.7,0.7,0.7,0.7,0.7,0.7,csv.stage.jyfb,,,,,,,,,,,,,,,,,,,,,
60384,60384,,1,<70632;73283;70793;70741;73303;70692>,,,,,,0.7,0.7,0.7,0.7,0.7,0.7,csv.stage.jyfb,,,,,,,,,,,,,,,,,,,,,
60385,60385,,1,<70632;73283;70793;70741;73303;70692>,,,,,,0.7,0.7,0.7,0.7,0.7,0.7,csv.stage.jyfb,,,,,,,,,,,,,,,,,,,,,
60386,60386,,1,<70632;73283;70793;70741;73303;70692>,,,,,,0.7,0.7,0.7,0.7,0.7,0.7,csv.stage.jyfb,,,,,,,,,,,,,,,,,,,,,
60387,60387,,1,<70632;73283;70793;70741;73303;70692>,,,,,,0.7,0.7,0.7,0.7,0.7,0.7,csv.stage.jyfb,,,,,,,,,,,,,,,,,,,,,
60401,60401,,1,<71253;70593;72272;73472;70603;70333>,,,,,,0.7,0.7,0.7,0.7,0.7,0.7,csv.stage.jyfb,,,,,,,,,,,,,,,,,,,,,
60402,60402,,1,<71253;70593;72272;73472;70603;70333>,,,,,,0.7,0.7,0.7,0.7,0.7,0.7,csv.stage.jyfb,,,,,,,,,,,,,,,,,,,,,
60403,60403,,1,<71253;70593;72272;73472;70603;70333>,,,,,,0.7,0.7,0.7,0.7,0.7,0.7,csv.stage.jyfb,,,,,,,,,,,,,,,,,,,,,
60404,60404,,1,<71253;70593;72272;73472;70603;70333>,,,,,,0.7,0.7,0.7,0.7,0.7,0.7,csv.stage.jyfb,,,,,,,,,,,,,,,,,,,,,
60405,60405,,1,<71253;70593;72272;73472;70603;70333>,,,,,,0.7,0.7,0.7,0.7,0.7,0.7,csv.stage.jyfb,,,,,,,,,,,,,,,,,,,,,
60406,60406,,1,<71253;70593;72272;73472;70603;70333>,,,,,,0.7,0.7,0.7,0.7,0.7,0.7,csv.stage.jyfb,,,,,,,,,,,,,,,,,,,,,
60407,60407,,1,<71253;70593;72272;73472;70603;70333>,,,,,,0.7,0.7,0.7,0.7,0.7,0.7,csv.stage.jyfb,,,,,,,,,,,,,,,,,,,,,
60411,60411,,1,<70053;70803;72633;71841;73353;73413>,,,,,,0.7,0.7,0.7,0.7,0.7,0.7,csv.stage.jyfb,,,,,,,,,,,,,,,,,,,,,
60412,60412,,1,<70053;70803;72633;71841;73353;73413>,,,,,,0.7,0.7,0.7,0.7,0.7,0.7,csv.stage.jyfb,,,,,,,,,,,,,,,,,,,,,
60413,60413,,1,<70053;70803;72633;71841;73353;73413>,,,,,,0.7,0.7,0.7,0.7,0.7,0.7,csv.stage.jyfb,,,,,,,,,,,,,,,,,,,,,
60414,60414,,1,<70053;70803;72633;71841;73353;73413>,,,,,,0.7,0.7,0.7,0.7,0.7,0.7,csv.stage.jyfb,,,,,,,,,,,,,,,,,,,,,
60415,60415,,1,<70053;70803;72633;71841;73353;73413>,,,,,,0.7,0.7,0.7,0.7,0.7,0.7,csv.stage.jyfb,,,,,,,,,,,,,,,,,,,,,
60416,60416,,1,<70053;70803;72633;71841;73353;73413>,,,,,,0.7,0.7,0.7,0.7,0.7,0.7,csv.stage.jyfb,,,,,,,,,,,,,,,,,,,,,
60417,60417,,1,<70053;70803;72633;71841;73353;73413>,,,,,,0.7,0.7,0.7,0.7,0.7,0.7,csv.stage.jyfb,,,,,,,,,,,,,,,,,,,,,
60421,60421,,1,<70462;71443;72873;71071;73143;71393>,,,,,,0.7,0.7,0.7,0.7,0.7,0.7,csv.stage.jyfb,,,,,,,,,,,,,,,,,,,,,
60422,60422,,1,<70462;71443;72873;71071;73143;71393>,,,,,,0.7,0.7,0.7,0.7,0.7,0.7,csv.stage.jyfb,,,,,,,,,,,,,,,,,,,,,
60423,60423,,1,<70462;71443;72873;71071;73143;71393>,,,,,,0.7,0.7,0.7,0.7,0.7,0.7,csv.stage.jyfb,,,,,,,,,,,,,,,,,,,,,
60424,60424,,1,<70462;71443;72873;71071;73143;71393>,,,,,,0.7,0.7,0.7,0.7,0.7,0.7,csv.stage.jyfb,,,,,,,,,,,,,,,,,,,,,
60425,60425,,1,<70462;71443;72873;71071;73143;71393>,,,,,,0.7,0.7,0.7,0.7,0.7,0.7,csv.stage.jyfb,,,,,,,,,,,,,,,,,,,,,
60426,60426,,1,<70462;71443;72873;71071;73143;71393>,,,,,,0.7,0.7,0.7,0.7,0.7,0.7,csv.stage.jyfb,,,,,,,,,,,,,,,,,,,,,
60427,60427,,1,<70462;71443;72873;71071;73143;71393>,,,,,,0.7,0.7,0.7,0.7,0.7,0.7,csv.stage.jyfb,,,,,,,,,,,,,,,,,,,,,
60431,60431,,1,<70482;72073;73012;73502;71503;70572>,,,,,,0.7,0.7,0.7,0.7,0.7,0.7,csv.stage.jyfb,,,,,,,,,,,,,,,,,,,,,
60432,60432,,1,<70482;72073;73012;73502;71503;70572>,,,,,,0.7,0.7,0.7,0.7,0.7,0.7,csv.stage.jyfb,,,,,,,,,,,,,,,,,,,,,
60433,60433,,1,<70482;72073;73012;73502;71503;70572>,,,,,,0.7,0.7,0.7,0.7,0.7,0.7,csv.stage.jyfb,,,,,,,,,,,,,,,,,,,,,
60434,60434,,1,<70482;72073;73012;73502;71503;70572>,,,,,,0.7,0.7,0.7,0.7,0.7,0.7,csv.stage.jyfb,,,,,,,,,,,,,,,,,,,,,
60435,60435,,1,<70482;72073;73012;73502;71503;70572>,,,,,,0.7,0.7,0.7,0.7,0.7,0.7,csv.stage.jyfb,,,,,,,,,,,,,,,,,,,,,
60436,60436,,1,<70482;72073;73012;73502;71503;70572>,,,,,,0.7,0.7,0.7,0.7,0.7,0.7,csv.stage.jyfb,,,,,,,,,,,,,,,,,,,,,
60437,60437,,1,<70482;72073;73012;73502;71503;70572>,,,,,,0.7,0.7,0.7,0.7,0.7,0.7,csv.stage.jyfb,,,,,,,,,,,,,,,,,,,,,
60441,60441,,1,<70552;72302;73342;73432;71813;73021>,,,,,,0.7,0.7,0.7,0.7,0.7,0.7,csv.stage.jyfb,,,,,,,,,,,,,,,,,,,,,
60442,60442,,1,<70552;72302;73342;73432;71813;73021>,,,,,,0.7,0.7,0.7,0.7,0.7,0.7,csv.stage.jyfb,,,,,,,,,,,,,,,,,,,,,
60443,60443,,1,<70552;72302;73342;73432;71813;73021>,,,,,,0.7,0.7,0.7,0.7,0.7,0.7,csv.stage.jyfb,,,,,,,,,,,,,,,,,,,,,
60444,60444,,1,<70552;72302;73342;73432;71813;73021>,,,,,,0.7,0.7,0.7,0.7,0.7,0.7,csv.stage.jyfb,,,,,,,,,,,,,,,,,,,,,
60445,60445,,1,<70552;72302;73342;73432;71813;73021>,,,,,,0.7,0.7,0.7,0.7,0.7,0.7,csv.stage.jyfb,,,,,,,,,,,,,,,,,,,,,
60446,60446,,1,<70552;72302;73342;73432;71813;73021>,,,,,,0.7,0.7,0.7,0.7,0.7,0.7,csv.stage.jyfb,,,,,,,,,,,,,,,,,,,,,
60447,60447,,1,<70552;72302;73342;73432;71813;73021>,,,,,,0.7,0.7,0.7,0.7,0.7,0.7,csv.stage.jyfb,,,,,,,,,,,,,,,,,,,,,
60501,60501,,1,<20101;20102;20103;20104;20105;20106>,,,,,,,,,,,,csv.stage.jyfb,,,,,,,,,,,,,,,,,,,,,
60503,60502,,1,<20107;20108;20109;20110;20111;20112>,,,,,,,,,,,,csv.stage.jyfb,,,,,,,,,,,,,,,,,,,,,
60505,60503,,1,<20113;20114;20115;20116;20117;20118>,,,,,,,,,,,,csv.stage.jyfb,,,,,,,,,,,,,,,,,,,,,
60507,60504,,1,<20119;20120;20121;20122;20123;20124>,,,,,,,,,,,,csv.stage.jyfb,,,,,,,,,,,,,,,,,,,,,
60509,60505,,1,<20125;20126;20127;20128;20129;20130>,,,,,,,,,,,,csv.stage.jyfb,,,,,,,,,,,,,,,,,,,,,
60512,60506,,1,<20131;20132;20133;20134;20135;20136>,,,,,,,,,,,,csv.stage.jyfb,,,,,,,,,,,,,,,,,,,,,
60514,60507,,1,<20137;20138;20139;20140;20141;20142>,,,,,,,,,,,,csv.stage.jyfb,,,,,,,,,,,,,,,,,,,,,
60601,60601,,1,<280011;0;280011;0;280012;0>,<0;0;0;0;1;0>,TRUE,,,,,,,,,,csv.stage.wjt,,,,,,,,,,,,,,,,,,,,,
60602,60602,,1,<280011;0;280011;280012;280011;280012>,<0;0;0;0;1;0>,TRUE,,,,,,,,,,csv.stage.wjt,,,,,,,,,,,,,,,,,,,,,
60603,60603,,1,<280001;280011;280001;280011;280002;280011>,<0;1;0;0;0;0>,TRUE,,,,,,,,,,csv.stage.wjt,<<1;606031>;<1;606032>>,,,,,,,,,,,,,,,,,,,,
60604,60604,,1,<280001;280003;280001;280001;280004;280001>,<0;1;0;0;0;0>,TRUE,,,,,,,,,,csv.stage.wjt,<<1;606041>>,,,,,,,,,,,,,,,,,,,,
60605,60605,,1,<280011;280011;280011;280006;280012;280006>,<0;1;0;0;0;0>,TRUE,,,,,,,,,,csv.stage.wjt,<<1;606051>>,,,,,,,,,,,,,,,,,,,,
60606,60606,,1,<280008;280007;280008;280007;280008;280007>,<0;1;0;0;0;0>,TRUE,,,,,,,,,,csv.stage.wjt,<<1;606061>;<1;606062>;<1;606063>>,,,,,,,,,,,,,,,,,,,,
60701,60701,,1,<281011;281012;281011;281013;281014;281015>,<0;0;0;0;1;0>,TRUE,,,,,,,,,,csv.stage.xdsdj,<<1;607011>;<99;607019>>,,,,,,,,,,,,,,,,,,,,
60702,60702,,1,<281016;281017;281016;281018;281017;281018>,<0;0;0;0;1;0>,TRUE,,,,,,,,,,csv.stage.xdsdj,<<1;607021>;<99;607029>>,,,,,,,,,,,,,,,,,,,,
60703,60703,,1,<281019;281019;281019;281020;281021;281020>,<0;0;0;0;1;0>,TRUE,,,,,,,,,,csv.stage.xdsdj,<<1;607031>;<99;607036>>,,,,,,,,,,,,,,,,,,,,
60704,60704,,1,<281022;281022;281022;281023;281024;281023>,<0;0;0;0;1;0>,TRUE,,,,,,,,,,csv.stage.xdsdj,<<1;607041>;<3;607045>;<99;607047>>,,,,,,,,,,,,,,,,,,,,
60705,60705,,1,<281025;281025;281025;281026;281027;281026>,<0;0;0;0;1;0>,TRUE,,,,,,,,,,csv.stage.xdsdj,<<1;607051>>,,,,,,,,,,,,,,,,,,,,
60706,60706,,1,<281029;281028;281029;281030;281031;281030>,<0;0;0;0;1;0>,TRUE,,,,,,,,,,csv.stage.xdsdj,<<1;607061>>,,,,,,,,,,,,,,,,,,,,
60801,60801,,1,<282011;282012;282011;282012;282013;282012>,<0;0;0;0;1;0>,TRUE,,,,,,,,,,csv.stage.wjt,<<1;608011>>,,,,,,,,,,,,,,,,,,,,
60802,60802,,1,<282015;282015;282015;282014;282016;282014>,<0;0;0;0;1;0>,TRUE,,,,,,,,,,csv.stage.wjt,<<1;608021>>,,,,,,,,,,,,,,,,,,,,
60803,60803,,1,<282019;282018;282019;282018;282017;282018>,<0;0;0;0;1;0>,TRUE,,,,,,,,,,csv.stage.wjt,<<1;608031>>,,,,,,,,,,,,,,,,,,,,
60804,60804,,1,<282020;0;282020;282020;282020;282020>,<0;0;0;0;1;0>,TRUE,,,,,,,,,,csv.stage.wjt,<<1;608041>>,,,,,,,,,,,,,,,,,,,,
60805,60805,,1,<282021;282021;282021;282022;282022;282022>,<0;0;0;0;1;0>,TRUE,,,,,,,,,,csv.stage.wjt,<<1;608051>>,,,,,,,,,,,,,,,,,,,,
60806,60806,,1,<282023;282024;282025;282026;282027;282028>,<0;0;0;0;1;0>,TRUE,,,,,,,,,,csv.stage.wjt,<<1;608061>>,,,,,,,,,,,,,,,,,,,,
60811,60811,,1,<283013;283012;283014;283011;283015;283011>,<0;0;0;0;1;0>,TRUE,,,,,,,,,,csv.stage.sl,<<0;609010>;<1;609012>;<98;609018>;<97;609021>>,,,,,,,,,,,,,,,,,,,,
60812,60812,,1,<0;0;0;0;283021;0>,<0;0;0;0;1;0>,TRUE,,,,,,,,,,csv.stage.sl,<<0;609025>>,,,,,,,,,,,,,,,,,,,,
60813,60813,,1,<283031;283033;283032;283034;283036;283035>,<0;0;0;0;1;0>,TRUE,,,,,,,,,,csv.stage.sl,<<0;609040>;<1;609044>>,,,,,,,,,,,,,,,,,,,,
60814,60814,,1,<0;0;0;0;283041;0>,<0;0;0;0;1;0>,TRUE,,,,,,,,,,csv.stage.sl,<<0;609050>;<5;609060;11>;<98;609070>>,,,,,,,,,,,,,,,,,,,,
60815,60815,,1,<283051;283052;283053;283054;283055;283056>,<0;0;0;0;0;1>,TRUE,,,,,,,,,,csv.stage.sl,<<0;609081>;<98;609110>>,,,,,,,,,,,,,,,,,,,,
60816,60816,,1,<0;0;0;0;283061;0>,<0;0;0;0;1;0>,TRUE,,,,,,,,,,csv.stage.sl,<<0;609121>;<98;609130>;<2;609140>>,,,,,,,,,,,,,,,,,,,,
60821,60821,,1,<285011;285012;285013;285014;285015;285016>,<0;0;0;0;1;0>,TRUE,,,,,,,,,,csv.stage.bkgd,<<0;611001>;<98;611008>;<97;611010>>,,,,,,,,,,,,,,,,,,,,
60822,60822,,1,<285021;285021;285021;285022;285022;285022>,<0;0;0;0;1;0>,TRUE,,,,,,,,,,csv.stage.shm,<<0;611021>;<98;611015>;<97;611028>>,,,,,,,,,,,,,,,,,,,,
60823,60823,,1,<285033;285036;285034;285031;285035;285032>,<0;0;0;0;1;0>,TRUE,,,,,,,,,,csv.stage.shm,<<0;611031>;<98;611038>;<97;611049>>,,,,,,,,,,,,,,,,,,,,
60824,60824,,1,<285045;285044;285045;285041;285043;285042>,<0;0;0;0;1;0>,TRUE,,,,,,,,,,csv.stage.shm,<<0;611041>;<97;611049>>,,,,,,,,,,,,,,,,,,,,
60825,60825,,1,<285051;285051;285051;285051;285052;285051>,<0;0;0;0;1;0>,TRUE,,,,,,,,,,csv.stage.sl,<<0;611051>;<97;611056>>,,,,,,,,,,,,,,,,,,,,
60826,60826,,1,<285062;285063;285064;285065;285061;285066>,<0;0;0;0;1;0>,TRUE,,,,,,,,,,csv.stage.sl,<<0;611061>;<98;611065>;<97;611067>>,,,,,,,,,,,,,,,,,,,,
60901,60901,,1,<283013;283012;283014;283011;283015;283011>,<0;0;0;0;1;0>,TRUE,,,,,,,,,,csv.stage.sl,<<0;609010>;<1;609012>;<98;609018>;<97;609021>>,,,,,,,,,,,,,,,,,,,,
60902,60902,,1,<0;0;0;0;283021;0>,<0;0;0;0;1;0>,TRUE,,,,,,,,,,csv.stage.sl,<<0;609025>>,,,,,,,,,,,,,,,,,,,,
60903,60903,,1,<283031;283033;283032;283034;283036;283035>,<0;0;0;0;1;0>,TRUE,,,,,,,,,,csv.stage.sl,<<0;609040>;<1;609044>>,,,,,,,,,,,,,,,,,,,,
60904,60904,,1,<0;0;0;0;283041;0>,<0;0;0;0;1;0>,TRUE,,,,,,,,,,csv.stage.sl,<<0;609050>;<5;609060;11>;<98;609070>>,,,,,,,,,,,,,,,,,,,,
60905,60905,,1,<283051;283052;283053;283054;283055;283056>,<0;0;0;0;0;1>,TRUE,,,,,,,,,,csv.stage.sl,<<0;609081>;<98;609110>>,,,,,,,,,,,,,,,,,,,,
60906,60906,,1,<0;0;0;0;283061;0>,<0;0;0;0;1;0>,TRUE,,,,,,,,,,csv.stage.sl,<<0;609121>;<98;609130>;<2;609140>>,,,,,,,,,,,,,,,,,,,,
61001,61001,,1,<21002;21002;21002;21001;21001;21001>,<0;0;0;0;0;0>,TRUE,,,,,,,,,,csv.stage.wsj,,,,,,,,,,,,,,,,,,,,,
61002,61002,,1,<21002;0;21002;0;21001;0>,<0;0;0;0;0;0>,TRUE,,,,,,,,,,csv.stage.wsj,,,,,,,,,,,,,,,,,,,,,
61003,61003,,1,<0;21002;0;21001;0;21001>,<0;0;0;0;0;0>,TRUE,,,,,,,,,,csv.stage.wsj,,,,,,,,,,,,,,,,,,,,,
61004,61004,,1,<21002;0;21002;21001;0;21001>,<0;0;0;0;0;0>,TRUE,,,,,,,,,,csv.stage.wsj,,,,,,,,,,,,,,,,,,,,,
61011,61011,,1,<0;0;0;21010;21011;21011>,<0;0;0;0;1;0>,TRUE,,,,,,,,,,csv.stage.wsj,<<1;20001>;<1;20002>;<1;20003>>,,,,,,,,,,,,,,,,,,,,
61012,61012,,1,<0;0;0;21011;21010;21011>,<0;0;0;0;1;0>,TRUE,,,,,,,,,,csv.stage.wsj,<<1;20011>;<1;20012>;<1;20013>>,,,,,,,,,,,,,,,,,,,,
61013,61013,,1,<0;0;0;21011;21011;21010>,<0;0;0;0;1;0>,TRUE,,,,,,,,,,csv.stage.wsj,<<1;20021>;<1;20022>;<1;20023>>,,,,,,,,,,,,,,,,,,,,
61014,61014,,1,<21012;21012;21012;21012;21012;21012>,<0;0;0;0;1;0>,TRUE,,,,,,,,,,csv.stage.wsj,,,,,,,,,,,,,,,,,,,,,
61021,61021,,1,<21023;21025;21024;21022;21026;21021>,<0;0;0;1;0;1>,TRUE,,,,,,,,,,csv.stage.wsj,,,,,,,,,,,,,,,,,,,,,
61022,61022,,1,<21031;0;21032;0;0;0>,<1;0;1;0;0;0>,TRUE,,,,,,,,,,csv.stage.wsj,,,,,,,,,,,,,,,,,,,,,
61023,61023,,1,<21041;21042;21041;21042;21041;21042>,<1;0;1;1;0;1>,TRUE,,,,,,,,,,csv.stage.wsj,,,,,,,,,,,,,,,,,,,,,
61024,61024,,1,<21051;0;21051;0;21052;0>,<0;0;0;0;1;0>,TRUE,,,,,,,,,,csv.stage.wsj,,,,,,,,,,,,,,,,,,,,,
62001,62001,,1,<21002;21002;21002;21001;21001;21001>,<0;0;0;0;0;0>,TRUE,,,,,,,,,,csv.stage.wsj,,,,,,,,,,,,,,,,,,,,,
62002,62002,,1,<21002;0;21002;0;21001;0>,<0;0;0;0;0;0>,TRUE,,,,,,,,,,csv.stage.wsj,,,,,,,,,,,,,,,,,,,,,
62003,62003,,1,<0;21002;0;21001;0;21001>,<0;0;0;0;0;0>,TRUE,,,,,,,,,,csv.stage.wsj,,,,,,,,,,,,,,,,,,,,,
62004,62004,,1,<21002;0;21002;21001;0;21001>,<0;0;0;0;0;0>,TRUE,,,,,,,,,,csv.stage.wsj,,,,,,,,,,,,,,,,,,,,,
62011,62011,,1,<0;0;0;21010;21011;21011>,<0;0;0;0;1;0>,TRUE,,,,,,,,,,csv.stage.wsj,<<1;20001>;<1;20002>;<1;20003>>,,,,,,,,,,,,,,,,,,,,
62012,62012,,1,<0;0;0;21011;21010;21011>,<0;0;0;0;1;0>,TRUE,,,,,,,,,,csv.stage.wsj,<<1;20011>;<1;20012>;<1;20013>>,,,,,,,,,,,,,,,,,,,,
62013,62013,,1,<0;0;0;21011;21011;21010>,<0;0;0;0;1;0>,TRUE,,,,,,,,,,csv.stage.wsj,<<1;20021>;<1;20022>;<1;20023>>,,,,,,,,,,,,,,,,,,,,
62014,62014,,1,<21012;21012;21012;21012;21012;21012>,<0;0;0;0;1;0>,TRUE,,,,,,,,,,csv.stage.wsj,,,,,,,,,,,,,,,,,,,,,
62021,62021,,1,<21023;21025;21024;21022;21026;21021>,<0;0;0;1;0;1>,TRUE,,,,,,,,,,csv.stage.wsj,,,,,,,,,,,,,,,,,,,,,
62022,62022,,1,<21031;0;21032;0;0;0>,<1;0;1;0;0;0>,TRUE,,,,,,,,,,csv.stage.wsj,,,,,,,,,,,,,,,,,,,,,
62023,62023,,1,<21041;21042;21041;21042;21041;21042>,<1;0;1;1;0;1>,TRUE,,,,,,,,,,csv.stage.wsj,,,,,,,,,,,,,,,,,,,,,
62024,62024,,1,<21051;0;21051;0;21052;0>,<0;0;0;0;1;0>,TRUE,,,,,,,,,,csv.stage.wsj,,,,,,,,,,,,,,,,,,,,,
62031,62031,,1,<22012;22012;22012;22012;22011;22012>,<0;0;0;0;1;0>,TRUE,,,,,,,,,,csv.stage.wsj,,,,,,,,,,,,,,,,,,,,,
62032,62032,,1,<22014;22013;22014;22013;22014;22013>,<0;0;0;0;1;0>,TRUE,,,,,,,,,,csv.stage.wsj,,,,,,,,,,,,,,,,,,,,,
62033,62033,,1,<22014;22014;22014;22014;22015;22014>,<0;0;0;0;1;0>,TRUE,,,,,,,,,,csv.stage.wsj,,,,,,,,,,,,,,,,,,,,,
62034,62034,,1,<22016;22017;22016;22017;22016;22017>,<0;0;0;0;1;0>,TRUE,,,,,,,,,,csv.stage.wsj,,,,,,,,,,,,,,,,,,,,,
62041,62041,,1,<0;0;0;0;22005;0>,<0;0;0;0;1;0>,TRUE,,,,,,,,,,csv.stage.wsj,,,,,,,,,,,,,,,,,,,,,
62042,62042,,1,<22005;22005;22005;22005;22005;22005>,<1;1;1;1;1;1>,TRUE,,,,,,,,,,csv.stage.wsj,,,,,,,,,,,,,,,,,,,,,
62043,62043,,1,<22006;0;22006;0;22007;0>,<1;0;1;0;1;0>,TRUE,,,,,,,,,,csv.stage.wsj,,,,,,,,,,,,,,,,,,,,,
62044,62044,,1,<0;0;0;0;22003;0>,<0;0;0;0;1;0>,TRUE,,,,,,,,,,csv.stage.wsj,,,,,,,,,,,,,,,,,,,,,
63001,63001,,1,<284013;284014;284015;284011;284012;284011>,<0;0;0;0;1;0>,TRUE,,,,,,,,,,csv.stage.xdsdj,<<1;610001>;<1;610002>;<1;610003>>,,,,,,,,,,,,,,,,,,,,
63002,63002,,1,<284021;284021;284021;284021;284021;284021>,<0;0;0;0;1;0>,TRUE,,,,,,,,,,csv.stage.xdsdj,<<1;610011>>,,,,,,,,,,,,,,,,,,,,
63003,63003,,1,<284042;284042;284042;284042;284041;284042>,<0;0;0;0;1;0>,TRUE,,,,,,,,,,csv.stage.xdsdj,<<1;610041>;<2;610041>;<3;610041>;<4;610041>;<5;610041>;<6;610041>;<7;610041>;<8;610041>;<9;610041>;<10;610041>;<11;610041>;<12;610041>;<13;610041>;<14;610041>;<15;610041>;<16;610041>;<17;610041>;<18;610041>;<19;610041>;<20;610041>>,,,,,,,,,,,,,,,,,,,,
63004,63004,,1,<284052;284052;284052;284052;284051;284052>,<0;0;0;0;1;0>,TRUE,,,,,,,,,,csv.stage.xdsdj,<<1;610041>;<2;610041>;<3;610041>;<4;610041>;<5;610041>;<6;610041>;<7;610041>;<8;610041>;<9;610041>;<10;610041>;<11;610041>;<12;610041>;<13;610041>;<14;610041>;<15;610041>;<16;610041>;<17;610041>;<18;610041>;<19;610041>;<20;610041>>,,,,,,,,,,,,,,,,,,,,
63005,63005,,1,<284062;284062;284062;284062;284061;284062>,<0;0;0;0;1;0>,TRUE,,,,,,,,,,csv.stage.xdsdj,<<2;610051>;<3;610051>;<4;610051>;<5;610051>;<6;610051>;<7;610051>;<8;610051>;<9;610051>;<10;610051>;<11;610051>;<12;610051>;<13;610051>;<14;610051>;<15;610051>;<16;610051>;<17;610051>;<18;610051>;<19;610051>;<20;610051>>,,,,,,,,,,,,,,,,,,,,
63006,63006,,1,<284031;284031;284031;284032;284033;284032>,<0;0;0;0;1;0>,TRUE,,,,,,,,,,csv.stage.xdsdj,<<1;610021>;<2;610021>;<3;610021>>,,,,,,,,,,,,,,,,,,,,
63101,63101,,1,<286011;286011;286011;286011;286011;286011>,<0;0;0;0;1;0>,TRUE,,,,,,,,,,csv.stage.ty,<<0;612001>;<98;612010>;<97;612015>>,,,,,,,,,,,,,,,,,,,,
63102,63102,,1,<286022;286021;286022;286022;286022;286021>,<0;0;0;0;1;0>,TRUE,,,,,,,,,,csv.stage.worldboss,<<0;612021>;<98;612028>;<97;612031>>,,,,,,,,,,,,,,,,,,,,
63103,63103,,1,<0;0;0;286031;0;286032>,<0;0;0;0;0;1>,TRUE,,,,,,,,,,csv.stage.ytly,<<0;612041>;<98;612056>;<97;612058>>,,,,,,,,,,,,,,,,,,,,
63104,63104,,1,<0;0;0;0;286041;0>,<0;0;0;0;1;0>,TRUE,,,,,,,,,,csv.stage.zl,<<0;612071>;<98;612077>;<97;612079>>,,,,,,,,,,,,,,,,,,,,
63105,63105,,1,<286051;286051;286051;286051;286051;286051>,<0;0;0;0;0;1>,TRUE,,,,,,,,,,csv.stage.zz,<<0;612091>;<98;612101>;<97;612105>>,,,,,,,,,,,,,,,,,,,,
63106,63106,,1,<286062;286062;286062;286062;286061;286062>,<0;0;0;0;1;0>,TRUE,,,,,,,,,,csv.stage.zz,<<0;612111>;<98;612118>;<97;612125>>,,,,,,,,,,,,,,,,,,,,
63111,63111,,1,<287011;287011;287011;287013;287011;287012>,<0;0;0;0;1;0>,TRUE,,,,,,,,,,csv.stage.xdsdj,<<0;612211>;<98;612220>>,,,,,,,,,,,,,,,,,,,,
63112,63112,,1,<287021;287022;287023;287024;287025;287026>,<0;0;0;0;1;0>,TRUE,,,,,,,,,,csv.stage.xdsdj,<<0;612231>>,,,,,,,,,,,,,,,,,,,,
63113,63113,,1,<287031;287031;287031;287031;287031;287031>,<0;0;0;0;1;0>,TRUE,,,,,,,,,,csv.stage.xdsdj,<<0;612251>;<97;612260>;<98;612264>>,,,,,,,,,,,,,,,,,,,,
63114,63114,,1,<0;0;0;0;287041;0>,<0;0;0;0;1;0>,TRUE,,,,,,,,,,csv.stage.xdsdj,<<0;612271>;<98;612280>>,,,,,,,,,,,,,,,,,,,,
63115,63115,,1,<287051;287052;287053;287054;287055;287056>,<0;0;0;0;1;0>,TRUE,,,,,,,,,,csv.stage.xdsdj,<<0;612291>>,,,,,,,,,,,,,,,,,,,,
63116,63116,,1,<287061;287062;287063;287064;287065;287066>,<0;0;0;0;1;0>,TRUE,,,,,,,,,,csv.stage.xdsdj,<<0;612311>;<98;612331>>,,,,,,,,,,,,,,,,,,,,
63121,63121,,1,<288012;288012;288012;288012;288011;288012>,<0;0;0;0;1;0>,TRUE,,,,,,,,,,csv.stage.river,<<0;621001>;<98;621014>>,,,,,,,,,,,,,,,,,,,,
63122,63122,,1,<288022;288021;288022;288021;288022;288021>,<0;0;0;0;1;0>,TRUE,,,,,,,,,,csv.stage.river,<<0;621021>;<98;621032>;<97;621034>>,,,,,,,,,,,,,,,,,,,,
63123,63123,,1,<288031;288031;288031;288031;288031;288031>,<0;0;0;0;1;0>,TRUE,,,,,,,,,,csv.stage.river,<<0;621041>>,,,,,,,,,,,,,,,,,,,,
63124,63124,,1,<288041;288042;288041;288044;288043;288044>,<0;0;0;0;1;0>,TRUE,,,,,,,,,,csv.stage.river,<<0;621051>>,,,,,,,,,,,,,,,,,,,,
63125,63125,,1,<288051;288052;288053;288054;288056;288055>,<0;0;0;0;1;0>,TRUE,,,,,,,,,,csv.stage.river,<<0;621061>;<97;621065>>,,,,,,,,,,,,,,,,,,,,
63126,63126,,1,<288062;288062;288062;288061;288061;288061>,<0;0;0;0;1;0>,TRUE,,,,,,,,,,csv.stage.river,<<0;621071>;<1;621074>;<97;621074>>,,,,,,,,,,,,,,,,,,,,
63131,63131,,1,<0;0;0;0;289011;0>,<0;0;0;0;1;0>,TRUE,,,,,,,,,,csv.stage.sss,<<0;622001>;<98;622011>>,,,,,,,,,,,,,,,,,,,,
63132,63132,,1,<0;0;0;0;289021;0>,<0;0;0;0;1;0>,TRUE,,,,,,,,,,csv.stage.green,<<0;622021>;<98;622031>>,,,,,,,,,,,,,,,,,,,,
63133,63133,,1,<289021;289021;289021;0;289031;0>,<0;1;0;0;0;0>,TRUE,,,,,,,,,,csv.stage.sss,<<0;622041>;<98;622051>;<97;622055>>,,,,,,,,,,,,,,,,,,,,
63134,63134,,1,<289041;289041;289041;0;0;0>,<0;1;0;0;0;0>,TRUE,,,,,,,,,,csv.stage.sg2,<<0;622061>;<98;622071>>,,,,,,,,,,,,,,,,,,,,
63135,63135,,1,<289051;289052;289053;289054;289055;289056>,<0;0;0;0;1;0>,TRUE,,,,,,,,,,csv.stage.sss,<<0;622081>;<98;622091>;<97;622095>>,,,,,,,,,,,,,,,,,,,,
63136,63136,,1,<289061;289061;289061;289061;289062;289061>,<0;0;0;0;1;0>,TRUE,,,,,,,,,,csv.stage.sl,<<0;622101>;<98;622111>>,,,,,,,,,,,,,,,,,,,,
63141,63141,,1,<0;0;0;0;289111;0>,<0;0;0;0;1;0>,TRUE,,,,,,,,,,csv.stage.xdsdj,<<0;623001>;<98;623011>>,,,,,,,,,,,,,,,,,,,,
63142,63142,,1,<289121;289121;289121;289121;289125;289121>,<0;0;0;0;1;0>,TRUE,,,,,,,,,,csv.stage.xdsdj,<<0;623021>;<98;623031>>,,,,,,,,,,,,,,,,,,,,
63143,63143,,1,<289131;289132;289133;289134;289135;289136>,<0;0;0;0;1;0>,TRUE,,,,,,,,,,csv.stage.xdsdj,<<0;623041>;<98;623055>>,,,,,,,,,,,,,,,,,,,,
63144,63144,,1,<0;0;0;289141;289145;289148>,<0;0;0;0;1;0>,TRUE,,,,,,,,,,csv.stage.xdsdj,<<0;623061>;<98;623065>>,,,,,,,,,,,,,,,,,,,,
63145,63145,,1,<289151;289152;289153;289154;289155;289156>,<0;0;0;0;1;0>,TRUE,,,,,,,,,,csv.stage.xdsdj,<<0;623071>;<98;623077>>,,,,,,,,,,,,,,,,,,,,
63146,63146,,1,<289161;289165;289161;289161;289168;289161>,<0;0;0;0;1;0>,TRUE,,,,,,,,,,csv.stage.xdsdj,<<0;623081>;<98;623091>;<97;623095>>,,,,,,,,,,,,,,,,,,,,
63151,63151,,1,<289211;289211;289211;289211;289211;289211>,<0;0;0;0;1;0>,TRUE,,,,,,,,,,csv.stage.xdsdj,<<0;624001>>,,,,,,,,,,,,,,,,,,,,
63152,63152,,1,<289211;289211;289211;289211;289211;289211>,<0;0;0;0;1;0>,TRUE,,,,,,,,,,csv.stage.xdsdj,<<0;624101>>,,,,,,,,,,,,,,,,,,,,
63153,63153,,1,<289231;289231;289231;289231;289231;289231>,<0;0;0;0;1;0>,TRUE,,,,,,,,,,csv.stage.xdsdj,<<0;624201>;<98;624211>>,,,,,,,,,,,,,,,,,,,,
63154,63154,,1,<289242;289241;289242;289241;289242;289241>,<0;0;0;0;1;0>,TRUE,,,,,,,,,,csv.stage.xdsdj,<<0;624301>;<98;624311>>,,,,,,,,,,,,,,,,,,,,
63155,63155,,1,<289242;289241;289242;289241;289251;289241>,<0;0;0;0;1;0>,TRUE,,,,,,,,,,csv.stage.xdsdj,<<0;624401>;<98;624411>>,,,,,,,,,,,,,,,,,,,,
63156,63156,,1,<289242;289251;289242;289241;289261;289241>,<0;0;0;0;1;0>,TRUE,,,,,,,,,,csv.stage.xdsdj,<<0;624501>;<98;624511>>,,,,,,,,,,,,,,,,,,,,
63161,63161,,1,<289311;289312;289311;289311;289311;289311>,<0;0;0;0;1;0>,TRUE,,,,,,,,,,csv.stage.sss,<<0;625101>;<98;625131>>,,,,,,,,,,,,,,,,,,,,
63162,63162,,1,<289321;289322;289321;289322;289321;289322>,<0;0;0;0;1;0>,TRUE,,,,,,,,,,csv.stage.green,<<0;625141>;<98;625151>>,,,,,,,,,,,,,,,,,,,,
63163,63163,,1,<289331;289332;289331;289332;289331;289332>,<0;0;0;0;1;0>,TRUE,,,,,,,,,,csv.stage.sss,<<0;625161>;<98;625171>>,,,,,,,,,,,,,,,,,,,,
63164,63164,,1,<289341;0;289342;289341;289341;0>,<0;0;1;0;0;0>,TRUE,,,,,,,,,,csv.stage.sg2,<<0;625181>;<98;625211>>,,,,,,,,,,,,,,,,,,,,
63165,63165,,1,<289351;289352;289351;289353;289354;289355>,<0;0;0;0;1;0>,TRUE,,,,,,,,,,csv.stage.sss,<<0;625214>;<98;625241>>,,,,,,,,,,,,,,,,,,,,
63166,63166,,1,<289361;289361;289361;289362;289363;289362>,<0;0;0;0;1;0>,TRUE,,,,,,,,,,csv.stage.sl,<<0;625245>;<3;625261>>,,,,,,,,,,,,,,,,,,,,
63171,63171,,1,<289411;289411;289411;289411;289411;289411>,<0;0;0;0;1;0>,TRUE,,,,,,,,,,csv.stage.xdsdj,<<0;626101>>,,,,,,,,,,,,,,,,,,,,
63172,63172,,1,<289421;289423;289421;289422;289423;289422>,<0;0;0;0;1;0>,TRUE,,,,,,,,,,csv.stage.xdsdj,<<0;626111>>,,,,,,,,,,,,,,,,,,,,
63173,63173,,1,<289431;289431;289431;289431;289432;289431>,<0;0;0;0;1;0>,TRUE,,,,,,,,,,csv.stage.xdsdj,<<0;626121>;<98;626124>>,,,,,,,,,,,,,,,,,,,,
63174,63174,,1,<289445;289444;289445;289441;289442;289443>,<0;0;0;0;1;0>,TRUE,,,,,,,,,,csv.stage.xdsdj,<<0;626131>;<98;626149>>,,,,,,,,,,,,,,,,,,,,
63175,63175,,1,<289451;289451;289451;289451;289452;289451>,<0;0;0;0;1;0>,TRUE,,,,,,,,,,csv.stage.xdsdj,<<0;626161>>,,,,,,,,,,,,,,,,,,,,
63176,63176,,1,<289461;289463;289461;289462;289464;289462>,<0;0;0;0;1;0>,TRUE,,,,,,,,,,csv.stage.xdsdj,<<0;626171>;<98;626175>>,,,,,,,,,,,,,,,,,,,,
63181,63181,,1,<0;0;0;0;289111;0>,<0;0;0;0;1;0>,TRUE,,,,,,,,,,csv.stage.xdsdj,<<0;623001>;<98;623011>>,,,,,,,,,,,,,,,,,,,,
63182,63182,,1,<289121;289121;289121;289121;289125;289121>,<0;0;0;0;1;0>,TRUE,,,,,,,,,,csv.stage.xdsdj,<<0;623021>;<98;623031>>,,,,,,,,,,,,,,,,,,,,
63183,63183,,1,<289131;289132;289133;289134;289135;289136>,<0;0;0;0;1;0>,TRUE,,,,,,,,,,csv.stage.xdsdj,<<0;623041>;<98;623055>>,,,,,,,,,,,,,,,,,,,,
63184,63184,,1,<0;0;0;289141;289145;289148>,<0;0;0;0;1;0>,TRUE,,,,,,,,,,csv.stage.xdsdj,<<0;623061>;<98;623065>>,,,,,,,,,,,,,,,,,,,,
63185,63185,,1,<289151;289152;289153;289154;289155;289156>,<0;0;0;0;1;0>,TRUE,,,,,,,,,,csv.stage.xdsdj,<<0;623071>;<98;623077>>,,,,,,,,,,,,,,,,,,,,
63186,63186,,1,<289161;289165;289161;289161;289168;289161>,<0;0;0;0;1;0>,TRUE,,,,,,,,,,csv.stage.xdsdj,<<0;623081>;<98;623091>;<97;623095>>,,,,,,,,,,,,,,,,,,,,
63191,63191,,1,<289501;289502;289503;289504;289505;289506>,<0;0;0;0;1;0>,TRUE,,,,,,,,,,csv.stage.xdsdj,<<0;627101>;<98;627109>>,,,,,,,,,,,,,,,,,,,,
63192,63192,,1,<289511;289512;289513;289514;289515;289516>,<0;0;0;0;1;0>,TRUE,,,,,,,,,,csv.stage.xdsdj,<<0;627121>;<98;627128>>,,,,,,,,,,,,,,,,,,,,
63193,63193,,1,<289521;289522;289523;289524;289525;289526>,<0;0;0;0;1;0>,TRUE,,,,,,,,,,csv.stage.xdsdj,<<0;627141>;<98;627148>>,,,,,,,,,,,,,,,,,,,,
63194,63194,,1,<289531;289532;289533;289534;289535;289536>,<0;0;0;0;1;0>,TRUE,,,,,,,,,,csv.stage.xdsdj,<<0;627161>;<98;627169>>,,,,,,,,,,,,,,,,,,,,
63195,63195,,1,<289541;289541;289541;289542;289543;289542>,<0;0;0;0;1;0>,TRUE,,,,,,,,,,csv.stage.xdsdj,<<0;627181>;<98;627187>>,,,,,,,,,,,,,,,,,,,,
63196,63196,,1,<289551;289552;289553;289554;289555;289556>,<0;0;0;0;1;0>,TRUE,,,,,,,,,,csv.stage.xdsdj,<<0;627191>;<98;627198>>,,,,,,,,,,,,,,,,,,,,
63201,63201,,1,<21002;21002;21002;21001;21001;21001>,<0;0;0;0;0;0>,TRUE,,,,,,,,,,csv.stage.wsj,,,,,,,,,,,,,,,,,,,,,
63202,63202,,1,<21002;0;21002;0;21001;0>,<0;0;0;0;0;0>,TRUE,,,,,,,,,,csv.stage.wsj,,,,,,,,,,,,,,,,,,,,,
63203,63203,,1,<0;21002;0;21001;0;21001>,<0;0;0;0;0;0>,TRUE,,,,,,,,,,csv.stage.wsj,,,,,,,,,,,,,,,,,,,,,
63204,63204,,1,<21002;0;21002;21001;0;21001>,<0;0;0;0;0;0>,TRUE,,,,,,,,,,csv.stage.wsj,,,,,,,,,,,,,,,,,,,,,
63211,63211,,1,<0;0;0;21010;21011;21011>,<0;0;0;0;1;0>,TRUE,,,,,,,,,,csv.stage.wsj,<<1;20001>;<1;20002>;<1;20003>>,,,,,,,,,,,,,,,,,,,,
63212,63212,,1,<0;0;0;21011;21010;21011>,<0;0;0;0;1;0>,TRUE,,,,,,,,,,csv.stage.wsj,<<1;20011>;<1;20012>;<1;20013>>,,,,,,,,,,,,,,,,,,,,
63213,63213,,1,<0;0;0;21011;21011;21010>,<0;0;0;0;1;0>,TRUE,,,,,,,,,,csv.stage.wsj,<<1;20021>;<1;20022>;<1;20023>>,,,,,,,,,,,,,,,,,,,,
63214,63214,,1,<21012;21012;21012;21012;21012;21012>,<0;0;0;0;1;0>,TRUE,,,,,,,,,,csv.stage.wsj,,,,,,,,,,,,,,,,,,,,,
63221,63221,,1,<21023;21025;21024;21022;21026;21021>,<0;0;0;1;0;1>,TRUE,,,,,,,,,,csv.stage.wsj,,,,,,,,,,,,,,,,,,,,,
63222,63222,,1,<21031;0;21032;0;0;0>,<1;0;1;0;0;0>,TRUE,,,,,,,,,,csv.stage.wsj,,,,,,,,,,,,,,,,,,,,,
63223,63223,,1,<21041;21042;21041;21042;21041;21042>,<1;0;1;1;0;1>,TRUE,,,,,,,,,,csv.stage.wsj,,,,,,,,,,,,,,,,,,,,,
63224,63224,,1,<21051;0;21051;0;21052;0>,<0;0;0;0;1;0>,TRUE,,,,,,,,,,csv.stage.wsj,,,,,,,,,,,,,,,,,,,,,
63231,63231,,1,<22012;22012;22012;22012;22011;22012>,<0;0;0;0;1;0>,TRUE,,,,,,,,,,csv.stage.wsj,,,,,,,,,,,,,,,,,,,,,
63232,63232,,1,<22014;22013;22014;22013;22014;22013>,<0;0;0;0;1;0>,TRUE,,,,,,,,,,csv.stage.wsj,,,,,,,,,,,,,,,,,,,,,
63233,63233,,1,<22014;22014;22014;22014;22015;22014>,<0;0;0;0;1;0>,TRUE,,,,,,,,,,csv.stage.wsj,,,,,,,,,,,,,,,,,,,,,
63234,63234,,1,<22016;22017;22016;22017;22016;22017>,<0;0;0;0;1;0>,TRUE,,,,,,,,,,csv.stage.wsj,,,,,,,,,,,,,,,,,,,,,
63241,63241,,1,<0;0;0;0;22005;0>,<0;0;0;0;1;0>,TRUE,,,,,,,,,,csv.stage.wsj,,,,,,,,,,,,,,,,,,,,,
63242,63242,,1,<22005;22005;22005;22005;22005;22005>,<1;1;1;1;1;1>,TRUE,,,,,,,,,,csv.stage.wsj,,,,,,,,,,,,,,,,,,,,,
63243,63243,,1,<22006;0;22006;0;22007;0>,<1;0;1;0;1;0>,TRUE,,,,,,,,,,csv.stage.wsj,,,,,,,,,,,,,,,,,,,,,
63244,63244,,1,<0;0;0;0;22003;0>,<0;0;0;0;1;0>,TRUE,,,,,,,,,,csv.stage.wsj,,,,,,,,,,,,,,,,,,,,,
63301,63301,,1,<21002;21002;21002;21001;21001;21001>,<0;0;0;0;0;0>,TRUE,,,,,,,,,,csv.stage.wsj,,,,,,,,,,,,,,,,,,,,,
63302,63302,,1,<21002;0;21002;0;21001;0>,<0;0;0;0;0;0>,TRUE,,,,,,,,,,csv.stage.wsj,,,,,,,,,,,,,,,,,,,,,
63303,63303,,1,<0;21002;0;21001;0;21001>,<0;0;0;0;0;0>,TRUE,,,,,,,,,,csv.stage.wsj,,,,,,,,,,,,,,,,,,,,,
63304,63304,,1,<21002;0;21002;21001;0;21001>,<0;0;0;0;0;0>,TRUE,,,,,,,,,,csv.stage.wsj,,,,,,,,,,,,,,,,,,,,,
63311,63311,,1,<0;0;0;21010;21011;21011>,<0;0;0;0;1;0>,TRUE,,,,,,,,,,csv.stage.wsj,<<1;20001>;<1;20002>;<1;20003>>,,,,,,,,,,,,,,,,,,,,
63312,63312,,1,<0;0;0;21011;21010;21011>,<0;0;0;0;1;0>,TRUE,,,,,,,,,,csv.stage.wsj,<<1;20011>;<1;20012>;<1;20013>>,,,,,,,,,,,,,,,,,,,,
63313,63313,,1,<0;0;0;21011;21011;21010>,<0;0;0;0;1;0>,TRUE,,,,,,,,,,csv.stage.wsj,<<1;20021>;<1;20022>;<1;20023>>,,,,,,,,,,,,,,,,,,,,
63314,63314,,1,<21012;21012;21012;21012;21012;21012>,<0;0;0;0;1;0>,TRUE,,,,,,,,,,csv.stage.wsj,,,,,,,,,,,,,,,,,,,,,
63321,63321,,1,<21023;21025;21024;21022;21026;21021>,<0;0;0;1;0;1>,TRUE,,,,,,,,,,csv.stage.wsj,,,,,,,,,,,,,,,,,,,,,
63322,63322,,1,<21031;0;21032;0;0;0>,<1;0;1;0;0;0>,TRUE,,,,,,,,,,csv.stage.wsj,,,,,,,,,,,,,,,,,,,,,
63323,63323,,1,<21041;21042;21041;21042;21041;21042>,<1;0;1;1;0;1>,TRUE,,,,,,,,,,csv.stage.wsj,,,,,,,,,,,,,,,,,,,,,
63324,63324,,1,<21051;0;21051;0;21052;0>,<0;0;0;0;1;0>,TRUE,,,,,,,,,,csv.stage.wsj,,,,,,,,,,,,,,,,,,,,,
63331,63331,,1,<22012;22012;22012;22012;22011;22012>,<0;0;0;0;1;0>,TRUE,,,,,,,,,,csv.stage.wsj,,,,,,,,,,,,,,,,,,,,,
63332,63332,,1,<22014;22013;22014;22013;22014;22013>,<0;0;0;0;1;0>,TRUE,,,,,,,,,,csv.stage.wsj,,,,,,,,,,,,,,,,,,,,,
63333,63333,,1,<22014;22014;22014;22014;22015;22014>,<0;0;0;0;1;0>,TRUE,,,,,,,,,,csv.stage.wsj,,,,,,,,,,,,,,,,,,,,,
63334,63334,,1,<22016;22017;22016;22017;22016;22017>,<0;0;0;0;1;0>,TRUE,,,,,,,,,,csv.stage.wsj,,,,,,,,,,,,,,,,,,,,,
63341,63341,,1,<0;0;0;0;22005;0>,<0;0;0;0;1;0>,TRUE,,,,,,,,,,csv.stage.wsj,,,,,,,,,,,,,,,,,,,,,
63342,63342,,1,<22005;22005;22005;22005;22005;22005>,<1;1;1;1;1;1>,TRUE,,,,,,,,,,csv.stage.wsj,,,,,,,,,,,,,,,,,,,,,
63343,63343,,1,<22006;0;22006;0;22007;0>,<1;0;1;0;1;0>,TRUE,,,,,,,,,,csv.stage.wsj,,,,,,,,,,,,,,,,,,,,,
63344,63344,,1,<0;0;0;0;22003;0>,<0;0;0;0;1;0>,TRUE,,,,,,,,,,csv.stage.wsj,,,,,,,,,,,,,,,,,,,,,
63345,63345,,1,<22022;22021;22022;22021;22022;22021>,<0;0;0;0;1;0>,TRUE,,,,,,,,,,csv.stage.wsj,,,,,,,,,,,,,,,,,,,,,
63346,63346,,1,<22021;22022;22021;0;22021;0>,<0;0;0;0;1;0>,TRUE,,,,,,,,,,csv.stage.wsj,,,,,,,,,,,,,,,,,,,,,
63347,63347,,1,<0;22022;0;22021;22021;22021>,<0;0;0;0;1;0>,TRUE,,,,,,,,,,csv.stage.wsj,,,,,,,,,,,,,,,,,,,,,
63348,63348,,1,<22021;0;22021;0;22022;0>,<0;0;0;0;1;0>,TRUE,,,,,,,,,,csv.stage.wsj,,,,,,,,,,,,,,,,,,,,,
63349,63349,,1,<22024;22025;22026;22027;22023;22028>,<0;0;0;0;1;0>,TRUE,,,,,,,,,,csv.stage.wsj,,,,,,,,,,,,,,,,,,,,,
63350,63350,,1,<0;22025;0;22027;22023;22028>,<1;1;1;1;1;1>,TRUE,,,,,,,,,,csv.stage.wsj,,,,,,,,,,,,,,,,,,,,,
63351,63351,,1,<0;0;0;0;22023;0>,<1;0;1;0;1;0>,TRUE,,,,,,,,,,csv.stage.wsj,,,,,,,,,,,,,,,,,,,,,
63352,63352,,1,<0;22025;0;22027;22023;22028>,<0;0;0;0;1;0>,TRUE,,,,,,,,,,csv.stage.wsj,,,,,,,,,,,,,,,,,,,,,
63501,63501,,1,<21002;21002;21002;21001;21001;21001>,<0;0;0;0;0;0>,TRUE,,,,,,,,,,csv.stage.wsj,,,,,,,,,,,,,,,,,,,,,
63502,63502,,1,<21002;0;21002;0;21001;0>,<0;0;0;0;0;0>,TRUE,,,,,,,,,,csv.stage.wsj,,,,,,,,,,,,,,,,,,,,,
63503,63503,,1,<0;21002;0;21001;0;21001>,<0;0;0;0;0;0>,TRUE,,,,,,,,,,csv.stage.wsj,,,,,,,,,,,,,,,,,,,,,
63504,63504,,1,<21002;0;21002;21001;0;21001>,<0;0;0;0;0;0>,TRUE,,,,,,,,,,csv.stage.wsj,,,,,,,,,,,,,,,,,,,,,
63511,63511,,1,<0;0;0;21010;21011;21011>,<0;0;0;0;1;0>,TRUE,,,,,,,,,,csv.stage.wsj,<<1;20001>;<1;20002>;<1;20003>>,,,,,,,,,,,,,,,,,,,,
63512,63512,,1,<0;0;0;21011;21010;21011>,<0;0;0;0;1;0>,TRUE,,,,,,,,,,csv.stage.wsj,<<1;20011>;<1;20012>;<1;20013>>,,,,,,,,,,,,,,,,,,,,
63513,63513,,1,<0;0;0;21011;21011;21010>,<0;0;0;0;1;0>,TRUE,,,,,,,,,,csv.stage.wsj,<<1;20021>;<1;20022>;<1;20023>>,,,,,,,,,,,,,,,,,,,,
63514,63514,,1,<21012;21012;21012;21012;21012;21012>,<0;0;0;0;1;0>,TRUE,,,,,,,,,,csv.stage.wsj,,,,,,,,,,,,,,,,,,,,,
63521,63521,,1,<21023;21025;21024;21022;21026;21021>,<0;0;0;1;0;1>,TRUE,,,,,,,,,,csv.stage.wsj,,,,,,,,,,,,,,,,,,,,,
63522,63522,,1,<21031;0;21032;0;0;0>,<1;0;1;0;0;0>,TRUE,,,,,,,,,,csv.stage.wsj,,,,,,,,,,,,,,,,,,,,,
63523,63523,,1,<21041;21042;21041;21042;21041;21042>,<1;0;1;1;0;1>,TRUE,,,,,,,,,,csv.stage.wsj,,,,,,,,,,,,,,,,,,,,,
63524,63524,,1,<21051;0;21051;0;21052;0>,<0;0;0;0;1;0>,TRUE,,,,,,,,,,csv.stage.wsj,,,,,,,,,,,,,,,,,,,,,
63531,63531,,1,<22012;22012;22012;22012;22011;22012>,<0;0;0;0;1;0>,TRUE,,,,,,,,,,csv.stage.wsj,,,,,,,,,,,,,,,,,,,,,
63532,63532,,1,<22014;22013;22014;22013;22014;22013>,<0;0;0;0;1;0>,TRUE,,,,,,,,,,csv.stage.wsj,,,,,,,,,,,,,,,,,,,,,
63533,63533,,1,<22014;22014;22014;22014;22015;22014>,<0;0;0;0;1;0>,TRUE,,,,,,,,,,csv.stage.wsj,,,,,,,,,,,,,,,,,,,,,
63534,63534,,1,<22016;22017;22016;22017;22016;22017>,<0;0;0;0;1;0>,TRUE,,,,,,,,,,csv.stage.wsj,,,,,,,,,,,,,,,,,,,,,
63535,63535,,1,<22029;22029;22029;22029;22029;22029>,<0;0;0;0;1;0>,TRUE,,,,,,,,,,csv.stage.wsj,,,,,,,,,,,,,,,,,,,,,
63536,63536,,1,<0;22029;0;22029;22029;22029>,<0;0;0;0;1;0>,TRUE,,,,,,,,,,csv.stage.wsj,,,,,,,,,,,,,,,,,,,,,
63537,63537,,1,<22029;0;22029;22029;22029;22029>,<0;0;0;0;1;0>,TRUE,,,,,,,,,,csv.stage.wsj,,,,,,,,,,,,,,,,,,,,,
63538,63538,,1,<22029;0;22029;0;22029;0>,<0;0;0;0;1;0>,TRUE,,,,,,,,,,csv.stage.wsj,,,,,,,,,,,,,,,,,,,,,
63541,63541,,1,<0;0;0;0;22005;0>,<0;0;0;0;1;0>,TRUE,,,,,,,,,,csv.stage.wsj,,,,,,,,,,,,,,,,,,,,,
63542,63542,,1,<22005;22005;22005;22005;22005;22005>,<1;1;1;1;1;1>,TRUE,,,,,,,,,,csv.stage.wsj,,,,,,,,,,,,,,,,,,,,,
63543,63543,,1,<22006;0;22006;0;22007;0>,<1;0;1;0;1;0>,TRUE,,,,,,,,,,csv.stage.wsj,,,,,,,,,,,,,,,,,,,,,
63544,63544,,1,<0;0;0;0;22003;0>,<0;0;0;0;1;0>,TRUE,,,,,,,,,,csv.stage.wsj,,,,,,,,,,,,,,,,,,,,,
63545,63545,,1,<22022;22021;22022;22021;22022;22021>,<0;0;0;0;1;0>,TRUE,,,,,,,,,,csv.stage.wsj,,,,,,,,,,,,,,,,,,,,,
63546,63546,,1,<22021;22022;22021;0;22021;0>,<0;0;0;0;1;0>,TRUE,,,,,,,,,,csv.stage.wsj,,,,,,,,,,,,,,,,,,,,,
63547,63547,,1,<0;22022;0;22021;22021;22021>,<0;0;0;0;1;0>,TRUE,,,,,,,,,,csv.stage.wsj,,,,,,,,,,,,,,,,,,,,,
63548,63548,,1,<22021;0;22021;0;22022;0>,<0;0;0;0;1;0>,TRUE,,,,,,,,,,csv.stage.wsj,,,,,,,,,,,,,,,,,,,,,
63549,63549,,1,<22024;22025;22026;22027;22023;22028>,<0;0;0;0;1;0>,TRUE,,,,,,,,,,csv.stage.wsj,,,,,,,,,,,,,,,,,,,,,
63550,63550,,1,<0;22025;0;22027;22023;22028>,<1;1;1;1;1;1>,TRUE,,,,,,,,,,csv.stage.wsj,,,,,,,,,,,,,,,,,,,,,
63551,63551,,1,<0;0;0;0;22023;0>,<1;0;1;0;1;0>,TRUE,,,,,,,,,,csv.stage.wsj,,,,,,,,,,,,,,,,,,,,,
63552,63552,,1,<0;22025;0;22027;22023;22028>,<0;0;0;0;1;0>,TRUE,,,,,,,,,,csv.stage.wsj,,,,,,,,,,,,,,,,,,,,,
63601,63601,,1,<21002;21002;21002;21001;21001;21001>,<0;0;0;0;0;0>,TRUE,,,,,,,,,,csv.stage.wsj,,,,,,,,,,,,,,,,,,,,,
63602,63602,,1,<21002;0;21002;0;21001;0>,<0;0;0;0;0;0>,TRUE,,,,,,,,,,csv.stage.wsj,,,,,,,,,,,,,,,,,,,,,
63603,63603,,1,<0;21002;0;21001;0;21001>,<0;0;0;0;0;0>,TRUE,,,,,,,,,,csv.stage.wsj,,,,,,,,,,,,,,,,,,,,,
63604,63604,,1,<21002;0;21002;21001;0;21001>,<0;0;0;0;0;0>,TRUE,,,,,,,,,,csv.stage.wsj,,,,,,,,,,,,,,,,,,,,,
63611,63611,,1,<0;0;0;21010;21011;21011>,<0;0;0;0;1;0>,TRUE,,,,,,,,,,csv.stage.wsj,<<1;20001>;<1;20002>;<1;20003>>,,,,,,,,,,,,,,,,,,,,
63612,63612,,1,<0;0;0;21011;21010;21011>,<0;0;0;0;1;0>,TRUE,,,,,,,,,,csv.stage.wsj,<<1;20011>;<1;20012>;<1;20013>>,,,,,,,,,,,,,,,,,,,,
63613,63613,,1,<0;0;0;21011;21011;21010>,<0;0;0;0;1;0>,TRUE,,,,,,,,,,csv.stage.wsj,<<1;20021>;<1;20022>;<1;20023>>,,,,,,,,,,,,,,,,,,,,
63614,63614,,1,<21012;21012;21012;21012;21012;21012>,<0;0;0;0;1;0>,TRUE,,,,,,,,,,csv.stage.wsj,,,,,,,,,,,,,,,,,,,,,
63621,63621,,1,<21023;21025;21024;21022;21026;21021>,<0;0;0;1;0;1>,TRUE,,,,,,,,,,csv.stage.wsj,,,,,,,,,,,,,,,,,,,,,
63622,63622,,1,<21031;0;21032;0;0;0>,<1;0;1;0;0;0>,TRUE,,,,,,,,,,csv.stage.wsj,,,,,,,,,,,,,,,,,,,,,
63623,63623,,1,<21041;21042;21041;21042;21041;21042>,<1;0;1;1;0;1>,TRUE,,,,,,,,,,csv.stage.wsj,,,,,,,,,,,,,,,,,,,,,
63624,63624,,1,<21051;0;21051;0;21052;0>,<0;0;0;0;1;0>,TRUE,,,,,,,,,,csv.stage.wsj,,,,,,,,,,,,,,,,,,,,,
63631,63631,,1,<22012;22012;22012;22012;22011;22012>,<0;0;0;0;1;0>,TRUE,,,,,,,,,,csv.stage.wsj,,,,,,,,,,,,,,,,,,,,,
63632,63632,,1,<22014;22013;22014;22013;22014;22013>,<0;0;0;0;1;0>,TRUE,,,,,,,,,,csv.stage.wsj,,,,,,,,,,,,,,,,,,,,,
63633,63633,,1,<22014;22014;22014;22014;22015;22014>,<0;0;0;0;1;0>,TRUE,,,,,,,,,,csv.stage.wsj,,,,,,,,,,,,,,,,,,,,,
63634,63634,,1,<22016;22017;22016;22017;22016;22017>,<0;0;0;0;1;0>,TRUE,,,,,,,,,,csv.stage.wsj,,,,,,,,,,,,,,,,,,,,,
63635,63635,,1,<22029;22029;22029;22029;22029;22029>,<0;0;0;0;1;0>,TRUE,,,,,,,,,,csv.stage.wsj,,,,,,,,,,,,,,,,,,,,,
63636,63636,,1,<0;22029;0;22029;22029;22029>,<0;0;0;0;1;0>,TRUE,,,,,,,,,,csv.stage.wsj,,,,,,,,,,,,,,,,,,,,,
63637,63637,,1,<22029;0;22029;22029;22029;22029>,<0;0;0;0;1;0>,TRUE,,,,,,,,,,csv.stage.wsj,,,,,,,,,,,,,,,,,,,,,
63638,63638,,1,<22029;0;22029;0;22029;0>,<0;0;0;0;1;0>,TRUE,,,,,,,,,,csv.stage.wsj,,,,,,,,,,,,,,,,,,,,,
63641,63641,,1,<0;0;0;0;22005;0>,<0;0;0;0;1;0>,TRUE,,,,,,,,,,csv.stage.wsj,,,,,,,,,,,,,,,,,,,,,
63642,63642,,1,<22005;22005;22005;22005;22005;22005>,<1;1;1;1;1;1>,TRUE,,,,,,,,,,csv.stage.wsj,,,,,,,,,,,,,,,,,,,,,
63643,63643,,1,<22006;0;22006;0;22007;0>,<1;0;1;0;1;0>,TRUE,,,,,,,,,,csv.stage.wsj,,,,,,,,,,,,,,,,,,,,,
63644,63644,,1,<0;0;0;0;22003;0>,<0;0;0;0;1;0>,TRUE,,,,,,,,,,csv.stage.wsj,,,,,,,,,,,,,,,,,,,,,
63645,63645,,1,<22022;22021;22022;22021;22022;22021>,<0;0;0;0;1;0>,TRUE,,,,,,,,,,csv.stage.wsj,,,,,,,,,,,,,,,,,,,,,
63646,63646,,1,<22021;22022;22021;0;22021;0>,<0;0;0;0;1;0>,TRUE,,,,,,,,,,csv.stage.wsj,,,,,,,,,,,,,,,,,,,,,
63647,63647,,1,<0;22022;0;22021;22021;22021>,<0;0;0;0;1;0>,TRUE,,,,,,,,,,csv.stage.wsj,,,,,,,,,,,,,,,,,,,,,
63648,63648,,1,<22021;0;22021;0;22022;0>,<0;0;0;0;1;0>,TRUE,,,,,,,,,,csv.stage.wsj,,,,,,,,,,,,,,,,,,,,,
63649,63649,,1,<22024;22025;22026;22027;22023;22028>,<0;0;0;0;1;0>,TRUE,,,,,,,,,,csv.stage.wsj,,,,,,,,,,,,,,,,,,,,,
63650,63650,,1,<0;22025;0;22027;22023;22028>,<1;1;1;1;1;1>,TRUE,,,,,,,,,,csv.stage.wsj,,,,,,,,,,,,,,,,,,,,,
63651,63651,,1,<0;0;0;0;22023;0>,<1;0;1;0;1;0>,TRUE,,,,,,,,,,csv.stage.wsj,,,,,,,,,,,,,,,,,,,,,
63652,63652,,1,<0;22025;0;22027;22023;22028>,<0;0;0;0;1;0>,TRUE,,,,,,,,,,csv.stage.wsj,,,,,,,,,,,,,,,,,,,,,
63653,63653,,1,<22030;0;22030;22030;22030;22030>,<0;0;0;0;1;0>,TRUE,,,,,,,,,,csv.stage.wsj,,,,,,,,,,,,,,,,,,,,,
63654,63654,,1,<0;22030;0;22030;22030;22030>,<0;0;0;0;1;0>,TRUE,,,,,,,,,,csv.stage.wsj,,,,,,,,,,,,,,,,,,,,,
63655,63655,,1,<22030;0;22030;22030;22031;22030>,<0;0;0;0;1;0>,TRUE,,,,,,,,,,csv.stage.wsj,,,,,,,,,,,,,,,,,,,,,
63656,63656,,1,<22030;0;22030;22031;22031;22031>,<0;0;0;0;1;0>,TRUE,,,,,,,,,,csv.stage.wsj,,,,,,,,,,,,,,,,,,,,,
63701,63701,,1,<21002;21002;21002;21001;21001;21001>,<0;0;0;0;0;0>,TRUE,,,,,,,,,,csv.stage.wsj,,,,,,,,,,,,,,,,,,,,,
63702,63702,,1,<21002;0;21002;0;21001;0>,<0;0;0;0;0;0>,TRUE,,,,,,,,,,csv.stage.wsj,,,,,,,,,,,,,,,,,,,,,
63703,63703,,1,<0;21002;0;21001;0;21001>,<0;0;0;0;0;0>,TRUE,,,,,,,,,,csv.stage.wsj,,,,,,,,,,,,,,,,,,,,,
63704,63704,,1,<21002;0;21002;21001;0;21001>,<0;0;0;0;0;0>,TRUE,,,,,,,,,,csv.stage.wsj,,,,,,,,,,,,,,,,,,,,,
63711,63711,,1,<0;0;0;21010;21011;21011>,<0;0;0;0;1;0>,TRUE,,,,,,,,,,csv.stage.wsj,<<1;20001>;<1;20002>;<1;20003>>,,,,,,,,,,,,,,,,,,,,
63712,63712,,1,<0;0;0;21011;21010;21011>,<0;0;0;0;1;0>,TRUE,,,,,,,,,,csv.stage.wsj,<<1;20011>;<1;20012>;<1;20013>>,,,,,,,,,,,,,,,,,,,,
63713,63713,,1,<0;0;0;21011;21011;21010>,<0;0;0;0;1;0>,TRUE,,,,,,,,,,csv.stage.wsj,<<1;20021>;<1;20022>;<1;20023>>,,,,,,,,,,,,,,,,,,,,
63714,63714,,1,<21012;21012;21012;21012;21012;21012>,<0;0;0;0;1;0>,TRUE,,,,,,,,,,csv.stage.wsj,,,,,,,,,,,,,,,,,,,,,
63721,63721,,1,<21023;21025;21024;21022;21026;21021>,<0;0;0;1;0;1>,TRUE,,,,,,,,,,csv.stage.wsj,,,,,,,,,,,,,,,,,,,,,
63722,63722,,1,<21031;0;21032;0;0;0>,<1;0;1;0;0;0>,TRUE,,,,,,,,,,csv.stage.wsj,,,,,,,,,,,,,,,,,,,,,
63723,63723,,1,<21041;21042;21041;21042;21041;21042>,<1;0;1;1;0;1>,TRUE,,,,,,,,,,csv.stage.wsj,,,,,,,,,,,,,,,,,,,,,
63724,63724,,1,<21051;0;21051;0;21052;0>,<0;0;0;0;1;0>,TRUE,,,,,,,,,,csv.stage.wsj,,,,,,,,,,,,,,,,,,,,,
63731,63731,,1,<22012;22012;22012;22012;22011;22012>,<0;0;0;0;1;0>,TRUE,,,,,,,,,,csv.stage.wsj,,,,,,,,,,,,,,,,,,,,,
63732,63732,,1,<22014;22013;22014;22013;22014;22013>,<0;0;0;0;1;0>,TRUE,,,,,,,,,,csv.stage.wsj,,,,,,,,,,,,,,,,,,,,,
63733,63733,,1,<22014;22014;22014;22014;22015;22014>,<0;0;0;0;1;0>,TRUE,,,,,,,,,,csv.stage.wsj,,,,,,,,,,,,,,,,,,,,,
63734,63734,,1,<22016;22017;22016;22017;22016;22017>,<0;0;0;0;1;0>,TRUE,,,,,,,,,,csv.stage.wsj,,,,,,,,,,,,,,,,,,,,,
63735,63735,,1,<22029;22029;22029;22029;22029;22029>,<0;0;0;0;1;0>,TRUE,,,,,,,,,,csv.stage.wsj,,,,,,,,,,,,,,,,,,,,,
63736,63736,,1,<0;22029;0;22029;22029;22029>,<0;0;0;0;1;0>,TRUE,,,,,,,,,,csv.stage.wsj,,,,,,,,,,,,,,,,,,,,,
63737,63737,,1,<22029;0;22029;22029;22029;22029>,<0;0;0;0;1;0>,TRUE,,,,,,,,,,csv.stage.wsj,,,,,,,,,,,,,,,,,,,,,
63738,63738,,1,<22029;0;22029;0;22029;0>,<0;0;0;0;1;0>,TRUE,,,,,,,,,,csv.stage.wsj,,,,,,,,,,,,,,,,,,,,,
63741,63741,,1,<0;0;0;0;22005;0>,<0;0;0;0;1;0>,TRUE,,,,,,,,,,csv.stage.wsj,,,,,,,,,,,,,,,,,,,,,
63742,63742,,1,<22005;22005;22005;22005;22005;22005>,<1;1;1;1;1;1>,TRUE,,,,,,,,,,csv.stage.wsj,,,,,,,,,,,,,,,,,,,,,
63743,63743,,1,<22006;0;22006;0;22007;0>,<1;0;1;0;1;0>,TRUE,,,,,,,,,,csv.stage.wsj,,,,,,,,,,,,,,,,,,,,,
63744,63744,,1,<0;0;0;0;22003;0>,<0;0;0;0;1;0>,TRUE,,,,,,,,,,csv.stage.wsj,,,,,,,,,,,,,,,,,,,,,
63745,63745,,1,<22022;22021;22022;22021;22022;22021>,<0;0;0;0;1;0>,TRUE,,,,,,,,,,csv.stage.wsj,,,,,,,,,,,,,,,,,,,,,
63746,63746,,1,<22021;22022;22021;0;22021;0>,<0;0;0;0;1;0>,TRUE,,,,,,,,,,csv.stage.wsj,,,,,,,,,,,,,,,,,,,,,
63747,63747,,1,<0;22022;0;22021;22021;22021>,<0;0;0;0;1;0>,TRUE,,,,,,,,,,csv.stage.wsj,,,,,,,,,,,,,,,,,,,,,
63748,63748,,1,<22021;0;22021;0;22022;0>,<0;0;0;0;1;0>,TRUE,,,,,,,,,,csv.stage.wsj,,,,,,,,,,,,,,,,,,,,,
63749,63749,,1,<22024;22025;22026;22027;22023;22028>,<0;0;0;0;1;0>,TRUE,,,,,,,,,,csv.stage.wsj,,,,,,,,,,,,,,,,,,,,,
63750,63750,,1,<0;22025;0;22027;22023;22028>,<1;1;1;1;1;1>,TRUE,,,,,,,,,,csv.stage.wsj,,,,,,,,,,,,,,,,,,,,,
63751,63751,,1,<0;0;0;0;22023;0>,<1;0;1;0;1;0>,TRUE,,,,,,,,,,csv.stage.wsj,,,,,,,,,,,,,,,,,,,,,
63752,63752,,1,<0;22025;0;22027;22023;22028>,<0;0;0;0;1;0>,TRUE,,,,,,,,,,csv.stage.wsj,,,,,,,,,,,,,,,,,,,,,
63753,63753,,1,<22030;0;22030;22030;22030;22030>,<0;0;0;0;1;0>,TRUE,,,,,,,,,,csv.stage.wsj,,,,,,,,,,,,,,,,,,,,,
63754,63754,,1,<0;22030;0;22030;22030;22030>,<0;0;0;0;1;0>,TRUE,,,,,,,,,,csv.stage.wsj,,,,,,,,,,,,,,,,,,,,,
63755,63755,,1,<22030;0;22030;22030;22031;22030>,<0;0;0;0;1;0>,TRUE,,,,,,,,,,csv.stage.wsj,,,,,,,,,,,,,,,,,,,,,
63756,63756,,1,<22030;0;22030;22031;22031;22031>,<0;0;0;0;1;0>,TRUE,,,,,,,,,,csv.stage.wsj,,,,,,,,,,,,,,,,,,,,,
63757,63757,,1,<22102;22102;22102;22102;22101;22102>,<0;0;0;0;1;0>,TRUE,,,,,,,,,,,,,,,,,,,,,,,,,,,,,,,
63758,63758,,1,<22203;22202;22203;22202;22201;22202>,<0;0;0;0;1;0>,TRUE,,,,,,,,,,,,,,,,,,,,,,,,,,,,,,,
63759,63759,,1,<22301;22302;22301;22302;22301;22302>,<0;0;0;0;1;0>,TRUE,,,,,,,,,,,,,,,,,,,,,,,,,,,,,,,
63760,63760,,1,<22402;22401;22402;22402;22402;22402>,<0;1;0;0;0;0>,TRUE,,,,,,,,,,,,,,,,,,,,,,,,,,,,,,,
64001,64001,,1,<289611;289611;289611;289611;289612;289611>,<0;0;0;0;1;0>,TRUE,,,,,,,,,,csv.stage.sss,<<0;628101>;<98;628109>>,,,,,,,,,,,,,,,,,,,,
64002,64002,,1,<289621;289621;289621;289622;289622;289622>,<0;0;0;0;1;0>,TRUE,,,,,,,,,,csv.stage.green,<<0;628121>;<98;628128>>,,,,,,,,,,,,,,,,,,,,
64003,64003,,1,<289631;289631;289631;289632;289633;289632>,<0;0;0;0;1;0>,TRUE,,,,,,,,,,csv.stage.sss,<<0;628132>;<98;628138>>,,,,,,,,,,,,,,,,,,,,
64004,64004,,1,<289641;289641;289641;289643;289642;289643>,<0;0;0;0;1;0>,TRUE,,,,,,,,,,csv.stage.sg2,<<0;628142>;<98;628149>>,,,,,,,,,,,,,,,,,,,,
64005,64005,,1,<289655;289654;289655;289651;289652;289653>,<0;0;0;0;1;0>,TRUE,,,,,,,,,,csv.stage.sss,<<0;628153>;<98;628159>>,,,,,,,,,,,,,,,,,,,,
64006,64006,,1,<289661;289661;289661;289663;289662;289663>,<0;0;0;0;1;0>,TRUE,,,,,,,,,,csv.stage.sl,<<0;628163>;<98;628170>>,,,,,,,,,,,,,,,,,,,,
64101,64101,,1,<289711;289711;289711;289711;289711;289711>,<0;0;0;0;1;0>,TRUE,,,,,,,,,,csv.stage.xdsdj,<<0;629101>>,,,,,,,,,,,,,,,,,,,,
64102,64102,,1,<289722;289721;289722;289723;289723;289723>,<0;0;0;0;1;0>,TRUE,,,,,,,,,,csv.stage.xdsdj,<<0;629201>;<97;629211>>,,,,,,,,,,,,,,,,,,,,
64103,64103,,1,<289711;289711;289711;289711;289711;289711>,<0;0;0;0;1;0>,TRUE,,,,,,,,,,csv.stage.xdsdj,<<0;629301>>,,,,,,,,,,,,,,,,,,,,
64104,64104,,1,<289741;289742;289743;289744;289745;289746>,<0;0;0;0;1;0>,TRUE,,,,,,,,,,csv.stage.xdsdj,<<0;629401>>,,,,,,,,,,,,,,,,,,,,
64105,64105,,1,<289751;289751;289751;0;289752;0>,<0;0;0;0;1;0>,TRUE,,,,,,,,,,csv.stage.xdsdj,<<0;629501>;<97;629511>>,,,,,,,,,,,,,,,,,,,,
64106,64106,,1,<289761;289762;289763;289764;289765;289766>,<0;0;0;0;1;0>,TRUE,,,,,,,,,,csv.stage.xdsdj,<<0;629601>;<98;629611>>,,,,,,,,,,,,,,,,,,,,
70001,70001,,1,<0;0;0;0;25002;0>,<0;0;0;0;1;0>,TRUE,<0;0;0;0;{x=-130;y=-110};0>,,,,,,,,,csv.stage.worldboss,,,,,,,,,,,,,,,,,,,,,
70002,70002,,1,<0;0;0;0;25101;0>,<0;0;0;0;1;0>,TRUE,<0;0;0;0;{x=-100;y=-110};0>,,,,,,,,,csv.stage.worldboss,,,,,,,,,,,,,,,,,,,,,
70003,70003,,1,<0;0;0;0;25201;0>,<0;0;0;0;1;0>,TRUE,<0;0;0;0;{y=0;x=0};0>,,,,,,1.3,0.65,0.65,csv.stage.worldboss,,,,,,,,,,,,,,,,,,,,,
71001,71001,,1,<42001;0;42002;0;0;0>,,TRUE,,,,,,,,,,csv.stage.worldboss,,,,,,,,,,,,,,,,,,,,,
71002,71002,,1,<42003;0;42004;0;0;0>,,TRUE,,,,,,,,,,csv.stage.worldboss,,,,,,,,,,,,,,,,,,,,,
71003,71003,,1,<42005;0;42006;0;0;0>,,TRUE,,,,,,,,,,csv.stage.worldboss,,,,,,,,,,,,,,,,,,,,,
71004,71004,,1,<42007;0;42008;0;42009;0>,,TRUE,,,,,,,,,,csv.stage.worldboss,,,,,,,,,,,,,,,,,,,,,
75001,75001,,1,<0;0;0;0;26001;0>,<0;0;0;0;1;0>,TRUE,,,,,,1.6,1.6,1.6,1.6,csv.stage.worldboss,,,,,,,,,,,,,,,,,,,,,
75002,75002,,1,<0;0;0;0;26002;0>,<0;0;0;0;1;0>,TRUE,,,,,,,,,,csv.stage.worldboss,,,,,,,,,,,,,,,,,,,,,
75003,75003,,1,<0;0;0;0;26003;0>,<0;0;0;0;1;0>,TRUE,,,,,,,,,,csv.stage.worldboss,,,,,,,,,,,,,,,,,,,,,
80001,80001,,1,<292591;292591;292591;292592;300011;292592>,,,,,,,,,,,,csv.stage.s,,,,,,,,,,,,,,,,,,,,,
80002,80001,,2,,,,,,,,,,,,,csv.stage.s,,,,,,,,,,,,,,,,,,,,,
80003,80001,,3,,,,,,,,,,,,,csv.stage.s,,,,,,,,,,,,,,,,,,,,,
80004,80001,,4,,,,,,,,,,,,,csv.stage.s,,,,,,,,,,,,,,,,,,,,,
80005,80001,,5,,,,,,,,,,,,,csv.stage.s,,,,,,,,,,,,,,,,,,,,,
80006,80001,,6,,,,,,,,,,,,,csv.stage.s,,,,,,,,,,,,,,,,,,,,,
80007,80001,,7,,,,,,,,,,,,,csv.stage.s,,,,,,,,,,,,,,,,,,,,,
80008,80001,,8,,,,,,,,,,,,,csv.stage.s,,,,,,,,,,,,,,,,,,,,,
80009,80001,,9,,,,,,,,,,,,,csv.stage.s,,,,,,,,,,,,,,,,,,,,,
80010,80001,,10,,,,,,,,,,,,,csv.stage.s,,,,,,,,,,,,,,,,,,,,,
80011,80001,,11,,,,,,,,,,,,,csv.stage.s,,,,,,,,,,,,,,,,,,,,,
80012,80001,,12,,,,,,,,,,,,,csv.stage.s,,,,,,,,,,,,,,,,,,,,,
80013,80002,,1,<290101;290451;291611;291251;300021;290691>,,,,,,,,,,,,csv.stage.s,,,,,,,,,,,,,,,,,,,,,
80014,80002,,2,,,,,,,,,,,,,csv.stage.s,,,,,,,,,,,,,,,,,,,,,
80015,80002,,3,,,,,,,,,,,,,csv.stage.s,,,,,,,,,,,,,,,,,,,,,
80016,80002,,4,,,,,,,,,,,,,csv.stage.s,,,,,,,,,,,,,,,,,,,,,
80017,80002,,5,,,,,,,,,,,,,csv.stage.s,,,,,,,,,,,,,,,,,,,,,
80018,80002,,6,,,,,,,,,,,,,csv.stage.s,,,,,,,,,,,,,,,,,,,,,
80019,80002,,7,,,,,,,,,,,,,csv.stage.s,,,,,,,,,,,,,,,,,,,,,
80020,80002,,8,,,,,,,,,,,,,csv.stage.s,,,,,,,,,,,,,,,,,,,,,
80021,80002,,9,,,,,,,,,,,,,csv.stage.s,,,,,,,,,,,,,,,,,,,,,
80022,80002,,10,,,,,,,,,,,,,csv.stage.s,,,,,,,,,,,,,,,,,,,,,
80023,80002,,11,,,,,,,,,,,,,csv.stage.s,,,,,,,,,,,,,,,,,,,,,
80024,80002,,12,,,,,,,,,,,,,csv.stage.s,,,,,,,,,,,,,,,,,,,,,
80025,80003,,1,<290301;290302;290303;0;300031;0>,,,,,,,,,,,,csv.stage.s,,,,,,,,,,,,,,,,,,,,,
80026,80003,,2,,,,,,,,,,,,,csv.stage.s,,,,,,,,,,,,,,,,,,,,,
80027,80003,,3,,,,,,,,,,,,,csv.stage.s,,,,,,,,,,,,,,,,,,,,,
80028,80003,,4,,,,,,,,,,,,,csv.stage.s,,,,,,,,,,,,,,,,,,,,,
80029,80003,,5,,,,,,,,,,,,,csv.stage.s,,,,,,,,,,,,,,,,,,,,,
80030,80003,,6,,,,,,,,,,,,,csv.stage.s,,,,,,,,,,,,,,,,,,,,,
80031,80003,,7,,,,,,,,,,,,,csv.stage.s,,,,,,,,,,,,,,,,,,,,,
80032,80003,,8,,,,,,,,,,,,,csv.stage.s,,,,,,,,,,,,,,,,,,,,,
80033,80003,,9,,,,,,,,,,,,,csv.stage.s,,,,,,,,,,,,,,,,,,,,,
80034,80003,,10,,,,,,,,,,,,,csv.stage.s,,,,,,,,,,,,,,,,,,,,,
80035,80003,,11,,,,,,,,,,,,,csv.stage.s,,,,,,,,,,,,,,,,,,,,,
80036,80003,,12,,,,,,,,,,,,,csv.stage.s,,,,,,,,,,,,,,,,,,,,,
80037,80004,,1,,,,,,,,,,,,,csv.stage.s,,,,,,,,,,,,,,,,,,,,,
80038,80004,,2,,,,,,,,,,,,,csv.stage.s,,,,,,,,,,,,,,,,,,,,,
80039,80004,,3,,,,,,,,,,,,,csv.stage.s,,,,,,,,,,,,,,,,,,,,,
80040,80004,,4,,,,,,,,,,,,,csv.stage.s,,,,,,,,,,,,,,,,,,,,,
80041,80004,,5,,,,,,,,,,,,,csv.stage.s,,,,,,,,,,,,,,,,,,,,,
80042,80004,,6,,,,,,,,,,,,,csv.stage.s,,,,,,,,,,,,,,,,,,,,,
80043,80004,,7,,,,,,,,,,,,,csv.stage.s,,,,,,,,,,,,,,,,,,,,,
80044,80004,,8,,,,,,,,,,,,,csv.stage.s,,,,,,,,,,,,,,,,,,,,,
80045,80004,,9,,,,,,,,,,,,,csv.stage.s,,,,,,,,,,,,,,,,,,,,,
80046,80004,,10,,,,,,,,,,,,,csv.stage.s,,,,,,,,,,,,,,,,,,,,,
80047,80004,,11,,,,,,,,,,,,,csv.stage.s,,,,,,,,,,,,,,,,,,,,,
80048,80004,,12,,,,,,,,,,,,,csv.stage.s,,,,,,,,,,,,,,,,,,,,,
80049,80005,,1,,,,,,,,,,,,,csv.stage.s,,,,,,,,,,,,,,,,,,,,,
80050,80005,,2,,,,,,,,,,,,,csv.stage.s,,,,,,,,,,,,,,,,,,,,,
80051,80005,,3,,,,,,,,,,,,,csv.stage.s,,,,,,,,,,,,,,,,,,,,,
80052,80005,,4,,,,,,,,,,,,,csv.stage.s,,,,,,,,,,,,,,,,,,,,,
80053,80005,,5,,,,,,,,,,,,,csv.stage.s,,,,,,,,,,,,,,,,,,,,,
80054,80005,,6,,,,,,,,,,,,,csv.stage.s,,,,,,,,,,,,,,,,,,,,,
80055,80005,,7,,,,,,,,,,,,,csv.stage.s,,,,,,,,,,,,,,,,,,,,,
80056,80005,,8,,,,,,,,,,,,,csv.stage.s,,,,,,,,,,,,,,,,,,,,,
80057,80005,,9,,,,,,,,,,,,,csv.stage.s,,,,,,,,,,,,,,,,,,,,,
80058,80005,,10,,,,,,,,,,,,,csv.stage.s,,,,,,,,,,,,,,,,,,,,,
80059,80005,,11,,,,,,,,,,,,,csv.stage.s,,,,,,,,,,,,,,,,,,,,,
80060,80005,,12,,,,,,,,,,,,,csv.stage.s,,,,,,,,,,,,,,,,,,,,,
80061,80006,,1,,,,,,,,,,,,,csv.stage.s,,,,,,,,,,,,,,,,,,,,,
80062,80006,,2,,,,,,,,,,,,,csv.stage.s,,,,,,,,,,,,,,,,,,,,,
80063,80006,,3,,,,,,,,,,,,,csv.stage.s,,,,,,,,,,,,,,,,,,,,,
80064,80006,,4,,,,,,,,,,,,,csv.stage.s,,,,,,,,,,,,,,,,,,,,,
80065,80006,,5,,,,,,,,,,,,,csv.stage.s,,,,,,,,,,,,,,,,,,,,,
80066,80006,,6,,,,,,,,,,,,,csv.stage.s,,,,,,,,,,,,,,,,,,,,,
80067,80006,,7,,,,,,,,,,,,,csv.stage.s,,,,,,,,,,,,,,,,,,,,,
80068,80006,,8,,,,,,,,,,,,,csv.stage.s,,,,,,,,,,,,,,,,,,,,,
80069,80006,,9,,,,,,,,,,,,,csv.stage.s,,,,,,,,,,,,,,,,,,,,,
80070,80006,,10,,,,,,,,,,,,,csv.stage.s,,,,,,,,,,,,,,,,,,,,,
80071,80006,,11,,,,,,,,,,,,,csv.stage.s,,,,,,,,,,,,,,,,,,,,,
80072,80006,,12,,,,,,,,,,,,,csv.stage.s,,,,,,,,,,,,,,,,,,,,,
80073,80011,,1,<290401;291252;290491;290692;300111;291502>,,,,,,,,,,,,csv.stage.s,,,,,,,,,,,,,,,,,,,,,
80074,80011,,2,,,,,,,,,,,,,csv.stage.s,,,,,,,,,,,,,,,,,,,,,
80075,80011,,3,,,,,,,,,,,,,csv.stage.s,,,,,,,,,,,,,,,,,,,,,
80076,80011,,4,,,,,,,,,,,,,csv.stage.s,,,,,,,,,,,,,,,,,,,,,
80077,80011,,5,,,,,,,,,,,,,csv.stage.s,,,,,,,,,,,,,,,,,,,,,
80078,80011,,6,,,,,,,,,,,,,csv.stage.s,,,,,,,,,,,,,,,,,,,,,
80079,80011,,7,,,,,,,,,,,,,csv.stage.s,,,,,,,,,,,,,,,,,,,,,
80080,80011,,8,,,,,,,,,,,,,csv.stage.s,,,,,,,,,,,,,,,,,,,,,
80081,80011,,9,,,,,,,,,,,,,csv.stage.s,,,,,,,,,,,,,,,,,,,,,
80082,80011,,10,,,,,,,,,,,,,csv.stage.s,,,,,,,,,,,,,,,,,,,,,
80083,80011,,11,,,,,,,,,,,,,csv.stage.s,,,,,,,,,,,,,,,,,,,,,
80084,80011,,12,,,,,,,,,,,,,csv.stage.s,,,,,,,,,,,,,,,,,,,,,
80085,80012,,1,<292611;292611;292611;292611;300121;292611>,,,,,,,,,,,,csv.stage.s,,,,,,,,,,,,,,,,,,,,,
80086,80012,,2,,,,,,,,,,,,,csv.stage.s,,,,,,,,,,,,,,,,,,,,,
80087,80012,,3,,,,,,,,,,,,,csv.stage.s,,,,,,,,,,,,,,,,,,,,,
80088,80012,,4,,,,,,,,,,,,,csv.stage.s,,,,,,,,,,,,,,,,,,,,,
80089,80012,,5,,,,,,,,,,,,,csv.stage.s,,,,,,,,,,,,,,,,,,,,,
80090,80012,,6,,,,,,,,,,,,,csv.stage.s,,,,,,,,,,,,,,,,,,,,,
80091,80012,,7,,,,,,,,,,,,,csv.stage.s,,,,,,,,,,,,,,,,,,,,,
80092,80012,,8,,,,,,,,,,,,,csv.stage.s,,,,,,,,,,,,,,,,,,,,,
80093,80012,,9,,,,,,,,,,,,,csv.stage.s,,,,,,,,,,,,,,,,,,,,,
80094,80012,,10,,,,,,,,,,,,,csv.stage.s,,,,,,,,,,,,,,,,,,,,,
80095,80012,,11,,,,,,,,,,,,,csv.stage.s,,,,,,,,,,,,,,,,,,,,,
80096,80012,,12,,,,,,,,,,,,,csv.stage.s,,,,,,,,,,,,,,,,,,,,,
80097,80013,,1,<290102;290102;290102;290452;300131;290452>,,,,,,,,,,,,csv.stage.s,,,,,,,,,,,,,,,,,,,,,
80098,80013,,2,,,,,,,,,,,,,csv.stage.s,,,,,,,,,,,,,,,,,,,,,
80099,80013,,3,,,,,,,,,,,,,csv.stage.s,,,,,,,,,,,,,,,,,,,,,
80100,80013,,4,,,,,,,,,,,,,csv.stage.s,,,,,,,,,,,,,,,,,,,,,
80101,80013,,5,,,,,,,,,,,,,csv.stage.s,,,,,,,,,,,,,,,,,,,,,
80102,80013,,6,,,,,,,,,,,,,csv.stage.s,,,,,,,,,,,,,,,,,,,,,
80103,80013,,7,,,,,,,,,,,,,csv.stage.s,,,,,,,,,,,,,,,,,,,,,
80104,80013,,8,,,,,,,,,,,,,csv.stage.s,,,,,,,,,,,,,,,,,,,,,
80105,80013,,9,,,,,,,,,,,,,csv.stage.s,,,,,,,,,,,,,,,,,,,,,
80106,80013,,10,,,,,,,,,,,,,csv.stage.s,,,,,,,,,,,,,,,,,,,,,
80107,80013,,11,,,,,,,,,,,,,csv.stage.s,,,,,,,,,,,,,,,,,,,,,
80108,80013,,12,,,,,,,,,,,,,csv.stage.s,,,,,,,,,,,,,,,,,,,,,
80109,80014,,1,,,,,,,,,,,,,csv.stage.s,,,,,,,,,,,,,,,,,,,,,
80110,80014,,2,,,,,,,,,,,,,csv.stage.s,,,,,,,,,,,,,,,,,,,,,
80111,80014,,3,,,,,,,,,,,,,csv.stage.s,,,,,,,,,,,,,,,,,,,,,
80112,80014,,4,,,,,,,,,,,,,csv.stage.s,,,,,,,,,,,,,,,,,,,,,
80113,80014,,5,,,,,,,,,,,,,csv.stage.s,,,,,,,,,,,,,,,,,,,,,
80114,80014,,6,,,,,,,,,,,,,csv.stage.s,,,,,,,,,,,,,,,,,,,,,
80115,80014,,7,,,,,,,,,,,,,csv.stage.s,,,,,,,,,,,,,,,,,,,,,
80116,80014,,8,,,,,,,,,,,,,csv.stage.s,,,,,,,,,,,,,,,,,,,,,
80117,80014,,9,,,,,,,,,,,,,csv.stage.s,,,,,,,,,,,,,,,,,,,,,
80118,80014,,10,,,,,,,,,,,,,csv.stage.s,,,,,,,,,,,,,,,,,,,,,
80119,80014,,11,,,,,,,,,,,,,csv.stage.s,,,,,,,,,,,,,,,,,,,,,
80120,80014,,12,,,,,,,,,,,,,csv.stage.s,,,,,,,,,,,,,,,,,,,,,
80121,80015,,1,,,,,,,,,,,,,csv.stage.s,,,,,,,,,,,,,,,,,,,,,
80122,80015,,2,,,,,,,,,,,,,csv.stage.s,,,,,,,,,,,,,,,,,,,,,
80123,80015,,3,,,,,,,,,,,,,csv.stage.s,,,,,,,,,,,,,,,,,,,,,
80124,80015,,4,,,,,,,,,,,,,csv.stage.s,,,,,,,,,,,,,,,,,,,,,
80125,80015,,5,,,,,,,,,,,,,csv.stage.s,,,,,,,,,,,,,,,,,,,,,
80126,80015,,6,,,,,,,,,,,,,csv.stage.s,,,,,,,,,,,,,,,,,,,,,
80127,80015,,7,,,,,,,,,,,,,csv.stage.s,,,,,,,,,,,,,,,,,,,,,
80128,80015,,8,,,,,,,,,,,,,csv.stage.s,,,,,,,,,,,,,,,,,,,,,
80129,80015,,9,,,,,,,,,,,,,csv.stage.s,,,,,,,,,,,,,,,,,,,,,
80130,80015,,10,,,,,,,,,,,,,csv.stage.s,,,,,,,,,,,,,,,,,,,,,
80131,80015,,11,,,,,,,,,,,,,csv.stage.s,,,,,,,,,,,,,,,,,,,,,
80132,80015,,12,,,,,,,,,,,,,csv.stage.s,,,,,,,,,,,,,,,,,,,,,
80133,80016,,1,,,,,,,,,,,,,csv.stage.s,,,,,,,,,,,,,,,,,,,,,
80134,80016,,2,,,,,,,,,,,,,csv.stage.s,,,,,,,,,,,,,,,,,,,,,
80135,80016,,3,,,,,,,,,,,,,csv.stage.s,,,,,,,,,,,,,,,,,,,,,
80136,80016,,4,,,,,,,,,,,,,csv.stage.s,,,,,,,,,,,,,,,,,,,,,
80137,80016,,5,,,,,,,,,,,,,csv.stage.s,,,,,,,,,,,,,,,,,,,,,
80138,80016,,6,,,,,,,,,,,,,csv.stage.s,,,,,,,,,,,,,,,,,,,,,
80139,80016,,7,,,,,,,,,,,,,csv.stage.s,,,,,,,,,,,,,,,,,,,,,
80140,80016,,8,,,,,,,,,,,,,csv.stage.s,,,,,,,,,,,,,,,,,,,,,
80141,80016,,9,,,,,,,,,,,,,csv.stage.s,,,,,,,,,,,,,,,,,,,,,
80142,80016,,10,,,,,,,,,,,,,csv.stage.s,,,,,,,,,,,,,,,,,,,,,
80143,80016,,11,,,,,,,,,,,,,csv.stage.s,,,,,,,,,,,,,,,,,,,,,
80144,80016,,12,,,,,,,,,,,,,csv.stage.s,,,,,,,,,,,,,,,,,,,,,
80145,80021,,1,<291911;291911;291911;291911;300211;291911>,,,,,,,,,,,,csv.stage.s,,,,,,,,,,,,,,,,,,,,,
80146,80021,,2,,,,,,,,,,,,,csv.stage.s,,,,,,,,,,,,,,,,,,,,,
80147,80021,,3,,,,,,,,,,,,,csv.stage.s,,,,,,,,,,,,,,,,,,,,,
80148,80021,,4,,,,,,,,,,,,,csv.stage.s,,,,,,,,,,,,,,,,,,,,,
80149,80021,,5,,,,,,,,,,,,,csv.stage.s,,,,,,,,,,,,,,,,,,,,,
80150,80021,,6,,,,,,,,,,,,,csv.stage.s,,,,,,,,,,,,,,,,,,,,,
80151,80021,,7,,,,,,,,,,,,,csv.stage.s,,,,,,,,,,,,,,,,,,,,,
80152,80021,,8,,,,,,,,,,,,,csv.stage.s,,,,,,,,,,,,,,,,,,,,,
80153,80021,,9,,,,,,,,,,,,,csv.stage.s,,,,,,,,,,,,,,,,,,,,,
80154,80021,,10,,,,,,,,,,,,,csv.stage.s,,,,,,,,,,,,,,,,,,,,,
80155,80021,,11,,,,,,,,,,,,,csv.stage.s,,,,,,,,,,,,,,,,,,,,,
80156,80021,,12,,,,,,,,,,,,,csv.stage.s,,,,,,,,,,,,,,,,,,,,,
80157,80022,,1,<290101;290101;290101;290101;300221;290101>,,,,,,,,,,,,csv.stage.s,,,,,,,,,,,,,,,,,,,,,
80158,80022,,2,,,,,,,,,,,,,csv.stage.s,,,,,,,,,,,,,,,,,,,,,
80159,80022,,3,,,,,,,,,,,,,csv.stage.s,,,,,,,,,,,,,,,,,,,,,
80160,80022,,4,,,,,,,,,,,,,csv.stage.s,,,,,,,,,,,,,,,,,,,,,
80161,80022,,5,,,,,,,,,,,,,csv.stage.s,,,,,,,,,,,,,,,,,,,,,
80162,80022,,6,,,,,,,,,,,,,csv.stage.s,,,,,,,,,,,,,,,,,,,,,
80163,80022,,7,,,,,,,,,,,,,csv.stage.s,,,,,,,,,,,,,,,,,,,,,
80164,80022,,8,,,,,,,,,,,,,csv.stage.s,,,,,,,,,,,,,,,,,,,,,
80165,80022,,9,,,,,,,,,,,,,csv.stage.s,,,,,,,,,,,,,,,,,,,,,
80166,80022,,10,,,,,,,,,,,,,csv.stage.s,,,,,,,,,,,,,,,,,,,,,
80167,80022,,11,,,,,,,,,,,,,csv.stage.s,,,,,,,,,,,,,,,,,,,,,
80168,80022,,12,,,,,,,,,,,,,csv.stage.s,,,,,,,,,,,,,,,,,,,,,
80169,80023,,1,<293171;293171;293171;293171;300231;293171>,,,,,,,,,,,,csv.stage.s,,,,,,,,,,,,,,,,,,,,,
80170,80023,,2,,,,,,,,,,,,,csv.stage.s,,,,,,,,,,,,,,,,,,,,,
80171,80023,,3,,,,,,,,,,,,,csv.stage.s,,,,,,,,,,,,,,,,,,,,,
80172,80023,,4,,,,,,,,,,,,,csv.stage.s,,,,,,,,,,,,,,,,,,,,,
80173,80023,,5,,,,,,,,,,,,,csv.stage.s,,,,,,,,,,,,,,,,,,,,,
80174,80023,,6,,,,,,,,,,,,,csv.stage.s,,,,,,,,,,,,,,,,,,,,,
80175,80023,,7,,,,,,,,,,,,,csv.stage.s,,,,,,,,,,,,,,,,,,,,,
80176,80023,,8,,,,,,,,,,,,,csv.stage.s,,,,,,,,,,,,,,,,,,,,,
80177,80023,,9,,,,,,,,,,,,,csv.stage.s,,,,,,,,,,,,,,,,,,,,,
80178,80023,,10,,,,,,,,,,,,,csv.stage.s,,,,,,,,,,,,,,,,,,,,,
80179,80023,,11,,,,,,,,,,,,,csv.stage.s,,,,,,,,,,,,,,,,,,,,,
80180,80023,,12,,,,,,,,,,,,,csv.stage.s,,,,,,,,,,,,,,,,,,,,,
80181,80024,,1,,,,,,,,,,,,,csv.stage.s,,,,,,,,,,,,,,,,,,,,,
80182,80024,,2,,,,,,,,,,,,,csv.stage.s,,,,,,,,,,,,,,,,,,,,,
80183,80024,,3,,,,,,,,,,,,,csv.stage.s,,,,,,,,,,,,,,,,,,,,,
80184,80024,,4,,,,,,,,,,,,,csv.stage.s,,,,,,,,,,,,,,,,,,,,,
80185,80024,,5,,,,,,,,,,,,,csv.stage.s,,,,,,,,,,,,,,,,,,,,,
80186,80024,,6,,,,,,,,,,,,,csv.stage.s,,,,,,,,,,,,,,,,,,,,,
80187,80024,,7,,,,,,,,,,,,,csv.stage.s,,,,,,,,,,,,,,,,,,,,,
80188,80024,,8,,,,,,,,,,,,,csv.stage.s,,,,,,,,,,,,,,,,,,,,,
80189,80024,,9,,,,,,,,,,,,,csv.stage.s,,,,,,,,,,,,,,,,,,,,,
80190,80024,,10,,,,,,,,,,,,,csv.stage.s,,,,,,,,,,,,,,,,,,,,,
80191,80024,,11,,,,,,,,,,,,,csv.stage.s,,,,,,,,,,,,,,,,,,,,,
80192,80024,,12,,,,,,,,,,,,,csv.stage.s,,,,,,,,,,,,,,,,,,,,,
80193,80025,,1,,,,,,,,,,,,,csv.stage.s,,,,,,,,,,,,,,,,,,,,,
80194,80025,,2,,,,,,,,,,,,,csv.stage.s,,,,,,,,,,,,,,,,,,,,,
80195,80025,,3,,,,,,,,,,,,,csv.stage.s,,,,,,,,,,,,,,,,,,,,,
80196,80025,,4,,,,,,,,,,,,,csv.stage.s,,,,,,,,,,,,,,,,,,,,,
80197,80025,,5,,,,,,,,,,,,,csv.stage.s,,,,,,,,,,,,,,,,,,,,,
80198,80025,,6,,,,,,,,,,,,,csv.stage.s,,,,,,,,,,,,,,,,,,,,,
80199,80025,,7,,,,,,,,,,,,,csv.stage.s,,,,,,,,,,,,,,,,,,,,,
80200,80025,,8,,,,,,,,,,,,,csv.stage.s,,,,,,,,,,,,,,,,,,,,,
80201,80025,,9,,,,,,,,,,,,,csv.stage.s,,,,,,,,,,,,,,,,,,,,,
80202,80025,,10,,,,,,,,,,,,,csv.stage.s,,,,,,,,,,,,,,,,,,,,,
80203,80025,,11,,,,,,,,,,,,,csv.stage.s,,,,,,,,,,,,,,,,,,,,,
80204,80025,,12,,,,,,,,,,,,,csv.stage.s,,,,,,,,,,,,,,,,,,,,,
80205,80026,,1,,,,,,,,,,,,,csv.stage.s,,,,,,,,,,,,,,,,,,,,,
80206,80026,,2,,,,,,,,,,,,,csv.stage.s,,,,,,,,,,,,,,,,,,,,,
80207,80026,,3,,,,,,,,,,,,,csv.stage.s,,,,,,,,,,,,,,,,,,,,,
80208,80026,,4,,,,,,,,,,,,,csv.stage.s,,,,,,,,,,,,,,,,,,,,,
80209,80026,,5,,,,,,,,,,,,,csv.stage.s,,,,,,,,,,,,,,,,,,,,,
80210,80026,,6,,,,,,,,,,,,,csv.stage.s,,,,,,,,,,,,,,,,,,,,,
80211,80026,,7,,,,,,,,,,,,,csv.stage.s,,,,,,,,,,,,,,,,,,,,,
80212,80026,,8,,,,,,,,,,,,,csv.stage.s,,,,,,,,,,,,,,,,,,,,,
80213,80026,,9,,,,,,,,,,,,,csv.stage.s,,,,,,,,,,,,,,,,,,,,,
80214,80026,,10,,,,,,,,,,,,,csv.stage.s,,,,,,,,,,,,,,,,,,,,,
80215,80026,,11,,,,,,,,,,,,,csv.stage.s,,,,,,,,,,,,,,,,,,,,,
80216,80026,,12,,,,,,,,,,,,,csv.stage.s,,,,,,,,,,,,,,,,,,,,,
80217,80031,,1,<291253;290492;292233;292723;300311;291313>,,,,,,,,,,,,csv.stage.s,,,,,,,,,,,,,,,,,,,,,
80218,80031,,2,,,,,,,,,,,,,csv.stage.s,,,,,,,,,,,,,,,,,,,,,
80219,80031,,3,,,,,,,,,,,,,csv.stage.s,,,,,,,,,,,,,,,,,,,,,
80220,80031,,4,,,,,,,,,,,,,csv.stage.s,,,,,,,,,,,,,,,,,,,,,
80221,80031,,5,,,,,,,,,,,,,csv.stage.s,,,,,,,,,,,,,,,,,,,,,
80222,80031,,6,,,,,,,,,,,,,csv.stage.s,,,,,,,,,,,,,,,,,,,,,
80223,80031,,7,,,,,,,,,,,,,csv.stage.s,,,,,,,,,,,,,,,,,,,,,
80224,80031,,8,,,,,,,,,,,,,csv.stage.s,,,,,,,,,,,,,,,,,,,,,
80225,80031,,9,,,,,,,,,,,,,csv.stage.s,,,,,,,,,,,,,,,,,,,,,
80226,80031,,10,,,,,,,,,,,,,csv.stage.s,,,,,,,,,,,,,,,,,,,,,
80227,80031,,11,,,,,,,,,,,,,csv.stage.s,,,,,,,,,,,,,,,,,,,,,
80228,80031,,12,,,,,,,,,,,,,csv.stage.s,,,,,,,,,,,,,,,,,,,,,
80229,80032,,1,<290493;290493;290493;291503;300321;291503>,,,,,,,,,,,,csv.stage.s,,,,,,,,,,,,,,,,,,,,,
80230,80032,,2,,,,,,,,,,,,,csv.stage.s,,,,,,,,,,,,,,,,,,,,,
80231,80032,,3,,,,,,,,,,,,,csv.stage.s,,,,,,,,,,,,,,,,,,,,,
80232,80032,,4,,,,,,,,,,,,,csv.stage.s,,,,,,,,,,,,,,,,,,,,,
80233,80032,,5,,,,,,,,,,,,,csv.stage.s,,,,,,,,,,,,,,,,,,,,,
80234,80032,,6,,,,,,,,,,,,,csv.stage.s,,,,,,,,,,,,,,,,,,,,,
80235,80032,,7,,,,,,,,,,,,,csv.stage.s,,,,,,,,,,,,,,,,,,,,,
80236,80032,,8,,,,,,,,,,,,,csv.stage.s,,,,,,,,,,,,,,,,,,,,,
80237,80032,,9,,,,,,,,,,,,,csv.stage.s,,,,,,,,,,,,,,,,,,,,,
80238,80032,,10,,,,,,,,,,,,,csv.stage.s,,,,,,,,,,,,,,,,,,,,,
80239,80032,,11,,,,,,,,,,,,,csv.stage.s,,,,,,,,,,,,,,,,,,,,,
80240,80032,,12,,,,,,,,,,,,,csv.stage.s,,,,,,,,,,,,,,,,,,,,,
80241,80033,,1,<290401;290401;290401;290401;300331;290401>,,,,,,,,,,,,csv.stage.s,,,,,,,,,,,,,,,,,,,,,
80242,80033,,2,,,,,,,,,,,,,csv.stage.s,,,,,,,,,,,,,,,,,,,,,
80243,80033,,3,,,,,,,,,,,,,csv.stage.s,,,,,,,,,,,,,,,,,,,,,
80244,80033,,4,,,,,,,,,,,,,csv.stage.s,,,,,,,,,,,,,,,,,,,,,
80245,80033,,5,,,,,,,,,,,,,csv.stage.s,,,,,,,,,,,,,,,,,,,,,
80246,80033,,6,,,,,,,,,,,,,csv.stage.s,,,,,,,,,,,,,,,,,,,,,
80247,80033,,7,,,,,,,,,,,,,csv.stage.s,,,,,,,,,,,,,,,,,,,,,
80248,80033,,8,,,,,,,,,,,,,csv.stage.s,,,,,,,,,,,,,,,,,,,,,
80249,80033,,9,,,,,,,,,,,,,csv.stage.s,,,,,,,,,,,,,,,,,,,,,
80250,80033,,10,,,,,,,,,,,,,csv.stage.s,,,,,,,,,,,,,,,,,,,,,
80251,80033,,11,,,,,,,,,,,,,csv.stage.s,,,,,,,,,,,,,,,,,,,,,
80252,80033,,12,,,,,,,,,,,,,csv.stage.s,,,,,,,,,,,,,,,,,,,,,
80253,80034,,1,<291253;291253;291253;291971;300411;291971>,,,,,,,,,,,,csv.stage.s,,,,,,,,,,,,,,,,,,,,,
80254,80034,,2,,,,,,,,,,,,,csv.stage.s,,,,,,,,,,,,,,,,,,,,,
80255,80034,,3,,,,,,,,,,,,,csv.stage.s,,,,,,,,,,,,,,,,,,,,,
80256,80034,,4,,,,,,,,,,,,,csv.stage.s,,,,,,,,,,,,,,,,,,,,,
80257,80034,,5,,,,,,,,,,,,,csv.stage.s,,,,,,,,,,,,,,,,,,,,,
80258,80034,,6,,,,,,,,,,,,,csv.stage.s,,,,,,,,,,,,,,,,,,,,,
80259,80034,,7,,,,,,,,,,,,,csv.stage.s,,,,,,,,,,,,,,,,,,,,,
80260,80034,,8,,,,,,,,,,,,,csv.stage.s,,,,,,,,,,,,,,,,,,,,,
80261,80034,,9,,,,,,,,,,,,,csv.stage.s,,,,,,,,,,,,,,,,,,,,,
80262,80034,,10,,,,,,,,,,,,,csv.stage.s,,,,,,,,,,,,,,,,,,,,,
80263,80034,,11,,,,,,,,,,,,,csv.stage.s,,,,,,,,,,,,,,,,,,,,,
80264,80034,,12,,,,,,,,,,,,,csv.stage.s,,,,,,,,,,,,,,,,,,,,,
80265,80035,,1,,,,,,,,,,,,,csv.stage.s,,,,,,,,,,,,,,,,,,,,,
80266,80035,,2,,,,,,,,,,,,,csv.stage.s,,,,,,,,,,,,,,,,,,,,,
80267,80035,,3,,,,,,,,,,,,,csv.stage.s,,,,,,,,,,,,,,,,,,,,,
80268,80035,,4,,,,,,,,,,,,,csv.stage.s,,,,,,,,,,,,,,,,,,,,,
80269,80035,,5,,,,,,,,,,,,,csv.stage.s,,,,,,,,,,,,,,,,,,,,,
80270,80035,,6,,,,,,,,,,,,,csv.stage.s,,,,,,,,,,,,,,,,,,,,,
80271,80035,,7,,,,,,,,,,,,,csv.stage.s,,,,,,,,,,,,,,,,,,,,,
80272,80035,,8,,,,,,,,,,,,,csv.stage.s,,,,,,,,,,,,,,,,,,,,,
80273,80035,,9,,,,,,,,,,,,,csv.stage.s,,,,,,,,,,,,,,,,,,,,,
80274,80035,,10,,,,,,,,,,,,,csv.stage.s,,,,,,,,,,,,,,,,,,,,,
80275,80035,,11,,,,,,,,,,,,,csv.stage.s,,,,,,,,,,,,,,,,,,,,,
80276,80035,,12,,,,,,,,,,,,,csv.stage.s,,,,,,,,,,,,,,,,,,,,,
80277,80036,,1,,,,,,,,,,,,,csv.stage.s,,,,,,,,,,,,,,,,,,,,,
80278,80036,,2,,,,,,,,,,,,,csv.stage.s,,,,,,,,,,,,,,,,,,,,,
80279,80036,,3,,,,,,,,,,,,,csv.stage.s,,,,,,,,,,,,,,,,,,,,,
80280,80036,,4,,,,,,,,,,,,,csv.stage.s,,,,,,,,,,,,,,,,,,,,,
80281,80036,,5,,,,,,,,,,,,,csv.stage.s,,,,,,,,,,,,,,,,,,,,,
80282,80036,,6,,,,,,,,,,,,,csv.stage.s,,,,,,,,,,,,,,,,,,,,,
80283,80036,,7,,,,,,,,,,,,,csv.stage.s,,,,,,,,,,,,,,,,,,,,,
80284,80036,,8,,,,,,,,,,,,,csv.stage.s,,,,,,,,,,,,,,,,,,,,,
80285,80036,,9,,,,,,,,,,,,,csv.stage.s,,,,,,,,,,,,,,,,,,,,,
80286,80036,,10,,,,,,,,,,,,,csv.stage.s,,,,,,,,,,,,,,,,,,,,,
80287,80036,,11,,,,,,,,,,,,,csv.stage.s,,,,,,,,,,,,,,,,,,,,,
80288,80036,,12,,,,,,,,,,,,,csv.stage.s,,,,,,,,,,,,,,,,,,,,,
80289,80041,,1,<291253;291253;291253;291971;300411;291971>,,,,,,,,,,,,csv.stage.s,,,,,,,,,,,,,,,,,,,,,
80290,80041,,2,,,,,,,,,,,,,csv.stage.s,,,,,,,,,,,,,,,,,,,,,
80291,80041,,3,,,,,,,,,,,,,csv.stage.s,,,,,,,,,,,,,,,,,,,,,
80292,80041,,4,,,,,,,,,,,,,csv.stage.s,,,,,,,,,,,,,,,,,,,,,
80293,80041,,5,,,,,,,,,,,,,csv.stage.s,,,,,,,,,,,,,,,,,,,,,
80294,80041,,6,,,,,,,,,,,,,csv.stage.s,,,,,,,,,,,,,,,,,,,,,
80295,80041,,7,,,,,,,,,,,,,csv.stage.s,,,,,,,,,,,,,,,,,,,,,
80296,80041,,8,,,,,,,,,,,,,csv.stage.s,,,,,,,,,,,,,,,,,,,,,
80297,80041,,9,,,,,,,,,,,,,csv.stage.s,,,,,,,,,,,,,,,,,,,,,
80298,80041,,10,,,,,,,,,,,,,csv.stage.s,,,,,,,,,,,,,,,,,,,,,
80299,80041,,11,,,,,,,,,,,,,csv.stage.s,,,,,,,,,,,,,,,,,,,,,
80300,80041,,12,,,,,,,,,,,,,csv.stage.s,,,,,,,,,,,,,,,,,,,,,
80301,80042,,1,<0;0;0;0;300421;0>,,,,,,,,,,,,csv.stage.s,<<1;80001>>,,,,,,,,,,,,,,,,,,,,
80302,80042,,2,,,,,,,,,,,,,csv.stage.s,,,,,,,,,,,,,,,,,,,,,
80303,80042,,3,,,,,,,,,,,,,csv.stage.s,,,,,,,,,,,,,,,,,,,,,
80304,80042,,4,,,,,,,,,,,,,csv.stage.s,,,,,,,,,,,,,,,,,,,,,
80305,80042,,5,,,,,,,,,,,,,csv.stage.s,,,,,,,,,,,,,,,,,,,,,
80306,80042,,6,,,,,,,,,,,,,csv.stage.s,,,,,,,,,,,,,,,,,,,,,
80307,80042,,7,,,,,,,,,,,,,csv.stage.s,,,,,,,,,,,,,,,,,,,,,
80308,80042,,8,,,,,,,,,,,,,csv.stage.s,,,,,,,,,,,,,,,,,,,,,
80309,80042,,9,,,,,,,,,,,,,csv.stage.s,,,,,,,,,,,,,,,,,,,,,
80310,80042,,10,,,,,,,,,,,,,csv.stage.s,,,,,,,,,,,,,,,,,,,,,
80311,80042,,11,,,,,,,,,,,,,csv.stage.s,,,,,,,,,,,,,,,,,,,,,
80312,80042,,12,,,,,,,,,,,,,csv.stage.s,,,,,,,,,,,,,,,,,,,,,
80313,80043,,1,<292593;292593;292593;0;300431;0>,,,,,,,,,,,,csv.stage.s,,,,,,,,,,,,,,,,,,,,,
80314,80043,,2,,,,,,,,,,,,,csv.stage.s,,,,,,,,,,,,,,,,,,,,,
80315,80043,,3,,,,,,,,,,,,,csv.stage.s,,,,,,,,,,,,,,,,,,,,,
80316,80043,,4,,,,,,,,,,,,,csv.stage.s,,,,,,,,,,,,,,,,,,,,,
80317,80043,,5,,,,,,,,,,,,,csv.stage.s,,,,,,,,,,,,,,,,,,,,,
80318,80043,,6,,,,,,,,,,,,,csv.stage.s,,,,,,,,,,,,,,,,,,,,,
80319,80043,,7,,,,,,,,,,,,,csv.stage.s,,,,,,,,,,,,,,,,,,,,,
80320,80043,,8,,,,,,,,,,,,,csv.stage.s,,,,,,,,,,,,,,,,,,,,,
80321,80043,,9,,,,,,,,,,,,,csv.stage.s,,,,,,,,,,,,,,,,,,,,,
80322,80043,,10,,,,,,,,,,,,,csv.stage.s,,,,,,,,,,,,,,,,,,,,,
80323,80043,,11,,,,,,,,,,,,,csv.stage.s,,,,,,,,,,,,,,,,,,,,,
80324,80043,,12,,,,,,,,,,,,,csv.stage.s,,,,,,,,,,,,,,,,,,,,,
80325,80044,,1,<0;0;0;300441;0;300442>,,,,,,,,,,,,csv.stage.s,,,,,,,,,,,,,,,,,,,,,
80326,80044,,2,,,,,,,,,,,,,csv.stage.s,,,,,,,,,,,,,,,,,,,,,
80327,80044,,3,,,,,,,,,,,,,csv.stage.s,,,,,,,,,,,,,,,,,,,,,
80328,80044,,4,,,,,,,,,,,,,csv.stage.s,,,,,,,,,,,,,,,,,,,,,
80329,80044,,5,,,,,,,,,,,,,csv.stage.s,,,,,,,,,,,,,,,,,,,,,
80330,80044,,6,,,,,,,,,,,,,csv.stage.s,,,,,,,,,,,,,,,,,,,,,
80331,80044,,7,,,,,,,,,,,,,csv.stage.s,,,,,,,,,,,,,,,,,,,,,
80332,80044,,8,,,,,,,,,,,,,csv.stage.s,,,,,,,,,,,,,,,,,,,,,
80333,80044,,9,,,,,,,,,,,,,csv.stage.s,,,,,,,,,,,,,,,,,,,,,
80334,80044,,10,,,,,,,,,,,,,csv.stage.s,,,,,,,,,,,,,,,,,,,,,
80335,80044,,11,,,,,,,,,,,,,csv.stage.s,,,,,,,,,,,,,,,,,,,,,
80336,80044,,12,,,,,,,,,,,,,csv.stage.s,,,,,,,,,,,,,,,,,,,,,
80337,80045,,1,<291911;297031;294141;293171;300451;294031>,,,,,,,,,,,,csv.stage.s,,,,,,,,,,,,,<290403;291972;291653;293231;300452;297091>,4,,,,,,,
80338,80045,,2,,,,,,,,,,,,,csv.stage.s,,,,,,,,,,,,,,,,,,,,,
80339,80045,,3,,,,,,,,,,,,,csv.stage.s,,,,,,,,,,,,,,,,,,,,,
80340,80045,,4,,,,,,,,,,,,,csv.stage.s,,,,,,,,,,,,,,,,,,,,,
80341,80045,,5,,,,,,,,,,,,,csv.stage.s,,,,,,,,,,,,,,,,,,,,,
80342,80045,,6,,,,,,,,,,,,,csv.stage.s,,,,,,,,,,,,,,,,,,,,,
80343,80045,,7,,,,,,,,,,,,,csv.stage.s,,,,,,,,,,,,,,,,,,,,,
80344,80045,,8,,,,,,,,,,,,,csv.stage.s,,,,,,,,,,,,,,,,,,,,,
80345,80045,,9,,,,,,,,,,,,,csv.stage.s,,,,,,,,,,,,,,,,,,,,,
80346,80045,,10,,,,,,,,,,,,,csv.stage.s,,,,,,,,,,,,,,,,,,,,,
80347,80045,,11,,,,,,,,,,,,,csv.stage.s,,,,,,,,,,,,,,,,,,,,,
80348,80045,,12,,,,,,,,,,,,,csv.stage.s,,,,,,,,,,,,,,,,,,,,,
80349,80046,,1,,,,,,,,,,,,,csv.stage.s,,,,,,,,,,,,,,,,,,,,,
80350,80046,,2,,,,,,,,,,,,,csv.stage.s,,,,,,,,,,,,,,,,,,,,,
80351,80046,,3,,,,,,,,,,,,,csv.stage.s,,,,,,,,,,,,,,,,,,,,,
80352,80046,,4,,,,,,,,,,,,,csv.stage.s,,,,,,,,,,,,,,,,,,,,,
80353,80046,,5,,,,,,,,,,,,,csv.stage.s,,,,,,,,,,,,,,,,,,,,,
80354,80046,,6,,,,,,,,,,,,,csv.stage.s,,,,,,,,,,,,,,,,,,,,,
80355,80046,,7,,,,,,,,,,,,,csv.stage.s,,,,,,,,,,,,,,,,,,,,,
80356,80046,,8,,,,,,,,,,,,,csv.stage.s,,,,,,,,,,,,,,,,,,,,,
80357,80046,,9,,,,,,,,,,,,,csv.stage.s,,,,,,,,,,,,,,,,,,,,,
80358,80046,,10,,,,,,,,,,,,,csv.stage.s,,,,,,,,,,,,,,,,,,,,,
80359,80046,,11,,,,,,,,,,,,,csv.stage.s,,,,,,,,,,,,,,,,,,,,,
80360,80046,,12,,,,,,,,,,,,,csv.stage.s,,,,,,,,,,,,,,,,,,,,,
80361,80051,,1,<291314;291504;291253;292233;300511;291911>,,,,,,,,,,,,csv.stage.s,,,,,,,,,,,,,,,,,,,,,
80362,80051,,2,,,,,,,,,,,,,csv.stage.s,,,,,,,,,,,,,,,,,,,,,
80363,80051,,3,,,,,,,,,,,,,csv.stage.s,,,,,,,,,,,,,,,,,,,,,
80364,80051,,4,,,,,,,,,,,,,csv.stage.s,,,,,,,,,,,,,,,,,,,,,
80365,80051,,5,,,,,,,,,,,,,csv.stage.s,,,,,,,,,,,,,,,,,,,,,
80366,80051,,6,,,,,,,,,,,,,csv.stage.s,,,,,,,,,,,,,,,,,,,,,
80367,80051,,7,,,,,,,,,,,,,csv.stage.s,,,,,,,,,,,,,,,,,,,,,
80368,80051,,8,,,,,,,,,,,,,csv.stage.s,,,,,,,,,,,,,,,,,,,,,
80369,80051,,9,,,,,,,,,,,,,csv.stage.s,,,,,,,,,,,,,,,,,,,,,
80370,80051,,10,,,,,,,,,,,,,csv.stage.s,,,,,,,,,,,,,,,,,,,,,
80371,80051,,11,,,,,,,,,,,,,csv.stage.s,,,,,,,,,,,,,,,,,,,,,
80372,80051,,12,,,,,,,,,,,,,csv.stage.s,,,,,,,,,,,,,,,,,,,,,
80373,80101,,1,<290551;293471;290691;290541;301011;290541>,,,,,,,,,,,,csv.stage.qf,,,,,,,,,,,,,,,,,,,,,
80374,80101,,2,,,,,,,,,,,,,csv.stage.qf,,,,,,,,,,,,,,,,,,,,,
80375,80101,,3,,,,,,,,,,,,,csv.stage.qf,,,,,,,,,,,,,,,,,,,,,
80376,80101,,4,,,,,,,,,,,,,csv.stage.qf,,,,,,,,,,,,,,,,,,,,,
80377,80101,,5,,,,,,,,,,,,,csv.stage.qf,,,,,,,,,,,,,,,,,,,,,
80378,80101,,6,,,,,,,,,,,,,csv.stage.qf,,,,,,,,,,,,,,,,,,,,,
80379,80101,,7,,,,,,,,,,,,,csv.stage.qf,,,,,,,,,,,,,,,,,,,,,
80380,80101,,8,,,,,,,,,,,,,csv.stage.qf,,,,,,,,,,,,,,,,,,,,,
80381,80101,,9,,,,,,,,,,,,,csv.stage.qf,,,,,,,,,,,,,,,,,,,,,
80382,80101,,10,,,,,,,,,,,,,csv.stage.qf,,,,,,,,,,,,,,,,,,,,,
80383,80101,,11,,,,,,,,,,,,,csv.stage.qf,,,,,,,,,,,,,,,,,,,,,
80384,80101,,12,,,,,,,,,,,,,csv.stage.qf,,,,,,,,,,,,,,,,,,,,,
80385,80102,,1,<292871;293011;291861;292301;301021;291851>,,,,,,,,,,,,csv.stage.qf,,,,,,,,,,,,,,,,,,,,,
80386,80102,,2,,,,,,,,,,,,,csv.stage.qf,,,,,,,,,,,,,,,,,,,,,
80387,80102,,3,,,,,,,,,,,,,csv.stage.qf,,,,,,,,,,,,,,,,,,,,,
80388,80102,,4,,,,,,,,,,,,,csv.stage.qf,,,,,,,,,,,,,,,,,,,,,
80389,80102,,5,,,,,,,,,,,,,csv.stage.qf,,,,,,,,,,,,,,,,,,,,,
80390,80102,,6,,,,,,,,,,,,,csv.stage.qf,,,,,,,,,,,,,,,,,,,,,
80391,80102,,7,,,,,,,,,,,,,csv.stage.qf,,,,,,,,,,,,,,,,,,,,,
80392,80102,,8,,,,,,,,,,,,,csv.stage.qf,,,,,,,,,,,,,,,,,,,,,
80393,80102,,9,,,,,,,,,,,,,csv.stage.qf,,,,,,,,,,,,,,,,,,,,,
80394,80102,,10,,,,,,,,,,,,,csv.stage.qf,,,,,,,,,,,,,,,,,,,,,
80395,80102,,11,,,,,,,,,,,,,csv.stage.qf,,,,,,,,,,,,,,,,,,,,,
80396,80102,,12,,,,,,,,,,,,,csv.stage.qf,,,,,,,,,,,,,,,,,,,,,
80397,80103,,1,<290381;290552;291352;291081;301031;292031>,,,,,,,,,,,,csv.stage.qf,,,,,,,,,,,,,,,,,,,,,
80398,80103,,2,,,,,,,,,,,,,csv.stage.qf,,,,,,,,,,,,,,,,,,,,,
80399,80103,,3,,,,,,,,,,,,,csv.stage.qf,,,,,,,,,,,,,,,,,,,,,
80400,80103,,4,,,,,,,,,,,,,csv.stage.qf,,,,,,,,,,,,,,,,,,,,,
80401,80103,,5,,,,,,,,,,,,,csv.stage.qf,,,,,,,,,,,,,,,,,,,,,
80402,80103,,6,,,,,,,,,,,,,csv.stage.qf,,,,,,,,,,,,,,,,,,,,,
80403,80103,,7,,,,,,,,,,,,,csv.stage.qf,,,,,,,,,,,,,,,,,,,,,
80404,80103,,8,,,,,,,,,,,,,csv.stage.qf,,,,,,,,,,,,,,,,,,,,,
80405,80103,,9,,,,,,,,,,,,,csv.stage.qf,,,,,,,,,,,,,,,,,,,,,
80406,80103,,10,,,,,,,,,,,,,csv.stage.qf,,,,,,,,,,,,,,,,,,,,,
80407,80103,,11,,,,,,,,,,,,,csv.stage.qf,,,,,,,,,,,,,,,,,,,,,
80408,80103,,12,,,,,,,,,,,,,csv.stage.qf,,,,,,,,,,,,,,,,,,,,,
80409,80104,,1,,,,,,,,,,,,,csv.stage.qf,,,,,,,,,,,,,,,,,,,,,
80410,80104,,2,,,,,,,,,,,,,csv.stage.qf,,,,,,,,,,,,,,,,,,,,,
80411,80104,,3,,,,,,,,,,,,,csv.stage.qf,,,,,,,,,,,,,,,,,,,,,
80412,80104,,4,,,,,,,,,,,,,csv.stage.qf,,,,,,,,,,,,,,,,,,,,,
80413,80104,,5,,,,,,,,,,,,,csv.stage.qf,,,,,,,,,,,,,,,,,,,,,
80414,80104,,6,,,,,,,,,,,,,csv.stage.qf,,,,,,,,,,,,,,,,,,,,,
80415,80104,,7,,,,,,,,,,,,,csv.stage.qf,,,,,,,,,,,,,,,,,,,,,
80416,80104,,8,,,,,,,,,,,,,csv.stage.qf,,,,,,,,,,,,,,,,,,,,,
80417,80104,,9,,,,,,,,,,,,,csv.stage.qf,,,,,,,,,,,,,,,,,,,,,
80418,80104,,10,,,,,,,,,,,,,csv.stage.qf,,,,,,,,,,,,,,,,,,,,,
80419,80104,,11,,,,,,,,,,,,,csv.stage.qf,,,,,,,,,,,,,,,,,,,,,
80420,80104,,12,,,,,,,,,,,,,csv.stage.qf,,,,,,,,,,,,,,,,,,,,,
80421,80105,,1,,,,,,,,,,,,,csv.stage.qf,,,,,,,,,,,,,,,,,,,,,
80422,80105,,2,,,,,,,,,,,,,csv.stage.qf,,,,,,,,,,,,,,,,,,,,,
80423,80105,,3,,,,,,,,,,,,,csv.stage.qf,,,,,,,,,,,,,,,,,,,,,
80424,80105,,4,,,,,,,,,,,,,csv.stage.qf,,,,,,,,,,,,,,,,,,,,,
80425,80105,,5,,,,,,,,,,,,,csv.stage.qf,,,,,,,,,,,,,,,,,,,,,
80426,80105,,6,,,,,,,,,,,,,csv.stage.qf,,,,,,,,,,,,,,,,,,,,,
80427,80105,,7,,,,,,,,,,,,,csv.stage.qf,,,,,,,,,,,,,,,,,,,,,
80428,80105,,8,,,,,,,,,,,,,csv.stage.qf,,,,,,,,,,,,,,,,,,,,,
80429,80105,,9,,,,,,,,,,,,,csv.stage.qf,,,,,,,,,,,,,,,,,,,,,
80430,80105,,10,,,,,,,,,,,,,csv.stage.qf,,,,,,,,,,,,,,,,,,,,,
80431,80105,,11,,,,,,,,,,,,,csv.stage.qf,,,,,,,,,,,,,,,,,,,,,
80432,80105,,12,,,,,,,,,,,,,csv.stage.qf,,,,,,,,,,,,,,,,,,,,,
80433,80106,,1,,,,,,,,,,,,,csv.stage.qf,,,,,,,,,,,,,,,,,,,,,
80434,80106,,2,,,,,,,,,,,,,csv.stage.qf,,,,,,,,,,,,,,,,,,,,,
80435,80106,,3,,,,,,,,,,,,,csv.stage.qf,,,,,,,,,,,,,,,,,,,,,
80436,80106,,4,,,,,,,,,,,,,csv.stage.qf,,,,,,,,,,,,,,,,,,,,,
80437,80106,,5,,,,,,,,,,,,,csv.stage.qf,,,,,,,,,,,,,,,,,,,,,
80438,80106,,6,,,,,,,,,,,,,csv.stage.qf,,,,,,,,,,,,,,,,,,,,,
80439,80106,,7,,,,,,,,,,,,,csv.stage.qf,,,,,,,,,,,,,,,,,,,,,
80440,80106,,8,,,,,,,,,,,,,csv.stage.qf,,,,,,,,,,,,,,,,,,,,,
80441,80106,,9,,,,,,,,,,,,,csv.stage.qf,,,,,,,,,,,,,,,,,,,,,
80442,80106,,10,,,,,,,,,,,,,csv.stage.qf,,,,,,,,,,,,,,,,,,,,,
80443,80106,,11,,,,,,,,,,,,,csv.stage.qf,,,,,,,,,,,,,,,,,,,,,
80444,80106,,12,,,,,,,,,,,,,csv.stage.qf,,,,,,,,,,,,,,,,,,,,,
80445,80111,,1,<290021;293301;290801;292491;301111;292031>,,,,,,,,,,,,csv.stage.qf,,,,,,,,,,,,,,,,,,,,,
80446,80111,,2,,,,,,,,,,,,,csv.stage.qf,,,,,,,,,,,,,,,,,,,,,
80447,80111,,3,,,,,,,,,,,,,csv.stage.qf,,,,,,,,,,,,,,,,,,,,,
80448,80111,,4,,,,,,,,,,,,,csv.stage.qf,,,,,,,,,,,,,,,,,,,,,
80449,80111,,5,,,,,,,,,,,,,csv.stage.qf,,,,,,,,,,,,,,,,,,,,,
80450,80111,,6,,,,,,,,,,,,,csv.stage.qf,,,,,,,,,,,,,,,,,,,,,
80451,80111,,7,,,,,,,,,,,,,csv.stage.qf,,,,,,,,,,,,,,,,,,,,,
80452,80111,,8,,,,,,,,,,,,,csv.stage.qf,,,,,,,,,,,,,,,,,,,,,
80453,80111,,9,,,,,,,,,,,,,csv.stage.qf,,,,,,,,,,,,,,,,,,,,,
80454,80111,,10,,,,,,,,,,,,,csv.stage.qf,,,,,,,,,,,,,,,,,,,,,
80455,80111,,11,,,,,,,,,,,,,csv.stage.qf,,,,,,,,,,,,,,,,,,,,,
80456,80111,,12,,,,,,,,,,,,,csv.stage.qf,,,,,,,,,,,,,,,,,,,,,
80457,80112,,1,<292921;291353;292922;292923;301121;292924>,,,,,,,,,,,,csv.stage.qf,,,,,,,,,,,,,,,,,,,,,
80458,80112,,2,,,,,,,,,,,,,csv.stage.qf,,,,,,,,,,,,,,,,,,,,,
80459,80112,,3,,,,,,,,,,,,,csv.stage.qf,,,,,,,,,,,,,,,,,,,,,
80460,80112,,4,,,,,,,,,,,,,csv.stage.qf,,,,,,,,,,,,,,,,,,,,,
80461,80112,,5,,,,,,,,,,,,,csv.stage.qf,,,,,,,,,,,,,,,,,,,,,
80462,80112,,6,,,,,,,,,,,,,csv.stage.qf,,,,,,,,,,,,,,,,,,,,,
80463,80112,,7,,,,,,,,,,,,,csv.stage.qf,,,,,,,,,,,,,,,,,,,,,
80464,80112,,8,,,,,,,,,,,,,csv.stage.qf,,,,,,,,,,,,,,,,,,,,,
80465,80112,,9,,,,,,,,,,,,,csv.stage.qf,,,,,,,,,,,,,,,,,,,,,
80466,80112,,10,,,,,,,,,,,,,csv.stage.qf,,,,,,,,,,,,,,,,,,,,,
80467,80112,,11,,,,,,,,,,,,,csv.stage.qf,,,,,,,,,,,,,,,,,,,,,
80468,80112,,12,,,,,,,,,,,,,csv.stage.qf,,,,,,,,,,,,,,,,,,,,,
80469,80113,,1,<0;0;0;0;301131;0>,,,,,,,,,,,,csv.stage.qf,,,,,,,,,,,,,,,,,,,,,
80470,80113,,2,,,,,,,,,,,,,csv.stage.qf,,,,,,,,,,,,,,,,,,,,,
80471,80113,,3,,,,,,,,,,,,,csv.stage.qf,,,,,,,,,,,,,,,,,,,,,
80472,80113,,4,,,,,,,,,,,,,csv.stage.qf,,,,,,,,,,,,,,,,,,,,,
80473,80113,,5,,,,,,,,,,,,,csv.stage.qf,,,,,,,,,,,,,,,,,,,,,
80474,80113,,6,,,,,,,,,,,,,csv.stage.qf,,,,,,,,,,,,,,,,,,,,,
80475,80113,,7,,,,,,,,,,,,,csv.stage.qf,,,,,,,,,,,,,,,,,,,,,
80476,80113,,8,,,,,,,,,,,,,csv.stage.qf,,,,,,,,,,,,,,,,,,,,,
80477,80113,,9,,,,,,,,,,,,,csv.stage.qf,,,,,,,,,,,,,,,,,,,,,
80478,80113,,10,,,,,,,,,,,,,csv.stage.qf,,,,,,,,,,,,,,,,,,,,,
80479,80113,,11,,,,,,,,,,,,,csv.stage.qf,,,,,,,,,,,,,,,,,,,,,
80480,80113,,12,,,,,,,,,,,,,csv.stage.qf,,,,,,,,,,,,,,,,,,,,,
80481,80114,,1,,,,,,,,,,,,,csv.stage.qf,,,,,,,,,,,,,,,,,,,,,
80482,80114,,2,,,,,,,,,,,,,csv.stage.qf,,,,,,,,,,,,,,,,,,,,,
80483,80114,,3,,,,,,,,,,,,,csv.stage.qf,,,,,,,,,,,,,,,,,,,,,
80484,80114,,4,,,,,,,,,,,,,csv.stage.qf,,,,,,,,,,,,,,,,,,,,,
80485,80114,,5,,,,,,,,,,,,,csv.stage.qf,,,,,,,,,,,,,,,,,,,,,
80486,80114,,6,,,,,,,,,,,,,csv.stage.qf,,,,,,,,,,,,,,,,,,,,,
80487,80114,,7,,,,,,,,,,,,,csv.stage.qf,,,,,,,,,,,,,,,,,,,,,
80488,80114,,8,,,,,,,,,,,,,csv.stage.qf,,,,,,,,,,,,,,,,,,,,,
80489,80114,,9,,,,,,,,,,,,,csv.stage.qf,,,,,,,,,,,,,,,,,,,,,
80490,80114,,10,,,,,,,,,,,,,csv.stage.qf,,,,,,,,,,,,,,,,,,,,,
80491,80114,,11,,,,,,,,,,,,,csv.stage.qf,,,,,,,,,,,,,,,,,,,,,
80492,80114,,12,,,,,,,,,,,,,csv.stage.qf,,,,,,,,,,,,,,,,,,,,,
80493,80115,,1,,,,,,,,,,,,,csv.stage.qf,,,,,,,,,,,,,,,,,,,,,
80494,80115,,2,,,,,,,,,,,,,csv.stage.qf,,,,,,,,,,,,,,,,,,,,,
80495,80115,,3,,,,,,,,,,,,,csv.stage.qf,,,,,,,,,,,,,,,,,,,,,
80496,80115,,4,,,,,,,,,,,,,csv.stage.qf,,,,,,,,,,,,,,,,,,,,,
80497,80115,,5,,,,,,,,,,,,,csv.stage.qf,,,,,,,,,,,,,,,,,,,,,
80498,80115,,6,,,,,,,,,,,,,csv.stage.qf,,,,,,,,,,,,,,,,,,,,,
80499,80115,,7,,,,,,,,,,,,,csv.stage.qf,,,,,,,,,,,,,,,,,,,,,
80500,80115,,8,,,,,,,,,,,,,csv.stage.qf,,,,,,,,,,,,,,,,,,,,,
80501,80115,,9,,,,,,,,,,,,,csv.stage.qf,,,,,,,,,,,,,,,,,,,,,
80502,80115,,10,,,,,,,,,,,,,csv.stage.qf,,,,,,,,,,,,,,,,,,,,,
80503,80115,,11,,,,,,,,,,,,,csv.stage.qf,,,,,,,,,,,,,,,,,,,,,
80504,80115,,12,,,,,,,,,,,,,csv.stage.qf,,,,,,,,,,,,,,,,,,,,,
80505,80116,,1,,,,,,,,,,,,,csv.stage.qf,,,,,,,,,,,,,,,,,,,,,
80506,80116,,2,,,,,,,,,,,,,csv.stage.qf,,,,,,,,,,,,,,,,,,,,,
80507,80116,,3,,,,,,,,,,,,,csv.stage.qf,,,,,,,,,,,,,,,,,,,,,
80508,80116,,4,,,,,,,,,,,,,csv.stage.qf,,,,,,,,,,,,,,,,,,,,,
80509,80116,,5,,,,,,,,,,,,,csv.stage.qf,,,,,,,,,,,,,,,,,,,,,
80510,80116,,6,,,,,,,,,,,,,csv.stage.qf,,,,,,,,,,,,,,,,,,,,,
80511,80116,,7,,,,,,,,,,,,,csv.stage.qf,,,,,,,,,,,,,,,,,,,,,
80512,80116,,8,,,,,,,,,,,,,csv.stage.qf,,,,,,,,,,,,,,,,,,,,,
80513,80116,,9,,,,,,,,,,,,,csv.stage.qf,,,,,,,,,,,,,,,,,,,,,
80514,80116,,10,,,,,,,,,,,,,csv.stage.qf,,,,,,,,,,,,,,,,,,,,,
80515,80116,,11,,,,,,,,,,,,,csv.stage.qf,,,,,,,,,,,,,,,,,,,,,
80516,80116,,12,,,,,,,,,,,,,csv.stage.qf,,,,,,,,,,,,,,,,,,,,,
80517,80121,,1,,,,,,,,,,,,,csv.stage.qf,,,,,,,,,,,,,,,,,,,,,
80518,80121,,2,,,,,,,,,,,,,csv.stage.qf,,,,,,,,,,,,,,,,,,,,,
80519,80121,,3,,,,,,,,,,,,,csv.stage.qf,,,,,,,,,,,,,,,,,,,,,
80520,80121,,4,,,,,,,,,,,,,csv.stage.qf,,,,,,,,,,,,,,,,,,,,,
80521,80121,,5,,,,,,,,,,,,,csv.stage.qf,,,,,,,,,,,,,,,,,,,,,
80522,80121,,6,,,,,,,,,,,,,csv.stage.qf,,,,,,,,,,,,,,,,,,,,,
80523,80121,,7,,,,,,,,,,,,,csv.stage.qf,,,,,,,,,,,,,,,,,,,,,
80524,80121,,8,,,,,,,,,,,,,csv.stage.qf,,,,,,,,,,,,,,,,,,,,,
80525,80121,,9,,,,,,,,,,,,,csv.stage.qf,,,,,,,,,,,,,,,,,,,,,
80526,80121,,10,,,,,,,,,,,,,csv.stage.qf,,,,,,,,,,,,,,,,,,,,,
80527,80121,,11,,,,,,,,,,,,,csv.stage.qf,,,,,,,,,,,,,,,,,,,,,
80528,80121,,12,,,,,,,,,,,,,csv.stage.qf,,,,,,,,,,,,,,,,,,,,,
80529,80122,,1,<292871;292871;292871;292872;301221;292872>,,,,,,,,,,,,csv.stage.qf,,,,,,,,,,,,,,,,,,,,,
80530,80122,,2,<291861;291862;291863;0;301222;0>,,,,,,,,,,,,csv.stage.qf,,,,,,,,,,,,,,,,,,,,,
80531,80122,,3,,,,,,,,,,,,,csv.stage.qf,,,,,,,,,,,,,,,,,,,,,
80532,80122,,4,,,,,,,,,,,,,csv.stage.qf,,,,,,,,,,,,,,,,,,,,,
80533,80122,,5,,,,,,,,,,,,,csv.stage.qf,,,,,,,,,,,,,,,,,,,,,
80534,80122,,6,,,,,,,,,,,,,csv.stage.qf,,,,,,,,,,,,,,,,,,,,,
80535,80122,,7,,,,,,,,,,,,,csv.stage.qf,,,,,,,,,,,,,,,,,,,,,
80536,80122,,8,,,,,,,,,,,,,csv.stage.qf,,,,,,,,,,,,,,,,,,,,,
80537,80122,,9,,,,,,,,,,,,,csv.stage.qf,,,,,,,,,,,,,,,,,,,,,
80538,80122,,10,,,,,,,,,,,,,csv.stage.qf,,,,,,,,,,,,,,,,,,,,,
80539,80122,,11,,,,,,,,,,,,,csv.stage.qf,,,,,,,,,,,,,,,,,,,,,
80540,80122,,12,,,,,,,,,,,,,csv.stage.qf,,,,,,,,,,,,,,,,,,,,,
80541,80123,,1,<0;0;0;291851;301231;291851>,,,,,,,,,,,,csv.stage.qf,,,,,,,,,,,,,,,,,,,,,
80542,80123,,2,,,,,,,,,,,,,csv.stage.qf,,,,,,,,,,,,,,,,,,,,,
80543,80123,,3,,,,,,,,,,,,,csv.stage.qf,,,,,,,,,,,,,,,,,,,,,
80544,80123,,4,,,,,,,,,,,,,csv.stage.qf,,,,,,,,,,,,,,,,,,,,,
80545,80123,,5,,,,,,,,,,,,,csv.stage.qf,,,,,,,,,,,,,,,,,,,,,
80546,80123,,6,,,,,,,,,,,,,csv.stage.qf,,,,,,,,,,,,,,,,,,,,,
80547,80123,,7,,,,,,,,,,,,,csv.stage.qf,,,,,,,,,,,,,,,,,,,,,
80548,80123,,8,,,,,,,,,,,,,csv.stage.qf,,,,,,,,,,,,,,,,,,,,,
80549,80123,,9,,,,,,,,,,,,,csv.stage.qf,,,,,,,,,,,,,,,,,,,,,
80550,80123,,10,,,,,,,,,,,,,csv.stage.qf,,,,,,,,,,,,,,,,,,,,,
80551,80123,,11,,,,,,,,,,,,,csv.stage.qf,,,,,,,,,,,,,,,,,,,,,
80552,80123,,12,,,,,,,,,,,,,csv.stage.qf,,,,,,,,,,,,,,,,,,,,,
80553,80124,,1,<0;0;0;301241;0;291772>,,,,,,,,,,,,csv.stage.qf,,,,,,,,,,,,,,,,,,,,,
80554,80124,,2,,,,,,,,,,,,,csv.stage.qf,,,,,,,,,,,,,,,,,,,,,
80555,80124,,3,,,,,,,,,,,,,csv.stage.qf,,,,,,,,,,,,,,,,,,,,,
80556,80124,,4,,,,,,,,,,,,,csv.stage.qf,,,,,,,,,,,,,,,,,,,,,
80557,80124,,5,,,,,,,,,,,,,csv.stage.qf,,,,,,,,,,,,,,,,,,,,,
80558,80124,,6,,,,,,,,,,,,,csv.stage.qf,,,,,,,,,,,,,,,,,,,,,
80559,80124,,7,,,,,,,,,,,,,csv.stage.qf,,,,,,,,,,,,,,,,,,,,,
80560,80124,,8,,,,,,,,,,,,,csv.stage.qf,,,,,,,,,,,,,,,,,,,,,
80561,80124,,9,,,,,,,,,,,,,csv.stage.qf,,,,,,,,,,,,,,,,,,,,,
80562,80124,,10,,,,,,,,,,,,,csv.stage.qf,,,,,,,,,,,,,,,,,,,,,
80563,80124,,11,,,,,,,,,,,,,csv.stage.qf,,,,,,,,,,,,,,,,,,,,,
80564,80124,,12,,,,,,,,,,,,,csv.stage.qf,,,,,,,,,,,,,,,,,,,,,
80565,80125,,1,<291921;291921;291921;291921;301251;291921>,,,,,,,,,,,,csv.stage.qf,,,,,,,,,,,,,,,,,,,,,
80566,80125,,2,,,,,,,,,,,,,csv.stage.qf,,,,,,,,,,,,,,,,,,,,,
80567,80125,,3,,,,,,,,,,,,,csv.stage.qf,,,,,,,,,,,,,,,,,,,,,
80568,80125,,4,,,,,,,,,,,,,csv.stage.qf,,,,,,,,,,,,,,,,,,,,,
80569,80125,,5,,,,,,,,,,,,,csv.stage.qf,,,,,,,,,,,,,,,,,,,,,
80570,80125,,6,,,,,,,,,,,,,csv.stage.qf,,,,,,,,,,,,,,,,,,,,,
80571,80125,,7,,,,,,,,,,,,,csv.stage.qf,,,,,,,,,,,,,,,,,,,,,
80572,80125,,8,,,,,,,,,,,,,csv.stage.qf,,,,,,,,,,,,,,,,,,,,,
80573,80125,,9,,,,,,,,,,,,,csv.stage.qf,,,,,,,,,,,,,,,,,,,,,
80574,80125,,10,,,,,,,,,,,,,csv.stage.qf,,,,,,,,,,,,,,,,,,,,,
80575,80125,,11,,,,,,,,,,,,,csv.stage.qf,,,,,,,,,,,,,,,,,,,,,
80576,80125,,12,,,,,,,,,,,,,csv.stage.qf,,,,,,,,,,,,,,,,,,,,,
80577,80126,,1,,,,,,,,,,,,,csv.stage.qf,,,,,,,,,,,,,,,,,,,,,
80578,80126,,2,,,,,,,,,,,,,csv.stage.qf,,,,,,,,,,,,,,,,,,,,,
80579,80126,,3,,,,,,,,,,,,,csv.stage.qf,,,,,,,,,,,,,,,,,,,,,
80580,80126,,4,,,,,,,,,,,,,csv.stage.qf,,,,,,,,,,,,,,,,,,,,,
80581,80126,,5,,,,,,,,,,,,,csv.stage.qf,,,,,,,,,,,,,,,,,,,,,
80582,80126,,6,,,,,,,,,,,,,csv.stage.qf,,,,,,,,,,,,,,,,,,,,,
80583,80126,,7,,,,,,,,,,,,,csv.stage.qf,,,,,,,,,,,,,,,,,,,,,
80584,80126,,8,,,,,,,,,,,,,csv.stage.qf,,,,,,,,,,,,,,,,,,,,,
80585,80126,,9,,,,,,,,,,,,,csv.stage.qf,,,,,,,,,,,,,,,,,,,,,
80586,80126,,10,,,,,,,,,,,,,csv.stage.qf,,,,,,,,,,,,,,,,,,,,,
80587,80126,,11,,,,,,,,,,,,,csv.stage.qf,,,,,,,,,,,,,,,,,,,,,
80588,80126,,12,,,,,,,,,,,,,csv.stage.qf,,,,,,,,,,,,,,,,,,,,,
80589,80131,,1,<293021;293021;293021;291082;301311;291082>,,,,,,,,,,,,csv.stage.qf,,,,,,,,,,,,,,,,,,,,,
80590,80131,,2,,,,,,,,,,,,,csv.stage.qf,,,,,,,,,,,,,,,,,,,,,
80591,80131,,3,,,,,,,,,,,,,csv.stage.qf,,,,,,,,,,,,,,,,,,,,,
80592,80131,,4,,,,,,,,,,,,,csv.stage.qf,,,,,,,,,,,,,,,,,,,,,
80593,80131,,5,,,,,,,,,,,,,csv.stage.qf,,,,,,,,,,,,,,,,,,,,,
80594,80131,,6,,,,,,,,,,,,,csv.stage.qf,,,,,,,,,,,,,,,,,,,,,
80595,80131,,7,,,,,,,,,,,,,csv.stage.qf,,,,,,,,,,,,,,,,,,,,,
80596,80131,,8,,,,,,,,,,,,,csv.stage.qf,,,,,,,,,,,,,,,,,,,,,
80597,80131,,9,,,,,,,,,,,,,csv.stage.qf,,,,,,,,,,,,,,,,,,,,,
80598,80131,,10,,,,,,,,,,,,,csv.stage.qf,,,,,,,,,,,,,,,,,,,,,
80599,80131,,11,,,,,,,,,,,,,csv.stage.qf,,,,,,,,,,,,,,,,,,,,,
80600,80131,,12,,,,,,,,,,,,,csv.stage.qf,,,,,,,,,,,,,,,,,,,,,
80601,80132,,1,<290641;290641;290641;292361;301321;292361>,,,,,,,,,,,,csv.stage.qf,,,,,,,,,,,,,,,,,,,,,
80602,80132,,2,,,,,,,,,,,,,csv.stage.qf,,,,,,,,,,,,,,,,,,,,,
80603,80132,,3,,,,,,,,,,,,,csv.stage.qf,,,,,,,,,,,,,,,,,,,,,
80604,80132,,4,,,,,,,,,,,,,csv.stage.qf,,,,,,,,,,,,,,,,,,,,,
80605,80132,,5,,,,,,,,,,,,,csv.stage.qf,,,,,,,,,,,,,,,,,,,,,
80606,80132,,6,,,,,,,,,,,,,csv.stage.qf,,,,,,,,,,,,,,,,,,,,,
80607,80132,,7,,,,,,,,,,,,,csv.stage.qf,,,,,,,,,,,,,,,,,,,,,
80608,80132,,8,,,,,,,,,,,,,csv.stage.qf,,,,,,,,,,,,,,,,,,,,,
80609,80132,,9,,,,,,,,,,,,,csv.stage.qf,,,,,,,,,,,,,,,,,,,,,
80610,80132,,10,,,,,,,,,,,,,csv.stage.qf,,,,,,,,,,,,,,,,,,,,,
80611,80132,,11,,,,,,,,,,,,,csv.stage.qf,,,,,,,,,,,,,,,,,,,,,
80612,80132,,12,,,,,,,,,,,,,csv.stage.qf,,,,,,,,,,,,,,,,,,,,,
80613,80133,,1,<290632;290632;290632;290632;301331;290632>,,,,,,,,,,,,csv.stage.qf,,,,,,,,,,,,,,,,,,,,,
80614,80133,,2,,,,,,,,,,,,,csv.stage.qf,,,,,,,,,,,,,,,,,,,,,
80615,80133,,3,,,,,,,,,,,,,csv.stage.qf,,,,,,,,,,,,,,,,,,,,,
80616,80133,,4,,,,,,,,,,,,,csv.stage.qf,,,,,,,,,,,,,,,,,,,,,
80617,80133,,5,,,,,,,,,,,,,csv.stage.qf,,,,,,,,,,,,,,,,,,,,,
80618,80133,,6,,,,,,,,,,,,,csv.stage.qf,,,,,,,,,,,,,,,,,,,,,
80619,80133,,7,,,,,,,,,,,,,csv.stage.qf,,,,,,,,,,,,,,,,,,,,,
80620,80133,,8,,,,,,,,,,,,,csv.stage.qf,,,,,,,,,,,,,,,,,,,,,
80621,80133,,9,,,,,,,,,,,,,csv.stage.qf,,,,,,,,,,,,,,,,,,,,,
80622,80133,,10,,,,,,,,,,,,,csv.stage.qf,,,,,,,,,,,,,,,,,,,,,
80623,80133,,11,,,,,,,,,,,,,csv.stage.qf,,,,,,,,,,,,,,,,,,,,,
80624,80133,,12,,,,,,,,,,,,,csv.stage.qf,,,,,,,,,,,,,,,,,,,,,
80625,80134,,1,<290632;290632;290632;290632;301341;290632>,,,,,,,,,,,,csv.stage.qf,,,,,,,,,,,,,,,,,,,,,
80626,80134,,2,,,,,,,,,,,,,csv.stage.qf,,,,,,,,,,,,,,,,,,,,,
80627,80134,,3,,,,,,,,,,,,,csv.stage.qf,,,,,,,,,,,,,,,,,,,,,
80628,80134,,4,,,,,,,,,,,,,csv.stage.qf,,,,,,,,,,,,,,,,,,,,,
80629,80134,,5,,,,,,,,,,,,,csv.stage.qf,,,,,,,,,,,,,,,,,,,,,
80630,80134,,6,,,,,,,,,,,,,csv.stage.qf,,,,,,,,,,,,,,,,,,,,,
80631,80134,,7,,,,,,,,,,,,,csv.stage.qf,,,,,,,,,,,,,,,,,,,,,
80632,80134,,8,,,,,,,,,,,,,csv.stage.qf,,,,,,,,,,,,,,,,,,,,,
80633,80134,,9,,,,,,,,,,,,,csv.stage.qf,,,,,,,,,,,,,,,,,,,,,
80634,80134,,10,,,,,,,,,,,,,csv.stage.qf,,,,,,,,,,,,,,,,,,,,,
80635,80134,,11,,,,,,,,,,,,,csv.stage.qf,,,,,,,,,,,,,,,,,,,,,
80636,80134,,12,,,,,,,,,,,,,csv.stage.qf,,,,,,,,,,,,,,,,,,,,,
80637,80135,,1,,,,,,,,,,,,,csv.stage.qf,,,,,,,,,,,,,,,,,,,,,
80638,80135,,2,,,,,,,,,,,,,csv.stage.qf,,,,,,,,,,,,,,,,,,,,,
80639,80135,,3,,,,,,,,,,,,,csv.stage.qf,,,,,,,,,,,,,,,,,,,,,
80640,80135,,4,,,,,,,,,,,,,csv.stage.qf,,,,,,,,,,,,,,,,,,,,,
80641,80135,,5,,,,,,,,,,,,,csv.stage.qf,,,,,,,,,,,,,,,,,,,,,
80642,80135,,6,,,,,,,,,,,,,csv.stage.qf,,,,,,,,,,,,,,,,,,,,,
80643,80135,,7,,,,,,,,,,,,,csv.stage.qf,,,,,,,,,,,,,,,,,,,,,
80644,80135,,8,,,,,,,,,,,,,csv.stage.qf,,,,,,,,,,,,,,,,,,,,,
80645,80135,,9,,,,,,,,,,,,,csv.stage.qf,,,,,,,,,,,,,,,,,,,,,
80646,80135,,10,,,,,,,,,,,,,csv.stage.qf,,,,,,,,,,,,,,,,,,,,,
80647,80135,,11,,,,,,,,,,,,,csv.stage.qf,,,,,,,,,,,,,,,,,,,,,
80648,80135,,12,,,,,,,,,,,,,csv.stage.qf,,,,,,,,,,,,,,,,,,,,,
80649,80136,,1,,,,,,,,,,,,,csv.stage.qf,,,,,,,,,,,,,,,,,,,,,
80650,80136,,2,,,,,,,,,,,,,csv.stage.qf,,,,,,,,,,,,,,,,,,,,,
80651,80136,,3,,,,,,,,,,,,,csv.stage.qf,,,,,,,,,,,,,,,,,,,,,
80652,80136,,4,,,,,,,,,,,,,csv.stage.qf,,,,,,,,,,,,,,,,,,,,,
80653,80136,,5,,,,,,,,,,,,,csv.stage.qf,,,,,,,,,,,,,,,,,,,,,
80654,80136,,6,,,,,,,,,,,,,csv.stage.qf,,,,,,,,,,,,,,,,,,,,,
80655,80136,,7,,,,,,,,,,,,,csv.stage.qf,,,,,,,,,,,,,,,,,,,,,
80656,80136,,8,,,,,,,,,,,,,csv.stage.qf,,,,,,,,,,,,,,,,,,,,,
80657,80136,,9,,,,,,,,,,,,,csv.stage.qf,,,,,,,,,,,,,,,,,,,,,
80658,80136,,10,,,,,,,,,,,,,csv.stage.qf,,,,,,,,,,,,,,,,,,,,,
80659,80136,,11,,,,,,,,,,,,,csv.stage.qf,,,,,,,,,,,,,,,,,,,,,
80660,80136,,12,,,,,,,,,,,,,csv.stage.qf,,,,,,,,,,,,,,,,,,,,,
80661,80141,,1,<291313;290632;290024;291241;301411;293303>,,,,,,,,,,,,csv.stage.qf,,,,,,,,,,,,,,,,,,,,,
80662,80141,,2,,,,,,,,,,,,,csv.stage.qf,,,,,,,,,,,,,,,,,,,,,
80663,80141,,3,,,,,,,,,,,,,csv.stage.qf,,,,,,,,,,,,,,,,,,,,,
80664,80141,,4,,,,,,,,,,,,,csv.stage.qf,,,,,,,,,,,,,,,,,,,,,
80665,80141,,5,,,,,,,,,,,,,csv.stage.qf,,,,,,,,,,,,,,,,,,,,,
80666,80141,,6,,,,,,,,,,,,,csv.stage.qf,,,,,,,,,,,,,,,,,,,,,
80667,80141,,7,,,,,,,,,,,,,csv.stage.qf,,,,,,,,,,,,,,,,,,,,,
80668,80141,,8,,,,,,,,,,,,,csv.stage.qf,,,,,,,,,,,,,,,,,,,,,
80669,80141,,9,,,,,,,,,,,,,csv.stage.qf,,,,,,,,,,,,,,,,,,,,,
80670,80141,,10,,,,,,,,,,,,,csv.stage.qf,,,,,,,,,,,,,,,,,,,,,
80671,80141,,11,,,,,,,,,,,,,csv.stage.qf,,,,,,,,,,,,,,,,,,,,,
80672,80141,,12,,,,,,,,,,,,,csv.stage.qf,,,,,,,,,,,,,,,,,,,,,
80673,80142,,1,<292302;293021;291921;291082;301421;293502>,,,,,,,,,,,,csv.stage.qf,,,,,,,,,,,,,,,,,,,,,
80674,80142,,2,,,,,,,,,,,,,csv.stage.qf,,,,,,,,,,,,,,,,,,,,,
80675,80142,,3,,,,,,,,,,,,,csv.stage.qf,,,,,,,,,,,,,,,,,,,,,
80676,80142,,4,,,,,,,,,,,,,csv.stage.qf,,,,,,,,,,,,,,,,,,,,,
80677,80142,,5,,,,,,,,,,,,,csv.stage.qf,,,,,,,,,,,,,,,,,,,,,
80678,80142,,6,,,,,,,,,,,,,csv.stage.qf,,,,,,,,,,,,,,,,,,,,,
80679,80142,,7,,,,,,,,,,,,,csv.stage.qf,,,,,,,,,,,,,,,,,,,,,
80680,80142,,8,,,,,,,,,,,,,csv.stage.qf,,,,,,,,,,,,,,,,,,,,,
80681,80142,,9,,,,,,,,,,,,,csv.stage.qf,,,,,,,,,,,,,,,,,,,,,
80682,80142,,10,,,,,,,,,,,,,csv.stage.qf,,,,,,,,,,,,,,,,,,,,,
80683,80142,,11,,,,,,,,,,,,,csv.stage.qf,,,,,,,,,,,,,,,,,,,,,
80684,80142,,12,,,,,,,,,,,,,csv.stage.qf,,,,,,,,,,,,,,,,,,,,,
80685,80143,,1,<0;291241;0;0;301431;0>,,,,,,,,,,,,csv.stage.qf,,,,,,,,,,,,,,,,,,,,,
80686,80143,,2,,,,,,,,,,,,,csv.stage.qf,,,,,,,,,,,,,,,,,,,,,
80687,80143,,3,,,,,,,,,,,,,csv.stage.qf,,,,,,,,,,,,,,,,,,,,,
80688,80143,,4,,,,,,,,,,,,,csv.stage.qf,,,,,,,,,,,,,,,,,,,,,
80689,80143,,5,,,,,,,,,,,,,csv.stage.qf,,,,,,,,,,,,,,,,,,,,,
80690,80143,,6,,,,,,,,,,,,,csv.stage.qf,,,,,,,,,,,,,,,,,,,,,
80691,80143,,7,,,,,,,,,,,,,csv.stage.qf,,,,,,,,,,,,,,,,,,,,,
80692,80143,,8,,,,,,,,,,,,,csv.stage.qf,,,,,,,,,,,,,,,,,,,,,
80693,80143,,9,,,,,,,,,,,,,csv.stage.qf,,,,,,,,,,,,,,,,,,,,,
80694,80143,,10,,,,,,,,,,,,,csv.stage.qf,,,,,,,,,,,,,,,,,,,,,
80695,80143,,11,,,,,,,,,,,,,csv.stage.qf,,,,,,,,,,,,,,,,,,,,,
80696,80143,,12,,,,,,,,,,,,,csv.stage.qf,,,,,,,,,,,,,,,,,,,,,
80697,80144,,1,<0;0;0;0;301441;0>,,,,,,,,,,,,csv.stage.qf,,,,,,,,,,,,,,,,,,,,,
80698,80144,,2,,,,,,,,,,,,,csv.stage.qf,,,,,,,,,,,,,,,,,,,,,
80699,80144,,3,,,,,,,,,,,,,csv.stage.qf,,,,,,,,,,,,,,,,,,,,,
80700,80144,,4,,,,,,,,,,,,,csv.stage.qf,,,,,,,,,,,,,,,,,,,,,
80701,80144,,5,,,,,,,,,,,,,csv.stage.qf,,,,,,,,,,,,,,,,,,,,,
80702,80144,,6,,,,,,,,,,,,,csv.stage.qf,,,,,,,,,,,,,,,,,,,,,
80703,80144,,7,,,,,,,,,,,,,csv.stage.qf,,,,,,,,,,,,,,,,,,,,,
80704,80144,,8,,,,,,,,,,,,,csv.stage.qf,,,,,,,,,,,,,,,,,,,,,
80705,80144,,9,,,,,,,,,,,,,csv.stage.qf,,,,,,,,,,,,,,,,,,,,,
80706,80144,,10,,,,,,,,,,,,,csv.stage.qf,,,,,,,,,,,,,,,,,,,,,
80707,80144,,11,,,,,,,,,,,,,csv.stage.qf,,,,,,,,,,,,,,,,,,,,,
80708,80144,,12,,,,,,,,,,,,,csv.stage.qf,,,,,,,,,,,,,,,,,,,,,
80709,80145,,1,<292421;293651;297071;292361;301451;297011>,,,,,,,,,,,,csv.stage.qf,,,,,,,,,,,,,<294682;297131;291921;291082;293241;290721>,4,,,,,,,
80710,80145,,2,,,,,,,,,,,,,csv.stage.qf,,,,,,,,,,,,,,,,,,,,,
80711,80145,,3,,,,,,,,,,,,,csv.stage.qf,,,,,,,,,,,,,,,,,,,,,
80712,80145,,4,,,,,,,,,,,,,csv.stage.qf,,,,,,,,,,,,,,,,,,,,,
80713,80145,,5,,,,,,,,,,,,,csv.stage.qf,,,,,,,,,,,,,,,,,,,,,
80714,80145,,6,,,,,,,,,,,,,csv.stage.qf,,,,,,,,,,,,,,,,,,,,,
80715,80145,,7,,,,,,,,,,,,,csv.stage.qf,,,,,,,,,,,,,,,,,,,,,
80716,80145,,8,,,,,,,,,,,,,csv.stage.qf,,,,,,,,,,,,,,,,,,,,,
80717,80145,,9,,,,,,,,,,,,,csv.stage.qf,,,,,,,,,,,,,,,,,,,,,
80718,80145,,10,,,,,,,,,,,,,csv.stage.qf,,,,,,,,,,,,,,,,,,,,,
80719,80145,,11,,,,,,,,,,,,,csv.stage.qf,,,,,,,,,,,,,,,,,,,,,
80720,80145,,12,,,,,,,,,,,,,csv.stage.qf,,,,,,,,,,,,,,,,,,,,,
80721,80146,,1,,,,,,,,,,,,,csv.stage.qf,,,,,,,,,,,,,,,,,,,,,
80722,80146,,2,,,,,,,,,,,,,csv.stage.qf,,,,,,,,,,,,,,,,,,,,,
80723,80146,,3,,,,,,,,,,,,,csv.stage.qf,,,,,,,,,,,,,,,,,,,,,
80724,80146,,4,,,,,,,,,,,,,csv.stage.qf,,,,,,,,,,,,,,,,,,,,,
80725,80146,,5,,,,,,,,,,,,,csv.stage.qf,,,,,,,,,,,,,,,,,,,,,
80726,80146,,6,,,,,,,,,,,,,csv.stage.qf,,,,,,,,,,,,,,,,,,,,,
80727,80146,,7,,,,,,,,,,,,,csv.stage.qf,,,,,,,,,,,,,,,,,,,,,
80728,80146,,8,,,,,,,,,,,,,csv.stage.qf,,,,,,,,,,,,,,,,,,,,,
80729,80146,,9,,,,,,,,,,,,,csv.stage.qf,,,,,,,,,,,,,,,,,,,,,
80730,80146,,10,,,,,,,,,,,,,csv.stage.qf,,,,,,,,,,,,,,,,,,,,,
80731,80146,,11,,,,,,,,,,,,,csv.stage.qf,,,,,,,,,,,,,,,,,,,,,
80732,80146,,12,,,,,,,,,,,,,csv.stage.qf,,,,,,,,,,,,,,,,,,,,,
80733,80151,,1,<291921;290382;290024;291241;301511;291961>,,,,,,,,,,,,csv.stage.qf,,,,,,,,,,,,,,,,,,,,,
80734,80151,,2,,,,,,,,,,,,,csv.stage.qf,,,,,,,,,,,,,,,,,,,,,
80735,80151,,3,,,,,,,,,,,,,csv.stage.qf,,,,,,,,,,,,,,,,,,,,,
80736,80151,,4,,,,,,,,,,,,,csv.stage.qf,,,,,,,,,,,,,,,,,,,,,
80737,80151,,5,,,,,,,,,,,,,csv.stage.qf,,,,,,,,,,,,,,,,,,,,,
80738,80151,,6,,,,,,,,,,,,,csv.stage.qf,,,,,,,,,,,,,,,,,,,,,
80739,80151,,7,,,,,,,,,,,,,csv.stage.qf,,,,,,,,,,,,,,,,,,,,,
80740,80151,,8,,,,,,,,,,,,,csv.stage.qf,,,,,,,,,,,,,,,,,,,,,
80741,80151,,9,,,,,,,,,,,,,csv.stage.qf,,,,,,,,,,,,,,,,,,,,,
80742,80151,,10,,,,,,,,,,,,,csv.stage.qf,,,,,,,,,,,,,,,,,,,,,
80743,80151,,11,,,,,,,,,,,,,csv.stage.qf,,,,,,,,,,,,,,,,,,,,,
80744,80151,,12,,,,,,,,,,,,,csv.stage.qf,,,,,,,,,,,,,,,,,,,,,
80745,80201,,1,<290171;302011;290282;292301;0;293561>,,,,,,,,,,,,csv.stage.xcdg,,,,,,,,,,,,,,,,,,,,,
80746,80201,,2,,,,,,,,,,,,,csv.stage.xcdg,,,,,,,,,,,,,,,,,,,,,
80747,80201,,3,,,,,,,,,,,,,csv.stage.xcdg,,,,,,,,,,,,,,,,,,,,,
80748,80201,,4,,,,,,,,,,,,,csv.stage.xcdg,,,,,,,,,,,,,,,,,,,,,
80749,80201,,5,,,,,,,,,,,,,csv.stage.xcdg,,,,,,,,,,,,,,,,,,,,,
80750,80201,,6,,,,,,,,,,,,,csv.stage.xcdg,,,,,,,,,,,,,,,,,,,,,
80751,80201,,7,,,,,,,,,,,,,csv.stage.xcdg,,,,,,,,,,,,,,,,,,,,,
80752,80201,,8,,,,,,,,,,,,,csv.stage.xcdg,,,,,,,,,,,,,,,,,,,,,
80753,80201,,9,,,,,,,,,,,,,csv.stage.xcdg,,,,,,,,,,,,,,,,,,,,,
80754,80201,,10,,,,,,,,,,,,,csv.stage.xcdg,,,,,,,,,,,,,,,,,,,,,
80755,80201,,11,,,,,,,,,,,,,csv.stage.xcdg,,,,,,,,,,,,,,,,,,,,,
80756,80201,,12,,,,,,,,,,,,,csv.stage.xcdg,,,,,,,,,,,,,,,,,,,,,
80757,80202,,1,<290341;290071;290351;290033;302021;290051>,,,,,,,,,,,,csv.stage.xcdg,,,,,,,,,,,,,,,,,,,,,
80758,80202,,2,,,,,,,,,,,,,csv.stage.xcdg,,,,,,,,,,,,,,,,,,,,,
80759,80202,,3,,,,,,,,,,,,,csv.stage.xcdg,,,,,,,,,,,,,,,,,,,,,
80760,80202,,4,,,,,,,,,,,,,csv.stage.xcdg,,,,,,,,,,,,,,,,,,,,,
80761,80202,,5,,,,,,,,,,,,,csv.stage.xcdg,,,,,,,,,,,,,,,,,,,,,
80762,80202,,6,,,,,,,,,,,,,csv.stage.xcdg,,,,,,,,,,,,,,,,,,,,,
80763,80202,,7,,,,,,,,,,,,,csv.stage.xcdg,,,,,,,,,,,,,,,,,,,,,
80764,80202,,8,,,,,,,,,,,,,csv.stage.xcdg,,,,,,,,,,,,,,,,,,,,,
80765,80202,,9,,,,,,,,,,,,,csv.stage.xcdg,,,,,,,,,,,,,,,,,,,,,
80766,80202,,10,,,,,,,,,,,,,csv.stage.xcdg,,,,,,,,,,,,,,,,,,,,,
80767,80202,,11,,,,,,,,,,,,,csv.stage.xcdg,,,,,,,,,,,,,,,,,,,,,
80768,80202,,12,,,,,,,,,,,,,csv.stage.xcdg,,,,,,,,,,,,,,,,,,,,,
80769,80203,,1,<290711;291421;290061;290471;302031;291442>,,,,,,,,,,,,csv.stage.xcdg,,,,,,,,,,,,,,,,,,,,,
80770,80203,,2,,,,,,,,,,,,,csv.stage.xcdg,,,,,,,,,,,,,,,,,,,,,
80771,80203,,3,,,,,,,,,,,,,csv.stage.xcdg,,,,,,,,,,,,,,,,,,,,,
80772,80203,,4,,,,,,,,,,,,,csv.stage.xcdg,,,,,,,,,,,,,,,,,,,,,
80773,80203,,5,,,,,,,,,,,,,csv.stage.xcdg,,,,,,,,,,,,,,,,,,,,,
80774,80203,,6,,,,,,,,,,,,,csv.stage.xcdg,,,,,,,,,,,,,,,,,,,,,
80775,80203,,7,,,,,,,,,,,,,csv.stage.xcdg,,,,,,,,,,,,,,,,,,,,,
80776,80203,,8,,,,,,,,,,,,,csv.stage.xcdg,,,,,,,,,,,,,,,,,,,,,
80777,80203,,9,,,,,,,,,,,,,csv.stage.xcdg,,,,,,,,,,,,,,,,,,,,,
80778,80203,,10,,,,,,,,,,,,,csv.stage.xcdg,,,,,,,,,,,,,,,,,,,,,
80779,80203,,11,,,,,,,,,,,,,csv.stage.xcdg,,,,,,,,,,,,,,,,,,,,,
80780,80203,,12,,,,,,,,,,,,,csv.stage.xcdg,,,,,,,,,,,,,,,,,,,,,
80781,80204,,1,<299001;299001;299001;299002;302041;299002>,,,,,,,,,,,,csv.stage.xcdg,,,,,,,,,,,,,,,,,,,,,
80782,80204,,2,,,,,,,,,,,,,csv.stage.xcdg,,,,,,,,,,,,,,,,,,,,,
80783,80204,,3,,,,,,,,,,,,,csv.stage.xcdg,,,,,,,,,,,,,,,,,,,,,
80784,80204,,4,,,,,,,,,,,,,csv.stage.xcdg,,,,,,,,,,,,,,,,,,,,,
80785,80204,,5,,,,,,,,,,,,,csv.stage.xcdg,,,,,,,,,,,,,,,,,,,,,
80786,80204,,6,,,,,,,,,,,,,csv.stage.xcdg,,,,,,,,,,,,,,,,,,,,,
80787,80204,,7,,,,,,,,,,,,,csv.stage.xcdg,,,,,,,,,,,,,,,,,,,,,
80788,80204,,8,,,,,,,,,,,,,csv.stage.xcdg,,,,,,,,,,,,,,,,,,,,,
80789,80204,,9,,,,,,,,,,,,,csv.stage.xcdg,,,,,,,,,,,,,,,,,,,,,
80790,80204,,10,,,,,,,,,,,,,csv.stage.xcdg,,,,,,,,,,,,,,,,,,,,,
80791,80204,,11,,,,,,,,,,,,,csv.stage.xcdg,,,,,,,,,,,,,,,,,,,,,
80792,80204,,12,,,,,,,,,,,,,csv.stage.xcdg,,,,,,,,,,,,,,,,,,,,,
80793,80205,,1,,,,,,,,,,,,,csv.stage.xcdg,,,,,,,,,,,,,,,,,,,,,
80794,80205,,2,,,,,,,,,,,,,csv.stage.xcdg,,,,,,,,,,,,,,,,,,,,,
80795,80205,,3,,,,,,,,,,,,,csv.stage.xcdg,,,,,,,,,,,,,,,,,,,,,
80796,80205,,4,,,,,,,,,,,,,csv.stage.xcdg,,,,,,,,,,,,,,,,,,,,,
80797,80205,,5,,,,,,,,,,,,,csv.stage.xcdg,,,,,,,,,,,,,,,,,,,,,
80798,80205,,6,,,,,,,,,,,,,csv.stage.xcdg,,,,,,,,,,,,,,,,,,,,,
80799,80205,,7,,,,,,,,,,,,,csv.stage.xcdg,,,,,,,,,,,,,,,,,,,,,
80800,80205,,8,,,,,,,,,,,,,csv.stage.xcdg,,,,,,,,,,,,,,,,,,,,,
80801,80205,,9,,,,,,,,,,,,,csv.stage.xcdg,,,,,,,,,,,,,,,,,,,,,
80802,80205,,10,,,,,,,,,,,,,csv.stage.xcdg,,,,,,,,,,,,,,,,,,,,,
80803,80205,,11,,,,,,,,,,,,,csv.stage.xcdg,,,,,,,,,,,,,,,,,,,,,
80804,80205,,12,,,,,,,,,,,,,csv.stage.xcdg,,,,,,,,,,,,,,,,,,,,,
80805,80206,,1,,,,,,,,,,,,,csv.stage.xcdg,,,,,,,,,,,,,,,,,,,,,
80806,80206,,2,,,,,,,,,,,,,csv.stage.xcdg,,,,,,,,,,,,,,,,,,,,,
80807,80206,,3,,,,,,,,,,,,,csv.stage.xcdg,,,,,,,,,,,,,,,,,,,,,
80808,80206,,4,,,,,,,,,,,,,csv.stage.xcdg,,,,,,,,,,,,,,,,,,,,,
80809,80206,,5,,,,,,,,,,,,,csv.stage.xcdg,,,,,,,,,,,,,,,,,,,,,
80810,80206,,6,,,,,,,,,,,,,csv.stage.xcdg,,,,,,,,,,,,,,,,,,,,,
80811,80206,,7,,,,,,,,,,,,,csv.stage.xcdg,,,,,,,,,,,,,,,,,,,,,
80812,80206,,8,,,,,,,,,,,,,csv.stage.xcdg,,,,,,,,,,,,,,,,,,,,,
80813,80206,,9,,,,,,,,,,,,,csv.stage.xcdg,,,,,,,,,,,,,,,,,,,,,
80814,80206,,10,,,,,,,,,,,,,csv.stage.xcdg,,,,,,,,,,,,,,,,,,,,,
80815,80206,,11,,,,,,,,,,,,,csv.stage.xcdg,,,,,,,,,,,,,,,,,,,,,
80816,80206,,12,,,,,,,,,,,,,csv.stage.xcdg,,,,,,,,,,,,,,,,,,,,,
80817,80211,,1,<290001;291291;293281;292011;302111;292471>,,,,,,,,,,,,csv.stage.xcdg,,,,,,,,,,,,,,,,,,,,,
80818,80211,,2,,,,,,,,,,,,,csv.stage.xcdg,,,,,,,,,,,,,,,,,,,,,
80819,80211,,3,,,,,,,,,,,,,csv.stage.xcdg,,,,,,,,,,,,,,,,,,,,,
80820,80211,,4,,,,,,,,,,,,,csv.stage.xcdg,,,,,,,,,,,,,,,,,,,,,
80821,80211,,5,,,,,,,,,,,,,csv.stage.xcdg,,,,,,,,,,,,,,,,,,,,,
80822,80211,,6,,,,,,,,,,,,,csv.stage.xcdg,,,,,,,,,,,,,,,,,,,,,
80823,80211,,7,,,,,,,,,,,,,csv.stage.xcdg,,,,,,,,,,,,,,,,,,,,,
80824,80211,,8,,,,,,,,,,,,,csv.stage.xcdg,,,,,,,,,,,,,,,,,,,,,
80825,80211,,9,,,,,,,,,,,,,csv.stage.xcdg,,,,,,,,,,,,,,,,,,,,,
80826,80211,,10,,,,,,,,,,,,,csv.stage.xcdg,,,,,,,,,,,,,,,,,,,,,
80827,80211,,11,,,,,,,,,,,,,csv.stage.xcdg,,,,,,,,,,,,,,,,,,,,,
80828,80211,,12,,,,,,,,,,,,,csv.stage.xcdg,,,,,,,,,,,,,,,,,,,,,
80829,80212,,1,<0;0;0;290501;302121;290503>,,,,,,,,,,,,csv.stage.xcdg,,,,,,,,,,,,,,,,,,,,,
80830,80212,,2,,,,,,,,,,,,,csv.stage.xcdg,,,,,,,,,,,,,,,,,,,,,
80831,80212,,3,,,,,,,,,,,,,csv.stage.xcdg,,,,,,,,,,,,,,,,,,,,,
80832,80212,,4,,,,,,,,,,,,,csv.stage.xcdg,,,,,,,,,,,,,,,,,,,,,
80833,80212,,5,,,,,,,,,,,,,csv.stage.xcdg,,,,,,,,,,,,,,,,,,,,,
80834,80212,,6,,,,,,,,,,,,,csv.stage.xcdg,,,,,,,,,,,,,,,,,,,,,
80835,80212,,7,,,,,,,,,,,,,csv.stage.xcdg,,,,,,,,,,,,,,,,,,,,,
80836,80212,,8,,,,,,,,,,,,,csv.stage.xcdg,,,,,,,,,,,,,,,,,,,,,
80837,80212,,9,,,,,,,,,,,,,csv.stage.xcdg,,,,,,,,,,,,,,,,,,,,,
80838,80212,,10,,,,,,,,,,,,,csv.stage.xcdg,,,,,,,,,,,,,,,,,,,,,
80839,80212,,11,,,,,,,,,,,,,csv.stage.xcdg,,,,,,,,,,,,,,,,,,,,,
80840,80212,,12,,,,,,,,,,,,,csv.stage.xcdg,,,,,,,,,,,,,,,,,,,,,
80841,80213,,1,<291441;291441;291441;291442;302131;291442>,,,,,,,,,,,,csv.stage.xcdg,,,,,,,,,,,,,,,,,,,,,
80842,80213,,2,,,,,,,,,,,,,csv.stage.xcdg,,,,,,,,,,,,,,,,,,,,,
80843,80213,,3,,,,,,,,,,,,,csv.stage.xcdg,,,,,,,,,,,,,,,,,,,,,
80844,80213,,4,,,,,,,,,,,,,csv.stage.xcdg,,,,,,,,,,,,,,,,,,,,,
80845,80213,,5,,,,,,,,,,,,,csv.stage.xcdg,,,,,,,,,,,,,,,,,,,,,
80846,80213,,6,,,,,,,,,,,,,csv.stage.xcdg,,,,,,,,,,,,,,,,,,,,,
80847,80213,,7,,,,,,,,,,,,,csv.stage.xcdg,,,,,,,,,,,,,,,,,,,,,
80848,80213,,8,,,,,,,,,,,,,csv.stage.xcdg,,,,,,,,,,,,,,,,,,,,,
80849,80213,,9,,,,,,,,,,,,,csv.stage.xcdg,,,,,,,,,,,,,,,,,,,,,
80850,80213,,10,,,,,,,,,,,,,csv.stage.xcdg,,,,,,,,,,,,,,,,,,,,,
80851,80213,,11,,,,,,,,,,,,,csv.stage.xcdg,,,,,,,,,,,,,,,,,,,,,
80852,80213,,12,,,,,,,,,,,,,csv.stage.xcdg,,,,,,,,,,,,,,,,,,,,,
80853,80214,,1,,,,,,,,,,,,,csv.stage.xcdg,,,,,,,,,,,,,,,,,,,,,
80854,80214,,2,,,,,,,,,,,,,csv.stage.xcdg,,,,,,,,,,,,,,,,,,,,,
80855,80214,,3,,,,,,,,,,,,,csv.stage.xcdg,,,,,,,,,,,,,,,,,,,,,
80856,80214,,4,,,,,,,,,,,,,csv.stage.xcdg,,,,,,,,,,,,,,,,,,,,,
80857,80214,,5,,,,,,,,,,,,,csv.stage.xcdg,,,,,,,,,,,,,,,,,,,,,
80858,80214,,6,,,,,,,,,,,,,csv.stage.xcdg,,,,,,,,,,,,,,,,,,,,,
80859,80214,,7,,,,,,,,,,,,,csv.stage.xcdg,,,,,,,,,,,,,,,,,,,,,
80860,80214,,8,,,,,,,,,,,,,csv.stage.xcdg,,,,,,,,,,,,,,,,,,,,,
80861,80214,,9,,,,,,,,,,,,,csv.stage.xcdg,,,,,,,,,,,,,,,,,,,,,
80862,80214,,10,,,,,,,,,,,,,csv.stage.xcdg,,,,,,,,,,,,,,,,,,,,,
80863,80214,,11,,,,,,,,,,,,,csv.stage.xcdg,,,,,,,,,,,,,,,,,,,,,
80864,80214,,12,,,,,,,,,,,,,csv.stage.xcdg,,,,,,,,,,,,,,,,,,,,,
80865,80215,,1,,,,,,,,,,,,,csv.stage.xcdg,,,,,,,,,,,,,,,,,,,,,
80866,80215,,2,,,,,,,,,,,,,csv.stage.xcdg,,,,,,,,,,,,,,,,,,,,,
80867,80215,,3,,,,,,,,,,,,,csv.stage.xcdg,,,,,,,,,,,,,,,,,,,,,
80868,80215,,4,,,,,,,,,,,,,csv.stage.xcdg,,,,,,,,,,,,,,,,,,,,,
80869,80215,,5,,,,,,,,,,,,,csv.stage.xcdg,,,,,,,,,,,,,,,,,,,,,
80870,80215,,6,,,,,,,,,,,,,csv.stage.xcdg,,,,,,,,,,,,,,,,,,,,,
80871,80215,,7,,,,,,,,,,,,,csv.stage.xcdg,,,,,,,,,,,,,,,,,,,,,
80872,80215,,8,,,,,,,,,,,,,csv.stage.xcdg,,,,,,,,,,,,,,,,,,,,,
80873,80215,,9,,,,,,,,,,,,,csv.stage.xcdg,,,,,,,,,,,,,,,,,,,,,
80874,80215,,10,,,,,,,,,,,,,csv.stage.xcdg,,,,,,,,,,,,,,,,,,,,,
80875,80215,,11,,,,,,,,,,,,,csv.stage.xcdg,,,,,,,,,,,,,,,,,,,,,
80876,80215,,12,,,,,,,,,,,,,csv.stage.xcdg,,,,,,,,,,,,,,,,,,,,,
80877,80216,,1,,,,,,,,,,,,,csv.stage.xcdg,,,,,,,,,,,,,,,,,,,,,
80878,80216,,2,,,,,,,,,,,,,csv.stage.xcdg,,,,,,,,,,,,,,,,,,,,,
80879,80216,,3,,,,,,,,,,,,,csv.stage.xcdg,,,,,,,,,,,,,,,,,,,,,
80880,80216,,4,,,,,,,,,,,,,csv.stage.xcdg,,,,,,,,,,,,,,,,,,,,,
80881,80216,,5,,,,,,,,,,,,,csv.stage.xcdg,,,,,,,,,,,,,,,,,,,,,
80882,80216,,6,,,,,,,,,,,,,csv.stage.xcdg,,,,,,,,,,,,,,,,,,,,,
80883,80216,,7,,,,,,,,,,,,,csv.stage.xcdg,,,,,,,,,,,,,,,,,,,,,
80884,80216,,8,,,,,,,,,,,,,csv.stage.xcdg,,,,,,,,,,,,,,,,,,,,,
80885,80216,,9,,,,,,,,,,,,,csv.stage.xcdg,,,,,,,,,,,,,,,,,,,,,
80886,80216,,10,,,,,,,,,,,,,csv.stage.xcdg,,,,,,,,,,,,,,,,,,,,,
80887,80216,,11,,,,,,,,,,,,,csv.stage.xcdg,,,,,,,,,,,,,,,,,,,,,
80888,80216,,12,,,,,,,,,,,,,csv.stage.xcdg,,,,,,,,,,,,,,,,,,,,,
80889,80221,,1,<290003;290003;290003;290782;302211;290782>,,,,,,,,,,,,csv.stage.xcdg,,,,,,,,,,,,,,,,,,,,,
80890,80221,,2,,,,,,,,,,,,,csv.stage.xcdg,,,,,,,,,,,,,,,,,,,,,
80891,80221,,3,,,,,,,,,,,,,csv.stage.xcdg,,,,,,,,,,,,,,,,,,,,,
80892,80221,,4,,,,,,,,,,,,,csv.stage.xcdg,,,,,,,,,,,,,,,,,,,,,
80893,80221,,5,,,,,,,,,,,,,csv.stage.xcdg,,,,,,,,,,,,,,,,,,,,,
80894,80221,,6,,,,,,,,,,,,,csv.stage.xcdg,,,,,,,,,,,,,,,,,,,,,
80895,80221,,7,,,,,,,,,,,,,csv.stage.xcdg,,,,,,,,,,,,,,,,,,,,,
80896,80221,,8,,,,,,,,,,,,,csv.stage.xcdg,,,,,,,,,,,,,,,,,,,,,
80897,80221,,9,,,,,,,,,,,,,csv.stage.xcdg,,,,,,,,,,,,,,,,,,,,,
80898,80221,,10,,,,,,,,,,,,,csv.stage.xcdg,,,,,,,,,,,,,,,,,,,,,
80899,80221,,11,,,,,,,,,,,,,csv.stage.xcdg,,,,,,,,,,,,,,,,,,,,,
80900,80221,,12,,,,,,,,,,,,,csv.stage.xcdg,,,,,,,,,,,,,,,,,,,,,
80901,80222,,1,<293592;293592;293592;290571;302221;290571>,,,,,,,,,,,,csv.stage.xcdg,,,,,,,,,,,,,,,,,,,,,
80902,80222,,2,,,,,,,,,,,,,csv.stage.xcdg,,,,,,,,,,,,,,,,,,,,,
80903,80222,,3,,,,,,,,,,,,,csv.stage.xcdg,,,,,,,,,,,,,,,,,,,,,
80904,80222,,4,,,,,,,,,,,,,csv.stage.xcdg,,,,,,,,,,,,,,,,,,,,,
80905,80222,,5,,,,,,,,,,,,,csv.stage.xcdg,,,,,,,,,,,,,,,,,,,,,
80906,80222,,6,,,,,,,,,,,,,csv.stage.xcdg,,,,,,,,,,,,,,,,,,,,,
80907,80222,,7,,,,,,,,,,,,,csv.stage.xcdg,,,,,,,,,,,,,,,,,,,,,
80908,80222,,8,,,,,,,,,,,,,csv.stage.xcdg,,,,,,,,,,,,,,,,,,,,,
80909,80222,,9,,,,,,,,,,,,,csv.stage.xcdg,,,,,,,,,,,,,,,,,,,,,
80910,80222,,10,,,,,,,,,,,,,csv.stage.xcdg,,,,,,,,,,,,,,,,,,,,,
80911,80222,,11,,,,,,,,,,,,,csv.stage.xcdg,,,,,,,,,,,,,,,,,,,,,
80912,80222,,12,,,,,,,,,,,,,csv.stage.xcdg,,,,,,,,,,,,,,,,,,,,,
80913,80223,,1,<291423;291423;291423;291423;302231;291423>,,,,,,,,,,,,csv.stage.xcdg,,,,,,,,,,,,,,,,,,,,,
80914,80223,,2,,,,,,,,,,,,,csv.stage.xcdg,,,,,,,,,,,,,,,,,,,,,
80915,80223,,3,,,,,,,,,,,,,csv.stage.xcdg,,,,,,,,,,,,,,,,,,,,,
80916,80223,,4,,,,,,,,,,,,,csv.stage.xcdg,,,,,,,,,,,,,,,,,,,,,
80917,80223,,5,,,,,,,,,,,,,csv.stage.xcdg,,,,,,,,,,,,,,,,,,,,,
80918,80223,,6,,,,,,,,,,,,,csv.stage.xcdg,,,,,,,,,,,,,,,,,,,,,
80919,80223,,7,,,,,,,,,,,,,csv.stage.xcdg,,,,,,,,,,,,,,,,,,,,,
80920,80223,,8,,,,,,,,,,,,,csv.stage.xcdg,,,,,,,,,,,,,,,,,,,,,
80921,80223,,9,,,,,,,,,,,,,csv.stage.xcdg,,,,,,,,,,,,,,,,,,,,,
80922,80223,,10,,,,,,,,,,,,,csv.stage.xcdg,,,,,,,,,,,,,,,,,,,,,
80923,80223,,11,,,,,,,,,,,,,csv.stage.xcdg,,,,,,,,,,,,,,,,,,,,,
80924,80223,,12,,,,,,,,,,,,,csv.stage.xcdg,,,,,,,,,,,,,,,,,,,,,
80925,80224,,1,<0;291641;0;0;302241;0>,,,,,,,,,,,,csv.stage.xcdg,,,,,,,,,,,,,,,,,,,,,
80926,80224,,2,,,,,,,,,,,,,csv.stage.xcdg,,,,,,,,,,,,,,,,,,,,,
80927,80224,,3,,,,,,,,,,,,,csv.stage.xcdg,,,,,,,,,,,,,,,,,,,,,
80928,80224,,4,,,,,,,,,,,,,csv.stage.xcdg,,,,,,,,,,,,,,,,,,,,,
80929,80224,,5,,,,,,,,,,,,,csv.stage.xcdg,,,,,,,,,,,,,,,,,,,,,
80930,80224,,6,,,,,,,,,,,,,csv.stage.xcdg,,,,,,,,,,,,,,,,,,,,,
80931,80224,,7,,,,,,,,,,,,,csv.stage.xcdg,,,,,,,,,,,,,,,,,,,,,
80932,80224,,8,,,,,,,,,,,,,csv.stage.xcdg,,,,,,,,,,,,,,,,,,,,,
80933,80224,,9,,,,,,,,,,,,,csv.stage.xcdg,,,,,,,,,,,,,,,,,,,,,
80934,80224,,10,,,,,,,,,,,,,csv.stage.xcdg,,,,,,,,,,,,,,,,,,,,,
80935,80224,,11,,,,,,,,,,,,,csv.stage.xcdg,,,,,,,,,,,,,,,,,,,,,
80936,80224,,12,,,,,,,,,,,,,csv.stage.xcdg,,,,,,,,,,,,,,,,,,,,,
80937,80225,,1,,,,,,,,,,,,,csv.stage.xcdg,,,,,,,,,,,,,,,,,,,,,
80938,80225,,2,,,,,,,,,,,,,csv.stage.xcdg,,,,,,,,,,,,,,,,,,,,,
80939,80225,,3,,,,,,,,,,,,,csv.stage.xcdg,,,,,,,,,,,,,,,,,,,,,
80940,80225,,4,,,,,,,,,,,,,csv.stage.xcdg,,,,,,,,,,,,,,,,,,,,,
80941,80225,,5,,,,,,,,,,,,,csv.stage.xcdg,,,,,,,,,,,,,,,,,,,,,
80942,80225,,6,,,,,,,,,,,,,csv.stage.xcdg,,,,,,,,,,,,,,,,,,,,,
80943,80225,,7,,,,,,,,,,,,,csv.stage.xcdg,,,,,,,,,,,,,,,,,,,,,
80944,80225,,8,,,,,,,,,,,,,csv.stage.xcdg,,,,,,,,,,,,,,,,,,,,,
80945,80225,,9,,,,,,,,,,,,,csv.stage.xcdg,,,,,,,,,,,,,,,,,,,,,
80946,80225,,10,,,,,,,,,,,,,csv.stage.xcdg,,,,,,,,,,,,,,,,,,,,,
80947,80225,,11,,,,,,,,,,,,,csv.stage.xcdg,,,,,,,,,,,,,,,,,,,,,
80948,80225,,12,,,,,,,,,,,,,csv.stage.xcdg,,,,,,,,,,,,,,,,,,,,,
80949,80226,,1,,,,,,,,,,,,,csv.stage.xcdg,,,,,,,,,,,,,,,,,,,,,
80950,80226,,2,,,,,,,,,,,,,csv.stage.xcdg,,,,,,,,,,,,,,,,,,,,,
80951,80226,,3,,,,,,,,,,,,,csv.stage.xcdg,,,,,,,,,,,,,,,,,,,,,
80952,80226,,4,,,,,,,,,,,,,csv.stage.xcdg,,,,,,,,,,,,,,,,,,,,,
80953,80226,,5,,,,,,,,,,,,,csv.stage.xcdg,,,,,,,,,,,,,,,,,,,,,
80954,80226,,6,,,,,,,,,,,,,csv.stage.xcdg,,,,,,,,,,,,,,,,,,,,,
80955,80226,,7,,,,,,,,,,,,,csv.stage.xcdg,,,,,,,,,,,,,,,,,,,,,
80956,80226,,8,,,,,,,,,,,,,csv.stage.xcdg,,,,,,,,,,,,,,,,,,,,,
80957,80226,,9,,,,,,,,,,,,,csv.stage.xcdg,,,,,,,,,,,,,,,,,,,,,
80958,80226,,10,,,,,,,,,,,,,csv.stage.xcdg,,,,,,,,,,,,,,,,,,,,,
80959,80226,,11,,,,,,,,,,,,,csv.stage.xcdg,,,,,,,,,,,,,,,,,,,,,
80960,80226,,12,,,,,,,,,,,,,csv.stage.xcdg,,,,,,,,,,,,,,,,,,,,,
80961,80231,,1,<292473;293663;290004;291293;302311;293843>,,,,,,,,,,,,csv.stage.xcdg,,,,,,,,,,,,,,,,,,,,,
80962,80231,,2,,,,,,,,,,,,,csv.stage.xcdg,,,,,,,,,,,,,,,,,,,,,
80963,80231,,3,,,,,,,,,,,,,csv.stage.xcdg,,,,,,,,,,,,,,,,,,,,,
80964,80231,,4,,,,,,,,,,,,,csv.stage.xcdg,,,,,,,,,,,,,,,,,,,,,
80965,80231,,5,,,,,,,,,,,,,csv.stage.xcdg,,,,,,,,,,,,,,,,,,,,,
80966,80231,,6,,,,,,,,,,,,,csv.stage.xcdg,,,,,,,,,,,,,,,,,,,,,
80967,80231,,7,,,,,,,,,,,,,csv.stage.xcdg,,,,,,,,,,,,,,,,,,,,,
80968,80231,,8,,,,,,,,,,,,,csv.stage.xcdg,,,,,,,,,,,,,,,,,,,,,
80969,80231,,9,,,,,,,,,,,,,csv.stage.xcdg,,,,,,,,,,,,,,,,,,,,,
80970,80231,,10,,,,,,,,,,,,,csv.stage.xcdg,,,,,,,,,,,,,,,,,,,,,
80971,80231,,11,,,,,,,,,,,,,csv.stage.xcdg,,,,,,,,,,,,,,,,,,,,,
80972,80231,,12,,,,,,,,,,,,,csv.stage.xcdg,,,,,,,,,,,,,,,,,,,,,
80973,80232,,1,<290712;290712;290712;293663;302321;293663>,,,,,,,,,,,,csv.stage.xcdg,,,,,,,,,,,,,,,,,,,,,
80974,80232,,2,,,,,,,,,,,,,csv.stage.xcdg,,,,,,,,,,,,,,,,,,,,,
80975,80232,,3,,,,,,,,,,,,,csv.stage.xcdg,,,,,,,,,,,,,,,,,,,,,
80976,80232,,4,,,,,,,,,,,,,csv.stage.xcdg,,,,,,,,,,,,,,,,,,,,,
80977,80232,,5,,,,,,,,,,,,,csv.stage.xcdg,,,,,,,,,,,,,,,,,,,,,
80978,80232,,6,,,,,,,,,,,,,csv.stage.xcdg,,,,,,,,,,,,,,,,,,,,,
80979,80232,,7,,,,,,,,,,,,,csv.stage.xcdg,,,,,,,,,,,,,,,,,,,,,
80980,80232,,8,,,,,,,,,,,,,csv.stage.xcdg,,,,,,,,,,,,,,,,,,,,,
80981,80232,,9,,,,,,,,,,,,,csv.stage.xcdg,,,,,,,,,,,,,,,,,,,,,
80982,80232,,10,,,,,,,,,,,,,csv.stage.xcdg,,,,,,,,,,,,,,,,,,,,,
80983,80232,,11,,,,,,,,,,,,,csv.stage.xcdg,,,,,,,,,,,,,,,,,,,,,
80984,80232,,12,,,,,,,,,,,,,csv.stage.xcdg,,,,,,,,,,,,,,,,,,,,,
80985,80233,,1,<293262;292441;293261;0;302331;0>,,,,,,,,,,,,csv.stage.xcdg,,,,,,,,,,,,,,,,,,,,,
80986,80233,,2,,,,,,,,,,,,,csv.stage.xcdg,,,,,,,,,,,,,,,,,,,,,
80987,80233,,3,,,,,,,,,,,,,csv.stage.xcdg,,,,,,,,,,,,,,,,,,,,,
80988,80233,,4,,,,,,,,,,,,,csv.stage.xcdg,,,,,,,,,,,,,,,,,,,,,
80989,80233,,5,,,,,,,,,,,,,csv.stage.xcdg,,,,,,,,,,,,,,,,,,,,,
80990,80233,,6,,,,,,,,,,,,,csv.stage.xcdg,,,,,,,,,,,,,,,,,,,,,
80991,80233,,7,,,,,,,,,,,,,csv.stage.xcdg,,,,,,,,,,,,,,,,,,,,,
80992,80233,,8,,,,,,,,,,,,,csv.stage.xcdg,,,,,,,,,,,,,,,,,,,,,
80993,80233,,9,,,,,,,,,,,,,csv.stage.xcdg,,,,,,,,,,,,,,,,,,,,,
80994,80233,,10,,,,,,,,,,,,,csv.stage.xcdg,,,,,,,,,,,,,,,,,,,,,
80995,80233,,11,,,,,,,,,,,,,csv.stage.xcdg,,,,,,,,,,,,,,,,,,,,,
80996,80233,,12,,,,,,,,,,,,,csv.stage.xcdg,,,,,,,,,,,,,,,,,,,,,
80997,80234,,1,,,,,,,,,,,,,csv.stage.xcdg,,,,,,,,,,,,,,,,,,,,,
80998,80234,,2,,,,,,,,,,,,,csv.stage.xcdg,,,,,,,,,,,,,,,,,,,,,
80999,80234,,3,,,,,,,,,,,,,csv.stage.xcdg,,,,,,,,,,,,,,,,,,,,,
81000,80234,,4,,,,,,,,,,,,,csv.stage.xcdg,,,,,,,,,,,,,,,,,,,,,
81001,80234,,5,,,,,,,,,,,,,csv.stage.xcdg,,,,,,,,,,,,,,,,,,,,,
81002,80234,,6,,,,,,,,,,,,,csv.stage.xcdg,,,,,,,,,,,,,,,,,,,,,
81003,80234,,7,,,,,,,,,,,,,csv.stage.xcdg,,,,,,,,,,,,,,,,,,,,,
81004,80234,,8,,,,,,,,,,,,,csv.stage.xcdg,,,,,,,,,,,,,,,,,,,,,
81005,80234,,9,,,,,,,,,,,,,csv.stage.xcdg,,,,,,,,,,,,,,,,,,,,,
81006,80234,,10,,,,,,,,,,,,,csv.stage.xcdg,,,,,,,,,,,,,,,,,,,,,
81007,80234,,11,,,,,,,,,,,,,csv.stage.xcdg,,,,,,,,,,,,,,,,,,,,,
81008,80234,,12,,,,,,,,,,,,,csv.stage.xcdg,,,,,,,,,,,,,,,,,,,,,
81009,80235,,1,,,,,,,,,,,,,csv.stage.xcdg,,,,,,,,,,,,,,,,,,,,,
81010,80235,,2,,,,,,,,,,,,,csv.stage.xcdg,,,,,,,,,,,,,,,,,,,,,
81011,80235,,3,,,,,,,,,,,,,csv.stage.xcdg,,,,,,,,,,,,,,,,,,,,,
81012,80235,,4,,,,,,,,,,,,,csv.stage.xcdg,,,,,,,,,,,,,,,,,,,,,
81013,80235,,5,,,,,,,,,,,,,csv.stage.xcdg,,,,,,,,,,,,,,,,,,,,,
81014,80235,,6,,,,,,,,,,,,,csv.stage.xcdg,,,,,,,,,,,,,,,,,,,,,
81015,80235,,7,,,,,,,,,,,,,csv.stage.xcdg,,,,,,,,,,,,,,,,,,,,,
81016,80235,,8,,,,,,,,,,,,,csv.stage.xcdg,,,,,,,,,,,,,,,,,,,,,
81017,80235,,9,,,,,,,,,,,,,csv.stage.xcdg,,,,,,,,,,,,,,,,,,,,,
81018,80235,,10,,,,,,,,,,,,,csv.stage.xcdg,,,,,,,,,,,,,,,,,,,,,
81019,80235,,11,,,,,,,,,,,,,csv.stage.xcdg,,,,,,,,,,,,,,,,,,,,,
81020,80235,,12,,,,,,,,,,,,,csv.stage.xcdg,,,,,,,,,,,,,,,,,,,,,
81021,80236,,1,,,,,,,,,,,,,csv.stage.xcdg,,,,,,,,,,,,,,,,,,,,,
81022,80236,,2,,,,,,,,,,,,,csv.stage.xcdg,,,,,,,,,,,,,,,,,,,,,
81023,80236,,3,,,,,,,,,,,,,csv.stage.xcdg,,,,,,,,,,,,,,,,,,,,,
81024,80236,,4,,,,,,,,,,,,,csv.stage.xcdg,,,,,,,,,,,,,,,,,,,,,
81025,80236,,5,,,,,,,,,,,,,csv.stage.xcdg,,,,,,,,,,,,,,,,,,,,,
81026,80236,,6,,,,,,,,,,,,,csv.stage.xcdg,,,,,,,,,,,,,,,,,,,,,
81027,80236,,7,,,,,,,,,,,,,csv.stage.xcdg,,,,,,,,,,,,,,,,,,,,,
81028,80236,,8,,,,,,,,,,,,,csv.stage.xcdg,,,,,,,,,,,,,,,,,,,,,
81029,80236,,9,,,,,,,,,,,,,csv.stage.xcdg,,,,,,,,,,,,,,,,,,,,,
81030,80236,,10,,,,,,,,,,,,,csv.stage.xcdg,,,,,,,,,,,,,,,,,,,,,
81031,80236,,11,,,,,,,,,,,,,csv.stage.xcdg,,,,,,,,,,,,,,,,,,,,,
81032,80236,,12,,,,,,,,,,,,,csv.stage.xcdg,,,,,,,,,,,,,,,,,,,,,
81033,80241,,1,<292381;292381;292381;0;302411;0>,,,,,,,,,,,,csv.stage.xcdg,,,,,,,,,,,,,,,,,,,,,
81034,80241,,2,,,,,,,,,,,,,csv.stage.xcdg,,,,,,,,,,,,,,,,,,,,,
81035,80241,,3,,,,,,,,,,,,,csv.stage.xcdg,,,,,,,,,,,,,,,,,,,,,
81036,80241,,4,,,,,,,,,,,,,csv.stage.xcdg,,,,,,,,,,,,,,,,,,,,,
81037,80241,,5,,,,,,,,,,,,,csv.stage.xcdg,,,,,,,,,,,,,,,,,,,,,
81038,80241,,6,,,,,,,,,,,,,csv.stage.xcdg,,,,,,,,,,,,,,,,,,,,,
81039,80241,,7,,,,,,,,,,,,,csv.stage.xcdg,,,,,,,,,,,,,,,,,,,,,
81040,80241,,8,,,,,,,,,,,,,csv.stage.xcdg,,,,,,,,,,,,,,,,,,,,,
81041,80241,,9,,,,,,,,,,,,,csv.stage.xcdg,,,,,,,,,,,,,,,,,,,,,
81042,80241,,10,,,,,,,,,,,,,csv.stage.xcdg,,,,,,,,,,,,,,,,,,,,,
81043,80241,,11,,,,,,,,,,,,,csv.stage.xcdg,,,,,,,,,,,,,,,,,,,,,
81044,80241,,12,,,,,,,,,,,,,csv.stage.xcdg,,,,,,,,,,,,,,,,,,,,,
81045,80242,,1,<0;0;0;290731;302421;290721>,,,,,,,,,,,,csv.stage.xcdg,,,,,,,,,,,,,,,,,,,,,
81046,80242,,2,,,,,,,,,,,,,csv.stage.xcdg,,,,,,,,,,,,,,,,,,,,,
81047,80242,,3,,,,,,,,,,,,,csv.stage.xcdg,,,,,,,,,,,,,,,,,,,,,
81048,80242,,4,,,,,,,,,,,,,csv.stage.xcdg,,,,,,,,,,,,,,,,,,,,,
81049,80242,,5,,,,,,,,,,,,,csv.stage.xcdg,,,,,,,,,,,,,,,,,,,,,
81050,80242,,6,,,,,,,,,,,,,csv.stage.xcdg,,,,,,,,,,,,,,,,,,,,,
81051,80242,,7,,,,,,,,,,,,,csv.stage.xcdg,,,,,,,,,,,,,,,,,,,,,
81052,80242,,8,,,,,,,,,,,,,csv.stage.xcdg,,,,,,,,,,,,,,,,,,,,,
81053,80242,,9,,,,,,,,,,,,,csv.stage.xcdg,,,,,,,,,,,,,,,,,,,,,
81054,80242,,10,,,,,,,,,,,,,csv.stage.xcdg,,,,,,,,,,,,,,,,,,,,,
81055,80242,,11,,,,,,,,,,,,,csv.stage.xcdg,,,,,,,,,,,,,,,,,,,,,
81056,80242,,12,,,,,,,,,,,,,csv.stage.xcdg,,,,,,,,,,,,,,,,,,,,,
81057,80243,,1,<290731;290741;290721;290053;302431;290072>,,,,,,,,,,,,csv.stage.xcdg,,,,,,,,,,,,,,,,,,,,,
81058,80243,,2,,,,,,,,,,,,,csv.stage.xcdg,,,,,,,,,,,,,,,,,,,,,
81059,80243,,3,,,,,,,,,,,,,csv.stage.xcdg,,,,,,,,,,,,,,,,,,,,,
81060,80243,,4,,,,,,,,,,,,,csv.stage.xcdg,,,,,,,,,,,,,,,,,,,,,
81061,80243,,5,,,,,,,,,,,,,csv.stage.xcdg,,,,,,,,,,,,,,,,,,,,,
81062,80243,,6,,,,,,,,,,,,,csv.stage.xcdg,,,,,,,,,,,,,,,,,,,,,
81063,80243,,7,,,,,,,,,,,,,csv.stage.xcdg,,,,,,,,,,,,,,,,,,,,,
81064,80243,,8,,,,,,,,,,,,,csv.stage.xcdg,,,,,,,,,,,,,,,,,,,,,
81065,80243,,9,,,,,,,,,,,,,csv.stage.xcdg,,,,,,,,,,,,,,,,,,,,,
81066,80243,,10,,,,,,,,,,,,,csv.stage.xcdg,,,,,,,,,,,,,,,,,,,,,
81067,80243,,11,,,,,,,,,,,,,csv.stage.xcdg,,,,,,,,,,,,,,,,,,,,,
81068,80243,,12,,,,,,,,,,,,,csv.stage.xcdg,,,,,,,,,,,,,,,,,,,,,
81069,80244,,1,<291281;291281;291281;291281;302441;291281>,,,,,,,,,,,,csv.stage.xcdg,,,,,,,,,,,,,,,,,,,,,
81070,80244,,2,,,,,,,,,,,,,csv.stage.xcdg,,,,,,,,,,,,,,,,,,,,,
81071,80244,,3,,,,,,,,,,,,,csv.stage.xcdg,,,,,,,,,,,,,,,,,,,,,
81072,80244,,4,,,,,,,,,,,,,csv.stage.xcdg,,,,,,,,,,,,,,,,,,,,,
81073,80244,,5,,,,,,,,,,,,,csv.stage.xcdg,,,,,,,,,,,,,,,,,,,,,
81074,80244,,6,,,,,,,,,,,,,csv.stage.xcdg,,,,,,,,,,,,,,,,,,,,,
81075,80244,,7,,,,,,,,,,,,,csv.stage.xcdg,,,,,,,,,,,,,,,,,,,,,
81076,80244,,8,,,,,,,,,,,,,csv.stage.xcdg,,,,,,,,,,,,,,,,,,,,,
81077,80244,,9,,,,,,,,,,,,,csv.stage.xcdg,,,,,,,,,,,,,,,,,,,,,
81078,80244,,10,,,,,,,,,,,,,csv.stage.xcdg,,,,,,,,,,,,,,,,,,,,,
81079,80244,,11,,,,,,,,,,,,,csv.stage.xcdg,,,,,,,,,,,,,,,,,,,,,
81080,80244,,12,,,,,,,,,,,,,csv.stage.xcdg,,,,,,,,,,,,,,,,,,,,,
81081,80245,,1,<290503;292381;291423;293262;302451;293261>,,,,,,,,,,,,csv.stage.xcdg,,,,,,<293191;291261;293611;291981;302453;292442>,,,,,,,<294631;291281;297151;297141;302452;297131>,5,,,,,,,
81082,80245,,2,,,,,,,,,,,,,csv.stage.xcdg,,,,,,,,,,,,,,,,,,,,,
81083,80245,,3,,,,,,,,,,,,,csv.stage.xcdg,,,,,,,,,,,,,,,,,,,,,
81084,80245,,4,,,,,,,,,,,,,csv.stage.xcdg,,,,,,,,,,,,,,,,,,,,,
81085,80245,,5,,,,,,,,,,,,,csv.stage.xcdg,,,,,,,,,,,,,,,,,,,,,
81086,80245,,6,,,,,,,,,,,,,csv.stage.xcdg,,,,,,,,,,,,,,,,,,,,,
81087,80245,,7,,,,,,,,,,,,,csv.stage.xcdg,,,,,,,,,,,,,,,,,,,,,
81088,80245,,8,,,,,,,,,,,,,csv.stage.xcdg,,,,,,,,,,,,,,,,,,,,,
81089,80245,,9,,,,,,,,,,,,,csv.stage.xcdg,,,,,,,,,,,,,,,,,,,,,
81090,80245,,10,,,,,,,,,,,,,csv.stage.xcdg,,,,,,,,,,,,,,,,,,,,,
81091,80245,,11,,,,,,,,,,,,,csv.stage.xcdg,,,,,,,,,,,,,,,,,,,,,
81092,80245,,12,,,,,,,,,,,,,csv.stage.xcdg,,,,,,,,,,,,,,,,,,,,,
81093,80246,,1,,,,,,,,,,,,,csv.stage.xcdg,,,,,,,,,,,,,,,,,,,,,
81094,80246,,2,,,,,,,,,,,,,csv.stage.xcdg,,,,,,,,,,,,,,,,,,,,,
81095,80246,,3,,,,,,,,,,,,,csv.stage.xcdg,,,,,,,,,,,,,,,,,,,,,
81096,80246,,4,,,,,,,,,,,,,csv.stage.xcdg,,,,,,,,,,,,,,,,,,,,,
81097,80246,,5,,,,,,,,,,,,,csv.stage.xcdg,,,,,,,,,,,,,,,,,,,,,
81098,80246,,6,,,,,,,,,,,,,csv.stage.xcdg,,,,,,,,,,,,,,,,,,,,,
81099,80246,,7,,,,,,,,,,,,,csv.stage.xcdg,,,,,,,,,,,,,,,,,,,,,
81100,80246,,8,,,,,,,,,,,,,csv.stage.xcdg,,,,,,,,,,,,,,,,,,,,,
81101,80246,,9,,,,,,,,,,,,,csv.stage.xcdg,,,,,,,,,,,,,,,,,,,,,
81102,80246,,10,,,,,,,,,,,,,csv.stage.xcdg,,,,,,,,,,,,,,,,,,,,,
81103,80246,,11,,,,,,,,,,,,,csv.stage.xcdg,,,,,,,,,,,,,,,,,,,,,
81104,80246,,12,,,,,,,,,,,,,csv.stage.xcdg,,,,,,,,,,,,,,,,,,,,,
81105,80251,,1,<291261;290731;292442;290721;302511;290741>,,,,,,,,,,,,csv.stage.xcdg,,,,,,,,,,,,,,,,,,,,,
81106,80251,,2,,,,,,,,,,,,,csv.stage.xcdg,,,,,,,,,,,,,,,,,,,,,
81107,80251,,3,,,,,,,,,,,,,csv.stage.xcdg,,,,,,,,,,,,,,,,,,,,,
81108,80251,,4,,,,,,,,,,,,,csv.stage.xcdg,,,,,,,,,,,,,,,,,,,,,
81109,80251,,5,,,,,,,,,,,,,csv.stage.xcdg,,,,,,,,,,,,,,,,,,,,,
81110,80251,,6,,,,,,,,,,,,,csv.stage.xcdg,,,,,,,,,,,,,,,,,,,,,
81111,80251,,7,,,,,,,,,,,,,csv.stage.xcdg,,,,,,,,,,,,,,,,,,,,,
81112,80251,,8,,,,,,,,,,,,,csv.stage.xcdg,,,,,,,,,,,,,,,,,,,,,
81113,80251,,9,,,,,,,,,,,,,csv.stage.xcdg,,,,,,,,,,,,,,,,,,,,,
81114,80251,,10,,,,,,,,,,,,,csv.stage.xcdg,,,,,,,,,,,,,,,,,,,,,
81115,80251,,11,,,,,,,,,,,,,csv.stage.xcdg,,,,,,,,,,,,,,,,,,,,,
81116,80251,,12,,,,,,,,,,,,,csv.stage.xcdg,,,,,,,,,,,,,,,,,,,,,
81117,80301,,1,<293291;290601;291171;291611;303011;291611>,,,,,,,,,,,,csv.stage.red,,,,,,,,,,,,,,,,,,,,,
81118,80301,,2,,,,,,,,,,,,,csv.stage.red,,,,,,,,,,,,,,,,,,,,,
81119,80301,,3,,,,,,,,,,,,,csv.stage.red,,,,,,,,,,,,,,,,,,,,,
81120,80301,,4,,,,,,,,,,,,,csv.stage.red,,,,,,,,,,,,,,,,,,,,,
81121,80301,,5,,,,,,,,,,,,,csv.stage.red,,,,,,,,,,,,,,,,,,,,,
81122,80301,,6,,,,,,,,,,,,,csv.stage.red,,,,,,,,,,,,,,,,,,,,,
81123,80301,,7,,,,,,,,,,,,,csv.stage.red,,,,,,,,,,,,,,,,,,,,,
81124,80301,,8,,,,,,,,,,,,,csv.stage.red,,,,,,,,,,,,,,,,,,,,,
81125,80301,,9,,,,,,,,,,,,,csv.stage.red,,,,,,,,,,,,,,,,,,,,,
81126,80301,,10,,,,,,,,,,,,,csv.stage.red,,,,,,,,,,,,,,,,,,,,,
81127,80301,,11,,,,,,,,,,,,,csv.stage.red,,,,,,,,,,,,,,,,,,,,,
81128,80301,,12,,,,,,,,,,,,,csv.stage.red,,,,,,,,,,,,,,,,,,,,,
81129,80302,,1,<290271;290461;292271;292631;303021;292241>,,,,,,,,,,,,csv.stage.red,,,,,,,,,,,,,,,,,,,,,
81130,80302,,2,,,,,,,,,,,,,csv.stage.red,,,,,,,,,,,,,,,,,,,,,
81131,80302,,3,,,,,,,,,,,,,csv.stage.red,,,,,,,,,,,,,,,,,,,,,
81132,80302,,4,,,,,,,,,,,,,csv.stage.red,,,,,,,,,,,,,,,,,,,,,
81133,80302,,5,,,,,,,,,,,,,csv.stage.red,,,,,,,,,,,,,,,,,,,,,
81134,80302,,6,,,,,,,,,,,,,csv.stage.red,,,,,,,,,,,,,,,,,,,,,
81135,80302,,7,,,,,,,,,,,,,csv.stage.red,,,,,,,,,,,,,,,,,,,,,
81136,80302,,8,,,,,,,,,,,,,csv.stage.red,,,,,,,,,,,,,,,,,,,,,
81137,80302,,9,,,,,,,,,,,,,csv.stage.red,,,,,,,,,,,,,,,,,,,,,
81138,80302,,10,,,,,,,,,,,,,csv.stage.red,,,,,,,,,,,,,,,,,,,,,
81139,80302,,11,,,,,,,,,,,,,csv.stage.red,,,,,,,,,,,,,,,,,,,,,
81140,80302,,12,,,,,,,,,,,,,csv.stage.red,,,,,,,,,,,,,,,,,,,,,
81141,80303,,1,<292991;293341;291071;293511;303031;292482>,,,,,,,,,,,,csv.stage.red,,,,,,,,,,,,,,,,,,,,,
81142,80303,,2,,,,,,,,,,,,,csv.stage.red,,,,,,,,,,,,,,,,,,,,,
81143,80303,,3,,,,,,,,,,,,,csv.stage.red,,,,,,,,,,,,,,,,,,,,,
81144,80303,,4,,,,,,,,,,,,,csv.stage.red,,,,,,,,,,,,,,,,,,,,,
81145,80303,,5,,,,,,,,,,,,,csv.stage.red,,,,,,,,,,,,,,,,,,,,,
81146,80303,,6,,,,,,,,,,,,,csv.stage.red,,,,,,,,,,,,,,,,,,,,,
81147,80303,,7,,,,,,,,,,,,,csv.stage.red,,,,,,,,,,,,,,,,,,,,,
81148,80303,,8,,,,,,,,,,,,,csv.stage.red,,,,,,,,,,,,,,,,,,,,,
81149,80303,,9,,,,,,,,,,,,,csv.stage.red,,,,,,,,,,,,,,,,,,,,,
81150,80303,,10,,,,,,,,,,,,,csv.stage.red,,,,,,,,,,,,,,,,,,,,,
81151,80303,,11,,,,,,,,,,,,,csv.stage.red,,,,,,,,,,,,,,,,,,,,,
81152,80303,,12,,,,,,,,,,,,,csv.stage.red,,,,,,,,,,,,,,,,,,,,,
81153,80304,,1,,,,,,,,,,,,,csv.stage.red,,,,,,,,,,,,,,,,,,,,,
81154,80304,,2,,,,,,,,,,,,,csv.stage.red,,,,,,,,,,,,,,,,,,,,,
81155,80304,,3,,,,,,,,,,,,,csv.stage.red,,,,,,,,,,,,,,,,,,,,,
81156,80304,,4,,,,,,,,,,,,,csv.stage.red,,,,,,,,,,,,,,,,,,,,,
81157,80304,,5,,,,,,,,,,,,,csv.stage.red,,,,,,,,,,,,,,,,,,,,,
81158,80304,,6,,,,,,,,,,,,,csv.stage.red,,,,,,,,,,,,,,,,,,,,,
81159,80304,,7,,,,,,,,,,,,,csv.stage.red,,,,,,,,,,,,,,,,,,,,,
81160,80304,,8,,,,,,,,,,,,,csv.stage.red,,,,,,,,,,,,,,,,,,,,,
81161,80304,,9,,,,,,,,,,,,,csv.stage.red,,,,,,,,,,,,,,,,,,,,,
81162,80304,,10,,,,,,,,,,,,,csv.stage.red,,,,,,,,,,,,,,,,,,,,,
81163,80304,,11,,,,,,,,,,,,,csv.stage.red,,,,,,,,,,,,,,,,,,,,,
81164,80304,,12,,,,,,,,,,,,,csv.stage.red,,,,,,,,,,,,,,,,,,,,,
81165,80305,,1,,,,,,,,,,,,,csv.stage.red,,,,,,,,,,,,,,,,,,,,,
81166,80305,,2,,,,,,,,,,,,,csv.stage.red,,,,,,,,,,,,,,,,,,,,,
81167,80305,,3,,,,,,,,,,,,,csv.stage.red,,,,,,,,,,,,,,,,,,,,,
81168,80305,,4,,,,,,,,,,,,,csv.stage.red,,,,,,,,,,,,,,,,,,,,,
81169,80305,,5,,,,,,,,,,,,,csv.stage.red,,,,,,,,,,,,,,,,,,,,,
81170,80305,,6,,,,,,,,,,,,,csv.stage.red,,,,,,,,,,,,,,,,,,,,,
81171,80305,,7,,,,,,,,,,,,,csv.stage.red,,,,,,,,,,,,,,,,,,,,,
81172,80305,,8,,,,,,,,,,,,,csv.stage.red,,,,,,,,,,,,,,,,,,,,,
81173,80305,,9,,,,,,,,,,,,,csv.stage.red,,,,,,,,,,,,,,,,,,,,,
81174,80305,,10,,,,,,,,,,,,,csv.stage.red,,,,,,,,,,,,,,,,,,,,,
81175,80305,,11,,,,,,,,,,,,,csv.stage.red,,,,,,,,,,,,,,,,,,,,,
81176,80305,,12,,,,,,,,,,,,,csv.stage.red,,,,,,,,,,,,,,,,,,,,,
81177,80306,,1,,,,,,,,,,,,,csv.stage.red,,,,,,,,,,,,,,,,,,,,,
81178,80306,,2,,,,,,,,,,,,,csv.stage.red,,,,,,,,,,,,,,,,,,,,,
81179,80306,,3,,,,,,,,,,,,,csv.stage.red,,,,,,,,,,,,,,,,,,,,,
81180,80306,,4,,,,,,,,,,,,,csv.stage.red,,,,,,,,,,,,,,,,,,,,,
81181,80306,,5,,,,,,,,,,,,,csv.stage.red,,,,,,,,,,,,,,,,,,,,,
81182,80306,,6,,,,,,,,,,,,,csv.stage.red,,,,,,,,,,,,,,,,,,,,,
81183,80306,,7,,,,,,,,,,,,,csv.stage.red,,,,,,,,,,,,,,,,,,,,,
81184,80306,,8,,,,,,,,,,,,,csv.stage.red,,,,,,,,,,,,,,,,,,,,,
81185,80306,,9,,,,,,,,,,,,,csv.stage.red,,,,,,,,,,,,,,,,,,,,,
81186,80306,,10,,,,,,,,,,,,,csv.stage.red,,,,,,,,,,,,,,,,,,,,,
81187,80306,,11,,,,,,,,,,,,,csv.stage.red,,,,,,,,,,,,,,,,,,,,,
81188,80306,,12,,,,,,,,,,,,,csv.stage.red,,,,,,,,,,,,,,,,,,,,,
81189,80311,,1,<292481;293291;0;290011;303111;290791>,,,,,,,,,,,,csv.stage.red,,,,,,,,,,,,,,,,,,,,,
81190,80311,,2,,,,,,,,,,,,,csv.stage.red,,,,,,,,,,,,,,,,,,,,,
81191,80311,,3,,,,,,,,,,,,,csv.stage.red,,,,,,,,,,,,,,,,,,,,,
81192,80311,,4,,,,,,,,,,,,,csv.stage.red,,,,,,,,,,,,,,,,,,,,,
81193,80311,,5,,,,,,,,,,,,,csv.stage.red,,,,,,,,,,,,,,,,,,,,,
81194,80311,,6,,,,,,,,,,,,,csv.stage.red,,,,,,,,,,,,,,,,,,,,,
81195,80311,,7,,,,,,,,,,,,,csv.stage.red,,,,,,,,,,,,,,,,,,,,,
81196,80311,,8,,,,,,,,,,,,,csv.stage.red,,,,,,,,,,,,,,,,,,,,,
81197,80311,,9,,,,,,,,,,,,,csv.stage.red,,,,,,,,,,,,,,,,,,,,,
81198,80311,,10,,,,,,,,,,,,,csv.stage.red,,,,,,,,,,,,,,,,,,,,,
81199,80311,,11,,,,,,,,,,,,,csv.stage.red,,,,,,,,,,,,,,,,,,,,,
81200,80311,,12,,,,,,,,,,,,,csv.stage.red,,,,,,,,,,,,,,,,,,,,,
81201,80312,,1,<290273;290273;290273;290273;303121;290273>,,,,,,,,,,,,csv.stage.red,,,,,,,,,,,,,,,,,,,,,
81202,80312,,2,,,,,,,,,,,,,csv.stage.red,,,,,,,,,,,,,,,,,,,,,
81203,80312,,3,,,,,,,,,,,,,csv.stage.red,,,,,,,,,,,,,,,,,,,,,
81204,80312,,4,,,,,,,,,,,,,csv.stage.red,,,,,,,,,,,,,,,,,,,,,
81205,80312,,5,,,,,,,,,,,,,csv.stage.red,,,,,,,,,,,,,,,,,,,,,
81206,80312,,6,,,,,,,,,,,,,csv.stage.red,,,,,,,,,,,,,,,,,,,,,
81207,80312,,7,,,,,,,,,,,,,csv.stage.red,,,,,,,,,,,,,,,,,,,,,
81208,80312,,8,,,,,,,,,,,,,csv.stage.red,,,,,,,,,,,,,,,,,,,,,
81209,80312,,9,,,,,,,,,,,,,csv.stage.red,,,,,,,,,,,,,,,,,,,,,
81210,80312,,10,,,,,,,,,,,,,csv.stage.red,,,,,,,,,,,,,,,,,,,,,
81211,80312,,11,,,,,,,,,,,,,csv.stage.red,,,,,,,,,,,,,,,,,,,,,
81212,80312,,12,,,,,,,,,,,,,csv.stage.red,,,,,,,,,,,,,,,,,,,,,
81213,80313,,1,<290012;303131;290013;290014;0;290015>,,,,,,,,,,,,csv.stage.red,,,,,,,,,,,,,,,,,,,,,
81214,80313,,2,,,,,,,,,,,,,csv.stage.red,,,,,,,,,,,,,,,,,,,,,
81215,80313,,3,,,,,,,,,,,,,csv.stage.red,,,,,,,,,,,,,,,,,,,,,
81216,80313,,4,,,,,,,,,,,,,csv.stage.red,,,,,,,,,,,,,,,,,,,,,
81217,80313,,5,,,,,,,,,,,,,csv.stage.red,,,,,,,,,,,,,,,,,,,,,
81218,80313,,6,,,,,,,,,,,,,csv.stage.red,,,,,,,,,,,,,,,,,,,,,
81219,80313,,7,,,,,,,,,,,,,csv.stage.red,,,,,,,,,,,,,,,,,,,,,
81220,80313,,8,,,,,,,,,,,,,csv.stage.red,,,,,,,,,,,,,,,,,,,,,
81221,80313,,9,,,,,,,,,,,,,csv.stage.red,,,,,,,,,,,,,,,,,,,,,
81222,80313,,10,,,,,,,,,,,,,csv.stage.red,,,,,,,,,,,,,,,,,,,,,
81223,80313,,11,,,,,,,,,,,,,csv.stage.red,,,,,,,,,,,,,,,,,,,,,
81224,80313,,12,,,,,,,,,,,,,csv.stage.red,,,,,,,,,,,,,,,,,,,,,
81225,80314,,1,,,,,,,,,,,,,csv.stage.red,,,,,,,,,,,,,,,,,,,,,
81226,80314,,2,,,,,,,,,,,,,csv.stage.red,,,,,,,,,,,,,,,,,,,,,
81227,80314,,3,,,,,,,,,,,,,csv.stage.red,,,,,,,,,,,,,,,,,,,,,
81228,80314,,4,,,,,,,,,,,,,csv.stage.red,,,,,,,,,,,,,,,,,,,,,
81229,80314,,5,,,,,,,,,,,,,csv.stage.red,,,,,,,,,,,,,,,,,,,,,
81230,80314,,6,,,,,,,,,,,,,csv.stage.red,,,,,,,,,,,,,,,,,,,,,
81231,80314,,7,,,,,,,,,,,,,csv.stage.red,,,,,,,,,,,,,,,,,,,,,
81232,80314,,8,,,,,,,,,,,,,csv.stage.red,,,,,,,,,,,,,,,,,,,,,
81233,80314,,9,,,,,,,,,,,,,csv.stage.red,,,,,,,,,,,,,,,,,,,,,
81234,80314,,10,,,,,,,,,,,,,csv.stage.red,,,,,,,,,,,,,,,,,,,,,
81235,80314,,11,,,,,,,,,,,,,csv.stage.red,,,,,,,,,,,,,,,,,,,,,
81236,80314,,12,,,,,,,,,,,,,csv.stage.red,,,,,,,,,,,,,,,,,,,,,
81237,80315,,1,,,,,,,,,,,,,csv.stage.red,,,,,,,,,,,,,,,,,,,,,
81238,80315,,2,,,,,,,,,,,,,csv.stage.red,,,,,,,,,,,,,,,,,,,,,
81239,80315,,3,,,,,,,,,,,,,csv.stage.red,,,,,,,,,,,,,,,,,,,,,
81240,80315,,4,,,,,,,,,,,,,csv.stage.red,,,,,,,,,,,,,,,,,,,,,
81241,80315,,5,,,,,,,,,,,,,csv.stage.red,,,,,,,,,,,,,,,,,,,,,
81242,80315,,6,,,,,,,,,,,,,csv.stage.red,,,,,,,,,,,,,,,,,,,,,
81243,80315,,7,,,,,,,,,,,,,csv.stage.red,,,,,,,,,,,,,,,,,,,,,
81244,80315,,8,,,,,,,,,,,,,csv.stage.red,,,,,,,,,,,,,,,,,,,,,
81245,80315,,9,,,,,,,,,,,,,csv.stage.red,,,,,,,,,,,,,,,,,,,,,
81246,80315,,10,,,,,,,,,,,,,csv.stage.red,,,,,,,,,,,,,,,,,,,,,
81247,80315,,11,,,,,,,,,,,,,csv.stage.red,,,,,,,,,,,,,,,,,,,,,
81248,80315,,12,,,,,,,,,,,,,csv.stage.red,,,,,,,,,,,,,,,,,,,,,
81249,80316,,1,,,,,,,,,,,,,csv.stage.red,,,,,,,,,,,,,,,,,,,,,
81250,80316,,2,,,,,,,,,,,,,csv.stage.red,,,,,,,,,,,,,,,,,,,,,
81251,80316,,3,,,,,,,,,,,,,csv.stage.red,,,,,,,,,,,,,,,,,,,,,
81252,80316,,4,,,,,,,,,,,,,csv.stage.red,,,,,,,,,,,,,,,,,,,,,
81253,80316,,5,,,,,,,,,,,,,csv.stage.red,,,,,,,,,,,,,,,,,,,,,
81254,80316,,6,,,,,,,,,,,,,csv.stage.red,,,,,,,,,,,,,,,,,,,,,
81255,80316,,7,,,,,,,,,,,,,csv.stage.red,,,,,,,,,,,,,,,,,,,,,
81256,80316,,8,,,,,,,,,,,,,csv.stage.red,,,,,,,,,,,,,,,,,,,,,
81257,80316,,9,,,,,,,,,,,,,csv.stage.red,,,,,,,,,,,,,,,,,,,,,
81258,80316,,10,,,,,,,,,,,,,csv.stage.red,,,,,,,,,,,,,,,,,,,,,
81259,80316,,11,,,,,,,,,,,,,csv.stage.red,,,,,,,,,,,,,,,,,,,,,
81260,80316,,12,,,,,,,,,,,,,csv.stage.red,,,,,,,,,,,,,,,,,,,,,
81261,80321,,1,<290241;290241;290241;290242;303211;290242>,,,,,,,,,,,,csv.stage.red,,,,,,,,,,,,,,,,,,,,,
81262,80321,,2,,,,,,,,,,,,,csv.stage.red,,,,,,,,,,,,,,,,,,,,,
81263,80321,,3,,,,,,,,,,,,,csv.stage.red,,,,,,,,,,,,,,,,,,,,,
81264,80321,,4,,,,,,,,,,,,,csv.stage.red,,,,,,,,,,,,,,,,,,,,,
81265,80321,,5,,,,,,,,,,,,,csv.stage.red,,,,,,,,,,,,,,,,,,,,,
81266,80321,,6,,,,,,,,,,,,,csv.stage.red,,,,,,,,,,,,,,,,,,,,,
81267,80321,,7,,,,,,,,,,,,,csv.stage.red,,,,,,,,,,,,,,,,,,,,,
81268,80321,,8,,,,,,,,,,,,,csv.stage.red,,,,,,,,,,,,,,,,,,,,,
81269,80321,,9,,,,,,,,,,,,,csv.stage.red,,,,,,,,,,,,,,,,,,,,,
81270,80321,,10,,,,,,,,,,,,,csv.stage.red,,,,,,,,,,,,,,,,,,,,,
81271,80321,,11,,,,,,,,,,,,,csv.stage.red,,,,,,,,,,,,,,,,,,,,,
81272,80321,,12,,,,,,,,,,,,,csv.stage.red,,,,,,,,,,,,,,,,,,,,,
81273,80322,,1,<290463;303221;290464;0;0;0>,,,,,,,,,,,,csv.stage.red,,,,,,,,,,,,,,,,,,,,,
81274,80322,,2,,,,,,,,,,,,,csv.stage.red,,,,,,,,,,,,,,,,,,,,,
81275,80322,,3,,,,,,,,,,,,,csv.stage.red,,,,,,,,,,,,,,,,,,,,,
81276,80322,,4,,,,,,,,,,,,,csv.stage.red,,,,,,,,,,,,,,,,,,,,,
81277,80322,,5,,,,,,,,,,,,,csv.stage.red,,,,,,,,,,,,,,,,,,,,,
81278,80322,,6,,,,,,,,,,,,,csv.stage.red,,,,,,,,,,,,,,,,,,,,,
81279,80322,,7,,,,,,,,,,,,,csv.stage.red,,,,,,,,,,,,,,,,,,,,,
81280,80322,,8,,,,,,,,,,,,,csv.stage.red,,,,,,,,,,,,,,,,,,,,,
81281,80322,,9,,,,,,,,,,,,,csv.stage.red,,,,,,,,,,,,,,,,,,,,,
81282,80322,,10,,,,,,,,,,,,,csv.stage.red,,,,,,,,,,,,,,,,,,,,,
81283,80322,,11,,,,,,,,,,,,,csv.stage.red,,,,,,,,,,,,,,,,,,,,,
81284,80322,,12,,,,,,,,,,,,,csv.stage.red,,,,,,,,,,,,,,,,,,,,,
81285,80323,,1,<293671;293672;293673;293673;303231;293673>,,,,,,,,,,,,csv.stage.red,,,,,,,,,,,,,,,,,,,,,
81286,80323,,2,,,,,,,,,,,,,csv.stage.red,,,,,,,,,,,,,,,,,,,,,
81287,80323,,3,,,,,,,,,,,,,csv.stage.red,,,,,,,,,,,,,,,,,,,,,
81288,80323,,4,,,,,,,,,,,,,csv.stage.red,,,,,,,,,,,,,,,,,,,,,
81289,80323,,5,,,,,,,,,,,,,csv.stage.red,,,,,,,,,,,,,,,,,,,,,
81290,80323,,6,,,,,,,,,,,,,csv.stage.red,,,,,,,,,,,,,,,,,,,,,
81291,80323,,7,,,,,,,,,,,,,csv.stage.red,,,,,,,,,,,,,,,,,,,,,
81292,80323,,8,,,,,,,,,,,,,csv.stage.red,,,,,,,,,,,,,,,,,,,,,
81293,80323,,9,,,,,,,,,,,,,csv.stage.red,,,,,,,,,,,,,,,,,,,,,
81294,80323,,10,,,,,,,,,,,,,csv.stage.red,,,,,,,,,,,,,,,,,,,,,
81295,80323,,11,,,,,,,,,,,,,csv.stage.red,,,,,,,,,,,,,,,,,,,,,
81296,80323,,12,,,,,,,,,,,,,csv.stage.red,,,,,,,,,,,,,,,,,,,,,
81297,80324,,1,<292991;292992;292993;290741;303241;290741>,,,,,,,,,,,,csv.stage.red,,,,,,,,,,,,,,,,,,,,,
81298,80324,,2,,,,,,,,,,,,,csv.stage.red,,,,,,,,,,,,,,,,,,,,,
81299,80324,,3,,,,,,,,,,,,,csv.stage.red,,,,,,,,,,,,,,,,,,,,,
81300,80324,,4,,,,,,,,,,,,,csv.stage.red,,,,,,,,,,,,,,,,,,,,,
81301,80324,,5,,,,,,,,,,,,,csv.stage.red,,,,,,,,,,,,,,,,,,,,,
81302,80324,,6,,,,,,,,,,,,,csv.stage.red,,,,,,,,,,,,,,,,,,,,,
81303,80324,,7,,,,,,,,,,,,,csv.stage.red,,,,,,,,,,,,,,,,,,,,,
81304,80324,,8,,,,,,,,,,,,,csv.stage.red,,,,,,,,,,,,,,,,,,,,,
81305,80324,,9,,,,,,,,,,,,,csv.stage.red,,,,,,,,,,,,,,,,,,,,,
81306,80324,,10,,,,,,,,,,,,,csv.stage.red,,,,,,,,,,,,,,,,,,,,,
81307,80324,,11,,,,,,,,,,,,,csv.stage.red,,,,,,,,,,,,,,,,,,,,,
81308,80324,,12,,,,,,,,,,,,,csv.stage.red,,,,,,,,,,,,,,,,,,,,,
81309,80325,,1,,,,,,,,,,,,,csv.stage.red,,,,,,,,,,,,,,,,,,,,,
81310,80325,,2,,,,,,,,,,,,,csv.stage.red,,,,,,,,,,,,,,,,,,,,,
81311,80325,,3,,,,,,,,,,,,,csv.stage.red,,,,,,,,,,,,,,,,,,,,,
81312,80325,,4,,,,,,,,,,,,,csv.stage.red,,,,,,,,,,,,,,,,,,,,,
81313,80325,,5,,,,,,,,,,,,,csv.stage.red,,,,,,,,,,,,,,,,,,,,,
81314,80325,,6,,,,,,,,,,,,,csv.stage.red,,,,,,,,,,,,,,,,,,,,,
81315,80325,,7,,,,,,,,,,,,,csv.stage.red,,,,,,,,,,,,,,,,,,,,,
81316,80325,,8,,,,,,,,,,,,,csv.stage.red,,,,,,,,,,,,,,,,,,,,,
81317,80325,,9,,,,,,,,,,,,,csv.stage.red,,,,,,,,,,,,,,,,,,,,,
81318,80325,,10,,,,,,,,,,,,,csv.stage.red,,,,,,,,,,,,,,,,,,,,,
81319,80325,,11,,,,,,,,,,,,,csv.stage.red,,,,,,,,,,,,,,,,,,,,,
81320,80325,,12,,,,,,,,,,,,,csv.stage.red,,,,,,,,,,,,,,,,,,,,,
81321,80326,,1,,,,,,,,,,,,,csv.stage.red,,,,,,,,,,,,,,,,,,,,,
81322,80326,,2,,,,,,,,,,,,,csv.stage.red,,,,,,,,,,,,,,,,,,,,,
81323,80326,,3,,,,,,,,,,,,,csv.stage.red,,,,,,,,,,,,,,,,,,,,,
81324,80326,,4,,,,,,,,,,,,,csv.stage.red,,,,,,,,,,,,,,,,,,,,,
81325,80326,,5,,,,,,,,,,,,,csv.stage.red,,,,,,,,,,,,,,,,,,,,,
81326,80326,,6,,,,,,,,,,,,,csv.stage.red,,,,,,,,,,,,,,,,,,,,,
81327,80326,,7,,,,,,,,,,,,,csv.stage.red,,,,,,,,,,,,,,,,,,,,,
81328,80326,,8,,,,,,,,,,,,,csv.stage.red,,,,,,,,,,,,,,,,,,,,,
81329,80326,,9,,,,,,,,,,,,,csv.stage.red,,,,,,,,,,,,,,,,,,,,,
81330,80326,,10,,,,,,,,,,,,,csv.stage.red,,,,,,,,,,,,,,,,,,,,,
81331,80326,,11,,,,,,,,,,,,,csv.stage.red,,,,,,,,,,,,,,,,,,,,,
81332,80326,,12,,,,,,,,,,,,,csv.stage.red,,,,,,,,,,,,,,,,,,,,,
81333,80331,,1,<303311>,,,,,,,,,,,,csv.stage.red,,,,,,,,,,,,,,,,,,,,,
81334,80331,,2,<303312>,,,,,,,,,,,,csv.stage.red,,,,,,,,,,,,,,,,,,,,,
81335,80331,,3,<303313>,,,,,,,,,,,,csv.stage.red,,,,,,,,,,,,,,,,,,,,,
81336,80331,,4,<303314>,,,,,,,,,,,,csv.stage.red,,,,,,,,,,,,,,,,,,,,,
81337,80331,,5,<303315>,,,,,,,,,,,,csv.stage.red,,,,,,,,,,,,,,,,,,,,,
81338,80331,,6,<303316>,,,,,,,,,,,,csv.stage.red,,,,,,,,,,,,,,,,,,,,,
81339,80331,,7,,,,,,,,,,,,,csv.stage.red,,,,,,,,,,,,,,,,,,,,,
81340,80331,,8,,,,,,,,,,,,,csv.stage.red,,,,,,,,,,,,,,,,,,,,,
81341,80331,,9,,,,,,,,,,,,,csv.stage.red,,,,,,,,,,,,,,,,,,,,,
81342,80331,,10,,,,,,,,,,,,,csv.stage.red,,,,,,,,,,,,,,,,,,,,,
81343,80331,,11,,,,,,,,,,,,,csv.stage.red,,,,,,,,,,,,,,,,,,,,,
81344,80331,,12,,,,,,,,,,,,,csv.stage.red,,,,,,,,,,,,,,,,,,,,,
81345,80332,,1,<303321>,,,,,,,,,,,,csv.stage.red,,,,,,,,,,,,,,,,,,,,,
81346,80332,,2,<303322>,,,,,,,,,,,,csv.stage.red,,,,,,,,,,,,,,,,,,,,,
81347,80332,,3,<303323>,,,,,,,,,,,,csv.stage.red,,,,,,,,,,,,,,,,,,,,,
81348,80332,,4,<303324>,,,,,,,,,,,,csv.stage.red,,,,,,,,,,,,,,,,,,,,,
81349,80332,,5,<303325>,,,,,,,,,,,,csv.stage.red,,,,,,,,,,,,,,,,,,,,,
81350,80332,,6,<303326>,,,,,,,,,,,,csv.stage.red,,,,,,,,,,,,,,,,,,,,,
81351,80332,,7,,,,,,,,,,,,,csv.stage.red,,,,,,,,,,,,,,,,,,,,,
81352,80332,,8,,,,,,,,,,,,,csv.stage.red,,,,,,,,,,,,,,,,,,,,,
81353,80332,,9,,,,,,,,,,,,,csv.stage.red,,,,,,,,,,,,,,,,,,,,,
81354,80332,,10,,,,,,,,,,,,,csv.stage.red,,,,,,,,,,,,,,,,,,,,,
81355,80332,,11,,,,,,,,,,,,,csv.stage.red,,,,,,,,,,,,,,,,,,,,,
81356,80332,,12,,,,,,,,,,,,,csv.stage.red,,,,,,,,,,,,,,,,,,,,,
81357,80333,,1,<303331>,,,,,,,,,,,,csv.stage.red,,,,,,,,,,,,,,,,,,,,,
81358,80333,,2,,,,,,,,,,,,,csv.stage.red,,,,,,,,,,,,,,,,,,,,,
81359,80333,,3,,,,,,,,,,,,,csv.stage.red,,,,,,,,,,,,,,,,,,,,,
81360,80333,,4,,,,,,,,,,,,,csv.stage.red,,,,,,,,,,,,,,,,,,,,,
81361,80333,,5,,,,,,,,,,,,,csv.stage.red,,,,,,,,,,,,,,,,,,,,,
81362,80333,,6,,,,,,,,,,,,,csv.stage.red,,,,,,,,,,,,,,,,,,,,,
81363,80333,,7,,,,,,,,,,,,,csv.stage.red,,,,,,,,,,,,,,,,,,,,,
81364,80333,,8,,,,,,,,,,,,,csv.stage.red,,,,,,,,,,,,,,,,,,,,,
81365,80333,,9,,,,,,,,,,,,,csv.stage.red,,,,,,,,,,,,,,,,,,,,,
81366,80333,,10,,,,,,,,,,,,,csv.stage.red,,,,,,,,,,,,,,,,,,,,,
81367,80333,,11,,,,,,,,,,,,,csv.stage.red,,,,,,,,,,,,,,,,,,,,,
81368,80333,,12,,,,,,,,,,,,,csv.stage.red,,,,,,,,,,,,,,,,,,,,,
81369,80334,,1,<290741;303341;291303;290014;290603;290015>,,,,,,,,,,,,csv.stage.red,,,,,,,,,,,,,,,,,,,,,
81370,80334,,2,,,,,,,,,,,,,csv.stage.red,,,,,,,,,,,,,,,,,,,,,
81371,80334,,3,,,,,,,,,,,,,csv.stage.red,,,,,,,,,,,,,,,,,,,,,
81372,80334,,4,,,,,,,,,,,,,csv.stage.red,,,,,,,,,,,,,,,,,,,,,
81373,80334,,5,,,,,,,,,,,,,csv.stage.red,,,,,,,,,,,,,,,,,,,,,
81374,80334,,6,,,,,,,,,,,,,csv.stage.red,,,,,,,,,,,,,,,,,,,,,
81375,80334,,7,,,,,,,,,,,,,csv.stage.red,,,,,,,,,,,,,,,,,,,,,
81376,80334,,8,,,,,,,,,,,,,csv.stage.red,,,,,,,,,,,,,,,,,,,,,
81377,80334,,9,,,,,,,,,,,,,csv.stage.red,,,,,,,,,,,,,,,,,,,,,
81378,80334,,10,,,,,,,,,,,,,csv.stage.red,,,,,,,,,,,,,,,,,,,,,
81379,80334,,11,,,,,,,,,,,,,csv.stage.red,,,,,,,,,,,,,,,,,,,,,
81380,80334,,12,,,,,,,,,,,,,csv.stage.red,,,,,,,,,,,,,,,,,,,,,
81381,80335,,1,,,,,,,,,,,,,csv.stage.red,,,,,,,,,,,,,,,,,,,,,
81382,80335,,2,,,,,,,,,,,,,csv.stage.red,,,,,,,,,,,,,,,,,,,,,
81383,80335,,3,,,,,,,,,,,,,csv.stage.red,,,,,,,,,,,,,,,,,,,,,
81384,80335,,4,,,,,,,,,,,,,csv.stage.red,,,,,,,,,,,,,,,,,,,,,
81385,80335,,5,,,,,,,,,,,,,csv.stage.red,,,,,,,,,,,,,,,,,,,,,
81386,80335,,6,,,,,,,,,,,,,csv.stage.red,,,,,,,,,,,,,,,,,,,,,
81387,80335,,7,,,,,,,,,,,,,csv.stage.red,,,,,,,,,,,,,,,,,,,,,
81388,80335,,8,,,,,,,,,,,,,csv.stage.red,,,,,,,,,,,,,,,,,,,,,
81389,80335,,9,,,,,,,,,,,,,csv.stage.red,,,,,,,,,,,,,,,,,,,,,
81390,80335,,10,,,,,,,,,,,,,csv.stage.red,,,,,,,,,,,,,,,,,,,,,
81391,80335,,11,,,,,,,,,,,,,csv.stage.red,,,,,,,,,,,,,,,,,,,,,
81392,80335,,12,,,,,,,,,,,,,csv.stage.red,,,,,,,,,,,,,,,,,,,,,
81393,80336,,1,,,,,,,,,,,,,csv.stage.red,,,,,,,,,,,,,,,,,,,,,
81394,80336,,2,,,,,,,,,,,,,csv.stage.red,,,,,,,,,,,,,,,,,,,,,
81395,80336,,3,,,,,,,,,,,,,csv.stage.red,,,,,,,,,,,,,,,,,,,,,
81396,80336,,4,,,,,,,,,,,,,csv.stage.red,,,,,,,,,,,,,,,,,,,,,
81397,80336,,5,,,,,,,,,,,,,csv.stage.red,,,,,,,,,,,,,,,,,,,,,
81398,80336,,6,,,,,,,,,,,,,csv.stage.red,,,,,,,,,,,,,,,,,,,,,
81399,80336,,7,,,,,,,,,,,,,csv.stage.red,,,,,,,,,,,,,,,,,,,,,
81400,80336,,8,,,,,,,,,,,,,csv.stage.red,,,,,,,,,,,,,,,,,,,,,
81401,80336,,9,,,,,,,,,,,,,csv.stage.red,,,,,,,,,,,,,,,,,,,,,
81402,80336,,10,,,,,,,,,,,,,csv.stage.red,,,,,,,,,,,,,,,,,,,,,
81403,80336,,11,,,,,,,,,,,,,csv.stage.red,,,,,,,,,,,,,,,,,,,,,
81404,80336,,12,,,,,,,,,,,,,csv.stage.red,,,,,,,,,,,,,,,,,,,,,
81405,80341,,1,<290741;303411;291231;291172;290603;291303>,,,,,,,,,,,,csv.stage.red,,,,,,,,,,,,,,,,,,,,,
81406,80341,,2,,,,,,,,,,,,,csv.stage.red,,,,,,,,,,,,,,,,,,,,,
81407,80341,,3,,,,,,,,,,,,,csv.stage.red,,,,,,,,,,,,,,,,,,,,,
81408,80341,,4,,,,,,,,,,,,,csv.stage.red,,,,,,,,,,,,,,,,,,,,,
81409,80341,,5,,,,,,,,,,,,,csv.stage.red,,,,,,,,,,,,,,,,,,,,,
81410,80341,,6,,,,,,,,,,,,,csv.stage.red,,,,,,,,,,,,,,,,,,,,,
81411,80341,,7,,,,,,,,,,,,,csv.stage.red,,,,,,,,,,,,,,,,,,,,,
81412,80341,,8,,,,,,,,,,,,,csv.stage.red,,,,,,,,,,,,,,,,,,,,,
81413,80341,,9,,,,,,,,,,,,,csv.stage.red,,,,,,,,,,,,,,,,,,,,,
81414,80341,,10,,,,,,,,,,,,,csv.stage.red,,,,,,,,,,,,,,,,,,,,,
81415,80341,,11,,,,,,,,,,,,,csv.stage.red,,,,,,,,,,,,,,,,,,,,,
81416,80341,,12,,,,,,,,,,,,,csv.stage.red,,,,,,,,,,,,,,,,,,,,,
81417,80342,,1,<291394;291303;291071;290232;303421;291423>,,,,,,,,,,,,csv.stage.red,,,,,,,,,,,,,,,,,,,,,
81418,80342,,2,,,,,,,,,,,,,csv.stage.red,,,,,,,,,,,,,,,,,,,,,
81419,80342,,3,,,,,,,,,,,,,csv.stage.red,,,,,,,,,,,,,,,,,,,,,
81420,80342,,4,,,,,,,,,,,,,csv.stage.red,,,,,,,,,,,,,,,,,,,,,
81421,80342,,5,,,,,,,,,,,,,csv.stage.red,,,,,,,,,,,,,,,,,,,,,
81422,80342,,6,,,,,,,,,,,,,csv.stage.red,,,,,,,,,,,,,,,,,,,,,
81423,80342,,7,,,,,,,,,,,,,csv.stage.red,,,,,,,,,,,,,,,,,,,,,
81424,80342,,8,,,,,,,,,,,,,csv.stage.red,,,,,,,,,,,,,,,,,,,,,
81425,80342,,9,,,,,,,,,,,,,csv.stage.red,,,,,,,,,,,,,,,,,,,,,
81426,80342,,10,,,,,,,,,,,,,csv.stage.red,,,,,,,,,,,,,,,,,,,,,
81427,80342,,11,,,,,,,,,,,,,csv.stage.red,,,,,,,,,,,,,,,,,,,,,
81428,80342,,12,,,,,,,,,,,,,csv.stage.red,,,,,,,,,,,,,,,,,,,,,
81429,80343,,1,<291071;291303;291394;292242;303431;292242>,,,,,,,,,,,,csv.stage.red,,,,,,,,,,,,,,,,,,,,,
81430,80343,,2,,,,,,,,,,,,,csv.stage.red,,,,,,,,,,,,,,,,,,,,,
81431,80343,,3,,,,,,,,,,,,,csv.stage.red,,,,,,,,,,,,,,,,,,,,,
81432,80343,,4,,,,,,,,,,,,,csv.stage.red,,,,,,,,,,,,,,,,,,,,,
81433,80343,,5,,,,,,,,,,,,,csv.stage.red,,,,,,,,,,,,,,,,,,,,,
81434,80343,,6,,,,,,,,,,,,,csv.stage.red,,,,,,,,,,,,,,,,,,,,,
81435,80343,,7,,,,,,,,,,,,,csv.stage.red,,,,,,,,,,,,,,,,,,,,,
81436,80343,,8,,,,,,,,,,,,,csv.stage.red,,,,,,,,,,,,,,,,,,,,,
81437,80343,,9,,,,,,,,,,,,,csv.stage.red,,,,,,,,,,,,,,,,,,,,,
81438,80343,,10,,,,,,,,,,,,,csv.stage.red,,,,,,,,,,,,,,,,,,,,,
81439,80343,,11,,,,,,,,,,,,,csv.stage.red,,,,,,,,,,,,,,,,,,,,,
81440,80343,,12,,,,,,,,,,,,,csv.stage.red,,,,,,,,,,,,,,,,,,,,,
81441,80344,,1,<291271;291271;291271;291271;303441;291271>,,,,,,,,,,,,csv.stage.red,,,,,,,,,,,,,,,,,,,,,
81442,80344,,2,,,,,,,,,,,,,csv.stage.red,,,,,,,,,,,,,,,,,,,,,
81443,80344,,3,,,,,,,,,,,,,csv.stage.red,,,,,,,,,,,,,,,,,,,,,
81444,80344,,4,,,,,,,,,,,,,csv.stage.red,,,,,,,,,,,,,,,,,,,,,
81445,80344,,5,,,,,,,,,,,,,csv.stage.red,,,,,,,,,,,,,,,,,,,,,
81446,80344,,6,,,,,,,,,,,,,csv.stage.red,,,,,,,,,,,,,,,,,,,,,
81447,80344,,7,,,,,,,,,,,,,csv.stage.red,,,,,,,,,,,,,,,,,,,,,
81448,80344,,8,,,,,,,,,,,,,csv.stage.red,,,,,,,,,,,,,,,,,,,,,
81449,80344,,9,,,,,,,,,,,,,csv.stage.red,,,,,,,,,,,,,,,,,,,,,
81450,80344,,10,,,,,,,,,,,,,csv.stage.red,,,,,,,,,,,,,,,,,,,,,
81451,80344,,11,,,,,,,,,,,,,csv.stage.red,,,,,,,,,,,,,,,,,,,,,
81452,80344,,12,,,,,,,,,,,,,csv.stage.red,,,,,,,,,,,,,,,,,,,,,
81453,80345,,1,<293211;291972;293651;292461;303451;297121>,,,,,,,,,,,,csv.stage.red,,,,,,,,,,,,,<297061;294601;297071;294121;290762;297111>,4,,,,,,,
81454,80345,,2,,,,,,,,,,,,,csv.stage.red,,,,,,,,,,,,,,,,,,,,,
81455,80345,,3,,,,,,,,,,,,,csv.stage.red,,,,,,,,,,,,,,,,,,,,,
81456,80345,,4,,,,,,,,,,,,,csv.stage.red,,,,,,,,,,,,,,,,,,,,,
81457,80345,,5,,,,,,,,,,,,,csv.stage.red,,,,,,,,,,,,,,,,,,,,,
81458,80345,,6,,,,,,,,,,,,,csv.stage.red,,,,,,,,,,,,,,,,,,,,,
81459,80345,,7,,,,,,,,,,,,,csv.stage.red,,,,,,,,,,,,,,,,,,,,,
81460,80345,,8,,,,,,,,,,,,,csv.stage.red,,,,,,,,,,,,,,,,,,,,,
81461,80345,,9,,,,,,,,,,,,,csv.stage.red,,,,,,,,,,,,,,,,,,,,,
81462,80345,,10,,,,,,,,,,,,,csv.stage.red,,,,,,,,,,,,,,,,,,,,,
81463,80345,,11,,,,,,,,,,,,,csv.stage.red,,,,,,,,,,,,,,,,,,,,,
81464,80345,,12,,,,,,,,,,,,,csv.stage.red,,,,,,,,,,,,,,,,,,,,,
81465,80346,,1,,,,,,,,,,,,,csv.stage.red,,,,,,,,,,,,,,,,,,,,,
81466,80346,,2,,,,,,,,,,,,,csv.stage.red,,,,,,,,,,,,,,,,,,,,,
81467,80346,,3,,,,,,,,,,,,,csv.stage.red,,,,,,,,,,,,,,,,,,,,,
81468,80346,,4,,,,,,,,,,,,,csv.stage.red,,,,,,,,,,,,,,,,,,,,,
81469,80346,,5,,,,,,,,,,,,,csv.stage.red,,,,,,,,,,,,,,,,,,,,,
81470,80346,,6,,,,,,,,,,,,,csv.stage.red,,,,,,,,,,,,,,,,,,,,,
81471,80346,,7,,,,,,,,,,,,,csv.stage.red,,,,,,,,,,,,,,,,,,,,,
81472,80346,,8,,,,,,,,,,,,,csv.stage.red,,,,,,,,,,,,,,,,,,,,,
81473,80346,,9,,,,,,,,,,,,,csv.stage.red,,,,,,,,,,,,,,,,,,,,,
81474,80346,,10,,,,,,,,,,,,,csv.stage.red,,,,,,,,,,,,,,,,,,,,,
81475,80346,,11,,,,,,,,,,,,,csv.stage.red,,,,,,,,,,,,,,,,,,,,,
81476,80346,,12,,,,,,,,,,,,,csv.stage.red,,,,,,,,,,,,,,,,,,,,,
81477,80351,,1,<293262;291303;291231;290014;303511;290015>,,,,,,,,,,,,csv.stage.red,,,,,,,,,,,,,,,,,,,,,
81478,80351,,2,,,,,,,,,,,,,csv.stage.red,,,,,,,,,,,,,,,,,,,,,
81479,80351,,3,,,,,,,,,,,,,csv.stage.red,,,,,,,,,,,,,,,,,,,,,
81480,80351,,4,,,,,,,,,,,,,csv.stage.red,,,,,,,,,,,,,,,,,,,,,
81481,80351,,5,,,,,,,,,,,,,csv.stage.red,,,,,,,,,,,,,,,,,,,,,
81482,80351,,6,,,,,,,,,,,,,csv.stage.red,,,,,,,,,,,,,,,,,,,,,
81483,80351,,7,,,,,,,,,,,,,csv.stage.red,,,,,,,,,,,,,,,,,,,,,
81484,80351,,8,,,,,,,,,,,,,csv.stage.red,,,,,,,,,,,,,,,,,,,,,
81485,80351,,9,,,,,,,,,,,,,csv.stage.red,,,,,,,,,,,,,,,,,,,,,
81486,80351,,10,,,,,,,,,,,,,csv.stage.red,,,,,,,,,,,,,,,,,,,,,
81487,80351,,11,,,,,,,,,,,,,csv.stage.red,,,,,,,,,,,,,,,,,,,,,
81488,80351,,12,,,,,,,,,,,,,csv.stage.red,,,,,,,,,,,,,,,,,,,,,
81489,80401,,1,<293001;292231;291891;293541;304011;290031>,,,,,,,,,,,,csv.stage.aml,,,,,,,,,,,,,,,,,,,,,
81490,80401,,2,,,,,,,,,,,,,csv.stage.aml,,,,,,,,,,,,,,,,,,,,,
81491,80401,,3,,,,,,,,,,,,,csv.stage.aml,,,,,,,,,,,,,,,,,,,,,
81492,80401,,4,,,,,,,,,,,,,csv.stage.aml,,,,,,,,,,,,,,,,,,,,,
81493,80401,,5,,,,,,,,,,,,,csv.stage.aml,,,,,,,,,,,,,,,,,,,,,
81494,80401,,6,,,,,,,,,,,,,csv.stage.aml,,,,,,,,,,,,,,,,,,,,,
81495,80401,,7,,,,,,,,,,,,,csv.stage.aml,,,,,,,,,,,,,,,,,,,,,
81496,80401,,8,,,,,,,,,,,,,csv.stage.aml,,,,,,,,,,,,,,,,,,,,,
81497,80401,,9,,,,,,,,,,,,,csv.stage.aml,,,,,,,,,,,,,,,,,,,,,
81498,80401,,10,,,,,,,,,,,,,csv.stage.aml,,,,,,,,,,,,,,,,,,,,,
81499,80401,,11,,,,,,,,,,,,,csv.stage.aml,,,,,,,,,,,,,,,,,,,,,
81500,80401,,12,,,,,,,,,,,,,csv.stage.aml,,,,,,,,,,,,,,,,,,,,,
81501,80402,,1,<292071;290881;290331;290591;304021;292891>,,,,,,,,,,,,csv.stage.aml,,,,,,,,,,,,,,,,,,,,,
81502,80402,,2,,,,,,,,,,,,,csv.stage.aml,,,,,,,,,,,,,,,,,,,,,
81503,80402,,3,,,,,,,,,,,,,csv.stage.aml,,,,,,,,,,,,,,,,,,,,,
81504,80402,,4,,,,,,,,,,,,,csv.stage.aml,,,,,,,,,,,,,,,,,,,,,
81505,80402,,5,,,,,,,,,,,,,csv.stage.aml,,,,,,,,,,,,,,,,,,,,,
81506,80402,,6,,,,,,,,,,,,,csv.stage.aml,,,,,,,,,,,,,,,,,,,,,
81507,80402,,7,,,,,,,,,,,,,csv.stage.aml,,,,,,,,,,,,,,,,,,,,,
81508,80402,,8,,,,,,,,,,,,,csv.stage.aml,,,,,,,,,,,,,,,,,,,,,
81509,80402,,9,,,,,,,,,,,,,csv.stage.aml,,,,,,,,,,,,,,,,,,,,,
81510,80402,,10,,,,,,,,,,,,,csv.stage.aml,,,,,,,,,,,,,,,,,,,,,
81511,80402,,11,,,,,,,,,,,,,csv.stage.aml,,,,,,,,,,,,,,,,,,,,,
81512,80402,,12,,,,,,,,,,,,,csv.stage.aml,,,,,,,,,,,,,,,,,,,,,
81513,80403,,1,<290882;290592;292232;293002;304031;291892>,,,,,,,,,,,,csv.stage.aml,,,,,,,,,,,,,,,,,,,,,
81514,80403,,2,,,,,,,,,,,,,csv.stage.aml,,,,,,,,,,,,,,,,,,,,,
81515,80403,,3,,,,,,,,,,,,,csv.stage.aml,,,,,,,,,,,,,,,,,,,,,
81516,80403,,4,,,,,,,,,,,,,csv.stage.aml,,,,,,,,,,,,,,,,,,,,,
81517,80403,,5,,,,,,,,,,,,,csv.stage.aml,,,,,,,,,,,,,,,,,,,,,
81518,80403,,6,,,,,,,,,,,,,csv.stage.aml,,,,,,,,,,,,,,,,,,,,,
81519,80403,,7,,,,,,,,,,,,,csv.stage.aml,,,,,,,,,,,,,,,,,,,,,
81520,80403,,8,,,,,,,,,,,,,csv.stage.aml,,,,,,,,,,,,,,,,,,,,,
81521,80403,,9,,,,,,,,,,,,,csv.stage.aml,,,,,,,,,,,,,,,,,,,,,
81522,80403,,10,,,,,,,,,,,,,csv.stage.aml,,,,,,,,,,,,,,,,,,,,,
81523,80403,,11,,,,,,,,,,,,,csv.stage.aml,,,,,,,,,,,,,,,,,,,,,
81524,80403,,12,,,,,,,,,,,,,csv.stage.aml,,,,,,,,,,,,,,,,,,,,,
81525,80404,,1,<290751;290751;290751;290752;304041;290752>,,,,,,,,,,,,csv.stage.aml,,,,,,,,,,,,,,,,,,,,,
81526,80404,,2,,,,,,,,,,,,,csv.stage.aml,,,,,,,,,,,,,,,,,,,,,
81527,80404,,3,,,,,,,,,,,,,csv.stage.aml,,,,,,,,,,,,,,,,,,,,,
81528,80404,,4,,,,,,,,,,,,,csv.stage.aml,,,,,,,,,,,,,,,,,,,,,
81529,80404,,5,,,,,,,,,,,,,csv.stage.aml,,,,,,,,,,,,,,,,,,,,,
81530,80404,,6,,,,,,,,,,,,,csv.stage.aml,,,,,,,,,,,,,,,,,,,,,
81531,80404,,7,,,,,,,,,,,,,csv.stage.aml,,,,,,,,,,,,,,,,,,,,,
81532,80404,,8,,,,,,,,,,,,,csv.stage.aml,,,,,,,,,,,,,,,,,,,,,
81533,80404,,9,,,,,,,,,,,,,csv.stage.aml,,,,,,,,,,,,,,,,,,,,,
81534,80404,,10,,,,,,,,,,,,,csv.stage.aml,,,,,,,,,,,,,,,,,,,,,
81535,80404,,11,,,,,,,,,,,,,csv.stage.aml,,,,,,,,,,,,,,,,,,,,,
81536,80404,,12,,,,,,,,,,,,,csv.stage.aml,,,,,,,,,,,,,,,,,,,,,
81537,80405,,1,,,,,,,,,,,,,csv.stage.aml,,,,,,,,,,,,,,,,,,,,,
81538,80405,,2,,,,,,,,,,,,,csv.stage.aml,,,,,,,,,,,,,,,,,,,,,
81539,80405,,3,,,,,,,,,,,,,csv.stage.aml,,,,,,,,,,,,,,,,,,,,,
81540,80405,,4,,,,,,,,,,,,,csv.stage.aml,,,,,,,,,,,,,,,,,,,,,
81541,80405,,5,,,,,,,,,,,,,csv.stage.aml,,,,,,,,,,,,,,,,,,,,,
81542,80405,,6,,,,,,,,,,,,,csv.stage.aml,,,,,,,,,,,,,,,,,,,,,
81543,80405,,7,,,,,,,,,,,,,csv.stage.aml,,,,,,,,,,,,,,,,,,,,,
81544,80405,,8,,,,,,,,,,,,,csv.stage.aml,,,,,,,,,,,,,,,,,,,,,
81545,80405,,9,,,,,,,,,,,,,csv.stage.aml,,,,,,,,,,,,,,,,,,,,,
81546,80405,,10,,,,,,,,,,,,,csv.stage.aml,,,,,,,,,,,,,,,,,,,,,
81547,80405,,11,,,,,,,,,,,,,csv.stage.aml,,,,,,,,,,,,,,,,,,,,,
81548,80405,,12,,,,,,,,,,,,,csv.stage.aml,,,,,,,,,,,,,,,,,,,,,
81549,80406,,1,,,,,,,,,,,,,csv.stage.aml,,,,,,,,,,,,,,,,,,,,,
81550,80406,,2,,,,,,,,,,,,,csv.stage.aml,,,,,,,,,,,,,,,,,,,,,
81551,80406,,3,,,,,,,,,,,,,csv.stage.aml,,,,,,,,,,,,,,,,,,,,,
81552,80406,,4,,,,,,,,,,,,,csv.stage.aml,,,,,,,,,,,,,,,,,,,,,
81553,80406,,5,,,,,,,,,,,,,csv.stage.aml,,,,,,,,,,,,,,,,,,,,,
81554,80406,,6,,,,,,,,,,,,,csv.stage.aml,,,,,,,,,,,,,,,,,,,,,
81555,80406,,7,,,,,,,,,,,,,csv.stage.aml,,,,,,,,,,,,,,,,,,,,,
81556,80406,,8,,,,,,,,,,,,,csv.stage.aml,,,,,,,,,,,,,,,,,,,,,
81557,80406,,9,,,,,,,,,,,,,csv.stage.aml,,,,,,,,,,,,,,,,,,,,,
81558,80406,,10,,,,,,,,,,,,,csv.stage.aml,,,,,,,,,,,,,,,,,,,,,
81559,80406,,11,,,,,,,,,,,,,csv.stage.aml,,,,,,,,,,,,,,,,,,,,,
81560,80406,,12,,,,,,,,,,,,,csv.stage.aml,,,,,,,,,,,,,,,,,,,,,
81561,80411,,1,,,,,,,,,,,,,csv.stage.aml,,,,,,,,,,,,,,,,,,,,,
81562,80411,,2,,,,,,,,,,,,,csv.stage.aml,,,,,,,,,,,,,,,,,,,,,
81563,80411,,3,,,,,,,,,,,,,csv.stage.aml,,,,,,,,,,,,,,,,,,,,,
81564,80411,,4,,,,,,,,,,,,,csv.stage.aml,,,,,,,,,,,,,,,,,,,,,
81565,80411,,5,,,,,,,,,,,,,csv.stage.aml,,,,,,,,,,,,,,,,,,,,,
81566,80411,,6,,,,,,,,,,,,,csv.stage.aml,,,,,,,,,,,,,,,,,,,,,
81567,80411,,7,,,,,,,,,,,,,csv.stage.aml,,,,,,,,,,,,,,,,,,,,,
81568,80411,,8,,,,,,,,,,,,,csv.stage.aml,,,,,,,,,,,,,,,,,,,,,
81569,80411,,9,,,,,,,,,,,,,csv.stage.aml,,,,,,,,,,,,,,,,,,,,,
81570,80411,,10,,,,,,,,,,,,,csv.stage.aml,,,,,,,,,,,,,,,,,,,,,
81571,80411,,11,,,,,,,,,,,,,csv.stage.aml,,,,,,,,,,,,,,,,,,,,,
81572,80411,,12,,,,,,,,,,,,,csv.stage.aml,,,,,,,,,,,,,,,,,,,,,
81573,80412,,1,<290593;290593;290593;290883;304121;290883>,,,,,,,,,,,,csv.stage.aml,,,,,,,,,,,,,,,,,,,,,
81574,80412,,2,,,,,,,,,,,,,csv.stage.aml,,,,,,,,,,,,,,,,,,,,,
81575,80412,,3,,,,,,,,,,,,,csv.stage.aml,,,,,,,,,,,,,,,,,,,,,
81576,80412,,4,,,,,,,,,,,,,csv.stage.aml,,,,,,,,,,,,,,,,,,,,,
81577,80412,,5,,,,,,,,,,,,,csv.stage.aml,,,,,,,,,,,,,,,,,,,,,
81578,80412,,6,,,,,,,,,,,,,csv.stage.aml,,,,,,,,,,,,,,,,,,,,,
81579,80412,,7,,,,,,,,,,,,,csv.stage.aml,,,,,,,,,,,,,,,,,,,,,
81580,80412,,8,,,,,,,,,,,,,csv.stage.aml,,,,,,,,,,,,,,,,,,,,,
81581,80412,,9,,,,,,,,,,,,,csv.stage.aml,,,,,,,,,,,,,,,,,,,,,
81582,80412,,10,,,,,,,,,,,,,csv.stage.aml,,,,,,,,,,,,,,,,,,,,,
81583,80412,,11,,,,,,,,,,,,,csv.stage.aml,,,,,,,,,,,,,,,,,,,,,
81584,80412,,12,,,,,,,,,,,,,csv.stage.aml,,,,,,,,,,,,,,,,,,,,,
81585,80413,,1,<293201;293201;293201;293201;304131;293201>,,,,,,,,,,,,csv.stage.aml,,,,,,,,,,,,,,,,,,,,,
81586,80413,,2,,,,,,,,,,,,,csv.stage.aml,,,,,,,,,,,,,,,,,,,,,
81587,80413,,3,,,,,,,,,,,,,csv.stage.aml,,,,,,,,,,,,,,,,,,,,,
81588,80413,,4,,,,,,,,,,,,,csv.stage.aml,,,,,,,,,,,,,,,,,,,,,
81589,80413,,5,,,,,,,,,,,,,csv.stage.aml,,,,,,,,,,,,,,,,,,,,,
81590,80413,,6,,,,,,,,,,,,,csv.stage.aml,,,,,,,,,,,,,,,,,,,,,
81591,80413,,7,,,,,,,,,,,,,csv.stage.aml,,,,,,,,,,,,,,,,,,,,,
81592,80413,,8,,,,,,,,,,,,,csv.stage.aml,,,,,,,,,,,,,,,,,,,,,
81593,80413,,9,,,,,,,,,,,,,csv.stage.aml,,,,,,,,,,,,,,,,,,,,,
81594,80413,,10,,,,,,,,,,,,,csv.stage.aml,,,,,,,,,,,,,,,,,,,,,
81595,80413,,11,,,,,,,,,,,,,csv.stage.aml,,,,,,,,,,,,,,,,,,,,,
81596,80413,,12,,,,,,,,,,,,,csv.stage.aml,,,,,,,,,,,,,,,,,,,,,
81597,80414,,1,,,,,,,,,,,,,csv.stage.aml,,,,,,,,,,,,,,,,,,,,,
81598,80414,,2,,,,,,,,,,,,,csv.stage.aml,,,,,,,,,,,,,,,,,,,,,
81599,80414,,3,,,,,,,,,,,,,csv.stage.aml,,,,,,,,,,,,,,,,,,,,,
81600,80414,,4,,,,,,,,,,,,,csv.stage.aml,,,,,,,,,,,,,,,,,,,,,
81601,80414,,5,,,,,,,,,,,,,csv.stage.aml,,,,,,,,,,,,,,,,,,,,,
81602,80414,,6,,,,,,,,,,,,,csv.stage.aml,,,,,,,,,,,,,,,,,,,,,
81603,80414,,7,,,,,,,,,,,,,csv.stage.aml,,,,,,,,,,,,,,,,,,,,,
81604,80414,,8,,,,,,,,,,,,,csv.stage.aml,,,,,,,,,,,,,,,,,,,,,
81605,80414,,9,,,,,,,,,,,,,csv.stage.aml,,,,,,,,,,,,,,,,,,,,,
81606,80414,,10,,,,,,,,,,,,,csv.stage.aml,,,,,,,,,,,,,,,,,,,,,
81607,80414,,11,,,,,,,,,,,,,csv.stage.aml,,,,,,,,,,,,,,,,,,,,,
81608,80414,,12,,,,,,,,,,,,,csv.stage.aml,,,,,,,,,,,,,,,,,,,,,
81609,80415,,1,,,,,,,,,,,,,csv.stage.aml,,,,,,,,,,,,,,,,,,,,,
81610,80415,,2,,,,,,,,,,,,,csv.stage.aml,,,,,,,,,,,,,,,,,,,,,
81611,80415,,3,,,,,,,,,,,,,csv.stage.aml,,,,,,,,,,,,,,,,,,,,,
81612,80415,,4,,,,,,,,,,,,,csv.stage.aml,,,,,,,,,,,,,,,,,,,,,
81613,80415,,5,,,,,,,,,,,,,csv.stage.aml,,,,,,,,,,,,,,,,,,,,,
81614,80415,,6,,,,,,,,,,,,,csv.stage.aml,,,,,,,,,,,,,,,,,,,,,
81615,80415,,7,,,,,,,,,,,,,csv.stage.aml,,,,,,,,,,,,,,,,,,,,,
81616,80415,,8,,,,,,,,,,,,,csv.stage.aml,,,,,,,,,,,,,,,,,,,,,
81617,80415,,9,,,,,,,,,,,,,csv.stage.aml,,,,,,,,,,,,,,,,,,,,,
81618,80415,,10,,,,,,,,,,,,,csv.stage.aml,,,,,,,,,,,,,,,,,,,,,
81619,80415,,11,,,,,,,,,,,,,csv.stage.aml,,,,,,,,,,,,,,,,,,,,,
81620,80415,,12,,,,,,,,,,,,,csv.stage.aml,,,,,,,,,,,,,,,,,,,,,
81621,80416,,1,,,,,,,,,,,,,csv.stage.aml,,,,,,,,,,,,,,,,,,,,,
81622,80416,,2,,,,,,,,,,,,,csv.stage.aml,,,,,,,,,,,,,,,,,,,,,
81623,80416,,3,,,,,,,,,,,,,csv.stage.aml,,,,,,,,,,,,,,,,,,,,,
81624,80416,,4,,,,,,,,,,,,,csv.stage.aml,,,,,,,,,,,,,,,,,,,,,
81625,80416,,5,,,,,,,,,,,,,csv.stage.aml,,,,,,,,,,,,,,,,,,,,,
81626,80416,,6,,,,,,,,,,,,,csv.stage.aml,,,,,,,,,,,,,,,,,,,,,
81627,80416,,7,,,,,,,,,,,,,csv.stage.aml,,,,,,,,,,,,,,,,,,,,,
81628,80416,,8,,,,,,,,,,,,,csv.stage.aml,,,,,,,,,,,,,,,,,,,,,
81629,80416,,9,,,,,,,,,,,,,csv.stage.aml,,,,,,,,,,,,,,,,,,,,,
81630,80416,,10,,,,,,,,,,,,,csv.stage.aml,,,,,,,,,,,,,,,,,,,,,
81631,80416,,11,,,,,,,,,,,,,csv.stage.aml,,,,,,,,,,,,,,,,,,,,,
81632,80416,,12,,,,,,,,,,,,,csv.stage.aml,,,,,,,,,,,,,,,,,,,,,
81633,80421,,1,<293543;293543;293543;0;304211;0>,,,,,,,,,,,,csv.stage.aml,,,,,,,,,,,,,,,,,,,,,
81634,80421,,2,,,,,,,,,,,,,csv.stage.aml,,,,,,,,,,,,,,,,,,,,,
81635,80421,,3,,,,,,,,,,,,,csv.stage.aml,,,,,,,,,,,,,,,,,,,,,
81636,80421,,4,,,,,,,,,,,,,csv.stage.aml,,,,,,,,,,,,,,,,,,,,,
81637,80421,,5,,,,,,,,,,,,,csv.stage.aml,,,,,,,,,,,,,,,,,,,,,
81638,80421,,6,,,,,,,,,,,,,csv.stage.aml,,,,,,,,,,,,,,,,,,,,,
81639,80421,,7,,,,,,,,,,,,,csv.stage.aml,,,,,,,,,,,,,,,,,,,,,
81640,80421,,8,,,,,,,,,,,,,csv.stage.aml,,,,,,,,,,,,,,,,,,,,,
81641,80421,,9,,,,,,,,,,,,,csv.stage.aml,,,,,,,,,,,,,,,,,,,,,
81642,80421,,10,,,,,,,,,,,,,csv.stage.aml,,,,,,,,,,,,,,,,,,,,,
81643,80421,,11,,,,,,,,,,,,,csv.stage.aml,,,,,,,,,,,,,,,,,,,,,
81644,80421,,12,,,,,,,,,,,,,csv.stage.aml,,,,,,,,,,,,,,,,,,,,,
81645,80422,,1,<0;0;0;0;304221;0>,,,,,,,,,,,,csv.stage.aml,,,,,,,,,,,,,,,,,,,,,
81646,80422,,2,,,,,,,,,,,,,csv.stage.aml,,,,,,,,,,,,,,,,,,,,,
81647,80422,,3,,,,,,,,,,,,,csv.stage.aml,,,,,,,,,,,,,,,,,,,,,
81648,80422,,4,,,,,,,,,,,,,csv.stage.aml,,,,,,,,,,,,,,,,,,,,,
81649,80422,,5,,,,,,,,,,,,,csv.stage.aml,,,,,,,,,,,,,,,,,,,,,
81650,80422,,6,,,,,,,,,,,,,csv.stage.aml,,,,,,,,,,,,,,,,,,,,,
81651,80422,,7,,,,,,,,,,,,,csv.stage.aml,,,,,,,,,,,,,,,,,,,,,
81652,80422,,8,,,,,,,,,,,,,csv.stage.aml,,,,,,,,,,,,,,,,,,,,,
81653,80422,,9,,,,,,,,,,,,,csv.stage.aml,,,,,,,,,,,,,,,,,,,,,
81654,80422,,10,,,,,,,,,,,,,csv.stage.aml,,,,,,,,,,,,,,,,,,,,,
81655,80422,,11,,,,,,,,,,,,,csv.stage.aml,,,,,,,,,,,,,,,,,,,,,
81656,80422,,12,,,,,,,,,,,,,csv.stage.aml,,,,,,,,,,,,,,,,,,,,,
81657,80423,,1,<0;0;0;294161;0;304231>,,,,,,,,,,,,csv.stage.aml,,,,,,,,,,,,,,,,,,,,,
81658,80423,,2,,,,,,,,,,,,,csv.stage.aml,,,,,,,,,,,,,,,,,,,,,
81659,80423,,3,,,,,,,,,,,,,csv.stage.aml,,,,,,,,,,,,,,,,,,,,,
81660,80423,,4,,,,,,,,,,,,,csv.stage.aml,,,,,,,,,,,,,,,,,,,,,
81661,80423,,5,,,,,,,,,,,,,csv.stage.aml,,,,,,,,,,,,,,,,,,,,,
81662,80423,,6,,,,,,,,,,,,,csv.stage.aml,,,,,,,,,,,,,,,,,,,,,
81663,80423,,7,,,,,,,,,,,,,csv.stage.aml,,,,,,,,,,,,,,,,,,,,,
81664,80423,,8,,,,,,,,,,,,,csv.stage.aml,,,,,,,,,,,,,,,,,,,,,
81665,80423,,9,,,,,,,,,,,,,csv.stage.aml,,,,,,,,,,,,,,,,,,,,,
81666,80423,,10,,,,,,,,,,,,,csv.stage.aml,,,,,,,,,,,,,,,,,,,,,
81667,80423,,11,,,,,,,,,,,,,csv.stage.aml,,,,,,,,,,,,,,,,,,,,,
81668,80423,,12,,,,,,,,,,,,,csv.stage.aml,,,,,,,,,,,,,,,,,,,,,
81669,80424,,1,,,,,,,,,,,,,csv.stage.aml,,,,,,,,,,,,,,,,,,,,,
81670,80424,,2,,,,,,,,,,,,,csv.stage.aml,,,,,,,,,,,,,,,,,,,,,
81671,80424,,3,,,,,,,,,,,,,csv.stage.aml,,,,,,,,,,,,,,,,,,,,,
81672,80424,,4,,,,,,,,,,,,,csv.stage.aml,,,,,,,,,,,,,,,,,,,,,
81673,80424,,5,,,,,,,,,,,,,csv.stage.aml,,,,,,,,,,,,,,,,,,,,,
81674,80424,,6,,,,,,,,,,,,,csv.stage.aml,,,,,,,,,,,,,,,,,,,,,
81675,80424,,7,,,,,,,,,,,,,csv.stage.aml,,,,,,,,,,,,,,,,,,,,,
81676,80424,,8,,,,,,,,,,,,,csv.stage.aml,,,,,,,,,,,,,,,,,,,,,
81677,80424,,9,,,,,,,,,,,,,csv.stage.aml,,,,,,,,,,,,,,,,,,,,,
81678,80424,,10,,,,,,,,,,,,,csv.stage.aml,,,,,,,,,,,,,,,,,,,,,
81679,80424,,11,,,,,,,,,,,,,csv.stage.aml,,,,,,,,,,,,,,,,,,,,,
81680,80424,,12,,,,,,,,,,,,,csv.stage.aml,,,,,,,,,,,,,,,,,,,,,
81681,80425,,1,,,,,,,,,,,,,csv.stage.aml,,,,,,,,,,,,,,,,,,,,,
81682,80425,,2,,,,,,,,,,,,,csv.stage.aml,,,,,,,,,,,,,,,,,,,,,
81683,80425,,3,,,,,,,,,,,,,csv.stage.aml,,,,,,,,,,,,,,,,,,,,,
81684,80425,,4,,,,,,,,,,,,,csv.stage.aml,,,,,,,,,,,,,,,,,,,,,
81685,80425,,5,,,,,,,,,,,,,csv.stage.aml,,,,,,,,,,,,,,,,,,,,,
81686,80425,,6,,,,,,,,,,,,,csv.stage.aml,,,,,,,,,,,,,,,,,,,,,
81687,80425,,7,,,,,,,,,,,,,csv.stage.aml,,,,,,,,,,,,,,,,,,,,,
81688,80425,,8,,,,,,,,,,,,,csv.stage.aml,,,,,,,,,,,,,,,,,,,,,
81689,80425,,9,,,,,,,,,,,,,csv.stage.aml,,,,,,,,,,,,,,,,,,,,,
81690,80425,,10,,,,,,,,,,,,,csv.stage.aml,,,,,,,,,,,,,,,,,,,,,
81691,80425,,11,,,,,,,,,,,,,csv.stage.aml,,,,,,,,,,,,,,,,,,,,,
81692,80425,,12,,,,,,,,,,,,,csv.stage.aml,,,,,,,,,,,,,,,,,,,,,
81693,80426,,1,,,,,,,,,,,,,csv.stage.aml,,,,,,,,,,,,,,,,,,,,,
81694,80426,,2,,,,,,,,,,,,,csv.stage.aml,,,,,,,,,,,,,,,,,,,,,
81695,80426,,3,,,,,,,,,,,,,csv.stage.aml,,,,,,,,,,,,,,,,,,,,,
81696,80426,,4,,,,,,,,,,,,,csv.stage.aml,,,,,,,,,,,,,,,,,,,,,
81697,80426,,5,,,,,,,,,,,,,csv.stage.aml,,,,,,,,,,,,,,,,,,,,,
81698,80426,,6,,,,,,,,,,,,,csv.stage.aml,,,,,,,,,,,,,,,,,,,,,
81699,80426,,7,,,,,,,,,,,,,csv.stage.aml,,,,,,,,,,,,,,,,,,,,,
81700,80426,,8,,,,,,,,,,,,,csv.stage.aml,,,,,,,,,,,,,,,,,,,,,
81701,80426,,9,,,,,,,,,,,,,csv.stage.aml,,,,,,,,,,,,,,,,,,,,,
81702,80426,,10,,,,,,,,,,,,,csv.stage.aml,,,,,,,,,,,,,,,,,,,,,
81703,80426,,11,,,,,,,,,,,,,csv.stage.aml,,,,,,,,,,,,,,,,,,,,,
81704,80426,,12,,,,,,,,,,,,,csv.stage.aml,,,,,,,,,,,,,,,,,,,,,
81705,80431,,1,<0;0;0;291941;0;291951>,,,,,,,,,,,,csv.stage.aml,,,,,,,,,,,,,,,,,,,,,
81706,80431,,2,<0;0;0;292351;0;292361>,,,,,,,,,,,,csv.stage.aml,,,,,,,,,,,,,,,,,,,,,
81707,80431,,3,,,,,,,,,,,,,csv.stage.aml,,,,,,,,,,,,,,,,,,,,,
81708,80431,,4,,,,,,,,,,,,,csv.stage.aml,,,,,,,,,,,,,,,,,,,,,
81709,80431,,5,,,,,,,,,,,,,csv.stage.aml,,,,,,,,,,,,,,,,,,,,,
81710,80431,,6,,,,,,,,,,,,,csv.stage.aml,,,,,,,,,,,,,,,,,,,,,
81711,80431,,7,,,,,,,,,,,,,csv.stage.aml,,,,,,,,,,,,,,,,,,,,,
81712,80431,,8,,,,,,,,,,,,,csv.stage.aml,,,,,,,,,,,,,,,,,,,,,
81713,80431,,9,,,,,,,,,,,,,csv.stage.aml,,,,,,,,,,,,,,,,,,,,,
81714,80431,,10,,,,,,,,,,,,,csv.stage.aml,,,,,,,,,,,,,,,,,,,,,
81715,80431,,11,,,,,,,,,,,,,csv.stage.aml,,,,,,,,,,,,,,,,,,,,,
81716,80431,,12,,,,,,,,,,,,,csv.stage.aml,,,,,,,,,,,,,,,,,,,,,
81717,80432,,1,<291221;291221;291221;290883;304321;290883>,,,,,,,,,,,,csv.stage.aml,,,,,,,,,,,,,,,,,,,,,
81718,80432,,2,,,,,,,,,,,,,csv.stage.aml,,,,,,,,,,,,,,,,,,,,,
81719,80432,,3,,,,,,,,,,,,,csv.stage.aml,,,,,,,,,,,,,,,,,,,,,
81720,80432,,4,,,,,,,,,,,,,csv.stage.aml,,,,,,,,,,,,,,,,,,,,,
81721,80432,,5,,,,,,,,,,,,,csv.stage.aml,,,,,,,,,,,,,,,,,,,,,
81722,80432,,6,,,,,,,,,,,,,csv.stage.aml,,,,,,,,,,,,,,,,,,,,,
81723,80432,,7,,,,,,,,,,,,,csv.stage.aml,,,,,,,,,,,,,,,,,,,,,
81724,80432,,8,,,,,,,,,,,,,csv.stage.aml,,,,,,,,,,,,,,,,,,,,,
81725,80432,,9,,,,,,,,,,,,,csv.stage.aml,,,,,,,,,,,,,,,,,,,,,
81726,80432,,10,,,,,,,,,,,,,csv.stage.aml,,,,,,,,,,,,,,,,,,,,,
81727,80432,,11,,,,,,,,,,,,,csv.stage.aml,,,,,,,,,,,,,,,,,,,,,
81728,80432,,12,,,,,,,,,,,,,csv.stage.aml,,,,,,,,,,,,,,,,,,,,,
81729,80433,,1,<290333;290593;291221;290731;304331;290884>,,,,,,,,,,,,csv.stage.aml,,,,,,,,,,,,,,,,,,,,,
81730,80433,,2,,,,,,,,,,,,,csv.stage.aml,,,,,,,,,,,,,,,,,,,,,
81731,80433,,3,,,,,,,,,,,,,csv.stage.aml,,,,,,,,,,,,,,,,,,,,,
81732,80433,,4,,,,,,,,,,,,,csv.stage.aml,,,,,,,,,,,,,,,,,,,,,
81733,80433,,5,,,,,,,,,,,,,csv.stage.aml,,,,,,,,,,,,,,,,,,,,,
81734,80433,,6,,,,,,,,,,,,,csv.stage.aml,,,,,,,,,,,,,,,,,,,,,
81735,80433,,7,,,,,,,,,,,,,csv.stage.aml,,,,,,,,,,,,,,,,,,,,,
81736,80433,,8,,,,,,,,,,,,,csv.stage.aml,,,,,,,,,,,,,,,,,,,,,
81737,80433,,9,,,,,,,,,,,,,csv.stage.aml,,,,,,,,,,,,,,,,,,,,,
81738,80433,,10,,,,,,,,,,,,,csv.stage.aml,,,,,,,,,,,,,,,,,,,,,
81739,80433,,11,,,,,,,,,,,,,csv.stage.aml,,,,,,,,,,,,,,,,,,,,,
81740,80433,,12,,,,,,,,,,,,,csv.stage.aml,,,,,,,,,,,,,,,,,,,,,
81741,80434,,1,<0;0;0;293211;304341;293221>,,,,,,,,,,,,csv.stage.aml,,,,,,,,,,,,,,,,,,,,,
81742,80434,,2,,,,,,,,,,,,,csv.stage.aml,,,,,,,,,,,,,,,,,,,,,
81743,80434,,3,,,,,,,,,,,,,csv.stage.aml,,,,,,,,,,,,,,,,,,,,,
81744,80434,,4,,,,,,,,,,,,,csv.stage.aml,,,,,,,,,,,,,,,,,,,,,
81745,80434,,5,,,,,,,,,,,,,csv.stage.aml,,,,,,,,,,,,,,,,,,,,,
81746,80434,,6,,,,,,,,,,,,,csv.stage.aml,,,,,,,,,,,,,,,,,,,,,
81747,80434,,7,,,,,,,,,,,,,csv.stage.aml,,,,,,,,,,,,,,,,,,,,,
81748,80434,,8,,,,,,,,,,,,,csv.stage.aml,,,,,,,,,,,,,,,,,,,,,
81749,80434,,9,,,,,,,,,,,,,csv.stage.aml,,,,,,,,,,,,,,,,,,,,,
81750,80434,,10,,,,,,,,,,,,,csv.stage.aml,,,,,,,,,,,,,,,,,,,,,
81751,80434,,11,,,,,,,,,,,,,csv.stage.aml,,,,,,,,,,,,,,,,,,,,,
81752,80434,,12,,,,,,,,,,,,,csv.stage.aml,,,,,,,,,,,,,,,,,,,,,
81753,80435,,1,,,,,,,,,,,,,csv.stage.aml,,,,,,,,,,,,,,,,,,,,,
81754,80435,,2,,,,,,,,,,,,,csv.stage.aml,,,,,,,,,,,,,,,,,,,,,
81755,80435,,3,,,,,,,,,,,,,csv.stage.aml,,,,,,,,,,,,,,,,,,,,,
81756,80435,,4,,,,,,,,,,,,,csv.stage.aml,,,,,,,,,,,,,,,,,,,,,
81757,80435,,5,,,,,,,,,,,,,csv.stage.aml,,,,,,,,,,,,,,,,,,,,,
81758,80435,,6,,,,,,,,,,,,,csv.stage.aml,,,,,,,,,,,,,,,,,,,,,
81759,80435,,7,,,,,,,,,,,,,csv.stage.aml,,,,,,,,,,,,,,,,,,,,,
81760,80435,,8,,,,,,,,,,,,,csv.stage.aml,,,,,,,,,,,,,,,,,,,,,
81761,80435,,9,,,,,,,,,,,,,csv.stage.aml,,,,,,,,,,,,,,,,,,,,,
81762,80435,,10,,,,,,,,,,,,,csv.stage.aml,,,,,,,,,,,,,,,,,,,,,
81763,80435,,11,,,,,,,,,,,,,csv.stage.aml,,,,,,,,,,,,,,,,,,,,,
81764,80435,,12,,,,,,,,,,,,,csv.stage.aml,,,,,,,,,,,,,,,,,,,,,
81765,80436,,1,,,,,,,,,,,,,csv.stage.aml,,,,,,,,,,,,,,,,,,,,,
81766,80436,,2,,,,,,,,,,,,,csv.stage.aml,,,,,,,,,,,,,,,,,,,,,
81767,80436,,3,,,,,,,,,,,,,csv.stage.aml,,,,,,,,,,,,,,,,,,,,,
81768,80436,,4,,,,,,,,,,,,,csv.stage.aml,,,,,,,,,,,,,,,,,,,,,
81769,80436,,5,,,,,,,,,,,,,csv.stage.aml,,,,,,,,,,,,,,,,,,,,,
81770,80436,,6,,,,,,,,,,,,,csv.stage.aml,,,,,,,,,,,,,,,,,,,,,
81771,80436,,7,,,,,,,,,,,,,csv.stage.aml,,,,,,,,,,,,,,,,,,,,,
81772,80436,,8,,,,,,,,,,,,,csv.stage.aml,,,,,,,,,,,,,,,,,,,,,
81773,80436,,9,,,,,,,,,,,,,csv.stage.aml,,,,,,,,,,,,,,,,,,,,,
81774,80436,,10,,,,,,,,,,,,,csv.stage.aml,,,,,,,,,,,,,,,,,,,,,
81775,80436,,11,,,,,,,,,,,,,csv.stage.aml,,,,,,,,,,,,,,,,,,,,,
81776,80436,,12,,,,,,,,,,,,,csv.stage.aml,,,,,,,,,,,,,,,,,,,,,
81777,80441,,1,<293003;292233;293143;291893;304411;290753>,,,,,,,,,,,,csv.stage.aml,,,,,,,,,,,,,,,,,,,,,
81778,80441,,2,,,,,,,,,,,,,csv.stage.aml,,,,,,,,,,,,,,,,,,,,,
81779,80441,,3,,,,,,,,,,,,,csv.stage.aml,,,,,,,,,,,,,,,,,,,,,
81780,80441,,4,,,,,,,,,,,,,csv.stage.aml,,,,,,,,,,,,,,,,,,,,,
81781,80441,,5,,,,,,,,,,,,,csv.stage.aml,,,,,,,,,,,,,,,,,,,,,
81782,80441,,6,,,,,,,,,,,,,csv.stage.aml,,,,,,,,,,,,,,,,,,,,,
81783,80441,,7,,,,,,,,,,,,,csv.stage.aml,,,,,,,,,,,,,,,,,,,,,
81784,80441,,8,,,,,,,,,,,,,csv.stage.aml,,,,,,,,,,,,,,,,,,,,,
81785,80441,,9,,,,,,,,,,,,,csv.stage.aml,,,,,,,,,,,,,,,,,,,,,
81786,80441,,10,,,,,,,,,,,,,csv.stage.aml,,,,,,,,,,,,,,,,,,,,,
81787,80441,,11,,,,,,,,,,,,,csv.stage.aml,,,,,,,,,,,,,,,,,,,,,
81788,80441,,12,,,,,,,,,,,,,csv.stage.aml,,,,,,,,,,,,,,,,,,,,,
81789,80442,,1,<290331;290331;290331;290332;304421;290332>,,,,,,,,,,,,csv.stage.aml,,,,,,,,,,,,,,,,,,,,,
81790,80442,,2,,,,,,,,,,,,,csv.stage.aml,,,,,,,,,,,,,,,,,,,,,
81791,80442,,3,,,,,,,,,,,,,csv.stage.aml,,,,,,,,,,,,,,,,,,,,,
81792,80442,,4,,,,,,,,,,,,,csv.stage.aml,,,,,,,,,,,,,,,,,,,,,
81793,80442,,5,,,,,,,,,,,,,csv.stage.aml,,,,,,,,,,,,,,,,,,,,,
81794,80442,,6,,,,,,,,,,,,,csv.stage.aml,,,,,,,,,,,,,,,,,,,,,
81795,80442,,7,,,,,,,,,,,,,csv.stage.aml,,,,,,,,,,,,,,,,,,,,,
81796,80442,,8,,,,,,,,,,,,,csv.stage.aml,,,,,,,,,,,,,,,,,,,,,
81797,80442,,9,,,,,,,,,,,,,csv.stage.aml,,,,,,,,,,,,,,,,,,,,,
81798,80442,,10,,,,,,,,,,,,,csv.stage.aml,,,,,,,,,,,,,,,,,,,,,
81799,80442,,11,,,,,,,,,,,,,csv.stage.aml,,,,,,,,,,,,,,,,,,,,,
81800,80442,,12,,,,,,,,,,,,,csv.stage.aml,,,,,,,,,,,,,,,,,,,,,
81801,80443,,1,<0;304431;0;292351;0;292361>,,,,,,,,,,,,csv.stage.aml,,,,,,,,,,,,,,,,,,,,,
81802,80443,,2,,,,,,,,,,,,,csv.stage.aml,,,,,,,,,,,,,,,,,,,,,
81803,80443,,3,,,,,,,,,,,,,csv.stage.aml,,,,,,,,,,,,,,,,,,,,,
81804,80443,,4,,,,,,,,,,,,,csv.stage.aml,,,,,,,,,,,,,,,,,,,,,
81805,80443,,5,,,,,,,,,,,,,csv.stage.aml,,,,,,,,,,,,,,,,,,,,,
81806,80443,,6,,,,,,,,,,,,,csv.stage.aml,,,,,,,,,,,,,,,,,,,,,
81807,80443,,7,,,,,,,,,,,,,csv.stage.aml,,,,,,,,,,,,,,,,,,,,,
81808,80443,,8,,,,,,,,,,,,,csv.stage.aml,,,,,,,,,,,,,,,,,,,,,
81809,80443,,9,,,,,,,,,,,,,csv.stage.aml,,,,,,,,,,,,,,,,,,,,,
81810,80443,,10,,,,,,,,,,,,,csv.stage.aml,,,,,,,,,,,,,,,,,,,,,
81811,80443,,11,,,,,,,,,,,,,csv.stage.aml,,,,,,,,,,,,,,,,,,,,,
81812,80443,,12,,,,,,,,,,,,,csv.stage.aml,,,,,,,,,,,,,,,,,,,,,
81813,80444,,1,<0;0;0;0;304441;0>,,,,,,,,,,,,csv.stage.aml,,,,,,,,,,,,,,,,,,,,,
81814,80444,,2,,,,,,,,,,,,,csv.stage.aml,,,,,,,,,,,,,,,,,,,,,
81815,80444,,3,,,,,,,,,,,,,csv.stage.aml,,,,,,,,,,,,,,,,,,,,,
81816,80444,,4,,,,,,,,,,,,,csv.stage.aml,,,,,,,,,,,,,,,,,,,,,
81817,80444,,5,,,,,,,,,,,,,csv.stage.aml,,,,,,,,,,,,,,,,,,,,,
81818,80444,,6,,,,,,,,,,,,,csv.stage.aml,,,,,,,,,,,,,,,,,,,,,
81819,80444,,7,,,,,,,,,,,,,csv.stage.aml,,,,,,,,,,,,,,,,,,,,,
81820,80444,,8,,,,,,,,,,,,,csv.stage.aml,,,,,,,,,,,,,,,,,,,,,
81821,80444,,9,,,,,,,,,,,,,csv.stage.aml,,,,,,,,,,,,,,,,,,,,,
81822,80444,,10,,,,,,,,,,,,,csv.stage.aml,,,,,,,,,,,,,,,,,,,,,
81823,80444,,11,,,,,,,,,,,,,csv.stage.aml,,,,,,,,,,,,,,,,,,,,,
81824,80444,,12,,,,,,,,,,,,,csv.stage.aml,,,,,,,,,,,,,,,,,,,,,
81825,80445,,1,<293003;292233;293143;291893;304451;290753>,,,,,,,,,,,,csv.stage.aml,,,,,,,,,,,,,<290333;291221;290731;293221;294161;294061>,4,,,,,,,
81826,80445,,2,,,,,,,,,,,,,csv.stage.aml,,,,,,,,,,,,,,,,,,,,,
81827,80445,,3,,,,,,,,,,,,,csv.stage.aml,,,,,,,,,,,,,,,,,,,,,
81828,80445,,4,,,,,,,,,,,,,csv.stage.aml,,,,,,,,,,,,,,,,,,,,,
81829,80445,,5,,,,,,,,,,,,,csv.stage.aml,,,,,,,,,,,,,,,,,,,,,
81830,80445,,6,,,,,,,,,,,,,csv.stage.aml,,,,,,,,,,,,,,,,,,,,,
81831,80445,,7,,,,,,,,,,,,,csv.stage.aml,,,,,,,,,,,,,,,,,,,,,
81832,80445,,8,,,,,,,,,,,,,csv.stage.aml,,,,,,,,,,,,,,,,,,,,,
81833,80445,,9,,,,,,,,,,,,,csv.stage.aml,,,,,,,,,,,,,,,,,,,,,
81834,80445,,10,,,,,,,,,,,,,csv.stage.aml,,,,,,,,,,,,,,,,,,,,,
81835,80445,,11,,,,,,,,,,,,,csv.stage.aml,,,,,,,,,,,,,,,,,,,,,
81836,80445,,12,,,,,,,,,,,,,csv.stage.aml,,,,,,,,,,,,,,,,,,,,,
81837,80446,,1,,,,,,,,,,,,,csv.stage.aml,,,,,,,,,,,,,,,,,,,,,
81838,80446,,2,,,,,,,,,,,,,csv.stage.aml,,,,,,,,,,,,,,,,,,,,,
81839,80446,,3,,,,,,,,,,,,,csv.stage.aml,,,,,,,,,,,,,,,,,,,,,
81840,80446,,4,,,,,,,,,,,,,csv.stage.aml,,,,,,,,,,,,,,,,,,,,,
81841,80446,,5,,,,,,,,,,,,,csv.stage.aml,,,,,,,,,,,,,,,,,,,,,
81842,80446,,6,,,,,,,,,,,,,csv.stage.aml,,,,,,,,,,,,,,,,,,,,,
81843,80446,,7,,,,,,,,,,,,,csv.stage.aml,,,,,,,,,,,,,,,,,,,,,
81844,80446,,8,,,,,,,,,,,,,csv.stage.aml,,,,,,,,,,,,,,,,,,,,,
81845,80446,,9,,,,,,,,,,,,,csv.stage.aml,,,,,,,,,,,,,,,,,,,,,
81846,80446,,10,,,,,,,,,,,,,csv.stage.aml,,,,,,,,,,,,,,,,,,,,,
81847,80446,,11,,,,,,,,,,,,,csv.stage.aml,,,,,,,,,,,,,,,,,,,,,
81848,80446,,12,,,,,,,,,,,,,csv.stage.aml,,,,,,,,,,,,,,,,,,,,,
81849,80451,,1,<291941;290753;291951;293221;304511;292361>,,,,,,,,,,,,csv.stage.aml,,,,,,,,,,,,,,,,,,,,,
81850,80451,,2,,,,,,,,,,,,,csv.stage.aml,,,,,,,,,,,,,,,,,,,,,
81851,80451,,3,,,,,,,,,,,,,csv.stage.aml,,,,,,,,,,,,,,,,,,,,,
81852,80451,,4,,,,,,,,,,,,,csv.stage.aml,,,,,,,,,,,,,,,,,,,,,
81853,80451,,5,,,,,,,,,,,,,csv.stage.aml,,,,,,,,,,,,,,,,,,,,,
81854,80451,,6,,,,,,,,,,,,,csv.stage.aml,,,,,,,,,,,,,,,,,,,,,
81855,80451,,7,,,,,,,,,,,,,csv.stage.aml,,,,,,,,,,,,,,,,,,,,,
81856,80451,,8,,,,,,,,,,,,,csv.stage.aml,,,,,,,,,,,,,,,,,,,,,
81857,80451,,9,,,,,,,,,,,,,csv.stage.aml,,,,,,,,,,,,,,,,,,,,,
81858,80451,,10,,,,,,,,,,,,,csv.stage.aml,,,,,,,,,,,,,,,,,,,,,
81859,80451,,11,,,,,,,,,,,,,csv.stage.aml,,,,,,,,,,,,,,,,,,,,,
81860,80451,,12,,,,,,,,,,,,,csv.stage.aml,,,,,,,,,,,,,,,,,,,,,
81861,80501,,1,<292821;292721;293141;291171;305011;0>,,,,,,,,,,,,csv.stage.night,,,,,,,,,,,,,,,,,,,,,
81862,80501,,2,,,,,,,,,,,,,csv.stage.night,,,,,,,,,,,,,,,,,,,,,
81863,80501,,3,,,,,,,,,,,,,csv.stage.night,,,,,,,,,,,,,,,,,,,,,
81864,80501,,4,,,,,,,,,,,,,csv.stage.night,,,,,,,,,,,,,,,,,,,,,
81865,80501,,5,,,,,,,,,,,,,csv.stage.night,,,,,,,,,,,,,,,,,,,,,
81866,80501,,6,,,,,,,,,,,,,csv.stage.night,,,,,,,,,,,,,,,,,,,,,
81867,80501,,7,,,,,,,,,,,,,csv.stage.night,,,,,,,,,,,,,,,,,,,,,
81868,80501,,8,,,,,,,,,,,,,csv.stage.night,,,,,,,,,,,,,,,,,,,,,
81869,80501,,9,,,,,,,,,,,,,csv.stage.night,,,,,,,,,,,,,,,,,,,,,
81870,80501,,10,,,,,,,,,,,,,csv.stage.night,,,,,,,,,,,,,,,,,,,,,
81871,80501,,11,,,,,,,,,,,,,csv.stage.night,,,,,,,,,,,,,,,,,,,,,
81872,80501,,12,,,,,,,,,,,,,csv.stage.night,,,,,,,,,,,,,,,,,,,,,
81873,80502,,1,<290391;291811;293561;291801;305021;293411>,,,,,,,,,,,,csv.stage.night,,,,,,,,,,,,,,,,,,,,,
81874,80502,,2,,,,,,,,,,,,,csv.stage.night,,,,,,,,,,,,,,,,,,,,,
81875,80502,,3,,,,,,,,,,,,,csv.stage.night,,,,,,,,,,,,,,,,,,,,,
81876,80502,,4,,,,,,,,,,,,,csv.stage.night,,,,,,,,,,,,,,,,,,,,,
81877,80502,,5,,,,,,,,,,,,,csv.stage.night,,,,,,,,,,,,,,,,,,,,,
81878,80502,,6,,,,,,,,,,,,,csv.stage.night,,,,,,,,,,,,,,,,,,,,,
81879,80502,,7,,,,,,,,,,,,,csv.stage.night,,,,,,,,,,,,,,,,,,,,,
81880,80502,,8,,,,,,,,,,,,,csv.stage.night,,,,,,,,,,,,,,,,,,,,,
81881,80502,,9,,,,,,,,,,,,,csv.stage.night,,,,,,,,,,,,,,,,,,,,,
81882,80502,,10,,,,,,,,,,,,,csv.stage.night,,,,,,,,,,,,,,,,,,,,,
81883,80502,,11,,,,,,,,,,,,,csv.stage.night,,,,,,,,,,,,,,,,,,,,,
81884,80502,,12,,,,,,,,,,,,,csv.stage.night,,,,,,,,,,,,,,,,,,,,,
81885,80503,,1,<290392;292992;293142;291812;305031;293412>,,,,,,,,,,,,csv.stage.night,,,,,,,,,,,,,,,,,,,,,
81886,80503,,2,,,,,,,,,,,,,csv.stage.night,,,,,,,,,,,,,,,,,,,,,
81887,80503,,3,,,,,,,,,,,,,csv.stage.night,,,,,,,,,,,,,,,,,,,,,
81888,80503,,4,,,,,,,,,,,,,csv.stage.night,,,,,,,,,,,,,,,,,,,,,
81889,80503,,5,,,,,,,,,,,,,csv.stage.night,,,,,,,,,,,,,,,,,,,,,
81890,80503,,6,,,,,,,,,,,,,csv.stage.night,,,,,,,,,,,,,,,,,,,,,
81891,80503,,7,,,,,,,,,,,,,csv.stage.night,,,,,,,,,,,,,,,,,,,,,
81892,80503,,8,,,,,,,,,,,,,csv.stage.night,,,,,,,,,,,,,,,,,,,,,
81893,80503,,9,,,,,,,,,,,,,csv.stage.night,,,,,,,,,,,,,,,,,,,,,
81894,80503,,10,,,,,,,,,,,,,csv.stage.night,,,,,,,,,,,,,,,,,,,,,
81895,80503,,11,,,,,,,,,,,,,csv.stage.night,,,,,,,,,,,,,,,,,,,,,
81896,80503,,12,,,,,,,,,,,,,csv.stage.night,,,,,,,,,,,,,,,,,,,,,
81897,80504,,1,,,,,,,,,,,,,csv.stage.night,,,,,,,,,,,,,,,,,,,,,
81898,80504,,2,,,,,,,,,,,,,csv.stage.night,,,,,,,,,,,,,,,,,,,,,
81899,80504,,3,,,,,,,,,,,,,csv.stage.night,,,,,,,,,,,,,,,,,,,,,
81900,80504,,4,,,,,,,,,,,,,csv.stage.night,,,,,,,,,,,,,,,,,,,,,
81901,80504,,5,,,,,,,,,,,,,csv.stage.night,,,,,,,,,,,,,,,,,,,,,
81902,80504,,6,,,,,,,,,,,,,csv.stage.night,,,,,,,,,,,,,,,,,,,,,
81903,80504,,7,,,,,,,,,,,,,csv.stage.night,,,,,,,,,,,,,,,,,,,,,
81904,80504,,8,,,,,,,,,,,,,csv.stage.night,,,,,,,,,,,,,,,,,,,,,
81905,80504,,9,,,,,,,,,,,,,csv.stage.night,,,,,,,,,,,,,,,,,,,,,
81906,80504,,10,,,,,,,,,,,,,csv.stage.night,,,,,,,,,,,,,,,,,,,,,
81907,80504,,11,,,,,,,,,,,,,csv.stage.night,,,,,,,,,,,,,,,,,,,,,
81908,80504,,12,,,,,,,,,,,,,csv.stage.night,,,,,,,,,,,,,,,,,,,,,
81909,80505,,1,,,,,,,,,,,,,csv.stage.night,,,,,,,,,,,,,,,,,,,,,
81910,80505,,2,,,,,,,,,,,,,csv.stage.night,,,,,,,,,,,,,,,,,,,,,
81911,80505,,3,,,,,,,,,,,,,csv.stage.night,,,,,,,,,,,,,,,,,,,,,
81912,80505,,4,,,,,,,,,,,,,csv.stage.night,,,,,,,,,,,,,,,,,,,,,
81913,80505,,5,,,,,,,,,,,,,csv.stage.night,,,,,,,,,,,,,,,,,,,,,
81914,80505,,6,,,,,,,,,,,,,csv.stage.night,,,,,,,,,,,,,,,,,,,,,
81915,80505,,7,,,,,,,,,,,,,csv.stage.night,,,,,,,,,,,,,,,,,,,,,
81916,80505,,8,,,,,,,,,,,,,csv.stage.night,,,,,,,,,,,,,,,,,,,,,
81917,80505,,9,,,,,,,,,,,,,csv.stage.night,,,,,,,,,,,,,,,,,,,,,
81918,80505,,10,,,,,,,,,,,,,csv.stage.night,,,,,,,,,,,,,,,,,,,,,
81919,80505,,11,,,,,,,,,,,,,csv.stage.night,,,,,,,,,,,,,,,,,,,,,
81920,80505,,12,,,,,,,,,,,,,csv.stage.night,,,,,,,,,,,,,,,,,,,,,
81921,80506,,1,,,,,,,,,,,,,csv.stage.night,,,,,,,,,,,,,,,,,,,,,
81922,80506,,2,,,,,,,,,,,,,csv.stage.night,,,,,,,,,,,,,,,,,,,,,
81923,80506,,3,,,,,,,,,,,,,csv.stage.night,,,,,,,,,,,,,,,,,,,,,
81924,80506,,4,,,,,,,,,,,,,csv.stage.night,,,,,,,,,,,,,,,,,,,,,
81925,80506,,5,,,,,,,,,,,,,csv.stage.night,,,,,,,,,,,,,,,,,,,,,
81926,80506,,6,,,,,,,,,,,,,csv.stage.night,,,,,,,,,,,,,,,,,,,,,
81927,80506,,7,,,,,,,,,,,,,csv.stage.night,,,,,,,,,,,,,,,,,,,,,
81928,80506,,8,,,,,,,,,,,,,csv.stage.night,,,,,,,,,,,,,,,,,,,,,
81929,80506,,9,,,,,,,,,,,,,csv.stage.night,,,,,,,,,,,,,,,,,,,,,
81930,80506,,10,,,,,,,,,,,,,csv.stage.night,,,,,,,,,,,,,,,,,,,,,
81931,80506,,11,,,,,,,,,,,,,csv.stage.night,,,,,,,,,,,,,,,,,,,,,
81932,80506,,12,,,,,,,,,,,,,csv.stage.night,,,,,,,,,,,,,,,,,,,,,
81933,80511,,1,<292992;291811;293561;290392;305111;290391>,,,,,,,,,,,,csv.stage.night,,,,,,,,,,,,,,,,,,,,,
81934,80511,,2,,,,,,,,,,,,,csv.stage.night,,,,,,,,,,,,,,,,,,,,,
81935,80511,,3,,,,,,,,,,,,,csv.stage.night,,,,,,,,,,,,,,,,,,,,,
81936,80511,,4,,,,,,,,,,,,,csv.stage.night,,,,,,,,,,,,,,,,,,,,,
81937,80511,,5,,,,,,,,,,,,,csv.stage.night,,,,,,,,,,,,,,,,,,,,,
81938,80511,,6,,,,,,,,,,,,,csv.stage.night,,,,,,,,,,,,,,,,,,,,,
81939,80511,,7,,,,,,,,,,,,,csv.stage.night,,,,,,,,,,,,,,,,,,,,,
81940,80511,,8,,,,,,,,,,,,,csv.stage.night,,,,,,,,,,,,,,,,,,,,,
81941,80511,,9,,,,,,,,,,,,,csv.stage.night,,,,,,,,,,,,,,,,,,,,,
81942,80511,,10,,,,,,,,,,,,,csv.stage.night,,,,,,,,,,,,,,,,,,,,,
81943,80511,,11,,,,,,,,,,,,,csv.stage.night,,,,,,,,,,,,,,,,,,,,,
81944,80511,,12,,,,,,,,,,,,,csv.stage.night,,,,,,,,,,,,,,,,,,,,,
81945,80512,,1,<292992;291811;293561;290392;305121;290391>,,,,,,,,,,,,csv.stage.night,,,,,,,,,,,,,,,,,,,,,
81946,80512,,2,,,,,,,,,,,,,csv.stage.night,,,,,,,,,,,,,,,,,,,,,
81947,80512,,3,,,,,,,,,,,,,csv.stage.night,,,,,,,,,,,,,,,,,,,,,
81948,80512,,4,,,,,,,,,,,,,csv.stage.night,,,,,,,,,,,,,,,,,,,,,
81949,80512,,5,,,,,,,,,,,,,csv.stage.night,,,,,,,,,,,,,,,,,,,,,
81950,80512,,6,,,,,,,,,,,,,csv.stage.night,,,,,,,,,,,,,,,,,,,,,
81951,80512,,7,,,,,,,,,,,,,csv.stage.night,,,,,,,,,,,,,,,,,,,,,
81952,80512,,8,,,,,,,,,,,,,csv.stage.night,,,,,,,,,,,,,,,,,,,,,
81953,80512,,9,,,,,,,,,,,,,csv.stage.night,,,,,,,,,,,,,,,,,,,,,
81954,80512,,10,,,,,,,,,,,,,csv.stage.night,,,,,,,,,,,,,,,,,,,,,
81955,80512,,11,,,,,,,,,,,,,csv.stage.night,,,,,,,,,,,,,,,,,,,,,
81956,80512,,12,,,,,,,,,,,,,csv.stage.night,,,,,,,,,,,,,,,,,,,,,
81957,80513,,1,<290971;290971;290971;290972;305131;290972>,,,,,,,,,,,,csv.stage.night,,,,,,,,,,,,,,,,,,,,,
81958,80513,,2,,,,,,,,,,,,,csv.stage.night,,,,,,,,,,,,,,,,,,,,,
81959,80513,,3,,,,,,,,,,,,,csv.stage.night,,,,,,,,,,,,,,,,,,,,,
81960,80513,,4,,,,,,,,,,,,,csv.stage.night,,,,,,,,,,,,,,,,,,,,,
81961,80513,,5,,,,,,,,,,,,,csv.stage.night,,,,,,,,,,,,,,,,,,,,,
81962,80513,,6,,,,,,,,,,,,,csv.stage.night,,,,,,,,,,,,,,,,,,,,,
81963,80513,,7,,,,,,,,,,,,,csv.stage.night,,,,,,,,,,,,,,,,,,,,,
81964,80513,,8,,,,,,,,,,,,,csv.stage.night,,,,,,,,,,,,,,,,,,,,,
81965,80513,,9,,,,,,,,,,,,,csv.stage.night,,,,,,,,,,,,,,,,,,,,,
81966,80513,,10,,,,,,,,,,,,,csv.stage.night,,,,,,,,,,,,,,,,,,,,,
81967,80513,,11,,,,,,,,,,,,,csv.stage.night,,,,,,,,,,,,,,,,,,,,,
81968,80513,,12,,,,,,,,,,,,,csv.stage.night,,,,,,,,,,,,,,,,,,,,,
81969,80514,,1,,,,,,,,,,,,,csv.stage.night,,,,,,,,,,,,,,,,,,,,,
81970,80514,,2,,,,,,,,,,,,,csv.stage.night,,,,,,,,,,,,,,,,,,,,,
81971,80514,,3,,,,,,,,,,,,,csv.stage.night,,,,,,,,,,,,,,,,,,,,,
81972,80514,,4,,,,,,,,,,,,,csv.stage.night,,,,,,,,,,,,,,,,,,,,,
81973,80514,,5,,,,,,,,,,,,,csv.stage.night,,,,,,,,,,,,,,,,,,,,,
81974,80514,,6,,,,,,,,,,,,,csv.stage.night,,,,,,,,,,,,,,,,,,,,,
81975,80514,,7,,,,,,,,,,,,,csv.stage.night,,,,,,,,,,,,,,,,,,,,,
81976,80514,,8,,,,,,,,,,,,,csv.stage.night,,,,,,,,,,,,,,,,,,,,,
81977,80514,,9,,,,,,,,,,,,,csv.stage.night,,,,,,,,,,,,,,,,,,,,,
81978,80514,,10,,,,,,,,,,,,,csv.stage.night,,,,,,,,,,,,,,,,,,,,,
81979,80514,,11,,,,,,,,,,,,,csv.stage.night,,,,,,,,,,,,,,,,,,,,,
81980,80514,,12,,,,,,,,,,,,,csv.stage.night,,,,,,,,,,,,,,,,,,,,,
81981,80515,,1,,,,,,,,,,,,,csv.stage.night,,,,,,,,,,,,,,,,,,,,,
81982,80515,,2,,,,,,,,,,,,,csv.stage.night,,,,,,,,,,,,,,,,,,,,,
81983,80515,,3,,,,,,,,,,,,,csv.stage.night,,,,,,,,,,,,,,,,,,,,,
81984,80515,,4,,,,,,,,,,,,,csv.stage.night,,,,,,,,,,,,,,,,,,,,,
81985,80515,,5,,,,,,,,,,,,,csv.stage.night,,,,,,,,,,,,,,,,,,,,,
81986,80515,,6,,,,,,,,,,,,,csv.stage.night,,,,,,,,,,,,,,,,,,,,,
81987,80515,,7,,,,,,,,,,,,,csv.stage.night,,,,,,,,,,,,,,,,,,,,,
81988,80515,,8,,,,,,,,,,,,,csv.stage.night,,,,,,,,,,,,,,,,,,,,,
81989,80515,,9,,,,,,,,,,,,,csv.stage.night,,,,,,,,,,,,,,,,,,,,,
81990,80515,,10,,,,,,,,,,,,,csv.stage.night,,,,,,,,,,,,,,,,,,,,,
81991,80515,,11,,,,,,,,,,,,,csv.stage.night,,,,,,,,,,,,,,,,,,,,,
81992,80515,,12,,,,,,,,,,,,,csv.stage.night,,,,,,,,,,,,,,,,,,,,,
81993,80516,,1,,,,,,,,,,,,,csv.stage.night,,,,,,,,,,,,,,,,,,,,,
81994,80516,,2,,,,,,,,,,,,,csv.stage.night,,,,,,,,,,,,,,,,,,,,,
81995,80516,,3,,,,,,,,,,,,,csv.stage.night,,,,,,,,,,,,,,,,,,,,,
81996,80516,,4,,,,,,,,,,,,,csv.stage.night,,,,,,,,,,,,,,,,,,,,,
81997,80516,,5,,,,,,,,,,,,,csv.stage.night,,,,,,,,,,,,,,,,,,,,,
81998,80516,,6,,,,,,,,,,,,,csv.stage.night,,,,,,,,,,,,,,,,,,,,,
81999,80516,,7,,,,,,,,,,,,,csv.stage.night,,,,,,,,,,,,,,,,,,,,,
82000,80516,,8,,,,,,,,,,,,,csv.stage.night,,,,,,,,,,,,,,,,,,,,,
82001,80516,,9,,,,,,,,,,,,,csv.stage.night,,,,,,,,,,,,,,,,,,,,,
82002,80516,,10,,,,,,,,,,,,,csv.stage.night,,,,,,,,,,,,,,,,,,,,,
82003,80516,,11,,,,,,,,,,,,,csv.stage.night,,,,,,,,,,,,,,,,,,,,,
82004,80516,,12,,,,,,,,,,,,,csv.stage.night,,,,,,,,,,,,,,,,,,,,,
82005,80521,,1,<292822;292822;292822;292822;305211;292822>,,,,,,,,,,,,csv.stage.night,,,,,,,,,,,,,,,,,,,,,
82006,80521,,2,,,,,,,,,,,,,csv.stage.night,,,,,,,,,,,,,,,,,,,,,
82007,80521,,3,,,,,,,,,,,,,csv.stage.night,,,,,,,,,,,,,,,,,,,,,
82008,80521,,4,,,,,,,,,,,,,csv.stage.night,,,,,,,,,,,,,,,,,,,,,
82009,80521,,5,,,,,,,,,,,,,csv.stage.night,,,,,,,,,,,,,,,,,,,,,
82010,80521,,6,,,,,,,,,,,,,csv.stage.night,,,,,,,,,,,,,,,,,,,,,
82011,80521,,7,,,,,,,,,,,,,csv.stage.night,,,,,,,,,,,,,,,,,,,,,
82012,80521,,8,,,,,,,,,,,,,csv.stage.night,,,,,,,,,,,,,,,,,,,,,
82013,80521,,9,,,,,,,,,,,,,csv.stage.night,,,,,,,,,,,,,,,,,,,,,
82014,80521,,10,,,,,,,,,,,,,csv.stage.night,,,,,,,,,,,,,,,,,,,,,
82015,80521,,11,,,,,,,,,,,,,csv.stage.night,,,,,,,,,,,,,,,,,,,,,
82016,80521,,12,,,,,,,,,,,,,csv.stage.night,,,,,,,,,,,,,,,,,,,,,
82017,80522,,1,<291813;291801;291813;291801;305221;291801>,,,,,,,,,,,,csv.stage.night,,,,,,,,,,,,,,,,,,,,,
82018,80522,,2,,,,,,,,,,,,,csv.stage.night,,,,,,,,,,,,,,,,,,,,,
82019,80522,,3,,,,,,,,,,,,,csv.stage.night,,,,,,,,,,,,,,,,,,,,,
82020,80522,,4,,,,,,,,,,,,,csv.stage.night,,,,,,,,,,,,,,,,,,,,,
82021,80522,,5,,,,,,,,,,,,,csv.stage.night,,,,,,,,,,,,,,,,,,,,,
82022,80522,,6,,,,,,,,,,,,,csv.stage.night,,,,,,,,,,,,,,,,,,,,,
82023,80522,,7,,,,,,,,,,,,,csv.stage.night,,,,,,,,,,,,,,,,,,,,,
82024,80522,,8,,,,,,,,,,,,,csv.stage.night,,,,,,,,,,,,,,,,,,,,,
82025,80522,,9,,,,,,,,,,,,,csv.stage.night,,,,,,,,,,,,,,,,,,,,,
82026,80522,,10,,,,,,,,,,,,,csv.stage.night,,,,,,,,,,,,,,,,,,,,,
82027,80522,,11,,,,,,,,,,,,,csv.stage.night,,,,,,,,,,,,,,,,,,,,,
82028,80522,,12,,,,,,,,,,,,,csv.stage.night,,,,,,,,,,,,,,,,,,,,,
82029,80523,,1,<291813;291813;291813;291813;305231;291813>,,,,,,,,,,,,csv.stage.night,,,,,,,,,,,,,,,,,,,,,
82030,80523,,2,,,,,,,,,,,,,csv.stage.night,,,,,,,,,,,,,,,,,,,,,
82031,80523,,3,,,,,,,,,,,,,csv.stage.night,,,,,,,,,,,,,,,,,,,,,
82032,80523,,4,,,,,,,,,,,,,csv.stage.night,,,,,,,,,,,,,,,,,,,,,
82033,80523,,5,,,,,,,,,,,,,csv.stage.night,,,,,,,,,,,,,,,,,,,,,
82034,80523,,6,,,,,,,,,,,,,csv.stage.night,,,,,,,,,,,,,,,,,,,,,
82035,80523,,7,,,,,,,,,,,,,csv.stage.night,,,,,,,,,,,,,,,,,,,,,
82036,80523,,8,,,,,,,,,,,,,csv.stage.night,,,,,,,,,,,,,,,,,,,,,
82037,80523,,9,,,,,,,,,,,,,csv.stage.night,,,,,,,,,,,,,,,,,,,,,
82038,80523,,10,,,,,,,,,,,,,csv.stage.night,,,,,,,,,,,,,,,,,,,,,
82039,80523,,11,,,,,,,,,,,,,csv.stage.night,,,,,,,,,,,,,,,,,,,,,
82040,80523,,12,,,,,,,,,,,,,csv.stage.night,,,,,,,,,,,,,,,,,,,,,
82041,80524,,1,<305241;305241;305241;305241;305241;305241>,,,,,,,,,,,,csv.stage.night,,,,,,,,,,,,,,,,,,,,,
82042,80524,,2,,,,,,,,,,,,,csv.stage.night,,,,,,,,,,,,,,,,,,,,,
82043,80524,,3,,,,,,,,,,,,,csv.stage.night,,,,,,,,,,,,,,,,,,,,,
82044,80524,,4,,,,,,,,,,,,,csv.stage.night,,,,,,,,,,,,,,,,,,,,,
82045,80524,,5,,,,,,,,,,,,,csv.stage.night,,,,,,,,,,,,,,,,,,,,,
82046,80524,,6,,,,,,,,,,,,,csv.stage.night,,,,,,,,,,,,,,,,,,,,,
82047,80524,,7,,,,,,,,,,,,,csv.stage.night,,,,,,,,,,,,,,,,,,,,,
82048,80524,,8,,,,,,,,,,,,,csv.stage.night,,,,,,,,,,,,,,,,,,,,,
82049,80524,,9,,,,,,,,,,,,,csv.stage.night,,,,,,,,,,,,,,,,,,,,,
82050,80524,,10,,,,,,,,,,,,,csv.stage.night,,,,,,,,,,,,,,,,,,,,,
82051,80524,,11,,,,,,,,,,,,,csv.stage.night,,,,,,,,,,,,,,,,,,,,,
82052,80524,,12,,,,,,,,,,,,,csv.stage.night,,,,,,,,,,,,,,,,,,,,,
82053,80525,,1,,,,,,,,,,,,,csv.stage.night,,,,,,,,,,,,,,,,,,,,,
82054,80525,,2,,,,,,,,,,,,,csv.stage.night,,,,,,,,,,,,,,,,,,,,,
82055,80525,,3,,,,,,,,,,,,,csv.stage.night,,,,,,,,,,,,,,,,,,,,,
82056,80525,,4,,,,,,,,,,,,,csv.stage.night,,,,,,,,,,,,,,,,,,,,,
82057,80525,,5,,,,,,,,,,,,,csv.stage.night,,,,,,,,,,,,,,,,,,,,,
82058,80525,,6,,,,,,,,,,,,,csv.stage.night,,,,,,,,,,,,,,,,,,,,,
82059,80525,,7,,,,,,,,,,,,,csv.stage.night,,,,,,,,,,,,,,,,,,,,,
82060,80525,,8,,,,,,,,,,,,,csv.stage.night,,,,,,,,,,,,,,,,,,,,,
82061,80525,,9,,,,,,,,,,,,,csv.stage.night,,,,,,,,,,,,,,,,,,,,,
82062,80525,,10,,,,,,,,,,,,,csv.stage.night,,,,,,,,,,,,,,,,,,,,,
82063,80525,,11,,,,,,,,,,,,,csv.stage.night,,,,,,,,,,,,,,,,,,,,,
82064,80525,,12,,,,,,,,,,,,,csv.stage.night,,,,,,,,,,,,,,,,,,,,,
82065,80526,,1,,,,,,,,,,,,,csv.stage.night,,,,,,,,,,,,,,,,,,,,,
82066,80526,,2,,,,,,,,,,,,,csv.stage.night,,,,,,,,,,,,,,,,,,,,,
82067,80526,,3,,,,,,,,,,,,,csv.stage.night,,,,,,,,,,,,,,,,,,,,,
82068,80526,,4,,,,,,,,,,,,,csv.stage.night,,,,,,,,,,,,,,,,,,,,,
82069,80526,,5,,,,,,,,,,,,,csv.stage.night,,,,,,,,,,,,,,,,,,,,,
82070,80526,,6,,,,,,,,,,,,,csv.stage.night,,,,,,,,,,,,,,,,,,,,,
82071,80526,,7,,,,,,,,,,,,,csv.stage.night,,,,,,,,,,,,,,,,,,,,,
82072,80526,,8,,,,,,,,,,,,,csv.stage.night,,,,,,,,,,,,,,,,,,,,,
82073,80526,,9,,,,,,,,,,,,,csv.stage.night,,,,,,,,,,,,,,,,,,,,,
82074,80526,,10,,,,,,,,,,,,,csv.stage.night,,,,,,,,,,,,,,,,,,,,,
82075,80526,,11,,,,,,,,,,,,,csv.stage.night,,,,,,,,,,,,,,,,,,,,,
82076,80526,,12,,,,,,,,,,,,,csv.stage.night,,,,,,,,,,,,,,,,,,,,,
82077,80531,,1,<293303;291253;293143;291172;305311;292723>,,,,,,,,,,,,csv.stage.night,,,,,,,,,,,,,,,,,,,,,
82078,80531,,2,,,,,,,,,,,,,csv.stage.night,,,,,,,,,,,,,,,,,,,,,
82079,80531,,3,,,,,,,,,,,,,csv.stage.night,,,,,,,,,,,,,,,,,,,,,
82080,80531,,4,,,,,,,,,,,,,csv.stage.night,,,,,,,,,,,,,,,,,,,,,
82081,80531,,5,,,,,,,,,,,,,csv.stage.night,,,,,,,,,,,,,,,,,,,,,
82082,80531,,6,,,,,,,,,,,,,csv.stage.night,,,,,,,,,,,,,,,,,,,,,
82083,80531,,7,,,,,,,,,,,,,csv.stage.night,,,,,,,,,,,,,,,,,,,,,
82084,80531,,8,,,,,,,,,,,,,csv.stage.night,,,,,,,,,,,,,,,,,,,,,
82085,80531,,9,,,,,,,,,,,,,csv.stage.night,,,,,,,,,,,,,,,,,,,,,
82086,80531,,10,,,,,,,,,,,,,csv.stage.night,,,,,,,,,,,,,,,,,,,,,
82087,80531,,11,,,,,,,,,,,,,csv.stage.night,,,,,,,,,,,,,,,,,,,,,
82088,80531,,12,,,,,,,,,,,,,csv.stage.night,,,,,,,,,,,,,,,,,,,,,
82089,80532,,1,<292993;292993;292993;293562;305321;293663>,,,,,,,,,,,,csv.stage.night,,,,,,,,,,,,,,,,,,,,,
82090,80532,,2,,,,,,,,,,,,,csv.stage.night,,,,,,,,,,,,,,,,,,,,,
82091,80532,,3,,,,,,,,,,,,,csv.stage.night,,,,,,,,,,,,,,,,,,,,,
82092,80532,,4,,,,,,,,,,,,,csv.stage.night,,,,,,,,,,,,,,,,,,,,,
82093,80532,,5,,,,,,,,,,,,,csv.stage.night,,,,,,,,,,,,,,,,,,,,,
82094,80532,,6,,,,,,,,,,,,,csv.stage.night,,,,,,,,,,,,,,,,,,,,,
82095,80532,,7,,,,,,,,,,,,,csv.stage.night,,,,,,,,,,,,,,,,,,,,,
82096,80532,,8,,,,,,,,,,,,,csv.stage.night,,,,,,,,,,,,,,,,,,,,,
82097,80532,,9,,,,,,,,,,,,,csv.stage.night,,,,,,,,,,,,,,,,,,,,,
82098,80532,,10,,,,,,,,,,,,,csv.stage.night,,,,,,,,,,,,,,,,,,,,,
82099,80532,,11,,,,,,,,,,,,,csv.stage.night,,,,,,,,,,,,,,,,,,,,,
82100,80532,,12,,,,,,,,,,,,,csv.stage.night,,,,,,,,,,,,,,,,,,,,,
82101,80533,,1,<0;0;0;290391;305331;290391>,,,,,,,,,,,,csv.stage.night,,,,,,,,,,,,,,,,,,,,,
82102,80533,,2,<0;0;0;290392;305332;290392>,,,,,,,,,,,,csv.stage.night,,,,,,,,,,,,,,,,,,,,,
82103,80533,,3,<0;0;0;290393;305333;290393>,,,,,,,,,,,,csv.stage.night,,,,,,,,,,,,,,,,,,,,,
82104,80533,,4,<0;0;0;290394;305334;290394>,,,,,,,,,,,,csv.stage.night,,,,,,,,,,,,,,,,,,,,,
82105,80533,,5,,,,,,,,,,,,,csv.stage.night,,,,,,,,,,,,,,,,,,,,,
82106,80533,,6,,,,,,,,,,,,,csv.stage.night,,,,,,,,,,,,,,,,,,,,,
82107,80533,,7,,,,,,,,,,,,,csv.stage.night,,,,,,,,,,,,,,,,,,,,,
82108,80533,,8,,,,,,,,,,,,,csv.stage.night,,,,,,,,,,,,,,,,,,,,,
82109,80533,,9,,,,,,,,,,,,,csv.stage.night,,,,,,,,,,,,,,,,,,,,,
82110,80533,,10,,,,,,,,,,,,,csv.stage.night,,,,,,,,,,,,,,,,,,,,,
82111,80533,,11,,,,,,,,,,,,,csv.stage.night,,,,,,,,,,,,,,,,,,,,,
82112,80533,,12,,,,,,,,,,,,,csv.stage.night,,,,,,,,,,,,,,,,,,,,,
82113,80534,,1,,,,,,,,,,,,,csv.stage.night,,,,,,,,,,,,,,,,,,,,,
82114,80534,,2,,,,,,,,,,,,,csv.stage.night,,,,,,,,,,,,,,,,,,,,,
82115,80534,,3,,,,,,,,,,,,,csv.stage.night,,,,,,,,,,,,,,,,,,,,,
82116,80534,,4,,,,,,,,,,,,,csv.stage.night,,,,,,,,,,,,,,,,,,,,,
82117,80534,,5,,,,,,,,,,,,,csv.stage.night,,,,,,,,,,,,,,,,,,,,,
82118,80534,,6,,,,,,,,,,,,,csv.stage.night,,,,,,,,,,,,,,,,,,,,,
82119,80534,,7,,,,,,,,,,,,,csv.stage.night,,,,,,,,,,,,,,,,,,,,,
82120,80534,,8,,,,,,,,,,,,,csv.stage.night,,,,,,,,,,,,,,,,,,,,,
82121,80534,,9,,,,,,,,,,,,,csv.stage.night,,,,,,,,,,,,,,,,,,,,,
82122,80534,,10,,,,,,,,,,,,,csv.stage.night,,,,,,,,,,,,,,,,,,,,,
82123,80534,,11,,,,,,,,,,,,,csv.stage.night,,,,,,,,,,,,,,,,,,,,,
82124,80534,,12,,,,,,,,,,,,,csv.stage.night,,,,,,,,,,,,,,,,,,,,,
82125,80535,,1,,,,,,,,,,,,,csv.stage.night,,,,,,,,,,,,,,,,,,,,,
82126,80535,,2,,,,,,,,,,,,,csv.stage.night,,,,,,,,,,,,,,,,,,,,,
82127,80535,,3,,,,,,,,,,,,,csv.stage.night,,,,,,,,,,,,,,,,,,,,,
82128,80535,,4,,,,,,,,,,,,,csv.stage.night,,,,,,,,,,,,,,,,,,,,,
82129,80535,,5,,,,,,,,,,,,,csv.stage.night,,,,,,,,,,,,,,,,,,,,,
82130,80535,,6,,,,,,,,,,,,,csv.stage.night,,,,,,,,,,,,,,,,,,,,,
82131,80535,,7,,,,,,,,,,,,,csv.stage.night,,,,,,,,,,,,,,,,,,,,,
82132,80535,,8,,,,,,,,,,,,,csv.stage.night,,,,,,,,,,,,,,,,,,,,,
82133,80535,,9,,,,,,,,,,,,,csv.stage.night,,,,,,,,,,,,,,,,,,,,,
82134,80535,,10,,,,,,,,,,,,,csv.stage.night,,,,,,,,,,,,,,,,,,,,,
82135,80535,,11,,,,,,,,,,,,,csv.stage.night,,,,,,,,,,,,,,,,,,,,,
82136,80535,,12,,,,,,,,,,,,,csv.stage.night,,,,,,,,,,,,,,,,,,,,,
82137,80536,,1,,,,,,,,,,,,,csv.stage.night,,,,,,,,,,,,,,,,,,,,,
82138,80536,,2,,,,,,,,,,,,,csv.stage.night,,,,,,,,,,,,,,,,,,,,,
82139,80536,,3,,,,,,,,,,,,,csv.stage.night,,,,,,,,,,,,,,,,,,,,,
82140,80536,,4,,,,,,,,,,,,,csv.stage.night,,,,,,,,,,,,,,,,,,,,,
82141,80536,,5,,,,,,,,,,,,,csv.stage.night,,,,,,,,,,,,,,,,,,,,,
82142,80536,,6,,,,,,,,,,,,,csv.stage.night,,,,,,,,,,,,,,,,,,,,,
82143,80536,,7,,,,,,,,,,,,,csv.stage.night,,,,,,,,,,,,,,,,,,,,,
82144,80536,,8,,,,,,,,,,,,,csv.stage.night,,,,,,,,,,,,,,,,,,,,,
82145,80536,,9,,,,,,,,,,,,,csv.stage.night,,,,,,,,,,,,,,,,,,,,,
82146,80536,,10,,,,,,,,,,,,,csv.stage.night,,,,,,,,,,,,,,,,,,,,,
82147,80536,,11,,,,,,,,,,,,,csv.stage.night,,,,,,,,,,,,,,,,,,,,,
82148,80536,,12,,,,,,,,,,,,,csv.stage.night,,,,,,,,,,,,,,,,,,,,,
82149,80541,,1,<0;0;0;0;305411;0>,,,,,,,,,,,,csv.stage.night,,,,,,,,,,,,,,,,,,,,,
82150,80541,,2,,,,,,,,,,,,,csv.stage.night,,,,,,,,,,,,,,,,,,,,,
82151,80541,,3,,,,,,,,,,,,,csv.stage.night,,,,,,,,,,,,,,,,,,,,,
82152,80541,,4,,,,,,,,,,,,,csv.stage.night,,,,,,,,,,,,,,,,,,,,,
82153,80541,,5,,,,,,,,,,,,,csv.stage.night,,,,,,,,,,,,,,,,,,,,,
82154,80541,,6,,,,,,,,,,,,,csv.stage.night,,,,,,,,,,,,,,,,,,,,,
82155,80541,,7,,,,,,,,,,,,,csv.stage.night,,,,,,,,,,,,,,,,,,,,,
82156,80541,,8,,,,,,,,,,,,,csv.stage.night,,,,,,,,,,,,,,,,,,,,,
82157,80541,,9,,,,,,,,,,,,,csv.stage.night,,,,,,,,,,,,,,,,,,,,,
82158,80541,,10,,,,,,,,,,,,,csv.stage.night,,,,,,,,,,,,,,,,,,,,,
82159,80541,,11,,,,,,,,,,,,,csv.stage.night,,,,,,,,,,,,,,,,,,,,,
82160,80541,,12,,,,,,,,,,,,,csv.stage.night,,,,,,,,,,,,,,,,,,,,,
82161,80542,,1,<293611;293611;293611;293611;305421;293611>,,,,,,,,,,,,csv.stage.night,,,,,,,,,,,,,,,,,,,,,
82162,80542,,2,,,,,,,,,,,,,csv.stage.night,,,,,,,,,,,,,,,,,,,,,
82163,80542,,3,,,,,,,,,,,,,csv.stage.night,,,,,,,,,,,,,,,,,,,,,
82164,80542,,4,,,,,,,,,,,,,csv.stage.night,,,,,,,,,,,,,,,,,,,,,
82165,80542,,5,,,,,,,,,,,,,csv.stage.night,,,,,,,,,,,,,,,,,,,,,
82166,80542,,6,,,,,,,,,,,,,csv.stage.night,,,,,,,,,,,,,,,,,,,,,
82167,80542,,7,,,,,,,,,,,,,csv.stage.night,,,,,,,,,,,,,,,,,,,,,
82168,80542,,8,,,,,,,,,,,,,csv.stage.night,,,,,,,,,,,,,,,,,,,,,
82169,80542,,9,,,,,,,,,,,,,csv.stage.night,,,,,,,,,,,,,,,,,,,,,
82170,80542,,10,,,,,,,,,,,,,csv.stage.night,,,,,,,,,,,,,,,,,,,,,
82171,80542,,11,,,,,,,,,,,,,csv.stage.night,,,,,,,,,,,,,,,,,,,,,
82172,80542,,12,,,,,,,,,,,,,csv.stage.night,,,,,,,,,,,,,,,,,,,,,
82173,80543,,1,<294631;293611;297031;293642;305431;297011>,,,,,,,,,,,,csv.stage.night,,,,,,,,,,,,,<292391;290397;294683;293641;294024;294121>,4,,,,,,,
82174,80543,,2,,,,,,,,,,,,,csv.stage.night,,,,,,,,,,,,,,,,,,,,,
82175,80543,,3,,,,,,,,,,,,,csv.stage.night,,,,,,,,,,,,,,,,,,,,,
82176,80543,,4,,,,,,,,,,,,,csv.stage.night,,,,,,,,,,,,,,,,,,,,,
82177,80543,,5,,,,,,,,,,,,,csv.stage.night,,,,,,,,,,,,,,,,,,,,,
82178,80543,,6,,,,,,,,,,,,,csv.stage.night,,,,,,,,,,,,,,,,,,,,,
82179,80543,,7,,,,,,,,,,,,,csv.stage.night,,,,,,,,,,,,,,,,,,,,,
82180,80543,,8,,,,,,,,,,,,,csv.stage.night,,,,,,,,,,,,,,,,,,,,,
82181,80543,,9,,,,,,,,,,,,,csv.stage.night,,,,,,,,,,,,,,,,,,,,,
82182,80543,,10,,,,,,,,,,,,,csv.stage.night,,,,,,,,,,,,,,,,,,,,,
82183,80543,,11,,,,,,,,,,,,,csv.stage.night,,,,,,,,,,,,,,,,,,,,,
82184,80543,,12,,,,,,,,,,,,,csv.stage.night,,,,,,,,,,,,,,,,,,,,,
82185,80544,,1,<0;0;0;0;305441;0>,,,,,,,,,,,,csv.stage.night,,,,,,,,,,,,,,,,,,,,,
82186,80544,,2,,,,,,,,,,,,,csv.stage.night,,,,,,,,,,,,,,,,,,,,,
82187,80544,,3,,,,,,,,,,,,,csv.stage.night,,,,,,,,,,,,,,,,,,,,,
82188,80544,,4,,,,,,,,,,,,,csv.stage.night,,,,,,,,,,,,,,,,,,,,,
82189,80544,,5,,,,,,,,,,,,,csv.stage.night,,,,,,,,,,,,,,,,,,,,,
82190,80544,,6,,,,,,,,,,,,,csv.stage.night,,,,,,,,,,,,,,,,,,,,,
82191,80544,,7,,,,,,,,,,,,,csv.stage.night,,,,,,,,,,,,,,,,,,,,,
82192,80544,,8,,,,,,,,,,,,,csv.stage.night,,,,,,,,,,,,,,,,,,,,,
82193,80544,,9,,,,,,,,,,,,,csv.stage.night,,,,,,,,,,,,,,,,,,,,,
82194,80544,,10,,,,,,,,,,,,,csv.stage.night,,,,,,,,,,,,,,,,,,,,,
82195,80544,,11,,,,,,,,,,,,,csv.stage.night,,,,,,,,,,,,,,,,,,,,,
82196,80544,,12,,,,,,,,,,,,,csv.stage.night,,,,,,,,,,,,,,,,,,,,,
82197,80545,,1,,,,,,,,,,,,,csv.stage.night,,,,,,,,,,,,,,,,,,,,,
82198,80545,,2,,,,,,,,,,,,,csv.stage.night,,,,,,,,,,,,,,,,,,,,,
82199,80545,,3,,,,,,,,,,,,,csv.stage.night,,,,,,,,,,,,,,,,,,,,,
82200,80545,,4,,,,,,,,,,,,,csv.stage.night,,,,,,,,,,,,,,,,,,,,,
82201,80545,,5,,,,,,,,,,,,,csv.stage.night,,,,,,,,,,,,,,,,,,,,,
82202,80545,,6,,,,,,,,,,,,,csv.stage.night,,,,,,,,,,,,,,,,,,,,,
82203,80545,,7,,,,,,,,,,,,,csv.stage.night,,,,,,,,,,,,,,,,,,,,,
82204,80545,,8,,,,,,,,,,,,,csv.stage.night,,,,,,,,,,,,,,,,,,,,,
82205,80545,,9,,,,,,,,,,,,,csv.stage.night,,,,,,,,,,,,,,,,,,,,,
82206,80545,,10,,,,,,,,,,,,,csv.stage.night,,,,,,,,,,,,,,,,,,,,,
82207,80545,,11,,,,,,,,,,,,,csv.stage.night,,,,,,,,,,,,,,,,,,,,,
82208,80545,,12,,,,,,,,,,,,,csv.stage.night,,,,,,,,,,,,,,,,,,,,,
82209,80546,,1,,,,,,,,,,,,,csv.stage.night,,,,,,,,,,,,,,,,,,,,,
82210,80546,,2,,,,,,,,,,,,,csv.stage.night,,,,,,,,,,,,,,,,,,,,,
82211,80546,,3,,,,,,,,,,,,,csv.stage.night,,,,,,,,,,,,,,,,,,,,,
82212,80546,,4,,,,,,,,,,,,,csv.stage.night,,,,,,,,,,,,,,,,,,,,,
82213,80546,,5,,,,,,,,,,,,,csv.stage.night,,,,,,,,,,,,,,,,,,,,,
82214,80546,,6,,,,,,,,,,,,,csv.stage.night,,,,,,,,,,,,,,,,,,,,,
82215,80546,,7,,,,,,,,,,,,,csv.stage.night,,,,,,,,,,,,,,,,,,,,,
82216,80546,,8,,,,,,,,,,,,,csv.stage.night,,,,,,,,,,,,,,,,,,,,,
82217,80546,,9,,,,,,,,,,,,,csv.stage.night,,,,,,,,,,,,,,,,,,,,,
82218,80546,,10,,,,,,,,,,,,,csv.stage.night,,,,,,,,,,,,,,,,,,,,,
82219,80546,,11,,,,,,,,,,,,,csv.stage.night,,,,,,,,,,,,,,,,,,,,,
82220,80546,,12,,,,,,,,,,,,,csv.stage.night,,,,,,,,,,,,,,,,,,,,,
82221,80551,,1,<293642;292391;291813;292431;305511;290394>,,,,,,,,,,,,csv.stage.night,,,,,,,,,,,,,,,,,,,,,
82222,80551,,2,,,,,,,,,,,,,csv.stage.night,,,,,,,,,,,,,,,,,,,,,
82223,80551,,3,,,,,,,,,,,,,csv.stage.night,,,,,,,,,,,,,,,,,,,,,
82224,80551,,4,,,,,,,,,,,,,csv.stage.night,,,,,,,,,,,,,,,,,,,,,
82225,80551,,5,,,,,,,,,,,,,csv.stage.night,,,,,,,,,,,,,,,,,,,,,
82226,80551,,6,,,,,,,,,,,,,csv.stage.night,,,,,,,,,,,,,,,,,,,,,
82227,80551,,7,,,,,,,,,,,,,csv.stage.night,,,,,,,,,,,,,,,,,,,,,
82228,80551,,8,,,,,,,,,,,,,csv.stage.night,,,,,,,,,,,,,,,,,,,,,
82229,80551,,9,,,,,,,,,,,,,csv.stage.night,,,,,,,,,,,,,,,,,,,,,
82230,80551,,10,,,,,,,,,,,,,csv.stage.night,,,,,,,,,,,,,,,,,,,,,
82231,80551,,11,,,,,,,,,,,,,csv.stage.night,,,,,,,,,,,,,,,,,,,,,
82232,80551,,12,,,,,,,,,,,,,csv.stage.night,,,,,,,,,,,,,,,,,,,,,
82233,80601,,1,<290331;291901;292961;291502;306011;293411>,,,,,,,,,,,,csv.stage.dg,,,,,,,,,,,,,,,,,,,,,
82234,80601,,2,,,,,,,,,,,,,csv.stage.dg,,,,,,,,,,,,,,,,,,,,,
82235,80601,,3,,,,,,,,,,,,,csv.stage.dg,,,,,,,,,,,,,,,,,,,,,
82236,80601,,4,,,,,,,,,,,,,csv.stage.dg,,,,,,,,,,,,,,,,,,,,,
82237,80601,,5,,,,,,,,,,,,,csv.stage.dg,,,,,,,,,,,,,,,,,,,,,
82238,80601,,6,,,,,,,,,,,,,csv.stage.dg,,,,,,,,,,,,,,,,,,,,,
82239,80601,,7,,,,,,,,,,,,,csv.stage.dg,,,,,,,,,,,,,,,,,,,,,
82240,80601,,8,,,,,,,,,,,,,csv.stage.dg,,,,,,,,,,,,,,,,,,,,,
82241,80601,,9,,,,,,,,,,,,,csv.stage.dg,,,,,,,,,,,,,,,,,,,,,
82242,80601,,10,,,,,,,,,,,,,csv.stage.dg,,,,,,,,,,,,,,,,,,,,,
82243,80601,,11,,,,,,,,,,,,,csv.stage.dg,,,,,,,,,,,,,,,,,,,,,
82244,80601,,12,,,,,,,,,,,,,csv.stage.dg,,,,,,,,,,,,,,,,,,,,,
82245,80602,,1,<290031;290031;290031;290031;306021;290031>,,,,,,,,,,,,csv.stage.dg,,,,,,,,,,,,,,,,,,,,,
82246,80602,,2,,,,,,,,,,,,,csv.stage.dg,,,,,,,,,,,,,,,,,,,,,
82247,80602,,3,,,,,,,,,,,,,csv.stage.dg,,,,,,,,,,,,,,,,,,,,,
82248,80602,,4,,,,,,,,,,,,,csv.stage.dg,,,,,,,,,,,,,,,,,,,,,
82249,80602,,5,,,,,,,,,,,,,csv.stage.dg,,,,,,,,,,,,,,,,,,,,,
82250,80602,,6,,,,,,,,,,,,,csv.stage.dg,,,,,,,,,,,,,,,,,,,,,
82251,80602,,7,,,,,,,,,,,,,csv.stage.dg,,,,,,,,,,,,,,,,,,,,,
82252,80602,,8,,,,,,,,,,,,,csv.stage.dg,,,,,,,,,,,,,,,,,,,,,
82253,80602,,9,,,,,,,,,,,,,csv.stage.dg,,,,,,,,,,,,,,,,,,,,,
82254,80602,,10,,,,,,,,,,,,,csv.stage.dg,,,,,,,,,,,,,,,,,,,,,
82255,80602,,11,,,,,,,,,,,,,csv.stage.dg,,,,,,,,,,,,,,,,,,,,,
82256,80602,,12,,,,,,,,,,,,,csv.stage.dg,,,,,,,,,,,,,,,,,,,,,
82257,80603,,1,<290001;290371;290481;290111;306031;292271>,,,,,,,,,,,,csv.stage.dg,,,,,,,,,,,,,,,,,,,,,
82258,80603,,2,,,,,,,,,,,,,csv.stage.dg,,,,,,,,,,,,,,,,,,,,,
82259,80603,,3,,,,,,,,,,,,,csv.stage.dg,,,,,,,,,,,,,,,,,,,,,
82260,80603,,4,,,,,,,,,,,,,csv.stage.dg,,,,,,,,,,,,,,,,,,,,,
82261,80603,,5,,,,,,,,,,,,,csv.stage.dg,,,,,,,,,,,,,,,,,,,,,
82262,80603,,6,,,,,,,,,,,,,csv.stage.dg,,,,,,,,,,,,,,,,,,,,,
82263,80603,,7,,,,,,,,,,,,,csv.stage.dg,,,,,,,,,,,,,,,,,,,,,
82264,80603,,8,,,,,,,,,,,,,csv.stage.dg,,,,,,,,,,,,,,,,,,,,,
82265,80603,,9,,,,,,,,,,,,,csv.stage.dg,,,,,,,,,,,,,,,,,,,,,
82266,80603,,10,,,,,,,,,,,,,csv.stage.dg,,,,,,,,,,,,,,,,,,,,,
82267,80603,,11,,,,,,,,,,,,,csv.stage.dg,,,,,,,,,,,,,,,,,,,,,
82268,80603,,12,,,,,,,,,,,,,csv.stage.dg,,,,,,,,,,,,,,,,,,,,,
82269,80604,,1,<290192;292682;292681;290191;306041;290043>,,,,,,,,,,,,csv.stage.dg,,,,,,,,,,,,,,,,,,,,,
82270,80604,,2,,,,,,,,,,,,,csv.stage.dg,,,,,,,,,,,,,,,,,,,,,
82271,80604,,3,,,,,,,,,,,,,csv.stage.dg,,,,,,,,,,,,,,,,,,,,,
82272,80604,,4,,,,,,,,,,,,,csv.stage.dg,,,,,,,,,,,,,,,,,,,,,
82273,80604,,5,,,,,,,,,,,,,csv.stage.dg,,,,,,,,,,,,,,,,,,,,,
82274,80604,,6,,,,,,,,,,,,,csv.stage.dg,,,,,,,,,,,,,,,,,,,,,
82275,80604,,7,,,,,,,,,,,,,csv.stage.dg,,,,,,,,,,,,,,,,,,,,,
82276,80604,,8,,,,,,,,,,,,,csv.stage.dg,,,,,,,,,,,,,,,,,,,,,
82277,80604,,9,,,,,,,,,,,,,csv.stage.dg,,,,,,,,,,,,,,,,,,,,,
82278,80604,,10,,,,,,,,,,,,,csv.stage.dg,,,,,,,,,,,,,,,,,,,,,
82279,80604,,11,,,,,,,,,,,,,csv.stage.dg,,,,,,,,,,,,,,,,,,,,,
82280,80604,,12,,,,,,,,,,,,,csv.stage.dg,,,,,,,,,,,,,,,,,,,,,
82281,80605,,1,,,,,,,,,,,,,csv.stage.dg,,,,,,,,,,,,,,,,,,,,,
82282,80605,,2,,,,,,,,,,,,,csv.stage.dg,,,,,,,,,,,,,,,,,,,,,
82283,80605,,3,,,,,,,,,,,,,csv.stage.dg,,,,,,,,,,,,,,,,,,,,,
82284,80605,,4,,,,,,,,,,,,,csv.stage.dg,,,,,,,,,,,,,,,,,,,,,
82285,80605,,5,,,,,,,,,,,,,csv.stage.dg,,,,,,,,,,,,,,,,,,,,,
82286,80605,,6,,,,,,,,,,,,,csv.stage.dg,,,,,,,,,,,,,,,,,,,,,
82287,80605,,7,,,,,,,,,,,,,csv.stage.dg,,,,,,,,,,,,,,,,,,,,,
82288,80605,,8,,,,,,,,,,,,,csv.stage.dg,,,,,,,,,,,,,,,,,,,,,
82289,80605,,9,,,,,,,,,,,,,csv.stage.dg,,,,,,,,,,,,,,,,,,,,,
82290,80605,,10,,,,,,,,,,,,,csv.stage.dg,,,,,,,,,,,,,,,,,,,,,
82291,80605,,11,,,,,,,,,,,,,csv.stage.dg,,,,,,,,,,,,,,,,,,,,,
82292,80605,,12,,,,,,,,,,,,,csv.stage.dg,,,,,,,,,,,,,,,,,,,,,
82293,80606,,1,,,,,,,,,,,,,csv.stage.dg,,,,,,,,,,,,,,,,,,,,,
82294,80606,,2,,,,,,,,,,,,,csv.stage.dg,,,,,,,,,,,,,,,,,,,,,
82295,80606,,3,,,,,,,,,,,,,csv.stage.dg,,,,,,,,,,,,,,,,,,,,,
82296,80606,,4,,,,,,,,,,,,,csv.stage.dg,,,,,,,,,,,,,,,,,,,,,
82297,80606,,5,,,,,,,,,,,,,csv.stage.dg,,,,,,,,,,,,,,,,,,,,,
82298,80606,,6,,,,,,,,,,,,,csv.stage.dg,,,,,,,,,,,,,,,,,,,,,
82299,80606,,7,,,,,,,,,,,,,csv.stage.dg,,,,,,,,,,,,,,,,,,,,,
82300,80606,,8,,,,,,,,,,,,,csv.stage.dg,,,,,,,,,,,,,,,,,,,,,
82301,80606,,9,,,,,,,,,,,,,csv.stage.dg,,,,,,,,,,,,,,,,,,,,,
82302,80606,,10,,,,,,,,,,,,,csv.stage.dg,,,,,,,,,,,,,,,,,,,,,
82303,80606,,11,,,,,,,,,,,,,csv.stage.dg,,,,,,,,,,,,,,,,,,,,,
82304,80606,,12,,,,,,,,,,,,,csv.stage.dg,,,,,,,,,,,,,,,,,,,,,
82305,80611,,1,<292681;290191;293151;0;306111;0>,,,,,,,,,,,,csv.stage.dg,,,,,,,,,,,,,,,,,,,,,
82306,80611,,2,,,,,,,,,,,,,csv.stage.dg,,,,,,,,,,,,,,,,,,,,,
82307,80611,,3,,,,,,,,,,,,,csv.stage.dg,,,,,,,,,,,,,,,,,,,,,
82308,80611,,4,,,,,,,,,,,,,csv.stage.dg,,,,,,,,,,,,,,,,,,,,,
82309,80611,,5,,,,,,,,,,,,,csv.stage.dg,,,,,,,,,,,,,,,,,,,,,
82310,80611,,6,,,,,,,,,,,,,csv.stage.dg,,,,,,,,,,,,,,,,,,,,,
82311,80611,,7,,,,,,,,,,,,,csv.stage.dg,,,,,,,,,,,,,,,,,,,,,
82312,80611,,8,,,,,,,,,,,,,csv.stage.dg,,,,,,,,,,,,,,,,,,,,,
82313,80611,,9,,,,,,,,,,,,,csv.stage.dg,,,,,,,,,,,,,,,,,,,,,
82314,80611,,10,,,,,,,,,,,,,csv.stage.dg,,,,,,,,,,,,,,,,,,,,,
82315,80611,,11,,,,,,,,,,,,,csv.stage.dg,,,,,,,,,,,,,,,,,,,,,
82316,80611,,12,,,,,,,,,,,,,csv.stage.dg,,,,,,,,,,,,,,,,,,,,,
82317,80612,,1,<290002;290081;290372;290392;306121;290283>,,,,,,,,,,,,csv.stage.dg,,,,,,,,,,,,,,,,,,,,,
82318,80612,,2,,,,,,,,,,,,,csv.stage.dg,,,,,,,,,,,,,,,,,,,,,
82319,80612,,3,,,,,,,,,,,,,csv.stage.dg,,,,,,,,,,,,,,,,,,,,,
82320,80612,,4,,,,,,,,,,,,,csv.stage.dg,,,,,,,,,,,,,,,,,,,,,
82321,80612,,5,,,,,,,,,,,,,csv.stage.dg,,,,,,,,,,,,,,,,,,,,,
82322,80612,,6,,,,,,,,,,,,,csv.stage.dg,,,,,,,,,,,,,,,,,,,,,
82323,80612,,7,,,,,,,,,,,,,csv.stage.dg,,,,,,,,,,,,,,,,,,,,,
82324,80612,,8,,,,,,,,,,,,,csv.stage.dg,,,,,,,,,,,,,,,,,,,,,
82325,80612,,9,,,,,,,,,,,,,csv.stage.dg,,,,,,,,,,,,,,,,,,,,,
82326,80612,,10,,,,,,,,,,,,,csv.stage.dg,,,,,,,,,,,,,,,,,,,,,
82327,80612,,11,,,,,,,,,,,,,csv.stage.dg,,,,,,,,,,,,,,,,,,,,,
82328,80612,,12,,,,,,,,,,,,,csv.stage.dg,,,,,,,,,,,,,,,,,,,,,
82329,80613,,1,<290121;290122;290123;290111;306131;290113>,,,,,,,,,,,,csv.stage.dg,,,,,,,,,,,,,,,,,,,,,
82330,80613,,2,,,,,,,,,,,,,csv.stage.dg,,,,,,,,,,,,,,,,,,,,,
82331,80613,,3,,,,,,,,,,,,,csv.stage.dg,,,,,,,,,,,,,,,,,,,,,
82332,80613,,4,,,,,,,,,,,,,csv.stage.dg,,,,,,,,,,,,,,,,,,,,,
82333,80613,,5,,,,,,,,,,,,,csv.stage.dg,,,,,,,,,,,,,,,,,,,,,
82334,80613,,6,,,,,,,,,,,,,csv.stage.dg,,,,,,,,,,,,,,,,,,,,,
82335,80613,,7,,,,,,,,,,,,,csv.stage.dg,,,,,,,,,,,,,,,,,,,,,
82336,80613,,8,,,,,,,,,,,,,csv.stage.dg,,,,,,,,,,,,,,,,,,,,,
82337,80613,,9,,,,,,,,,,,,,csv.stage.dg,,,,,,,,,,,,,,,,,,,,,
82338,80613,,10,,,,,,,,,,,,,csv.stage.dg,,,,,,,,,,,,,,,,,,,,,
82339,80613,,11,,,,,,,,,,,,,csv.stage.dg,,,,,,,,,,,,,,,,,,,,,
82340,80613,,12,,,,,,,,,,,,,csv.stage.dg,,,,,,,,,,,,,,,,,,,,,
82341,80614,,1,,,,,,,,,,,,,csv.stage.dg,,,,,,,,,,,,,,,,,,,,,
82342,80614,,2,,,,,,,,,,,,,csv.stage.dg,,,,,,,,,,,,,,,,,,,,,
82343,80614,,3,,,,,,,,,,,,,csv.stage.dg,,,,,,,,,,,,,,,,,,,,,
82344,80614,,4,,,,,,,,,,,,,csv.stage.dg,,,,,,,,,,,,,,,,,,,,,
82345,80614,,5,,,,,,,,,,,,,csv.stage.dg,,,,,,,,,,,,,,,,,,,,,
82346,80614,,6,,,,,,,,,,,,,csv.stage.dg,,,,,,,,,,,,,,,,,,,,,
82347,80614,,7,,,,,,,,,,,,,csv.stage.dg,,,,,,,,,,,,,,,,,,,,,
82348,80614,,8,,,,,,,,,,,,,csv.stage.dg,,,,,,,,,,,,,,,,,,,,,
82349,80614,,9,,,,,,,,,,,,,csv.stage.dg,,,,,,,,,,,,,,,,,,,,,
82350,80614,,10,,,,,,,,,,,,,csv.stage.dg,,,,,,,,,,,,,,,,,,,,,
82351,80614,,11,,,,,,,,,,,,,csv.stage.dg,,,,,,,,,,,,,,,,,,,,,
82352,80614,,12,,,,,,,,,,,,,csv.stage.dg,,,,,,,,,,,,,,,,,,,,,
82353,80615,,1,,,,,,,,,,,,,csv.stage.dg,,,,,,,,,,,,,,,,,,,,,
82354,80615,,2,,,,,,,,,,,,,csv.stage.dg,,,,,,,,,,,,,,,,,,,,,
82355,80615,,3,,,,,,,,,,,,,csv.stage.dg,,,,,,,,,,,,,,,,,,,,,
82356,80615,,4,,,,,,,,,,,,,csv.stage.dg,,,,,,,,,,,,,,,,,,,,,
82357,80615,,5,,,,,,,,,,,,,csv.stage.dg,,,,,,,,,,,,,,,,,,,,,
82358,80615,,6,,,,,,,,,,,,,csv.stage.dg,,,,,,,,,,,,,,,,,,,,,
82359,80615,,7,,,,,,,,,,,,,csv.stage.dg,,,,,,,,,,,,,,,,,,,,,
82360,80615,,8,,,,,,,,,,,,,csv.stage.dg,,,,,,,,,,,,,,,,,,,,,
82361,80615,,9,,,,,,,,,,,,,csv.stage.dg,,,,,,,,,,,,,,,,,,,,,
82362,80615,,10,,,,,,,,,,,,,csv.stage.dg,,,,,,,,,,,,,,,,,,,,,
82363,80615,,11,,,,,,,,,,,,,csv.stage.dg,,,,,,,,,,,,,,,,,,,,,
82364,80615,,12,,,,,,,,,,,,,csv.stage.dg,,,,,,,,,,,,,,,,,,,,,
82365,80616,,1,,,,,,,,,,,,,csv.stage.dg,,,,,,,,,,,,,,,,,,,,,
82366,80616,,2,,,,,,,,,,,,,csv.stage.dg,,,,,,,,,,,,,,,,,,,,,
82367,80616,,3,,,,,,,,,,,,,csv.stage.dg,,,,,,,,,,,,,,,,,,,,,
82368,80616,,4,,,,,,,,,,,,,csv.stage.dg,,,,,,,,,,,,,,,,,,,,,
82369,80616,,5,,,,,,,,,,,,,csv.stage.dg,,,,,,,,,,,,,,,,,,,,,
82370,80616,,6,,,,,,,,,,,,,csv.stage.dg,,,,,,,,,,,,,,,,,,,,,
82371,80616,,7,,,,,,,,,,,,,csv.stage.dg,,,,,,,,,,,,,,,,,,,,,
82372,80616,,8,,,,,,,,,,,,,csv.stage.dg,,,,,,,,,,,,,,,,,,,,,
82373,80616,,9,,,,,,,,,,,,,csv.stage.dg,,,,,,,,,,,,,,,,,,,,,
82374,80616,,10,,,,,,,,,,,,,csv.stage.dg,,,,,,,,,,,,,,,,,,,,,
82375,80616,,11,,,,,,,,,,,,,csv.stage.dg,,,,,,,,,,,,,,,,,,,,,
82376,80616,,12,,,,,,,,,,,,,csv.stage.dg,,,,,,,,,,,,,,,,,,,,,
82377,80621,,1,<290333;290333;290333;290572;306211;290572>,,,,,,,,,,,,csv.stage.dg,,,,,,,,,,,,,,,,,,,,,
82378,80621,,2,,,,,,,,,,,,,csv.stage.dg,,,,,,,,,,,,,,,,,,,,,
82379,80621,,3,,,,,,,,,,,,,csv.stage.dg,,,,,,,,,,,,,,,,,,,,,
82380,80621,,4,,,,,,,,,,,,,csv.stage.dg,,,,,,,,,,,,,,,,,,,,,
82381,80621,,5,,,,,,,,,,,,,csv.stage.dg,,,,,,,,,,,,,,,,,,,,,
82382,80621,,6,,,,,,,,,,,,,csv.stage.dg,,,,,,,,,,,,,,,,,,,,,
82383,80621,,7,,,,,,,,,,,,,csv.stage.dg,,,,,,,,,,,,,,,,,,,,,
82384,80621,,8,,,,,,,,,,,,,csv.stage.dg,,,,,,,,,,,,,,,,,,,,,
82385,80621,,9,,,,,,,,,,,,,csv.stage.dg,,,,,,,,,,,,,,,,,,,,,
82386,80621,,10,,,,,,,,,,,,,csv.stage.dg,,,,,,,,,,,,,,,,,,,,,
82387,80621,,11,,,,,,,,,,,,,csv.stage.dg,,,,,,,,,,,,,,,,,,,,,
82388,80621,,12,,,,,,,,,,,,,csv.stage.dg,,,,,,,,,,,,,,,,,,,,,
82389,80622,,1,<290481;290481;290481;290482;306221;290482>,,,,,,,,,,,,csv.stage.dg,,,,,,,,,,,,,,,,,,,,,
82390,80622,,2,,,,,,,,,,,,,csv.stage.dg,,,,,,,,,,,,,,,,,,,,,
82391,80622,,3,,,,,,,,,,,,,csv.stage.dg,,,,,,,,,,,,,,,,,,,,,
82392,80622,,4,,,,,,,,,,,,,csv.stage.dg,,,,,,,,,,,,,,,,,,,,,
82393,80622,,5,,,,,,,,,,,,,csv.stage.dg,,,,,,,,,,,,,,,,,,,,,
82394,80622,,6,,,,,,,,,,,,,csv.stage.dg,,,,,,,,,,,,,,,,,,,,,
82395,80622,,7,,,,,,,,,,,,,csv.stage.dg,,,,,,,,,,,,,,,,,,,,,
82396,80622,,8,,,,,,,,,,,,,csv.stage.dg,,,,,,,,,,,,,,,,,,,,,
82397,80622,,9,,,,,,,,,,,,,csv.stage.dg,,,,,,,,,,,,,,,,,,,,,
82398,80622,,10,,,,,,,,,,,,,csv.stage.dg,,,,,,,,,,,,,,,,,,,,,
82399,80622,,11,,,,,,,,,,,,,csv.stage.dg,,,,,,,,,,,,,,,,,,,,,
82400,80622,,12,,,,,,,,,,,,,csv.stage.dg,,,,,,,,,,,,,,,,,,,,,
82401,80623,,1,<290004;290004;290004;290044;306231;290044>,,,,,,,,,,,,csv.stage.dg,,,,,,,,,,,,,,,,,,,,,
82402,80623,,2,,,,,,,,,,,,,csv.stage.dg,,,,,,,,,,,,,,,,,,,,,
82403,80623,,3,,,,,,,,,,,,,csv.stage.dg,,,,,,,,,,,,,,,,,,,,,
82404,80623,,4,,,,,,,,,,,,,csv.stage.dg,,,,,,,,,,,,,,,,,,,,,
82405,80623,,5,,,,,,,,,,,,,csv.stage.dg,,,,,,,,,,,,,,,,,,,,,
82406,80623,,6,,,,,,,,,,,,,csv.stage.dg,,,,,,,,,,,,,,,,,,,,,
82407,80623,,7,,,,,,,,,,,,,csv.stage.dg,,,,,,,,,,,,,,,,,,,,,
82408,80623,,8,,,,,,,,,,,,,csv.stage.dg,,,,,,,,,,,,,,,,,,,,,
82409,80623,,9,,,,,,,,,,,,,csv.stage.dg,,,,,,,,,,,,,,,,,,,,,
82410,80623,,10,,,,,,,,,,,,,csv.stage.dg,,,,,,,,,,,,,,,,,,,,,
82411,80623,,11,,,,,,,,,,,,,csv.stage.dg,,,,,,,,,,,,,,,,,,,,,
82412,80623,,12,,,,,,,,,,,,,csv.stage.dg,,,,,,,,,,,,,,,,,,,,,
82413,80624,,1,,,,,,,,,,,,,csv.stage.dg,,,,,,,,,,,,,,,,,,,,,
82414,80624,,2,,,,,,,,,,,,,csv.stage.dg,,,,,,,,,,,,,,,,,,,,,
82415,80624,,3,,,,,,,,,,,,,csv.stage.dg,,,,,,,,,,,,,,,,,,,,,
82416,80624,,4,,,,,,,,,,,,,csv.stage.dg,,,,,,,,,,,,,,,,,,,,,
82417,80624,,5,,,,,,,,,,,,,csv.stage.dg,,,,,,,,,,,,,,,,,,,,,
82418,80624,,6,,,,,,,,,,,,,csv.stage.dg,,,,,,,,,,,,,,,,,,,,,
82419,80624,,7,,,,,,,,,,,,,csv.stage.dg,,,,,,,,,,,,,,,,,,,,,
82420,80624,,8,,,,,,,,,,,,,csv.stage.dg,,,,,,,,,,,,,,,,,,,,,
82421,80624,,9,,,,,,,,,,,,,csv.stage.dg,,,,,,,,,,,,,,,,,,,,,
82422,80624,,10,,,,,,,,,,,,,csv.stage.dg,,,,,,,,,,,,,,,,,,,,,
82423,80624,,11,,,,,,,,,,,,,csv.stage.dg,,,,,,,,,,,,,,,,,,,,,
82424,80624,,12,,,,,,,,,,,,,csv.stage.dg,,,,,,,,,,,,,,,,,,,,,
82425,80625,,1,,,,,,,,,,,,,csv.stage.dg,,,,,,,,,,,,,,,,,,,,,
82426,80625,,2,,,,,,,,,,,,,csv.stage.dg,,,,,,,,,,,,,,,,,,,,,
82427,80625,,3,,,,,,,,,,,,,csv.stage.dg,,,,,,,,,,,,,,,,,,,,,
82428,80625,,4,,,,,,,,,,,,,csv.stage.dg,,,,,,,,,,,,,,,,,,,,,
82429,80625,,5,,,,,,,,,,,,,csv.stage.dg,,,,,,,,,,,,,,,,,,,,,
82430,80625,,6,,,,,,,,,,,,,csv.stage.dg,,,,,,,,,,,,,,,,,,,,,
82431,80625,,7,,,,,,,,,,,,,csv.stage.dg,,,,,,,,,,,,,,,,,,,,,
82432,80625,,8,,,,,,,,,,,,,csv.stage.dg,,,,,,,,,,,,,,,,,,,,,
82433,80625,,9,,,,,,,,,,,,,csv.stage.dg,,,,,,,,,,,,,,,,,,,,,
82434,80625,,10,,,,,,,,,,,,,csv.stage.dg,,,,,,,,,,,,,,,,,,,,,
82435,80625,,11,,,,,,,,,,,,,csv.stage.dg,,,,,,,,,,,,,,,,,,,,,
82436,80625,,12,,,,,,,,,,,,,csv.stage.dg,,,,,,,,,,,,,,,,,,,,,
82437,80626,,1,,,,,,,,,,,,,csv.stage.dg,,,,,,,,,,,,,,,,,,,,,
82438,80626,,2,,,,,,,,,,,,,csv.stage.dg,,,,,,,,,,,,,,,,,,,,,
82439,80626,,3,,,,,,,,,,,,,csv.stage.dg,,,,,,,,,,,,,,,,,,,,,
82440,80626,,4,,,,,,,,,,,,,csv.stage.dg,,,,,,,,,,,,,,,,,,,,,
82441,80626,,5,,,,,,,,,,,,,csv.stage.dg,,,,,,,,,,,,,,,,,,,,,
82442,80626,,6,,,,,,,,,,,,,csv.stage.dg,,,,,,,,,,,,,,,,,,,,,
82443,80626,,7,,,,,,,,,,,,,csv.stage.dg,,,,,,,,,,,,,,,,,,,,,
82444,80626,,8,,,,,,,,,,,,,csv.stage.dg,,,,,,,,,,,,,,,,,,,,,
82445,80626,,9,,,,,,,,,,,,,csv.stage.dg,,,,,,,,,,,,,,,,,,,,,
82446,80626,,10,,,,,,,,,,,,,csv.stage.dg,,,,,,,,,,,,,,,,,,,,,
82447,80626,,11,,,,,,,,,,,,,csv.stage.dg,,,,,,,,,,,,,,,,,,,,,
82448,80626,,12,,,,,,,,,,,,,csv.stage.dg,,,,,,,,,,,,,,,,,,,,,
82449,80631,,1,<293411;293411;293411;293412;306311;293412>,,,,,,,,,,,,csv.stage.dg,,,,,,,,,,,,,,,,,,,,,
82450,80631,,2,,,,,,,,,,,,,csv.stage.dg,,,,,,,,,,,,,,,,,,,,,
82451,80631,,3,,,,,,,,,,,,,csv.stage.dg,,,,,,,,,,,,,,,,,,,,,
82452,80631,,4,,,,,,,,,,,,,csv.stage.dg,,,,,,,,,,,,,,,,,,,,,
82453,80631,,5,,,,,,,,,,,,,csv.stage.dg,,,,,,,,,,,,,,,,,,,,,
82454,80631,,6,,,,,,,,,,,,,csv.stage.dg,,,,,,,,,,,,,,,,,,,,,
82455,80631,,7,,,,,,,,,,,,,csv.stage.dg,,,,,,,,,,,,,,,,,,,,,
82456,80631,,8,,,,,,,,,,,,,csv.stage.dg,,,,,,,,,,,,,,,,,,,,,
82457,80631,,9,,,,,,,,,,,,,csv.stage.dg,,,,,,,,,,,,,,,,,,,,,
82458,80631,,10,,,,,,,,,,,,,csv.stage.dg,,,,,,,,,,,,,,,,,,,,,
82459,80631,,11,,,,,,,,,,,,,csv.stage.dg,,,,,,,,,,,,,,,,,,,,,
82460,80631,,12,,,,,,,,,,,,,csv.stage.dg,,,,,,,,,,,,,,,,,,,,,
82461,80632,,1,<290033;292683;291071;290571;306321;290044>,,,,,,,,,,,,csv.stage.dg,,,,,,,,,,,,,,,,,,,,,
82462,80632,,2,,,,,,,,,,,,,csv.stage.dg,,,,,,,,,,,,,,,,,,,,,
82463,80632,,3,,,,,,,,,,,,,csv.stage.dg,,,,,,,,,,,,,,,,,,,,,
82464,80632,,4,,,,,,,,,,,,,csv.stage.dg,,,,,,,,,,,,,,,,,,,,,
82465,80632,,5,,,,,,,,,,,,,csv.stage.dg,,,,,,,,,,,,,,,,,,,,,
82466,80632,,6,,,,,,,,,,,,,csv.stage.dg,,,,,,,,,,,,,,,,,,,,,
82467,80632,,7,,,,,,,,,,,,,csv.stage.dg,,,,,,,,,,,,,,,,,,,,,
82468,80632,,8,,,,,,,,,,,,,csv.stage.dg,,,,,,,,,,,,,,,,,,,,,
82469,80632,,9,,,,,,,,,,,,,csv.stage.dg,,,,,,,,,,,,,,,,,,,,,
82470,80632,,10,,,,,,,,,,,,,csv.stage.dg,,,,,,,,,,,,,,,,,,,,,
82471,80632,,11,,,,,,,,,,,,,csv.stage.dg,,,,,,,,,,,,,,,,,,,,,
82472,80632,,12,,,,,,,,,,,,,csv.stage.dg,,,,,,,,,,,,,,,,,,,,,
82473,80633,,1,<291903;291931;291503;292242;306331;290572>,,,,,,,,,,,,csv.stage.dg,,,,,,,,,,,,,,,,,,,,,
82474,80633,,2,,,,,,,,,,,,,csv.stage.dg,,,,,,,,,,,,,,,,,,,,,
82475,80633,,3,,,,,,,,,,,,,csv.stage.dg,,,,,,,,,,,,,,,,,,,,,
82476,80633,,4,,,,,,,,,,,,,csv.stage.dg,,,,,,,,,,,,,,,,,,,,,
82477,80633,,5,,,,,,,,,,,,,csv.stage.dg,,,,,,,,,,,,,,,,,,,,,
82478,80633,,6,,,,,,,,,,,,,csv.stage.dg,,,,,,,,,,,,,,,,,,,,,
82479,80633,,7,,,,,,,,,,,,,csv.stage.dg,,,,,,,,,,,,,,,,,,,,,
82480,80633,,8,,,,,,,,,,,,,csv.stage.dg,,,,,,,,,,,,,,,,,,,,,
82481,80633,,9,,,,,,,,,,,,,csv.stage.dg,,,,,,,,,,,,,,,,,,,,,
82482,80633,,10,,,,,,,,,,,,,csv.stage.dg,,,,,,,,,,,,,,,,,,,,,
82483,80633,,11,,,,,,,,,,,,,csv.stage.dg,,,,,,,,,,,,,,,,,,,,,
82484,80633,,12,,,,,,,,,,,,,csv.stage.dg,,,,,,,,,,,,,,,,,,,,,
82485,80634,,1,<293771;293771;293771;293771;306341;293771>,,,,,,,,,,,,csv.stage.dg,,,,,,,,,,,,,,,,,,,,,
82486,80634,,2,,,,,,,,,,,,,csv.stage.dg,,,,,,,,,,,,,,,,,,,,,
82487,80634,,3,,,,,,,,,,,,,csv.stage.dg,,,,,,,,,,,,,,,,,,,,,
82488,80634,,4,,,,,,,,,,,,,csv.stage.dg,,,,,,,,,,,,,,,,,,,,,
82489,80634,,5,,,,,,,,,,,,,csv.stage.dg,,,,,,,,,,,,,,,,,,,,,
82490,80634,,6,,,,,,,,,,,,,csv.stage.dg,,,,,,,,,,,,,,,,,,,,,
82491,80634,,7,,,,,,,,,,,,,csv.stage.dg,,,,,,,,,,,,,,,,,,,,,
82492,80634,,8,,,,,,,,,,,,,csv.stage.dg,,,,,,,,,,,,,,,,,,,,,
82493,80634,,9,,,,,,,,,,,,,csv.stage.dg,,,,,,,,,,,,,,,,,,,,,
82494,80634,,10,,,,,,,,,,,,,csv.stage.dg,,,,,,,,,,,,,,,,,,,,,
82495,80634,,11,,,,,,,,,,,,,csv.stage.dg,,,,,,,,,,,,,,,,,,,,,
82496,80634,,12,,,,,,,,,,,,,csv.stage.dg,,,,,,,,,,,,,,,,,,,,,
82497,80635,,1,,,,,,,,,,,,,csv.stage.dg,,,,,,,,,,,,,,,,,,,,,
82498,80635,,2,,,,,,,,,,,,,csv.stage.dg,,,,,,,,,,,,,,,,,,,,,
82499,80635,,3,,,,,,,,,,,,,csv.stage.dg,,,,,,,,,,,,,,,,,,,,,
82500,80635,,4,,,,,,,,,,,,,csv.stage.dg,,,,,,,,,,,,,,,,,,,,,
82501,80635,,5,,,,,,,,,,,,,csv.stage.dg,,,,,,,,,,,,,,,,,,,,,
82502,80635,,6,,,,,,,,,,,,,csv.stage.dg,,,,,,,,,,,,,,,,,,,,,
82503,80635,,7,,,,,,,,,,,,,csv.stage.dg,,,,,,,,,,,,,,,,,,,,,
82504,80635,,8,,,,,,,,,,,,,csv.stage.dg,,,,,,,,,,,,,,,,,,,,,
82505,80635,,9,,,,,,,,,,,,,csv.stage.dg,,,,,,,,,,,,,,,,,,,,,
82506,80635,,10,,,,,,,,,,,,,csv.stage.dg,,,,,,,,,,,,,,,,,,,,,
82507,80635,,11,,,,,,,,,,,,,csv.stage.dg,,,,,,,,,,,,,,,,,,,,,
82508,80635,,12,,,,,,,,,,,,,csv.stage.dg,,,,,,,,,,,,,,,,,,,,,
82509,80636,,1,,,,,,,,,,,,,csv.stage.dg,,,,,,,,,,,,,,,,,,,,,
82510,80636,,2,,,,,,,,,,,,,csv.stage.dg,,,,,,,,,,,,,,,,,,,,,
82511,80636,,3,,,,,,,,,,,,,csv.stage.dg,,,,,,,,,,,,,,,,,,,,,
82512,80636,,4,,,,,,,,,,,,,csv.stage.dg,,,,,,,,,,,,,,,,,,,,,
82513,80636,,5,,,,,,,,,,,,,csv.stage.dg,,,,,,,,,,,,,,,,,,,,,
82514,80636,,6,,,,,,,,,,,,,csv.stage.dg,,,,,,,,,,,,,,,,,,,,,
82515,80636,,7,,,,,,,,,,,,,csv.stage.dg,,,,,,,,,,,,,,,,,,,,,
82516,80636,,8,,,,,,,,,,,,,csv.stage.dg,,,,,,,,,,,,,,,,,,,,,
82517,80636,,9,,,,,,,,,,,,,csv.stage.dg,,,,,,,,,,,,,,,,,,,,,
82518,80636,,10,,,,,,,,,,,,,csv.stage.dg,,,,,,,,,,,,,,,,,,,,,
82519,80636,,11,,,,,,,,,,,,,csv.stage.dg,,,,,,,,,,,,,,,,,,,,,
82520,80636,,12,,,,,,,,,,,,,csv.stage.dg,,,,,,,,,,,,,,,,,,,,,
82521,80641,,1,<0;306411;0;291503;291503;291503>,,,,,,,,,,,,csv.stage.dg,,,,,,,,,,,,,,,,,,,,,
82522,80641,,2,,,,,,,,,,,,,csv.stage.dg,,,,,,,,,,,,,,,,,,,,,
82523,80641,,3,,,,,,,,,,,,,csv.stage.dg,,,,,,,,,,,,,,,,,,,,,
82524,80641,,4,,,,,,,,,,,,,csv.stage.dg,,,,,,,,,,,,,,,,,,,,,
82525,80641,,5,,,,,,,,,,,,,csv.stage.dg,,,,,,,,,,,,,,,,,,,,,
82526,80641,,6,,,,,,,,,,,,,csv.stage.dg,,,,,,,,,,,,,,,,,,,,,
82527,80641,,7,,,,,,,,,,,,,csv.stage.dg,,,,,,,,,,,,,,,,,,,,,
82528,80641,,8,,,,,,,,,,,,,csv.stage.dg,,,,,,,,,,,,,,,,,,,,,
82529,80641,,9,,,,,,,,,,,,,csv.stage.dg,,,,,,,,,,,,,,,,,,,,,
82530,80641,,10,,,,,,,,,,,,,csv.stage.dg,,,,,,,,,,,,,,,,,,,,,
82531,80641,,11,,,,,,,,,,,,,csv.stage.dg,,,,,,,,,,,,,,,,,,,,,
82532,80641,,12,,,,,,,,,,,,,csv.stage.dg,,,,,,,,,,,,,,,,,,,,,
82533,80642,,1,<291071;293151;291071;290571;306421;290572>,,,,,,,,,,,,csv.stage.dg,,,,,,,,,,,,,,,,,,,,,
82534,80642,,2,,,,,,,,,,,,,csv.stage.dg,,,,,,,,,,,,,,,,,,,,,
82535,80642,,3,,,,,,,,,,,,,csv.stage.dg,,,,,,,,,,,,,,,,,,,,,
82536,80642,,4,,,,,,,,,,,,,csv.stage.dg,,,,,,,,,,,,,,,,,,,,,
82537,80642,,5,,,,,,,,,,,,,csv.stage.dg,,,,,,,,,,,,,,,,,,,,,
82538,80642,,6,,,,,,,,,,,,,csv.stage.dg,,,,,,,,,,,,,,,,,,,,,
82539,80642,,7,,,,,,,,,,,,,csv.stage.dg,,,,,,,,,,,,,,,,,,,,,
82540,80642,,8,,,,,,,,,,,,,csv.stage.dg,,,,,,,,,,,,,,,,,,,,,
82541,80642,,9,,,,,,,,,,,,,csv.stage.dg,,,,,,,,,,,,,,,,,,,,,
82542,80642,,10,,,,,,,,,,,,,csv.stage.dg,,,,,,,,,,,,,,,,,,,,,
82543,80642,,11,,,,,,,,,,,,,csv.stage.dg,,,,,,,,,,,,,,,,,,,,,
82544,80642,,12,,,,,,,,,,,,,csv.stage.dg,,,,,,,,,,,,,,,,,,,,,
82545,80643,,1,<297151;290397;293772;294031;306431;294132>,,,,,,,,,,,,csv.stage.dg,,,,,,<294172;294023;297081;291504;292351;294111>,,,,,,,<294051;293271;291072;290574;294041;293152>,5,,,,,,,
82546,80643,,2,,,,,,,,,,,,,csv.stage.dg,,,,,,,,,,,,,,,,,,,,,
82547,80643,,3,,,,,,,,,,,,,csv.stage.dg,,,,,,,,,,,,,,,,,,,,,
82548,80643,,4,,,,,,,,,,,,,csv.stage.dg,,,,,,,,,,,,,,,,,,,,,
82549,80643,,5,,,,,,,,,,,,,csv.stage.dg,,,,,,,,,,,,,,,,,,,,,
82550,80643,,6,,,,,,,,,,,,,csv.stage.dg,,,,,,,,,,,,,,,,,,,,,
82551,80643,,7,,,,,,,,,,,,,csv.stage.dg,,,,,,,,,,,,,,,,,,,,,
82552,80643,,8,,,,,,,,,,,,,csv.stage.dg,,,,,,,,,,,,,,,,,,,,,
82553,80643,,9,,,,,,,,,,,,,csv.stage.dg,,,,,,,,,,,,,,,,,,,,,
82554,80643,,10,,,,,,,,,,,,,csv.stage.dg,,,,,,,,,,,,,,,,,,,,,
82555,80643,,11,,,,,,,,,,,,,csv.stage.dg,,,,,,,,,,,,,,,,,,,,,
82556,80643,,12,,,,,,,,,,,,,csv.stage.dg,,,,,,,,,,,,,,,,,,,,,
82557,80644,,1,<294172;294172;294172;0;306441;0>,,,,,,,,,,,,csv.stage.dg,,,,,,,,,,,,,,,,,,,,,
82558,80644,,2,,,,,,,,,,,,,csv.stage.dg,,,,,,,,,,,,,,,,,,,,,
82559,80644,,3,,,,,,,,,,,,,csv.stage.dg,,,,,,,,,,,,,,,,,,,,,
82560,80644,,4,,,,,,,,,,,,,csv.stage.dg,,,,,,,,,,,,,,,,,,,,,
82561,80644,,5,,,,,,,,,,,,,csv.stage.dg,,,,,,,,,,,,,,,,,,,,,
82562,80644,,6,,,,,,,,,,,,,csv.stage.dg,,,,,,,,,,,,,,,,,,,,,
82563,80644,,7,,,,,,,,,,,,,csv.stage.dg,,,,,,,,,,,,,,,,,,,,,
82564,80644,,8,,,,,,,,,,,,,csv.stage.dg,,,,,,,,,,,,,,,,,,,,,
82565,80644,,9,,,,,,,,,,,,,csv.stage.dg,,,,,,,,,,,,,,,,,,,,,
82566,80644,,10,,,,,,,,,,,,,csv.stage.dg,,,,,,,,,,,,,,,,,,,,,
82567,80644,,11,,,,,,,,,,,,,csv.stage.dg,,,,,,,,,,,,,,,,,,,,,
82568,80644,,12,,,,,,,,,,,,,csv.stage.dg,,,,,,,,,,,,,,,,,,,,,
82569,80645,,1,<293271;293271;293271;293271;306451;293271>,,,,,,,,,,,,csv.stage.dg,,,,,,,,,,,,,,,,,,,,,
82570,80645,,2,,,,,,,,,,,,,csv.stage.dg,,,,,,,,,,,,,,,,,,,,,
82571,80645,,3,,,,,,,,,,,,,csv.stage.dg,,,,,,,,,,,,,,,,,,,,,
82572,80645,,4,,,,,,,,,,,,,csv.stage.dg,,,,,,,,,,,,,,,,,,,,,
82573,80645,,5,,,,,,,,,,,,,csv.stage.dg,,,,,,,,,,,,,,,,,,,,,
82574,80645,,6,,,,,,,,,,,,,csv.stage.dg,,,,,,,,,,,,,,,,,,,,,
82575,80645,,7,,,,,,,,,,,,,csv.stage.dg,,,,,,,,,,,,,,,,,,,,,
82576,80645,,8,,,,,,,,,,,,,csv.stage.dg,,,,,,,,,,,,,,,,,,,,,
82577,80645,,9,,,,,,,,,,,,,csv.stage.dg,,,,,,,,,,,,,,,,,,,,,
82578,80645,,10,,,,,,,,,,,,,csv.stage.dg,,,,,,,,,,,,,,,,,,,,,
82579,80645,,11,,,,,,,,,,,,,csv.stage.dg,,,,,,,,,,,,,,,,,,,,,
82580,80645,,12,,,,,,,,,,,,,csv.stage.dg,,,,,,,,,,,,,,,,,,,,,
82581,80646,,1,,,,,,,,,,,,,csv.stage.dg,,,,,,,,,,,,,,,,,,,,,
82582,80646,,2,,,,,,,,,,,,,csv.stage.dg,,,,,,,,,,,,,,,,,,,,,
82583,80646,,3,,,,,,,,,,,,,csv.stage.dg,,,,,,,,,,,,,,,,,,,,,
82584,80646,,4,,,,,,,,,,,,,csv.stage.dg,,,,,,,,,,,,,,,,,,,,,
82585,80646,,5,,,,,,,,,,,,,csv.stage.dg,,,,,,,,,,,,,,,,,,,,,
82586,80646,,6,,,,,,,,,,,,,csv.stage.dg,,,,,,,,,,,,,,,,,,,,,
82587,80646,,7,,,,,,,,,,,,,csv.stage.dg,,,,,,,,,,,,,,,,,,,,,
82588,80646,,8,,,,,,,,,,,,,csv.stage.dg,,,,,,,,,,,,,,,,,,,,,
82589,80646,,9,,,,,,,,,,,,,csv.stage.dg,,,,,,,,,,,,,,,,,,,,,
82590,80646,,10,,,,,,,,,,,,,csv.stage.dg,,,,,,,,,,,,,,,,,,,,,
82591,80646,,11,,,,,,,,,,,,,csv.stage.dg,,,,,,,,,,,,,,,,,,,,,
82592,80646,,12,,,,,,,,,,,,,csv.stage.dg,,,,,,,,,,,,,,,,,,,,,
82593,80651,,1,<290333;294172;293413;293271;306511;290574>,,,,,,,,,,,,csv.stage.dg,,,,,,,,,,,,,,,,,,,,,
82594,80651,,2,,,,,,,,,,,,,csv.stage.dg,,,,,,,,,,,,,,,,,,,,,
82595,80651,,3,,,,,,,,,,,,,csv.stage.dg,,,,,,,,,,,,,,,,,,,,,
82596,80651,,4,,,,,,,,,,,,,csv.stage.dg,,,,,,,,,,,,,,,,,,,,,
82597,80651,,5,,,,,,,,,,,,,csv.stage.dg,,,,,,,,,,,,,,,,,,,,,
82598,80651,,6,,,,,,,,,,,,,csv.stage.dg,,,,,,,,,,,,,,,,,,,,,
82599,80651,,7,,,,,,,,,,,,,csv.stage.dg,,,,,,,,,,,,,,,,,,,,,
82600,80651,,8,,,,,,,,,,,,,csv.stage.dg,,,,,,,,,,,,,,,,,,,,,
82601,80651,,9,,,,,,,,,,,,,csv.stage.dg,,,,,,,,,,,,,,,,,,,,,
82602,80651,,10,,,,,,,,,,,,,csv.stage.dg,,,,,,,,,,,,,,,,,,,,,
82603,80651,,11,,,,,,,,,,,,,csv.stage.dg,,,,,,,,,,,,,,,,,,,,,
82604,80651,,12,,,,,,,,,,,,,csv.stage.dg,,,,,,,,,,,,,,,,,,,,,
82605,80701,,1,<290552;290261;291901;290131;307011;290132>,,,,,,,,,,,,csv.stage.xxdg,,,,,,,,,,,,,,,,,,,,,
82606,80701,,2,,,,,,,,,,,,,csv.stage.xxdg,,,,,,,,,,,,,,,,,,,,,
82607,80701,,3,,,,,,,,,,,,,csv.stage.xxdg,,,,,,,,,,,,,,,,,,,,,
82608,80701,,4,,,,,,,,,,,,,csv.stage.xxdg,,,,,,,,,,,,,,,,,,,,,
82609,80701,,5,,,,,,,,,,,,,csv.stage.xxdg,,,,,,,,,,,,,,,,,,,,,
82610,80701,,6,,,,,,,,,,,,,csv.stage.xxdg,,,,,,,,,,,,,,,,,,,,,
82611,80701,,7,,,,,,,,,,,,,csv.stage.xxdg,,,,,,,,,,,,,,,,,,,,,
82612,80701,,8,,,,,,,,,,,,,csv.stage.xxdg,,,,,,,,,,,,,,,,,,,,,
82613,80701,,9,,,,,,,,,,,,,csv.stage.xxdg,,,,,,,,,,,,,,,,,,,,,
82614,80701,,10,,,,,,,,,,,,,csv.stage.xxdg,,,,,,,,,,,,,,,,,,,,,
82615,80701,,11,,,,,,,,,,,,,csv.stage.xxdg,,,,,,,,,,,,,,,,,,,,,
82616,80701,,12,,,,,,,,,,,,,csv.stage.xxdg,,,,,,,,,,,,,,,,,,,,,
82617,80702,,1,<290892;290891;290893;291391;307021;290151>,,,,,,,,,,,,csv.stage.xxdg,,,,,,,,,,,,,,,,,,,,,
82618,80702,,2,,,,,,,,,,,,,csv.stage.xxdg,,,,,,,,,,,,,,,,,,,,,
82619,80702,,3,,,,,,,,,,,,,csv.stage.xxdg,,,,,,,,,,,,,,,,,,,,,
82620,80702,,4,,,,,,,,,,,,,csv.stage.xxdg,,,,,,,,,,,,,,,,,,,,,
82621,80702,,5,,,,,,,,,,,,,csv.stage.xxdg,,,,,,,,,,,,,,,,,,,,,
82622,80702,,6,,,,,,,,,,,,,csv.stage.xxdg,,,,,,,,,,,,,,,,,,,,,
82623,80702,,7,,,,,,,,,,,,,csv.stage.xxdg,,,,,,,,,,,,,,,,,,,,,
82624,80702,,8,,,,,,,,,,,,,csv.stage.xxdg,,,,,,,,,,,,,,,,,,,,,
82625,80702,,9,,,,,,,,,,,,,csv.stage.xxdg,,,,,,,,,,,,,,,,,,,,,
82626,80702,,10,,,,,,,,,,,,,csv.stage.xxdg,,,,,,,,,,,,,,,,,,,,,
82627,80702,,11,,,,,,,,,,,,,csv.stage.xxdg,,,,,,,,,,,,,,,,,,,,,
82628,80702,,12,,,,,,,,,,,,,csv.stage.xxdg,,,,,,,,,,,,,,,,,,,,,
82629,80703,,1,<290153;290262;292841;290552;307031;293293>,,,,,,,,,,,,csv.stage.xxdg,,,,,,,,,,,,,,,,,,,,,
82630,80703,,2,,,,,,,,,,,,,csv.stage.xxdg,,,,,,,,,,,,,,,,,,,,,
82631,80703,,3,,,,,,,,,,,,,csv.stage.xxdg,,,,,,,,,,,,,,,,,,,,,
82632,80703,,4,,,,,,,,,,,,,csv.stage.xxdg,,,,,,,,,,,,,,,,,,,,,
82633,80703,,5,,,,,,,,,,,,,csv.stage.xxdg,,,,,,,,,,,,,,,,,,,,,
82634,80703,,6,,,,,,,,,,,,,csv.stage.xxdg,,,,,,,,,,,,,,,,,,,,,
82635,80703,,7,,,,,,,,,,,,,csv.stage.xxdg,,,,,,,,,,,,,,,,,,,,,
82636,80703,,8,,,,,,,,,,,,,csv.stage.xxdg,,,,,,,,,,,,,,,,,,,,,
82637,80703,,9,,,,,,,,,,,,,csv.stage.xxdg,,,,,,,,,,,,,,,,,,,,,
82638,80703,,10,,,,,,,,,,,,,csv.stage.xxdg,,,,,,,,,,,,,,,,,,,,,
82639,80703,,11,,,,,,,,,,,,,csv.stage.xxdg,,,,,,,,,,,,,,,,,,,,,
82640,80703,,12,,,,,,,,,,,,,csv.stage.xxdg,,,,,,,,,,,,,,,,,,,,,
82641,80704,,1,,,,,,,,,,,,,csv.stage.xxdg,,,,,,,,,,,,,,,,,,,,,
82642,80704,,2,,,,,,,,,,,,,csv.stage.xxdg,,,,,,,,,,,,,,,,,,,,,
82643,80704,,3,,,,,,,,,,,,,csv.stage.xxdg,,,,,,,,,,,,,,,,,,,,,
82644,80704,,4,,,,,,,,,,,,,csv.stage.xxdg,,,,,,,,,,,,,,,,,,,,,
82645,80704,,5,,,,,,,,,,,,,csv.stage.xxdg,,,,,,,,,,,,,,,,,,,,,
82646,80704,,6,,,,,,,,,,,,,csv.stage.xxdg,,,,,,,,,,,,,,,,,,,,,
82647,80704,,7,,,,,,,,,,,,,csv.stage.xxdg,,,,,,,,,,,,,,,,,,,,,
82648,80704,,8,,,,,,,,,,,,,csv.stage.xxdg,,,,,,,,,,,,,,,,,,,,,
82649,80704,,9,,,,,,,,,,,,,csv.stage.xxdg,,,,,,,,,,,,,,,,,,,,,
82650,80704,,10,,,,,,,,,,,,,csv.stage.xxdg,,,,,,,,,,,,,,,,,,,,,
82651,80704,,11,,,,,,,,,,,,,csv.stage.xxdg,,,,,,,,,,,,,,,,,,,,,
82652,80704,,12,,,,,,,,,,,,,csv.stage.xxdg,,,,,,,,,,,,,,,,,,,,,
82653,80705,,1,,,,,,,,,,,,,csv.stage.xxdg,,,,,,,,,,,,,,,,,,,,,
82654,80705,,2,,,,,,,,,,,,,csv.stage.xxdg,,,,,,,,,,,,,,,,,,,,,
82655,80705,,3,,,,,,,,,,,,,csv.stage.xxdg,,,,,,,,,,,,,,,,,,,,,
82656,80705,,4,,,,,,,,,,,,,csv.stage.xxdg,,,,,,,,,,,,,,,,,,,,,
82657,80705,,5,,,,,,,,,,,,,csv.stage.xxdg,,,,,,,,,,,,,,,,,,,,,
82658,80705,,6,,,,,,,,,,,,,csv.stage.xxdg,,,,,,,,,,,,,,,,,,,,,
82659,80705,,7,,,,,,,,,,,,,csv.stage.xxdg,,,,,,,,,,,,,,,,,,,,,
82660,80705,,8,,,,,,,,,,,,,csv.stage.xxdg,,,,,,,,,,,,,,,,,,,,,
82661,80705,,9,,,,,,,,,,,,,csv.stage.xxdg,,,,,,,,,,,,,,,,,,,,,
82662,80705,,10,,,,,,,,,,,,,csv.stage.xxdg,,,,,,,,,,,,,,,,,,,,,
82663,80705,,11,,,,,,,,,,,,,csv.stage.xxdg,,,,,,,,,,,,,,,,,,,,,
82664,80705,,12,,,,,,,,,,,,,csv.stage.xxdg,,,,,,,,,,,,,,,,,,,,,
82665,80706,,1,,,,,,,,,,,,,csv.stage.xxdg,,,,,,,,,,,,,,,,,,,,,
82666,80706,,2,,,,,,,,,,,,,csv.stage.xxdg,,,,,,,,,,,,,,,,,,,,,
82667,80706,,3,,,,,,,,,,,,,csv.stage.xxdg,,,,,,,,,,,,,,,,,,,,,
82668,80706,,4,,,,,,,,,,,,,csv.stage.xxdg,,,,,,,,,,,,,,,,,,,,,
82669,80706,,5,,,,,,,,,,,,,csv.stage.xxdg,,,,,,,,,,,,,,,,,,,,,
82670,80706,,6,,,,,,,,,,,,,csv.stage.xxdg,,,,,,,,,,,,,,,,,,,,,
82671,80706,,7,,,,,,,,,,,,,csv.stage.xxdg,,,,,,,,,,,,,,,,,,,,,
82672,80706,,8,,,,,,,,,,,,,csv.stage.xxdg,,,,,,,,,,,,,,,,,,,,,
82673,80706,,9,,,,,,,,,,,,,csv.stage.xxdg,,,,,,,,,,,,,,,,,,,,,
82674,80706,,10,,,,,,,,,,,,,csv.stage.xxdg,,,,,,,,,,,,,,,,,,,,,
82675,80706,,11,,,,,,,,,,,,,csv.stage.xxdg,,,,,,,,,,,,,,,,,,,,,
82676,80706,,12,,,,,,,,,,,,,csv.stage.xxdg,,,,,,,,,,,,,,,,,,,,,
82677,80711,,1,<290263;292843;290771;291391;307111;291393>,,,,,,,,,,,,csv.stage.xxdg,,,,,,,,,,,,,,,,,,,,,
82678,80711,,2,,,,,,,,,,,,,csv.stage.xxdg,,,,,,,,,,,,,,,,,,,,,
82679,80711,,3,,,,,,,,,,,,,csv.stage.xxdg,,,,,,,,,,,,,,,,,,,,,
82680,80711,,4,,,,,,,,,,,,,csv.stage.xxdg,,,,,,,,,,,,,,,,,,,,,
82681,80711,,5,,,,,,,,,,,,,csv.stage.xxdg,,,,,,,,,,,,,,,,,,,,,
82682,80711,,6,,,,,,,,,,,,,csv.stage.xxdg,,,,,,,,,,,,,,,,,,,,,
82683,80711,,7,,,,,,,,,,,,,csv.stage.xxdg,,,,,,,,,,,,,,,,,,,,,
82684,80711,,8,,,,,,,,,,,,,csv.stage.xxdg,,,,,,,,,,,,,,,,,,,,,
82685,80711,,9,,,,,,,,,,,,,csv.stage.xxdg,,,,,,,,,,,,,,,,,,,,,
82686,80711,,10,,,,,,,,,,,,,csv.stage.xxdg,,,,,,,,,,,,,,,,,,,,,
82687,80711,,11,,,,,,,,,,,,,csv.stage.xxdg,,,,,,,,,,,,,,,,,,,,,
82688,80711,,12,,,,,,,,,,,,,csv.stage.xxdg,,,,,,,,,,,,,,,,,,,,,
82689,80712,,1,<0;0;0;290771;307121;290771>,,,,,,,,,,,,csv.stage.xxdg,,,,,,,,,,,,,,,,,,,,,
82690,80712,,2,,,,,,,,,,,,,csv.stage.xxdg,,,,,,,,,,,,,,,,,,,,,
82691,80712,,3,,,,,,,,,,,,,csv.stage.xxdg,,,,,,,,,,,,,,,,,,,,,
82692,80712,,4,,,,,,,,,,,,,csv.stage.xxdg,,,,,,,,,,,,,,,,,,,,,
82693,80712,,5,,,,,,,,,,,,,csv.stage.xxdg,,,,,,,,,,,,,,,,,,,,,
82694,80712,,6,,,,,,,,,,,,,csv.stage.xxdg,,,,,,,,,,,,,,,,,,,,,
82695,80712,,7,,,,,,,,,,,,,csv.stage.xxdg,,,,,,,,,,,,,,,,,,,,,
82696,80712,,8,,,,,,,,,,,,,csv.stage.xxdg,,,,,,,,,,,,,,,,,,,,,
82697,80712,,9,,,,,,,,,,,,,csv.stage.xxdg,,,,,,,,,,,,,,,,,,,,,
82698,80712,,10,,,,,,,,,,,,,csv.stage.xxdg,,,,,,,,,,,,,,,,,,,,,
82699,80712,,11,,,,,,,,,,,,,csv.stage.xxdg,,,,,,,,,,,,,,,,,,,,,
82700,80712,,12,,,,,,,,,,,,,csv.stage.xxdg,,,,,,,,,,,,,,,,,,,,,
82701,80713,,1,,,,,,,,,,,,,csv.stage.xxdg,,,,,,,,,,,,,,,,,,,,,
82702,80713,,2,,,,,,,,,,,,,csv.stage.xxdg,,,,,,,,,,,,,,,,,,,,,
82703,80713,,3,,,,,,,,,,,,,csv.stage.xxdg,,,,,,,,,,,,,,,,,,,,,
82704,80713,,4,,,,,,,,,,,,,csv.stage.xxdg,,,,,,,,,,,,,,,,,,,,,
82705,80713,,5,,,,,,,,,,,,,csv.stage.xxdg,,,,,,,,,,,,,,,,,,,,,
82706,80713,,6,,,,,,,,,,,,,csv.stage.xxdg,,,,,,,,,,,,,,,,,,,,,
82707,80713,,7,,,,,,,,,,,,,csv.stage.xxdg,,,,,,,,,,,,,,,,,,,,,
82708,80713,,8,,,,,,,,,,,,,csv.stage.xxdg,,,,,,,,,,,,,,,,,,,,,
82709,80713,,9,,,,,,,,,,,,,csv.stage.xxdg,,,,,,,,,,,,,,,,,,,,,
82710,80713,,10,,,,,,,,,,,,,csv.stage.xxdg,,,,,,,,,,,,,,,,,,,,,
82711,80713,,11,,,,,,,,,,,,,csv.stage.xxdg,,,,,,,,,,,,,,,,,,,,,
82712,80713,,12,,,,,,,,,,,,,csv.stage.xxdg,,,,,,,,,,,,,,,,,,,,,
82713,80714,,1,,,,,,,,,,,,,csv.stage.xxdg,,,,,,,,,,,,,,,,,,,,,
82714,80714,,2,,,,,,,,,,,,,csv.stage.xxdg,,,,,,,,,,,,,,,,,,,,,
82715,80714,,3,,,,,,,,,,,,,csv.stage.xxdg,,,,,,,,,,,,,,,,,,,,,
82716,80714,,4,,,,,,,,,,,,,csv.stage.xxdg,,,,,,,,,,,,,,,,,,,,,
82717,80714,,5,,,,,,,,,,,,,csv.stage.xxdg,,,,,,,,,,,,,,,,,,,,,
82718,80714,,6,,,,,,,,,,,,,csv.stage.xxdg,,,,,,,,,,,,,,,,,,,,,
82719,80714,,7,,,,,,,,,,,,,csv.stage.xxdg,,,,,,,,,,,,,,,,,,,,,
82720,80714,,8,,,,,,,,,,,,,csv.stage.xxdg,,,,,,,,,,,,,,,,,,,,,
82721,80714,,9,,,,,,,,,,,,,csv.stage.xxdg,,,,,,,,,,,,,,,,,,,,,
82722,80714,,10,,,,,,,,,,,,,csv.stage.xxdg,,,,,,,,,,,,,,,,,,,,,
82723,80714,,11,,,,,,,,,,,,,csv.stage.xxdg,,,,,,,,,,,,,,,,,,,,,
82724,80714,,12,,,,,,,,,,,,,csv.stage.xxdg,,,,,,,,,,,,,,,,,,,,,
82725,80715,,1,,,,,,,,,,,,,csv.stage.xxdg,,,,,,,,,,,,,,,,,,,,,
82726,80715,,2,,,,,,,,,,,,,csv.stage.xxdg,,,,,,,,,,,,,,,,,,,,,
82727,80715,,3,,,,,,,,,,,,,csv.stage.xxdg,,,,,,,,,,,,,,,,,,,,,
82728,80715,,4,,,,,,,,,,,,,csv.stage.xxdg,,,,,,,,,,,,,,,,,,,,,
82729,80715,,5,,,,,,,,,,,,,csv.stage.xxdg,,,,,,,,,,,,,,,,,,,,,
82730,80715,,6,,,,,,,,,,,,,csv.stage.xxdg,,,,,,,,,,,,,,,,,,,,,
82731,80715,,7,,,,,,,,,,,,,csv.stage.xxdg,,,,,,,,,,,,,,,,,,,,,
82732,80715,,8,,,,,,,,,,,,,csv.stage.xxdg,,,,,,,,,,,,,,,,,,,,,
82733,80715,,9,,,,,,,,,,,,,csv.stage.xxdg,,,,,,,,,,,,,,,,,,,,,
82734,80715,,10,,,,,,,,,,,,,csv.stage.xxdg,,,,,,,,,,,,,,,,,,,,,
82735,80715,,11,,,,,,,,,,,,,csv.stage.xxdg,,,,,,,,,,,,,,,,,,,,,
82736,80715,,12,,,,,,,,,,,,,csv.stage.xxdg,,,,,,,,,,,,,,,,,,,,,
82737,80716,,1,,,,,,,,,,,,,csv.stage.xxdg,,,,,,,,,,,,,,,,,,,,,
82738,80716,,2,,,,,,,,,,,,,csv.stage.xxdg,,,,,,,,,,,,,,,,,,,,,
82739,80716,,3,,,,,,,,,,,,,csv.stage.xxdg,,,,,,,,,,,,,,,,,,,,,
82740,80716,,4,,,,,,,,,,,,,csv.stage.xxdg,,,,,,,,,,,,,,,,,,,,,
82741,80716,,5,,,,,,,,,,,,,csv.stage.xxdg,,,,,,,,,,,,,,,,,,,,,
82742,80716,,6,,,,,,,,,,,,,csv.stage.xxdg,,,,,,,,,,,,,,,,,,,,,
82743,80716,,7,,,,,,,,,,,,,csv.stage.xxdg,,,,,,,,,,,,,,,,,,,,,
82744,80716,,8,,,,,,,,,,,,,csv.stage.xxdg,,,,,,,,,,,,,,,,,,,,,
82745,80716,,9,,,,,,,,,,,,,csv.stage.xxdg,,,,,,,,,,,,,,,,,,,,,
82746,80716,,10,,,,,,,,,,,,,csv.stage.xxdg,,,,,,,,,,,,,,,,,,,,,
82747,80716,,11,,,,,,,,,,,,,csv.stage.xxdg,,,,,,,,,,,,,,,,,,,,,
82748,80716,,12,,,,,,,,,,,,,csv.stage.xxdg,,,,,,,,,,,,,,,,,,,,,
82749,80721,,1,<290761;290761;290761;290761;307211;290761>,,,,,,,,,,,,csv.stage.xxdg,,,,,,,,,,,,,,,,,,,,,
82750,80721,,2,,,,,,,,,,,,,csv.stage.xxdg,,,,,,,,,,,,,,,,,,,,,
82751,80721,,3,,,,,,,,,,,,,csv.stage.xxdg,,,,,,,,,,,,,,,,,,,,,
82752,80721,,4,,,,,,,,,,,,,csv.stage.xxdg,,,,,,,,,,,,,,,,,,,,,
82753,80721,,5,,,,,,,,,,,,,csv.stage.xxdg,,,,,,,,,,,,,,,,,,,,,
82754,80721,,6,,,,,,,,,,,,,csv.stage.xxdg,,,,,,,,,,,,,,,,,,,,,
82755,80721,,7,,,,,,,,,,,,,csv.stage.xxdg,,,,,,,,,,,,,,,,,,,,,
82756,80721,,8,,,,,,,,,,,,,csv.stage.xxdg,,,,,,,,,,,,,,,,,,,,,
82757,80721,,9,,,,,,,,,,,,,csv.stage.xxdg,,,,,,,,,,,,,,,,,,,,,
82758,80721,,10,,,,,,,,,,,,,csv.stage.xxdg,,,,,,,,,,,,,,,,,,,,,
82759,80721,,11,,,,,,,,,,,,,csv.stage.xxdg,,,,,,,,,,,,,,,,,,,,,
82760,80721,,12,,,,,,,,,,,,,csv.stage.xxdg,,,,,,,,,,,,,,,,,,,,,
82761,80722,,1,<0;0;0;0;307221;0>,,,,,,,,,,,,csv.stage.xxdg,,,,,,,,,,,,,,,,,,,,,
82762,80722,,2,,,,,,,,,,,,,csv.stage.xxdg,,,,,,,,,,,,,,,,,,,,,
82763,80722,,3,,,,,,,,,,,,,csv.stage.xxdg,,,,,,,,,,,,,,,,,,,,,
82764,80722,,4,,,,,,,,,,,,,csv.stage.xxdg,,,,,,,,,,,,,,,,,,,,,
82765,80722,,5,,,,,,,,,,,,,csv.stage.xxdg,,,,,,,,,,,,,,,,,,,,,
82766,80722,,6,,,,,,,,,,,,,csv.stage.xxdg,,,,,,,,,,,,,,,,,,,,,
82767,80722,,7,,,,,,,,,,,,,csv.stage.xxdg,,,,,,,,,,,,,,,,,,,,,
82768,80722,,8,,,,,,,,,,,,,csv.stage.xxdg,,,,,,,,,,,,,,,,,,,,,
82769,80722,,9,,,,,,,,,,,,,csv.stage.xxdg,,,,,,,,,,,,,,,,,,,,,
82770,80722,,10,,,,,,,,,,,,,csv.stage.xxdg,,,,,,,,,,,,,,,,,,,,,
82771,80722,,11,,,,,,,,,,,,,csv.stage.xxdg,,,,,,,,,,,,,,,,,,,,,
82772,80722,,12,,,,,,,,,,,,,csv.stage.xxdg,,,,,,,,,,,,,,,,,,,,,
82773,80723,,1,<293262;293631;293641;291281;307231;291991>,,,,,,,,,,,,csv.stage.xxdg,,,,,,,,,,,,,,,,,,,,,
82774,80723,,2,,,,,,,,,,,,,csv.stage.xxdg,,,,,,,,,,,,,,,,,,,,,
82775,80723,,3,,,,,,,,,,,,,csv.stage.xxdg,,,,,,,,,,,,,,,,,,,,,
82776,80723,,4,,,,,,,,,,,,,csv.stage.xxdg,,,,,,,,,,,,,,,,,,,,,
82777,80723,,5,,,,,,,,,,,,,csv.stage.xxdg,,,,,,,,,,,,,,,,,,,,,
82778,80723,,6,,,,,,,,,,,,,csv.stage.xxdg,,,,,,,,,,,,,,,,,,,,,
82779,80723,,7,,,,,,,,,,,,,csv.stage.xxdg,,,,,,,,,,,,,,,,,,,,,
82780,80723,,8,,,,,,,,,,,,,csv.stage.xxdg,,,,,,,,,,,,,,,,,,,,,
82781,80723,,9,,,,,,,,,,,,,csv.stage.xxdg,,,,,,,,,,,,,,,,,,,,,
82782,80723,,10,,,,,,,,,,,,,csv.stage.xxdg,,,,,,,,,,,,,,,,,,,,,
82783,80723,,11,,,,,,,,,,,,,csv.stage.xxdg,,,,,,,,,,,,,,,,,,,,,
82784,80723,,12,,,,,,,,,,,,,csv.stage.xxdg,,,,,,,,,,,,,,,,,,,,,
82785,80724,,1,,,,,,,,,,,,,csv.stage.xxdg,,,,,,,,,,,,,,,,,,,,,
82786,80724,,2,,,,,,,,,,,,,csv.stage.xxdg,,,,,,,,,,,,,,,,,,,,,
82787,80724,,3,,,,,,,,,,,,,csv.stage.xxdg,,,,,,,,,,,,,,,,,,,,,
82788,80724,,4,,,,,,,,,,,,,csv.stage.xxdg,,,,,,,,,,,,,,,,,,,,,
82789,80724,,5,,,,,,,,,,,,,csv.stage.xxdg,,,,,,,,,,,,,,,,,,,,,
82790,80724,,6,,,,,,,,,,,,,csv.stage.xxdg,,,,,,,,,,,,,,,,,,,,,
82791,80724,,7,,,,,,,,,,,,,csv.stage.xxdg,,,,,,,,,,,,,,,,,,,,,
82792,80724,,8,,,,,,,,,,,,,csv.stage.xxdg,,,,,,,,,,,,,,,,,,,,,
82793,80724,,9,,,,,,,,,,,,,csv.stage.xxdg,,,,,,,,,,,,,,,,,,,,,
82794,80724,,10,,,,,,,,,,,,,csv.stage.xxdg,,,,,,,,,,,,,,,,,,,,,
82795,80724,,11,,,,,,,,,,,,,csv.stage.xxdg,,,,,,,,,,,,,,,,,,,,,
82796,80724,,12,,,,,,,,,,,,,csv.stage.xxdg,,,,,,,,,,,,,,,,,,,,,
82797,80725,,1,,,,,,,,,,,,,csv.stage.xxdg,,,,,,,,,,,,,,,,,,,,,
82798,80725,,2,,,,,,,,,,,,,csv.stage.xxdg,,,,,,,,,,,,,,,,,,,,,
82799,80725,,3,,,,,,,,,,,,,csv.stage.xxdg,,,,,,,,,,,,,,,,,,,,,
82800,80725,,4,,,,,,,,,,,,,csv.stage.xxdg,,,,,,,,,,,,,,,,,,,,,
82801,80725,,5,,,,,,,,,,,,,csv.stage.xxdg,,,,,,,,,,,,,,,,,,,,,
82802,80725,,6,,,,,,,,,,,,,csv.stage.xxdg,,,,,,,,,,,,,,,,,,,,,
82803,80725,,7,,,,,,,,,,,,,csv.stage.xxdg,,,,,,,,,,,,,,,,,,,,,
82804,80725,,8,,,,,,,,,,,,,csv.stage.xxdg,,,,,,,,,,,,,,,,,,,,,
82805,80725,,9,,,,,,,,,,,,,csv.stage.xxdg,,,,,,,,,,,,,,,,,,,,,
82806,80725,,10,,,,,,,,,,,,,csv.stage.xxdg,,,,,,,,,,,,,,,,,,,,,
82807,80725,,11,,,,,,,,,,,,,csv.stage.xxdg,,,,,,,,,,,,,,,,,,,,,
82808,80725,,12,,,,,,,,,,,,,csv.stage.xxdg,,,,,,,,,,,,,,,,,,,,,
82809,80726,,1,,,,,,,,,,,,,csv.stage.xxdg,,,,,,,,,,,,,,,,,,,,,
82810,80726,,2,,,,,,,,,,,,,csv.stage.xxdg,,,,,,,,,,,,,,,,,,,,,
82811,80726,,3,,,,,,,,,,,,,csv.stage.xxdg,,,,,,,,,,,,,,,,,,,,,
82812,80726,,4,,,,,,,,,,,,,csv.stage.xxdg,,,,,,,,,,,,,,,,,,,,,
82813,80726,,5,,,,,,,,,,,,,csv.stage.xxdg,,,,,,,,,,,,,,,,,,,,,
82814,80726,,6,,,,,,,,,,,,,csv.stage.xxdg,,,,,,,,,,,,,,,,,,,,,
82815,80726,,7,,,,,,,,,,,,,csv.stage.xxdg,,,,,,,,,,,,,,,,,,,,,
82816,80726,,8,,,,,,,,,,,,,csv.stage.xxdg,,,,,,,,,,,,,,,,,,,,,
82817,80726,,9,,,,,,,,,,,,,csv.stage.xxdg,,,,,,,,,,,,,,,,,,,,,
82818,80726,,10,,,,,,,,,,,,,csv.stage.xxdg,,,,,,,,,,,,,,,,,,,,,
82819,80726,,11,,,,,,,,,,,,,csv.stage.xxdg,,,,,,,,,,,,,,,,,,,,,
82820,80726,,12,,,,,,,,,,,,,csv.stage.xxdg,,,,,,,,,,,,,,,,,,,,,
82821,80731,,1,<293431;293432;293431;293353;307311;291393>,,,,,,,,,,,,csv.stage.xxdg,,,,,,,,,,,,,,,,,,,,,
82822,80731,,2,,,,,,,,,,,,,csv.stage.xxdg,,,,,,,,,,,,,,,,,,,,,
82823,80731,,3,,,,,,,,,,,,,csv.stage.xxdg,,,,,,,,,,,,,,,,,,,,,
82824,80731,,4,,,,,,,,,,,,,csv.stage.xxdg,,,,,,,,,,,,,,,,,,,,,
82825,80731,,5,,,,,,,,,,,,,csv.stage.xxdg,,,,,,,,,,,,,,,,,,,,,
82826,80731,,6,,,,,,,,,,,,,csv.stage.xxdg,,,,,,,,,,,,,,,,,,,,,
82827,80731,,7,,,,,,,,,,,,,csv.stage.xxdg,,,,,,,,,,,,,,,,,,,,,
82828,80731,,8,,,,,,,,,,,,,csv.stage.xxdg,,,,,,,,,,,,,,,,,,,,,
82829,80731,,9,,,,,,,,,,,,,csv.stage.xxdg,,,,,,,,,,,,,,,,,,,,,
82830,80731,,10,,,,,,,,,,,,,csv.stage.xxdg,,,,,,,,,,,,,,,,,,,,,
82831,80731,,11,,,,,,,,,,,,,csv.stage.xxdg,,,,,,,,,,,,,,,,,,,,,
82832,80731,,12,,,,,,,,,,,,,csv.stage.xxdg,,,,,,,,,,,,,,,,,,,,,
82833,80732,,1,<291261;291261;291261;291261;307321;291261>,,,,,,,,,,,,csv.stage.xxdg,,,,,,,,,,,,,,,,,,,,,
82834,80732,,2,,,,,,,,,,,,,csv.stage.xxdg,,,,,,,,,,,,,,,,,,,,,
82835,80732,,3,,,,,,,,,,,,,csv.stage.xxdg,,,,,,,,,,,,,,,,,,,,,
82836,80732,,4,,,,,,,,,,,,,csv.stage.xxdg,,,,,,,,,,,,,,,,,,,,,
82837,80732,,5,,,,,,,,,,,,,csv.stage.xxdg,,,,,,,,,,,,,,,,,,,,,
82838,80732,,6,,,,,,,,,,,,,csv.stage.xxdg,,,,,,,,,,,,,,,,,,,,,
82839,80732,,7,,,,,,,,,,,,,csv.stage.xxdg,,,,,,,,,,,,,,,,,,,,,
82840,80732,,8,,,,,,,,,,,,,csv.stage.xxdg,,,,,,,,,,,,,,,,,,,,,
82841,80732,,9,,,,,,,,,,,,,csv.stage.xxdg,,,,,,,,,,,,,,,,,,,,,
82842,80732,,10,,,,,,,,,,,,,csv.stage.xxdg,,,,,,,,,,,,,,,,,,,,,
82843,80732,,11,,,,,,,,,,,,,csv.stage.xxdg,,,,,,,,,,,,,,,,,,,,,
82844,80732,,12,,,,,,,,,,,,,csv.stage.xxdg,,,,,,,,,,,,,,,,,,,,,
82845,80733,,1,<291392;291394;291391;291393;307331;291395>,,,,,,,,,,,,csv.stage.xxdg,,,,,,,,,,,,,,,,,,,,,
82846,80733,,2,,,,,,,,,,,,,csv.stage.xxdg,,,,,,,,,,,,,,,,,,,,,
82847,80733,,3,,,,,,,,,,,,,csv.stage.xxdg,,,,,,,,,,,,,,,,,,,,,
82848,80733,,4,,,,,,,,,,,,,csv.stage.xxdg,,,,,,,,,,,,,,,,,,,,,
82849,80733,,5,,,,,,,,,,,,,csv.stage.xxdg,,,,,,,,,,,,,,,,,,,,,
82850,80733,,6,,,,,,,,,,,,,csv.stage.xxdg,,,,,,,,,,,,,,,,,,,,,
82851,80733,,7,,,,,,,,,,,,,csv.stage.xxdg,,,,,,,,,,,,,,,,,,,,,
82852,80733,,8,,,,,,,,,,,,,csv.stage.xxdg,,,,,,,,,,,,,,,,,,,,,
82853,80733,,9,,,,,,,,,,,,,csv.stage.xxdg,,,,,,,,,,,,,,,,,,,,,
82854,80733,,10,,,,,,,,,,,,,csv.stage.xxdg,,,,,,,,,,,,,,,,,,,,,
82855,80733,,11,,,,,,,,,,,,,csv.stage.xxdg,,,,,,,,,,,,,,,,,,,,,
82856,80733,,12,,,,,,,,,,,,,csv.stage.xxdg,,,,,,,,,,,,,,,,,,,,,
82857,80734,,1,<307341;307342;307343;307344;307345;307346>,,,,,,,,,,,,csv.stage.xxdg,,,,,,,,,,,,,,,,,,,,,
82858,80734,,2,,,,,,,,,,,,,csv.stage.xxdg,,,,,,,,,,,,,,,,,,,,,
82859,80734,,3,,,,,,,,,,,,,csv.stage.xxdg,,,,,,,,,,,,,,,,,,,,,
82860,80734,,4,,,,,,,,,,,,,csv.stage.xxdg,,,,,,,,,,,,,,,,,,,,,
82861,80734,,5,,,,,,,,,,,,,csv.stage.xxdg,,,,,,,,,,,,,,,,,,,,,
82862,80734,,6,,,,,,,,,,,,,csv.stage.xxdg,,,,,,,,,,,,,,,,,,,,,
82863,80734,,7,,,,,,,,,,,,,csv.stage.xxdg,,,,,,,,,,,,,,,,,,,,,
82864,80734,,8,,,,,,,,,,,,,csv.stage.xxdg,,,,,,,,,,,,,,,,,,,,,
82865,80734,,9,,,,,,,,,,,,,csv.stage.xxdg,,,,,,,,,,,,,,,,,,,,,
82866,80734,,10,,,,,,,,,,,,,csv.stage.xxdg,,,,,,,,,,,,,,,,,,,,,
82867,80734,,11,,,,,,,,,,,,,csv.stage.xxdg,,,,,,,,,,,,,,,,,,,,,
82868,80734,,12,,,,,,,,,,,,,csv.stage.xxdg,,,,,,,,,,,,,,,,,,,,,
82869,80735,,1,,,,,,,,,,,,,csv.stage.xxdg,,,,,,,,,,,,,,,,,,,,,
82870,80735,,2,,,,,,,,,,,,,csv.stage.xxdg,,,,,,,,,,,,,,,,,,,,,
82871,80735,,3,,,,,,,,,,,,,csv.stage.xxdg,,,,,,,,,,,,,,,,,,,,,
82872,80735,,4,,,,,,,,,,,,,csv.stage.xxdg,,,,,,,,,,,,,,,,,,,,,
82873,80735,,5,,,,,,,,,,,,,csv.stage.xxdg,,,,,,,,,,,,,,,,,,,,,
82874,80735,,6,,,,,,,,,,,,,csv.stage.xxdg,,,,,,,,,,,,,,,,,,,,,
82875,80735,,7,,,,,,,,,,,,,csv.stage.xxdg,,,,,,,,,,,,,,,,,,,,,
82876,80735,,8,,,,,,,,,,,,,csv.stage.xxdg,,,,,,,,,,,,,,,,,,,,,
82877,80735,,9,,,,,,,,,,,,,csv.stage.xxdg,,,,,,,,,,,,,,,,,,,,,
82878,80735,,10,,,,,,,,,,,,,csv.stage.xxdg,,,,,,,,,,,,,,,,,,,,,
82879,80735,,11,,,,,,,,,,,,,csv.stage.xxdg,,,,,,,,,,,,,,,,,,,,,
82880,80735,,12,,,,,,,,,,,,,csv.stage.xxdg,,,,,,,,,,,,,,,,,,,,,
82881,80736,,1,,,,,,,,,,,,,csv.stage.xxdg,,,,,,,,,,,,,,,,,,,,,
82882,80736,,2,,,,,,,,,,,,,csv.stage.xxdg,,,,,,,,,,,,,,,,,,,,,
82883,80736,,3,,,,,,,,,,,,,csv.stage.xxdg,,,,,,,,,,,,,,,,,,,,,
82884,80736,,4,,,,,,,,,,,,,csv.stage.xxdg,,,,,,,,,,,,,,,,,,,,,
82885,80736,,5,,,,,,,,,,,,,csv.stage.xxdg,,,,,,,,,,,,,,,,,,,,,
82886,80736,,6,,,,,,,,,,,,,csv.stage.xxdg,,,,,,,,,,,,,,,,,,,,,
82887,80736,,7,,,,,,,,,,,,,csv.stage.xxdg,,,,,,,,,,,,,,,,,,,,,
82888,80736,,8,,,,,,,,,,,,,csv.stage.xxdg,,,,,,,,,,,,,,,,,,,,,
82889,80736,,9,,,,,,,,,,,,,csv.stage.xxdg,,,,,,,,,,,,,,,,,,,,,
82890,80736,,10,,,,,,,,,,,,,csv.stage.xxdg,,,,,,,,,,,,,,,,,,,,,
82891,80736,,11,,,,,,,,,,,,,csv.stage.xxdg,,,,,,,,,,,,,,,,,,,,,
82892,80736,,12,,,,,,,,,,,,,csv.stage.xxdg,,,,,,,,,,,,,,,,,,,,,
82893,80741,,1,<0;307411;0;0;292401;0>,,,,,,,,,,,,csv.stage.xxdg,,,,,,,,,,,,,,,,,,,,,
82894,80741,,2,,,,,,,,,,,,,csv.stage.xxdg,,,,,,,,,,,,,,,,,,,,,
82895,80741,,3,,,,,,,,,,,,,csv.stage.xxdg,,,,,,,,,,,,,,,,,,,,,
82896,80741,,4,,,,,,,,,,,,,csv.stage.xxdg,,,,,,,,,,,,,,,,,,,,,
82897,80741,,5,,,,,,,,,,,,,csv.stage.xxdg,,,,,,,,,,,,,,,,,,,,,
82898,80741,,6,,,,,,,,,,,,,csv.stage.xxdg,,,,,,,,,,,,,,,,,,,,,
82899,80741,,7,,,,,,,,,,,,,csv.stage.xxdg,,,,,,,,,,,,,,,,,,,,,
82900,80741,,8,,,,,,,,,,,,,csv.stage.xxdg,,,,,,,,,,,,,,,,,,,,,
82901,80741,,9,,,,,,,,,,,,,csv.stage.xxdg,,,,,,,,,,,,,,,,,,,,,
82902,80741,,10,,,,,,,,,,,,,csv.stage.xxdg,,,,,,,,,,,,,,,,,,,,,
82903,80741,,11,,,,,,,,,,,,,csv.stage.xxdg,,,,,,,,,,,,,,,,,,,,,
82904,80741,,12,,,,,,,,,,,,,csv.stage.xxdg,,,,,,,,,,,,,,,,,,,,,
82905,80742,,1,<297041;291261;291281;294101;307421;291991>,,,,,,,,,,,,csv.stage.xxdg,,,,,,,,,,,,,<293353;293601;297051;293631;294591;294111>,4,,,,,,,
82906,80742,,2,,,,,,,,,,,,,csv.stage.xxdg,,,,,,,,,,,,,,,,,,,,,
82907,80742,,3,,,,,,,,,,,,,csv.stage.xxdg,,,,,,,,,,,,,,,,,,,,,
82908,80742,,4,,,,,,,,,,,,,csv.stage.xxdg,,,,,,,,,,,,,,,,,,,,,
82909,80742,,5,,,,,,,,,,,,,csv.stage.xxdg,,,,,,,,,,,,,,,,,,,,,
82910,80742,,6,,,,,,,,,,,,,csv.stage.xxdg,,,,,,,,,,,,,,,,,,,,,
82911,80742,,7,,,,,,,,,,,,,csv.stage.xxdg,,,,,,,,,,,,,,,,,,,,,
82912,80742,,8,,,,,,,,,,,,,csv.stage.xxdg,,,,,,,,,,,,,,,,,,,,,
82913,80742,,9,,,,,,,,,,,,,csv.stage.xxdg,,,,,,,,,,,,,,,,,,,,,
82914,80742,,10,,,,,,,,,,,,,csv.stage.xxdg,,,,,,,,,,,,,,,,,,,,,
82915,80742,,11,,,,,,,,,,,,,csv.stage.xxdg,,,,,,,,,,,,,,,,,,,,,
82916,80742,,12,,,,,,,,,,,,,csv.stage.xxdg,,,,,,,,,,,,,,,,,,,,,
82917,80743,,1,<290771;0;290771;0;307431;0>,,,,,,,,,,,,csv.stage.xxdg,,,,,,,,,,,,,,,,,,,,,
82918,80743,,2,,,,,,,,,,,,,csv.stage.xxdg,,,,,,,,,,,,,,,,,,,,,
82919,80743,,3,,,,,,,,,,,,,csv.stage.xxdg,,,,,,,,,,,,,,,,,,,,,
82920,80743,,4,,,,,,,,,,,,,csv.stage.xxdg,,,,,,,,,,,,,,,,,,,,,
82921,80743,,5,,,,,,,,,,,,,csv.stage.xxdg,,,,,,,,,,,,,,,,,,,,,
82922,80743,,6,,,,,,,,,,,,,csv.stage.xxdg,,,,,,,,,,,,,,,,,,,,,
82923,80743,,7,,,,,,,,,,,,,csv.stage.xxdg,,,,,,,,,,,,,,,,,,,,,
82924,80743,,8,,,,,,,,,,,,,csv.stage.xxdg,,,,,,,,,,,,,,,,,,,,,
82925,80743,,9,,,,,,,,,,,,,csv.stage.xxdg,,,,,,,,,,,,,,,,,,,,,
82926,80743,,10,,,,,,,,,,,,,csv.stage.xxdg,,,,,,,,,,,,,,,,,,,,,
82927,80743,,11,,,,,,,,,,,,,csv.stage.xxdg,,,,,,,,,,,,,,,,,,,,,
82928,80743,,12,,,,,,,,,,,,,csv.stage.xxdg,,,,,,,,,,,,,,,,,,,,,
82929,80744,,1,<291818;291818;291818;291818;307441;291818>,,,,,,,,,,,,csv.stage.xxdg,,,,,,,,,,,,,,,,,,,,,
82930,80744,,2,,,,,,,,,,,,,csv.stage.xxdg,,,,,,,,,,,,,,,,,,,,,
82931,80744,,3,,,,,,,,,,,,,csv.stage.xxdg,,,,,,,,,,,,,,,,,,,,,
82932,80744,,4,,,,,,,,,,,,,csv.stage.xxdg,,,,,,,,,,,,,,,,,,,,,
82933,80744,,5,,,,,,,,,,,,,csv.stage.xxdg,,,,,,,,,,,,,,,,,,,,,
82934,80744,,6,,,,,,,,,,,,,csv.stage.xxdg,,,,,,,,,,,,,,,,,,,,,
82935,80744,,7,,,,,,,,,,,,,csv.stage.xxdg,,,,,,,,,,,,,,,,,,,,,
82936,80744,,8,,,,,,,,,,,,,csv.stage.xxdg,,,,,,,,,,,,,,,,,,,,,
82937,80744,,9,,,,,,,,,,,,,csv.stage.xxdg,,,,,,,,,,,,,,,,,,,,,
82938,80744,,10,,,,,,,,,,,,,csv.stage.xxdg,,,,,,,,,,,,,,,,,,,,,
82939,80744,,11,,,,,,,,,,,,,csv.stage.xxdg,,,,,,,,,,,,,,,,,,,,,
82940,80744,,12,,,,,,,,,,,,,csv.stage.xxdg,,,,,,,,,,,,,,,,,,,,,
82941,80745,,1,,,,,,,,,,,,,csv.stage.xxdg,,,,,,,,,,,,,,,,,,,,,
82942,80745,,2,,,,,,,,,,,,,csv.stage.xxdg,,,,,,,,,,,,,,,,,,,,,
82943,80745,,3,,,,,,,,,,,,,csv.stage.xxdg,,,,,,,,,,,,,,,,,,,,,
82944,80745,,4,,,,,,,,,,,,,csv.stage.xxdg,,,,,,,,,,,,,,,,,,,,,
82945,80745,,5,,,,,,,,,,,,,csv.stage.xxdg,,,,,,,,,,,,,,,,,,,,,
82946,80745,,6,,,,,,,,,,,,,csv.stage.xxdg,,,,,,,,,,,,,,,,,,,,,
82947,80745,,7,,,,,,,,,,,,,csv.stage.xxdg,,,,,,,,,,,,,,,,,,,,,
82948,80745,,8,,,,,,,,,,,,,csv.stage.xxdg,,,,,,,,,,,,,,,,,,,,,
82949,80745,,9,,,,,,,,,,,,,csv.stage.xxdg,,,,,,,,,,,,,,,,,,,,,
82950,80745,,10,,,,,,,,,,,,,csv.stage.xxdg,,,,,,,,,,,,,,,,,,,,,
82951,80745,,11,,,,,,,,,,,,,csv.stage.xxdg,,,,,,,,,,,,,,,,,,,,,
82952,80745,,12,,,,,,,,,,,,,csv.stage.xxdg,,,,,,,,,,,,,,,,,,,,,
82953,80746,,1,,,,,,,,,,,,,csv.stage.xxdg,,,,,,,,,,,,,,,,,,,,,
82954,80746,,2,,,,,,,,,,,,,csv.stage.xxdg,,,,,,,,,,,,,,,,,,,,,
82955,80746,,3,,,,,,,,,,,,,csv.stage.xxdg,,,,,,,,,,,,,,,,,,,,,
82956,80746,,4,,,,,,,,,,,,,csv.stage.xxdg,,,,,,,,,,,,,,,,,,,,,
82957,80746,,5,,,,,,,,,,,,,csv.stage.xxdg,,,,,,,,,,,,,,,,,,,,,
82958,80746,,6,,,,,,,,,,,,,csv.stage.xxdg,,,,,,,,,,,,,,,,,,,,,
82959,80746,,7,,,,,,,,,,,,,csv.stage.xxdg,,,,,,,,,,,,,,,,,,,,,
82960,80746,,8,,,,,,,,,,,,,csv.stage.xxdg,,,,,,,,,,,,,,,,,,,,,
82961,80746,,9,,,,,,,,,,,,,csv.stage.xxdg,,,,,,,,,,,,,,,,,,,,,
82962,80746,,10,,,,,,,,,,,,,csv.stage.xxdg,,,,,,,,,,,,,,,,,,,,,
82963,80746,,11,,,,,,,,,,,,,csv.stage.xxdg,,,,,,,,,,,,,,,,,,,,,
82964,80746,,12,,,,,,,,,,,,,csv.stage.xxdg,,,,,,,,,,,,,,,,,,,,,
82965,80751,,1,<293631;291281;293641;291991;307511;291396>,,,,,,,,,,,,csv.stage.xxdg,,,,,,,,,,,,,,,,,,,,,
82966,80751,,2,,,,,,,,,,,,,csv.stage.xxdg,,,,,,,,,,,,,,,,,,,,,
82967,80751,,3,,,,,,,,,,,,,csv.stage.xxdg,,,,,,,,,,,,,,,,,,,,,
82968,80751,,4,,,,,,,,,,,,,csv.stage.xxdg,,,,,,,,,,,,,,,,,,,,,
82969,80751,,5,,,,,,,,,,,,,csv.stage.xxdg,,,,,,,,,,,,,,,,,,,,,
82970,80751,,6,,,,,,,,,,,,,csv.stage.xxdg,,,,,,,,,,,,,,,,,,,,,
82971,80751,,7,,,,,,,,,,,,,csv.stage.xxdg,,,,,,,,,,,,,,,,,,,,,
82972,80751,,8,,,,,,,,,,,,,csv.stage.xxdg,,,,,,,,,,,,,,,,,,,,,
82973,80751,,9,,,,,,,,,,,,,csv.stage.xxdg,,,,,,,,,,,,,,,,,,,,,
82974,80751,,10,,,,,,,,,,,,,csv.stage.xxdg,,,,,,,,,,,,,,,,,,,,,
82975,80751,,11,,,,,,,,,,,,,csv.stage.xxdg,,,,,,,,,,,,,,,,,,,,,
82976,80751,,12,,,,,,,,,,,,,csv.stage.xxdg,,,,,,,,,,,,,,,,,,,,,
100001,100001,,1,<233303;220053;233303;251001;0;230033>,,,,,,0.67,,,,,,csv.stage.wjt,,,,,,,,,,,,,,,,,,,,,
100002,100002,,1,<231503;251002;231503;233353;0;231172>,,,,,,0.67,,,,,,csv.stage.wjt,,,,,,,,,,,,,,,,,,,,,
100003,100003,,1,<231231;251003;231231;230741;0;230741>,,,,,,0.67,,,,,,csv.stage.wjt,,,,,,,,,,,,,,,,,,,,,
100004,100004,,1,<230333;0;230372;231443;251004;231443>,,,,,,0.67,,,,,,csv.stage.wjt,,,,,,,,,,,,,,,,,,,,,
100005,100005,,1,<240741;230013;240741;0;251005;0>,,,,,,0.72,,1.1,1.1,1.1,1.1,csv.stage.wjt,,,,,,,,,,,,,,,,,,,,,
100006,100006,,1,<230173;222683;230173;251006;0;230043>,,,,,,0.67,,,,,,csv.stage.wjt,,,,,,,,,,,,,,,,,,,,,
100007,100007,,1,<230242;0;230242;231241;251007;231241>,,,,,,0.67,,,,,,csv.stage.wjt,,,,,,,,,,,,,,,,,,,,,
100008,100008,,1,<230741;0;230741;232483;251008;232483>,,,,,,0.67,,,,,,csv.stage.wjt,,,,,,,,,,,,,,,,,,,,,
100009,100009,,1,<230783;251009;230783;230472;0;230472>,,,,,,0.67,,,,,,csv.stage.wjt,,,,,,,,,,,,,,,,,,,,,
100010,100010,,1,<231071;0;231423;223303;251010;223303>,,,,,,0.72,,1.1,1.1,1.1,1.1,csv.stage.wjt,,,,,,,,,,,,,,,,,,,,,
100011,100011,,1,<231172;0;233021;233293;251011;233293>,,,,,,0.67,,,,,,csv.stage.wjt,,,,,,,,,,,,,,,,,,,,,
100012,100012,,1,<230783;0;233021;230242;251012;230242>,,,,,,0.67,,,,,,csv.stage.wjt,,,,,,,,,,,,,,,,,,,,,
100013,100013,,1,<231221;251013;231221;230731;0;230731>,,,,,,0.67,,,,,,csv.stage.wjt,,,,,,,,,,,,,,,,,,,,,
100014,100014,,1,<231313;251014;231313;230072;0;230072>,,,,,,0.67,,,,,,csv.stage.wjt,,,,,,,,,,,,,,,,,,,,,
100015,100015,,1,<230033;0;231313;220053;251015;221241>,,,,,,0.72,,1.1,1.1,1.1,1.1,csv.stage.wjt,,,,,,,,,,,,,,,,,,,,,
100016,100016,,1,<231241;0;231241;220053;251016;220053>,,,,,,0.67,,,,,,csv.stage.wjt,,,,,,,,,,,,,,,,,,,,,
100017,100017,,1,<231503;251017;231503;230731;0;230883>,,,,,,0.67,,,,,,csv.stage.wjt,,,,,,,,,,,,,,,,,,,,,
100018,100018,,1,<230493;0;231423;231221;251018;231221>,,,,,,0.67,,,,,,csv.stage.wjt,,,,,,,,,,,,,,,,,,,,,
100019,100019,,1,<230793;0;230793;222483;251019;222483>,,,,,,0.67,,,,,,csv.stage.wjt,,,,,,,,,,,,,,,,,,,,,
100020,100020,,1,<231813;0;233021;221393;251020;220263>,,,,,,0.72,,1.1,1.1,1.1,1.1,csv.stage.wjt,,,,,,,,,,,,,,,,,,,,,
100021,100021,,1,<231172;0;231172;222683;251021;222683>,,,,,,0.67,,,,,,csv.stage.wjt,,,,,,,,,,,,,,,,,,,,,
100022,100022,,1,<230333;251022;230333;231271;0;231271>,,,,,,0.67,,,,,,csv.stage.wjt,,,,,,,,,,,,,,,,,,,,,
100023,100023,,1,<230883;221903;230883;232891;251023;232891>,,,,,,0.67,,,,,,csv.stage.wjt,,,,,,,,,,,,,,,,,,,,,
100024,100024,,1,<230793;220303;230793;232483;251024;232483>,,,,,,0.67,,,,,,csv.stage.wjt,,,,,,,,,,,,,,,,,,,,,
100025,100025,,1,<231221;220333;230593;230883;251025;230883>,,,,,,0.72,,1.1,1.1,1.1,1.1,csv.stage.wjt,,,,,,,,,,,,,,,,,,,,,
100026,100026,,1,<220783;251026;230783;231503;0;231503>,,,,,,0.67,,,,,,csv.stage.wjt,,,,,,,,,,,,,,,,,,,,,
100027,100027,,1,<230552;220552;230552;232924;251027;232923>,,,,,,0.67,,,,,,csv.stage.wjt,,,,,,,,,,,,,,,,,,,,,
100028,100028,,1,<231313;220632;231313;232723;251028;232723>,,,,,,0.67,,,,,,csv.stage.wjt,,,,,,,,,,,,,,,,,,,,,
100029,100029,,1,<230352;0;230352;220472;251029;220472>,,,,,,0.67,,,,,,csv.stage.wjt,,,,,,,,,,,,,,,,,,,,,
100030,100030,,1,<230303;251030;220482;231443;231443;231443>,,,,,,0.72,,1.1,1.1,1.1,1.1,csv.stage.wjt,,,,,,,,,,,,,,,,,,,,,
100031,100031,,1,<232683;0;230173;222683;251031;220173>,,,,,,0.67,,,,,,csv.stage.wjt,,,,,,,,,,,,,,,,,,,,,
100032,100032,,1,<233143;251032;233143;233303;0;233303>,,,,,,0.67,,,,,,csv.stage.wjt,,,,,,,,,,,,,,,,,,,,,
100033,100033,,1,<231423;0;231423;223143;251033;223143>,,,,,,0.67,,,,,,csv.stage.wjt,,,,,,,,,,,,,,,,,,,,,
100034,100034,,1,<233511;0;233511;231612;251034;231612>,,,,,,0.67,,,,,,csv.stage.wjt,,,,,,,,,,,,,,,,,,,,,
100035,100035,,1,<233283;222302;230283;230783;251035;232013>,,,,,,0.72,,1.1,1.1,1.1,1.1,csv.stage.wjt,,,,,,,,,,,,,,,,,,,,,
100036,100036,,1,<230113;220372;230113;230393;251036;230393>,,,,,,0.67,,,,,,csv.stage.wjt,,,,,,,,,,,,,,,,,,,,,
100037,100037,,1,<221303;251037;230753;231071;0;231423>,,,,,,0.67,,,,,,csv.stage.wjt,,,,,,,,,,,,,,,,,,,,,
100038,100038,,1,<233303;251038;233303;231082;0;231082>,,,,,,0.67,,,,,,csv.stage.wjt,,,,,,,,,,,,,,,,,,,,,
100039,100039,,1,<223143;251039;233143;231293;0;231293>,,,,,,0.67,,,,,,csv.stage.wjt,,,,,,,,,,,,,,,,,,,,,
100040,100040,,1,<230464;251040;223283;230572;230572;230572>,,,,,,0.72,,1.1,1.1,1.1,1.1,csv.stage.wjt,,,,,,,,,,,,,,,,,,,,,
100041,100041,,1,<230783;0;230783;220113;251041;220123>,,,,,,0.67,,,,,,csv.stage.wjt,,,,,,,,,,,,,,,,,,,,,
100042,100042,,1,<233353;223543;233353;231813;251042;231813>,,,,,,0.67,,,,,,csv.stage.wjt,,,,,,,,,,,,,,,,,,,,,
100043,100043,,1,<230393;221241;230393;230632;251043;233303>,,,,,,0.67,,,,,,csv.stage.wjt,,,,,,,,,,,,,,,,,,,,,
100044,100044,,1,<230333;221903;230482;233293;251044;233293>,,,,,,0.67,,,,,,csv.stage.wjt,,,,,,,,,,,,,,,,,,,,,
100045,100045,,1,<232873;221863;233012;231082;251045;231082>,,,,,,0.72,,1.1,1.1,1.1,1.1,csv.stage.wjt,,,,,,,,,,,,,,,,,,,,,
100046,100046,,1,<232683;222683;232683;230173;251046;230173>,,,,,,0.67,,,,,,csv.stage.wjt,,,,,,,,,,,,,,,,,,,,,
100047,100047,,1,<231393;221903;231393;230771;251047;230771>,,,,,,0.67,,,,,,csv.stage.wjt,,,,,,,,,,,,,,,,,,,,,
100048,100048,,1,<231394;0;231394;222723;251048;222723>,,,,,,0.67,,,,,,csv.stage.wjt,,,,,,,,,,,,,,,,,,,,,
100049,100049,,1,<231313;220552;233543;232923;251049;232924>,,,,,,0.67,,,,,,csv.stage.wjt,,,,,,,,,,,,,,,,,,,,,
100050,100050,,1,<230783;251050;221353;231253;231841;230242>,,,,,,0.72,,1.1,1.1,1.1,1.1,csv.stage.wjt,,,,,,,,,,,,,,,,,,,,,
100051,100051,,1,<231231;0;231231;231303;251051;231303>,,,,,,0.67,,,,,,csv.stage.wjt,,,,,,,,,,,,,,,,,,,,,
100052,100052,,1,<230771;221172;230393;232822;251052;232822>,,,,,,0.67,,,,,,csv.stage.wjt,,,,,,,,,,,,,,,,,,,,,
100053,100053,,1,<230572;0;230572;222822;251053;222822>,,,,,,0.67,,,,,,csv.stage.wjt,,,,,,,,,,,,,,,,,,,,,
100054,100054,,1,<230632;251054;220632;233303;233303;233303>,,,,,,0.67,,,,,,csv.stage.wjt,,,,,,,,,,,,,,,,,,,,,
100055,100055,,1,<232633;251055;220463;230462;230464;230464>,,,,,,0.72,,1.1,1.1,1.1,1.1,csv.stage.wjt,,,,,,,,,,,,,,,,,,,,,
100056,100056,,1,<230232;251056;220793;230741;230603;230741>,,,,,,0.67,,,,,,csv.stage.wjt,,,,,,,,,,,,,,,,,,,,,
100057,100057,,1,<232633;0;232633;231313;251057;231313>,,,,,,0.67,,,,,,csv.stage.wjt,,,,,,,,,,,,,,,,,,,,,
100058,100058,,1,<230493;221503;230493;231423;251058;231423>,,,,,,0.67,,,,,,csv.stage.wjt,,,,,,,,,,,,,,,,,,,,,
100059,100059,,1,<231241;0;231241;221853;251059;221853>,,,,,,0.67,,,,,,csv.stage.wjt,,,,,,,,,,,,,,,,,,,,,
100060,100060,,1,<233021;221253;233021;230263;251060;230771>,,,,,,0.72,,1.1,1.1,1.1,1.1,csv.stage.wjt,,,,,,,,,,,,,,,,,,,,,
100061,100061,,1,<230393;251061;230721;230452;221394;230452>,,,,,,0.67,,,,,,csv.stage.wjt,,,,,,,,,,,,,,,,,,,,,
100062,100062,,1,<232723;222822;232723;232822;251062;232822>,,,,,,0.67,,,,,,csv.stage.wjt,,,,,,,,,,,,,,,,,,,,,
100063,100063,,1,<231172;223021;231172;233143;251063;233143>,,,,,,0.67,,,,,,csv.stage.wjt,,,,,,,,,,,,,,,,,,,,,
100064,100064,,1,<232593;223413;232593;231253;251064;231253>,,,,,,0.67,,,,,,csv.stage.wjt,,,,,,,,,,,,,,,,,,,,,
100065,100065,,1,<230082;251065;220482;232683;230043;230173>,,,,,,0.72,,1.1,1.1,1.1,1.1,csv.stage.wjt,,,,,,,,,,,,,,,,,,,,,
100066,100066,,1,<230372;223413;230372;231241;251066;231241>,,,,,,0.67,,,,,,csv.stage.wjt,,,,,,,,,,,,,,,,,,,,,
100067,100067,,1,<231172;251067;231172;232822;0;233143>,,,,,,0.67,,,,,,csv.stage.wjt,,,,,,,,,,,,,,,,,,,,,
100068,100068,,1,<230493;251068;230493;232723;0;232723>,,,,,,0.67,,,,,,csv.stage.wjt,,,,,,,,,,,,,,,,,,,,,
100069,100069,,1,<230803;221241;230803;232924;251069;232924>,,,,,,0.67,,,,,,csv.stage.wjt,,,,,,,,,,,,,,,,,,,,,
100070,100070,,1,<230303;251070;220482;230572;230572;230572>,,,,,,0.72,,1.1,1.1,1.1,1.1,csv.stage.wjt,,,,,,,,,,,,,,,,,,,,,
100071,100071,,1,<231503;221503;231503;230893;251071;230893>,,,,,,0.67,,,,,,csv.stage.wjt,,,,,,,,,,,,,,,,,,,,,
100072,100072,,1,<232822;251072;232822;231293;0;231293>,,,,,,0.67,,,,,,csv.stage.wjt,,,,,,,,,,,,,,,,,,,,,
100073,100073,,1,<231253;0;231253;231071;251073;231071>,,,,,,0.67,,,,,,csv.stage.wjt,,,,,,,,,,,,,,,,,,,,,
100074,100074,,1,<232923;222013;232923;230023;251074;230023>,,,,,,0.67,,,,,,csv.stage.wjt,,,,,,,,,,,,,,,,,,,,,
100075,100075,,1,<231241;220482;231241;230572;251075;230572>,,,,,,0.72,,1.1,1.1,1.1,1.1,csv.stage.wjt,,,,,,,,,,,,,,,,,,,,,
100076,100076,,1,<232013;0;230283;233472;251076;233472>,,,,,,0.67,,,,,,csv.stage.wjt,,,,,,,,,,,,,,,,,,,,,
100077,100077,,1,<233413;251077;233413;231253;0;231253>,,,,,,0.67,,,,,,csv.stage.wjt,,,,,,,,,,,,,,,,,,,,,
100078,100078,,1,<230731;251078;230731;230593;220593;230593>,,,,,,0.67,,,,,,csv.stage.wjt,,,,,,,,,,,,,,,,,,,,,
100079,100079,,1,<230892;251079;230892;240273;0;230273>,,,,,,0.67,,,,,,csv.stage.wjt,,,,,,,,,,,,,,,,,,,,,
100080,100080,,1,<230133;222013;231241;230393;251080;230393>,,,,,,0.72,,1.1,1.1,1.1,1.1,csv.stage.wjt,,,,,,,,,,,,,,,,,,,,,
100081,100081,,1,<230261;221841;230261;230632;251081;230632>,,,,,,0.67,,,,,,csv.stage.wjt,,,,,,,,,,,,,,,,,,,,,
100082,100082,,1,<230493;251082;230493;233353;223353;233353>,,,,,,0.67,,,,,,csv.stage.wjt,,,,,,,,,,,,,,,,,,,,,
100083,100083,,1,<231253;251083;231253;230783;0;230783>,,,,,,0.67,,,,,,csv.stage.wjt,,,,,,,,,,,,,,,,,,,,,
100084,100084,,1,<231221;0;231221;230593;251084;230593>,,,,,,0.67,,,,,,csv.stage.wjt,,,,,,,,,,,,,,,,,,,,,
100085,100085,,1,<232593;251085;220493;231253;231253;231253>,,,,,,0.72,,1.1,1.1,1.1,1.1,csv.stage.wjt,,,,,,,,,,,,,,,,,,,,,
100086,100086,,1,<230731;0;230731;232891;251086;232891>,,,,,,0.67,,,,,,csv.stage.wjt,,,,,,,,,,,,,,,,,,,,,
100087,100087,,1,<230783;223021;230783;231253;251087;231253>,,,,,,0.67,,,,,,csv.stage.wjt,,,,,,,,,,,,,,,,,,,,,
100088,100088,,1,<233502;221423;233502;233283;251088;233283>,,,,,,0.67,,,,,,csv.stage.wjt,,,,,,,,,,,,,,,,,,,,,
100089,100089,,1,<230883;221221;230731;230753;251089;233003>,,,,,,0.67,,,,,,csv.stage.wjt,,,,,,,,,,,,,,,,,,,,,
100090,100090,,1,<230082;251090;220372;232683;230043;230173>,,,,,,0.72,,1.1,1.1,1.1,1.1,csv.stage.wjt,,,,,,,,,,,,,,,,,,,,,
100091,100091,,1,<230023;220023;230023;230013;251091;230013>,,,,,,0.67,,,,,,csv.stage.wjt,,,,,,,,,,,,,,,,,,,,,
100092,100092,,1,<230393;221241;230393;231813;251092;231813>,,,,,,0.67,,,,,,csv.stage.wjt,,,,,,,,,,,,,,,,,,,,,
100093,100093,,1,<231813;251093;231813;232683;0;232683>,,,,,,0.67,,,,,,csv.stage.wjt,,,,,,,,,,,,,,,,,,,,,
100094,100094,,1,<233021;220721;233021;231172;251094;233303>,,,,,,0.67,,,,,,csv.stage.wjt,,,,,,,,,,,,,,,,,,,,,
100095,100095,,1,<230133;221221;230133;230731;251095;230731>,,,,,,0.72,,1.1,1.1,1.1,1.1,csv.stage.wjt,,,,,,,,,,,,,,,,,,,,,
100096,100096,,1,<230783;0;233283;230283;251096;230283>,,,,,,0.67,,,,,,csv.stage.wjt,,,,,,,,,,,,,,,,,,,,,
100097,100097,,1,<230393;223543;230771;233003;251097;233003>,,,,,,0.67,,,,,,csv.stage.wjt,,,,,,,,,,,,,,,,,,,,,
100098,100098,,1,<230753;222233;230753;231893;251098;231893>,,,,,,0.67,,,,,,csv.stage.wjt,,,,,,,,,,,,,,,,,,,,,
100099,100099,,1,<230593;221231;231253;230783;251099;230783>,,,,,,0.67,,,,,,csv.stage.wjt,,,,,,,,,,,,,,,,,,,,,
100100,100100,,1,<231261;223021;231261;230753;251100;230753>,,,,,,0.72,,1.1,1.1,1.1,1.1,csv.stage.wjt,,,,,,,,,,,,,,,,,,,,,
100101,100101,,1,<230464;251101;230464;233342;0;233342>,,,,,,0.67,,,,,,csv.stage.wjt,,,,,,,,,,,,,,,,,,,,,
100102,100102,,1,<232723;220493;231503;230753;251102;230753>,,,,,,0.67,,,,,,csv.stage.wjt,,,,,,,,,,,,,,,,,,,,,
100103,100103,,1,<233003;222233;233003;230753;251103;230753>,,,,,,0.67,,,,,,csv.stage.wjt,,,,,,,,,,,,,,,,,,,,,
100104,100104,,1,<232013;251104;232013;230283;0;230283>,,,,,,0.67,,,,,,csv.stage.wjt,,,,,,,,,,,,,,,,,,,,,
100105,100105,,1,<231394;221393;230263;230761;251105;230761>,,,,,,0.72,,1.1,1.1,1.1,1.1,csv.stage.wjt,,,,,,,,,,,,,,,,,,,,,
100106,100106,,1,<231863;0;233012;233012;251106;231863>,,,,,,0.67,,,,,,csv.stage.wjt,,,,,,,,,,,,,,,,,,,,,
100107,100107,,1,<231903;251107;231903;233502;221893;233502>,,,,,,0.67,,,,,,csv.stage.wjt,,,,,,,,,,,,,,,,,,,,,
100108,100108,,1,<231221;251108;231221;232891;221903;232891>,,,,,,0.67,,,,,,csv.stage.wjt,,,,,,,,,,,,,,,,,,,,,
100109,100109,,1,<231313;251109;231313;231082;0;231082>,,,,,,0.67,,,,,,csv.stage.wjt,,,,,,,,,,,,,,,,,,,,,
100110,100110,,1,<232723;251110;221303;231423;230721;230721>,,,,,,0.72,,1.1,1.1,1.1,1.1,csv.stage.wjt,,,,,,,,,,,,,,,,,,,,,
100111,100111,,1,<231241;221313;231241;230803;251111;230803>,,,,,,0.67,,,,,,csv.stage.wjt,,,,,,,,,,,,,,,,,,,,,
100112,100112,,1,<231841;251112;231841;233143;0;233143>,,,,,,0.67,,,,,,csv.stage.wjt,,,,,,,,,,,,,,,,,,,,,
100113,100113,,1,<230741;220741;230741;230013;251113;230013>,,,,,,0.67,,,,,,csv.stage.wjt,,,,,,,,,,,,,,,,,,,,,
100114,100114,,1,<230462;220462;230462;230464;251114;230464>,,,,,,0.67,,,,,,csv.stage.wjt,,,,,,,,,,,,,,,,,,,,,
100115,100115,,1,<231172;221841;232822;233143;251115;233303>,,,,,,0.72,,1.1,1.1,1.1,1.1,csv.stage.wjt,,,,,,,,,,,,,,,,,,,,,
100116,100116,,1,<233303;220303;230452;251116;0;232633>,,,,,,0.67,,,,,,csv.stage.wjt,,,,,,,,,,,,,,,,,,,,,
100117,100117,,1,<230393;221813;230393;230593;251117;230593>,,,,,,0.67,,,,,,csv.stage.wjt,,,,,,,,,,,,,,,,,,,,,
100118,100118,,1,<231313;221241;231313;251118;0;230632>,,,,,,0.67,,,,,,csv.stage.wjt,,,,,,,,,,,,,,,,,,,,,
100119,100119,,1,<232302;251119;230093;231853;0;230003>,,,,,,0.67,,,,,,csv.stage.wjt,,,,,,,,,,,,,,,,,,,,,
100120,100120,,1,<232723;223631;232723;231971;251120;231971>,,,,,,0.72,,1.1,1.1,1.1,1.1,csv.stage.wjt,,,,,,,,,,,,,,,,,,,,,
100121,100121,,1,<230273;220273;230273;230463;251121;230463>,,,,,,0.67,,,,,,csv.stage.wjt,,,,,,,,,,,,,,,,,,,,,
100122,100122,,1,<231231;221221;231231;230731;251122;230741>,,,,,,0.67,,,,,,csv.stage.wjt,,,,,,,,,,,,,,,,,,,,,
100123,100123,,1,<230393;220394;230393;230753;251123;230753>,,,,,,0.67,,,,,,csv.stage.wjt,,,,,,,,,,,,,,,,,,,,,
100124,100124,,1,<233283;223283;233283;251124;0;230464>,,,,,,0.67,,,,,,csv.stage.wjt,,,,,,,,,,,,,,,,,,,,,
100125,100125,,1,<230333;220303;230482;231443;251125;231443>,,,,,,0.72,,1.1,1.1,1.1,1.1,csv.stage.wjt,,,,,,,,,,,,,,,,,,,,,
100126,100126,,1,<230482;251126;230482;230572;0;230572>,,,,,,0.67,,,,,,csv.stage.wjt,,,,,,,,,,,,,,,,,,,,,
100127,100127,,1,<230333;220372;230333;233502;251127;233502>,,,,,,0.67,,,,,,csv.stage.wjt,,,,,,,,,,,,,,,,,,,,,
100128,100128,,1,<233021;223021;233021;232303;251128;232303>,,,,,,0.67,,,,,,csv.stage.wjt,,,,,,,,,,,,,,,,,,,,,
100129,100129,,1,<230372;251129;230372;231293;0;231293>,,,,,,0.67,,,,,,csv.stage.wjt,,,,,,,,,,,,,,,,,,,,,
100130,100130,,1,<230761;221903;230761;231241;251130;231241>,,,,,,0.72,,1.1,1.1,1.1,1.1,csv.stage.wjt,,,,,,,,,,,,,,,,,,,,,
100131,100131,,1,<230082;0;230082;232683;251131;230173>,,,,,,0.67,,,,,,csv.stage.wjt,,,,,,,,,,,,,,,,,,,,,
100132,100132,,1,<233543;222233;233543;231893;251132;231893>,,,,,,0.67,,,,,,csv.stage.wjt,,,,,,,,,,,,,,,,,,,,,
100133,100133,,1,<230263;221903;230771;231393;251133;231393>,,,,,,0.67,,,,,,csv.stage.wjt,,,,,,,,,,,,,,,,,,,,,
100134,100134,,1,<230173;0;230173;232683;251134;232683>,,,,,,0.67,,,,,,csv.stage.wjt,,,,,,,,,,,,,,,,,,,,,
100135,100135,,1,<230753;223543;230753;231893;251135;231893>,,,,,,0.72,,1.1,1.1,1.1,1.1,csv.stage.wjt,,,,,,,,,,,,,,,,,,,,,
100136,100136,,1,<230303;251136;230303;233342;0;233342>,,,,,,0.67,,,,,,csv.stage.wjt,,,,,,,,,,,,,,,,,,,,,
100137,100137,,1,<230741;0;231231;231303;251137;231303>,,,,,,0.67,,,,,,csv.stage.wjt,,,,,,,,,,,,,,,,,,,,,
100138,100138,,1,<231813;0;231813;233143;251138;233143>,,,,,,0.67,,,,,,csv.stage.wjt,,,,,,,,,,,,,,,,,,,,,
100139,100139,,1,<230721;223021;230721;231082;251139;231082>,,,,,,0.67,,,,,,csv.stage.wjt,,,,,,,,,,,,,,,,,,,,,
100140,100140,,1,<230393;221241;231813;230593;251140;230593>,,,,,,0.72,,1.1,1.1,1.1,1.1,csv.stage.wjt,,,,,,,,,,,,,,,,,,,,,
100141,100141,,1,<230593;220593;230593;251141;0;230133>,,,,,,0.67,,,,,,csv.stage.wjt,,,,,,,,,,,,,,,,,,,,,
100142,100142,,1,<232272;220303;232272;231841;251142;231841>,,,,,,0.67,,,,,,csv.stage.wjt,,,,,,,,,,,,,,,,,,,,,
100143,100143,,1,<232303;251143;232303;233143;0;231082>,,,,,,0.67,,,,,,csv.stage.wjt,,,,,,,,,,,,,,,,,,,,,
100144,100144,,1,<233432;251144;233432;231394;0;231394>,,,,,,0.67,,,,,,csv.stage.wjt,,,,,,,,,,,,,,,,,,,,,
100145,100145,,1,<230883;251145;220883;230731;230883;230731>,,,,,,0.72,,1.1,1.1,1.1,1.1,csv.stage.wjt,,,,,,,,,,,,,,,,,,,,,
100146,100146,,1,<230072;221241;230072;232683;251146;232683>,,,,,,0.67,,,,,,csv.stage.wjt,,,,,,,,,,,,,,,,,,,,,
100147,100147,,1,<230263;251147;230263;232073;220093;232073>,,,,,,0.67,,,,,,csv.stage.wjt,,,,,,,,,,,,,,,,,,,,,
100148,100148,,1,<231241;221313;230632;233303;251148;233303>,,,,,,0.67,,,,,,csv.stage.wjt,,,,,,,,,,,,,,,,,,,,,
100149,100149,,1,<230692;221971;230692;231172;251149;231172>,,,,,,0.67,,,,,,csv.stage.wjt,,,,,,,,,,,,,,,,,,,,,
100150,100150,,1,<233631;251150;221971;230771;230761;230263>,,,,,,0.72,,1.1,1.1,1.1,1.1,csv.stage.wjt,,,,,,,,,,,,,,,,,,,,,
100151,100151,,1,<231501;220493;230023;231303;251151;231303>,,,,,,0.67,,,,,,csv.stage.wjt,,,,,,,,,,,,,,,,,,,,,
100152,100152,,1,<233283;223283;233283;230783;251152;230783>,,,,,,0.67,,,,,,csv.stage.wjt,,,,,,,,,,,,,,,,,,,,,
100153,100153,,1,<230462;220463;230464;233511;251153;232633>,,,,,,0.67,,,,,,csv.stage.wjt,,,,,,,,,,,,,,,,,,,,,
100154,100154,,1,<233562;222923;232924;230452;251154;233562>,,,,,,0.67,,,,,,csv.stage.wjt,,,,,,,,,,,,,,,,,,,,,
100155,100155,,1,<230721;223021;231082;233631;251155;231852>,,,,,,0.72,,1.1,1.1,1.1,1.1,csv.stage.wjt,,,,,,,,,,,,,,,,,,,,,
100156,100156,,1,<230883;220593;231313;230721;251156;230721>,,,,,,0.67,,,,,,csv.stage.wjt,,,,,,,,,,,,,,,,,,,,,
100157,100157,,1,<230013;220013;230013;230572;251157;230572>,,,,,,0.67,,,,,,csv.stage.wjt,,,,,,,,,,,,,,,,,,,,,
100158,100158,,1,<233511;220013;230053;230753;251158;230632>,,,,,,0.67,,,,,,csv.stage.wjt,,,,,,,,,,,,,,,,,,,,,
100159,100159,,1,<230692;220783;231612;230033;251159;230062>,,,,,,0.67,,,,,,csv.stage.wjt,,,,,,,,,,,,,,,,,,,,,
100160,100160,,1,<233502;221903;231261;233511;251160;231612>,,,,,,0.72,,1.1,1.1,1.1,1.1,csv.stage.wjt,,,,,,,,,,,,,,,,,,,,,
100161,100161,,1,<232963;222963;232963;232873;251161;233012>,,,,,,0.67,,,,,,csv.stage.wjt,,,,,,,,,,,,,,,,,,,,,
100162,100162,,1,<230333;221903;230883;230803;251162;232073>,,,,,,0.67,,,,,,csv.stage.wjt,,,,,,,,,,,,,,,,,,,,,
100163,100163,,1,<232612;221313;232612;232233;251163;232233>,,,,,,0.67,,,,,,csv.stage.wjt,,,,,,,,,,,,,,,,,,,,,
100164,100164,,1,<232612;222633;232963;230072;251164;230123>,,,,,,0.67,,,,,,csv.stage.wjt,,,,,,,,,,,,,,,,,,,,,
100165,100165,,1,<230221;221813;230221;231971;251165;233003>,,,,,,0.72,,1.1,1.1,1.1,1.1,csv.stage.wjt,,,,,,,,,,,,,,,,,,,,,
100166,100166,,1,<233293;222483;233293;231293;251166;230572>,,,,,,0.67,,,,,,csv.stage.wjt,,,,,,,,,,,,,,,,,,,,,
100167,100167,,1,<230033;220452;230033;230731;251167;230731>,,,,,,0.67,,,,,,csv.stage.wjt,,,,,,,,,,,,,,,,,,,,,
100168,100168,,1,<230033;220043;230192;230372;251168;230372>,,,,,,0.67,,,,,,csv.stage.wjt,,,,,,,,,,,,,,,,,,,,,
100169,100169,,1,<233413;223432;233502;230192;251169;230352>,,,,,,0.67,,,,,,csv.stage.wjt,,,,,,,,,,,,,,,,,,,,,
100170,100170,,1,<230712;223631;230712;231253;251170;231423>,,,,,,0.72,,1.1,1.1,1.1,1.1,csv.stage.wjt,,,,,,,,,,,,,,,,,,,,,
100171,100171,,1,<233283;223472;233283;230333;251171;231071>,,,,,,0.67,,,,,,csv.stage.wjt,,,,,,,,,,,,,,,,,,,,,
100172,100172,,1,<230493;221253;230493;233353;251172;233353>,,,,,,0.67,,,,,,csv.stage.wjt,,,,,,,,,,,,,,,,,,,,,
100173,100173,,1,<230013;221303;230013;233342;251173;233342>,,,,,,0.67,,,,,,csv.stage.wjt,,,,,,,,,,,,,,,,,,,,,
100174,100174,,1,<230003;220023;230133;230013;251174;230093>,,,,,,0.67,,,,,,csv.stage.wjt,,,,,,,,,,,,,,,,,,,,,
100175,100175,,1,<231813;251175;221813;231981;233143;231981>,,,,,,0.72,,1.1,1.1,1.1,1.1,csv.stage.wjt,,,,,,,,,,,,,,,,,,,,,
100176,100176,,1,<230093;220133;230273;231841;251176;231082>,,,,,,0.67,,,,,,csv.stage.wjt,,,,,,,,,,,,,,,,,,,,,
100177,100177,,1,<233511;223511;233511;233143;251177;233143>,,,,,,0.67,,,,,,csv.stage.wjt,,,,,,,,,,,,,,,,,,,,,
100178,100178,,1,<233543;223003;233143;231893;251178;231893>,,,,,,0.67,,,,,,csv.stage.wjt,,,,,,,,,,,,,,,,,,,,,
100179,100179,,1,<230283;220303;230372;230462;251179;230464>,,,,,,0.67,,,,,,csv.stage.wjt,,,,,,,,,,,,,,,,,,,,,
100180,100180,,1,<232821;221501;232821;232233;251180;232233>,,,,,,0.72,,1.1,1.1,1.1,1.1,csv.stage.wjt,,,,,,,,,,,,,,,,,,,,,
100181,100181,,1,<230462;220463;230464;232612;251181;232612>,,,,,,0.67,,,,,,csv.stage.wjt,,,,,,,,,,,,,,,,,,,,,
100182,100182,,1,<230692;222873;230692;230771;251182;230771>,,,,,,0.67,,,,,,csv.stage.wjt,,,,,,,,,,,,,,,,,,,,,
100183,100183,,1,<231253;221841;232822;233143;251183;232723>,,,,,,0.67,,,,,,csv.stage.wjt,,,,,,,,,,,,,,,,,,,,,
100184,100184,,1,<230472;220482;230552;230803;251184;232073>,,,,,,0.67,,,,,,csv.stage.wjt,,,,,,,,,,,,,,,,,,,,,
100185,100185,,1,<230781;220712;233353;233003;251185;233003>,,,,,,0.72,,1.1,1.1,1.1,1.1,csv.stage.wjt,,,,,,,,,,,,,,,,,,,,,
100186,100186,,1,<230472;220482;230552;232073;251186;232073>,,,,,,0.67,,,,,,csv.stage.wjt,,,,,,,,,,,,,,,,,,,,,
100187,100187,,1,<232873;223012;232302;232873;251187;232302>,,,,,,0.67,,,,,,csv.stage.wjt,,,,,,,,,,,,,,,,,,,,,
100188,100188,,1,<233012;221863;233012;232302;251188;233502>,,,,,,0.67,,,,,,csv.stage.wjt,,,,,,,,,,,,,,,,,,,,,
100189,100189,,1,<233283;223342;233413;232272;251189;232483>,,,,,,0.67,,,,,,csv.stage.wjt,,,,,,,,,,,,,,,,,,,,,
100190,100190,,1,<230771;221443;230464;230761;251190;230761>,,,,,,0.72,,1.1,1.1,1.1,1.1,csv.stage.wjt,,,,,,,,,,,,,,,,,,,,,
100191,100191,,1,<231423;221863;231423;230593;251191;230593>,,,,,,0.67,,,,,,csv.stage.wjt,,,,,,,,,,,,,,,,,,,,,
100192,100192,,1,<230803;222013;230803;233353;251192;233353>,,,,,,0.67,,,,,,csv.stage.wjt,,,,,,,,,,,,,,,,,,,,,
100193,100193,,1,<230692;221503;230692;230303;251193;230303>,,,,,,0.67,,,,,,csv.stage.wjt,,,,,,,,,,,,,,,,,,,,,
100194,100194,,1,<231071;221313;231071;230393;251194;230393>,,,,,,0.67,,,,,,csv.stage.wjt,,,,,,,,,,,,,,,,,,,,,
100195,100195,,1,<233021;221903;231501;230883;251195;230721>,,,,,,0.72,,1.1,1.1,1.1,1.1,csv.stage.wjt,,,,,,,,,,,,,,,,,,,,,
100196,100196,,1,<232593;221893;232593;230632;251196;230632>,,,,,,0.67,,,,,,csv.stage.wjt,,,,,,,,,,,,,,,,,,,,,
100197,100197,,1,<231863;223502;231863;233303;251197;233303>,,,,,,0.67,,,,,,csv.stage.wjt,,,,,,,,,,,,,,,,,,,,,
100198,100198,,1,<230003;220173;230283;230783;251198;230783>,,,,,,0.67,,,,,,csv.stage.wjt,,,,,,,,,,,,,,,,,,,,,
100199,100199,,1,<231423;221423;231423;230572;251199;230572>,,,,,,0.67,,,,,,csv.stage.wjt,,,,,,,,,,,,,,,,,,,,,
100200,100200,,1,<231261;221393;233543;231394;251200;232721>,,,,,,0.72,,1.1,1.1,1.1,1.1,csv.stage.wjt,,,,,,,,,,,,,,,,,,,,,
100201,100201,,1,<232963;223283;233502;230632;251201;230632>,,,,,,0.67,,,,,,csv.stage.wjt,,,,,,,,,,,,,,,,,,,,,
100202,100202,,1,<230023;220303;230472;230603;251202;230603>,,,,,,0.67,,,,,,csv.stage.wjt,,,,,,,,,,,,,,,,,,,,,
100203,100203,,1,<232272;222483;233283;231394;251203;231394>,,,,,,0.67,,,,,,csv.stage.wjt,,,,,,,,,,,,,,,,,,,,,
100204,100204,,1,<231253;221253;231253;231893;251204;231893>,,,,,,0.67,,,,,,csv.stage.wjt,,,,,,,,,,,,,,,,,,,,,
100205,100205,,1,<270002;270001;270002;270002;251205;270002>,,,,,,0.72,,1.1,1.1,1.1,1.1,csv.stage.wjt,,,,,,,,,,,,,,,,,,,,,
100206,100206,,1,<231443;220803;231443;230731;251206;230883>,,,,,,0.67,,,,,,csv.stage.wjt,,,,,,,,,,,,,,,,,,,,,
100207,100207,,1,<231813;220593;231813;230393;251207;230393>,,,,,,0.67,,,,,,csv.stage.wjt,,,,,,,,,,,,,,,,,,,,,
100208,100208,,1,<231313;220493;231313;232723;251208;232723>,,,,,,0.67,,,,,,csv.stage.wjt,,,,,,,,,,,,,,,,,,,,,
100209,100209,,1,<231172;221172;231172;233143;251209;233143>,,,,,,0.67,,,,,,csv.stage.wjt,,,,,,,,,,,,,,,,,,,,,
100210,100210,,1,<230393;221813;230393;231813;251210;231813>,,,,,,0.72,,1.1,1.1,1.1,1.1,csv.stage.wjt,,,,,,,,,,,,,,,,,,,,,
100211,100211,,1,<230692;220783;230793;230753;251211;230753>,,,,,,0.67,,,,,,csv.stage.wjt,,,,,,,,,,,,,,,,,,,,,
100212,100212,,1,<231503;222013;231503;233353;251212;233353>,,,,,,0.67,,,,,,csv.stage.wjt,,,,,,,,,,,,,,,,,,,,,
100213,100213,,1,<231253;222593;231253;233502;251213;233502>,,,,,,0.67,,,,,,csv.stage.wjt,,,,,,,,,,,,,,,,,,,,,
100214,100214,,1,<230721;220731;230741;231813;251214;231813>,,,,,,0.67,,,,,,csv.stage.wjt,,,,,,,,,,,,,,,,,,,,,
100215,100215,,1,<230771;221841;230771;230603;251215;230603>,,,,,,0.72,,1.1,1.1,1.1,1.1,csv.stage.wjt,,,,,,,,,,,,,,,,,,,,,
100216,100216,,1,<230283;220372;230283;231393;251216;231393>,,,,,,0.67,,,,,,csv.stage.wjt,,,,,,,,,,,,,,,,,,,,,
100217,100217,,1,<230883;220593;230883;230731;251217;230731>,,,,,,0.67,,,,,,csv.stage.wjt,,,,,,,,,,,,,,,,,,,,,
100218,100218,,1,<230603;220741;230603;233293;251218;233293>,,,,,,0.67,,,,,,csv.stage.wjt,,,,,,,,,,,,,,,,,,,,,
100219,100219,,1,<231221;221231;231241;233303;251219;233303>,,,,,,0.67,,,,,,csv.stage.wjt,,,,,,,,,,,,,,,,,,,,,
100220,100220,,1,<230793;222483;231612;233543;251220;233543>,,,,,,0.72,,1.1,1.1,1.1,1.1,csv.stage.wjt,,,,,,,,,,,,,,,,,,,,,
100221,100221,,1,<230372;220482;232272;230601;251221;230601>,,,,,,0.67,,,,,,csv.stage.wjt,,,,,,,,,,,,,,,,,,,,,
100222,100222,,1,<230303;222963;230303;230333;251222;230333>,,,,,,0.67,,,,,,csv.stage.wjt,,,,,,,,,,,,,,,,,,,,,
100223,100223,,1,<232873;223021;232873;231082;251223;231082>,,,,,,0.67,,,,,,csv.stage.wjt,,,,,,,,,,,,,,,,,,,,,
100224,100224,,1,<231503;221503;231503;230721;251224;230741>,,,,,,0.67,,,,,,csv.stage.wjt,,,,,,,,,,,,,,,,,,,,,
100225,100225,,1,<231071;221903;231071;231293;251225;231293>,,,,,,0.72,,1.1,1.1,1.1,1.1,csv.stage.wjt,,,,,,,,,,,,,,,,,,,,,
100226,100226,,1,<231172;220472;231313;230632;251226;230632>,,,,,,0.67,,,,,,csv.stage.wjt,,,,,,,,,,,,,,,,,,,,,
100227,100227,,1,<231393;223543;231393;231813;251227;231813>,,,,,,0.67,,,,,,csv.stage.wjt,,,,,,,,,,,,,,,,,,,,,
100228,100228,,1,<230721;220731;230741;230753;251228;230632>,,,,,,0.67,,,,,,csv.stage.wjt,,,,,,,,,,,,,,,,,,,,,
100229,100229,,1,<231903;221903;231903;231221;251229;231241>,,,,,,0.67,,,,,,csv.stage.wjt,,,,,,,,,,,,,,,,,,,,,
100230,100230,,1,<230273;220464;230273;230462;251230;230462>,,,,,,0.72,,1.1,1.1,1.1,1.1,csv.stage.wjt,,,,,,,,,,,,,,,,,,,,,
100231,100231,,1,<232633;223342;233432;230593;251231;230593>,,,,,,0.67,,,,,,csv.stage.wjt,,,,,,,,,,,,,,,,,,,,,
100232,100232,,1,<232723;222013;232723;230402;251232;230402>,,,,,,0.67,,,,,,csv.stage.wjt,,,,,,,,,,,,,,,,,,,,,
100233,100233,,1,<232683;221071;232683;230572;251233;230572>,,,,,,0.67,,,,,,csv.stage.wjt,,,,,,,,,,,,,,,,,,,,,
100234,100234,,1,<230493;221903;230493;231253;251234;231253>,,,,,,0.67,,,,,,csv.stage.wjt,,,,,,,,,,,,,,,,,,,,,
100235,100235,,1,<231503;223501;231503;230781;251235;230781>,,,,,,0.72,,1.1,1.1,1.1,1.1,csv.stage.wjt,,,,,,,,,,,,,,,,,,,,,
100236,100236,,1,<230372;220393;230552;231813;251236;231813>,,,,,,0.67,,,,,,csv.stage.wjt,,,,,,,,,,,,,,,,,,,,,
100237,100237,,1,<230771;220753;230771;230893;251237;230893>,,,,,,0.67,,,,,,csv.stage.wjt,,,,,,,,,,,,,,,,,,,,,
100238,100238,,1,<230023;221313;230552;233303;251238;231241>,,,,,,0.67,,,,,,csv.stage.wjt,,,,,,,,,,,,,,,,,,,,,
100239,100239,,1,<233353;221503;233353;233472;251239;233472>,,,,,,0.67,,,,,,csv.stage.wjt,,,,,,,,,,,,,,,,,,,,,
100240,100240,,1,<231253;221253;231253;231231;251240;231231>,,,,,,0.72,,1.1,1.1,1.1,1.1,csv.stage.wjt,,,,,,,,,,,,,,,,,,,,,
100241,100241,,1,<230093;221443;232302;230741;251241;230741>,,,,,,0.67,,,,,,csv.stage.wjt,,,,,,,,,,,,,,,,,,,,,
100242,100242,,1,<232593;222612;232593;232963;251242;232963>,,,,,,0.67,,,,,,csv.stage.wjt,,,,,,,,,,,,,,,,,,,,,
100243,100243,,1,<232013;222302;233283;231353;251243;231353>,,,,,,0.67,,,,,,csv.stage.wjt,,,,,,,,,,,,,,,,,,,,,
100244,100244,,1,<230771;221903;230771;230333;251244;230333>,,,,,,0.67,,,,,,csv.stage.wjt,,,,,,,,,,,,,,,,,,,,,
100245,100245,,1,<230731;223021;230731;230721;251245;230721>,,,,,,0.72,,1.1,1.1,1.1,1.1,csv.stage.wjt,,,,,,,,,,,,,,,,,,,,,
100246,100246,,1,<232483;222483;232483;230263;251246;230263>,,,,,,0.67,,,,,,csv.stage.wjt,,,,,,,,,,,,,,,,,,,,,
100247,100247,,1,<231813;221221;231813;230263;251247;230771>,,,,,,0.67,,,,,,csv.stage.wjt,,,,,,,,,,,,,,,,,,,,,
100248,100248,,1,<231393;223353;231393;230133;251248;233432>,,,,,,0.67,,,,,,csv.stage.wjt,,,,,,,,,,,,,,,,,,,,,
100249,100249,,1,<231893;221893;231893;231303;251249;231303>,,,,,,0.67,,,,,,csv.stage.wjt,,,,,,,,,,,,,,,,,,,,,
100250,100250,,1,<231393;220771;230263;233293;251250;232272>,,,,,,0.72,,1.1,1.1,1.1,1.1,csv.stage.wjt,,,,,,,,,,,,,,,,,,,,,
100251,100251,,1,<232612;222683;230793;230883;251251;230883>,,,,,,0.67,,,,,,csv.stage.wjt,,,,,,,,,,,,,,,,,,,,,
100252,100252,,1,<231313;220493;231313;230283;251252;233283>,,,,,,0.67,,,,,,csv.stage.wjt,,,,,,,,,,,,,,,,,,,,,
100253,100253,,1,<230783;220283;233283;231293;251253;231293>,,,,,,0.67,,,,,,csv.stage.wjt,,,,,,,,,,,,,,,,,,,,,
100254,100254,,1,<230043;220062;230072;233303;251254;233303>,,,,,,0.67,,,,,,csv.stage.wjt,,,,,,,,,,,,,,,,,,,,,
100255,100255,,1,<232721;251255;222721;231172;231082;231172>,,,,,,0.72,,1.1,1.1,1.1,1.1,csv.stage.wjt,,,,,,,,,,,,,,,,,,,,,
100256,100256,,1,<233012;221863;233012;231082;251256;231082>,,,,,,0.67,,,,,,csv.stage.wjt,,,,,,,,,,,,,,,,,,,,,
100257,100257,,1,<230472;221841;230273;231423;251257;231423>,,,,,,0.67,,,,,,csv.stage.wjt,,,,,,,,,,,,,,,,,,,,,
100258,100258,,1,<232612;220493;232822;230692;251258;232073>,,,,,,0.67,,,,,,csv.stage.wjt,,,,,,,,,,,,,,,,,,,,,
100259,100259,,1,<230082;220123;230232;233562;251259;230173>,,,,,,0.67,,,,,,csv.stage.wjt,,,,,,,,,,,,,,,,,,,,,
100260,100260,,1,<231863;221863;231863;230372;251260;230372>,,,,,,0.72,,1.1,1.1,1.1,1.1,csv.stage.wjt,,,,,,,,,,,,,,,,,,,,,
100261,100261,,1,<233293;222073;232891;230133;251261;230133>,,,,,,0.67,,,,,,csv.stage.wjt,,,,,,,,,,,,,,,,,,,,,
100262,100262,,1,<251262;221443;251262;232633;251262;231082>,,,,,,0.67,,,,,,csv.stage.wjt,,,,,,,,,,,,,,,,,,,,,
100263,100263,,1,<232891;222073;232963;230883;251263;231221>,,,,,,0.67,,,,,,csv.stage.wjt,,,,,,,,,,,,,,,,,,,,,
100264,100264,,1,<230102;220173;230352;232963;251264;232963>,,,,,,0.67,,,,,,csv.stage.wjt,,,,,,,,,,,,,,,,,,,,,
100265,100265,,1,<230482;220372;232272;232683;251265;232683>,,,,,,0.72,,1.1,1.1,1.1,1.1,csv.stage.wjt,,,,,,,,,,,,,,,,,,,,,
100266,100266,,1,<232633;222963;232633;230393;251266;230393>,,,,,,0.67,,,,,,csv.stage.wjt,,,,,,,,,,,,,,,,,,,,,
100267,100267,,1,<231813;220393;231813;230771;251267;231813>,,,,,,0.67,,,,,,csv.stage.wjt,,,,,,,,,,,,,,,,,,,,,
100268,100268,,1,<231893;223543;231893;233003;251268;233511>,,,,,,0.67,,,,,,csv.stage.wjt,,,,,,,,,,,,,,,,,,,,,
100269,100269,,1,<230113;220192;230452;230731;251269;230883>,,,,,,0.67,,,,,,csv.stage.wjt,,,,,,,,,,,,,,,,,,,,,
100270,100270,,1,<232723;221082;231841;231172;251270;231172>,,,,,,0.72,,1.1,1.1,1.1,1.1,csv.stage.wjt,,,,,,,,,,,,,,,,,,,,,
100271,100271,,1,<230462;220463;230464;230572;251271;230572>,,,,,,0.67,,,,,,csv.stage.wjt,,,,,,,,,,,,,,,,,,,,,
100272,100272,,1,<231313;222013;231313;232302;251272;233432>,,,,,,0.67,,,,,,csv.stage.wjt,,,,,,,,,,,,,,,,,,,,,
100273,100273,,1,<230472;221253;230692;230712;251273;230712>,,,,,,0.67,,,,,,csv.stage.wjt,,,,,,,,,,,,,,,,,,,,,
100274,100274,,1,<230542;221353;230033;231253;251274;231253>,,,,,,0.67,,,,,,csv.stage.wjt,,,,,,,,,,,,,,,,,,,,,
100275,100275,,1,<230031;220031;230031;230031;251275;230031>,,,,,,0.72,,1.1,1.1,1.1,1.1,csv.stage.wjt,,,,,,,,,,,,,,,,,,,,,
100276,100276,,1,<231612;220273;232483;230572;251276;230572>,,,,,,0.67,,,,,,csv.stage.wjt,,,,,,,,,,,,,,,,,,,,,
100277,100277,,1,<230552;220632;230552;230771;251277;230771>,,,,,,0.67,,,,,,csv.stage.wjt,,,,,,,,,,,,,,,,,,,,,
100278,100278,,1,<230023;221313;230552;233303;251278;233303>,,,,,,0.67,,,,,,csv.stage.wjt,,,,,,,,,,,,,,,,,,,,,
100279,100279,,1,<230893;223562;230043;232723;251279;232723>,,,,,,0.67,,,,,,csv.stage.wjt,,,,,,,,,,,,,,,,,,,,,
100280,100280,,1,<232822;223543;232822;231241;251280;231241>,,,,,,0.72,,1.1,1.1,1.1,1.1,csv.stage.wjt,,,,,,,,,,,,,,,,,,,,,
100281,100281,,1,<230133;223472;231443;231393;251281;230753>,,,,,,0.67,,,,,,csv.stage.wjt,,,,,,,,,,,,,,,,,,,,,
100282,100282,,1,<233511;222822;232612;231082;251282;231172>,,,,,,0.67,,,,,,csv.stage.wjt,,,,,,,,,,,,,,,,,,,,,
100283,100283,,1,<233021;221231;231863;230721;251283;230741>,,,,,,0.67,,,,,,csv.stage.wjt,,,,,,,,,,,,,,,,,,,,,
100284,100284,,1,<233293;222272;230003;231841;251284;231841>,,,,,,0.67,,,,,,csv.stage.wjt,,,,,,,,,,,,,,,,,,,,,
100285,100285,,1,<231293;221903;230572;231293;251285;230333>,,,,,,0.72,,1.1,1.1,1.1,1.1,csv.stage.wjt,,,,,,,,,,,,,,,,,,,,,
100286,100286,,1,<231503;220552;233021;233432;251286;230053>,,,,,,0.67,,,,,,csv.stage.wjt,,,,,,,,,,,,,,,,,,,,,
100287,100287,,1,<231893;222233;231893;231393;251287;231394>,,,,,,0.67,,,,,,csv.stage.wjt,,,,,,,,,,,,,,,,,,,,,
100288,100288,,1,<233432;223353;230133;230263;251288;231813>,,,,,,0.67,,,,,,csv.stage.wjt,,,,,,,,,,,,,,,,,,,,,
100289,100289,,1,<233342;222302;230013;231903;251289;231903>,,,,,,0.67,,,,,,csv.stage.wjt,,,,,,,,,,,,,,,,,,,,,
100290,100290,,1,<231253;223592;232721;233543;251290;233543>,,,,,,0.72,,1.1,1.1,1.1,1.1,csv.stage.wjt,,,,,,,,,,,,,,,,,,,,,
100291,100291,,1,<230472;220023;232013;230883;251291;230731>,,,,,,0.67,,,,,,csv.stage.wjt,,,,,,,,,,,,,,,,,,,,,
100292,100292,,1,<230372;223502;230372;232593;251292;230692>,,,,,,0.67,,,,,,csv.stage.wjt,,,,,,,,,,,,,,,,,,,,,
100293,100293,,1,<230482;221071;230372;232272;251293;232683>,,,,,,0.67,,,,,,csv.stage.wjt,,,,,,,,,,,,,,,,,,,,,
100294,100294,,1,<233432;222483;230023;231253;251294;231253>,,,,,,0.67,,,,,,csv.stage.wjt,,,,,,,,,,,,,,,,,,,,,
100295,100295,,1,<231261;223631;231971;231981;251295;231271>,,,,,,0.72,,1.1,1.1,1.1,1.1,csv.stage.wjt,,,,,,,,,,,,,,,,,,,,,
100296,100296,,1,<232302;223283;230783;230593;251296;230593>,,,,,,0.67,,,,,,csv.stage.wjt,,,,,,,,,,,,,,,,,,,,,
100297,100297,,1,<231313;223303;231241;230572;251297;230572>,,,,,,0.67,,,,,,csv.stage.wjt,,,,,,,,,,,,,,,,,,,,,
100298,100298,,1,<233502;221503;231253;231172;251298;231841>,,,,,,0.67,,,,,,csv.stage.wjt,,,,,,,,,,,,,,,,,,,,,
100299,100299,,1,<231394;221423;231503;231813;251299;231893>,,,,,,0.67,,,,,,csv.stage.wjt,,,,,,,,,,,,,,,,,,,,,
100300,100300,,1,<230712;221261;230712;231172;251300;231172>,,,,,,0.72,,1.1,1.1,1.1,1.1,csv.stage.wjt,,,,,,,,,,,,,,,,,,,,,
100301,100301,,1,<231863;223432;231863;233021;251301;233413>,,,,,,0.7,,,,,,csv.stage.wjt,,,,,,,,,,,,,,,,,,,,,
100302,100302,,1,<231313;222033;231313;230641;251302;230721>,,,,,,0.7,,,,,,csv.stage.wjt,,,,,,,,,,,,,,,,,,,,,
100303,100303,,1,<230242;222993;231231;230015;251303;230015>,,,,,,0.7,,,,,,csv.stage.wjt,,,,,,,,,,,,,,,,,,,,,
100304,100304,,1,<231911;221931;231921;230731;251304;232401>,,,,,,0.7,,,,,,csv.stage.wjt,,,,,,,,,,,,,,,,,,,,,
100305,100305,,1,<230242;223211;230242;230015;251305;230603>,,,,,,0.75,1.1,1.1,1.1,1.1,1.1,csv.stage.wjt,,,,,,,,,,,,,,,,,,,,,
100306,100306,,1,<231903;221503;233432;232612;251306;230053>,,,,,,0.7,,,,,,csv.stage.wjt,,,,,,,,,,,,,,,,,,,,,
100307,100307,,1,<230712;220712;230712;230741;251307;230741>,,,,,,0.7,,,,,,csv.stage.wjt,,,,,,,,,,,,,,,,,,,,,
100308,100308,,1,<233771;220632;233771;230731;251308;230883>,,,,,,0.7,,,,,,csv.stage.wjt,,,,,,,,,,,,,,,,,,,,,
100309,100309,,1,<231271;223211;233543;230741;251309;231172>,,,,,,0.7,,,,,,csv.stage.wjt,,,,,,,,,,,,,,,,,,,,,
100310,100310,,1,<232351;220402;232351;233152;251310;233003>,,,,,,0.75,1.1,1.1,1.1,1.1,1.1,csv.stage.wjt,,,,,,,,,,,,,,,,,,,,,
100311,100311,,1,<231394;223283;231241;231443;251311;232612>,,,,,,0.7,,,,,,csv.stage.wjt,,,,,,,,,,,,,,,,,,,,,
100312,100312,,1,<230783;222303;233772;232473;251312;233663>,,,,,,0.7,,,,,,csv.stage.wjt,,,,,,,,,,,,,,,,,,,,,
100313,100313,,1,<231393;223353;231393;233631;251313;233631>,,,,,,0.7,,,,,,csv.stage.wjt,,,,,,,,,,,,,,,,,,,,,
100314,100314,,1,<232993;222993;232993;233211;251314;233211>,,,,,,0.7,,,,,,csv.stage.wjt,,,,,,,,,,,,,,,,,,,,,
100315,100315,,1,<230333;221863;230333;233211;251315;232391>,,,,,,0.75,1.1,1.1,1.1,1.1,1.1,csv.stage.wjt,,,,,,,,,,,,,,,,,,,,,
100316,100316,,1,<232013;222272;231813;232633;251316;231813>,,,,,,0.7,,,,,,csv.stage.wjt,,,,,,,,,,,,,,,,,,,,,
100317,100317,,1,<231253;221911;231253;233511;251317;233511>,,,,,,0.7,,,,,,csv.stage.wjt,,,,,,,,,,,,,,,,,,,,,
100318,100318,,1,<230333;220402;230333;232442;251318;232242>,,,,,,0.7,,,,,,csv.stage.wjt,,,,,,,,,,,,,,,,,,,,,
100319,100319,,1,<230632;220632;230632;230731;251319;233353>,,,,,,0.7,,,,,,csv.stage.wjt,,,,,,,,,,,,,,,,,,,,,
100320,100320,,1,<231911;221931;230731;231921;251320;232401>,,,,,,0.75,1.1,1.1,1.1,1.1,1.1,csv.stage.wjt,,,,,,,,,,,,,,,,,,,,,
100321,100321,,1,<232612;220493;232822;230692;251321;233511>,,,,,,0.7,,,,,,csv.stage.wjt,,,,,,,,,,,,,,,,,,,,,
100322,100322,,1,<232993;222993;232993;232822;251322;232822>,,,,,,0.7,,,,,,csv.stage.wjt,,,,,,,,,,,,,,,,,,,,,
100323,100323,,1,<231253;222822;231253;232351;251323;232361>,,,,,,0.7,,,,,,csv.stage.wjt,,,,,,,,,,,,,,,,,,,,,
100324,100324,,1,<232361;222361;232361;230024;251324;230024>,,,,,,0.7,,,,,,csv.stage.wjt,,,,,,,,,,,,,,,,,,,,,
100325,100325,,1,<230333;221863;230333;231271;251325;232361>,,,,,,0.75,1.1,1.1,1.1,1.1,1.1,csv.stage.wjt,,,,,,,,,,,,,,,,,,,,,
100326,100326,,1,<232891;222073;232963;230883;251326;231221>,,,,,,0.7,,,,,,csv.stage.wjt,,,,,,,,,,,,,,,,,,,,,
100327,100327,,1,<231911;220333;231911;231903;251327;231903>,,,,,,0.7,,,,,,csv.stage.wjt,,,,,,,,,,,,,,,,,,,,,
100328,100328,,1,<233543;223592;233543;231941;251328;231951>,,,,,,0.7,,,,,,csv.stage.wjt,,,,,,,,,,,,,,,,,,,,,
100329,100329,,1,<233663;220771;233663;231293;251329;231293>,,,,,,0.7,,,,,,csv.stage.wjt,,,,,,,,,,,,,,,,,,,,,
100330,100330,,1,<231271;223772;233211;230163;251330;230163>,,,,,,0.75,1.1,1.1,1.1,1.1,1.1,csv.stage.wjt,,,,,,,,,,,,,,,,,,,,,
100331,100331,,1,<230341;220341;232483;230263;251331;232963>,,,,,,0.7,,,,,,csv.stage.wjt,,,,,,,,,,,,,,,,,,,,,
100332,100332,,1,<233543;223432;233543;231393;251332;231393>,,,,,,0.7,,,,,,csv.stage.wjt,,,,,,,,,,,,,,,,,,,,,
100333,100333,,1,<231813;222993;231813;233413;251333;233413>,,,,,,0.7,,,,,,csv.stage.wjt,,,,,,,,,,,,,,,,,,,,,
100334,100334,,1,<231032;223152;233772;230402;251334;232401>,,,,,,0.7,,,,,,csv.stage.wjt,,,,,,,,,,,,,,,,,,,,,
100335,100335,,1,<233021;221921;233021;232361;251335;232351>,,,,,,0.75,1.1,1.1,1.1,1.1,1.1,csv.stage.wjt,,,,,,,,,,,,,,,,,,,,,
100336,100336,,1,<233293;223501;233472;233012;251336;233012>,,,,,,0.7,,,,,,csv.stage.wjt,,,,,,,,,,,,,,,,,,,,,
100337,100337,,1,<233592;223543;233592;230731;251337;230721>,,,,,,0.7,,,,,,csv.stage.wjt,,,,,,,,,,,,,,,,,,,,,
100338,100338,,1,<231911;220402;231911;231503;251338;231503>,,,,,,0.7,,,,,,csv.stage.wjt,,,,,,,,,,,,,,,,,,,,,
100339,100339,,1,<230402;222391;230402;230572;251339;233003>,,,,,,0.7,,,,,,csv.stage.wjt,,,,,,,,,,,,,,,,,,,,,
100340,100340,,1,<230632;220632;230632;231271;251340;231261>,,,,,,0.75,1.1,1.1,1.1,1.1,1.1,csv.stage.wjt,,,,,,,,,,,,,,,,,,,,,
100341,100341,,1,<232843;222843;232843;230552;251341;231393>,,,,,,0.7,,,,,,csv.stage.wjt,,,,,,,,,,,,,,,,,,,,,
100342,100342,,1,<231032;220493;231032;231172;251342;231172>,,,,,,0.7,,,,,,csv.stage.wjt,,,,,,,,,,,,,,,,,,,,,
100343,100343,,1,<233152;223152;233152;230572;251343;230572>,,,,,,0.7,,,,,,csv.stage.wjt,,,,,,,,,,,,,,,,,,,,,
100344,100344,,1,<230402;222033;233152;230572;251344;232242>,,,,,,0.7,,,,,,csv.stage.wjt,,,,,,,,,,,,,,,,,,,,,
100345,100345,,1,<232233;222233;232233;231271;251345;232391>,,,,,,0.75,1.1,1.1,1.1,1.1,1.1,csv.stage.wjt,,,,,,,,,,,,,,,,,,,,,
100346,100346,,1,<231612;221612;231612;233511;251346;230793>,,,,,,0.7,,,,,,csv.stage.wjt,,,,,,,,,,,,,,,,,,,,,
100347,100347,,1,<233152;223152;233152;232242;251347;232242>,,,,,,0.7,,,,,,csv.stage.wjt,,,,,,,,,,,,,,,,,,,,,
100348,100348,,1,<230264;221261;230264;230761;251348;230761>,,,,,,0.7,,,,,,csv.stage.wjt,,,,,,,,,,,,,,,,,,,,,
100349,100349,,1,<230264;222303;233021;230731;251349;232473>,,,,,,0.7,,,,,,csv.stage.wjt,,,,,,,,,,,,,,,,,,,,,
100350,100350,,1,<230394;220394;230394;230761;251350;230761>,,,,,,0.75,1.1,1.1,1.1,1.1,1.1,csv.stage.wjt,,,,,,,,,,,,,,,,,,,,,
100351,100351,,1,<230044;220044;230044;230153;251351;230153>,,,,,,0.7,,,,,,csv.stage.wjt,,,,,,,,,,,,,,,,,,,,,
100352,100352,,1,<230333;221231;231221;230731;251352;230593>,,,,,,0.7,,,,,,csv.stage.wjt,,,,,,,,,,,,,,,,,,,,,
100353,100353,,1,<231032;223663;231032;233592;251353;230731>,,,,,,0.7,,,,,,csv.stage.wjt,,,,,,,,,,,,,,,,,,,,,
100354,100354,,1,<231313;221261;231032;232723;251354;233592>,,,,,,0.7,,,,,,csv.stage.wjt,,,,,,,,,,,,,,,,,,,,,
100355,100355,,1,<232391;221221;232391;231291;251355;231961>,,,,,,0.75,1.1,1.1,1.1,1.1,1.1,csv.stage.wjt,,,,,,,,,,,,,,,,,,,,,
100356,100356,,1,<233502;221231;233502;233152;251356;233152>,,,,,,0.7,,,,,,csv.stage.wjt,,,,,,,,,,,,,,,,,,,,,
100357,100357,,1,<230641;220712;230641;230632;251357;230632>,,,,,,0.7,,,,,,csv.stage.wjt,,,,,,,,,,,,,,,,,,,,,
100358,100358,,1,<230402;220493;231253;232233;251358;232233>,,,,,,0.7,,,,,,csv.stage.wjt,,,,,,,,,,,,,,,,,,,,,
100359,100359,,1,<231253;221261;231253;231271;251359;232441>,,,,,,0.7,,,,,,csv.stage.wjt,,,,,,,,,,,,,,,,,,,,,
100360,100360,,1,<230712;221261;230712;230761;251360;231981>,,,,,,0.75,1.1,1.1,1.1,1.1,1.1,csv.stage.wjt,,,,,,,,,,,,,,,,,,,,,
100361,100361,,1,<230153;221612;230153;232233;251361;232233>,,,,,,0.7,,,,,,csv.stage.wjt,,,,,,,,,,,,,,,,,,,,,
100362,100362,,1,<233663;223663;233663;230712;251362;230712>,,,,,,0.7,,,,,,csv.stage.wjt,,,,,,,,,,,,,,,,,,,,,
100363,100363,,1,<230044;251363;230044;230394;251363;230004>,,,,,,0.7,,,,,,csv.stage.wjt,,,,,,,,,,,,,,,,,,,,,
100364,100364,,1,<233501;223631;233501;230883;251364;232381>,,,,,,0.7,,,,,,csv.stage.wjt,,,,,,,,,,,,,,,,,,,,,
100365,100365,,1,<233592;223631;233592;233642;251365;232361>,,,,,,0.75,1.1,1.1,1.1,1.1,1.1,csv.stage.wjt,,,,,,,,,,,,,,,,,,,,,
100366,100366,,1,<232303;220053;232303;230222;251366;230222>,,,,,,0.7,,,,,,csv.stage.wjt,,,,,,,,,,,,,,,,,,,,,
100367,100367,,1,<231231;222993;230242;230024;251367;230024>,,,,,,0.7,,,,,,csv.stage.wjt,,,,,,,,,,,,,,,,,,,,,
100368,100368,,1,<231394;221394;231394;232242;251368;232242>,,,,,,0.7,,,,,,csv.stage.wjt,,,,,,,,,,,,,,,,,,,,,
100369,100369,,1,<232233;222233;232233;232442;251369;230731>,,,,,,0.7,,,,,,csv.stage.wjt,,,,,,,,,,,,,,,,,,,,,
100370,100370,,1,<231261;221271;231971;232431;251370;232391>,,,,,,0.75,1.1,1.1,1.1,1.1,1.1,csv.stage.wjt,,,,,,,,,,,,,,,,,,,,,
100371,100371,,1,<230372;220333;230372;231853;251371;231853>,,,,,,0.7,,,,,,csv.stage.wjt,,,,,,,,,,,,,,,,,,,,,
100372,100372,,1,<233843;220004;233843;230741;251372;230741>,,,,,,0.7,,,,,,csv.stage.wjt,,,,,,,,,,,,,,,,,,,,,
100373,100373,,1,<231921;222303;231921;231082;251373;231082>,,,,,,0.7,,,,,,csv.stage.wjt,,,,,,,,,,,,,,,,,,,,,
100374,100374,,1,<231221;221921;232361;230731;251374;231941>,,,,,,0.7,,,,,,csv.stage.wjt,,,,,,,,,,,,,,,,,,,,,
100375,100375,,1,<231253;221253;231253;230163;251375;230163>,,,,,,0.75,1.1,1.1,1.1,1.1,1.1,csv.stage.wjt,,,,,,,,,,,,,,,,,,,,,
100376,100376,,1,<232073;222073;232073;234132;251376;234132>,,,,,,0.7,,,,,,csv.stage.wjt,,,,,,,,,,,,,,,,,,,,,
100377,100377,,1,<231921;221921;231921;230242;251377;230242>,,,,,,0.7,,,,,,csv.stage.wjt,,,,,,,,,,,,,,,,,,,,,
100378,100378,,1,<230333;221221;230333;230731;251378;230883>,,,,,,0.7,,,,,,csv.stage.wjt,,,,,,,,,,,,,,,,,,,,,
100379,100379,,1,<232351;222351;232351;233413;251379;232242>,,,,,,0.7,,,,,,csv.stage.wjt,,,,,,,,,,,,,,,,,,,,,
100380,100380,,1,<231961;221971;231271;232431;251380;233631>,,,,,,0.75,1.1,1.1,1.1,1.1,1.1,csv.stage.wjt,,,,,,,,,,,,,,,,,,,,,
100381,100381,,1,<233843;220013;233843;230023;251381;230001>,,,,,,0.7,,,,,,csv.stage.wjt,,,,,,,,,,,,,,,,,,,,,
100382,100382,,1,<230263;222401;230263;231951;251382;231941>,,,,,,0.7,,,,,,csv.stage.wjt,,,,,,,,,,,,,,,,,,,,,
100383,100383,,1,<230004;222303;230004;231293;251383;233663>,,,,,,0.7,,,,,,csv.stage.wjt,,,,,,,,,,,,,,,,,,,,,
100384,100384,,1,<231841;221841;231841;232431;251384;232431>,,,,,,0.7,,,,,,csv.stage.wjt,,,,,,,,,,,,,,,,,,,,,
100385,100385,,1,<232391;222351;232381;231981;251385;231971>,,,,,,0.75,1.1,1.1,1.1,1.1,1.1,csv.stage.wjt,,,,,,,,,,,,,,,,,,,,,
100386,100386,,1,<230093;220463;231852;233592;251386;233592>,,,,,,0.7,,,,,,csv.stage.wjt,,,,,,,,,,,,,,,,,,,,,
100387,100387,,1,<230372;223772;230372;230393;251387;230393>,,,,,,0.7,,,,,,csv.stage.wjt,,,,,,,,,,,,,,,,,,,,,
100388,100388,,1,<232361;222033;232361;230024;251388;230024>,,,,,,0.7,,,,,,csv.stage.wjt,,,,,,,,,,,,,,,,,,,,,
100389,100389,,1,<231032;223772;233642;233143;251389;231271>,,,,,,0.7,,,,,,csv.stage.wjt,,,,,,,,,,,,,,,,,,,,,
100390,100390,,1,<231271;221231;231271;230014;251390;230015>,,,,,,0.75,1.1,1.1,1.1,1.1,1.1,csv.stage.wjt,,,,,,,,,,,,,,,,,,,,,
100391,100391,,1,<232923;222924;232923;231802;251391;231802>,,,,,,0.7,,,,,,csv.stage.wjt,,,,,,,,,,,,,,,,,,,,,
100392,100392,,1,<230402;221931;230402;233353;251392;233353>,,,,,,0.7,,,,,,csv.stage.wjt,,,,,,,,,,,,,,,,,,,,,
100393,100393,,1,<231231;223152;231271;231172;251393;230741>,,,,,,0.7,,,,,,csv.stage.wjt,,,,,,,,,,,,,,,,,,,,,
100394,100394,,1,<231503;223353;232391;230731;251394;230883>,,,,,,0.7,,,,,,csv.stage.wjt,,,,,,,,,,,,,,,,,,,,,
100395,100395,,1,<233663;223663;233663;231291;251395;230771>,,,,,,0.75,1.1,1.1,1.1,1.1,1.1,csv.stage.wjt,,,,,,,,,,,,,,,,,,,,,
100396,100396,,1,<230632;220632;230632;230783;251396;230783>,,,,,,0.7,,,,,,csv.stage.wjt,,,,,,,,,,,,,,,,,,,,,
100397,100397,,1,<232723;221841;232723;233432;251397;233432>,,,,,,0.7,,,,,,csv.stage.wjt,,,,,,,,,,,,,,,,,,,,,
100398,100398,,1,<230712;220712;230712;231423;251398;231423>,,,,,,0.7,,,,,,csv.stage.wjt,,,,,,,,,,,,,,,,,,,,,
100399,100399,,1,<231231;221221;231241;230731;251399;230721>,,,,,,0.7,,,,,,csv.stage.wjt,,,,,,,,,,,,,,,,,,,,,
100400,100400,,1,<233543;223211;233543;231261;251400;232441>,,,,,,0.75,1.1,1.1,1.1,1.1,1.1,csv.stage.wjt,,,,,,,,,,,,,,,,,,,,,
200001,200001,,1,<511393;520641;512073;530273;530991;540481>,<0;0;0;0;1;0>,,,,,0.5,0.8,0.8,0.8,0.8,0.8,csv.stage.wjt,,,,,,,0.8,0.8,0.8,0.8,<0;0;0;0;1;0>,0.8,<510641;520793;511671;534183;530392;540463>,,0.5,,,,,,
200002,200002,,1,<510281;521082;513282;530574;533181;540394>,<0;0;0;0;1;0>,,,,,0.5,0.8,0.8,0.8,0.8,0.8,csv.stage.wjt,,,,,,,0.8,0.8,0.8,0.8,<0;0;0;0;1;0>,0.8,<511801;520052;510901;533772;530881;541072>,,0.5,,,,,,
200003,200003,,1,<512371;520432;511032;534641;531172;542411>,<0;0;0;0;1;0>,,,,,0.5,0.8,0.8,0.8,0.8,0.8,csv.stage.wjt,,,,,,,0.8,0.8,0.8,0.8,<0;0;0;0;1;0>,0.8,<510251;521301;514621;530861;531071;543772>,,0.5,,,,,,
200004,200004,,1,<513543;524012;513231;530431;530884;541911>,<0;0;0;0;1;0>,,,,,0.5,0.8,0.8,0.8,0.8,0.8,csv.stage.wjt,,,,,,,0.8,0.8,0.8,0.8,<0;0;0;0;1;0>,0.8,<510901;521393;512023;532471;531501;544202>,,0.5,,,,,,
200005,200005,,1,<514853;520442;514853;531812;560010;540323>,<0;0;0;0;1;0>,,,,,0.6,0.9,0.9,0.9,0.9,0.9,csv.stage.wjt,,,,,,,0.9,0.9,0.9,0.9,<0;0;0;0;1;0>,0.9,<510333;524622;510731;530333;570010;540731>,,0.6,,,,,,
200006,200006,,1,<513682;523541;513161;530251;531422;543191>,<0;0;0;0;1;0>,,,,,0.5,0.8,0.8,0.8,0.8,0.8,csv.stage.wjt,,,,,,,0.8,0.8,0.8,0.8,<0;0;0;0;1;0>,0.8,<514651;520252;510591;534651;531391;543542>,,0.5,,,,,,
200007,200007,,1,<511812;523152;513981;530441;533141;542043>,<0;0;0;0;1;0>,,,,,0.5,0.8,0.8,0.8,0.8,0.8,csv.stage.wjt,,,,,,,0.8,0.8,0.8,0.8,<0;0;0;0;1;0>,0.8,<512493;524132;514011;530712;533353;542471>,,0.5,,,,,,
200008,200008,,1,<511173;521502;510572;533353;532993;540971>,<0;0;0;0;1;0>,,,,,0.5,0.8,0.8,0.8,0.8,0.8,csv.stage.wjt,,,,,,,0.8,0.8,0.8,0.8,<0;0;0;0;1;0>,0.8,<510771;521302;510262;531081;530753;544623>,,0.5,,,,,,
200009,200009,,1,<510592;522032;513142;531081;531971;543772>,<0;0;0;0;1;0>,,,,,0.5,0.8,0.8,0.8,0.8,0.8,csv.stage.wjt,,,,,,,0.8,0.8,0.8,0.8,<0;0;0;0;1;0>,0.8,<510393;522022;510431;531294;533623;543661>,,0.5,,,,,,
200010,200010,,1,<513611;524631;513611;532821;560020;542821>,<0;0;0;0;1;0>,,,,,0.6,0.9,0.9,0.9,0.9,0.9,csv.stage.wjt,,,,,,,0.9,0.9,0.9,0.9,<0;0;0;0;1;0>,0.9,<513052;524601;513161;534121;570020;544121>,,0.6,,,,,,
200011,200011,,1,<510731;523001;511072;534202;534623;543143>,<0;0;0;0;1;0>,,,,,0.5,0.8,0.8,0.8,0.8,0.8,csv.stage.wjt,,,,,,,0.8,0.8,0.8,0.8,<0;0;0;0;1;0>,0.8,<512042;520302;511511;530782;534852;542401>,,0.5,,,,,,
200012,200012,,1,<513282;524641;510044;530634;531293;541293>,<0;0;0;0;1;0>,,,,,0.5,0.8,0.8,0.8,0.8,0.8,csv.stage.wjt,,,,,,,0.8,0.8,0.8,0.8,<0;0;0;0;1;0>,0.8,<512233;520024;513591;530574;530254;540883>,,0.5,,,,,,
200013,200013,,1,<513541;520601;513161;533052;534583;543152>,<0;0;0;0;1;0>,,,,,0.5,0.8,0.8,0.8,0.8,0.8,csv.stage.wjt,,,,,,,0.8,0.8,0.8,0.8,<0;0;0;0;1;0>,0.8,<513961;520603;512233;530603;534193;544392>,,0.5,,,,,,
200014,200014,,1,<510331;524651;514203;531396;534031;541241>,<0;0;0;0;1;0>,,,,,0.5,0.8,0.8,0.8,0.8,0.8,csv.stage.wjt,,,,,,,0.8,0.8,0.8,0.8,<0;0;0;0;1;0>,0.8,<512371;521396;514622;530162;534661;540015>,,0.5,,,,,,
200015,200015,,1,<512411;520394;512411;531951;560030;541304>,<0;0;0;0;1;0>,,,,,0.6,0.9,0.9,0.9,0.9,0.9,csv.stage.wjt,,,,,,,0.9,0.9,0.9,0.9,<0;0;0;0;1;0>,0.9,<514041;523351;514041;530574;570030;540574>,,0.6,,,,,,
200016,200016,,1,<511072;524132;510712;533542;533171;542022>,<0;0;0;0;1;0>,,,,,0.5,0.8,0.8,0.8,0.8,0.8,csv.stage.wjt,,,,,,,0.8,0.8,0.8,0.8,<0;0;0;0;1;0>,0.8,<510144;521171;510861;530024;531841;543413>,,0.5,,,,,,
200017,200017,,1,<510501;524132;511812;534181;531841;540263>,<0;0;0;0;1;0>,,,,,0.5,0.8,0.8,0.8,0.8,0.8,csv.stage.wjt,,,,,,,0.8,0.8,0.8,0.8,<0;0;0;0;1;0>,0.8,<513673;524582;510721;533941;530381;541031>,,0.5,,,,,,
200018,200018,,1,<510431;524622;512022;530252;533001;543301>,<0;0;0;0;1;0>,,,,,0.5,0.8,0.8,0.8,0.8,0.8,csv.stage.wjt,,,,,,,0.8,0.8,0.8,0.8,<0;0;0;0;1;0>,0.8,<510391;520992;514671;530442;532723;543542>,,0.5,,,,,,
200019,200019,,1,<510262;520901;510591;533832;531261;540263>,<0;0;0;0;1;0>,,,,,0.5,0.8,0.8,0.8,0.8,0.8,csv.stage.wjt,,,,,,,0.8,0.8,0.8,0.8,<0;0;0;0;1;0>,0.8,<513251;524051;514622;530634;537091;544131>,,0.5,,,,,,
200020,200020,,1,<511504;523161;511504;534023;560040;547111>,<0;0;0;0;1;0>,,,,,0.6,0.9,,,,,csv.stage.wjt,,,,,,,,,,0.9,<0;0;0;0;1;0>,,<513981;524091;513981;532391;570040;544611>,,0.6,,,,,,
200021,200021,,1,<510401;523293;510151;530323;533231;542071>,<0;0;0;0;1;0>,,,,,0.5,0.8,0.8,0.8,0.8,0.8,csv.stage.wjt,,,,,,,0.8,0.8,0.8,0.8,<0;0;0;0;1;0>,0.8,<510472;520392;512072;530281;534071;542132>,,0.5,,,,,,
200022,200022,,1,<510803;521861;510463;532821;534132;542272>,<0;0;0;0;1;0>,,,,,0.5,0.8,0.8,0.8,0.8,0.8,csv.stage.wjt,,,,,,,0.8,0.8,0.8,0.8,<0;0;0;0;1;0>,0.8,<511443;522233;514621;530052;530432;543412>,,0.5,,,,,,
200023,200023,,1,<513842;524393;510251;531082;531901;541671>,<0;0;0;0;1;0>,,,,,0.5,0.8,0.8,0.8,0.8,0.8,csv.stage.wjt,,,,,,,0.8,0.8,0.8,0.8,<0;0;0;0;1;0>,0.8,<513301;520333;512722;530054;530241;544132>,,0.5,,,,,,
200024,200024,,1,<511293;520901;512993;530254;530251;541921>,<0;0;0;0;1;0>,,,,,0.5,0.8,0.8,0.8,0.8,0.8,csv.stage.wjt,,,,,,,0.8,0.8,0.8,0.8,<0;0;0;0;1;0>,0.8,<511231;521902;514013;530144;534852;543682>,,0.5,,,,,,
200025,200025,,1,<512721;521653;512721;534081;560050;543771>,<0;0;0;0;1;0>,,,,,0.6,0.9,,,,,csv.stage.wjt,,,,,,,,,,0.9,<0;0;0;0;1;0>,,<510562;524013;510561;534081;570050;544081>,,0.6,,,,,,
200026,200026,,1,<511071;521951;510492;534132;530771;542132>,<0;0;0;0;1;0>,,,,,0.5,0.8,0.8,0.8,0.8,0.8,csv.stage.wjt,,,,,,,0.8,0.8,0.8,0.8,<0;0;0;0;1;0>,0.8,<511173;520323;510144;534581;534561;542331>,,0.5,,,,,,
200027,200027,,1,<513981;521671;510241;533681;530634;540441>,<0;0;0;0;1;0>,,,,,0.5,0.8,0.8,0.8,0.8,0.8,csv.stage.wjt,,,,,,,0.8,0.8,0.8,0.8,<0;0;0;0;1;0>,0.8,<514641;523191;510721;531391;531653;543542>,,0.5,,,,,,
200028,200028,,1,<514181;523681;512493;532473;532822;543152>,<0;0;0;0;1;0>,,,,,0.5,0.8,0.8,0.8,0.8,0.8,csv.stage.wjt,,,,,,,0.8,0.8,0.8,0.8,<0;0;0;0;1;0>,0.8,<511072;520492;512822;530441;530431;543411>,,0.5,,,,,,
200029,200029,,1,<513003;521392;513542;531301;533211;541423>,<0;0;0;0;1;0>,,,,,0.5,0.8,0.8,0.8,0.8,0.8,csv.stage.wjt,,,,,,,0.8,0.8,0.8,0.8,<0;0;0;0;1;0>,0.8,<510861;520592;513961;531241;534024;542131>,,0.5,,,,,,
200030,200030,,1,<514012;523651;514013;534011;560060;544111>,<0;0;0;0;1;0>,,,,,0.6,0.9,,,,,csv.stage.wjt,,,,,,,,,,0.9,<0;0;0;0;1;0>,,<511241;521231;511221;532461;570060;541271>,,0.6,,,,,,
200031,200031,,1,<510463;520212;510002;534203;537001;540332>,<0;0;0;0;1;0>,,,,,0.5,0.8,0.8,0.8,0.8,0.8,csv.stage.wjt,,,,,,,0.8,0.8,0.8,0.8,<0;0;0;0;1;0>,0.8,<511891;523143;510801;532472;530593;544391>,,0.5,,,,,,
200032,200032,,1,<512401;520023;510801;530641;530753;540242>,<0;0;0;0;1;0>,,,,,0.5,0.8,0.8,0.8,0.8,0.8,csv.stage.wjt,,,,,,,0.8,0.8,0.8,0.8,<0;0;0;0;1;0>,0.8,<510221;520801;512612;530463;530881;540001>,,0.5,,,,,,
200033,200033,,1,<514671;521893;513351;531291;530252;541293>,<0;0;0;0;1;0>,,,,,0.5,0.8,0.8,0.8,0.8,0.8,csv.stage.wjt,,,,,,,0.8,0.8,0.8,0.8,<0;0;0;0;1;0>,0.8,<510991;524431;511173;534031;532401;544583>,,0.5,,,,,,
200034,200034,,1,<511903;520162;513673;533592;533002;541423>,<0;0;0;0;1;0>,,,,,0.5,0.8,0.8,0.8,0.8,0.8,csv.stage.wjt,,,,,,,0.8,0.8,0.8,0.8,<0;0;0;0;1;0>,0.8,<514181;523171;510602;532041;532722;542033>,,0.5,,,,,,
200035,200035,,1,<510382;521921;514661;530144;560070;540144>,<0;0;0;0;1;0>,,,,,0.6,0.9,,,,,csv.stage.wjt,,,,,,,,,,0.9,<0;0;0;0;1;0>,,<514203;523771;513683;530024;570070;540024>,,0.6,,,,,,
200036,200036,,1,<514561;521903;511931;530492;530992;542821>,<0;0;0;0;1;0>,,,,,0.5,0.8,0.8,0.8,0.8,0.8,csv.stage.wjt,,,,,,,0.8,0.8,0.8,0.8,<0;0;0;0;1;0>,0.8,<514041;523832;511931;531251;531422;542232>,,0.5,,,,,,
200037,200037,,1,<514061;524851;514852;533191;530332;541252>,<0;0;0;0;1;0>,,,,,0.5,0.8,0.8,0.8,0.8,0.8,csv.stage.wjt,,,,,,,0.8,0.8,0.8,0.8,<0;0;0;0;1;0>,0.8,<514641;521653;511803;533003;530972;542492>,,0.5,,,,,,
200038,200038,,1,<514131;522401;512244;532041;537001;541391>,<0;0;0;0;1;0>,,,,,0.5,0.8,0.8,0.8,0.8,0.8,csv.stage.wjt,,,,,,,0.8,0.8,0.8,0.8,<0;0;0;0;1;0>,0.8,<514081;520591;510861;534193;532992;542041>,,0.5,,,,,,
200039,200039,,1,<511313;521921;510254;530501;534121;540602>,<0;0;0;0;1;0>,,,,,0.5,0.8,0.8,0.8,0.8,0.8,csv.stage.wjt,,,,,,,0.8,0.8,0.8,0.8,<0;0;0;0;1;0>,0.8,<511903;523662;513672;533201;537131;542232>,,0.5,,,,,,
200040,200040,,1,<512461;521972;512461;531173;560080;541173>,<0;0;0;0;1;0>,,,,,0.6,0.9,,,,,csv.stage.wjt,,,,,,,,,,0.9,<0;0;0;0;1;0>,,<514171;520401;514023;537081;570080;542351>,,0.6,,,,,,
200041,200041,,1,<510053;520262;511903;532271;530634;540272>,<0;0;0;0;1;0>,,,,,0.5,0.8,0.8,0.8,0.8,0.8,csv.stage.wjt,,,,,,,0.8,0.8,0.8,0.8,<0;0;0;0;1;0>,0.8,<511902;524671;510281;530634;531772;542071>,,0.5,,,,,,
200042,200042,,1,<514431;520253;510254;530403;531901;540323>,<0;0;0;0;1;0>,,,,,0.5,0.8,0.8,0.8,0.8,0.8,csv.stage.wjt,,,,,,,0.8,0.8,0.8,0.8,<0;0;0;0;1;0>,0.8,<510882;522331;513831;531442;532032;540301>,,0.5,,,,,,
200043,200043,,1,<514151;522371;514623;531503;530333;542471>,<0;0;0;0;1;0>,,,,,0.5,0.8,0.8,0.8,0.8,0.8,csv.stage.wjt,,,,,,,0.8,0.8,0.8,0.8,<0;0;0;0;1;0>,0.8,<511501;521893;510382;531672;532021;541081>,,0.5,,,,,,
200044,200044,,1,<514651;520264;514011;530771;532241;540712>,<0;0;0;0;1;0>,,,,,0.5,0.8,0.8,0.8,0.8,0.8,csv.stage.wjt,,,,,,,0.8,0.8,0.8,0.8,<0;0;0;0;1;0>,0.8,<511772;524131;511291;530574;530015;544011>,,0.5,,,,,,
200045,200045,,1,<514141;520701;514141;530401;560090;540401>,<0;0;0;0;1;0>,,,,,0.6,0.9,,,,,csv.stage.wjt,,,,,,,,,,0.9,<0;0;0;0;1;0>,,<514682;527041;514012;570090;530762;570091>,,0.6,,,,,,
200046,200046,,1,<510753;523201;510731;533661;533141;543142>,<0;0;0;0;1;0>,,,,,0.5,0.8,0.8,0.8,0.8,0.8,csv.stage.wjt,,,,,,,0.8,0.8,0.8,0.8,<0;0;0;0;1;0>,0.8,<513591;520753;510403;531911;530712;544192>,,0.5,,,,,,
200047,200047,,1,<513152;520432;510601;533681;532721;540753>,<0;0;0;0;1;0>,,,,,0.5,0.8,0.8,0.8,0.8,0.8,csv.stage.wjt,,,,,,,0.8,0.8,0.8,0.8,<0;0;0;0;1;0>,0.8,<514621;521893;511253;531501;530632;541173>,,0.5,,,,,,
200048,200048,,1,<511931;520253;511291;532491;532991;544622>,<0;0;0;0;1;0>,,,,,0.5,0.8,0.8,0.8,0.8,0.8,csv.stage.wjt,,,,,,,0.8,0.8,0.8,0.8,<0;0;0;0;1;0>,0.8,<511031;524202;510331;531231;530753;540881>,,0.5,,,,,,
200049,200049,,1,<514183;520991;512242;530863;537101;540992>,<0;0;0;0;1;0>,,,,,0.5,0.8,0.8,0.8,0.8,0.8,csv.stage.wjt,,,,,,,0.8,0.8,0.8,0.8,<0;0;0;0;1;0>,0.8,<510711;523142;513021;533201;533642;543171>,,0.5,,,,,,
200050,200050,,1,<517151;527141;510397;532391;560100;541982>,<0;0;0;0;1;0>,,,,,0.6,0.9,,,,,csv.stage.wjt,,,,,,,,,,0.9,<0;0;0;0;1;0>,,<517001;520731;511221;534061;570100;540884>,,0.6,,,,,,
200051,200051,,1,<513171;520281;512683;530593;532723;540051>,<0;0;0;0;1;0>,,,,,0.7,,,,,,csv.stage.wjt,,,,,,,,,,,<0;0;0;0;1;0>,,<510551;520552;510593;531853;530394;540002>,,0.7,,,,,,
200052,200052,,1,<513832;522993;514151;530481;533542;541772>,<0;0;0;0;1;0>,,,,,0.7,,,,,,csv.stage.wjt,,,,,,,,,,,<0;0;0;0;1;0>,,<512873;520701;513843;534013;530431;540153>,,0.7,,,,,,
200053,200053,,1,<514853;522131;511221;530323;530432;544852>,<0;0;0;0;1;0>,,,,,0.7,,,,,,csv.stage.wjt,,,,,,,,,,,<0;0;0;0;1;0>,,<514192;523191;514061;534061;534621;540731>,,0.7,,,,,,
200054,200054,,1,<514141;520024;510862;531421;532041;543052>,<0;0;0;0;1;0>,,,,,0.7,,,,,,csv.stage.wjt,,,,,,,,,,,<0;0;0;0;1;0>,,<514622;523841;512992;533351;531221;540882>,,0.7,,,,,,
200055,200055,,1,<513161;523171;513181;533411;560110;544024>,<0;0;0;0;1;0>,,,,,0.75,1.1,1.1,1.1,1.1,1.1,csv.stage.wjt,,,,,,,1.1,1.1,1.1,1.1,<0;0;0;0;1;0>,1.1,<514071;520863;510721;530731;570110;540741>,,0.75,,,,,,
200056,200056,,1,<513841;522721;514621;530602;533841;543841>,<0;0;0;0;1;0>,,,,,0.7,,,,,,csv.stage.wjt,,,,,,,,,,,<0;0;0;0;1;0>,,<510394;522043;510332;532821;530264;540441>,,0.7,,,,,,
200057,200057,,1,<514651;521394;513662;533353;533231;540771>,<0;0;0;0;1;0>,,,,,0.7,,,,,,csv.stage.wjt,,,,,,,,,,,<0;0;0;0;1;0>,,<510393;523543;514661;532473;532303;541951>,,0.7,,,,,,
200058,200058,,1,<510571;522991;511901;532233;534141;544013>,<0;0;0;0;1;0>,,,,,0.7,,,,,,csv.stage.wjt,,,,,,,,,,,<0;0;0;0;1;0>,,<510254;522822;513662;533021;530901;544141>,,0.7,,,,,,
200059,200059,,1,<512991;520883;513673;534012;534121;544041>,<0;0;0;0;1;0>,,,,,0.7,,,,,,csv.stage.wjt,,,,,,,,,,,<0;0;0;0;1;0>,,<514192;523251;510323;533941;537071;541314>,,0.7,,,,,,
200060,200060,,1,<513641;521261;517041;533631;560120;547061>,<0;0;0;0;1;0>,,,,,0.75,1.1,1.1,1.1,1.1,1.1,csv.stage.wjt,,,,,,,1.1,1.1,1.1,1.1,<0;0;0;0;1;0>,1.1,<517071;522421;514601;537111;570120;540762>,,0.75,,,,,,
200061,200061,,1,<512232;520282;511502;533772;530501;540593>,<0;0;0;0;1;0>,,,,,0.7,,,,,,csv.stage.wjt,,,,,,,,,,,<0;0;0;0;1;0>,,<510992;522022;510393;533143;530261;540372>,,0.7,,,,,,
200062,200062,,1,<514391;520462;510273;530261;531892;540432>,<0;0;0;0;1;0>,,,,,0.7,,,,,,csv.stage.wjt,,,,,,,,,,,<0;0;0;0;1;0>,,<510601;523143;510793;530372;531398;543152>,,0.7,,,,,,
200063,200063,,1,<513171;521902;511072;531671;532132;543543>,<0;0;0;0;1;0>,,,,,0.7,,,,,,csv.stage.wjt,,,,,,,,,,,<0;0;0;0;1;0>,,<512023;521892;510321;530024;531671;542721>,,0.7,,,,,,
200064,200064,,1,<514131;520991;512241;533181;533151;540403>,<0;0;0;0;1;0>,,,,,0.7,,,,,,csv.stage.wjt,,,,,,,,,,,<0;0;0;0;1;0>,,<510901;521893;510161;531903;532023;541396>,,0.7,,,,,,
200065,200065,,1,<510251;523353;512232;531393;560130;541394>,<0;0;0;0;1;0>,,,,,0.75,1.1,1.1,1.1,1.1,1.1,csv.stage.wjt,,,,,,,1.1,1.1,1.1,1.1,<0;0;0;0;1;0>,1.1,<513412;521903;513412;534111;570130;544031>,,0.75,,,,,,
200066,200066,,1,<512244;520163;514852;531423;531931;540701>,<0;0;0;0;1;0>,,,,,0.7,,,,,,csv.stage.wjt,,,,,,,,,,,<0;0;0;0;1;0>,,<510883;520753;513843;530382;533541;540492>,,0.7,,,,,,
200067,200067,,1,<511653;523021;513413;530252;530602;541072>,<0;0;0;0;1;0>,,,,,0.7,,,,,,csv.stage.wjt,,,,,,,,,,,<0;0;0;0;1;0>,,<513842;521803;512411;530741;533302;542033>,,0.7,,,,,,
200068,200068,,1,<510143;521651;510441;530753;530382;540503>,<0;0;0;0;1;0>,,,,,0.7,,,,,,csv.stage.wjt,,,,,,,,,,,<0;0;0;0;1;0>,,<514851;521421;511241;530731;531771;543302>,,0.7,,,,,,
200069,200069,,1,<514391;520054;510972;534621;537111;540333>,<0;0;0;0;1;0>,,,,,0.7,,,,,,csv.stage.wjt,,,,,,,,,,,<0;0;0;0;1;0>,,<510971;521312;510741;531221;535391;541314>,,0.7,,,,,,
200070,200070,,1,<514391;527031;513601;533673;560140;547051>,<0;0;0;0;1;0>,,,,,0.75,1.1,1.1,1.1,1.1,1.1,csv.stage.wjt,,,,,,,1.1,1.1,1.1,1.1,<0;0;0;0;1;0>,1.1,<514023;524682;512461;532442;570140;541281>,,0.75,,,,,,
200071,200071,,1,<510572;524201;513771;534192;531293;540462>,<0;0;0;0;1;0>,,,,,0.7,,,,,,csv.stage.wjt,,,,,,,,,,,<0;0;0;0;1;0>,,<511173;522471;512962;534392;530991;540282>,,0.7,,,,,,
200072,200072,,1,<510002;520381;510132;532041;531653;540781>,<0;0;0;0;1;0>,,,,,0.7,,,,,,csv.stage.wjt,,,,,,,,,,,<0;0;0;0;1;0>,,<512232;523003;510044;532722;534392;544041>,,0.7,,,,,,
200073,200073,,1,<513592;520574;510263;530501;530014;541171>,<0;0;0;0;1;0>,,,,,0.7,,,,,,csv.stage.wjt,,,,,,,,,,,<0;0;0;0;1;0>,,<514661;521813;510402;530251;530574;543591>,,0.7,,,,,,
200074,200074,,1,<514013;520593;513303;533941;531301;543941>,<0;0;0;0;1;0>,,,,,0.7,,,,,,csv.stage.wjt,,,,,,,,,,,<0;0;0;0;1;0>,,<514081;520251;511301;531253;530884;540712>,,0.7,,,,,,
200075,200075,,1,<511911;521921;511931;532384;560150;542383>,<0;0;0;0;1;0>,,,,,0.75,1.1,1.1,1.1,1.1,1.1,csv.stage.wjt,,,,,,,1.1,1.1,1.1,1.1,<0;0;0;0;1;0>,1.1,<512821;523611;512821;531171;570150;541171>,,0.75,,,,,,
200076,200076,,1,<513151;520024;510252;534201;531911;540591>,<0;0;0;0;1;0>,,,,,0.7,,,,,,csv.stage.wjt,,,,,,,,,,,<0;0;0;0;1;0>,,<511811;521771;511672;534853;532242;543251>,,0.7,,,,,,
200077,200077,,1,<511292;524193;513412;533301;532471;540263>,<0;0;0;0;1;0>,,,,,0.7,,,,,,csv.stage.wjt,,,,,,,,,,,<0;0;0;0;1;0>,,<510572;524012;511941;534141;532132;542041>,,0.7,,,,,,
200078,200078,,1,<513251;524183;510333;531502;530901;541812>,<0;0;0;0;1;0>,,,,,0.7,,,,,,csv.stage.wjt,,,,,,,,,,,<0;0;0;0;1;0>,,<514071;520562;511303;531941;533941;542042>,,0.7,,,,,,
200079,200079,,1,<510591;521901;510331;533231;534161;540253>,<0;0;0;0;1;0>,,,,,0.7,,,,,,csv.stage.wjt,,,,,,,,,,,<0;0;0;0;1;0>,,<514151;522371;510901;534151;533623;541504>,,0.7,,,,,,
200080,200080,,1,<517151;524631;514682;537131;560160;542441>,<0;0;0;0;1;0>,,,,,0.78,1.15,1.15,1.15,1.15,1.15,csv.stage.wjt,,,,,,,1.15,1.15,1.15,1.15,<0;0;0;0;1;0>,1.15,<517151;520397;517151;534132;570160;543771>,,0.78,,,,,,
200081,200081,,1,<513961;520881;511314;533432;530001;540054>,<0;0;0;0;1;0>,,,,,0.82,1.21,1.21,1.21,1.21,1.21,csv.stage.wjt,,,,,,,1.21,1.21,1.21,1.21,<0;0;0;0;1;0>,1.21,<511443;522831;510163;531853;531772;540591>,,0.82,,,,,,
200082,200082,,1,<510015;522042;510024;530402;533201;540381>,<0;0;0;0;1;0>,,,,,0.86,1.27,1.27,1.27,1.27,1.27,csv.stage.wjt,,,,,,,1.27,1.27,1.27,1.27,<0;0;0;0;1;0>,1.27,<511172;523472;512132;532841;530991;543511>,,0.86,,,,,,
200083,200083,,1,<510592;521812;510491;531901;533181;540971>,<0;0;0;0;1;0>,,,,,0.9,1.33,1.33,1.33,1.33,1.33,csv.stage.wjt,,,,,,,1.33,1.33,1.33,1.33,<0;0;0;0;1;0>,1.33,<513842;521312;511032;530253;534131;541172>,,0.9,,,,,,
200084,200084,,1,<511294;522131;513001;530603;531221;541893>,<0;0;0;0;1;0>,,,,,0.95,1.4,1.4,1.4,1.4,1.4,csv.stage.wjt,,,,,,,1.4,1.4,1.4,1.4,<0;0;0;0;1;0>,1.4,<514031;524583;510393;533961;530701;544013>,,0.95,,,,,,
200085,200085,,1,<514561;523543;511672;533981;560170;543633>,<0;0;0;0;1;0>,,,,,1.1,1.62,1.62,1.62,1.62,1.62,csv.stage.wjt,,,,,,,1.62,1.62,1.62,1.62,<0;0;0;0;1;0>,1.62,<511803;520972;511803;531813;570170;544024>,,1.1,,,,,,
200086,200086,,1,<511504;524191;513543;530602;530591;543672>,<0;0;0;0;1;0>,,,,,1.16,1.7,1.7,1.7,1.7,1.7,csv.stage.wjt,,,,,,,1.7,1.7,1.7,1.7,<0;0;0;0;1;0>,1.7,<514132;520491;512723;531501;533231;540592>,,1.16,,,,,,
200087,200087,,1,<510394;521771;512721;531292;533772;544031>,<0;0;0;0;1;0>,,,,,1.22,1.79,1.79,1.79,1.79,1.79,csv.stage.wjt,,,,,,,1.79,1.79,1.79,1.79,<0;0;0;0;1;0>,1.79,<513351;520261;513141;534131;530143;543052>,,1.22,,,,,,
200088,200088,,1,<510253;520261;510403;533772;530014;544191>,<0;0;0;0;1;0>,,,,,1.28,1.88,1.88,1.88,1.88,1.88,csv.stage.wjt,,,,,,,1.88,1.88,1.88,1.88,<0;0;0;0;1;0>,1.88,<511294;524431;514141;533832;532722;543021>,,1.28,,,,,,
200089,200089,,1,<510163;523303;513251;533151;530761;544583>,<0;0;0;0;1;0>,,,,,1.34,1.97,1.97,1.97,1.97,1.97,csv.stage.wjt,,,,,,,1.97,1.97,1.97,1.97,<0;0;0;0;1;0>,1.97,<513352;520571;514651;531671;533623;542022>,,1.34,,,,,,
200090,200090,,1,<517031;523611;514631;532431;560180;542431>,<0;0;0;0;1;0>,,,,,1.55,2.28,2.28,2.28,2.28,2.28,csv.stage.wjt,,,,,,,2.28,2.28,2.28,2.28,<0;0;0;0;1;0>,2.28,<512391;521803;513641;530397;570180;544024>,,1.55,,,,,,
200091,200091,,1,<513052;524132;511772;534012;530753;543171>,<0;0;0;0;1;0>,,,,,1.63,2.39,2.39,2.39,2.39,2.39,csv.stage.wjt,,,,,,,2.39,2.39,2.39,2.39,<0;0;0;0;1;0>,2.39,<512822;520011;513673;531801;533201;543141>,,1.63,,,,,,
200092,200092,,1,<512043;522401;513413;533351;532721;540711>,<0;0;0;0;1;0>,,,,,1.71,2.51,2.51,2.51,2.51,2.51,csv.stage.wjt,,,,,,,2.51,2.51,2.51,2.51,<0;0;0;0;1;0>,2.51,<511841;520634;510863;534071;534041;543021>,,1.71,,,,,,
200093,200093,,1,<511241;520972;511911;530634;532303;542991>,<0;0;0;0;1;0>,,,,,1.8,2.64,2.64,2.64,2.64,2.64,csv.stage.wjt,,,,,,,2.64,2.64,2.64,2.64,<0;0;0;0;1;0>,2.64,<512132;522492;512401;530333;534651;541423>,,1.8,,,,,,
200094,200094,,1,<510881;523002;510861;530593;530391;542232>,<0;0;0;0;1;0>,,,,,1.89,2.77,2.77,2.77,2.77,2.77,csv.stage.wjt,,,,,,,2.77,2.77,2.77,2.77,<0;0;0;0;1;0>,2.77,<513673;521231;510562;530591;534131;544081>,,1.89,,,,,,
200095,200095,,1,<513671;524151;514151;533941;560190;544111>,<0;0;0;0;1;0>,,,,,2.18,3.2,3.2,3.2,3.2,3.2,csv.stage.wjt,,,,,,,3.2,3.2,3.2,3.2,<0;0;0;0;1;0>,3.2,<513143;521951;513143;537141;570190;547091>,,2.18,,,,,,
200096,200096,,1,<511221;521072;510492;532022;531391;540242>,<0;0;0;0;1;0>,,,,,2.29,3.36,3.36,3.36,3.36,3.36,csv.stage.wjt,,,,,,,3.36,3.36,3.36,3.36,<0;0;0;0;1;0>,3.36,<511911;524031;513141;534081;534031;541082>,,2.29,,,,,,
200097,200097,,1,<510331;521931;510392;534151;531314;540144>,<0;0;0;0;1;0>,,,,,2.4,3.53,3.53,3.53,3.53,3.53,csv.stage.wjt,,,,,,,3.53,3.53,3.53,3.53,<0;0;0;0;1;0>,3.53,<512993;523003;513592;530593;534141;544671>,,2.4,,,,,,
200098,200098,,1,<511398;520254;511671;530162;533141;541032>,<0;0;0;0;1;0>,,,,,2.52,3.71,3.71,3.71,3.71,3.71,csv.stage.wjt,,,,,,,3.71,3.71,3.71,3.71,<0;0;0;0;1;0>,3.71,<513681;521311;510902;532031;534853;543843>,,2.52,,,,,,
200099,200099,,1,<514191;523353;510432;531312;534161;544151>,<0;0;0;0;1;0>,,,,,2.65,3.9,3.9,3.9,3.9,3.9,csv.stage.wjt,,,,,,,3.9,3.9,3.9,3.9,<0;0;0;0;1;0>,3.9,<514852;520971;511502;530251;532383;544071>,,2.65,,,,,,
200100,200100,,1,<513243;527161;513243;534161;560200;544161>,<0;0;0;0;1;0>,,,,,3.06,4.5,4.5,4.5,4.5,4.5,csv.stage.wjt,,,,,,,4.5,4.5,4.5,4.5,<0;0;0;0;1;0>,4.5,<514661;527131;513243;534682;570200;540144>,,3.06,,,,,,
9999999,0,,1,<>,,,,,,,,,,,,csv.stage.xszd,,,,,,,,,,,,,,,,,,,,,
10000000,1,,1,<>,,,,,,,0.5,,,,,csv.stage.xszd,<<0;101>;<1;111>;<2;121;1>;<2;131;3>;<2;141;9>;<2;151;7>;<2;161;2>;<2;171;12>;<2;181;4>;<2;191;8>;<2;201;11>;<2;211;5>;<3;301>>,,,,,,,,,,,,,,,,,,,,
10000001,2,,1,<>,,,,,,,,,,,,csv.stage.smxy,,,,,,,,,,,,,,,,,,,,,
10000002,13,,1,<>,,,,,,,,,,,,csv.stage.ghz,,,,,,,,,,,,,,,,,,,,,
10000003,9,,1,<>,,,,,,,,,,,,csv.stage.smxy,,,,,,,,,,,,,,,,,,,,,
10000004,10,,1,<>,,,,,,,,,,,,csv.stage.sydh,,,,,,,,,,,,,,,,,,,,,
10000005,11,,1,<>,,,,,,0.86,0.43,0.86,0.86,0.88,0.88,csv.stage.ytly,,,,,,,,,,,,,,,,,,,,,
10000006,12,,1,<>,,,,,,,0.75,,,,,csv.stage.ystz,,,,,,,,,,,,,,,,,,,,,
10000007,999999,,1,<>,,,,,,,,,,,,csv.stage.xszd,,,,,,,,,,,,,,,,,,,,,
10000008,14,,1,<>,,,,,,,,,,,,csv.stage.sydh,,,,,,,,,,,,,,,,,,,,,
10000009,17,,1,<>,,,,,,,,,,,,csv.stage.kfjjc,,,,,,,,,,,,,,,,,,,,,
10000010,21,,1,<>,,,,,,,,,,,,csv.stage.dzjjc,,,,,,,,,,,,,,,,,,,,,
10000011,19,,1,<>,,,,,,,,,,,,csv.stage.smxy,,,,,,,,,,,,,,,,,,,,,
10000012,20,,1,<>,,,,,,,,,,,,csv.stage.smxy,,,,,,,,,,,,,,,,,,,,,
10000013,23,,1,<>,,,,,,,,,,,,csv.stage.sydh,,,,,,,,,,,,,,,,,,,,,
10000015,25,,1,<>,,,,,,,,,,,,csv.stage.znq,,,,,,,,,,,,,,,,,,,,,
10000016,26,,1,<>,,,,,,,,,,,,csv.stage.smxy,,,,,,,,,,,,,,,,,,,,,
10000017,27,,1,<>,,,,,,,,,,,,csv.stage.smxy,<<1001;3000005>;<97;3000016>;<98;3000014>>,,,,,,,,,,,,,,,,,,,,
10000018,28,,1,<>,,,,,,,,,,,,csv.stage.kfghz,,,,,,,,,,,,,,,,,,,,,
10000019,29,,1,<>,,,,,,,,,,,,csv.stage.sjjbs,,,,,,,,,,,,,,,,,,,,,
10000020,30,,1,<>,,,,,,,,,,,,csv.stage.dzjc,,,,,,,,,,,,,,,,,,,,,
10000021,31,,1,<>,,,,,,,,,,,,csv.stage.xszd,<<1;300001>;<2;300008;8>;<3;300015;2>;<4;300025;2>;<99;300030>>,,,,,,,,,,,,,,,,,,,,
10000023,33,,1,<>,,,,,,,,,,,,csv.stage.dzqd,,,,,,,,,,,,,,,,,,,,,
10000024,34,,1,<>,,,,,,,,,,,,csv.stage.dzqd,,,,,,,,,,,,,,,,,,,,,
10000025,36,,1,<>,,,,,,,,,,,,,,,,,,,,,,,,,,,,,,,,,
10000026,37,,1,<>,,,,,,,,,,,,,,,,,,,,,,,,,,,,,,,,,
10000027,38,,1,<>,,,,,,,,,,,,,,,,,,,,,,,,,,,,,,,,,
10000029,40,,1,<>,,,,,,,,,,,,csv.stage.jysl,,,,,,,,,,,,,,,,,,,,,
10000030,41,,1,<>,,,,,,,,,,,,,,,,,,,,,,,,,,,,,,,,,
10000031,42,,1,<>,,,,,,,,,,,,csv.stage.kfjjc,,,,,,,,,,,,,,,,,,,,,
10000032,43,,1,<>,,,,,,,,,,,,csv.stage.jysl,,,,,,,,,,,,,,,,,,,,,
10000033,999998,,1,<>,,,,,,,,,,,,csv.stage.xszd,,,,,,,,,,,,,,,,,,,,,
