变量名,gateID,_beizhu,itemMap,count,probability,itemCount
默认值,,,{},1,0,1
掉落ID,关卡ID,掉落物品名称,随机掉落物品ID权值数量,掉落次数,掉落物品概率,掉落道具数量
,,,,,,
1,10101,(手游普通关卡随机掉落)(普通1-02)(普通关卡),{510=42.1053;11=42.1053;5000=15.7895},5,38,
2,10102,(手游普通关卡随机掉落)(普通1-03)(普通关卡),{510=42.1053;11=42.1053;5000=15.7895},5,38,
3,10103,(手游普通关卡随机掉落)(普通1-04)(普通关卡),{510=42.1053;11=42.1053;5000=15.7895},5,38,
4,10104,(手游普通关卡随机掉落)(普通1-05)(普通关卡),{510=42.1053;11=42.1053;5000=15.7895},5,38,
5,10105,(手游普通关卡随机掉落)(普通2-01)(普通关卡),{510=42.1053;11=42.1053;5000=15.7895},5,38,
6,10201,(手游普通关卡随机掉落)(普通2-02)(普通关卡),{510=42.1053;11=42.1053;5000=15.7895},5,38,
7,10202,(手游普通关卡随机掉落)(普通2-03)(普通关卡),{510=42.1053;11=42.1053;5000=15.7895},5,38,
8,10203,(手游普通关卡随机掉落)(普通2-04)(普通关卡),{510=42.1053;11=42.1053;5000=15.7895},5,38,
9,10204,(手游普通关卡随机掉落)(普通2-05)(普通关卡),{510=42.1053;11=42.1053;5000=15.7895},5,38,
10,10205,(手游普通关卡随机掉落)(普通2-06)(普通关卡),{510=42.1053;11=42.1053;5000=15.7895},5,38,
11,10206,(手游普通关卡随机掉落)(普通3-01)(普通关卡),{510=42.1053;11=42.1053;5000=15.7895},5,38,
12,10301,(手游普通关卡随机掉落)(普通3-02)(普通关卡),{510=42.1053;11=42.1053;5000=15.7895},5,38,
13,10302,(手游普通关卡随机掉落)(普通3-03)(普通关卡),{510=42.1053;11=42.1053;5000=15.7895},5,38,
14,10303,(手游普通关卡随机掉落)(普通3-04)(普通关卡),{510=42.1053;11=42.1053;5000=15.7895},5,38,
15,10304,(手游普通关卡随机掉落)(普通3-05)(普通关卡),{510=42.1053;11=42.1053;5000=15.7895},5,38,
16,10305,(手游普通关卡随机掉落)(普通3-06)(普通关卡),{510=42.1053;11=42.1053;5000=15.7895},5,38,
17,10306,(手游普通关卡随机掉落)(普通3-07)(普通关卡),{510=42.1053;11=42.1053;5000=15.7895},5,38,
18,10307,(手游普通关卡随机掉落)(普通3-08)(普通关卡),{510=42.1053;11=42.1053;5000=15.7895},5,38,
19,10308,(手游普通关卡随机掉落)(普通4-01)(普通关卡),{510=42.1053;11=42.1053;5000=15.7895},5,38,
20,10401,(手游普通关卡随机掉落)(普通4-02)(普通关卡),{510=42.1053;11=42.1053;5000=15.7895},5,38,
21,10402,(手游普通关卡随机掉落)(普通4-03)(普通关卡),{510=42.1053;11=42.1053;5000=15.7895},5,38,
22,10403,(手游普通关卡随机掉落)(普通4-04)(普通关卡),{510=42.1053;11=42.1053;5000=15.7895},5,38,
23,10404,(手游普通关卡随机掉落)(普通4-05)(普通关卡),{510=42.1053;11=42.1053;5000=15.7895},5,38,
24,10405,(手游普通关卡随机掉落)(普通4-06)(普通关卡),{510=42.1053;11=42.1053;5000=15.7895},5,38,
25,10406,(手游普通关卡随机掉落)(普通4-07)(普通关卡),{510=42.1053;11=42.1053;5000=15.7895},5,38,
26,10407,(手游普通关卡随机掉落)(普通4-08)(普通关卡),{510=42.1053;11=42.1053;5000=15.7895},5,38,
27,10408,(手游普通关卡随机掉落)(普通5-01)(普通关卡),{510=42.1053;11=42.1053;5000=15.7895},5,38,
28,10501,(手游普通关卡随机掉落)(普通5-02)(普通关卡),{511=16;5000=12;12=8;510=32;11=32},5,50,
29,10502,(手游普通关卡随机掉落)(普通5-03)(普通关卡),{511=16;5000=12;12=8;510=32;11=32},5,50,
30,10503,(手游普通关卡随机掉落)(普通5-04)(普通关卡),{511=16;5000=12;12=8;510=32;11=32},5,50,
31,10504,(手游普通关卡随机掉落)(普通5-05)(普通关卡),{511=16;5000=12;12=8;510=32;11=32},5,50,
32,10505,(手游普通关卡随机掉落)(普通5-06)(普通关卡),{511=16;5000=12;12=8;510=32;11=32},5,50,
33,10506,(手游普通关卡随机掉落)(普通5-07)(普通关卡),{511=16;5000=12;12=8;510=32;11=32},5,50,
34,10507,(手游普通关卡随机掉落)(普通5-08)(普通关卡),{511=16;5000=12;12=8;510=32;11=32},5,50,
35,10508,(手游普通关卡随机掉落)(普通5-09)(普通关卡),{511=16;5000=12;12=8;510=32;11=32},5,50,
36,10509,(手游普通关卡随机掉落)(普通5-10)(普通关卡),{511=16;5000=12;12=8;510=32;11=32},5,50,
37,10510,(手游普通关卡随机掉落)(普通6-01)(普通关卡),{511=16;5000=12;12=8;510=32;11=32},5,50,
38,10601,(手游普通关卡随机掉落)(普通6-02)(普通关卡),{511=16;5000=12;12=8;510=32;11=32},5,50,
39,10602,(手游普通关卡随机掉落)(普通6-03)(普通关卡),{511=16;5000=12;12=8;510=32;11=32},5,50,
40,10603,(手游普通关卡随机掉落)(普通6-04)(普通关卡),{511=16;5000=12;12=8;510=32;11=32},5,50,
41,10604,(手游普通关卡随机掉落)(普通6-05)(普通关卡),{511=16;5000=12;12=8;510=32;11=32},5,50,
42,10605,(手游普通关卡随机掉落)(普通6-06)(普通关卡),{511=16;5000=12;12=8;510=32;11=32},5,50,
43,10606,(手游普通关卡随机掉落)(普通6-07)(普通关卡),{511=16;5000=12;12=8;510=32;11=32},5,50,
44,10607,(手游普通关卡随机掉落)(普通6-08)(普通关卡),{511=16;5000=12;12=8;510=32;11=32},5,50,
45,10608,(手游普通关卡随机掉落)(普通6-09)(普通关卡),{511=16;5000=12;12=8;510=32;11=32},5,50,
46,10609,(手游普通关卡随机掉落)(普通6-10)(普通关卡),{511=16;5000=12;12=8;510=32;11=32},5,50,
47,10610,(手游普通关卡随机掉落)(普通7-01)(普通关卡),{511=16;5000=12;12=8;510=32;11=32},5,50,
48,10701,(手游普通关卡随机掉落)(普通7-02)(普通关卡),{511=15.0943;512=3.7736;5000=11.3208;510=30.1887;11=30.1887;12=7.5472;13=1.8868},5,53,
49,10702,(手游普通关卡随机掉落)(普通7-03)(普通关卡),{511=15.0943;512=3.7736;5000=11.3208;510=30.1887;11=30.1887;12=7.5472;13=1.8868},5,53,
50,10703,(手游普通关卡随机掉落)(普通7-04)(普通关卡),{511=15.0943;512=3.7736;5000=11.3208;510=30.1887;11=30.1887;12=7.5472;13=1.8868},5,53,
51,10704,(手游普通关卡随机掉落)(普通7-05)(普通关卡),{511=15.0943;512=3.7736;5000=11.3208;510=30.1887;11=30.1887;12=7.5472;13=1.8868},5,53,
52,10705,(手游普通关卡随机掉落)(普通7-06)(普通关卡),{511=15.0943;512=3.7736;5000=11.3208;510=30.1887;11=30.1887;12=7.5472;13=1.8868},5,53,
53,10706,(手游普通关卡随机掉落)(普通7-07)(普通关卡),{511=15.0943;512=3.7736;5000=11.3208;510=30.1887;11=30.1887;12=7.5472;13=1.8868},5,53,
54,10707,(手游普通关卡随机掉落)(普通7-08)(普通关卡),{511=15.0943;512=3.7736;5000=11.3208;510=30.1887;11=30.1887;12=7.5472;13=1.8868},5,53,
55,10708,(手游普通关卡随机掉落)(普通7-09)(普通关卡),{511=15.0943;512=3.7736;5000=11.3208;510=30.1887;11=30.1887;12=7.5472;13=1.8868},5,53,
56,10709,(手游普通关卡随机掉落)(普通7-10)(普通关卡),{511=15.0943;512=3.7736;5000=11.3208;510=30.1887;11=30.1887;12=7.5472;13=1.8868},5,53,
57,10710,(手游普通关卡随机掉落)(普通8-01)(普通关卡),{511=15.0943;512=3.7736;5000=11.3208;510=30.1887;11=30.1887;12=7.5472;13=1.8868},5,53,
58,10801,(手游普通关卡随机掉落)(普通8-02)(普通关卡),{511=15.0943;512=3.7736;5000=11.3208;510=30.1887;11=30.1887;12=7.5472;13=1.8868},5,53,
59,10802,(手游普通关卡随机掉落)(普通8-03)(普通关卡),{511=15.0943;512=3.7736;5000=11.3208;510=30.1887;11=30.1887;12=7.5472;13=1.8868},5,53,
60,10803,(手游普通关卡随机掉落)(普通8-04)(普通关卡),{511=15.0943;512=3.7736;5000=11.3208;510=30.1887;11=30.1887;12=7.5472;13=1.8868},5,53,
61,10804,(手游普通关卡随机掉落)(普通8-05)(普通关卡),{511=15.0943;512=3.7736;5000=11.3208;510=30.1887;11=30.1887;12=7.5472;13=1.8868},5,53,
62,10805,(手游普通关卡随机掉落)(普通8-06)(普通关卡),{511=15.0943;512=3.7736;5000=11.3208;510=30.1887;11=30.1887;12=7.5472;13=1.8868},5,53,
63,10806,(手游普通关卡随机掉落)(普通8-07)(普通关卡),{511=15.0943;512=3.7736;5000=11.3208;510=30.1887;11=30.1887;12=7.5472;13=1.8868},5,53,
64,10807,(手游普通关卡随机掉落)(普通8-08)(普通关卡),{511=15.0943;512=3.7736;5000=11.3208;510=30.1887;11=30.1887;12=7.5472;13=1.8868},5,53,
65,10808,(手游普通关卡随机掉落)(普通8-09)(普通关卡),{511=15.0943;512=3.7736;5000=11.3208;510=30.1887;11=30.1887;12=7.5472;13=1.8868},5,53,
66,10809,(手游普通关卡随机掉落)(普通8-10)(普通关卡),{511=15.0943;512=3.7736;5000=11.3208;510=30.1887;11=30.1887;12=7.5472;13=1.8868},5,53,
67,10810,(手游普通关卡随机掉落)(普通9-01)(普通关卡),{511=15.0943;512=3.7736;5000=11.3208;510=30.1887;11=30.1887;12=7.5472;13=1.8868},5,53,
68,10901,(手游普通关卡随机掉落)(普通9-02)(普通关卡),{511=15.0943;512=3.7736;5000=11.3208;510=30.1887;11=30.1887;12=7.5472;13=1.8868},5,53,
69,10902,(手游普通关卡随机掉落)(普通9-03)(普通关卡),{511=15.0943;512=3.7736;5000=11.3208;510=30.1887;11=30.1887;12=7.5472;13=1.8868},5,53,
70,10903,(手游普通关卡随机掉落)(普通9-04)(普通关卡),{511=15.0943;512=3.7736;5000=11.3208;510=30.1887;11=30.1887;12=7.5472;13=1.8868},5,53,
71,10904,(手游普通关卡随机掉落)(普通9-05)(普通关卡),{511=15.0943;512=3.7736;5000=11.3208;510=30.1887;11=30.1887;12=7.5472;13=1.8868},5,53,
72,10905,(手游普通关卡随机掉落)(普通9-06)(普通关卡),{511=15.0943;512=3.7736;5000=11.3208;510=30.1887;11=30.1887;12=7.5472;13=1.8868},5,53,
73,10906,(手游普通关卡随机掉落)(普通9-07)(普通关卡),{511=15.0943;512=3.7736;5000=11.3208;510=30.1887;11=30.1887;12=7.5472;13=1.8868},5,53,
74,10907,(手游普通关卡随机掉落)(普通9-08)(普通关卡),{511=15.0943;512=3.7736;5000=11.3208;510=30.1887;11=30.1887;12=7.5472;13=1.8868},5,53,
75,10908,(手游普通关卡随机掉落)(普通9-09)(普通关卡),{511=15.0943;512=3.7736;5000=11.3208;510=30.1887;11=30.1887;12=7.5472;13=1.8868},5,53,
76,10909,(手游普通关卡随机掉落)(普通9-10)(普通关卡),{511=15.0943;512=3.7736;5000=11.3208;510=30.1887;11=30.1887;12=7.5472;13=1.8868},5,53,
77,10910,(手游普通关卡随机掉落)(普通10-01)(普通关卡),{511=15.0943;512=3.7736;5000=11.3208;510=30.1887;11=30.1887;12=7.5472;13=1.8868},5,53,
78,11001,(手游普通关卡随机掉落)(普通10-02)(普通关卡),{511=15.0943;512=3.7736;5000=11.3208;510=30.1887;11=30.1887;12=7.5472;13=1.8868},5,53,
79,11002,(手游普通关卡随机掉落)(普通10-03)(普通关卡),{511=15.0943;512=3.7736;5000=11.3208;510=30.1887;11=30.1887;12=7.5472;13=1.8868},5,53,
80,11003,(手游普通关卡随机掉落)(普通10-04)(普通关卡),{511=15.0943;512=3.7736;5000=11.3208;510=30.1887;11=30.1887;12=7.5472;13=1.8868},5,53,
81,11004,(手游普通关卡随机掉落)(普通10-05)(普通关卡),{511=15.0943;512=3.7736;5000=11.3208;510=30.1887;11=30.1887;12=7.5472;13=1.8868},5,53,
82,11005,(手游普通关卡随机掉落)(普通10-06)(普通关卡),{511=15.0943;512=3.7736;5000=11.3208;510=30.1887;11=30.1887;12=7.5472;13=1.8868},5,53,
83,11006,(手游普通关卡随机掉落)(普通10-07)(普通关卡),{511=15.0943;512=3.7736;5000=11.3208;510=30.1887;11=30.1887;12=7.5472;13=1.8868},5,53,
84,11007,(手游普通关卡随机掉落)(普通10-08)(普通关卡),{511=15.0943;512=3.7736;5000=11.3208;510=30.1887;11=30.1887;12=7.5472;13=1.8868},5,53,
85,11008,(手游普通关卡随机掉落)(普通10-09)(普通关卡),{511=15.0943;512=3.7736;5000=11.3208;510=30.1887;11=30.1887;12=7.5472;13=1.8868},5,53,
86,11009,(手游普通关卡随机掉落)(普通10-10)(普通关卡),{511=15.0943;512=3.7736;5000=11.3208;510=30.1887;11=30.1887;12=7.5472;13=1.8868},5,53,
87,11010,(手游普通关卡随机掉落)(普通11-01)(普通关卡),{511=15.0943;512=3.7736;5000=11.3208;510=30.1887;11=30.1887;12=7.5472;13=1.8868},5,53,
88,11101,(手游普通关卡随机掉落)(普通11-02)(普通关卡),{510=29.7398;511=14.8699;512=3.7175;513=0.7435;5000=11.1524;11=29.7398;12=7.4349;13=1.8587;14=0.7435},5,53.8,
89,11102,(手游普通关卡随机掉落)(普通11-03)(普通关卡),{510=29.7398;511=14.8699;512=3.7175;513=0.7435;5000=11.1524;11=29.7398;12=7.4349;13=1.8587;14=0.7435},5,53.8,
90,11103,(手游普通关卡随机掉落)(普通11-04)(普通关卡),{510=29.7398;511=14.8699;512=3.7175;513=0.7435;5000=11.1524;11=29.7398;12=7.4349;13=1.8587;14=0.7435},5,53.8,
91,11104,(手游普通关卡随机掉落)(普通11-05)(普通关卡),{510=29.7398;511=14.8699;512=3.7175;513=0.7435;5000=11.1524;11=29.7398;12=7.4349;13=1.8587;14=0.7435},5,53.8,
92,11105,(手游普通关卡随机掉落)(普通11-06)(普通关卡),{510=29.7398;511=14.8699;512=3.7175;513=0.7435;5000=11.1524;11=29.7398;12=7.4349;13=1.8587;14=0.7435},5,53.8,
93,11106,(手游普通关卡随机掉落)(普通11-07)(普通关卡),{510=29.7398;511=14.8699;512=3.7175;513=0.7435;5000=11.1524;11=29.7398;12=7.4349;13=1.8587;14=0.7435},5,53.8,
94,11107,(手游普通关卡随机掉落)(普通11-08)(普通关卡),{510=29.7398;511=14.8699;512=3.7175;513=0.7435;5000=11.1524;11=29.7398;12=7.4349;13=1.8587;14=0.7435},5,53.8,
95,11108,(手游普通关卡随机掉落)(普通11-09)(普通关卡),{510=29.7398;511=14.8699;512=3.7175;513=0.7435;5000=11.1524;11=29.7398;12=7.4349;13=1.8587;14=0.7435},5,53.8,
96,11109,(手游普通关卡随机掉落)(普通11-10)(普通关卡),{510=29.7398;511=14.8699;512=3.7175;513=0.7435;5000=11.1524;11=29.7398;12=7.4349;13=1.8587;14=0.7435},5,53.8,
97,11110,(手游普通关卡随机掉落)(普通12-01)(普通关卡),{510=29.7398;511=14.8699;512=3.7175;513=0.7435;5000=11.1524;11=29.7398;12=7.4349;13=1.8587;14=0.7435},5,53.8,
98,11201,(手游普通关卡随机掉落)(普通12-02)(普通关卡),{510=29.7398;511=14.8699;512=3.7175;513=0.7435;5000=11.1524;11=29.7398;12=7.4349;13=1.8587;14=0.7435},5,53.8,
99,11202,(手游普通关卡随机掉落)(普通12-03)(普通关卡),{510=29.7398;511=14.8699;512=3.7175;513=0.7435;5000=11.1524;11=29.7398;12=7.4349;13=1.8587;14=0.7435},5,53.8,
100,11203,(手游普通关卡随机掉落)(普通12-04)(普通关卡),{510=29.7398;511=14.8699;512=3.7175;513=0.7435;5000=11.1524;11=29.7398;12=7.4349;13=1.8587;14=0.7435},5,53.8,
101,11204,(手游普通关卡随机掉落)(普通12-05)(普通关卡),{510=29.7398;511=14.8699;512=3.7175;513=0.7435;5000=11.1524;11=29.7398;12=7.4349;13=1.8587;14=0.7435},5,53.8,
102,11205,(手游普通关卡随机掉落)(普通12-06)(普通关卡),{510=29.7398;511=14.8699;512=3.7175;513=0.7435;5000=11.1524;11=29.7398;12=7.4349;13=1.8587;14=0.7435},5,53.8,
103,11206,(手游普通关卡随机掉落)(普通12-07)(普通关卡),{510=29.7398;511=14.8699;512=3.7175;513=0.7435;5000=11.1524;11=29.7398;12=7.4349;13=1.8587;14=0.7435},5,53.8,
104,11207,(手游普通关卡随机掉落)(普通12-08)(普通关卡),{510=29.7398;511=14.8699;512=3.7175;513=0.7435;5000=11.1524;11=29.7398;12=7.4349;13=1.8587;14=0.7435},5,53.8,
105,11208,(手游普通关卡随机掉落)(普通12-09)(普通关卡),{510=29.7398;511=14.8699;512=3.7175;513=0.7435;5000=11.1524;11=29.7398;12=7.4349;13=1.8587;14=0.7435},5,53.8,
106,11209,(手游普通关卡随机掉落)(普通12-10)(普通关卡),{510=29.7398;511=14.8699;512=3.7175;513=0.7435;5000=11.1524;11=29.7398;12=7.4349;13=1.8587;14=0.7435},5,53.8,
107,11210,(手游普通关卡随机掉落)(普通13-01)(普通关卡),{510=29.7398;511=14.8699;512=3.7175;513=0.7435;5000=11.1524;11=29.7398;12=7.4349;13=1.8587;14=0.7435},5,53.8,
108,11301,(手游普通关卡随机掉落)(普通13-02)(普通关卡),{510=29.7398;511=14.8699;512=3.7175;513=0.7435;5000=11.1524;11=29.7398;12=7.4349;13=1.8587;14=0.7435},5,53.8,
109,11302,(手游普通关卡随机掉落)(普通13-03)(普通关卡),{510=29.7398;511=14.8699;512=3.7175;513=0.7435;5000=11.1524;11=29.7398;12=7.4349;13=1.8587;14=0.7435},5,53.8,
110,11303,(手游普通关卡随机掉落)(普通13-04)(普通关卡),{510=29.7398;511=14.8699;512=3.7175;513=0.7435;5000=11.1524;11=29.7398;12=7.4349;13=1.8587;14=0.7435},5,53.8,
111,11304,(手游普通关卡随机掉落)(普通13-05)(普通关卡),{510=29.7398;511=14.8699;512=3.7175;513=0.7435;5000=11.1524;11=29.7398;12=7.4349;13=1.8587;14=0.7435},5,53.8,
112,11305,(手游普通关卡随机掉落)(普通13-06)(普通关卡),{510=29.7398;511=14.8699;512=3.7175;513=0.7435;5000=11.1524;11=29.7398;12=7.4349;13=1.8587;14=0.7435},5,53.8,
113,11306,(手游普通关卡随机掉落)(普通13-07)(普通关卡),{510=29.7398;511=14.8699;512=3.7175;513=0.7435;5000=11.1524;11=29.7398;12=7.4349;13=1.8587;14=0.7435},5,53.8,
114,11307,(手游普通关卡随机掉落)(普通13-08)(普通关卡),{510=29.7398;511=14.8699;512=3.7175;513=0.7435;5000=11.1524;11=29.7398;12=7.4349;13=1.8587;14=0.7435},5,53.8,
115,11308,(手游普通关卡随机掉落)(普通13-09)(普通关卡),{510=29.7398;511=14.8699;512=3.7175;513=0.7435;5000=11.1524;11=29.7398;12=7.4349;13=1.8587;14=0.7435},5,53.8,
116,11309,(手游普通关卡随机掉落)(普通13-10)(普通关卡),{510=29.7398;511=14.8699;512=3.7175;513=0.7435;5000=11.1524;11=29.7398;12=7.4349;13=1.8587;14=0.7435},5,53.8,
117,11310,(手游普通关卡随机掉落)(普通14-01)(普通关卡),{510=29.7398;511=14.8699;512=3.7175;513=0.7435;5000=11.1524;11=29.7398;12=7.4349;13=1.8587;14=0.7435},5,53.8,
118,11401,(手游普通关卡随机掉落)(普通14-02)(普通关卡),{510=29.7398;511=14.8699;512=3.7175;513=0.7435;5000=11.1524;11=29.7398;12=7.4349;13=1.8587;14=0.7435},5,53.8,
119,11402,(手游普通关卡随机掉落)(普通14-03)(普通关卡),{510=29.7398;511=14.8699;512=3.7175;513=0.7435;5000=11.1524;11=29.7398;12=7.4349;13=1.8587;14=0.7435},5,53.8,
120,11403,(手游普通关卡随机掉落)(普通14-04)(普通关卡),{510=29.7398;511=14.8699;512=3.7175;513=0.7435;5000=11.1524;11=29.7398;12=7.4349;13=1.8587;14=0.7435},5,53.8,
121,11404,(手游普通关卡随机掉落)(普通14-05)(普通关卡),{510=29.7398;511=14.8699;512=3.7175;513=0.7435;5000=11.1524;11=29.7398;12=7.4349;13=1.8587;14=0.7435},5,53.8,
122,11405,(手游普通关卡随机掉落)(普通14-06)(普通关卡),{510=29.7398;511=14.8699;512=3.7175;513=0.7435;5000=11.1524;11=29.7398;12=7.4349;13=1.8587;14=0.7435},5,53.8,
123,11406,(手游普通关卡随机掉落)(普通14-07)(普通关卡),{510=29.7398;511=14.8699;512=3.7175;513=0.7435;5000=11.1524;11=29.7398;12=7.4349;13=1.8587;14=0.7435},5,53.8,
124,11407,(手游普通关卡随机掉落)(普通14-08)(普通关卡),{510=29.7398;511=14.8699;512=3.7175;513=0.7435;5000=11.1524;11=29.7398;12=7.4349;13=1.8587;14=0.7435},5,53.8,
125,11408,(手游普通关卡随机掉落)(普通14-09)(普通关卡),{510=29.7398;511=14.8699;512=3.7175;513=0.7435;5000=11.1524;11=29.7398;12=7.4349;13=1.8587;14=0.7435},5,53.8,
126,11409,(手游普通关卡随机掉落)(普通14-10)(普通关卡),{510=29.7398;511=14.8699;512=3.7175;513=0.7435;5000=11.1524;11=29.7398;12=7.4349;13=1.8587;14=0.7435},5,53.8,
127,11410,(手游普通关卡随机掉落)(普通15-01)(普通关卡),{510=29.7398;511=14.8699;512=3.7175;513=0.7435;5000=11.1524;11=29.7398;12=7.4349;13=1.8587;14=0.7435},5,53.8,
128,11501,(手游普通关卡随机掉落)(普通15-02)(普通关卡),{510=29.7398;511=14.8699;512=3.7175;513=0.7435;5000=11.1524;11=29.7398;12=7.4349;13=1.8587;14=0.7435},5,53.8,
129,11502,(手游普通关卡随机掉落)(普通15-03)(普通关卡),{510=29.7398;511=14.8699;512=3.7175;513=0.7435;5000=11.1524;11=29.7398;12=7.4349;13=1.8587;14=0.7435},5,53.8,
130,11503,(手游普通关卡随机掉落)(普通15-04)(普通关卡),{510=29.7398;511=14.8699;512=3.7175;513=0.7435;5000=11.1524;11=29.7398;12=7.4349;13=1.8587;14=0.7435},5,53.8,
131,11504,(手游普通关卡随机掉落)(普通15-05)(普通关卡),{510=29.7398;511=14.8699;512=3.7175;513=0.7435;5000=11.1524;11=29.7398;12=7.4349;13=1.8587;14=0.7435},5,53.8,
132,11505,(手游普通关卡随机掉落)(普通15-06)(普通关卡),{510=29.7398;511=14.8699;512=3.7175;513=0.7435;5000=11.1524;11=29.7398;12=7.4349;13=1.8587;14=0.7435},5,53.8,
133,11506,(手游普通关卡随机掉落)(普通15-07)(普通关卡),{510=29.7398;511=14.8699;512=3.7175;513=0.7435;5000=11.1524;11=29.7398;12=7.4349;13=1.8587;14=0.7435},5,53.8,
134,11507,(手游普通关卡随机掉落)(普通15-08)(普通关卡),{510=29.7398;511=14.8699;512=3.7175;513=0.7435;5000=11.1524;11=29.7398;12=7.4349;13=1.8587;14=0.7435},5,53.8,
135,11508,(手游普通关卡随机掉落)(普通15-09)(普通关卡),{510=29.7398;511=14.8699;512=3.7175;513=0.7435;5000=11.1524;11=29.7398;12=7.4349;13=1.8587;14=0.7435},5,53.8,
136,11509,(手游普通关卡随机掉落)(普通15-10)(普通关卡),{510=29.7398;511=14.8699;512=3.7175;513=0.7435;5000=11.1524;11=29.7398;12=7.4349;13=1.8587;14=0.7435},5,53.8,
137,11510,(手游普通关卡随机掉落)(普通16-01)(普通关卡),{510=29.7398;511=14.8699;512=3.7175;513=0.7435;5000=11.1524;11=29.7398;12=7.4349;13=1.8587;14=0.7435},5,53.8,
138,11601,(手游普通关卡随机掉落)(普通16-02)(普通关卡),{510=29.7398;511=14.8699;512=3.7175;513=0.7435;5000=11.1524;11=29.7398;12=7.4349;13=1.8587;14=0.7435},5,53.8,
139,11602,(手游普通关卡随机掉落)(普通16-03)(普通关卡),{510=29.7398;511=14.8699;512=3.7175;513=0.7435;5000=11.1524;11=29.7398;12=7.4349;13=1.8587;14=0.7435},5,53.8,
140,11603,(手游普通关卡随机掉落)(普通16-04)(普通关卡),{510=29.7398;511=14.8699;512=3.7175;513=0.7435;5000=11.1524;11=29.7398;12=7.4349;13=1.8587;14=0.7435},5,53.8,
141,11604,(手游普通关卡随机掉落)(普通16-05)(普通关卡),{510=29.7398;511=14.8699;512=3.7175;513=0.7435;5000=11.1524;11=29.7398;12=7.4349;13=1.8587;14=0.7435},5,53.8,
142,11605,(手游普通关卡随机掉落)(普通16-06)(普通关卡),{510=29.7398;511=14.8699;512=3.7175;513=0.7435;5000=11.1524;11=29.7398;12=7.4349;13=1.8587;14=0.7435},5,53.8,
143,11606,(手游普通关卡随机掉落)(普通16-07)(普通关卡),{510=29.7398;511=14.8699;512=3.7175;513=0.7435;5000=11.1524;11=29.7398;12=7.4349;13=1.8587;14=0.7435},5,53.8,
144,11607,(手游普通关卡随机掉落)(普通16-08)(普通关卡),{510=29.7398;511=14.8699;512=3.7175;513=0.7435;5000=11.1524;11=29.7398;12=7.4349;13=1.8587;14=0.7435},5,53.8,
145,11608,(手游普通关卡随机掉落)(普通16-09)(普通关卡),{510=29.7398;511=14.8699;512=3.7175;513=0.7435;5000=11.1524;11=29.7398;12=7.4349;13=1.8587;14=0.7435},5,53.8,
146,11609,(手游普通关卡随机掉落)(普通16-10)(普通关卡),{510=29.7398;511=14.8699;512=3.7175;513=0.7435;5000=11.1524;11=29.7398;12=7.4349;13=1.8587;14=0.7435},5,53.8,
147,11610,(手游普通关卡随机掉落)(普通17-01)(普通关卡),{510=29.7398;511=14.8699;512=3.7175;513=0.7435;5000=11.1524;11=29.7398;12=7.4349;13=1.8587;14=0.7435},5,53.8,
148,11701,(手游普通关卡随机掉落)(普通17-02)(普通关卡),{510=29.7398;511=14.8699;512=3.7175;513=0.7435;5000=11.1524;11=29.7398;12=7.4349;13=1.8587;14=0.7435},5,53.8,
149,11702,(手游普通关卡随机掉落)(普通17-03)(普通关卡),{510=29.7398;511=14.8699;512=3.7175;513=0.7435;5000=11.1524;11=29.7398;12=7.4349;13=1.8587;14=0.7435},5,53.8,
150,11703,(手游普通关卡随机掉落)(普通17-04)(普通关卡),{510=29.7398;511=14.8699;512=3.7175;513=0.7435;5000=11.1524;11=29.7398;12=7.4349;13=1.8587;14=0.7435},5,53.8,
151,11704,(手游普通关卡随机掉落)(普通17-05)(普通关卡),{510=29.7398;511=14.8699;512=3.7175;513=0.7435;5000=11.1524;11=29.7398;12=7.4349;13=1.8587;14=0.7435},5,53.8,
152,11705,(手游普通关卡随机掉落)(普通17-06)(普通关卡),{510=29.7398;511=14.8699;512=3.7175;513=0.7435;5000=11.1524;11=29.7398;12=7.4349;13=1.8587;14=0.7435},5,53.8,
153,11706,(手游普通关卡随机掉落)(普通17-07)(普通关卡),{510=29.7398;511=14.8699;512=3.7175;513=0.7435;5000=11.1524;11=29.7398;12=7.4349;13=1.8587;14=0.7435},5,53.8,
154,11707,(手游普通关卡随机掉落)(普通17-08)(普通关卡),{510=29.7398;511=14.8699;512=3.7175;513=0.7435;5000=11.1524;11=29.7398;12=7.4349;13=1.8587;14=0.7435},5,53.8,
155,11708,(手游普通关卡随机掉落)(普通17-09)(普通关卡),{510=29.7398;511=14.8699;512=3.7175;513=0.7435;5000=11.1524;11=29.7398;12=7.4349;13=1.8587;14=0.7435},5,53.8,
156,11709,(手游普通关卡随机掉落)(普通17-10)(普通关卡),{510=29.7398;511=14.8699;512=3.7175;513=0.7435;5000=11.1524;11=29.7398;12=7.4349;13=1.8587;14=0.7435},5,53.8,
157,11710,(手游普通关卡随机掉落)(普通18-01)(普通关卡),{510=29.7398;511=14.8699;512=3.7175;513=0.7435;5000=11.1524;11=29.7398;12=7.4349;13=1.8587;14=0.7435},5,53.8,
158,11801,(手游普通关卡随机掉落)(普通18-02)(普通关卡),{510=29.7398;511=14.8699;512=3.7175;513=0.7435;5000=11.1524;11=29.7398;12=7.4349;13=1.8587;14=0.7435},5,53.8,
159,11802,(手游普通关卡随机掉落)(普通18-03)(普通关卡),{510=29.7398;511=14.8699;512=3.7175;513=0.7435;5000=11.1524;11=29.7398;12=7.4349;13=1.8587;14=0.7435},5,53.8,
160,11803,(手游普通关卡随机掉落)(普通18-04)(普通关卡),{510=29.7398;511=14.8699;512=3.7175;513=0.7435;5000=11.1524;11=29.7398;12=7.4349;13=1.8587;14=0.7435},5,53.8,
161,11804,(手游普通关卡随机掉落)(普通18-05)(普通关卡),{510=29.7398;511=14.8699;512=3.7175;513=0.7435;5000=11.1524;11=29.7398;12=7.4349;13=1.8587;14=0.7435},5,53.8,
162,11805,(手游普通关卡随机掉落)(普通18-06)(普通关卡),{510=29.7398;511=14.8699;512=3.7175;513=0.7435;5000=11.1524;11=29.7398;12=7.4349;13=1.8587;14=0.7435},5,53.8,
163,11806,(手游普通关卡随机掉落)(普通18-07)(普通关卡),{510=29.7398;511=14.8699;512=3.7175;513=0.7435;5000=11.1524;11=29.7398;12=7.4349;13=1.8587;14=0.7435},5,53.8,
164,11807,(手游普通关卡随机掉落)(普通18-08)(普通关卡),{510=29.7398;511=14.8699;512=3.7175;513=0.7435;5000=11.1524;11=29.7398;12=7.4349;13=1.8587;14=0.7435},5,53.8,
165,11808,(手游普通关卡随机掉落)(普通18-09)(普通关卡),{510=29.7398;511=14.8699;512=3.7175;513=0.7435;5000=11.1524;11=29.7398;12=7.4349;13=1.8587;14=0.7435},5,53.8,
166,11809,(手游普通关卡随机掉落)(普通18-10)(普通关卡),{510=29.7398;511=14.8699;512=3.7175;513=0.7435;5000=11.1524;11=29.7398;12=7.4349;13=1.8587;14=0.7435},5,53.8,
167,11810,(手游普通关卡随机掉落)(普通19-01)(普通关卡),{510=29.7398;511=14.8699;512=3.7175;513=0.7435;5000=11.1524;11=29.7398;12=7.4349;13=1.8587;14=0.7435},5,53.8,
168,11901,(手游普通关卡随机掉落)(普通19-02)(普通关卡),{510=29.7398;511=14.8699;512=3.7175;513=0.7435;5000=11.1524;11=29.7398;12=7.4349;13=1.8587;14=0.7435},5,53.8,
169,11902,(手游普通关卡随机掉落)(普通19-03)(普通关卡),{510=29.7398;511=14.8699;512=3.7175;513=0.7435;5000=11.1524;11=29.7398;12=7.4349;13=1.8587;14=0.7435},5,53.8,
170,11903,(手游普通关卡随机掉落)(普通19-04)(普通关卡),{510=29.7398;511=14.8699;512=3.7175;513=0.7435;5000=11.1524;11=29.7398;12=7.4349;13=1.8587;14=0.7435},5,53.8,
171,11904,(手游普通关卡随机掉落)(普通19-05)(普通关卡),{510=29.7398;511=14.8699;512=3.7175;513=0.7435;5000=11.1524;11=29.7398;12=7.4349;13=1.8587;14=0.7435},5,53.8,
172,11905,(手游普通关卡随机掉落)(普通19-06)(普通关卡),{510=29.7398;511=14.8699;512=3.7175;513=0.7435;5000=11.1524;11=29.7398;12=7.4349;13=1.8587;14=0.7435},5,53.8,
173,11906,(手游普通关卡随机掉落)(普通19-07)(普通关卡),{510=29.7398;511=14.8699;512=3.7175;513=0.7435;5000=11.1524;11=29.7398;12=7.4349;13=1.8587;14=0.7435},5,53.8,
174,11907,(手游普通关卡随机掉落)(普通19-08)(普通关卡),{510=29.7398;511=14.8699;512=3.7175;513=0.7435;5000=11.1524;11=29.7398;12=7.4349;13=1.8587;14=0.7435},5,53.8,
175,11908,(手游普通关卡随机掉落)(普通19-09)(普通关卡),{510=29.7398;511=14.8699;512=3.7175;513=0.7435;5000=11.1524;11=29.7398;12=7.4349;13=1.8587;14=0.7435},5,53.8,
176,11909,(手游普通关卡随机掉落)(普通19-10)(普通关卡),{510=29.7398;511=14.8699;512=3.7175;513=0.7435;5000=11.1524;11=29.7398;12=7.4349;13=1.8587;14=0.7435},5,53.8,
177,11910,(手游普通关卡随机掉落)(普通20-01)(普通关卡),{510=29.7398;511=14.8699;512=3.7175;513=0.7435;5000=11.1524;11=29.7398;12=7.4349;13=1.8587;14=0.7435},5,53.8,
178,12001,(手游普通关卡随机掉落)(普通20-02)(普通关卡),{510=29.7398;511=14.8699;512=3.7175;513=0.7435;5000=11.1524;11=29.7398;12=7.4349;13=1.8587;14=0.7435},5,53.8,
179,12002,(手游普通关卡随机掉落)(普通20-03)(普通关卡),{510=29.7398;511=14.8699;512=3.7175;513=0.7435;5000=11.1524;11=29.7398;12=7.4349;13=1.8587;14=0.7435},5,53.8,
180,12003,(手游普通关卡随机掉落)(普通20-04)(普通关卡),{510=29.7398;511=14.8699;512=3.7175;513=0.7435;5000=11.1524;11=29.7398;12=7.4349;13=1.8587;14=0.7435},5,53.8,
181,12004,(手游普通关卡随机掉落)(普通20-05)(普通关卡),{510=29.7398;511=14.8699;512=3.7175;513=0.7435;5000=11.1524;11=29.7398;12=7.4349;13=1.8587;14=0.7435},5,53.8,
182,12005,(手游普通关卡随机掉落)(普通20-06)(普通关卡),{510=29.7398;511=14.8699;512=3.7175;513=0.7435;5000=11.1524;11=29.7398;12=7.4349;13=1.8587;14=0.7435},5,53.8,
183,12006,(手游普通关卡随机掉落)(普通20-07)(普通关卡),{510=29.7398;511=14.8699;512=3.7175;513=0.7435;5000=11.1524;11=29.7398;12=7.4349;13=1.8587;14=0.7435},5,53.8,
184,12007,(手游普通关卡随机掉落)(普通20-08)(普通关卡),{510=29.7398;511=14.8699;512=3.7175;513=0.7435;5000=11.1524;11=29.7398;12=7.4349;13=1.8587;14=0.7435},5,53.8,
185,12008,(手游普通关卡随机掉落)(普通20-09)(普通关卡),{510=29.7398;511=14.8699;512=3.7175;513=0.7435;5000=11.1524;11=29.7398;12=7.4349;13=1.8587;14=0.7435},5,53.8,
186,12009,(手游普通关卡随机掉落)(普通20-10)(普通关卡),{510=29.7398;511=14.8699;512=3.7175;513=0.7435;5000=11.1524;11=29.7398;12=7.4349;13=1.8587;14=0.7435},5,53.8,
187,12010,(手游普通关卡随机掉落)(普通21-01)(普通关卡),{510=29.7398;511=14.8699;512=3.7175;513=0.7435;5000=11.1524;11=29.7398;12=7.4349;13=1.8587;14=0.7435},5,53.8,
188,12101,(手游普通关卡随机掉落)(普通21-02)(普通关卡),{510=29.7398;511=14.8699;512=3.7175;513=0.7435;5000=11.1524;11=29.7398;12=7.4349;13=1.8587;14=0.7435},5,53.8,
189,12102,(手游普通关卡随机掉落)(普通21-03)(普通关卡),{510=29.7398;511=14.8699;512=3.7175;513=0.7435;5000=11.1524;11=29.7398;12=7.4349;13=1.8587;14=0.7435},5,53.8,
190,12103,(手游普通关卡随机掉落)(普通21-04)(普通关卡),{510=29.7398;511=14.8699;512=3.7175;513=0.7435;5000=11.1524;11=29.7398;12=7.4349;13=1.8587;14=0.7435},5,53.8,
191,12104,(手游普通关卡随机掉落)(普通21-05)(普通关卡),{510=29.7398;511=14.8699;512=3.7175;513=0.7435;5000=11.1524;11=29.7398;12=7.4349;13=1.8587;14=0.7435},5,53.8,
192,12105,(手游普通关卡随机掉落)(普通21-06)(普通关卡),{510=29.7398;511=14.8699;512=3.7175;513=0.7435;5000=11.1524;11=29.7398;12=7.4349;13=1.8587;14=0.7435},5,53.8,
193,12106,(手游普通关卡随机掉落)(普通21-07)(普通关卡),{510=29.7398;511=14.8699;512=3.7175;513=0.7435;5000=11.1524;11=29.7398;12=7.4349;13=1.8587;14=0.7435},5,53.8,
194,12107,(手游普通关卡随机掉落)(普通21-08)(普通关卡),{510=29.7398;511=14.8699;512=3.7175;513=0.7435;5000=11.1524;11=29.7398;12=7.4349;13=1.8587;14=0.7435},5,53.8,
195,12108,(手游普通关卡随机掉落)(普通21-09)(普通关卡),{510=29.7398;511=14.8699;512=3.7175;513=0.7435;5000=11.1524;11=29.7398;12=7.4349;13=1.8587;14=0.7435},5,53.8,
196,12109,(手游普通关卡随机掉落)(普通21-10)(普通关卡),{510=29.7398;511=14.8699;512=3.7175;513=0.7435;5000=11.1524;11=29.7398;12=7.4349;13=1.8587;14=0.7435},5,53.8,
197,12110,(手游普通关卡随机掉落)(普通22-01)(普通关卡),{510=29.7398;511=14.8699;512=3.7175;513=0.7435;5000=11.1524;11=29.7398;12=7.4349;13=1.8587;14=0.7435},5,53.8,
198,12201,(手游普通关卡随机掉落)(普通22-02)(普通关卡),{510=29.7398;511=14.8699;512=3.7175;513=0.7435;5000=11.1524;11=29.7398;12=7.4349;13=1.8587;14=0.7435},5,53.8,
199,12202,(手游普通关卡随机掉落)(普通22-03)(普通关卡),{510=29.7398;511=14.8699;512=3.7175;513=0.7435;5000=11.1524;11=29.7398;12=7.4349;13=1.8587;14=0.7435},5,53.8,
200,12203,(手游普通关卡随机掉落)(普通22-04)(普通关卡),{510=29.7398;511=14.8699;512=3.7175;513=0.7435;5000=11.1524;11=29.7398;12=7.4349;13=1.8587;14=0.7435},5,53.8,
201,12204,(手游普通关卡随机掉落)(普通22-05)(普通关卡),{510=29.7398;511=14.8699;512=3.7175;513=0.7435;5000=11.1524;11=29.7398;12=7.4349;13=1.8587;14=0.7435},5,53.8,
202,12205,(手游普通关卡随机掉落)(普通22-06)(普通关卡),{510=29.7398;511=14.8699;512=3.7175;513=0.7435;5000=11.1524;11=29.7398;12=7.4349;13=1.8587;14=0.7435},5,53.8,
203,12206,(手游普通关卡随机掉落)(普通22-07)(普通关卡),{510=29.7398;511=14.8699;512=3.7175;513=0.7435;5000=11.1524;11=29.7398;12=7.4349;13=1.8587;14=0.7435},5,53.8,
204,12207,(手游普通关卡随机掉落)(普通22-08)(普通关卡),{510=29.7398;511=14.8699;512=3.7175;513=0.7435;5000=11.1524;11=29.7398;12=7.4349;13=1.8587;14=0.7435},5,53.8,
205,12208,(手游普通关卡随机掉落)(普通22-09)(普通关卡),{510=29.7398;511=14.8699;512=3.7175;513=0.7435;5000=11.1524;11=29.7398;12=7.4349;13=1.8587;14=0.7435},5,53.8,
206,12209,(手游普通关卡随机掉落)(普通22-10)(普通关卡),{510=29.7398;511=14.8699;512=3.7175;513=0.7435;5000=11.1524;11=29.7398;12=7.4349;13=1.8587;14=0.7435},5,53.8,
207,12210,(手游普通关卡随机掉落)(普通23-01)(普通关卡),{510=29.7398;511=14.8699;512=3.7175;513=0.7435;5000=11.1524;11=29.7398;12=7.4349;13=1.8587;14=0.7435},5,53.8,
208,12301,(手游普通关卡随机掉落)(普通23-02)(普通关卡),{510=29.7398;511=14.8699;512=3.7175;513=0.7435;5000=11.1524;11=29.7398;12=7.4349;13=1.8587;14=0.7435},5,53.8,
209,12302,(手游普通关卡随机掉落)(普通23-03)(普通关卡),{510=29.7398;511=14.8699;512=3.7175;513=0.7435;5000=11.1524;11=29.7398;12=7.4349;13=1.8587;14=0.7435},5,53.8,
210,12303,(手游普通关卡随机掉落)(普通23-04)(普通关卡),{510=29.7398;511=14.8699;512=3.7175;513=0.7435;5000=11.1524;11=29.7398;12=7.4349;13=1.8587;14=0.7435},5,53.8,
211,12304,(手游普通关卡随机掉落)(普通23-05)(普通关卡),{510=29.7398;511=14.8699;512=3.7175;513=0.7435;5000=11.1524;11=29.7398;12=7.4349;13=1.8587;14=0.7435},5,53.8,
212,12305,(手游普通关卡随机掉落)(普通23-06)(普通关卡),{510=29.7398;511=14.8699;512=3.7175;513=0.7435;5000=11.1524;11=29.7398;12=7.4349;13=1.8587;14=0.7435},5,53.8,
213,12306,(手游普通关卡随机掉落)(普通23-07)(普通关卡),{510=29.7398;511=14.8699;512=3.7175;513=0.7435;5000=11.1524;11=29.7398;12=7.4349;13=1.8587;14=0.7435},5,53.8,
214,12307,(手游普通关卡随机掉落)(普通23-08)(普通关卡),{510=29.7398;511=14.8699;512=3.7175;513=0.7435;5000=11.1524;11=29.7398;12=7.4349;13=1.8587;14=0.7435},5,53.8,
215,12308,(手游普通关卡随机掉落)(普通23-09)(普通关卡),{510=29.7398;511=14.8699;512=3.7175;513=0.7435;5000=11.1524;11=29.7398;12=7.4349;13=1.8587;14=0.7435},5,53.8,
216,12309,(手游普通关卡随机掉落)(普通23-10)(普通关卡),{510=29.7398;511=14.8699;512=3.7175;513=0.7435;5000=11.1524;11=29.7398;12=7.4349;13=1.8587;14=0.7435},5,53.8,
217,12310,(手游普通关卡随机掉落)(普通24-01)(普通关卡),{510=29.7398;511=14.8699;512=3.7175;513=0.7435;5000=11.1524;11=29.7398;12=7.4349;13=1.8587;14=0.7435},5,53.8,
218,12401,(手游普通关卡随机掉落)(普通24-02)(普通关卡),{510=29.7398;511=14.8699;512=3.7175;513=0.7435;5000=11.1524;11=29.7398;12=7.4349;13=1.8587;14=0.7435},5,53.8,
219,12402,(手游普通关卡随机掉落)(普通24-03)(普通关卡),{510=29.7398;511=14.8699;512=3.7175;513=0.7435;5000=11.1524;11=29.7398;12=7.4349;13=1.8587;14=0.7435},5,53.8,
220,12403,(手游普通关卡随机掉落)(普通24-04)(普通关卡),{510=29.7398;511=14.8699;512=3.7175;513=0.7435;5000=11.1524;11=29.7398;12=7.4349;13=1.8587;14=0.7435},5,53.8,
221,12404,(手游普通关卡随机掉落)(普通24-05)(普通关卡),{510=29.7398;511=14.8699;512=3.7175;513=0.7435;5000=11.1524;11=29.7398;12=7.4349;13=1.8587;14=0.7435},5,53.8,
222,12405,(手游普通关卡随机掉落)(普通24-06)(普通关卡),{510=29.7398;511=14.8699;512=3.7175;513=0.7435;5000=11.1524;11=29.7398;12=7.4349;13=1.8587;14=0.7435},5,53.8,
223,12406,(手游普通关卡随机掉落)(普通24-07)(普通关卡),{510=29.7398;511=14.8699;512=3.7175;513=0.7435;5000=11.1524;11=29.7398;12=7.4349;13=1.8587;14=0.7435},5,53.8,
224,12407,(手游普通关卡随机掉落)(普通24-08)(普通关卡),{510=29.7398;511=14.8699;512=3.7175;513=0.7435;5000=11.1524;11=29.7398;12=7.4349;13=1.8587;14=0.7435},5,53.8,
225,12408,(手游普通关卡随机掉落)(普通24-09)(普通关卡),{510=29.7398;511=14.8699;512=3.7175;513=0.7435;5000=11.1524;11=29.7398;12=7.4349;13=1.8587;14=0.7435},5,53.8,
226,12409,(手游普通关卡随机掉落)(普通24-10)(普通关卡),{510=29.7398;511=14.8699;512=3.7175;513=0.7435;5000=11.1524;11=29.7398;12=7.4349;13=1.8587;14=0.7435},5,53.8,
227,12410,(手游普通关卡随机掉落)(普通25-01)(普通关卡),{510=29.7398;511=14.8699;512=3.7175;513=0.7435;5000=11.1524;11=29.7398;12=7.4349;13=1.8587;14=0.7435},5,53.8,
228,12501,(手游普通关卡随机掉落)(普通25-02)(普通关卡),{510=29.7398;511=14.8699;512=3.7175;513=0.7435;5000=11.1524;11=29.7398;12=7.4349;13=1.8587;14=0.7435},5,53.8,
229,12502,(手游普通关卡随机掉落)(普通25-03)(普通关卡),{510=29.7398;511=14.8699;512=3.7175;513=0.7435;5000=11.1524;11=29.7398;12=7.4349;13=1.8587;14=0.7435},5,53.8,
230,12503,(手游普通关卡随机掉落)(普通25-04)(普通关卡),{510=29.7398;511=14.8699;512=3.7175;513=0.7435;5000=11.1524;11=29.7398;12=7.4349;13=1.8587;14=0.7435},5,53.8,
231,12504,(手游普通关卡随机掉落)(普通25-05)(普通关卡),{510=29.7398;511=14.8699;512=3.7175;513=0.7435;5000=11.1524;11=29.7398;12=7.4349;13=1.8587;14=0.7435},5,53.8,
232,12505,(手游普通关卡随机掉落)(普通25-06)(普通关卡),{510=29.7398;511=14.8699;512=3.7175;513=0.7435;5000=11.1524;11=29.7398;12=7.4349;13=1.8587;14=0.7435},5,53.8,
233,12506,(手游普通关卡随机掉落)(普通25-07)(普通关卡),{510=29.7398;511=14.8699;512=3.7175;513=0.7435;5000=11.1524;11=29.7398;12=7.4349;13=1.8587;14=0.7435},5,53.8,
234,12507,(手游普通关卡随机掉落)(普通25-08)(普通关卡),{510=29.7398;511=14.8699;512=3.7175;513=0.7435;5000=11.1524;11=29.7398;12=7.4349;13=1.8587;14=0.7435},5,53.8,
235,12508,(手游普通关卡随机掉落)(普通25-09)(普通关卡),{510=29.7398;511=14.8699;512=3.7175;513=0.7435;5000=11.1524;11=29.7398;12=7.4349;13=1.8587;14=0.7435},5,53.8,
236,12509,(手游普通关卡随机掉落)(普通25-10)(普通关卡),{510=29.7398;511=14.8699;512=3.7175;513=0.7435;5000=11.1524;11=29.7398;12=7.4349;13=1.8587;14=0.7435},5,53.8,
237,12510,(手游精英关卡随机掉落)(精英1-01)(精英关卡),{510=29.7398;511=14.8699;512=3.7175;513=0.7435;5000=11.1524;11=29.7398;12=7.4349;13=1.8587;14=0.7435},5,53.8,
238,20101,(手游精英关卡随机掉落)(精英1-02)(精英关卡),{510=43.2432;11=43.2432;5000=13.5135},5,66.6,
239,20102,(手游精英关卡随机掉落)(精英1-03)(精英关卡),{510=43.2432;11=43.2432;5000=13.5135},5,66.6,
240,20103,(手游精英关卡随机掉落)(精英2-01)(精英关卡),{510=43.2432;11=43.2432;5000=13.5135},5,66.6,
241,20201,(手游精英关卡随机掉落)(精英2-02)(精英关卡),{510=43.2432;11=43.2432;5000=13.5135},5,66.6,
242,20202,(手游精英关卡随机掉落)(精英2-03)(精英关卡),{510=43.2432;11=43.2432;5000=13.5135},5,66.6,
243,20203,(手游精英关卡随机掉落)(精英3-01)(精英关卡),{510=43.2432;11=43.2432;5000=13.5135},5,66.6,
245,20301,(手游精英关卡随机掉落)(精英3-02)(精英关卡),{510=43.2432;11=43.2432;5000=13.5135},5,66.6,
246,20302,(手游精英关卡随机掉落)(精英3-03)(精英关卡),{510=43.2432;11=43.2432;5000=13.5135},5,66.6,
247,20303,(手游精英关卡随机掉落)(精英3-04)(精英关卡),{510=43.2432;11=43.2432;5000=13.5135},5,66.6,
248,20304,(手游精英关卡随机掉落)(精英4-01)(精英关卡),{510=43.2432;11=43.2432;5000=13.5135},5,66.6,
249,20401,(手游精英关卡随机掉落)(精英4-02)(精英关卡),{510=43.2432;11=43.2432;5000=13.5135},5,66.6,
250,20402,(手游精英关卡随机掉落)(精英4-03)(精英关卡),{510=43.2432;11=43.2432;5000=13.5135},5,66.6,
251,20403,(手游精英关卡随机掉落)(精英4-04)(精英关卡),{510=43.2432;11=43.2432;5000=13.5135},5,66.6,
252,20404,(手游精英关卡随机掉落)(精英5-01)(精英关卡),{510=43.2432;11=43.2432;5000=13.5135},5,66.6,
253,20501,(手游精英关卡随机掉落)(精英5-02)(精英关卡),{511=16.3265;5000=10.2041;12=8.1633;510=32.6531;11=32.6531},5,88.2,
254,20502,(手游精英关卡随机掉落)(精英5-03)(精英关卡),{511=16.3265;5000=10.2041;12=8.1633;510=32.6531;11=32.6531},5,88.2,
255,20503,(手游精英关卡随机掉落)(精英5-04)(精英关卡),{511=16.3265;5000=10.2041;12=8.1633;510=32.6531;11=32.6531},5,88.2,
256,20504,(手游精英关卡随机掉落)(精英5-05)(精英关卡),{511=16.3265;5000=10.2041;12=8.1633;510=32.6531;11=32.6531},5,88.2,
257,20505,(手游精英关卡随机掉落)(精英6-01)(精英关卡),{511=16.3265;5000=10.2041;12=8.1633;510=32.6531;11=32.6531},5,88.2,
258,20601,(手游精英关卡随机掉落)(精英6-02)(精英关卡),{511=16.3265;5000=10.2041;12=8.1633;510=32.6531;11=32.6531},5,88.2,
259,20602,(手游精英关卡随机掉落)(精英6-03)(精英关卡),{511=16.3265;5000=10.2041;12=8.1633;510=32.6531;11=32.6531},5,88.2,
260,20603,(手游精英关卡随机掉落)(精英6-04)(精英关卡),{511=16.3265;5000=10.2041;12=8.1633;510=32.6531;11=32.6531},5,88.2,
261,20604,(手游精英关卡随机掉落)(精英6-05)(精英关卡),{511=16.3265;5000=10.2041;12=8.1633;510=32.6531;11=32.6531},5,88.2,
262,20605,(手游精英关卡随机掉落)(精英7-01)(精英关卡),{511=16.3265;5000=10.2041;12=8.1633;510=32.6531;11=32.6531},5,88.2,
263,20701,(手游精英关卡随机掉落)(精英7-02)(精英关卡),{511=15.3846;512=3.8462;5000=9.6154;510=30.7692;11=30.7692;12=7.6923;13=1.9231},5,93.6,
264,20702,(手游精英关卡随机掉落)(精英7-03)(精英关卡),{511=15.3846;512=3.8462;5000=9.6154;510=30.7692;11=30.7692;12=7.6923;13=1.9231},5,93.6,
265,20703,(手游精英关卡随机掉落)(精英7-04)(精英关卡),{511=15.3846;512=3.8462;5000=9.6154;510=30.7692;11=30.7692;12=7.6923;13=1.9231},5,93.6,
266,20704,(手游精英关卡随机掉落)(精英7-05)(精英关卡),{511=15.3846;512=3.8462;5000=9.6154;510=30.7692;11=30.7692;12=7.6923;13=1.9231},5,93.6,
267,20705,(手游精英关卡随机掉落)(精英8-01)(精英关卡),{511=15.3846;512=3.8462;5000=9.6154;510=30.7692;11=30.7692;12=7.6923;13=1.9231},5,93.6,
268,20801,(手游精英关卡随机掉落)(精英8-02)(精英关卡),{511=15.3846;512=3.8462;5000=9.6154;510=30.7692;11=30.7692;12=7.6923;13=1.9231},5,93.6,
269,20802,(手游精英关卡随机掉落)(精英8-03)(精英关卡),{511=15.3846;512=3.8462;5000=9.6154;510=30.7692;11=30.7692;12=7.6923;13=1.9231},5,93.6,
270,20803,(手游精英关卡随机掉落)(精英8-04)(精英关卡),{511=15.3846;512=3.8462;5000=9.6154;510=30.7692;11=30.7692;12=7.6923;13=1.9231},5,93.6,
271,20804,(手游精英关卡随机掉落)(精英8-05)(精英关卡),{511=15.3846;512=3.8462;5000=9.6154;510=30.7692;11=30.7692;12=7.6923;13=1.9231},5,93.6,
272,20805,(手游精英关卡随机掉落)(精英9-01)(精英关卡),{511=15.3846;512=3.8462;5000=9.6154;510=30.7692;11=30.7692;12=7.6923;13=1.9231},5,93.6,
273,20901,(手游精英关卡随机掉落)(精英9-02)(精英关卡),{511=15.3846;512=3.8462;5000=9.6154;510=30.7692;11=30.7692;12=7.6923;13=1.9231},5,93.6,
274,20902,(手游精英关卡随机掉落)(精英9-03)(精英关卡),{511=15.3846;512=3.8462;5000=9.6154;510=30.7692;11=30.7692;12=7.6923;13=1.9231},5,93.6,
275,20903,(手游精英关卡随机掉落)(精英9-04)(精英关卡),{511=15.3846;512=3.8462;5000=9.6154;510=30.7692;11=30.7692;12=7.6923;13=1.9231},5,93.6,
276,20904,(手游精英关卡随机掉落)(精英9-05)(精英关卡),{511=15.3846;512=3.8462;5000=9.6154;510=30.7692;11=30.7692;12=7.6923;13=1.9231},5,93.6,
277,20905,(手游精英关卡随机掉落)(精英10-01)(精英关卡),{511=15.3846;512=3.8462;5000=9.6154;510=30.7692;11=30.7692;12=7.6923;13=1.9231},5,93.6,
278,21001,(手游精英关卡随机掉落)(精英10-02)(精英关卡),{511=15.3846;512=3.8462;5000=9.6154;510=30.7692;11=30.7692;12=7.6923;13=1.9231},5,93.6,
279,21002,(手游精英关卡随机掉落)(精英10-03)(精英关卡),{511=15.3846;512=3.8462;5000=9.6154;510=30.7692;11=30.7692;12=7.6923;13=1.9231},5,93.6,
280,21003,(手游精英关卡随机掉落)(精英10-04)(精英关卡),{511=15.3846;512=3.8462;5000=9.6154;510=30.7692;11=30.7692;12=7.6923;13=1.9231},5,93.6,
281,21004,(手游精英关卡随机掉落)(精英10-05)(精英关卡),{511=15.3846;512=3.8462;5000=9.6154;510=30.7692;11=30.7692;12=7.6923;13=1.9231},5,93.6,
282,21005,(手游精英关卡随机掉落)(精英11-01)(精英关卡),{511=15.3846;512=3.8462;5000=9.6154;510=30.7692;11=30.7692;12=7.6923;13=1.9231},5,93.6,
283,21101,(手游精英关卡随机掉落)(精英11-02)(精英关卡),{510=30.303;511=15.1515;512=3.7879;513=0.7576;5000=9.4697;11=30.303;12=7.5758;13=1.8939;14=0.7576},5,95.04,
284,21102,(手游精英关卡随机掉落)(精英11-03)(精英关卡),{510=30.303;511=15.1515;512=3.7879;513=0.7576;5000=9.4697;11=30.303;12=7.5758;13=1.8939;14=0.7576},5,95.04,
285,21103,(手游精英关卡随机掉落)(精英11-04)(精英关卡),{510=30.303;511=15.1515;512=3.7879;513=0.7576;5000=9.4697;11=30.303;12=7.5758;13=1.8939;14=0.7576},5,95.04,
286,21104,(手游精英关卡随机掉落)(精英11-05)(精英关卡),{510=30.303;511=15.1515;512=3.7879;513=0.7576;5000=9.4697;11=30.303;12=7.5758;13=1.8939;14=0.7576},5,95.04,
287,21105,(手游精英关卡随机掉落)(精英12-01)(精英关卡),{510=30.303;511=15.1515;512=3.7879;513=0.7576;5000=9.4697;11=30.303;12=7.5758;13=1.8939;14=0.7576},5,95.04,
288,21201,(手游精英关卡随机掉落)(精英12-02)(精英关卡),{510=30.303;511=15.1515;512=3.7879;513=0.7576;5000=9.4697;11=30.303;12=7.5758;13=1.8939;14=0.7576},5,95.04,
289,21202,(手游精英关卡随机掉落)(精英12-03)(精英关卡),{510=30.303;511=15.1515;512=3.7879;513=0.7576;5000=9.4697;11=30.303;12=7.5758;13=1.8939;14=0.7576},5,95.04,
290,21203,(手游精英关卡随机掉落)(精英12-04)(精英关卡),{510=30.303;511=15.1515;512=3.7879;513=0.7576;5000=9.4697;11=30.303;12=7.5758;13=1.8939;14=0.7576},5,95.04,
291,21204,(手游精英关卡随机掉落)(精英12-05)(精英关卡),{510=30.303;511=15.1515;512=3.7879;513=0.7576;5000=9.4697;11=30.303;12=7.5758;13=1.8939;14=0.7576},5,95.04,
292,21205,(手游精英关卡随机掉落)(精英13-01)(精英关卡),{510=30.303;511=15.1515;512=3.7879;513=0.7576;5000=9.4697;11=30.303;12=7.5758;13=1.8939;14=0.7576},5,95.04,
293,21301,(手游精英关卡随机掉落)(精英13-02)(精英关卡),{510=30.303;511=15.1515;512=3.7879;513=0.7576;5000=9.4697;11=30.303;12=7.5758;13=1.8939;14=0.7576},5,95.04,
294,21302,(手游精英关卡随机掉落)(精英13-03)(精英关卡),{510=30.303;511=15.1515;512=3.7879;513=0.7576;5000=9.4697;11=30.303;12=7.5758;13=1.8939;14=0.7576},5,95.04,
295,21303,(手游精英关卡随机掉落)(精英13-04)(精英关卡),{510=30.303;511=15.1515;512=3.7879;513=0.7576;5000=9.4697;11=30.303;12=7.5758;13=1.8939;14=0.7576},5,95.04,
296,21304,(手游精英关卡随机掉落)(精英13-05)(精英关卡),{510=30.303;511=15.1515;512=3.7879;513=0.7576;5000=9.4697;11=30.303;12=7.5758;13=1.8939;14=0.7576},5,95.04,
297,21305,(手游精英关卡随机掉落)(精英14-01)(精英关卡),{510=30.303;511=15.1515;512=3.7879;513=0.7576;5000=9.4697;11=30.303;12=7.5758;13=1.8939;14=0.7576},5,95.04,
298,21401,(手游精英关卡随机掉落)(精英14-02)(精英关卡),{510=30.303;511=15.1515;512=3.7879;513=0.7576;5000=9.4697;11=30.303;12=7.5758;13=1.8939;14=0.7576},5,95.04,
299,21402,(手游精英关卡随机掉落)(精英14-03)(精英关卡),{510=30.303;511=15.1515;512=3.7879;513=0.7576;5000=9.4697;11=30.303;12=7.5758;13=1.8939;14=0.7576},5,95.04,
300,21403,(手游精英关卡随机掉落)(精英14-04)(精英关卡),{510=30.303;511=15.1515;512=3.7879;513=0.7576;5000=9.4697;11=30.303;12=7.5758;13=1.8939;14=0.7576},5,95.04,
301,21404,(手游精英关卡随机掉落)(精英14-05)(精英关卡),{510=30.303;511=15.1515;512=3.7879;513=0.7576;5000=9.4697;11=30.303;12=7.5758;13=1.8939;14=0.7576},5,95.04,
302,21405,(手游精英关卡随机掉落)(精英15-01)(精英关卡),{510=30.303;511=15.1515;512=3.7879;513=0.7576;5000=9.4697;11=30.303;12=7.5758;13=1.8939;14=0.7576},5,95.04,
303,21501,(手游精英关卡随机掉落)(精英15-02)(精英关卡),{510=30.303;511=15.1515;512=3.7879;513=0.7576;5000=9.4697;11=30.303;12=7.5758;13=1.8939;14=0.7576},5,95.04,
304,21502,(手游精英关卡随机掉落)(精英15-03)(精英关卡),{510=30.303;511=15.1515;512=3.7879;513=0.7576;5000=9.4697;11=30.303;12=7.5758;13=1.8939;14=0.7576},5,95.04,
305,21503,(手游精英关卡随机掉落)(精英15-04)(精英关卡),{510=30.303;511=15.1515;512=3.7879;513=0.7576;5000=9.4697;11=30.303;12=7.5758;13=1.8939;14=0.7576},5,95.04,
306,21504,(手游精英关卡随机掉落)(精英15-05)(精英关卡),{510=30.303;511=15.1515;512=3.7879;513=0.7576;5000=9.4697;11=30.303;12=7.5758;13=1.8939;14=0.7576},5,95.04,
307,21505,(手游精英关卡随机掉落)(精英16-01)(精英关卡),{510=30.303;511=15.1515;512=3.7879;513=0.7576;5000=9.4697;11=30.303;12=7.5758;13=1.8939;14=0.7576},5,95.04,
308,21601,(手游精英关卡随机掉落)(精英16-02)(精英关卡),{510=30.303;511=15.1515;512=3.7879;513=0.7576;5000=9.4697;11=30.303;12=7.5758;13=1.8939;14=0.7576},5,95.04,
309,21602,(手游精英关卡随机掉落)(精英16-03)(精英关卡),{510=30.303;511=15.1515;512=3.7879;513=0.7576;5000=9.4697;11=30.303;12=7.5758;13=1.8939;14=0.7576},5,95.04,
310,21603,(手游精英关卡随机掉落)(精英16-04)(精英关卡),{510=30.303;511=15.1515;512=3.7879;513=0.7576;5000=9.4697;11=30.303;12=7.5758;13=1.8939;14=0.7576},5,95.04,
311,21604,(手游精英关卡随机掉落)(精英16-05)(精英关卡),{510=30.303;511=15.1515;512=3.7879;513=0.7576;5000=9.4697;11=30.303;12=7.5758;13=1.8939;14=0.7576},5,95.04,
312,21605,(手游精英关卡随机掉落)(精英17-01)(精英关卡),{510=30.303;511=15.1515;512=3.7879;513=0.7576;5000=9.4697;11=30.303;12=7.5758;13=1.8939;14=0.7576},5,95.04,
313,21701,(手游精英关卡随机掉落)(精英17-02)(精英关卡),{510=30.303;511=15.1515;512=3.7879;513=0.7576;5000=9.4697;11=30.303;12=7.5758;13=1.8939;14=0.7576},5,95.04,
314,21702,(手游精英关卡随机掉落)(精英17-03)(精英关卡),{510=30.303;511=15.1515;512=3.7879;513=0.7576;5000=9.4697;11=30.303;12=7.5758;13=1.8939;14=0.7576},5,95.04,
315,21703,(手游精英关卡随机掉落)(精英17-04)(精英关卡),{510=30.303;511=15.1515;512=3.7879;513=0.7576;5000=9.4697;11=30.303;12=7.5758;13=1.8939;14=0.7576},5,95.04,
316,21704,(手游精英关卡随机掉落)(精英17-05)(精英关卡),{510=30.303;511=15.1515;512=3.7879;513=0.7576;5000=9.4697;11=30.303;12=7.5758;13=1.8939;14=0.7576},5,95.04,
317,21705,(手游精英关卡随机掉落)(精英18-01)(精英关卡),{510=30.303;511=15.1515;512=3.7879;513=0.7576;5000=9.4697;11=30.303;12=7.5758;13=1.8939;14=0.7576},5,95.04,
318,21801,(手游精英关卡随机掉落)(精英18-02)(精英关卡),{510=30.303;511=15.1515;512=3.7879;513=0.7576;5000=9.4697;11=30.303;12=7.5758;13=1.8939;14=0.7576},5,95.04,
319,21802,(手游精英关卡随机掉落)(精英18-03)(精英关卡),{510=30.303;511=15.1515;512=3.7879;513=0.7576;5000=9.4697;11=30.303;12=7.5758;13=1.8939;14=0.7576},5,95.04,
320,21803,(手游精英关卡随机掉落)(精英18-04)(精英关卡),{510=30.303;511=15.1515;512=3.7879;513=0.7576;5000=9.4697;11=30.303;12=7.5758;13=1.8939;14=0.7576},5,95.04,
321,21804,(手游精英关卡随机掉落)(精英18-05)(精英关卡),{510=30.303;511=15.1515;512=3.7879;513=0.7576;5000=9.4697;11=30.303;12=7.5758;13=1.8939;14=0.7576},5,95.04,
322,21805,(手游精英关卡随机掉落)(精英19-01)(精英关卡),{510=30.303;511=15.1515;512=3.7879;513=0.7576;5000=9.4697;11=30.303;12=7.5758;13=1.8939;14=0.7576},5,95.04,
323,21901,(手游精英关卡随机掉落)(精英19-02)(精英关卡),{510=30.303;511=15.1515;512=3.7879;513=0.7576;5000=9.4697;11=30.303;12=7.5758;13=1.8939;14=0.7576},5,95.04,
324,21902,(手游精英关卡随机掉落)(精英19-03)(精英关卡),{510=30.303;511=15.1515;512=3.7879;513=0.7576;5000=9.4697;11=30.303;12=7.5758;13=1.8939;14=0.7576},5,95.04,
325,21903,(手游精英关卡随机掉落)(精英19-04)(精英关卡),{510=30.303;511=15.1515;512=3.7879;513=0.7576;5000=9.4697;11=30.303;12=7.5758;13=1.8939;14=0.7576},5,95.04,
326,21904,(手游精英关卡随机掉落)(精英19-05)(精英关卡),{510=30.303;511=15.1515;512=3.7879;513=0.7576;5000=9.4697;11=30.303;12=7.5758;13=1.8939;14=0.7576},5,95.04,
327,21905,(手游精英关卡随机掉落)(精英20-01)(精英关卡),{510=30.303;511=15.1515;512=3.7879;513=0.7576;5000=9.4697;11=30.303;12=7.5758;13=1.8939;14=0.7576},5,95.04,
328,22001,(手游精英关卡随机掉落)(精英20-02)(精英关卡),{510=30.303;511=15.1515;512=3.7879;513=0.7576;5000=9.4697;11=30.303;12=7.5758;13=1.8939;14=0.7576},5,95.04,
329,22002,(手游精英关卡随机掉落)(精英20-03)(精英关卡),{510=30.303;511=15.1515;512=3.7879;513=0.7576;5000=9.4697;11=30.303;12=7.5758;13=1.8939;14=0.7576},5,95.04,
330,22003,(手游精英关卡随机掉落)(精英20-04)(精英关卡),{510=30.303;511=15.1515;512=3.7879;513=0.7576;5000=9.4697;11=30.303;12=7.5758;13=1.8939;14=0.7576},5,95.04,
331,22004,(手游精英关卡随机掉落)(精英20-05)(精英关卡),{510=30.303;511=15.1515;512=3.7879;513=0.7576;5000=9.4697;11=30.303;12=7.5758;13=1.8939;14=0.7576},5,95.04,
332,22005,(手游精英关卡随机掉落)(精英21-01)(精英关卡),{510=30.303;511=15.1515;512=3.7879;513=0.7576;5000=9.4697;11=30.303;12=7.5758;13=1.8939;14=0.7576},5,95.04,
333,22101,(手游精英关卡随机掉落)(精英21-02)(精英关卡),{510=30.303;511=15.1515;512=3.7879;513=0.7576;5000=9.4697;11=30.303;12=7.5758;13=1.8939;14=0.7576},5,95.04,
334,22102,(手游精英关卡随机掉落)(精英21-03)(精英关卡),{510=30.303;511=15.1515;512=3.7879;513=0.7576;5000=9.4697;11=30.303;12=7.5758;13=1.8939;14=0.7576},5,95.04,
335,22103,(手游精英关卡随机掉落)(精英21-04)(精英关卡),{510=30.303;511=15.1515;512=3.7879;513=0.7576;5000=9.4697;11=30.303;12=7.5758;13=1.8939;14=0.7576},5,95.04,
336,22104,(手游精英关卡随机掉落)(精英21-05)(精英关卡),{510=30.303;511=15.1515;512=3.7879;513=0.7576;5000=9.4697;11=30.303;12=7.5758;13=1.8939;14=0.7576},5,95.04,
337,22105,(手游精英关卡随机掉落)(精英22-01)(精英关卡),{510=30.303;511=15.1515;512=3.7879;513=0.7576;5000=9.4697;11=30.303;12=7.5758;13=1.8939;14=0.7576},5,95.04,
338,22201,(手游精英关卡随机掉落)(精英22-02)(精英关卡),{510=30.303;511=15.1515;512=3.7879;513=0.7576;5000=9.4697;11=30.303;12=7.5758;13=1.8939;14=0.7576},5,95.04,
339,22202,(手游精英关卡随机掉落)(精英22-03)(精英关卡),{510=30.303;511=15.1515;512=3.7879;513=0.7576;5000=9.4697;11=30.303;12=7.5758;13=1.8939;14=0.7576},5,95.04,
340,22203,(手游精英关卡随机掉落)(精英22-04)(精英关卡),{510=30.303;511=15.1515;512=3.7879;513=0.7576;5000=9.4697;11=30.303;12=7.5758;13=1.8939;14=0.7576},5,95.04,
341,22204,(手游精英关卡随机掉落)(精英22-05)(精英关卡),{510=30.303;511=15.1515;512=3.7879;513=0.7576;5000=9.4697;11=30.303;12=7.5758;13=1.8939;14=0.7576},5,95.04,
342,22205,(手游精英关卡随机掉落)(精英23-01)(精英关卡),{510=30.303;511=15.1515;512=3.7879;513=0.7576;5000=9.4697;11=30.303;12=7.5758;13=1.8939;14=0.7576},5,95.04,
343,22301,(手游精英关卡随机掉落)(精英23-02)(精英关卡),{510=30.303;511=15.1515;512=3.7879;513=0.7576;5000=9.4697;11=30.303;12=7.5758;13=1.8939;14=0.7576},5,95.04,
344,22302,(手游精英关卡随机掉落)(精英23-03)(精英关卡),{510=30.303;511=15.1515;512=3.7879;513=0.7576;5000=9.4697;11=30.303;12=7.5758;13=1.8939;14=0.7576},5,95.04,
345,22303,(手游精英关卡随机掉落)(精英23-04)(精英关卡),{510=30.303;511=15.1515;512=3.7879;513=0.7576;5000=9.4697;11=30.303;12=7.5758;13=1.8939;14=0.7576},5,95.04,
346,22304,(手游精英关卡随机掉落)(精英23-05)(精英关卡),{510=30.303;511=15.1515;512=3.7879;513=0.7576;5000=9.4697;11=30.303;12=7.5758;13=1.8939;14=0.7576},5,95.04,
347,22305,(手游精英关卡随机掉落)(精英24-01)(精英关卡),{510=30.303;511=15.1515;512=3.7879;513=0.7576;5000=9.4697;11=30.303;12=7.5758;13=1.8939;14=0.7576},5,95.04,
348,22401,(手游精英关卡随机掉落)(精英24-02)(精英关卡),{510=30.303;511=15.1515;512=3.7879;513=0.7576;5000=9.4697;11=30.303;12=7.5758;13=1.8939;14=0.7576},5,95.04,
349,22402,(手游精英关卡随机掉落)(精英24-03)(精英关卡),{510=30.303;511=15.1515;512=3.7879;513=0.7576;5000=9.4697;11=30.303;12=7.5758;13=1.8939;14=0.7576},5,95.04,
350,22403,(手游精英关卡随机掉落)(精英24-04)(精英关卡),{510=30.303;511=15.1515;512=3.7879;513=0.7576;5000=9.4697;11=30.303;12=7.5758;13=1.8939;14=0.7576},5,95.04,
351,22404,(手游精英关卡随机掉落)(精英24-05)(精英关卡),{510=30.303;511=15.1515;512=3.7879;513=0.7576;5000=9.4697;11=30.303;12=7.5758;13=1.8939;14=0.7576},5,95.04,
352,22405,(手游精英关卡随机掉落)(精英25-01)(精英关卡),{510=30.303;511=15.1515;512=3.7879;513=0.7576;5000=9.4697;11=30.303;12=7.5758;13=1.8939;14=0.7576},5,95.04,
353,22501,(手游精英关卡随机掉落)(精英25-02)(精英关卡),{510=30.303;511=15.1515;512=3.7879;513=0.7576;5000=9.4697;11=30.303;12=7.5758;13=1.8939;14=0.7576},5,95.04,
354,22502,(手游精英关卡随机掉落)(精英25-03)(精英关卡),{510=30.303;511=15.1515;512=3.7879;513=0.7576;5000=9.4697;11=30.303;12=7.5758;13=1.8939;14=0.7576},5,95.04,
355,22503,(手游精英关卡随机掉落)(精英25-04)(精英关卡),{510=30.303;511=15.1515;512=3.7879;513=0.7576;5000=9.4697;11=30.303;12=7.5758;13=1.8939;14=0.7576},5,95.04,
356,22504,(手游精英关卡随机掉落)(精英25-05)(精英关卡),{510=30.303;511=15.1515;512=3.7879;513=0.7576;5000=9.4697;11=30.303;12=7.5758;13=1.8939;14=0.7576},5,95.04,
357,22505,(手游精英关卡进阶材料掉落)(精英1-01)(精英关卡),{510=30.303;511=15.1515;512=3.7879;513=0.7576;5000=9.4697;11=30.303;12=7.5758;13=1.8939;14=0.7576},5,95.04,
358,20101,(手游精英关卡进阶材料掉落)(精英1-02)(精英关卡),{5001=33.3333;5002=33.3333;5003=33.3333},5,22.2,
359,20102,(手游精英关卡进阶材料掉落)(精英1-03)(精英关卡),{5001=33.3333;5002=33.3333;5003=33.3333},5,22.2,
360,20103,(手游精英关卡进阶材料掉落)(精英2-01)(精英关卡),{5001=33.3333;5002=33.3333;5003=33.3333},5,22.2,
361,20201,(手游精英关卡进阶材料掉落)(精英2-02)(精英关卡),{5001=33.3333;5002=33.3333;5003=33.3333},5,22.2,
362,20202,(手游精英关卡进阶材料掉落)(精英2-03)(精英关卡),{5001=33.3333;5002=33.3333;5003=33.3333},5,22.2,
363,20203,(手游精英关卡进阶材料掉落)(精英3-01)(精英关卡),{5001=33.3333;5002=33.3333;5003=33.3333},5,22.2,
365,20301,(手游精英关卡进阶材料掉落)(精英3-02)(精英关卡),{5004=33.3333;5005=33.3333;5006=33.3333},5,22.2,
366,20302,(手游精英关卡进阶材料掉落)(精英3-03)(精英关卡),{5004=33.3333;5005=33.3333;5006=33.3333},5,22.2,
367,20303,(手游精英关卡进阶材料掉落)(精英3-04)(精英关卡),{5004=33.3333;5005=33.3333;5006=33.3333},5,22.2,
368,20304,(手游精英关卡进阶材料掉落)(精英4-01)(精英关卡),{5004=33.3333;5005=33.3333;5006=33.3333},5,22.2,
369,20401,(手游精英关卡进阶材料掉落)(精英4-02)(精英关卡),{5005=20.5556;5006=20.5556;5001=12.7778;5002=12.7778;5003=12.7778;5004=20.5556},5,36,
370,20402,(手游精英关卡进阶材料掉落)(精英4-03)(精英关卡),{5005=20.5556;5006=20.5556;5001=12.7778;5002=12.7778;5003=12.7778;5004=20.5556},5,36,
371,20403,(手游精英关卡进阶材料掉落)(精英4-04)(精英关卡),{5005=20.5556;5006=20.5556;5001=12.7778;5002=12.7778;5003=12.7778;5004=20.5556},5,36,
372,20404,(手游精英关卡进阶材料掉落)(精英5-01)(精英关卡),{5005=20.5556;5006=20.5556;5001=12.7778;5002=12.7778;5003=12.7778;5004=20.5556},5,36,
373,20501,(手游精英关卡进阶材料掉落)(精英5-02)(精英关卡),{5005=12.7778;5006=12.7778;5007=20.5556;5008=20.5556;5009=20.5556;5004=12.7778},5,36,
374,20502,(手游精英关卡进阶材料掉落)(精英5-03)(精英关卡),{5005=12.7778;5006=12.7778;5007=20.5556;5008=20.5556;5009=20.5556;5004=12.7778},5,36,
375,20503,(手游精英关卡进阶材料掉落)(精英5-04)(精英关卡),{5005=12.7778;5006=12.7778;5007=20.5556;5008=20.5556;5009=20.5556;5004=12.7778},5,36,
376,20504,(手游精英关卡进阶材料掉落)(精英5-05)(精英关卡),{5005=12.7778;5006=12.7778;5007=20.5556;5008=20.5556;5009=20.5556;5004=12.7778},5,36,
377,20505,(手游精英关卡进阶材料掉落)(精英6-01)(精英关卡),{5005=12.7778;5006=12.7778;5007=20.5556;5008=20.5556;5009=20.5556;5004=12.7778},5,36,
378,20601,(手游精英关卡进阶材料掉落)(精英6-02)(精英关卡),{5012=20.5556;5007=12.7778;5008=12.7778;5009=12.7778;5010=20.5556;5011=20.5556},5,36,
379,20602,(手游精英关卡进阶材料掉落)(精英6-03)(精英关卡),{5012=20.5556;5007=12.7778;5008=12.7778;5009=12.7778;5010=20.5556;5011=20.5556},5,36,
380,20603,(手游精英关卡进阶材料掉落)(精英6-04)(精英关卡),{5012=20.5556;5007=12.7778;5008=12.7778;5009=12.7778;5010=20.5556;5011=20.5556},5,36,
381,20604,(手游精英关卡进阶材料掉落)(精英6-05)(精英关卡),{5012=20.5556;5007=12.7778;5008=12.7778;5009=12.7778;5010=20.5556;5011=20.5556},5,36,
382,20605,(手游精英关卡进阶材料掉落)(精英7-01)(精英关卡),{5012=20.5556;5007=12.7778;5008=12.7778;5009=12.7778;5010=20.5556;5011=20.5556},5,36,
383,20701,(手游精英关卡进阶材料掉落)(精英7-02)(精英关卡),{5012=20.5556;5007=12.7778;5008=12.7778;5009=12.7778;5010=20.5556;5011=20.5556},5,36,
384,20702,(手游精英关卡进阶材料掉落)(精英7-03)(精英关卡),{5012=20.5556;5007=12.7778;5008=12.7778;5009=12.7778;5010=20.5556;5011=20.5556},5,36,
385,20703,(手游精英关卡进阶材料掉落)(精英7-04)(精英关卡),{5012=20.5556;5007=12.7778;5008=12.7778;5009=12.7778;5010=20.5556;5011=20.5556},5,36,
386,20704,(手游精英关卡进阶材料掉落)(精英7-05)(精英关卡),{5012=20.5556;5007=12.7778;5008=12.7778;5009=12.7778;5010=20.5556;5011=20.5556},5,36,
387,20705,(手游精英关卡进阶材料掉落)(精英8-01)(精英关卡),{5012=20.5556;5007=12.7778;5008=12.7778;5009=12.7778;5010=20.5556;5011=20.5556},5,36,
388,20801,(手游精英关卡进阶材料掉落)(精英8-02)(精英关卡),{5012=12.7778;5013=20.5556;5014=20.5556;5015=20.5556;5010=12.7778;5011=12.7778},5,36,
389,20802,(手游精英关卡进阶材料掉落)(精英8-03)(精英关卡),{5012=12.7778;5013=20.5556;5014=20.5556;5015=20.5556;5010=12.7778;5011=12.7778},5,36,
390,20803,(手游精英关卡进阶材料掉落)(精英8-04)(精英关卡),{5012=12.7778;5013=20.5556;5014=20.5556;5015=20.5556;5010=12.7778;5011=12.7778},5,36,
391,20804,(手游精英关卡进阶材料掉落)(精英8-05)(精英关卡),{5012=12.7778;5013=20.5556;5014=20.5556;5015=20.5556;5010=12.7778;5011=12.7778},5,36,
392,20805,(手游精英关卡进阶材料掉落)(精英9-01)(精英关卡),{5012=12.7778;5013=20.5556;5014=20.5556;5015=20.5556;5010=12.7778;5011=12.7778},5,36,
393,20901,(手游精英关卡进阶材料掉落)(精英9-02)(精英关卡),{5012=12.7778;5013=20.5556;5014=20.5556;5015=20.5556;5010=12.7778;5011=12.7778},5,36,
394,20902,(手游精英关卡进阶材料掉落)(精英9-03)(精英关卡),{5012=12.7778;5013=20.5556;5014=20.5556;5015=20.5556;5010=12.7778;5011=12.7778},5,36,
395,20903,(手游精英关卡进阶材料掉落)(精英9-04)(精英关卡),{5012=12.7778;5013=20.5556;5014=20.5556;5015=20.5556;5010=12.7778;5011=12.7778},5,36,
396,20904,(手游精英关卡进阶材料掉落)(精英9-05)(精英关卡),{5012=12.7778;5013=20.5556;5014=20.5556;5015=20.5556;5010=12.7778;5011=12.7778},5,36,
397,20905,(手游精英关卡进阶材料掉落)(精英10-01)(精英关卡),{5012=12.7778;5013=20.5556;5014=20.5556;5015=20.5556;5010=12.7778;5011=12.7778},5,36,
398,21001,(手游精英关卡进阶材料掉落)(精英10-02)(精英关卡),{5012=12.7778;5013=20.5556;5014=20.5556;5015=20.5556;5010=12.7778;5011=12.7778},5,36,
399,21002,(手游精英关卡进阶材料掉落)(精英10-03)(精英关卡),{5012=12.7778;5013=20.5556;5014=20.5556;5015=20.5556;5010=12.7778;5011=12.7778},5,36,
400,21003,(手游精英关卡进阶材料掉落)(精英10-04)(精英关卡),{5012=12.7778;5013=20.5556;5014=20.5556;5015=20.5556;5010=12.7778;5011=12.7778},5,36,
401,21004,(手游精英关卡进阶材料掉落)(精英10-05)(精英关卡),{5012=12.7778;5013=20.5556;5014=20.5556;5015=20.5556;5010=12.7778;5011=12.7778},5,36,
402,21005,(手游精英关卡进阶材料掉落)(精英11-01)(精英关卡),{5012=12.7778;5013=20.5556;5014=20.5556;5015=20.5556;5010=12.7778;5011=12.7778},5,36,
403,21101,(手游精英关卡进阶材料掉落)(精英11-02)(精英关卡),{5013=12.7778;5014=12.7778;5015=12.7778;5016=20.5556;5017=20.5556;5018=20.5556},5,36,
404,21102,(手游精英关卡进阶材料掉落)(精英11-03)(精英关卡),{5013=12.7778;5014=12.7778;5015=12.7778;5016=20.5556;5017=20.5556;5018=20.5556},5,36,
405,21103,(手游精英关卡进阶材料掉落)(精英11-04)(精英关卡),{5013=12.7778;5014=12.7778;5015=12.7778;5016=20.5556;5017=20.5556;5018=20.5556},5,36,
406,21104,(手游精英关卡进阶材料掉落)(精英11-05)(精英关卡),{5013=12.7778;5014=12.7778;5015=12.7778;5016=20.5556;5017=20.5556;5018=20.5556},5,36,
407,21105,(手游精英关卡进阶材料掉落)(精英12-01)(精英关卡),{5013=12.7778;5014=12.7778;5015=12.7778;5016=20.5556;5017=20.5556;5018=20.5556},5,36,
408,21201,(手游精英关卡进阶材料掉落)(精英12-02)(精英关卡),{5013=12.7778;5014=12.7778;5015=12.7778;5016=20.5556;5017=20.5556;5018=20.5556},5,36,
409,21202,(手游精英关卡进阶材料掉落)(精英12-03)(精英关卡),{5013=12.7778;5014=12.7778;5015=12.7778;5016=20.5556;5017=20.5556;5018=20.5556},5,36,
410,21203,(手游精英关卡进阶材料掉落)(精英12-04)(精英关卡),{5013=12.7778;5014=12.7778;5015=12.7778;5016=20.5556;5017=20.5556;5018=20.5556},5,36,
411,21204,(手游精英关卡进阶材料掉落)(精英12-05)(精英关卡),{5013=12.7778;5014=12.7778;5015=12.7778;5016=20.5556;5017=20.5556;5018=20.5556},5,36,
412,21205,(手游精英关卡进阶材料掉落)(精英13-01)(精英关卡),{5013=12.7778;5014=12.7778;5015=12.7778;5016=20.5556;5017=20.5556;5018=20.5556},5,36,
413,21301,(手游精英关卡进阶材料掉落)(精英13-02)(精英关卡),{5019=20.5556;5020=20.5556;5021=20.5556;5016=12.7778;5017=12.7778;5018=12.7778},5,36,
414,21302,(手游精英关卡进阶材料掉落)(精英13-03)(精英关卡),{5019=20.5556;5020=20.5556;5021=20.5556;5016=12.7778;5017=12.7778;5018=12.7778},5,36,
415,21303,(手游精英关卡进阶材料掉落)(精英13-04)(精英关卡),{5019=20.5556;5020=20.5556;5021=20.5556;5016=12.7778;5017=12.7778;5018=12.7778},5,36,
416,21304,(手游精英关卡进阶材料掉落)(精英13-05)(精英关卡),{5019=20.5556;5020=20.5556;5021=20.5556;5016=12.7778;5017=12.7778;5018=12.7778},5,36,
417,21305,(手游精英关卡进阶材料掉落)(精英14-01)(精英关卡),{5019=20.5556;5020=20.5556;5021=20.5556;5016=12.7778;5017=12.7778;5018=12.7778},5,36,
418,21401,(手游精英关卡进阶材料掉落)(精英14-02)(精英关卡),{5019=20.5556;5020=20.5556;5021=20.5556;5016=12.7778;5017=12.7778;5018=12.7778},5,36,
419,21402,(手游精英关卡进阶材料掉落)(精英14-03)(精英关卡),{5019=20.5556;5020=20.5556;5021=20.5556;5016=12.7778;5017=12.7778;5018=12.7778},5,36,
420,21403,(手游精英关卡进阶材料掉落)(精英14-04)(精英关卡),{5019=20.5556;5020=20.5556;5021=20.5556;5016=12.7778;5017=12.7778;5018=12.7778},5,36,
421,21404,(手游精英关卡进阶材料掉落)(精英14-05)(精英关卡),{5019=20.5556;5020=20.5556;5021=20.5556;5016=12.7778;5017=12.7778;5018=12.7778},5,36,
422,21405,(手游精英关卡进阶材料掉落)(精英15-01)(精英关卡),{5019=20.5556;5020=20.5556;5021=20.5556;5016=12.7778;5017=12.7778;5018=12.7778},5,36,
423,21501,(手游精英关卡进阶材料掉落)(精英15-02)(精英关卡),{5019=12.7778;5020=12.7778;5021=12.7778;5022=20.5556;5023=20.5556;5024=20.5556},5,36,
424,21502,(手游精英关卡进阶材料掉落)(精英15-03)(精英关卡),{5019=12.7778;5020=12.7778;5021=12.7778;5022=20.5556;5023=20.5556;5024=20.5556},5,36,
425,21503,(手游精英关卡进阶材料掉落)(精英15-04)(精英关卡),{5019=12.7778;5020=12.7778;5021=12.7778;5022=20.5556;5023=20.5556;5024=20.5556},5,36,
426,21504,(手游精英关卡进阶材料掉落)(精英15-05)(精英关卡),{5019=12.7778;5020=12.7778;5021=12.7778;5022=20.5556;5023=20.5556;5024=20.5556},5,36,
427,21505,(手游精英关卡进阶材料掉落)(精英16-01)(精英关卡),{5019=12.7778;5020=12.7778;5021=12.7778;5022=20.5556;5023=20.5556;5024=20.5556},5,36,
428,21601,(手游精英关卡进阶材料掉落)(精英16-02)(精英关卡),{5019=12.7778;5020=12.7778;5021=12.7778;5022=20.5556;5023=20.5556;5024=20.5556},5,36,
429,21602,(手游精英关卡进阶材料掉落)(精英16-03)(精英关卡),{5019=12.7778;5020=12.7778;5021=12.7778;5022=20.5556;5023=20.5556;5024=20.5556},5,36,
430,21603,(手游精英关卡进阶材料掉落)(精英16-04)(精英关卡),{5019=12.7778;5020=12.7778;5021=12.7778;5022=20.5556;5023=20.5556;5024=20.5556},5,36,
431,21604,(手游精英关卡进阶材料掉落)(精英16-05)(精英关卡),{5019=12.7778;5020=12.7778;5021=12.7778;5022=20.5556;5023=20.5556;5024=20.5556},5,36,
432,21605,(手游精英关卡进阶材料掉落)(精英17-01)(精英关卡),{5019=12.7778;5020=12.7778;5021=12.7778;5022=20.5556;5023=20.5556;5024=20.5556},5,36,
433,21701,(手游精英关卡进阶材料掉落)(精英17-02)(精英关卡),{5026=20.5556;5027=20.5556;5022=12.7778;5023=12.7778;5024=12.7778;5025=20.5556},5,36,
434,21702,(手游精英关卡进阶材料掉落)(精英17-03)(精英关卡),{5026=20.5556;5027=20.5556;5022=12.7778;5023=12.7778;5024=12.7778;5025=20.5556},5,36,
435,21703,(手游精英关卡进阶材料掉落)(精英17-04)(精英关卡),{5026=20.5556;5027=20.5556;5022=12.7778;5023=12.7778;5024=12.7778;5025=20.5556},5,36,
436,21704,(手游精英关卡进阶材料掉落)(精英17-05)(精英关卡),{5026=20.5556;5027=20.5556;5022=12.7778;5023=12.7778;5024=12.7778;5025=20.5556},5,36,
437,21705,(手游精英关卡进阶材料掉落)(精英18-01)(精英关卡),{5026=20.5556;5027=20.5556;5022=12.7778;5023=12.7778;5024=12.7778;5025=20.5556},5,36,
438,21801,(手游精英关卡进阶材料掉落)(精英18-02)(精英关卡),{5026=20.5556;5027=20.5556;5022=12.7778;5023=12.7778;5024=12.7778;5025=20.5556},5,36,
439,21802,(手游精英关卡进阶材料掉落)(精英18-03)(精英关卡),{5026=20.5556;5027=20.5556;5022=12.7778;5023=12.7778;5024=12.7778;5025=20.5556},5,36,
440,21803,(手游精英关卡进阶材料掉落)(精英18-04)(精英关卡),{5026=20.5556;5027=20.5556;5022=12.7778;5023=12.7778;5024=12.7778;5025=20.5556},5,36,
441,21804,(手游精英关卡进阶材料掉落)(精英18-05)(精英关卡),{5026=20.5556;5027=20.5556;5022=12.7778;5023=12.7778;5024=12.7778;5025=20.5556},5,36,
442,21805,(手游精英关卡进阶材料掉落)(精英19-01)(精英关卡),{5026=20.5556;5027=20.5556;5022=12.7778;5023=12.7778;5024=12.7778;5025=20.5556},5,36,
443,21901,(手游精英关卡进阶材料掉落)(精英19-02)(精英关卡),{5026=12.7778;5027=12.7778;5028=20.5556;5029=20.5556;5030=20.5556;5025=12.7778},5,36,
444,21902,(手游精英关卡进阶材料掉落)(精英19-03)(精英关卡),{5026=12.7778;5027=12.7778;5028=20.5556;5029=20.5556;5030=20.5556;5025=12.7778},5,36,
445,21903,(手游精英关卡进阶材料掉落)(精英19-04)(精英关卡),{5026=12.7778;5027=12.7778;5028=20.5556;5029=20.5556;5030=20.5556;5025=12.7778},5,36,
446,21904,(手游精英关卡进阶材料掉落)(精英19-05)(精英关卡),{5026=12.7778;5027=12.7778;5028=20.5556;5029=20.5556;5030=20.5556;5025=12.7778},5,36,
447,21905,(手游精英关卡进阶材料掉落)(精英20-01)(精英关卡),{5026=12.7778;5027=12.7778;5028=20.5556;5029=20.5556;5030=20.5556;5025=12.7778},5,36,
448,22001,(手游精英关卡进阶材料掉落)(精英20-02)(精英关卡),{5026=12.7778;5027=12.7778;5028=20.5556;5029=20.5556;5030=20.5556;5025=12.7778},5,36,
449,22002,(手游精英关卡进阶材料掉落)(精英20-03)(精英关卡),{5026=12.7778;5027=12.7778;5028=20.5556;5029=20.5556;5030=20.5556;5025=12.7778},5,36,
450,22003,(手游精英关卡进阶材料掉落)(精英20-04)(精英关卡),{5026=12.7778;5027=12.7778;5028=20.5556;5029=20.5556;5030=20.5556;5025=12.7778},5,36,
451,22004,(手游精英关卡进阶材料掉落)(精英20-05)(精英关卡),{5026=12.7778;5027=12.7778;5028=20.5556;5029=20.5556;5030=20.5556;5025=12.7778},5,36,
452,22005,(手游精英关卡进阶材料掉落)(精英21-01)(精英关卡),{5026=12.7778;5027=12.7778;5028=20.5556;5029=20.5556;5030=20.5556;5025=12.7778},5,36,
453,22101,(手游精英关卡进阶材料掉落)(精英21-02)(精英关卡),{5033=20.5556;5028=12.7778;5029=12.7778;5030=12.7778;5031=20.5556;5032=20.5556},5,36,
454,22102,(手游精英关卡进阶材料掉落)(精英21-03)(精英关卡),{5033=20.5556;5028=12.7778;5029=12.7778;5030=12.7778;5031=20.5556;5032=20.5556},5,36,
455,22103,(手游精英关卡进阶材料掉落)(精英21-04)(精英关卡),{5033=20.5556;5028=12.7778;5029=12.7778;5030=12.7778;5031=20.5556;5032=20.5556},5,36,
456,22104,(手游精英关卡进阶材料掉落)(精英21-05)(精英关卡),{5033=20.5556;5028=12.7778;5029=12.7778;5030=12.7778;5031=20.5556;5032=20.5556},5,36,
457,22105,(手游精英关卡进阶材料掉落)(精英22-01)(精英关卡),{5033=20.5556;5028=12.7778;5029=12.7778;5030=12.7778;5031=20.5556;5032=20.5556},5,36,
458,22201,(手游精英关卡进阶材料掉落)(精英22-02)(精英关卡),{5033=12.7778;5034=20.5556;5035=20.5556;5036=20.5556;5031=12.7778;5032=12.7778},5,36,
459,22202,(手游精英关卡进阶材料掉落)(精英22-03)(精英关卡),{5033=12.7778;5034=20.5556;5035=20.5556;5036=20.5556;5031=12.7778;5032=12.7778},5,36,
460,22203,(手游精英关卡进阶材料掉落)(精英22-04)(精英关卡),{5033=12.7778;5034=20.5556;5035=20.5556;5036=20.5556;5031=12.7778;5032=12.7778},5,36,
461,22204,(手游精英关卡进阶材料掉落)(精英22-05)(精英关卡),{5033=12.7778;5034=20.5556;5035=20.5556;5036=20.5556;5031=12.7778;5032=12.7778},5,36,
462,22205,(手游精英关卡进阶材料掉落)(精英23-01)(精英关卡),{5033=12.7778;5034=20.5556;5035=20.5556;5036=20.5556;5031=12.7778;5032=12.7778},5,36,
463,22301,(手游精英关卡进阶材料掉落)(精英23-02)(精英关卡),{5034=12.7778;5035=12.7778;5036=12.7778;5037=20.5556;5038=20.5556;5039=20.5556},5,36,
464,22302,(手游精英关卡进阶材料掉落)(精英23-03)(精英关卡),{5034=12.7778;5035=12.7778;5036=12.7778;5037=20.5556;5038=20.5556;5039=20.5556},5,36,
465,22303,(手游精英关卡进阶材料掉落)(精英23-04)(精英关卡),{5034=12.7778;5035=12.7778;5036=12.7778;5037=20.5556;5038=20.5556;5039=20.5556},5,36,
466,22304,(手游精英关卡进阶材料掉落)(精英23-05)(精英关卡),{5034=12.7778;5035=12.7778;5036=12.7778;5037=20.5556;5038=20.5556;5039=20.5556},5,36,
467,22305,(手游精英关卡进阶材料掉落)(精英24-01)(精英关卡),{5034=12.7778;5035=12.7778;5036=12.7778;5037=20.5556;5038=20.5556;5039=20.5556},5,36,
468,22401,(手游精英关卡进阶材料掉落)(精英24-02)(精英关卡),{5040=20.5556;5041=20.5556;5042=20.5556;5037=12.7778;5038=12.7778;5039=12.7778},5,36,
469,22402,(手游精英关卡进阶材料掉落)(精英24-03)(精英关卡),{5040=20.5556;5041=20.5556;5042=20.5556;5037=12.7778;5038=12.7778;5039=12.7778},5,36,
470,22403,(手游精英关卡进阶材料掉落)(精英24-04)(精英关卡),{5040=20.5556;5041=20.5556;5042=20.5556;5037=12.7778;5038=12.7778;5039=12.7778},5,36,
471,22404,(手游精英关卡进阶材料掉落)(精英24-05)(精英关卡),{5040=20.5556;5041=20.5556;5042=20.5556;5037=12.7778;5038=12.7778;5039=12.7778},5,36,
472,22405,(手游精英关卡进阶材料掉落)(精英25-01)(精英关卡),{5040=20.5556;5041=20.5556;5042=20.5556;5037=12.7778;5038=12.7778;5039=12.7778},5,36,
473,22501,(手游精英关卡进阶材料掉落)(精英25-02)(精英关卡),{5040=12.7778;5041=12.7778;5042=12.7778;5043=20.5556;5044=20.5556;5045=20.5556},5,36,
474,22502,(手游精英关卡进阶材料掉落)(精英25-03)(精英关卡),{5040=12.7778;5041=12.7778;5042=12.7778;5043=20.5556;5044=20.5556;5045=20.5556},5,36,
475,22503,(手游精英关卡进阶材料掉落)(精英25-04)(精英关卡),{5040=12.7778;5041=12.7778;5042=12.7778;5043=20.5556;5044=20.5556;5045=20.5556},5,36,
476,22504,(手游精英关卡进阶材料掉落)(精英25-05)(精英关卡),{5040=12.7778;5041=12.7778;5042=12.7778;5043=20.5556;5044=20.5556;5045=20.5556},5,36,
477,22505,(手游普通关卡随机掉落)(噩梦战甲兽1-1)(噩梦副本),{5040=12.7778;5041=12.7778;5042=12.7778;5043=20.5556;5044=20.5556;5045=20.5556},5,36,
478,30101,(手游普通关卡随机掉落)(噩梦电光兽1-2)(噩梦副本),{511=15.0943;512=3.7736;5000=11.3208;510=30.1887;11=30.1887;12=7.5472;13=1.8868},5,53,
479,30102,(手游普通关卡随机掉落)(噩梦科学飞龙兽2-1)(噩梦副本),{511=15.0943;512=3.7736;5000=11.3208;510=30.1887;11=30.1887;12=7.5472;13=1.8868},5,53,
480,30201,(手游普通关卡随机掉落)(噩梦巴力兽2-2)(噩梦副本),{511=15.0943;512=3.7736;5000=11.3208;510=30.1887;11=30.1887;12=7.5472;13=1.8868},5,53,
481,30202,(手游普通关卡随机掉落)(噩梦加鲁鲁兽3-1)(噩梦副本),{511=15.0943;512=3.7736;5000=11.3208;510=30.1887;11=30.1887;12=7.5472;13=1.8868},5,53,
482,30301,(手游普通关卡随机掉落)(噩梦冰熊兽3-2)(噩梦副本),{511=15.0943;512=3.7736;5000=11.3208;510=30.1887;11=30.1887;12=7.5472;13=1.8868},5,53,
483,30302,(手游普通关卡随机掉落)(噩梦黑狮兽4-1)(噩梦副本),{511=15.0943;512=3.7736;5000=11.3208;510=30.1887;11=30.1887;12=7.5472;13=1.8868},5,53,
484,30401,(手游普通关卡随机掉落)(噩梦人面战鹰兽4-2)(噩梦副本),{511=15.0943;512=3.7736;5000=11.3208;510=30.1887;11=30.1887;12=7.5472;13=1.8868},5,53,
485,30402,(手游普通关卡随机掉落)(噩梦仙女兽5-1)(噩梦副本),{511=15.0943;512=3.7736;5000=11.3208;510=30.1887;11=30.1887;12=7.5472;13=1.8868},5,53,
486,30501,(手游普通关卡随机掉落)(噩梦卡利斯兽5-2)(噩梦副本),{511=15.0943;512=3.7736;5000=11.3208;510=30.1887;11=30.1887;12=7.5472;13=1.8868},5,53,
487,30502,(手游普通关卡随机掉落)(噩梦坦克龙兽6-1)(噩梦副本),{511=15.0943;512=3.7736;5000=11.3208;510=30.1887;11=30.1887;12=7.5472;13=1.8868},5,53,
488,30601,(手游普通关卡随机掉落)(噩梦安杜路兽6-2)(噩梦副本),{511=15.0943;512=3.7736;5000=11.3208;510=30.1887;11=30.1887;12=7.5472;13=1.8868},5,53,
489,30602,(手游普通关卡随机掉落)(噩梦祭师兽6-3)(噩梦副本),{511=15.0943;512=3.7736;5000=11.3208;510=30.1887;11=30.1887;12=7.5472;13=1.8868},5,53,
490,30603,(手游普通关卡随机掉落)(噩梦迦楼达兽7-1)(噩梦副本),{511=15.0943;512=3.7736;5000=11.3208;510=30.1887;11=30.1887;12=7.5472;13=1.8868},5,53,
491,30701,(手游普通关卡随机掉落)(噩梦机械暴龙兽7-2)(噩梦副本),{511=15.0943;512=3.7736;5000=11.3208;510=30.1887;11=30.1887;12=7.5472;13=1.8868},5,53,
492,30702,(手游普通关卡随机掉落)(噩梦天使兽7-3)(噩梦副本),{511=15.0943;512=3.7736;5000=11.3208;510=30.1887;11=30.1887;12=7.5472;13=1.8868},5,53,
493,30703,(手游普通关卡随机掉落)(噩梦天女兽8-1)(噩梦副本),{511=15.0943;512=3.7736;5000=11.3208;510=30.1887;11=30.1887;12=7.5472;13=1.8868},5,53,
494,30801,(手游普通关卡随机掉落)(噩梦古神兽8-2)(噩梦副本),{511=15.0943;512=3.7736;5000=11.3208;510=30.1887;11=30.1887;12=7.5472;13=1.8868},5,53,
495,30802,(手游普通关卡随机掉落)(噩梦恶魔兽8-3)(噩梦副本),{511=15.0943;512=3.7736;5000=11.3208;510=30.1887;11=30.1887;12=7.5472;13=1.8868},5,53,
496,30803,(手游普通关卡随机掉落)(噩梦麒麟兽9-1)(噩梦副本),{511=15.0943;512=3.7736;5000=11.3208;510=30.1887;11=30.1887;12=7.5472;13=1.8868},5,53,
497,30901,(手游普通关卡随机掉落)(噩梦机械暴龙兽9-2)(噩梦副本),{511=15.0943;512=3.7736;5000=11.3208;510=30.1887;11=30.1887;12=7.5472;13=1.8868},5,53,
498,30902,(手游普通关卡随机掉落)(噩梦野狼兽9-3)(噩梦副本),{511=15.0943;512=3.7736;5000=11.3208;510=30.1887;11=30.1887;12=7.5472;13=1.8868},5,53,
499,30903,(手游普通关卡随机掉落)(噩梦拉拉兽10-1)(噩梦副本),{511=15.0943;512=3.7736;5000=11.3208;510=30.1887;11=30.1887;12=7.5472;13=1.8868},5,53,
500,31001,(手游普通关卡随机掉落)(噩梦力神比多兽10-2)(噩梦副本),{511=15.0943;512=3.7736;5000=11.3208;510=30.1887;11=30.1887;12=7.5472;13=1.8868},5,53,
501,31002,(手游普通关卡随机掉落)(噩梦音速伽奥伽兽10-3)(噩梦副本),{511=15.0943;512=3.7736;5000=11.3208;510=30.1887;11=30.1887;12=7.5472;13=1.8868},5,53,
502,31003,(手游普通关卡随机掉落)(噩梦海天使兽11-1)(噩梦副本),{511=15.0943;512=3.7736;5000=11.3208;510=30.1887;11=30.1887;12=7.5472;13=1.8868},5,53,
503,31101,(手游普通关卡随机掉落)(噩梦蛮牛兽11-2)(噩梦副本),{511=15.0943;512=3.7736;5000=11.3208;510=30.1887;11=30.1887;12=7.5472;13=1.8868},5,53,
504,31102,(手游普通关卡随机掉落)(噩梦科学飞龙兽11-3)(噩梦副本),{511=15.0943;512=3.7736;5000=11.3208;510=30.1887;11=30.1887;12=7.5472;13=1.8868},5,53,
505,31103,(手游普通关卡随机掉落)(噩梦炎龙兽11-4)(噩梦副本),{511=15.0943;512=3.7736;5000=11.3208;510=30.1887;11=30.1887;12=7.5472;13=1.8868},5,53,
506,31104,(手游普通关卡随机掉落)(噩梦维京兽12-1)(噩梦副本),{511=15.0943;512=3.7736;5000=11.3208;510=30.1887;11=30.1887;12=7.5472;13=1.8868},5,53,
507,31201,(手游普通关卡随机掉落)(噩梦蔷薇兽12-2)(噩梦副本),{511=15.0943;512=3.7736;5000=11.3208;510=30.1887;11=30.1887;12=7.5472;13=1.8868},5,53,
508,31202,(手游普通关卡随机掉落)(噩梦舒兹兽12-3)(噩梦副本),{511=15.0943;512=3.7736;5000=11.3208;510=30.1887;11=30.1887;12=7.5472;13=1.8868},5,53,
509,31203,(手游普通关卡随机掉落)(噩梦机械邪龙兽12-4)(噩梦副本),{511=15.0943;512=3.7736;5000=11.3208;510=30.1887;11=30.1887;12=7.5472;13=1.8868},5,53,
510,31204,(手游普通关卡随机掉落)(噩梦重整旗鼓13-1)(噩梦副本),{511=15.0943;512=3.7736;5000=11.3208;510=30.1887;11=30.1887;12=7.5472;13=1.8868},5,53,
511,31301,(手游普通关卡随机掉落)(噩梦重整旗鼓13-2)(噩梦副本),{511=15.0943;512=3.7736;5000=11.3208;510=30.1887;11=30.1887;12=7.5472;13=1.8868},5,53,
512,31302,(手游普通关卡随机掉落)(噩梦重整旗鼓13-3)(噩梦副本),{511=15.0943;512=3.7736;5000=11.3208;510=30.1887;11=30.1887;12=7.5472;13=1.8868},5,53,
513,31303,(手游普通关卡随机掉落)(噩梦重整旗鼓13-4)(噩梦副本),{511=15.0943;512=3.7736;5000=11.3208;510=30.1887;11=30.1887;12=7.5472;13=1.8868},5,53,
514,31304,(手游普通关卡随机掉落)(噩梦埋骨之地14-1)(噩梦副本),{511=15.0943;512=3.7736;5000=11.3208;510=30.1887;11=30.1887;12=7.5472;13=1.8868},5,53,
515,31401,(手游普通关卡随机掉落)(噩梦埋骨之地14-2)(噩梦副本),{511=15.0943;512=3.7736;5000=11.3208;510=30.1887;11=30.1887;12=7.5472;13=1.8868},5,53,
516,31402,(手游普通关卡随机掉落)(噩梦埋骨之地14-3)(噩梦副本),{511=15.0943;512=3.7736;5000=11.3208;510=30.1887;11=30.1887;12=7.5472;13=1.8868},5,53,
517,31403,(手游普通关卡随机掉落)(噩梦埋骨之地14-4)(噩梦副本),{511=15.0943;512=3.7736;5000=11.3208;510=30.1887;11=30.1887;12=7.5472;13=1.8868},5,53,
518,31404,(手游普通关卡随机掉落)(噩梦冤家路窄15-1)(噩梦副本),{511=15.0943;512=3.7736;5000=11.3208;510=30.1887;11=30.1887;12=7.5472;13=1.8868},5,53,
519,31501,(手游普通关卡随机掉落)(噩梦冤家路窄15-2)(噩梦副本),{511=15.0943;512=3.7736;5000=11.3208;510=30.1887;11=30.1887;12=7.5472;13=1.8868},5,53,
520,31502,(手游普通关卡随机掉落)(噩梦冤家路窄15-3)(噩梦副本),{511=15.0943;512=3.7736;5000=11.3208;510=30.1887;11=30.1887;12=7.5472;13=1.8868},5,53,
521,31503,(手游普通关卡随机掉落)(噩梦冤家路窄15-4)(噩梦副本),{511=15.0943;512=3.7736;5000=11.3208;510=30.1887;11=30.1887;12=7.5472;13=1.8868},5,53,
522,31504,(手游普通关卡随机掉落)(噩梦冤家路窄16-1)(噩梦副本),{511=15.0943;512=3.7736;5000=11.3208;510=30.1887;11=30.1887;12=7.5472;13=1.8868},5,53,
523,31601,(手游普通关卡随机掉落)(噩梦冤家路窄16-2)(噩梦副本),{511=15.0943;512=3.7736;5000=11.3208;510=30.1887;11=30.1887;12=7.5472;13=1.8868},5,53,
524,31602,(手游普通关卡随机掉落)(噩梦冤家路窄16-3)(噩梦副本),{511=15.0943;512=3.7736;5000=11.3208;510=30.1887;11=30.1887;12=7.5472;13=1.8868},5,53,
525,31603,(手游普通关卡随机掉落)(噩梦冤家路窄16-4)(噩梦副本),{511=15.0943;512=3.7736;5000=11.3208;510=30.1887;11=30.1887;12=7.5472;13=1.8868},5,53,
526,31604,(手游普通关卡随机掉落)(噩梦冤家路窄17-1)(噩梦副本),{511=15.0943;512=3.7736;5000=11.3208;510=30.1887;11=30.1887;12=7.5472;13=1.8868},5,53,
527,31701,(手游普通关卡随机掉落)(噩梦冤家路窄17-2)(噩梦副本),{511=15.0943;512=3.7736;5000=11.3208;510=30.1887;11=30.1887;12=7.5472;13=1.8868},5,53,
528,31702,(手游普通关卡随机掉落)(噩梦冤家路窄17-3)(噩梦副本),{511=15.0943;512=3.7736;5000=11.3208;510=30.1887;11=30.1887;12=7.5472;13=1.8868},5,53,
529,31703,(手游普通关卡随机掉落)(噩梦冤家路窄17-4)(噩梦副本),{511=15.0943;512=3.7736;5000=11.3208;510=30.1887;11=30.1887;12=7.5472;13=1.8868},5,53,
530,31704,(手游普通关卡随机掉落)(噩梦冤家路窄18-1)(噩梦副本),{511=15.0943;512=3.7736;5000=11.3208;510=30.1887;11=30.1887;12=7.5472;13=1.8868},5,53,
531,31801,(手游普通关卡随机掉落)(噩梦冤家路窄18-2)(噩梦副本),{511=15.0943;512=3.7736;5000=11.3208;510=30.1887;11=30.1887;12=7.5472;13=1.8868},5,53,
532,31802,(手游普通关卡随机掉落)(噩梦冤家路窄18-3)(噩梦副本),{511=15.0943;512=3.7736;5000=11.3208;510=30.1887;11=30.1887;12=7.5472;13=1.8868},5,53,
533,31803,(手游普通关卡随机掉落)(噩梦冤家路窄18-4)(噩梦副本),{511=15.0943;512=3.7736;5000=11.3208;510=30.1887;11=30.1887;12=7.5472;13=1.8868},5,53,
534,31804,(手游普通关卡随机掉落)(噩梦冤家路窄19-1)(噩梦副本),{511=15.0943;512=3.7736;5000=11.3208;510=30.1887;11=30.1887;12=7.5472;13=1.8868},5,53,
535,31901,(手游普通关卡随机掉落)(噩梦冤家路窄19-2)(噩梦副本),{511=15.0943;512=3.7736;5000=11.3208;510=30.1887;11=30.1887;12=7.5472;13=1.8868},5,53,
536,31902,(手游普通关卡随机掉落)(噩梦冤家路窄19-3)(噩梦副本),{511=15.0943;512=3.7736;5000=11.3208;510=30.1887;11=30.1887;12=7.5472;13=1.8868},5,53,
537,31903,(手游普通关卡随机掉落)(噩梦冤家路窄19-4)(噩梦副本),{511=15.0943;512=3.7736;5000=11.3208;510=30.1887;11=30.1887;12=7.5472;13=1.8868},5,53,
538,31904,(手游普通关卡随机掉落)(噩梦冤家路窄20-1)(噩梦副本),{511=15.0943;512=3.7736;5000=11.3208;510=30.1887;11=30.1887;12=7.5472;13=1.8868},5,53,
539,32001,(手游普通关卡随机掉落)(噩梦冤家路窄20-2)(噩梦副本),{511=15.0943;512=3.7736;5000=11.3208;510=30.1887;11=30.1887;12=7.5472;13=1.8868},5,53,
540,32002,(手游普通关卡随机掉落)(噩梦冤家路窄20-3)(噩梦副本),{511=15.0943;512=3.7736;5000=11.3208;510=30.1887;11=30.1887;12=7.5472;13=1.8868},5,53,
541,32003,(手游普通关卡随机掉落)(噩梦冤家路窄20-4)(噩梦副本),{511=15.0943;512=3.7736;5000=11.3208;510=30.1887;11=30.1887;12=7.5472;13=1.8868},5,53,
542,32004,(手游普通关卡随机掉落)(噩梦冤家路窄21-1)(噩梦副本),{511=15.0943;512=3.7736;5000=11.3208;510=30.1887;11=30.1887;12=7.5472;13=1.8868},5,53,
543,32101,(手游普通关卡随机掉落)(噩梦冤家路窄21-2)(噩梦副本),{511=15.0943;512=3.7736;5000=11.3208;510=30.1887;11=30.1887;12=7.5472;13=1.8868},5,53,
544,32102,(手游普通关卡随机掉落)(噩梦冤家路窄21-3)(噩梦副本),{511=15.0943;512=3.7736;5000=11.3208;510=30.1887;11=30.1887;12=7.5472;13=1.8868},5,53,
545,32103,(手游普通关卡随机掉落)(噩梦冤家路窄21-4)(噩梦副本),{511=15.0943;512=3.7736;5000=11.3208;510=30.1887;11=30.1887;12=7.5472;13=1.8868},5,53,
546,32104,(手游普通关卡随机掉落)(噩梦冤家路窄22-1)(噩梦副本),{511=15.0943;512=3.7736;5000=11.3208;510=30.1887;11=30.1887;12=7.5472;13=1.8868},5,53,
547,32201,(手游普通关卡随机掉落)(噩梦冤家路窄22-2)(噩梦副本),{511=15.0943;512=3.7736;5000=11.3208;510=30.1887;11=30.1887;12=7.5472;13=1.8868},5,53,
548,32202,(手游普通关卡随机掉落)(噩梦冤家路窄22-3)(噩梦副本),{511=15.0943;512=3.7736;5000=11.3208;510=30.1887;11=30.1887;12=7.5472;13=1.8868},5,53,
549,32203,(手游普通关卡随机掉落)(噩梦冤家路窄22-4)(噩梦副本),{511=15.0943;512=3.7736;5000=11.3208;510=30.1887;11=30.1887;12=7.5472;13=1.8868},5,53,
550,32204,(手游普通关卡随机掉落)(噩梦冤家路窄23-1)(噩梦副本),{511=15.0943;512=3.7736;5000=11.3208;510=30.1887;11=30.1887;12=7.5472;13=1.8868},5,53,
551,32301,(手游普通关卡随机掉落)(噩梦冤家路窄23-2)(噩梦副本),{511=15.0943;512=3.7736;5000=11.3208;510=30.1887;11=30.1887;12=7.5472;13=1.8868},5,53,
552,32302,(手游普通关卡随机掉落)(噩梦冤家路窄23-3)(噩梦副本),{511=15.0943;512=3.7736;5000=11.3208;510=30.1887;11=30.1887;12=7.5472;13=1.8868},5,53,
553,32303,(手游普通关卡随机掉落)(噩梦冤家路窄23-4)(噩梦副本),{511=15.0943;512=3.7736;5000=11.3208;510=30.1887;11=30.1887;12=7.5472;13=1.8868},5,53,
554,32304,(手游普通关卡随机掉落)(噩梦冤家路窄24-1)(噩梦副本),{511=15.0943;512=3.7736;5000=11.3208;510=30.1887;11=30.1887;12=7.5472;13=1.8868},5,53,
555,32401,(手游普通关卡随机掉落)(噩梦冤家路窄24-2)(噩梦副本),{511=15.0943;512=3.7736;5000=11.3208;510=30.1887;11=30.1887;12=7.5472;13=1.8868},5,53,
556,32402,(手游普通关卡随机掉落)(噩梦冤家路窄24-3)(噩梦副本),{511=15.0943;512=3.7736;5000=11.3208;510=30.1887;11=30.1887;12=7.5472;13=1.8868},5,53,
557,32403,(手游普通关卡随机掉落)(噩梦冤家路窄24-4)(噩梦副本),{511=15.0943;512=3.7736;5000=11.3208;510=30.1887;11=30.1887;12=7.5472;13=1.8868},5,53,
558,32404,(手游普通关卡随机掉落)(噩梦冤家路窄25-1)(噩梦副本),{511=15.0943;512=3.7736;5000=11.3208;510=30.1887;11=30.1887;12=7.5472;13=1.8868},5,53,
559,32501,(手游普通关卡随机掉落)(噩梦冤家路窄25-2)(噩梦副本),{511=15.0943;512=3.7736;5000=11.3208;510=30.1887;11=30.1887;12=7.5472;13=1.8868},5,53,
560,32502,(手游普通关卡随机掉落)(噩梦冤家路窄25-3)(噩梦副本),{511=15.0943;512=3.7736;5000=11.3208;510=30.1887;11=30.1887;12=7.5472;13=1.8868},5,53,
561,32503,(手游普通关卡随机掉落)(噩梦冤家路窄25-4)(噩梦副本),{511=15.0943;512=3.7736;5000=11.3208;510=30.1887;11=30.1887;12=7.5472;13=1.8868},5,53,
562,32504,(手游普通关卡随机掉落)(噩梦冤家路窄25-1)(噩梦副本),{511=15.0943;512=3.7736;5000=11.3208;510=30.1887;11=30.1887;12=7.5472;13=1.8868},5,53,
563,32601,(手游普通关卡随机掉落)(噩梦冤家路窄25-2)(噩梦副本),{511=15.0943;512=3.7736;5000=11.3208;510=30.1887;11=30.1887;12=7.5472;13=1.8868},5,53,
564,32602,(手游普通关卡随机掉落)(噩梦冤家路窄25-3)(噩梦副本),{511=15.0943;512=3.7736;5000=11.3208;510=30.1887;11=30.1887;12=7.5472;13=1.8868},5,53,
565,32603,(手游普通关卡随机掉落)(噩梦冤家路窄25-4)(噩梦副本),{511=15.0943;512=3.7736;5000=11.3208;510=30.1887;11=30.1887;12=7.5472;13=1.8868},5,53,
566,32604,,{511=15.0943;512=3.7736;5000=11.3208;510=30.1887;11=30.1887;12=7.5472;13=1.8868},5,53,
567,32701,(手游普通关卡绿色携带道具掉落)(普通1-01)(普通关卡),{511=15.0943;512=3.7736;5000=11.3208;510=30.1887;11=30.1887;12=7.5472;13=1.8868},5,53,
568,32702,(手游普通关卡绿色携带道具掉落)(普通1-02)(普通关卡),{511=15.0943;512=3.7736;5000=11.3208;510=30.1887;11=30.1887;12=7.5472;13=1.8868},5,53,
569,32703,(手游普通关卡绿色携带道具掉落)(普通1-03)(普通关卡),{511=15.0943;512=3.7736;5000=11.3208;510=30.1887;11=30.1887;12=7.5472;13=1.8868},5,53,
570,32704,(手游普通关卡绿色携带道具掉落)(普通1-04)(普通关卡),{511=15.0943;512=3.7736;5000=11.3208;510=30.1887;11=30.1887;12=7.5472;13=1.8868},5,53,
571,32801,(手游普通关卡绿色携带道具掉落)(普通1-05)(普通关卡),{511=15.0943;512=3.7736;5000=11.3208;510=30.1887;11=30.1887;12=7.5472;13=1.8868},5,53,
572,32802,(手游普通关卡绿色携带道具掉落)(普通2-01)(普通关卡),{511=15.0943;512=3.7736;5000=11.3208;510=30.1887;11=30.1887;12=7.5472;13=1.8868},5,53,
573,32803,(手游普通关卡绿色携带道具掉落)(普通2-02)(普通关卡),{511=15.0943;512=3.7736;5000=11.3208;510=30.1887;11=30.1887;12=7.5472;13=1.8868},5,53,
574,32804,(手游普通关卡绿色携带道具掉落)(普通2-03)(普通关卡),{511=15.0943;512=3.7736;5000=11.3208;510=30.1887;11=30.1887;12=7.5472;13=1.8868},5,53,
575,32901,(手游普通关卡绿色携带道具掉落)(普通2-04)(普通关卡),{511=15.0943;512=3.7736;5000=11.3208;510=30.1887;11=30.1887;12=7.5472;13=1.8868},5,53,
576,32902,(手游普通关卡绿色携带道具掉落)(普通2-05)(普通关卡),{511=15.0943;512=3.7736;5000=11.3208;510=30.1887;11=30.1887;12=7.5472;13=1.8868},5,53,
577,32903,(手游普通关卡绿色携带道具掉落)(普通2-06)(普通关卡),{511=15.0943;512=3.7736;5000=11.3208;510=30.1887;11=30.1887;12=7.5472;13=1.8868},5,53,
578,32904,(手游普通关卡绿色携带道具掉落)(普通3-01)(普通关卡),{511=15.0943;512=3.7736;5000=11.3208;510=30.1887;11=30.1887;12=7.5472;13=1.8868},5,53,
601,12601,(手游普通关卡绿色携带道具掉落)(普通3-02)(普通关卡),{510=29.7398;511=14.8699;512=3.7175;513=0.7435;5000=11.1524;11=29.7398;12=7.4349;13=1.8587;14=0.7435},5,53.8,
602,12602,(手游普通关卡绿色携带道具掉落)(普通3-03)(普通关卡),{510=29.7398;511=14.8699;512=3.7175;513=0.7435;5000=11.1524;11=29.7398;12=7.4349;13=1.8587;14=0.7435},5,53.8,
603,12603,(手游普通关卡绿色携带道具掉落)(普通3-04)(普通关卡),{510=29.7398;511=14.8699;512=3.7175;513=0.7435;5000=11.1524;11=29.7398;12=7.4349;13=1.8587;14=0.7435},5,53.8,
604,12604,(手游普通关卡绿色携带道具掉落)(普通3-05)(普通关卡),{510=29.7398;511=14.8699;512=3.7175;513=0.7435;5000=11.1524;11=29.7398;12=7.4349;13=1.8587;14=0.7435},5,53.8,
605,12605,(手游普通关卡绿色携带道具掉落)(普通3-06)(普通关卡),{510=29.7398;511=14.8699;512=3.7175;513=0.7435;5000=11.1524;11=29.7398;12=7.4349;13=1.8587;14=0.7435},5,53.8,
606,12606,(手游普通关卡绿色携带道具掉落)(普通3-07)(普通关卡),{510=29.7398;511=14.8699;512=3.7175;513=0.7435;5000=11.1524;11=29.7398;12=7.4349;13=1.8587;14=0.7435},5,53.8,
607,12607,(手游普通关卡绿色携带道具掉落)(普通3-08)(普通关卡),{510=29.7398;511=14.8699;512=3.7175;513=0.7435;5000=11.1524;11=29.7398;12=7.4349;13=1.8587;14=0.7435},5,53.8,
608,12608,(手游普通关卡绿色携带道具掉落)(普通4-01)(普通关卡),{510=29.7398;511=14.8699;512=3.7175;513=0.7435;5000=11.1524;11=29.7398;12=7.4349;13=1.8587;14=0.7435},5,53.8,
609,12609,(手游普通关卡绿色携带道具掉落)(普通4-02)(普通关卡),{510=29.7398;511=14.8699;512=3.7175;513=0.7435;5000=11.1524;11=29.7398;12=7.4349;13=1.8587;14=0.7435},5,53.8,
610,12610,(手游普通关卡绿色携带道具掉落)(普通4-03)(普通关卡),{510=29.7398;511=14.8699;512=3.7175;513=0.7435;5000=11.1524;11=29.7398;12=7.4349;13=1.8587;14=0.7435},5,53.8,
611,22601,(手游普通关卡绿色携带道具掉落)(普通4-04)(普通关卡),{510=30.303;511=15.1515;512=3.7879;513=0.7576;5000=9.4697;11=30.303;12=7.5758;13=1.8939;14=0.7576},5,95.04,
612,22602,(手游普通关卡绿色携带道具掉落)(普通4-05)(普通关卡),{510=30.303;511=15.1515;512=3.7879;513=0.7576;5000=9.4697;11=30.303;12=7.5758;13=1.8939;14=0.7576},5,95.04,
613,22603,(手游普通关卡绿色携带道具掉落)(普通4-06)(普通关卡),{510=30.303;511=15.1515;512=3.7879;513=0.7576;5000=9.4697;11=30.303;12=7.5758;13=1.8939;14=0.7576},5,95.04,
614,22604,(手游普通关卡绿色携带道具掉落)(普通4-07)(普通关卡),{510=30.303;511=15.1515;512=3.7879;513=0.7576;5000=9.4697;11=30.303;12=7.5758;13=1.8939;14=0.7576},5,95.04,
615,22605,(手游普通关卡绿色携带道具掉落)(普通4-08)(普通关卡),{510=30.303;511=15.1515;512=3.7879;513=0.7576;5000=9.4697;11=30.303;12=7.5758;13=1.8939;14=0.7576},5,95.04,
616,22601,(手游普通关卡绿色携带道具掉落)(普通5-01)(普通关卡),{5047=20.5556;5048=20.5556;5043=12.7778;5044=12.7778;5045=12.7778;5046=20.5556},5,36,
617,22602,(手游普通关卡绿色携带道具掉落)(普通5-02)(普通关卡),{5047=20.5556;5048=20.5556;5043=12.7778;5044=12.7778;5045=12.7778;5046=20.5556},5,36,
618,22603,(手游普通关卡绿色携带道具掉落)(普通5-03)(普通关卡),{5047=20.5556;5048=20.5556;5043=12.7778;5044=12.7778;5045=12.7778;5046=20.5556},5,36,
619,22604,(手游普通关卡绿色携带道具掉落)(普通5-04)(普通关卡),{5047=20.5556;5048=20.5556;5043=12.7778;5044=12.7778;5045=12.7778;5046=20.5556},5,36,
620,22605,(手游普通关卡绿色携带道具掉落)(普通5-05)(普通关卡),{5047=20.5556;5048=20.5556;5043=12.7778;5044=12.7778;5045=12.7778;5046=20.5556},5,36,
621,12701,(手游普通关卡绿色携带道具掉落)(普通5-06)(普通关卡),{510=29.7398;511=14.8699;512=3.7175;513=0.7435;5000=11.1524;11=29.7398;12=7.4349;13=1.8587;14=0.7435},5,53.8,
622,12702,(手游普通关卡绿色携带道具掉落)(普通5-07)(普通关卡),{510=29.7398;511=14.8699;512=3.7175;513=0.7435;5000=11.1524;11=29.7398;12=7.4349;13=1.8587;14=0.7435},5,53.8,
623,12703,(手游普通关卡绿色携带道具掉落)(普通5-08)(普通关卡),{510=29.7398;511=14.8699;512=3.7175;513=0.7435;5000=11.1524;11=29.7398;12=7.4349;13=1.8587;14=0.7435},5,53.8,
624,12704,(手游普通关卡绿色携带道具掉落)(普通5-09)(普通关卡),{510=29.7398;511=14.8699;512=3.7175;513=0.7435;5000=11.1524;11=29.7398;12=7.4349;13=1.8587;14=0.7435},5,53.8,
625,12705,(手游普通关卡绿色携带道具掉落)(普通5-10)(普通关卡),{510=29.7398;511=14.8699;512=3.7175;513=0.7435;5000=11.1524;11=29.7398;12=7.4349;13=1.8587;14=0.7435},5,53.8,
626,12706,(手游普通关卡绿色携带道具掉落)(普通6-01)(普通关卡),{510=29.7398;511=14.8699;512=3.7175;513=0.7435;5000=11.1524;11=29.7398;12=7.4349;13=1.8587;14=0.7435},5,53.8,
627,12707,(手游普通关卡绿色携带道具掉落)(普通6-02)(普通关卡),{510=29.7398;511=14.8699;512=3.7175;513=0.7435;5000=11.1524;11=29.7398;12=7.4349;13=1.8587;14=0.7435},5,53.8,
628,12708,(手游普通关卡绿色携带道具掉落)(普通6-03)(普通关卡),{510=29.7398;511=14.8699;512=3.7175;513=0.7435;5000=11.1524;11=29.7398;12=7.4349;13=1.8587;14=0.7435},5,53.8,
629,12709,(手游普通关卡绿色携带道具掉落)(普通6-04)(普通关卡),{510=29.7398;511=14.8699;512=3.7175;513=0.7435;5000=11.1524;11=29.7398;12=7.4349;13=1.8587;14=0.7435},5,53.8,
630,12710,(手游普通关卡绿色携带道具掉落)(普通6-05)(普通关卡),{510=29.7398;511=14.8699;512=3.7175;513=0.7435;5000=11.1524;11=29.7398;12=7.4349;13=1.8587;14=0.7435},5,53.8,
631,22701,(手游普通关卡绿色携带道具掉落)(普通6-06)(普通关卡),{510=30.303;511=15.1515;512=3.7879;513=0.7576;5000=9.4697;11=30.303;12=7.5758;13=1.8939;14=0.7576},5,95.04,
632,22702,(手游普通关卡绿色携带道具掉落)(普通6-07)(普通关卡),{510=30.303;511=15.1515;512=3.7879;513=0.7576;5000=9.4697;11=30.303;12=7.5758;13=1.8939;14=0.7576},5,95.04,
633,22703,(手游普通关卡绿色携带道具掉落)(普通6-08)(普通关卡),{510=30.303;511=15.1515;512=3.7879;513=0.7576;5000=9.4697;11=30.303;12=7.5758;13=1.8939;14=0.7576},5,95.04,
634,22704,(手游普通关卡绿色携带道具掉落)(普通6-09)(普通关卡),{510=30.303;511=15.1515;512=3.7879;513=0.7576;5000=9.4697;11=30.303;12=7.5758;13=1.8939;14=0.7576},5,95.04,
635,22705,(手游普通关卡绿色携带道具掉落)(普通6-10)(普通关卡),{510=30.303;511=15.1515;512=3.7879;513=0.7576;5000=9.4697;11=30.303;12=7.5758;13=1.8939;14=0.7576},5,95.04,
636,22701,(手游普通关卡绿色携带道具掉落)(普通7-01)(普通关卡),{5047=12.7778;5048=12.7778;5049=20.5556;5050=20.5556;5051=20.5556;5046=12.7778},5,36,
637,22702,(手游普通关卡绿色携带道具掉落)(普通7-02)(普通关卡),{5047=12.7778;5048=12.7778;5049=20.5556;5050=20.5556;5051=20.5556;5046=12.7778},5,36,
638,22703,(手游普通关卡绿色携带道具掉落)(普通7-03)(普通关卡),{5047=12.7778;5048=12.7778;5049=20.5556;5050=20.5556;5051=20.5556;5046=12.7778},5,36,
639,22704,(手游普通关卡绿色携带道具掉落)(普通7-04)(普通关卡),{5047=12.7778;5048=12.7778;5049=20.5556;5050=20.5556;5051=20.5556;5046=12.7778},5,36,
640,22705,(手游普通关卡绿色携带道具掉落)(普通7-05)(普通关卡),{5047=12.7778;5048=12.7778;5049=20.5556;5050=20.5556;5051=20.5556;5046=12.7778},5,36,
641,12801,(手游普通关卡绿色携带道具掉落)(普通7-06)(普通关卡),{510=29.7398;511=14.8699;512=3.7175;513=0.7435;5000=11.1524;11=29.7398;12=7.4349;13=1.8587;14=0.7435},5,53.8,
642,12802,(手游普通关卡绿色携带道具掉落)(普通7-07)(普通关卡),{510=29.7398;511=14.8699;512=3.7175;513=0.7435;5000=11.1524;11=29.7398;12=7.4349;13=1.8587;14=0.7435},5,53.8,
643,12803,(手游普通关卡绿色携带道具掉落)(普通7-08)(普通关卡),{510=29.7398;511=14.8699;512=3.7175;513=0.7435;5000=11.1524;11=29.7398;12=7.4349;13=1.8587;14=0.7435},5,53.8,
644,12804,(手游普通关卡绿色携带道具掉落)(普通7-09)(普通关卡),{510=29.7398;511=14.8699;512=3.7175;513=0.7435;5000=11.1524;11=29.7398;12=7.4349;13=1.8587;14=0.7435},5,53.8,
645,12805,(手游普通关卡绿色携带道具掉落)(普通7-10)(普通关卡),{510=29.7398;511=14.8699;512=3.7175;513=0.7435;5000=11.1524;11=29.7398;12=7.4349;13=1.8587;14=0.7435},5,53.8,
646,12806,(手游普通关卡绿色携带道具掉落)(普通8-01)(普通关卡),{510=29.7398;511=14.8699;512=3.7175;513=0.7435;5000=11.1524;11=29.7398;12=7.4349;13=1.8587;14=0.7435},5,53.8,
647,12807,(手游普通关卡绿色携带道具掉落)(普通8-02)(普通关卡),{510=29.7398;511=14.8699;512=3.7175;513=0.7435;5000=11.1524;11=29.7398;12=7.4349;13=1.8587;14=0.7435},5,53.8,
648,12808,(手游普通关卡绿色携带道具掉落)(普通8-03)(普通关卡),{510=29.7398;511=14.8699;512=3.7175;513=0.7435;5000=11.1524;11=29.7398;12=7.4349;13=1.8587;14=0.7435},5,53.8,
649,12809,(手游普通关卡绿色携带道具掉落)(普通8-04)(普通关卡),{510=29.7398;511=14.8699;512=3.7175;513=0.7435;5000=11.1524;11=29.7398;12=7.4349;13=1.8587;14=0.7435},5,53.8,
650,12810,(手游普通关卡绿色携带道具掉落)(普通8-05)(普通关卡),{510=29.7398;511=14.8699;512=3.7175;513=0.7435;5000=11.1524;11=29.7398;12=7.4349;13=1.8587;14=0.7435},5,53.8,
651,22801,(手游普通关卡绿色携带道具掉落)(普通8-06)(普通关卡),{510=30.303;511=15.1515;512=3.7879;513=0.7576;5000=9.4697;11=30.303;12=7.5758;13=1.8939;14=0.7576},5,95.04,
652,22802,(手游普通关卡绿色携带道具掉落)(普通8-07)(普通关卡),{510=30.303;511=15.1515;512=3.7879;513=0.7576;5000=9.4697;11=30.303;12=7.5758;13=1.8939;14=0.7576},5,95.04,
653,22803,(手游普通关卡绿色携带道具掉落)(普通8-08)(普通关卡),{510=30.303;511=15.1515;512=3.7879;513=0.7576;5000=9.4697;11=30.303;12=7.5758;13=1.8939;14=0.7576},5,95.04,
654,22804,(手游普通关卡绿色携带道具掉落)(普通8-09)(普通关卡),{510=30.303;511=15.1515;512=3.7879;513=0.7576;5000=9.4697;11=30.303;12=7.5758;13=1.8939;14=0.7576},5,95.04,
655,22805,(手游普通关卡绿色携带道具掉落)(普通8-10)(普通关卡),{510=30.303;511=15.1515;512=3.7879;513=0.7576;5000=9.4697;11=30.303;12=7.5758;13=1.8939;14=0.7576},5,95.04,
656,22801,(手游普通关卡绿色携带道具掉落)(普通9-01)(普通关卡),{5047=12.7778;5048=12.7778;5049=20.5556;5050=20.5556;5051=20.5556;5046=12.7778},5,36,
657,22802,(手游普通关卡绿色携带道具掉落)(普通9-02)(普通关卡),{5047=12.7778;5048=12.7778;5049=20.5556;5050=20.5556;5051=20.5556;5046=12.7778},5,36,
658,22803,(手游普通关卡绿色携带道具掉落)(普通9-03)(普通关卡),{5047=12.7778;5048=12.7778;5049=20.5556;5050=20.5556;5051=20.5556;5046=12.7778},5,36,
659,22804,(手游普通关卡绿色携带道具掉落)(普通9-04)(普通关卡),{5047=12.7778;5048=12.7778;5049=20.5556;5050=20.5556;5051=20.5556;5046=12.7778},5,36,
660,22805,(手游普通关卡绿色携带道具掉落)(普通9-05)(普通关卡),{5047=12.7778;5048=12.7778;5049=20.5556;5050=20.5556;5051=20.5556;5046=12.7778},5,36,
661,12901,(手游普通关卡绿色携带道具掉落)(普通9-06)(普通关卡),{510=29.7398;511=14.8699;512=3.7175;513=0.7435;5000=11.1524;11=29.7398;12=7.4349;13=1.8587;14=0.7435},5,53.8,
662,12902,(手游普通关卡绿色携带道具掉落)(普通9-07)(普通关卡),{510=29.7398;511=14.8699;512=3.7175;513=0.7435;5000=11.1524;11=29.7398;12=7.4349;13=1.8587;14=0.7435},5,53.8,
663,12903,(手游普通关卡绿色携带道具掉落)(普通9-08)(普通关卡),{510=29.7398;511=14.8699;512=3.7175;513=0.7435;5000=11.1524;11=29.7398;12=7.4349;13=1.8587;14=0.7435},5,53.8,
664,12904,(手游普通关卡绿色携带道具掉落)(普通9-09)(普通关卡),{510=29.7398;511=14.8699;512=3.7175;513=0.7435;5000=11.1524;11=29.7398;12=7.4349;13=1.8587;14=0.7435},5,53.8,
665,12905,(手游普通关卡绿色携带道具掉落)(普通9-10)(普通关卡),{510=29.7398;511=14.8699;512=3.7175;513=0.7435;5000=11.1524;11=29.7398;12=7.4349;13=1.8587;14=0.7435},5,53.8,
666,12906,(手游普通关卡绿色携带道具掉落)(普通10-01)(普通关卡),{510=29.7398;511=14.8699;512=3.7175;513=0.7435;5000=11.1524;11=29.7398;12=7.4349;13=1.8587;14=0.7435},5,53.8,
667,12907,(手游普通关卡绿色携带道具掉落)(普通10-02)(普通关卡),{510=29.7398;511=14.8699;512=3.7175;513=0.7435;5000=11.1524;11=29.7398;12=7.4349;13=1.8587;14=0.7435},5,53.8,
668,12908,(手游普通关卡绿色携带道具掉落)(普通10-03)(普通关卡),{510=29.7398;511=14.8699;512=3.7175;513=0.7435;5000=11.1524;11=29.7398;12=7.4349;13=1.8587;14=0.7435},5,53.8,
669,12909,(手游普通关卡绿色携带道具掉落)(普通10-04)(普通关卡),{510=29.7398;511=14.8699;512=3.7175;513=0.7435;5000=11.1524;11=29.7398;12=7.4349;13=1.8587;14=0.7435},5,53.8,
670,12910,(手游普通关卡绿色携带道具掉落)(普通10-05)(普通关卡),{510=29.7398;511=14.8699;512=3.7175;513=0.7435;5000=11.1524;11=29.7398;12=7.4349;13=1.8587;14=0.7435},5,53.8,
671,22901,(手游普通关卡绿色携带道具掉落)(普通10-06)(普通关卡),{510=30.303;511=15.1515;512=3.7879;513=0.7576;5000=9.4697;11=30.303;12=7.5758;13=1.8939;14=0.7576},5,95.04,
672,22902,(手游普通关卡绿色携带道具掉落)(普通10-07)(普通关卡),{510=30.303;511=15.1515;512=3.7879;513=0.7576;5000=9.4697;11=30.303;12=7.5758;13=1.8939;14=0.7576},5,95.04,
673,22903,(手游普通关卡绿色携带道具掉落)(普通10-08)(普通关卡),{510=30.303;511=15.1515;512=3.7879;513=0.7576;5000=9.4697;11=30.303;12=7.5758;13=1.8939;14=0.7576},5,95.04,
674,22904,(手游普通关卡绿色携带道具掉落)(普通10-09)(普通关卡),{510=30.303;511=15.1515;512=3.7879;513=0.7576;5000=9.4697;11=30.303;12=7.5758;13=1.8939;14=0.7576},5,95.04,
675,22905,(手游普通关卡绿色携带道具掉落)(普通10-10)(普通关卡),{510=30.303;511=15.1515;512=3.7879;513=0.7576;5000=9.4697;11=30.303;12=7.5758;13=1.8939;14=0.7576},5,95.04,
676,22901,(手游普通关卡绿色携带道具掉落)(普通11-01)(普通关卡),{5054=20.5556;5049=12.7778;5050=12.7778;5051=12.7778;5052=20.5556;5053=20.5556},5,36,
677,22902,(手游普通关卡绿色携带道具掉落)(普通11-02)(普通关卡),{5054=20.5556;5049=12.7778;5050=12.7778;5051=12.7778;5052=20.5556;5053=20.5556},5,36,
678,22903,(手游普通关卡绿色携带道具掉落)(普通11-03)(普通关卡),{5054=20.5556;5049=12.7778;5050=12.7778;5051=12.7778;5052=20.5556;5053=20.5556},5,36,
679,22904,(手游普通关卡绿色携带道具掉落)(普通11-04)(普通关卡),{5054=20.5556;5049=12.7778;5050=12.7778;5051=12.7778;5052=20.5556;5053=20.5556},5,36,
680,22905,(手游普通关卡绿色携带道具掉落)(普通11-05)(普通关卡),{5054=20.5556;5049=12.7778;5050=12.7778;5051=12.7778;5052=20.5556;5053=20.5556},5,36,
2001,10101,(手游普通关卡绿色携带道具掉落)(普通11-06)(普通关卡),{30101=100;30102=100;30103=100;30104=100;30105=100;30106=100},,2,
2002,10102,(手游普通关卡绿色携带道具掉落)(普通11-07)(普通关卡),{30101=100;30102=100;30103=100;30104=100;30105=100;30106=100},,2,
2003,10103,(手游普通关卡绿色携带道具掉落)(普通11-08)(普通关卡),{30101=100;30102=100;30103=100;30104=100;30105=100;30106=100},,2,
2004,10104,(手游普通关卡绿色携带道具掉落)(普通11-09)(普通关卡),{30101=100;30102=100;30103=100;30104=100;30105=100;30106=100},,2,
2005,10105,(手游普通关卡绿色携带道具掉落)(普通11-10)(普通关卡),{30101=100;30102=100;30103=100;30104=100;30105=100;30106=100},,2,
2006,10201,(手游普通关卡绿色携带道具掉落)(普通12-01)(普通关卡),{30101=100;30102=100;30103=100;30104=100;30105=100;30106=100},,2,
2007,10202,(手游普通关卡绿色携带道具掉落)(普通12-02)(普通关卡),{30101=100;30102=100;30103=100;30104=100;30105=100;30106=100},,2,
2008,10203,(手游普通关卡绿色携带道具掉落)(普通12-03)(普通关卡),{30101=100;30102=100;30103=100;30104=100;30105=100;30106=100},,2,
2009,10204,(手游普通关卡绿色携带道具掉落)(普通12-04)(普通关卡),{30101=100;30102=100;30103=100;30104=100;30105=100;30106=100},,2,
2010,10205,(手游普通关卡绿色携带道具掉落)(普通12-05)(普通关卡),{30101=100;30102=100;30103=100;30104=100;30105=100;30106=100},,2,
2011,10206,(手游普通关卡绿色携带道具掉落)(普通12-06)(普通关卡),{30101=100;30102=100;30103=100;30104=100;30105=100;30106=100},,2,
2012,10301,(手游普通关卡绿色携带道具掉落)(普通12-07)(普通关卡),{30101=100;30102=100;30103=100;30104=100;30105=100;30106=100},,2,
2013,10302,(手游普通关卡绿色携带道具掉落)(普通12-08)(普通关卡),{30101=100;30102=100;30103=100;30104=100;30105=100;30106=100},,2,
2014,10303,(手游普通关卡绿色携带道具掉落)(普通12-09)(普通关卡),{30101=100;30102=100;30103=100;30104=100;30105=100;30106=100},,2,
2015,10304,(手游普通关卡绿色携带道具掉落)(普通12-10)(普通关卡),{30101=100;30102=100;30103=100;30104=100;30105=100;30106=100},,2,
2016,10305,(手游精英关卡绿色携带道具掉落)(精英1-01)(精英关卡),{30101=100;30102=100;30103=100;30104=100;30105=100;30106=100},,2,
2017,10306,(手游精英关卡绿色携带道具掉落)(精英1-02)(精英关卡),{30101=100;30102=100;30103=100;30104=100;30105=100;30106=100},,2,
2018,10307,(手游精英关卡绿色携带道具掉落)(精英1-03)(精英关卡),{30101=100;30102=100;30103=100;30104=100;30105=100;30106=100},,2,
2019,10308,(手游精英关卡绿色携带道具掉落)(精英2-01)(精英关卡),{30101=100;30102=100;30103=100;30104=100;30105=100;30106=100},,2,
2020,10401,(手游精英关卡绿色携带道具掉落)(精英2-02)(精英关卡),{30101=100;30102=100;30103=100;30104=100;30105=100;30106=100},,2,
2021,10402,(手游精英关卡绿色携带道具掉落)(精英2-03)(精英关卡),{30101=100;30102=100;30103=100;30104=100;30105=100;30106=100},,2,
2022,10403,(手游精英关卡绿色携带道具掉落)(精英3-01)(精英关卡),{30101=100;30102=100;30103=100;30104=100;30105=100;30106=100},,2,
2023,10404,(手游精英关卡绿色携带道具掉落)(精英3-02)(精英关卡),{30101=100;30102=100;30103=100;30104=100;30105=100;30106=100},,2,
2024,10405,(手游精英关卡绿色携带道具掉落)(精英3-03)(精英关卡),{30101=100;30102=100;30103=100;30104=100;30105=100;30106=100},,2,
2025,10406,(手游精英关卡绿色携带道具掉落)(精英3-04)(精英关卡),{30101=100;30102=100;30103=100;30104=100;30105=100;30106=100},,2,
2026,10407,(手游精英关卡绿色携带道具掉落)(精英4-01)(精英关卡),{30101=100;30102=100;30103=100;30104=100;30105=100;30106=100},,2,
2027,10408,(手游精英关卡绿色携带道具掉落)(精英4-02)(精英关卡),{30101=100;30102=100;30103=100;30104=100;30105=100;30106=100},,2,
2028,10501,(手游精英关卡绿色携带道具掉落)(精英4-03)(精英关卡),{30101=100;30102=100;30103=100;30104=100;30105=100;30106=100},,2,
2029,10502,(手游精英关卡绿色携带道具掉落)(精英4-04)(精英关卡),{30101=100;30102=100;30103=100;30104=100;30105=100;30106=100},,2,
2030,10503,(手游精英关卡绿色携带道具掉落)(精英5-01)(精英关卡),{30101=100;30102=100;30103=100;30104=100;30105=100;30106=100},,2,
2031,10504,(手游精英关卡绿色携带道具掉落)(精英5-02)(精英关卡),{30101=100;30102=100;30103=100;30104=100;30105=100;30106=100},,2,
2032,10505,(手游精英关卡绿色携带道具掉落)(精英5-03)(精英关卡),{30101=100;30102=100;30103=100;30104=100;30105=100;30106=100},,2,
2033,10506,(手游精英关卡绿色携带道具掉落)(精英5-04)(精英关卡),{30101=100;30102=100;30103=100;30104=100;30105=100;30106=100},,2,
2034,10507,(手游精英关卡绿色携带道具掉落)(精英5-05)(精英关卡),{30101=100;30102=100;30103=100;30104=100;30105=100;30106=100},,2,
2035,10508,(手游精英关卡绿色携带道具掉落)(精英6-01)(精英关卡),{30101=100;30102=100;30103=100;30104=100;30105=100;30106=100},,2,
2036,10509,(手游精英关卡绿色携带道具掉落)(精英6-02)(精英关卡),{30101=100;30102=100;30103=100;30104=100;30105=100;30106=100},,2,
2037,10510,(手游精英关卡绿色携带道具掉落)(精英6-03)(精英关卡),{30101=100;30102=100;30103=100;30104=100;30105=100;30106=100},,2,
2038,10601,(手游精英关卡绿色携带道具掉落)(精英6-04)(精英关卡),{30101=100;30102=100;30103=100;30104=100;30105=100;30106=100},,1.5,
2039,10602,(手游精英关卡绿色携带道具掉落)(精英6-05)(精英关卡),{30101=100;30102=100;30103=100;30104=100;30105=100;30106=100},,1.5,
2040,10603,(手游精英关卡绿色携带道具掉落)(精英7-01)(精英关卡),{30101=100;30102=100;30103=100;30104=100;30105=100;30106=100},,1.5,
2041,10604,(手游精英关卡绿色携带道具掉落)(精英7-02)(精英关卡),{30101=100;30102=100;30103=100;30104=100;30105=100;30106=100},,1.5,
2042,10605,(手游精英关卡绿色携带道具掉落)(精英7-03)(精英关卡),{30101=100;30102=100;30103=100;30104=100;30105=100;30106=100},,1.5,
2043,10606,(手游精英关卡绿色携带道具掉落)(精英7-04)(精英关卡),{30101=100;30102=100;30103=100;30104=100;30105=100;30106=100},,1.5,
2044,10607,(手游精英关卡绿色携带道具掉落)(精英7-05)(精英关卡),{30101=100;30102=100;30103=100;30104=100;30105=100;30106=100},,1.5,
2045,10608,(手游精英关卡绿色携带道具掉落)(精英8-01)(精英关卡),{30101=100;30102=100;30103=100;30104=100;30105=100;30106=100},,1.5,
2046,10609,(手游精英关卡绿色携带道具掉落)(精英8-02)(精英关卡),{30101=100;30102=100;30103=100;30104=100;30105=100;30106=100},,1.5,
2047,10610,(手游精英关卡绿色携带道具掉落)(精英8-03)(精英关卡),{30101=100;30102=100;30103=100;30104=100;30105=100;30106=100},,1.5,
2048,10701,(手游精英关卡绿色携带道具掉落)(精英8-04)(精英关卡),{30101=100;30102=100;30103=100;30104=100;30105=100;30106=100},,1.5,
2049,10702,(手游精英关卡绿色携带道具掉落)(精英8-05)(精英关卡),{30101=100;30102=100;30103=100;30104=100;30105=100;30106=100},,1.5,
2050,10703,(手游精英关卡绿色携带道具掉落)(精英9-01)(精英关卡),{30101=100;30102=100;30103=100;30104=100;30105=100;30106=100},,1.5,
2051,10704,(手游精英关卡绿色携带道具掉落)(精英9-02)(精英关卡),{30101=100;30102=100;30103=100;30104=100;30105=100;30106=100},,1.5,
2052,10705,(手游精英关卡绿色携带道具掉落)(精英9-03)(精英关卡),{30101=100;30102=100;30103=100;30104=100;30105=100;30106=100},,1.5,
2053,10706,(手游精英关卡绿色携带道具掉落)(精英9-04)(精英关卡),{30101=100;30102=100;30103=100;30104=100;30105=100;30106=100},,1.5,
2054,10707,(手游精英关卡绿色携带道具掉落)(精英9-05)(精英关卡),{30101=100;30102=100;30103=100;30104=100;30105=100;30106=100},,1.5,
2055,10708,(手游精英关卡绿色携带道具掉落)(精英10-01)(精英关卡),{30101=100;30102=100;30103=100;30104=100;30105=100;30106=100},,1.5,
2056,10709,(手游精英关卡绿色携带道具掉落)(精英10-02)(精英关卡),{30101=100;30102=100;30103=100;30104=100;30105=100;30106=100},,1.5,
2057,10710,(手游精英关卡绿色携带道具掉落)(精英10-03)(精英关卡),{30101=100;30102=100;30103=100;30104=100;30105=100;30106=100},,1.5,
2058,10801,(手游精英关卡绿色携带道具掉落)(精英10-04)(精英关卡),{30101=100;30102=100;30103=100;30104=100;30105=100;30106=100},,1.5,
2059,10802,(手游精英关卡绿色携带道具掉落)(精英10-05)(精英关卡),{30101=100;30102=100;30103=100;30104=100;30105=100;30106=100},,1.5,
2060,10803,(手游精英关卡绿色携带道具掉落)(精英11-01)(精英关卡),{30101=100;30102=100;30103=100;30104=100;30105=100;30106=100},,1.5,
2061,10804,(手游精英关卡绿色携带道具掉落)(精英11-02)(精英关卡),{30101=100;30102=100;30103=100;30104=100;30105=100;30106=100},,1.5,
2062,10805,(手游精英关卡绿色携带道具掉落)(精英11-03)(精英关卡),{30101=100;30102=100;30103=100;30104=100;30105=100;30106=100},,1.5,
2063,10806,(手游精英关卡绿色携带道具掉落)(精英11-04)(精英关卡),{30101=100;30102=100;30103=100;30104=100;30105=100;30106=100},,1.5,
2064,10807,(手游精英关卡绿色携带道具掉落)(精英11-05)(精英关卡),{30101=100;30102=100;30103=100;30104=100;30105=100;30106=100},,1.5,
2065,10808,(手游精英关卡绿色携带道具掉落)(精英12-01)(精英关卡),{30101=100;30102=100;30103=100;30104=100;30105=100;30106=100},,1.5,
2066,10809,(手游精英关卡绿色携带道具掉落)(精英12-02)(精英关卡),{30101=100;30102=100;30103=100;30104=100;30105=100;30106=100},,1.5,
2067,10810,(手游精英关卡绿色携带道具掉落)(精英12-03)(精英关卡),{30101=100;30102=100;30103=100;30104=100;30105=100;30106=100},,1.5,
2068,10901,(手游精英关卡绿色携带道具掉落)(精英12-04)(精英关卡),{30101=100;30102=100;30103=100;30104=100;30105=100;30106=100},,1.5,
2069,10902,(手游精英关卡绿色携带道具掉落)(精英12-05)(精英关卡),{30101=100;30102=100;30103=100;30104=100;30105=100;30106=100},,1.5,
2070,10903,(手游普通关卡绿色携带道具掉落)(普通13-01)(普通关卡),{30101=100;30102=100;30103=100;30104=100;30105=100;30106=100},,1.5,
2071,10904,(手游普通关卡绿色携带道具掉落)(普通13-02)(普通关卡),{30101=100;30102=100;30103=100;30104=100;30105=100;30106=100},,1.5,
2072,10905,(手游普通关卡绿色携带道具掉落)(普通13-03)(普通关卡),{30101=100;30102=100;30103=100;30104=100;30105=100;30106=100},,1.5,
2073,10906,(手游普通关卡绿色携带道具掉落)(普通13-04)(普通关卡),{30101=100;30102=100;30103=100;30104=100;30105=100;30106=100},,1.5,
2074,10907,(手游普通关卡绿色携带道具掉落)(普通13-05)(普通关卡),{30101=100;30102=100;30103=100;30104=100;30105=100;30106=100},,1.5,
2075,10908,(手游普通关卡绿色携带道具掉落)(普通13-06)(普通关卡),{30101=100;30102=100;30103=100;30104=100;30105=100;30106=100},,1.5,
2076,10909,(手游普通关卡绿色携带道具掉落)(普通13-07)(普通关卡),{30101=100;30102=100;30103=100;30104=100;30105=100;30106=100},,1.5,
2077,10910,(手游普通关卡绿色携带道具掉落)(普通13-08)(普通关卡),{30101=100;30102=100;30103=100;30104=100;30105=100;30106=100},,1.5,
2078,11001,(手游普通关卡绿色携带道具掉落)(普通13-09)(普通关卡),{30101=100;30102=100;30103=100;30104=100;30105=100;30106=100},,1.5,
2079,11002,(手游普通关卡绿色携带道具掉落)(普通13-10)(普通关卡),{30101=100;30102=100;30103=100;30104=100;30105=100;30106=100},,1.5,
2080,11003,(手游普通关卡绿色携带道具掉落)(普通14-01)(普通关卡),{30101=100;30102=100;30103=100;30104=100;30105=100;30106=100},,1.5,
2081,11004,(手游普通关卡绿色携带道具掉落)(普通14-02)(普通关卡),{30101=100;30102=100;30103=100;30104=100;30105=100;30106=100},,1.5,
2082,11005,(手游普通关卡绿色携带道具掉落)(普通14-03)(普通关卡),{30101=100;30102=100;30103=100;30104=100;30105=100;30106=100},,1.5,
2083,11006,(手游普通关卡绿色携带道具掉落)(普通14-04)(普通关卡),{30101=100;30102=100;30103=100;30104=100;30105=100;30106=100},,1.5,
2084,11007,(手游普通关卡绿色携带道具掉落)(普通14-05)(普通关卡),{30101=100;30102=100;30103=100;30104=100;30105=100;30106=100},,1.5,
2085,11008,(手游普通关卡绿色携带道具掉落)(普通14-06)(普通关卡),{30101=100;30102=100;30103=100;30104=100;30105=100;30106=100},,1.5,
2086,11009,(手游普通关卡绿色携带道具掉落)(普通14-07)(普通关卡),{30101=100;30102=100;30103=100;30104=100;30105=100;30106=100},,1.5,
2087,11010,(手游普通关卡绿色携带道具掉落)(普通14-08)(普通关卡),{30101=100;30102=100;30103=100;30104=100;30105=100;30106=100},,1.5,
2088,11101,(手游普通关卡绿色携带道具掉落)(普通14-09)(普通关卡),{30101=100;30102=100;30103=100;30104=100;30105=100;30106=100},,1,
2089,11102,(手游普通关卡绿色携带道具掉落)(普通14-10)(普通关卡),{30101=100;30102=100;30103=100;30104=100;30105=100;30106=100},,1,
2090,11103,(手游普通关卡绿色携带道具掉落)(普通15-01)(普通关卡),{30101=100;30102=100;30103=100;30104=100;30105=100;30106=100},,1,
2091,11104,(手游普通关卡绿色携带道具掉落)(普通15-02)(普通关卡),{30101=100;30102=100;30103=100;30104=100;30105=100;30106=100},,1,
2092,11105,(手游普通关卡绿色携带道具掉落)(普通15-03)(普通关卡),{30101=100;30102=100;30103=100;30104=100;30105=100;30106=100},,1,
2093,11106,(手游普通关卡绿色携带道具掉落)(普通15-04)(普通关卡),{30101=100;30102=100;30103=100;30104=100;30105=100;30106=100},,1,
2094,11107,(手游普通关卡绿色携带道具掉落)(普通15-05)(普通关卡),{30101=100;30102=100;30103=100;30104=100;30105=100;30106=100},,1,
2095,11108,(手游普通关卡绿色携带道具掉落)(普通15-06)(普通关卡),{30101=100;30102=100;30103=100;30104=100;30105=100;30106=100},,1,
2096,11109,(手游普通关卡绿色携带道具掉落)(普通15-07)(普通关卡),{30101=100;30102=100;30103=100;30104=100;30105=100;30106=100},,1,
2097,11110,(手游普通关卡绿色携带道具掉落)(普通15-08)(普通关卡),{30101=100;30102=100;30103=100;30104=100;30105=100;30106=100},,1,
2098,11201,(手游普通关卡绿色携带道具掉落)(普通15-09)(普通关卡),{30101=100;30102=100;30103=100;30104=100;30105=100;30106=100},,1,
2099,11202,(手游普通关卡绿色携带道具掉落)(普通15-10)(普通关卡),{30101=100;30102=100;30103=100;30104=100;30105=100;30106=100},,1,
2100,11203,(手游普通关卡绿色携带道具掉落)(普通16-01)(普通关卡),{30101=100;30102=100;30103=100;30104=100;30105=100;30106=100},,1,
2101,11204,(手游普通关卡绿色携带道具掉落)(普通16-02)(普通关卡),{30101=100;30102=100;30103=100;30104=100;30105=100;30106=100},,1,
2102,11205,(手游普通关卡绿色携带道具掉落)(普通16-03)(普通关卡),{30101=100;30102=100;30103=100;30104=100;30105=100;30106=100},,1,
2103,11206,(手游普通关卡绿色携带道具掉落)(普通16-04)(普通关卡),{30101=100;30102=100;30103=100;30104=100;30105=100;30106=100},,1,
2104,11207,(手游普通关卡绿色携带道具掉落)(普通16-05)(普通关卡),{30101=100;30102=100;30103=100;30104=100;30105=100;30106=100},,1,
2105,11208,(手游普通关卡绿色携带道具掉落)(普通16-06)(普通关卡),{30101=100;30102=100;30103=100;30104=100;30105=100;30106=100},,1,
2106,11209,(手游普通关卡绿色携带道具掉落)(普通16-07)(普通关卡),{30101=100;30102=100;30103=100;30104=100;30105=100;30106=100},,1,
2107,11210,(手游普通关卡绿色携带道具掉落)(普通16-08)(普通关卡),{30101=100;30102=100;30103=100;30104=100;30105=100;30106=100},,1,
2108,20101,(手游普通关卡绿色携带道具掉落)(普通16-09)(普通关卡),{30101=100;30102=100;30103=100;30104=100;30105=100;30106=100},,2,
2109,20102,(手游普通关卡绿色携带道具掉落)(普通16-10)(普通关卡),{30101=100;30102=100;30103=100;30104=100;30105=100;30106=100},,2,
2110,20103,(手游普通关卡绿色携带道具掉落)(普通17-01)(普通关卡),{30101=100;30102=100;30103=100;30104=100;30105=100;30106=100},,2,
2111,20201,(手游普通关卡绿色携带道具掉落)(普通17-02)(普通关卡),{30101=100;30102=100;30103=100;30104=100;30105=100;30106=100},,2,
2112,20202,(手游普通关卡绿色携带道具掉落)(普通17-03)(普通关卡),{30101=100;30102=100;30103=100;30104=100;30105=100;30106=100},,2,
2113,20203,(手游普通关卡绿色携带道具掉落)(普通17-04)(普通关卡),{30101=100;30102=100;30103=100;30104=100;30105=100;30106=100},,2,
2114,20301,(手游普通关卡绿色携带道具掉落)(普通17-05)(普通关卡),{30101=100;30102=100;30103=100;30104=100;30105=100;30106=100},,2,
2115,20302,(手游普通关卡绿色携带道具掉落)(普通17-06)(普通关卡),{30101=100;30102=100;30103=100;30104=100;30105=100;30106=100},,2,
2116,20303,(手游普通关卡绿色携带道具掉落)(普通17-07)(普通关卡),{30101=100;30102=100;30103=100;30104=100;30105=100;30106=100},,2,
2117,20304,(手游普通关卡绿色携带道具掉落)(普通17-08)(普通关卡),{30101=100;30102=100;30103=100;30104=100;30105=100;30106=100},,2,
2118,20401,(手游普通关卡绿色携带道具掉落)(普通17-09)(普通关卡),{30101=100;30102=100;30103=100;30104=100;30105=100;30106=100},,2,
2119,20402,(手游普通关卡绿色携带道具掉落)(普通17-10)(普通关卡),{30101=100;30102=100;30103=100;30104=100;30105=100;30106=100},,2,
2120,20403,(手游普通关卡绿色携带道具掉落)(普通18-01)(普通关卡),{30101=100;30102=100;30103=100;30104=100;30105=100;30106=100},,2,
2121,20404,(手游普通关卡绿色携带道具掉落)(普通18-02)(普通关卡),{30101=100;30102=100;30103=100;30104=100;30105=100;30106=100},,2,
2122,20501,(手游普通关卡绿色携带道具掉落)(普通18-03)(普通关卡),{30101=100;30102=100;30103=100;30104=100;30105=100;30106=100},,2,
2123,20502,(手游普通关卡绿色携带道具掉落)(普通18-04)(普通关卡),{30101=100;30102=100;30103=100;30104=100;30105=100;30106=100},,2,
2124,20503,(手游普通关卡绿色携带道具掉落)(普通18-05)(普通关卡),{30101=100;30102=100;30103=100;30104=100;30105=100;30106=100},,2,
2125,20504,(手游普通关卡绿色携带道具掉落)(普通18-06)(普通关卡),{30101=100;30102=100;30103=100;30104=100;30105=100;30106=100},,2,
2126,20505,(手游普通关卡绿色携带道具掉落)(普通18-07)(普通关卡),{30101=100;30102=100;30103=100;30104=100;30105=100;30106=100},,2,
2127,20601,(手游普通关卡绿色携带道具掉落)(普通18-08)(普通关卡),{30101=100;30102=100;30103=100;30104=100;30105=100;30106=100},,1.5,
2128,20602,(手游普通关卡绿色携带道具掉落)(普通18-09)(普通关卡),{30101=100;30102=100;30103=100;30104=100;30105=100;30106=100},,1.5,
2129,20603,(手游普通关卡绿色携带道具掉落)(普通18-10)(普通关卡),{30101=100;30102=100;30103=100;30104=100;30105=100;30106=100},,1.5,
2130,20604,(手游普通关卡绿色携带道具掉落)(普通19-01)(普通关卡),{30101=100;30102=100;30103=100;30104=100;30105=100;30106=100},,1.5,
2131,20605,(手游普通关卡绿色携带道具掉落)(普通19-02)(普通关卡),{30101=100;30102=100;30103=100;30104=100;30105=100;30106=100},,1.5,
2132,20701,(手游普通关卡绿色携带道具掉落)(普通19-03)(普通关卡),{30101=100;30102=100;30103=100;30104=100;30105=100;30106=100},,1.5,
2133,20702,(手游普通关卡绿色携带道具掉落)(普通19-04)(普通关卡),{30101=100;30102=100;30103=100;30104=100;30105=100;30106=100},,1.5,
2134,20703,(手游普通关卡绿色携带道具掉落)(普通19-05)(普通关卡),{30101=100;30102=100;30103=100;30104=100;30105=100;30106=100},,1.5,
2135,20704,(手游普通关卡绿色携带道具掉落)(普通19-06)(普通关卡),{30101=100;30102=100;30103=100;30104=100;30105=100;30106=100},,1.5,
2136,20705,(手游普通关卡绿色携带道具掉落)(普通19-07)(普通关卡),{30101=100;30102=100;30103=100;30104=100;30105=100;30106=100},,1.5,
2137,20801,(手游普通关卡绿色携带道具掉落)(普通19-08)(普通关卡),{30101=100;30102=100;30103=100;30104=100;30105=100;30106=100},,1.5,
2138,20802,(手游普通关卡绿色携带道具掉落)(普通19-09)(普通关卡),{30101=100;30102=100;30103=100;30104=100;30105=100;30106=100},,1.5,
2139,20803,(手游普通关卡绿色携带道具掉落)(普通19-10)(普通关卡),{30101=100;30102=100;30103=100;30104=100;30105=100;30106=100},,1.5,
2140,20804,(手游普通关卡绿色携带道具掉落)(普通20-01)(普通关卡),{30101=100;30102=100;30103=100;30104=100;30105=100;30106=100},,1.5,
2141,20805,(手游普通关卡绿色携带道具掉落)(普通20-02)(普通关卡),{30101=100;30102=100;30103=100;30104=100;30105=100;30106=100},,1.5,
2142,20901,(手游普通关卡绿色携带道具掉落)(普通20-03)(普通关卡),{30101=100;30102=100;30103=100;30104=100;30105=100;30106=100},,1.5,
2143,20902,(手游普通关卡绿色携带道具掉落)(普通20-04)(普通关卡),{30101=100;30102=100;30103=100;30104=100;30105=100;30106=100},,1.5,
2144,20903,(手游普通关卡绿色携带道具掉落)(普通20-05)(普通关卡),{30101=100;30102=100;30103=100;30104=100;30105=100;30106=100},,1.5,
2145,20904,(手游普通关卡绿色携带道具掉落)(普通20-06)(普通关卡),{30101=100;30102=100;30103=100;30104=100;30105=100;30106=100},,1.5,
2146,20905,(手游普通关卡绿色携带道具掉落)(普通20-07)(普通关卡),{30101=100;30102=100;30103=100;30104=100;30105=100;30106=100},,1.5,
2147,21001,(手游普通关卡绿色携带道具掉落)(普通20-08)(普通关卡),{30101=100;30102=100;30103=100;30104=100;30105=100;30106=100},,1.5,
2148,21002,(手游普通关卡绿色携带道具掉落)(普通20-09)(普通关卡),{30101=100;30102=100;30103=100;30104=100;30105=100;30106=100},,1.5,
2149,21003,(手游普通关卡绿色携带道具掉落)(普通20-10)(普通关卡),{30101=100;30102=100;30103=100;30104=100;30105=100;30106=100},,1.5,
2150,21004,(手游普通关卡绿色携带道具掉落)(普通21-01)(普通关卡),{30101=100;30102=100;30103=100;30104=100;30105=100;30106=100},,1.5,
2151,21005,(手游普通关卡绿色携带道具掉落)(普通21-02)(普通关卡),{30101=100;30102=100;30103=100;30104=100;30105=100;30106=100},,1.5,
2152,21101,(手游普通关卡绿色携带道具掉落)(普通21-03)(普通关卡),{30101=100;30102=100;30103=100;30104=100;30105=100;30106=100},,1,
2153,21102,(手游普通关卡绿色携带道具掉落)(普通21-04)(普通关卡),{30101=100;30102=100;30103=100;30104=100;30105=100;30106=100},,1,
2154,21103,(手游普通关卡绿色携带道具掉落)(普通21-05)(普通关卡),{30101=100;30102=100;30103=100;30104=100;30105=100;30106=100},,1,
2155,21104,(手游普通关卡绿色携带道具掉落)(普通21-06)(普通关卡),{30101=100;30102=100;30103=100;30104=100;30105=100;30106=100},,1,
2156,21105,(手游普通关卡绿色携带道具掉落)(普通21-07)(普通关卡),{30101=100;30102=100;30103=100;30104=100;30105=100;30106=100},,1,
2157,21201,(手游普通关卡绿色携带道具掉落)(普通21-08)(普通关卡),{30101=100;30102=100;30103=100;30104=100;30105=100;30106=100},,1,
2158,21202,(手游普通关卡绿色携带道具掉落)(普通21-09)(普通关卡),{30101=100;30102=100;30103=100;30104=100;30105=100;30106=100},,1,
2159,21203,(手游普通关卡绿色携带道具掉落)(普通21-10)(普通关卡),{30101=100;30102=100;30103=100;30104=100;30105=100;30106=100},,1,
2160,21204,(手游普通关卡绿色携带道具掉落)(普通22-01)(普通关卡),{30101=100;30102=100;30103=100;30104=100;30105=100;30106=100},,1,
2161,21205,(手游普通关卡绿色携带道具掉落)(普通22-02)(普通关卡),{30101=100;30102=100;30103=100;30104=100;30105=100;30106=100},,1,
2162,11301,(手游普通关卡绿色携带道具掉落)(普通22-03)(普通关卡),{30101=100;30102=100;30103=100;30104=100;30105=100;30106=100},,,
2163,11302,(手游普通关卡绿色携带道具掉落)(普通22-04)(普通关卡),{30101=100;30102=100;30103=100;30104=100;30105=100;30106=100},,,
2164,11303,(手游普通关卡绿色携带道具掉落)(普通22-05)(普通关卡),{30101=100;30102=100;30103=100;30104=100;30105=100;30106=100},,,
2165,11304,(手游普通关卡绿色携带道具掉落)(普通22-06)(普通关卡),{30101=100;30102=100;30103=100;30104=100;30105=100;30106=100},,,
2166,11305,(手游普通关卡绿色携带道具掉落)(普通22-07)(普通关卡),{30101=100;30102=100;30103=100;30104=100;30105=100;30106=100},,,
2167,11306,(手游普通关卡绿色携带道具掉落)(普通22-08)(普通关卡),{30101=100;30102=100;30103=100;30104=100;30105=100;30106=100},,,
2168,11307,(手游普通关卡绿色携带道具掉落)(普通22-09)(普通关卡),{30101=100;30102=100;30103=100;30104=100;30105=100;30106=100},,,
2169,11308,(手游普通关卡绿色携带道具掉落)(普通22-10)(普通关卡),{30101=100;30102=100;30103=100;30104=100;30105=100;30106=100},,,
2170,11309,(手游普通关卡绿色携带道具掉落)(普通23-01)(普通关卡),{30101=100;30102=100;30103=100;30104=100;30105=100;30106=100},,,
2171,11310,(手游普通关卡绿色携带道具掉落)(普通23-02)(普通关卡),{30101=100;30102=100;30103=100;30104=100;30105=100;30106=100},,,
2172,11401,(手游普通关卡绿色携带道具掉落)(普通23-03)(普通关卡),{30101=100;30102=100;30103=100;30104=100;30105=100;30106=100},,,
2173,11402,(手游普通关卡绿色携带道具掉落)(普通23-04)(普通关卡),{30101=100;30102=100;30103=100;30104=100;30105=100;30106=100},,,
2174,11403,(手游普通关卡绿色携带道具掉落)(普通23-05)(普通关卡),{30101=100;30102=100;30103=100;30104=100;30105=100;30106=100},,,
2175,11404,(手游普通关卡绿色携带道具掉落)(普通23-06)(普通关卡),{30101=100;30102=100;30103=100;30104=100;30105=100;30106=100},,,
2176,11405,(手游普通关卡绿色携带道具掉落)(普通23-07)(普通关卡),{30101=100;30102=100;30103=100;30104=100;30105=100;30106=100},,,
2177,11406,(手游普通关卡绿色携带道具掉落)(普通23-08)(普通关卡),{30101=100;30102=100;30103=100;30104=100;30105=100;30106=100},,,
2178,11407,(手游普通关卡绿色携带道具掉落)(普通23-09)(普通关卡),{30101=100;30102=100;30103=100;30104=100;30105=100;30106=100},,,
2179,11408,(手游普通关卡绿色携带道具掉落)(普通23-10)(普通关卡),{30101=100;30102=100;30103=100;30104=100;30105=100;30106=100},,,
2180,11409,(手游普通关卡绿色携带道具掉落)(普通24-01)(普通关卡),{30101=100;30102=100;30103=100;30104=100;30105=100;30106=100},,,
2181,11410,(手游普通关卡绿色携带道具掉落)(普通24-02)(普通关卡),{30101=100;30102=100;30103=100;30104=100;30105=100;30106=100},,,
2182,11501,(手游普通关卡绿色携带道具掉落)(普通24-03)(普通关卡),{30101=100;30102=100;30103=100;30104=100;30105=100;30106=100},,,
2183,11502,(手游普通关卡绿色携带道具掉落)(普通24-04)(普通关卡),{30101=100;30102=100;30103=100;30104=100;30105=100;30106=100},,,
2184,11503,(手游普通关卡绿色携带道具掉落)(普通24-05)(普通关卡),{30101=100;30102=100;30103=100;30104=100;30105=100;30106=100},,,
2185,11504,(手游普通关卡绿色携带道具掉落)(普通24-06)(普通关卡),{30101=100;30102=100;30103=100;30104=100;30105=100;30106=100},,,
2186,11505,(手游普通关卡绿色携带道具掉落)(普通24-07)(普通关卡),{30101=100;30102=100;30103=100;30104=100;30105=100;30106=100},,,
2187,11506,(手游普通关卡绿色携带道具掉落)(普通24-08)(普通关卡),{30101=100;30102=100;30103=100;30104=100;30105=100;30106=100},,,
2188,11507,(手游普通关卡绿色携带道具掉落)(普通24-09)(普通关卡),{30101=100;30102=100;30103=100;30104=100;30105=100;30106=100},,,
2189,11508,(手游普通关卡绿色携带道具掉落)(普通24-10)(普通关卡),{30101=100;30102=100;30103=100;30104=100;30105=100;30106=100},,,
2190,11509,(手游普通关卡绿色携带道具掉落)(普通25-01)(普通关卡),{30101=100;30102=100;30103=100;30104=100;30105=100;30106=100},,,
2191,11510,(手游普通关卡绿色携带道具掉落)(普通25-02)(普通关卡),{30101=100;30102=100;30103=100;30104=100;30105=100;30106=100},,,
2192,11601,(手游普通关卡绿色携带道具掉落)(普通25-03)(普通关卡),{30101=100;30102=100;30103=100;30104=100;30105=100;30106=100},,,
2193,11602,(手游普通关卡绿色携带道具掉落)(普通25-04)(普通关卡),{30101=100;30102=100;30103=100;30104=100;30105=100;30106=100},,,
2194,11603,(手游普通关卡绿色携带道具掉落)(普通25-05)(普通关卡),{30101=100;30102=100;30103=100;30104=100;30105=100;30106=100},,,
2195,11604,(手游普通关卡绿色携带道具掉落)(普通25-06)(普通关卡),{30101=100;30102=100;30103=100;30104=100;30105=100;30106=100},,,
2196,11605,(手游普通关卡绿色携带道具掉落)(普通25-07)(普通关卡),{30101=100;30102=100;30103=100;30104=100;30105=100;30106=100},,,
2197,11606,(手游普通关卡绿色携带道具掉落)(普通25-08)(普通关卡),{30101=100;30102=100;30103=100;30104=100;30105=100;30106=100},,,
2198,11607,(手游普通关卡绿色携带道具掉落)(普通25-09)(普通关卡),{30101=100;30102=100;30103=100;30104=100;30105=100;30106=100},,,
2199,11608,(手游普通关卡绿色携带道具掉落)(普通25-10)(普通关卡),{30101=100;30102=100;30103=100;30104=100;30105=100;30106=100},,,
2200,11609,(手游精英关卡绿色携带道具掉落)(精英13-01)(精英关卡),{30101=100;30102=100;30103=100;30104=100;30105=100;30106=100},,,
2201,11610,(手游精英关卡绿色携带道具掉落)(精英13-02)(精英关卡),{30101=100;30102=100;30103=100;30104=100;30105=100;30106=100},,,
2202,11701,(手游精英关卡绿色携带道具掉落)(精英13-03)(精英关卡),{30101=100;30102=100;30103=100;30104=100;30105=100;30106=100},,,
2203,11702,(手游精英关卡绿色携带道具掉落)(精英13-04)(精英关卡),{30101=100;30102=100;30103=100;30104=100;30105=100;30106=100},,,
2204,11703,(手游精英关卡绿色携带道具掉落)(精英13-05)(精英关卡),{30101=100;30102=100;30103=100;30104=100;30105=100;30106=100},,,
2205,11704,(手游精英关卡绿色携带道具掉落)(精英14-01)(精英关卡),{30101=100;30102=100;30103=100;30104=100;30105=100;30106=100},,,
2206,11705,(手游精英关卡绿色携带道具掉落)(精英14-02)(精英关卡),{30101=100;30102=100;30103=100;30104=100;30105=100;30106=100},,,
2207,11706,(手游精英关卡绿色携带道具掉落)(精英14-03)(精英关卡),{30101=100;30102=100;30103=100;30104=100;30105=100;30106=100},,,
2208,11707,(手游精英关卡绿色携带道具掉落)(精英14-04)(精英关卡),{30101=100;30102=100;30103=100;30104=100;30105=100;30106=100},,,
2209,11708,(手游精英关卡绿色携带道具掉落)(精英14-05)(精英关卡),{30101=100;30102=100;30103=100;30104=100;30105=100;30106=100},,,
2210,11709,(手游精英关卡绿色携带道具掉落)(精英15-01)(精英关卡),{30101=100;30102=100;30103=100;30104=100;30105=100;30106=100},,,
2211,11710,(手游精英关卡绿色携带道具掉落)(精英15-02)(精英关卡),{30101=100;30102=100;30103=100;30104=100;30105=100;30106=100},,,
2212,11801,(手游精英关卡绿色携带道具掉落)(精英15-03)(精英关卡),{30101=100;30102=100;30103=100;30104=100;30105=100;30106=100},,,
2213,11802,(手游精英关卡绿色携带道具掉落)(精英15-04)(精英关卡),{30101=100;30102=100;30103=100;30104=100;30105=100;30106=100},,,
2214,11803,(手游精英关卡绿色携带道具掉落)(精英15-05)(精英关卡),{30101=100;30102=100;30103=100;30104=100;30105=100;30106=100},,,
2215,11804,(手游精英关卡绿色携带道具掉落)(精英16-01)(精英关卡),{30101=100;30102=100;30103=100;30104=100;30105=100;30106=100},,,
2216,11805,(手游精英关卡绿色携带道具掉落)(精英16-02)(精英关卡),{30101=100;30102=100;30103=100;30104=100;30105=100;30106=100},,,
2217,11806,(手游精英关卡绿色携带道具掉落)(精英16-03)(精英关卡),{30101=100;30102=100;30103=100;30104=100;30105=100;30106=100},,,
2218,11807,(手游精英关卡绿色携带道具掉落)(精英16-04)(精英关卡),{30101=100;30102=100;30103=100;30104=100;30105=100;30106=100},,,
2219,11808,(手游精英关卡绿色携带道具掉落)(精英16-05)(精英关卡),{30101=100;30102=100;30103=100;30104=100;30105=100;30106=100},,,
2220,11809,(手游精英关卡绿色携带道具掉落)(精英17-01)(精英关卡),{30101=100;30102=100;30103=100;30104=100;30105=100;30106=100},,,
2221,11810,(手游精英关卡绿色携带道具掉落)(精英17-02)(精英关卡),{30101=100;30102=100;30103=100;30104=100;30105=100;30106=100},,,
2222,11901,(手游精英关卡绿色携带道具掉落)(精英17-03)(精英关卡),{30101=100;30102=100;30103=100;30104=100;30105=100;30106=100},,,
2223,11902,(手游精英关卡绿色携带道具掉落)(精英17-04)(精英关卡),{30101=100;30102=100;30103=100;30104=100;30105=100;30106=100},,,
2224,11903,(手游精英关卡绿色携带道具掉落)(精英17-05)(精英关卡),{30101=100;30102=100;30103=100;30104=100;30105=100;30106=100},,,
2225,11904,(手游精英关卡绿色携带道具掉落)(精英18-01)(精英关卡),{30101=100;30102=100;30103=100;30104=100;30105=100;30106=100},,,
2226,11905,(手游精英关卡绿色携带道具掉落)(精英18-02)(精英关卡),{30101=100;30102=100;30103=100;30104=100;30105=100;30106=100},,,
2227,11906,(手游精英关卡绿色携带道具掉落)(精英18-03)(精英关卡),{30101=100;30102=100;30103=100;30104=100;30105=100;30106=100},,,
2228,11907,(手游精英关卡绿色携带道具掉落)(精英18-04)(精英关卡),{30101=100;30102=100;30103=100;30104=100;30105=100;30106=100},,,
2229,11908,(手游精英关卡绿色携带道具掉落)(精英18-05)(精英关卡),{30101=100;30102=100;30103=100;30104=100;30105=100;30106=100},,,
2230,11909,(手游精英关卡绿色携带道具掉落)(精英19-01)(精英关卡),{30101=100;30102=100;30103=100;30104=100;30105=100;30106=100},,,
2231,11910,(手游精英关卡绿色携带道具掉落)(精英19-02)(精英关卡),{30101=100;30102=100;30103=100;30104=100;30105=100;30106=100},,,
2232,12001,(手游精英关卡绿色携带道具掉落)(精英19-03)(精英关卡),{30101=100;30102=100;30103=100;30104=100;30105=100;30106=100},,,
2233,12002,(手游精英关卡绿色携带道具掉落)(精英19-04)(精英关卡),{30101=100;30102=100;30103=100;30104=100;30105=100;30106=100},,,
2234,12003,(手游精英关卡绿色携带道具掉落)(精英19-05)(精英关卡),{30101=100;30102=100;30103=100;30104=100;30105=100;30106=100},,,
2235,12004,(手游精英关卡绿色携带道具掉落)(精英20-01)(精英关卡),{30101=100;30102=100;30103=100;30104=100;30105=100;30106=100},,,
2236,12005,(手游精英关卡绿色携带道具掉落)(精英20-02)(精英关卡),{30101=100;30102=100;30103=100;30104=100;30105=100;30106=100},,,
2237,12006,(手游精英关卡绿色携带道具掉落)(精英20-03)(精英关卡),{30101=100;30102=100;30103=100;30104=100;30105=100;30106=100},,,
2238,12007,(手游精英关卡绿色携带道具掉落)(精英20-04)(精英关卡),{30101=100;30102=100;30103=100;30104=100;30105=100;30106=100},,,
2239,12008,(手游精英关卡绿色携带道具掉落)(精英20-05)(精英关卡),{30101=100;30102=100;30103=100;30104=100;30105=100;30106=100},,,
2240,12009,(手游精英关卡绿色携带道具掉落)(精英21-01)(精英关卡),{30101=100;30102=100;30103=100;30104=100;30105=100;30106=100},,,
2241,12010,(手游精英关卡绿色携带道具掉落)(精英21-02)(精英关卡),{30101=100;30102=100;30103=100;30104=100;30105=100;30106=100},,,
2242,12101,(手游精英关卡绿色携带道具掉落)(精英21-03)(精英关卡),{30101=100;30102=100;30103=100;30104=100;30105=100;30106=100},,,
2243,12102,(手游精英关卡绿色携带道具掉落)(精英21-04)(精英关卡),{30101=100;30102=100;30103=100;30104=100;30105=100;30106=100},,,
2244,12103,(手游精英关卡绿色携带道具掉落)(精英21-05)(精英关卡),{30101=100;30102=100;30103=100;30104=100;30105=100;30106=100},,,
2245,12104,(手游精英关卡绿色携带道具掉落)(精英22-01)(精英关卡),{30101=100;30102=100;30103=100;30104=100;30105=100;30106=100},,,
2246,12105,(手游精英关卡绿色携带道具掉落)(精英22-02)(精英关卡),{30101=100;30102=100;30103=100;30104=100;30105=100;30106=100},,,
2247,12106,(手游精英关卡绿色携带道具掉落)(精英22-03)(精英关卡),{30101=100;30102=100;30103=100;30104=100;30105=100;30106=100},,,
2248,12107,(手游精英关卡绿色携带道具掉落)(精英22-04)(精英关卡),{30101=100;30102=100;30103=100;30104=100;30105=100;30106=100},,,
2249,12108,(手游精英关卡绿色携带道具掉落)(精英22-05)(精英关卡),{30101=100;30102=100;30103=100;30104=100;30105=100;30106=100},,,
2250,12109,(手游精英关卡绿色携带道具掉落)(精英23-01)(精英关卡),{30101=100;30102=100;30103=100;30104=100;30105=100;30106=100},,,
2251,12110,(手游精英关卡绿色携带道具掉落)(精英23-02)(精英关卡),{30101=100;30102=100;30103=100;30104=100;30105=100;30106=100},,,
2252,12201,(手游精英关卡绿色携带道具掉落)(精英23-03)(精英关卡),{30101=100;30102=100;30103=100;30104=100;30105=100;30106=100},,,
2253,12202,(手游精英关卡绿色携带道具掉落)(精英23-04)(精英关卡),{30101=100;30102=100;30103=100;30104=100;30105=100;30106=100},,,
2254,12203,(手游精英关卡绿色携带道具掉落)(精英23-05)(精英关卡),{30101=100;30102=100;30103=100;30104=100;30105=100;30106=100},,,
2255,12204,(手游精英关卡绿色携带道具掉落)(精英24-01)(精英关卡),{30101=100;30102=100;30103=100;30104=100;30105=100;30106=100},,,
2256,12205,(手游精英关卡绿色携带道具掉落)(精英24-02)(精英关卡),{30101=100;30102=100;30103=100;30104=100;30105=100;30106=100},,,
2257,12206,(手游精英关卡绿色携带道具掉落)(精英24-03)(精英关卡),{30101=100;30102=100;30103=100;30104=100;30105=100;30106=100},,,
2258,12207,(手游精英关卡绿色携带道具掉落)(精英24-04)(精英关卡),{30101=100;30102=100;30103=100;30104=100;30105=100;30106=100},,,
2259,12208,(手游精英关卡绿色携带道具掉落)(精英24-05)(精英关卡),{30101=100;30102=100;30103=100;30104=100;30105=100;30106=100},,,
2260,12209,(手游精英关卡绿色携带道具掉落)(精英25-01)(精英关卡),{30101=100;30102=100;30103=100;30104=100;30105=100;30106=100},,,
2261,12210,(手游精英关卡绿色携带道具掉落)(精英25-02)(精英关卡),{30101=100;30102=100;30103=100;30104=100;30105=100;30106=100},,,
2262,12301,(手游精英关卡绿色携带道具掉落)(精英25-03)(精英关卡),{30101=100;30102=100;30103=100;30104=100;30105=100;30106=100},,,
2263,12302,(手游精英关卡绿色携带道具掉落)(精英25-04)(精英关卡),{30101=100;30102=100;30103=100;30104=100;30105=100;30106=100},,,
2264,12303,(手游精英关卡绿色携带道具掉落)(精英25-05)(精英关卡),{30101=100;30102=100;30103=100;30104=100;30105=100;30106=100},,,
2265,12304,,{30101=100;30102=100;30103=100;30104=100;30105=100;30106=100},,,
2266,12305,(手游普通关卡蓝色携带道具掉落)(普通1-01)(普通关卡),{30101=100;30102=100;30103=100;30104=100;30105=100;30106=100},,,
2267,12306,(手游普通关卡蓝色携带道具掉落)(普通1-02)(普通关卡),{30101=100;30102=100;30103=100;30104=100;30105=100;30106=100},,,
2268,12307,(手游普通关卡蓝色携带道具掉落)(普通1-03)(普通关卡),{30101=100;30102=100;30103=100;30104=100;30105=100;30106=100},,,
2269,12308,(手游普通关卡蓝色携带道具掉落)(普通1-04)(普通关卡),{30101=100;30102=100;30103=100;30104=100;30105=100;30106=100},,,
2270,12309,(手游普通关卡蓝色携带道具掉落)(普通1-05)(普通关卡),{30101=100;30102=100;30103=100;30104=100;30105=100;30106=100},,,
2271,12310,(手游普通关卡蓝色携带道具掉落)(普通2-01)(普通关卡),{30101=100;30102=100;30103=100;30104=100;30105=100;30106=100},,,
2272,12401,(手游普通关卡蓝色携带道具掉落)(普通2-02)(普通关卡),{30101=100;30102=100;30103=100;30104=100;30105=100;30106=100},,,
2273,12402,(手游普通关卡蓝色携带道具掉落)(普通2-03)(普通关卡),{30101=100;30102=100;30103=100;30104=100;30105=100;30106=100},,,
2274,12403,(手游普通关卡蓝色携带道具掉落)(普通2-04)(普通关卡),{30101=100;30102=100;30103=100;30104=100;30105=100;30106=100},,,
2275,12404,(手游普通关卡蓝色携带道具掉落)(普通2-05)(普通关卡),{30101=100;30102=100;30103=100;30104=100;30105=100;30106=100},,,
2276,12405,(手游普通关卡蓝色携带道具掉落)(普通2-06)(普通关卡),{30101=100;30102=100;30103=100;30104=100;30105=100;30106=100},,,
2277,12406,(手游普通关卡蓝色携带道具掉落)(普通3-01)(普通关卡),{30101=100;30102=100;30103=100;30104=100;30105=100;30106=100},,,
2278,12407,(手游普通关卡蓝色携带道具掉落)(普通3-02)(普通关卡),{30101=100;30102=100;30103=100;30104=100;30105=100;30106=100},,,
2279,12408,(手游普通关卡蓝色携带道具掉落)(普通3-03)(普通关卡),{30101=100;30102=100;30103=100;30104=100;30105=100;30106=100},,,
2280,12409,(手游普通关卡蓝色携带道具掉落)(普通3-04)(普通关卡),{30101=100;30102=100;30103=100;30104=100;30105=100;30106=100},,,
2281,12410,(手游普通关卡蓝色携带道具掉落)(普通3-05)(普通关卡),{30101=100;30102=100;30103=100;30104=100;30105=100;30106=100},,,
2282,12501,(手游普通关卡蓝色携带道具掉落)(普通3-06)(普通关卡),{30101=100;30102=100;30103=100;30104=100;30105=100;30106=100},,,
2283,12502,(手游普通关卡蓝色携带道具掉落)(普通3-07)(普通关卡),{30101=100;30102=100;30103=100;30104=100;30105=100;30106=100},,,
2284,12503,(手游普通关卡蓝色携带道具掉落)(普通3-08)(普通关卡),{30101=100;30102=100;30103=100;30104=100;30105=100;30106=100},,,
2285,12504,(手游普通关卡蓝色携带道具掉落)(普通4-01)(普通关卡),{30101=100;30102=100;30103=100;30104=100;30105=100;30106=100},,,
2286,12505,(手游普通关卡蓝色携带道具掉落)(普通4-02)(普通关卡),{30101=100;30102=100;30103=100;30104=100;30105=100;30106=100},,,
2287,12506,(手游普通关卡蓝色携带道具掉落)(普通4-03)(普通关卡),{30101=100;30102=100;30103=100;30104=100;30105=100;30106=100},,,
2288,12507,(手游普通关卡蓝色携带道具掉落)(普通4-04)(普通关卡),{30101=100;30102=100;30103=100;30104=100;30105=100;30106=100},,,
2289,12508,(手游普通关卡蓝色携带道具掉落)(普通4-05)(普通关卡),{30101=100;30102=100;30103=100;30104=100;30105=100;30106=100},,,
2290,12509,(手游普通关卡蓝色携带道具掉落)(普通4-06)(普通关卡),{30101=100;30102=100;30103=100;30104=100;30105=100;30106=100},,,
2291,12510,(手游普通关卡蓝色携带道具掉落)(普通4-07)(普通关卡),{30101=100;30102=100;30103=100;30104=100;30105=100;30106=100},,,
2292,21301,(手游普通关卡蓝色携带道具掉落)(普通4-08)(普通关卡),{30101=100;30102=100;30103=100;30104=100;30105=100;30106=100},,,
2293,21302,(手游普通关卡蓝色携带道具掉落)(普通5-01)(普通关卡),{30101=100;30102=100;30103=100;30104=100;30105=100;30106=100},,,
2294,21303,(手游普通关卡蓝色携带道具掉落)(普通5-02)(普通关卡),{30101=100;30102=100;30103=100;30104=100;30105=100;30106=100},,,
2295,21304,(手游普通关卡蓝色携带道具掉落)(普通5-03)(普通关卡),{30101=100;30102=100;30103=100;30104=100;30105=100;30106=100},,,
2296,21305,(手游普通关卡蓝色携带道具掉落)(普通5-04)(普通关卡),{30101=100;30102=100;30103=100;30104=100;30105=100;30106=100},,,
2297,21401,(手游普通关卡蓝色携带道具掉落)(普通5-05)(普通关卡),{30101=100;30102=100;30103=100;30104=100;30105=100;30106=100},,,
2298,21402,(手游普通关卡蓝色携带道具掉落)(普通5-06)(普通关卡),{30101=100;30102=100;30103=100;30104=100;30105=100;30106=100},,,
2299,21403,(手游普通关卡蓝色携带道具掉落)(普通5-07)(普通关卡),{30101=100;30102=100;30103=100;30104=100;30105=100;30106=100},,,
2300,21404,(手游普通关卡蓝色携带道具掉落)(普通5-08)(普通关卡),{30101=100;30102=100;30103=100;30104=100;30105=100;30106=100},,,
2301,21405,(手游普通关卡蓝色携带道具掉落)(普通5-09)(普通关卡),{30101=100;30102=100;30103=100;30104=100;30105=100;30106=100},,,
2302,21501,(手游普通关卡蓝色携带道具掉落)(普通5-10)(普通关卡),{30101=100;30102=100;30103=100;30104=100;30105=100;30106=100},,,
2303,21502,(手游普通关卡蓝色携带道具掉落)(普通6-01)(普通关卡),{30101=100;30102=100;30103=100;30104=100;30105=100;30106=100},,,
2304,21503,(手游普通关卡蓝色携带道具掉落)(普通6-02)(普通关卡),{30101=100;30102=100;30103=100;30104=100;30105=100;30106=100},,,
2305,21504,(手游普通关卡蓝色携带道具掉落)(普通6-03)(普通关卡),{30101=100;30102=100;30103=100;30104=100;30105=100;30106=100},,,
2306,21505,(手游普通关卡蓝色携带道具掉落)(普通6-04)(普通关卡),{30101=100;30102=100;30103=100;30104=100;30105=100;30106=100},,,
2307,21601,(手游普通关卡蓝色携带道具掉落)(普通6-05)(普通关卡),{30101=100;30102=100;30103=100;30104=100;30105=100;30106=100},,,
2308,21602,(手游普通关卡蓝色携带道具掉落)(普通6-06)(普通关卡),{30101=100;30102=100;30103=100;30104=100;30105=100;30106=100},,,
2309,21603,(手游普通关卡蓝色携带道具掉落)(普通6-07)(普通关卡),{30101=100;30102=100;30103=100;30104=100;30105=100;30106=100},,,
2310,21604,(手游普通关卡蓝色携带道具掉落)(普通6-08)(普通关卡),{30101=100;30102=100;30103=100;30104=100;30105=100;30106=100},,,
2311,21605,(手游普通关卡蓝色携带道具掉落)(普通6-09)(普通关卡),{30101=100;30102=100;30103=100;30104=100;30105=100;30106=100},,,
2312,21701,(手游普通关卡蓝色携带道具掉落)(普通6-10)(普通关卡),{30101=100;30102=100;30103=100;30104=100;30105=100;30106=100},,,
2313,21702,(手游普通关卡蓝色携带道具掉落)(普通7-01)(普通关卡),{30101=100;30102=100;30103=100;30104=100;30105=100;30106=100},,,
2314,21703,(手游普通关卡蓝色携带道具掉落)(普通7-02)(普通关卡),{30101=100;30102=100;30103=100;30104=100;30105=100;30106=100},,,
2315,21704,(手游普通关卡蓝色携带道具掉落)(普通7-03)(普通关卡),{30101=100;30102=100;30103=100;30104=100;30105=100;30106=100},,,
2316,21705,(手游普通关卡蓝色携带道具掉落)(普通7-04)(普通关卡),{30101=100;30102=100;30103=100;30104=100;30105=100;30106=100},,,
2317,21801,(手游普通关卡蓝色携带道具掉落)(普通7-05)(普通关卡),{30101=100;30102=100;30103=100;30104=100;30105=100;30106=100},,,
2318,21802,(手游普通关卡蓝色携带道具掉落)(普通7-06)(普通关卡),{30101=100;30102=100;30103=100;30104=100;30105=100;30106=100},,,
2319,21803,(手游普通关卡蓝色携带道具掉落)(普通7-07)(普通关卡),{30101=100;30102=100;30103=100;30104=100;30105=100;30106=100},,,
2320,21804,(手游普通关卡蓝色携带道具掉落)(普通7-08)(普通关卡),{30101=100;30102=100;30103=100;30104=100;30105=100;30106=100},,,
2321,21805,(手游普通关卡蓝色携带道具掉落)(普通7-09)(普通关卡),{30101=100;30102=100;30103=100;30104=100;30105=100;30106=100},,,
2322,21901,(手游普通关卡蓝色携带道具掉落)(普通7-10)(普通关卡),{30101=100;30102=100;30103=100;30104=100;30105=100;30106=100},,,
2323,21902,(手游普通关卡蓝色携带道具掉落)(普通8-01)(普通关卡),{30101=100;30102=100;30103=100;30104=100;30105=100;30106=100},,,
2324,21903,(手游普通关卡蓝色携带道具掉落)(普通8-02)(普通关卡),{30101=100;30102=100;30103=100;30104=100;30105=100;30106=100},,,
2325,21904,(手游普通关卡蓝色携带道具掉落)(普通8-03)(普通关卡),{30101=100;30102=100;30103=100;30104=100;30105=100;30106=100},,,
2326,21905,(手游普通关卡蓝色携带道具掉落)(普通8-04)(普通关卡),{30101=100;30102=100;30103=100;30104=100;30105=100;30106=100},,,
2327,22001,(手游普通关卡蓝色携带道具掉落)(普通8-05)(普通关卡),{30101=100;30102=100;30103=100;30104=100;30105=100;30106=100},,,
2328,22002,(手游普通关卡蓝色携带道具掉落)(普通8-06)(普通关卡),{30101=100;30102=100;30103=100;30104=100;30105=100;30106=100},,,
2329,22003,(手游普通关卡蓝色携带道具掉落)(普通8-07)(普通关卡),{30101=100;30102=100;30103=100;30104=100;30105=100;30106=100},,,
2330,22004,(手游普通关卡蓝色携带道具掉落)(普通8-08)(普通关卡),{30101=100;30102=100;30103=100;30104=100;30105=100;30106=100},,,
2331,22005,(手游普通关卡蓝色携带道具掉落)(普通8-09)(普通关卡),{30101=100;30102=100;30103=100;30104=100;30105=100;30106=100},,,
2332,22101,(手游普通关卡蓝色携带道具掉落)(普通8-10)(普通关卡),{30101=100;30102=100;30103=100;30104=100;30105=100;30106=100},,,
2333,22102,(手游普通关卡蓝色携带道具掉落)(普通9-01)(普通关卡),{30101=100;30102=100;30103=100;30104=100;30105=100;30106=100},,,
2334,22103,(手游普通关卡蓝色携带道具掉落)(普通9-02)(普通关卡),{30101=100;30102=100;30103=100;30104=100;30105=100;30106=100},,,
2335,22104,(手游普通关卡蓝色携带道具掉落)(普通9-03)(普通关卡),{30101=100;30102=100;30103=100;30104=100;30105=100;30106=100},,,
2336,22105,(手游普通关卡蓝色携带道具掉落)(普通9-04)(普通关卡),{30101=100;30102=100;30103=100;30104=100;30105=100;30106=100},,,
2337,22201,(手游普通关卡蓝色携带道具掉落)(普通9-05)(普通关卡),{30101=100;30102=100;30103=100;30104=100;30105=100;30106=100},,,
2338,22202,(手游普通关卡蓝色携带道具掉落)(普通9-06)(普通关卡),{30101=100;30102=100;30103=100;30104=100;30105=100;30106=100},,,
2339,22203,(手游普通关卡蓝色携带道具掉落)(普通9-07)(普通关卡),{30101=100;30102=100;30103=100;30104=100;30105=100;30106=100},,,
2340,22204,(手游普通关卡蓝色携带道具掉落)(普通9-08)(普通关卡),{30101=100;30102=100;30103=100;30104=100;30105=100;30106=100},,,
2341,22205,(手游普通关卡蓝色携带道具掉落)(普通9-09)(普通关卡),{30101=100;30102=100;30103=100;30104=100;30105=100;30106=100},,,
2342,22301,(手游普通关卡蓝色携带道具掉落)(普通9-10)(普通关卡),{30101=100;30102=100;30103=100;30104=100;30105=100;30106=100},,,
2343,22302,(手游普通关卡蓝色携带道具掉落)(普通10-01)(普通关卡),{30101=100;30102=100;30103=100;30104=100;30105=100;30106=100},,,
2344,22303,(手游普通关卡蓝色携带道具掉落)(普通10-02)(普通关卡),{30101=100;30102=100;30103=100;30104=100;30105=100;30106=100},,,
2345,22304,(手游普通关卡蓝色携带道具掉落)(普通10-03)(普通关卡),{30101=100;30102=100;30103=100;30104=100;30105=100;30106=100},,,
2346,22305,(手游普通关卡蓝色携带道具掉落)(普通10-04)(普通关卡),{30101=100;30102=100;30103=100;30104=100;30105=100;30106=100},,,
2347,22401,(手游普通关卡蓝色携带道具掉落)(普通10-05)(普通关卡),{30101=100;30102=100;30103=100;30104=100;30105=100;30106=100},,,
2348,22402,(手游普通关卡蓝色携带道具掉落)(普通10-06)(普通关卡),{30101=100;30102=100;30103=100;30104=100;30105=100;30106=100},,,
2349,22403,(手游普通关卡蓝色携带道具掉落)(普通10-07)(普通关卡),{30101=100;30102=100;30103=100;30104=100;30105=100;30106=100},,,
2350,22404,(手游普通关卡蓝色携带道具掉落)(普通10-08)(普通关卡),{30101=100;30102=100;30103=100;30104=100;30105=100;30106=100},,,
2351,22405,(手游普通关卡蓝色携带道具掉落)(普通10-09)(普通关卡),{30101=100;30102=100;30103=100;30104=100;30105=100;30106=100},,,
2352,22501,(手游普通关卡蓝色携带道具掉落)(普通10-10)(普通关卡),{30101=100;30102=100;30103=100;30104=100;30105=100;30106=100},,,
2353,22502,(手游普通关卡蓝色携带道具掉落)(普通11-01)(普通关卡),{30101=100;30102=100;30103=100;30104=100;30105=100;30106=100},,,
2354,22503,(手游普通关卡蓝色携带道具掉落)(普通11-02)(普通关卡),{30101=100;30102=100;30103=100;30104=100;30105=100;30106=100},,,
2355,22504,(手游普通关卡蓝色携带道具掉落)(普通11-03)(普通关卡),{30101=100;30102=100;30103=100;30104=100;30105=100;30106=100},,,
2356,22505,(手游普通关卡蓝色携带道具掉落)(普通11-04)(普通关卡),{30101=100;30102=100;30103=100;30104=100;30105=100;30106=100},,,
2357,12601,(手游普通关卡蓝色携带道具掉落)(普通11-05)(普通关卡),{30101=100;30102=100;30103=100;30104=100;30105=100;30106=100},,,
2358,12602,(手游普通关卡蓝色携带道具掉落)(普通11-06)(普通关卡),{30101=100;30102=100;30103=100;30104=100;30105=100;30106=100},,,
2359,12603,(手游普通关卡蓝色携带道具掉落)(普通11-07)(普通关卡),{30101=100;30102=100;30103=100;30104=100;30105=100;30106=100},,,
2360,12604,(手游普通关卡蓝色携带道具掉落)(普通11-08)(普通关卡),{30101=100;30102=100;30103=100;30104=100;30105=100;30106=100},,,
2361,12605,(手游普通关卡蓝色携带道具掉落)(普通11-09)(普通关卡),{30101=100;30102=100;30103=100;30104=100;30105=100;30106=100},,,
2362,12606,(手游普通关卡蓝色携带道具掉落)(普通11-10)(普通关卡),{30101=100;30102=100;30103=100;30104=100;30105=100;30106=100},,,
2363,12607,(手游普通关卡蓝色携带道具掉落)(普通12-01)(普通关卡),{30101=100;30102=100;30103=100;30104=100;30105=100;30106=100},,,
2364,12608,(手游普通关卡蓝色携带道具掉落)(普通12-02)(普通关卡),{30101=100;30102=100;30103=100;30104=100;30105=100;30106=100},,,
2365,12609,(手游普通关卡蓝色携带道具掉落)(普通12-03)(普通关卡),{30101=100;30102=100;30103=100;30104=100;30105=100;30106=100},,,
2366,12610,(手游普通关卡蓝色携带道具掉落)(普通12-04)(普通关卡),{30101=100;30102=100;30103=100;30104=100;30105=100;30106=100},,,
2367,22601,(手游普通关卡蓝色携带道具掉落)(普通12-05)(普通关卡),{30101=100;30102=100;30103=100;30104=100;30105=100;30106=100},,,
2368,22602,(手游普通关卡蓝色携带道具掉落)(普通12-06)(普通关卡),{30101=100;30102=100;30103=100;30104=100;30105=100;30106=100},,,
2369,22603,(手游普通关卡蓝色携带道具掉落)(普通12-07)(普通关卡),{30101=100;30102=100;30103=100;30104=100;30105=100;30106=100},,,
2370,22604,(手游普通关卡蓝色携带道具掉落)(普通12-08)(普通关卡),{30101=100;30102=100;30103=100;30104=100;30105=100;30106=100},,,
2371,22605,(手游普通关卡蓝色携带道具掉落)(普通12-09)(普通关卡),{30101=100;30102=100;30103=100;30104=100;30105=100;30106=100},,,
2372,12701,(手游普通关卡蓝色携带道具掉落)(普通12-10)(普通关卡),{30101=100;30102=100;30103=100;30104=100;30105=100;30106=100},,,
2373,12702,(手游精英关卡蓝色携带道具掉落)(精英1-01)(精英关卡),{30101=100;30102=100;30103=100;30104=100;30105=100;30106=100},,,
2374,12703,(手游精英关卡蓝色携带道具掉落)(精英1-02)(精英关卡),{30101=100;30102=100;30103=100;30104=100;30105=100;30106=100},,,
2375,12704,(手游精英关卡蓝色携带道具掉落)(精英1-03)(精英关卡),{30101=100;30102=100;30103=100;30104=100;30105=100;30106=100},,,
2376,12705,(手游精英关卡蓝色携带道具掉落)(精英2-01)(精英关卡),{30101=100;30102=100;30103=100;30104=100;30105=100;30106=100},,,
2377,12706,(手游精英关卡蓝色携带道具掉落)(精英2-02)(精英关卡),{30101=100;30102=100;30103=100;30104=100;30105=100;30106=100},,,
2378,12707,(手游精英关卡蓝色携带道具掉落)(精英2-03)(精英关卡),{30101=100;30102=100;30103=100;30104=100;30105=100;30106=100},,,
2379,12708,(手游精英关卡蓝色携带道具掉落)(精英3-01)(精英关卡),{30101=100;30102=100;30103=100;30104=100;30105=100;30106=100},,,
2380,12709,(手游精英关卡蓝色携带道具掉落)(精英3-02)(精英关卡),{30101=100;30102=100;30103=100;30104=100;30105=100;30106=100},,,
2381,12710,(手游精英关卡蓝色携带道具掉落)(精英3-03)(精英关卡),{30101=100;30102=100;30103=100;30104=100;30105=100;30106=100},,,
2382,22701,(手游精英关卡蓝色携带道具掉落)(精英3-04)(精英关卡),{30101=100;30102=100;30103=100;30104=100;30105=100;30106=100},,,
2383,22702,(手游精英关卡蓝色携带道具掉落)(精英4-01)(精英关卡),{30101=100;30102=100;30103=100;30104=100;30105=100;30106=100},,,
2384,22703,(手游精英关卡蓝色携带道具掉落)(精英4-02)(精英关卡),{30101=100;30102=100;30103=100;30104=100;30105=100;30106=100},,,
2385,22704,(手游精英关卡蓝色携带道具掉落)(精英4-03)(精英关卡),{30101=100;30102=100;30103=100;30104=100;30105=100;30106=100},,,
2386,22705,(手游精英关卡蓝色携带道具掉落)(精英4-04)(精英关卡),{30101=100;30102=100;30103=100;30104=100;30105=100;30106=100},,,
2387,12801,(手游精英关卡蓝色携带道具掉落)(精英5-01)(精英关卡),{30101=100;30102=100;30103=100;30104=100;30105=100;30106=100},,,
2388,12802,(手游精英关卡蓝色携带道具掉落)(精英5-02)(精英关卡),{30101=100;30102=100;30103=100;30104=100;30105=100;30106=100},,,
2389,12803,(手游精英关卡蓝色携带道具掉落)(精英5-03)(精英关卡),{30101=100;30102=100;30103=100;30104=100;30105=100;30106=100},,,
2390,12804,(手游精英关卡蓝色携带道具掉落)(精英5-04)(精英关卡),{30101=100;30102=100;30103=100;30104=100;30105=100;30106=100},,,
2391,12805,(手游精英关卡蓝色携带道具掉落)(精英5-05)(精英关卡),{30101=100;30102=100;30103=100;30104=100;30105=100;30106=100},,,
2392,12806,(手游精英关卡蓝色携带道具掉落)(精英6-01)(精英关卡),{30101=100;30102=100;30103=100;30104=100;30105=100;30106=100},,,
2393,12807,(手游精英关卡蓝色携带道具掉落)(精英6-02)(精英关卡),{30101=100;30102=100;30103=100;30104=100;30105=100;30106=100},,,
2394,12808,(手游精英关卡蓝色携带道具掉落)(精英6-03)(精英关卡),{30101=100;30102=100;30103=100;30104=100;30105=100;30106=100},,,
2395,12809,(手游精英关卡蓝色携带道具掉落)(精英6-04)(精英关卡),{30101=100;30102=100;30103=100;30104=100;30105=100;30106=100},,,
2396,12810,(手游精英关卡蓝色携带道具掉落)(精英6-05)(精英关卡),{30101=100;30102=100;30103=100;30104=100;30105=100;30106=100},,,
2397,22801,(手游精英关卡蓝色携带道具掉落)(精英7-01)(精英关卡),{30101=100;30102=100;30103=100;30104=100;30105=100;30106=100},,,
2398,22802,(手游精英关卡蓝色携带道具掉落)(精英7-02)(精英关卡),{30101=100;30102=100;30103=100;30104=100;30105=100;30106=100},,,
2399,22803,(手游精英关卡蓝色携带道具掉落)(精英7-03)(精英关卡),{30101=100;30102=100;30103=100;30104=100;30105=100;30106=100},,,
2400,22804,(手游精英关卡蓝色携带道具掉落)(精英7-04)(精英关卡),{30101=100;30102=100;30103=100;30104=100;30105=100;30106=100},,,
2401,22805,(手游精英关卡蓝色携带道具掉落)(精英7-05)(精英关卡),{30101=100;30102=100;30103=100;30104=100;30105=100;30106=100},,,
2402,12901,(手游精英关卡蓝色携带道具掉落)(精英8-01)(精英关卡),{30101=100;30102=100;30103=100;30104=100;30105=100;30106=100},,,
2403,12902,(手游精英关卡蓝色携带道具掉落)(精英8-02)(精英关卡),{30101=100;30102=100;30103=100;30104=100;30105=100;30106=100},,,
2404,12903,(手游精英关卡蓝色携带道具掉落)(精英8-03)(精英关卡),{30101=100;30102=100;30103=100;30104=100;30105=100;30106=100},,,
2405,12904,(手游精英关卡蓝色携带道具掉落)(精英8-04)(精英关卡),{30101=100;30102=100;30103=100;30104=100;30105=100;30106=100},,,
2406,12905,(手游精英关卡蓝色携带道具掉落)(精英8-05)(精英关卡),{30101=100;30102=100;30103=100;30104=100;30105=100;30106=100},,,
2407,12906,(手游精英关卡蓝色携带道具掉落)(精英9-01)(精英关卡),{30101=100;30102=100;30103=100;30104=100;30105=100;30106=100},,,
2408,12907,(手游精英关卡蓝色携带道具掉落)(精英9-02)(精英关卡),{30101=100;30102=100;30103=100;30104=100;30105=100;30106=100},,,
2409,12908,(手游精英关卡蓝色携带道具掉落)(精英9-03)(精英关卡),{30101=100;30102=100;30103=100;30104=100;30105=100;30106=100},,,
2410,12909,(手游精英关卡蓝色携带道具掉落)(精英9-04)(精英关卡),{30101=100;30102=100;30103=100;30104=100;30105=100;30106=100},,,
2411,12910,(手游精英关卡蓝色携带道具掉落)(精英9-05)(精英关卡),{30101=100;30102=100;30103=100;30104=100;30105=100;30106=100},,,
2412,22901,(手游精英关卡蓝色携带道具掉落)(精英10-01)(精英关卡),{30101=100;30102=100;30103=100;30104=100;30105=100;30106=100},,,
2413,22902,(手游精英关卡蓝色携带道具掉落)(精英10-02)(精英关卡),{30101=100;30102=100;30103=100;30104=100;30105=100;30106=100},,,
2414,22903,(手游精英关卡蓝色携带道具掉落)(精英10-03)(精英关卡),{30101=100;30102=100;30103=100;30104=100;30105=100;30106=100},,,
2415,22904,(手游精英关卡蓝色携带道具掉落)(精英10-04)(精英关卡),{30101=100;30102=100;30103=100;30104=100;30105=100;30106=100},,,
2416,22905,(手游精英关卡蓝色携带道具掉落)(精英10-05)(精英关卡),{30101=100;30102=100;30103=100;30104=100;30105=100;30106=100},,,
2501,10101,(手游精英关卡蓝色携带道具掉落)(精英11-01)(精英关卡),{31201=100;31202=100;30201=100;30202=100;30203=100;30204=100;30205=100;30206=100;30207=100;30208=100;30209=100},,,
2502,10102,(手游精英关卡蓝色携带道具掉落)(精英11-02)(精英关卡),{31201=100;31202=100;30201=100;30202=100;30203=100;30204=100;30205=100;30206=100;30207=100;30208=100;30209=100},,,
2503,10103,(手游精英关卡蓝色携带道具掉落)(精英11-03)(精英关卡),{31201=100;31202=100;30201=100;30202=100;30203=100;30204=100;30205=100;30206=100;30207=100;30208=100;30209=100},,,
2504,10104,(手游精英关卡蓝色携带道具掉落)(精英11-04)(精英关卡),{31201=100;31202=100;30201=100;30202=100;30203=100;30204=100;30205=100;30206=100;30207=100;30208=100;30209=100},,,
2505,10105,(手游精英关卡蓝色携带道具掉落)(精英11-05)(精英关卡),{31201=100;31202=100;30201=100;30202=100;30203=100;30204=100;30205=100;30206=100;30207=100;30208=100;30209=100},,,
2506,10201,(手游精英关卡蓝色携带道具掉落)(精英12-01)(精英关卡),{31201=100;31202=100;30201=100;30202=100;30203=100;30204=100;30205=100;30206=100;30207=100;30208=100;30209=100},,,
2507,10202,(手游精英关卡蓝色携带道具掉落)(精英12-02)(精英关卡),{31201=100;31202=100;30201=100;30202=100;30203=100;30204=100;30205=100;30206=100;30207=100;30208=100;30209=100},,,
2508,10203,(手游精英关卡蓝色携带道具掉落)(精英12-03)(精英关卡),{31201=100;31202=100;30201=100;30202=100;30203=100;30204=100;30205=100;30206=100;30207=100;30208=100;30209=100},,,
2509,10204,(手游精英关卡蓝色携带道具掉落)(精英12-04)(精英关卡),{31201=100;31202=100;30201=100;30202=100;30203=100;30204=100;30205=100;30206=100;30207=100;30208=100;30209=100},,,
2510,10205,(手游精英关卡蓝色携带道具掉落)(精英12-05)(精英关卡),{31201=100;31202=100;30201=100;30202=100;30203=100;30204=100;30205=100;30206=100;30207=100;30208=100;30209=100},,,
2511,10206,(手游普通关卡蓝色携带道具掉落)(普通13-01)(普通关卡),{31201=100;31202=100;30201=100;30202=100;30203=100;30204=100;30205=100;30206=100;30207=100;30208=100;30209=100},,,
2512,10301,(手游普通关卡蓝色携带道具掉落)(普通13-02)(普通关卡),{31201=100;31202=100;30201=100;30202=100;30203=100;30204=100;30205=100;30206=100;30207=100;30208=100;30209=100},,,
2513,10302,(手游普通关卡蓝色携带道具掉落)(普通13-03)(普通关卡),{31201=100;31202=100;30201=100;30202=100;30203=100;30204=100;30205=100;30206=100;30207=100;30208=100;30209=100},,,
2514,10303,(手游普通关卡蓝色携带道具掉落)(普通13-04)(普通关卡),{31201=100;31202=100;30201=100;30202=100;30203=100;30204=100;30205=100;30206=100;30207=100;30208=100;30209=100},,,
2515,10304,(手游普通关卡蓝色携带道具掉落)(普通13-05)(普通关卡),{31201=100;31202=100;30201=100;30202=100;30203=100;30204=100;30205=100;30206=100;30207=100;30208=100;30209=100},,,
2516,10305,(手游普通关卡蓝色携带道具掉落)(普通13-06)(普通关卡),{31201=100;31202=100;30201=100;30202=100;30203=100;30204=100;30205=100;30206=100;30207=100;30208=100;30209=100},,,
2517,10306,(手游普通关卡蓝色携带道具掉落)(普通13-07)(普通关卡),{31201=100;31202=100;30201=100;30202=100;30203=100;30204=100;30205=100;30206=100;30207=100;30208=100;30209=100},,,
2518,10307,(手游普通关卡蓝色携带道具掉落)(普通13-08)(普通关卡),{31201=100;31202=100;30201=100;30202=100;30203=100;30204=100;30205=100;30206=100;30207=100;30208=100;30209=100},,,
2519,10308,(手游普通关卡蓝色携带道具掉落)(普通13-09)(普通关卡),{31201=100;31202=100;30201=100;30202=100;30203=100;30204=100;30205=100;30206=100;30207=100;30208=100;30209=100},,,
2520,10401,(手游普通关卡蓝色携带道具掉落)(普通13-10)(普通关卡),{31201=100;31202=100;30201=100;30202=100;30203=100;30204=100;30205=100;30206=100;30207=100;30208=100;30209=100},,,
2521,10402,(手游普通关卡蓝色携带道具掉落)(普通14-01)(普通关卡),{31201=100;31202=100;30201=100;30202=100;30203=100;30204=100;30205=100;30206=100;30207=100;30208=100;30209=100},,,
2522,10403,(手游普通关卡蓝色携带道具掉落)(普通14-02)(普通关卡),{31201=100;31202=100;30201=100;30202=100;30203=100;30204=100;30205=100;30206=100;30207=100;30208=100;30209=100},,,
2523,10404,(手游普通关卡蓝色携带道具掉落)(普通14-03)(普通关卡),{31201=100;31202=100;30201=100;30202=100;30203=100;30204=100;30205=100;30206=100;30207=100;30208=100;30209=100},,,
2524,10405,(手游普通关卡蓝色携带道具掉落)(普通14-04)(普通关卡),{31201=100;31202=100;30201=100;30202=100;30203=100;30204=100;30205=100;30206=100;30207=100;30208=100;30209=100},,,
2525,10406,(手游普通关卡蓝色携带道具掉落)(普通14-05)(普通关卡),{31201=100;31202=100;30201=100;30202=100;30203=100;30204=100;30205=100;30206=100;30207=100;30208=100;30209=100},,,
2526,10407,(手游普通关卡蓝色携带道具掉落)(普通14-06)(普通关卡),{31201=100;31202=100;30201=100;30202=100;30203=100;30204=100;30205=100;30206=100;30207=100;30208=100;30209=100},,,
2527,10408,(手游普通关卡蓝色携带道具掉落)(普通14-07)(普通关卡),{31201=100;31202=100;30201=100;30202=100;30203=100;30204=100;30205=100;30206=100;30207=100;30208=100;30209=100},,,
2528,10501,(手游普通关卡蓝色携带道具掉落)(普通14-08)(普通关卡),{31201=100;31202=100;30201=100;30202=100;30203=100;30204=100;30205=100;30206=100;30207=100;30208=100;30209=100},,,
2529,10502,(手游普通关卡蓝色携带道具掉落)(普通14-09)(普通关卡),{31201=100;31202=100;30201=100;30202=100;30203=100;30204=100;30205=100;30206=100;30207=100;30208=100;30209=100},,,
2530,10503,(手游普通关卡蓝色携带道具掉落)(普通14-10)(普通关卡),{31201=100;31202=100;30201=100;30202=100;30203=100;30204=100;30205=100;30206=100;30207=100;30208=100;30209=100},,,
2531,10504,(手游普通关卡蓝色携带道具掉落)(普通15-01)(普通关卡),{31201=100;31202=100;30201=100;30202=100;30203=100;30204=100;30205=100;30206=100;30207=100;30208=100;30209=100},,,
2532,10505,(手游普通关卡蓝色携带道具掉落)(普通15-02)(普通关卡),{31201=100;31202=100;30201=100;30202=100;30203=100;30204=100;30205=100;30206=100;30207=100;30208=100;30209=100},,,
2533,10506,(手游普通关卡蓝色携带道具掉落)(普通15-03)(普通关卡),{31201=100;31202=100;30201=100;30202=100;30203=100;30204=100;30205=100;30206=100;30207=100;30208=100;30209=100},,,
2534,10507,(手游普通关卡蓝色携带道具掉落)(普通15-04)(普通关卡),{31201=100;31202=100;30201=100;30202=100;30203=100;30204=100;30205=100;30206=100;30207=100;30208=100;30209=100},,,
2535,10508,(手游普通关卡蓝色携带道具掉落)(普通15-05)(普通关卡),{31201=100;31202=100;30201=100;30202=100;30203=100;30204=100;30205=100;30206=100;30207=100;30208=100;30209=100},,,
2536,10509,(手游普通关卡蓝色携带道具掉落)(普通15-06)(普通关卡),{31201=100;31202=100;30201=100;30202=100;30203=100;30204=100;30205=100;30206=100;30207=100;30208=100;30209=100},,,
2537,10510,(手游普通关卡蓝色携带道具掉落)(普通15-07)(普通关卡),{31201=100;31202=100;30201=100;30202=100;30203=100;30204=100;30205=100;30206=100;30207=100;30208=100;30209=100},,,
2538,10601,(手游普通关卡蓝色携带道具掉落)(普通15-08)(普通关卡),{31201=100;31202=100;30201=100;30202=100;30203=100;30204=100;30205=100;30206=100;30207=100;30208=100;30209=100},,,
2539,10602,(手游普通关卡蓝色携带道具掉落)(普通15-09)(普通关卡),{31201=100;31202=100;30201=100;30202=100;30203=100;30204=100;30205=100;30206=100;30207=100;30208=100;30209=100},,,
2540,10603,(手游普通关卡蓝色携带道具掉落)(普通15-10)(普通关卡),{31201=100;31202=100;30201=100;30202=100;30203=100;30204=100;30205=100;30206=100;30207=100;30208=100;30209=100},,,
2541,10604,(手游普通关卡蓝色携带道具掉落)(普通16-01)(普通关卡),{31201=100;31202=100;30201=100;30202=100;30203=100;30204=100;30205=100;30206=100;30207=100;30208=100;30209=100},,,
2542,10605,(手游普通关卡蓝色携带道具掉落)(普通16-02)(普通关卡),{31201=100;31202=100;30201=100;30202=100;30203=100;30204=100;30205=100;30206=100;30207=100;30208=100;30209=100},,,
2543,10606,(手游普通关卡蓝色携带道具掉落)(普通16-03)(普通关卡),{31201=100;31202=100;30201=100;30202=100;30203=100;30204=100;30205=100;30206=100;30207=100;30208=100;30209=100},,,
2544,10607,(手游普通关卡蓝色携带道具掉落)(普通16-04)(普通关卡),{31201=100;31202=100;30201=100;30202=100;30203=100;30204=100;30205=100;30206=100;30207=100;30208=100;30209=100},,,
2545,10608,(手游普通关卡蓝色携带道具掉落)(普通16-05)(普通关卡),{31201=100;31202=100;30201=100;30202=100;30203=100;30204=100;30205=100;30206=100;30207=100;30208=100;30209=100},,,
2546,10609,(手游普通关卡蓝色携带道具掉落)(普通16-06)(普通关卡),{31201=100;31202=100;30201=100;30202=100;30203=100;30204=100;30205=100;30206=100;30207=100;30208=100;30209=100},,,
2547,10610,(手游普通关卡蓝色携带道具掉落)(普通16-07)(普通关卡),{31201=100;31202=100;30201=100;30202=100;30203=100;30204=100;30205=100;30206=100;30207=100;30208=100;30209=100},,,
2548,10701,(手游普通关卡蓝色携带道具掉落)(普通16-08)(普通关卡),{31201=100;31202=100;30201=100;30202=100;30203=100;30204=100;30205=100;30206=100;30207=100;30208=100;30209=100},,,
2549,10702,(手游普通关卡蓝色携带道具掉落)(普通16-09)(普通关卡),{31201=100;31202=100;30201=100;30202=100;30203=100;30204=100;30205=100;30206=100;30207=100;30208=100;30209=100},,,
2550,10703,(手游普通关卡蓝色携带道具掉落)(普通16-10)(普通关卡),{31201=100;31202=100;30201=100;30202=100;30203=100;30204=100;30205=100;30206=100;30207=100;30208=100;30209=100},,,
2551,10704,(手游普通关卡蓝色携带道具掉落)(普通17-01)(普通关卡),{31201=100;31202=100;30201=100;30202=100;30203=100;30204=100;30205=100;30206=100;30207=100;30208=100;30209=100},,,
2552,10705,(手游普通关卡蓝色携带道具掉落)(普通17-02)(普通关卡),{31201=100;31202=100;30201=100;30202=100;30203=100;30204=100;30205=100;30206=100;30207=100;30208=100;30209=100},,,
2553,10706,(手游普通关卡蓝色携带道具掉落)(普通17-03)(普通关卡),{31201=100;31202=100;30201=100;30202=100;30203=100;30204=100;30205=100;30206=100;30207=100;30208=100;30209=100},,,
2554,10707,(手游普通关卡蓝色携带道具掉落)(普通17-04)(普通关卡),{31201=100;31202=100;30201=100;30202=100;30203=100;30204=100;30205=100;30206=100;30207=100;30208=100;30209=100},,,
2555,10708,(手游普通关卡蓝色携带道具掉落)(普通17-05)(普通关卡),{31201=100;31202=100;30201=100;30202=100;30203=100;30204=100;30205=100;30206=100;30207=100;30208=100;30209=100},,,
2556,10709,(手游普通关卡蓝色携带道具掉落)(普通17-06)(普通关卡),{31201=100;31202=100;30201=100;30202=100;30203=100;30204=100;30205=100;30206=100;30207=100;30208=100;30209=100},,,
2557,10710,(手游普通关卡蓝色携带道具掉落)(普通17-07)(普通关卡),{31201=100;31202=100;30201=100;30202=100;30203=100;30204=100;30205=100;30206=100;30207=100;30208=100;30209=100},,,
2558,10801,(手游普通关卡蓝色携带道具掉落)(普通17-08)(普通关卡),{31201=100;31202=100;30201=100;30202=100;30203=100;30204=100;30205=100;30206=100;30207=100;30208=100;30209=100},,,
2559,10802,(手游普通关卡蓝色携带道具掉落)(普通17-09)(普通关卡),{31201=100;31202=100;30201=100;30202=100;30203=100;30204=100;30205=100;30206=100;30207=100;30208=100;30209=100},,,
2560,10803,(手游普通关卡蓝色携带道具掉落)(普通17-10)(普通关卡),{31201=100;31202=100;30201=100;30202=100;30203=100;30204=100;30205=100;30206=100;30207=100;30208=100;30209=100},,,
2561,10804,(手游普通关卡蓝色携带道具掉落)(普通18-01)(普通关卡),{31201=100;31202=100;30201=100;30202=100;30203=100;30204=100;30205=100;30206=100;30207=100;30208=100;30209=100},,,
2562,10805,(手游普通关卡蓝色携带道具掉落)(普通18-02)(普通关卡),{31201=100;31202=100;30201=100;30202=100;30203=100;30204=100;30205=100;30206=100;30207=100;30208=100;30209=100},,,
2563,10806,(手游普通关卡蓝色携带道具掉落)(普通18-03)(普通关卡),{31201=100;31202=100;30201=100;30202=100;30203=100;30204=100;30205=100;30206=100;30207=100;30208=100;30209=100},,,
2564,10807,(手游普通关卡蓝色携带道具掉落)(普通18-04)(普通关卡),{31201=100;31202=100;30201=100;30202=100;30203=100;30204=100;30205=100;30206=100;30207=100;30208=100;30209=100},,,
2565,10808,(手游普通关卡蓝色携带道具掉落)(普通18-05)(普通关卡),{31201=100;31202=100;30201=100;30202=100;30203=100;30204=100;30205=100;30206=100;30207=100;30208=100;30209=100},,,
2566,10809,(手游普通关卡蓝色携带道具掉落)(普通18-06)(普通关卡),{31201=100;31202=100;30201=100;30202=100;30203=100;30204=100;30205=100;30206=100;30207=100;30208=100;30209=100},,,
2567,10810,(手游普通关卡蓝色携带道具掉落)(普通18-07)(普通关卡),{31201=100;31202=100;30201=100;30202=100;30203=100;30204=100;30205=100;30206=100;30207=100;30208=100;30209=100},,,
2568,10901,(手游普通关卡蓝色携带道具掉落)(普通18-08)(普通关卡),{31201=100;31202=100;30201=100;30202=100;30203=100;30204=100;30205=100;30206=100;30207=100;30208=100;30209=100},,,
2569,10902,(手游普通关卡蓝色携带道具掉落)(普通18-09)(普通关卡),{31201=100;31202=100;30201=100;30202=100;30203=100;30204=100;30205=100;30206=100;30207=100;30208=100;30209=100},,,
2570,10903,(手游普通关卡蓝色携带道具掉落)(普通18-10)(普通关卡),{31201=100;31202=100;30201=100;30202=100;30203=100;30204=100;30205=100;30206=100;30207=100;30208=100;30209=100},,,
2571,10904,(手游普通关卡蓝色携带道具掉落)(普通19-01)(普通关卡),{31201=100;31202=100;30201=100;30202=100;30203=100;30204=100;30205=100;30206=100;30207=100;30208=100;30209=100},,,
2572,10905,(手游普通关卡蓝色携带道具掉落)(普通19-02)(普通关卡),{31201=100;31202=100;30201=100;30202=100;30203=100;30204=100;30205=100;30206=100;30207=100;30208=100;30209=100},,,
2573,10906,(手游普通关卡蓝色携带道具掉落)(普通19-03)(普通关卡),{31201=100;31202=100;30201=100;30202=100;30203=100;30204=100;30205=100;30206=100;30207=100;30208=100;30209=100},,,
2574,10907,(手游普通关卡蓝色携带道具掉落)(普通19-04)(普通关卡),{31201=100;31202=100;30201=100;30202=100;30203=100;30204=100;30205=100;30206=100;30207=100;30208=100;30209=100},,,
2575,10908,(手游普通关卡蓝色携带道具掉落)(普通19-05)(普通关卡),{31201=100;31202=100;30201=100;30202=100;30203=100;30204=100;30205=100;30206=100;30207=100;30208=100;30209=100},,,
2576,10909,(手游普通关卡蓝色携带道具掉落)(普通19-06)(普通关卡),{31201=100;31202=100;30201=100;30202=100;30203=100;30204=100;30205=100;30206=100;30207=100;30208=100;30209=100},,,
2577,10910,(手游普通关卡蓝色携带道具掉落)(普通19-07)(普通关卡),{31201=100;31202=100;30201=100;30202=100;30203=100;30204=100;30205=100;30206=100;30207=100;30208=100;30209=100},,,
2578,11001,(手游普通关卡蓝色携带道具掉落)(普通19-08)(普通关卡),{31201=100;31202=100;30201=100;30202=100;30203=100;30204=100;30205=100;30206=100;30207=100;30208=100;30209=100},,,
2579,11002,(手游普通关卡蓝色携带道具掉落)(普通19-09)(普通关卡),{31201=100;31202=100;30201=100;30202=100;30203=100;30204=100;30205=100;30206=100;30207=100;30208=100;30209=100},,,
2580,11003,(手游普通关卡蓝色携带道具掉落)(普通19-10)(普通关卡),{31201=100;31202=100;30201=100;30202=100;30203=100;30204=100;30205=100;30206=100;30207=100;30208=100;30209=100},,,
2581,11004,(手游普通关卡蓝色携带道具掉落)(普通20-01)(普通关卡),{31201=100;31202=100;30201=100;30202=100;30203=100;30204=100;30205=100;30206=100;30207=100;30208=100;30209=100},,,
2582,11005,(手游普通关卡蓝色携带道具掉落)(普通20-02)(普通关卡),{31201=100;31202=100;30201=100;30202=100;30203=100;30204=100;30205=100;30206=100;30207=100;30208=100;30209=100},,,
2583,11006,(手游普通关卡蓝色携带道具掉落)(普通20-03)(普通关卡),{31201=100;31202=100;30201=100;30202=100;30203=100;30204=100;30205=100;30206=100;30207=100;30208=100;30209=100},,,
2584,11007,(手游普通关卡蓝色携带道具掉落)(普通20-04)(普通关卡),{31201=100;31202=100;30201=100;30202=100;30203=100;30204=100;30205=100;30206=100;30207=100;30208=100;30209=100},,,
2585,11008,(手游普通关卡蓝色携带道具掉落)(普通20-05)(普通关卡),{31201=100;31202=100;30201=100;30202=100;30203=100;30204=100;30205=100;30206=100;30207=100;30208=100;30209=100},,,
2586,11009,(手游普通关卡蓝色携带道具掉落)(普通20-06)(普通关卡),{31201=100;31202=100;30201=100;30202=100;30203=100;30204=100;30205=100;30206=100;30207=100;30208=100;30209=100},,,
2587,11010,(手游普通关卡蓝色携带道具掉落)(普通20-07)(普通关卡),{31201=100;31202=100;30201=100;30202=100;30203=100;30204=100;30205=100;30206=100;30207=100;30208=100;30209=100},,,
2588,11101,(手游普通关卡蓝色携带道具掉落)(普通20-08)(普通关卡),{31201=100;31202=100;30201=100;30202=100;30203=100;30204=100;30205=100;30206=100;30207=100;30208=100;30209=100},,,
2589,11102,(手游普通关卡蓝色携带道具掉落)(普通20-09)(普通关卡),{31201=100;31202=100;30201=100;30202=100;30203=100;30204=100;30205=100;30206=100;30207=100;30208=100;30209=100},,,
2590,11103,(手游普通关卡蓝色携带道具掉落)(普通20-10)(普通关卡),{31201=100;31202=100;30201=100;30202=100;30203=100;30204=100;30205=100;30206=100;30207=100;30208=100;30209=100},,,
2591,11104,(手游普通关卡蓝色携带道具掉落)(普通21-01)(普通关卡),{31201=100;31202=100;30201=100;30202=100;30203=100;30204=100;30205=100;30206=100;30207=100;30208=100;30209=100},,,
2592,11105,(手游普通关卡蓝色携带道具掉落)(普通21-02)(普通关卡),{31201=100;31202=100;30201=100;30202=100;30203=100;30204=100;30205=100;30206=100;30207=100;30208=100;30209=100},,,
2593,11106,(手游普通关卡蓝色携带道具掉落)(普通21-03)(普通关卡),{31201=100;31202=100;30201=100;30202=100;30203=100;30204=100;30205=100;30206=100;30207=100;30208=100;30209=100},,,
2594,11107,(手游普通关卡蓝色携带道具掉落)(普通21-04)(普通关卡),{31201=100;31202=100;30201=100;30202=100;30203=100;30204=100;30205=100;30206=100;30207=100;30208=100;30209=100},,,
2595,11108,(手游普通关卡蓝色携带道具掉落)(普通21-05)(普通关卡),{31201=100;31202=100;30201=100;30202=100;30203=100;30204=100;30205=100;30206=100;30207=100;30208=100;30209=100},,,
2596,11109,(手游普通关卡蓝色携带道具掉落)(普通21-06)(普通关卡),{31201=100;31202=100;30201=100;30202=100;30203=100;30204=100;30205=100;30206=100;30207=100;30208=100;30209=100},,,
2597,11110,(手游普通关卡蓝色携带道具掉落)(普通21-07)(普通关卡),{31201=100;31202=100;30201=100;30202=100;30203=100;30204=100;30205=100;30206=100;30207=100;30208=100;30209=100},,,
2598,11201,(手游普通关卡蓝色携带道具掉落)(普通21-08)(普通关卡),{31201=100;31202=100;30201=100;30202=100;30203=100;30204=100;30205=100;30206=100;30207=100;30208=100;30209=100},,,
2599,11202,(手游普通关卡蓝色携带道具掉落)(普通21-09)(普通关卡),{31201=100;31202=100;30201=100;30202=100;30203=100;30204=100;30205=100;30206=100;30207=100;30208=100;30209=100},,,
2600,11203,(手游普通关卡蓝色携带道具掉落)(普通21-10)(普通关卡),{31201=100;31202=100;30201=100;30202=100;30203=100;30204=100;30205=100;30206=100;30207=100;30208=100;30209=100},,,
2601,11204,(手游普通关卡蓝色携带道具掉落)(普通22-01)(普通关卡),{31201=100;31202=100;30201=100;30202=100;30203=100;30204=100;30205=100;30206=100;30207=100;30208=100;30209=100},,,
2602,11205,(手游普通关卡蓝色携带道具掉落)(普通22-02)(普通关卡),{31201=100;31202=100;30201=100;30202=100;30203=100;30204=100;30205=100;30206=100;30207=100;30208=100;30209=100},,,
2603,11206,(手游普通关卡蓝色携带道具掉落)(普通22-03)(普通关卡),{31201=100;31202=100;30201=100;30202=100;30203=100;30204=100;30205=100;30206=100;30207=100;30208=100;30209=100},,,
2604,11207,(手游普通关卡蓝色携带道具掉落)(普通22-04)(普通关卡),{31201=100;31202=100;30201=100;30202=100;30203=100;30204=100;30205=100;30206=100;30207=100;30208=100;30209=100},,,
2605,11208,(手游普通关卡蓝色携带道具掉落)(普通22-05)(普通关卡),{31201=100;31202=100;30201=100;30202=100;30203=100;30204=100;30205=100;30206=100;30207=100;30208=100;30209=100},,,
2606,11209,(手游普通关卡蓝色携带道具掉落)(普通22-06)(普通关卡),{31201=100;31202=100;30201=100;30202=100;30203=100;30204=100;30205=100;30206=100;30207=100;30208=100;30209=100},,,
2607,11210,(手游普通关卡蓝色携带道具掉落)(普通22-07)(普通关卡),{31201=100;31202=100;30201=100;30202=100;30203=100;30204=100;30205=100;30206=100;30207=100;30208=100;30209=100},,,
2608,20101,(手游普通关卡蓝色携带道具掉落)(普通22-08)(普通关卡),{31201=100;31202=100;30201=100;30202=100;30203=100;30204=100;30205=100;30206=100;30207=100;30208=100;30209=100},,,
2609,20102,(手游普通关卡蓝色携带道具掉落)(普通22-09)(普通关卡),{31201=100;31202=100;30201=100;30202=100;30203=100;30204=100;30205=100;30206=100;30207=100;30208=100;30209=100},,,
2610,20103,(手游普通关卡蓝色携带道具掉落)(普通22-10)(普通关卡),{31201=100;31202=100;30201=100;30202=100;30203=100;30204=100;30205=100;30206=100;30207=100;30208=100;30209=100},,,
2611,20201,(手游普通关卡蓝色携带道具掉落)(普通23-01)(普通关卡),{31201=100;31202=100;30201=100;30202=100;30203=100;30204=100;30205=100;30206=100;30207=100;30208=100;30209=100},,,
2612,20202,(手游普通关卡蓝色携带道具掉落)(普通23-02)(普通关卡),{31201=100;31202=100;30201=100;30202=100;30203=100;30204=100;30205=100;30206=100;30207=100;30208=100;30209=100},,,
2613,20203,(手游普通关卡蓝色携带道具掉落)(普通23-03)(普通关卡),{31201=100;31202=100;30201=100;30202=100;30203=100;30204=100;30205=100;30206=100;30207=100;30208=100;30209=100},,,
2614,20301,(手游普通关卡蓝色携带道具掉落)(普通23-04)(普通关卡),{31201=100;31202=100;30201=100;30202=100;30203=100;30204=100;30205=100;30206=100;30207=100;30208=100;30209=100},,,
2615,20302,(手游普通关卡蓝色携带道具掉落)(普通23-05)(普通关卡),{31201=100;31202=100;30201=100;30202=100;30203=100;30204=100;30205=100;30206=100;30207=100;30208=100;30209=100},,,
2616,20303,(手游普通关卡蓝色携带道具掉落)(普通23-06)(普通关卡),{31201=100;31202=100;30201=100;30202=100;30203=100;30204=100;30205=100;30206=100;30207=100;30208=100;30209=100},,,
2617,20304,(手游普通关卡蓝色携带道具掉落)(普通23-07)(普通关卡),{31201=100;31202=100;30201=100;30202=100;30203=100;30204=100;30205=100;30206=100;30207=100;30208=100;30209=100},,,
2618,20401,(手游普通关卡蓝色携带道具掉落)(普通23-08)(普通关卡),{31201=100;31202=100;30201=100;30202=100;30203=100;30204=100;30205=100;30206=100;30207=100;30208=100;30209=100},,,
2619,20402,(手游普通关卡蓝色携带道具掉落)(普通23-09)(普通关卡),{31201=100;31202=100;30201=100;30202=100;30203=100;30204=100;30205=100;30206=100;30207=100;30208=100;30209=100},,,
2620,20403,(手游普通关卡蓝色携带道具掉落)(普通23-10)(普通关卡),{31201=100;31202=100;30201=100;30202=100;30203=100;30204=100;30205=100;30206=100;30207=100;30208=100;30209=100},,,
2621,20404,(手游普通关卡蓝色携带道具掉落)(普通24-01)(普通关卡),{31201=100;31202=100;30201=100;30202=100;30203=100;30204=100;30205=100;30206=100;30207=100;30208=100;30209=100},,,
2622,20501,(手游普通关卡蓝色携带道具掉落)(普通24-02)(普通关卡),{31201=100;31202=100;30201=100;30202=100;30203=100;30204=100;30205=100;30206=100;30207=100;30208=100;30209=100},,,
2623,20502,(手游普通关卡蓝色携带道具掉落)(普通24-03)(普通关卡),{31201=100;31202=100;30201=100;30202=100;30203=100;30204=100;30205=100;30206=100;30207=100;30208=100;30209=100},,,
2624,20503,(手游普通关卡蓝色携带道具掉落)(普通24-04)(普通关卡),{31201=100;31202=100;30201=100;30202=100;30203=100;30204=100;30205=100;30206=100;30207=100;30208=100;30209=100},,,
2625,20504,(手游普通关卡蓝色携带道具掉落)(普通24-05)(普通关卡),{31201=100;31202=100;30201=100;30202=100;30203=100;30204=100;30205=100;30206=100;30207=100;30208=100;30209=100},,,
2626,20505,(手游普通关卡蓝色携带道具掉落)(普通24-06)(普通关卡),{31201=100;31202=100;30201=100;30202=100;30203=100;30204=100;30205=100;30206=100;30207=100;30208=100;30209=100},,,
2627,20601,(手游普通关卡蓝色携带道具掉落)(普通24-07)(普通关卡),{31201=100;31202=100;30201=100;30202=100;30203=100;30204=100;30205=100;30206=100;30207=100;30208=100;30209=100},,,
2628,20602,(手游普通关卡蓝色携带道具掉落)(普通24-08)(普通关卡),{31201=100;31202=100;30201=100;30202=100;30203=100;30204=100;30205=100;30206=100;30207=100;30208=100;30209=100},,,
2629,20603,(手游普通关卡蓝色携带道具掉落)(普通24-09)(普通关卡),{31201=100;31202=100;30201=100;30202=100;30203=100;30204=100;30205=100;30206=100;30207=100;30208=100;30209=100},,,
2630,20604,(手游普通关卡蓝色携带道具掉落)(普通24-10)(普通关卡),{31201=100;31202=100;30201=100;30202=100;30203=100;30204=100;30205=100;30206=100;30207=100;30208=100;30209=100},,,
2631,20605,(手游普通关卡蓝色携带道具掉落)(普通25-01)(普通关卡),{31201=100;31202=100;30201=100;30202=100;30203=100;30204=100;30205=100;30206=100;30207=100;30208=100;30209=100},,,
2632,20701,(手游普通关卡蓝色携带道具掉落)(普通25-02)(普通关卡),{31201=100;31202=100;30201=100;30202=100;30203=100;30204=100;30205=100;30206=100;30207=100;30208=100;30209=100},,,
2633,20702,(手游普通关卡蓝色携带道具掉落)(普通25-03)(普通关卡),{31201=100;31202=100;30201=100;30202=100;30203=100;30204=100;30205=100;30206=100;30207=100;30208=100;30209=100},,,
2634,20703,(手游普通关卡蓝色携带道具掉落)(普通25-04)(普通关卡),{31201=100;31202=100;30201=100;30202=100;30203=100;30204=100;30205=100;30206=100;30207=100;30208=100;30209=100},,,
2635,20704,(手游普通关卡蓝色携带道具掉落)(普通25-05)(普通关卡),{31201=100;31202=100;30201=100;30202=100;30203=100;30204=100;30205=100;30206=100;30207=100;30208=100;30209=100},,,
2636,20705,(手游普通关卡蓝色携带道具掉落)(普通25-06)(普通关卡),{31201=100;31202=100;30201=100;30202=100;30203=100;30204=100;30205=100;30206=100;30207=100;30208=100;30209=100},,,
2637,20801,(手游普通关卡蓝色携带道具掉落)(普通25-07)(普通关卡),{31201=100;31202=100;30201=100;30202=100;30203=100;30204=100;30205=100;30206=100;30207=100;30208=100;30209=100},,,
2638,20802,(手游普通关卡蓝色携带道具掉落)(普通25-08)(普通关卡),{31201=100;31202=100;30201=100;30202=100;30203=100;30204=100;30205=100;30206=100;30207=100;30208=100;30209=100},,,
2639,20803,(手游普通关卡蓝色携带道具掉落)(普通25-09)(普通关卡),{31201=100;31202=100;30201=100;30202=100;30203=100;30204=100;30205=100;30206=100;30207=100;30208=100;30209=100},,,
2640,20804,(手游普通关卡蓝色携带道具掉落)(普通25-10)(普通关卡),{31201=100;31202=100;30201=100;30202=100;30203=100;30204=100;30205=100;30206=100;30207=100;30208=100;30209=100},,,
2641,20805,(手游精英关卡蓝色携带道具掉落)(精英13-01)(精英关卡),{31201=100;31202=100;30201=100;30202=100;30203=100;30204=100;30205=100;30206=100;30207=100;30208=100;30209=100},,,
2642,20901,(手游精英关卡蓝色携带道具掉落)(精英13-02)(精英关卡),{31201=100;31202=100;30201=100;30202=100;30203=100;30204=100;30205=100;30206=100;30207=100;30208=100;30209=100},,,
2643,20902,(手游精英关卡蓝色携带道具掉落)(精英13-03)(精英关卡),{31201=100;31202=100;30201=100;30202=100;30203=100;30204=100;30205=100;30206=100;30207=100;30208=100;30209=100},,,
2644,20903,(手游精英关卡蓝色携带道具掉落)(精英13-04)(精英关卡),{31201=100;31202=100;30201=100;30202=100;30203=100;30204=100;30205=100;30206=100;30207=100;30208=100;30209=100},,,
2645,20904,(手游精英关卡蓝色携带道具掉落)(精英13-05)(精英关卡),{31201=100;31202=100;30201=100;30202=100;30203=100;30204=100;30205=100;30206=100;30207=100;30208=100;30209=100},,,
2646,20905,(手游精英关卡蓝色携带道具掉落)(精英14-01)(精英关卡),{31201=100;31202=100;30201=100;30202=100;30203=100;30204=100;30205=100;30206=100;30207=100;30208=100;30209=100},,,
2647,21001,(手游精英关卡蓝色携带道具掉落)(精英14-02)(精英关卡),{31201=100;31202=100;30201=100;30202=100;30203=100;30204=100;30205=100;30206=100;30207=100;30208=100;30209=100},,,
2648,21002,(手游精英关卡蓝色携带道具掉落)(精英14-03)(精英关卡),{31201=100;31202=100;30201=100;30202=100;30203=100;30204=100;30205=100;30206=100;30207=100;30208=100;30209=100},,,
2649,21003,(手游精英关卡蓝色携带道具掉落)(精英14-04)(精英关卡),{31201=100;31202=100;30201=100;30202=100;30203=100;30204=100;30205=100;30206=100;30207=100;30208=100;30209=100},,,
2650,21004,(手游精英关卡蓝色携带道具掉落)(精英14-05)(精英关卡),{31201=100;31202=100;30201=100;30202=100;30203=100;30204=100;30205=100;30206=100;30207=100;30208=100;30209=100},,,
2651,21005,(手游精英关卡蓝色携带道具掉落)(精英15-01)(精英关卡),{31201=100;31202=100;30201=100;30202=100;30203=100;30204=100;30205=100;30206=100;30207=100;30208=100;30209=100},,,
2652,21101,(手游精英关卡蓝色携带道具掉落)(精英15-02)(精英关卡),{31201=100;31202=100;30201=100;30202=100;30203=100;30204=100;30205=100;30206=100;30207=100;30208=100;30209=100},,,
2653,21102,(手游精英关卡蓝色携带道具掉落)(精英15-03)(精英关卡),{31201=100;31202=100;30201=100;30202=100;30203=100;30204=100;30205=100;30206=100;30207=100;30208=100;30209=100},,,
2654,21103,(手游精英关卡蓝色携带道具掉落)(精英15-04)(精英关卡),{31201=100;31202=100;30201=100;30202=100;30203=100;30204=100;30205=100;30206=100;30207=100;30208=100;30209=100},,,
2655,21104,(手游精英关卡蓝色携带道具掉落)(精英15-05)(精英关卡),{31201=100;31202=100;30201=100;30202=100;30203=100;30204=100;30205=100;30206=100;30207=100;30208=100;30209=100},,,
2656,21105,(手游精英关卡蓝色携带道具掉落)(精英16-01)(精英关卡),{31201=100;31202=100;30201=100;30202=100;30203=100;30204=100;30205=100;30206=100;30207=100;30208=100;30209=100},,,
2657,21201,(手游精英关卡蓝色携带道具掉落)(精英16-02)(精英关卡),{31201=100;31202=100;30201=100;30202=100;30203=100;30204=100;30205=100;30206=100;30207=100;30208=100;30209=100},,,
2658,21202,(手游精英关卡蓝色携带道具掉落)(精英16-03)(精英关卡),{31201=100;31202=100;30201=100;30202=100;30203=100;30204=100;30205=100;30206=100;30207=100;30208=100;30209=100},,,
2659,21203,(手游精英关卡蓝色携带道具掉落)(精英16-04)(精英关卡),{31201=100;31202=100;30201=100;30202=100;30203=100;30204=100;30205=100;30206=100;30207=100;30208=100;30209=100},,,
2660,21204,(手游精英关卡蓝色携带道具掉落)(精英16-05)(精英关卡),{31201=100;31202=100;30201=100;30202=100;30203=100;30204=100;30205=100;30206=100;30207=100;30208=100;30209=100},,,
2661,21205,(手游精英关卡蓝色携带道具掉落)(精英17-01)(精英关卡),{31201=100;31202=100;30201=100;30202=100;30203=100;30204=100;30205=100;30206=100;30207=100;30208=100;30209=100},,,
2662,11301,(手游精英关卡蓝色携带道具掉落)(精英17-02)(精英关卡),{31201=100;31202=100;30201=100;30202=100;30203=100;30204=100;30205=100;30206=100;30207=100;30208=100;30209=100},,0.3,
2663,11302,(手游精英关卡蓝色携带道具掉落)(精英17-03)(精英关卡),{31201=100;31202=100;30201=100;30202=100;30203=100;30204=100;30205=100;30206=100;30207=100;30208=100;30209=100},,0.3,
2664,11303,(手游精英关卡蓝色携带道具掉落)(精英17-04)(精英关卡),{31201=100;31202=100;30201=100;30202=100;30203=100;30204=100;30205=100;30206=100;30207=100;30208=100;30209=100},,0.3,
2665,11304,(手游精英关卡蓝色携带道具掉落)(精英17-05)(精英关卡),{31201=100;31202=100;30201=100;30202=100;30203=100;30204=100;30205=100;30206=100;30207=100;30208=100;30209=100},,0.3,
2666,11305,(手游精英关卡蓝色携带道具掉落)(精英18-01)(精英关卡),{31201=100;31202=100;30201=100;30202=100;30203=100;30204=100;30205=100;30206=100;30207=100;30208=100;30209=100},,0.3,
2667,11306,(手游精英关卡蓝色携带道具掉落)(精英18-02)(精英关卡),{31201=100;31202=100;30201=100;30202=100;30203=100;30204=100;30205=100;30206=100;30207=100;30208=100;30209=100},,0.3,
2668,11307,(手游精英关卡蓝色携带道具掉落)(精英18-03)(精英关卡),{31201=100;31202=100;30201=100;30202=100;30203=100;30204=100;30205=100;30206=100;30207=100;30208=100;30209=100},,0.3,
2669,11308,(手游精英关卡蓝色携带道具掉落)(精英18-04)(精英关卡),{31201=100;31202=100;30201=100;30202=100;30203=100;30204=100;30205=100;30206=100;30207=100;30208=100;30209=100},,0.3,
2670,11309,(手游精英关卡蓝色携带道具掉落)(精英18-05)(精英关卡),{31201=100;31202=100;30201=100;30202=100;30203=100;30204=100;30205=100;30206=100;30207=100;30208=100;30209=100},,0.3,
2671,11310,(手游精英关卡蓝色携带道具掉落)(精英19-01)(精英关卡),{31201=100;31202=100;30201=100;30202=100;30203=100;30204=100;30205=100;30206=100;30207=100;30208=100;30209=100},,0.3,
2672,11401,(手游精英关卡蓝色携带道具掉落)(精英19-02)(精英关卡),{31201=100;31202=100;30201=100;30202=100;30203=100;30204=100;30205=100;30206=100;30207=100;30208=100;30209=100},,0.3,
2673,11402,(手游精英关卡蓝色携带道具掉落)(精英19-03)(精英关卡),{31201=100;31202=100;30201=100;30202=100;30203=100;30204=100;30205=100;30206=100;30207=100;30208=100;30209=100},,0.3,
2674,11403,(手游精英关卡蓝色携带道具掉落)(精英19-04)(精英关卡),{31201=100;31202=100;30201=100;30202=100;30203=100;30204=100;30205=100;30206=100;30207=100;30208=100;30209=100},,0.3,
2675,11404,(手游精英关卡蓝色携带道具掉落)(精英19-05)(精英关卡),{31201=100;31202=100;30201=100;30202=100;30203=100;30204=100;30205=100;30206=100;30207=100;30208=100;30209=100},,0.3,
2676,11405,(手游精英关卡蓝色携带道具掉落)(精英20-01)(精英关卡),{31201=100;31202=100;30201=100;30202=100;30203=100;30204=100;30205=100;30206=100;30207=100;30208=100;30209=100},,0.3,
2677,11406,(手游精英关卡蓝色携带道具掉落)(精英20-02)(精英关卡),{31201=100;31202=100;30201=100;30202=100;30203=100;30204=100;30205=100;30206=100;30207=100;30208=100;30209=100},,0.3,
2678,11407,(手游精英关卡蓝色携带道具掉落)(精英20-03)(精英关卡),{31201=100;31202=100;30201=100;30202=100;30203=100;30204=100;30205=100;30206=100;30207=100;30208=100;30209=100},,0.3,
2679,11408,(手游精英关卡蓝色携带道具掉落)(精英20-04)(精英关卡),{31201=100;31202=100;30201=100;30202=100;30203=100;30204=100;30205=100;30206=100;30207=100;30208=100;30209=100},,0.3,
2680,11409,(手游精英关卡蓝色携带道具掉落)(精英20-05)(精英关卡),{31201=100;31202=100;30201=100;30202=100;30203=100;30204=100;30205=100;30206=100;30207=100;30208=100;30209=100},,0.3,
2681,11410,(手游精英关卡蓝色携带道具掉落)(精英21-01)(精英关卡),{31201=100;31202=100;30201=100;30202=100;30203=100;30204=100;30205=100;30206=100;30207=100;30208=100;30209=100},,0.3,
2682,11501,(手游精英关卡蓝色携带道具掉落)(精英21-02)(精英关卡),{31201=100;31202=100;30201=100;30202=100;30203=100;30204=100;30205=100;30206=100;30207=100;30208=100;30209=100},,0.3,
2683,11502,(手游精英关卡蓝色携带道具掉落)(精英21-03)(精英关卡),{31201=100;31202=100;30201=100;30202=100;30203=100;30204=100;30205=100;30206=100;30207=100;30208=100;30209=100},,0.3,
2684,11503,(手游精英关卡蓝色携带道具掉落)(精英21-04)(精英关卡),{31201=100;31202=100;30201=100;30202=100;30203=100;30204=100;30205=100;30206=100;30207=100;30208=100;30209=100},,0.3,
2685,11504,(手游精英关卡蓝色携带道具掉落)(精英21-05)(精英关卡),{31201=100;31202=100;30201=100;30202=100;30203=100;30204=100;30205=100;30206=100;30207=100;30208=100;30209=100},,0.3,
2686,11505,(手游精英关卡蓝色携带道具掉落)(精英22-01)(精英关卡),{31201=100;31202=100;30201=100;30202=100;30203=100;30204=100;30205=100;30206=100;30207=100;30208=100;30209=100},,0.3,
2687,11506,(手游精英关卡蓝色携带道具掉落)(精英22-02)(精英关卡),{31201=100;31202=100;30201=100;30202=100;30203=100;30204=100;30205=100;30206=100;30207=100;30208=100;30209=100},,0.3,
2688,11507,(手游精英关卡蓝色携带道具掉落)(精英22-03)(精英关卡),{31201=100;31202=100;30201=100;30202=100;30203=100;30204=100;30205=100;30206=100;30207=100;30208=100;30209=100},,0.3,
2689,11508,(手游精英关卡蓝色携带道具掉落)(精英22-04)(精英关卡),{31201=100;31202=100;30201=100;30202=100;30203=100;30204=100;30205=100;30206=100;30207=100;30208=100;30209=100},,0.3,
2690,11509,(手游精英关卡蓝色携带道具掉落)(精英22-05)(精英关卡),{31201=100;31202=100;30201=100;30202=100;30203=100;30204=100;30205=100;30206=100;30207=100;30208=100;30209=100},,0.3,
2691,11510,(手游精英关卡蓝色携带道具掉落)(精英23-01)(精英关卡),{31201=100;31202=100;30201=100;30202=100;30203=100;30204=100;30205=100;30206=100;30207=100;30208=100;30209=100},,0.3,
2692,11601,(手游精英关卡蓝色携带道具掉落)(精英23-02)(精英关卡),{31201=100;31202=100;30201=100;30202=100;30203=100;30204=100;30205=100;30206=100;30207=100;30208=100;30209=100},,0.3,
2693,11602,(手游精英关卡蓝色携带道具掉落)(精英23-03)(精英关卡),{31201=100;31202=100;30201=100;30202=100;30203=100;30204=100;30205=100;30206=100;30207=100;30208=100;30209=100},,0.3,
2694,11603,(手游精英关卡蓝色携带道具掉落)(精英23-04)(精英关卡),{31201=100;31202=100;30201=100;30202=100;30203=100;30204=100;30205=100;30206=100;30207=100;30208=100;30209=100},,0.3,
2695,11604,(手游精英关卡蓝色携带道具掉落)(精英23-05)(精英关卡),{31201=100;31202=100;30201=100;30202=100;30203=100;30204=100;30205=100;30206=100;30207=100;30208=100;30209=100},,0.3,
2696,11605,(手游精英关卡蓝色携带道具掉落)(精英24-01)(精英关卡),{31201=100;31202=100;30201=100;30202=100;30203=100;30204=100;30205=100;30206=100;30207=100;30208=100;30209=100},,0.3,
2697,11606,(手游精英关卡蓝色携带道具掉落)(精英24-02)(精英关卡),{31201=100;31202=100;30201=100;30202=100;30203=100;30204=100;30205=100;30206=100;30207=100;30208=100;30209=100},,0.3,
2698,11607,(手游精英关卡蓝色携带道具掉落)(精英24-03)(精英关卡),{31201=100;31202=100;30201=100;30202=100;30203=100;30204=100;30205=100;30206=100;30207=100;30208=100;30209=100},,0.3,
2699,11608,(手游精英关卡蓝色携带道具掉落)(精英24-04)(精英关卡),{31201=100;31202=100;30201=100;30202=100;30203=100;30204=100;30205=100;30206=100;30207=100;30208=100;30209=100},,0.3,
2700,11609,(手游精英关卡蓝色携带道具掉落)(精英24-05)(精英关卡),{31201=100;31202=100;30201=100;30202=100;30203=100;30204=100;30205=100;30206=100;30207=100;30208=100;30209=100},,0.3,
2701,11610,(手游精英关卡蓝色携带道具掉落)(精英25-01)(精英关卡),{31201=100;31202=100;30201=100;30202=100;30203=100;30204=100;30205=100;30206=100;30207=100;30208=100;30209=100},,0.3,
2702,11701,(手游精英关卡蓝色携带道具掉落)(精英25-02)(精英关卡),{31201=100;31202=100;30201=100;30202=100;30203=100;30204=100;30205=100;30206=100;30207=100;30208=100;30209=100},,0.3,
2703,11702,(手游精英关卡蓝色携带道具掉落)(精英25-03)(精英关卡),{31201=100;31202=100;30201=100;30202=100;30203=100;30204=100;30205=100;30206=100;30207=100;30208=100;30209=100},,0.3,
2704,11703,(手游精英关卡蓝色携带道具掉落)(精英25-04)(精英关卡),{31201=100;31202=100;30201=100;30202=100;30203=100;30204=100;30205=100;30206=100;30207=100;30208=100;30209=100},,0.3,
2705,11704,(手游精英关卡蓝色携带道具掉落)(精英25-05)(精英关卡),{31201=100;31202=100;30201=100;30202=100;30203=100;30204=100;30205=100;30206=100;30207=100;30208=100;30209=100},,0.3,
2706,11705,,{31201=100;31202=100;30201=100;30202=100;30203=100;30204=100;30205=100;30206=100;30207=100;30208=100;30209=100},,0.3,
2707,11706,(礼物副本物免)（绿色礼物）(难度1),{31201=100;31202=100;30201=100;30202=100;30203=100;30204=100;30205=100;30206=100;30207=100;30208=100;30209=100},,0.3,
2708,11707,(礼物副本物免)（蓝色礼物）(难度1),{31201=100;31202=100;30201=100;30202=100;30203=100;30204=100;30205=100;30206=100;30207=100;30208=100;30209=100},,0.3,
2709,11708,(礼物副本物免)（紫色礼物）(难度1),{31201=100;31202=100;30201=100;30202=100;30203=100;30204=100;30205=100;30206=100;30207=100;30208=100;30209=100},,0.3,
2710,11709,(礼物副本物免)（绿色礼物）(难度2),{31201=100;31202=100;30201=100;30202=100;30203=100;30204=100;30205=100;30206=100;30207=100;30208=100;30209=100},,0.3,
2711,11710,(礼物副本物免)（蓝色礼物）(难度2),{31201=100;31202=100;30201=100;30202=100;30203=100;30204=100;30205=100;30206=100;30207=100;30208=100;30209=100},,0.3,
2712,11801,(礼物副本物免)（紫色礼物）(难度2),{31201=100;31202=100;30201=100;30202=100;30203=100;30204=100;30205=100;30206=100;30207=100;30208=100;30209=100},,0.3,
2713,11802,(礼物副本物免)（绿色礼物）(难度3),{31201=100;31202=100;30201=100;30202=100;30203=100;30204=100;30205=100;30206=100;30207=100;30208=100;30209=100},,0.3,
2714,11803,(礼物副本物免)（蓝色礼物）(难度3),{31201=100;31202=100;30201=100;30202=100;30203=100;30204=100;30205=100;30206=100;30207=100;30208=100;30209=100},,0.3,
2715,11804,(礼物副本物免)（紫色礼物）(难度3),{31201=100;31202=100;30201=100;30202=100;30203=100;30204=100;30205=100;30206=100;30207=100;30208=100;30209=100},,0.3,
2716,11805,(礼物副本物免)（绿色礼物）(难度4),{31201=100;31202=100;30201=100;30202=100;30203=100;30204=100;30205=100;30206=100;30207=100;30208=100;30209=100},,0.3,
2717,11806,(礼物副本物免)（蓝色礼物）(难度4),{31201=100;31202=100;30201=100;30202=100;30203=100;30204=100;30205=100;30206=100;30207=100;30208=100;30209=100},,0.3,
2718,11807,(礼物副本物免)（紫色礼物）(难度4),{31201=100;31202=100;30201=100;30202=100;30203=100;30204=100;30205=100;30206=100;30207=100;30208=100;30209=100},,0.3,
2719,11808,(礼物副本物免)（绿色礼物）(难度5),{31201=100;31202=100;30201=100;30202=100;30203=100;30204=100;30205=100;30206=100;30207=100;30208=100;30209=100},,0.3,
2720,11809,(礼物副本物免)（蓝色礼物）(难度5),{31201=100;31202=100;30201=100;30202=100;30203=100;30204=100;30205=100;30206=100;30207=100;30208=100;30209=100},,0.3,
2721,11810,(礼物副本物免)（紫色礼物）(难度5),{31201=100;31202=100;30201=100;30202=100;30203=100;30204=100;30205=100;30206=100;30207=100;30208=100;30209=100},,0.3,
2722,11901,(礼物副本物免)（绿色礼物）(难度6),{31201=100;31202=100;30201=100;30202=100;30203=100;30204=100;30205=100;30206=100;30207=100;30208=100;30209=100},,0.3,
2723,11902,(礼物副本物免)（蓝色礼物）(难度6),{31201=100;31202=100;30201=100;30202=100;30203=100;30204=100;30205=100;30206=100;30207=100;30208=100;30209=100},,0.3,
2724,11903,(礼物副本物免)（紫色礼物）(难度6),{31201=100;31202=100;30201=100;30202=100;30203=100;30204=100;30205=100;30206=100;30207=100;30208=100;30209=100},,0.3,
2725,11904,(礼物副本物免)（绿色礼物）(难度7),{31201=100;31202=100;30201=100;30202=100;30203=100;30204=100;30205=100;30206=100;30207=100;30208=100;30209=100},,0.3,
2726,11905,(礼物副本物免)（蓝色礼物）(难度7),{31201=100;31202=100;30201=100;30202=100;30203=100;30204=100;30205=100;30206=100;30207=100;30208=100;30209=100},,0.3,
2727,11906,(礼物副本物免)（紫色礼物）(难度7),{31201=100;31202=100;30201=100;30202=100;30203=100;30204=100;30205=100;30206=100;30207=100;30208=100;30209=100},,0.3,
2728,11907,,{31201=100;31202=100;30201=100;30202=100;30203=100;30204=100;30205=100;30206=100;30207=100;30208=100;30209=100},,0.3,
2729,11908,(礼物副本魔免)（绿色礼物）(难度1),{31201=100;31202=100;30201=100;30202=100;30203=100;30204=100;30205=100;30206=100;30207=100;30208=100;30209=100},,0.3,
2730,11909,(礼物副本魔免)（蓝色礼物）(难度1),{31201=100;31202=100;30201=100;30202=100;30203=100;30204=100;30205=100;30206=100;30207=100;30208=100;30209=100},,0.3,
2731,11910,(礼物副本魔免)（紫色礼物）(难度1),{31201=100;31202=100;30201=100;30202=100;30203=100;30204=100;30205=100;30206=100;30207=100;30208=100;30209=100},,0.3,
2732,12001,(礼物副本魔免)（绿色礼物）(难度2),{31201=100;31202=100;30201=100;30202=100;30203=100;30204=100;30205=100;30206=100;30207=100;30208=100;30209=100},,0.3,
2733,12002,(礼物副本魔免)（蓝色礼物）(难度2),{31201=100;31202=100;30201=100;30202=100;30203=100;30204=100;30205=100;30206=100;30207=100;30208=100;30209=100},,0.3,
2734,12003,(礼物副本魔免)（紫色礼物）(难度2),{31201=100;31202=100;30201=100;30202=100;30203=100;30204=100;30205=100;30206=100;30207=100;30208=100;30209=100},,0.3,
2735,12004,(礼物副本魔免)（绿色礼物）(难度3),{31201=100;31202=100;30201=100;30202=100;30203=100;30204=100;30205=100;30206=100;30207=100;30208=100;30209=100},,0.3,
2736,12005,(礼物副本魔免)（蓝色礼物）(难度3),{31201=100;31202=100;30201=100;30202=100;30203=100;30204=100;30205=100;30206=100;30207=100;30208=100;30209=100},,0.3,
2737,12006,(礼物副本魔免)（紫色礼物）(难度3),{31201=100;31202=100;30201=100;30202=100;30203=100;30204=100;30205=100;30206=100;30207=100;30208=100;30209=100},,0.3,
2738,12007,(礼物副本魔免)（绿色礼物）(难度4),{31201=100;31202=100;30201=100;30202=100;30203=100;30204=100;30205=100;30206=100;30207=100;30208=100;30209=100},,0.3,
2739,12008,(礼物副本魔免)（蓝色礼物）(难度4),{31201=100;31202=100;30201=100;30202=100;30203=100;30204=100;30205=100;30206=100;30207=100;30208=100;30209=100},,0.3,
2740,12009,(礼物副本魔免)（紫色礼物）(难度4),{31201=100;31202=100;30201=100;30202=100;30203=100;30204=100;30205=100;30206=100;30207=100;30208=100;30209=100},,0.3,
2741,12010,(礼物副本魔免)（绿色礼物）(难度5),{31201=100;31202=100;30201=100;30202=100;30203=100;30204=100;30205=100;30206=100;30207=100;30208=100;30209=100},,0.3,
2742,12101,(礼物副本魔免)（蓝色礼物）(难度5),{31201=100;31202=100;30201=100;30202=100;30203=100;30204=100;30205=100;30206=100;30207=100;30208=100;30209=100},,0.3,
2743,12102,(礼物副本魔免)（紫色礼物）(难度5),{31201=100;31202=100;30201=100;30202=100;30203=100;30204=100;30205=100;30206=100;30207=100;30208=100;30209=100},,0.3,
2744,12103,(礼物副本魔免)（绿色礼物）(难度6),{31201=100;31202=100;30201=100;30202=100;30203=100;30204=100;30205=100;30206=100;30207=100;30208=100;30209=100},,0.3,
2745,12104,(礼物副本魔免)（蓝色礼物）(难度6),{31201=100;31202=100;30201=100;30202=100;30203=100;30204=100;30205=100;30206=100;30207=100;30208=100;30209=100},,0.3,
2746,12105,(礼物副本魔免)（紫色礼物）(难度6),{31201=100;31202=100;30201=100;30202=100;30203=100;30204=100;30205=100;30206=100;30207=100;30208=100;30209=100},,0.3,
2747,12106,(礼物副本魔免)（绿色礼物）(难度7),{31201=100;31202=100;30201=100;30202=100;30203=100;30204=100;30205=100;30206=100;30207=100;30208=100;30209=100},,0.3,
2748,12107,(礼物副本魔免)（蓝色礼物）(难度7),{31201=100;31202=100;30201=100;30202=100;30203=100;30204=100;30205=100;30206=100;30207=100;30208=100;30209=100},,0.3,
2749,12108,(礼物副本魔免)（紫色礼物）(难度7),{31201=100;31202=100;30201=100;30202=100;30203=100;30204=100;30205=100;30206=100;30207=100;30208=100;30209=100},,0.3,
2750,12109,,{31201=100;31202=100;30201=100;30202=100;30203=100;30204=100;30205=100;30206=100;30207=100;30208=100;30209=100},,0.3,
2751,12110,(碎片副本1)（绿色礼物）(难度1),{31201=100;31202=100;30201=100;30202=100;30203=100;30204=100;30205=100;30206=100;30207=100;30208=100;30209=100},,0.3,
2752,12201,(碎片副本1)（蓝色礼物）(难度1),{31201=100;31202=100;30201=100;30202=100;30203=100;30204=100;30205=100;30206=100;30207=100;30208=100;30209=100},,0.3,
2753,12202,(碎片副本1)（紫色礼物）(难度1),{31201=100;31202=100;30201=100;30202=100;30203=100;30204=100;30205=100;30206=100;30207=100;30208=100;30209=100},,0.3,
2754,12203,(碎片副本1)（绿色礼物）(难度2),{31201=100;31202=100;30201=100;30202=100;30203=100;30204=100;30205=100;30206=100;30207=100;30208=100;30209=100},,0.3,
2755,12204,(碎片副本1)（蓝色礼物）(难度2),{31201=100;31202=100;30201=100;30202=100;30203=100;30204=100;30205=100;30206=100;30207=100;30208=100;30209=100},,0.3,
2756,12205,(碎片副本1)（紫色礼物）(难度2),{31201=100;31202=100;30201=100;30202=100;30203=100;30204=100;30205=100;30206=100;30207=100;30208=100;30209=100},,0.3,
2757,12206,(碎片副本1)（绿色礼物）(难度3),{31201=100;31202=100;30201=100;30202=100;30203=100;30204=100;30205=100;30206=100;30207=100;30208=100;30209=100},,0.3,
2758,12207,(碎片副本1)（蓝色礼物）(难度3),{31201=100;31202=100;30201=100;30202=100;30203=100;30204=100;30205=100;30206=100;30207=100;30208=100;30209=100},,0.3,
2759,12208,(碎片副本1)（紫色礼物）(难度3),{31201=100;31202=100;30201=100;30202=100;30203=100;30204=100;30205=100;30206=100;30207=100;30208=100;30209=100},,0.3,
2760,12209,(碎片副本1)（绿色礼物）(难度4),{31201=100;31202=100;30201=100;30202=100;30203=100;30204=100;30205=100;30206=100;30207=100;30208=100;30209=100},,0.3,
2761,12210,(碎片副本1)（蓝色礼物）(难度4),{31201=100;31202=100;30201=100;30202=100;30203=100;30204=100;30205=100;30206=100;30207=100;30208=100;30209=100},,0.3,
2762,12301,(碎片副本1)（紫色礼物）(难度4),{31201=100;31202=100;30201=100;30202=100;30203=100;30204=100;30205=100;30206=100;30207=100;30208=100;30209=100},,0.3,
2763,12302,(碎片副本1)（绿色礼物）(难度5),{31201=100;31202=100;30201=100;30202=100;30203=100;30204=100;30205=100;30206=100;30207=100;30208=100;30209=100},,0.3,
2764,12303,(碎片副本1)（蓝色礼物）(难度5),{31201=100;31202=100;30201=100;30202=100;30203=100;30204=100;30205=100;30206=100;30207=100;30208=100;30209=100},,0.3,
2765,12304,(碎片副本1)（紫色礼物）(难度5),{31201=100;31202=100;30201=100;30202=100;30203=100;30204=100;30205=100;30206=100;30207=100;30208=100;30209=100},,0.3,
2766,12305,(碎片副本1)（绿色礼物）(难度6),{31201=100;31202=100;30201=100;30202=100;30203=100;30204=100;30205=100;30206=100;30207=100;30208=100;30209=100},,0.3,
2767,12306,(碎片副本1)（蓝色礼物）(难度6),{31201=100;31202=100;30201=100;30202=100;30203=100;30204=100;30205=100;30206=100;30207=100;30208=100;30209=100},,0.3,
2768,12307,(碎片副本1)（紫色礼物）(难度6),{31201=100;31202=100;30201=100;30202=100;30203=100;30204=100;30205=100;30206=100;30207=100;30208=100;30209=100},,0.3,
2769,12308,(碎片副本1)（绿色礼物）(难度7),{31201=100;31202=100;30201=100;30202=100;30203=100;30204=100;30205=100;30206=100;30207=100;30208=100;30209=100},,0.3,
2770,12309,(碎片副本1)（蓝色礼物）(难度7),{31201=100;31202=100;30201=100;30202=100;30203=100;30204=100;30205=100;30206=100;30207=100;30208=100;30209=100},,0.3,
2771,12310,(碎片副本1)（紫色礼物）(难度7),{31201=100;31202=100;30201=100;30202=100;30203=100;30204=100;30205=100;30206=100;30207=100;30208=100;30209=100},,0.3,
2772,12401,,{31201=100;31202=100;30201=100;30202=100;30203=100;30204=100;30205=100;30206=100;30207=100;30208=100;30209=100},,0.3,
2773,12402,(碎片副本2)（绿色礼物）(难度1),{31201=100;31202=100;30201=100;30202=100;30203=100;30204=100;30205=100;30206=100;30207=100;30208=100;30209=100},,0.3,
2774,12403,(碎片副本2)（蓝色礼物）(难度1),{31201=100;31202=100;30201=100;30202=100;30203=100;30204=100;30205=100;30206=100;30207=100;30208=100;30209=100},,0.3,
2775,12404,(碎片副本2)（紫色礼物）(难度1),{31201=100;31202=100;30201=100;30202=100;30203=100;30204=100;30205=100;30206=100;30207=100;30208=100;30209=100},,0.3,
2776,12405,(碎片副本2)（绿色礼物）(难度2),{31201=100;31202=100;30201=100;30202=100;30203=100;30204=100;30205=100;30206=100;30207=100;30208=100;30209=100},,0.3,
2777,12406,(碎片副本2)（蓝色礼物）(难度2),{31201=100;31202=100;30201=100;30202=100;30203=100;30204=100;30205=100;30206=100;30207=100;30208=100;30209=100},,0.3,
2778,12407,(碎片副本2)（紫色礼物）(难度2),{31201=100;31202=100;30201=100;30202=100;30203=100;30204=100;30205=100;30206=100;30207=100;30208=100;30209=100},,0.3,
2779,12408,(碎片副本2)（绿色礼物）(难度3),{31201=100;31202=100;30201=100;30202=100;30203=100;30204=100;30205=100;30206=100;30207=100;30208=100;30209=100},,0.3,
2780,12409,(碎片副本2)（蓝色礼物）(难度3),{31201=100;31202=100;30201=100;30202=100;30203=100;30204=100;30205=100;30206=100;30207=100;30208=100;30209=100},,0.3,
2781,12410,(碎片副本2)（紫色礼物）(难度3),{31201=100;31202=100;30201=100;30202=100;30203=100;30204=100;30205=100;30206=100;30207=100;30208=100;30209=100},,0.3,
2782,12501,(碎片副本2)（绿色礼物）(难度4),{31201=100;31202=100;30201=100;30202=100;30203=100;30204=100;30205=100;30206=100;30207=100;30208=100;30209=100},,0.3,
2783,12502,(碎片副本2)（蓝色礼物）(难度4),{31201=100;31202=100;30201=100;30202=100;30203=100;30204=100;30205=100;30206=100;30207=100;30208=100;30209=100},,0.3,
2784,12503,(碎片副本2)（紫色礼物）(难度4),{31201=100;31202=100;30201=100;30202=100;30203=100;30204=100;30205=100;30206=100;30207=100;30208=100;30209=100},,0.3,
2785,12504,(碎片副本2)（绿色礼物）(难度5),{31201=100;31202=100;30201=100;30202=100;30203=100;30204=100;30205=100;30206=100;30207=100;30208=100;30209=100},,0.3,
2786,12505,(碎片副本2)（蓝色礼物）(难度5),{31201=100;31202=100;30201=100;30202=100;30203=100;30204=100;30205=100;30206=100;30207=100;30208=100;30209=100},,0.3,
2787,12506,(碎片副本2)（紫色礼物）(难度5),{31201=100;31202=100;30201=100;30202=100;30203=100;30204=100;30205=100;30206=100;30207=100;30208=100;30209=100},,0.3,
2788,12507,(碎片副本2)（绿色礼物）(难度6),{31201=100;31202=100;30201=100;30202=100;30203=100;30204=100;30205=100;30206=100;30207=100;30208=100;30209=100},,0.3,
2789,12508,(碎片副本2)（蓝色礼物）(难度6),{31201=100;31202=100;30201=100;30202=100;30203=100;30204=100;30205=100;30206=100;30207=100;30208=100;30209=100},,0.3,
2790,12509,(碎片副本2)（紫色礼物）(难度6),{31201=100;31202=100;30201=100;30202=100;30203=100;30204=100;30205=100;30206=100;30207=100;30208=100;30209=100},,0.3,
2791,12510,(碎片副本2)（绿色礼物）(难度7),{31201=100;31202=100;30201=100;30202=100;30203=100;30204=100;30205=100;30206=100;30207=100;30208=100;30209=100},,0.3,
2792,21301,(碎片副本2)（蓝色礼物）(难度7),{31201=100;31202=100;30201=100;30202=100;30203=100;30204=100;30205=100;30206=100;30207=100;30208=100;30209=100},,0.3,
2793,21302,(碎片副本2)（紫色礼物）(难度7),{31201=100;31202=100;30201=100;30202=100;30203=100;30204=100;30205=100;30206=100;30207=100;30208=100;30209=100},,0.3,
2794,21303,,{31201=100;31202=100;30201=100;30202=100;30203=100;30204=100;30205=100;30206=100;30207=100;30208=100;30209=100},,0.3,
2795,21304,(碎片副本3)（绿色礼物）(难度1),{31201=100;31202=100;30201=100;30202=100;30203=100;30204=100;30205=100;30206=100;30207=100;30208=100;30209=100},,0.3,
2796,21305,(碎片副本3)（蓝色礼物）(难度1),{31201=100;31202=100;30201=100;30202=100;30203=100;30204=100;30205=100;30206=100;30207=100;30208=100;30209=100},,0.3,
2797,21401,(碎片副本3)（紫色礼物）(难度1),{31201=100;31202=100;30201=100;30202=100;30203=100;30204=100;30205=100;30206=100;30207=100;30208=100;30209=100},,0.3,
2798,21402,(碎片副本3)（绿色礼物）(难度2),{31201=100;31202=100;30201=100;30202=100;30203=100;30204=100;30205=100;30206=100;30207=100;30208=100;30209=100},,0.3,
2799,21403,(碎片副本3)（蓝色礼物）(难度2),{31201=100;31202=100;30201=100;30202=100;30203=100;30204=100;30205=100;30206=100;30207=100;30208=100;30209=100},,0.3,
2800,21404,(碎片副本3)（紫色礼物）(难度2),{31201=100;31202=100;30201=100;30202=100;30203=100;30204=100;30205=100;30206=100;30207=100;30208=100;30209=100},,0.3,
2801,21405,(碎片副本3)（绿色礼物）(难度3),{31201=100;31202=100;30201=100;30202=100;30203=100;30204=100;30205=100;30206=100;30207=100;30208=100;30209=100},,0.3,
2802,21501,(碎片副本3)（蓝色礼物）(难度3),{31201=100;31202=100;30201=100;30202=100;30203=100;30204=100;30205=100;30206=100;30207=100;30208=100;30209=100},,0.3,
2803,21502,(碎片副本3)（紫色礼物）(难度3),{31201=100;31202=100;30201=100;30202=100;30203=100;30204=100;30205=100;30206=100;30207=100;30208=100;30209=100},,0.3,
2804,21503,(碎片副本3)（绿色礼物）(难度4),{31201=100;31202=100;30201=100;30202=100;30203=100;30204=100;30205=100;30206=100;30207=100;30208=100;30209=100},,0.3,
2805,21504,(碎片副本3)（蓝色礼物）(难度4),{31201=100;31202=100;30201=100;30202=100;30203=100;30204=100;30205=100;30206=100;30207=100;30208=100;30209=100},,0.3,
2806,21505,(碎片副本3)（紫色礼物）(难度4),{31201=100;31202=100;30201=100;30202=100;30203=100;30204=100;30205=100;30206=100;30207=100;30208=100;30209=100},,0.3,
2807,21601,(碎片副本3)（绿色礼物）(难度5),{31201=100;31202=100;30201=100;30202=100;30203=100;30204=100;30205=100;30206=100;30207=100;30208=100;30209=100},,0.3,
2808,21602,(碎片副本3)（蓝色礼物）(难度5),{31201=100;31202=100;30201=100;30202=100;30203=100;30204=100;30205=100;30206=100;30207=100;30208=100;30209=100},,0.3,
2809,21603,(碎片副本3)（紫色礼物）(难度5),{31201=100;31202=100;30201=100;30202=100;30203=100;30204=100;30205=100;30206=100;30207=100;30208=100;30209=100},,0.3,
2810,21604,(碎片副本3)（绿色礼物）(难度6),{31201=100;31202=100;30201=100;30202=100;30203=100;30204=100;30205=100;30206=100;30207=100;30208=100;30209=100},,0.3,
2811,21605,(碎片副本3)（蓝色礼物）(难度6),{31201=100;31202=100;30201=100;30202=100;30203=100;30204=100;30205=100;30206=100;30207=100;30208=100;30209=100},,0.3,
2812,21701,(碎片副本3)（紫色礼物）(难度6),{31201=100;31202=100;30201=100;30202=100;30203=100;30204=100;30205=100;30206=100;30207=100;30208=100;30209=100},,0.3,
2813,21702,(碎片副本3)（绿色礼物）(难度7),{31201=100;31202=100;30201=100;30202=100;30203=100;30204=100;30205=100;30206=100;30207=100;30208=100;30209=100},,0.3,
2814,21703,(碎片副本3)（蓝色礼物）(难度7),{31201=100;31202=100;30201=100;30202=100;30203=100;30204=100;30205=100;30206=100;30207=100;30208=100;30209=100},,0.3,
2815,21704,(碎片副本3)（紫色礼物）(难度7),{31201=100;31202=100;30201=100;30202=100;30203=100;30204=100;30205=100;30206=100;30207=100;30208=100;30209=100},,0.3,
2816,21705,,{31201=100;31202=100;30201=100;30202=100;30203=100;30204=100;30205=100;30206=100;30207=100;30208=100;30209=100},,0.3,
2817,21801,(碎片副本4)（绿色礼物）(难度1),{31201=100;31202=100;30201=100;30202=100;30203=100;30204=100;30205=100;30206=100;30207=100;30208=100;30209=100},,0.3,
2818,21802,(碎片副本4)（蓝色礼物）(难度1),{31201=100;31202=100;30201=100;30202=100;30203=100;30204=100;30205=100;30206=100;30207=100;30208=100;30209=100},,0.3,
2819,21803,(碎片副本4)（紫色礼物）(难度1),{31201=100;31202=100;30201=100;30202=100;30203=100;30204=100;30205=100;30206=100;30207=100;30208=100;30209=100},,0.3,
2820,21804,(碎片副本4)（绿色礼物）(难度2),{31201=100;31202=100;30201=100;30202=100;30203=100;30204=100;30205=100;30206=100;30207=100;30208=100;30209=100},,0.3,
2821,21805,(碎片副本4)（蓝色礼物）(难度2),{31201=100;31202=100;30201=100;30202=100;30203=100;30204=100;30205=100;30206=100;30207=100;30208=100;30209=100},,0.3,
2822,21901,(碎片副本4)（紫色礼物）(难度2),{31201=100;31202=100;30201=100;30202=100;30203=100;30204=100;30205=100;30206=100;30207=100;30208=100;30209=100},,0.3,
2823,21902,(碎片副本4)（绿色礼物）(难度3),{31201=100;31202=100;30201=100;30202=100;30203=100;30204=100;30205=100;30206=100;30207=100;30208=100;30209=100},,0.3,
2824,21903,(碎片副本4)（蓝色礼物）(难度3),{31201=100;31202=100;30201=100;30202=100;30203=100;30204=100;30205=100;30206=100;30207=100;30208=100;30209=100},,0.3,
2825,21904,(碎片副本4)（紫色礼物）(难度3),{31201=100;31202=100;30201=100;30202=100;30203=100;30204=100;30205=100;30206=100;30207=100;30208=100;30209=100},,0.3,
2826,21905,(碎片副本4)（绿色礼物）(难度4),{31201=100;31202=100;30201=100;30202=100;30203=100;30204=100;30205=100;30206=100;30207=100;30208=100;30209=100},,0.3,
2827,22001,(碎片副本4)（蓝色礼物）(难度4),{31201=100;31202=100;30201=100;30202=100;30203=100;30204=100;30205=100;30206=100;30207=100;30208=100;30209=100},,0.3,
2828,22002,(碎片副本4)（紫色礼物）(难度4),{31201=100;31202=100;30201=100;30202=100;30203=100;30204=100;30205=100;30206=100;30207=100;30208=100;30209=100},,0.3,
2829,22003,(碎片副本4)（绿色礼物）(难度5),{31201=100;31202=100;30201=100;30202=100;30203=100;30204=100;30205=100;30206=100;30207=100;30208=100;30209=100},,0.3,
2830,22004,(碎片副本4)（蓝色礼物）(难度5),{31201=100;31202=100;30201=100;30202=100;30203=100;30204=100;30205=100;30206=100;30207=100;30208=100;30209=100},,0.3,
2831,22005,(碎片副本4)（紫色礼物）(难度5),{31201=100;31202=100;30201=100;30202=100;30203=100;30204=100;30205=100;30206=100;30207=100;30208=100;30209=100},,0.3,
2832,22101,(碎片副本4)（绿色礼物）(难度6),{31201=100;31202=100;30201=100;30202=100;30203=100;30204=100;30205=100;30206=100;30207=100;30208=100;30209=100},,0.3,
2833,22102,(碎片副本4)（蓝色礼物）(难度6),{31201=100;31202=100;30201=100;30202=100;30203=100;30204=100;30205=100;30206=100;30207=100;30208=100;30209=100},,0.3,
2834,22103,(碎片副本4)（紫色礼物）(难度6),{31201=100;31202=100;30201=100;30202=100;30203=100;30204=100;30205=100;30206=100;30207=100;30208=100;30209=100},,0.3,
2835,22104,(碎片副本4)（绿色礼物）(难度7),{31201=100;31202=100;30201=100;30202=100;30203=100;30204=100;30205=100;30206=100;30207=100;30208=100;30209=100},,0.3,
2836,22105,(碎片副本4)（蓝色礼物）(难度7),{31201=100;31202=100;30201=100;30202=100;30203=100;30204=100;30205=100;30206=100;30207=100;30208=100;30209=100},,0.3,
2837,22201,(碎片副本4)（紫色礼物）(难度7),{31201=100;31202=100;30201=100;30202=100;30203=100;30204=100;30205=100;30206=100;30207=100;30208=100;30209=100},,0.3,
2838,22202,,{31201=100;31202=100;30201=100;30202=100;30203=100;30204=100;30205=100;30206=100;30207=100;30208=100;30209=100},,0.3,
2839,22203,(碎片副本5)（绿色礼物）(难度1),{31201=100;31202=100;30201=100;30202=100;30203=100;30204=100;30205=100;30206=100;30207=100;30208=100;30209=100},,0.3,
2840,22204,(碎片副本5)（蓝色礼物）(难度1),{31201=100;31202=100;30201=100;30202=100;30203=100;30204=100;30205=100;30206=100;30207=100;30208=100;30209=100},,0.3,
2841,22205,(碎片副本5)（紫色礼物）(难度1),{31201=100;31202=100;30201=100;30202=100;30203=100;30204=100;30205=100;30206=100;30207=100;30208=100;30209=100},,0.3,
2842,22301,(碎片副本5)（绿色礼物）(难度2),{31201=100;31202=100;30201=100;30202=100;30203=100;30204=100;30205=100;30206=100;30207=100;30208=100;30209=100},,0.3,
2843,22302,(碎片副本5)（蓝色礼物）(难度2),{31201=100;31202=100;30201=100;30202=100;30203=100;30204=100;30205=100;30206=100;30207=100;30208=100;30209=100},,0.3,
2844,22303,(碎片副本5)（紫色礼物）(难度2),{31201=100;31202=100;30201=100;30202=100;30203=100;30204=100;30205=100;30206=100;30207=100;30208=100;30209=100},,0.3,
2845,22304,(碎片副本5)（绿色礼物）(难度3),{31201=100;31202=100;30201=100;30202=100;30203=100;30204=100;30205=100;30206=100;30207=100;30208=100;30209=100},,0.3,
2846,22305,(碎片副本5)（蓝色礼物）(难度3),{31201=100;31202=100;30201=100;30202=100;30203=100;30204=100;30205=100;30206=100;30207=100;30208=100;30209=100},,0.3,
2847,22401,(碎片副本5)（紫色礼物）(难度3),{31201=100;31202=100;30201=100;30202=100;30203=100;30204=100;30205=100;30206=100;30207=100;30208=100;30209=100},,0.3,
2848,22402,(碎片副本5)（绿色礼物）(难度4),{31201=100;31202=100;30201=100;30202=100;30203=100;30204=100;30205=100;30206=100;30207=100;30208=100;30209=100},,0.3,
2849,22403,(碎片副本5)（蓝色礼物）(难度4),{31201=100;31202=100;30201=100;30202=100;30203=100;30204=100;30205=100;30206=100;30207=100;30208=100;30209=100},,0.3,
2850,22404,(碎片副本5)（紫色礼物）(难度4),{31201=100;31202=100;30201=100;30202=100;30203=100;30204=100;30205=100;30206=100;30207=100;30208=100;30209=100},,0.3,
2851,22405,(碎片副本5)（绿色礼物）(难度5),{31201=100;31202=100;30201=100;30202=100;30203=100;30204=100;30205=100;30206=100;30207=100;30208=100;30209=100},,0.3,
2852,22501,(碎片副本5)（蓝色礼物）(难度5),{31201=100;31202=100;30201=100;30202=100;30203=100;30204=100;30205=100;30206=100;30207=100;30208=100;30209=100},,0.3,
2853,22502,(碎片副本5)（紫色礼物）(难度5),{31201=100;31202=100;30201=100;30202=100;30203=100;30204=100;30205=100;30206=100;30207=100;30208=100;30209=100},,0.3,
2854,22503,(碎片副本5)（绿色礼物）(难度6),{31201=100;31202=100;30201=100;30202=100;30203=100;30204=100;30205=100;30206=100;30207=100;30208=100;30209=100},,0.3,
2855,22504,(碎片副本5)（蓝色礼物）(难度6),{31201=100;31202=100;30201=100;30202=100;30203=100;30204=100;30205=100;30206=100;30207=100;30208=100;30209=100},,0.3,
2856,22505,(碎片副本5)（紫色礼物）(难度6),{31201=100;31202=100;30201=100;30202=100;30203=100;30204=100;30205=100;30206=100;30207=100;30208=100;30209=100},,0.3,
2857,12601,(碎片副本5)（绿色礼物）(难度7),{31201=100;31202=100;30201=100;30202=100;30203=100;30204=100;30205=100;30206=100;30207=100;30208=100;30209=100},,0.3,
2858,12602,(碎片副本5)（蓝色礼物）(难度7),{31201=100;31202=100;30201=100;30202=100;30203=100;30204=100;30205=100;30206=100;30207=100;30208=100;30209=100},,0.3,
2859,12603,(碎片副本5)（紫色礼物）(难度7),{31201=100;31202=100;30201=100;30202=100;30203=100;30204=100;30205=100;30206=100;30207=100;30208=100;30209=100},,0.3,
2860,12604,,{31201=100;31202=100;30201=100;30202=100;30203=100;30204=100;30205=100;30206=100;30207=100;30208=100;30209=100},,0.3,
2861,12605,(碎片副本6)（绿色礼物）(难度1),{31201=100;31202=100;30201=100;30202=100;30203=100;30204=100;30205=100;30206=100;30207=100;30208=100;30209=100},,0.3,
2862,12606,(碎片副本6)（蓝色礼物）(难度1),{31201=100;31202=100;30201=100;30202=100;30203=100;30204=100;30205=100;30206=100;30207=100;30208=100;30209=100},,0.3,
2863,12607,(碎片副本6)（紫色礼物）(难度1),{31201=100;31202=100;30201=100;30202=100;30203=100;30204=100;30205=100;30206=100;30207=100;30208=100;30209=100},,0.3,
2864,12608,(碎片副本6)（绿色礼物）(难度2),{31201=100;31202=100;30201=100;30202=100;30203=100;30204=100;30205=100;30206=100;30207=100;30208=100;30209=100},,0.3,
2865,12609,(碎片副本6)（蓝色礼物）(难度2),{31201=100;31202=100;30201=100;30202=100;30203=100;30204=100;30205=100;30206=100;30207=100;30208=100;30209=100},,0.3,
2866,12610,(碎片副本6)（紫色礼物）(难度2),{31201=100;31202=100;30201=100;30202=100;30203=100;30204=100;30205=100;30206=100;30207=100;30208=100;30209=100},,0.3,
2867,22601,(碎片副本6)（绿色礼物）(难度3),{31201=100;31202=100;30201=100;30202=100;30203=100;30204=100;30205=100;30206=100;30207=100;30208=100;30209=100},,0.3,
2868,22602,(碎片副本6)（蓝色礼物）(难度3),{31201=100;31202=100;30201=100;30202=100;30203=100;30204=100;30205=100;30206=100;30207=100;30208=100;30209=100},,0.3,
2869,22603,(碎片副本6)（紫色礼物）(难度3),{31201=100;31202=100;30201=100;30202=100;30203=100;30204=100;30205=100;30206=100;30207=100;30208=100;30209=100},,0.3,
2870,22604,(碎片副本6)（绿色礼物）(难度4),{31201=100;31202=100;30201=100;30202=100;30203=100;30204=100;30205=100;30206=100;30207=100;30208=100;30209=100},,0.3,
2871,22605,(碎片副本6)（蓝色礼物）(难度4),{31201=100;31202=100;30201=100;30202=100;30203=100;30204=100;30205=100;30206=100;30207=100;30208=100;30209=100},,0.3,
2872,12701,(碎片副本6)（紫色礼物）(难度4),{31201=100;31202=100;30201=100;30202=100;30203=100;30204=100;30205=100;30206=100;30207=100;30208=100;30209=100},,0.3,
2873,12702,(碎片副本6)（绿色礼物）(难度5),{31201=100;31202=100;30201=100;30202=100;30203=100;30204=100;30205=100;30206=100;30207=100;30208=100;30209=100},,0.3,
2874,12703,(碎片副本6)（蓝色礼物）(难度5),{31201=100;31202=100;30201=100;30202=100;30203=100;30204=100;30205=100;30206=100;30207=100;30208=100;30209=100},,0.3,
2875,12704,(碎片副本6)（紫色礼物）(难度5),{31201=100;31202=100;30201=100;30202=100;30203=100;30204=100;30205=100;30206=100;30207=100;30208=100;30209=100},,0.3,
2876,12705,(碎片副本6)（绿色礼物）(难度6),{31201=100;31202=100;30201=100;30202=100;30203=100;30204=100;30205=100;30206=100;30207=100;30208=100;30209=100},,0.3,
2877,12706,(碎片副本6)（蓝色礼物）(难度6),{31201=100;31202=100;30201=100;30202=100;30203=100;30204=100;30205=100;30206=100;30207=100;30208=100;30209=100},,0.3,
2878,12707,(碎片副本6)（紫色礼物）(难度6),{31201=100;31202=100;30201=100;30202=100;30203=100;30204=100;30205=100;30206=100;30207=100;30208=100;30209=100},,0.3,
2879,12708,(碎片副本6)（绿色礼物）(难度7),{31201=100;31202=100;30201=100;30202=100;30203=100;30204=100;30205=100;30206=100;30207=100;30208=100;30209=100},,0.3,
2880,12709,(碎片副本6)（蓝色礼物）(难度7),{31201=100;31202=100;30201=100;30202=100;30203=100;30204=100;30205=100;30206=100;30207=100;30208=100;30209=100},,0.3,
2881,12710,(碎片副本6)（紫色礼物）(难度7),{31201=100;31202=100;30201=100;30202=100;30203=100;30204=100;30205=100;30206=100;30207=100;30208=100;30209=100},,0.3,
2882,22701,,{31201=100;31202=100;30201=100;30202=100;30203=100;30204=100;30205=100;30206=100;30207=100;30208=100;30209=100},,0.3,
2883,22702,(碎片副本7)(绿色礼物)（难度1),{31201=100;31202=100;30201=100;30202=100;30203=100;30204=100;30205=100;30206=100;30207=100;30208=100;30209=100},,0.3,
2884,22703,(碎片副本7)(蓝色礼物)（难度1),{31201=100;31202=100;30201=100;30202=100;30203=100;30204=100;30205=100;30206=100;30207=100;30208=100;30209=100},,0.3,
2885,22704,(碎片副本7)(紫色礼物)（难度1),{31201=100;31202=100;30201=100;30202=100;30203=100;30204=100;30205=100;30206=100;30207=100;30208=100;30209=100},,0.3,
2886,22705,(碎片副本7)(绿色礼物)（难度2),{31201=100;31202=100;30201=100;30202=100;30203=100;30204=100;30205=100;30206=100;30207=100;30208=100;30209=100},,0.3,
2887,12801,(碎片副本7)(蓝色礼物)（难度2),{31201=100;31202=100;30201=100;30202=100;30203=100;30204=100;30205=100;30206=100;30207=100;30208=100;30209=100},,0.3,
2888,12802,(碎片副本7)(紫色礼物)（难度2),{31201=100;31202=100;30201=100;30202=100;30203=100;30204=100;30205=100;30206=100;30207=100;30208=100;30209=100},,0.3,
2889,12803,(碎片副本7)(绿色礼物)（难度3),{31201=100;31202=100;30201=100;30202=100;30203=100;30204=100;30205=100;30206=100;30207=100;30208=100;30209=100},,0.3,
2890,12804,(碎片副本7)(蓝色礼物)（难度3),{31201=100;31202=100;30201=100;30202=100;30203=100;30204=100;30205=100;30206=100;30207=100;30208=100;30209=100},,0.3,
2891,12805,(碎片副本7)(紫色礼物)（难度3),{31201=100;31202=100;30201=100;30202=100;30203=100;30204=100;30205=100;30206=100;30207=100;30208=100;30209=100},,0.3,
2892,12806,(碎片副本7)(绿色礼物)（难度4),{31201=100;31202=100;30201=100;30202=100;30203=100;30204=100;30205=100;30206=100;30207=100;30208=100;30209=100},,0.3,
2893,12807,(碎片副本7)(蓝色礼物)（难度4),{31201=100;31202=100;30201=100;30202=100;30203=100;30204=100;30205=100;30206=100;30207=100;30208=100;30209=100},,0.3,
2894,12808,(碎片副本7)(紫色礼物)（难度4),{31201=100;31202=100;30201=100;30202=100;30203=100;30204=100;30205=100;30206=100;30207=100;30208=100;30209=100},,0.3,
2895,12809,(碎片副本7)(绿色礼物)（难度5),{31201=100;31202=100;30201=100;30202=100;30203=100;30204=100;30205=100;30206=100;30207=100;30208=100;30209=100},,0.3,
2896,12810,(碎片副本7)(蓝色礼物)（难度5),{31201=100;31202=100;30201=100;30202=100;30203=100;30204=100;30205=100;30206=100;30207=100;30208=100;30209=100},,0.3,
2897,22801,(碎片副本7)(紫色礼物)（难度5),{31201=100;31202=100;30201=100;30202=100;30203=100;30204=100;30205=100;30206=100;30207=100;30208=100;30209=100},,0.3,
2898,22802,(碎片副本7)(绿色礼物)（难度6),{31201=100;31202=100;30201=100;30202=100;30203=100;30204=100;30205=100;30206=100;30207=100;30208=100;30209=100},,0.3,
2899,22803,(碎片副本7)(蓝色礼物)（难度6),{31201=100;31202=100;30201=100;30202=100;30203=100;30204=100;30205=100;30206=100;30207=100;30208=100;30209=100},,0.3,
2900,22804,(碎片副本7)(紫色礼物)（难度6),{31201=100;31202=100;30201=100;30202=100;30203=100;30204=100;30205=100;30206=100;30207=100;30208=100;30209=100},,0.3,
2901,22805,(碎片副本7)(绿色礼物)（难度7),{31201=100;31202=100;30201=100;30202=100;30203=100;30204=100;30205=100;30206=100;30207=100;30208=100;30209=100},,0.3,
2902,12901,(碎片副本7)(蓝色礼物)（难度7),{31201=100;31202=100;30201=100;30202=100;30203=100;30204=100;30205=100;30206=100;30207=100;30208=100;30209=100},,0.3,
2903,12902,(碎片副本7)(紫色礼物)（难度7),{31201=100;31202=100;30201=100;30202=100;30203=100;30204=100;30205=100;30206=100;30207=100;30208=100;30209=100},,0.3,
2904,12903,,{31201=100;31202=100;30201=100;30202=100;30203=100;30204=100;30205=100;30206=100;30207=100;30208=100;30209=100},,0.3,
2905,12904,(碎片副本8)(绿色礼物)（难度1),{31201=100;31202=100;30201=100;30202=100;30203=100;30204=100;30205=100;30206=100;30207=100;30208=100;30209=100},,0.3,
2906,12905,(碎片副本8)(蓝色礼物)（难度1),{31201=100;31202=100;30201=100;30202=100;30203=100;30204=100;30205=100;30206=100;30207=100;30208=100;30209=100},,0.3,
2907,12906,(碎片副本8)(紫色礼物)（难度1),{31201=100;31202=100;30201=100;30202=100;30203=100;30204=100;30205=100;30206=100;30207=100;30208=100;30209=100},,0.3,
2908,12907,(碎片副本8)(绿色礼物)（难度2),{31201=100;31202=100;30201=100;30202=100;30203=100;30204=100;30205=100;30206=100;30207=100;30208=100;30209=100},,0.3,
2909,12908,(碎片副本8)(蓝色礼物)（难度2),{31201=100;31202=100;30201=100;30202=100;30203=100;30204=100;30205=100;30206=100;30207=100;30208=100;30209=100},,0.3,
2910,12909,(碎片副本8)(紫色礼物)（难度2),{31201=100;31202=100;30201=100;30202=100;30203=100;30204=100;30205=100;30206=100;30207=100;30208=100;30209=100},,0.3,
2911,12910,(碎片副本8)(绿色礼物)（难度3),{31201=100;31202=100;30201=100;30202=100;30203=100;30204=100;30205=100;30206=100;30207=100;30208=100;30209=100},,0.3,
2912,22901,(碎片副本8)(蓝色礼物)（难度3),{31201=100;31202=100;30201=100;30202=100;30203=100;30204=100;30205=100;30206=100;30207=100;30208=100;30209=100},,0.3,
2913,22902,(碎片副本8)(紫色礼物)（难度3),{31201=100;31202=100;30201=100;30202=100;30203=100;30204=100;30205=100;30206=100;30207=100;30208=100;30209=100},,0.3,
2914,22903,(碎片副本8)(绿色礼物)（难度4),{31201=100;31202=100;30201=100;30202=100;30203=100;30204=100;30205=100;30206=100;30207=100;30208=100;30209=100},,0.3,
2915,22904,(碎片副本8)(蓝色礼物)（难度4),{31201=100;31202=100;30201=100;30202=100;30203=100;30204=100;30205=100;30206=100;30207=100;30208=100;30209=100},,0.3,
2916,22905,(碎片副本8)(紫色礼物)（难度4),{31201=100;31202=100;30201=100;30202=100;30203=100;30204=100;30205=100;30206=100;30207=100;30208=100;30209=100},,0.3,
6001,60201,(碎片副本8)(绿色礼物)（难度5),{609=100;618=100;612=100;621=100;615=100;606=100},16,74,
6002,60201,(碎片副本8)(蓝色礼物)（难度5),{616=100;610=100;619=100;613=100;607=100;622=100},3,74,
6003,60201,(碎片副本8)(紫色礼物)（难度5),{623=100;617=100;611=100;614=100;608=100;620=100},0,74,
6011,60202,(碎片副本8)(绿色礼物)（难度6),{609=100;618=100;612=100;621=100;615=100;606=100},31,74,
6012,60202,(碎片副本8)(蓝色礼物)（难度6),{616=100;610=100;619=100;613=100;607=100;622=100},4,74,
6013,60202,(碎片副本8)(紫色礼物)（难度6),{623=100;617=100;611=100;614=100;608=100;620=100},0,74,
6021,60203,(碎片副本8)(绿色礼物)（难度7),{609=100;618=100;612=100;621=100;615=100;606=100},23,74,
6022,60203,(碎片副本8)(蓝色礼物)（难度7),{616=100;610=100;619=100;613=100;607=100;622=100},0,74,
6023,60203,(碎片副本8)(紫色礼物)（难度7),{623=100;617=100;611=100;614=100;608=100;620=100},3,74,
6031,60204,,{609=100;618=100;612=100;621=100;615=100;606=100},23,74,
6032,60204,(碎片副本9)(绿色礼物)（难度1),{616=100;610=100;619=100;613=100;607=100;622=100},4,74,
6033,60204,(碎片副本9)(蓝色礼物)（难度1),{623=100;617=100;611=100;614=100;608=100;620=100},3,74,
6041,60205,(碎片副本9)(紫色礼物)（难度1),{609=100;618=100;612=100;621=100;615=100;606=100},31,74,
6042,60205,(碎片副本9)(绿色礼物)（难度2),{616=100;610=100;619=100;613=100;607=100;622=100},8,74,
6043,60205,(碎片副本9)(蓝色礼物)（难度2),{623=100;617=100;611=100;614=100;608=100;620=100},3,74,
6051,60206,(碎片副本9)(紫色礼物)（难度2),{609=100;618=100;612=100;621=100;615=100;606=100},47,74,
6052,60206,(碎片副本9)(绿色礼物)（难度3),{616=100;610=100;619=100;613=100;607=100;622=100},8,74,
6053,60206,(碎片副本9)(蓝色礼物)（难度3),{623=100;617=100;611=100;614=100;608=100;620=100},4,74,
6061,60207,(碎片副本9)(紫色礼物)（难度3),{609=100;618=100;612=100;621=100;615=100;606=100},55,74,
6062,60207,(碎片副本9)(绿色礼物)（难度4),{616=100;610=100;619=100;613=100;607=100;622=100},10,74,
6063,60207,(碎片副本9)(蓝色礼物)（难度4),{623=100;617=100;611=100;614=100;608=100;620=100},5,74,
6101,60251,(碎片副本9)(紫色礼物)（难度4),{609=100;618=100;612=100;621=100;615=100;606=100},16,74,
6102,60251,(碎片副本9)(绿色礼物)（难度5),{616=100;610=100;619=100;613=100;607=100;622=100},3,74,
6103,60251,(碎片副本9)(蓝色礼物)（难度5),{623=100;617=100;611=100;614=100;608=100;620=100},0,74,
6111,60252,(碎片副本9)(紫色礼物)（难度5),{609=100;618=100;612=100;621=100;615=100;606=100},31,74,
6112,60252,(碎片副本9)(绿色礼物)（难度6),{616=100;610=100;619=100;613=100;607=100;622=100},4,74,
6113,60252,(碎片副本9)(蓝色礼物)（难度6),{623=100;617=100;611=100;614=100;608=100;620=100},0,74,
6121,60253,(碎片副本9)(紫色礼物)（难度6),{609=100;618=100;612=100;621=100;615=100;606=100},23,74,
6122,60253,(碎片副本9)(绿色礼物)（难度7),{616=100;610=100;619=100;613=100;607=100;622=100},0,74,
6123,60253,(碎片副本9)(蓝色礼物)（难度7),{623=100;617=100;611=100;614=100;608=100;620=100},3,74,
6131,60254,(碎片副本9)(紫色礼物)（难度7),{609=100;618=100;612=100;621=100;615=100;606=100},23,74,
6132,60254,,{616=100;610=100;619=100;613=100;607=100;622=100},4,74,
6133,60254,(碎片副本10)(绿色礼物)（难度1),{623=100;617=100;611=100;614=100;608=100;620=100},3,74,
6141,60255,(碎片副本10)(蓝色礼物)（难度1),{609=100;618=100;612=100;621=100;615=100;606=100},31,74,
6142,60255,(碎片副本10)(紫色礼物)（难度1),{616=100;610=100;619=100;613=100;607=100;622=100},8,74,
6143,60255,(碎片副本10)(绿色礼物)（难度2),{623=100;617=100;611=100;614=100;608=100;620=100},3,74,
6151,60256,(碎片副本10)(蓝色礼物)（难度2),{609=100;618=100;612=100;621=100;615=100;606=100},47,74,
6152,60256,(碎片副本10)(紫色礼物)（难度2),{616=100;610=100;619=100;613=100;607=100;622=100},8,74,
6153,60256,(碎片副本10)(绿色礼物)（难度3),{623=100;617=100;611=100;614=100;608=100;620=100},4,74,
6161,60257,(碎片副本10)(蓝色礼物)（难度3),{609=100;618=100;612=100;621=100;615=100;606=100},55,74,
6162,60257,(碎片副本10)(紫色礼物)（难度3),{616=100;610=100;619=100;613=100;607=100;622=100},10,74,
6163,60257,(碎片副本10)(绿色礼物)（难度4),{623=100;617=100;611=100;614=100;608=100;620=100},5,74,
6201,60301,(碎片副本10)(蓝色礼物)（难度4),{609=100;618=100;612=100;621=100;615=100;606=100},12,60,
6202,60301,(碎片副本10)(紫色礼物)（难度4),{616=100;610=100;619=100;613=100;607=100;622=100},2,60,
6203,60301,(碎片副本10)(绿色礼物)（难度5),{623=100;617=100;611=100;614=100;608=100;620=100},0,60,
6211,60302,(碎片副本10)(蓝色礼物)（难度5),{609=100;618=100;612=100;621=100;615=100;606=100},24,60,
6212,60302,(碎片副本10)(紫色礼物)（难度5),{616=100;610=100;619=100;613=100;607=100;622=100},3,60,
6213,60302,(碎片副本10)(绿色礼物)（难度6),{623=100;617=100;611=100;614=100;608=100;620=100},0,60,
6221,60303,(碎片副本10)(蓝色礼物)（难度6),{609=100;618=100;612=100;621=100;615=100;606=100},18,60,
6222,60303,(碎片副本10)(紫色礼物)（难度6),{616=100;610=100;619=100;613=100;607=100;622=100},0,60,
6223,60303,(碎片副本10)(绿色礼物)（难度7),{623=100;617=100;611=100;614=100;608=100;620=100},2,60,
6231,60304,(碎片副本10)(蓝色礼物)（难度7),{609=100;618=100;612=100;621=100;615=100;606=100},21,60,
6232,60304,(碎片副本10)(紫色礼物)（难度7),{616=100;610=100;619=100;613=100;607=100;622=100},3,60,
6233,60304,,{623=100;617=100;611=100;614=100;608=100;620=100},2,60,
6241,60305,(碎片副本1)（碎片）(难度1),{609=100;618=100;612=100;621=100;615=100;606=100},24,60,
6242,60305,(碎片副本1)（碎片）(难度1),{616=100;610=100;619=100;613=100;607=100;622=100},6,60,
6243,60305,(碎片副本1)（碎片）(难度1),{623=100;617=100;611=100;614=100;608=100;620=100},2,60,
6251,60306,(碎片副本1)（碎片）(难度1),{609=100;618=100;612=100;621=100;615=100;606=100},36,60,
6252,60306,(碎片副本1)（碎片）(难度1),{616=100;610=100;619=100;613=100;607=100;622=100},6,60,
6253,60306,(碎片副本1)（碎片）(难度1),{623=100;617=100;611=100;614=100;608=100;620=100},3,60,
6261,60307,(碎片副本1)（碎片）(难度2),{609=100;618=100;612=100;621=100;615=100;606=100},45,60,
6262,60307,(碎片副本1)（碎片）(难度2),{616=100;610=100;619=100;613=100;607=100;622=100},9,60,
6263,60307,(碎片副本1)（碎片）(难度2),{623=100;617=100;611=100;614=100;608=100;620=100},3,60,
6301,60321,(碎片副本1)（碎片）(难度2),{609=100;618=100;612=100;621=100;615=100;606=100},12,60,
6302,60321,(碎片副本1)（碎片）(难度2),{616=100;610=100;619=100;613=100;607=100;622=100},2,60,
6303,60321,(碎片副本1)（碎片）(难度2),{623=100;617=100;611=100;614=100;608=100;620=100},0,60,
6311,60322,(碎片副本1)（碎片）(难度3),{609=100;618=100;612=100;621=100;615=100;606=100},24,60,
6312,60322,(碎片副本1)（碎片）(难度3),{616=100;610=100;619=100;613=100;607=100;622=100},3,60,
6313,60322,(碎片副本1)（碎片）(难度3),{623=100;617=100;611=100;614=100;608=100;620=100},0,60,
6321,60323,(碎片副本1)（碎片）(难度3),{609=100;618=100;612=100;621=100;615=100;606=100},18,60,
6322,60323,(碎片副本1)（碎片）(难度3),{616=100;610=100;619=100;613=100;607=100;622=100},0,60,
6323,60323,(碎片副本1)（碎片）(难度3),{623=100;617=100;611=100;614=100;608=100;620=100},2,60,
6331,60324,(碎片副本1)（碎片）(难度4),{609=100;618=100;612=100;621=100;615=100;606=100},21,60,
6332,60324,(碎片副本1)（碎片）(难度4),{616=100;610=100;619=100;613=100;607=100;622=100},3,60,
6333,60324,(碎片副本1)（碎片）(难度4),{623=100;617=100;611=100;614=100;608=100;620=100},2,60,
6341,60325,(碎片副本1)（碎片）(难度4),{609=100;618=100;612=100;621=100;615=100;606=100},24,60,
6342,60325,(碎片副本1)（碎片）(难度4),{616=100;610=100;619=100;613=100;607=100;622=100},6,60,
6343,60325,(碎片副本1)（碎片）(难度4),{623=100;617=100;611=100;614=100;608=100;620=100},2,60,
6351,60326,(碎片副本1)（碎片）(难度5),{609=100;618=100;612=100;621=100;615=100;606=100},36,60,
6352,60326,(碎片副本1)（碎片）(难度5),{616=100;610=100;619=100;613=100;607=100;622=100},6,60,
6353,60326,(碎片副本1)（碎片）(难度5),{623=100;617=100;611=100;614=100;608=100;620=100},3,60,
6361,60327,(碎片副本1)（碎片）(难度5),{609=100;618=100;612=100;621=100;615=100;606=100},45,60,
6362,60327,(碎片副本1)（碎片）(难度5),{616=100;610=100;619=100;613=100;607=100;622=100},9,60,
6363,60327,(碎片副本1)（碎片）(难度5),{623=100;617=100;611=100;614=100;608=100;620=100},3,60,
6401,60341,(碎片副本1)（碎片）(难度6),{609=100;618=100;612=100;621=100;615=100;606=100},12,60,
6402,60341,(碎片副本1)（碎片）(难度6),{616=100;610=100;619=100;613=100;607=100;622=100},2,60,
6403,60341,(碎片副本1)（碎片）(难度6),{623=100;617=100;611=100;614=100;608=100;620=100},0,60,
6411,60342,(碎片副本1)（碎片）(难度6),{609=100;618=100;612=100;621=100;615=100;606=100},24,60,
6412,60342,(碎片副本1)（碎片）(难度6),{616=100;610=100;619=100;613=100;607=100;622=100},3,60,
6413,60342,(碎片副本1)（碎片）(难度6),{623=100;617=100;611=100;614=100;608=100;620=100},0,60,
6421,60343,(碎片副本1)（碎片）(难度6),{609=100;618=100;612=100;621=100;615=100;606=100},18,60,
6422,60343,(碎片副本1)（碎片）(难度6),{616=100;610=100;619=100;613=100;607=100;622=100},0,60,
6423,60343,(碎片副本1)（碎片）(难度6),{623=100;617=100;611=100;614=100;608=100;620=100},2,60,
6431,60344,(碎片副本1)（碎片）(难度6),{609=100;618=100;612=100;621=100;615=100;606=100},21,60,
6432,60344,(碎片副本1)（碎片）(难度6),{616=100;610=100;619=100;613=100;607=100;622=100},3,60,
6433,60344,(碎片副本1)（碎片）(难度6),{623=100;617=100;611=100;614=100;608=100;620=100},2,60,
6441,60345,,{609=100;618=100;612=100;621=100;615=100;606=100},24,60,
6442,60345,(碎片副本2)（碎片）(难度1),{616=100;610=100;619=100;613=100;607=100;622=100},6,60,
6443,60345,(碎片副本2)（碎片）(难度1),{623=100;617=100;611=100;614=100;608=100;620=100},2,60,
6451,60346,(碎片副本2)（碎片）(难度1),{609=100;618=100;612=100;621=100;615=100;606=100},36,60,
6452,60346,(碎片副本2)（碎片）(难度1),{616=100;610=100;619=100;613=100;607=100;622=100},6,60,
6453,60346,(碎片副本2)（碎片）(难度1),{623=100;617=100;611=100;614=100;608=100;620=100},3,60,
6461,60347,(碎片副本2)（碎片）(难度1),{609=100;618=100;612=100;621=100;615=100;606=100},45,60,
6462,60347,(碎片副本2)（碎片）(难度2),{616=100;610=100;619=100;613=100;607=100;622=100},9,60,
6463,60347,(碎片副本2)（碎片）(难度2),{623=100;617=100;611=100;614=100;608=100;620=100},3,60,
6501,60361,(碎片副本2)（碎片）(难度2),{609=100;618=100;612=100;621=100;615=100;606=100},12,60,
6502,60361,(碎片副本2)（碎片）(难度2),{616=100;610=100;619=100;613=100;607=100;622=100},2,60,
6503,60361,(碎片副本2)（碎片）(难度2),{623=100;617=100;611=100;614=100;608=100;620=100},0,60,
6511,60362,(碎片副本2)（碎片）(难度2),{609=100;618=100;612=100;621=100;615=100;606=100},24,60,
6512,60362,(碎片副本2)（碎片）(难度3),{616=100;610=100;619=100;613=100;607=100;622=100},3,60,
6513,60362,(碎片副本2)（碎片）(难度3),{623=100;617=100;611=100;614=100;608=100;620=100},0,60,
6521,60363,(碎片副本2)（碎片）(难度3),{609=100;618=100;612=100;621=100;615=100;606=100},18,60,
6522,60363,(碎片副本2)（碎片）(难度3),{616=100;610=100;619=100;613=100;607=100;622=100},0,60,
6523,60363,(碎片副本2)（碎片）(难度3),{623=100;617=100;611=100;614=100;608=100;620=100},2,60,
6531,60364,(碎片副本2)（碎片）(难度3),{609=100;618=100;612=100;621=100;615=100;606=100},21,60,
6532,60364,(碎片副本2)（碎片）(难度4),{616=100;610=100;619=100;613=100;607=100;622=100},3,60,
6533,60364,(碎片副本2)（碎片）(难度4),{623=100;617=100;611=100;614=100;608=100;620=100},2,60,
6541,60365,(碎片副本2)（碎片）(难度4),{609=100;618=100;612=100;621=100;615=100;606=100},24,60,
6542,60365,(碎片副本2)（碎片）(难度4),{616=100;610=100;619=100;613=100;607=100;622=100},6,60,
6543,60365,(碎片副本2)（碎片）(难度4),{623=100;617=100;611=100;614=100;608=100;620=100},2,60,
6551,60366,(碎片副本2)（碎片）(难度4),{609=100;618=100;612=100;621=100;615=100;606=100},36,60,
6552,60366,(碎片副本2)（碎片）(难度5),{616=100;610=100;619=100;613=100;607=100;622=100},6,60,
6553,60366,(碎片副本2)（碎片）(难度5),{623=100;617=100;611=100;614=100;608=100;620=100},3,60,
6561,60367,(碎片副本2)（碎片）(难度5),{609=100;618=100;612=100;621=100;615=100;606=100},45,60,
6562,60367,(碎片副本2)（碎片）(难度5),{616=100;610=100;619=100;613=100;607=100;622=100},9,60,
6563,60367,(碎片副本2)（碎片）(难度5),{623=100;617=100;611=100;614=100;608=100;620=100},3,60,
6601,60381,(碎片副本2)（碎片）(难度5),{609=100;618=100;612=100;621=100;615=100;606=100},12,60,
6602,60381,(碎片副本2)（碎片）(难度6),{616=100;610=100;619=100;613=100;607=100;622=100},2,60,
6603,60381,(碎片副本2)（碎片）(难度6),{623=100;617=100;611=100;614=100;608=100;620=100},0,60,
6611,60382,(碎片副本2)（碎片）(难度6),{609=100;618=100;612=100;621=100;615=100;606=100},24,60,
6612,60382,(碎片副本2)（碎片）(难度6),{616=100;610=100;619=100;613=100;607=100;622=100},3,60,
6613,60382,(碎片副本2)（碎片）(难度6),{623=100;617=100;611=100;614=100;608=100;620=100},0,60,
6621,60383,(碎片副本2)（碎片）(难度6),{609=100;618=100;612=100;621=100;615=100;606=100},18,60,
6622,60383,(碎片副本2)（碎片）(难度6),{616=100;610=100;619=100;613=100;607=100;622=100},0,60,
6623,60383,(碎片副本2)（碎片）(难度6),{623=100;617=100;611=100;614=100;608=100;620=100},2,60,
6631,60384,(碎片副本2)（碎片）(难度6),{609=100;618=100;612=100;621=100;615=100;606=100},21,60,
6632,60384,(碎片副本2)（碎片）(难度6),{616=100;610=100;619=100;613=100;607=100;622=100},3,60,
6633,60384,(碎片副本2)（碎片）(难度6),{623=100;617=100;611=100;614=100;608=100;620=100},2,60,
6641,60385,(碎片副本2)（碎片）(难度6),{609=100;618=100;612=100;621=100;615=100;606=100},24,60,
6642,60385,,{616=100;610=100;619=100;613=100;607=100;622=100},6,60,
6643,60385,(碎片副本3)（碎片）(难度1),{623=100;617=100;611=100;614=100;608=100;620=100},2,60,
6651,60386,(碎片副本3)（碎片）(难度1),{609=100;618=100;612=100;621=100;615=100;606=100},36,60,
6652,60386,(碎片副本3)（碎片）(难度1),{616=100;610=100;619=100;613=100;607=100;622=100},6,60,
6653,60386,(碎片副本3)（碎片）(难度1),{623=100;617=100;611=100;614=100;608=100;620=100},3,60,
6661,60387,(碎片副本3)（碎片）(难度1),{609=100;618=100;612=100;621=100;615=100;606=100},45,60,
6662,60387,(碎片副本3)（碎片）(难度1),{616=100;610=100;619=100;613=100;607=100;622=100},9,60,
6663,60387,(碎片副本3)（碎片）(难度2),{623=100;617=100;611=100;614=100;608=100;620=100},3,60,
6701,60401,(碎片副本3)（碎片）(难度2),{609=100;618=100;612=100;621=100;615=100;606=100},12,60,
6702,60401,(碎片副本3)（碎片）(难度2),{616=100;610=100;619=100;613=100;607=100;622=100},2,60,
6703,60401,(碎片副本3)（碎片）(难度2),{623=100;617=100;611=100;614=100;608=100;620=100},0,60,
6711,60402,(碎片副本3)（碎片）(难度2),{609=100;618=100;612=100;621=100;615=100;606=100},24,60,
6712,60402,(碎片副本3)（碎片）(难度2),{616=100;610=100;619=100;613=100;607=100;622=100},3,60,
6713,60402,(碎片副本3)（碎片）(难度3),{623=100;617=100;611=100;614=100;608=100;620=100},0,60,
6721,60403,(碎片副本3)（碎片）(难度3),{609=100;618=100;612=100;621=100;615=100;606=100},18,60,
6722,60403,(碎片副本3)（碎片）(难度3),{616=100;610=100;619=100;613=100;607=100;622=100},0,60,
6723,60403,(碎片副本3)（碎片）(难度3),{623=100;617=100;611=100;614=100;608=100;620=100},2,60,
6731,60404,(碎片副本3)（碎片）(难度3),{609=100;618=100;612=100;621=100;615=100;606=100},21,60,
6732,60404,(碎片副本3)（碎片）(难度3),{616=100;610=100;619=100;613=100;607=100;622=100},3,60,
6733,60404,(碎片副本3)（碎片）(难度4),{623=100;617=100;611=100;614=100;608=100;620=100},2,60,
6741,60405,(碎片副本3)（碎片）(难度4),{609=100;618=100;612=100;621=100;615=100;606=100},24,60,
6742,60405,(碎片副本3)（碎片）(难度4),{616=100;610=100;619=100;613=100;607=100;622=100},6,60,
6743,60405,(碎片副本3)（碎片）(难度4),{623=100;617=100;611=100;614=100;608=100;620=100},2,60,
6751,60406,(碎片副本3)（碎片）(难度4),{609=100;618=100;612=100;621=100;615=100;606=100},36,60,
6752,60406,(碎片副本3)（碎片）(难度4),{616=100;610=100;619=100;613=100;607=100;622=100},6,60,
6753,60406,(碎片副本3)（碎片）(难度5),{623=100;617=100;611=100;614=100;608=100;620=100},3,60,
6761,60407,(碎片副本3)（碎片）(难度5),{609=100;618=100;612=100;621=100;615=100;606=100},45,60,
6762,60407,(碎片副本3)（碎片）(难度5),{616=100;610=100;619=100;613=100;607=100;622=100},9,60,
6763,60407,(碎片副本3)（碎片）(难度5),{623=100;617=100;611=100;614=100;608=100;620=100},3,60,
6801,60411,(碎片副本3)（碎片）(难度5),{609=100;618=100;612=100;621=100;615=100;606=100},12,60,
6802,60411,(碎片副本3)（碎片）(难度5),{616=100;610=100;619=100;613=100;607=100;622=100},2,60,
6803,60411,(碎片副本3)（碎片）(难度6),{623=100;617=100;611=100;614=100;608=100;620=100},0,60,
6811,60412,(碎片副本3)（碎片）(难度6),{609=100;618=100;612=100;621=100;615=100;606=100},24,60,
6812,60412,(碎片副本3)（碎片）(难度6),{616=100;610=100;619=100;613=100;607=100;622=100},3,60,
6813,60412,(碎片副本3)（碎片）(难度6),{623=100;617=100;611=100;614=100;608=100;620=100},0,60,
6821,60413,(碎片副本3)（碎片）(难度6),{609=100;618=100;612=100;621=100;615=100;606=100},18,60,
6822,60413,(碎片副本3)（碎片）(难度6),{616=100;610=100;619=100;613=100;607=100;622=100},0,60,
6823,60413,(碎片副本3)（碎片）(难度6),{623=100;617=100;611=100;614=100;608=100;620=100},2,60,
6831,60414,(碎片副本3)（碎片）(难度6),{609=100;618=100;612=100;621=100;615=100;606=100},21,60,
6832,60414,(碎片副本3)（碎片）(难度6),{616=100;610=100;619=100;613=100;607=100;622=100},3,60,
6833,60414,(碎片副本3)（碎片）(难度6),{623=100;617=100;611=100;614=100;608=100;620=100},2,60,
6841,60415,(碎片副本3)（碎片）(难度6),{609=100;618=100;612=100;621=100;615=100;606=100},24,60,
6842,60415,(碎片副本3)（碎片）(难度6),{616=100;610=100;619=100;613=100;607=100;622=100},6,60,
6843,60415,,{623=100;617=100;611=100;614=100;608=100;620=100},2,60,
6851,60416,(碎片副本4)（碎片）(难度1),{609=100;618=100;612=100;621=100;615=100;606=100},36,60,
6852,60416,(碎片副本4)（碎片）(难度1),{616=100;610=100;619=100;613=100;607=100;622=100},6,60,
6853,60416,(碎片副本4)（碎片）(难度1),{623=100;617=100;611=100;614=100;608=100;620=100},3,60,
6861,60417,(碎片副本4)（碎片）(难度1),{609=100;618=100;612=100;621=100;615=100;606=100},45,60,
6862,60417,(碎片副本4)（碎片）(难度1),{616=100;610=100;619=100;613=100;607=100;622=100},9,60,
6863,60417,(碎片副本4)（碎片）(难度1),{623=100;617=100;611=100;614=100;608=100;620=100},3,60,
6901,60421,(碎片副本4)（碎片）(难度2),{609=100;618=100;612=100;621=100;615=100;606=100},12,60,
6902,60421,(碎片副本4)（碎片）(难度2),{616=100;610=100;619=100;613=100;607=100;622=100},2,60,
6903,60421,(碎片副本4)（碎片）(难度2),{623=100;617=100;611=100;614=100;608=100;620=100},0,60,
6911,60422,(碎片副本4)（碎片）(难度2),{609=100;618=100;612=100;621=100;615=100;606=100},24,60,
6912,60422,(碎片副本4)（碎片）(难度2),{616=100;610=100;619=100;613=100;607=100;622=100},3,60,
6913,60422,(碎片副本4)（碎片）(难度2),{623=100;617=100;611=100;614=100;608=100;620=100},0,60,
6921,60423,(碎片副本4)（碎片）(难度3),{609=100;618=100;612=100;621=100;615=100;606=100},18,60,
6922,60423,(碎片副本4)（碎片）(难度3),{616=100;610=100;619=100;613=100;607=100;622=100},0,60,
6923,60423,(碎片副本4)（碎片）(难度3),{623=100;617=100;611=100;614=100;608=100;620=100},2,60,
6931,60424,(碎片副本4)（碎片）(难度3),{609=100;618=100;612=100;621=100;615=100;606=100},21,60,
6932,60424,(碎片副本4)（碎片）(难度3),{616=100;610=100;619=100;613=100;607=100;622=100},3,60,
6933,60424,(碎片副本4)（碎片）(难度3),{623=100;617=100;611=100;614=100;608=100;620=100},2,60,
6941,60425,(碎片副本4)（碎片）(难度4),{609=100;618=100;612=100;621=100;615=100;606=100},24,60,
6942,60425,(碎片副本4)（碎片）(难度4),{616=100;610=100;619=100;613=100;607=100;622=100},6,60,
6943,60425,(碎片副本4)（碎片）(难度4),{623=100;617=100;611=100;614=100;608=100;620=100},2,60,
6951,60426,(碎片副本4)（碎片）(难度4),{609=100;618=100;612=100;621=100;615=100;606=100},36,60,
6952,60426,(碎片副本4)（碎片）(难度4),{616=100;610=100;619=100;613=100;607=100;622=100},6,60,
6953,60426,(碎片副本4)（碎片）(难度4),{623=100;617=100;611=100;614=100;608=100;620=100},3,60,
6961,60427,(碎片副本4)（碎片）(难度5),{609=100;618=100;612=100;621=100;615=100;606=100},45,60,
6962,60427,(碎片副本4)（碎片）(难度5),{616=100;610=100;619=100;613=100;607=100;622=100},9,60,
6963,60427,(碎片副本4)（碎片）(难度5),{623=100;617=100;611=100;614=100;608=100;620=100},3,60,
7001,60431,(碎片副本4)（碎片）(难度5),{609=100;618=100;612=100;621=100;615=100;606=100},12,60,
7002,60431,(碎片副本4)（碎片）(难度5),{616=100;610=100;619=100;613=100;607=100;622=100},2,60,
7003,60431,(碎片副本4)（碎片）(难度5),{623=100;617=100;611=100;614=100;608=100;620=100},0,60,
7011,60432,(碎片副本4)（碎片）(难度6),{609=100;618=100;612=100;621=100;615=100;606=100},24,60,
7012,60432,(碎片副本4)（碎片）(难度6),{616=100;610=100;619=100;613=100;607=100;622=100},3,60,
7013,60432,(碎片副本4)（碎片）(难度6),{623=100;617=100;611=100;614=100;608=100;620=100},0,60,
7021,60433,(碎片副本4)（碎片）(难度6),{609=100;618=100;612=100;621=100;615=100;606=100},18,60,
7022,60433,(碎片副本4)（碎片）(难度6),{616=100;610=100;619=100;613=100;607=100;622=100},0,60,
7023,60433,(碎片副本4)（碎片）(难度6),{623=100;617=100;611=100;614=100;608=100;620=100},2,60,
7031,60434,(碎片副本4)（碎片）(难度6),{609=100;618=100;612=100;621=100;615=100;606=100},21,60,
7032,60434,(碎片副本4)（碎片）(难度6),{616=100;610=100;619=100;613=100;607=100;622=100},3,60,
7033,60434,(碎片副本4)（碎片）(难度6),{623=100;617=100;611=100;614=100;608=100;620=100},2,60,
7041,60435,(碎片副本4)（碎片）(难度6),{609=100;618=100;612=100;621=100;615=100;606=100},24,60,
7042,60435,(碎片副本4)（碎片）(难度6),{616=100;610=100;619=100;613=100;607=100;622=100},6,60,
7043,60435,(碎片副本4)（碎片）(难度6),{623=100;617=100;611=100;614=100;608=100;620=100},2,60,
7051,60436,,{609=100;618=100;612=100;621=100;615=100;606=100},36,60,
7052,60436,(碎片副本5)（碎片）(难度1),{616=100;610=100;619=100;613=100;607=100;622=100},6,60,
7053,60436,(碎片副本5)（碎片）(难度1),{623=100;617=100;611=100;614=100;608=100;620=100},3,60,
7061,60437,(碎片副本5)（碎片）(难度1),{609=100;618=100;612=100;621=100;615=100;606=100},45,60,
7062,60437,(碎片副本5)（碎片）(难度1),{616=100;610=100;619=100;613=100;607=100;622=100},9,60,
7063,60437,(碎片副本5)（碎片）(难度1),{623=100;617=100;611=100;614=100;608=100;620=100},3,60,
7101,60441,(碎片副本5)（碎片）(难度1),{609=100;618=100;612=100;621=100;615=100;606=100},12,60,
7102,60441,(碎片副本5)（碎片）(难度2),{616=100;610=100;619=100;613=100;607=100;622=100},2,60,
7103,60441,(碎片副本5)（碎片）(难度2),{623=100;617=100;611=100;614=100;608=100;620=100},0,60,
7111,60442,(碎片副本5)（碎片）(难度2),{609=100;618=100;612=100;621=100;615=100;606=100},24,60,
7112,60442,(碎片副本5)（碎片）(难度2),{616=100;610=100;619=100;613=100;607=100;622=100},3,60,
7113,60442,(碎片副本5)（碎片）(难度2),{623=100;617=100;611=100;614=100;608=100;620=100},0,60,
7121,60443,(碎片副本5)（碎片）(难度2),{609=100;618=100;612=100;621=100;615=100;606=100},18,60,
7122,60443,(碎片副本5)（碎片）(难度3),{616=100;610=100;619=100;613=100;607=100;622=100},0,60,
7123,60443,(碎片副本5)（碎片）(难度3),{623=100;617=100;611=100;614=100;608=100;620=100},2,60,
7131,60444,(碎片副本5)（碎片）(难度3),{609=100;618=100;612=100;621=100;615=100;606=100},21,60,
7132,60444,(碎片副本5)（碎片）(难度3),{616=100;610=100;619=100;613=100;607=100;622=100},3,60,
7133,60444,(碎片副本5)（碎片）(难度3),{623=100;617=100;611=100;614=100;608=100;620=100},2,60,
7141,60445,(碎片副本5)（碎片）(难度3),{609=100;618=100;612=100;621=100;615=100;606=100},24,60,
7142,60445,(碎片副本5)（碎片）(难度4),{616=100;610=100;619=100;613=100;607=100;622=100},6,60,
7143,60445,(碎片副本5)（碎片）(难度4),{623=100;617=100;611=100;614=100;608=100;620=100},2,60,
7151,60446,(碎片副本5)（碎片）(难度4),{609=100;618=100;612=100;621=100;615=100;606=100},36,60,
7152,60446,(碎片副本5)（碎片）(难度4),{616=100;610=100;619=100;613=100;607=100;622=100},6,60,
7153,60446,(碎片副本5)（碎片）(难度4),{623=100;617=100;611=100;614=100;608=100;620=100},3,60,
7161,60447,(碎片副本5)（碎片）(难度4),{609=100;618=100;612=100;621=100;615=100;606=100},45,60,
7162,60447,(碎片副本5)（碎片）(难度5),{616=100;610=100;619=100;613=100;607=100;622=100},9,60,
7163,60447,(碎片副本5)（碎片）(难度5),{623=100;617=100;611=100;614=100;608=100;620=100},3,60,
7201,60301,(碎片副本5)（碎片）(难度5),{20271=100},,35,
7202,60301,(碎片副本5)（碎片）(难度5),{20261=100},,35,
7203,60301,(碎片副本5)（碎片）(难度5),{20751=100},,35,
7204,60301,(碎片副本5)（碎片）(难度5),{20131=100},,75,
7205,60301,(碎片副本5)（碎片）(难度6),{21241=100},,75,
7206,60301,(碎片副本5)（碎片）(难度6),{22011=100},,75,
7211,60302,(碎片副本5)（碎片）(难度6),{20271=100},,35,
7212,60302,(碎片副本5)（碎片）(难度6),{20261=100},,35,
7213,60302,(碎片副本5)（碎片）(难度6),{20751=100},,35,
7214,60302,(碎片副本5)（碎片）(难度6),{20131=100},,75,
7215,60302,(碎片副本5)（碎片）(难度6),{21241=100},,75,
7216,60302,(碎片副本5)（碎片）(难度6),{22011=100},,75,
7221,60303,(碎片副本5)（碎片）(难度6),{20271=100},,35,
7222,60303,(碎片副本5)（碎片）(难度6),{20261=100},,35,
7223,60303,(碎片副本5)（碎片）(难度6),{20751=100},,35,
7224,60303,(碎片副本5)（碎片）(难度6),{20131=100},,75,
7225,60303,,{21241=100},,75,
7226,60303,(碎片副本6)（碎片）(难度1),{22011=100},,75,
7231,60304,(碎片副本6)（碎片）(难度1),{20271=100},,35,
7232,60304,(碎片副本6)（碎片）(难度1),{20261=100},,35,
7233,60304,(碎片副本6)（碎片）(难度1),{20751=100},,35,
7234,60304,(碎片副本6)（碎片）(难度1),{20131=100},,75,
7235,60304,(碎片副本6)（碎片）(难度1),{21241=100},,75,
7236,60304,(碎片副本6)（碎片）(难度2),{22011=100},,75,
7241,60305,(碎片副本6)（碎片）(难度2),{20271=100},,35,
7242,60305,(碎片副本6)（碎片）(难度2),{20261=100},,35,
7243,60305,(碎片副本6)（碎片）(难度2),{20751=100},,35,
7244,60305,(碎片副本6)（碎片）(难度2),{20131=100},,75,
7245,60305,(碎片副本6)（碎片）(难度2),{21241=100},,75,
7246,60305,(碎片副本6)（碎片）(难度3),{22011=100},,75,
7251,60306,(碎片副本6)（碎片）(难度3),{20271=100},,35,
7252,60306,(碎片副本6)（碎片）(难度3),{20261=100},,35,
7253,60306,(碎片副本6)（碎片）(难度3),{20751=100},,35,
7254,60306,(碎片副本6)（碎片）(难度3),{20131=100},,75,
7255,60306,(碎片副本6)（碎片）(难度3),{21241=100},,75,
7256,60306,(碎片副本6)（碎片）(难度4),{22011=100},,75,
7261,60307,(碎片副本6)（碎片）(难度4),{20271=100},,35,
7262,60307,(碎片副本6)（碎片）(难度4),{20261=100},,35,
7263,60307,(碎片副本6)（碎片）(难度4),{20751=100},,35,
7264,60307,(碎片副本6)（碎片）(难度4),{20131=100},,75,
7265,60307,(碎片副本6)（碎片）(难度4),{21241=100},,75,
7266,60307,(碎片副本6)（碎片）(难度5),{22011=100},,75,
7301,60321,(碎片副本6)（碎片）(难度5),{21221=100},,35,
7302,60321,(碎片副本6)（碎片）(难度5),{20091=100},,35,
7303,60321,(碎片副本6)（碎片）(难度5),{20011=100},,35,
7304,60321,(碎片副本6)（碎片）(难度5),{21421=100},,75,
7305,60321,(碎片副本6)（碎片）(难度5),{20731=100},,75,
7306,60321,(碎片副本6)（碎片）(难度6),{22481=100},,75,
7311,60322,(碎片副本6)（碎片）(难度6),{21221=100},,35,
7312,60322,(碎片副本6)（碎片）(难度6),{20091=100},,35,
7313,60322,(碎片副本6)（碎片）(难度6),{20011=100},,35,
7314,60322,(碎片副本6)（碎片）(难度6),{21421=100},,75,
7315,60322,(碎片副本6)（碎片）(难度6),{20731=100},,75,
7316,60322,(碎片副本6)（碎片）(难度6),{22481=100},,75,
7321,60323,(碎片副本6)（碎片）(难度6),{21221=100},,35,
7322,60323,(碎片副本6)（碎片）(难度6),{20091=100},,35,
7323,60323,(碎片副本6)（碎片）(难度6),{20011=100},,35,
7324,60323,(碎片副本6)（碎片）(难度6),{21421=100},,75,
7325,60323,(碎片副本6)（碎片）(难度6),{20731=100},,75,
7326,60323,,{22481=100},,75,
7331,60324,(碎片副本7)(碎片)（难度1),{21221=100},,35,
7332,60324,(碎片副本7)(碎片)（难度1),{20091=100},,35,
7333,60324,(碎片副本7)(碎片)（难度1),{20011=100},,35,
7334,60324,(碎片副本7)(碎片)（难度1),{21421=100},,75,
7335,60324,(碎片副本7)(碎片)（难度1),{20731=100},,75,
7336,60324,(碎片副本7)(碎片)（难度1),{22481=100},,75,
7341,60325,(碎片副本7)(碎片)（难度2),{21221=100},,35,
7342,60325,(碎片副本7)(碎片)（难度2),{20091=100},,35,
7343,60325,(碎片副本7)(碎片)（难度2),{20011=100},,35,
7344,60325,(碎片副本7)(碎片)（难度2),{21421=100},,75,
7345,60325,(碎片副本7)(碎片)（难度2),{20731=100},,75,
7346,60325,(碎片副本7)(碎片)（难度2),{22481=100},,75,
7351,60326,(碎片副本7)(碎片)（难度3),{21221=100},,35,
7352,60326,(碎片副本7)(碎片)（难度3),{20091=100},,35,
7353,60326,(碎片副本7)(碎片)（难度3),{20011=100},,35,
7354,60326,(碎片副本7)(碎片)（难度3),{21421=100},,75,
7355,60326,(碎片副本7)(碎片)（难度3),{20731=100},,75,
7356,60326,(碎片副本7)(碎片)（难度3),{22481=100},,75,
7361,60327,(碎片副本7)(碎片)（难度4),{21221=100},,35,
7362,60327,(碎片副本7)(碎片)（难度4),{20091=100},,35,
7363,60327,(碎片副本7)(碎片)（难度4),{20011=100},,35,
7364,60327,(碎片副本7)(碎片)（难度4),{21421=100},,75,
7365,60327,(碎片副本7)(碎片)（难度4),{20731=100},,75,
7366,60327,(碎片副本7)(碎片)（难度4),{22481=100},,75,
7401,60341,(碎片副本7)(碎片)（难度5),{20471=100},,35,
7402,60341,(碎片副本7)(碎片)（难度5),{20391=100},,35,
7403,60341,(碎片副本7)(碎片)（难度5),{20721=100},,35,
7404,60341,(碎片副本7)(碎片)（难度5),{21611=100},,75,
7405,60341,(碎片副本7)(碎片)（难度5),{21291=100},,75,
7406,60341,(碎片副本7)(碎片)（难度5),{23291=100},,75,
7411,60342,(碎片副本7)(碎片)（难度6),{20471=100},,35,
7412,60342,(碎片副本7)(碎片)（难度6),{20391=100},,35,
7413,60342,(碎片副本7)(碎片)（难度6),{20721=100},,35,
7414,60342,(碎片副本7)(碎片)（难度6),{21611=100},,75,
7415,60342,(碎片副本7)(碎片)（难度6),{21291=100},,75,
7416,60342,(碎片副本7)(碎片)（难度6),{23291=100},,75,
7421,60343,(碎片副本7)(碎片)（难度7),{20471=100},,35,
7422,60343,(碎片副本7)(碎片)（难度7),{20391=100},,35,
7423,60343,(碎片副本7)(碎片)（难度7),{20721=100},,35,
7424,60343,(碎片副本7)(碎片)（难度7),{21611=100},,75,
7425,60343,(碎片副本7)(碎片)（难度7),{21291=100},,75,
7426,60343,(碎片副本7)(碎片)（难度7),{23291=100},,75,
7431,60344,,{20471=100},,35,
7432,60344,(碎片副本8)(碎片)（难度1),{20391=100},,35,
7433,60344,(碎片副本8)(碎片)（难度1),{20721=100},,35,
7434,60344,(碎片副本8)(碎片)（难度1),{21611=100},,75,
7435,60344,(碎片副本8)(碎片)（难度1),{21291=100},,75,
7436,60344,(碎片副本8)(碎片)（难度1),{23291=100},,75,
7441,60345,(碎片副本8)(碎片)（难度1),{20471=100},,35,
7442,60345,(碎片副本8)(碎片)（难度2),{20391=100},,35,
7443,60345,(碎片副本8)(碎片)（难度2),{20721=100},,35,
7444,60345,(碎片副本8)(碎片)（难度2),{21611=100},,75,
7445,60345,(碎片副本8)(碎片)（难度2),{21291=100},,75,
7446,60345,(碎片副本8)(碎片)（难度2),{23291=100},,75,
7451,60346,(碎片副本8)(碎片)（难度2),{20471=100},,35,
7452,60346,(碎片副本8)(碎片)（难度3),{20391=100},,35,
7453,60346,(碎片副本8)(碎片)（难度3),{20721=100},,35,
7454,60346,(碎片副本8)(碎片)（难度3),{21611=100},,75,
7455,60346,(碎片副本8)(碎片)（难度3),{21291=100},,75,
7456,60346,(碎片副本8)(碎片)（难度3),{23291=100},,75,
7461,60347,(碎片副本8)(碎片)（难度3),{20471=100},,35,
7462,60347,(碎片副本8)(碎片)（难度4),{20391=100},,35,
7463,60347,(碎片副本8)(碎片)（难度4),{20721=100},,35,
7464,60347,(碎片副本8)(碎片)（难度4),{21611=100},,75,
7465,60347,(碎片副本8)(碎片)（难度4),{21291=100},,75,
7466,60347,(碎片副本8)(碎片)（难度4),{23291=100},,75,
7501,60361,(碎片副本8)(碎片)（难度4),{21171=100},,35,
7502,60361,(碎片副本8)(碎片)（难度5),{20301=100},,35,
7503,60361,(碎片副本8)(碎片)（难度5),{20001=100},,35,
7504,60361,(碎片副本8)(碎片)（难度5),{23541=100},,75,
7505,60361,(碎片副本8)(碎片)（难度5),{20021=100},,75,
7506,60361,(碎片副本8)(碎片)（难度5),{21231=100},,75,
7511,60362,(碎片副本8)(碎片)（难度5),{21171=100},,35,
7512,60362,(碎片副本8)(碎片)（难度6),{20301=100},,35,
7513,60362,(碎片副本8)(碎片)（难度6),{20001=100},,35,
7514,60362,(碎片副本8)(碎片)（难度6),{23541=100},,75,
7515,60362,(碎片副本8)(碎片)（难度6),{20021=100},,75,
7516,60362,(碎片副本8)(碎片)（难度6),{21231=100},,75,
7521,60363,(碎片副本8)(碎片)（难度6),{21171=100},,35,
7522,60363,(碎片副本8)(碎片)（难度7),{20301=100},,35,
7523,60363,(碎片副本8)(碎片)（难度7),{20001=100},,35,
7524,60363,(碎片副本8)(碎片)（难度7),{23541=100},,75,
7525,60363,(碎片副本8)(碎片)（难度7),{20021=100},,75,
7526,60363,(碎片副本8)(碎片)（难度7),{21231=100},,75,
7531,60364,(碎片副本8)(碎片)（难度7),{21171=100},,35,
7532,60364,,{20301=100},,35,
7533,60364,(碎片副本9)(碎片)（难度1),{20001=100},,35,
7534,60364,(碎片副本9)(碎片)（难度1),{23541=100},,75,
7535,60364,(碎片副本9)(碎片)（难度1),{20021=100},,75,
7536,60364,(碎片副本9)(碎片)（难度1),{21231=100},,75,
7541,60365,(碎片副本9)(碎片)（难度1),{21171=100},,35,
7542,60365,(碎片副本9)(碎片)（难度1),{20301=100},,35,
7543,60365,(碎片副本9)(碎片)（难度2),{20001=100},,35,
7544,60365,(碎片副本9)(碎片)（难度2),{23541=100},,75,
7545,60365,(碎片副本9)(碎片)（难度2),{20021=100},,75,
7546,60365,(碎片副本9)(碎片)（难度2),{21231=100},,75,
7551,60366,(碎片副本9)(碎片)（难度2),{21171=100},,35,
7552,60366,(碎片副本9)(碎片)（难度2),{20301=100},,35,
7553,60366,(碎片副本9)(碎片)（难度3),{20001=100},,35,
7554,60366,(碎片副本9)(碎片)（难度3),{23541=100},,75,
7555,60366,(碎片副本9)(碎片)（难度3),{20021=100},,75,
7556,60366,(碎片副本9)(碎片)（难度3),{21231=100},,75,
7561,60367,(碎片副本9)(碎片)（难度3),{21171=100},,35,
7562,60367,(碎片副本9)(碎片)（难度3),{20301=100},,35,
7563,60367,(碎片副本9)(碎片)（难度4),{20001=100},,35,
7564,60367,(碎片副本9)(碎片)（难度4),{23541=100},,75,
7565,60367,(碎片副本9)(碎片)（难度4),{20021=100},,75,
7566,60367,(碎片副本9)(碎片)（难度4),{21231=100},,75,
7601,60381,(碎片副本9)(碎片)（难度4),{20631=100},,35,
7602,60381,(碎片副本9)(碎片)（难度4),{23281=100},,35,
7603,60381,(碎片副本9)(碎片)（难度5),{20791=100},,35,
7604,60381,(碎片副本9)(碎片)（难度5),{20741=100},,75,
7605,60381,(碎片副本9)(碎片)（难度5),{23301=100},,75,
7606,60381,(碎片副本9)(碎片)（难度5),{20691=100},,75,
7611,60382,(碎片副本9)(碎片)（难度5),{20631=100},,35,
7612,60382,(碎片副本9)(碎片)（难度5),{23281=100},,35,
7613,60382,(碎片副本9)(碎片)（难度6),{20791=100},,35,
7614,60382,(碎片副本9)(碎片)（难度6),{20741=100},,75,
7615,60382,(碎片副本9)(碎片)（难度6),{23301=100},,75,
7616,60382,(碎片副本9)(碎片)（难度6),{20691=100},,75,
7621,60383,(碎片副本9)(碎片)（难度6),{20631=100},,35,
7622,60383,(碎片副本9)(碎片)（难度6),{23281=100},,35,
7623,60383,(碎片副本9)(碎片)（难度7),{20791=100},,35,
7624,60383,(碎片副本9)(碎片)（难度7),{20741=100},,75,
7625,60383,(碎片副本9)(碎片)（难度7),{23301=100},,75,
7626,60383,(碎片副本9)(碎片)（难度7),{20691=100},,75,
7631,60384,(碎片副本9)(碎片)（难度7),{20631=100},,35,
7632,60384,(碎片副本9)(碎片)（难度7),{23281=100},,35,
7633,60384,,{20791=100},,35,
7634,60384,(碎片副本10)(碎片)（难度1),{20741=100},,75,
7635,60384,(碎片副本10)(碎片)（难度1),{23301=100},,75,
7636,60384,(碎片副本10)(碎片)（难度1),{20691=100},,75,
7641,60385,(碎片副本10)(碎片)（难度1),{20631=100},,35,
7642,60385,(碎片副本10)(碎片)（难度1),{23281=100},,35,
7643,60385,(碎片副本10)(碎片)（难度1),{20791=100},,35,
7644,60385,(碎片副本10)(碎片)（难度2),{20741=100},,75,
7645,60385,(碎片副本10)(碎片)（难度2),{23301=100},,75,
7646,60385,(碎片副本10)(碎片)（难度2),{20691=100},,75,
7651,60386,(碎片副本10)(碎片)（难度2),{20631=100},,35,
7652,60386,(碎片副本10)(碎片)（难度2),{23281=100},,35,
7653,60386,(碎片副本10)(碎片)（难度2),{20791=100},,35,
7654,60386,(碎片副本10)(碎片)（难度3),{20741=100},,75,
7655,60386,(碎片副本10)(碎片)（难度3),{23301=100},,75,
7656,60386,(碎片副本10)(碎片)（难度3),{20691=100},,75,
7661,60387,(碎片副本10)(碎片)（难度3),{20631=100},,35,
7662,60387,(碎片副本10)(碎片)（难度3),{23281=100},,35,
7663,60387,(碎片副本10)(碎片)（难度3),{20791=100},,35,
7664,60387,(碎片副本10)(碎片)（难度4),{20741=100},,75,
7665,60387,(碎片副本10)(碎片)（难度4),{23301=100},,75,
7666,60387,(碎片副本10)(碎片)（难度4),{20691=100},,75,
7701,60401,(碎片副本10)(碎片)（难度4),{21251=100},,35,
7702,60401,(碎片副本10)(碎片)（难度4),{20591=100},,35,
7703,60401,(碎片副本10)(碎片)（难度4),{22271=100},,35,
7704,60401,(碎片副本10)(碎片)（难度5),{23471=100},,75,
7705,60401,(碎片副本10)(碎片)（难度5),{20601=100},,75,
7706,60401,(碎片副本10)(碎片)（难度5),{20331=100},,75,
7711,60402,(碎片副本10)(碎片)（难度5),{21251=100},,35,
7712,60402,(碎片副本10)(碎片)（难度5),{20591=100},,35,
7713,60402,(碎片副本10)(碎片)（难度5),{22271=100},,35,
7714,60402,(碎片副本10)(碎片)（难度6),{23471=100},,75,
7715,60402,(碎片副本10)(碎片)（难度6),{20601=100},,75,
7716,60402,(碎片副本10)(碎片)（难度6),{20331=100},,75,
7721,60403,(碎片副本10)(碎片)（难度6),{21251=100},,35,
7722,60403,(碎片副本10)(碎片)（难度6),{20591=100},,35,
7723,60403,(碎片副本10)(碎片)（难度6),{22271=100},,35,
7724,60403,(碎片副本10)(碎片)（难度7),{23471=100},,75,
7725,60403,(碎片副本10)(碎片)（难度7),{20601=100},,75,
7726,60403,(碎片副本10)(碎片)（难度7),{20331=100},,75,
7731,60404,(碎片副本10)(碎片)（难度7),{21251=100},,35,
7732,60404,(碎片副本10)(碎片)（难度7),{20591=100},,35,
7733,60404,(碎片副本10)(碎片)（难度7),{22271=100},,35,
7734,60404,,{23471=100},,75,
7735,60404,(碎片副本1)（蓝色潜能）(难度1),{20601=100},,75,
7736,60404,(碎片副本1)（紫色潜能）(难度1),{20331=100},,75,
7741,60405,(碎片副本1)（暂无）(难度1),{21251=100},,35,
7742,60405,(碎片副本1)（蓝色潜能）(难度2),{20591=100},,35,
7743,60405,(碎片副本1)（紫色潜能）(难度2),{22271=100},,35,
7744,60405,(碎片副本1)（暂无）(难度2),{23471=100},,75,
7745,60405,(碎片副本1)（蓝色潜能）(难度3),{20601=100},,75,
7746,60405,(碎片副本1)（紫色潜能）(难度3),{20331=100},,75,
7751,60406,(碎片副本1)（暂无）(难度3),{21251=100},,35,
7752,60406,(碎片副本1)（蓝色潜能）(难度4),{20591=100},,35,
7753,60406,(碎片副本1)（紫色潜能）(难度4),{22271=100},,35,
7754,60406,(碎片副本1)（暂无）(难度4),{23471=100},,75,
7755,60406,(碎片副本1)（蓝色潜能）(难度5),{20601=100},,75,
7756,60406,(碎片副本1)（紫色潜能）(难度5),{20331=100},,75,
7761,60407,(碎片副本1)（暂无）(难度5),{21251=100},,35,
7762,60407,(碎片副本1)（蓝色潜能）(难度6),{20591=100},,35,
7763,60407,(碎片副本1)（紫色潜能）(难度6),{22271=100},,35,
7764,60407,(碎片副本1)（暂无）(难度6),{23471=100},,75,
7765,60407,(碎片副本1)（蓝色潜能）(难度7),{20601=100},,75,
7766,60407,(碎片副本1)（紫色潜能）(难度7),{20331=100},,75,
7801,60411,(碎片副本1)（暂无）(难度7),{20051=100},,35,
7802,60411,,{20801=100},,35,
7803,60411,(碎片副本2)（蓝色潜能）(难度1),{22631=100},,35,
7804,60411,(碎片副本2)（紫色潜能）(难度1),{21841=100},,75,
7805,60411,(碎片副本2)（暂无）(难度1),{23351=100},,75,
7806,60411,(碎片副本2)（蓝色潜能）(难度2),{23411=100},,75,
7811,60412,(碎片副本2)（紫色潜能）(难度2),{20051=100},,35,
7812,60412,(碎片副本2)（暂无）(难度2),{20801=100},,35,
7813,60412,(碎片副本2)（蓝色潜能）(难度3),{22631=100},,35,
7814,60412,(碎片副本2)（紫色潜能）(难度3),{21841=100},,75,
7815,60412,(碎片副本2)（暂无）(难度3),{23351=100},,75,
7816,60412,(碎片副本2)（蓝色潜能）(难度4),{23411=100},,75,
7821,60413,(碎片副本2)（紫色潜能）(难度4),{20051=100},,35,
7822,60413,(碎片副本2)（暂无）(难度4),{20801=100},,35,
7823,60413,(碎片副本2)（蓝色潜能）(难度5),{22631=100},,35,
7824,60413,(碎片副本2)（紫色潜能）(难度5),{21841=100},,75,
7825,60413,(碎片副本2)（暂无）(难度5),{23351=100},,75,
7826,60413,(碎片副本2)（蓝色潜能）(难度6),{23411=100},,75,
7831,60414,(碎片副本2)（紫色潜能）(难度6),{20051=100},,35,
7832,60414,(碎片副本2)（暂无）(难度6),{20801=100},,35,
7833,60414,(碎片副本2)（蓝色潜能）(难度7),{22631=100},,35,
7834,60414,(碎片副本2)（紫色潜能）(难度7),{21841=100},,75,
7835,60414,(碎片副本2)（暂无）(难度7),{23351=100},,75,
7836,60414,,{23411=100},,75,
7841,60415,(碎片副本3)（蓝色潜能）(难度1),{20051=100},,35,
7842,60415,(碎片副本3)（紫色潜能）(难度1),{20801=100},,35,
7843,60415,(碎片副本3)（暂无）(难度1),{22631=100},,35,
7844,60415,(碎片副本3)（蓝色潜能）(难度2),{21841=100},,75,
7845,60415,(碎片副本3)（紫色潜能）(难度2),{23351=100},,75,
7846,60415,(碎片副本3)（暂无）(难度2),{23411=100},,75,
7851,60416,(碎片副本3)（蓝色潜能）(难度3),{20051=100},,35,
7852,60416,(碎片副本3)（紫色潜能）(难度3),{20801=100},,35,
7853,60416,(碎片副本3)（暂无）(难度3),{22631=100},,35,
7854,60416,(碎片副本3)（蓝色潜能）(难度4),{21841=100},,75,
7855,60416,(碎片副本3)（紫色潜能）(难度4),{23351=100},,75,
7856,60416,(碎片副本3)（暂无）(难度4),{23411=100},,75,
7861,60417,(碎片副本3)（蓝色潜能）(难度5),{20051=100},,35,
7862,60417,(碎片副本3)（紫色潜能）(难度5),{20801=100},,35,
7863,60417,(碎片副本3)（暂无）(难度5),{22631=100},,35,
7864,60417,(碎片副本3)（蓝色潜能）(难度6),{21841=100},,75,
7865,60417,(碎片副本3)（紫色潜能）(难度6),{23351=100},,75,
7866,60417,(碎片副本3)（暂无）(难度6),{23411=100},,75,
7901,60421,(碎片副本3)（蓝色潜能）(难度7),{20461=100},,35,
7902,60421,(碎片副本3)（紫色潜能）(难度7),{21441=100},,35,
7903,60421,(碎片副本3)（暂无）(难度7),{22871=100},,35,
7904,60421,,{21071=100},,75,
7905,60421,(碎片副本4)（蓝色潜能）(难度1),{23141=100},,75,
7906,60421,(碎片副本4)（紫色潜能）(难度1),{21391=100},,75,
7911,60422,(碎片副本4)（暂无）(难度1),{20461=100},,35,
7912,60422,(碎片副本4)（蓝色潜能）(难度2),{21441=100},,35,
7913,60422,(碎片副本4)（紫色潜能）(难度2),{22871=100},,35,
7914,60422,(碎片副本4)（暂无）(难度2),{21071=100},,75,
7915,60422,(碎片副本4)（蓝色潜能）(难度3),{23141=100},,75,
7916,60422,(碎片副本4)（紫色潜能）(难度3),{21391=100},,75,
7921,60423,(碎片副本4)（暂无）(难度3),{20461=100},,35,
7922,60423,(碎片副本4)（蓝色潜能）(难度4),{21441=100},,35,
7923,60423,(碎片副本4)（紫色潜能）(难度4),{22871=100},,35,
7924,60423,(碎片副本4)（暂无）(难度4),{21071=100},,75,
7925,60423,(碎片副本4)（蓝色潜能）(难度5),{23141=100},,75,
7926,60423,(碎片副本4)（紫色潜能）(难度5),{21391=100},,75,
7931,60424,(碎片副本4)（暂无）(难度5),{20461=100},,35,
7932,60424,(碎片副本4)（蓝色潜能）(难度6),{21441=100},,35,
7933,60424,(碎片副本4)（紫色潜能）(难度6),{22871=100},,35,
7934,60424,(碎片副本4)（暂无）(难度6),{21071=100},,75,
7935,60424,(碎片副本4)（蓝色潜能）(难度7),{23141=100},,75,
7936,60424,(碎片副本4)（紫色潜能）(难度7),{21391=100},,75,
7941,60425,(碎片副本4)（暂无）(难度7),{20461=100},,35,
7942,60425,,{21441=100},,35,
7943,60425,(碎片副本5)（蓝色潜能）(难度1),{22871=100},,35,
7944,60425,(碎片副本5)（紫色潜能）(难度1),{21071=100},,75,
7945,60425,(碎片副本5)（暂无）(难度1),{23141=100},,75,
7946,60425,(碎片副本5)（蓝色潜能）(难度2),{21391=100},,75,
7951,60426,(碎片副本5)（紫色潜能）(难度2),{20461=100},,35,
7952,60426,(碎片副本5)（暂无）(难度2),{21441=100},,35,
7953,60426,(碎片副本5)（蓝色潜能）(难度3),{22871=100},,35,
7954,60426,(碎片副本5)（紫色潜能）(难度3),{21071=100},,75,
7955,60426,(碎片副本5)（暂无）(难度3),{23141=100},,75,
7956,60426,(碎片副本5)（蓝色潜能）(难度4),{21391=100},,75,
7961,60427,(碎片副本5)（紫色潜能）(难度4),{20461=100},,35,
7962,60427,(碎片副本5)（暂无）(难度4),{21441=100},,35,
7963,60427,(碎片副本5)（蓝色潜能）(难度5),{22871=100},,35,
7964,60427,(碎片副本5)（紫色潜能）(难度5),{21071=100},,75,
7965,60427,(碎片副本5)（暂无）(难度5),{23141=100},,75,
7966,60427,(碎片副本5)（蓝色潜能）(难度6),{21391=100},,75,
8001,60431,(碎片副本5)（紫色潜能）(难度6),{20481=100},,35,
8002,60431,(碎片副本5)（暂无）(难度6),{22071=100},,35,
8003,60431,(碎片副本5)（蓝色潜能）(难度7),{23011=100},,35,
8004,60431,(碎片副本5)（紫色潜能）(难度7),{23501=100},,75,
8005,60431,(碎片副本5)（暂无）(难度7),{21501=100},,75,
8006,60431,,{20571=100},,75,
8011,60432,(碎片副本6)（蓝色潜能）(难度1),{20481=100},,35,
8012,60432,(碎片副本6)（紫色潜能）(难度1),{22071=100},,35,
8013,60432,(碎片副本6)（暂无）(难度1),{23011=100},,35,
8014,60432,(碎片副本6)（蓝色潜能）(难度2),{23501=100},,75,
8015,60432,(碎片副本6)（紫色潜能）(难度2),{21501=100},,75,
8016,60432,(碎片副本6)（暂无）(难度2),{20571=100},,75,
8021,60433,(碎片副本6)（蓝色潜能）(难度3),{20481=100},,35,
8022,60433,(碎片副本6)（紫色潜能）(难度3),{22071=100},,35,
8023,60433,(碎片副本6)（暂无）(难度3),{23011=100},,35,
8024,60433,(碎片副本6)（蓝色潜能）(难度4),{23501=100},,75,
8025,60433,(碎片副本6)（紫色潜能）(难度4),{21501=100},,75,
8026,60433,(碎片副本6)（暂无）(难度4),{20571=100},,75,
8031,60434,(碎片副本6)（蓝色潜能）(难度5),{20481=100},,35,
8032,60434,(碎片副本6)（紫色潜能）(难度5),{22071=100},,35,
8033,60434,(碎片副本6)（暂无）(难度5),{23011=100},,35,
8034,60434,(碎片副本6)（蓝色潜能）(难度6),{23501=100},,75,
8035,60434,(碎片副本6)（紫色潜能）(难度6),{21501=100},,75,
8036,60434,(碎片副本6)（暂无）(难度6),{20571=100},,75,
8041,60435,(碎片副本6)（蓝色潜能）(难度7),{20481=100},,35,
8042,60435,(碎片副本6)（紫色潜能）(难度7),{22071=100},,35,
8043,60435,(碎片副本6)（暂无）(难度7),{23011=100},,35,
8044,60435,,{23501=100},,75,
8045,60435,(碎片副本7)(蓝色潜能)（难度1),{21501=100},,75,
8046,60435,(碎片副本7)(紫色色潜能)（难度1),{20571=100},,75,
8051,60436,(碎片副本7)(暂无)（难度1),{20481=100},,35,
8052,60436,(碎片副本7)(蓝色潜能)（难度2),{22071=100},,35,
8053,60436,(碎片副本7)(紫色色潜能)（难度2),{23011=100},,35,
8054,60436,(碎片副本7)(暂无)（难度2),{23501=100},,75,
8055,60436,(碎片副本7)(蓝色潜能)（难度3),{21501=100},,75,
8056,60436,(碎片副本7)(紫色色潜能)（难度3),{20571=100},,75,
8061,60437,(碎片副本7)(暂无)（难度3),{20481=100},,35,
8062,60437,(碎片副本7)(蓝色潜能)（难度4),{22071=100},,35,
8063,60437,(碎片副本7)(紫色色潜能)（难度4),{23011=100},,35,
8064,60437,(碎片副本7)(暂无)（难度4),{23501=100},,75,
8065,60437,(碎片副本7)(蓝色潜能)（难度5),{21501=100},,75,
8066,60437,(碎片副本7)(紫色色潜能)（难度5),{20571=100},,75,
8101,60441,(碎片副本7)(暂无)（难度5),{20551=100},,35,
8102,60441,(碎片副本7)(蓝色潜能)（难度6),{22301=100},,35,
8103,60441,(碎片副本7)(紫色色潜能)（难度6),{23341=100},,35,
8104,60441,(碎片副本7)(暂无)（难度6),{23431=100},,75,
8105,60441,(碎片副本7)(蓝色潜能)（难度7),{21811=100},,75,
8106,60441,(碎片副本7)(紫色色潜能)（难度7),{23021=100},,75,
8111,60442,(碎片副本7)(暂无)（难度7),{20551=100},,35,
8112,60442,,{22301=100},,35,
8113,60442,(碎片副本8)(蓝色潜能)（难度1),{23341=100},,35,
8114,60442,(碎片副本8)(紫色色潜能)（难度1),{23431=100},,75,
8115,60442,(碎片副本8)(暂无)（难度1),{21811=100},,75,
8116,60442,(碎片副本8)(蓝色潜能)（难度2),{23021=100},,75,
8121,60443,(碎片副本8)(紫色色潜能)（难度2),{20551=100},,35,
8122,60443,(碎片副本8)(暂无)（难度2),{22301=100},,35,
8123,60443,(碎片副本8)(蓝色潜能)（难度3),{23341=100},,35,
8124,60443,(碎片副本8)(紫色色潜能)（难度3),{23431=100},,75,
8125,60443,(碎片副本8)(暂无)（难度3),{21811=100},,75,
8126,60443,(碎片副本8)(蓝色潜能)（难度4),{23021=100},,75,
8131,60444,(碎片副本8)(紫色色潜能)（难度4),{20551=100},,35,
8132,60444,(碎片副本8)(暂无)（难度4),{22301=100},,35,
8133,60444,(碎片副本8)(蓝色潜能)（难度5),{23341=100},,35,
8134,60444,(碎片副本8)(紫色色潜能)（难度5),{23431=100},,75,
8135,60444,(碎片副本8)(暂无)（难度5),{21811=100},,75,
8136,60444,(碎片副本8)(蓝色潜能)（难度6),{23021=100},,75,
8141,60445,(碎片副本8)(紫色色潜能)（难度6),{20551=100},,35,
8142,60445,(碎片副本8)(暂无)（难度6),{22301=100},,35,
8143,60445,(碎片副本8)(蓝色潜能)（难度7),{23341=100},,35,
8144,60445,(碎片副本8)(紫色色潜能)（难度7),{23431=100},,75,
8145,60445,(碎片副本8)(暂无)（难度7),{21811=100},,75,
8146,60445,,{23021=100},,75,
8151,60446,(碎片副本9)(蓝色潜能)（难度1),{20551=100},,35,
8152,60446,(碎片副本9)(紫色色潜能)（难度1),{22301=100},,35,
8153,60446,(碎片副本9)(暂无)（难度1),{23341=100},,35,
8154,60446,(碎片副本9)(蓝色潜能)（难度2),{23431=100},,75,
8155,60446,(碎片副本9)(紫色色潜能)（难度2),{21811=100},,75,
8156,60446,(碎片副本9)(暂无)（难度2),{23021=100},,75,
8161,60447,(碎片副本9)(蓝色潜能)（难度3),{20551=100},,35,
8162,60447,(碎片副本9)(紫色色潜能)（难度3),{22301=100},,35,
8163,60447,(碎片副本9)(暂无)（难度3),{23341=100},,35,
8164,60447,(碎片副本9)(蓝色潜能)（难度4),{23431=100},,75,
8165,60447,(碎片副本9)(紫色色潜能)（难度4),{21811=100},,75,
8166,60447,(碎片副本9)(暂无)（难度4),{23021=100},,75,
8201,60301,(碎片副本9)(蓝色潜能)（难度5),{850=100},0,,
8202,60301,(碎片副本9)(紫色色潜能)（难度5),{851=100},0,,
8203,60301,(碎片副本9)(暂无)（难度5),{850=100},0,,
8211,60302,(碎片副本9)(蓝色潜能)（难度6),{850=100},54,81,
8212,60302,(碎片副本9)(紫色色潜能)（难度6),{851=100},17,73,
8213,60302,(碎片副本9)(暂无)（难度6),{850=100},0,,
8221,60303,(碎片副本9)(蓝色潜能)（难度7),{850=100},60,80,
8222,60303,(碎片副本9)(紫色色潜能)（难度7),{851=100},18,75,
8223,60303,(碎片副本9)(暂无)（难度7),{850=100},0,,
8231,60304,,{850=100},66,79,
8232,60304,(碎片副本10)(蓝色潜能)（难度1),{851=100},21,71,
8233,60304,(碎片副本10)(紫色色潜能)（难度1),{850=100},0,,
8241,60305,(碎片副本10)(暂无)（难度1),{850=100},72,78,
8242,60305,(碎片副本10)(蓝色潜能)（难度2),{851=100},23,73,
8243,60305,(碎片副本10)(紫色色潜能)（难度2),{850=100},0,,
8251,60306,(碎片副本10)(暂无)（难度2),{850=100},78,77,
8252,60306,(碎片副本10)(蓝色潜能)（难度3),{851=100},24,75,
8253,60306,(碎片副本10)(紫色色潜能)（难度3),{850=100},0,,
8261,60307,(碎片副本10)(暂无)（难度3),{850=100},84,77,
8262,60307,(碎片副本10)(蓝色潜能)（难度4),{851=100},26,75,
8263,60307,(碎片副本10)(紫色色潜能)（难度4),{850=100},0,,
8301,60321,(碎片副本10)(暂无)（难度4),{850=100},0,,
8302,60321,(碎片副本10)(蓝色潜能)（难度5),{851=100},0,,
8303,60321,(碎片副本10)(紫色色潜能)（难度5),{850=100},0,,
8311,60322,(碎片副本10)(暂无)（难度5),{850=100},54,81,
8312,60322,(碎片副本10)(蓝色潜能)（难度6),{851=100},17,73,
8313,60322,(碎片副本10)(紫色色潜能)（难度6),{850=100},0,,
8321,60323,(碎片副本10)(暂无)（难度6),{850=100},60,80,
8322,60323,(碎片副本10)(蓝色潜能)（难度7),{851=100},18,75,
8323,60323,(碎片副本10)(紫色色潜能)（难度7),{850=100},0,,
8331,60324,(碎片副本10)(暂无)（难度7),{850=100},66,79,
8332,60324,,{851=100},21,71,
8333,60324,(劳动节活动本)（卡比兽碎片）(难度1),{850=100},0,,
8341,60325,(劳动节活动本)（兑换道具蓝色）(难度1),{850=100},72,78,
8342,60325,(劳动节活动本)（兑换道具紫色）(难度1),{851=100},23,73,
8343,60325,(劳动节活动本)（卡比兽碎片）(难度2),{850=100},0,,
8351,60326,(劳动节活动本)（兑换道具蓝色）(难度2),{850=100},78,77,
8352,60326,(劳动节活动本)（兑换道具紫色）(难度2),{851=100},24,75,
8353,60326,(劳动节活动本)（卡比兽碎片）(难度3),{850=100},0,,
8361,60327,(劳动节活动本)（兑换道具蓝色）(难度3),{850=100},84,77,
8362,60327,(劳动节活动本)（兑换道具紫色）(难度3),{851=100},26,75,
8363,60327,(劳动节活动本)（卡比兽碎片）(难度4),{850=100},0,,
8401,60341,(劳动节活动本)（兑换道具蓝色）(难度4),{850=100},0,,
8402,60341,(劳动节活动本)（兑换道具紫色）(难度4),{851=100},0,,
8403,60341,(劳动节活动本)（卡比兽碎片）(难度5),{850=100},0,,
8411,60342,(劳动节活动本)（兑换道具蓝色）(难度5),{850=100},54,81,
8412,60342,(劳动节活动本)（兑换道具紫色）(难度5),{851=100},17,73,
8413,60342,(劳动节活动本)（卡比兽碎片）(难度6),{850=100},0,,
8421,60343,(劳动节活动本)（兑换道具蓝色）(难度6),{850=100},60,80,
8422,60343,(劳动节活动本)（兑换道具紫色）(难度6),{851=100},18,75,
8423,60343,,{850=100},0,,
8431,60344,(劳动节活动本)（金币）(难度1),{850=100},66,79,
8432,60344,(劳动节活动本)（金币）(难度1),{851=100},21,71,
8433,60344,(劳动节活动本)（金币）(难度1),{850=100},0,,
8441,60345,(劳动节活动本)（金币）(难度1),{850=100},72,78,
8442,60345,(劳动节活动本)（金币）(难度1),{851=100},23,73,
8443,60345,(劳动节活动本)（金币）(难度1),{850=100},0,,
8451,60346,,{850=100},78,77,
8452,60346,(圣诞节活动本)（红蓝水都碎片）(难度1),{851=100},24,75,
8453,60346,(圣诞节活动本)（红蓝水都碎片）(难度1),{850=100},0,,
8461,60347,(圣诞节活动本)（雪球）(难度1),{850=100},84,77,
8462,60347,(圣诞节活动本)（红蓝水都碎片）(难度2),{851=100},26,75,
8463,60347,(圣诞节活动本)（红蓝水都碎片）(难度2),{850=100},0,,
8501,60361,(圣诞节活动本)（雪球）(难度2),{850=100},0,,
8502,60361,(圣诞节活动本)（红蓝水都碎片）(难度3),{851=100},0,,
8503,60361,(圣诞节活动本)（红蓝水都碎片）(难度3),{850=100},0,,
8511,60362,(圣诞节活动本)（雪球）(难度3),{850=100},54,81,
8512,60362,(圣诞节活动本)（红蓝水都碎片）(难度4),{851=100},17,73,
8513,60362,(圣诞节活动本)（红蓝水都碎片）(难度4),{850=100},0,,
8521,60363,(圣诞节活动本)（雪球）(难度4),{850=100},60,80,
8522,60363,(圣诞节活动本)（红蓝水都碎片）(难度5),{851=100},18,75,
8523,60363,(圣诞节活动本)（红蓝水都碎片）(难度5),{850=100},0,,
8531,60364,(圣诞节活动本)（雪球）(难度5),{850=100},66,79,
8532,60364,(圣诞节活动本)（红蓝水都碎片）(难度6),{851=100},21,71,
8533,60364,(圣诞节活动本)（红蓝水都碎片）(难度6),{850=100},0,,
8541,60365,(圣诞节活动本)（雪球）(难度6),{850=100},72,78,
8542,60365,,{851=100},23,73,
8543,60365,(圣诞节活动本)（金币）(难度1),{850=100},0,,
8551,60366,(圣诞节活动本)（金币）(难度1),{850=100},78,77,
8552,60366,(圣诞节活动本)（金币）(难度1),{851=100},24,75,
8553,60366,(圣诞节活动本)（金币）(难度1),{850=100},0,,
8561,60367,(圣诞节活动本)（金币）(难度1),{850=100},84,77,
8562,60367,(圣诞节活动本)（金币）(难度1),{851=100},26,75,
8563,60367,,{850=100},0,,
8601,60381,(2021劳动节活动本)（化石翼龙碎片）(难度1),{850=100},0,,
8602,60381,(2021劳动节活动本)（派遣行动点）(难度1),{851=100},0,,
8603,60381,(2021劳动节活动本)（空）(难度1),{850=100},0,,
8611,60382,(2021劳动节活动本)（化石翼龙碎片）(难度2),{850=100},54,81,
8612,60382,(2021劳动节活动本)（派遣行动点）(难度2),{851=100},17,73,
8613,60382,(2021劳动节活动本)（空）(难度2),{850=100},0,,
8621,60383,(2021劳动节活动本)（化石翼龙碎片）(难度3),{850=100},60,80,
8622,60383,(2021劳动节活动本)（派遣行动点）(难度3),{851=100},18,75,
8623,60383,(2021劳动节活动本)（空）(难度3),{850=100},0,,
8631,60384,(2021劳动节活动本)（化石翼龙碎片）(难度4),{850=100},66,79,
8632,60384,(2021劳动节活动本)（派遣行动点）(难度4),{851=100},21,71,
8633,60384,(2021劳动节活动本)（空）(难度4),{850=100},0,,
8641,60385,(2021劳动节活动本)（化石翼龙碎片）(难度5),{850=100},72,78,
8642,60385,(2021劳动节活动本)（派遣行动点）(难度5),{851=100},23,73,
8643,60385,(2021劳动节活动本)（空）(难度5),{850=100},0,,
8651,60386,(2021劳动节活动本)（化石翼龙碎片）(难度6),{850=100},78,77,
8652,60386,(2021劳动节活动本)（派遣行动点）(难度6),{851=100},24,75,
8653,60386,(2021劳动节活动本)（空）(难度6),{850=100},0,,
8661,60387,,{850=100},84,77,
8662,60387,(2021劳动节活动本)（金币）(难度1),{851=100},26,75,
8663,60387,(2021劳动节活动本)（金币）(难度1),{850=100},0,,
8701,60401,(2021劳动节活动本)（金币）(难度1),{850=100},0,,
8702,60401,(2021劳动节活动本)（金币）(难度1),{851=100},0,,
8703,60401,(2021劳动节活动本)（金币）(难度1),{850=100},0,,
8711,60402,(2021劳动节活动本)（金币）(难度1),{850=100},54,81,
8712,60402,,{851=100},17,73,
8713,60402,(国庆节活动本)（小火焰猴碎片）(难度1),{850=100},0,,
8721,60403,(国庆节活动本)（强化药剂）(难度1),{850=100},60,80,
8722,60403,(国庆节活动本)（礼物）(难度1),{851=100},18,75,
8723,60403,(国庆节活动本)（小火焰猴碎片）(难度2),{850=100},0,,
8731,60404,(国庆节活动本)（强化药剂）(难度2),{850=100},66,79,
8732,60404,(国庆节活动本)（礼物）(难度2),{851=100},21,71,
8733,60404,(国庆节活动本)（小火焰猴碎片）(难度3),{850=100},0,,
8741,60405,(国庆节活动本)（强化药剂）(难度3),{850=100},72,78,
8742,60405,(国庆节活动本)（礼物）(难度3),{851=100},23,73,
8743,60405,(国庆节活动本)（小火焰猴碎片）(难度4),{850=100},0,,
8751,60406,(国庆节活动本)（强化药剂）(难度4),{850=100},78,77,
8752,60406,(国庆节活动本)（礼物）(难度4),{851=100},24,75,
8753,60406,(国庆节活动本)（小火焰猴碎片）(难度5),{850=100},0,,
8761,60407,(国庆节活动本)（强化药剂）(难度5),{850=100},84,77,
8762,60407,(国庆节活动本)（礼物）(难度5),{851=100},26,75,
8763,60407,(国庆节活动本)（小火焰猴碎片）(难度6),{850=100},0,,
8801,60411,(国庆节活动本)（强化药剂）(难度6),{850=100},0,,
8802,60411,(国庆节活动本)（礼物）(难度6),{851=100},0,,
8803,60411,,{850=100},0,,
8811,60412,(国庆节活动本)（金币）(难度1),{850=100},54,81,
8812,60412,(国庆节活动本)（金币）(难度1),{851=100},17,73,
8813,60412,(国庆节活动本)（金币）(难度1),{850=100},0,,
8821,60413,(国庆节活动本)（金币）(难度1),{850=100},60,80,
8822,60413,(国庆节活动本)（金币）(难度1),{851=100},18,75,
8823,60413,(国庆节活动本)（金币）(难度1),{850=100},0,,
8831,60414,,{850=100},66,79,
8832,60414,(道馆1_难度1常青道馆_地面岩石徽章碎片),{851=100},21,71,
8833,60414,(道馆1_难度1常青道馆_地面岩石徽章碎片),{850=100},0,,
8841,60415,(道馆1_难度1常青道馆_地面岩石徽章碎片),{850=100},72,78,
8842,60415,(道馆1_难度1常青道馆_地面岩石徽章碎片),{851=100},23,73,
8843,60415,(道馆1_难度1常青道馆_地面岩石徽章碎片),{850=100},0,,
8851,60416,(道馆1_难度1常青道馆_地面岩石徽章碎片),{850=100},78,77,
8852,60416,(道馆1_难度2常青道馆_地面岩石徽章碎片),{851=100},24,75,
8853,60416,(道馆1_难度2常青道馆_地面岩石徽章碎片),{850=100},0,,
8861,60417,(道馆1_难度2常青道馆_地面岩石徽章碎片),{850=100},84,77,
8862,60417,(道馆1_难度2常青道馆_地面岩石徽章碎片),{851=100},26,75,
8863,60417,(道馆1_难度2常青道馆_地面岩石徽章碎片),{850=100},0,,
8901,60421,(道馆1_难度2常青道馆_地面岩石徽章碎片),{850=100},0,,
8902,60421,(道馆1_难度3常青道馆_地面岩石徽章碎片),{851=100},0,,
8903,60421,(道馆1_难度3常青道馆_地面岩石徽章碎片),{850=100},0,,
8911,60422,(道馆1_难度3常青道馆_地面岩石徽章碎片),{850=100},54,81,
8912,60422,(道馆1_难度3常青道馆_地面岩石徽章碎片),{851=100},17,73,
8913,60422,(道馆1_难度3常青道馆_地面岩石徽章碎片),{850=100},0,,
8921,60423,(道馆1_难度3常青道馆_地面岩石徽章碎片),{850=100},60,80,
8922,60423,(道馆1_难度4常青道馆_地面岩石徽章碎片),{851=100},18,75,
8923,60423,(道馆1_难度4常青道馆_地面岩石徽章碎片),{850=100},0,,
8931,60424,(道馆1_难度4常青道馆_地面岩石徽章碎片),{850=100},66,79,
8932,60424,(道馆1_难度4常青道馆_地面岩石徽章碎片),{851=100},21,71,
8933,60424,(道馆1_难度4常青道馆_地面岩石徽章碎片),{850=100},0,,
8941,60425,(道馆1_难度4常青道馆_地面岩石徽章碎片),{850=100},72,78,
8942,60425,(道馆1_难度5常青道馆_地面岩石徽章碎片),{851=100},23,73,
8943,60425,(道馆1_难度5常青道馆_地面岩石徽章碎片),{850=100},0,,
8951,60426,(道馆1_难度5常青道馆_地面岩石徽章碎片),{850=100},78,77,
8952,60426,(道馆1_难度5常青道馆_地面岩石徽章碎片),{851=100},24,75,
8953,60426,(道馆1_难度5常青道馆_地面岩石徽章碎片),{850=100},0,,
8961,60427,(道馆1_难度5常青道馆_地面岩石徽章碎片),{850=100},84,77,
8962,60427,(道馆1_难度6_NPC常青道馆_地面岩石徽章碎片),{851=100},26,75,
8963,60427,(道馆2_难度1切锋道馆_水冰徽章碎片),{850=100},0,,
9001,60431,(道馆2_难度1切锋道馆_水冰徽章碎片),{850=100},0,,
9002,60431,(道馆2_难度1切锋道馆_水冰徽章碎片),{851=100},0,,
9003,60431,(道馆2_难度1切锋道馆_水冰徽章碎片),{850=100},0,,
9011,60432,(道馆2_难度1切锋道馆_水冰徽章碎片),{850=100},54,81,
9012,60432,(道馆2_难度1切锋道馆_水冰徽章碎片),{851=100},17,73,
9013,60432,(道馆2_难度2切锋道馆_水冰徽章碎片),{850=100},0,,
9021,60433,(道馆2_难度2切锋道馆_水冰徽章碎片),{850=100},60,80,
9022,60433,(道馆2_难度2切锋道馆_水冰徽章碎片),{851=100},18,75,
9023,60433,(道馆2_难度2切锋道馆_水冰徽章碎片),{850=100},0,,
9031,60434,(道馆2_难度2切锋道馆_水冰徽章碎片),{850=100},66,79,
9032,60434,(道馆2_难度2切锋道馆_水冰徽章碎片),{851=100},21,71,
9033,60434,(道馆2_难度3切锋道馆_水冰徽章碎片),{850=100},0,,
9041,60435,(道馆2_难度3切锋道馆_水冰徽章碎片),{850=100},72,78,
9042,60435,(道馆2_难度3切锋道馆_水冰徽章碎片),{851=100},23,73,
9043,60435,(道馆2_难度3切锋道馆_水冰徽章碎片),{850=100},0,,
9051,60436,(道馆2_难度3切锋道馆_水冰徽章碎片),{850=100},78,77,
9052,60436,(道馆2_难度3切锋道馆_水冰徽章碎片),{851=100},24,75,
9053,60436,(道馆2_难度4切锋道馆_水冰徽章碎片),{850=100},0,,
9061,60437,(道馆2_难度4切锋道馆_水冰徽章碎片),{850=100},84,77,
9062,60437,(道馆2_难度4切锋道馆_水冰徽章碎片),{851=100},26,75,
9063,60437,(道馆2_难度4切锋道馆_水冰徽章碎片),{850=100},0,,
9101,60441,(道馆2_难度4切锋道馆_水冰徽章碎片),{850=100},0,,
9102,60441,(道馆2_难度4切锋道馆_水冰徽章碎片),{851=100},0,,
9103,60441,(道馆2_难度5切锋道馆_水冰徽章碎片),{850=100},0,,
9111,60442,(道馆2_难度5切锋道馆_水冰徽章碎片),{850=100},54,81,
9112,60442,(道馆2_难度5切锋道馆_水冰徽章碎片),{851=100},17,73,
9113,60442,(道馆2_难度5切锋道馆_水冰徽章碎片),{850=100},0,,
9121,60443,(道馆2_难度5切锋道馆_水冰徽章碎片),{850=100},60,80,
9122,60443,(道馆2_难度5切锋道馆_水冰徽章碎片),{851=100},18,75,
9123,60443,(道馆2_难度6_NPC切锋道馆_水冰徽章碎片),{850=100},0,,
9131,60444,(道馆3_难度1桔梗道馆_草飞行一般徽章碎片),{850=100},66,79,
9132,60444,(道馆3_难度1桔梗道馆_草飞行一般徽章碎片),{851=100},21,71,
9133,60444,(道馆3_难度1桔梗道馆_草飞行一般徽章碎片),{850=100},0,,
9141,60445,(道馆3_难度1桔梗道馆_草飞行一般徽章碎片),{850=100},72,78,
9142,60445,(道馆3_难度1桔梗道馆_草飞行一般徽章碎片),{851=100},23,73,
9143,60445,(道馆3_难度1桔梗道馆_草飞行一般徽章碎片),{850=100},0,,
9151,60446,(道馆3_难度2桔梗道馆_草飞行一般徽章碎片),{850=100},78,77,
9152,60446,(道馆3_难度2桔梗道馆_草飞行一般徽章碎片),{851=100},24,75,
9153,60446,(道馆3_难度2桔梗道馆_草飞行一般徽章碎片),{850=100},0,,
9161,60447,(道馆3_难度2桔梗道馆_草飞行一般徽章碎片),{850=100},84,77,
9162,60447,(道馆3_难度2桔梗道馆_草飞行一般徽章碎片),{851=100},26,75,
9163,60447,(道馆3_难度2桔梗道馆_草飞行一般徽章碎片),{850=100},0,,
9501,60501,(道馆3_难度3桔梗道馆_草飞行一般徽章碎片),{131=100},6,75,
9502,60502,(道馆3_难度3桔梗道馆_草飞行一般徽章碎片),{131=100},7,75,
9503,60503,(道馆3_难度3桔梗道馆_草飞行一般徽章碎片),{131=100},8,75,
9504,60504,(道馆3_难度3桔梗道馆_草飞行一般徽章碎片),{131=100},9,75,
9505,60505,(道馆3_难度3桔梗道馆_草飞行一般徽章碎片),{131=100},10,75,
9506,60506,(道馆3_难度3桔梗道馆_草飞行一般徽章碎片),{131=100},11,75,
9507,60507,(道馆3_难度4桔梗道馆_草飞行一般徽章碎片),{131=100},12,75,
9511,60501,(道馆3_难度4桔梗道馆_草飞行一般徽章碎片),{132=100},3,50,
9512,60502,(道馆3_难度4桔梗道馆_草飞行一般徽章碎片),{132=100},3,55,
9513,60503,(道馆3_难度4桔梗道馆_草飞行一般徽章碎片),{132=100},3,60,
9514,60504,(道馆3_难度4桔梗道馆_草飞行一般徽章碎片),{132=100},4,55,
9515,60505,(道馆3_难度4桔梗道馆_草飞行一般徽章碎片),{132=100},4,60,
9516,60506,(道馆3_难度5桔梗道馆_草飞行一般徽章碎片),{132=100},5,55,
9517,60507,(道馆3_难度5桔梗道馆_草飞行一般徽章碎片),{132=100},5,60,
9521,60501,(道馆3_难度5桔梗道馆_草飞行一般徽章碎片),{7348=100},2,55,
9522,60502,(道馆3_难度5桔梗道馆_草飞行一般徽章碎片),{7348=100},2,62,
9523,60503,(道馆3_难度5桔梗道馆_草飞行一般徽章碎片),{7348=100},2,68,
9524,60504,(道馆3_难度5桔梗道馆_草飞行一般徽章碎片),{7348=100},2,75,
9525,60505,(道馆3_难度6_NPC桔梗道馆_草飞行一般徽章碎片),{7348=100},3,57,
9526,60506,(道馆4_难度1红莲道馆_火格斗徽章碎片),{7348=100},3,62,
9527,60507,(道馆4_难度1红莲道馆_火格斗徽章碎片),{7348=100},3,67,
9531,60501,(道馆4_难度1红莲道馆_火格斗徽章碎片),{7349=100},0,,
9532,60502,(道馆4_难度1红莲道馆_火格斗徽章碎片),{7349=100},0,,
9533,60503,(道馆4_难度1红莲道馆_火格斗徽章碎片),{7349=100},0,,
9534,60504,(道馆4_难度1红莲道馆_火格斗徽章碎片),{7349=100},,55,
9535,60505,(道馆4_难度2红莲道馆_火格斗徽章碎片),{7349=100},,70,
9536,60506,(道馆4_难度2红莲道馆_火格斗徽章碎片),{7349=100},,85,
9537,60507,(道馆4_难度2红莲道馆_火格斗徽章碎片),{7349=100},,100,
10001,60601,(道馆4_难度2红莲道馆_火格斗徽章碎片),{20711=1},10,30,
10002,60601,(道馆4_难度2红莲道馆_火格斗徽章碎片),{6346=1},10,50,
10003,60601,(道馆4_难度2红莲道馆_火格斗徽章碎片),{6345=1},0,,
10011,60602,(道馆4_难度3红莲道馆_火格斗徽章碎片),{20711=1},11,30,
10012,60602,(道馆4_难度3红莲道馆_火格斗徽章碎片),{6346=1},11,50,
10013,60602,(道馆4_难度3红莲道馆_火格斗徽章碎片),{6345=1},0,,
10021,60603,(道馆4_难度3红莲道馆_火格斗徽章碎片),{20711=1},12,30,
10022,60603,(道馆4_难度3红莲道馆_火格斗徽章碎片),{6346=1},12,50,
10023,60603,(道馆4_难度3红莲道馆_火格斗徽章碎片),{6345=1},0,,
10031,60604,(道馆4_难度4红莲道馆_火格斗徽章碎片),{20711=1},13,30,
10032,60604,(道馆4_难度4红莲道馆_火格斗徽章碎片),{6346=1},13,50,
10033,60604,(道馆4_难度4红莲道馆_火格斗徽章碎片),{6345=1},0,,
10041,60605,(道馆4_难度4红莲道馆_火格斗徽章碎片),{20711=1},14,30,
10042,60605,(道馆4_难度4红莲道馆_火格斗徽章碎片),{6346=1},14,50,
10043,60605,(道馆4_难度4红莲道馆_火格斗徽章碎片),{6345=1},0,,
10051,60606,(道馆4_难度5红莲道馆_火格斗徽章碎片),{20711=1},16,30,
10052,60606,(道馆4_难度5红莲道馆_火格斗徽章碎片),{6346=1},15,50,
10053,60606,(道馆4_难度5红莲道馆_火格斗徽章碎片),{6345=1},0,,
10101,60601,(道馆4_难度5红莲道馆_火格斗徽章碎片),{514=1},20,50,
10102,60602,(道馆4_难度5红莲道馆_火格斗徽章碎片),{514=1},23,50,
10103,60603,(道馆4_难度5红莲道馆_火格斗徽章碎片),{514=1},26,50,
10104,60604,(道馆4_难度6_NPC红莲道馆_火格斗徽章碎片),{514=1},29,50,
10105,60605,(道馆5_难度1双龙道馆_龙电徽章碎片),{514=1},32,50,
10106,60606,(道馆5_难度1双龙道馆_龙电徽章碎片),{514=1},35,50,
10201,60701,(道馆5_难度1双龙道馆_龙电徽章碎片),{21941=1},10,15,
10202,60701,(道馆5_难度1双龙道馆_龙电徽章碎片),{21951=1},10,15,
10203,60701,(道馆5_难度1双龙道馆_龙电徽章碎片),{6325=1},8,50,
10211,60702,(道馆5_难度1双龙道馆_龙电徽章碎片),{21941=1},11,15,
10212,60702,(道馆5_难度2双龙道馆_龙电徽章碎片),{21951=1},11,15,
10213,60702,(道馆5_难度2双龙道馆_龙电徽章碎片),{6325=1},9,50,
10221,60703,(道馆5_难度2双龙道馆_龙电徽章碎片),{21941=1},12,15,
10222,60703,(道馆5_难度2双龙道馆_龙电徽章碎片),{21951=1},12,15,
10223,60703,(道馆5_难度2双龙道馆_龙电徽章碎片),{6325=1},10,50,
10231,60704,(道馆5_难度2双龙道馆_龙电徽章碎片),{21941=1},13,15,
10232,60704,(道馆5_难度3双龙道馆_龙电徽章碎片),{21951=1},13,15,
10233,60704,(道馆5_难度3双龙道馆_龙电徽章碎片),{6325=1},11,50,
10241,60705,(道馆5_难度3双龙道馆_龙电徽章碎片),{21941=1},14,15,
10242,60705,(道馆5_难度3双龙道馆_龙电徽章碎片),{21951=1},14,15,
10243,60705,(道馆5_难度3双龙道馆_龙电徽章碎片),{6325=1},12,50,
10251,60706,(道馆5_难度3双龙道馆_龙电徽章碎片),{21941=1},16,15,
10252,60706,(道馆5_难度4双龙道馆_龙电徽章碎片),{21951=1},16,15,
10253,60706,(道馆5_难度4双龙道馆_龙电徽章碎片),{6325=1},13,50,
10301,60701,(道馆5_难度4双龙道馆_龙电徽章碎片),{514=1},20,50,
10302,60702,(道馆5_难度4双龙道馆_龙电徽章碎片),{514=1},23,50,
10303,60703,(道馆5_难度4双龙道馆_龙电徽章碎片),{514=1},26,50,
10304,60704,(道馆5_难度4双龙道馆_龙电徽章碎片),{514=1},29,50,
10305,60705,(道馆5_难度5双龙道馆_龙电徽章碎片),{514=1},32,50,
10306,60706,(道馆5_难度5双龙道馆_龙电徽章碎片),{514=1},35,50,
10401,60801,(道馆5_难度5双龙道馆_龙电徽章碎片),{20701=1},10,35,
10402,60801,(道馆5_难度5双龙道馆_龙电徽章碎片),{8118=1},10,100,
10403,60801,(道馆5_难度5双龙道馆_龙电徽章碎片),{8118=1},0,,
10411,60802,(道馆5_难度5双龙道馆_龙电徽章碎片),{20701=1},11,35,
10412,60802,(道馆5_难度6_NPC双龙道馆_龙电徽章碎片),{8118=1},11,100,
10413,60802,(道馆6_难度1缘朱道馆_恶幽灵徽章碎片),{8118=1},0,,
10421,60803,(道馆6_难度1缘朱道馆_恶幽灵徽章碎片),{20701=1},12,35,
10422,60803,(道馆6_难度1缘朱道馆_恶幽灵徽章碎片),{8118=1},12,100,
10423,60803,(道馆6_难度1缘朱道馆_恶幽灵徽章碎片),{8118=1},0,,
10431,60804,(道馆6_难度1缘朱道馆_恶幽灵徽章碎片),{20701=1},13,35,
10432,60804,(道馆6_难度1缘朱道馆_恶幽灵徽章碎片),{8118=1},13,100,
10433,60804,(道馆6_难度2缘朱道馆_恶幽灵徽章碎片),{8118=1},0,,
10441,60805,(道馆6_难度2缘朱道馆_恶幽灵徽章碎片),{20701=1},14,35,
10442,60805,(道馆6_难度2缘朱道馆_恶幽灵徽章碎片),{8118=1},14,100,
10443,60805,(道馆6_难度2缘朱道馆_恶幽灵徽章碎片),{8118=1},0,,
10451,60806,(道馆6_难度2缘朱道馆_恶幽灵徽章碎片),{20701=1},16,35,
10452,60806,(道馆6_难度2缘朱道馆_恶幽灵徽章碎片),{8118=1},15,100,
10453,60806,(道馆6_难度3缘朱道馆_恶幽灵徽章碎片),{8118=1},0,,
10501,60801,(道馆6_难度3缘朱道馆_恶幽灵徽章碎片),{514=1},30,50,
10502,60802,(道馆6_难度3缘朱道馆_恶幽灵徽章碎片),{514=1},35,50,
10503,60803,(道馆6_难度3缘朱道馆_恶幽灵徽章碎片),{514=1},40,50,
10504,60804,(道馆6_难度3缘朱道馆_恶幽灵徽章碎片),{514=1},45,50,
10505,60805,(道馆6_难度3缘朱道馆_恶幽灵徽章碎片),{514=1},50,50,
10506,60806,(道馆6_难度4缘朱道馆_恶幽灵徽章碎片),{514=1},55,50,
10511,60811,(道馆6_难度4缘朱道馆_恶幽灵徽章碎片),{22021=1},10,35,
10512,60811,(道馆6_难度4缘朱道馆_恶幽灵徽章碎片),{8118=1},10,100,
10513,60811,(道馆6_难度4缘朱道馆_恶幽灵徽章碎片),{8118=1},0,,
10521,60812,(道馆6_难度4缘朱道馆_恶幽灵徽章碎片),{22021=1},11,35,
10522,60812,(道馆6_难度4缘朱道馆_恶幽灵徽章碎片),{8118=1},11,100,
10523,60812,(道馆6_难度5缘朱道馆_恶幽灵徽章碎片),{8118=1},0,,
10531,60813,(道馆6_难度5缘朱道馆_恶幽灵徽章碎片),{22021=1},12,35,
10532,60813,(道馆6_难度5缘朱道馆_恶幽灵徽章碎片),{8118=1},12,100,
10533,60813,(道馆6_难度5缘朱道馆_恶幽灵徽章碎片),{8118=1},0,,
10541,60814,(道馆6_难度5缘朱道馆_恶幽灵徽章碎片),{22021=1},13,35,
10542,60814,(道馆6_难度5缘朱道馆_恶幽灵徽章碎片),{8118=1},13,100,
10543,60814,(道馆6_难度6_NPC缘朱道馆_恶幽灵徽章碎片),{8118=1},0,,
10551,60815,(道馆7_难度1浅葱道馆_钢虫毒徽章碎片),{22021=1},14,35,
10552,60815,(道馆7_难度1浅葱道馆_钢虫毒徽章碎片),{8118=1},14,100,
10553,60815,(道馆7_难度1浅葱道馆_钢虫毒徽章碎片),{8118=1},0,,
10561,60816,(道馆7_难度1浅葱道馆_钢虫毒徽章碎片),{22021=1},16,35,
10562,60816,(道馆7_难度1浅葱道馆_钢虫毒徽章碎片),{8118=1},15,100,
10563,60816,(道馆7_难度1浅葱道馆_钢虫毒徽章碎片),{8118=1},0,,
10571,60811,(道馆7_难度2浅葱道馆_钢虫毒徽章碎片),{514=1},30,50,
10572,60812,(道馆7_难度2浅葱道馆_钢虫毒徽章碎片),{514=1},35,50,
10573,60813,(道馆7_难度2浅葱道馆_钢虫毒徽章碎片),{514=1},40,50,
10574,60814,(道馆7_难度2浅葱道馆_钢虫毒徽章碎片),{514=1},45,50,
10575,60815,(道馆7_难度2浅葱道馆_钢虫毒徽章碎片),{514=1},50,50,
10576,60816,(道馆7_难度2浅葱道馆_钢虫毒徽章碎片),{514=1},55,50,
10601,60901,(道馆7_难度3浅葱道馆_钢虫毒徽章碎片),{22021=1},10,30,
10602,60901,(道馆7_难度3浅葱道馆_钢虫毒徽章碎片),{5000=1;930=1},10,60,
10603,60901,(道馆7_难度3浅葱道馆_钢虫毒徽章碎片),{620=15;621=100;622=50;623=15;606=100;607=50;608=15;609=100;610=50;611=15;612=100;613=50;614=15;615=100;616=50;617=15;618=100;619=50},10,60,
10611,60902,(道馆7_难度3浅葱道馆_钢虫毒徽章碎片),{22021=1},11,30,
10612,60902,(道馆7_难度3浅葱道馆_钢虫毒徽章碎片),{5000=1;930=1},11,60,
10613,60902,(道馆7_难度3浅葱道馆_钢虫毒徽章碎片),{620=15;621=100;622=50;623=15;606=100;607=50;608=15;609=100;610=50;611=15;612=100;613=50;614=15;615=100;616=50;617=15;618=100;619=50},11,60,
10621,60903,(道馆7_难度4浅葱道馆_钢虫毒徽章碎片),{22021=1},12,30,
10622,60903,(道馆7_难度4浅葱道馆_钢虫毒徽章碎片),{5000=1;930=1},12,60,
10623,60903,(道馆7_难度4浅葱道馆_钢虫毒徽章碎片),{620=15;621=100;622=50;623=15;606=100;607=50;608=15;609=100;610=50;611=15;612=100;613=50;614=15;615=100;616=50;617=15;618=100;619=50},12,60,
10631,60904,(道馆7_难度4浅葱道馆_钢虫毒徽章碎片),{22021=1},13,30,
10632,60904,(道馆7_难度4浅葱道馆_钢虫毒徽章碎片),{5000=1;930=1},13,60,
10633,60904,(道馆7_难度4浅葱道馆_钢虫毒徽章碎片),{620=15;621=100;622=50;623=15;606=100;607=50;608=15;609=100;610=50;611=15;612=100;613=50;614=15;615=100;616=50;617=15;618=100;619=50},13,60,
10641,60905,(道馆7_难度5浅葱道馆_钢虫毒徽章碎片),{22021=1},14,30,
10642,60905,(道馆7_难度5浅葱道馆_钢虫毒徽章碎片),{5000=1;930=1},14,60,
10643,60905,(道馆7_难度5浅葱道馆_钢虫毒徽章碎片),{620=15;621=100;622=50;623=15;606=100;607=50;608=15;609=100;610=50;611=15;612=100;613=50;614=15;615=100;616=50;617=15;618=100;619=50},14,60,
10651,60906,(道馆7_难度5浅葱道馆_钢虫毒徽章碎片),{22021=1},15,30,
10652,60906,(道馆7_难度5浅葱道馆_钢虫毒徽章碎片),{5000=1;930=1},15,60,
10653,60906,(道馆7_难度5浅葱道馆_钢虫毒徽章碎片),{620=15;621=100;622=50;623=15;606=100;607=50;608=15;609=100;610=50;611=15;612=100;613=50;614=15;615=100;616=50;617=15;618=100;619=50},15,60,
10661,63101,(道馆7_难度6_NPC浅葱道馆_钢虫毒徽章碎片),{20251=1},10,30,
10662,63101,(道馆8_难度1香薰道馆_超能妖精徽章碎片),{5000=1;930=1},10,60,
10663,63101,(道馆8_难度1香薰道馆_超能妖精徽章碎片),{620=15;621=100;622=50;623=15;606=100;607=50;608=15;609=100;610=50;611=15;612=100;613=50;614=15;615=100;616=50;617=15;618=100;619=50},10,60,
10664,63102,(道馆8_难度1香薰道馆_超能妖精徽章碎片),{20251=1},11,30,
10665,63102,(道馆8_难度1香薰道馆_超能妖精徽章碎片),{5000=1;930=1},11,60,
10666,63102,(道馆8_难度1香薰道馆_超能妖精徽章碎片),{620=15;621=100;622=50;623=15;606=100;607=50;608=15;609=100;610=50;611=15;612=100;613=50;614=15;615=100;616=50;617=15;618=100;619=50},11,60,
10667,63103,(道馆8_难度1香薰道馆_超能妖精徽章碎片),{20251=1},12,30,
10668,63103,(道馆8_难度2香薰道馆_超能妖精徽章碎片),{5000=1;930=1},12,60,
10669,63103,(道馆8_难度2香薰道馆_超能妖精徽章碎片),{620=15;621=100;622=50;623=15;606=100;607=50;608=15;609=100;610=50;611=15;612=100;613=50;614=15;615=100;616=50;617=15;618=100;619=50},12,60,
10670,63104,(道馆8_难度2香薰道馆_超能妖精徽章碎片),{20251=1},13,30,
10671,63104,(道馆8_难度2香薰道馆_超能妖精徽章碎片),{5000=1;930=1},13,60,
10672,63104,(道馆8_难度2香薰道馆_超能妖精徽章碎片),{620=15;621=100;622=50;623=15;606=100;607=50;608=15;609=100;610=50;611=15;612=100;613=50;614=15;615=100;616=50;617=15;618=100;619=50},13,60,
10673,63105,(道馆8_难度2香薰道馆_超能妖精徽章碎片),{20251=1},14,30,
10674,63105,(道馆8_难度3香薰道馆_超能妖精徽章碎片),{5000=1;930=1},14,60,
10675,63105,(道馆8_难度3香薰道馆_超能妖精徽章碎片),{620=15;621=100;622=50;623=15;606=100;607=50;608=15;609=100;610=50;611=15;612=100;613=50;614=15;615=100;616=50;617=15;618=100;619=50},14,60,
10676,63106,(道馆8_难度3香薰道馆_超能妖精徽章碎片),{20251=1},15,30,
10677,63106,(道馆8_难度3香薰道馆_超能妖精徽章碎片),{5000=1;930=1},15,60,
10678,63106,(道馆8_难度3香薰道馆_超能妖精徽章碎片),{620=15;621=100;622=50;623=15;606=100;607=50;608=15;609=100;610=50;611=15;612=100;613=50;614=15;615=100;616=50;617=15;618=100;619=50},15,60,
10679,63101,(道馆8_难度3香薰道馆_超能妖精徽章碎片),{514=1},20,50,
10680,63102,(道馆8_难度4香薰道馆_超能妖精徽章碎片),{514=1},23,50,
10681,63103,(道馆8_难度4香薰道馆_超能妖精徽章碎片),{514=1},26,50,
10682,63104,(道馆8_难度4香薰道馆_超能妖精徽章碎片),{514=1},29,50,
10683,63105,(道馆8_难度4香薰道馆_超能妖精徽章碎片),{514=1},32,50,
10684,63106,(道馆8_难度4香薰道馆_超能妖精徽章碎片),{514=1},35,50,
10701,60901,(道馆8_难度4香薰道馆_超能妖精徽章碎片),{514=1},20,50,
10702,60902,(道馆8_难度5香薰道馆_超能妖精徽章碎片),{514=1},23,50,
10703,60903,(道馆8_难度5香薰道馆_超能妖精徽章碎片),{514=1},26,50,
10704,60904,(道馆8_难度5香薰道馆_超能妖精徽章碎片),{514=1},29,50,
10705,60905,(道馆8_难度5香薰道馆_超能妖精徽章碎片),{514=1},32,50,
10706,60906,(道馆8_难度5香薰道馆_超能妖精徽章碎片),{514=1},35,50,
10711,60821,(道馆8_难度5香薰道馆_超能妖精徽章碎片),{20561=1},10,35,
10712,60821,(道馆8_难度6_NPC香薰道馆_超能妖精徽章碎片),{8118=1},10,100,
10713,60821,,{22831=1},10,35,
10714,60821,(道馆1_难度1常青道馆_地面岩石彩虹喷漆),{514=1},30,50,
10721,60822,(道馆1_难度1常青道馆_地面岩石彩虹喷漆),{20561=1},11,35,
10722,60822,(道馆1_难度1常青道馆_地面岩石彩虹喷漆),{8118=1},11,100,
10723,60822,(道馆1_难度1常青道馆_地面岩石彩虹喷漆),{22831=1},11,35,
10724,60822,(道馆1_难度1常青道馆_地面岩石彩虹喷漆),{514=1},35,50,
10731,60823,(道馆1_难度1常青道馆_地面岩石彩虹喷漆),{20561=1},12,35,
10732,60823,(道馆1_难度2常青道馆_地面岩石彩虹喷漆),{8118=1},12,100,
10733,60823,(道馆1_难度2常青道馆_地面岩石彩虹喷漆),{22831=1},12,35,
10734,60823,(道馆1_难度2常青道馆_地面岩石彩虹喷漆),{514=1},40,50,
10741,60824,(道馆1_难度2常青道馆_地面岩石彩虹喷漆),{20561=1},13,35,
10742,60824,(道馆1_难度2常青道馆_地面岩石彩虹喷漆),{8118=1},13,100,
10743,60824,(道馆1_难度2常青道馆_地面岩石彩虹喷漆),{22831=1},13,35,
10744,60824,(道馆1_难度3常青道馆_地面岩石彩虹喷漆),{514=1},45,50,
10751,60825,(道馆1_难度3常青道馆_地面岩石彩虹喷漆),{20561=1},14,35,
10752,60825,(道馆1_难度3常青道馆_地面岩石彩虹喷漆),{8118=1},14,100,
10753,60825,(道馆1_难度3常青道馆_地面岩石彩虹喷漆),{22831=1},14,35,
10754,60825,(道馆1_难度3常青道馆_地面岩石彩虹喷漆),{514=1},50,50,
10761,60826,(道馆1_难度3常青道馆_地面岩石彩虹喷漆),{20561=1},16,35,
10762,60826,(道馆1_难度4常青道馆_地面岩石彩虹喷漆),{8118=1},15,100,
10763,60826,(道馆1_难度4常青道馆_地面岩石彩虹喷漆),{22831=1},16,35,
10764,60826,(道馆1_难度4常青道馆_地面岩石彩虹喷漆),{514=1},55,50,
10801,63001,(道馆1_难度4常青道馆_地面岩石彩虹喷漆),{20441=1},15,15,
10802,63001,(道馆1_难度4常青道馆_地面岩石彩虹喷漆),{20501=1},7,15,
10803,63001,(道馆1_难度4常青道馆_地面岩石彩虹喷漆),{6325=1},8,50,
10811,63002,(道馆1_难度5常青道馆_地面岩石彩虹喷漆),{20441=1},17,15,
10812,63002,(道馆1_难度5常青道馆_地面岩石彩虹喷漆),{20501=1},8,15,
10813,63002,(道馆1_难度5常青道馆_地面岩石彩虹喷漆),{6325=1},9,50,
10821,63003,(道馆1_难度5常青道馆_地面岩石彩虹喷漆),{20441=1},18,15,
10822,63003,(道馆1_难度5常青道馆_地面岩石彩虹喷漆),{20501=1},8,15,
10823,63003,(道馆1_难度5常青道馆_地面岩石彩虹喷漆),{6325=1},10,50,
10831,63004,(道馆1_难度6_NPC常青道馆_地面岩石彩虹喷漆),{20441=1},20,15,
10832,63004,(道馆2_难度1切锋道馆_水冰彩虹喷漆),{20501=1},9,15,
10833,63004,(道馆2_难度1切锋道馆_水冰彩虹喷漆),{6325=1},11,50,
10841,63005,(道馆2_难度1切锋道馆_水冰彩虹喷漆),{20441=1},21,15,
10842,63005,(道馆2_难度1切锋道馆_水冰彩虹喷漆),{20501=1},10,15,
10843,63005,(道馆2_难度1切锋道馆_水冰彩虹喷漆),{6325=1},12,50,
10851,63006,(道馆2_难度1切锋道馆_水冰彩虹喷漆),{20441=1},24,15,
10852,63006,(道馆2_难度2切锋道馆_水冰彩虹喷漆),{20501=1},11,15,
10853,63006,(道馆2_难度2切锋道馆_水冰彩虹喷漆),{6325=1},13,50,
10861,63111,(道馆2_难度2切锋道馆_水冰彩虹喷漆),{23831=1},15,15,
10862,63111,(道馆2_难度2切锋道馆_水冰彩虹喷漆),{20441=1},7,15,
10863,63111,(道馆2_难度2切锋道馆_水冰彩虹喷漆),{6325=1},8,50,
10864,63112,(道馆2_难度2切锋道馆_水冰彩虹喷漆),{23831=1},17,15,
10865,63112,(道馆2_难度3切锋道馆_水冰彩虹喷漆),{20441=1},8,15,
10866,63112,(道馆2_难度3切锋道馆_水冰彩虹喷漆),{6325=1},9,50,
10867,63113,(道馆2_难度3切锋道馆_水冰彩虹喷漆),{23831=1},18,15,
10868,63113,(道馆2_难度3切锋道馆_水冰彩虹喷漆),{20441=1},8,15,
10869,63113,(道馆2_难度3切锋道馆_水冰彩虹喷漆),{6325=1},10,50,
10870,63114,(道馆2_难度3切锋道馆_水冰彩虹喷漆),{23831=1},20,15,
10871,63114,(道馆2_难度4切锋道馆_水冰彩虹喷漆),{20441=1},9,15,
10872,63114,(道馆2_难度4切锋道馆_水冰彩虹喷漆),{6325=1},11,50,
10873,63115,(道馆2_难度4切锋道馆_水冰彩虹喷漆),{23831=1},21,15,
10874,63115,(道馆2_难度4切锋道馆_水冰彩虹喷漆),{20441=1},10,15,
10875,63115,(道馆2_难度4切锋道馆_水冰彩虹喷漆),{6325=1},12,50,
10876,63116,(道馆2_难度4切锋道馆_水冰彩虹喷漆),{23831=1},24,15,
10877,63116,(道馆2_难度5切锋道馆_水冰彩虹喷漆),{20441=1},11,15,
10878,63116,(道馆2_难度5切锋道馆_水冰彩虹喷漆),{6325=1},13,50,
10879,63111,(道馆2_难度5切锋道馆_水冰彩虹喷漆),{514=1},20,50,
10880,63112,(道馆2_难度5切锋道馆_水冰彩虹喷漆),{514=1},23,50,
10881,63113,(道馆2_难度5切锋道馆_水冰彩虹喷漆),{514=1},26,50,
10882,63114,(道馆2_难度5切锋道馆_水冰彩虹喷漆),{514=1},29,50,
10883,63115,(道馆2_难度6_NPC切锋道馆_水冰彩虹喷漆),{514=1},32,50,
10884,63116,(道馆3_难度1桔梗道馆_草飞行一般彩虹喷漆),{514=1},35,50,
10901,63001,(道馆3_难度1桔梗道馆_草飞行一般彩虹喷漆),{514=1},20,50,
10902,63002,(道馆3_难度1桔梗道馆_草飞行一般彩虹喷漆),{514=1},23,50,
10903,63003,(道馆3_难度1桔梗道馆_草飞行一般彩虹喷漆),{514=1},26,50,
10904,63004,(道馆3_难度1桔梗道馆_草飞行一般彩虹喷漆),{514=1},29,50,
10905,63005,(道馆3_难度1桔梗道馆_草飞行一般彩虹喷漆),{514=1},32,50,
10906,63006,(道馆3_难度2桔梗道馆_草飞行一般彩虹喷漆),{514=1},35,50,
10911,63121,(道馆3_难度2桔梗道馆_草飞行一般彩虹喷漆),{22131=1},10,35,
10912,63121,(道馆3_难度2桔梗道馆_草飞行一般彩虹喷漆),{8118=1},10,100,
10913,63121,(道馆3_难度2桔梗道馆_草飞行一般彩虹喷漆),{8118=1},0,,
10914,63122,(道馆3_难度2桔梗道馆_草飞行一般彩虹喷漆),{22131=1},11,35,
10915,63122,(道馆3_难度2桔梗道馆_草飞行一般彩虹喷漆),{8118=1},11,100,
10916,63122,(道馆3_难度3桔梗道馆_草飞行一般彩虹喷漆),{8118=1},0,,
10917,63123,(道馆3_难度3桔梗道馆_草飞行一般彩虹喷漆),{22131=1},12,35,
10918,63123,(道馆3_难度3桔梗道馆_草飞行一般彩虹喷漆),{8118=1},12,100,
10919,63123,(道馆3_难度3桔梗道馆_草飞行一般彩虹喷漆),{8118=1},0,,
10920,63124,(道馆3_难度3桔梗道馆_草飞行一般彩虹喷漆),{22131=1},13,35,
10921,63124,(道馆3_难度3桔梗道馆_草飞行一般彩虹喷漆),{8118=1},13,100,
10922,63124,(道馆3_难度4桔梗道馆_草飞行一般彩虹喷漆),{8118=1},0,,
10923,63125,(道馆3_难度4桔梗道馆_草飞行一般彩虹喷漆),{22131=1},14,35,
10924,63125,(道馆3_难度4桔梗道馆_草飞行一般彩虹喷漆),{8118=1},14,100,
10925,63125,(道馆3_难度4桔梗道馆_草飞行一般彩虹喷漆),{8118=1},0,,
10926,63126,(道馆3_难度4桔梗道馆_草飞行一般彩虹喷漆),{22131=1},16,35,
10927,63126,(道馆3_难度4桔梗道馆_草飞行一般彩虹喷漆),{8118=1},15,100,
10928,63126,(道馆3_难度5桔梗道馆_草飞行一般彩虹喷漆),{8118=1},0,,
10929,63121,(道馆3_难度5桔梗道馆_草飞行一般彩虹喷漆),{514=1},30,50,
10930,63122,(道馆3_难度5桔梗道馆_草飞行一般彩虹喷漆),{514=1},35,50,
10931,63123,(道馆3_难度5桔梗道馆_草飞行一般彩虹喷漆),{514=1},40,50,
10932,63124,(道馆3_难度5桔梗道馆_草飞行一般彩虹喷漆),{514=1},45,50,
10933,63125,(道馆3_难度5桔梗道馆_草飞行一般彩虹喷漆),{514=1},50,50,
10934,63126,(道馆3_难度6_NPC桔梗道馆_草飞行一般彩虹喷漆),{514=1},55,50,
10941,63131,(道馆4_难度1红莲道馆_火格斗彩虹喷漆),{24181=1},10,30,
10942,63131,(道馆4_难度1红莲道馆_火格斗彩虹喷漆),{5000=1;930=1},10,60,
10943,63131,(道馆4_难度1红莲道馆_火格斗彩虹喷漆),{620=15;621=100;622=50;623=15;606=100;607=50;608=15;609=100;610=50;611=15;612=100;613=50;614=15;615=100;616=50;617=15;618=100;619=50},10,60,
10944,63132,(道馆4_难度1红莲道馆_火格斗彩虹喷漆),{24181=1},11,30,
10945,63132,(道馆4_难度1红莲道馆_火格斗彩虹喷漆),{5000=1;930=1},11,60,
10946,63132,(道馆4_难度1红莲道馆_火格斗彩虹喷漆),{620=15;621=100;622=50;623=15;606=100;607=50;608=15;609=100;610=50;611=15;612=100;613=50;614=15;615=100;616=50;617=15;618=100;619=50},11,60,
10947,63133,(道馆4_难度2红莲道馆_火格斗彩虹喷漆),{24181=1},12,30,
10948,63133,(道馆4_难度2红莲道馆_火格斗彩虹喷漆),{5000=1;930=1},12,60,
10949,63133,(道馆4_难度2红莲道馆_火格斗彩虹喷漆),{620=15;621=100;622=50;623=15;606=100;607=50;608=15;609=100;610=50;611=15;612=100;613=50;614=15;615=100;616=50;617=15;618=100;619=50},12,60,
10950,63134,(道馆4_难度2红莲道馆_火格斗彩虹喷漆),{24181=1},13,30,
10951,63134,(道馆4_难度2红莲道馆_火格斗彩虹喷漆),{5000=1;930=1},13,60,
10952,63134,(道馆4_难度2红莲道馆_火格斗彩虹喷漆),{620=15;621=100;622=50;623=15;606=100;607=50;608=15;609=100;610=50;611=15;612=100;613=50;614=15;615=100;616=50;617=15;618=100;619=50},13,60,
10953,63135,(道馆4_难度3红莲道馆_火格斗彩虹喷漆),{24181=1},14,30,
10954,63135,(道馆4_难度3红莲道馆_火格斗彩虹喷漆),{5000=1;930=1},14,60,
10955,63135,(道馆4_难度3红莲道馆_火格斗彩虹喷漆),{620=15;621=100;622=50;623=15;606=100;607=50;608=15;609=100;610=50;611=15;612=100;613=50;614=15;615=100;616=50;617=15;618=100;619=50},14,60,
10956,63136,(道馆4_难度3红莲道馆_火格斗彩虹喷漆),{24181=1},15,30,
10957,63136,(道馆4_难度3红莲道馆_火格斗彩虹喷漆),{5000=1;930=1},15,60,
10958,63136,(道馆4_难度3红莲道馆_火格斗彩虹喷漆),{620=15;621=100;622=50;623=15;606=100;607=50;608=15;609=100;610=50;611=15;612=100;613=50;614=15;615=100;616=50;617=15;618=100;619=50},15,60,
10959,63131,(道馆4_难度4红莲道馆_火格斗彩虹喷漆),{514=1},20,50,
10960,63132,(道馆4_难度4红莲道馆_火格斗彩虹喷漆),{514=1},23,50,
10961,63133,(道馆4_难度4红莲道馆_火格斗彩虹喷漆),{514=1},26,50,
10962,63134,(道馆4_难度4红莲道馆_火格斗彩虹喷漆),{514=1},29,50,
10963,63135,(道馆4_难度4红莲道馆_火格斗彩虹喷漆),{514=1},32,50,
10964,63136,(道馆4_难度4红莲道馆_火格斗彩虹喷漆),{514=1},35,50,
10965,63141,(道馆4_难度5红莲道馆_火格斗彩虹喷漆),{20901=1},15,15,
10966,63141,(道馆4_难度5红莲道馆_火格斗彩虹喷漆),{20441=1},7,15,
10967,63141,(道馆4_难度5红莲道馆_火格斗彩虹喷漆),{6325=1},8,50,
10968,63142,(道馆4_难度5红莲道馆_火格斗彩虹喷漆),{20901=1},17,15,
10969,63142,(道馆4_难度5红莲道馆_火格斗彩虹喷漆),{20441=1},8,15,
10970,63142,(道馆4_难度5红莲道馆_火格斗彩虹喷漆),{6325=1},9,50,
10971,63143,(道馆4_难度6_NPC红莲道馆_火格斗彩虹喷漆),{20901=1},18,15,
10972,63143,(道馆5_难度1双龙道馆_龙电彩虹喷漆),{20441=1},8,15,
10973,63143,(道馆5_难度1双龙道馆_龙电彩虹喷漆),{6325=1},10,50,
10974,63144,(道馆5_难度1双龙道馆_龙电彩虹喷漆),{20901=1},20,15,
10975,63144,(道馆5_难度1双龙道馆_龙电彩虹喷漆),{20441=1},9,15,
10976,63144,(道馆5_难度1双龙道馆_龙电彩虹喷漆),{6325=1},11,50,
10977,63145,(道馆5_难度1双龙道馆_龙电彩虹喷漆),{20901=1},21,15,
10978,63145,(道馆5_难度2双龙道馆_龙电彩虹喷漆),{20441=1},10,15,
10979,63145,(道馆5_难度2双龙道馆_龙电彩虹喷漆),{6325=1},12,50,
10980,63146,(道馆5_难度2双龙道馆_龙电彩虹喷漆),{20901=1},24,15,
10981,63146,(道馆5_难度2双龙道馆_龙电彩虹喷漆),{20441=1},11,15,
10982,63146,(道馆5_难度2双龙道馆_龙电彩虹喷漆),{6325=1},13,50,
10983,63141,(道馆5_难度2双龙道馆_龙电彩虹喷漆),{514=1},20,50,
10984,63142,(道馆5_难度3双龙道馆_龙电彩虹喷漆),{514=1},23,50,
10985,63143,(道馆5_难度3双龙道馆_龙电彩虹喷漆),{514=1},26,50,
10986,63144,(道馆5_难度3双龙道馆_龙电彩虹喷漆),{514=1},29,50,
10987,63145,(道馆5_难度3双龙道馆_龙电彩虹喷漆),{514=1},32,50,
10988,63146,(道馆5_难度3双龙道馆_龙电彩虹喷漆),{514=1},35,50,
11001,80001,(道馆5_难度3双龙道馆_龙电彩虹喷漆),{151=100},15,50,10
11002,80002,(道馆5_难度4双龙道馆_龙电彩虹喷漆),{151=100},15,50,10
11003,80003,(道馆5_难度4双龙道馆_龙电彩虹喷漆),{151=100},15,50,10
11004,80004,(道馆5_难度4双龙道馆_龙电彩虹喷漆),{151=100},15,50,10
11005,80005,(道馆5_难度4双龙道馆_龙电彩虹喷漆),{151=100},15,50,10
11006,80006,(道馆5_难度4双龙道馆_龙电彩虹喷漆),{151=100},15,50,10
11011,80011,(道馆5_难度4双龙道馆_龙电彩虹喷漆),{151=100},18,50,10
11012,80012,(道馆5_难度5双龙道馆_龙电彩虹喷漆),{151=100},18,50,10
11013,80013,(道馆5_难度5双龙道馆_龙电彩虹喷漆),{151=100},18,50,10
11014,80014,(道馆5_难度5双龙道馆_龙电彩虹喷漆),{151=100},18,50,10
11015,80015,(道馆5_难度5双龙道馆_龙电彩虹喷漆),{151=100},18,50,10
11016,80016,(道馆5_难度5双龙道馆_龙电彩虹喷漆),{151=100},18,50,10
11021,80021,(道馆5_难度5双龙道馆_龙电彩虹喷漆),{151=100},21,50,10
11022,80022,(道馆5_难度6_NPC双龙道馆_龙电彩虹喷漆),{151=100},21,50,10
11023,80023,(道馆6_难度1缘朱道馆_恶幽灵彩虹喷漆),{151=100},21,50,10
11024,80024,(道馆6_难度1缘朱道馆_恶幽灵彩虹喷漆),{151=100},21,50,10
11025,80025,(道馆6_难度1缘朱道馆_恶幽灵彩虹喷漆),{151=100},21,50,10
11026,80026,(道馆6_难度1缘朱道馆_恶幽灵彩虹喷漆),{151=100},21,50,10
11031,80031,(道馆6_难度1缘朱道馆_恶幽灵彩虹喷漆),{151=100},24,50,10
11032,80032,(道馆6_难度1缘朱道馆_恶幽灵彩虹喷漆),{151=100},24,50,10
11033,80033,(道馆6_难度2缘朱道馆_恶幽灵彩虹喷漆),{151=100},24,50,10
11034,80034,(道馆6_难度2缘朱道馆_恶幽灵彩虹喷漆),{151=100},24,50,10
11035,80035,(道馆6_难度2缘朱道馆_恶幽灵彩虹喷漆),{151=100},24,50,10
11036,80036,(道馆6_难度2缘朱道馆_恶幽灵彩虹喷漆),{151=100},24,50,10
11041,80041,(道馆6_难度2缘朱道馆_恶幽灵彩虹喷漆),{151=100},27,50,10
11042,80042,(道馆6_难度2缘朱道馆_恶幽灵彩虹喷漆),{151=100},27,50,10
11043,80043,(道馆6_难度3缘朱道馆_恶幽灵彩虹喷漆),{151=100},27,50,10
11044,80044,(道馆6_难度3缘朱道馆_恶幽灵彩虹喷漆),{151=100},27,50,10
11045,80045,(道馆6_难度3缘朱道馆_恶幽灵彩虹喷漆),{151=100},27,50,10
11046,80046,(道馆6_难度3缘朱道馆_恶幽灵彩虹喷漆),{151=100},27,50,10
11051,80051,(道馆6_难度3缘朱道馆_恶幽灵彩虹喷漆),{151=100},30,,10
11101,80101,(道馆6_难度3缘朱道馆_恶幽灵彩虹喷漆),{151=100},15,50,10
11102,80102,(道馆6_难度4缘朱道馆_恶幽灵彩虹喷漆),{151=100},15,50,10
11103,80103,(道馆6_难度4缘朱道馆_恶幽灵彩虹喷漆),{151=100},15,50,10
11104,80104,(道馆6_难度4缘朱道馆_恶幽灵彩虹喷漆),{151=100},15,50,10
11105,80105,(道馆6_难度4缘朱道馆_恶幽灵彩虹喷漆),{151=100},15,50,10
11106,80106,(道馆6_难度4缘朱道馆_恶幽灵彩虹喷漆),{151=100},15,50,10
11111,80111,(道馆6_难度4缘朱道馆_恶幽灵彩虹喷漆),{151=100},18,50,10
11112,80112,(道馆6_难度5缘朱道馆_恶幽灵彩虹喷漆),{151=100},18,50,10
11113,80113,(道馆6_难度5缘朱道馆_恶幽灵彩虹喷漆),{151=100},18,50,10
11114,80114,(道馆6_难度5缘朱道馆_恶幽灵彩虹喷漆),{151=100},18,50,10
11115,80115,(道馆6_难度5缘朱道馆_恶幽灵彩虹喷漆),{151=100},18,50,10
11116,80116,(道馆6_难度5缘朱道馆_恶幽灵彩虹喷漆),{151=100},18,50,10
11121,80121,(道馆6_难度5缘朱道馆_恶幽灵彩虹喷漆),{151=100},21,50,10
11122,80122,(道馆6_难度6_NPC缘朱道馆_恶幽灵彩虹喷漆),{151=100},21,50,10
11123,80123,(道馆7_难度1浅葱道馆_钢虫毒彩虹喷漆),{151=100},21,50,10
11124,80124,(道馆7_难度1浅葱道馆_钢虫毒彩虹喷漆),{151=100},21,50,10
11125,80125,(道馆7_难度1浅葱道馆_钢虫毒彩虹喷漆),{151=100},21,50,10
11126,80126,(道馆7_难度1浅葱道馆_钢虫毒彩虹喷漆),{151=100},21,50,10
11131,80131,(道馆7_难度1浅葱道馆_钢虫毒彩虹喷漆),{151=100},24,50,10
11132,80132,(道馆7_难度1浅葱道馆_钢虫毒彩虹喷漆),{151=100},24,50,10
11133,80133,(道馆7_难度2浅葱道馆_钢虫毒彩虹喷漆),{151=100},24,50,10
11134,80134,(道馆7_难度2浅葱道馆_钢虫毒彩虹喷漆),{151=100},24,50,10
11135,80135,(道馆7_难度2浅葱道馆_钢虫毒彩虹喷漆),{151=100},24,50,10
11136,80136,(道馆7_难度2浅葱道馆_钢虫毒彩虹喷漆),{151=100},24,50,10
11141,80141,(道馆7_难度2浅葱道馆_钢虫毒彩虹喷漆),{151=100},27,50,10
11142,80142,(道馆7_难度2浅葱道馆_钢虫毒彩虹喷漆),{151=100},27,50,10
11143,80143,(道馆7_难度3浅葱道馆_钢虫毒彩虹喷漆),{151=100},27,50,10
11144,80144,(道馆7_难度3浅葱道馆_钢虫毒彩虹喷漆),{151=100},27,50,10
11145,80145,(道馆7_难度3浅葱道馆_钢虫毒彩虹喷漆),{151=100},27,50,10
11146,80146,(道馆7_难度3浅葱道馆_钢虫毒彩虹喷漆),{151=100},27,50,10
11151,80151,(道馆7_难度3浅葱道馆_钢虫毒彩虹喷漆),{151=100},30,,10
11201,80201,(道馆7_难度3浅葱道馆_钢虫毒彩虹喷漆),{151=100},17,50,10
11202,80202,(道馆7_难度4浅葱道馆_钢虫毒彩虹喷漆),{151=100},17,50,10
11203,80203,(道馆7_难度4浅葱道馆_钢虫毒彩虹喷漆),{151=100},17,50,10
11204,80204,(道馆7_难度4浅葱道馆_钢虫毒彩虹喷漆),{151=100},17,50,10
11205,80205,(道馆7_难度4浅葱道馆_钢虫毒彩虹喷漆),{151=100},17,50,10
11206,80206,(道馆7_难度4浅葱道馆_钢虫毒彩虹喷漆),{151=100},17,50,10
11211,80211,(道馆7_难度4浅葱道馆_钢虫毒彩虹喷漆),{151=100},20,50,10
11212,80212,(道馆7_难度5浅葱道馆_钢虫毒彩虹喷漆),{151=100},20,50,10
11213,80213,(道馆7_难度5浅葱道馆_钢虫毒彩虹喷漆),{151=100},20,50,10
11214,80214,(道馆7_难度5浅葱道馆_钢虫毒彩虹喷漆),{151=100},20,50,10
11215,80215,(道馆7_难度5浅葱道馆_钢虫毒彩虹喷漆),{151=100},20,50,10
11216,80216,(道馆7_难度5浅葱道馆_钢虫毒彩虹喷漆),{151=100},20,50,10
11221,80221,(道馆7_难度5浅葱道馆_钢虫毒彩虹喷漆),{151=100},23,50,10
11222,80222,(道馆7_难度6_NPC浅葱道馆_钢虫毒彩虹喷漆),{151=100},23,50,10
11223,80223,(道馆8_难度1香薰道馆_超能妖精彩虹喷漆),{151=100},23,50,10
11224,80224,(道馆8_难度1香薰道馆_超能妖精彩虹喷漆),{151=100},23,50,10
11225,80225,(道馆8_难度1香薰道馆_超能妖精彩虹喷漆),{151=100},23,50,10
11226,80226,(道馆8_难度1香薰道馆_超能妖精彩虹喷漆),{151=100},23,50,10
11231,80231,(道馆8_难度1香薰道馆_超能妖精彩虹喷漆),{151=100},26,50,10
11232,80232,(道馆8_难度1香薰道馆_超能妖精彩虹喷漆),{151=100},26,50,10
11233,80233,(道馆8_难度2香薰道馆_超能妖精彩虹喷漆),{151=100},26,50,10
11234,80234,(道馆8_难度2香薰道馆_超能妖精彩虹喷漆),{151=100},26,50,10
11235,80235,(道馆8_难度2香薰道馆_超能妖精彩虹喷漆),{151=100},26,50,10
11236,80236,(道馆8_难度2香薰道馆_超能妖精彩虹喷漆),{151=100},26,50,10
11241,80241,(道馆8_难度2香薰道馆_超能妖精彩虹喷漆),{151=100},29,50,10
11242,80242,(道馆8_难度2香薰道馆_超能妖精彩虹喷漆),{151=100},29,50,10
11243,80243,(道馆8_难度3香薰道馆_超能妖精彩虹喷漆),{151=100},29,50,10
11244,80244,(道馆8_难度3香薰道馆_超能妖精彩虹喷漆),{151=100},29,50,10
11245,80245,(道馆8_难度3香薰道馆_超能妖精彩虹喷漆),{151=100},29,50,10
11246,80246,(道馆8_难度3香薰道馆_超能妖精彩虹喷漆),{151=100},29,50,10
11251,80251,(道馆8_难度3香薰道馆_超能妖精彩虹喷漆),{151=100},32,,10
11301,80301,(道馆8_难度3香薰道馆_超能妖精彩虹喷漆),{151=100},17,50,10
11302,80302,(道馆8_难度4香薰道馆_超能妖精彩虹喷漆),{151=100},17,50,10
11303,80303,(道馆8_难度4香薰道馆_超能妖精彩虹喷漆),{151=100},17,50,10
11304,80304,(道馆8_难度4香薰道馆_超能妖精彩虹喷漆),{151=100},17,50,10
11305,80305,(道馆8_难度4香薰道馆_超能妖精彩虹喷漆),{151=100},17,50,10
11306,80306,(道馆8_难度4香薰道馆_超能妖精彩虹喷漆),{151=100},17,50,10
11311,80311,(道馆8_难度4香薰道馆_超能妖精彩虹喷漆),{151=100},20,50,10
11312,80312,(道馆8_难度5香薰道馆_超能妖精彩虹喷漆),{151=100},20,50,10
11313,80313,(道馆8_难度5香薰道馆_超能妖精彩虹喷漆),{151=100},20,50,10
11314,80314,(道馆8_难度5香薰道馆_超能妖精彩虹喷漆),{151=100},20,50,10
11315,80315,(道馆8_难度5香薰道馆_超能妖精彩虹喷漆),{151=100},20,50,10
11316,80316,(道馆8_难度5香薰道馆_超能妖精彩虹喷漆),{151=100},20,50,10
11321,80321,(道馆8_难度5香薰道馆_超能妖精彩虹喷漆),{151=100},23,50,10
11322,80322,(道馆8_难度6_NPC香薰道馆_超能妖精彩虹喷漆),{151=100},23,50,10
11323,80323,,{151=100},23,50,10
11324,80324,(道馆1_难度1常青道馆_地面岩石金币),{151=100},23,50,10
11325,80325,(道馆1_难度1常青道馆_地面岩石金币),{151=100},23,50,10
11326,80326,(道馆1_难度1常青道馆_地面岩石金币),{151=100},23,50,10
11331,80331,(道馆1_难度1常青道馆_地面岩石金币),{151=100},26,50,10
11332,80332,(道馆1_难度1常青道馆_地面岩石金币),{151=100},26,50,10
11333,80333,(道馆1_难度1常青道馆_地面岩石金币),{151=100},26,50,10
11334,80334,(道馆1_难度2常青道馆_地面岩石金币),{151=100},26,50,10
11335,80335,(道馆1_难度2常青道馆_地面岩石金币),{151=100},26,50,10
11336,80336,(道馆1_难度2常青道馆_地面岩石金币),{151=100},26,50,10
11341,80341,(道馆1_难度2常青道馆_地面岩石金币),{151=100},29,50,10
11342,80342,(道馆1_难度2常青道馆_地面岩石金币),{151=100},29,50,10
11343,80343,(道馆1_难度2常青道馆_地面岩石金币),{151=100},29,50,10
11344,80344,(道馆1_难度3常青道馆_地面岩石金币),{151=100},29,50,10
11345,80345,(道馆1_难度3常青道馆_地面岩石金币),{151=100},29,50,10
11346,80346,(道馆1_难度3常青道馆_地面岩石金币),{151=100},29,50,10
11351,80351,(道馆1_难度3常青道馆_地面岩石金币),{151=100},32,,10
11401,80401,(道馆1_难度3常青道馆_地面岩石金币),{151=100},19,50,10
11402,80402,(道馆1_难度3常青道馆_地面岩石金币),{151=100},19,50,10
11403,80403,(道馆1_难度4常青道馆_地面岩石金币),{151=100},19,50,10
11404,80404,(道馆1_难度4常青道馆_地面岩石金币),{151=100},19,50,10
11405,80405,(道馆1_难度4常青道馆_地面岩石金币),{151=100},19,50,10
11406,80406,(道馆1_难度4常青道馆_地面岩石金币),{151=100},19,50,10
11411,80411,(道馆1_难度4常青道馆_地面岩石金币),{151=100},22,50,10
11412,80412,(道馆1_难度4常青道馆_地面岩石金币),{151=100},22,50,10
11413,80413,(道馆1_难度5常青道馆_地面岩石金币),{151=100},22,50,10
11414,80414,(道馆1_难度5常青道馆_地面岩石金币),{151=100},22,50,10
11415,80415,(道馆1_难度5常青道馆_地面岩石金币),{151=100},22,50,10
11416,80416,(道馆1_难度5常青道馆_地面岩石金币),{151=100},22,50,10
11421,80421,(道馆1_难度5常青道馆_地面岩石金币),{151=100},25,50,10
11422,80422,(道馆1_难度5常青道馆_地面岩石金币),{151=100},25,50,10
11423,80423,(道馆1_难度6_NPC常青道馆_地面岩石金币),{151=100},25,50,10
11424,80424,(道馆2_难度1切锋道馆_水冰金币),{151=100},25,50,10
11425,80425,(道馆2_难度1切锋道馆_水冰金币),{151=100},25,50,10
11426,80426,(道馆2_难度1切锋道馆_水冰金币),{151=100},25,50,10
11431,80431,(道馆2_难度1切锋道馆_水冰金币),{151=100},28,50,10
11432,80432,(道馆2_难度1切锋道馆_水冰金币),{151=100},28,50,10
11433,80433,(道馆2_难度1切锋道馆_水冰金币),{151=100},28,50,10
11434,80434,(道馆2_难度2切锋道馆_水冰金币),{151=100},28,50,10
11435,80435,(道馆2_难度2切锋道馆_水冰金币),{151=100},28,50,10
11436,80436,(道馆2_难度2切锋道馆_水冰金币),{151=100},28,50,10
11441,80441,(道馆2_难度2切锋道馆_水冰金币),{151=100},31,50,10
11442,80442,(道馆2_难度2切锋道馆_水冰金币),{151=100},31,50,10
11443,80443,(道馆2_难度2切锋道馆_水冰金币),{151=100},31,50,10
11444,80444,(道馆2_难度3切锋道馆_水冰金币),{151=100},31,50,10
11445,80445,(道馆2_难度3切锋道馆_水冰金币),{151=100},31,50,10
11446,80446,(道馆2_难度3切锋道馆_水冰金币),{151=100},31,50,10
11451,80451,(道馆2_难度3切锋道馆_水冰金币),{151=100},34,,10
11501,80501,(道馆2_难度3切锋道馆_水冰金币),{151=100},19,50,10
11502,80502,(道馆2_难度3切锋道馆_水冰金币),{151=100},19,50,10
11503,80503,(道馆2_难度4切锋道馆_水冰金币),{151=100},19,50,10
11504,80504,(道馆2_难度4切锋道馆_水冰金币),{151=100},19,50,10
11505,80505,(道馆2_难度4切锋道馆_水冰金币),{151=100},19,50,10
11506,80506,(道馆2_难度4切锋道馆_水冰金币),{151=100},19,50,10
11511,80511,(道馆2_难度4切锋道馆_水冰金币),{151=100},22,50,10
11512,80512,(道馆2_难度4切锋道馆_水冰金币),{151=100},22,50,10
11513,80513,(道馆2_难度5切锋道馆_水冰金币),{151=100},22,50,10
11514,80514,(道馆2_难度5切锋道馆_水冰金币),{151=100},22,50,10
11515,80515,(道馆2_难度5切锋道馆_水冰金币),{151=100},22,50,10
11516,80516,(道馆2_难度5切锋道馆_水冰金币),{151=100},22,50,10
11521,80521,(道馆2_难度5切锋道馆_水冰金币),{151=100},25,50,10
11522,80522,(道馆2_难度5切锋道馆_水冰金币),{151=100},25,50,10
11523,80523,(道馆2_难度6_NPC切锋道馆_水冰金币),{151=100},25,50,10
11524,80524,(道馆3_难度1桔梗道馆_草飞行一般金币),{151=100},25,50,10
11525,80525,(道馆3_难度1桔梗道馆_草飞行一般金币),{151=100},25,50,10
11526,80526,(道馆3_难度1桔梗道馆_草飞行一般金币),{151=100},25,50,10
11531,80531,(道馆3_难度1桔梗道馆_草飞行一般金币),{151=100},28,50,10
11532,80532,(道馆3_难度1桔梗道馆_草飞行一般金币),{151=100},28,50,10
11533,80533,(道馆3_难度1桔梗道馆_草飞行一般金币),{151=100},28,50,10
11534,80534,(道馆3_难度2桔梗道馆_草飞行一般金币),{151=100},28,50,10
11535,80535,(道馆3_难度2桔梗道馆_草飞行一般金币),{151=100},28,50,10
11536,80536,(道馆3_难度2桔梗道馆_草飞行一般金币),{151=100},28,50,10
11541,80541,(道馆3_难度2桔梗道馆_草飞行一般金币),{151=100},31,50,10
11542,80542,(道馆3_难度2桔梗道馆_草飞行一般金币),{151=100},31,50,10
11543,80543,(道馆3_难度2桔梗道馆_草飞行一般金币),{151=100},31,50,10
11544,80544,(道馆3_难度3桔梗道馆_草飞行一般金币),{151=100},31,50,10
11545,80545,(道馆3_难度3桔梗道馆_草飞行一般金币),{151=100},31,50,10
11546,80546,(道馆3_难度3桔梗道馆_草飞行一般金币),{151=100},31,50,10
11551,80551,(道馆3_难度3桔梗道馆_草飞行一般金币),{151=100},34,,10
11601,80601,(道馆3_难度3桔梗道馆_草飞行一般金币),{151=100},21,50,10
11602,80602,(道馆3_难度3桔梗道馆_草飞行一般金币),{151=100},21,50,10
11603,80603,(道馆3_难度4桔梗道馆_草飞行一般金币),{151=100},21,50,10
11604,80604,(道馆3_难度4桔梗道馆_草飞行一般金币),{151=100},21,50,10
11605,80605,(道馆3_难度4桔梗道馆_草飞行一般金币),{151=100},21,50,10
11606,80606,(道馆3_难度4桔梗道馆_草飞行一般金币),{151=100},21,50,10
11611,80611,(道馆3_难度4桔梗道馆_草飞行一般金币),{151=100},24,50,10
11612,80612,(道馆3_难度4桔梗道馆_草飞行一般金币),{151=100},24,50,10
11613,80613,(道馆3_难度5桔梗道馆_草飞行一般金币),{151=100},24,50,10
11614,80614,(道馆3_难度5桔梗道馆_草飞行一般金币),{151=100},24,50,10
11615,80615,(道馆3_难度5桔梗道馆_草飞行一般金币),{151=100},24,50,10
11616,80616,(道馆3_难度5桔梗道馆_草飞行一般金币),{151=100},24,50,10
11621,80621,(道馆3_难度5桔梗道馆_草飞行一般金币),{151=100},27,50,10
11622,80622,(道馆3_难度5桔梗道馆_草飞行一般金币),{151=100},27,50,10
11623,80623,(道馆3_难度6_NPC桔梗道馆_草飞行一般金币),{151=100},27,50,10
11624,80624,(道馆4_难度1红莲道馆_火格斗金币),{151=100},27,50,10
11625,80625,(道馆4_难度1红莲道馆_火格斗金币),{151=100},27,50,10
11626,80626,(道馆4_难度1红莲道馆_火格斗金币),{151=100},27,50,10
11631,80631,(道馆4_难度1红莲道馆_火格斗金币),{151=100},30,50,10
11632,80632,(道馆4_难度1红莲道馆_火格斗金币),{151=100},30,50,10
11633,80633,(道馆4_难度1红莲道馆_火格斗金币),{151=100},30,50,10
11634,80634,(道馆4_难度2红莲道馆_火格斗金币),{151=100},30,50,10
11635,80635,(道馆4_难度2红莲道馆_火格斗金币),{151=100},30,50,10
11636,80636,(道馆4_难度2红莲道馆_火格斗金币),{151=100},30,50,10
11641,80641,(道馆4_难度2红莲道馆_火格斗金币),{151=100},33,50,10
11642,80642,(道馆4_难度2红莲道馆_火格斗金币),{151=100},33,50,10
11643,80643,(道馆4_难度2红莲道馆_火格斗金币),{151=100},33,50,10
11644,80644,(道馆4_难度3红莲道馆_火格斗金币),{151=100},33,50,10
11645,80645,(道馆4_难度3红莲道馆_火格斗金币),{151=100},33,50,10
11646,80646,(道馆4_难度3红莲道馆_火格斗金币),{151=100},33,50,10
11651,80651,(道馆4_难度3红莲道馆_火格斗金币),{151=100},36,,10
11701,80701,(道馆4_难度3红莲道馆_火格斗金币),{151=100},21,50,10
11702,80702,(道馆4_难度3红莲道馆_火格斗金币),{151=100},21,50,10
11703,80703,(道馆4_难度4红莲道馆_火格斗金币),{151=100},21,50,10
11704,80704,(道馆4_难度4红莲道馆_火格斗金币),{151=100},21,50,10
11705,80705,(道馆4_难度4红莲道馆_火格斗金币),{151=100},21,50,10
11706,80706,(道馆4_难度4红莲道馆_火格斗金币),{151=100},21,50,10
11711,80711,(道馆4_难度4红莲道馆_火格斗金币),{151=100},24,50,10
11712,80712,(道馆4_难度4红莲道馆_火格斗金币),{151=100},24,50,10
11713,80713,(道馆4_难度5红莲道馆_火格斗金币),{151=100},24,50,10
11714,80714,(道馆4_难度5红莲道馆_火格斗金币),{151=100},24,50,10
11715,80715,(道馆4_难度5红莲道馆_火格斗金币),{151=100},24,50,10
11716,80716,(道馆4_难度5红莲道馆_火格斗金币),{151=100},24,50,10
11721,80721,(道馆4_难度5红莲道馆_火格斗金币),{151=100},27,50,10
11722,80722,(道馆4_难度5红莲道馆_火格斗金币),{151=100},27,50,10
11723,80723,(道馆4_难度6_NPC红莲道馆_火格斗金币),{151=100},27,50,10
11724,80724,(道馆5_难度1双龙道馆_龙电金币),{151=100},27,50,10
11725,80725,(道馆5_难度1双龙道馆_龙电金币),{151=100},27,50,10
11726,80726,(道馆5_难度1双龙道馆_龙电金币),{151=100},27,50,10
11731,80731,(道馆5_难度1双龙道馆_龙电金币),{151=100},30,50,10
11732,80732,(道馆5_难度1双龙道馆_龙电金币),{151=100},30,50,10
11733,80733,(道馆5_难度1双龙道馆_龙电金币),{151=100},30,50,10
11734,80734,(道馆5_难度2双龙道馆_龙电金币),{151=100},30,50,10
11735,80735,(道馆5_难度2双龙道馆_龙电金币),{151=100},30,50,10
11736,80736,(道馆5_难度2双龙道馆_龙电金币),{151=100},30,50,10
11741,80741,(道馆5_难度2双龙道馆_龙电金币),{151=100},33,50,10
11742,80742,(道馆5_难度2双龙道馆_龙电金币),{151=100},33,50,10
11743,80743,(道馆5_难度2双龙道馆_龙电金币),{151=100},33,50,10
11744,80744,(道馆5_难度3双龙道馆_龙电金币),{151=100},33,50,10
11745,80745,(道馆5_难度3双龙道馆_龙电金币),{151=100},33,50,10
11746,80746,(道馆5_难度3双龙道馆_龙电金币),{151=100},33,50,10
11751,80751,(道馆5_难度3双龙道馆_龙电金币),{151=100},36,,10
12001,80001,(道馆5_难度3双龙道馆_龙电金币),{152=100},0,,
12002,80002,(道馆5_难度3双龙道馆_龙电金币),{152=100},0,,
12003,80003,(道馆5_难度4双龙道馆_龙电金币),{152=100},0,,
12004,80004,(道馆5_难度4双龙道馆_龙电金币),{152=100},0,,
12005,80005,(道馆5_难度4双龙道馆_龙电金币),{152=100},0,,
12006,80006,(道馆5_难度4双龙道馆_龙电金币),{152=100},0,,
12011,80011,(道馆5_难度4双龙道馆_龙电金币),{152=100},0,,
12012,80012,(道馆5_难度4双龙道馆_龙电金币),{152=100},0,,
12013,80013,(道馆5_难度5双龙道馆_龙电金币),{152=100},0,,
12014,80014,(道馆5_难度5双龙道馆_龙电金币),{152=100},0,,
12015,80015,(道馆5_难度5双龙道馆_龙电金币),{152=100},0,,
12016,80016,(道馆5_难度5双龙道馆_龙电金币),{152=100},0,,
12021,80021,(道馆5_难度5双龙道馆_龙电金币),{152=100},,60,
12022,80022,(道馆5_难度5双龙道馆_龙电金币),{152=100},,60,
12023,80023,(道馆5_难度6_NPC双龙道馆_龙电金币),{152=100},,60,
12024,80024,(道馆6_难度1缘朱道馆_恶幽灵金币),{152=100},,60,
12025,80025,(道馆6_难度1缘朱道馆_恶幽灵金币),{152=100},,60,
12026,80026,(道馆6_难度1缘朱道馆_恶幽灵金币),{152=100},,60,
12031,80031,(道馆6_难度1缘朱道馆_恶幽灵金币),{152=100},,60,
12032,80032,(道馆6_难度1缘朱道馆_恶幽灵金币),{152=100},,60,
12033,80033,(道馆6_难度1缘朱道馆_恶幽灵金币),{152=100},,60,
12034,80034,(道馆6_难度2缘朱道馆_恶幽灵金币),{152=100},,60,
12035,80035,(道馆6_难度2缘朱道馆_恶幽灵金币),{152=100},,60,
12036,80036,(道馆6_难度2缘朱道馆_恶幽灵金币),{152=100},,60,
12041,80041,(道馆6_难度2缘朱道馆_恶幽灵金币),{152=100},2,60,
12042,80042,(道馆6_难度2缘朱道馆_恶幽灵金币),{152=100},2,60,
12043,80043,(道馆6_难度2缘朱道馆_恶幽灵金币),{152=100},2,60,
12044,80044,(道馆6_难度3缘朱道馆_恶幽灵金币),{152=100},2,60,
12045,80045,(道馆6_难度3缘朱道馆_恶幽灵金币),{152=100},2,60,
12046,80046,(道馆6_难度3缘朱道馆_恶幽灵金币),{152=100},2,60,
12051,80051,(道馆6_难度3缘朱道馆_恶幽灵金币),{152=100},0,,
12101,80101,(道馆6_难度3缘朱道馆_恶幽灵金币),{152=100},0,,
12102,80102,(道馆6_难度3缘朱道馆_恶幽灵金币),{152=100},0,,
12103,80103,(道馆6_难度4缘朱道馆_恶幽灵金币),{152=100},0,,
12104,80104,(道馆6_难度4缘朱道馆_恶幽灵金币),{152=100},0,,
12105,80105,(道馆6_难度4缘朱道馆_恶幽灵金币),{152=100},0,,
12106,80106,(道馆6_难度4缘朱道馆_恶幽灵金币),{152=100},0,,
12111,80111,(道馆6_难度4缘朱道馆_恶幽灵金币),{152=100},0,,
12112,80112,(道馆6_难度4缘朱道馆_恶幽灵金币),{152=100},0,,
12113,80113,(道馆6_难度5缘朱道馆_恶幽灵金币),{152=100},0,,
12114,80114,(道馆6_难度5缘朱道馆_恶幽灵金币),{152=100},0,,
12115,80115,(道馆6_难度5缘朱道馆_恶幽灵金币),{152=100},0,,
12116,80116,(道馆6_难度5缘朱道馆_恶幽灵金币),{152=100},0,,
12121,80121,(道馆6_难度5缘朱道馆_恶幽灵金币),{152=100},,60,
12122,80122,(道馆6_难度5缘朱道馆_恶幽灵金币),{152=100},,60,
12123,80123,(道馆6_难度6_NPC缘朱道馆_恶幽灵金币),{152=100},,60,
12124,80124,(道馆7_难度1浅葱道馆_钢虫毒金币),{152=100},,60,
12125,80125,(道馆7_难度1浅葱道馆_钢虫毒金币),{152=100},,60,
12126,80126,(道馆7_难度1浅葱道馆_钢虫毒金币),{152=100},,60,
12131,80131,(道馆7_难度1浅葱道馆_钢虫毒金币),{152=100},,60,
12132,80132,(道馆7_难度1浅葱道馆_钢虫毒金币),{152=100},,60,
12133,80133,(道馆7_难度1浅葱道馆_钢虫毒金币),{152=100},,60,
12134,80134,(道馆7_难度2浅葱道馆_钢虫毒金币),{152=100},,60,
12135,80135,(道馆7_难度2浅葱道馆_钢虫毒金币),{152=100},,60,
12136,80136,(道馆7_难度2浅葱道馆_钢虫毒金币),{152=100},,60,
12141,80141,(道馆7_难度2浅葱道馆_钢虫毒金币),{152=100},2,60,
12142,80142,(道馆7_难度2浅葱道馆_钢虫毒金币),{152=100},2,60,
12143,80143,(道馆7_难度2浅葱道馆_钢虫毒金币),{152=100},2,60,
12144,80144,(道馆7_难度3浅葱道馆_钢虫毒金币),{152=100},2,60,
12145,80145,(道馆7_难度3浅葱道馆_钢虫毒金币),{152=100},2,60,
12146,80146,(道馆7_难度3浅葱道馆_钢虫毒金币),{152=100},2,60,
12151,80151,(道馆7_难度3浅葱道馆_钢虫毒金币),{152=100},0,,
12201,80201,(道馆7_难度3浅葱道馆_钢虫毒金币),{152=100},0,,
12202,80202,(道馆7_难度3浅葱道馆_钢虫毒金币),{152=100},0,,
12203,80203,(道馆7_难度4浅葱道馆_钢虫毒金币),{152=100},0,,
12204,80204,(道馆7_难度4浅葱道馆_钢虫毒金币),{152=100},0,,
12205,80205,(道馆7_难度4浅葱道馆_钢虫毒金币),{152=100},0,,
12206,80206,(道馆7_难度4浅葱道馆_钢虫毒金币),{152=100},0,,
12211,80211,(道馆7_难度4浅葱道馆_钢虫毒金币),{152=100},0,,
12212,80212,(道馆7_难度4浅葱道馆_钢虫毒金币),{152=100},0,,
12213,80213,(道馆7_难度5浅葱道馆_钢虫毒金币),{152=100},0,,
12214,80214,(道馆7_难度5浅葱道馆_钢虫毒金币),{152=100},0,,
12215,80215,(道馆7_难度5浅葱道馆_钢虫毒金币),{152=100},0,,
12216,80216,(道馆7_难度5浅葱道馆_钢虫毒金币),{152=100},0,,
12221,80221,(道馆7_难度5浅葱道馆_钢虫毒金币),{152=100},,60,
12222,80222,(道馆7_难度5浅葱道馆_钢虫毒金币),{152=100},,60,
12223,80223,(道馆7_难度6_NPC浅葱道馆_钢虫毒金币),{152=100},,60,
12224,80224,(道馆8_难度1香薰道馆_超能妖精金币),{152=100},,60,
12225,80225,(道馆8_难度1香薰道馆_超能妖精金币),{152=100},,60,
12226,80226,(道馆8_难度1香薰道馆_超能妖精金币),{152=100},,60,
12231,80231,(道馆8_难度1香薰道馆_超能妖精金币),{152=100},,60,
12232,80232,(道馆8_难度1香薰道馆_超能妖精金币),{152=100},,60,
12233,80233,(道馆8_难度1香薰道馆_超能妖精金币),{152=100},,60,
12234,80234,(道馆8_难度2香薰道馆_超能妖精金币),{152=100},,60,
12235,80235,(道馆8_难度2香薰道馆_超能妖精金币),{152=100},,60,
12236,80236,(道馆8_难度2香薰道馆_超能妖精金币),{152=100},,60,
12241,80241,(道馆8_难度2香薰道馆_超能妖精金币),{152=100},2,60,
12242,80242,(道馆8_难度2香薰道馆_超能妖精金币),{152=100},2,60,
12243,80243,(道馆8_难度2香薰道馆_超能妖精金币),{152=100},2,60,
12244,80244,(道馆8_难度3香薰道馆_超能妖精金币),{152=100},2,60,
12245,80245,(道馆8_难度3香薰道馆_超能妖精金币),{152=100},2,60,
12246,80246,(道馆8_难度3香薰道馆_超能妖精金币),{152=100},2,60,
12251,80251,(道馆8_难度3香薰道馆_超能妖精金币),{152=100},0,,
12301,80301,(道馆8_难度3香薰道馆_超能妖精金币),{152=100},0,,
12302,80302,(道馆8_难度3香薰道馆_超能妖精金币),{152=100},0,,
12303,80303,(道馆8_难度4香薰道馆_超能妖精金币),{152=100},0,,
12304,80304,(道馆8_难度4香薰道馆_超能妖精金币),{152=100},0,,
12305,80305,(道馆8_难度4香薰道馆_超能妖精金币),{152=100},0,,
12306,80306,(道馆8_难度4香薰道馆_超能妖精金币),{152=100},0,,
12311,80311,(道馆8_难度4香薰道馆_超能妖精金币),{152=100},0,,
12312,80312,(道馆8_难度4香薰道馆_超能妖精金币),{152=100},0,,
12313,80313,(道馆8_难度5香薰道馆_超能妖精金币),{152=100},0,,
12314,80314,(道馆8_难度5香薰道馆_超能妖精金币),{152=100},0,,
12315,80315,(道馆8_难度5香薰道馆_超能妖精金币),{152=100},0,,
12316,80316,(道馆8_难度5香薰道馆_超能妖精金币),{152=100},0,,
12321,80321,(道馆8_难度5香薰道馆_超能妖精金币),{152=100},,60,
12322,80322,(道馆8_难度5香薰道馆_超能妖精金币),{152=100},,60,
12323,80323,(道馆8_难度6_NPC香薰道馆_超能妖精金币),{152=100},,60,
12324,80324,,{152=100},,60,
12325,80325,(道馆1_难度1常青道馆_地面岩石天赋点),{152=100},,60,
12326,80326,(道馆1_难度1常青道馆_地面岩石天赋点),{152=100},,60,
12331,80331,(道馆1_难度1常青道馆_地面岩石天赋点),{152=100},,60,
12332,80332,(道馆1_难度1常青道馆_地面岩石天赋点),{152=100},,60,
12333,80333,(道馆1_难度1常青道馆_地面岩石天赋点),{152=100},,60,
12334,80334,(道馆1_难度1常青道馆_地面岩石天赋点),{152=100},,60,
12335,80335,(道馆1_难度2常青道馆_地面岩石天赋点),{152=100},,60,
12336,80336,(道馆1_难度2常青道馆_地面岩石天赋点),{152=100},,60,
12341,80341,(道馆1_难度2常青道馆_地面岩石天赋点),{152=100},2,60,
12342,80342,(道馆1_难度2常青道馆_地面岩石天赋点),{152=100},2,60,
12343,80343,(道馆1_难度2常青道馆_地面岩石天赋点),{152=100},2,60,
12344,80344,(道馆1_难度2常青道馆_地面岩石天赋点),{152=100},2,60,
12345,80345,(道馆1_难度3常青道馆_地面岩石天赋点),{152=100},2,60,
12346,80346,(道馆1_难度3常青道馆_地面岩石天赋点),{152=100},2,60,
12351,80351,(道馆1_难度3常青道馆_地面岩石天赋点),{152=100},0,,
12401,80401,(道馆1_难度3常青道馆_地面岩石天赋点),{152=100},0,,
12402,80402,(道馆1_难度3常青道馆_地面岩石天赋点),{152=100},0,,
12403,80403,(道馆1_难度3常青道馆_地面岩石天赋点),{152=100},0,,
12404,80404,(道馆1_难度4常青道馆_地面岩石天赋点),{152=100},0,,
12405,80405,(道馆1_难度4常青道馆_地面岩石天赋点),{152=100},0,,
12406,80406,(道馆1_难度4常青道馆_地面岩石天赋点),{152=100},0,,
12411,80411,(道馆1_难度4常青道馆_地面岩石天赋点),{152=100},0,,
12412,80412,(道馆1_难度4常青道馆_地面岩石天赋点),{152=100},0,,
12413,80413,(道馆1_难度4常青道馆_地面岩石天赋点),{152=100},0,,
12414,80414,(道馆1_难度5常青道馆_地面岩石天赋点),{152=100},0,,
12415,80415,(道馆1_难度5常青道馆_地面岩石天赋点),{152=100},0,,
12416,80416,(道馆1_难度5常青道馆_地面岩石天赋点),{152=100},0,,
12421,80421,(道馆1_难度5常青道馆_地面岩石天赋点),{152=100},,60,
12422,80422,(道馆1_难度5常青道馆_地面岩石天赋点),{152=100},,60,
12423,80423,(道馆1_难度5常青道馆_地面岩石天赋点),{152=100},,60,
12424,80424,(道馆1_难度6_NPC常青道馆_地面岩石天赋点),{152=100},,60,
12425,80425,(道馆2_难度1切锋道馆_水冰天赋点),{152=100},,60,
12426,80426,(道馆2_难度1切锋道馆_水冰天赋点),{152=100},,60,
12431,80431,(道馆2_难度1切锋道馆_水冰天赋点),{152=100},,60,
12432,80432,(道馆2_难度1切锋道馆_水冰天赋点),{152=100},,60,
12433,80433,(道馆2_难度1切锋道馆_水冰天赋点),{152=100},,60,
12434,80434,(道馆2_难度1切锋道馆_水冰天赋点),{152=100},,60,
12435,80435,(道馆2_难度2切锋道馆_水冰天赋点),{152=100},,60,
12436,80436,(道馆2_难度2切锋道馆_水冰天赋点),{152=100},,60,
12441,80441,(道馆2_难度2切锋道馆_水冰天赋点),{152=100},2,60,
12442,80442,(道馆2_难度2切锋道馆_水冰天赋点),{152=100},2,60,
12443,80443,(道馆2_难度2切锋道馆_水冰天赋点),{152=100},2,60,
12444,80444,(道馆2_难度2切锋道馆_水冰天赋点),{152=100},2,60,
12445,80445,(道馆2_难度3切锋道馆_水冰天赋点),{152=100},2,60,
12446,80446,(道馆2_难度3切锋道馆_水冰天赋点),{152=100},2,60,
12451,80451,(道馆2_难度3切锋道馆_水冰天赋点),{152=100},0,,
12501,80501,(道馆2_难度3切锋道馆_水冰天赋点),{152=100},0,,
12502,80502,(道馆2_难度3切锋道馆_水冰天赋点),{152=100},0,,
12503,80503,(道馆2_难度3切锋道馆_水冰天赋点),{152=100},0,,
12504,80504,(道馆2_难度4切锋道馆_水冰天赋点),{152=100},0,,
12505,80505,(道馆2_难度4切锋道馆_水冰天赋点),{152=100},0,,
12506,80506,(道馆2_难度4切锋道馆_水冰天赋点),{152=100},0,,
12511,80511,(道馆2_难度4切锋道馆_水冰天赋点),{152=100},0,,
12512,80512,(道馆2_难度4切锋道馆_水冰天赋点),{152=100},0,,
12513,80513,(道馆2_难度4切锋道馆_水冰天赋点),{152=100},0,,
12514,80514,(道馆2_难度5切锋道馆_水冰天赋点),{152=100},0,,
12515,80515,(道馆2_难度5切锋道馆_水冰天赋点),{152=100},0,,
12516,80516,(道馆2_难度5切锋道馆_水冰天赋点),{152=100},0,,
12521,80521,(道馆2_难度5切锋道馆_水冰天赋点),{152=100},,60,
12522,80522,(道馆2_难度5切锋道馆_水冰天赋点),{152=100},,60,
12523,80523,(道馆2_难度5切锋道馆_水冰天赋点),{152=100},,60,
12524,80524,(道馆2_难度6_NPC切锋道馆_水冰天赋点),{152=100},,60,
12525,80525,(道馆3_难度1桔梗道馆_草飞行一般天赋点),{152=100},,60,
12526,80526,(道馆3_难度1桔梗道馆_草飞行一般天赋点),{152=100},,60,
12531,80531,(道馆3_难度1桔梗道馆_草飞行一般天赋点),{152=100},,60,
12532,80532,(道馆3_难度1桔梗道馆_草飞行一般天赋点),{152=100},,60,
12533,80533,(道馆3_难度1桔梗道馆_草飞行一般天赋点),{152=100},,60,
12534,80534,(道馆3_难度1桔梗道馆_草飞行一般天赋点),{152=100},,60,
12535,80535,(道馆3_难度2桔梗道馆_草飞行一般天赋点),{152=100},,60,
12536,80536,(道馆3_难度2桔梗道馆_草飞行一般天赋点),{152=100},,60,
12541,80541,(道馆3_难度2桔梗道馆_草飞行一般天赋点),{152=100},2,60,
12542,80542,(道馆3_难度2桔梗道馆_草飞行一般天赋点),{152=100},2,60,
12543,80543,(道馆3_难度2桔梗道馆_草飞行一般天赋点),{152=100},2,60,
12544,80544,(道馆3_难度2桔梗道馆_草飞行一般天赋点),{152=100},2,60,
12545,80545,(道馆3_难度3桔梗道馆_草飞行一般天赋点),{152=100},2,60,
12546,80546,(道馆3_难度3桔梗道馆_草飞行一般天赋点),{152=100},2,60,
12551,80551,(道馆3_难度3桔梗道馆_草飞行一般天赋点),{152=100},0,,
12601,80601,(道馆3_难度3桔梗道馆_草飞行一般天赋点),{152=100},0,,
12602,80602,(道馆3_难度3桔梗道馆_草飞行一般天赋点),{152=100},0,,
12603,80603,(道馆3_难度3桔梗道馆_草飞行一般天赋点),{152=100},0,,
12604,80604,(道馆3_难度4桔梗道馆_草飞行一般天赋点),{152=100},0,,
12605,80605,(道馆3_难度4桔梗道馆_草飞行一般天赋点),{152=100},0,,
12606,80606,(道馆3_难度4桔梗道馆_草飞行一般天赋点),{152=100},0,,
12611,80611,(道馆3_难度4桔梗道馆_草飞行一般天赋点),{152=100},0,,
12612,80612,(道馆3_难度4桔梗道馆_草飞行一般天赋点),{152=100},0,,
12613,80613,(道馆3_难度4桔梗道馆_草飞行一般天赋点),{152=100},0,,
12614,80614,(道馆3_难度5桔梗道馆_草飞行一般天赋点),{152=100},0,,
12615,80615,(道馆3_难度5桔梗道馆_草飞行一般天赋点),{152=100},0,,
12616,80616,(道馆3_难度5桔梗道馆_草飞行一般天赋点),{152=100},0,,
12621,80621,(道馆3_难度5桔梗道馆_草飞行一般天赋点),{152=100},,60,
12622,80622,(道馆3_难度5桔梗道馆_草飞行一般天赋点),{152=100},,60,
12623,80623,(道馆3_难度5桔梗道馆_草飞行一般天赋点),{152=100},,60,
12624,80624,(道馆3_难度6_NPC桔梗道馆_草飞行一般天赋点),{152=100},,60,
12625,80625,(道馆4_难度1红莲道馆_火格斗天赋点),{152=100},,60,
12626,80626,(道馆4_难度1红莲道馆_火格斗天赋点),{152=100},,60,
12631,80631,(道馆4_难度1红莲道馆_火格斗天赋点),{152=100},,60,
12632,80632,(道馆4_难度1红莲道馆_火格斗天赋点),{152=100},,60,
12633,80633,(道馆4_难度1红莲道馆_火格斗天赋点),{152=100},,60,
12634,80634,(道馆4_难度1红莲道馆_火格斗天赋点),{152=100},,60,
12635,80635,(道馆4_难度2红莲道馆_火格斗天赋点),{152=100},,60,
12636,80636,(道馆4_难度2红莲道馆_火格斗天赋点),{152=100},,60,
12641,80641,(道馆4_难度2红莲道馆_火格斗天赋点),{152=100},2,60,
12642,80642,(道馆4_难度2红莲道馆_火格斗天赋点),{152=100},2,60,
12643,80643,(道馆4_难度2红莲道馆_火格斗天赋点),{152=100},2,60,
12644,80644,(道馆4_难度2红莲道馆_火格斗天赋点),{152=100},2,60,
12645,80645,(道馆4_难度3红莲道馆_火格斗天赋点),{152=100},2,60,
12646,80646,(道馆4_难度3红莲道馆_火格斗天赋点),{152=100},2,60,
12651,80651,(道馆4_难度3红莲道馆_火格斗天赋点),{152=100},0,,
12701,80701,(道馆4_难度3红莲道馆_火格斗天赋点),{152=100},0,,
12702,80702,(道馆4_难度3红莲道馆_火格斗天赋点),{152=100},0,,
12703,80703,(道馆4_难度3红莲道馆_火格斗天赋点),{152=100},0,,
12704,80704,(道馆4_难度4红莲道馆_火格斗天赋点),{152=100},0,,
12705,80705,(道馆4_难度4红莲道馆_火格斗天赋点),{152=100},0,,
12706,80706,(道馆4_难度4红莲道馆_火格斗天赋点),{152=100},0,,
12711,80711,(道馆4_难度4红莲道馆_火格斗天赋点),{152=100},0,,
12712,80712,(道馆4_难度4红莲道馆_火格斗天赋点),{152=100},0,,
12713,80713,(道馆4_难度4红莲道馆_火格斗天赋点),{152=100},0,,
12714,80714,(道馆4_难度5红莲道馆_火格斗天赋点),{152=100},0,,
12715,80715,(道馆4_难度5红莲道馆_火格斗天赋点),{152=100},0,,
12716,80716,(道馆4_难度5红莲道馆_火格斗天赋点),{152=100},0,,
12721,80721,(道馆4_难度5红莲道馆_火格斗天赋点),{152=100},,60,
12722,80722,(道馆4_难度5红莲道馆_火格斗天赋点),{152=100},,60,
12723,80723,(道馆4_难度5红莲道馆_火格斗天赋点),{152=100},,60,
12724,80724,(道馆4_难度6_NPC红莲道馆_火格斗天赋点),{152=100},,60,
12725,80725,(道馆5_难度1双龙道馆_龙电天赋点),{152=100},,60,
12726,80726,(道馆5_难度1双龙道馆_龙电天赋点),{152=100},,60,
12731,80731,(道馆5_难度1双龙道馆_龙电天赋点),{152=100},,60,
12732,80732,(道馆5_难度1双龙道馆_龙电天赋点),{152=100},,60,
12733,80733,(道馆5_难度1双龙道馆_龙电天赋点),{152=100},,60,
12734,80734,(道馆5_难度1双龙道馆_龙电天赋点),{152=100},,60,
12735,80735,(道馆5_难度2双龙道馆_龙电天赋点),{152=100},,60,
12736,80736,(道馆5_难度2双龙道馆_龙电天赋点),{152=100},,60,
12741,80741,(道馆5_难度2双龙道馆_龙电天赋点),{152=100},2,60,
12742,80742,(道馆5_难度2双龙道馆_龙电天赋点),{152=100},2,60,
12743,80743,(道馆5_难度2双龙道馆_龙电天赋点),{152=100},2,60,
12744,80744,(道馆5_难度2双龙道馆_龙电天赋点),{152=100},2,60,
12745,80745,(道馆5_难度3双龙道馆_龙电天赋点),{152=100},2,60,
12746,80746,(道馆5_难度3双龙道馆_龙电天赋点),{152=100},2,60,
12751,80751,(道馆5_难度3双龙道馆_龙电天赋点),{152=100},0,,
13001,80001,(道馆5_难度3双龙道馆_龙电天赋点),{511=100;513=50;514=30;510=100},6,50,
13002,80002,(道馆5_难度3双龙道馆_龙电天赋点),{511=100;513=50;514=30;510=100},6,50,
13003,80003,(道馆5_难度3双龙道馆_龙电天赋点),{511=100;513=50;514=30;510=100},6,50,
13004,80004,(道馆5_难度4双龙道馆_龙电天赋点),{511=100;513=50;514=30;510=100},6,50,
13005,80005,(道馆5_难度4双龙道馆_龙电天赋点),{511=100;513=50;514=30;510=100},6,50,
13006,80006,(道馆5_难度4双龙道馆_龙电天赋点),{511=100;513=50;514=30;510=100},6,50,
13011,80011,(道馆5_难度4双龙道馆_龙电天赋点),{511=100;513=50;514=30;510=100},7,50,
13012,80012,(道馆5_难度4双龙道馆_龙电天赋点),{511=100;513=50;514=30;510=100},7,50,
13013,80013,(道馆5_难度4双龙道馆_龙电天赋点),{511=100;513=50;514=30;510=100},7,50,
13014,80014,(道馆5_难度5双龙道馆_龙电天赋点),{511=100;513=50;514=30;510=100},7,50,
13015,80015,(道馆5_难度5双龙道馆_龙电天赋点),{511=100;513=50;514=30;510=100},7,50,
13016,80016,(道馆5_难度5双龙道馆_龙电天赋点),{511=100;513=50;514=30;510=100},7,50,
13021,80021,(道馆5_难度5双龙道馆_龙电天赋点),{511=100;513=50;514=30;510=100},8,50,
13022,80022,(道馆5_难度5双龙道馆_龙电天赋点),{511=100;513=50;514=30;510=100},8,50,
13023,80023,(道馆5_难度5双龙道馆_龙电天赋点),{511=100;513=50;514=30;510=100},8,50,
13024,80024,(道馆5_难度6_NPC双龙道馆_龙电天赋点),{511=100;513=50;514=30;510=100},8,50,
13025,80025,(道馆6_难度1缘朱道馆_恶幽灵天赋点),{511=100;513=50;514=30;510=100},8,50,
13026,80026,(道馆6_难度1缘朱道馆_恶幽灵天赋点),{511=100;513=50;514=30;510=100},8,50,
13031,80031,(道馆6_难度1缘朱道馆_恶幽灵天赋点),{511=100;513=50;514=30;510=100},9,50,
13032,80032,(道馆6_难度1缘朱道馆_恶幽灵天赋点),{511=100;513=50;514=30;510=100},9,50,
13033,80033,(道馆6_难度1缘朱道馆_恶幽灵天赋点),{511=100;513=50;514=30;510=100},9,50,
13034,80034,(道馆6_难度1缘朱道馆_恶幽灵天赋点),{511=100;513=50;514=30;510=100},9,50,
13035,80035,(道馆6_难度2缘朱道馆_恶幽灵天赋点),{511=100;513=50;514=30;510=100},9,50,
13036,80036,(道馆6_难度2缘朱道馆_恶幽灵天赋点),{511=100;513=50;514=30;510=100},9,50,
13041,80041,(道馆6_难度2缘朱道馆_恶幽灵天赋点),{511=100;513=50;514=30;510=100},10,50,
13042,80042,(道馆6_难度2缘朱道馆_恶幽灵天赋点),{511=100;513=50;514=30;510=100},10,50,
13043,80043,(道馆6_难度2缘朱道馆_恶幽灵天赋点),{511=100;513=50;514=30;510=100},10,50,
13044,80044,(道馆6_难度2缘朱道馆_恶幽灵天赋点),{511=100;513=50;514=30;510=100},10,50,
13045,80045,(道馆6_难度3缘朱道馆_恶幽灵天赋点),{511=100;513=50;514=30;510=100},10,50,
13046,80046,(道馆6_难度3缘朱道馆_恶幽灵天赋点),{511=100;513=50;514=30;510=100},10,50,
13051,80051,(道馆6_难度3缘朱道馆_恶幽灵天赋点),{511=100;513=50;514=30;510=100},11,50,
13101,80101,(道馆6_难度3缘朱道馆_恶幽灵天赋点),{511=100;513=50;514=30;510=100},6,50,
13102,80102,(道馆6_难度3缘朱道馆_恶幽灵天赋点),{511=100;513=50;514=30;510=100},6,50,
13103,80103,(道馆6_难度3缘朱道馆_恶幽灵天赋点),{511=100;513=50;514=30;510=100},6,50,
13104,80104,(道馆6_难度4缘朱道馆_恶幽灵天赋点),{511=100;513=50;514=30;510=100},6,50,
13105,80105,(道馆6_难度4缘朱道馆_恶幽灵天赋点),{511=100;513=50;514=30;510=100},6,50,
13106,80106,(道馆6_难度4缘朱道馆_恶幽灵天赋点),{511=100;513=50;514=30;510=100},6,50,
13111,80111,(道馆6_难度4缘朱道馆_恶幽灵天赋点),{511=100;513=50;514=30;510=100},7,50,
13112,80112,(道馆6_难度4缘朱道馆_恶幽灵天赋点),{511=100;513=50;514=30;510=100},7,50,
13113,80113,(道馆6_难度4缘朱道馆_恶幽灵天赋点),{511=100;513=50;514=30;510=100},7,50,
13114,80114,(道馆6_难度5缘朱道馆_恶幽灵天赋点),{511=100;513=50;514=30;510=100},7,50,
13115,80115,(道馆6_难度5缘朱道馆_恶幽灵天赋点),{511=100;513=50;514=30;510=100},7,50,
13116,80116,(道馆6_难度5缘朱道馆_恶幽灵天赋点),{511=100;513=50;514=30;510=100},7,50,
13121,80121,(道馆6_难度5缘朱道馆_恶幽灵天赋点),{511=100;513=50;514=30;510=100},8,50,
13122,80122,(道馆6_难度5缘朱道馆_恶幽灵天赋点),{511=100;513=50;514=30;510=100},8,50,
13123,80123,(道馆6_难度5缘朱道馆_恶幽灵天赋点),{511=100;513=50;514=30;510=100},8,50,
13124,80124,(道馆6_难度6_NPC缘朱道馆_恶幽灵天赋点),{511=100;513=50;514=30;510=100},8,50,
13125,80125,(道馆7_难度1浅葱道馆_钢虫毒天赋点),{511=100;513=50;514=30;510=100},8,50,
13126,80126,(道馆7_难度1浅葱道馆_钢虫毒天赋点),{511=100;513=50;514=30;510=100},8,50,
13131,80131,(道馆7_难度1浅葱道馆_钢虫毒天赋点),{511=100;513=50;514=30;510=100},9,50,
13132,80132,(道馆7_难度1浅葱道馆_钢虫毒天赋点),{511=100;513=50;514=30;510=100},9,50,
13133,80133,(道馆7_难度1浅葱道馆_钢虫毒天赋点),{511=100;513=50;514=30;510=100},9,50,
13134,80134,(道馆7_难度1浅葱道馆_钢虫毒天赋点),{511=100;513=50;514=30;510=100},9,50,
13135,80135,(道馆7_难度2浅葱道馆_钢虫毒天赋点),{511=100;513=50;514=30;510=100},9,50,
13136,80136,(道馆7_难度2浅葱道馆_钢虫毒天赋点),{511=100;513=50;514=30;510=100},9,50,
13141,80141,(道馆7_难度2浅葱道馆_钢虫毒天赋点),{511=100;513=50;514=30;510=100},10,50,
13142,80142,(道馆7_难度2浅葱道馆_钢虫毒天赋点),{511=100;513=50;514=30;510=100},10,50,
13143,80143,(道馆7_难度2浅葱道馆_钢虫毒天赋点),{511=100;513=50;514=30;510=100},10,50,
13144,80144,(道馆7_难度2浅葱道馆_钢虫毒天赋点),{511=100;513=50;514=30;510=100},10,50,
13145,80145,(道馆7_难度3浅葱道馆_钢虫毒天赋点),{511=100;513=50;514=30;510=100},10,50,
13146,80146,(道馆7_难度3浅葱道馆_钢虫毒天赋点),{511=100;513=50;514=30;510=100},10,50,
13151,80151,(道馆7_难度3浅葱道馆_钢虫毒天赋点),{511=100;513=50;514=30;510=100},11,50,
13201,80201,(道馆7_难度3浅葱道馆_钢虫毒天赋点),{511=100;513=50;514=30;510=100},6,50,
13202,80202,(道馆7_难度3浅葱道馆_钢虫毒天赋点),{511=100;513=50;514=30;510=100},6,50,
13203,80203,(道馆7_难度3浅葱道馆_钢虫毒天赋点),{511=100;513=50;514=30;510=100},6,50,
13204,80204,(道馆7_难度4浅葱道馆_钢虫毒天赋点),{511=100;513=50;514=30;510=100},6,50,
13205,80205,(道馆7_难度4浅葱道馆_钢虫毒天赋点),{511=100;513=50;514=30;510=100},6,50,
13206,80206,(道馆7_难度4浅葱道馆_钢虫毒天赋点),{511=100;513=50;514=30;510=100},6,50,
13211,80211,(道馆7_难度4浅葱道馆_钢虫毒天赋点),{511=100;513=50;514=30;510=100},7,50,
13212,80212,(道馆7_难度4浅葱道馆_钢虫毒天赋点),{511=100;513=50;514=30;510=100},7,50,
13213,80213,(道馆7_难度4浅葱道馆_钢虫毒天赋点),{511=100;513=50;514=30;510=100},7,50,
13214,80214,(道馆7_难度5浅葱道馆_钢虫毒天赋点),{511=100;513=50;514=30;510=100},7,50,
13215,80215,(道馆7_难度5浅葱道馆_钢虫毒天赋点),{511=100;513=50;514=30;510=100},7,50,
13216,80216,(道馆7_难度5浅葱道馆_钢虫毒天赋点),{511=100;513=50;514=30;510=100},7,50,
13221,80221,(道馆7_难度5浅葱道馆_钢虫毒天赋点),{511=100;513=50;514=30;510=100},8,50,
13222,80222,(道馆7_难度5浅葱道馆_钢虫毒天赋点),{511=100;513=50;514=30;510=100},8,50,
13223,80223,(道馆7_难度5浅葱道馆_钢虫毒天赋点),{511=100;513=50;514=30;510=100},8,50,
13224,80224,(道馆7_难度6_NPC浅葱道馆_钢虫毒天赋点),{511=100;513=50;514=30;510=100},8,50,
13225,80225,(道馆8_难度1香薰道馆_超能妖精天赋点),{511=100;513=50;514=30;510=100},8,50,
13226,80226,(道馆8_难度1香薰道馆_超能妖精天赋点),{511=100;513=50;514=30;510=100},8,50,
13231,80231,(道馆8_难度1香薰道馆_超能妖精天赋点),{511=100;513=50;514=30;510=100},9,50,
13232,80232,(道馆8_难度1香薰道馆_超能妖精天赋点),{511=100;513=50;514=30;510=100},9,50,
13233,80233,(道馆8_难度1香薰道馆_超能妖精天赋点),{511=100;513=50;514=30;510=100},9,50,
13234,80234,(道馆8_难度1香薰道馆_超能妖精天赋点),{511=100;513=50;514=30;510=100},9,50,
13235,80235,(道馆8_难度2香薰道馆_超能妖精天赋点),{511=100;513=50;514=30;510=100},9,50,
13236,80236,(道馆8_难度2香薰道馆_超能妖精天赋点),{511=100;513=50;514=30;510=100},9,50,
13241,80241,(道馆8_难度2香薰道馆_超能妖精天赋点),{511=100;513=50;514=30;510=100},10,50,
13242,80242,(道馆8_难度2香薰道馆_超能妖精天赋点),{511=100;513=50;514=30;510=100},10,50,
13243,80243,(道馆8_难度2香薰道馆_超能妖精天赋点),{511=100;513=50;514=30;510=100},10,50,
13244,80244,(道馆8_难度2香薰道馆_超能妖精天赋点),{511=100;513=50;514=30;510=100},10,50,
13245,80245,(道馆8_难度3香薰道馆_超能妖精天赋点),{511=100;513=50;514=30;510=100},10,50,
13246,80246,(道馆8_难度3香薰道馆_超能妖精天赋点),{511=100;513=50;514=30;510=100},10,50,
13251,80251,(道馆8_难度3香薰道馆_超能妖精天赋点),{511=100;513=50;514=30;510=100},11,50,
13301,80301,(道馆8_难度3香薰道馆_超能妖精天赋点),{511=100;513=50;514=30;510=100},7,50,
13302,80302,(道馆8_难度3香薰道馆_超能妖精天赋点),{511=100;513=50;514=30;510=100},7,50,
13303,80303,(道馆8_难度3香薰道馆_超能妖精天赋点),{511=100;513=50;514=30;510=100},7,50,
13304,80304,(道馆8_难度4香薰道馆_超能妖精天赋点),{511=100;513=50;514=30;510=100},7,50,
13305,80305,(道馆8_难度4香薰道馆_超能妖精天赋点),{511=100;513=50;514=30;510=100},7,50,
13306,80306,(道馆8_难度4香薰道馆_超能妖精天赋点),{511=100;513=50;514=30;510=100},7,50,
13311,80311,(道馆8_难度4香薰道馆_超能妖精天赋点),{511=100;513=50;514=30;510=100},8,50,
13312,80312,(道馆8_难度4香薰道馆_超能妖精天赋点),{511=100;513=50;514=30;510=100},8,50,
13313,80313,(道馆8_难度4香薰道馆_超能妖精天赋点),{511=100;513=50;514=30;510=100},8,50,
13314,80314,(道馆8_难度5香薰道馆_超能妖精天赋点),{511=100;513=50;514=30;510=100},8,50,
13315,80315,(道馆8_难度5香薰道馆_超能妖精天赋点),{511=100;513=50;514=30;510=100},8,50,
13316,80316,(道馆8_难度5香薰道馆_超能妖精天赋点),{511=100;513=50;514=30;510=100},8,50,
13321,80321,(道馆8_难度5香薰道馆_超能妖精天赋点),{511=100;513=50;514=30;510=100},9,50,
13322,80322,(道馆8_难度5香薰道馆_超能妖精天赋点),{511=100;513=50;514=30;510=100},9,50,
13323,80323,(道馆8_难度5香薰道馆_超能妖精天赋点),{511=100;513=50;514=30;510=100},9,50,
13324,80324,(道馆8_难度6_NPC香薰道馆_超能妖精天赋点),{511=100;513=50;514=30;510=100},9,50,
13325,80325,,{511=100;513=50;514=30;510=100},9,50,
13326,80326,(道馆1_难度1常青道馆_地面岩石符石精华),{511=100;513=50;514=30;510=100},9,50,
13331,80331,(道馆1_难度1常青道馆_地面岩石符石精华),{511=100;513=50;514=30;510=100},10,50,
13332,80332,(道馆1_难度1常青道馆_地面岩石符石精华),{511=100;513=50;514=30;510=100},10,50,
13333,80333,(道馆1_难度1常青道馆_地面岩石符石精华),{511=100;513=50;514=30;510=100},10,50,
13334,80334,(道馆1_难度1常青道馆_地面岩石符石精华),{511=100;513=50;514=30;510=100},10,50,
13335,80335,(道馆1_难度1常青道馆_地面岩石符石精华),{511=100;513=50;514=30;510=100},10,50,
13336,80336,(道馆1_难度2常青道馆_地面岩石符石精华),{511=100;513=50;514=30;510=100},10,50,
13341,80341,(道馆1_难度2常青道馆_地面岩石符石精华),{511=100;513=50;514=30;510=100},11,50,
13342,80342,(道馆1_难度2常青道馆_地面岩石符石精华),{511=100;513=50;514=30;510=100},11,50,
13343,80343,(道馆1_难度2常青道馆_地面岩石符石精华),{511=100;513=50;514=30;510=100},11,50,
13344,80344,(道馆1_难度2常青道馆_地面岩石符石精华),{511=100;513=50;514=30;510=100},11,50,
13345,80345,(道馆1_难度2常青道馆_地面岩石符石精华),{511=100;513=50;514=30;510=100},11,50,
13346,80346,(道馆1_难度3常青道馆_地面岩石符石精华),{511=100;513=50;514=30;510=100},11,50,
13351,80351,(道馆1_难度3常青道馆_地面岩石符石精华),{511=100;513=50;514=30;510=100},12,50,
13401,80401,(道馆1_难度3常青道馆_地面岩石符石精华),{511=100;513=50;514=30;510=100},7,50,
13402,80402,(道馆1_难度3常青道馆_地面岩石符石精华),{511=100;513=50;514=30;510=100},7,50,
13403,80403,(道馆1_难度3常青道馆_地面岩石符石精华),{511=100;513=50;514=30;510=100},7,50,
13404,80404,(道馆1_难度3常青道馆_地面岩石符石精华),{511=100;513=50;514=30;510=100},7,50,
13405,80405,(道馆1_难度4常青道馆_地面岩石符石精华),{511=100;513=50;514=30;510=100},7,50,
13406,80406,(道馆1_难度4常青道馆_地面岩石符石精华),{511=100;513=50;514=30;510=100},7,50,
13411,80411,(道馆1_难度4常青道馆_地面岩石符石精华),{511=100;513=50;514=30;510=100},8,50,
13412,80412,(道馆1_难度4常青道馆_地面岩石符石精华),{511=100;513=50;514=30;510=100},8,50,
13413,80413,(道馆1_难度4常青道馆_地面岩石符石精华),{511=100;513=50;514=30;510=100},8,50,
13414,80414,(道馆1_难度4常青道馆_地面岩石符石精华),{511=100;513=50;514=30;510=100},8,50,
13415,80415,(道馆1_难度5常青道馆_地面岩石符石精华),{511=100;513=50;514=30;510=100},8,50,
13416,80416,(道馆1_难度5常青道馆_地面岩石符石精华),{511=100;513=50;514=30;510=100},8,50,
13421,80421,(道馆1_难度5常青道馆_地面岩石符石精华),{511=100;513=50;514=30;510=100},9,50,
13422,80422,(道馆1_难度5常青道馆_地面岩石符石精华),{511=100;513=50;514=30;510=100},9,50,
13423,80423,(道馆1_难度5常青道馆_地面岩石符石精华),{511=100;513=50;514=30;510=100},9,50,
13424,80424,(道馆1_难度5常青道馆_地面岩石符石精华),{511=100;513=50;514=30;510=100},9,50,
13425,80425,(道馆1_难度6_NPC常青道馆_地面岩石符石精华),{511=100;513=50;514=30;510=100},9,50,
13426,80426,(道馆2_难度1切锋道馆_水冰符石精华),{511=100;513=50;514=30;510=100},9,50,
13431,80431,(道馆2_难度1切锋道馆_水冰符石精华),{511=100;513=50;514=30;510=100},10,50,
13432,80432,(道馆2_难度1切锋道馆_水冰符石精华),{511=100;513=50;514=30;510=100},10,50,
13433,80433,(道馆2_难度1切锋道馆_水冰符石精华),{511=100;513=50;514=30;510=100},10,50,
13434,80434,(道馆2_难度1切锋道馆_水冰符石精华),{511=100;513=50;514=30;510=100},10,50,
13435,80435,(道馆2_难度1切锋道馆_水冰符石精华),{511=100;513=50;514=30;510=100},10,50,
13436,80436,(道馆2_难度2切锋道馆_水冰符石精华),{511=100;513=50;514=30;510=100},10,50,
13441,80441,(道馆2_难度2切锋道馆_水冰符石精华),{511=100;513=50;514=30;510=100},11,50,
13442,80442,(道馆2_难度2切锋道馆_水冰符石精华),{511=100;513=50;514=30;510=100},11,50,
13443,80443,(道馆2_难度2切锋道馆_水冰符石精华),{511=100;513=50;514=30;510=100},11,50,
13444,80444,(道馆2_难度2切锋道馆_水冰符石精华),{511=100;513=50;514=30;510=100},11,50,
13445,80445,(道馆2_难度2切锋道馆_水冰符石精华),{511=100;513=50;514=30;510=100},11,50,
13446,80446,(道馆2_难度3切锋道馆_水冰符石精华),{511=100;513=50;514=30;510=100},11,50,
13451,80451,(道馆2_难度3切锋道馆_水冰符石精华),{511=100;513=50;514=30;510=100},12,50,
13501,80501,(道馆2_难度3切锋道馆_水冰符石精华),{511=100;513=50;514=30;510=100},7,50,
13502,80502,(道馆2_难度3切锋道馆_水冰符石精华),{511=100;513=50;514=30;510=100},7,50,
13503,80503,(道馆2_难度3切锋道馆_水冰符石精华),{511=100;513=50;514=30;510=100},7,50,
13504,80504,(道馆2_难度3切锋道馆_水冰符石精华),{511=100;513=50;514=30;510=100},7,50,
13505,80505,(道馆2_难度4切锋道馆_水冰符石精华),{511=100;513=50;514=30;510=100},7,50,
13506,80506,(道馆2_难度4切锋道馆_水冰符石精华),{511=100;513=50;514=30;510=100},7,50,
13511,80511,(道馆2_难度4切锋道馆_水冰符石精华),{511=100;513=50;514=30;510=100},8,50,
13512,80512,(道馆2_难度4切锋道馆_水冰符石精华),{511=100;513=50;514=30;510=100},8,50,
13513,80513,(道馆2_难度4切锋道馆_水冰符石精华),{511=100;513=50;514=30;510=100},8,50,
13514,80514,(道馆2_难度4切锋道馆_水冰符石精华),{511=100;513=50;514=30;510=100},8,50,
13515,80515,(道馆2_难度5切锋道馆_水冰符石精华),{511=100;513=50;514=30;510=100},8,50,
13516,80516,(道馆2_难度5切锋道馆_水冰符石精华),{511=100;513=50;514=30;510=100},8,50,
13521,80521,(道馆2_难度5切锋道馆_水冰符石精华),{511=100;513=50;514=30;510=100},9,50,
13522,80522,(道馆2_难度5切锋道馆_水冰符石精华),{511=100;513=50;514=30;510=100},9,50,
13523,80523,(道馆2_难度5切锋道馆_水冰符石精华),{511=100;513=50;514=30;510=100},9,50,
13524,80524,(道馆2_难度5切锋道馆_水冰符石精华),{511=100;513=50;514=30;510=100},9,50,
13525,80525,(道馆2_难度6_NPC切锋道馆_水冰符石精华),{511=100;513=50;514=30;510=100},9,50,
13526,80526,(道馆3_难度1桔梗道馆_草飞行一般符石精华),{511=100;513=50;514=30;510=100},9,50,
13531,80531,(道馆3_难度1桔梗道馆_草飞行一般符石精华),{511=100;513=50;514=30;510=100},10,50,
13532,80532,(道馆3_难度1桔梗道馆_草飞行一般符石精华),{511=100;513=50;514=30;510=100},10,50,
13533,80533,(道馆3_难度1桔梗道馆_草飞行一般符石精华),{511=100;513=50;514=30;510=100},10,50,
13534,80534,(道馆3_难度1桔梗道馆_草飞行一般符石精华),{511=100;513=50;514=30;510=100},10,50,
13535,80535,(道馆3_难度1桔梗道馆_草飞行一般符石精华),{511=100;513=50;514=30;510=100},10,50,
13536,80536,(道馆3_难度2桔梗道馆_草飞行一般符石精华),{511=100;513=50;514=30;510=100},10,50,
13541,80541,(道馆3_难度2桔梗道馆_草飞行一般符石精华),{511=100;513=50;514=30;510=100},11,50,
13542,80542,(道馆3_难度2桔梗道馆_草飞行一般符石精华),{511=100;513=50;514=30;510=100},11,50,
13543,80543,(道馆3_难度2桔梗道馆_草飞行一般符石精华),{511=100;513=50;514=30;510=100},11,50,
13544,80544,(道馆3_难度2桔梗道馆_草飞行一般符石精华),{511=100;513=50;514=30;510=100},11,50,
13545,80545,(道馆3_难度2桔梗道馆_草飞行一般符石精华),{511=100;513=50;514=30;510=100},11,50,
13546,80546,(道馆3_难度3桔梗道馆_草飞行一般符石精华),{511=100;513=50;514=30;510=100},11,50,
13551,80551,(道馆3_难度3桔梗道馆_草飞行一般符石精华),{511=100;513=50;514=30;510=100},12,50,
13601,80601,(道馆3_难度3桔梗道馆_草飞行一般符石精华),{511=100;513=50;514=30;510=100},8,50,
13602,80602,(道馆3_难度3桔梗道馆_草飞行一般符石精华),{511=100;513=50;514=30;510=100},8,50,
13603,80603,(道馆3_难度3桔梗道馆_草飞行一般符石精华),{511=100;513=50;514=30;510=100},8,50,
13604,80604,(道馆3_难度3桔梗道馆_草飞行一般符石精华),{511=100;513=50;514=30;510=100},8,50,
13605,80605,(道馆3_难度4桔梗道馆_草飞行一般符石精华),{511=100;513=50;514=30;510=100},8,50,
13606,80606,(道馆3_难度4桔梗道馆_草飞行一般符石精华),{511=100;513=50;514=30;510=100},8,50,
13611,80611,(道馆3_难度4桔梗道馆_草飞行一般符石精华),{511=100;513=50;514=30;510=100},9,50,
13612,80612,(道馆3_难度4桔梗道馆_草飞行一般符石精华),{511=100;513=50;514=30;510=100},9,50,
13613,80613,(道馆3_难度4桔梗道馆_草飞行一般符石精华),{511=100;513=50;514=30;510=100},9,50,
13614,80614,(道馆3_难度4桔梗道馆_草飞行一般符石精华),{511=100;513=50;514=30;510=100},9,50,
13615,80615,(道馆3_难度5桔梗道馆_草飞行一般符石精华),{511=100;513=50;514=30;510=100},9,50,
13616,80616,(道馆3_难度5桔梗道馆_草飞行一般符石精华),{511=100;513=50;514=30;510=100},9,50,
13621,80621,(道馆3_难度5桔梗道馆_草飞行一般符石精华),{511=100;513=50;514=30;510=100},10,50,
13622,80622,(道馆3_难度5桔梗道馆_草飞行一般符石精华),{511=100;513=50;514=30;510=100},10,50,
13623,80623,(道馆3_难度5桔梗道馆_草飞行一般符石精华),{511=100;513=50;514=30;510=100},10,50,
13624,80624,(道馆3_难度5桔梗道馆_草飞行一般符石精华),{511=100;513=50;514=30;510=100},10,50,
13625,80625,(道馆3_难度6_NPC桔梗道馆_草飞行一般符石精华),{511=100;513=50;514=30;510=100},10,50,
13626,80626,(道馆4_难度1红莲道馆_火格斗符石精华),{511=100;513=50;514=30;510=100},10,50,
13631,80631,(道馆4_难度1红莲道馆_火格斗符石精华),{511=100;513=50;514=30;510=100},11,50,
13632,80632,(道馆4_难度1红莲道馆_火格斗符石精华),{511=100;513=50;514=30;510=100},11,50,
13633,80633,(道馆4_难度1红莲道馆_火格斗符石精华),{511=100;513=50;514=30;510=100},11,50,
13634,80634,(道馆4_难度1红莲道馆_火格斗符石精华),{511=100;513=50;514=30;510=100},11,50,
13635,80635,(道馆4_难度1红莲道馆_火格斗符石精华),{511=100;513=50;514=30;510=100},11,50,
13636,80636,(道馆4_难度2红莲道馆_火格斗符石精华),{511=100;513=50;514=30;510=100},11,50,
13641,80641,(道馆4_难度2红莲道馆_火格斗符石精华),{511=100;513=50;514=30;510=100},12,50,
13642,80642,(道馆4_难度2红莲道馆_火格斗符石精华),{511=100;513=50;514=30;510=100},12,50,
13643,80643,(道馆4_难度2红莲道馆_火格斗符石精华),{511=100;513=50;514=30;510=100},12,50,
13644,80644,(道馆4_难度2红莲道馆_火格斗符石精华),{511=100;513=50;514=30;510=100},12,50,
13645,80645,(道馆4_难度2红莲道馆_火格斗符石精华),{511=100;513=50;514=30;510=100},12,50,
13646,80646,(道馆4_难度3红莲道馆_火格斗符石精华),{511=100;513=50;514=30;510=100},12,50,
13651,80651,(道馆4_难度3红莲道馆_火格斗符石精华),{511=100;513=50;514=30;510=100},13,50,
13701,80701,(道馆4_难度3红莲道馆_火格斗符石精华),{511=100;513=50;514=30;510=100},8,50,
13702,80702,(道馆4_难度3红莲道馆_火格斗符石精华),{511=100;513=50;514=30;510=100},8,50,
13703,80703,(道馆4_难度3红莲道馆_火格斗符石精华),{511=100;513=50;514=30;510=100},8,50,
13704,80704,(道馆4_难度3红莲道馆_火格斗符石精华),{511=100;513=50;514=30;510=100},8,50,
13705,80705,(道馆4_难度4红莲道馆_火格斗符石精华),{511=100;513=50;514=30;510=100},8,50,
13706,80706,(道馆4_难度4红莲道馆_火格斗符石精华),{511=100;513=50;514=30;510=100},8,50,
13711,80711,(道馆4_难度4红莲道馆_火格斗符石精华),{511=100;513=50;514=30;510=100},9,50,
13712,80712,(道馆4_难度4红莲道馆_火格斗符石精华),{511=100;513=50;514=30;510=100},9,50,
13713,80713,(道馆4_难度4红莲道馆_火格斗符石精华),{511=100;513=50;514=30;510=100},9,50,
13714,80714,(道馆4_难度4红莲道馆_火格斗符石精华),{511=100;513=50;514=30;510=100},9,50,
13715,80715,(道馆4_难度5红莲道馆_火格斗符石精华),{511=100;513=50;514=30;510=100},9,50,
13716,80716,(道馆4_难度5红莲道馆_火格斗符石精华),{511=100;513=50;514=30;510=100},9,50,
13721,80721,(道馆4_难度5红莲道馆_火格斗符石精华),{511=100;513=50;514=30;510=100},10,50,
13722,80722,(道馆4_难度5红莲道馆_火格斗符石精华),{511=100;513=50;514=30;510=100},10,50,
13723,80723,(道馆4_难度5红莲道馆_火格斗符石精华),{511=100;513=50;514=30;510=100},10,50,
13724,80724,(道馆4_难度5红莲道馆_火格斗符石精华),{511=100;513=50;514=30;510=100},10,50,
13725,80725,(道馆4_难度6_NPC红莲道馆_火格斗符石精华),{511=100;513=50;514=30;510=100},10,50,
13726,80726,(道馆5_难度1双龙道馆_龙电符石精华),{511=100;513=50;514=30;510=100},10,50,
13731,80731,(道馆5_难度1双龙道馆_龙电符石精华),{511=100;513=50;514=30;510=100},11,50,
13732,80732,(道馆5_难度1双龙道馆_龙电符石精华),{511=100;513=50;514=30;510=100},11,50,
13733,80733,(道馆5_难度1双龙道馆_龙电符石精华),{511=100;513=50;514=30;510=100},11,50,
13734,80734,(道馆5_难度1双龙道馆_龙电符石精华),{511=100;513=50;514=30;510=100},11,50,
13735,80735,(道馆5_难度1双龙道馆_龙电符石精华),{511=100;513=50;514=30;510=100},11,50,
13736,80736,(道馆5_难度2双龙道馆_龙电符石精华),{511=100;513=50;514=30;510=100},11,50,
13741,80741,(道馆5_难度2双龙道馆_龙电符石精华),{511=100;513=50;514=30;510=100},12,50,
13742,80742,(道馆5_难度2双龙道馆_龙电符石精华),{511=100;513=50;514=30;510=100},12,50,
13743,80743,(道馆5_难度2双龙道馆_龙电符石精华),{511=100;513=50;514=30;510=100},12,50,
13744,80744,(道馆5_难度2双龙道馆_龙电符石精华),{511=100;513=50;514=30;510=100},12,50,
13745,80745,(道馆5_难度2双龙道馆_龙电符石精华),{511=100;513=50;514=30;510=100},12,50,
13746,80746,(道馆5_难度3双龙道馆_龙电符石精华),{511=100;513=50;514=30;510=100},12,50,
13751,80751,(道馆5_难度3双龙道馆_龙电符石精华),{511=100;513=50;514=30;510=100},13,50,
14001,80001,(道馆5_难度3双龙道馆_龙电符石精华),{gym_talent_point=100},3,100,
14002,80002,(道馆5_难度3双龙道馆_龙电符石精华),{gym_talent_point=100},3,100,
14003,80003,(道馆5_难度3双龙道馆_龙电符石精华),{gym_talent_point=100},3,100,
14004,80004,(道馆5_难度3双龙道馆_龙电符石精华),{gym_talent_point=100},3,100,
14005,80005,(道馆5_难度4双龙道馆_龙电符石精华),{gym_talent_point=100},3,100,
14006,80006,(道馆5_难度4双龙道馆_龙电符石精华),{gym_talent_point=100},3,100,
14011,80011,(道馆5_难度4双龙道馆_龙电符石精华),{gym_talent_point=100},3,100,
14012,80012,(道馆5_难度4双龙道馆_龙电符石精华),{gym_talent_point=100},3,100,
14013,80013,(道馆5_难度4双龙道馆_龙电符石精华),{gym_talent_point=100},3,100,
14014,80014,(道馆5_难度4双龙道馆_龙电符石精华),{gym_talent_point=100},3,100,
14015,80015,(道馆5_难度5双龙道馆_龙电符石精华),{gym_talent_point=100},3,100,
14016,80016,(道馆5_难度5双龙道馆_龙电符石精华),{gym_talent_point=100},3,100,
14021,80021,(道馆5_难度5双龙道馆_龙电符石精华),{gym_talent_point=100},3,100,
14022,80022,(道馆5_难度5双龙道馆_龙电符石精华),{gym_talent_point=100},3,100,
14023,80023,(道馆5_难度5双龙道馆_龙电符石精华),{gym_talent_point=100},3,100,
14024,80024,(道馆5_难度5双龙道馆_龙电符石精华),{gym_talent_point=100},3,100,
14025,80025,(道馆5_难度6_NPC双龙道馆_龙电符石精华),{gym_talent_point=100},3,100,
14026,80026,(道馆6_难度1缘朱道馆_恶幽灵符石精华),{gym_talent_point=100},3,100,
14031,80031,(道馆6_难度1缘朱道馆_恶幽灵符石精华),{gym_talent_point=100},3,100,
14032,80032,(道馆6_难度1缘朱道馆_恶幽灵符石精华),{gym_talent_point=100},3,100,
14033,80033,(道馆6_难度1缘朱道馆_恶幽灵符石精华),{gym_talent_point=100},3,100,
14034,80034,(道馆6_难度1缘朱道馆_恶幽灵符石精华),{gym_talent_point=100},3,100,
14035,80035,(道馆6_难度1缘朱道馆_恶幽灵符石精华),{gym_talent_point=100},3,100,
14036,80036,(道馆6_难度2缘朱道馆_恶幽灵符石精华),{gym_talent_point=100},3,100,
14041,80041,(道馆6_难度2缘朱道馆_恶幽灵符石精华),{gym_talent_point=100},3,100,
14042,80042,(道馆6_难度2缘朱道馆_恶幽灵符石精华),{gym_talent_point=100},3,100,
14043,80043,(道馆6_难度2缘朱道馆_恶幽灵符石精华),{gym_talent_point=100},3,100,
14044,80044,(道馆6_难度2缘朱道馆_恶幽灵符石精华),{gym_talent_point=100},3,100,
14045,80045,(道馆6_难度2缘朱道馆_恶幽灵符石精华),{gym_talent_point=100},3,100,
14046,80046,(道馆6_难度3缘朱道馆_恶幽灵符石精华),{gym_talent_point=100},3,100,
14051,80051,(道馆6_难度3缘朱道馆_恶幽灵符石精华),{gym_talent_point=100},0,,
14101,80101,(道馆6_难度3缘朱道馆_恶幽灵符石精华),{gym_talent_point=100},3,100,
14102,80102,(道馆6_难度3缘朱道馆_恶幽灵符石精华),{gym_talent_point=100},3,100,
14103,80103,(道馆6_难度3缘朱道馆_恶幽灵符石精华),{gym_talent_point=100},3,100,
14104,80104,(道馆6_难度3缘朱道馆_恶幽灵符石精华),{gym_talent_point=100},3,100,
14105,80105,(道馆6_难度4缘朱道馆_恶幽灵符石精华),{gym_talent_point=100},3,100,
14106,80106,(道馆6_难度4缘朱道馆_恶幽灵符石精华),{gym_talent_point=100},3,100,
14111,80111,(道馆6_难度4缘朱道馆_恶幽灵符石精华),{gym_talent_point=100},3,100,
14112,80112,(道馆6_难度4缘朱道馆_恶幽灵符石精华),{gym_talent_point=100},3,100,
14113,80113,(道馆6_难度4缘朱道馆_恶幽灵符石精华),{gym_talent_point=100},3,100,
14114,80114,(道馆6_难度4缘朱道馆_恶幽灵符石精华),{gym_talent_point=100},3,100,
14115,80115,(道馆6_难度5缘朱道馆_恶幽灵符石精华),{gym_talent_point=100},3,100,
14116,80116,(道馆6_难度5缘朱道馆_恶幽灵符石精华),{gym_talent_point=100},3,100,
14121,80121,(道馆6_难度5缘朱道馆_恶幽灵符石精华),{gym_talent_point=100},3,100,
14122,80122,(道馆6_难度5缘朱道馆_恶幽灵符石精华),{gym_talent_point=100},3,100,
14123,80123,(道馆6_难度5缘朱道馆_恶幽灵符石精华),{gym_talent_point=100},3,100,
14124,80124,(道馆6_难度5缘朱道馆_恶幽灵符石精华),{gym_talent_point=100},3,100,
14125,80125,(道馆6_难度6_NPC缘朱道馆_恶幽灵符石精华),{gym_talent_point=100},3,100,
14126,80126,(道馆7_难度1浅葱道馆_钢虫毒符石精华),{gym_talent_point=100},3,100,
14131,80131,(道馆7_难度1浅葱道馆_钢虫毒符石精华),{gym_talent_point=100},3,100,
14132,80132,(道馆7_难度1浅葱道馆_钢虫毒符石精华),{gym_talent_point=100},3,100,
14133,80133,(道馆7_难度1浅葱道馆_钢虫毒符石精华),{gym_talent_point=100},3,100,
14134,80134,(道馆7_难度1浅葱道馆_钢虫毒符石精华),{gym_talent_point=100},3,100,
14135,80135,(道馆7_难度1浅葱道馆_钢虫毒符石精华),{gym_talent_point=100},3,100,
14136,80136,(道馆7_难度2浅葱道馆_钢虫毒符石精华),{gym_talent_point=100},3,100,
14141,80141,(道馆7_难度2浅葱道馆_钢虫毒符石精华),{gym_talent_point=100},3,100,
14142,80142,(道馆7_难度2浅葱道馆_钢虫毒符石精华),{gym_talent_point=100},3,100,
14143,80143,(道馆7_难度2浅葱道馆_钢虫毒符石精华),{gym_talent_point=100},3,100,
14144,80144,(道馆7_难度2浅葱道馆_钢虫毒符石精华),{gym_talent_point=100},3,100,
14145,80145,(道馆7_难度2浅葱道馆_钢虫毒符石精华),{gym_talent_point=100},3,100,
14146,80146,(道馆7_难度3浅葱道馆_钢虫毒符石精华),{gym_talent_point=100},3,100,
14151,80151,(道馆7_难度3浅葱道馆_钢虫毒符石精华),{gym_talent_point=100},0,,
14201,80201,(道馆7_难度3浅葱道馆_钢虫毒符石精华),{gym_talent_point=100},3,100,
14202,80202,(道馆7_难度3浅葱道馆_钢虫毒符石精华),{gym_talent_point=100},3,100,
14203,80203,(道馆7_难度3浅葱道馆_钢虫毒符石精华),{gym_talent_point=100},3,100,
14204,80204,(道馆7_难度3浅葱道馆_钢虫毒符石精华),{gym_talent_point=100},3,100,
14205,80205,(道馆7_难度4浅葱道馆_钢虫毒符石精华),{gym_talent_point=100},3,100,
14206,80206,(道馆7_难度4浅葱道馆_钢虫毒符石精华),{gym_talent_point=100},3,100,
14211,80211,(道馆7_难度4浅葱道馆_钢虫毒符石精华),{gym_talent_point=100},3,100,
14212,80212,(道馆7_难度4浅葱道馆_钢虫毒符石精华),{gym_talent_point=100},3,100,
14213,80213,(道馆7_难度4浅葱道馆_钢虫毒符石精华),{gym_talent_point=100},3,100,
14214,80214,(道馆7_难度4浅葱道馆_钢虫毒符石精华),{gym_talent_point=100},3,100,
14215,80215,(道馆7_难度5浅葱道馆_钢虫毒符石精华),{gym_talent_point=100},3,100,
14216,80216,(道馆7_难度5浅葱道馆_钢虫毒符石精华),{gym_talent_point=100},3,100,
14221,80221,(道馆7_难度5浅葱道馆_钢虫毒符石精华),{gym_talent_point=100},3,100,
14222,80222,(道馆7_难度5浅葱道馆_钢虫毒符石精华),{gym_talent_point=100},3,100,
14223,80223,(道馆7_难度5浅葱道馆_钢虫毒符石精华),{gym_talent_point=100},3,100,
14224,80224,(道馆7_难度5浅葱道馆_钢虫毒符石精华),{gym_talent_point=100},3,100,
14225,80225,(道馆7_难度6_NPC浅葱道馆_钢虫毒符石精华),{gym_talent_point=100},3,100,
14226,80226,(道馆8_难度1香薰道馆_超能妖精符石精华),{gym_talent_point=100},3,100,
14231,80231,(道馆8_难度1香薰道馆_超能妖精符石精华),{gym_talent_point=100},3,100,
14232,80232,(道馆8_难度1香薰道馆_超能妖精符石精华),{gym_talent_point=100},3,100,
14233,80233,(道馆8_难度1香薰道馆_超能妖精符石精华),{gym_talent_point=100},3,100,
14234,80234,(道馆8_难度1香薰道馆_超能妖精符石精华),{gym_talent_point=100},3,100,
14235,80235,(道馆8_难度1香薰道馆_超能妖精符石精华),{gym_talent_point=100},3,100,
14236,80236,(道馆8_难度2香薰道馆_超能妖精符石精华),{gym_talent_point=100},3,100,
14241,80241,(道馆8_难度2香薰道馆_超能妖精符石精华),{gym_talent_point=100},3,100,
14242,80242,(道馆8_难度2香薰道馆_超能妖精符石精华),{gym_talent_point=100},3,100,
14243,80243,(道馆8_难度2香薰道馆_超能妖精符石精华),{gym_talent_point=100},3,100,
14244,80244,(道馆8_难度2香薰道馆_超能妖精符石精华),{gym_talent_point=100},3,100,
14245,80245,(道馆8_难度2香薰道馆_超能妖精符石精华),{gym_talent_point=100},3,100,
14246,80246,(道馆8_难度3香薰道馆_超能妖精符石精华),{gym_talent_point=100},3,100,
14251,80251,(道馆8_难度3香薰道馆_超能妖精符石精华),{gym_talent_point=100},0,,
14301,80301,(道馆8_难度3香薰道馆_超能妖精符石精华),{gym_talent_point=100},3,100,
14302,80302,(道馆8_难度3香薰道馆_超能妖精符石精华),{gym_talent_point=100},3,100,
14303,80303,(道馆8_难度3香薰道馆_超能妖精符石精华),{gym_talent_point=100},3,100,
14304,80304,(道馆8_难度3香薰道馆_超能妖精符石精华),{gym_talent_point=100},3,100,
14305,80305,(道馆8_难度4香薰道馆_超能妖精符石精华),{gym_talent_point=100},3,100,
14306,80306,(道馆8_难度4香薰道馆_超能妖精符石精华),{gym_talent_point=100},3,100,
14311,80311,(道馆8_难度4香薰道馆_超能妖精符石精华),{gym_talent_point=100},3,100,
14312,80312,(道馆8_难度4香薰道馆_超能妖精符石精华),{gym_talent_point=100},3,100,
14313,80313,(道馆8_难度4香薰道馆_超能妖精符石精华),{gym_talent_point=100},3,100,
14314,80314,(道馆8_难度4香薰道馆_超能妖精符石精华),{gym_talent_point=100},3,100,
14315,80315,(道馆8_难度5香薰道馆_超能妖精符石精华),{gym_talent_point=100},3,100,
14316,80316,(道馆8_难度5香薰道馆_超能妖精符石精华),{gym_talent_point=100},3,100,
14321,80321,(道馆8_难度5香薰道馆_超能妖精符石精华),{gym_talent_point=100},3,100,
14322,80322,(道馆8_难度5香薰道馆_超能妖精符石精华),{gym_talent_point=100},3,100,
14323,80323,(道馆8_难度5香薰道馆_超能妖精符石精华),{gym_talent_point=100},3,100,
14324,80324,(道馆8_难度5香薰道馆_超能妖精符石精华),{gym_talent_point=100},3,100,
14325,80325,(道馆8_难度6_NPC香薰道馆_超能妖精符石精华),{gym_talent_point=100},3,100,
14326,80326,,{gym_talent_point=100},3,100,
14331,80331,(怨影娃娃万圣节BOSS难度1女巫帽子),{gym_talent_point=100},3,100,
14332,80332,(怨影娃娃万圣节BOSS难度1女巫帽子),{gym_talent_point=100},3,100,
14333,80333,(怨影娃娃万圣节BOSS难度1女巫帽子),{gym_talent_point=100},3,100,
14334,80334,(怨影娃娃万圣节BOSS难度1女巫帽子),{gym_talent_point=100},3,100,
14335,80335,(耿鬼万圣节BOSS难度2女巫帽子),{gym_talent_point=100},3,100,
14336,80336,(耿鬼万圣节BOSS难度2女巫帽子),{gym_talent_point=100},3,100,
14341,80341,(耿鬼万圣节BOSS难度2女巫帽子),{gym_talent_point=100},3,100,
14342,80342,(超级耿鬼万圣节BOSS难度2女巫帽子),{gym_talent_point=100},3,100,
14343,80343,(鬼龙别种万圣节BOSS难度3女巫帽子),{gym_talent_point=100},3,100,
14344,80344,(鬼龙起源万圣节BOSS难度3女巫帽子),{gym_talent_point=100},3,100,
14345,80345,(鬼龙别种万圣节BOSS难度3女巫帽子),{gym_talent_point=100},3,100,
14346,80346,(鬼龙起源万圣节BOSS难度3女巫帽子),{gym_talent_point=100},3,100,
14351,80351,(怨影娃娃万圣节BOSS难度1女巫帽子),{gym_talent_point=100},0,,
14401,80401,(怨影娃娃万圣节BOSS难度1女巫帽子),{gym_talent_point=100},3,100,
14402,80402,(怨影娃娃万圣节BOSS难度1女巫帽子),{gym_talent_point=100},3,100,
14403,80403,(怨影娃娃万圣节BOSS难度1女巫帽子),{gym_talent_point=100},3,100,
14404,80404,(耿鬼万圣节BOSS难度2女巫帽子),{gym_talent_point=100},3,100,
14405,80405,(耿鬼万圣节BOSS难度2女巫帽子),{gym_talent_point=100},3,100,
14406,80406,(耿鬼万圣节BOSS难度2女巫帽子),{gym_talent_point=100},3,100,
14411,80411,(超级耿鬼万圣节BOSS难度2女巫帽子),{gym_talent_point=100},3,100,
14412,80412,(鬼龙别种万圣节BOSS难度3女巫帽子),{gym_talent_point=100},3,100,
14413,80413,(鬼龙起源万圣节BOSS难度3女巫帽子),{gym_talent_point=100},3,100,
14414,80414,(鬼龙别种万圣节BOSS难度3女巫帽子),{gym_talent_point=100},3,100,
14415,80415,(鬼龙起源万圣节BOSS难度3女巫帽子),{gym_talent_point=100},3,100,
14416,80416,(怨影娃娃万圣节BOSS难度1女巫帽子),{gym_talent_point=100},3,100,
14421,80421,(怨影娃娃万圣节BOSS难度1女巫帽子),{gym_talent_point=100},3,100,
14422,80422,(怨影娃娃万圣节BOSS难度1女巫帽子),{gym_talent_point=100},3,100,
14423,80423,(怨影娃娃万圣节BOSS难度1女巫帽子),{gym_talent_point=100},3,100,
14424,80424,(耿鬼万圣节BOSS难度2女巫帽子),{gym_talent_point=100},3,100,
14425,80425,(耿鬼万圣节BOSS难度2女巫帽子),{gym_talent_point=100},3,100,
14426,80426,(耿鬼万圣节BOSS难度2女巫帽子),{gym_talent_point=100},3,100,
14431,80431,(超级耿鬼万圣节BOSS难度2女巫帽子),{gym_talent_point=100},3,100,
14432,80432,(鬼龙别种万圣节BOSS难度3女巫帽子),{gym_talent_point=100},3,100,
14433,80433,(鬼龙起源万圣节BOSS难度3女巫帽子),{gym_talent_point=100},3,100,
14434,80434,(鬼龙别种万圣节BOSS难度3女巫帽子),{gym_talent_point=100},3,100,
14435,80435,(鬼龙起源万圣节BOSS难度3女巫帽子),{gym_talent_point=100},3,100,
14436,80436,,{gym_talent_point=100},3,100,
14441,80441,(怨影娃娃万圣节BOSS难度1南瓜箱子),{gym_talent_point=100},3,100,
14442,80442,(怨影娃娃万圣节BOSS难度1南瓜箱子),{gym_talent_point=100},3,100,
14443,80443,(怨影娃娃万圣节BOSS难度1南瓜箱子),{gym_talent_point=100},3,100,
14444,80444,(怨影娃娃万圣节BOSS难度1南瓜箱子),{gym_talent_point=100},3,100,
14445,80445,(耿鬼万圣节BOSS难度2南瓜箱子),{gym_talent_point=100},3,100,
14446,80446,(耿鬼万圣节BOSS难度2南瓜箱子),{gym_talent_point=100},3,100,
14451,80451,(耿鬼万圣节BOSS难度2南瓜箱子),{gym_talent_point=100},0,,
14501,80501,(超级耿鬼万圣节BOSS难度2南瓜箱子),{gym_talent_point=100},3,100,
14502,80502,(鬼龙别种万圣节BOSS难度3南瓜箱子),{gym_talent_point=100},3,100,
14503,80503,(鬼龙起源万圣节BOSS难度3南瓜箱子),{gym_talent_point=100},3,100,
14504,80504,(鬼龙别种万圣节BOSS难度3南瓜箱子),{gym_talent_point=100},3,100,
14505,80505,(鬼龙起源万圣节BOSS难度3南瓜箱子),{gym_talent_point=100},3,100,
14506,80506,(怨影娃娃万圣节BOSS难度1南瓜箱子),{gym_talent_point=100},3,100,
14511,80511,(怨影娃娃万圣节BOSS难度1南瓜箱子),{gym_talent_point=100},3,100,
14512,80512,(怨影娃娃万圣节BOSS难度1南瓜箱子),{gym_talent_point=100},3,100,
14513,80513,(怨影娃娃万圣节BOSS难度1南瓜箱子),{gym_talent_point=100},3,100,
14514,80514,(耿鬼万圣节BOSS难度2南瓜箱子),{gym_talent_point=100},3,100,
14515,80515,(耿鬼万圣节BOSS难度2南瓜箱子),{gym_talent_point=100},3,100,
14516,80516,(耿鬼万圣节BOSS难度2南瓜箱子),{gym_talent_point=100},3,100,
14521,80521,(超级耿鬼万圣节BOSS难度2南瓜箱子),{gym_talent_point=100},3,100,
14522,80522,(鬼龙别种万圣节BOSS难度3南瓜箱子),{gym_talent_point=100},3,100,
14523,80523,(鬼龙起源万圣节BOSS难度3南瓜箱子),{gym_talent_point=100},3,100,
14524,80524,(鬼龙别种万圣节BOSS难度3南瓜箱子),{gym_talent_point=100},3,100,
14525,80525,(鬼龙起源万圣节BOSS难度3南瓜箱子),{gym_talent_point=100},3,100,
14526,80526,,{gym_talent_point=100},3,100,
14531,80531,(怨影娃娃万圣节BOSS难度1鬼系碎片),{gym_talent_point=100},3,100,
14532,80532,(怨影娃娃万圣节BOSS难度1鬼系碎片),{gym_talent_point=100},3,100,
14533,80533,(怨影娃娃万圣节BOSS难度1鬼系碎片),{gym_talent_point=100},3,100,
14534,80534,(怨影娃娃万圣节BOSS难度1鬼系碎片),{gym_talent_point=100},3,100,
14535,80535,(耿鬼万圣节BOSS难度2鬼系碎片),{gym_talent_point=100},3,100,
14536,80536,(耿鬼万圣节BOSS难度2鬼系碎片),{gym_talent_point=100},3,100,
14541,80541,(耿鬼万圣节BOSS难度2鬼系碎片),{gym_talent_point=100},3,100,
14542,80542,(超级耿鬼万圣节BOSS难度2鬼系碎片),{gym_talent_point=100},3,100,
14543,80543,(鬼龙别种万圣节BOSS难度3鬼系碎片),{gym_talent_point=100},3,100,
14544,80544,(鬼龙起源万圣节BOSS难度3鬼系碎片),{gym_talent_point=100},3,100,
14545,80545,(鬼龙别种万圣节BOSS难度3鬼系碎片),{gym_talent_point=100},3,100,
14546,80546,(鬼龙起源万圣节BOSS难度3鬼系碎片),{gym_talent_point=100},3,100,
14551,80551,(怨影娃娃万圣节BOSS难度1鬼系碎片),{gym_talent_point=100},0,,
14601,80601,(怨影娃娃万圣节BOSS难度1鬼系碎片),{gym_talent_point=100},3,100,
14602,80602,(怨影娃娃万圣节BOSS难度1鬼系碎片),{gym_talent_point=100},3,100,
14603,80603,(怨影娃娃万圣节BOSS难度1鬼系碎片),{gym_talent_point=100},3,100,
14604,80604,(耿鬼万圣节BOSS难度2鬼系碎片),{gym_talent_point=100},3,100,
14605,80605,(耿鬼万圣节BOSS难度2鬼系碎片),{gym_talent_point=100},3,100,
14606,80606,(耿鬼万圣节BOSS难度2鬼系碎片),{gym_talent_point=100},3,100,
14611,80611,(超级耿鬼万圣节BOSS难度2鬼系碎片),{gym_talent_point=100},3,100,
14612,80612,(鬼龙别种万圣节BOSS难度3鬼系碎片),{gym_talent_point=100},3,100,
14613,80613,(鬼龙起源万圣节BOSS难度3鬼系碎片),{gym_talent_point=100},3,100,
14614,80614,(鬼龙别种万圣节BOSS难度3鬼系碎片),{gym_talent_point=100},3,100,
14615,80615,(鬼龙起源万圣节BOSS难度3鬼系碎片),{gym_talent_point=100},3,100,
14616,80616,,{gym_talent_point=100},3,100,
14621,80621,(怨影娃娃万圣节BOSS难度1女巫帽子),{gym_talent_point=100},3,100,
14622,80622,(怨影娃娃万圣节BOSS难度1女巫帽子),{gym_talent_point=100},3,100,
14623,80623,(怨影娃娃万圣节BOSS难度1女巫帽子),{gym_talent_point=100},3,100,
14624,80624,(怨影娃娃万圣节BOSS难度1女巫帽子),{gym_talent_point=100},3,100,
14625,80625,(超级耿鬼万圣节BOSS难度2女巫帽子),{gym_talent_point=100},3,100,
14626,80626,(超级耿鬼万圣节BOSS难度2女巫帽子),{gym_talent_point=100},3,100,
14631,80631,(超级耿鬼万圣节BOSS难度2女巫帽子),{gym_talent_point=100},3,100,
14632,80632,(超级耿鬼万圣节BOSS难度2女巫帽子),{gym_talent_point=100},3,100,
14633,80633,(梦妖魔万圣节BOSS难度2女巫帽子),{gym_talent_point=100},3,100,
14634,80634,(梦妖魔万圣节BOSS难度2女巫帽子),{gym_talent_point=100},3,100,
14635,80635,(梦妖魔万圣节BOSS难度2女巫帽子),{gym_talent_point=100},3,100,
14636,80636,(梦妖魔万圣节BOSS难度2女巫帽子),{gym_talent_point=100},3,100,
14641,80641,(骑拉帝纳万圣节BOSS难度3女巫帽子),{gym_talent_point=100},3,100,
14642,80642,(骑拉帝纳万圣节BOSS难度3女巫帽子),{gym_talent_point=100},3,100,
14643,80643,(骑拉帝纳万圣节BOSS难度3女巫帽子),{gym_talent_point=100},3,100,
14644,80644,(骑拉帝纳万圣节BOSS难度3女巫帽子),{gym_talent_point=100},3,100,
14645,80645,(惩戒胡帕万圣节BOSS难度3女巫帽子),{gym_talent_point=100},3,100,
14646,80646,(惩戒胡帕万圣节BOSS难度3女巫帽子),{gym_talent_point=100},3,100,
14651,80651,(惩戒胡帕万圣节BOSS难度3女巫帽子),{gym_talent_point=100},0,,
14701,80701,(惩戒胡帕万圣节BOSS难度3女巫帽子),{gym_talent_point=100},3,100,
14702,80702,(怨影娃娃万圣节BOSS难度1女巫帽子),{gym_talent_point=100},3,100,
14703,80703,(怨影娃娃万圣节BOSS难度1女巫帽子),{gym_talent_point=100},3,100,
14704,80704,(怨影娃娃万圣节BOSS难度1女巫帽子),{gym_talent_point=100},3,100,
14705,80705,(怨影娃娃万圣节BOSS难度1女巫帽子),{gym_talent_point=100},3,100,
14706,80706,(超级耿鬼万圣节BOSS难度2女巫帽子),{gym_talent_point=100},3,100,
14711,80711,(超级耿鬼万圣节BOSS难度2女巫帽子),{gym_talent_point=100},3,100,
14712,80712,(超级耿鬼万圣节BOSS难度2女巫帽子),{gym_talent_point=100},3,100,
14713,80713,(超级耿鬼万圣节BOSS难度2女巫帽子),{gym_talent_point=100},3,100,
14714,80714,(梦妖魔万圣节BOSS难度2女巫帽子),{gym_talent_point=100},3,100,
14715,80715,(梦妖魔万圣节BOSS难度2女巫帽子),{gym_talent_point=100},3,100,
14716,80716,(梦妖魔万圣节BOSS难度2女巫帽子),{gym_talent_point=100},3,100,
14721,80721,(梦妖魔万圣节BOSS难度2女巫帽子),{gym_talent_point=100},3,100,
14722,80722,(骑拉帝纳万圣节BOSS难度3女巫帽子),{gym_talent_point=100},3,100,
14723,80723,(骑拉帝纳万圣节BOSS难度3女巫帽子),{gym_talent_point=100},3,100,
14724,80724,(骑拉帝纳万圣节BOSS难度3女巫帽子),{gym_talent_point=100},3,100,
14725,80725,(骑拉帝纳万圣节BOSS难度3女巫帽子),{gym_talent_point=100},3,100,
14726,80726,(惩戒胡帕万圣节BOSS难度3女巫帽子),{gym_talent_point=100},3,100,
14731,80731,(惩戒胡帕万圣节BOSS难度3女巫帽子),{gym_talent_point=100},3,100,
14732,80732,(惩戒胡帕万圣节BOSS难度3女巫帽子),{gym_talent_point=100},3,100,
14733,80733,(惩戒胡帕万圣节BOSS难度3女巫帽子),{gym_talent_point=100},3,100,
14734,80734,(怨影娃娃万圣节BOSS难度1女巫帽子),{gym_talent_point=100},3,100,
14735,80735,(怨影娃娃万圣节BOSS难度1女巫帽子),{gym_talent_point=100},3,100,
14736,80736,(怨影娃娃万圣节BOSS难度1女巫帽子),{gym_talent_point=100},3,100,
14741,80741,(怨影娃娃万圣节BOSS难度1女巫帽子),{gym_talent_point=100},3,100,
14742,80742,(超级耿鬼万圣节BOSS难度2女巫帽子),{gym_talent_point=100},3,100,
14743,80743,(超级耿鬼万圣节BOSS难度2女巫帽子),{gym_talent_point=100},3,100,
14744,80744,(超级耿鬼万圣节BOSS难度2女巫帽子),{gym_talent_point=100},3,100,
14745,80745,(超级耿鬼万圣节BOSS难度2女巫帽子),{gym_talent_point=100},3,100,
14746,80746,(梦妖魔万圣节BOSS难度2女巫帽子),{gym_talent_point=100},3,100,
14751,80751,(梦妖魔万圣节BOSS难度2女巫帽子),{gym_talent_point=100},0,,
15001,80001,(梦妖魔万圣节BOSS难度2女巫帽子),{529=100},4,50,10
15002,80002,(梦妖魔万圣节BOSS难度2女巫帽子),{529=100},4,50,10
15003,80003,(骑拉帝纳万圣节BOSS难度3女巫帽子),{529=100},4,50,10
15004,80004,(骑拉帝纳万圣节BOSS难度3女巫帽子),{529=100},4,50,10
15005,80005,(骑拉帝纳万圣节BOSS难度3女巫帽子),{529=100},4,50,10
15006,80006,(骑拉帝纳万圣节BOSS难度3女巫帽子),{529=100},4,50,10
15011,80011,(惩戒胡帕万圣节BOSS难度3女巫帽子),{529=100},4,50,10
15012,80012,(惩戒胡帕万圣节BOSS难度3女巫帽子),{529=100},4,50,10
15013,80013,(惩戒胡帕万圣节BOSS难度3女巫帽子),{529=100},4,50,10
15014,80014,(惩戒胡帕万圣节BOSS难度3女巫帽子),{529=100},4,50,10
15015,80015,,{529=100},4,50,10
15016,80016,(怨影娃娃万圣节BOSS难度1南瓜箱子),{529=100},4,50,10
15021,80021,(怨影娃娃万圣节BOSS难度1南瓜箱子),{529=100},6,50,10
15022,80022,(怨影娃娃万圣节BOSS难度1南瓜箱子),{529=100},6,50,10
15023,80023,(怨影娃娃万圣节BOSS难度1南瓜箱子),{529=100},6,50,10
15024,80024,(超级耿鬼万圣节BOSS难度2南瓜箱子),{529=100},6,50,10
15025,80025,(超级耿鬼万圣节BOSS难度2南瓜箱子),{529=100},6,50,10
15026,80026,(超级耿鬼万圣节BOSS难度2南瓜箱子),{529=100},6,50,10
15031,80031,(超级耿鬼万圣节BOSS难度2南瓜箱子),{529=100},6,50,10
15032,80032,(梦妖魔万圣节BOSS难度2南瓜箱子),{529=100},6,50,10
15033,80033,(梦妖魔万圣节BOSS难度2南瓜箱子),{529=100},6,50,10
15034,80034,(梦妖魔万圣节BOSS难度2南瓜箱子),{529=100},6,50,10
15035,80035,(梦妖魔万圣节BOSS难度2南瓜箱子),{529=100},6,50,10
15036,80036,(骑拉帝纳万圣节BOSS难度3南瓜箱子),{529=100},6,50,10
15041,80041,(骑拉帝纳万圣节BOSS难度3南瓜箱子),{529=100},8,50,10
15042,80042,(骑拉帝纳万圣节BOSS难度3南瓜箱子),{529=100},8,50,10
15043,80043,(骑拉帝纳万圣节BOSS难度3南瓜箱子),{529=100},8,50,10
15044,80044,(惩戒胡帕万圣节BOSS难度3南瓜箱子),{529=100},8,50,10
15045,80045,(惩戒胡帕万圣节BOSS难度3南瓜箱子),{529=100},8,50,10
15046,80046,(惩戒胡帕万圣节BOSS难度3南瓜箱子),{529=100},8,50,10
15051,80051,(惩戒胡帕万圣节BOSS难度3南瓜箱子),{529=100},0,,0
15101,80101,(怨影娃娃万圣节BOSS难度1南瓜箱子),{529=100},4,50,10
15102,80102,(怨影娃娃万圣节BOSS难度1南瓜箱子),{529=100},4,50,10
15103,80103,(怨影娃娃万圣节BOSS难度1南瓜箱子),{529=100},4,50,10
15104,80104,(怨影娃娃万圣节BOSS难度1南瓜箱子),{529=100},4,50,10
15105,80105,(超级耿鬼万圣节BOSS难度2南瓜箱子),{529=100},4,50,10
15106,80106,(超级耿鬼万圣节BOSS难度2南瓜箱子),{529=100},4,50,10
15111,80111,(超级耿鬼万圣节BOSS难度2南瓜箱子),{529=100},4,50,10
15112,80112,(超级耿鬼万圣节BOSS难度2南瓜箱子),{529=100},4,50,10
15113,80113,(梦妖魔万圣节BOSS难度2南瓜箱子),{529=100},4,50,10
15114,80114,(梦妖魔万圣节BOSS难度2南瓜箱子),{529=100},4,50,10
15115,80115,(梦妖魔万圣节BOSS难度2南瓜箱子),{529=100},4,50,10
15116,80116,(梦妖魔万圣节BOSS难度2南瓜箱子),{529=100},4,50,10
15121,80121,(骑拉帝纳万圣节BOSS难度3南瓜箱子),{529=100},6,50,10
15122,80122,(骑拉帝纳万圣节BOSS难度3南瓜箱子),{529=100},6,50,10
15123,80123,(骑拉帝纳万圣节BOSS难度3南瓜箱子),{529=100},6,50,10
15124,80124,(骑拉帝纳万圣节BOSS难度3南瓜箱子),{529=100},6,50,10
15125,80125,(惩戒胡帕万圣节BOSS难度3南瓜箱子),{529=100},6,50,10
15126,80126,(惩戒胡帕万圣节BOSS难度3南瓜箱子),{529=100},6,50,10
15131,80131,(惩戒胡帕万圣节BOSS难度3南瓜箱子),{529=100},6,50,10
15132,80132,(惩戒胡帕万圣节BOSS难度3南瓜箱子),{529=100},6,50,10
15133,80133,,{529=100},6,50,10
15134,80134,(怨影娃娃万圣节BOSS难度1鬼系碎片),{529=100},6,50,10
15135,80135,(怨影娃娃万圣节BOSS难度1鬼系碎片),{529=100},6,50,10
15136,80136,(怨影娃娃万圣节BOSS难度1鬼系碎片),{529=100},6,50,10
15141,80141,(怨影娃娃万圣节BOSS难度1鬼系碎片),{529=100},8,50,10
15142,80142,(超级耿鬼万圣节BOSS难度2鬼系碎片),{529=100},8,50,10
15143,80143,(超级耿鬼万圣节BOSS难度2鬼系碎片),{529=100},8,50,10
15144,80144,(超级耿鬼万圣节BOSS难度2鬼系碎片),{529=100},8,50,10
15145,80145,(超级耿鬼万圣节BOSS难度2鬼系碎片),{529=100},8,50,10
15146,80146,(梦妖魔万圣节BOSS难度2鬼系碎片),{529=100},8,50,10
15151,80151,(梦妖魔万圣节BOSS难度2鬼系碎片),{529=100},0,,0
15201,80201,(梦妖魔万圣节BOSS难度2鬼系碎片),{529=100},4,50,10
15202,80202,(梦妖魔万圣节BOSS难度2鬼系碎片),{529=100},4,50,10
15203,80203,(骑拉帝纳万圣节BOSS难度3鬼系碎片),{529=100},4,50,10
15204,80204,(骑拉帝纳万圣节BOSS难度3鬼系碎片),{529=100},4,50,10
15205,80205,(骑拉帝纳万圣节BOSS难度3鬼系碎片),{529=100},4,50,10
15206,80206,(骑拉帝纳万圣节BOSS难度3鬼系碎片),{529=100},4,50,10
15211,80211,(惩戒胡帕万圣节BOSS难度3鬼系碎片),{529=100},4,50,10
15212,80212,(惩戒胡帕万圣节BOSS难度3鬼系碎片),{529=100},4,50,10
15213,80213,(惩戒胡帕万圣节BOSS难度3鬼系碎片),{529=100},4,50,10
15214,80214,(惩戒胡帕万圣节BOSS难度3鬼系碎片),{529=100},4,50,10
15215,80215,(怨影娃娃万圣节BOSS难度1鬼系碎片),{529=100},4,50,10
15216,80216,(怨影娃娃万圣节BOSS难度1鬼系碎片),{529=100},4,50,10
15221,80221,(怨影娃娃万圣节BOSS难度1鬼系碎片),{529=100},6,50,10
15222,80222,(怨影娃娃万圣节BOSS难度1鬼系碎片),{529=100},6,50,10
15223,80223,(超级耿鬼万圣节BOSS难度2鬼系碎片),{529=100},6,50,10
15224,80224,(超级耿鬼万圣节BOSS难度2鬼系碎片),{529=100},6,50,10
15225,80225,(超级耿鬼万圣节BOSS难度2鬼系碎片),{529=100},6,50,10
15226,80226,(超级耿鬼万圣节BOSS难度2鬼系碎片),{529=100},6,50,10
15231,80231,(梦妖魔万圣节BOSS难度2鬼系碎片),{529=100},6,50,10
15232,80232,(梦妖魔万圣节BOSS难度2鬼系碎片),{529=100},6,50,10
15233,80233,(梦妖魔万圣节BOSS难度2鬼系碎片),{529=100},6,50,10
15234,80234,(梦妖魔万圣节BOSS难度2鬼系碎片),{529=100},6,50,10
15235,80235,(骑拉帝纳万圣节BOSS难度3鬼系碎片),{529=100},6,50,10
15236,80236,(骑拉帝纳万圣节BOSS难度3鬼系碎片),{529=100},6,50,10
15241,80241,(骑拉帝纳万圣节BOSS难度3鬼系碎片),{529=100},8,50,10
15242,80242,(骑拉帝纳万圣节BOSS难度3鬼系碎片),{529=100},8,50,10
15243,80243,(惩戒胡帕万圣节BOSS难度3鬼系碎片),{529=100},8,50,10
15244,80244,(惩戒胡帕万圣节BOSS难度3鬼系碎片),{529=100},8,50,10
15245,80245,(惩戒胡帕万圣节BOSS难度3鬼系碎片),{529=100},8,50,10
15246,80246,(惩戒胡帕万圣节BOSS难度3鬼系碎片),{529=100},8,50,10
15251,80251,,{529=100},0,,0
15301,80301,,{529=100},4,50,10
15302,80302,,{529=100},4,50,10
15303,80303,,{529=100},4,50,10
15304,80304,,{529=100},4,50,10
15305,80305,,{529=100},4,50,10
15306,80306,,{529=100},4,50,10
15311,80311,,{529=100},4,50,10
15312,80312,,{529=100},4,50,10
15313,80313,,{529=100},4,50,10
15314,80314,,{529=100},4,50,10
15315,80315,,{529=100},4,50,10
15316,80316,,{529=100},4,50,10
15321,80321,,{529=100},6,50,10
15322,80322,,{529=100},6,50,10
15323,80323,,{529=100},6,50,10
15324,80324,,{529=100},6,50,10
15325,80325,,{529=100},6,50,10
15326,80326,,{529=100},6,50,10
15331,80331,,{529=100},6,50,10
15332,80332,,{529=100},6,50,10
15333,80333,,{529=100},6,50,10
15334,80334,,{529=100},6,50,10
15335,80335,,{529=100},6,50,10
15336,80336,,{529=100},6,50,10
15341,80341,,{529=100},8,50,10
15342,80342,,{529=100},8,50,10
15343,80343,,{529=100},8,50,10
15344,80344,,{529=100},8,50,10
15345,80345,,{529=100},8,50,10
15346,80346,,{529=100},8,50,10
15351,80351,,{529=100},0,,0
15401,80401,,{529=100},4,50,10
15402,80402,,{529=100},4,50,10
15403,80403,,{529=100},4,50,10
15404,80404,,{529=100},4,50,10
15405,80405,,{529=100},4,50,10
15406,80406,,{529=100},4,50,10
15411,80411,,{529=100},4,50,10
15412,80412,,{529=100},4,50,10
15413,80413,,{529=100},4,50,10
15414,80414,,{529=100},4,50,10
15415,80415,,{529=100},4,50,10
15416,80416,,{529=100},4,50,10
15421,80421,,{529=100},6,50,10
15422,80422,,{529=100},6,50,10
15423,80423,,{529=100},6,50,10
15424,80424,,{529=100},6,50,10
15425,80425,,{529=100},6,50,10
15426,80426,,{529=100},6,50,10
15431,80431,,{529=100},6,50,10
15432,80432,,{529=100},6,50,10
15433,80433,,{529=100},6,50,10
15434,80434,,{529=100},6,50,10
15435,80435,,{529=100},6,50,10
15436,80436,,{529=100},6,50,10
15441,80441,,{529=100},8,50,10
15442,80442,,{529=100},8,50,10
15443,80443,,{529=100},8,50,10
15444,80444,,{529=100},8,50,10
15445,80445,,{529=100},8,50,10
15446,80446,,{529=100},8,50,10
15451,80451,,{529=100},0,,0
15501,80501,,{529=100},4,50,10
15502,80502,,{529=100},4,50,10
15503,80503,,{529=100},4,50,10
15504,80504,,{529=100},4,50,10
15505,80505,,{529=100},4,50,10
15506,80506,,{529=100},4,50,10
15511,80511,,{529=100},4,50,10
15512,80512,,{529=100},4,50,10
15513,80513,,{529=100},4,50,10
15514,80514,,{529=100},4,50,10
15515,80515,,{529=100},4,50,10
15516,80516,,{529=100},4,50,10
15521,80521,,{529=100},6,50,10
15522,80522,,{529=100},6,50,10
15523,80523,,{529=100},6,50,10
15524,80524,,{529=100},6,50,10
15525,80525,,{529=100},6,50,10
15526,80526,,{529=100},6,50,10
15531,80531,,{529=100},6,50,10
15532,80532,,{529=100},6,50,10
15533,80533,,{529=100},6,50,10
15534,80534,,{529=100},6,50,10
15535,80535,,{529=100},6,50,10
15536,80536,,{529=100},6,50,10
15541,80541,,{529=100},8,50,10
15542,80542,,{529=100},8,50,10
15543,80543,,{529=100},8,50,10
15544,80544,,{529=100},8,50,10
15545,80545,,{529=100},8,50,10
15546,80546,,{529=100},8,50,10
15551,80551,,{529=100},0,,0
15601,80601,,{529=100},4,50,10
15602,80602,,{529=100},4,50,10
15603,80603,,{529=100},4,50,10
15604,80604,,{529=100},4,50,10
15605,80605,,{529=100},4,50,10
15606,80606,,{529=100},4,50,10
15611,80611,,{529=100},4,50,10
15612,80612,,{529=100},4,50,10
15613,80613,,{529=100},4,50,10
15614,80614,,{529=100},4,50,10
15615,80615,,{529=100},4,50,10
15616,80616,,{529=100},4,50,10
15621,80621,,{529=100},6,50,10
15622,80622,,{529=100},6,50,10
15623,80623,,{529=100},6,50,10
15624,80624,,{529=100},6,50,10
15625,80625,,{529=100},6,50,10
15626,80626,,{529=100},6,50,10
15631,80631,,{529=100},6,50,10
15632,80632,,{529=100},6,50,10
15633,80633,,{529=100},6,50,10
15634,80634,,{529=100},6,50,10
15635,80635,,{529=100},6,50,10
15636,80636,,{529=100},6,50,10
15641,80641,,{529=100},8,50,10
15642,80642,,{529=100},8,50,10
15643,80643,,{529=100},8,50,10
15644,80644,,{529=100},8,50,10
15645,80645,,{529=100},8,50,10
15646,80646,,{529=100},8,50,10
15651,80651,,{529=100},0,,0
15701,80701,,{529=100},4,50,10
15702,80702,,{529=100},4,50,10
15703,80703,,{529=100},4,50,10
15704,80704,,{529=100},4,50,10
15705,80705,,{529=100},4,50,10
15706,80706,,{529=100},4,50,10
15711,80711,,{529=100},4,50,10
15712,80712,,{529=100},4,50,10
15713,80713,,{529=100},4,50,10
15714,80714,,{529=100},4,50,10
15715,80715,,{529=100},4,50,10
15716,80716,,{529=100},4,50,10
15721,80721,,{529=100},6,50,10
15722,80722,,{529=100},6,50,10
15723,80723,,{529=100},6,50,10
15724,80724,,{529=100},6,50,10
15725,80725,,{529=100},6,50,10
15726,80726,,{529=100},6,50,10
15731,80731,,{529=100},6,50,10
15732,80732,,{529=100},6,50,10
15733,80733,,{529=100},6,50,10
15734,80734,,{529=100},6,50,10
15735,80735,,{529=100},6,50,10
15736,80736,,{529=100},6,50,10
15741,80741,,{529=100},8,50,10
15742,80742,,{529=100},8,50,10
15743,80743,,{529=100},8,50,10
15744,80744,,{529=100},8,50,10
15745,80745,,{529=100},8,50,10
15746,80746,,{529=100},8,50,10
15751,80751,,{529=100},0,,0
16001,61001,,{6381=100},,100,
16002,61002,,{6381=100},,100,
16003,61003,,{6381=100},,100,
16004,61004,,{6381=100},,100,
16011,61011,,{6381=100},,100,
16012,61012,,{6381=100},,100,
16013,61013,,{6381=100},,100,
16014,61014,,{6381=100},,100,
16021,61021,,{6381=100},,100,
16022,61022,,{6381=100},,100,
16023,61023,,{6381=100},,100,
16024,61024,,{6381=100},,100,
16101,61001,,{6381=100},,50,
16102,61002,,{6381=100},,50,
16103,61003,,{6381=100},,50,
16104,61004,,{6381=100},,50,
16111,61011,,{6381=100},,60,
16112,61012,,{6381=100},,60,
16113,61013,,{6381=100},,60,
16114,61014,,{6381=100},,60,
16121,61021,,{6381=100},,100,
16122,61022,,{6381=100},,100,
16123,61023,,{6381=100},,100,
16124,61024,,{6381=100},,100,
16201,61001,,{6381=100},,,
16202,61002,,{6381=100},,,
16203,61003,,{6381=100},,,
16204,61004,,{6381=100},,,
16211,61011,,{6381=100},,33,
16212,61012,,{6381=100},,33,
16213,61013,,{6381=100},,33,
16214,61014,,{6381=100},,33,
16221,61021,,{6381=100},,30,
16222,61022,,{6381=100},,30,
16223,61023,,{6381=100},,30,
16224,61024,,{6381=100},,30,
16301,61001,,{6382=100},,100,
16302,61002,,{6382=100},,100,
16303,61003,,{6382=100},,100,
16304,61004,,{6382=100},,100,
16311,61011,,{6382=100},,100,
16312,61012,,{6382=100},,100,
16313,61013,,{6382=100},,100,
16314,61014,,{6382=100},,100,
16321,61021,,{6382=100},,100,
16322,61022,,{6382=100},,100,
16323,61023,,{6382=100},,100,
16324,61024,,{6382=100},,100,
16331,61001,,{6382=100},,,
16332,61002,,{6382=100},,,
16333,61003,,{6382=100},,,
16334,61004,,{6382=100},,,
16341,61011,,{6382=100},,60,
16342,61012,,{6382=100},,60,
16343,61013,,{6382=100},,60,
16344,61014,,{6382=100},,60,
16351,61021,,{6382=100},2,60,
16352,61022,,{6382=100},2,60,
16353,61023,,{6382=100},2,60,
16354,61024,,{6382=100},2,60,
16401,61001,,{20391=100;21811=100;22991=100},,100,
16402,61002,,{20391=100;21811=100;22991=100},,100,
16403,61003,,{20391=100;21811=100;22991=100},,100,
16404,61004,,{20391=100;21811=100;22991=100},,100,
16411,61011,,{20391=100;21811=100;22991=100},,100,
16412,61012,,{20391=100;21811=100;22991=100},,100,
16413,61013,,{20391=100;21811=100;22991=100},,100,
16414,61014,,{20391=100;21811=100;22991=100},,100,
16421,61021,,{20391=100;21811=100;22991=100},,100,
16422,61022,,{20391=100;21811=100;22991=100},,100,
16423,61023,,{20391=100;21811=100;22991=100},,100,
16424,61024,,{20391=100;21811=100;22991=100},,100,
16431,61001,,{20391=100;21811=100;22991=100},,,
16432,61002,,{20391=100;21811=100;22991=100},,,
16433,61003,,{20391=100;21811=100;22991=100},,,
16434,61004,,{20391=100;21811=100;22991=100},,,
16441,61011,,{20391=100;21811=100;22991=100},,60,
16442,61012,,{20391=100;21811=100;22991=100},,60,
16443,61013,,{20391=100;21811=100;22991=100},,60,
16444,61014,,{20391=100;21811=100;22991=100},,60,
16451,61021,,{20391=100;21811=100;22991=100},2,60,
16452,61022,,{20391=100;21811=100;22991=100},2,60,
16453,61023,,{20391=100;21811=100;22991=100},2,60,
16454,61024,,{20391=100;21811=100;22991=100},2,60,
17001,62001,,{6381=100},,100,
17002,62002,,{6381=100},,100,
17003,62003,,{6381=100},,100,
17004,62004,,{6381=100},,100,
17011,62011,,{6381=100},,100,
17012,62012,,{6381=100},,100,
17013,62013,,{6381=100},,100,
17014,62014,,{6381=100},,100,
17015,62021,,{6381=100},,100,
17016,62022,,{6381=100},,100,
17017,62023,,{6381=100},,100,
17018,62024,,{6381=100},,100,
17021,62031,,{6381=100},,100,
17022,62032,,{6381=100},,100,
17023,62033,,{6381=100},,100,
17024,62034,,{6381=100},,100,
17025,62041,,{6381=100},,100,
17026,62042,,{6381=100},,100,
17027,62043,,{6381=100},,100,
17028,62044,,{6381=100},,100,
17101,62001,,{6381=100},,50,
17102,62002,,{6381=100},,50,
17103,62003,,{6381=100},,50,
17104,62004,,{6381=100},,50,
17111,62011,,{6381=100},,60,
17112,62012,,{6381=100},,60,
17113,62013,,{6381=100},,60,
17114,62014,,{6381=100},,60,
17115,62021,,{6381=100},,60,
17116,62022,,{6381=100},,60,
17117,62023,,{6381=100},,60,
17118,62024,,{6381=100},,60,
17121,62031,,{6381=100},,100,
17122,62032,,{6381=100},,100,
17123,62033,,{6381=100},,100,
17124,62034,,{6381=100},,100,
17125,62041,,{6381=100},,100,
17126,62042,,{6381=100},,100,
17127,62043,,{6381=100},,100,
17128,62044,,{6381=100},,100,
17201,62001,,{6381=100},,,
17202,62002,,{6381=100},,,
17203,62003,,{6381=100},,,
17204,62004,,{6381=100},,,
17211,62011,,{6381=100},,33,
17212,62012,,{6381=100},,33,
17213,62013,,{6381=100},,33,
17214,62014,,{6381=100},,33,
17215,62021,,{6381=100},,33,
17216,62022,,{6381=100},,33,
17217,62023,,{6381=100},,33,
17218,62024,,{6381=100},,33,
17221,62031,,{6381=100},,30,
17222,62032,,{6381=100},,30,
17223,62033,,{6381=100},,30,
17224,62034,,{6381=100},,30,
17225,62041,,{6381=100},,30,
17226,62042,,{6381=100},,30,
17227,62043,,{6381=100},,30,
17228,62044,,{6381=100},,30,
17301,62001,,{6382=100},,100,
17302,62002,,{6382=100},,100,
17303,62003,,{6382=100},,100,
17304,62004,,{6382=100},,100,
17311,62011,,{6382=100},,100,
17312,62012,,{6382=100},,100,
17313,62013,,{6382=100},,100,
17314,62014,,{6382=100},,100,
17315,62021,,{6382=100},,100,
17316,62022,,{6382=100},,100,
17317,62023,,{6382=100},,100,
17318,62024,,{6382=100},,100,
17321,62031,,{6382=100},,100,
17322,62032,,{6382=100},,100,
17323,62033,,{6382=100},,100,
17324,62034,,{6382=100},,100,
17325,62041,,{6382=100},,100,
17326,62042,,{6382=100},,100,
17327,62043,,{6382=100},,100,
17328,62044,,{6382=100},,100,
17331,62001,,{6382=100},,,
17332,62002,,{6382=100},,,
17333,62003,,{6382=100},,,
17334,62004,,{6382=100},,,
17341,62011,,{6382=100},,60,
17342,62012,,{6382=100},,60,
17343,62013,,{6382=100},,60,
17344,62014,,{6382=100},,60,
17345,62021,,{6382=100},,60,
17346,62022,,{6382=100},,60,
17347,62023,,{6382=100},,60,
17348,62024,,{6382=100},,60,
17351,62031,,{6382=100},2,60,
17352,62032,,{6382=100},2,60,
17353,62033,,{6382=100},2,60,
17354,62034,,{6382=100},2,60,
17355,62041,,{6382=100},2,60,
17356,62042,,{6382=100},2,60,
17357,62043,,{6382=100},2,60,
17358,62044,,{6382=100},2,60,
17401,62001,,{20391=100;22991=100;21811=100;20971=100},,100,
17402,62002,,{20391=100;22991=100;21811=100;20971=100},,100,
17403,62003,,{20391=100;22991=100;21811=100;20971=100},,100,
17404,62004,,{20391=100;22991=100;21811=100;20971=100},,100,
17411,62011,,{20391=100;22991=100;21811=100;20971=100},,100,
17412,62012,,{20391=100;22991=100;21811=100;20971=100},,100,
17413,62013,,{20391=100;22991=100;21811=100;20971=100},,100,
17414,62014,,{20391=100;22991=100;21811=100;20971=100},,100,
17415,62021,,{20391=100;22991=100;21811=100;20971=100},,100,
17416,62022,,{20391=100;22991=100;21811=100;20971=100},,100,
17417,62023,,{20391=100;22991=100;21811=100;20971=100},,100,
17418,62024,,{20391=100;22991=100;21811=100;20971=100},,100,
17421,62031,,{20391=100;22991=100;21811=100;20971=100},,100,
17422,62032,,{20391=100;22991=100;21811=100;20971=100},,100,
17423,62033,,{20391=100;22991=100;21811=100;20971=100},,100,
17424,62034,,{20391=100;22991=100;21811=100;20971=100},,100,
17425,62041,,{20391=100;22991=100;21811=100;20971=100},,100,
17426,62042,,{20391=100;22991=100;21811=100;20971=100},,100,
17427,62043,,{20391=100;22991=100;21811=100;20971=100},,100,
17428,62044,,{20391=100;22991=100;21811=100;20971=100},,100,
17431,62001,,{20391=100;22991=100;21811=100;20971=100},,,
17432,62002,,{20391=100;22991=100;21811=100;20971=100},,,
17433,62003,,{20391=100;22991=100;21811=100;20971=100},,,
17434,62004,,{20391=100;22991=100;21811=100;20971=100},,,
17441,62011,,{20391=100;22991=100;21811=100;20971=100},,60,
17442,62012,,{20391=100;22991=100;21811=100;20971=100},,60,
17443,62013,,{20391=100;22991=100;21811=100;20971=100},,60,
17444,62014,,{20391=100;22991=100;21811=100;20971=100},,60,
17445,62021,,{20391=100;22991=100;21811=100;20971=100},,60,
17446,62022,,{20391=100;22991=100;21811=100;20971=100},,60,
17447,62023,,{20391=100;22991=100;21811=100;20971=100},,60,
17448,62024,,{20391=100;22991=100;21811=100;20971=100},,60,
17451,62031,,{20391=100;22991=100;21811=100;20971=100},2,60,
17452,62032,,{20391=100;22991=100;21811=100;20971=100},2,60,
17453,62033,,{20391=100;22991=100;21811=100;20971=100},2,60,
17454,62034,,{20391=100;22991=100;21811=100;20971=100},2,60,
17455,62041,,{20391=100;22991=100;21811=100;20971=100},2,60,
17456,62042,,{20391=100;22991=100;21811=100;20971=100},2,60,
17457,62043,,{20391=100;22991=100;21811=100;20971=100},2,60,
17458,62044,,{20391=100;22991=100;21811=100;20971=100},2,60,
17501,63201,,{6381=100},,100,
17502,63202,,{6381=100},,100,
17503,63203,,{6381=100},,100,
17504,63204,,{6381=100},,100,
17511,63211,,{6381=100},,100,
17512,63212,,{6381=100},,100,
17513,63213,,{6381=100},,100,
17514,63214,,{6381=100},,100,
17515,63231,,{6381=100},,100,
17516,63232,,{6381=100},,100,
17517,63233,,{6381=100},,100,
17518,63234,,{6381=100},,100,
17521,63221,,{6381=100},,100,
17522,63222,,{6381=100},,100,
17523,63223,,{6381=100},,100,
17524,63224,,{6381=100},,100,
17525,63241,,{6381=100},,100,
17526,63242,,{6381=100},,100,
17527,63243,,{6381=100},,100,
17528,63244,,{6381=100},,100,
17601,63201,,{6381=100},,50,
17602,63202,,{6381=100},,50,
17603,63203,,{6381=100},,50,
17604,63204,,{6381=100},,50,
17611,63211,,{6381=100},,60,
17612,63212,,{6381=100},,60,
17613,63213,,{6381=100},,60,
17614,63214,,{6381=100},,60,
17615,63231,,{6381=100},,60,
17616,63232,,{6381=100},,60,
17617,63233,,{6381=100},,60,
17618,63234,,{6381=100},,60,
17621,63221,,{6381=100},,100,
17622,63222,,{6381=100},,100,
17623,63223,,{6381=100},,100,
17624,63224,,{6381=100},,100,
17625,63241,,{6381=100},,100,
17626,63242,,{6381=100},,100,
17627,63243,,{6381=100},,100,
17628,63244,,{6381=100},,100,
17701,63201,,{6381=100},,,
17702,63202,,{6381=100},,,
17703,63203,,{6381=100},,,
17704,63204,,{6381=100},,,
17711,63211,,{6381=100},,33,
17712,63212,,{6381=100},,33,
17713,63213,,{6381=100},,33,
17714,63214,,{6381=100},,33,
17715,63231,,{6381=100},,33,
17716,63232,,{6381=100},,33,
17717,63233,,{6381=100},,33,
17718,63234,,{6381=100},,33,
17721,63221,,{6381=100},,30,
17722,63222,,{6381=100},,30,
17723,63223,,{6381=100},,30,
17724,63224,,{6381=100},,30,
17725,63241,,{6381=100},,30,
17726,63242,,{6381=100},,30,
17727,63243,,{6381=100},,30,
17728,63244,,{6381=100},,30,
17801,63201,,{6382=100},,100,
17802,63202,,{6382=100},,100,
17803,63203,,{6382=100},,100,
17804,63204,,{6382=100},,100,
17811,63211,,{6382=100},,100,
17812,63212,,{6382=100},,100,
17813,63213,,{6382=100},,100,
17814,63214,,{6382=100},,100,
17815,63231,,{6382=100},,100,
17816,63232,,{6382=100},,100,
17817,63233,,{6382=100},,100,
17818,63234,,{6382=100},,100,
17821,63221,,{6382=100},,100,
17822,63222,,{6382=100},,100,
17823,63223,,{6382=100},,100,
17824,63224,,{6382=100},,100,
17825,63241,,{6382=100},,100,
17826,63242,,{6382=100},,100,
17827,63243,,{6382=100},,100,
17828,63244,,{6382=100},,100,
17831,63201,,{6382=100},,,
17832,63202,,{6382=100},,,
17833,63203,,{6382=100},,,
17834,63204,,{6382=100},,,
17841,63211,,{6382=100},,60,
17842,63212,,{6382=100},,60,
17843,63213,,{6382=100},,60,
17844,63214,,{6382=100},,60,
17845,63231,,{6382=100},,60,
17846,63232,,{6382=100},,60,
17847,63233,,{6382=100},,60,
17848,63234,,{6382=100},,60,
17851,63221,,{6382=100},2,60,
17852,63222,,{6382=100},2,60,
17853,63223,,{6382=100},2,60,
17854,63224,,{6382=100},2,60,
17855,63241,,{6382=100},2,60,
17856,63242,,{6382=100},2,60,
17857,63243,,{6382=100},2,60,
17858,63244,,{6382=100},2,60,
17901,63201,,{20391=100;22991=100;21811=100;20971=100},,100,
17902,63202,,{20391=100;22991=100;21811=100;20971=100},,100,
17903,63203,,{20391=100;22991=100;21811=100;20971=100},,100,
17904,63204,,{20391=100;22991=100;21811=100;20971=100},,100,
17911,63211,,{20391=100;22991=100;21811=100;20971=100},,100,
17912,63212,,{20391=100;22991=100;21811=100;20971=100},,100,
17913,63213,,{20391=100;22991=100;21811=100;20971=100},,100,
17914,63214,,{20391=100;22991=100;21811=100;20971=100},,100,
17915,63231,,{20391=100;22991=100;21811=100;20971=100},,100,
17916,63232,,{20391=100;22991=100;21811=100;20971=100},,100,
17917,63233,,{20391=100;22991=100;21811=100;20971=100},,100,
17918,63234,,{20391=100;22991=100;21811=100;20971=100},,100,
17921,63221,,{20391=100;22991=100;21811=100;20971=100},,100,
17922,63222,,{20391=100;22991=100;21811=100;20971=100},,100,
17923,63223,,{20391=100;22991=100;21811=100;20971=100},,100,
17924,63224,,{20391=100;22991=100;21811=100;20971=100},,100,
17925,63241,,{20391=100;22991=100;21811=100;20971=100},,100,
17926,63242,,{20391=100;22991=100;21811=100;20971=100},,100,
17927,63243,,{20391=100;22991=100;21811=100;20971=100},,100,
17928,63244,,{20391=100;22991=100;21811=100;20971=100},,100,
17931,63201,,{20391=100;22991=100;21811=100;20971=100},,,
17932,63202,,{20391=100;22991=100;21811=100;20971=100},,,
17933,63203,,{20391=100;22991=100;21811=100;20971=100},,,
17934,63204,,{20391=100;22991=100;21811=100;20971=100},,,
17941,63211,,{20391=100;22991=100;21811=100;20971=100},,60,
17942,63212,,{20391=100;22991=100;21811=100;20971=100},,60,
17943,63213,,{20391=100;22991=100;21811=100;20971=100},,60,
17944,63214,,{20391=100;22991=100;21811=100;20971=100},,60,
17945,63231,,{20391=100;22991=100;21811=100;20971=100},,60,
17946,63232,,{20391=100;22991=100;21811=100;20971=100},,60,
17947,63233,,{20391=100;22991=100;21811=100;20971=100},,60,
17948,63234,,{20391=100;22991=100;21811=100;20971=100},,60,
17951,63221,,{20391=100;22991=100;21811=100;20971=100},2,60,
17952,63222,,{20391=100;22991=100;21811=100;20971=100},2,60,
17953,63223,,{20391=100;22991=100;21811=100;20971=100},2,60,
17954,63224,,{20391=100;22991=100;21811=100;20971=100},2,60,
17955,63241,,{20391=100;22991=100;21811=100;20971=100},2,60,
17956,63242,,{20391=100;22991=100;21811=100;20971=100},2,60,
17957,63243,,{20391=100;22991=100;21811=100;20971=100},2,60,
17958,63244,,{20391=100;22991=100;21811=100;20971=100},2,60,
17961,63201,,{21481=100},,100,
17962,63202,,{21481=100},,100,
17963,63203,,{21481=100},,100,
17964,63204,,{21481=100},,100,
17965,63211,,{21481=100},,100,
17966,63212,,{21481=100},,100,
17967,63213,,{21481=100},,100,
17968,63214,,{21481=100},,100,
17969,63231,,{21481=100},,100,
17970,63232,,{21481=100},,100,
17971,63233,,{21481=100},,100,
17972,63234,,{21481=100},,100,
17973,63221,,{21481=100},,100,
17974,63222,,{21481=100},,100,
17975,63223,,{21481=100},,100,
17976,63224,,{21481=100},,100,
17977,63241,,{21481=100},,100,
17978,63242,,{21481=100},,100,
17979,63243,,{21481=100},,100,
17980,63244,,{21481=100},,100,
17981,63201,,{21481=100},,,
17982,63202,,{21481=100},,,
17983,63203,,{21481=100},,,
17984,63204,,{21481=100},,,
17985,63211,,{21481=100},,60,
17986,63212,,{21481=100},,60,
17987,63213,,{21481=100},,60,
17988,63214,,{21481=100},,60,
17989,63231,,{21481=100},,60,
17990,63232,,{21481=100},,60,
17991,63233,,{21481=100},,60,
17992,63234,,{21481=100},,60,
17993,63221,,{21481=100},2,60,
17994,63222,,{21481=100},2,60,
17995,63223,,{21481=100},2,60,
17996,63224,,{21481=100},2,60,
17997,63241,,{21481=100},2,60,
17998,63242,,{21481=100},2,60,
17999,63243,,{21481=100},2,60,
18000,63244,,{21481=100},2,60,
18001,63301,,{6381=100},,100,
18002,63302,,{6381=100},,100,
18003,63303,,{6381=100},,100,
18004,63304,,{6381=100},,100,
18011,63311,,{6381=100},,100,
18012,63312,,{6381=100},,100,
18013,63313,,{6381=100},,100,
18014,63314,,{6381=100},,100,
18015,63331,,{6381=100},,100,
18016,63332,,{6381=100},,100,
18017,63333,,{6381=100},,100,
18018,63334,,{6381=100},,100,
18021,63321,,{6381=100},,100,
18022,63322,,{6381=100},,100,
18023,63323,,{6381=100},,100,
18024,63324,,{6381=100},,100,
18025,63341,,{6381=100},,100,
18026,63342,,{6381=100},,100,
18027,63343,,{6381=100},,100,
18028,63344,,{6381=100},,100,
18031,63345,,{6381=100},,100,
18032,63346,,{6381=100},,100,
18033,63347,,{6381=100},,100,
18034,63348,,{6381=100},,100,
18035,63349,,{6381=100},,100,
18036,63350,,{6381=100},,100,
18037,63351,,{6381=100},,100,
18038,63352,,{6381=100},,100,
18101,63301,,{6381=100},,35,
18102,63302,,{6381=100},,35,
18103,63303,,{6381=100},,35,
18104,63304,,{6381=100},,35,
18111,63311,,{6381=100},,45,
18112,63312,,{6381=100},,45,
18113,63313,,{6381=100},,45,
18114,63314,,{6381=100},,45,
18115,63331,,{6381=100},,45,
18116,63332,,{6381=100},,45,
18117,63333,,{6381=100},,45,
18118,63334,,{6381=100},,45,
18121,63321,,{6381=100},,100,
18122,63322,,{6381=100},,100,
18123,63323,,{6381=100},,100,
18124,63324,,{6381=100},,100,
18125,63341,,{6381=100},,100,
18126,63342,,{6381=100},,100,
18127,63343,,{6381=100},,100,
18128,63344,,{6381=100},,100,
18131,63345,,{6381=100},,100,
18132,63346,,{6381=100},,100,
18133,63347,,{6381=100},,100,
18134,63348,,{6381=100},,100,
18135,63349,,{6381=100},,100,
18136,63350,,{6381=100},,100,
18137,63351,,{6381=100},,100,
18138,63352,,{6381=100},,100,
18201,63301,,{6381=100},,,
18202,63302,,{6381=100},,,
18203,63303,,{6381=100},,,
18204,63304,,{6381=100},,,
18211,63311,,{6381=100},,20,
18212,63312,,{6381=100},,20,
18213,63313,,{6381=100},,20,
18214,63314,,{6381=100},,20,
18215,63331,,{6381=100},,20,
18216,63332,,{6381=100},,20,
18217,63333,,{6381=100},,20,
18218,63334,,{6381=100},,20,
18221,63321,,{6381=100},,17,
18222,63322,,{6381=100},,17,
18223,63323,,{6381=100},,17,
18224,63324,,{6381=100},,17,
18225,63341,,{6381=100},,17,
18226,63342,,{6381=100},,17,
18227,63343,,{6381=100},,17,
18228,63344,,{6381=100},,17,
18231,63345,,{6381=100},,17,
18232,63346,,{6381=100},,17,
18233,63347,,{6381=100},,17,
18234,63348,,{6381=100},,17,
18235,63349,,{6381=100},,17,
18236,63350,,{6381=100},,17,
18237,63351,,{6381=100},,17,
18238,63352,,{6381=100},,17,
18301,63301,,{6382=100},,100,
18302,63302,,{6382=100},,100,
18303,63303,,{6382=100},,100,
18304,63304,,{6382=100},,100,
18311,63311,,{6382=100},,100,
18312,63312,,{6382=100},,100,
18313,63313,,{6382=100},,100,
18314,63314,,{6382=100},,100,
18315,63331,,{6382=100},,100,
18316,63332,,{6382=100},,100,
18317,63333,,{6382=100},,100,
18318,63334,,{6382=100},,100,
18321,63321,,{6382=100},,100,
18322,63322,,{6382=100},,100,
18323,63323,,{6382=100},,100,
18324,63324,,{6382=100},,100,
18325,63341,,{6382=100},,100,
18326,63342,,{6382=100},,100,
18327,63343,,{6382=100},,100,
18328,63344,,{6382=100},,100,
18331,63301,,{6382=100},,,
18332,63302,,{6382=100},,,
18333,63303,,{6382=100},,,
18334,63304,,{6382=100},,,
18341,63311,,{6382=100},,50,
18342,63312,,{6382=100},,50,
18343,63313,,{6382=100},,50,
18344,63314,,{6382=100},,50,
18345,63331,,{6382=100},,50,
18346,63332,,{6382=100},,50,
18347,63333,,{6382=100},,50,
18348,63334,,{6382=100},,50,
18351,63321,,{6382=100},2,50,
18352,63322,,{6382=100},2,50,
18353,63323,,{6382=100},2,50,
18354,63324,,{6382=100},2,50,
18355,63341,,{6382=100},2,50,
18356,63342,,{6382=100},2,50,
18357,63343,,{6382=100},2,50,
18358,63344,,{6382=100},2,50,
18361,63345,,{6382=100},,100,
18362,63346,,{6382=100},,100,
18363,63347,,{6382=100},,100,
18364,63348,,{6382=100},,100,
18365,63349,,{6382=100},,100,
18366,63350,,{6382=100},,100,
18367,63351,,{6382=100},,100,
18368,63352,,{6382=100},,100,
18371,63345,,{6382=100},2,50,
18372,63346,,{6382=100},2,50,
18373,63347,,{6382=100},2,50,
18374,63348,,{6382=100},2,50,
18375,63349,,{6382=100},2,50,
18376,63350,,{6382=100},2,50,
18377,63351,,{6382=100},2,50,
18378,63352,,{6382=100},2,50,
18401,63301,,{20391=100;22991=100;21811=100;20971=100},,100,
18402,63302,,{20391=100;22991=100;21811=100;20971=100},,100,
18403,63303,,{20391=100;22991=100;21811=100;20971=100},,100,
18404,63304,,{20391=100;22991=100;21811=100;20971=100},,100,
18411,63311,,{20391=100;22991=100;21811=100;20971=100},,100,
18412,63312,,{20391=100;22991=100;21811=100;20971=100},,100,
18413,63313,,{20391=100;22991=100;21811=100;20971=100},,100,
18414,63314,,{20391=100;22991=100;21811=100;20971=100},,100,
18415,63331,,{20391=100;22991=100;21811=100;20971=100},,100,
18416,63332,,{20391=100;22991=100;21811=100;20971=100},,100,
18417,63333,,{20391=100;22991=100;21811=100;20971=100},,100,
18418,63334,,{20391=100;22991=100;21811=100;20971=100},,100,
18421,63321,,{20391=100;22991=100;21811=100;20971=100},,100,
18422,63322,,{20391=100;22991=100;21811=100;20971=100},,100,
18423,63323,,{20391=100;22991=100;21811=100;20971=100},,100,
18424,63324,,{20391=100;22991=100;21811=100;20971=100},,100,
18425,63341,,{20391=100;22991=100;21811=100;20971=100},,100,
18426,63342,,{20391=100;22991=100;21811=100;20971=100},,100,
18427,63343,,{20391=100;22991=100;21811=100;20971=100},,100,
18428,63344,,{20391=100;22991=100;21811=100;20971=100},,100,
18431,63301,,{20391=100;22991=100;21811=100;20971=100},,,
18432,63302,,{20391=100;22991=100;21811=100;20971=100},,,
18433,63303,,{20391=100;22991=100;21811=100;20971=100},,,
18434,63304,,{20391=100;22991=100;21811=100;20971=100},,,
18441,63311,,{20391=100;22991=100;21811=100;20971=100},,60,
18442,63312,,{20391=100;22991=100;21811=100;20971=100},,60,
18443,63313,,{20391=100;22991=100;21811=100;20971=100},,60,
18444,63314,,{20391=100;22991=100;21811=100;20971=100},,60,
18445,63331,,{20391=100;22991=100;21811=100;20971=100},,60,
18446,63332,,{20391=100;22991=100;21811=100;20971=100},,60,
18447,63333,,{20391=100;22991=100;21811=100;20971=100},,60,
18448,63334,,{20391=100;22991=100;21811=100;20971=100},,60,
18451,63321,,{20391=100;22991=100;21811=100;20971=100},2,60,
18452,63322,,{20391=100;22991=100;21811=100;20971=100},2,60,
18453,63323,,{20391=100;22991=100;21811=100;20971=100},2,60,
18454,63324,,{20391=100;22991=100;21811=100;20971=100},2,60,
18455,63341,,{20391=100;22991=100;21811=100;20971=100},2,60,
18456,63342,,{20391=100;22991=100;21811=100;20971=100},2,60,
18457,63343,,{20391=100;22991=100;21811=100;20971=100},2,60,
18458,63344,,{20391=100;22991=100;21811=100;20971=100},2,60,
18461,63301,,{21481=100},,100,
18462,63302,,{21481=100},,100,
18463,63303,,{21481=100},,100,
18464,63304,,{21481=100},,100,
18465,63311,,{21481=100},,100,
18466,63312,,{21481=100},,100,
18467,63313,,{21481=100},,100,
18468,63314,,{21481=100},,100,
18469,63331,,{21481=100},,100,
18470,63332,,{21481=100},,100,
18471,63333,,{21481=100},,100,
18472,63334,,{21481=100},,100,
18473,63321,,{21481=100},,100,
18474,63322,,{21481=100},,100,
18475,63323,,{21481=100},,100,
18476,63324,,{21481=100},,100,
18477,63341,,{21481=100},,100,
18478,63342,,{21481=100},,100,
18479,63343,,{21481=100},,100,
18480,63344,,{21481=100},,100,
18481,63301,,{21481=100},,,
18482,63302,,{21481=100},,,
18483,63303,,{21481=100},,,
18484,63304,,{21481=100},,,
18485,63311,,{21481=100},,60,
18486,63312,,{21481=100},,60,
18487,63313,,{21481=100},,60,
18488,63314,,{21481=100},,60,
18489,63331,,{21481=100},,60,
18490,63332,,{21481=100},,60,
18491,63333,,{21481=100},,60,
18492,63334,,{21481=100},,60,
18493,63321,,{21481=100},2,60,
18494,63322,,{21481=100},2,60,
18495,63323,,{21481=100},2,60,
18496,63324,,{21481=100},2,60,
18497,63341,,{21481=100},2,60,
18498,63342,,{21481=100},2,60,
18499,63343,,{21481=100},2,60,
18500,63344,,{21481=100},2,60,
18501,63345,,{20391=100;22991=100;21811=100;20971=100},,100,
18502,63346,,{20391=100;22991=100;21811=100;20971=100},,100,
18503,63347,,{20391=100;22991=100;21811=100;20971=100},,100,
18504,63348,,{20391=100;22991=100;21811=100;20971=100},,100,
18505,63349,,{20391=100;22991=100;21811=100;20971=100},,100,
18506,63350,,{20391=100;22991=100;21811=100;20971=100},,100,
18507,63351,,{20391=100;22991=100;21811=100;20971=100},,100,
18508,63352,,{20391=100;22991=100;21811=100;20971=100},,100,
18509,63345,,{20391=100;22991=100;21811=100;20971=100},2,60,
18510,63346,,{20391=100;22991=100;21811=100;20971=100},2,60,
18511,63347,,{20391=100;22991=100;21811=100;20971=100},2,60,
18512,63348,,{20391=100;22991=100;21811=100;20971=100},2,60,
18513,63349,,{20391=100;22991=100;21811=100;20971=100},2,60,
18514,63350,,{20391=100;22991=100;21811=100;20971=100},2,60,
18515,63351,,{20391=100;22991=100;21811=100;20971=100},2,60,
18516,63352,,{20391=100;22991=100;21811=100;20971=100},2,60,
18517,63345,,{21481=100},,100,
18518,63346,,{21481=100},,100,
18519,63347,,{21481=100},,100,
18520,63348,,{21481=100},,100,
18521,63349,,{21481=100},,100,
18522,63350,,{21481=100},,100,
18523,63351,,{21481=100},,100,
18524,63352,,{21481=100},,100,
18525,63345,,{21481=100},2,60,
18526,63346,,{21481=100},2,60,
18527,63347,,{21481=100},2,60,
18528,63348,,{21481=100},2,60,
18529,63349,,{21481=100},2,60,
18530,63350,,{21481=100},2,60,
18531,63351,,{21481=100},2,60,
18532,63352,,{21481=100},2,60,
19001,63501,,{6381=100},,100,
19002,63502,,{6381=100},,100,
19003,63503,,{6381=100},,100,
19004,63504,,{6381=100},,100,
19005,63511,,{6381=100},,100,
19006,63512,,{6381=100},,100,
19007,63513,,{6381=100},,100,
19008,63514,,{6381=100},,100,
19009,63531,,{6381=100},,100,
19010,63532,,{6381=100},,100,
19011,63533,,{6381=100},,100,
19012,63534,,{6381=100},,100,
19013,63535,,{6381=100},,100,
19014,63536,,{6381=100},,100,
19015,63537,,{6381=100},,100,
19016,63538,,{6381=100},,100,
19017,63521,,{6381=100},,100,
19018,63522,,{6381=100},,100,
19019,63523,,{6381=100},,100,
19020,63524,,{6381=100},,100,
19021,63541,,{6381=100},,100,
19022,63542,,{6381=100},,100,
19023,63543,,{6381=100},,100,
19024,63544,,{6381=100},,100,
19025,63545,,{6381=100},,100,
19026,63546,,{6381=100},,100,
19027,63547,,{6381=100},,100,
19028,63548,,{6381=100},,100,
19029,63549,,{6381=100},,100,
19030,63550,,{6381=100},,100,
19031,63551,,{6381=100},,100,
19032,63552,,{6381=100},,100,
19033,63501,,{6381=100},,35,
19034,63502,,{6381=100},,35,
19035,63503,,{6381=100},,35,
19036,63504,,{6381=100},,35,
19037,63511,,{6381=100},,45,
19038,63512,,{6381=100},,45,
19039,63513,,{6381=100},,45,
19040,63514,,{6381=100},,45,
19041,63531,,{6381=100},,45,
19042,63532,,{6381=100},,45,
19043,63533,,{6381=100},,45,
19044,63534,,{6381=100},,45,
19045,63535,,{6381=100},,45,
19046,63536,,{6381=100},,45,
19047,63537,,{6381=100},,45,
19048,63538,,{6381=100},,45,
19049,63521,,{6381=100},,100,
19050,63522,,{6381=100},,100,
19051,63523,,{6381=100},,100,
19052,63524,,{6381=100},,100,
19053,63541,,{6381=100},,100,
19054,63542,,{6381=100},,100,
19055,63543,,{6381=100},,100,
19056,63544,,{6381=100},,100,
19057,63545,,{6381=100},,100,
19058,63546,,{6381=100},,100,
19059,63547,,{6381=100},,100,
19060,63548,,{6381=100},,100,
19061,63549,,{6381=100},,100,
19062,63550,,{6381=100},,100,
19063,63551,,{6381=100},,100,
19064,63552,,{6381=100},,100,
19065,63501,,{6381=100},,,
19066,63502,,{6381=100},,,
19067,63503,,{6381=100},,,
19068,63504,,{6381=100},,,
19069,63511,,{6381=100},,20,
19070,63512,,{6381=100},,20,
19071,63513,,{6381=100},,20,
19072,63514,,{6381=100},,20,
19073,63531,,{6381=100},,20,
19074,63532,,{6381=100},,20,
19075,63533,,{6381=100},,20,
19076,63534,,{6381=100},,20,
19077,63535,,{6381=100},,20,
19078,63536,,{6381=100},,20,
19079,63537,,{6381=100},,20,
19080,63538,,{6381=100},,20,
19081,63521,,{6381=100},,17,
19082,63522,,{6381=100},,17,
19083,63523,,{6381=100},,17,
19084,63524,,{6381=100},,17,
19085,63541,,{6381=100},,17,
19086,63542,,{6381=100},,17,
19087,63543,,{6381=100},,17,
19088,63544,,{6381=100},,17,
19089,63545,,{6381=100},,17,
19090,63546,,{6381=100},,17,
19091,63547,,{6381=100},,17,
19092,63548,,{6381=100},,17,
19093,63549,,{6381=100},,17,
19094,63550,,{6381=100},,17,
19095,63551,,{6381=100},,17,
19096,63552,,{6381=100},,17,
19301,63501,,{6382=100},,100,
19302,63502,,{6382=100},,100,
19303,63503,,{6382=100},,100,
19304,63504,,{6382=100},,100,
19305,63511,,{6382=100},,100,
19306,63512,,{6382=100},,100,
19307,63513,,{6382=100},,100,
19308,63514,,{6382=100},,100,
19309,63531,,{6382=100},,100,
19310,63532,,{6382=100},,100,
19311,63533,,{6382=100},,100,
19312,63534,,{6382=100},,100,
19313,63535,,{6382=100},,100,
19314,63536,,{6382=100},,100,
19315,63537,,{6382=100},,100,
19316,63538,,{6382=100},,100,
19317,63521,,{6382=100},,100,
19318,63522,,{6382=100},,100,
19319,63523,,{6382=100},,100,
19320,63524,,{6382=100},,100,
19321,63541,,{6382=100},,100,
19322,63542,,{6382=100},,100,
19323,63543,,{6382=100},,100,
19324,63544,,{6382=100},,100,
19325,63501,,{6382=100},,,
19326,63502,,{6382=100},,,
19327,63503,,{6382=100},,,
19328,63504,,{6382=100},,,
19329,63511,,{6382=100},,50,
19330,63512,,{6382=100},,50,
19331,63513,,{6382=100},,50,
19332,63514,,{6382=100},,50,
19333,63531,,{6382=100},,50,
19334,63532,,{6382=100},,50,
19335,63533,,{6382=100},,50,
19336,63534,,{6382=100},,50,
19337,63535,,{6382=100},,50,
19338,63536,,{6382=100},,50,
19339,63537,,{6382=100},,50,
19340,63538,,{6382=100},,50,
19341,63521,,{6382=100},2,50,
19342,63522,,{6382=100},2,50,
19343,63523,,{6382=100},2,50,
19344,63524,,{6382=100},2,50,
19345,63541,,{6382=100},2,50,
19346,63542,,{6382=100},2,50,
19347,63543,,{6382=100},2,50,
19348,63544,,{6382=100},2,50,
19349,63545,,{6382=100},,100,
19350,63546,,{6382=100},,100,
19351,63547,,{6382=100},,100,
19352,63548,,{6382=100},,100,
19353,63549,,{6382=100},,100,
19354,63550,,{6382=100},,100,
19355,63551,,{6382=100},,100,
19356,63552,,{6382=100},,100,
19357,63545,,{6382=100},2,50,
19358,63546,,{6382=100},2,50,
19359,63547,,{6382=100},2,50,
19360,63548,,{6382=100},2,50,
19361,63549,,{6382=100},2,50,
19362,63550,,{6382=100},2,50,
19363,63551,,{6382=100},2,50,
19364,63552,,{6382=100},2,50,
19401,63501,,{20391=100;24391=300;20971=100;21811=100;22991=100},,100,
19402,63502,,{20391=100;24391=300;20971=100;21811=100;22991=100},,100,
19403,63503,,{20391=100;24391=300;20971=100;21811=100;22991=100},,100,
19404,63504,,{20391=100;24391=300;20971=100;21811=100;22991=100},,100,
19405,63511,,{20391=100;24391=300;20971=100;21811=100;22991=100},,100,
19406,63512,,{20391=100;24391=300;20971=100;21811=100;22991=100},,100,
19407,63513,,{20391=100;24391=300;20971=100;21811=100;22991=100},,100,
19408,63514,,{20391=100;24391=300;20971=100;21811=100;22991=100},,100,
19409,63531,,{20391=100;24391=300;20971=100;21811=100;22991=100},,100,
19410,63532,,{20391=100;24391=300;20971=100;21811=100;22991=100},,100,
19411,63533,,{20391=100;24391=300;20971=100;21811=100;22991=100},,100,
19412,63534,,{20391=100;24391=300;20971=100;21811=100;22991=100},,100,
19413,63535,,{20391=100;24391=300;20971=100;21811=100;22991=100},,100,
19414,63536,,{20391=100;24391=300;20971=100;21811=100;22991=100},,100,
19415,63537,,{20391=100;24391=300;20971=100;21811=100;22991=100},,100,
19416,63538,,{20391=100;24391=300;20971=100;21811=100;22991=100},,100,
19417,63521,,{20391=100;24391=300;20971=100;21811=100;22991=100},,100,
19418,63522,,{20391=100;24391=300;20971=100;21811=100;22991=100},,100,
19419,63523,,{20391=100;24391=300;20971=100;21811=100;22991=100},,100,
19420,63524,,{20391=100;24391=300;20971=100;21811=100;22991=100},,100,
19421,63541,,{20391=100;24391=300;20971=100;21811=100;22991=100},,100,
19422,63542,,{20391=100;24391=300;20971=100;21811=100;22991=100},,100,
19423,63543,,{20391=100;24391=300;20971=100;21811=100;22991=100},,100,
19424,63544,,{20391=100;24391=300;20971=100;21811=100;22991=100},,100,
19425,63501,,{20391=100;24391=300;20971=100;21811=100;22991=100},,,
19426,63502,,{20391=100;24391=300;20971=100;21811=100;22991=100},,,
19427,63503,,{20391=100;24391=300;20971=100;21811=100;22991=100},,,
19428,63504,,{20391=100;24391=300;20971=100;21811=100;22991=100},,,
19429,63511,,{20391=100;24391=300;20971=100;21811=100;22991=100},,60,
19430,63512,,{20391=100;24391=300;20971=100;21811=100;22991=100},,60,
19431,63513,,{20391=100;24391=300;20971=100;21811=100;22991=100},,60,
19432,63514,,{20391=100;24391=300;20971=100;21811=100;22991=100},,60,
19433,63531,,{20391=100;24391=300;20971=100;21811=100;22991=100},,60,
19434,63532,,{20391=100;24391=300;20971=100;21811=100;22991=100},,60,
19435,63533,,{20391=100;24391=300;20971=100;21811=100;22991=100},,60,
19436,63534,,{20391=100;24391=300;20971=100;21811=100;22991=100},,60,
19437,63535,,{20391=100;24391=300;20971=100;21811=100;22991=100},,60,
19438,63536,,{20391=100;24391=300;20971=100;21811=100;22991=100},,60,
19439,63537,,{20391=100;24391=300;20971=100;21811=100;22991=100},,60,
19440,63538,,{20391=100;24391=300;20971=100;21811=100;22991=100},,60,
19441,63521,,{20391=100;24391=300;20971=100;21811=100;22991=100},2,60,
19442,63522,,{20391=100;24391=300;20971=100;21811=100;22991=100},2,60,
19443,63523,,{20391=100;24391=300;20971=100;21811=100;22991=100},2,60,
19444,63524,,{20391=100;24391=300;20971=100;21811=100;22991=100},2,60,
19445,63541,,{20391=100;24391=300;20971=100;21811=100;22991=100},2,60,
19446,63542,,{20391=100;24391=300;20971=100;21811=100;22991=100},2,60,
19447,63543,,{20391=100;24391=300;20971=100;21811=100;22991=100},2,60,
19448,63544,,{20391=100;24391=300;20971=100;21811=100;22991=100},2,60,
19449,63501,,{21481=100},,100,
19450,63502,,{21481=100},,100,
19451,63503,,{21481=100},,100,
19452,63504,,{21481=100},,100,
19453,63511,,{21481=100},,100,
19454,63512,,{21481=100},,100,
19455,63513,,{21481=100},,100,
19456,63514,,{21481=100},,100,
19457,63531,,{21481=100},,100,
19458,63532,,{21481=100},,100,
19459,63533,,{21481=100},,100,
19460,63534,,{21481=100},,100,
19461,63535,,{21481=100},,100,
19462,63536,,{21481=100},,100,
19463,63537,,{21481=100},,100,
19464,63538,,{21481=100},,100,
19465,63521,,{21481=100},,100,
19466,63522,,{21481=100},,100,
19467,63523,,{21481=100},,100,
19468,63524,,{21481=100},,100,
19469,63541,,{21481=100},,100,
19470,63542,,{21481=100},,100,
19471,63543,,{21481=100},,100,
19472,63544,,{21481=100},,100,
19473,63501,,{21481=100},,,
19474,63502,,{21481=100},,,
19475,63503,,{21481=100},,,
19476,63504,,{21481=100},,,
19477,63511,,{21481=100},,60,
19478,63512,,{21481=100},,60,
19479,63513,,{21481=100},,60,
19480,63514,,{21481=100},,60,
19481,63531,,{21481=100},,60,
19482,63532,,{21481=100},,60,
19483,63533,,{21481=100},,60,
19484,63534,,{21481=100},,60,
19485,63535,,{21481=100},,60,
19486,63536,,{21481=100},,60,
19487,63537,,{21481=100},,60,
19488,63538,,{21481=100},,60,
19489,63521,,{21481=100},2,60,
19490,63522,,{21481=100},2,60,
19491,63523,,{21481=100},2,60,
19492,63524,,{21481=100},2,60,
19493,63541,,{21481=100},2,60,
19494,63542,,{21481=100},2,60,
19495,63543,,{21481=100},2,60,
19496,63544,,{21481=100},2,60,
19497,63545,,{20391=100;24391=300;20971=100;21811=100;22991=100},,100,
19498,63546,,{20391=100;24391=300;20971=100;21811=100;22991=100},,100,
19499,63547,,{20391=100;24391=300;20971=100;21811=100;22991=100},,100,
19500,63548,,{20391=100;24391=300;20971=100;21811=100;22991=100},,100,
19501,63549,,{20391=100;24391=300;20971=100;21811=100;22991=100},,100,
19502,63550,,{20391=100;24391=300;20971=100;21811=100;22991=100},,100,
19503,63551,,{20391=100;24391=300;20971=100;21811=100;22991=100},,100,
19504,63552,,{20391=100;24391=300;20971=100;21811=100;22991=100},,100,
19505,63545,,{20391=100;24391=300;20971=100;21811=100;22991=100},2,60,
19506,63546,,{20391=100;24391=300;20971=100;21811=100;22991=100},2,60,
19507,63547,,{20391=100;24391=300;20971=100;21811=100;22991=100},2,60,
19508,63548,,{20391=100;24391=300;20971=100;21811=100;22991=100},2,60,
19509,63549,,{20391=100;24391=300;20971=100;21811=100;22991=100},2,60,
19510,63550,,{20391=100;24391=300;20971=100;21811=100;22991=100},2,60,
19511,63551,,{20391=100;24391=300;20971=100;21811=100;22991=100},2,60,
19512,63552,,{20391=100;24391=300;20971=100;21811=100;22991=100},2,60,
19513,63545,,{21481=100},,100,
19514,63546,,{21481=100},,100,
19515,63547,,{21481=100},,100,
19516,63548,,{21481=100},,100,
19517,63549,,{21481=100},,100,
19518,63550,,{21481=100},,100,
19519,63551,,{21481=100},,100,
19520,63552,,{21481=100},,100,
19521,63545,,{21481=100},2,60,
19522,63546,,{21481=100},2,60,
19523,63547,,{21481=100},2,60,
19524,63548,,{21481=100},2,60,
19525,63549,,{21481=100},2,60,
19526,63550,,{21481=100},2,60,
19527,63551,,{21481=100},2,60,
19528,63552,,{21481=100},2,60,
20001,63151,,{22041=1},10,35,
20002,63151,,{8118=1},10,100,
20003,63151,,{8118=1},0,,
20004,63152,,{22041=1},11,35,
20005,63152,,{8118=1},11,100,
20006,63152,,{8118=1},0,,
20007,63153,,{22041=1},12,35,
20008,63153,,{8118=1},12,100,
20009,63153,,{8118=1},0,,
20010,63154,,{22041=1},13,35,
20011,63154,,{8118=1},13,100,
20012,63154,,{8118=1},0,,
20013,63155,,{22041=1},14,35,
20014,63155,,{8118=1},14,100,
20015,63155,,{8118=1},0,,
20016,63156,,{22041=1},16,35,
20017,63156,,{8118=1},15,100,
20018,63156,,{8118=1},0,,
20019,63151,,{514=1},30,50,
20020,63152,,{514=1},35,50,
20021,63153,,{514=1},40,50,
20022,63154,,{514=1},45,50,
20023,63155,,{514=1},50,50,
20024,63156,,{514=1},55,50,
20031,63161,,{20431=1},10,30,
20032,63161,,{5000=1;930=1},10,60,
20033,63161,,{620=15;621=100;622=50;623=15;606=100;607=50;608=15;609=100;610=50;611=15;612=100;613=50;614=15;615=100;616=50;617=15;618=100;619=50},10,60,
20034,63161,,{22121=1},10,30,
20035,63162,,{20431=1},11,30,
20036,63162,,{5000=1;930=1},11,60,
20037,63162,,{620=15;621=100;622=50;623=15;606=100;607=50;608=15;609=100;610=50;611=15;612=100;613=50;614=15;615=100;616=50;617=15;618=100;619=50},11,60,
20038,63162,,{22121=1},11,30,
20039,63163,,{20431=1},12,30,
20040,63163,,{5000=1;930=1},12,60,
20041,63163,,{620=15;621=100;622=50;623=15;606=100;607=50;608=15;609=100;610=50;611=15;612=100;613=50;614=15;615=100;616=50;617=15;618=100;619=50},12,60,
20042,63163,,{22121=1},12,30,
20043,63164,,{20431=1},13,30,
20044,63164,,{5000=1;930=1},13,60,
20045,63164,,{620=15;621=100;622=50;623=15;606=100;607=50;608=15;609=100;610=50;611=15;612=100;613=50;614=15;615=100;616=50;617=15;618=100;619=50},13,60,
20046,63164,,{22121=1},13,30,
20047,63165,,{20431=1},14,30,
20048,63165,,{5000=1;930=1},14,60,
20049,63165,,{620=15;621=100;622=50;623=15;606=100;607=50;608=15;609=100;610=50;611=15;612=100;613=50;614=15;615=100;616=50;617=15;618=100;619=50},14,60,
20050,63165,,{22121=1},14,30,
20051,63166,,{20431=1},15,30,
20052,63166,,{5000=1;930=1},15,60,
20053,63166,,{620=15;621=100;622=50;623=15;606=100;607=50;608=15;609=100;610=50;611=15;612=100;613=50;614=15;615=100;616=50;617=15;618=100;619=50},15,60,
20054,63166,,{22121=1},15,30,
20055,63161,,{514=1},20,50,
20056,63162,,{514=1},23,50,
20057,63163,,{514=1},26,50,
20058,63164,,{514=1},29,50,
20059,63165,,{514=1},32,50,
20060,63166,,{514=1},35,50,
20101,63171,,{24301=1},15,15,
20102,63171,,{20441=1},7,15,
20103,63171,,{6325=1},8,50,
20104,63172,,{24301=1},17,15,
20105,63172,,{20441=1},8,15,
20106,63172,,{6325=1},9,50,
20107,63173,,{24301=1},18,15,
20108,63173,,{20441=1},8,15,
20109,63173,,{6325=1},10,50,
20110,63174,,{24301=1},20,15,
20111,63174,,{20441=1},9,15,
20112,63174,,{6325=1},11,50,
20113,63175,,{24301=1},21,15,
20114,63175,,{20441=1},10,15,
20115,63175,,{6325=1},12,50,
20116,63176,,{24301=1},24,15,
20117,63176,,{20441=1},11,15,
20118,63176,,{6325=1},13,50,
20119,63171,,{514=1},20,50,
20120,63172,,{514=1},23,50,
20121,63173,,{514=1},26,50,
20122,63174,,{514=1},29,50,
20123,63175,,{514=1},32,50,
20124,63176,,{514=1},35,50,
20151,63181,,{20901=1},15,15,
20152,63181,,{21671=1},7,15,
20153,63181,,{6325=1},8,50,
20154,63182,,{20901=1},17,15,
20155,63182,,{21671=1},8,15,
20156,63182,,{6325=1},9,50,
20157,63183,,{20901=1},18,15,
20158,63183,,{21671=1},8,15,
20159,63183,,{6325=1},10,50,
20160,63184,,{20901=1},20,15,
20161,63184,,{21671=1},9,15,
20162,63184,,{6325=1},11,50,
20163,63185,,{20901=1},21,15,
20164,63185,,{21671=1},10,15,
20165,63185,,{6325=1},12,50,
20166,63186,,{20901=1},24,15,
20167,63186,,{21671=1},11,15,
20168,63186,,{6325=1},13,50,
20169,63181,,{514=1},20,50,
20170,63182,,{514=1},23,50,
20171,63183,,{514=1},26,50,
20172,63184,,{514=1},29,50,
20173,63185,,{514=1},32,50,
20174,63186,,{514=1},35,50,
21001,63601,,{6381=100},,100,
21002,63602,,{6381=100},,100,
21003,63603,,{6381=100},,100,
21004,63604,,{6381=100},,100,
21005,63611,,{6381=100},,100,
21006,63612,,{6381=100},,100,
21007,63613,,{6381=100},,100,
21008,63614,,{6381=100},,100,
21009,63631,,{6381=100},,100,
21010,63632,,{6381=100},,100,
21011,63633,,{6381=100},,100,
21012,63634,,{6381=100},,100,
21013,63635,,{6381=100},,100,
21014,63636,,{6381=100},,100,
21015,63637,,{6381=100},,100,
21016,63638,,{6381=100},,100,
21017,63621,,{6381=100},,100,
21018,63622,,{6381=100},,100,
21019,63623,,{6381=100},,100,
21020,63624,,{6381=100},,100,
21021,63641,,{6381=100},,100,
21022,63642,,{6381=100},,100,
21023,63643,,{6381=100},,100,
21024,63644,,{6381=100},,100,
21025,63645,,{6381=100},,100,
21026,63646,,{6381=100},,100,
21027,63647,,{6381=100},,100,
21028,63648,,{6381=100},,100,
21029,63649,,{6381=100},,100,
21030,63650,,{6381=100},,100,
21031,63651,,{6381=100},,100,
21032,63652,,{6381=100},,100,
21033,63601,,{6381=100},,35,
21034,63602,,{6381=100},,35,
21035,63603,,{6381=100},,35,
21036,63604,,{6381=100},,35,
21037,63611,,{6381=100},,45,
21038,63612,,{6381=100},,45,
21039,63613,,{6381=100},,45,
21040,63614,,{6381=100},,45,
21041,63631,,{6381=100},,45,
21042,63632,,{6381=100},,45,
21043,63633,,{6381=100},,45,
21044,63634,,{6381=100},,45,
21045,63635,,{6381=100},,45,
21046,63636,,{6381=100},,45,
21047,63637,,{6381=100},,45,
21048,63638,,{6381=100},,45,
21049,63621,,{6381=100},,100,
21050,63622,,{6381=100},,100,
21051,63623,,{6381=100},,100,
21052,63624,,{6381=100},,100,
21053,63641,,{6381=100},,100,
21054,63642,,{6381=100},,100,
21055,63643,,{6381=100},,100,
21056,63644,,{6381=100},,100,
21057,63645,,{6381=100},,100,
21058,63646,,{6381=100},,100,
21059,63647,,{6381=100},,100,
21060,63648,,{6381=100},,100,
21061,63649,,{6381=100},,100,
21062,63650,,{6381=100},,100,
21063,63651,,{6381=100},,100,
21064,63652,,{6381=100},,100,
21065,63601,,{6381=100},,,
21066,63602,,{6381=100},,,
21067,63603,,{6381=100},,,
21068,63604,,{6381=100},,,
21069,63611,,{6381=100},,20,
21070,63612,,{6381=100},,20,
21071,63613,,{6381=100},,20,
21072,63614,,{6381=100},,20,
21073,63631,,{6381=100},,20,
21074,63632,,{6381=100},,20,
21075,63633,,{6381=100},,20,
21076,63634,,{6381=100},,20,
21077,63635,,{6381=100},,20,
21078,63636,,{6381=100},,20,
21079,63637,,{6381=100},,20,
21080,63638,,{6381=100},,20,
21081,63621,,{6381=100},,17,
21082,63622,,{6381=100},,17,
21083,63623,,{6381=100},,17,
21084,63624,,{6381=100},,17,
21085,63641,,{6381=100},,17,
21086,63642,,{6381=100},,17,
21087,63643,,{6381=100},,17,
21088,63644,,{6381=100},,17,
21089,63645,,{6381=100},,17,
21090,63646,,{6381=100},,17,
21091,63647,,{6381=100},,17,
21092,63648,,{6381=100},,17,
21093,63649,,{6381=100},,17,
21094,63650,,{6381=100},,17,
21095,63651,,{6381=100},,17,
21096,63652,,{6381=100},,17,
21097,63653,,{6381=100},,100,
21098,63654,,{6381=100},,100,
21099,63655,,{6381=100},,100,
21100,63656,,{6381=100},,100,
21301,63601,,{6382=100},,100,
21302,63602,,{6382=100},,100,
21303,63603,,{6382=100},,100,
21304,63604,,{6382=100},,100,
21305,63611,,{6382=100},,100,
21306,63612,,{6382=100},,100,
21307,63613,,{6382=100},,100,
21308,63614,,{6382=100},,100,
21309,63631,,{6382=100},,100,
21310,63632,,{6382=100},,100,
21311,63633,,{6382=100},,100,
21312,63634,,{6382=100},,100,
21313,63635,,{6382=100},,100,
21314,63636,,{6382=100},,100,
21315,63637,,{6382=100},,100,
21316,63638,,{6382=100},,100,
21317,63621,,{6382=100},,100,
21318,63622,,{6382=100},,100,
21319,63623,,{6382=100},,100,
21320,63624,,{6382=100},,100,
21321,63641,,{6382=100},,100,
21322,63642,,{6382=100},,100,
21323,63643,,{6382=100},,100,
21324,63644,,{6382=100},,100,
21325,63601,,{6382=100},,,
21326,63602,,{6382=100},,,
21327,63603,,{6382=100},,,
21328,63604,,{6382=100},,,
21329,63611,,{6382=100},,50,
21330,63612,,{6382=100},,50,
21331,63613,,{6382=100},,50,
21332,63614,,{6382=100},,50,
21333,63631,,{6382=100},,50,
21334,63632,,{6382=100},,50,
21335,63633,,{6382=100},,50,
21336,63634,,{6382=100},,50,
21337,63635,,{6382=100},,50,
21338,63636,,{6382=100},,50,
21339,63637,,{6382=100},,50,
21340,63638,,{6382=100},,50,
21341,63621,,{6382=100},2,50,
21342,63622,,{6382=100},2,50,
21343,63623,,{6382=100},2,50,
21344,63624,,{6382=100},2,50,
21345,63641,,{6382=100},2,50,
21346,63642,,{6382=100},2,50,
21347,63643,,{6382=100},2,50,
21348,63644,,{6382=100},2,50,
21349,63645,,{6382=100},,100,
21350,63646,,{6382=100},,100,
21351,63647,,{6382=100},,100,
21352,63648,,{6382=100},,100,
21353,63649,,{6382=100},,100,
21354,63650,,{6382=100},,100,
21355,63651,,{6382=100},,100,
21356,63652,,{6382=100},,100,
21357,63645,,{6382=100},2,50,
21358,63646,,{6382=100},2,50,
21359,63647,,{6382=100},2,50,
21360,63648,,{6382=100},2,50,
21361,63649,,{6382=100},2,50,
21362,63650,,{6382=100},2,50,
21363,63651,,{6382=100},2,50,
21364,63652,,{6382=100},2,50,
21365,63653,,{6382=100},,100,
21366,63654,,{6382=100},,100,
21367,63655,,{6382=100},,100,
21368,63656,,{6382=100},,100,
21401,63601,,{20391=100;20971=100;24391=100;20411=400;21811=100;22991=100},,100,
21402,63602,,{20391=100;20971=100;24391=100;20411=400;21811=100;22991=100},,100,
21403,63603,,{20391=100;20971=100;24391=100;20411=400;21811=100;22991=100},,100,
21404,63604,,{20391=100;20971=100;24391=100;20411=400;21811=100;22991=100},,100,
21405,63611,,{20391=100;20971=100;24391=100;20411=400;21811=100;22991=100},,100,
21406,63612,,{20391=100;20971=100;24391=100;20411=400;21811=100;22991=100},,100,
21407,63613,,{20391=100;20971=100;24391=100;20411=400;21811=100;22991=100},,100,
21408,63614,,{20391=100;20971=100;24391=100;20411=400;21811=100;22991=100},,100,
21409,63631,,{20391=100;20971=100;24391=100;20411=400;21811=100;22991=100},,100,
21410,63632,,{20391=100;20971=100;24391=100;20411=400;21811=100;22991=100},,100,
21411,63633,,{20391=100;20971=100;24391=100;20411=400;21811=100;22991=100},,100,
21412,63634,,{20391=100;20971=100;24391=100;20411=400;21811=100;22991=100},,100,
21413,63635,,{20391=100;20971=100;24391=100;20411=400;21811=100;22991=100},,100,
21414,63636,,{20391=100;20971=100;24391=100;20411=400;21811=100;22991=100},,100,
21415,63637,,{20391=100;20971=100;24391=100;20411=400;21811=100;22991=100},,100,
21416,63638,,{20391=100;20971=100;24391=100;20411=400;21811=100;22991=100},,100,
21417,63621,,{20391=100;20971=100;24391=100;20411=400;21811=100;22991=100},,100,
21418,63622,,{20391=100;20971=100;24391=100;20411=400;21811=100;22991=100},,100,
21419,63623,,{20391=100;20971=100;24391=100;20411=400;21811=100;22991=100},,100,
21420,63624,,{20391=100;20971=100;24391=100;20411=400;21811=100;22991=100},,100,
21421,63641,,{20391=100;20971=100;24391=100;20411=400;21811=100;22991=100},,100,
21422,63642,,{20391=100;20971=100;24391=100;20411=400;21811=100;22991=100},,100,
21423,63643,,{20391=100;20971=100;24391=100;20411=400;21811=100;22991=100},,100,
21424,63644,,{20391=100;20971=100;24391=100;20411=400;21811=100;22991=100},,100,
21425,63601,,{20391=100;20971=100;24391=100;20411=400;21811=100;22991=100},,,
21426,63602,,{20391=100;20971=100;24391=100;20411=400;21811=100;22991=100},,,
21427,63603,,{20391=100;20971=100;24391=100;20411=400;21811=100;22991=100},,,
21428,63604,,{20391=100;20971=100;24391=100;20411=400;21811=100;22991=100},,,
21429,63611,,{20391=100;20971=100;24391=100;20411=400;21811=100;22991=100},,60,
21430,63612,,{20391=100;20971=100;24391=100;20411=400;21811=100;22991=100},,60,
21431,63613,,{20391=100;20971=100;24391=100;20411=400;21811=100;22991=100},,60,
21432,63614,,{20391=100;20971=100;24391=100;20411=400;21811=100;22991=100},,60,
21433,63631,,{20391=100;20971=100;24391=100;20411=400;21811=100;22991=100},,60,
21434,63632,,{20391=100;20971=100;24391=100;20411=400;21811=100;22991=100},,60,
21435,63633,,{20391=100;20971=100;24391=100;20411=400;21811=100;22991=100},,60,
21436,63634,,{20391=100;20971=100;24391=100;20411=400;21811=100;22991=100},,60,
21437,63635,,{20391=100;20971=100;24391=100;20411=400;21811=100;22991=100},,60,
21438,63636,,{20391=100;20971=100;24391=100;20411=400;21811=100;22991=100},,60,
21439,63637,,{20391=100;20971=100;24391=100;20411=400;21811=100;22991=100},,60,
21440,63638,,{20391=100;20971=100;24391=100;20411=400;21811=100;22991=100},,60,
21441,63621,,{20391=100;20971=100;24391=100;20411=400;21811=100;22991=100},2,60,
21442,63622,,{20391=100;20971=100;24391=100;20411=400;21811=100;22991=100},2,60,
21443,63623,,{20391=100;20971=100;24391=100;20411=400;21811=100;22991=100},2,60,
21444,63624,,{20391=100;20971=100;24391=100;20411=400;21811=100;22991=100},2,60,
21445,63641,,{20391=100;20971=100;24391=100;20411=400;21811=100;22991=100},2,60,
21446,63642,,{20391=100;20971=100;24391=100;20411=400;21811=100;22991=100},2,60,
21447,63643,,{20391=100;20971=100;24391=100;20411=400;21811=100;22991=100},2,60,
21448,63644,,{20391=100;20971=100;24391=100;20411=400;21811=100;22991=100},2,60,
21449,63601,,{21481=100},,100,
21450,63602,,{21481=100},,100,
21451,63603,,{21481=100},,100,
21452,63604,,{21481=100},,100,
21453,63611,,{21481=100},,100,
21454,63612,,{21481=100},,100,
21455,63613,,{21481=100},,100,
21456,63614,,{21481=100},,100,
21457,63631,,{21481=100},,100,
21458,63632,,{21481=100},,100,
21459,63633,,{21481=100},,100,
21460,63634,,{21481=100},,100,
21461,63635,,{21481=100},,100,
21462,63636,,{21481=100},,100,
21463,63637,,{21481=100},,100,
21464,63638,,{21481=100},,100,
21465,63621,,{21481=100},,100,
21466,63622,,{21481=100},,100,
21467,63623,,{21481=100},,100,
21468,63624,,{21481=100},,100,
21469,63641,,{21481=100},,100,
21470,63642,,{21481=100},,100,
21471,63643,,{21481=100},,100,
21472,63644,,{21481=100},,100,
21473,63601,,{21481=100},,,
21474,63602,,{21481=100},,,
21475,63603,,{21481=100},,,
21476,63604,,{21481=100},,,
21477,63611,,{21481=100},,60,
21478,63612,,{21481=100},,60,
21479,63613,,{21481=100},,60,
21480,63614,,{21481=100},,60,
21481,63631,,{21481=100},,60,
21482,63632,,{21481=100},,60,
21483,63633,,{21481=100},,60,
21484,63634,,{21481=100},,60,
21485,63635,,{21481=100},,60,
21486,63636,,{21481=100},,60,
21487,63637,,{21481=100},,60,
21488,63638,,{21481=100},,60,
21489,63621,,{21481=100},2,60,
21490,63622,,{21481=100},2,60,
21491,63623,,{21481=100},2,60,
21492,63624,,{21481=100},2,60,
21493,63641,,{21481=100},2,60,
21494,63642,,{21481=100},2,60,
21495,63643,,{21481=100},2,60,
21496,63644,,{21481=100},2,60,
21497,63645,,{20391=100;20971=100;24391=100;20411=400;21811=100;22991=100},,100,
21498,63646,,{20391=100;20971=100;24391=100;20411=400;21811=100;22991=100},,100,
21499,63647,,{20391=100;20971=100;24391=100;20411=400;21811=100;22991=100},,100,
21500,63648,,{20391=100;20971=100;24391=100;20411=400;21811=100;22991=100},,100,
21501,63649,,{20391=100;20971=100;24391=100;20411=400;21811=100;22991=100},,100,
21502,63650,,{20391=100;20971=100;24391=100;20411=400;21811=100;22991=100},,100,
21503,63651,,{20391=100;20971=100;24391=100;20411=400;21811=100;22991=100},,100,
21504,63652,,{20391=100;20971=100;24391=100;20411=400;21811=100;22991=100},,100,
21505,63645,,{20391=100;20971=100;24391=100;20411=400;21811=100;22991=100},2,60,
21506,63646,,{20391=100;20971=100;24391=100;20411=400;21811=100;22991=100},2,60,
21507,63647,,{20391=100;20971=100;24391=100;20411=400;21811=100;22991=100},2,60,
21508,63648,,{20391=100;20971=100;24391=100;20411=400;21811=100;22991=100},2,60,
21509,63649,,{20391=100;20971=100;24391=100;20411=400;21811=100;22991=100},2,60,
21510,63650,,{20391=100;20971=100;24391=100;20411=400;21811=100;22991=100},2,60,
21511,63651,,{20391=100;20971=100;24391=100;20411=400;21811=100;22991=100},2,60,
21512,63652,,{20391=100;20971=100;24391=100;20411=400;21811=100;22991=100},2,60,
21513,63645,,{21481=100},,100,
21514,63646,,{21481=100},,100,
21515,63647,,{21481=100},,100,
21516,63648,,{21481=100},,100,
21517,63649,,{21481=100},,100,
21518,63650,,{21481=100},,100,
21519,63651,,{21481=100},,100,
21520,63652,,{21481=100},,100,
21521,63645,,{21481=100},2,60,
21522,63646,,{21481=100},2,60,
21523,63647,,{21481=100},2,60,
21524,63648,,{21481=100},2,60,
21525,63649,,{21481=100},2,60,
21526,63650,,{21481=100},2,60,
21527,63651,,{21481=100},2,60,
21528,63652,,{21481=100},2,60,
21529,63653,,{20391=100;20971=100;24391=100;20411=400;21811=100;22991=100},,60,
21530,63654,,{20391=100;20971=100;24391=100;20411=400;21811=100;22991=100},,60,
21531,63655,,{20391=100;20971=100;24391=100;20411=400;21811=100;22991=100},,60,
21532,63656,,{20391=100;20971=100;24391=100;20411=400;21811=100;22991=100},,60,
21533,63653,,{21481=100},,100,
21534,63654,,{21481=100},,100,
21535,63655,,{21481=100},,100,
21536,63656,,{21481=100},,100,
21537,63653,,{21481=100},,60,
21538,63654,,{21481=100},,60,
21539,63655,,{21481=100},,60,
21540,63656,,{21481=100},,60,
21541,63653,,{20391=100;20971=100;24391=100;20411=400;21811=100;22991=100},,100,
21542,63654,,{20391=100;20971=100;24391=100;20411=400;21811=100;22991=100},,100,
21543,63655,,{20391=100;20971=100;24391=100;20411=400;21811=100;22991=100},,100,
21544,63656,,{20391=100;20971=100;24391=100;20411=400;21811=100;22991=100},,100,
21545,63653,,{6381=100},,45,
21546,63653,,{6381=100},,20,
21547,63653,,{6382=100},,50,
21548,63654,,{6381=100},,45,
21549,63654,,{6381=100},,20,
21550,63654,,{6382=100},,50,
21551,63655,,{6381=100},,45,
21552,63655,,{6381=100},,20,
21553,63655,,{6382=100},,50,
21554,63656,,{6381=100},,45,
21555,63656,,{6381=100},,20,
21556,63656,,{6382=100},,50,
579,33001,,{11=30.1887;12=7.5472;13=1.8868;510=30.1887;511=15.0943;512=3.7736;5000=11.3208},5,53,
580,33002,,{11=30.1887;12=7.5472;13=1.8868;510=30.1887;511=15.0943;512=3.7736;5000=11.3208},5,53,
581,33003,,{11=30.1887;12=7.5472;13=1.8868;510=30.1887;511=15.0943;512=3.7736;5000=11.3208},5,53,
582,33004,,{11=30.1887;12=7.5472;13=1.8868;510=30.1887;511=15.0943;512=3.7736;5000=11.3208},5,53,
583,33101,,{11=30.1887;12=7.5472;13=1.8868;510=30.1887;511=15.0943;512=3.7736;5000=11.3208},5,53,
584,33102,,{11=30.1887;12=7.5472;13=1.8868;510=30.1887;511=15.0943;512=3.7736;5000=11.3208},5,53,
585,33103,,{11=30.1887;12=7.5472;13=1.8868;510=30.1887;511=15.0943;512=3.7736;5000=11.3208},5,53,
586,33104,,{11=30.1887;12=7.5472;13=1.8868;510=30.1887;511=15.0943;512=3.7736;5000=11.3208},5,53,
681,13001,,{11=29.7398;12=7.4349;13=1.8587;14=0.7435;510=29.7398;511=14.8699;512=3.7175;513=0.7435;5000=11.1524},5,53.8,
682,13002,,{11=29.7398;12=7.4349;13=1.8587;14=0.7435;510=29.7398;511=14.8699;512=3.7175;513=0.7435;5000=11.1524},5,53.8,
683,13003,,{11=29.7398;12=7.4349;13=1.8587;14=0.7435;510=29.7398;511=14.8699;512=3.7175;513=0.7435;5000=11.1524},5,53.8,
684,13004,,{11=29.7398;12=7.4349;13=1.8587;14=0.7435;510=29.7398;511=14.8699;512=3.7175;513=0.7435;5000=11.1524},5,53.8,
685,13005,,{11=29.7398;12=7.4349;13=1.8587;14=0.7435;510=29.7398;511=14.8699;512=3.7175;513=0.7435;5000=11.1524},5,53.8,
686,13006,,{11=29.7398;12=7.4349;13=1.8587;14=0.7435;510=29.7398;511=14.8699;512=3.7175;513=0.7435;5000=11.1524},5,53.8,
687,13007,,{11=29.7398;12=7.4349;13=1.8587;14=0.7435;510=29.7398;511=14.8699;512=3.7175;513=0.7435;5000=11.1524},5,53.8,
688,13008,,{11=29.7398;12=7.4349;13=1.8587;14=0.7435;510=29.7398;511=14.8699;512=3.7175;513=0.7435;5000=11.1524},5,53.8,
689,13009,,{11=29.7398;12=7.4349;13=1.8587;14=0.7435;510=29.7398;511=14.8699;512=3.7175;513=0.7435;5000=11.1524},5,53.8,
690,13010,,{11=29.7398;12=7.4349;13=1.8587;14=0.7435;510=29.7398;511=14.8699;512=3.7175;513=0.7435;5000=11.1524},5,53.8,
691,23001,,{11=30.303;12=7.5758;13=1.8939;14=0.7576;510=30.303;511=15.1515;512=3.7879;513=0.7576;5000=9.4697},5,95.04,
692,23002,,{11=30.303;12=7.5758;13=1.8939;14=0.7576;510=30.303;511=15.1515;512=3.7879;513=0.7576;5000=9.4697},5,95.04,
693,23003,,{11=30.303;12=7.5758;13=1.8939;14=0.7576;510=30.303;511=15.1515;512=3.7879;513=0.7576;5000=9.4697},5,95.04,
694,23004,,{11=30.303;12=7.5758;13=1.8939;14=0.7576;510=30.303;511=15.1515;512=3.7879;513=0.7576;5000=9.4697},5,95.04,
695,23005,,{11=30.303;12=7.5758;13=1.8939;14=0.7576;510=30.303;511=15.1515;512=3.7879;513=0.7576;5000=9.4697},5,95.04,
696,23001,,{5049=12.7778;5050=12.7778;5051=12.7778;5052=20.5556;5053=20.5556;5054=20.5556},5,36,
697,23002,,{5049=12.7778;5050=12.7778;5051=12.7778;5052=20.5556;5053=20.5556;5054=20.5556},5,36,
698,23003,,{5049=12.7778;5050=12.7778;5051=12.7778;5052=20.5556;5053=20.5556;5054=20.5556},5,36,
699,23004,,{5049=12.7778;5050=12.7778;5051=12.7778;5052=20.5556;5053=20.5556;5054=20.5556},5,36,
700,23005,,{5049=12.7778;5050=12.7778;5051=12.7778;5052=20.5556;5053=20.5556;5054=20.5556},5,36,
701,13101,,{11=29.7398;12=7.4349;13=1.8587;14=0.7435;510=29.7398;511=14.8699;512=3.7175;513=0.7435;5000=11.1524},5,53.8,
702,13102,,{11=29.7398;12=7.4349;13=1.8587;14=0.7435;510=29.7398;511=14.8699;512=3.7175;513=0.7435;5000=11.1524},5,53.8,
703,13103,,{11=29.7398;12=7.4349;13=1.8587;14=0.7435;510=29.7398;511=14.8699;512=3.7175;513=0.7435;5000=11.1524},5,53.8,
704,13104,,{11=29.7398;12=7.4349;13=1.8587;14=0.7435;510=29.7398;511=14.8699;512=3.7175;513=0.7435;5000=11.1524},5,53.8,
705,13105,,{11=29.7398;12=7.4349;13=1.8587;14=0.7435;510=29.7398;511=14.8699;512=3.7175;513=0.7435;5000=11.1524},5,53.8,
706,13106,,{11=29.7398;12=7.4349;13=1.8587;14=0.7435;510=29.7398;511=14.8699;512=3.7175;513=0.7435;5000=11.1524},5,53.8,
707,13107,,{11=29.7398;12=7.4349;13=1.8587;14=0.7435;510=29.7398;511=14.8699;512=3.7175;513=0.7435;5000=11.1524},5,53.8,
708,13108,,{11=29.7398;12=7.4349;13=1.8587;14=0.7435;510=29.7398;511=14.8699;512=3.7175;513=0.7435;5000=11.1524},5,53.8,
709,13109,,{11=29.7398;12=7.4349;13=1.8587;14=0.7435;510=29.7398;511=14.8699;512=3.7175;513=0.7435;5000=11.1524},5,53.8,
710,13110,,{11=29.7398;12=7.4349;13=1.8587;14=0.7435;510=29.7398;511=14.8699;512=3.7175;513=0.7435;5000=11.1524},5,53.8,
711,23101,,{11=30.303;12=7.5758;13=1.8939;14=0.7576;510=30.303;511=15.1515;512=3.7879;513=0.7576;5000=9.4697},5,95.04,
712,23102,,{11=30.303;12=7.5758;13=1.8939;14=0.7576;510=30.303;511=15.1515;512=3.7879;513=0.7576;5000=9.4697},5,95.04,
713,23103,,{11=30.303;12=7.5758;13=1.8939;14=0.7576;510=30.303;511=15.1515;512=3.7879;513=0.7576;5000=9.4697},5,95.04,
714,23104,,{11=30.303;12=7.5758;13=1.8939;14=0.7576;510=30.303;511=15.1515;512=3.7879;513=0.7576;5000=9.4697},5,95.04,
715,23105,,{11=30.303;12=7.5758;13=1.8939;14=0.7576;510=30.303;511=15.1515;512=3.7879;513=0.7576;5000=9.4697},5,95.04,
716,23101,,{5052=12.7778;5053=12.7778;5054=12.7778;5055=20.5556;5056=20.5556;5057=20.5556},5,36,
717,23102,,{5052=12.7778;5053=12.7778;5054=12.7778;5055=20.5556;5056=20.5556;5057=20.5556},5,36,
718,23103,,{5052=12.7778;5053=12.7778;5054=12.7778;5055=20.5556;5056=20.5556;5057=20.5556},5,36,
719,23104,,{5052=12.7778;5053=12.7778;5054=12.7778;5055=20.5556;5056=20.5556;5057=20.5556},5,36,
720,23105,,{5052=12.7778;5053=12.7778;5054=12.7778;5055=20.5556;5056=20.5556;5057=20.5556},5,36,
2417,13001,,{30101=100;30102=100;30103=100;30104=100;30105=100;30106=100},,,
2418,13002,,{30101=100;30102=100;30103=100;30104=100;30105=100;30106=100},,,
2419,13003,,{30101=100;30102=100;30103=100;30104=100;30105=100;30106=100},,,
2420,13004,,{30101=100;30102=100;30103=100;30104=100;30105=100;30106=100},,,
2421,13005,,{30101=100;30102=100;30103=100;30104=100;30105=100;30106=100},,,
2422,13006,,{30101=100;30102=100;30103=100;30104=100;30105=100;30106=100},,,
2423,13007,,{30101=100;30102=100;30103=100;30104=100;30105=100;30106=100},,,
2424,13008,,{30101=100;30102=100;30103=100;30104=100;30105=100;30106=100},,,
2425,13009,,{30101=100;30102=100;30103=100;30104=100;30105=100;30106=100},,,
2426,13010,,{30101=100;30102=100;30103=100;30104=100;30105=100;30106=100},,,
2427,23001,,{30101=100;30102=100;30103=100;30104=100;30105=100;30106=100},,,
2428,23002,,{30101=100;30102=100;30103=100;30104=100;30105=100;30106=100},,,
2429,23003,,{30101=100;30102=100;30103=100;30104=100;30105=100;30106=100},,,
2430,23004,,{30101=100;30102=100;30103=100;30104=100;30105=100;30106=100},,,
2431,23005,,{30101=100;30102=100;30103=100;30104=100;30105=100;30106=100},,,
2432,13101,,{30101=100;30102=100;30103=100;30104=100;30105=100;30106=100},,,
2433,13102,,{30101=100;30102=100;30103=100;30104=100;30105=100;30106=100},,,
2434,13103,,{30101=100;30102=100;30103=100;30104=100;30105=100;30106=100},,,
2435,13104,,{30101=100;30102=100;30103=100;30104=100;30105=100;30106=100},,,
2436,13105,,{30101=100;30102=100;30103=100;30104=100;30105=100;30106=100},,,
2437,13106,,{30101=100;30102=100;30103=100;30104=100;30105=100;30106=100},,,
2438,13107,,{30101=100;30102=100;30103=100;30104=100;30105=100;30106=100},,,
2439,13108,,{30101=100;30102=100;30103=100;30104=100;30105=100;30106=100},,,
2440,13109,,{30101=100;30102=100;30103=100;30104=100;30105=100;30106=100},,,
2441,13110,,{30101=100;30102=100;30103=100;30104=100;30105=100;30106=100},,,
2442,23101,,{30101=100;30102=100;30103=100;30104=100;30105=100;30106=100},,,
2443,23102,,{30101=100;30102=100;30103=100;30104=100;30105=100;30106=100},,,
2444,23103,,{30101=100;30102=100;30103=100;30104=100;30105=100;30106=100},,,
2445,23104,,{30101=100;30102=100;30103=100;30104=100;30105=100;30106=100},,,
2446,23105,,{30101=100;30102=100;30103=100;30104=100;30105=100;30106=100},,,
2917,13001,,{30201=100;30202=100;30203=100;30204=100;30205=100;30206=100;30207=100;30208=100;30209=100;31201=100;31202=100},,0.3,
2918,13002,,{30201=100;30202=100;30203=100;30204=100;30205=100;30206=100;30207=100;30208=100;30209=100;31201=100;31202=100},,0.3,
2919,13003,,{30201=100;30202=100;30203=100;30204=100;30205=100;30206=100;30207=100;30208=100;30209=100;31201=100;31202=100},,0.3,
2920,13004,,{30201=100;30202=100;30203=100;30204=100;30205=100;30206=100;30207=100;30208=100;30209=100;31201=100;31202=100},,0.3,
2921,13005,,{30201=100;30202=100;30203=100;30204=100;30205=100;30206=100;30207=100;30208=100;30209=100;31201=100;31202=100},,0.3,
2922,13006,,{30201=100;30202=100;30203=100;30204=100;30205=100;30206=100;30207=100;30208=100;30209=100;31201=100;31202=100},,0.3,
2923,13007,,{30201=100;30202=100;30203=100;30204=100;30205=100;30206=100;30207=100;30208=100;30209=100;31201=100;31202=100},,0.3,
2924,13008,,{30201=100;30202=100;30203=100;30204=100;30205=100;30206=100;30207=100;30208=100;30209=100;31201=100;31202=100},,0.3,
2925,13009,,{30201=100;30202=100;30203=100;30204=100;30205=100;30206=100;30207=100;30208=100;30209=100;31201=100;31202=100},,0.3,
2926,13010,,{30201=100;30202=100;30203=100;30204=100;30205=100;30206=100;30207=100;30208=100;30209=100;31201=100;31202=100},,0.3,
2927,23001,,{30201=100;30202=100;30203=100;30204=100;30205=100;30206=100;30207=100;30208=100;30209=100;31201=100;31202=100},,0.3,
2928,23002,,{30201=100;30202=100;30203=100;30204=100;30205=100;30206=100;30207=100;30208=100;30209=100;31201=100;31202=100},,0.3,
2929,23003,,{30201=100;30202=100;30203=100;30204=100;30205=100;30206=100;30207=100;30208=100;30209=100;31201=100;31202=100},,0.3,
2930,23004,,{30201=100;30202=100;30203=100;30204=100;30205=100;30206=100;30207=100;30208=100;30209=100;31201=100;31202=100},,0.3,
2931,23005,,{30201=100;30202=100;30203=100;30204=100;30205=100;30206=100;30207=100;30208=100;30209=100;31201=100;31202=100},,0.3,
2932,13101,,{30201=100;30202=100;30203=100;30204=100;30205=100;30206=100;30207=100;30208=100;30209=100;31201=100;31202=100},,0.3,
2933,13102,,{30201=100;30202=100;30203=100;30204=100;30205=100;30206=100;30207=100;30208=100;30209=100;31201=100;31202=100},,0.3,
2934,13103,,{30201=100;30202=100;30203=100;30204=100;30205=100;30206=100;30207=100;30208=100;30209=100;31201=100;31202=100},,0.3,
2935,13104,,{30201=100;30202=100;30203=100;30204=100;30205=100;30206=100;30207=100;30208=100;30209=100;31201=100;31202=100},,0.3,
2936,13105,,{30201=100;30202=100;30203=100;30204=100;30205=100;30206=100;30207=100;30208=100;30209=100;31201=100;31202=100},,0.3,
2937,13106,,{30201=100;30202=100;30203=100;30204=100;30205=100;30206=100;30207=100;30208=100;30209=100;31201=100;31202=100},,0.3,
2938,13107,,{30201=100;30202=100;30203=100;30204=100;30205=100;30206=100;30207=100;30208=100;30209=100;31201=100;31202=100},,0.3,
2939,13108,,{30201=100;30202=100;30203=100;30204=100;30205=100;30206=100;30207=100;30208=100;30209=100;31201=100;31202=100},,0.3,
2940,13109,,{30201=100;30202=100;30203=100;30204=100;30205=100;30206=100;30207=100;30208=100;30209=100;31201=100;31202=100},,0.3,
2941,13110,,{30201=100;30202=100;30203=100;30204=100;30205=100;30206=100;30207=100;30208=100;30209=100;31201=100;31202=100},,0.3,
2942,23101,,{30201=100;30202=100;30203=100;30204=100;30205=100;30206=100;30207=100;30208=100;30209=100;31201=100;31202=100},,0.3,
2943,23102,,{30201=100;30202=100;30203=100;30204=100;30205=100;30206=100;30207=100;30208=100;30209=100;31201=100;31202=100},,0.3,
2944,23103,,{30201=100;30202=100;30203=100;30204=100;30205=100;30206=100;30207=100;30208=100;30209=100;31201=100;31202=100},,0.3,
2945,23104,,{30201=100;30202=100;30203=100;30204=100;30205=100;30206=100;30207=100;30208=100;30209=100;31201=100;31202=100},,0.3,
2946,23105,,{30201=100;30202=100;30203=100;30204=100;30205=100;30206=100;30207=100;30208=100;30209=100;31201=100;31202=100},,0.3,
20201,63191,,{24521=1},10,35,
20202,63191,,{8118=1},10,100,
20203,63191,,{8118=1},0,,
20204,63192,,{24521=1},11,35,
20205,63192,,{8118=1},11,100,
20206,63192,,{8118=1},0,,
20207,63193,,{24521=1},12,35,
20208,63193,,{8118=1},12,100,
20209,63193,,{8118=1},0,,
20210,63194,,{24521=1},13,35,
20211,63194,,{8118=1},13,100,
20212,63194,,{8118=1},0,,
20213,63195,,{24521=1},14,35,
20214,63195,,{8118=1},14,100,
20215,63195,,{8118=1},0,,
20216,63196,,{24521=1},16,35,
20217,63196,,{8118=1},15,100,
20218,63196,,{8118=1},0,,
20219,63191,,{514=1},30,50,
20220,63192,,{514=1},35,50,
20221,63193,,{514=1},40,50,
20222,63194,,{514=1},45,50,
20223,63195,,{514=1},50,50,
20224,63196,,{514=1},55,50,
20230,64001,,{21411=1},10,30,
20231,64001,,{930=1;5000=1},10,60,
20232,64001,,{606=100;607=50;608=15;609=100;610=50;611=15;612=100;613=50;614=15;615=100;616=50;617=15;618=100;619=50;620=15;621=100;622=50;623=15},10,60,
20233,64002,,{21411=1},11,30,
20234,64002,,{930=1;5000=1},11,60,
20235,64002,,{606=100;607=50;608=15;609=100;610=50;611=15;612=100;613=50;614=15;615=100;616=50;617=15;618=100;619=50;620=15;621=100;622=50;623=15},11,60,
20236,64003,,{21411=1},12,30,
20237,64003,,{930=1;5000=1},12,60,
20238,64003,,{606=100;607=50;608=15;609=100;610=50;611=15;612=100;613=50;614=15;615=100;616=50;617=15;618=100;619=50;620=15;621=100;622=50;623=15},12,60,
20239,64004,,{21411=1},13,30,
20240,64004,,{930=1;5000=1},13,60,
20241,64004,,{606=100;607=50;608=15;609=100;610=50;611=15;612=100;613=50;614=15;615=100;616=50;617=15;618=100;619=50;620=15;621=100;622=50;623=15},13,60,
20242,64005,,{21411=1},14,30,
20243,64005,,{930=1;5000=1},14,60,
20244,64005,,{606=100;607=50;608=15;609=100;610=50;611=15;612=100;613=50;614=15;615=100;616=50;617=15;618=100;619=50;620=15;621=100;622=50;623=15},14,60,
20245,64006,,{21411=1},15,30,
20246,64006,,{930=1;5000=1},15,60,
20247,64006,,{606=100;607=50;608=15;609=100;610=50;611=15;612=100;613=50;614=15;615=100;616=50;617=15;618=100;619=50;620=15;621=100;622=50;623=15},15,60,
20248,64001,,{514=1},20,50,
20249,64002,,{514=1},23,50,
20250,64003,,{514=1},26,50,
20251,64004,,{514=1},29,50,
20252,64005,,{514=1},32,50,
20253,64006,,{514=1},35,50,
22001,63701,,{6381=100},,100,
22002,63702,,{6381=100},,100,
22003,63703,,{6381=100},,100,
22004,63704,,{6381=100},,100,
22005,63711,,{6381=100},,100,
22006,63712,,{6381=100},,100,
22007,63713,,{6381=100},,100,
22008,63714,,{6381=100},,100,
22009,63721,,{6381=100},,100,
22010,63722,,{6381=100},,100,
22011,63723,,{6381=100},,100,
22012,63724,,{6381=100},,100,
22013,63731,,{6381=100},,100,
22014,63732,,{6381=100},,100,
22015,63733,,{6381=100},,100,
22016,63734,,{6381=100},,100,
22017,63735,,{6381=100},,100,
22018,63736,,{6381=100},,100,
22019,63737,,{6381=100},,100,
22020,63738,,{6381=100},,100,
22021,63741,,{6381=100},,100,
22022,63742,,{6381=100},,100,
22023,63743,,{6381=100},,100,
22024,63744,,{6381=100},,100,
22025,63745,,{6381=100},,100,
22026,63746,,{6381=100},,100,
22027,63747,,{6381=100},,100,
22028,63748,,{6381=100},,100,
22029,63749,,{6381=100},,100,
22030,63750,,{6381=100},,100,
22031,63751,,{6381=100},,100,
22032,63752,,{6381=100},,100,
22033,63753,,{6381=100},,100,
22034,63754,,{6381=100},,100,
22035,63755,,{6381=100},,100,
22036,63756,,{6381=100},,100,
22037,63757,,{6381=100},,100,
22038,63758,,{6381=100},,100,
22039,63759,,{6381=100},,100,
22040,63760,,{6381=100},,100,
22041,63701,,{6381=100},,35,
22042,63702,,{6381=100},,35,
22043,63703,,{6381=100},,35,
22044,63704,,{6381=100},,35,
22045,63711,,{6381=100},,45,
22046,63712,,{6381=100},,45,
22047,63713,,{6381=100},,45,
22048,63714,,{6381=100},,45,
22049,63721,,{6381=100},,100,
22050,63722,,{6381=100},,100,
22051,63723,,{6381=100},,100,
22052,63724,,{6381=100},,100,
22053,63731,,{6381=100},,45,
22054,63732,,{6381=100},,45,
22055,63733,,{6381=100},,45,
22056,63734,,{6381=100},,45,
22057,63735,,{6381=100},,45,
22058,63736,,{6381=100},,45,
22059,63737,,{6381=100},,45,
22060,63738,,{6381=100},,45,
22061,63741,,{6381=100},,100,
22062,63742,,{6381=100},,100,
22063,63743,,{6381=100},,100,
22064,63744,,{6381=100},,100,
22065,63745,,{6381=100},,100,
22066,63746,,{6381=100},,100,
22067,63747,,{6381=100},,100,
22068,63748,,{6381=100},,100,
22069,63749,,{6381=100},,100,
22070,63750,,{6381=100},,100,
22071,63751,,{6381=100},,100,
22072,63752,,{6381=100},,100,
22073,63753,,{6381=100},,45,
22074,63754,,{6381=100},,45,
22075,63755,,{6381=100},,45,
22076,63756,,{6381=100},,45,
22077,63757,,{6381=100},,45,
22078,63758,,{6381=100},,45,
22079,63759,,{6381=100},,45,
22080,63760,,{6381=100},,45,
22081,63701,,{6381=100},,,
22082,63702,,{6381=100},,,
22083,63703,,{6381=100},,,
22084,63704,,{6381=100},,,
22085,63711,,{6381=100},,20,
22086,63712,,{6381=100},,20,
22087,63713,,{6381=100},,20,
22088,63714,,{6381=100},,20,
22089,63721,,{6381=100},,17,
22090,63722,,{6381=100},,17,
22091,63723,,{6381=100},,17,
22092,63724,,{6381=100},,17,
22093,63731,,{6381=100},,20,
22094,63732,,{6381=100},,20,
22095,63733,,{6381=100},,20,
22096,63734,,{6381=100},,20,
22097,63735,,{6381=100},,20,
22098,63736,,{6381=100},,20,
22099,63737,,{6381=100},,20,
22100,63738,,{6381=100},,20,
22101,63741,,{6381=100},,17,
22102,63742,,{6381=100},,17,
22103,63743,,{6381=100},,17,
22104,63744,,{6381=100},,17,
22105,63745,,{6381=100},,17,
22106,63746,,{6381=100},,17,
22107,63747,,{6381=100},,17,
22108,63748,,{6381=100},,17,
22109,63749,,{6381=100},,17,
22110,63750,,{6381=100},,17,
22111,63751,,{6381=100},,17,
22112,63752,,{6381=100},,17,
22113,63753,,{6381=100},,20,
22114,63754,,{6381=100},,20,
22115,63755,,{6381=100},,20,
22116,63756,,{6381=100},,20,
22117,63757,,{6381=100},,20,
22118,63758,,{6381=100},,20,
22119,63759,,{6381=100},,20,
22120,63760,,{6381=100},,20,
22121,63701,,{6382=100},,100,
22122,63702,,{6382=100},,100,
22123,63703,,{6382=100},,100,
22124,63704,,{6382=100},,100,
22125,63711,,{6382=100},,100,
22126,63712,,{6382=100},,100,
22127,63713,,{6382=100},,100,
22128,63714,,{6382=100},,100,
22129,63721,,{6382=100},,100,
22130,63722,,{6382=100},,100,
22131,63723,,{6382=100},,100,
22132,63724,,{6382=100},,100,
22133,63731,,{6382=100},,100,
22134,63732,,{6382=100},,100,
22135,63733,,{6382=100},,100,
22136,63734,,{6382=100},,100,
22137,63735,,{6382=100},,100,
22138,63736,,{6382=100},,100,
22139,63737,,{6382=100},,100,
22140,63738,,{6382=100},,100,
22141,63741,,{6382=100},,100,
22142,63742,,{6382=100},,100,
22143,63743,,{6382=100},,100,
22144,63744,,{6382=100},,100,
22145,63745,,{6382=100},,100,
22146,63746,,{6382=100},,100,
22147,63747,,{6382=100},,100,
22148,63748,,{6382=100},,100,
22149,63749,,{6382=100},,100,
22150,63750,,{6382=100},,100,
22151,63751,,{6382=100},,100,
22152,63752,,{6382=100},,100,
22153,63753,,{6382=100},,100,
22154,63754,,{6382=100},,100,
22155,63755,,{6382=100},,100,
22156,63756,,{6382=100},,100,
22157,63757,,{6382=100},,100,
22158,63758,,{6382=100},,100,
22159,63759,,{6382=100},,100,
22160,63760,,{6382=100},,100,
22161,63701,,{6382=100},,,
22162,63702,,{6382=100},,,
22163,63703,,{6382=100},,,
22164,63704,,{6382=100},,,
22165,63711,,{6382=100},,50,
22166,63712,,{6382=100},,50,
22167,63713,,{6382=100},,50,
22168,63714,,{6382=100},,50,
22169,63721,,{6382=100},2,50,
22170,63722,,{6382=100},2,50,
22171,63723,,{6382=100},2,50,
22172,63724,,{6382=100},2,50,
22173,63731,,{6382=100},,50,
22174,63732,,{6382=100},,50,
22175,63733,,{6382=100},,50,
22176,63734,,{6382=100},,50,
22177,63735,,{6382=100},,50,
22178,63736,,{6382=100},,50,
22179,63737,,{6382=100},,50,
22180,63738,,{6382=100},,50,
22181,63741,,{6382=100},2,50,
22182,63742,,{6382=100},2,50,
22183,63743,,{6382=100},2,50,
22184,63744,,{6382=100},2,50,
22185,63745,,{6382=100},2,50,
22186,63746,,{6382=100},2,50,
22187,63747,,{6382=100},2,50,
22188,63748,,{6382=100},2,50,
22189,63749,,{6382=100},2,50,
22190,63750,,{6382=100},2,50,
22191,63751,,{6382=100},2,50,
22192,63752,,{6382=100},2,50,
22193,63753,,{6382=100},,50,
22194,63754,,{6382=100},,50,
22195,63755,,{6382=100},,50,
22196,63756,,{6382=100},,50,
22197,63757,,{6382=100},,50,
22198,63758,,{6382=100},,50,
22199,63759,,{6382=100},,50,
22200,63760,,{6382=100},,50,
22201,63701,,{20391=100;20411=100;20971=100;21811=100;22991=100;23571=400;24391=100},,100,
22202,63702,,{20391=100;20411=100;20971=100;21811=100;22991=100;23571=400;24391=100},,100,
22203,63703,,{20391=100;20411=100;20971=100;21811=100;22991=100;23571=400;24391=100},,100,
22204,63704,,{20391=100;20411=100;20971=100;21811=100;22991=100;23571=400;24391=100},,100,
22205,63711,,{20391=100;20411=100;20971=100;21811=100;22991=100;23571=400;24391=100},,100,
22206,63712,,{20391=100;20411=100;20971=100;21811=100;22991=100;23571=400;24391=100},,100,
22207,63713,,{20391=100;20411=100;20971=100;21811=100;22991=100;23571=400;24391=100},,100,
22208,63714,,{20391=100;20411=100;20971=100;21811=100;22991=100;23571=400;24391=100},,100,
22209,63721,,{20391=100;20411=100;20971=100;21811=100;22991=100;23571=400;24391=100},,100,
22210,63722,,{20391=100;20411=100;20971=100;21811=100;22991=100;23571=400;24391=100},,100,
22211,63723,,{20391=100;20411=100;20971=100;21811=100;22991=100;23571=400;24391=100},,100,
22212,63724,,{20391=100;20411=100;20971=100;21811=100;22991=100;23571=400;24391=100},,100,
22213,63731,,{20391=100;20411=100;20971=100;21811=100;22991=100;23571=400;24391=100},,100,
22214,63732,,{20391=100;20411=100;20971=100;21811=100;22991=100;23571=400;24391=100},,100,
22215,63733,,{20391=100;20411=100;20971=100;21811=100;22991=100;23571=400;24391=100},,100,
22216,63734,,{20391=100;20411=100;20971=100;21811=100;22991=100;23571=400;24391=100},,100,
22217,63735,,{20391=100;20411=100;20971=100;21811=100;22991=100;23571=400;24391=100},,100,
22218,63736,,{20391=100;20411=100;20971=100;21811=100;22991=100;23571=400;24391=100},,100,
22219,63737,,{20391=100;20411=100;20971=100;21811=100;22991=100;23571=400;24391=100},,100,
22220,63738,,{20391=100;20411=100;20971=100;21811=100;22991=100;23571=400;24391=100},,100,
22221,63741,,{20391=100;20411=100;20971=100;21811=100;22991=100;23571=400;24391=100},,100,
22222,63742,,{20391=100;20411=100;20971=100;21811=100;22991=100;23571=400;24391=100},,100,
22223,63743,,{20391=100;20411=100;20971=100;21811=100;22991=100;23571=400;24391=100},,100,
22224,63744,,{20391=100;20411=100;20971=100;21811=100;22991=100;23571=400;24391=100},,100,
22225,63745,,{20391=100;20411=100;20971=100;21811=100;22991=100;23571=400;24391=100},,100,
22226,63746,,{20391=100;20411=100;20971=100;21811=100;22991=100;23571=400;24391=100},,100,
22227,63747,,{20391=100;20411=100;20971=100;21811=100;22991=100;23571=400;24391=100},,100,
22228,63748,,{20391=100;20411=100;20971=100;21811=100;22991=100;23571=400;24391=100},,100,
22229,63749,,{20391=100;20411=100;20971=100;21811=100;22991=100;23571=400;24391=100},,100,
22230,63750,,{20391=100;20411=100;20971=100;21811=100;22991=100;23571=400;24391=100},,100,
22231,63751,,{20391=100;20411=100;20971=100;21811=100;22991=100;23571=400;24391=100},,100,
22232,63752,,{20391=100;20411=100;20971=100;21811=100;22991=100;23571=400;24391=100},,100,
22233,63753,,{20391=100;20411=100;20971=100;21811=100;22991=100;23571=400;24391=100},,100,
22234,63754,,{20391=100;20411=100;20971=100;21811=100;22991=100;23571=400;24391=100},,100,
22235,63755,,{20391=100;20411=100;20971=100;21811=100;22991=100;23571=400;24391=100},,100,
22236,63756,,{20391=100;20411=100;20971=100;21811=100;22991=100;23571=400;24391=100},,100,
22237,63757,,{20391=100;20411=100;20971=100;21811=100;22991=100;23571=400;24391=100},,100,
22238,63758,,{20391=100;20411=100;20971=100;21811=100;22991=100;23571=400;24391=100},,100,
22239,63759,,{20391=100;20411=100;20971=100;21811=100;22991=100;23571=400;24391=100},,100,
22240,63760,,{20391=100;20411=100;20971=100;21811=100;22991=100;23571=400;24391=100},,100,
22241,63701,,{20391=100;20411=100;20971=100;21811=100;22991=100;23571=400;24391=100},,,
22242,63702,,{20391=100;20411=100;20971=100;21811=100;22991=100;23571=400;24391=100},,,
22243,63703,,{20391=100;20411=100;20971=100;21811=100;22991=100;23571=400;24391=100},,,
22244,63704,,{20391=100;20411=100;20971=100;21811=100;22991=100;23571=400;24391=100},,,
22245,63711,,{20391=100;20411=100;20971=100;21811=100;22991=100;23571=400;24391=100},,60,
22246,63712,,{20391=100;20411=100;20971=100;21811=100;22991=100;23571=400;24391=100},,60,
22247,63713,,{20391=100;20411=100;20971=100;21811=100;22991=100;23571=400;24391=100},,60,
22248,63714,,{20391=100;20411=100;20971=100;21811=100;22991=100;23571=400;24391=100},,60,
22249,63721,,{20391=100;20411=100;20971=100;21811=100;22991=100;23571=400;24391=100},2,60,
22250,63722,,{20391=100;20411=100;20971=100;21811=100;22991=100;23571=400;24391=100},2,60,
22251,63723,,{20391=100;20411=100;20971=100;21811=100;22991=100;23571=400;24391=100},2,60,
22252,63724,,{20391=100;20411=100;20971=100;21811=100;22991=100;23571=400;24391=100},2,60,
22253,63731,,{20391=100;20411=100;20971=100;21811=100;22991=100;23571=400;24391=100},,60,
22254,63732,,{20391=100;20411=100;20971=100;21811=100;22991=100;23571=400;24391=100},,60,
22255,63733,,{20391=100;20411=100;20971=100;21811=100;22991=100;23571=400;24391=100},,60,
22256,63734,,{20391=100;20411=100;20971=100;21811=100;22991=100;23571=400;24391=100},,60,
22257,63735,,{20391=100;20411=100;20971=100;21811=100;22991=100;23571=400;24391=100},,60,
22258,63736,,{20391=100;20411=100;20971=100;21811=100;22991=100;23571=400;24391=100},,60,
22259,63737,,{20391=100;20411=100;20971=100;21811=100;22991=100;23571=400;24391=100},,60,
22260,63738,,{20391=100;20411=100;20971=100;21811=100;22991=100;23571=400;24391=100},,60,
22261,63741,,{20391=100;20411=100;20971=100;21811=100;22991=100;23571=400;24391=100},2,60,
22262,63742,,{20391=100;20411=100;20971=100;21811=100;22991=100;23571=400;24391=100},2,60,
22263,63743,,{20391=100;20411=100;20971=100;21811=100;22991=100;23571=400;24391=100},2,60,
22264,63744,,{20391=100;20411=100;20971=100;21811=100;22991=100;23571=400;24391=100},2,60,
22265,63745,,{20391=100;20411=100;20971=100;21811=100;22991=100;23571=400;24391=100},2,60,
22266,63746,,{20391=100;20411=100;20971=100;21811=100;22991=100;23571=400;24391=100},2,60,
22267,63747,,{20391=100;20411=100;20971=100;21811=100;22991=100;23571=400;24391=100},2,60,
22268,63748,,{20391=100;20411=100;20971=100;21811=100;22991=100;23571=400;24391=100},2,60,
22269,63749,,{20391=100;20411=100;20971=100;21811=100;22991=100;23571=400;24391=100},2,60,
22270,63750,,{20391=100;20411=100;20971=100;21811=100;22991=100;23571=400;24391=100},2,60,
22271,63751,,{20391=100;20411=100;20971=100;21811=100;22991=100;23571=400;24391=100},2,60,
22272,63752,,{20391=100;20411=100;20971=100;21811=100;22991=100;23571=400;24391=100},2,60,
22273,63753,,{20391=100;20411=100;20971=100;21811=100;22991=100;23571=400;24391=100},,60,
22274,63754,,{20391=100;20411=100;20971=100;21811=100;22991=100;23571=400;24391=100},,60,
22275,63755,,{20391=100;20411=100;20971=100;21811=100;22991=100;23571=400;24391=100},,60,
22276,63756,,{20391=100;20411=100;20971=100;21811=100;22991=100;23571=400;24391=100},,60,
22277,63757,,{20391=100;20411=100;20971=100;21811=100;22991=100;23571=400;24391=100},,60,
22278,63758,,{20391=100;20411=100;20971=100;21811=100;22991=100;23571=400;24391=100},,60,
22279,63759,,{20391=100;20411=100;20971=100;21811=100;22991=100;23571=400;24391=100},,60,
22280,63760,,{20391=100;20411=100;20971=100;21811=100;22991=100;23571=400;24391=100},,60,
22281,63701,,{21481=100},,100,
22282,63702,,{21481=100},,100,
22283,63703,,{21481=100},,100,
22284,63704,,{21481=100},,100,
22285,63711,,{21481=100},,100,
22286,63712,,{21481=100},,100,
22287,63713,,{21481=100},,100,
22288,63714,,{21481=100},,100,
22289,63721,,{21481=100},,100,
22290,63722,,{21481=100},,100,
22291,63723,,{21481=100},,100,
22292,63724,,{21481=100},,100,
22293,63731,,{21481=100},,100,
22294,63732,,{21481=100},,100,
22295,63733,,{21481=100},,100,
22296,63734,,{21481=100},,100,
22297,63735,,{21481=100},,100,
22298,63736,,{21481=100},,100,
22299,63737,,{21481=100},,100,
22300,63738,,{21481=100},,100,
22301,63741,,{21481=100},,100,
22302,63742,,{21481=100},,100,
22303,63743,,{21481=100},,100,
22304,63744,,{21481=100},,100,
22305,63745,,{21481=100},,100,
22306,63746,,{21481=100},,100,
22307,63747,,{21481=100},,100,
22308,63748,,{21481=100},,100,
22309,63749,,{21481=100},,100,
22310,63750,,{21481=100},,100,
22311,63751,,{21481=100},,100,
22312,63752,,{21481=100},,100,
22313,63753,,{21481=100},,100,
22314,63754,,{21481=100},,100,
22315,63755,,{21481=100},,100,
22316,63756,,{21481=100},,100,
22317,63757,,{21481=100},,100,
22318,63758,,{21481=100},,100,
22319,63759,,{21481=100},,100,
22320,63760,,{21481=100},,100,
22321,63701,,{21481=100},,,
22322,63702,,{21481=100},,,
22323,63703,,{21481=100},,,
22324,63704,,{21481=100},,,
22325,63711,,{21481=100},,60,
22326,63712,,{21481=100},,60,
22327,63713,,{21481=100},,60,
22328,63714,,{21481=100},,60,
22329,63721,,{21481=100},2,60,
22330,63722,,{21481=100},2,60,
22331,63723,,{21481=100},2,60,
22332,63724,,{21481=100},2,60,
22333,63731,,{21481=100},,60,
22334,63732,,{21481=100},,60,
22335,63733,,{21481=100},,60,
22336,63734,,{21481=100},,60,
22337,63735,,{21481=100},,60,
22338,63736,,{21481=100},,60,
22339,63737,,{21481=100},,60,
22340,63738,,{21481=100},,60,
22341,63741,,{21481=100},2,60,
22342,63742,,{21481=100},2,60,
22343,63743,,{21481=100},2,60,
22344,63744,,{21481=100},2,60,
22345,63745,,{21481=100},2,60,
22346,63746,,{21481=100},2,60,
22347,63747,,{21481=100},2,60,
22348,63748,,{21481=100},2,60,
22349,63749,,{21481=100},2,60,
22350,63750,,{21481=100},2,60,
22351,63751,,{21481=100},2,60,
22352,63752,,{21481=100},2,60,
22353,63753,,{21481=100},,60,
22354,63754,,{21481=100},,60,
22355,63755,,{21481=100},,60,
22356,63756,,{21481=100},,60,
22357,63757,,{21481=100},,60,
22358,63758,,{21481=100},,60,
22359,63759,,{21481=100},,60,
22360,63760,,{21481=100},,60,
