变量名,sceneName,_beizhu,monsters,boss,icon,gateType,sceneType,sceneCount,roundLimit,deployType,deployCardNumLimit,deployNum,deployNatureLimit,backMusic,backGround,bg_boss,bg_boss_pos,ownerId,onlyClassify,openLevel,preGateID,stars,showLevel,sceneLevel,skillLevel,sceneLevelCorrect,demonCorrect,demonCorrectSelf,dayChallengeMax,staminaCost,cardExp,roleExp,dropIds,gold,desc,sandangAward,worldLevelSaodangAward,forbidMarkID,winAward,star3Award,kssdFlag,chestAward,pos,awardPos,frontWay,monsterRange,finishPoint,isWheel,isQuickSweep,tag,monsters3,skillLevel2,demonCorrect3,demonCorrect2,boss3,showLevel3,skillLevel3,monsters2,showLevel2,boss2,playNumber,bg_boss_pos2,bg_boss_pos3,roundLimit2,roundLimit3,sceneCount2,sceneCount3,sceneLevel2,sceneLevel3
默认值,"""""",,<>,<>,,1,1,3,20,1,6,1,{},battle_bgm.mp3,battle/scene/bg_city.jpg,,{y=70;x=0},,,1,,<>,99,1,1,,,,9999,1,0,0,{510=0;511=0;gold=iconNumLittle=0},0,"""""",{},{},,{},{},0,{},{y=0;x=0},,,{},,FALSE,0,{},<>,1,,,<>,99,1,<>,99,<>,6,{y=70;x=0},{y=70;x=0},20,20,1,1,1,1
ID,场景名称,备注,界面显示的普通怪物id<等级;advance=品阶>,界面显示的bossid,icon主线章节最后一关必填,关卡类型-客户端战斗用  999-新手关卡； 0-手动测试本;1-普通副本（主线、困难）；2-竞技场；3-日常活动本-金币本；4-日常活动本-经验本；5-无尽之塔；6-公会副本；7-礼物本；8-碎片本；9-好友切磋；10-石英大会；11-随机塔；12-元素挑战；13-公会战；14-跨服石英；15世界boss；16-51劳动节副本；17-跨服竞技场；18-道馆副本；19-道馆馆主；20-跨服道馆；21-跨服实时对战；22-万圣节BOSS；23-资源战pvp；24-资源战BOSS,服务器专用字段# 0-全局 # 1-世界# 2-章节# 3-精英章节# 4-关卡# 5-精英关卡# 6-噩梦关卡# 7-噩梦章节 # 11:金币活动; # 12:经验活动; # 13:礼物副本;# 14:碎片副本;# 1551劳动节副本21: 公会副本# 22: 无尽之塔#; 23: 道馆副本,总波数,回合限制数,上阵类型 1=常规 2=单挑 3=车轮,上阵限制数量,上阵队伍数量（只对车轮）,上阵属性限制,背景音乐,背景地图,背景boss图,背景boss位置偏移,所属章节,上阵攻防技(0-防;1-攻;2-技),开放等级,开启条件(需要通过前置关卡),星级条件(1-关卡胜利;2-阵亡数少于;3-boss战回合数少于;4-上阵精灵数少于;5-上阵精灵数不少于),场景怪物显示用的等级，如空则显示sceneLevel,场景等级修正,技能等级修正,是否自适应角色等级:不填就没有；需要的话读scene_level_correct表的列名；比如填boss,前6修正,己方前6修正,每日最多挑战次数,体力消耗,卡牌经验,主角经验,掉落装备ID,通关金币,关卡描述,扫荡奖励,世界等级下扫荡奖励,不能上阵宠物的markID,通关奖励,三星奖励,快速扫荡标记：1表示有，0表示无,宝箱奖励,位置,奖励宝箱位置,前置路点,怪物刷新库,结束节点,是否车轮战,快速扫荡关卡,pvp加成是否生效,新增,新增,新增,新增,新增,新增,新增,新增,新增,新增,新增,bg_boss_pos2,bg_boss_pos3,roundLimit2,roundLimit3,sceneCount2,sceneCount3,sceneLevel2,sceneLevel3
0,battle场景,,,,,999,,1,,,,,,,battle/scene/bg_xszd.jpg,,,,,,,,,,,,,,,0,,,{},,,,,,,,,,,,,,,,,,,,,,,,,,,,,,,,,,,,
1,开场新手关卡,,,,,999,,1,10,,,,,,battle/scene/bg_xszd.jpg,,,,,,,,,,,,,,,0,,,{},,,,,,,,,,,,,,,,,,,,,,,,,,,,,,,,,,,,
2,竞技场关卡,,,,,2,,1,,,,,,,battle/scene/bg_jjc.jpg,,,,,,,,,,,,,,,0,,,{},,,,,,,,,,,,,,,,,{ceCorrectTakeEffect=TRUE;pvpAttrTakeEffect=TRUE},,,,,,,,,,,,,,,,,,,
9,好友间切磋,,,,,9,,1,,,,,,,battle/scene/bg_jjc.jpg,,,,,,,,,,,,,,,0,,,{},,,,,,,,,,,,,,,,,{ceCorrectTakeEffect=TRUE;pvpAttrTakeEffect=TRUE},,,,,,,,,,,,,,,,,,,
10,石英大会,,,,,10,,5,10,,,,,,battle/scene/bg_jjc.jpg,,,,,,,,,,,,,,,,,,,,,,,,,,,,,,,,,,,{ceCorrectTakeEffect=TRUE;pvpAttrTakeEffect=TRUE},,,,,,,,,,,1,,,,,,,,
11,随机试炼塔,,,,,11,,1,,,,,,,battle/scene/bg_ytly.jpg,,,,,,,<{key=1;value=1};{key=2;value=1};{key=2;value=0}>,,,,,,,,,,,,,,,,,,,,,,,,,,,,,,,,,,,,,,,,,,,,,,,
12,元素挑战,,,,,12,,1,,,,,,,battle/scene/bg_night.jpg,,,,,,,,,,,,,,3,0,,,,,,,,,,,,,,,,,,,,,,,,,,,,,,,,,,,,,,,
13,公会战关卡,,,,,13,9,1,,,,,,,battle/scene/bg_jjc.jpg,,,,,,,,,,,,,,,0,,,{},,,,,,,,,,,,,,,,,{ceCorrectTakeEffect=TRUE;pvpAttrTakeEffect=TRUE},,,,,,,,,,,,,,,,,,,
14,跨服石英大会,,,,,14,,5,10,,,,,,battle/scene/bg_jjc.jpg,,,,,,,,,,,,,,,,,,,,,,,,,,,,,,,,,,,{ceCorrectTakeEffect=TRUE;pvpAttrTakeEffect=TRUE},,,,,,,,,,,1,,,,,,,,
17,跨服竞技场关卡,,,,,17,,,,,,,,,battle/scene/bg_kfjjc.png,,,,,,,,,,,,,,,0,,,{},,,,,,,,,,,,,,,,,{ceCorrectTakeEffect=TRUE;pvpAttrTakeEffect=TRUE},,,,,,,,,,,,,,,,,,,
19,道馆馆主,,,,,19,,1,,,,,,,battle/scene/bg_jjc.jpg,,,,,,,,,,,,,,,0,,,{},,,,,,,,,,,,,,,,,{ceCorrectTakeEffect=TRUE;pvpAttrTakeEffect=TRUE},,,,,,,,,,,,,,,,,,,
20,跨服道馆,,,,,20,,1,,,,,,,battle/scene/bg_jjc.jpg,,,,,,,,,,,,,,,0,,,{},,,,,,,,,,,,,,,,,{ceCorrectTakeEffect=TRUE;pvpAttrTakeEffect=TRUE},,,,,,,,,,,,,,,,,,,
21,跨服实时对战,,,,,21,,1,,,,,,,battle/scene/bg_dzjjc.png,,,,,,,,,,,,,,,0,,,{},,,,,,,,,,,,,,,,,{ceCorrectTakeEffect=TRUE;pvpAttrTakeEffect=TRUE},,,,,,,,,,,,,,,,,,,
22,活动Boss,,,,,22,22,1,,,,,,,,,,,,,,,,,,,,,,,,,,,,,,,,,,,,,,,,,,,,,,,,,,,,,,,,,,,,,
23,跨服资源战pvp,,,,,23,17,,10,,,,,,battle/scene/bg_jjc.jpg,,,,,,,,,,,,,,,,,,,,,,,,,,,,,,,,,,,{ceCorrectTakeEffect=TRUE;pvpAttrTakeEffect=TRUE},,,,,,,,,,,4,,,,,,,,
25,周年庆副本,,,,,25,25,1,10,,,,,,,,,,,,,,,,,,,,,,,,,,,,,,,,,,,,,,,,,,,,,,,,,,,,,,,,,,,,
26,远征玩法,,,,,26,26,1,,,,,,,,,,,,,,,,,,,,,,,,,,,,,,,,,,,,,,,,,,,,,,,,,,,,,,,,,,,,,
27,夏日挑战,,,,,27,27,1,10,,,,,,,,,,,,,,,,,,,,,,,,,,,,,,,,,,,,,,,,,,,,,,,,,,,,,,,,,,,,
28,跨服公会战,,,,,28,28,1,10,,,,,,,,,,,,,,,,,,,,,,,,,,,,,,,,,,,,,,,,,{ceCorrectTakeEffect=TRUE;pvpAttrTakeEffect=TRUE},,,,,,,,,,,,,,,,,,,
29,世界锦标赛,,,,,29,29,,,,,,,,battle/scene/bg_sjjbs.jpg,,,,,,,,,,,,,,,,,,,,,,,,,,,,,,,,,,,{ceCorrectTakeEffect=TRUE;pvpAttrTakeEffect=TRUE},,,,,,,,,,,,,,,,,,,
30,对战竞猜,,,,,30,30,1,,,,,,,,,,,,,,,,,,,,,,,,,,,,,,,,,,,,,,,,,,,,,,,,,,,,,,,,,,,,,
31,羁绊进化,,,,,31,31,1,,,,,,,battle/scene/bg_xszd.jpg,,,,,,,,,,,,,,,,,,,,,,,,,,,,,,,,,,,,,,,,,,,,,,,,,,,,,,
33,对战竞猜赛事版,,,,,33,33,1,,,,,,,,,,,,,,,,,,,,,,,,,,,,,,,,,,,,,,,,,,,,,,,,,,,,,,,,,,,,,
34,冒险团,,,,,34,34,1,10,,,,,,,,,,,,,,,,,,,,,,,,,,,,,,,,,,,,,,,,,{ceCorrectTakeEffect=TRUE;pvpAttrTakeEffect=TRUE},,,,,,,,,,,,,,,,,,,
36,精灵试玩,,,,,36,,1,10,,,,,,,,,,,,,,,,,,,,,,,,,,,,,,,,,,,,,,,,,,,,,,,,,,,,,,,,,,,,
37,无尽以太,,,,,37,37,1,,,,,,,,,,,,,,<{key=1;value=1};{key=2;value=1};{key=2;value=0}>,,,,,,,,,,,,,,,,,,,,,,,,,,,,,,,,,,,,,,,,,,,,,,,
38,帷幕马戏团,,,,,38,22,1,,,,,,,,,,,,,,,,,,,,,,,,,,,,,,,,,,,,,,,,,,,,,,,,,,,,,,,,,,,,,
40,众神禁地,,,,,40,,1,,4,,,,,,,,,,,,<{key=2;value=1};{key=3;value=8};{key=3;value=15}>,,,,,,,,,,,,,,,,,,,,,,,,,,,,,,,,,,,,,,,,,,,,,,,
41,虚构影印,,,,,41,,1,,,,,,,,,,,,,,,,,,,,,,,,,,,,,,,,,,,,,,,,,,,,,,,,,,,,,,,,,,,,,
42,极巨巅峰,,,,,42,,1,,,,,,,battle/scene/bg_jjc.jpg,,,,,,,,,,,,,,,0,,,{},,,,,,,,,,,,,,,,,{ceCorrectTakeEffect=TRUE;pvpAttrTakeEffect=TRUE},,,,,,,,,,,,,,,,,,,
43,教学副本,,,,,43,32,1,,,,,,,,,,,,,,,,,,,,,,,,,,,,,,,,,,,,,,,,,,,,,,,,,,,,,,,,,,,,,
1000,妙蛙花,,,,config/portrait/jinglingtouxiang1/img_3_mwh@.png,6,21,1,5,,,,,,battle/scene/bg_grass.jpg,config/big_hero/normal/img_3_mwh@.png,{x=0;y=0},,,,,,20,100,100,,,,3,0,,,,,,,,,,,,,,,,,,,,,,,,,,,,,,,,,,,,,,,
1001,喷火龙,,,,config/portrait/jinglingtouxiang1/img_6_phl@.png,6,21,1,5,,,,,,battle/scene/bg_night.jpg,config/big_hero/normal/img_6_phl@.png,{x=0;y=0},,,,1000,,30,150,150,,,,3,0,,,,,,,,,,,,,,,,,,,,,,,,,,,,,,,,,,,,,,,
1002,水箭龟,,,,config/portrait/jinglingtouxiang1/img_9_sjg@.png,6,21,1,5,,,,,,battle/scene/bg_tower.jpg,config/big_hero/normal/img_9_sjg@.png,{x=0;y=0},,,,1001,,40,200,200,,,,3,0,,,,,,,,,,,,,,,,,,,,,,,,,,,,,,,,,,,,,,,
1003,胡地,,,,config/portrait/jinglingtouxiang1/img_65_hd@.png,6,21,1,5,,,,,,battle/scene/bg_sd.jpg,config/big_hero/normal/img_65_hd@.png,{x=0;y=0},,,,1002,,50,250,250,,,,3,0,,,,,,,,,,,,,,,,,,,,,,,,,,,,,,,,,,,,,,,
1004,妖火红狐,,,,config/portrait/jinglingtouxiang1/img_655_yhhh@.png,6,21,1,5,,,,,,battle/scene/bg_red.jpg,config/big_hero/normal/img_655_yhhh@.png,{x=0;y=0},,,,1003,,60,300,300,,,,3,0,,,,,,,,,,,,,,,,,,,,,,,,,,,,,,,,,,,,,,,
1005,甲贺忍蛙,,,,config/portrait/jinglingtouxiang1/img_658_jhrw@.png,6,21,1,5,,,,,,battle/scene/bg_grass.jpg,config/big_hero/normal/img_658_jhrw@.png,{x=0;y=0},,,,1004,,70,350,350,,,,3,0,,,,,,,,,,,,,,,,,,,,,,,,,,,,,,,,,,,,,,,
1006,电击魔兽,,,,config/portrait/jinglingtouxiang1/img_466_djms@.png,6,21,1,5,,,,,,battle/scene/bg_night.jpg,config/big_hero/normal/img_466_djms@.png,{x=0;y=0},,,,1005,,80,400,400,,,,3,0,,,,,,,,,,,,,,,,,,,,,,,,,,,,,,,,,,,,,,,
1007,耿鬼,,,,config/portrait/jinglingtouxiang1/img_94_gg@.png,6,21,1,5,,,,,,battle/scene/bg_tower.jpg,config/big_hero/normal/img_94_gg@.png,{x=0;y=0},,,,1006,,90,450,450,,,,3,0,,,,,,,,,,,,,,,,,,,,,,,,,,,,,,,,,,,,,,,
1008,暴鲤龙,,,,config/portrait/jinglingtouxiang1/img_130_bll@.png,6,21,1,5,,,,,,battle/scene/bg_sd.jpg,config/big_hero/normal/img_130_bll@.png,{x=0;y=0},,,,1007,,100,500,500,,,,3,0,,,,,,,,,,,,,,,,,,,,,,,,,,,,,,,,,,,,,,,
1009,快龙,,,,config/portrait/jinglingtouxiang1/img_149_kl@.png,6,21,1,5,,,,,,battle/scene/bg_red.jpg,config/big_hero/normal/img_149_kl@.png,{x=0;y=0},,,,1008,,100,500,500,,,,3,0,,,,,,,,,,,,,,,,,,,,,,,,,,,,,,,,,,,,,,,
1010,急冻鸟,,,,config/portrait/jinglingtouxiang1/img_144_jdn@.png,6,21,1,5,,,,,,battle/scene/bg_grass.jpg,config/big_hero/normal/img_144_jdn@.png,{x=0;y=0},,,,1009,,100,500,500,,,,3,0,,,,,,,,,,,,,,,,,,,,,,,,,,,,,,,,,,,,,,,
1011,闪电鸟,,,,config/portrait/jinglingtouxiang1/img_145_sdn@.png,6,21,1,5,,,,,,battle/scene/bg_night.jpg,config/big_hero/normal/img_145_sdn@.png,{x=0;y=0},,,,1010,,100,500,500,,,,3,0,,,,,,,,,,,,,,,,,,,,,,,,,,,,,,,,,,,,,,,
1012,火焰鸟,,,,config/portrait/jinglingtouxiang1/img_146_hyn@.png,6,21,1,5,,,,,,battle/scene/bg_tower.jpg,config/big_hero/normal/img_146_hyn@.png,{x=0;y=0},,,,1011,,100,500,500,,,,3,0,,,,,,,,,,,,,,,,,,,,,,,,,,,,,,,,,,,,,,,
1013,蜥蜴王,,,,config/portrait/jinglingtouxiang1/img_254_xyw@.png,6,21,1,5,,,,,,battle/scene/bg_sd.jpg,config/big_hero/normal/img_254_xyw@.png,{x=0;y=0},,,,1012,,100,500,500,,,,3,0,,,,,,,,,,,,,,,,,,,,,,,,,,,,,,,,,,,,,,,
1014,请假王,,,,config/portrait/jinglingtouxiang1/img_289_qjw@.png,6,21,1,5,,,,,,battle/scene/bg_red.jpg,config/big_hero/normal/img_289_qjw@.png,{x=0;y=0},,,,1013,,100,500,500,,,,3,0,,,,,,,,,,,,,,,,,,,,,,,,,,,,,,,,,,,,,,,
1015,炎武王,,,,config/portrait/jinglingtouxiang1/img_500_yww@.png,6,21,1,5,,,,,,battle/scene/bg_grass.jpg,config/big_hero/normal/img_500_yww@.png,{x=0;y=0},,,,1014,,100,500,500,,,,3,0,,,,,,,,,,,,,,,,,,,,,,,,,,,,,,,,,,,,,,,
1016,雷公,,,,config/portrait/jinglingtouxiang1/img_243_lg@.png,6,21,1,5,,,,,,battle/scene/bg_night.jpg,config/big_hero/normal/img_243_lg@.png,{x=0;y=0},,,,1015,,100,500,500,,,,3,0,,,,,,,,,,,,,,,,,,,,,,,,,,,,,,,,,,,,,,,
1017,炎帝,,,,config/portrait/jinglingtouxiang1/img_244_yd@.png,6,21,1,5,,,,,,battle/scene/bg_tower.jpg,config/big_hero/normal/img_244_yd@.png,{x=0;y=0},,,,1016,,100,500,500,,,,3,0,,,,,,,,,,,,,,,,,,,,,,,,,,,,,,,,,,,,,,,
1018,水君,,,,config/portrait/jinglingtouxiang1/img_245_sj@.png,6,21,1,5,,,,,,battle/scene/bg_sd.jpg,config/big_hero/normal/img_245_sj@.png,{x=0;y=0},,,,1017,,100,500,500,,,,3,0,,,,,,,,,,,,,,,,,,,,,,,,,,,,,,,,,,,,,,,
1019,梦幻,,,,config/portrait/jinglingtouxiang1/img_151_mh@.png,6,21,1,5,,,,,,battle/scene/bg_red.jpg,config/big_hero/normal/img_151_mh@.png,{x=0;y=0},,,,1018,,100,500,500,,,,3,0,,,,,,,,,,,,,,,,,,,,,,,,,,,,,,,,,,,,,,,
1020,超梦,,,,config/portrait/jinglingtouxiang1/img_150_cm@.png,6,21,1,5,,,,,,battle/scene/bg_night.jpg,config/big_hero/normal/img_150_cm@.png,{x=0;y=0},,,,1019,,100,500,500,,,,3,0,,,,,,,,,,,,,,,,,,,,,,,,,,,,,,,,,,,,,,,
1021,自爆磁怪,,,,config/portrait/jinglingtouxiang1/img_462_zbcg@.png,6,21,1,5,,,,,,battle/scene/bg_tower.jpg,config/big_hero/normal/img_462_zbcg@.png,{x=0;y=0},,,,1020,,100,500,500,,,,3,0,,,,,,,,,,,,,,,,,,,,,,,,,,,,,,,,,,,,,,,
1022,超甲狂犀,,,,config/portrait/jinglingtouxiang1/img_464_cjkx@.png,6,21,1,5,,,,,,battle/scene/bg_sd.jpg,config/big_hero/normal/img_464_cjkx@.png,{x=0;y=0},,,,1021,,100,500,500,,,,3,0,,,,,,,,,,,,,,,,,,,,,,,,,,,,,,,,,,,,,,,
1023,巨钳螳螂,,,,config/portrait/jinglingtouxiang1/img_212_jqtl@.png,6,21,1,5,,,,,,battle/scene/bg_red.jpg,config/big_hero/normal/img_212_jqtl@.png,{x=0;y=0},,,,1022,,100,500,500,,,,3,0,,,,,,,,,,,,,,,,,,,,,,,,,,,,,,,,,,,,,,,
1024,鸭嘴炎兽,,,,config/portrait/jinglingtouxiang1/img_467_yzys@.png,6,21,1,5,,,,,,battle/scene/bg_night.jpg,config/big_hero/normal/img_467_yzys@.png,{x=0;y=0},,,,1023,,100,500,500,,,,3,0,,,,,,,,,,,,,,,,,,,,,,,,,,,,,,,,,,,,,,,
1025,电龙,,,,config/portrait/jinglingtouxiang1/img_181_dl@.png,6,21,1,5,,,,,,battle/scene/bg_tower.jpg,config/big_hero/normal/img_181_dl@.png,{x=0;y=0},,,,1024,,100,500,500,,,,3,0,,,,,,,,,,,,,,,,,,,,,,,,,,,,,,,,,,,,,,,
1026,赫拉克罗斯,,,,config/portrait/jinglingtouxiang1/img_214_hlkls@.png,6,21,1,5,,,,,,battle/scene/bg_sd.jpg,config/big_hero/normal/img_214_hlkls@.png,{x=0;y=0},,,,1025,,100,500,500,,,,3,0,,,,,,,,,,,,,,,,,,,,,,,,,,,,,,,,,,,,,,,
1027,玛狃拉,,,,config/portrait/jinglingtouxiang1/img_461_mnl@.png,6,21,1,5,,,,,,battle/scene/bg_red.jpg,config/big_hero/normal/img_461_mnl@.png,{x=0;y=0},,,,1026,,100,500,500,,,,3,0,,,,,,,,,,,,,,,,,,,,,,,,,,,,,,,,,,,,,,,
1028,黑鲁加,,,,config/portrait/jinglingtouxiang1/img_229_hlj@.png,6,21,1,5,,,,,,battle/scene/bg_night.jpg,config/big_hero/normal/img_229_hlj@.png,{x=0;y=0},,,,1027,,100,500,500,,,,3,0,,,,,,,,,,,,,,,,,,,,,,,,,,,,,,,,,,,,,,,
1029,班基拉斯,,,,config/portrait/jinglingtouxiang1/img_248_bjls@.png,6,21,1,5,,,,,,battle/scene/bg_tower.jpg,config/big_hero/normal/img_248_bjls@.png,{x=0;y=0},,,,1028,,100,500,500,,,,3,0,,,,,,,,,,,,,,,,,,,,,,,,,,,,,,,,,,,,,,,
1030,雷吉洛克,,,,config/portrait/jinglingtouxiang1/img_377_ljlk@.png,6,21,1,5,,,,,,battle/scene/bg_tower.jpg,config/big_hero/normal/img_377_ljlk@.png,{x=0;y=0},,,,1029,,100,500,500,,,,3,0,,,,,,,,,,,,,,,,,,,,,,,,,,,,,,,,,,,,,,,
1031,雷吉艾斯,,,,config/portrait/jinglingtouxiang1/img_378_ljas@.png,6,21,1,5,,,,,,battle/scene/bg_tower.jpg,config/big_hero/normal/img_378_ljas@.png,{x=0;y=0},,,,1030,,100,500,500,,,,3,0,,,,,,,,,,,,,,,,,,,,,,,,,,,,,,,,,,,,,,,
1032,雷吉斯奇鲁,,,,config/portrait/jinglingtouxiang1/img_379_ljsql@.png,6,21,1,5,,,,,,battle/scene/bg_tower.jpg,config/big_hero/normal/img_379_ljsql@.png,{x=0;y=0},,,,1031,,100,500,500,,,,3,0,,,,,,,,,,,,,,,,,,,,,,,,,,,,,,,,,,,,,,,
1033,大钢蛇,,,,config/portrait/jinglingtouxiang1/img_208_dgs@.png,6,21,1,5,,,,,,battle/scene/bg_tower.jpg,config/big_hero/normal/img_208_dgs@.png,{x=0;y=0},,,,1032,,100,500,500,,,,3,0,,,,,,,,,,,,,,,,,,,,,,,,,,,,,,,,,,,,,,,
1034,巨金怪,,,,config/portrait/jinglingtouxiang1/img_376_jjg@.png,6,21,1,5,,,,,,battle/scene/bg_tower.jpg,config/big_hero/normal/img_376_jjg@.png,{x=0;y=0},,,,1033,,100,500,500,,,,3,0,,,,,,,,,,,,,,,,,,,,,,,,,,,,,,,,,,,,,,,
1035,双斧战龙,,,,config/portrait/jinglingtouxiang1/img_612_sfzl@.png,6,21,1,5,,,,,,battle/scene/bg_tower.jpg,config/big_hero/normal/img_612_sfzl@.png,{x=0;y=0},,,,1034,,100,500,500,,,,3,0,,,,,,,,,,,,,,,,,,,,,,,,,,,,,,,,,,,,,,,
1036,路卡利欧,,,,config/portrait/jinglingtouxiang1/img_448_lklo@.png,6,21,1,5,,,,,,battle/scene/bg_tower.jpg,config/big_hero/normal/img_448_lklo@.png,{x=0;y=0},,,,1035,,100,500,500,,,,3,0,,,,,,,,,,,,,,,,,,,,,,,,,,,,,,,,,,,,,,,
1037,盖欧卡,,,,config/portrait/jinglingtouxiang1/img_382_gok@.png,6,21,1,5,,,,,,battle/scene/bg_tower.jpg,config/big_hero/normal/img_382_gok@.png,{x=0;y=0},,,,1036,,100,500,500,,,,3,0,,,,,,,,,,,,,,,,,,,,,,,,,,,,,,,,,,,,,,,
1038,固拉多,,,,config/portrait/jinglingtouxiang1/img_383_gld@.png,6,21,1,5,,,,,,battle/scene/bg_tower.jpg,config/big_hero/normal/img_383_gld@.png,{x=0;y=0},,,,1037,,100,500,500,,,,3,0,,,,,,,,,,,,,,,,,,,,,,,,,,,,,,,,,,,,,,,
1039,裂空座,,,,config/portrait/jinglingtouxiang1/img_384_lkz@.png,6,21,1,5,,,,,,battle/scene/bg_tower.jpg,config/big_hero/normal/img_384_lkz@.png,{x=0;y=0},,,,1038,,100,500,500,,,,3,0,,,,,,,,,,,,,,,,,,,,,,,,,,,,,,,,,,,,,,,
1040,炽焰咆哮虎,,,,config/portrait/jinglingtouxiang1/img_727_cypxh@.png,6,21,1,5,,,,,,battle/scene/bg_tower.jpg,config/big_hero/normal/img_727_cypxh@.png,{x=0;y=0},,,,1039,,100,500,500,,,,3,0,,,,,,,,,,,,,,,,,,,,,,,,,,,,,,,,,,,,,,,
1041,拉帝亚斯,,,,config/portrait/jinglingtouxiang1/img_380_ldys@.png,6,21,1,5,,,,,,battle/scene/bg_tower.jpg,config/big_hero/normal/img_380_ldys@.png,{x=0;y=0},,,,1040,,100,500,500,,,,3,0,,,,,,,,,,,,,,,,,,,,,,,,,,,,,,,,,,,,,,,
1042,拉帝欧斯,,,,config/portrait/jinglingtouxiang1/img_381_ldos@.png,6,21,1,5,,,,,,battle/scene/bg_tower.jpg,config/big_hero/normal/img_381_ldos@.png,{x=0;y=0},,,,1041,,100,500,500,,,,3,0,,,,,,,,,,,,,,,,,,,,,,,,,,,,,,,,,,,,,,,
1043,凤王,,,,config/portrait/jinglingtouxiang1/img_250_fw@.png,6,21,1,5,,,,,,battle/scene/bg_tower.jpg,config/big_hero/normal/img_250_fw@.png,{x=0;y=0},,,,1042,,100,500,500,,,,3,0,,,,,,,,,,,,,,,,,,,,,,,,,,,,,,,,,,,,,,,
1044,蒂安希,,,,config/portrait/jinglingtouxiang1/img_719_dax@.png,6,21,1,5,,,,,,battle/scene/bg_tower.jpg,config/big_hero/normal/img_719_dax@.png,{x=0;y=0},,,,1043,,100,500,500,,,,3,0,,,,,,,,,,,,,,,,,,,,,,,,,,,,,,,,,,,,,,,
1045,勾帕路翁,,,,config/portrait/jinglingtouxiang1/img_638_gplw@.png,6,21,1,5,,,,,,battle/scene/bg_tower.jpg,config/big_hero/normal/img_638_gplw@.png,{x=0;y=0},,,,1044,,100,500,500,,,,3,0,,,,,,,,,,,,,,,,,,,,,,,,,,,,,,,,,,,,,,,
1046,代拉基翁,,,,config/portrait/jinglingtouxiang1/img_639_dljw@.png,6,21,1,5,,,,,,battle/scene/bg_tower.jpg,config/big_hero/normal/img_639_dljw@.png,{x=0;y=0},,,,1045,,100,500,500,,,,3,0,,,,,,,,,,,,,,,,,,,,,,,,,,,,,,,,,,,,,,,
1047,毕力吉翁,,,,config/portrait/jinglingtouxiang1/img_640_bljw@.png,6,21,1,5,,,,,,battle/scene/bg_tower.jpg,config/big_hero/normal/img_640_bljw@.png,{x=0;y=0},,,,1046,,100,500,500,,,,3,0,,,,,,,,,,,,,,,,,,,,,,,,,,,,,,,,,,,,,,,
1048,莱希拉姆,,,,config/portrait/jinglingtouxiang1/img_643_lxlm@.png,6,21,1,5,,,,,,battle/scene/bg_tower.jpg,config/big_hero/normal/img_643_lxlm@.png,{x=0;y=0},,,,1047,,100,500,500,,,,3,0,,,,,,,,,,,,,,,,,,,,,,,,,,,,,,,,,,,,,,,
1049,捷克罗姆,,,,config/portrait/jinglingtouxiang1/img_644_jklm@.png,6,21,1,5,,,,,,battle/scene/bg_tower.jpg,config/big_hero/normal/img_644_jklm@.png,{x=0;y=0},,,,1048,,100,500,500,,,,3,0,,,,,,,,,,,,,,,,,,,,,,,,,,,,,,,,,,,,,,,
1050,梦妖魔,,,,config/portrait/jinglingtouxiang1/img_429_mym@.png,6,21,1,5,,,,,,battle/scene/bg_tower.jpg,config/big_hero/normal/img_429_mym@.png,{x=0;y=0},,,,1049,,100,500,500,,,,3,0,,,,,,,,,,,,,,,,,,,,,,,,,,,,,,,,,,,,,,,
1051,虚吾伊德,,,,config/portrait/jinglingtouxiang1/img_793_xwyd@.png,6,21,1,5,,,,,,battle/scene/bg_tower.jpg,config/big_hero/normal/img_793_xwyd@.png,{x=0;y=0},,,,1050,,100,500,500,,,,3,0,,,,,,,,,,,,,,,,,,,,,,,,,,,,,,,,,,,,,,,
1052,爆肌蚊,,,,config/portrait/jinglingtouxiang1/img_794_bjw@.png,6,21,1,5,,,,,,battle/scene/bg_tower.jpg,config/big_hero/normal/img_794_bjw@.png,{x=0;y=0},,,,1051,,100,500,500,,,,3,0,,,,,,,,,,,,,,,,,,,,,,,,,,,,,,,,,,,,,,,
1053,费洛美螂,,,,config/portrait/jinglingtouxiang1/img_795_flml@.png,6,21,1,5,,,,,,battle/scene/bg_tower.jpg,config/big_hero/normal/img_795_flml@.png,{x=0;y=0},,,,1052,,100,500,500,,,,3,0,,,,,,,,,,,,,,,,,,,,,,,,,,,,,,,,,,,,,,,
1054,电束木,,,,config/portrait/jinglingtouxiang1/img_796_dsm@.png,6,21,1,5,,,,,,battle/scene/bg_tower.jpg,config/big_hero/normal/img_796_dsm@.png,{x=0;y=0},,,,1053,,100,500,500,,,,3,0,,,,,,,,,,,,,,,,,,,,,,,,,,,,,,,,,,,,,,,
1055,铁火辉夜,,,,config/portrait/jinglingtouxiang1/img_797_thhy@.png,6,21,1,5,,,,,,battle/scene/bg_tower.jpg,config/big_hero/normal/img_797_thhy@.png,{x=0;y=0},,,,1054,,100,500,500,,,,3,0,,,,,,,,,,,,,,,,,,,,,,,,,,,,,,,,,,,,,,,
1056,纸御剑,,,,config/portrait/jinglingtouxiang1/img_798_zyj@.png,6,21,1,5,,,,,,battle/scene/bg_tower.jpg,config/big_hero/normal/img_798_zyj@.png,{x=0;y=0},,,,1055,,100,500,500,,,,3,0,,,,,,,,,,,,,,,,,,,,,,,,,,,,,,,,,,,,,,,
1057,四颚针龙,,,,config/portrait/jinglingtouxiang1/img_804_sezl@.png,6,21,1,5,,,,,,battle/scene/bg_tower.jpg,config/big_hero/normal/img_804_sezl@.png,{x=0;y=0},,,,1056,,100,500,500,,,,3,0,,,,,,,,,,,,,,,,,,,,,,,,,,,,,,,,,,,,,,,
1058,垒磊石,,,,config/portrait/jinglingtouxiang1/img_805_lls@.png,6,21,1,5,,,,,,battle/scene/bg_tower.jpg,config/big_hero/normal/img_805_lls@.png,{x=0;y=0},,,,1057,,100,500,500,,,,3,0,,,,,,,,,,,,,,,,,,,,,,,,,,,,,,,,,,,,,,,
1059,砰头小丑,,,,config/portrait/jinglingtouxiang1/img_806_ptxc@.png,6,21,1,5,,,,,,battle/scene/bg_tower.jpg,config/big_hero/normal/img_806_ptxc@.png,{x=0;y=0},,,,1058,,100,500,500,,,,3,0,,,,,,,,,,,,,,,,,,,,,,,,,,,,,,,,,,,,,,,
10101,真新镇,,<{advance=1;unitId=60301;level=1};{advance=1;unitId=60301;level=1}>,<{advance=1;unitId=180302;level=1}>,,,4,2,,,,,,,battle/scene/bg_xcdg.jpg,config/big_hero/normal/img_75_lls@.png,,11,,,,<{key=1;value=1};{key=2;value=2};{key=3;value=6}>,1,,,,,,,6,30,6,{5000=0;5001=0},875,从大木博士那里拿到了精灵，那么开始试试吧？,{11=1},{11=2},,,,1,,{x=966;y=936},,<<966;936>>,,,,1,,,,,,,,,,,,,,,,,,,,
10102,真新镇,,<{advance=1;unitId=53291;level=1};{advance=1;unitId=53291;level=1}>,<{advance=1;unitId=180601;level=1}>,config/portrait/simple/img_240_yzbb@.png,,4,2,,,,,,,battle/scene/bg_zz.jpg,config/big_hero/normal/img_240_yzbb@.png,,11,,,,<{key=1;value=1};{key=2;value=2};{key=3;value=6}>,1,4,4,,,,,6,30,6,{5000=0;5002=0},875,回到家中，等待的人是？,{11=1},{11=2},,,,1,{5000=10;gold=20000;rmb=20},{x=690;y=782},{y=573;x=836},<<966;936>;<690;782>>,,,,1,,,,,,,,,,,,,,,,,,,,
10103,真新镇,,<{advance=1;unitId=50781;level=2};{advance=1;unitId=60541;level=2};{advance=1;unitId=50781;level=2}>,<{advance=1;unitId=181293;level=2}>,,,4,2,,,,,,,battle/scene/bg_xcdg.jpg,config/big_hero/normal/img_254_xyw@.png,,11,,,,<{key=1;value=1};{key=2;value=2};{key=3;value=6}>,2,7,7,,,,,6,30,6,{5000=0;5003=0},875,第一次冒险，崭新的开始,{11=1},{11=2},,,,1,,{x=1118;y=624},,<<690;782>;<836;573>;<1118;624>>,,,,1,,,,,,,,,,,,,,,,,,,,
10104,真新镇,,<{advance=1;unitId=53011;level=3};{advance=1;unitId=53012;level=3};{advance=1;unitId=53011;level=3}>,<{advance=1;unitId=183472;level=3}>,config/portrait/simple/img_693_gpbx@.png,,4,2,,,,,,,battle/scene/bg_zz.jpg,config/big_hero/normal/img_693_gpbx@.png,,11,,,,<{key=1;value=1};{key=2;value=2};{key=3;value=6}>,3,12,12,,,,,6,30,6,{5000=0;5001=0},875,忽然出现的神秘少女，她是谁,{11=1},{11=2},,,,,{5001=1;5002=1;5003=1;rmb=10},{x=1415;y=582},{y=724;x=1584},<<1118;624>;<1415;582>>,,,,,,,,,,,,,,,,,,,,,,,,
10105,真新镇,,<>,<{advance=1;unitId=183303;level=3}>,config/portrait/simple/img_658_jhrw@.png,,4,2,,,,,,,battle/scene/bg_zz.jpg,config/big_hero/normal/img_658_jhrw@.png,,11,,,,<{key=1;value=1};{key=2;value=2};{key=3;value=6}>,3,20,20,,,,,6,30,6,{5000=0;5002=0},875,突如其来的危机，名叫“霸主”的精灵,{11=1},{11=2},,,,,,{x=1918;y=742},,<<1415;582>;<1584;724>;<1918;742>>,,,,,,,,,,,,,,,,,,,,,,,,
10201,神秘部落,,<{advance=1;unitId=53472;level=4};{advance=1;unitId=53472;level=4}>,<{advance=1;unitId=70232;level=4}>,,,4,2,,,,,,,battle/scene/bg_xcdg.jpg,config/big_hero/normal/img_57_hbh@.png,,12,,,,<{key=1;value=1};{key=2;value=2};{key=3;value=6}>,4,23,23,,,,,6,30,6,{5000=0;5001=0},910,未知的神秘部落,{11=2},{11=3},,,,1,,{x=1398;y=273},,<<1398;273>>,,,,1,,,,,,,,,,,,,,,,,,,,
10202,神秘部落,,<{advance=1;unitId=60541;level=4};{advance=1;unitId=50791;level=4};{advance=1;unitId=60541;level=4}>,<{advance=1;unitId=70803;level=4}>,config/portrait/simple/img_160_dle@.png,,4,2,,,,,,,battle/scene/bg_zz.jpg,config/big_hero/normal/img_160_dle@.png,,12,,,,<{key=1;value=1};{key=2;value=2};{key=3;value=6}>,4,25,25,,,,,6,30,6,{5000=0;5001=0},910,拦路的凶兽，其真面目是？,{11=2},{11=3},,,,,{5001=1;5002=1;5003=1;rmb=10},{x=1099;y=383},{y=601;x=763},<<1398;273>;<1273;329>;<1099;383>>,,,,,,,,,,,,,,,,,,,,,,,,
10203,神秘部落,,<{advance=1;unitId=61861;level=4};{advance=1;unitId=61861;level=4}>,<{advance=1;unitId=70632;level=4}>,,,4,2,,,,,,,battle/scene/bg_xcdg.jpg,config/big_hero/normal/img_130_bll@.png,,12,,,,<{key=1;value=1};{key=2;value=2};{key=3;value=6}>,4,27,27,,,,,6,30,6,{5000=0;5002=0},910,,{11=2},{11=3},,,,1,,{x=815;y=834},,<<1099;383>;<763;601>;<639;697>;<815;834>>,,,,1,,,,,,,,,,,,,,,,,,,,
10204,神秘部落,,<{advance=1;unitId=50021;level=5};{advance=1;unitId=60001;level=5};{advance=1;unitId=50011;level=5}>,<{advance=1;unitId=70092;level=5}>,config/portrait/simple/img_25_pkq@.png,,4,2,,,,,,,battle/scene/bg_zz.jpg,config/big_hero/normal/img_25_pkq@.png,,12,,,,<{key=1;value=1};{key=2;value=2};{key=3;value=6}>,5,29,29,,,,,6,30,6,{5000=0;5002=0},910,奇怪的记者大姐姐,{11=2},{11=3},,,,,{5001=1;5002=1;5003=1;rmb=10},{x=1257;y=1052},{y=909;x=1424},<<815;834>;<1052;901>;<1159;1018>;<1257;1052>>,,,,,,,,,,,,,,,,,,,,,,,,
10205,神秘部落,,<{advance=1;unitId=50451;level=5};{advance=1;unitId=50451;level=5}>,<{advance=1;unitId=73293;level=5}>,,,4,2,,,,,,,battle/scene/bg_xcdg.jpg,config/big_hero/normal/img_655_yhhh@.png,,12,,,,<{key=1;value=1};{key=2;value=2};{key=3;value=6}>,5,31,31,,,,,6,30,6,{5000=0;5003=0},910,祭典之前的试验,{11=2},{11=3},,,,1,,{x=1554;y=801},,<<1257;1052>;<1373;1085>;<1552;998>;<1424;909>;<1442;818>;<1554;801>>,,,,1,,,,,,,,,,,,,,,,,,,,
10206,神秘部落,,<>,<{advance=2;unitId=181303;level=6}>,config/portrait/simple/img_257_hyj@.png,,4,2,,,,,,,battle/scene/bg_xcdg.jpg,config/big_hero/normal/img_257_hyj@.png,,12,,,,<{key=1;value=1};{key=2;value=2};{key=3;value=6}>,6,33,33,,,,,6,30,6,{5000=0;5003=0},910,祭典最终的对手,{11=2},{11=3},,,,,,{x=1760;y=963},,<<1554;801>;<1725;871>;<1760;963>>,,,,,,,,,,,,,,,,,,,,,,,,
10301,废弃城市,,<{advance=1;unitId=50111;level=7};{advance=1;unitId=50121;level=7}>,<{advance=2;unitId=70122;level=7}>,,,4,2,,,,,,,battle/scene/bg_xcdg.jpg,config/big_hero/normal/img_33_ndln@.png,,13,,,,<{key=1;value=1};{key=2;value=2};{key=3;value=6}>,7,36,36,,,,,6,35,6,{5000=0;5001=0},945,不会是有幽灵吧？,{12=1},{11=1;12=1},,,,1,,{x=1992;y=623},,<<1992;623>>,,,,1,,,,,,,,,,,,,,,,,,,,
10302,废弃城市,,<{advance=1;unitId=50281;level=8};{advance=1;unitId=60281;level=8};{advance=1;unitId=50281;level=8}>,<{advance=2;unitId=71293;level=8}>,config/portrait/simple/img_254_xyw@.png,,4,2,,,,,,,battle/scene/bg_xcdg.jpg,config/big_hero/normal/img_254_xyw@.png,,13,,,,<{key=1;value=1};{key=2;value=2};{key=3;value=6}>,8,39,39,,,,,6,35,6,{5000=0;5001=0},945,,{12=1},{11=1;12=1},,,,,{5001=2;5002=2;5003=2;rmb=10},{x=1785;y=424},{y=345;x=1519},<<1992;623>;<1785;424>>,,,,,,,,,,,,,,,,,,,,,,,,
10303,废弃城市,,<{advance=1;unitId=52012;level=8};{advance=1;unitId=52012;level=8};{advance=1;unitId=60191;level=8};{advance=1;unitId=60191;level=8}>,<{advance=2;unitId=71353;level=8}>,,,4,2,,,,,,,battle/scene/bg_xcdg.jpg,config/big_hero/normal/img_272_ltht@.png,,13,,,,<{key=1;value=1};{key=2;value=2};{key=3;value=6}>,8,42,42,,,,,6,35,6,{5000=0;5001=0},945,,{12=1},{11=1;12=1},,,,,,{x=1226;y=412},,<<1785;424>;<1519;345>;<1226;412>>,,,,,,,,,,,,,,,,,,,,,,,,
10304,废弃城市,,<{advance=1;unitId=50332;level=8}>,<{advance=2;unitId=70771;level=8}>,config/portrait/simple/img_151_mh@.png,,4,2,,,,,,,battle/scene/bg_xcdg.jpg,config/big_hero/normal/img_151_mh@.png,,13,,,,<{key=1;value=1};{key=2;value=2};{key=3;value=6}>,8,45,45,,,,,6,35,6,{5000=0;5002=0},945,那声音，似乎是传闻中的幻之精灵，为什么会在这里遇到？,{12=1},{11=1;12=1},,,,1,{5001=2;5002=2;5003=2;rmb=10},{x=985;y=442},{y=559;x=676},<<1226;412>;<985;442>>,,,,1,,,,,,,,,,,,,,,,,,,,
10305,废弃城市,,<{advance=1;unitId=60102;level=9};{advance=1;unitId=60102;level=9};{advance=1;unitId=50451;level=9};{advance=1;unitId=50451;level=9}>,<{advance=2;unitId=70192;level=9}>,,,4,2,,,,,,,battle/scene/bg_xcdg.jpg,config/big_hero/normal/img_49_mle@.png,,13,,,,<{key=1;value=1};{key=2;value=2};{key=3;value=6}>,9,48,48,,,,,6,35,6,{5000=0;5002=0},945,,{12=1},{11=1;12=1},,,,,,{x=500;y=646},,<<985;442>;<676;559>;<500;646>>,,,,,,,,,,,,,,,,,,,,,,,,
10306,废弃城市,,<{advance=1;unitId=50052;level=9};{advance=1;unitId=60262;level=9};{advance=1;unitId=50052;level=9}>,<{advance=2;unitId=73283;level=9}>,config/portrait/simple/img_652_blkl@.png,,4,2,,,,,,,battle/scene/bg_xcdg.jpg,config/big_hero/normal/img_652_blkl@.png,,13,,,,<{key=1;value=1};{key=2;value=2};{key=3;value=6}>,9,51,51,,,,,6,35,6,{5000=0;5002=0},945,,{12=1},{11=1;12=1},,,,,{5001=2;5002=2;5003=2;rmb=10},{x=676;y=896},{y=830;x=963},<<500;646>;<646;730>;<676;896>>,,,,,,,,,,,,,,,,,,,,,,,,
10307,废弃城市,,<{advance=1;unitId=50451;level=10};{advance=1;unitId=50451;level=10};{advance=1;unitId=60263;level=10};{advance=1;unitId=60263;level=10}>,<{advance=2;unitId=70263;level=10}>,,,4,2,,,,,,,battle/scene/bg_xcdg.jpg,config/big_hero/normal/img_65_hd@.png,,13,,,,<{key=1;value=1};{key=2;value=2};{key=3;value=6}>,10,54,54,,,,,6,35,6,{5000=0;5003=0},945,,{12=1},{11=1;12=1},,,,1,,{x=1192;y=788},,<<676;896>;<883;976>;<985;915>;<963;830>;<1192;788>>,,,,1,,,,,,,,,,,,,,,,,,,,
10308,废弃城市,,<>,<{advance=2;unitId=180761;level=10}>,config/portrait/simple/img_150_cm@.png,,4,2,,,,,,,battle/scene/bg_xcdg.jpg,config/big_hero/normal/img_150_cm@.png,,13,,,,<{key=1;value=1};{key=2;value=2};{key=3;value=6}>,10,57,57,,,,,6,35,6,{5000=0;5003=0},945,“我是谁，我究竟为何而生存”,{12=1},{11=1;12=1},,,,,,{x=1370;y=940},,<<1192;788>;<1370;772>;<1522;853>;<1370;940>>,,,,,,,,,,,,,,,,,,,,,,,,
10401,度假岛,,<{advance=2;unitId=60022;level=11};{advance=2;unitId=60022;level=11}>,<{advance=3;unitId=70012;level=11}>,,,4,2,,,,,,,battle/scene/bg_xcdg.jpg,config/big_hero/normal/img_5_hkl@.png,,14,,,,<{key=1;value=1};{key=2;value=2};{key=3;value=6}>,11,60,60,,,,,6,40,6,{5000=0;5002=0;5003=0;5004=0},980,去放松心情吧！,{11=1;12=1},{11=2;12=1},,,,1,,{x=1075;y=1125},,<<1075;1125>>,,,,1,,,,,,,,,,,,,,,,,,,,
10402,度假岛,,<{advance=2;unitId=50011;level=11};{advance=2;unitId=50011;level=11}>,<{advance=3;unitId=73342;level=11}>,config/portrait/simple/img_668_hys@.png,,4,2,,,,,,,battle/scene/bg_xcdg.jpg,config/big_hero/normal/img_668_hys@.png,,14,,,,<{key=1;value=1};{key=2;value=2};{key=3;value=6}>,11,63,63,,,,,6,40,6,{5000=0;5002=0;5003=0;5004=0},980,,{11=1;12=1},{11=2;12=1},,,,,{5004=2;gold=10000;rmb=10},{x=1375;y=1036},{y=954;x=1161},<<1075;1125>;<1375;1036>>,,,,,,,,,,,,,,,,,,,,,,,,
10403,度假岛,,<{advance=2;unitId=50601;level=12};{advance=2;unitId=50601;level=12}>,<{advance=3;unitId=70793;level=12}>,,,4,2,,,,,,,battle/scene/bg_xcdg.jpg,config/big_hero/normal/img_157_hbs@.png,,14,,,,<{key=1;value=1};{key=2;value=2};{key=3;value=6}>,12,66,66,,,,,6,40,6,{5000=0;5002=0;5003=0;5004=0},980,,{11=1;12=1},{11=2;12=1},,,,,,{x=703;y=842},,<<1375;1036>;<1161;954>;<855;799>;<703;842>>,,,,,,,,,,,,,,,,,,,,,,,,
10404,度假岛,,<{advance=2;unitId=53292;level=13}>,<{advance=3;unitId=70741;level=13}>,config/portrait/simple/img_146_hyn@.png,,4,2,,,,,,,battle/scene/bg_xcdg.jpg,config/big_hero/normal/img_146_hyn@.png,,14,,,,<{key=1;value=1};{key=2;value=2};{key=3;value=6}>,13,69,69,,,,,6,40,6,{5000=0;5001=0;5003=0;5005=0},980,重逢的劲敌,{11=1;12=1},{11=2;12=1},,,,1,{5005=2;gold=10000;rmb=10},{x=895;y=663},{y=421;x=703},<<703;842>;<895;663>>,,,,1,,,,,,,,,,,,,,,,,,,,
10405,度假岛,,<{advance=2;unitId=63291;level=13};{advance=2;unitId=63291;level=13}>,<{advance=3;unitId=71612;level=13}>,,,4,2,,,,,,,battle/scene/bg_xcdg.jpg,config/big_hero/normal/img_323_pht@.png,,14,,,,<{key=1;value=1};{key=2;value=2};{key=3;value=6}>,13,72,72,,,,,6,40,6,{5000=0;5001=0;5003=0;5005=0},980,,{11=1;12=1},{11=2;12=1},,,,,,{x=1010;y=268},,<<895;663>;<719;532>;<703;421>;<734;280>;<1010;268>>,,,,,,,,,,,,,,,,,,,,,,,,
10406,度假岛,,<{advance=2;unitId=51611;level=14};{advance=2;unitId=61611;level=14};{advance=2;unitId=51611;level=14}>,<{advance=3;unitId=70603;level=14}>,config/portrait/simple/img_467_yzys@.png,,4,2,,,,,,,battle/scene/bg_xcdg.jpg,config/big_hero/normal/img_467_yzys@.png,,14,,,,<{key=1;value=1};{key=2;value=2};{key=3;value=6}>,14,75,75,,,,,6,40,6,{5000=0;5001=0;5003=0;5005=0},980,,{11=1;12=1},{11=2;12=1},,,,,{5006=2;gold=10000;rmb=10},{x=1331;y=343},{y=451;x=1510},<<1010;268>;<1331;343>>,,,,,,,,,,,,,,,,,,,,,,,,
10407,度假岛,,<{advance=2;unitId=53341;level=14};{advance=2;unitId=53341;level=14}>,<{advance=3;unitId=71303;level=14}>,,,4,2,,,,,,,battle/scene/bg_xcdg.jpg,config/big_hero/normal/img_257_hyj@.png,,14,,,,<{key=1;value=1};{key=2;value=2};{key=3;value=6}>,14,78,78,,,,,6,40,6,{5000=0;5001=0;5002=0;5006=0},980,,{11=1;12=1},{11=2;12=1},,,,1,,{x=1637;y=576},,<<1331;343>;<1510;451>;<1637;576>>,,,,1,,,,,,,,,,,,,,,,,,,,
10408,度假岛,,<>,<{advance=3;unitId=181271;level=15}>,config/portrait/simple/img_250_fw@.png,,4,2,,,,,,,battle/scene/bg_xcdg.jpg,config/big_hero/normal/img_250_fw@.png,,14,,,,<{key=1;value=1};{key=2;value=2};{key=3;value=6}>,15,81,81,,,,,6,40,6,{5000=0;5001=0;5002=0;5006=0},980,据说，遇到凤王会有好运！,{11=1;12=1},{11=2;12=1},,,,,,{x=1907;y=620},,<<1637;576>;<1907;620>>,,,,,,,,,,,,,,,,,,,,,,,,
10501,砂石镇,,<{advance=2;unitId=60461;level=16};{advance=2;unitId=60461;level=16}>,<{advance=4;unitId=73562;level=16}>,,,4,,,,,,,,battle/scene/bg_xcdg.jpg,config/big_hero/normal/img_709_xmy@.png,,15,,,,<{key=1;value=1};{key=2;value=2};{key=3;value=6}>,16,84,84,,,,,6,45,6,{5000=0;5004=0},1015,黄沙之下，是贵重的矿山,{11=2;12=1},{11=1;12=2},,,,1,,{x=443;y=824},,<<443;824>>,,,,1,,,,,,,,,,,,,,,,,,,,
10502,砂石镇,,<{advance=2;unitId=62271;level=16};{advance=2;unitId=62271;level=16}>,<{advance=4;unitId=73353;level=16}>,config/portrait/simple/img_671_hjfr@.png,,4,,,,,,,,battle/scene/bg_xcdg.jpg,config/big_hero/normal/img_671_hjfr@.png,,15,,,,<{key=1;value=1};{key=2;value=2};{key=3;value=6}>,16,87,87,,,,,6,45,6,{5000=0;5004=0},1015,,{11=2;12=1},{11=1;12=2},,,,,{5004=3;gold=10000;rmb=10},{x=740;y=675},{y=582;x=579},<<443;824>;<740;675>>,,,,,,,,,,,,,,,,,,,,,,,,
10503,砂石镇,,<{advance=2;unitId=63431;level=17};{advance=2;unitId=63431;level=17}>,<{advance=4;unitId=70891;level=17}>,,,4,,,,,,,,battle/scene/bg_xcdg.jpg,config/big_hero/normal/img_298_lll@.png,,15,,,,<{key=1;value=1};{key=2;value=2};{key=3;value=6}>,17,91,91,,,,,6,45,6,{5000=0;5004=0},1015,,{11=2;12=1},{11=1;12=2},,,,,,{x=876;y=484},,<<740;675>;<579;582>;<876;484>>,,,,,,,,,,,,,,,,,,,,,,,,
10504,砂石镇,,<{advance=2;unitId=53281;level=18};{advance=2;unitId=60692;level=18};{advance=2;unitId=53281;level=18}>,<{advance=4;unitId=71813;level=18}>,config/portrait/simple/img_477_hyml@.png,,4,,,,,,,,battle/scene/bg_xcdg.jpg,config/big_hero/normal/img_477_hyml@.png,,15,,,,<{key=1;value=1};{key=2;value=2};{key=3;value=6}>,18,94,94,,,,,6,45,6,{5000=0;5004=0},1015,似乎是见鬼了！,{11=2;12=1},{11=1;12=2},,,,,{5005=3;gold=10000;rmb=10},{x=1164;y=372},{y=298;x=1442},<<876;484>;<1164;372>>,,,,,,,,,,,,,,,,,,,,,,,,
10505,砂石镇,,<{advance=2;unitId=60392;level=18};{advance=2;unitId=60392;level=18}>,<{advance=4;unitId=70131;level=18}>,,,4,,,,,,,,battle/scene/bg_xcdg.jpg,config/big_hero/normal/img_173_pbb@.png,,15,,,,<{key=1;value=1};{key=2;value=2};{key=3;value=6}>,18,98,98,,,,,6,45,6,{5000=0;5005=0},1015,,{11=2;12=1},{11=1;12=2},,,,1,,{x=1573;y=444},,<<1164;372>;<1442;298>;<1573;444>>,,,,1,,,,,,,,,,,,,,,,,,,,
10506,砂石镇,,<{advance=2;unitId=60481;level=19};{advance=2;unitId=60481;level=19}>,<{advance=4;unitId=70393;level=19}>,config/portrait/simple/img_94_gg@.png,,4,,,,,,,,battle/scene/bg_xcdg.jpg,config/big_hero/normal/img_94_gg@.png,,15,,,,<{key=1;value=1};{key=2;value=2};{key=3;value=6}>,19,101,101,,,,,6,45,6,{5000=0;5005=0},1015,,{11=2;12=1},{11=1;12=2},,,,,{5006=3;gold=10000;rmb=10},{x=1543;y=665},{y=758;x=1383},<<1573;444>;<1459;551>;<1543;665>>,,,,,,,,,,,,,,,,,,,,,,,,
10507,砂石镇,,<{advance=2;unitId=60131;level=19};{advance=2;unitId=60131;level=19}>,<{advance=4;unitId=71392;level=19}>,,,4,,,,,,,,battle/scene/bg_xcdg.jpg,config/big_hero/normal/img_281_qlla@.png,,15,,,,<{key=1;value=1};{key=2;value=2};{key=3;value=6}>,19,105,105,,,,,6,45,6,{5000=0;5005=0},1015,,{11=2;12=1},{11=1;12=2},,,,,,{x=1161;y=856},,<<1543;665>;<1383;758>;<1161;856>>,,,,,,,,,,,,,,,,,,,,,,,,
10508,砂石镇,,<{advance=2;unitId=51422;level=20};{advance=2;unitId=51422;level=20};{advance=2;unitId=63302;level=20};{advance=2;unitId=63302;level=20}>,<{advance=4;unitId=71394;level=20}>,config/portrait/simple/img_475_alld@.png,,4,,,,,,,,battle/scene/bg_xcdg.jpg,config/big_hero/normal/img_475_alld@.png,,15,,,,<{key=1;value=1};{key=2;value=2};{key=3;value=6}>,20,108,108,,,,,6,45,6,{5000=0;5006=0},1015,,{11=2;12=1},{11=1;12=2},,,,1,{gold=10000;rmb=10;talent_point=1},{x=1364;y=1050},{y=942;x=1573},<<1161;856>;<1189;984>;<1364;1050>>,,,,1,,,,,,,,,,,,,,,,,,,,
10509,砂石镇,,<{advance=3;unitId=63411;level=21};{advance=3;unitId=63411;level=21}>,<{advance=5;unitId=70263;level=21}>,,,4,,,,,,,,battle/scene/bg_xcdg.jpg,config/big_hero/normal/img_65_hd@.png,,15,,,,<{key=1;value=1};{key=2;value=2};{key=3;value=6}>,21,112,112,,,,,6,45,6,{5000=0;5006=0},1015,,{11=2;12=1},{11=1;12=2},,,,,,{x=1716;y=870},,<<1364;1050>;<1573;942>;<1716;870>>,,,,,,,,,,,,,,,,,,,,,,,,
10510,砂石镇,,<>,<{advance=5;unitId=180761;level=21}>,config/portrait/simple/img_150_cm@.png,,4,,,,,,,,battle/scene/bg_xcdg.jpg,config/big_hero/normal/img_150_cm@.png,,15,,,,<{key=1;value=1};{key=2;value=2};{key=3;value=6}>,21,115,115,,,,,6,45,6,{5000=0;5006=0},1015,为什么，会在这里再一次见面,{11=2;12=1},{11=1;12=2},,,,,,{x=2044;y=631},,<<1716;870>;<2044;631>>,,,,,,,,,,,,,,,,,,,,,,,,
10601,雪原,,<{advance=3;unitId=60191;level=22};{advance=3;unitId=60191;level=22};{advance=3;unitId=60191;level=22}>,<{advance=5;unitId=70102;level=22}>,,,4,,,,,,,,battle/scene/bg_xcdg.jpg,config/big_hero/normal/img_28_csw@.png,,16,,,,<{key=1;value=1};{key=2;value=2};{key=3;value=6}>,22,118,118,,,,,6,50,6,{5000=0;5005=0;5006=0;5007=0},1050,雪原的传说,{12=2},{11=2;12=2},,,,1,,{x=377;y=759},,<<377;759>>,,,,1,,,,,,,,,,,,,,,,,,,,
10602,雪原,,<{advance=3;unitId=52301;level=23};{advance=3;unitId=61352;level=23};{advance=3;unitId=52301;level=23}>,<{advance=5;unitId=70493;level=23}>,config/portrait/simple/img_464_cjkx@.png,,4,,,,,,,,battle/scene/bg_xcdg.jpg,config/big_hero/normal/img_464_cjkx@.png,,16,,,,<{key=1;value=1};{key=2;value=2};{key=3;value=6}>,23,121,121,,,,,6,50,6,{5000=0;5005=0;5006=0;5007=0},1050,农场大冒险,{12=2},{11=2;12=2},,,,,{gold=10000;rmb=10;talent_point=1},{x=665;y=764},{y=935;x=906},<<377;759>;<665;764>>,,,,,,,,,,,,,,,,,,,,,,,,
10603,雪原,,<>,<{advance=5;unitId=70451;level=24}>,,,4,,,,,,,,battle/scene/bg_xcdg.jpg,config/big_hero/normal/img_104_klkl@.png,,16,,,,<{key=1;value=1};{key=2;value=2};{key=3;value=6}>,24,124,124,,,,,6,50,6,{5000=0;5005=0;5006=0;5007=0},1050,,{12=2},{11=2;12=2},,,,,,{x=827;y=561},,<<665;764>;<906;935>;<827;561>>,,,,,,,,,,,,,,,,,,,,,,,,
10604,雪原,,<{advance=3;unitId=62011;level=24};{advance=3;unitId=62011;level=24}>,<{advance=5;unitId=72723;level=24}>,config/portrait/simple/img_553_lme@.png,,4,,,,,,,,battle/scene/bg_xcdg.jpg,config/big_hero/normal/img_553_lme@.png,,16,,,,<{key=1;value=1};{key=2;value=2};{key=3;value=6}>,24,127,127,,,,,6,50,6,{5000=0;5005=0;5006=0;5007=0},1050,,{12=2},{11=2;12=2},,,,,{gold=10000;rmb=10;talent_point=1},{x=1067;y=325},{y=321;x=1285},<<827;561>;<1067;325>>,,,,,,,,,,,,,,,,,,,,,,,,
10605,雪原,,<{advance=3;unitId=60262;level=25};{advance=3;unitId=63282;level=25};{advance=3;unitId=60262;level=25}>,<{advance=5;unitId=72612;level=25}>,,,4,,,,,,,,battle/scene/bg_xcdg.jpg,config/big_hero/normal/img_530_ltds@.png,,16,,,,<{key=1;value=1};{key=2;value=2};{key=3;value=6}>,25,130,130,,,,,6,50,6,{5000=0;5004=0;5006=0;5008=0},1050,,{12=2},{11=2;12=2},,,,1,,{x=1501;y=340},,<<1067;325>;<1285;321>;<1501;340>>,,,,1,,,,,,,,,,,,,,,,,,,,
10606,雪原,,<{advance=3;unitId=60482;level=25}>,<{advance=5;unitId=181503;level=25}>,config/portrait/simple/img_306_bskdl@.png,,4,,,,,,,,battle/scene/bg_xcdg.jpg,config/big_hero/normal/img_306_bskdl@.png,,16,,,,<{key=1;value=1};{key=2;value=2};{key=3;value=6}>,25,133,133,,,,,6,50,6,{5000=0;5004=0;5006=0;5008=0},1050,,{12=2},{11=2;12=2},,,,,{gold=10000;rmb=10;talent_point=1},{x=1327;y=550},{y=704;x=1127},<<1501;340>;<1327;550>>,,,,,,,,,,,,,,,,,,,,,,,,
10607,雪原,,<{advance=4;unitId=60371;level=26};{advance=4;unitId=60371;level=26}>,<{advance=6;unitId=70472;level=26}>,,,4,,,,,,,,battle/scene/bg_xcdg.jpg,config/big_hero/normal/img_463_dst@.png,,16,,,,<{key=1;value=1};{key=2;value=2};{key=3;value=6}>,26,136,136,,,,,6,50,6,{5000=0;5004=0;5006=0;5008=0},1050,,{12=2},{11=2;12=2},,,,,,{x=1563;y=676},,<<1327;550>;<1108;620>;<1127;704>;<1363;741>;<1563;676>>,,,,,,,,,,,,,,,,,,,,,,,,
10608,雪原,,<{advance=4;unitId=61292;level=27};{advance=4;unitId=61292;level=27};{advance=4;unitId=60082;level=27};{advance=4;unitId=60082;level=27}>,<{advance=6;unitId=72633;level=27}>,config/portrait/simple/img_534_xjlj@.png,,4,,,,,,,,battle/scene/bg_xcdg.jpg,config/big_hero/normal/img_534_xjlj@.png,,16,,,,<{key=1;value=1};{key=2;value=2};{key=3;value=6}>,27,139,139,,,,,6,50,6,{5000=0;5004=0;5005=0;5009=0},1050,,{12=2},{11=2;12=2},,,,1,{gold=10000;rmb=10;talent_point=1},{x=1887;y=688},{y=694;x=2031},<<1563;676>;<1727;688>;<1887;688>>,,,,1,,,,,,,,,,,,,,,,,,,,
10609,雪原,,<{advance=4;unitId=60461;level=27};{advance=4;unitId=60461;level=27};{advance=4;unitId=60461;level=27}>,<{advance=6;unitId=71253;level=27}>,,,4,,,,,,,,battle/scene/bg_xcdg.jpg,config/big_hero/normal/img_248_bjls@.png,,16,,,,<{key=1;value=1};{key=2;value=2};{key=3;value=6}>,27,142,142,,,,,6,50,6,{5000=0;5004=0;5005=0;5009=0},1050,,{12=2},{11=2;12=2},,,,,,{x=2115;y=862},,<<1887;688>;<2031;694>;<2115;862>>,,,,,,,,,,,,,,,,,,,,,,,,
10610,雪原,,<>,<{advance=6;unitId=180753;level=28}>,config/portrait/simple/img_149_kl@.png,,4,,,,,,,,battle/scene/bg_xcdg.jpg,config/big_hero/normal/img_149_kl@.png,,16,,,,<{key=1;value=1};{key=2;value=2};{key=3;value=6}>,28,145,145,,,,,6,50,6,{5000=0;5004=0;5005=0;5009=0},1050,雪山的王者,{12=2},{11=2;12=2},,,,,,{x=1886;y=968},,<<2115;862>;<1867;896>;<1886;968>>,,,,,,,,,,,,,,,,,,,,,,,,
10701,波尼岛,,<{advance=4;unitId=61353;level=29};{advance=4;unitId=60331;level=29};{advance=4;unitId=61353;level=29};{advance=4;unitId=60331;level=29}>,<{advance=6;unitId=70072;level=29}>,,,4,,,,,,,,battle/scene/bg_xcdg.jpg,config/big_hero/normal/img_22_dzq@.png,,17,,,,<{key=1;value=1};{key=2;value=2};{key=3;value=6}>,29,148,148,,,,,6,60,6,{5000=0;5005=0;5007=0},1085,诸岛巡礼的开端？,{11=1;12=2},{11=1;12=3},,,,1,,{x=1269;y=291},,<<1269;291>>,,,,1,,,,,,,,,,,,,,,,,,,,
10702,波尼岛,,<{advance=4;unitId=60092;level=29};{advance=4;unitId=60092;level=29};{advance=4;unitId=63282;level=29};{advance=4;unitId=63282;level=29}>,<{advance=6;unitId=70053;level=29}>,config/portrait/simple/img_18_dbn@.png,,4,,,,,,,,battle/scene/bg_xcdg.jpg,config/big_hero/normal/img_18_dbn@.png,,17,,,,<{key=1;value=1};{key=2;value=2};{key=3;value=6}>,29,151,151,,,,,6,60,6,{5000=0;5005=0;5007=0},1085,,{11=1;12=2},{11=1;12=3},,,,,{gold=10000;rmb=10;talent_point=1},{x=1065;y=337},{y=365;x=779},<<1269;291>;<1065;337>>,,,,,,,,,,,,,,,,,,,,,,,,
10703,波尼岛,,<{advance=4;unitId=60482;level=29};{advance=4;unitId=60082;level=29};{advance=4;unitId=60482;level=29}>,<{advance=6;unitId=70113;level=29}>,,,4,,,,,,,,battle/scene/bg_xcdg.jpg,config/big_hero/normal/img_31_ndh@.png,,17,,,,<{key=1;value=1};{key=2;value=2};{key=3;value=6}>,29,154,154,,,,,6,60,6,{5000=0;5005=0;5007=0},1085,,{11=1;12=2},{11=1;12=3},,,,,,{x=621;y=459},,<<1065;337>;<779;365>;<621;459>>,,,,,,,,,,,,,,,,,,,,,,,,
10704,波尼岛,,<{advance=4;unitId=52012;level=30};{advance=4;unitId=52012;level=30};{advance=4;unitId=60571;level=30};{advance=4;unitId=60571;level=30}>,<{advance=6;unitId=70572;level=30}>,config/portrait/simple/img_212_jqtl@.png,,4,,,,,,,,battle/scene/bg_xcdg.jpg,config/big_hero/normal/img_212_jqtl@.png,,17,,,,<{key=1;value=1};{key=2;value=2};{key=3;value=6}>,30,157,157,,,,,6,60,6,{5000=0;5005=0;5007=0},1085,,{11=1;12=2},{11=1;12=3},,,,,{gold=10000;rmb=10;talent_point=1},{x=901;y=591},{y=609;x=1099},<<621;459>;<901;591>>,,,,,,,,,,,,,,,,,,,,,,,,
10705,波尼岛,,<{advance=4;unitId=61352;level=30};{advance=4;unitId=60793;level=30};{advance=4;unitId=61352;level=30};{advance=4;unitId=60793;level=30}>,<{advance=6;unitId=72891;level=30}>,,,4,,,,,,,,battle/scene/bg_xcdg.jpg,config/big_hero/normal/img_587_dfs@.png,,17,,,,<{key=1;value=1};{key=2;value=2};{key=3;value=6}>,30,160,160,,,,,6,60,6,{5000=0;5006=0;5008=0},1085,,{11=1;12=2},{11=1;12=3},,,,1,,{x=1471;y=556},,<<901;591>;<1099;609>;<1471;556>>,,,,1,,,,,,,,,,,,,,,,,,,,
10706,波尼岛,,<{advance=4;unitId=60881;level=30};{advance=4;unitId=60881;level=30}>,<{advance=6;unitId=180731;level=30}>,config/portrait/simple/img_145_sdn@.png,,4,,,,,,,,battle/scene/bg_xcdg.jpg,config/big_hero/normal/img_145_sdn@.png,,17,,,,<{key=1;value=1};{key=2;value=2};{key=3;value=6}>,30,163,163,,,,,6,60,6,{5000=0;5006=0;5008=0},1085,不安的雷鸣,{11=1;12=2},{11=1;12=3},,,,,{gold=10000;rmb=10;talent_point=1},{x=1616;y=636},{y=642;x=1791},<<1471;556>;<1616;636>>,,,,,,,,,,,,,,,,,,,,,,,,
10707,波尼岛,,<{advance=5;unitId=63542;level=31};{advance=5;unitId=63542;level=31}>,<{advance=7;unitId=73511;level=31}>,,,4,,,,,,,,battle/scene/bg_xcdg.jpg,config/big_hero/normal/img_701_sjyr@.png,,17,,,,<{key=1;value=1};{key=2;value=2};{key=3;value=6}>,31,166,166,,,,,6,60,6,{5000=0;5006=0;5008=0},1085,,{11=1;12=2},{11=1;12=3},,,,,,{x=2039;y=911},,<<1616;636>;<1791;642>;<2039;911>>,,,,,,,,,,,,,,,,,,,,,,,,
10708,波尼岛,,<{advance=5;unitId=63021;level=31}>,<{advance=7;unitId=180721;level=31}>,config/portrait/simple/img_144_jdn@.png,,4,,,,,,,,battle/scene/bg_xcdg.jpg,config/big_hero/normal/img_144_jdn@.png,,17,,,,<{key=1;value=1};{key=2;value=2};{key=3;value=6}>,31,169,169,,,,,6,60,6,{5000=0;5004=0;5009=0},1085,忽然降温？,{11=1;12=2},{11=1;12=3},,,,1,{gold=10000;rmb=10;talent_point=1},{x=1708;y=964},{y=927;x=1513},<<2039;911>;<1708;964>>,,,,1,,,,,,,,,,,,,,,,,,,,
10709,波尼岛,,<{advance=5;unitId=61081;level=31};{advance=5;unitId=61081;level=31}>,<{advance=7;unitId=72483;level=31}>,,,4,,,,,,,,battle/scene/bg_xcdg.jpg,config/big_hero/normal/img_500_yww@.png,,17,,,,<{key=1;value=1};{key=2;value=2};{key=3;value=6}>,31,172,172,,,,,6,60,6,{5000=0;5004=0;5009=0},1085,,{11=1;12=2},{11=1;12=3},,,,,,{x=1229;y=903},,<<1708;964>;<1513;927>;<1229;903>>,,,,,,,,,,,,,,,,,,,,,,,,
10710,波尼岛,,<>,<{advance=7;unitId=181971;level=32}>,config/portrait/simple/img_383_gld@.png,,4,,,,,,,,battle/scene/bg_xcdg.jpg,config/big_hero/normal/img_383_gld@.png,,17,,,,<{key=1;value=1};{key=2;value=2};{key=3;value=6}>,32,175,175,,,,,6,60,6,{5000=0;5004=0;5009=0},1085,还有谁不会飞,{11=1;12=2},{11=1;12=3},,,,,,{x=862;y=957},,<<1229;903>;<1388;702>;<1334;664>;<1007;767>;<862;957>>,,,,,,,,,,,,,,,,,,,,,,,,
10801,乌拉乌拉岛,,<{advance=5;unitId=63302;level=32};{advance=5;unitId=63302;level=32};{advance=5;unitId=63302;level=32}>,<{advance=7;unitId=70464;level=32}>,,,4,,,,,,,,battle/scene/bg_xcdg.jpg,config/big_hero/normal/img_237_zwl@.png,,18,,,,<{key=1;value=1};{key=2;value=2};{key=3;value=6}>,32,178,178,,,,,6,70,6,{5000=0;5003=0;5008=0;5010=0},1120,,{11=2;12=2},{11=2;12=3},,,,1,,{x=701;y=970},,<<701;970>>,,,,1,,,,,,,,,,,,,,,,,,,,
10802,乌拉乌拉岛,,<{advance=5;unitId=50371;level=32};{advance=5;unitId=60371;level=32};{advance=5;unitId=50371;level=32}>,<{advance=7;unitId=70372;level=32}>,config/portrait/simple/img_89_ccn@.png,,4,,,,,,,,battle/scene/bg_xcdg.jpg,config/big_hero/normal/img_89_ccn@.png,,18,,,,<{key=1;value=1};{key=2;value=2};{key=3;value=6}>,32,181,181,,,,,6,70,6,{5000=0;5003=0;5008=0;5010=0},1120,海礁的拦路者,{11=2;12=2},{11=2;12=3},,,,,{gold=10000;rmb=10;talent_point=1},{x=406;y=845},{y=616;x=422},<<701;970>;<406;845>>,,,,,,,,,,,,,,,,,,,,,,,,
10803,乌拉乌拉岛,,<>,<{advance=7;unitId=70552;level=33}>,,,4,,,,,,,,battle/scene/bg_xcdg.jpg,config/big_hero/normal/img_121_bshx@.png,,18,,,,<{key=1;value=1};{key=2;value=2};{key=3;value=6}>,33,184,184,,,,,6,70,6,{5000=0;5003=0;5008=0;5010=0},1120,,{11=2;12=2},{11=2;12=3},,,,,,{x=593;y=571},,<<406;845>;<422;616>;<593;571>>,,,,,,,,,,,,,,,,,,,,,,,,
10804,乌拉乌拉岛,,<>,<{advance=7;unitId=71253;level=33}>,config/portrait/simple/img_248_bjls@.png,,4,,,,,,,,battle/scene/bg_xcdg.jpg,config/big_hero/normal/img_248_bjls@.png,,18,,,,<{key=1;value=1};{key=2;value=2};{key=3;value=6}>,33,187,187,,,,,6,70,6,{5000=0;5003=0;5008=0;5010=0},1120,,{11=2;12=2},{11=2;12=3},,,,,{gold=10000;rmb=10;talent_point=1},{x=875;y=555},{y=360;x=985},<<593;571>;<875;555>>,,,,,,,,,,,,,,,,,,,,,,,,
10805,乌拉乌拉岛,,<{advance=5;unitId=63302;level=33};{advance=5;unitId=60262;level=33};{advance=5;unitId=63302;level=33}>,<{advance=7;unitId=72873;level=33}>,,,4,,,,,,,,battle/scene/bg_xcdg.jpg,config/big_hero/normal/img_584_sbddb@.png,,18,,,,<{key=1;value=1};{key=2;value=2};{key=3;value=6}>,33,190,190,,,,,6,70,6,{5000=0;5001=0;5009=0;5011=0},1120,,{11=2;12=2},{11=2;12=3},,,,1,,{x=1149;y=469},,<<875;555>;<985;360>;<1149;469>>,,,,1,,,,,,,,,,,,,,,,,,,,
10806,乌拉乌拉岛,,<{advance=5;unitId=60721;level=34};{advance=5;unitId=60593;level=34};{advance=5;unitId=60593;level=34}>,<{advance=7;unitId=181423;level=34}>,config/portrait/simple/img_289_qjw@.png,,4,,,,,,,,battle/scene/bg_xcdg.jpg,config/big_hero/normal/img_289_qjw@.png,,18,,,,<{key=1;value=1};{key=2;value=2};{key=3;value=6}>,34,193,193,,,,,6,70,6,{5000=0;5001=0;5009=0;5011=0},1120,怠惰的请假王,{11=2;12=2},{11=2;12=3},,,,,{gold=10000;rmb=10;talent_point=1},{x=1179;y=848},{y=912;x=1381},<<1149;469>;<1179;848>>,,,,,,,,,,,,,,,,,,,,,,,,
10807,乌拉乌拉岛,,<{advance=5;unitId=61422;level=34};{advance=5;unitId=60002;level=34};{advance=5;unitId=61422;level=34};{advance=5;unitId=60002;level=34}>,<{advance=7;unitId=73413;level=34}>,,,4,,,,,,,,battle/scene/bg_xcdg.jpg,config/big_hero/normal/img_681_jdjg@.png,,18,,,,<{key=1;value=1};{key=2;value=2};{key=3;value=6}>,34,196,196,,,,,6,70,6,{5000=0;5001=0;5009=0;5011=0},1120,,{11=2;12=2},{11=2;12=3},,,,,,{x=1549;y=501},,<<1179;848>;<1381;912>;<1502;825>;<1549;501>>,,,,,,,,,,,,,,,,,,,,,,,,
10808,乌拉乌拉岛,,<>,<{advance=7;unitId=181303;level=35}>,config/portrait/simple/img_257_hyj@.png,,4,,,,,,,,battle/scene/bg_xcdg.jpg,config/big_hero/normal/img_257_hyj@.png,,18,,,,<{key=1;value=1};{key=2;value=2};{key=3;value=6}>,35,199,199,,,,,6,70,6,{5000=0;5002=0;5007=0;5012=0},1120,,{11=2;12=2},{11=2;12=3},,,,1,{gold=10000;rmb=10;talent_point=1},{x=1817;y=546},{y=581;x=2005},<<1549;501>;<1817;546>>,,,,1,,,,,,,,,,,,,,,,,,,,
10809,乌拉乌拉岛,,<{advance=5;unitId=62631;level=35};{advance=5;unitId=62611;level=35};{advance=5;unitId=62591;level=35}>,<{advance=7;unitId=72963;level=35}>,,,4,,,,,,,,battle/scene/bg_xcdg.jpg,config/big_hero/normal/img_601_clg@.png,,18,,,,<{key=1;value=1};{key=2;value=2};{key=3;value=6}>,35,202,202,,,,,6,70,6,{5000=0;5002=0;5007=0;5012=0},1120,,{11=2;12=2},{11=2;12=3},,,,,,{x=1831;y=868},,<<1817;546>;<2005;581>;<2009;729>;<1831;868>>,,,,,,,,,,,,,,,,,,,,,,,,
10810,乌拉乌拉岛,,<>,<{advance=7;unitId=181901;level=35}>,config/portrait/simple/img_374_tyl@.png,,4,,,,,,,,battle/scene/bg_xcdg.jpg,config/big_hero/normal/img_374_tyl@.png,,18,,,,<{key=1;value=1};{key=2;value=2};{key=3;value=6}>,35,205,205,,,,,6,70,6,{5000=0;5002=0;5007=0;5012=0},1120,最终的试炼,{11=2;12=2},{11=2;12=3},,,,,,{x=2141;y=873},,<<1831;868>;<1967;944>;<2141;873>>,,,,,,,,,,,,,,,,,,,,,,,,
10901,阿卡拉岛,,<{advance=6;unitId=63282;level=36};{advance=6;unitId=60552;level=36};{advance=6;unitId=63282;level=36};{advance=6;unitId=60552;level=36}>,<{advance=8;unitId=70082;level=36}>,,,4,,,,,,,,battle/scene/bg_xcdg.jpg,config/big_hero/normal/img_24_abg@.png,,19,,,,<{key=1;value=1};{key=2;value=2};{key=3;value=6}>,36,208,208,,,,,6,80,6,{5000=0;5008=0;5010=0},1155,,{13=1},{12=1;13=1},,,,1,,{x=1023;y=353},,<<1023;353>>,,,,1,,,,,,,,,,,,,,,,,,,,
10902,阿卡拉岛,,<{advance=6;unitId=60602;level=36};{advance=6;unitId=60602;level=36};{advance=6;unitId=60331;level=36};{advance=6;unitId=60331;level=36}>,<{advance=8;unitId=70273;level=36}>,config/portrait/simple/img_68_gl@.png,,4,,,,,,,,battle/scene/bg_xcdg.jpg,config/big_hero/normal/img_68_gl@.png,,19,,,,<{key=1;value=1};{key=2;value=2};{key=3;value=6}>,36,211,211,,,,,6,80,6,{5000=0;5008=0;5010=0},1155,,{13=1},{12=1;13=1},,,,,{gold=10000;rmb=10;talent_point=1},{x=1319;y=295},{y=353;x=1532},<<1023;353>;<1319;295>>,,,,,,,,,,,,,,,,,,,,,,,,
10903,阿卡拉岛,,<{advance=6;unitId=60593;level=36};{advance=6;unitId=61292;level=36};{advance=6;unitId=60593;level=36}>,<{advance=8;unitId=70542;level=36}>,,,4,,,,,,,,battle/scene/bg_xcdg.jpg,config/big_hero/normal/img_119_jyw@.png,,19,,,,<{key=1;value=1};{key=2;value=2};{key=3;value=6}>,36,214,214,,,,,6,80,6,{5000=0;5008=0;5010=0},1155,,{13=1},{12=1;13=1},,,,,,{x=1592;y=477},,<<1319;295>;<1532;353>;<1592;477>>,,,,,,,,,,,,,,,,,,,,,,,,
10904,阿卡拉岛,,<{advance=6;unitId=53472;level=37};{advance=6;unitId=60262;level=37};{advance=6;unitId=53472;level=37}>,<{advance=8;unitId=73143;level=37}>,config/portrait/simple/img_635_ssel@.png,,4,,,,,,,,battle/scene/bg_xcdg.jpg,config/big_hero/normal/img_635_ssel@.png,,19,,,,<{key=1;value=1};{key=2;value=2};{key=3;value=6}>,37,217,217,,,,,6,80,6,{5000=0;5008=0;5010=0},1155,,{13=1},{12=1;13=1},,,,,{gold=10000;rmb=10;talent_point=1},{x=1154;y=642},{y=689;x=987},<<1592;477>;<1549;576>;<1290;660>;<1154;642>>,,,,,,,,,,,,,,,,,,,,,,,,
10905,阿卡拉岛,,<{advance=6;unitId=60603;level=37};{advance=6;unitId=60592;level=37};{advance=6;unitId=60603;level=37};{advance=6;unitId=60592;level=37}>,<{advance=8;unitId=71863;level=37}>,,,4,,,,,,,,battle/scene/bg_xcdg.jpg,config/big_hero/normal/img_365_dyhs@.png,,19,,,,<{key=1;value=1};{key=2;value=2};{key=3;value=6}>,37,220,220,,,,,6,80,6,{5000=0;5009=0;5011=0},1155,,{13=1},{12=1;13=1},,,,1,,{x=837;y=959},,<<1154;642>;<987;689>;<1012;795>;<837;959>>,,,,1,,,,,,,,,,,,,,,,,,,,
10906,阿卡拉岛,,<{advance=6;unitId=60393;level=37};{advance=6;unitId=60393;level=37};{advance=6;unitId=60132;level=37};{advance=6;unitId=60132;level=37}>,<{advance=8;unitId=183543;level=37}>,config/portrait/simple/img_706_nml@.png,,4,,,,,,,,battle/scene/bg_xcdg.jpg,config/big_hero/normal/img_706_nml@.png,,19,,,,<{key=1;value=1};{key=2;value=2};{key=3;value=6}>,37,223,223,,,,,6,80,6,{5000=0;5009=0;5011=0},1155,,{13=1},{12=1;13=1},,,,,{gold=10000;rmb=10;talent_point=1},{x=1081;y=1140},{y=926;x=1280},<<837;959>;<970;997>;<1081;1140>>,,,,,,,,,,,,,,,,,,,,,,,,
10907,阿卡拉岛,,<{advance=6;unitId=61353;level=38};{advance=6;unitId=62871;level=38};{advance=6;unitId=61353;level=38}>,<{advance=8;unitId=73432;level=38}>,,,4,,,,,,,,battle/scene/bg_xcdg.jpg,config/big_hero/normal/img_685_ptn@.png,,19,,,,<{key=1;value=1};{key=2;value=2};{key=3;value=6}>,38,226,226,,,,,6,80,6,{5000=0;5009=0;5011=0},1155,,{13=1},{12=1;13=1},,,,,,{x=1522;y=809},,<<1081;1140>;<1236;1112>;<1280;926>;<1522;809>>,,,,,,,,,,,,,,,,,,,,,,,,
10908,阿卡拉岛,,<{advance=6;unitId=50602;level=38};{advance=6;unitId=61172;level=38};{advance=6;unitId=50602;level=38};{advance=6;unitId=60272;level=38};{advance=6;unitId=60272;level=38}>,<{advance=8;unitId=73472;level=38}>,config/portrait/simple/img_693_gpbx@.png,,4,,,,,,,,battle/scene/bg_xcdg.jpg,config/big_hero/normal/img_693_gpbx@.png,,19,,,,<{key=1;value=1};{key=2;value=2};{key=3;value=6}>,38,229,229,,,,,6,80,6,{5000=0;5007=0;5012=0},1155,,{13=1},{12=1;13=1},,,,1,{gold=10000;rmb=10;talent_point=1},{x=1804;y=660},{y=554;x=2050},<<1522;809>;<1804;660>>,,,,1,,,,,,,,,,,,,,,,,,,,
10909,阿卡拉岛,,<{advance=6;unitId=61292;level=38};{advance=6;unitId=63292;level=38}>,<{advance=8;unitId=183003;level=38}>,,,4,,,,,,,,battle/scene/bg_xcdg.jpg,config/big_hero/normal/img_612_sfzl@.png,,19,,,,<{key=1;value=1};{key=2;value=2};{key=3;value=6}>,38,232,232,,,,,6,80,6,{5000=0;5007=0;5012=0},1155,,{13=1},{12=1;13=1},,,,,,{x=2026;y=764},,<<1804;660>;<1874;521>;<2050;554>;<2026;764>>,,,,,,,,,,,,,,,,,,,,,,,,
10910,阿卡拉岛,,<{advance=6;unitId=62481;level=39};{advance=6;unitId=61611;level=39};{advance=6;unitId=60741;level=39};{advance=6;unitId=61301;level=39}>,<{advance=8;unitId=71271;level=39}>,config/portrait/simple/img_250_fw@.png,,4,,,,,,,,battle/scene/bg_xcdg.jpg,config/big_hero/normal/img_250_fw@.png,,19,,,,<{key=1;value=1};{key=2;value=2};{key=3;value=6}>,39,235,235,,,,,6,80,6,{5000=0;5007=0;5012=0},1155,,{13=1},{12=1;13=1},,,,,,{x=1911;y=1032},,<<2026;764>;<1820;926>;<1911;1032>>,,,,,,,,,,,,,,,,,,,,,,,,
11001,美乐美乐岛,,<{advance=6;unitId=60472;level=39};{advance=6;unitId=60132;level=39};{advance=6;unitId=60472;level=39}>,<{advance=8;unitId=70062;level=39}>,,,4,,,,,,,,battle/scene/bg_xcdg.jpg,config/big_hero/normal/img_20_ld@.png,,20,,,,<{key=1;value=1};{key=2;value=2};{key=3;value=6}>,39,238,238,,,,,6,90,6,{5000=0;5006=0;5011=0;5013=0},1190,,{11=1;13=1},{11=4;13=1},,,,1,,{x=520;y=943},,<<520;943>>,,,,1,,,,,,,,,,,,,,,,,,,,
11002,美乐美乐岛,,<{advance=6;unitId=53301;level=39};{advance=6;unitId=53301;level=39};{advance=6;unitId=60022;level=39};{advance=6;unitId=60022;level=39}>,<{advance=8;unitId=70482;level=39}>,config/portrait/simple/img_110_sdws@.png,,4,,,,,,,,battle/scene/bg_xcdg.jpg,config/big_hero/normal/img_110_sdws@.png,,20,,,,<{key=1;value=1};{key=2;value=2};{key=3;value=6}>,39,241,241,,,,,6,90,6,{5000=0;5006=0;5011=0;5013=0},1190,,{11=1;13=1},{11=4;13=1},,,,,{gold=10000;rmb=10;talent_point=1},{x=386;y=613},{y=495;x=560},<<520;943>;<357;679>;<386;613>>,,,,,,,,,,,,,,,,,,,,,,,,
11003,美乐美乐岛,,<{advance=6;unitId=60472;level=40};{advance=6;unitId=60262;level=40};{advance=6;unitId=60472;level=40};{advance=6;unitId=60262;level=40}>,<{advance=8;unitId=70352;level=40}>,,,4,,,,,,,,battle/scene/bg_xcdg.jpg,config/big_hero/normal/img_85_ddl@.png,,20,,,,<{key=1;value=1};{key=2;value=2};{key=3;value=6}>,40,244,244,,,,,6,90,6,{5000=0;5006=0;5011=0;5013=0},1190,,{11=1;13=1},{11=4;13=1},,,,,,{x=788;y=405},,<<386;613>;<534;631>;<590;559>;<560;495>;<788;405>>,,,,,,,,,,,,,,,,,,,,,,,,
11004,美乐美乐岛,,<{advance=6;unitId=60552;level=40};{advance=6;unitId=60552;level=40};{advance=6;unitId=61172;level=40};{advance=6;unitId=61172;level=40}>,<{advance=8;unitId=71893;level=40}>,config/portrait/simple/img_373_bfl@.png,,4,,,,,,,,battle/scene/bg_xcdg.jpg,config/big_hero/normal/img_373_bfl@.png,,20,,,,<{key=1;value=1};{key=2;value=2};{key=3;value=6}>,40,247,247,,,,,6,90,6,{5000=0;5006=0;5011=0;5013=0},1190,,{11=1;13=1},{11=4;13=1},,,,,{gold=10000;rmb=10;talent_point=1},{x=1047;y=321},{y=365;x=1258},<<788;405>;<1047;321>>,,,,,,,,,,,,,,,,,,,,,,,,
11005,美乐美乐岛,,<{advance=7;unitId=60552;level=41};{advance=7;unitId=60792;level=41};{advance=7;unitId=60552;level=41}>,<{advance=9;unitId=71443;level=41}>,,,4,,,,,,,,battle/scene/bg_xcdg.jpg,config/big_hero/normal/img_295_byg@.png,,20,,,,<{key=1;value=1};{key=2;value=2};{key=3;value=6}>,41,250,250,,,,,6,90,6,{5000=0;5004=0;5012=0;5014=0},1190,,{11=1;13=1},{11=4;13=1},,,,1,,{x=1244;y=583},,<<1047;321>;<1258;365>;<1242;417>;<1043;519>;<1103;555>;<1244;583>>,,,,1,,,,,,,,,,,,,,,,,,,,
11006,美乐美乐岛,,<{advance=7;unitId=50691;level=41};{advance=7;unitId=50691;level=41}>,<{advance=9;unitId=183021;level=41}>,config/portrait/simple/img_615_jhxh@.png,,4,,,,,,,,battle/scene/bg_xcdg.jpg,config/big_hero/normal/img_615_jhxh@.png,,20,,,,<{key=1;value=1};{key=2;value=2};{key=3;value=6}>,41,253,253,,,,,6,90,6,{5000=0;5004=0;5012=0;5014=0},1190,,{11=1;13=1},{11=4;13=1},,,,,{gold=10000;rmb=10;talent_point=1},{x=1534;y=613},{y=765;x=1746},<<1244;583>;<1534;613>>,,,,,,,,,,,,,,,,,,,,,,,,
11007,美乐美乐岛,,<{advance=7;unitId=62591;level=42};{advance=7;unitId=62591;level=42}>,<{advance=9;unitId=73012;level=42}>,,,4,,,,,,,,battle/scene/bg_xcdg.jpg,config/big_hero/normal/img_614_dyx@.png,,20,,,,<{key=1;value=1};{key=2;value=2};{key=3;value=6}>,42,256,256,,,,,6,90,6,{5000=0;5004=0;5012=0;5014=0},1190,,{11=1;13=1},{11=4;13=1},,,,,,{x=1970;y=866},,<<1534;613>;<1668;652>;<1746;765>;<1970;866>>,,,,,,,,,,,,,,,,,,,,,,,,
11008,美乐美乐岛,,<{advance=7;unitId=63011;level=42};{advance=7;unitId=63011;level=42};{advance=7;unitId=60603;level=42};{advance=7;unitId=60603;level=42}>,<{advance=9;unitId=73502;level=42}>,config/portrait/simple/img_699_bxjl@.png,,4,,,,,,,,battle/scene/bg_xcdg.jpg,config/big_hero/normal/img_699_bxjl@.png,,20,,,,<{key=1;value=1};{key=2;value=2};{key=3;value=6}>,42,259,259,,,,,6,90,6,{5000=0;5005=0;5010=0;5015=0},1190,,{11=1;13=1},{11=4;13=1},,,,1,{gold=10000;rmb=10;talent_point=1},{x=1683;y=1027},{y=927;x=1536},<<1970;866>;<1818;917>;<1806;1003>;<1683;1027>>,,,,1,,,,,,,,,,,,,,,,,,,,
11009,美乐美乐岛,,<{advance=7;unitId=61861;level=43}>,<{advance=9;unitId=182233;level=43}>,,,4,,,,,,,,battle/scene/bg_xcdg.jpg,config/big_hero/normal/img_445_lyls@.png,,20,,,,<{key=1;value=1};{key=2;value=2};{key=3;value=6}>,43,262,262,,,,,6,90,6,{5000=0;5005=0;5010=0;5015=0},1190,,{11=1;13=1},{11=4;13=1},,,,,,{x=1331;y=975},,<<1683;1027>;<1536;927>;<1331;975>>,,,,,,,,,,,,,,,,,,,,,,,,
11010,美乐美乐岛,,<>,<{advance=9;unitId=181261;level=43}>,config/portrait/simple/img_249_lqy@.png,,4,,,,,,,,battle/scene/bg_xcdg.jpg,config/big_hero/normal/img_249_lqy@.png,,20,,,,<{key=1;value=1};{key=2;value=2};{key=3;value=6}>,43,265,265,,,,,6,90,6,{5000=0;5005=0;5010=0;5015=0},1190,,{11=1;13=1},{11=4;13=1},,,,,,{x=1136;y=1093},,<<1331;975>;<1136;1093>>,,,,,,,,,,,,,,,,,,,,,,,,
11101,训练家学校,,<{advance=7;unitId=62482;level=44};{advance=7;unitId=61353;level=44};{advance=7;unitId=62482;level=44};{advance=7;unitId=61353;level=44}>,<{advance=9;unitId=70173;level=44}>,,,4,,,,,,,,battle/scene/bg_xcdg.jpg,config/big_hero/normal/img_45_bwh@.png,,21,,,,<{key=1;value=1};{key=2;value=2};{key=3;value=6}>,44,268,268,,,,,6,120,6,{5000=0;5011=0;5013=0},1225,,{12=1;13=1},{12=2;13=1},,,,1,,{x=426;y=910},,<<426;910>>,,,,1,,,,,,,,,,,,,,,,,,,,
11102,训练家学校,,<{advance=7;unitId=63302;level=44};{advance=7;unitId=63302;level=44};{advance=7;unitId=60132;level=44};{advance=7;unitId=60132;level=44}>,<{advance=9;unitId=72272;level=44}>,config/portrait/simple/img_454_dzw@.png,,4,,,,,,,,battle/scene/bg_xcdg.jpg,config/big_hero/normal/img_454_dzw@.png,,21,,,,<{key=1;value=1};{key=2;value=2};{key=3;value=6}>,44,271,271,,,,,6,120,6,{5000=0;5011=0;5013=0},1225,,{12=1;13=1},{12=2;13=1},,,,,{gold=10000;rmb=10;talent_point=1},{x=676;y=1045},{y=894;x=760},<<426;910>;<676;1045>>,,,,,,,,,,,,,,,,,,,,,,,,
11103,训练家学校,,<{advance=7;unitId=60571;level=45};{advance=7;unitId=61352;level=45};{advance=7;unitId=60571;level=45}>,<{advance=9;unitId=72302;level=45}>,,,4,,,,,,,,battle/scene/bg_xcdg.jpg,config/big_hero/normal/img_460_bxw@.png,,21,,,,<{key=1;value=1};{key=2;value=2};{key=3;value=6}>,45,274,274,,,,,6,120,6,{5000=0;5011=0;5013=0},1225,,{12=1;13=1},{12=2;13=1},,,,,,{x=988;y=1048},,<<676;1045>;<760;894>;<796;1008>;<988;1048>>,,,,,,,,,,,,,,,,,,,,,,,,
11104,训练家学校,,<{advance=8;unitId=50471;level=46};{advance=8;unitId=60593;level=46};{advance=8;unitId=50471;level=46};{advance=8;unitId=60482;level=46};{advance=8;unitId=60482;level=46}>,<{advance=10;unitId=71392;level=46}>,config/portrait/simple/img_281_qlla@.png,,4,,,,,,,,battle/scene/bg_xcdg.jpg,config/big_hero/normal/img_281_qlla@.png,,21,,,,<{key=1;value=1};{key=2;value=2};{key=3;value=6}>,46,277,277,,,,,6,120,6,{5000=0;5011=0;5013=0},1225,,{12=1;13=1},{12=2;13=1},,,,,{gold=10000;rmb=10;talent_point=1},{x=1342;y=1042},{y=978;x=1482},<<988;1048>;<1169;988>;<1342;1042>>,,,,,,,,,,,,,,,,,,,,,,,,
11105,训练家学校,,<{advance=8;unitId=60472;level=46};{advance=8;unitId=60053;level=46};{advance=8;unitId=60472;level=46};{advance=8;unitId=60053;level=46}>,<{advance=10;unitId=70283;level=46}>,,,4,,,,,,,,battle/scene/bg_xcdg.jpg,config/big_hero/normal/img_71_dsh@.png,,21,,,,<{key=1;value=1};{key=2;value=2};{key=3;value=6}>,46,280,280,,,,,6,120,6,{5000=0;5012=0;5014=0},1225,,{12=1;13=1},{12=2;13=1},,,,1,,{x=1223;y=788},,<<1342;1042>;<1482;978>;<1231;949>;<1057;887>;<1125;810>;<1223;788>>,,,,1,,,,,,,,,,,,,,,,,,,,
11106,训练家学校,,<{advance=8;unitId=60092;level=47};{advance=8;unitId=60092;level=47};{advance=8;unitId=60263;level=47};{advance=8;unitId=60263;level=47}>,<{advance=10;unitId=183143;level=47}>,config/portrait/simple/img_635_ssel@.png,,4,,,,,,,,battle/scene/bg_xcdg.jpg,config/big_hero/normal/img_635_ssel@.png,,21,,,,<{key=1;value=1};{key=2;value=2};{key=3;value=6}>,47,283,283,,,,,6,120,6,{5000=0;5012=0;5014=0},1225,,{12=1;13=1},{12=2;13=1},,,,,{gold=10000;rmb=10;talent_point=1},{x=1644;y=749},{y=662;x=1482},<<1223;788>;<1642;829>;<1644;749>>,,,,,,,,,,,,,,,,,,,,,,,,
11107,训练家学校,,<{advance=8;unitId=60043;level=47};{advance=8;unitId=60592;level=47};{advance=8;unitId=60043;level=47}>,<{advance=10;unitId=70783;level=47}>,,,4,,,,,,,,battle/scene/bg_xcdg.jpg,config/big_hero/normal/img_154_dzk@.png,,21,,,,<{key=1;value=1};{key=2;value=2};{key=3;value=6}>,47,286,286,,,,,6,120,6,{5000=0;5012=0;5014=0},1225,,{12=1;13=1},{12=2;13=1},,,,,,{x=1158;y=374},,<<1644;749>;<1482;662>;<1166;528>;<1158;374>>,,,,,,,,,,,,,,,,,,,,,,,,
11108,训练家学校,,<{advance=8;unitId=50451;level=48};{advance=8;unitId=60132;level=48};{advance=8;unitId=50451;level=48};{advance=8;unitId=60102;level=48};{advance=8;unitId=60102;level=48}>,<{advance=10;unitId=72013;level=48}>,config/portrait/simple/img_389_ttg@.png,,4,,,,,,,,battle/scene/bg_xcdg.jpg,config/big_hero/normal/img_389_ttg@.png,,21,,,,<{key=1;value=1};{key=2;value=2};{key=3;value=6}>,48,289,289,,,,,6,120,6,{5000=0;5010=0;5015=0},1225,,{12=1;13=1},{12=2;13=1},,,,1,{gold=10000;rmb=10;talent_point=1},{x=1478;y=315},{y=435;x=1663},<<1158;374>;<1478;315>>,,,,1,,,,,,,,,,,,,,,,,,,,
11109,训练家学校,,<{advance=8;unitId=60082;level=49};{advance=8;unitId=61353;level=49};{advance=8;unitId=60082;level=49};{advance=8;unitId=61353;level=49}>,<{advance=10;unitId=181293;level=49}>,,,4,,,,,,,,battle/scene/bg_xcdg.jpg,config/big_hero/normal/img_254_xyw@.png,,21,,,,<{key=1;value=1};{key=2;value=2};{key=3;value=6}>,49,292,292,,,,,6,120,6,{5000=0;5010=0;5015=0},1225,,{12=1;13=1},{12=2;13=1},,,,,,{x=1884;y=493},,<<1478;315>;<1663;435>;<1884;493>>,,,,,,,,,,,,,,,,,,,,,,,,
11110,训练家学校,,<>,<{advance=10;unitId=181961;level=49}>,config/portrait/simple/img_382_gok@.png,,4,,,,,,,,battle/scene/bg_xcdg.jpg,config/big_hero/normal/img_382_gok@.png,,21,,,,<{key=1;value=1};{key=2;value=2};{key=3;value=6}>,49,295,295,,,,,6,120,6,{5000=0;5010=0;5015=0},1225,,{12=1;13=1},{12=2;13=1},,,,,,{x=2056;y=676},,<<1884;493>;<2056;676>>,,,,,,,,,,,,,,,,,,,,,,,,
11201,好奥乐市,,<{advance=8;unitId=60792;level=50};{advance=8;unitId=60571;level=50};{advance=8;unitId=60792;level=50}>,<{advance=10;unitId=70033;level=50}>,,,4,,,,,,,,battle/scene/bg_xcdg.jpg,config/big_hero/normal/img_12_bdd@.png,,22,,,,<{key=1;value=1};{key=2;value=2};{key=3;value=6}>,50,298,298,,,,,6,120,6,{5000=0;5008=0;5016=0},1890,,{12=2;13=1},{12=3;13=1},,,,1,,{x=1554;y=285},,<<1554;285>>,,,,1,,,,,,,,,,,,,,,,,,,,
11202,好奥乐市,,<{advance=9;unitId=50601;level=51};{advance=9;unitId=60692;level=51};{advance=9;unitId=50601;level=51};{advance=9;unitId=60482;level=51};{advance=9;unitId=60482;level=51}>,<{advance=11;unitId=72683;level=51}>,config/portrait/simple/img_545_wgw@.png,,4,,,,,,,,battle/scene/bg_xcdg.jpg,config/big_hero/normal/img_545_wgw@.png,,22,,,,<{key=1;value=1};{key=2;value=2};{key=3;value=6}>,51,301,301,,,,,6,120,6,{5000=0;5008=0;5016=0},1890,,{12=2;13=1},{12=3;13=1},,,,,{gold=10000;rmb=10;talent_point=1},{x=1289;y=446},{y=323;x=1086},<<1554;285>;<1289;446>>,,,,,,,,,,,,,,,,,,,,,,,,
11203,好奥乐市,,<{advance=9;unitId=60603;level=51};{advance=9;unitId=60272;level=51};{advance=9;unitId=60603;level=51};{advance=9;unitId=60272;level=51}>,<{advance=11;unitId=70043;level=51}>,,,4,,,,,,,,battle/scene/bg_xcdg.jpg,config/big_hero/normal/img_15_dzf@.png,,22,,,,<{key=1;value=1};{key=2;value=2};{key=3;value=6}>,51,304,304,,,,,6,120,6,{5000=0;5008=0;5016=0},1890,,{12=2;13=1},{12=3;13=1},,,,,,{x=1045;y=565},,<<1289;446>;<1086;323>;<1045;565>>,,,,,,,,,,,,,,,,,,,,,,,,
11204,好奥乐市,,<{advance=9;unitId=60392;level=52};{advance=9;unitId=60392;level=52};{advance=9;unitId=60262;level=52};{advance=9;unitId=60262;level=52}>,<{advance=11;unitId=70333;level=52}>,config/portrait/simple/img_462_zbcg@.png,,4,,,,,,,,battle/scene/bg_xcdg.jpg,config/big_hero/normal/img_462_zbcg@.png,,22,,,,<{key=1;value=1};{key=2;value=2};{key=3;value=6}>,52,307,307,,,,,6,120,6,{5000=0;5008=0;5016=0},1890,,{12=2;13=1},{12=3;13=1},,,,,{gold=10000;rmb=10;talent_point=1},{x=643;y=619},{y=730;x=809},<<1045;565>;<693;526>;<643;619>>,,,,,,,,,,,,,,,,,,,,,,,,
11205,好奥乐市,,<{advance=9;unitId=60392;level=53};{advance=9;unitId=60092;level=53};{advance=9;unitId=60392;level=53}>,<{advance=11;unitId=70572;level=53}>,,,4,,,,,,,,battle/scene/bg_xcdg.jpg,config/big_hero/normal/img_212_jqtl@.png,,22,,,,<{key=1;value=1};{key=2;value=2};{key=3;value=6}>,53,310,310,,,,,6,120,6,{5000=0;5009=0;5017=0},1890,,{12=2;13=1},{12=3;13=1},,,,1,,{x=767;y=920},,<<643;619>;<809;730>;<887;812>;<767;920>>,,,,1,,,,,,,,,,,,,,,,,,,,
11206,好奥乐市,,<{advance=9;unitId=50101;level=54};{advance=9;unitId=60571;level=54};{advance=9;unitId=50101;level=54};{advance=9;unitId=60133;level=54};{advance=9;unitId=60133;level=54}>,<{advance=11;unitId=180593;level=54}>,config/portrait/simple/img_466_djms@.png,,4,,,,,,,,battle/scene/bg_xcdg.jpg,config/big_hero/normal/img_466_djms@.png,,22,,,,<{key=1;value=1};{key=2;value=2};{key=3;value=6}>,54,313,313,,,,,6,120,6,{5000=0;5009=0;5017=0},1890,,{12=2;13=1},{12=3;13=1},,,,,{gold=10000;rmb=10;talent_point=1},{x=1178;y=1049},{y=864;x=1314},<<767;920>;<1178;1049>>,,,,,,,,,,,,,,,,,,,,,,,,
11207,好奥乐市,,<{advance=9;unitId=60272;level=55};{advance=9;unitId=60392;level=55};{advance=9;unitId=60272;level=55};{advance=9;unitId=60392;level=55}>,<{advance=11;unitId=70883;level=55}>,,,4,,,,,,,,battle/scene/bg_xcdg.jpg,config/big_hero/normal/img_181_dl@.png,,22,,,,<{key=1;value=1};{key=2;value=2};{key=3;value=6}>,55,316,316,,,,,6,120,6,{5000=0;5009=0;5017=0},1890,,{12=2;13=1},{12=3;13=1},,,,,,{x=1527;y=696},,<<1178;1049>;<1268;1000>;<1314;864>;<1251;702>;<1527;696>>,,,,,,,,,,,,,,,,,,,,,,,,
11208,好奥乐市,,<{advance=9;unitId=60552;level=55};{advance=9;unitId=60552;level=55};{advance=9;unitId=61612;level=55};{advance=9;unitId=61612;level=55}>,<{advance=11;unitId=72073;level=55}>,config/portrait/simple/img_405_lqm@.png,,4,,,,,,,,battle/scene/bg_xcdg.jpg,config/big_hero/normal/img_405_lqm@.png,,22,,,,<{key=1;value=1};{key=2;value=2};{key=3;value=6}>,55,319,319,,,,,6,120,6,{5000=0;5007=0;5018=0},1890,,{12=2;13=1},{12=3;13=1},,,,1,{gold=10000;rmb=10;talent_point=1},{x=1716;y=788},{y=718;x=1965},<<1527;696>;<1716;788>>,,,,1,,,,,,,,,,,,,,,,,,,,
11209,好奥乐市,,<{advance=10;unitId=62482;level=56};{advance=10;unitId=60572;level=56};{advance=10;unitId=62482;level=56}>,<{advance=12;unitId=181221;level=56}>,,,4,,,,,,,,battle/scene/bg_xcdg.jpg,config/big_hero/normal/img_243_lg@.png,,22,,,,<{key=1;value=1};{key=2;value=2};{key=3;value=6}>,56,322,322,,,,,6,120,6,{5000=0;5007=0;5018=0},1890,,{12=2;13=1},{12=3;13=1},,,,,,{x=2169;y=856},,<<1716;788>;<1965;718>;<2169;856>>,,,,,,,,,,,,,,,,,,,,,,,,
11210,好奥乐市,,<>,<{advance=12;unitId=183631;level=57}>,config/portrait/simple/img_719_dax@.png,,4,,,,,,,,battle/scene/bg_xcdg.jpg,config/big_hero/normal/img_719_dax@.png,,22,,,,<{key=1;value=1};{key=2;value=2};{key=3;value=6}>,57,325,325,,,,,6,120,6,{5000=0;5007=0;5018=0},1890,,{12=2;13=1},{12=3;13=1},,,,,,{x=1892;y=1002},,<<2169;856>;<1892;1002>>,,,,,,,,,,,,,,,,,,,,,,,,
11301,对战开拓区,,<{advance=10;unitId=63302;level=58};{advance=10;unitId=63302;level=58};{advance=10;unitId=63302;level=58}>,<{advance=12;unitId=72822;level=58}>,,,4,,,,,,,,battle/scene/bg_xcdg.jpg,config/big_hero/normal/img_571_slyk@.png,,23,,,,<{key=1;value=1};{key=2;value=2};{key=3;value=6}>,58,329,329,,,,,6,120,6,{5000=0;5016=0},2100,,{13=2},{12=2;13=2},,,,1,,{x=1446;y=271},,<<1446;271>>,,,,1,,,,,,,,,,,,,,,,,,,,
11302,对战开拓区,,<{advance=10;unitId=52271;level=59};{advance=10;unitId=60272;level=59};{advance=10;unitId=52271;level=59};{advance=10;unitId=60002;level=59};{advance=10;unitId=60002;level=59}>,<{advance=12;unitId=73143;level=59}>,config/portrait/simple/img_635_ssel@.png,,4,,,,,,,,battle/scene/bg_xcdg.jpg,config/big_hero/normal/img_635_ssel@.png,,23,,,,<{key=1;value=1};{key=2;value=2};{key=3;value=6}>,59,333,333,,,,,6,120,6,{5000=0;5016=0},2100,,{13=2},{12=2;13=2},,,,,{gold=10000;rmb=10;talent_point=1},{x=1138;y=425},{y=392;x=1002},<<1446;271>;<1500;318>;<1214;455>;<1138;425>>,,,,,,,,,,,,,,,,,,,,,,,,
11303,对战开拓区,,<{advance=10;unitId=60092;level=59};{advance=10;unitId=63542;level=59};{advance=10;unitId=60092;level=59};{advance=10;unitId=63542;level=59}>,<{advance=12;unitId=73303;level=59}>,,,4,,,,,,,,battle/scene/bg_xcdg.jpg,config/big_hero/normal/img_658_jhrw@.png,,23,,,,<{key=1;value=1};{key=2;value=2};{key=3;value=6}>,59,337,337,,,,,6,120,6,{5000=0;5016=0},2100,,{13=2},{12=2;13=2},,,,,,{x=777;y=652},,<<1138;425>;<1002;392>;<1102;495>;<777;652>>,,,,,,,,,,,,,,,,,,,,,,,,
11304,对战开拓区,,<{advance=10;unitId=60792;level=60};{advance=10;unitId=60792;level=60};{advance=10;unitId=60571;level=60};{advance=10;unitId=60571;level=60}>,<{advance=12;unitId=70014;level=60}>,config/portrait/simple/img_6_cjphlx@.png,,4,,,,,,,,battle/scene/bg_xcdg.jpg,config/big_hero/normal/img_6_cjphlx@.png,,23,,,,<{key=1;value=1};{key=2;value=2};{key=3;value=6}>,60,341,341,,,,,6,120,6,{5000=0;5016=0},2100,,{13=2},{12=2;13=2},,,,,{gold=10000;rmb=10;talent_point=1},{x=815;y=893},{y=912;x=974},<<777;652>;<843;745>;<874;866>;<815;893>>,,,,,,,,,,,,,,,,,,,,,,,,
11305,对战开拓区,,<{advance=10;unitId=63302;level=61};{advance=10;unitId=60262;level=61};{advance=10;unitId=63302;level=61}>,<{advance=12;unitId=72231;level=61}>,,,4,,,,,,,,battle/scene/bg_xcdg.jpg,config/big_hero/normal/img_443_yls@.png,,23,,,,<{key=1;value=1};{key=2;value=2};{key=3;value=6}>,61,345,345,,,,,6,120,6,{5000=0;5017=0},2100,,{13=2},{12=2;13=2},,,,1,,{x=1192;y=813},,<<815;893>;<974;912>;<1106;893>;<1192;813>>,,,,1,,,,,,,,,,,,,,,,,,,,
11306,对战开拓区,,<{advance=11;unitId=51421;level=62};{advance=11;unitId=60262;level=62};{advance=11;unitId=51421;level=62};{advance=11;unitId=60593;level=62};{advance=11;unitId=60593;level=62}>,<{advance=12;unitId=181893;level=62}>,config/portrait/simple/img_373_bfl@.png,,4,,,,,,,,battle/scene/bg_xcdg.jpg,config/big_hero/normal/img_373_bfl@.png,,23,,,,<{key=1;value=1};{key=2;value=2};{key=3;value=6}>,62,349,349,,,,,6,120,6,{5000=0;5017=0},2100,,{13=2},{12=2;13=2},,,,,{gold=10000;rmb=10;talent_point=1},{x=1414;y=690},{y=575;x=1581},<<1192;813>;<1414;690>>,,,,,,,,,,,,,,,,,,,,,,,,
11307,对战开拓区,,<{advance=11;unitId=61422;level=63};{advance=11;unitId=60002;level=63};{advance=11;unitId=61422;level=63};{advance=11;unitId=60002;level=63}>,<{advance=12;unitId=71841;level=63}>,,,4,,,,,,,,battle/scene/bg_xcdg.jpg,config/big_hero/normal/img_359_absl@.png,,23,,,,<{key=1;value=1};{key=2;value=2};{key=3;value=6}>,63,353,353,,,,,6,120,6,{5000=0;5017=0},2100,,{13=2},{12=2;13=2},,,,,,{x=1660;y=766},,<<1414;690>;<1581;575>;<1660;766>>,,,,,,,,,,,,,,,,,,,,,,,,
11308,对战开拓区,,<{advance=11;unitId=60072;level=63};{advance=11;unitId=60072;level=63};{advance=11;unitId=60692;level=63};{advance=11;unitId=60692;level=63}>,<{advance=12;unitId=70493;level=63}>,config/portrait/simple/img_464_cjkx@.png,,4,,,,,,,,battle/scene/bg_xcdg.jpg,config/big_hero/normal/img_464_cjkx@.png,,23,,,,<{key=1;value=1};{key=2;value=2};{key=3;value=6}>,63,357,357,,,,,6,120,6,{5000=0;5018=0},2100,,{13=2},{12=2;13=2},,,,1,{gold=10000;rmb=10;talent_point=1},{x=1883;y=641},{y=784;x=2081},<<1660;766>;<1883;641>>,,,,1,,,,,,,,,,,,,,,,,,,,
11309,对战开拓区,,<{advance=11;unitId=63302;level=64};{advance=11;unitId=60333;level=64};{advance=11;unitId=63302;level=64}>,<{advance=13;unitId=193413;level=64}>,,,4,,,,,,,,battle/scene/bg_xcdg.jpg,config/big_hero/normal/img_681_jdjg@.png,,23,,,,<{key=1;value=1};{key=2;value=2};{key=3;value=6}>,64,361,361,,,,,6,120,6,{5000=0;5018=0},2100,,{13=2},{12=2;13=2},,,,,,{x=1808;y=941},,<<1883;641>;<1904;764>;<2081;784>;<1808;941>>,,,,,,,,,,,,,,,,,,,,,,,,
11310,对战开拓区,,<>,<{advance=13;unitId=180394;level=65}>,config/portrait/simple/img_94_cjgg@.png,,4,,,,,,,,battle/scene/bg_xcdg.jpg,config/big_hero/normal/img_94_cjgg@.png,,23,,,,<{key=1;value=1};{key=2;value=2};{key=3;value=6}>,65,365,365,,,,,6,120,6,{5000=0;5018=0},2100,,{13=2},{12=2;13=2},,,,,,{x=1567;y=1047},,<<1808;941>;<1567;1047>>,,,,,,,,,,,,,,,,,,,,,,,,
11401,圆朱市,,<{advance=10;unitId=60472;level=66};{advance=10;unitId=60132;level=66};{advance=10;unitId=60472;level=66}>,<{advance=12;unitId=70051;level=66}>,,,4,,,,,,,,battle/scene/bg_xcdg.jpg,config/big_hero/normal/img_16_bb@.png,,24,,,,<{key=1;value=1};{key=2;value=2};{key=3;value=6}>,66,369,369,,,,,6,120,6,{5000=0;5011=0;5019=0},2310,,{12=1;13=2},{12=3;13=2},,,,1,,{x=629;y=459},,<<629;459>>,,,,1,,,,,,,,,,,,,,,,,,,,
11402,圆朱市,,<{advance=10;unitId=53301;level=67};{advance=10;unitId=61252;level=67};{advance=10;unitId=53301;level=67};{advance=10;unitId=60022;level=67};{advance=10;unitId=60022;level=67}>,<{advance=12;unitId=70571;level=67}>,config/portrait/simple/img_123_fttl@.png,,4,,,,,,,,battle/scene/bg_xcdg.jpg,config/big_hero/normal/img_123_fttl@.png,,24,,,,<{key=1;value=1};{key=2;value=2};{key=3;value=6}>,67,373,373,,,,,6,120,6,{5000=0;5011=0;5019=0},2310,,{12=1;13=2},{12=3;13=2},,,,,{gold=10000;rmb=10;talent_point=1},{x=939;y=469},{y=577;x=1130},<<629;459>;<703;504>;<852;426>;<939;469>>,,,,,,,,,,,,,,,,,,,,,,,,
11403,圆朱市,,<{advance=10;unitId=60472;level=68};{advance=10;unitId=60262;level=68};{advance=10;unitId=60472;level=68};{advance=10;unitId=60262;level=68}>,<{advance=12;unitId=70013;level=68}>,,,4,,,,,,,,battle/scene/bg_xcdg.jpg,config/big_hero/normal/img_6_phl@.png,,24,,,,<{key=1;value=1};{key=2;value=2};{key=3;value=6}>,68,377,377,,,,,6,120,6,{5000=0;5011=0;5019=0},2310,,{12=1;13=2},{12=3;13=2},,,,,,{x=797;y=769},,<<939;469>;<1130;577>;<797;769>>,,,,,,,,,,,,,,,,,,,,,,,,
11404,圆朱市,,<{advance=10;unitId=60552;level=69};{advance=10;unitId=60552;level=69};{advance=10;unitId=61172;level=69};{advance=10;unitId=61172;level=69}>,<{advance=12;unitId=70044;level=69}>,config/portrait/simple/img_15_cjdzf@.png,,4,,,,,,,,battle/scene/bg_xcdg.jpg,config/big_hero/normal/img_15_cjdzf@.png,,24,,,,<{key=1;value=1};{key=2;value=2};{key=3;value=6}>,69,381,381,,,,,6,120,6,{5000=0;5011=0;5019=0},2310,,{12=1;13=2},{12=3;13=2},,,,,{gold=10000;rmb=10;talent_point=1},{x=1061;y=843},{y=829;x=1213},<<797;769>;<892;769>;<1061;843>>,,,,,,,,,,,,,,,,,,,,,,,,
11405,圆朱市,,<{advance=10;unitId=60552;level=70};{advance=10;unitId=60792;level=70};{advance=10;unitId=60552;level=70}>,<{advance=12;unitId=70632;level=70}>,,,4,,,,,,,,battle/scene/bg_xcdg.jpg,config/big_hero/normal/img_130_bll@.png,,24,,,,<{key=1;value=1};{key=2;value=2};{key=3;value=6}>,70,385,385,,,,,6,120,6,{5000=0;5012=0;5020=0},2310,,{12=1;13=2},{12=3;13=2},,,,1,,{x=1333;y=547},,<<1061;843>;<1155;843>;<1213;829>;<1423;689>;<1271;631>;<1333;547>>,,,,1,,,,,,,,,,,,,,,,,,,,
11406,圆朱市,,<{advance=11;unitId=50021;level=71};{advance=11;unitId=60392;level=71};{advance=11;unitId=50021;level=71};{advance=11;unitId=62012;level=71};{advance=11;unitId=62012;level=71}>,<{advance=12;unitId=182233;level=71}>,config/portrait/simple/img_445_lyls@.png,,4,,,,,,,,battle/scene/bg_xcdg.jpg,config/big_hero/normal/img_445_lyls@.png,,24,,,,<{key=1;value=1};{key=2;value=2};{key=3;value=6}>,71,389,389,,,,,6,120,6,{5000=0;5012=0;5020=0},2310,,{12=1;13=2},{12=3;13=2},,,,,{gold=10000;rmb=10;talent_point=1},{x=1609;y=493},{y=573;x=1760},<<1333;547>;<1516;448>;<1609;493>>,,,,,,,,,,,,,,,,,,,,,,,,
11407,圆朱市,,<{advance=11;unitId=60092;level=72};{advance=11;unitId=60592;level=72};{advance=11;unitId=60092;level=72};{advance=11;unitId=60592;level=72}>,<{advance=12;unitId=73543;level=72}>,,,4,,,,,,,,battle/scene/bg_xcdg.jpg,config/big_hero/normal/img_706_nml@.png,,24,,,,<{key=1;value=1};{key=2;value=2};{key=3;value=6}>,72,393,393,,,,,6,120,6,{5000=0;5012=0;5020=0},2310,,{12=1;13=2},{12=3;13=2},,,,,,{x=1957;y=642},,<<1609;493>;<1760;573>;<1957;642>>,,,,,,,,,,,,,,,,,,,,,,,,
11408,圆朱市,,<{advance=11;unitId=60572;level=73};{advance=11;unitId=60572;level=73};{advance=11;unitId=60603;level=73};{advance=11;unitId=60603;level=73}>,<{advance=12;unitId=73143;level=73}>,config/portrait/simple/img_635_ssel@.png,,4,,,,,,,,battle/scene/bg_xcdg.jpg,config/big_hero/normal/img_635_ssel@.png,,24,,,,<{key=1;value=1};{key=2;value=2};{key=3;value=6}>,73,397,397,,,,,6,120,6,{5000=0;5010=0;5021=0},2310,,{12=1;13=2},{12=3;13=2},,,,1,{gold=10000;rmb=10;talent_point=1},{x=1963;y=947},{y=843;x=1760},<<1957;642>;<1933;762>;<2016;893>;<1963;947>>,,,,1,,,,,,,,,,,,,,,,,,,,
11409,圆朱市,,<{advance=11;unitId=60793;level=74};{advance=11;unitId=63472;level=74};{advance=11;unitId=60793;level=74}>,<{advance=13;unitId=183003;level=74}>,,,4,,,,,,,,battle/scene/bg_xcdg.jpg,config/big_hero/normal/img_612_sfzl@.png,,24,,,,<{key=1;value=1};{key=2;value=2};{key=3;value=6}>,74,401,401,,,,,6,120,6,{5000=0;5010=0;5021=0},2310,,{12=1;13=2},{12=3;13=2},,,,,,{x=1566;y=853},,<<1963;947>;<1760;843>;<1639;815>;<1566;853>>,,,,,,,,,,,,,,,,,,,,,,,,
11410,圆朱市,,<>,<{advance=13;unitId=181981;level=75}>,config/portrait/simple/img_384_lkz@.png,,4,,,,,,,,battle/scene/bg_xcdg.jpg,config/big_hero/normal/img_384_lkz@.png,,24,,,,<{key=1;value=1};{key=2;value=2};{key=3;value=6}>,75,405,405,,,,,6,120,6,{5000=0;5010=0;5021=0},2310,,{12=1;13=2},{12=3;13=2},,,,,,{x=1387;y=951},,<<1566;853>;<1387;951>>,,,,,,,,,,,,,,,,,,,,,,,,
11501,古代祭坛,,<{advance=11;unitId=62482;level=76};{advance=11;unitId=61353;level=76}>,<{advance=12;unitId=70173;level=76}>,,,4,,,,,,,,battle/scene/bg_xcdg.jpg,config/big_hero/normal/img_45_bwh@.png,,25,,,,<{key=1;value=1};{key=2;value=2};{key=3;value=6}>,76,409,409,,,,,6,120,6,{5000=0;5019=0},2520,,{12=2;13=2},{12=1;13=3},,,,1,,{x=727;y=343},,<<727;343>>,,,,1,,,,,,,,,,,,,,,,,,,,
11502,古代祭坛,,<{advance=11;unitId=53302;level=77};{advance=11;unitId=53302;level=77};{advance=11;unitId=60132;level=77};{advance=11;unitId=60132;level=77}>,<{advance=12;unitId=70283;level=77}>,config/portrait/simple/img_71_dsh@.png,,4,,,,,,,,battle/scene/bg_xcdg.jpg,config/big_hero/normal/img_71_dsh@.png,,25,,,,<{key=1;value=1};{key=2;value=2};{key=3;value=6}>,77,413,413,,,,,6,120,6,{5000=0;5019=0},2520,,{12=2;13=2},{12=1;13=3},,,,,{gold=10000;rmb=10;talent_point=1},{x=417;y=590},{y=711;x=587},<<727;343>;<417;590>>,,,,,,,,,,,,,,,,,,,,,,,,
11503,古代祭坛,,<{advance=11;unitId=60571;level=78};{advance=11;unitId=60571;level=78}>,<{advance=12;unitId=71292;level=78}>,,,4,,,,,,,,battle/scene/bg_xcdg.jpg,config/big_hero/normal/img_253_slxy@.png,,25,,,,<{key=1;value=1};{key=2;value=2};{key=3;value=6}>,78,417,417,,,,,6,120,6,{5000=0;5019=0},2520,,{12=2;13=2},{12=1;13=3},,,,,,{x=664;y=868},,<<417;590>;<587;711>;<664;746>;<664;868>>,,,,,,,,,,,,,,,,,,,,,,,,
11504,古代祭坛,,<{advance=11;unitId=60471;level=79};{advance=11;unitId=60471;level=79};{advance=11;unitId=60482;level=79};{advance=11;unitId=60482;level=79}>,<{advance=12;unitId=73283;level=79}>,config/portrait/simple/img_652_blkl@.png,,4,,,,,,,,battle/scene/bg_xcdg.jpg,config/big_hero/normal/img_652_blkl@.png,,25,,,,<{key=1;value=1};{key=2;value=2};{key=3;value=6}>,79,421,421,,,,,6,120,6,{5000=0;5019=0},2520,,{12=2;13=2},{12=1;13=3},,,,,{gold=10000;rmb=10;talent_point=1},{x=1001;y=908},{y=1007;x=1193},<<664;868>;<843;828>;<1001;908>>,,,,,,,,,,,,,,,,,,,,,,,,
11505,古代祭坛,,<{advance=11;unitId=60472;level=80};{advance=11;unitId=60053;level=80}>,<{advance=12;unitId=72013;level=80}>,,,4,,,,,,,,battle/scene/bg_xcdg.jpg,config/big_hero/normal/img_389_ttg@.png,,25,,,,<{key=1;value=1};{key=2;value=2};{key=3;value=6}>,80,425,425,,,,,6,120,6,{5000=0;5020=0},2520,,{12=2;13=2},{12=1;13=3},,,,1,,{x=1171;y=591},,<<1001;908>;<1193;1007>;<1241;878>;<1171;788>;<1171;591>>,,,,1,,,,,,,,,,,,,,,,,,,,
11506,古代祭坛,,<{advance=11;unitId=50092;level=81};{advance=11;unitId=50092;level=81};{advance=11;unitId=60263;level=81};{advance=11;unitId=60263;level=81}>,<{advance=12;unitId=181251;level=81}>,config/portrait/simple/img_246_yjls@.png,,4,,,,,,,,battle/scene/bg_xcdg.jpg,config/big_hero/normal/img_246_yjls@.png,,25,,,,<{key=1;value=1};{key=2;value=2};{key=3;value=6}>,81,429,429,,,,,6,120,6,{5000=0;5020=0},2520,,{12=2;13=2},{12=1;13=3},,,,,{gold=10000;rmb=10;talent_point=1},{x=1417;y=668},{y=838;x=1565},<<1171;591>;<1335;601>;<1417;668>>,,,,,,,,,,,,,,,,,,,,,,,,
11507,古代祭坛,,<{advance=11;unitId=60043;level=82};{advance=11;unitId=60043;level=82}>,<{advance=12;unitId=70303;level=82}>,,,4,,,,,,,,battle/scene/bg_xcdg.jpg,config/big_hero/normal/img_75_lls@.png,,25,,,,<{key=1;value=1};{key=2;value=2};{key=3;value=6}>,82,433,433,,,,,6,120,6,{5000=0;5020=0},2520,,{12=2;13=2},{12=1;13=3},,,,,,{x=1774;y=591},,<<1417;668>;<1530;580>;<1643;689>;<1565;838>;<1774;591>>,,,,,,,,,,,,,,,,,,,,,,,,
11508,古代祭坛,,<{advance=11;unitId=60451;level=83};{advance=11;unitId=60451;level=83};{advance=11;unitId=60102;level=83};{advance=11;unitId=60102;level=83}>,<{advance=12;unitId=72591;level=83}>,config/portrait/simple/img_524_swz@.png,,4,,,,,,,,battle/scene/bg_xcdg.jpg,config/big_hero/normal/img_524_swz@.png,,25,,,,<{key=1;value=1};{key=2;value=2};{key=3;value=6}>,83,437,437,,,,,6,120,6,{5000=0;5021=0},2520,,{12=2;13=2},{12=1;13=3},,,,1,{gold=10000;rmb=10;talent_point=1},{x=2153;y=669},{y=841;x=1953},<<1774;591>;<1967;711>;<2153;669>>,,,,1,,,,,,,,,,,,,,,,,,,,
11509,古代祭坛,,<{advance=11;unitId=60082;level=84};{advance=11;unitId=61353;level=84}>,<{advance=13;unitId=182593;level=84}>,,,4,,,,,,,,battle/scene/bg_xcdg.jpg,config/big_hero/normal/img_526_pyg@.png,,25,,,,<{key=1;value=1};{key=2;value=2};{key=3;value=6}>,84,441,441,,,,,6,120,6,{5000=0;5021=0},2520,,{12=2;13=2},{12=1;13=3},,,,,,{x=1702;y=953},,<<2153;669>;<1953;841>;<1702;953>>,,,,,,,,,,,,,,,,,,,,,,,,
11510,古代祭坛,,<>,<{advance=13;unitId=182303;level=85}>,config/portrait/simple/img_460_cjbxw@.png,,4,,,,,,,,battle/scene/bg_xcdg.jpg,config/big_hero/normal/img_460_cjbxw@.png,,25,,,,<{key=1;value=1};{key=2;value=2};{key=3;value=6}>,85,445,445,,,,,6,120,6,{5000=0;5021=0},2520,,{12=2;13=2},{12=1;13=3},,,,,,{x=1869;y=1030},,<<1702;953>;<1869;1030>>,,,,,,,,,,,,,,,,,,,,,,,,
11601,凛冽冻原,,<{advance=11;unitId=60792;level=86};{advance=11;unitId=60571;level=86};{advance=11;unitId=60792;level=86}>,<{advance=12;unitId=71171;level=86}>,,,4,,,,,,,,battle/scene/bg_xcdg.jpg,config/big_hero/normal/img_228_dlb@.png,,26,,,,<{key=1;value=1};{key=2;value=2};{key=3;value=6}>,86,449,449,,,,,6,120,6,{5000=0;5014=0;5022=0},2730,,{14=1},{12=3;14=1},,,,1,,{x=365;y=724},,<<365;724>>,,,,1,,,,,,,,,,,,,,,,,,,,
11602,凛冽冻原,,<{advance=11;unitId=50601;level=87};{advance=11;unitId=60692;level=87};{advance=11;unitId=50601;level=87};{advance=11;unitId=60482;level=87};{advance=11;unitId=60482;level=87}>,<{advance=12;unitId=73502;level=87}>,config/portrait/simple/img_699_bxjl@.png,,4,,,,,,,,battle/scene/bg_xcdg.jpg,config/big_hero/normal/img_699_bxjl@.png,,26,,,,<{key=1;value=1};{key=2;value=2};{key=3;value=6}>,87,453,453,,,,,6,120,6,{5000=0;5014=0;5022=0},2730,,{14=1},{12=3;14=1},,,,,{gold=10000;rmb=10;talent_point=1},{x=719;y=830},{y=612;x=719},<<365;724>;<429;666>;<616;745>;<719;830>>,,,,,,,,,,,,,,,,,,,,,,,,
11603,凛冽冻原,,<{advance=11;unitId=60603;level=88};{advance=11;unitId=60272;level=88};{advance=11;unitId=60603;level=88};{advance=11;unitId=60272;level=88}>,<{advance=12;unitId=72302;level=88}>,,,4,,,,,,,,battle/scene/bg_xcdg.jpg,config/big_hero/normal/img_460_bxw@.png,,26,,,,<{key=1;value=1};{key=2;value=2};{key=3;value=6}>,88,457,457,,,,,6,120,6,{5000=0;5014=0;5022=0},2730,,{14=1},{12=3;14=1},,,,,,{x=929;y=490},,<<719;830>;<719;612>;<794;556>;<929;490>>,,,,,,,,,,,,,,,,,,,,,,,,
11604,凛冽冻原,,<{advance=11;unitId=60392;level=89};{advance=11;unitId=60392;level=89};{advance=11;unitId=60262;level=89};{advance=11;unitId=60262;level=89}>,<{advance=12;unitId=70393;level=89}>,config/portrait/simple/img_94_gg@.png,,4,,,,,,,,battle/scene/bg_xcdg.jpg,config/big_hero/normal/img_94_gg@.png,,26,,,,<{key=1;value=1};{key=2;value=2};{key=3;value=6}>,89,461,461,,,,,6,120,6,{5000=0;5014=0;5022=0},2730,,{14=1},{12=3;14=1},,,,,{gold=10000;rmb=10;talent_point=1},{x=1229;y=413},{y=506;x=1404},<<929;490>;<1101;506>;<1229;413>>,,,,,,,,,,,,,,,,,,,,,,,,
11605,凛冽冻原,,<{advance=11;unitId=60392;level=90};{advance=11;unitId=60092;level=90};{advance=11;unitId=60392;level=90}>,<{advance=12;unitId=71863;level=90}>,,,4,,,,,,,,battle/scene/bg_xcdg.jpg,config/big_hero/normal/img_365_dyhs@.png,,26,,,,<{key=1;value=1};{key=2;value=2};{key=3;value=6}>,90,465,465,,,,,6,120,6,{5000=0;5015=0;5023=0},2730,,{14=1},{12=3;14=1},,,,1,,{x=1481;y=642},,<<1229;413>;<1404;506>;<1481;642>>,,,,1,,,,,,,,,,,,,,,,,,,,
11606,凛冽冻原,,<{advance=11;unitId=50101;level=91};{advance=11;unitId=60571;level=91};{advance=11;unitId=50101;level=91};{advance=11;unitId=60133;level=91};{advance=11;unitId=60133;level=91}>,<{advance=12;unitId=181082;level=91}>,config/portrait/simple/img_461_mnl@.png,,4,,,,,,,,battle/scene/bg_xcdg.jpg,config/big_hero/normal/img_461_mnl@.png,,26,,,,<{key=1;value=1};{key=2;value=2};{key=3;value=6}>,91,469,469,,,,,6,120,6,{5000=0;5015=0;5023=0},2730,,{14=1},{12=3;14=1},,,,,{gold=10000;rmb=10;talent_point=1},{x=1302;y=921},{y=982;x=1512},<<1481;642>;<1481;776>;<1302;921>>,,,,,,,,,,,,,,,,,,,,,,,,
11607,凛冽冻原,,<{advance=11;unitId=60272;level=92};{advance=11;unitId=60392;level=92};{advance=11;unitId=60272;level=92};{advance=11;unitId=60392;level=92}>,<{advance=12;unitId=72873;level=92}>,,,4,,,,,,,,battle/scene/bg_xcdg.jpg,config/big_hero/normal/img_584_sbddb@.png,,26,,,,<{key=1;value=1};{key=2;value=2};{key=3;value=6}>,92,473,473,,,,,6,120,6,{5000=0;5015=0;5023=0},2730,,{14=1},{12=3;14=1},,,,,,{x=1762;y=891},,<<1302;921>;<1512;982>;<1600;975>;<1762;891>>,,,,,,,,,,,,,,,,,,,,,,,,
11608,凛冽冻原,,<{advance=11;unitId=60552;level=93};{advance=11;unitId=60552;level=93};{advance=11;unitId=61612;level=93};{advance=11;unitId=61612;level=93}>,<{advance=12;unitId=73012;level=93}>,config/portrait/simple/img_614_dyx@.png,,4,,,,,,,,battle/scene/bg_xcdg.jpg,config/big_hero/normal/img_614_dyx@.png,,26,,,,<{key=1;value=1};{key=2;value=2};{key=3;value=6}>,93,477,477,,,,,6,120,6,{5000=0;5013=0;5024=0},2730,,{14=1},{12=3;14=1},,,,1,{gold=10000;rmb=10;talent_point=1},{x=2019;y=745},{y=535;x=2108},<<1762;891>;<2019;745>>,,,,1,,,,,,,,,,,,,,,,,,,,
11609,凛冽冻原,,<{advance=11;unitId=62482;level=94};{advance=11;unitId=60572;level=94};{advance=11;unitId=62482;level=94}>,<{advance=13;unitId=183021;level=94}>,,,4,,,,,,,,battle/scene/bg_xcdg.jpg,config/big_hero/normal/img_615_jhxh@.png,,26,,,,<{key=1;value=1};{key=2;value=2};{key=3;value=6}>,94,481,481,,,,,6,120,6,{5000=0;5013=0;5024=0},2730,,{14=1},{12=3;14=1},,,,,,{x=1901;y=577},,<<2019;745>;<2125;656>;<2108;535>;<1901;577>>,,,,,,,,,,,,,,,,,,,,,,,,
11610,凛冽冻原,,<>,<{advance=13;unitId=180721;level=95}>,config/portrait/simple/img_144_jdn@.png,,4,,,,,,,,battle/scene/bg_xcdg.jpg,config/big_hero/normal/img_144_jdn@.png,,26,,,,<{key=1;value=1};{key=2;value=2};{key=3;value=6}>,95,485,485,,,,,6,120,6,{5000=0;5013=0;5024=0},2730,,{14=1},{12=3;14=1},,,,,,{x=1708;y=301},,<<1901;577>;<1883;431>;<1708;301>>,,,,,,,,,,,,,,,,,,,,,,,,
11701,游乐园,,<{advance=12;unitId=63302;level=96};{advance=12;unitId=63302;level=96};{advance=12;unitId=63302;level=96}>,<{advance=12;unitId=70013;level=96}>,,,4,,,,,,,,battle/scene/bg_xcdg.jpg,config/big_hero/normal/img_6_phl@.png,,27,,,,<{key=1;value=1};{key=2;value=2};{key=3;value=6}>,96,490,490,,,,,6,120,6,{5000=0;5022=0},2940,,{13=1;14=1},{13=2;14=1},,,,1,,{x=638;y=301},,<<638;301>>,,,,1,,,,,,,,,,,,,,,,,,,,
11702,游乐园,,<{advance=12;unitId=52271;level=97};{advance=12;unitId=60272;level=97};{advance=12;unitId=52271;level=97};{advance=12;unitId=60002;level=97};{advance=12;unitId=60002;level=97}>,<{advance=12;unitId=70053;level=97}>,config/portrait/simple/img_18_dbn@.png,,4,,,,,,,,battle/scene/bg_xcdg.jpg,config/big_hero/normal/img_18_dbn@.png,,27,,,,<{key=1;value=1};{key=2;value=2};{key=3;value=6}>,97,495,495,,,,,6,120,6,{5000=0;5022=0},2940,,{13=1;14=1},{13=2;14=1},,,,,{gold=10000;rmb=10;talent_point=1},{x=892;y=305},{y=380;x=1041},<<638;301>;<892;305>>,,,,,,,,,,,,,,,,,,,,,,,,
11703,游乐园,,<{advance=12;unitId=60092;level=98};{advance=12;unitId=63542;level=98};{advance=12;unitId=60092;level=98};{advance=12;unitId=63542;level=98}>,<{advance=12;unitId=71394;level=98}>,,,4,,,,,,,,battle/scene/bg_xcdg.jpg,config/big_hero/normal/img_475_alld@.png,,27,,,,<{key=1;value=1};{key=2;value=2};{key=3;value=6}>,98,500,500,,,,,6,120,6,{5000=0;5022=0},2940,,{13=1;14=1},{13=2;14=1},,,,,,{x=715;y=642},,<<892;305>;<1041;380>;<1023;487>;<715;642>>,,,,,,,,,,,,,,,,,,,,,,,,
11704,游乐园,,<{advance=12;unitId=60792;level=99};{advance=12;unitId=60792;level=99};{advance=12;unitId=60571;level=99};{advance=12;unitId=60571;level=99}>,<{advance=12;unitId=72013;level=99}>,config/portrait/simple/img_389_ttg@.png,,4,,,,,,,,battle/scene/bg_xcdg.jpg,config/big_hero/normal/img_389_ttg@.png,,27,,,,<{key=1;value=1};{key=2;value=2};{key=3;value=6}>,,505,505,,,,,6,120,6,{5000=0;5022=0},2940,,{13=1;14=1},{13=2;14=1},,,,,{gold=10000;rmb=10;talent_point=1},{x=1119;y=582},{y=459;x=1298},<<715;642>;<805;675>;<1083;538>;<1119;582>>,,,,,,,,,,,,,,,,,,,,,,,,
11705,游乐园,,<{advance=12;unitId=63302;level=100};{advance=12;unitId=60262;level=100};{advance=12;unitId=63302;level=100}>,<{advance=12;unitId=70552;level=100}>,,,4,,,,,,,,battle/scene/bg_xcdg.jpg,config/big_hero/normal/img_121_bshx@.png,,27,,,,<{key=1;value=1};{key=2;value=2};{key=3;value=6}>,100,510,510,,,,,6,120,6,{5000=0;5023=0},2940,,{13=1;14=1},{13=2;14=1},,,,1,,{x=1452;y=489},,<<1119;582>;<1298;459>;<1452;489>>,,,,1,,,,,,,,,,,,,,,,,,,,
11706,游乐园,,<{advance=12;unitId=51421;level=101};{advance=12;unitId=60262;level=101};{advance=12;unitId=51421;level=101};{advance=12;unitId=60593;level=101};{advance=12;unitId=60593;level=101}>,<{advance=12;unitId=180333;level=101}>,config/portrait/simple/img_462_zbcg@.png,,4,,,,,,,,battle/scene/bg_xcdg.jpg,config/big_hero/normal/img_462_zbcg@.png,,27,,,,<{key=1;value=1};{key=2;value=2};{key=3;value=6}>,101,515,515,,,,,6,120,6,{5000=0;5023=0},2940,,{13=1;14=1},{13=2;14=1},,,,,{gold=10000;rmb=10;talent_point=1},{x=1751;y=470},{y=403;x=1947},<<1452;489>;<1626;523>;<1751;470>>,,,,,,,,,,,,,,,,,,,,,,,,
11707,游乐园,,<{advance=12;unitId=61422;level=102};{advance=12;unitId=60002;level=102};{advance=12;unitId=61422;level=102};{advance=12;unitId=60002;level=102}>,<{advance=12;unitId=70464;level=102}>,,,4,,,,,,,,battle/scene/bg_xcdg.jpg,config/big_hero/normal/img_237_zwl@.png,,27,,,,<{key=1;value=1};{key=2;value=2};{key=3;value=6}>,102,520,520,,,,,6,120,6,{5000=0;5023=0},2940,,{13=1;14=1},{13=2;14=1},,,,,,{x=2055;y=538},,<<1751;470>;<1947;403>;<1958;487>;<2055;538>>,,,,,,,,,,,,,,,,,,,,,,,,
11708,游乐园,,<{advance=12;unitId=60072;level=103};{advance=12;unitId=60072;level=103};{advance=12;unitId=60692;level=103};{advance=12;unitId=60692;level=103}>,<{advance=12;unitId=70793;level=103}>,config/portrait/simple/img_157_hbs@.png,,4,,,,,,,,battle/scene/bg_xcdg.jpg,config/big_hero/normal/img_157_hbs@.png,,27,,,,<{key=1;value=1};{key=2;value=2};{key=3;value=6}>,103,525,525,,,,,6,120,6,{5000=0;5024=0},2940,,{13=1;14=1},{13=2;14=1},,,,1,{gold=10000;rmb=10;talent_point=1},{x=1783;y=793},{y=811;x=1581},<<2055;538>;<2022;675>;<1783;793>>,,,,1,,,,,,,,,,,,,,,,,,,,
11709,游乐园,,<{advance=12;unitId=63302;level=104};{advance=12;unitId=60333;level=104};{advance=12;unitId=63302;level=104}>,<{advance=13;unitId=181303;level=104}>,,,4,,,,,,,,battle/scene/bg_xcdg.jpg,config/big_hero/normal/img_257_hyj@.png,,27,,,,<{key=1;value=1};{key=2;value=2};{key=3;value=6}>,104,530,530,,,,,6,120,6,{5000=0;5024=0},2940,,{13=1;14=1},{13=2;14=1},,,,,,{x=1371;y=857},,<<1783;793>;<1697;781>;<1581;811>;<1371;857>>,,,,,,,,,,,,,,,,,,,,,,,,
11710,游乐园,,<>,<{advance=13;unitId=180753;level=105}>,config/portrait/simple/img_149_kl@.png,,4,,,,,,,,battle/scene/bg_xcdg.jpg,config/big_hero/normal/img_149_kl@.png,,27,,,,<{key=1;value=1};{key=2;value=2};{key=3;value=6}>,105,535,535,,,,,6,120,6,{5000=0;5024=0},2940,,{13=1;14=1},{13=2;14=1},,,,,,{x=1390;y=1089},,<<1371;857>;<1352;953>;<1435;1023>;<1390;1089>>,,,,,,,,,,,,,,,,,,,,,,,,
11801,饲育家学校,,<{advance=12;unitId=60472;level=106};{advance=12;unitId=60132;level=106};{advance=12;unitId=60472;level=106}>,<{advance=12;unitId=72073;level=106}>,,,4,,,,,,,,battle/scene/bg_xcdg.jpg,config/big_hero/normal/img_405_lqm@.png,,28,,,,<{key=1;value=1};{key=2;value=2};{key=3;value=6}>,106,540,540,,,,,6,120,6,{5000=0;5017=0;5025=0},3150,,{13=2;14=1},{14=2},,,,1,,{x=1822;y=246},,<<1822;246>>,,,,1,,,,,,,,,,,,,,,,,,,,
11802,饲育家学校,,<{advance=12;unitId=53301;level=107};{advance=12;unitId=61252;level=107};{advance=12;unitId=53301;level=107};{advance=12;unitId=60022;level=107};{advance=12;unitId=60022;level=107}>,<{advance=12;unitId=72683;level=107}>,config/portrait/simple/img_545_wgw@.png,,4,,,,,,,,battle/scene/bg_xcdg.jpg,config/big_hero/normal/img_545_wgw@.png,,28,,,,<{key=1;value=1};{key=2;value=2};{key=3;value=6}>,107,545,545,,,,,6,120,6,{5000=0;5017=0;5025=0},3150,,{13=2;14=1},{14=2},,,,,{gold=10000;rmb=10;talent_point=1},{x=1290;y=279},{y=358;x=1456},<<1822;246>;<1290;279>>,,,,,,,,,,,,,,,,,,,,,,,,
11803,饲育家学校,,<{advance=12;unitId=60472;level=108};{advance=12;unitId=60262;level=108};{advance=12;unitId=60472;level=108};{advance=12;unitId=60262;level=108}>,<{advance=12;unitId=71423;level=108}>,,,4,,,,,,,,battle/scene/bg_xcdg.jpg,config/big_hero/normal/img_289_qjw@.png,,28,,,,<{key=1;value=1};{key=2;value=2};{key=3;value=6}>,108,550,550,,,,,6,120,6,{5000=0;5017=0;5025=0},3150,,{13=2;14=1},{14=2},,,,,,{x=1551;y=519},,<<1290;279>;<1456;358>;<1551;519>>,,,,,,,,,,,,,,,,,,,,,,,,
11804,饲育家学校,,<{advance=12;unitId=60552;level=109};{advance=12;unitId=60552;level=109};{advance=12;unitId=61172;level=109};{advance=12;unitId=61172;level=109}>,<{advance=12;unitId=70463;level=109}>,config/portrait/simple/img_107_kql@.png,,4,,,,,,,,battle/scene/bg_xcdg.jpg,config/big_hero/normal/img_107_kql@.png,,28,,,,<{key=1;value=1};{key=2;value=2};{key=3;value=6}>,109,555,555,,,,,6,120,6,{5000=0;5017=0;5025=0},3150,,{13=2;14=1},{14=2},,,,,{gold=10000;rmb=10;talent_point=1},{x=2019;y=599},{y=867;x=1918},<<1551;519>;<1674;462>;<2019;599>>,,,,,,,,,,,,,,,,,,,,,,,,
11805,饲育家学校,,<{advance=12;unitId=60552;level=110};{advance=12;unitId=60792;level=110};{advance=12;unitId=60552;level=110}>,<{advance=12;unitId=73293;level=110}>,,,4,,,,,,,,battle/scene/bg_xcdg.jpg,config/big_hero/normal/img_655_yhhh@.png,,28,,,,<{key=1;value=1};{key=2;value=2};{key=3;value=6}>,110,560,560,,,,,6,120,6,{5000=0;5018=0;5026=0},3150,,{13=2;14=1},{14=2},,,,1,,{x=1733;y=960},,<<2019;599>;<2119;709>;<1918;867>;<1733;960>>,,,,1,,,,,,,,,,,,,,,,,,,,
11806,饲育家学校,,<{advance=12;unitId=50021;level=111};{advance=12;unitId=60392;level=111};{advance=12;unitId=50021;level=111};{advance=12;unitId=62012;level=111};{advance=12;unitId=62012;level=111}>,<{advance=12;unitId=180771;level=111}>,config/portrait/simple/img_151_mh@.png,,4,,,,,,,,battle/scene/bg_xcdg.jpg,config/big_hero/normal/img_151_mh@.png,,28,,,,<{key=1;value=1};{key=2;value=2};{key=3;value=6}>,111,565,565,,,,,6,120,6,{5000=0;5018=0;5026=0},3150,,{13=2;14=1},{14=2},,,,,{gold=10000;rmb=10;talent_point=1},{x=1440;y=960},{y=852;x=1302},<<1733;960>;<1529;906>;<1440;960>>,,,,,,,,,,,,,,,,,,,,,,,,
11807,饲育家学校,,<{advance=12;unitId=60092;level=112};{advance=12;unitId=60592;level=112};{advance=12;unitId=60092;level=112};{advance=12;unitId=60592;level=112}>,<{advance=12;unitId=70273;level=112}>,,,4,,,,,,,,battle/scene/bg_xcdg.jpg,config/big_hero/normal/img_68_gl@.png,,28,,,,<{key=1;value=1};{key=2;value=2};{key=3;value=6}>,112,570,570,,,,,6,120,6,{5000=0;5018=0;5026=0},3150,,{13=2;14=1},{14=2},,,,,,{x=1060;y=762},,<<1440;960>;<1302;852>;<1060;762>>,,,,,,,,,,,,,,,,,,,,,,,,
11808,饲育家学校,,<{advance=12;unitId=60572;level=113};{advance=12;unitId=60572;level=113};{advance=12;unitId=60603;level=113};{advance=12;unitId=60603;level=113}>,<{advance=12;unitId=71172;level=113}>,config/portrait/simple/img_229_hlj@.png,,4,,,,,,,,battle/scene/bg_xcdg.jpg,config/big_hero/normal/img_229_hlj@.png,,28,,,,<{key=1;value=1};{key=2;value=2};{key=3;value=6}>,113,575,575,,,,,6,120,6,{5000=0;5016=0;5027=0},3150,,{13=2;14=1},{14=2},,,,1,{gold=10000;rmb=10;talent_point=1},{x=842;y=569},{y=598;x=631},<<1060;762>;<974;599>;<842;569>>,,,,1,,,,,,,,,,,,,,,,,,,,
11809,饲育家学校,,<{advance=12;unitId=60793;level=114};{advance=12;unitId=63472;level=114};{advance=12;unitId=60793;level=114}>,<{advance=13;unitId=181903;level=114}>,,,4,,,,,,,,battle/scene/bg_xcdg.jpg,config/big_hero/normal/img_376_jjg@.png,,28,,,,<{key=1;value=1};{key=2;value=2};{key=3;value=6}>,114,580,580,,,,,6,120,6,{5000=0;5016=0;5027=0},3150,,{13=2;14=1},{14=2},,,,,,{x=590;y=788},,<<842;569>;<631;598>;<537;670>;<590;788>>,,,,,,,,,,,,,,,,,,,,,,,,
11810,饲育家学校,,<>,<{advance=13;unitId=180264;level=115}>,config/portrait/simple/img_65_cjhd@.png,,4,,,,,,,,battle/scene/bg_xcdg.jpg,config/big_hero/normal/img_65_cjhd@.png,,28,,,,<{key=1;value=1};{key=2;value=2};{key=3;value=6}>,115,585,585,,,,,6,120,6,{5000=0;5016=0;5027=0},3150,,{13=2;14=1},{14=2},,,,,,{x=680;y=1051},,<<590;788>;<646;878>;<590;1004>;<680;1051>>,,,,,,,,,,,,,,,,,,,,,,,,
11901,马戏团,,<{advance=13;unitId=60571;level=116};{advance=13;unitId=62822;level=116};{advance=13;unitId=60461;level=116}>,<{advance=15;unitId=70463;level=116}>,,,4,,,,,,,,battle/scene/bg_xcdg.jpg,config/big_hero/normal/img_107_kql@.png,,29,,,,<{key=1;value=1};{key=2;value=2};{key=3;value=6}>,116,590,590,,,,,6,120,6,{5000=0;5028=0},3360,,{14=2},{13=2;14=2},,,,1,,{x=2071;y=747},,<<2071;747>>,,,,1,,,,,,,,,,,,,,,,,,,,
11902,马戏团,,<{advance=13;unitId=53293;level=117};{advance=13;unitId=53301;level=117};{advance=13;unitId=60092;level=117};{advance=13;unitId=60302;level=117}>,<{advance=15;unitId=70053;level=117}>,config/portrait/simple/img_18_dbn@.png,,4,,,,,,,,battle/scene/bg_xcdg.jpg,config/big_hero/normal/img_18_dbn@.png,,29,,,,<{key=1;value=1};{key=2;value=2};{key=3;value=6}>,117,595,595,,,,,6,120,6,{5000=0;5028=0},3360,,{14=2},{13=2;14=2},,,,,{gold=10000;rmb=10;talent_point=1},{x=1782;y=540},{y=331;x=1747},<<2071;747>;<1914;683>;<1914;581>;<1782;540>>,,,,,,,,,,,,,,,,,,,,,,,,
11903,马戏团,,<{advance=13;unitId=60302;level=118};{advance=13;unitId=60891;level=118};{advance=13;unitId=60001;level=118};{advance=13;unitId=62891;level=118}>,<{advance=15;unitId=71841;level=118}>,,,4,,,,,,,,battle/scene/bg_xcdg.jpg,config/big_hero/normal/img_359_absl@.png,,29,,,,<{key=1;value=1};{key=2;value=2};{key=3;value=6}>,118,600,600,,,,,6,120,6,{5000=0;5028=0},3360,,{14=2},{13=2;14=2},,,,,,{x=1417;y=349},,<<1782;540>;<1687;478>;<1838;359>;<1747;331>;<1561;289>;<1417;349>>,,,,,,,,,,,,,,,,,,,,,,,,
11904,马戏团,,<{advance=13;unitId=60022;level=119};{advance=13;unitId=60172;level=119};{advance=13;unitId=62681;level=119};{advance=13;unitId=63292;level=119}>,<{advance=15;unitId=70003;level=119}>,config/portrait/simple/img_3_mwh@.png,,4,,,,,,,,battle/scene/bg_xcdg.jpg,config/big_hero/normal/img_3_mwh@.png,,29,,,,<{key=1;value=1};{key=2;value=2};{key=3;value=6}>,119,605,605,,,,,6,120,6,{5000=0;5028=0},3360,,{14=2},{13=2;14=2},,,,,{gold=10000;rmb=10;talent_point=1},{x=1034;y=345},{y=444;x=776},<<1417;349>;<1302;262>;<1034;345>>,,,,,,,,,,,,,,,,,,,,,,,,
11905,马戏团,,<{advance=13;unitId=60031;level=120};{advance=13;unitId=60372;level=120};{advance=13;unitId=60231;level=120}>,<{advance=15;unitId=70793;level=120}>,,,4,,,,,,,,battle/scene/bg_xcdg.jpg,config/big_hero/normal/img_157_hbs@.png,,29,,,,<{key=1;value=1};{key=2;value=2};{key=3;value=6}>,120,610,610,,,,,6,120,6,{5000=0;5029=0},3360,,{14=2},{13=2;14=2},,,,1,,{x=625;y=549},,<<1034;345>;<923;420>;<776;444>;<759;518>;<625;549>>,,,,1,,,,,,,,,,,,,,,,,,,,
11906,马戏团,,<{advance=13;unitId=50721;level=121};{advance=13;unitId=60031;level=121};{advance=13;unitId=50133;level=121};{advance=13;unitId=61893;level=121};{advance=13;unitId=60263;level=121}>,<{advance=15;unitId=70593;level=121}>,config/portrait/simple/img_466_djms@.png,,4,,,,,,,,battle/scene/bg_xcdg.jpg,config/big_hero/normal/img_466_djms@.png,,29,,,,<{key=1;value=1};{key=2;value=2};{key=3;value=6}>,121,615,615,,,,,6,120,6,{5000=0;5029=0},3360,,{14=2},{13=2;14=2},,,,,{gold=10000;rmb=10;talent_point=1},{x=856;y=631},{y=663;x=1015},<<625;549>;<770;629>;<856;631>>,,,,,,,,,,,,,,,,,,,,,,,,
11907,马戏团,,<{advance=13;unitId=60023;level=122};{advance=13;unitId=60033;level=122};{advance=13;unitId=63001;level=122};{advance=13;unitId=62271;level=122}>,<{advance=15;unitId=70303;level=122}>,,,4,,,,,,,,battle/scene/bg_xcdg.jpg,config/big_hero/normal/img_75_lls@.png,,29,,,,<{key=1;value=1};{key=2;value=2};{key=3;value=6}>,122,620,620,,,,,6,120,6,{5000=0;5029=0},3360,,{14=2},{13=2;14=2},,,,,,{x=971;y=942},,<<856;631>;<1015;663>;<971;942>>,,,,,,,,,,,,,,,,,,,,,,,,
11908,马戏团,,<{advance=13;unitId=60792;level=123};{advance=13;unitId=62303;level=123};{advance=13;unitId=62612;level=123};{advance=13;unitId=63021;level=123}>,<{advance=15;unitId=70133;level=123}>,config/portrait/simple/img_36_pkx@.png,,4,,,,,,,,battle/scene/bg_xcdg.jpg,config/big_hero/normal/img_36_pkx@.png,,29,,,,<{key=1;value=1};{key=2;value=2};{key=3;value=6}>,123,625,625,,,,,6,120,6,{5000=0;5030=0},3360,,{14=2},{13=2;14=2},,,,1,{gold=10000;rmb=10;talent_point=1},{x=1204;y=774},{y=788;x=1402},<<971;942>;<1204;774>>,,,,1,,,,,,,,,,,,,,,,,,,,
11909,马戏团,,<{advance=13;unitId=60332;level=124};{advance=13;unitId=61171;level=124};{advance=13;unitId=63543;level=124}>,<{advance=17;unitId=70173;level=124}>,,,4,,,,,,,,battle/scene/bg_xcdg.jpg,config/big_hero/normal/img_45_bwh@.png,,29,,,,<{key=1;value=1};{key=2;value=2};{key=3;value=6}>,124,630,630,,,,,6,120,6,{5000=0;5030=0},3360,,{14=2},{13=2;14=2},,,,,,{x=1484;y=950},,<<1204;774>;<1402;788>;<1484;950>>,,,,,,,,,,,,,,,,,,,,,,,,
11910,马戏团,,<{advance=13;unitId=50882;level=125};{advance=13;unitId=60491;level=125};{advance=13;unitId=51423;level=125};{advance=13;unitId=60463;level=125};{advance=13;unitId=60352;level=125}>,<{advance=17;unitId=73631;level=125}>,config/portrait/simple/img_719_dax@.png,,4,,,,,,,,battle/scene/bg_xcdg.jpg,config/big_hero/normal/img_719_dax@.png,,29,,,,<{key=1;value=1};{key=2;value=2};{key=3;value=6}>,125,635,635,,,,,6,120,6,{5000=0;5030=0},3360,,{14=2},{13=2;14=2},,,,,,{x=1302;y=1066},,<<1484;950>;<1458;1036>;<1302;1066>>,,,,,,,,,,,,,,,,,,,,,,,,
12001,暗影山,,<{advance=14;unitId=60731;level=126};{advance=14;unitId=62873;level=126};{advance=14;unitId=61901;level=126}>,<{advance=16;unitId=71253;level=126}>,,,4,,,,,,,,battle/scene/bg_xcdg.jpg,config/big_hero/normal/img_248_bjls@.png,,30,,,,<{key=1;value=1};{key=2;value=2};{key=3;value=6}>,126,640,640,,,,,6,120,6,{5000=0;5020=0;5031=0},3570,,{13=1;14=2},{14=3},,,,1,,{x=1365;y=267},,<<1365;267>>,,,,1,,,,,,,,,,,,,,,,,,,,
12002,暗影山,,<{advance=14;unitId=51612;level=127};{advance=14;unitId=51231;level=127};{advance=14;unitId=61611;level=127};{advance=14;unitId=60301;level=127}>,<{advance=16;unitId=72963;level=127}>,config/portrait/simple/img_601_clg@.png,,4,,,,,,,,battle/scene/bg_xcdg.jpg,config/big_hero/normal/img_601_clg@.png,,30,,,,<{key=1;value=1};{key=2;value=2};{key=3;value=6}>,127,645,645,,,,,6,120,6,{5000=0;5020=0;5031=0},3570,,{13=1;14=2},{14=3},,,,,{gold=10000;rmb=10;talent_point=1},{x=1121;y=419},{y=373;x=854},<<1365;267>;<1234;385>;<1121;419>>,,,,,,,,,,,,,,,,,,,,,,,,
12003,暗影山,,<{advance=14;unitId=62962;level=128};{advance=14;unitId=62682;level=128};{advance=14;unitId=61443;level=128};{advance=14;unitId=61353;level=128}>,<{advance=16;unitId=70402;level=128}>,,,4,,,,,,,,battle/scene/bg_xcdg.jpg,config/big_hero/normal/img_208_dgs@.png,,30,,,,<{key=1;value=1};{key=2;value=2};{key=3;value=6}>,128,650,650,,,,,6,120,6,{5000=0;5020=0;5031=0},3570,,{13=1;14=2},{14=3},,,,,,{x=661;y=426},,<<1121;419>;<1009;323>;<854;373>;<661;426>>,,,,,,,,,,,,,,,,,,,,,,,,
12004,暗影山,,<{advance=14;unitId=60102;level=129};{advance=14;unitId=62872;level=129};{advance=14;unitId=62682;level=129};{advance=14;unitId=62873;level=129}>,<{advance=16;unitId=70493;level=129}>,config/portrait/simple/img_464_cjkx@.png,,4,,,,,,,,battle/scene/bg_xcdg.jpg,config/big_hero/normal/img_464_cjkx@.png,,30,,,,<{key=1;value=1};{key=2;value=2};{key=3;value=6}>,129,655,655,,,,,6,120,6,{5000=0;5020=0;5031=0},3570,,{13=1;14=2},{14=3},,,,,{gold=10000;rmb=10;talent_point=1},{x=418;y=824},{y=747;x=713},<<661;426>;<529;533>;<511;662>;<418;824>>,,,,,,,,,,,,,,,,,,,,,,,,
12005,暗影山,,<{advance=14;unitId=60273;level=130};{advance=14;unitId=61302;level=130};{advance=14;unitId=62072;level=130}>,<{advance=16;unitId=71903;level=130}>,,,4,,,,,,,,battle/scene/bg_xcdg.jpg,config/big_hero/normal/img_376_jjg@.png,,30,,,,<{key=1;value=1};{key=2;value=2};{key=3;value=6}>,130,660,660,,,,,6,120,6,{5000=0;5021=0;5032=0},3570,,{13=1;14=2},{14=3},,,,1,,{x=999;y=859},,<<418;824>;<551;759>;<713;747>;<999;859>>,,,,1,,,,,,,,,,,,,,,,,,,,
12006,暗影山,,<{advance=14;unitId=52683;level=131};{advance=14;unitId=60012;level=131};{advance=14;unitId=52963;level=131};{advance=14;unitId=60632;level=131};{advance=14;unitId=60091;level=131}>,<{advance=16;unitId=70333;level=131}>,config/portrait/simple/img_462_zbcg@.png,,4,,,,,,,,battle/scene/bg_xcdg.jpg,config/big_hero/normal/img_462_zbcg@.png,,30,,,,<{key=1;value=1};{key=2;value=2};{key=3;value=6}>,131,665,665,,,,,6,120,6,{5000=0;5021=0;5032=0},3570,,{13=1;14=2},{14=3},,,,,{gold=10000;rmb=10;talent_point=1},{x=1287;y=693},{y=673;x=1490},<<999;859>;<1287;693>>,,,,,,,,,,,,,,,,,,,,,,,,
12007,暗影山,,<{advance=14;unitId=60471;level=132};{advance=14;unitId=60371;level=132}>,<{advance=16;unitId=183413;level=132}>,,,4,,,,,,,,battle/scene/bg_xcdg.jpg,config/big_hero/normal/img_681_jdjg@.png,,30,,,,<{key=1;value=1};{key=2;value=2};{key=3;value=6}>,132,670,670,,,,,6,120,6,{5000=0;5021=0;5032=0},3570,,{13=1;14=2},{14=3},,,,,,{x=1713;y=462},,<<1287;693>;<1490;673>;<1574;508>;<1713;462>>,,,,,,,,,,,,,,,,,,,,,,,,
12008,暗影山,,<{advance=14;unitId=61071;level=133};{advance=14;unitId=60351;level=133};{advance=14;unitId=62633;level=133};{advance=14;unitId=61901;level=133}>,<{advance=16;unitId=71503;level=133}>,config/portrait/simple/img_306_bskdl@.png,,4,,,,,,,,battle/scene/bg_xcdg.jpg,config/big_hero/normal/img_306_bskdl@.png,,30,,,,<{key=1;value=1};{key=2;value=2};{key=3;value=6}>,133,675,675,,,,,6,120,6,{5000=0;5019=0;5033=0},3570,,{13=1;14=2},{14=3},,,,1,{gold=10000;rmb=10;talent_point=1},{x=2025;y=610},{y=902;x=1968},<<1713;462>;<1930;539>;<2025;610>>,,,,1,,,,,,,,,,,,,,,,,,,,
12009,暗影山,,<{advance=14;unitId=60013;level=134};{advance=14;unitId=61503;level=134};{advance=14;unitId=63341;level=134}>,<{advance=18;unitId=182242;level=134}>,,,4,,,,,,,,battle/scene/bg_xcdg.jpg,config/big_hero/normal/img_448_lklo@.png,,30,,,,<{key=1;value=1};{key=2;value=2};{key=3;value=6}>,134,680,680,,,,,6,120,6,{5000=0;5019=0;5033=0},3570,,{13=1;14=2},{14=3},,,,,,{x=1753;y=926},,<<2025;610>;<1892;749>;<1968;902>;<1753;926>>,,,,,,,,,,,,,,,,,,,,,,,,
12010,暗影山,,<{advance=14;unitId=52231;level=135};{advance=14;unitId=62231;level=135};{advance=14;unitId=52301;level=135};{advance=14;unitId=60023;level=135};{advance=14;unitId=62073;level=135}>,<{advance=18;unitId=181981;level=135}>,config/portrait/simple/img_384_lkz@.png,,4,,,,,,,,battle/scene/bg_xcdg.jpg,config/big_hero/normal/img_384_lkz@.png,,30,,,,<{key=1;value=1};{key=2;value=2};{key=3;value=6}>,135,685,685,,,,,6,120,6,{5000=0;5019=0;5033=0},3570,,{13=1;14=2},{14=3},,,,,,{x=1461;y=985},,<<1753;926>;<1461;985>>,,,,,,,,,,,,,,,,,,,,,,,,
12101,香薰市,,<{advance=15;unitId=60102;level=136};{advance=15;unitId=60542;level=136};{advance=15;unitId=62681;level=136}>,<{advance=17;unitId=70222;level=136}>,,,4,,,,,,,,battle/scene/bg_xcdg.jpg,config/big_hero/normal/img_55_gdy@.png,,31,,,,<{key=1;value=1};{key=2;value=2};{key=3;value=6}>,136,690,690,,,,,6,120,6,{5000=0;5034=0},3780,,{13=2;14=2},{13=1;14=3},,,,1,,{x=463;y=397},,<<463;397>>,,,,1,,,,,,,,,,,,,,,,,,,,
12102,香薰市,,<{advance=15;unitId=50791;level=137};{advance=15;unitId=50072;level=137};{advance=15;unitId=60803;level=137};{advance=15;unitId=60803;level=137}>,<{advance=17;unitId=73303;level=137}>,config/portrait/simple/img_658_jhrw@.png,,4,,,,,,,,battle/scene/bg_xcdg.jpg,config/big_hero/normal/img_658_jhrw@.png,,31,,,,<{key=1;value=1};{key=2;value=2};{key=3;value=6}>,137,695,695,,,,,6,120,6,{5000=0;5034=0},3780,,{13=2;14=2},{13=1;14=3},,,,,{gold=10000;rmb=10;talent_point=1},{x=752;y=345},{y=306;x=1005},<<463;397>;<752;345>>,,,,,,,,,,,,,,,,,,,,,,,,
12103,香薰市,,<{advance=15;unitId=61071;level=138};{advance=15;unitId=62681;level=138};{advance=15;unitId=60572;level=138};{advance=15;unitId=62483;level=138}>,<{advance=17;unitId=70632;level=138}>,,,4,,,,,,,,battle/scene/bg_xcdg.jpg,config/big_hero/normal/img_130_bll@.png,,31,,,,<{key=1;value=1};{key=2;value=2};{key=3;value=6}>,138,700,700,,,,,6,120,6,{5000=0;5034=0},3780,,{13=2;14=2},{13=1;14=3},,,,,,{x=752;y=653},,<<752;345>;<881;283>;<1005;306>;<881;463>;<883;596>;<752;653>>,,,,,,,,,,,,,,,,,,,,,,,,
12104,香薰市,,<{advance=15;unitId=60111;level=139};{advance=15;unitId=61902;level=139};{advance=15;unitId=60472;level=139};{advance=15;unitId=60803;level=139}>,<{advance=17;unitId=71241;level=139}>,config/portrait/simple/img_245_sj@.png,,4,,,,,,,,battle/scene/bg_xcdg.jpg,config/big_hero/normal/img_245_sj@.png,,31,,,,<{key=1;value=1};{key=2;value=2};{key=3;value=6}>,139,705,705,,,,,6,120,6,{5000=0;5034=0},3780,,{13=2;14=2},{13=1;14=3},,,,,{gold=10000;rmb=10;talent_point=1},{x=1154;y=448},{y=337;x=1371},<<752;653>;<915;667>;<1154;448>>,,,,,,,,,,,,,,,,,,,,,,,,
12105,香薰市,,<{advance=15;unitId=60333;level=140};{advance=15;unitId=60102;level=140};{advance=15;unitId=60792;level=140}>,<{advance=17;unitId=72233;level=140}>,,,4,,,,,,,,battle/scene/bg_xcdg.jpg,config/big_hero/normal/img_445_lyls@.png,,31,,,,<{key=1;value=1};{key=2;value=2};{key=3;value=6}>,140,710,710,,,,,6,120,6,{5000=0;5035=0},3780,,{13=2;14=2},{13=1;14=3},,,,1,,{x=1567;y=348},,<<1154;448>;<1371;337>;<1567;348>>,,,,1,,,,,,,,,,,,,,,,,,,,
12106,香薰市,,<{advance=15;unitId=52481;level=141};{advance=15;unitId=60133;level=141};{advance=15;unitId=52681;level=141};{advance=15;unitId=60493;level=141};{advance=15;unitId=60062;level=141}>,<{advance=17;unitId=71303;level=141}>,config/portrait/simple/img_257_hyj@.png,,4,,,,,,,,battle/scene/bg_xcdg.jpg,config/big_hero/normal/img_257_hyj@.png,,31,,,,<{key=1;value=1};{key=2;value=2};{key=3;value=6}>,141,715,715,,,,,6,120,6,{5000=0;5035=0},3780,,{13=2;14=2},{13=1;14=3},,,,,{gold=10000;rmb=10;talent_point=1},{x=1559;y=663},{y=663;x=1751},<<1567;348>;<1747;389>;<1746;499>;<1559;663>>,,,,,,,,,,,,,,,,,,,,,,,,
12107,香薰市,,<{advance=15;unitId=60093;level=142};{advance=15;unitId=60262;level=142}>,<{advance=17;unitId=181082;level=142}>,,,4,,,,,,,,battle/scene/bg_xcdg.jpg,config/big_hero/normal/img_461_mnl@.png,,31,,,,<{key=1;value=1};{key=2;value=2};{key=3;value=6}>,142,720,720,,,,,6,120,6,{5000=0;5035=0},3780,,{13=2;14=2},{13=1;14=3},,,,,,{x=1835;y=822},,<<1559;663>;<1751;663>;<1835;822>>,,,,,,,,,,,,,,,,,,,,,,,,
12108,香薰市,,<{advance=15;unitId=62633;level=143};{advance=15;unitId=60081;level=143};{advance=15;unitId=60272;level=143};{advance=15;unitId=60001;level=143}>,<{advance=17;unitId=73021;level=143}>,config/portrait/simple/img_615_jhxh@.png,,4,,,,,,,,battle/scene/bg_xcdg.jpg,config/big_hero/normal/img_615_jhxh@.png,,31,,,,<{key=1;value=1};{key=2;value=2};{key=3;value=6}>,143,725,725,,,,,6,120,6,{5000=0;5036=0},3780,,{13=2;14=2},{13=1;14=3},,,,1,{gold=10000;rmb=10;talent_point=1},{x=1489;y=991},{y=931;x=1034},<<1835;822>;<1601;956>;<1489;991>>,,,,1,,,,,,,,,,,,,,,,,,,,
12109,香薰市,,<{advance=15;unitId=62073;level=144};{advance=15;unitId=63011;level=144};{advance=15;unitId=61261;level=144}>,<{advance=19;unitId=180721;level=144}>,,,4,,,,,,,,battle/scene/bg_xcdg.jpg,config/big_hero/normal/img_144_jdn@.png,,31,,,,<{key=1;value=1};{key=2;value=2};{key=3;value=6}>,144,730,730,,,,,6,120,6,{5000=0;5036=0},3780,,{13=2;14=2},{13=1;14=3},,,,,,{x=881;y=994},,<<1489;991>;<1034;931>;<881;994>>,,,,,,,,,,,,,,,,,,,,,,,,
12110,香薰市,,<{advance=15;unitId=50022;level=145};{advance=15;unitId=60192;level=145};{advance=15;unitId=50023;level=145};{advance=15;unitId=61861;level=145};{advance=15;unitId=60131;level=145}>,<{advance=19;unitId=181961;level=145}>,config/portrait/simple/img_382_gok@.png,,4,,,,,,,,battle/scene/bg_xcdg.jpg,config/big_hero/normal/img_382_gok@.png,,31,,,,<{key=1;value=1};{key=2;value=2};{key=3;value=6}>,145,735,735,,,,,6,120,6,{5000=0;5036=0},3780,,{13=2;14=2},{13=1;14=3},,,,,,{x=1278;y=743},,<<881;994>;<986;779>;<1278;743>>,,,,,,,,,,,,,,,,,,,,,,,,
12201,枯叶市,,<{advance=16;unitId=60392;level=146};{advance=16;unitId=63292;level=146};{advance=16;unitId=63281;level=146}>,<{advance=18;unitId=73562;level=146}>,,,4,,,,,,,,battle/scene/bg_xcdg.jpg,config/big_hero/normal/img_709_xmy@.png,,32,,,,<{key=1;value=1};{key=2;value=2};{key=3;value=6}>,146,740,740,,,,,6,120,6,{5000=0;5024=0;5037=0},3990,,{14=3},{13=2;14=3},,,,1,,{x=1600;y=240},,<<1600;240>>,,,,1,,,,,,,,,,,,,,,,,,,,
12202,枯叶市,,<{advance=16;unitId=52012;level=147};{advance=16;unitId=50022;level=147};{advance=16;unitId=60593;level=147};{advance=16;unitId=63542;level=147}>,<{advance=18;unitId=73353;level=147}>,config/portrait/simple/img_671_hjfr@.png,,4,,,,,,,,battle/scene/bg_xcdg.jpg,config/big_hero/normal/img_671_hjfr@.png,,32,,,,<{key=1;value=1};{key=2;value=2};{key=3;value=6}>,147,745,745,,,,,6,120,6,{5000=0;5024=0;5037=0},3990,,{14=3},{13=2;14=3},,,,,{gold=10000;rmb=10;talent_point=1},{x=1196;y=318},{y=356;x=978},<<1600;240>;<1196;318>>,,,,,,,,,,,,,,,,,,,,,,,,
12203,枯叶市,,<{advance=16;unitId=60471;level=148};{advance=16;unitId=62012;level=148};{advance=16;unitId=60392;level=148};{advance=16;unitId=63292;level=148}>,<{advance=18;unitId=70891;level=148}>,,,4,,,,,,,,battle/scene/bg_xcdg.jpg,config/big_hero/normal/img_298_lll@.png,,32,,,,<{key=1;value=1};{key=2;value=2};{key=3;value=6}>,148,750,750,,,,,6,120,6,{5000=0;5024=0;5037=0},3990,,{14=3},{13=2;14=3},,,,,,{x=790;y=574},,<<1196;318>;<978;356>;<978;356>;<790;574>>,,,,,,,,,,,,,,,,,,,,,,,,
12204,枯叶市,,<{advance=16;unitId=60271;level=149};{advance=16;unitId=60602;level=149};{advance=16;unitId=60092;level=149};{advance=16;unitId=62012;level=149}>,<{advance=18;unitId=71813;level=149}>,config/portrait/simple/img_477_hyml@.png,,4,,,,,,,,battle/scene/bg_xcdg.jpg,config/big_hero/normal/img_477_hyml@.png,,32,,,,<{key=1;value=1};{key=2;value=2};{key=3;value=6}>,149,755,755,,,,,6,120,6,{5000=0;5024=0;5037=0},3990,,{14=3},{13=2;14=3},,,,,{gold=10000;rmb=10;talent_point=1},{x=1276;y=612},{y=558;x=1436},<<790;574>;<1276;612>>,,,,,,,,,,,,,,,,,,,,,,,,
12205,枯叶市,,<{advance=16;unitId=60072;level=150};{advance=16;unitId=61421;level=150};{advance=16;unitId=60692;level=150}>,<{advance=18;unitId=70131;level=150}>,,,4,,,,,,,,battle/scene/bg_xcdg.jpg,config/big_hero/normal/img_173_pbb@.png,,32,,,,<{key=1;value=1};{key=2;value=2};{key=3;value=6}>,150,760,760,,,,,6,120,6,{5000=0;5022=0;5038=0},3990,,{14=3},{13=2;14=3},,,,1,,{x=1736;y=718},,<<1276;612>;<1436;558>;<1436;558>;<1736;718>>,,,,1,,,,,,,,,,,,,,,,,,,,
12206,枯叶市,,<{advance=16;unitId=53541;level=151};{advance=16;unitId=60092;level=151};{advance=16;unitId=50331;level=151};{advance=16;unitId=60033;level=151};{advance=16;unitId=60461;level=151}>,<{advance=18;unitId=70393;level=151}>,config/portrait/simple/img_94_gg@.png,,4,,,,,,,,battle/scene/bg_xcdg.jpg,config/big_hero/normal/img_94_gg@.png,,32,,,,<{key=1;value=1};{key=2;value=2};{key=3;value=6}>,151,765,765,,,,,6,120,6,{5000=0;5022=0;5038=0},3990,,{14=3},{13=2;14=3},,,,,{gold=10000;rmb=10;talent_point=1},{x=1910;y=840},{y=968;x=1699},<<1736;718>;<1910;840>>,,,,,,,,,,,,,,,,,,,,,,,,
12207,枯叶市,,<{advance=16;unitId=60452;level=152};{advance=16;unitId=61421;level=152}>,<{advance=18;unitId=181392;level=152}>,,,4,,,,,,,,battle/scene/bg_xcdg.jpg,config/big_hero/normal/img_281_qlla@.png,,32,,,,<{key=1;value=1};{key=2;value=2};{key=3;value=6}>,152,770,770,,,,,6,120,6,{5000=0;5022=0;5038=0},3990,,{14=3},{13=2;14=3},,,,,,{x=1488;y=1096},,<<1910;840>;<1699;968>;<1488;1096>>,,,,,,,,,,,,,,,,,,,,,,,,
12208,枯叶市,,<{advance=16;unitId=61612;level=153};{advance=16;unitId=60071;level=153};{advance=16;unitId=62301;level=153};{advance=16;unitId=62301;level=153}>,<{advance=18;unitId=71394;level=153}>,config/portrait/simple/img_475_alld@.png,,4,,,,,,,,battle/scene/bg_xcdg.jpg,config/big_hero/normal/img_475_alld@.png,,32,,,,<{key=1;value=1};{key=2;value=2};{key=3;value=6}>,153,775,775,,,,,6,120,6,{5000=0;5023=0;5039=0},3990,,{14=3},{13=2;14=3},,,,1,{gold=10000;rmb=10;talent_point=1},{x=1260;y=944},{y=812;x=1118},<<1488;1096>;<1520;952>;<1260;944>>,,,,1,,,,,,,,,,,,,,,,,,,,
12209,枯叶市,,<{advance=16;unitId=62482;level=154};{advance=16;unitId=61231;level=154};{advance=16;unitId=61612;level=154}>,<{advance=20;unitId=180263;level=154}>,,,4,,,,,,,,battle/scene/bg_xcdg.jpg,config/big_hero/normal/img_65_hd@.png,,32,,,,<{key=1;value=1};{key=2;value=2};{key=3;value=6}>,154,780,780,,,,,6,120,6,{5000=0;5023=0;5039=0},3990,,{14=3},{13=2;14=3},,,,,,{x=976;y=680},,<<1260;944>;<1118;812>;<976;680>>,,,,,,,,,,,,,,,,,,,,,,,,
12210,枯叶市,,<{advance=16;unitId=51292;level=155};{advance=16;unitId=63341;level=155};{advance=16;unitId=50602;level=155};{advance=16;unitId=61812;level=155}>,<{advance=20;unitId=180761;level=155}>,config/portrait/simple/img_150_cm@.png,,4,,,,,,,,battle/scene/bg_xcdg.jpg,config/big_hero/normal/img_150_cm@.png,,32,,,,<{key=1;value=1};{key=2;value=2};{key=3;value=6}>,155,785,785,,,,,6,120,6,{5000=0;5023=0;5039=0},3990,,{14=3},{13=2;14=3},,,,,,{x=576;y=898},,<<976;680>;<576;898>>,,,,,,,,,,,,,,,,,,,,,,,,
12301,神和镇,,<{advance=17;unitId=60272;level=156};{advance=17;unitId=60263;level=156};{advance=17;unitId=60572;level=156};{advance=17;unitId=60792;level=156};{advance=17;unitId=60002;level=156}>,<{advance=19;unitId=70043;level=156}>,,,4,,,,,,,,battle/scene/bg_xcdg.jpg,config/big_hero/normal/img_15_dzf@.png,,33,,,,<{key=1;value=1};{key=2;value=2};{key=3;value=6}>,156,790,790,,,,,6,120,6,{5000=0;5040=0},4200,,{13=1;14=3},{14=4},,,,1,,{x=292;y=450},,<<292;450>>,,,,1,,,,,,,,,,,,,,,,,,,,
12302,神和镇,,<{advance=17;unitId=60303;level=157};{advance=17;unitId=62271;level=157};{advance=17;unitId=60043;level=157};{advance=17;unitId=60332;level=157};{advance=17;unitId=61353;level=157}>,<{advance=19;unitId=72473;level=157}>,config/portrait/simple/img_497_jzs@.png,,4,,,,,,,,battle/scene/bg_xcdg.jpg,config/big_hero/normal/img_497_jzs@.png,,33,,,,<{key=1;value=1};{key=2;value=2};{key=3;value=6}>,157,795,795,,,,,6,120,6,{5000=0;5040=0},4200,,{13=1;14=3},{14=4},,,,,{gold=10000;rmb=10;talent_point=1},{x=630;y=614},{y=672;x=414},<<292;450>;<474;529>;<630;614>>,,,,,,,,,,,,,,,,,,,,,,,,
12303,神和镇,,<{advance=17;unitId=61861;level=158};{advance=17;unitId=63021;level=158};{advance=17;unitId=60303;level=158};{advance=17;unitId=60262;level=158};{advance=17;unitId=63282;level=158}>,<{advance=19;unitId=70701;level=158}>,,,4,,,,,,,,battle/scene/bg_xcdg.jpg,config/big_hero/normal/img_142_hsyl@.png,,33,,,,<{key=1;value=1};{key=2;value=2};{key=3;value=6}>,158,800,800,,,,,6,120,6,{5000=0;5040=0},4200,,{13=1;14=3},{14=4},,,,,,{x=330;y=809},,<<630;614>;<418;670>;<330;809>>,,,,,,,,,,,,,,,,,,,,,,,,
12304,神和镇,,<{advance=17;unitId=63472;level=159};{advance=17;unitId=63631;level=159};{advance=17;unitId=60272;level=159};{advance=17;unitId=60481;level=159};{advance=17;unitId=61351;level=159}>,<{advance=19;unitId=71314;level=159}>,config/portrait/simple/img_260_cjjzg@.png,,4,,,,,,,,battle/scene/bg_xcdg.jpg,config/big_hero/normal/img_260_cjjzg@.png,,33,,,,<{key=1;value=1};{key=2;value=2};{key=3;value=6}>,159,805,805,,,,,6,120,6,{5000=0;5040=0},4200,,{13=1;14=3},{14=4},,,,,{gold=10000;rmb=10;talent_point=1},{x=798;y=993},{y=1068;x=1032},<<330;809>;<560;910>;<798;993>>,,,,,,,,,,,,,,,,,,,,,,,,
12305,神和镇,,<{advance=17;unitId=63291;level=160};{advance=17;unitId=61393;level=160};{advance=17;unitId=61422;level=160};{advance=17;unitId=60092;level=160};{advance=17;unitId=60052;level=160}>,<{advance=19;unitId=72822;level=160}>,,,4,,,,,,,,battle/scene/bg_xcdg.jpg,config/big_hero/normal/img_571_slyk@.png,,33,,,,<{key=1;value=1};{key=2;value=2};{key=3;value=6}>,160,810,810,,,,,6,120,6,{5000=0;5041=0},4200,,{13=1;14=3},{14=4},,,,1,,{x=1198;y=1118},,<<798;993>;<896;980>;<1032;1060>;<1198;1118>>,,,,1,,,,,,,,,,,,,,,,,,,,
12306,神和镇,,<{advance=17;unitId=63561;level=161};{advance=17;unitId=60883;level=161};{advance=17;unitId=60591;level=161};{advance=17;unitId=60002;level=161};{advance=17;unitId=60601;level=161}>,<{advance=19;unitId=70611;level=161}>,config/portrait/simple/img_127_kls@.png,,4,,,,,,,,battle/scene/bg_xcdg.jpg,config/big_hero/normal/img_127_kls@.png,,33,,,,<{key=1;value=1};{key=2;value=2};{key=3;value=6}>,161,815,815,,,,,6,120,6,{5000=0;5041=0},4200,,{13=1;14=3},{14=4},,,,,{gold=10000;rmb=10;talent_point=1},{x=936;y=657},{y=628;x=1074},<<1198;1118>;<1054;906>;<1170;762>;<936;657>>,,,,,,,,,,,,,,,,,,,,,,,,
12307,神和镇,,<{advance=17;unitId=61351;level=162};{advance=17;unitId=60123;level=162};{advance=17;unitId=61292;level=162};{advance=17;unitId=60012;level=162};{advance=17;unitId=60471;level=162}>,<{advance=19;unitId=183251;level=162}>,,,4,,,,,,,,battle/scene/bg_xcdg.jpg,config/big_hero/normal/img_647_kldo@.png,,33,,,,<{key=1;value=1};{key=2;value=2};{key=3;value=6}>,162,820,820,,,,,6,120,6,{5000=0;5041=0},4200,,{13=1;14=3},{14=4},,,,,,{x=1064;y=449},,<<936;657>;<1082;624>;<1064;449>>,,,,,,,,,,,,,,,,,,,,,,,,
12308,神和镇,,<{advance=17;unitId=60571;level=163};{advance=17;unitId=62272;level=163};{advance=17;unitId=60332;level=163};{advance=17;unitId=60092;level=163};{advance=17;unitId=63542;level=163}>,<{advance=19;unitId=183161;level=163}>,config/portrait/simple/img_638_gplw@.png,,4,,,,,,,,battle/scene/bg_xcdg.jpg,config/big_hero/normal/img_638_gplw@.png,,33,,,,<{key=1;value=1};{key=2;value=2};{key=3;value=6}>,163,825,825,,,,,6,120,6,{5000=0;5042=0},4200,,{13=1;14=3},{14=4},,,,1,{gold=10000;rmb=10;talent_point=1},{x=1440;y=447},{y=528;x=1668},<<1064;449>;<1262;397>;<1440;447>>,,,,1,,,,,,,,,,,,,,,,,,,,
12309,神和镇,,<{advance=17;unitId=61252;level=164};{advance=17;unitId=60463;level=164};{advance=17;unitId=62012;level=164};{advance=17;unitId=63472;level=164};{advance=17;unitId=63302;level=164}>,<{advance=21;unitId=184132;level=164}>,,,4,,,,,,,,battle/scene/bg_xcdg.jpg,config/big_hero/normal/img_804_sezl@.png,,33,,,,<{key=1;value=1};{key=2;value=2};{key=3;value=6}>,164,830,830,,,,,6,120,6,{5000=0;5042=0},4200,,{13=1;14=3},{14=4},,,,,,{x=1854;y=592},,<<1440;447>;<1590;530>;<1798;516>;<1854;592>>,,,,,,,,,,,,,,,,,,,,,,,,
12310,神和镇,,<{advance=17;unitId=60132;level=165};{advance=17;unitId=60482;level=165};{advance=17;unitId=60601;level=165};{advance=17;unitId=60302;level=165};{advance=17;unitId=62271;level=165}>,<{advance=21;unitId=183221;level=165}>,config/portrait/simple/img_644_jklm@.png,,4,,,,,,,,battle/scene/bg_xcdg.jpg,config/big_hero/normal/img_644_jklm@.png,,33,,,,<{key=1;value=1};{key=2;value=2};{key=3;value=6}>,165,835,835,,,,,6,120,6,{5000=0;5042=0},4200,,{13=1;14=3},{14=4},,,,,,{x=1586;y=881},,<<1854;592>;<1658;711>;<1586;881>>,,,,,,,,,,,,,,,,,,,,,,,,
12401,迷失山林,,<{advance=18;unitId=63542;level=166};{advance=18;unitId=62961;level=166};{advance=18;unitId=60071;level=166};{advance=18;unitId=60133;level=166};{advance=18;unitId=61221;level=166}>,<{advance=20;unitId=71802;level=166}>,,,4,,,,,,,,battle/scene/bg_xcdg.jpg,config/big_hero/normal/img_354_zzww@.png,,34,,,,<{key=1;value=1};{key=2;value=2};{key=3;value=6}>,166,840,840,,,,,6,120,6,{5000=0;5027=0;5043=0},4410,,{13=2;14=3},{13=2;14=4},,,,1,,{x=1449;y=1073},,<<1449;1073>>,,,,1,,,,,,,,,,,,,,,,,,,,
12402,迷失山林,,<{advance=18;unitId=60771;level=167};{advance=18;unitId=60033;level=167};{advance=18;unitId=60303;level=167};{advance=18;unitId=63002;level=167};{advance=18;unitId=63543;level=167}>,<{advance=20;unitId=73201;level=167}>,config/portrait/simple/img_642_ldy@.png,,4,,,,,,,,battle/scene/bg_xcdg.jpg,config/big_hero/normal/img_642_ldy@.png,,34,,,,<{key=1;value=1};{key=2;value=2};{key=3;value=6}>,167,845,845,,,,,6,120,6,{5000=0;5027=0;5043=0},4410,,{13=2;14=3},{13=2;14=4},,,,,{gold=10000;rmb=10;talent_point=1},{x=1669;y=861},{y=967;x=1935},<<1449;1073>;<1669;861>>,,,,,,,,,,,,,,,,,,,,,,,,
12403,迷失山林,,<{advance=18;unitId=60883;level=168};{advance=18;unitId=61502;level=168};{advance=18;unitId=60053;level=168};{advance=18;unitId=60303;level=168};{advance=18;unitId=60301;level=168}>,<{advance=20;unitId=73191;level=168}>,,,4,,,,,,,,battle/scene/bg_xcdg.jpg,config/big_hero/normal/img_641_ljy@.png,,34,,,,<{key=1;value=1};{key=2;value=2};{key=3;value=6}>,168,850,850,,,,,6,120,6,{5000=0;5027=0;5043=0},4410,,{13=2;14=3},{13=2;14=4},,,,,,{x=2049;y=731},,<<1669;861>;<1935;967>;<2049;731>>,,,,,,,,,,,,,,,,,,,,,,,,
12404,迷失山林,,<{advance=18;unitId=62073;level=169};{advance=18;unitId=60051;level=169};{advance=18;unitId=60351;level=169};{advance=18;unitId=60792;level=169};{advance=18;unitId=61221;level=169}>,<{advance=20;unitId=70721;level=169}>,config/portrait/simple/img_144_jdn@.png,,4,,,,,,,,battle/scene/bg_xcdg.jpg,config/big_hero/normal/img_144_jdn@.png,,34,,,,<{key=1;value=1};{key=2;value=2};{key=3;value=6}>,169,855,855,,,,,6,120,6,{5000=0;5027=0;5043=0},4410,,{13=2;14=3},{13=2;14=4},,,,,{gold=10000;rmb=10;talent_point=1},{x=1921;y=492},{y=560;x=1689},<<2049;731>;<1921;492>>,,,,,,,,,,,,,,,,,,,,,,,,
12405,迷失山林,,<{advance=18;unitId=60332;level=170};{advance=18;unitId=60092;level=170};{advance=18;unitId=62012;level=170};{advance=18;unitId=60591;level=170};{advance=18;unitId=60482;level=170}>,<{advance=20;unitId=73231;level=170}>,,,4,,,,,,,,battle/scene/bg_xcdg.jpg,config/big_hero/normal/img_645_tdy@.png,,34,,,,<{key=1;value=1};{key=2;value=2};{key=3;value=6}>,170,860,860,,,,,6,120,6,{5000=0;5025=0;5044=0},4410,,{13=2;14=3},{13=2;14=4},,,,1,,{x=1451;y=621},,<<1921;492>;<1689;560>;<1451;621>>,,,,1,,,,,,,,,,,,,,,,,,,,
12406,迷失山林,,<{advance=18;unitId=62012;level=171};{advance=18;unitId=61612;level=171};{advance=18;unitId=60393;level=171};{advance=18;unitId=60891;level=171};{advance=18;unitId=61252;level=171}>,<{advance=20;unitId=70333;level=171}>,config/portrait/simple/img_462_zbcg@.png,,4,,,,,,,,battle/scene/bg_xcdg.jpg,config/big_hero/normal/img_462_zbcg@.png,,34,,,,<{key=1;value=1};{key=2;value=2};{key=3;value=6}>,171,865,865,,,,,6,120,6,{5000=0;5025=0;5044=0},4410,,{13=2;14=3},{13=2;14=4},,,,,{gold=10000;rmb=10;talent_point=1},{x=1307;y=384},{y=364;x=1039},<<1451;621>;<1307;384>>,,,,,,,,,,,,,,,,,,,,,,,,
12407,迷失山林,,<{advance=18;unitId=60022;level=172};{advance=18;unitId=60551;level=172};{advance=18;unitId=60471;level=172};{advance=18;unitId=60692;level=172};{advance=18;unitId=60301;level=172}>,<{advance=20;unitId=183353;level=172}>,,,4,,,,,,,,battle/scene/bg_xcdg.jpg,config/big_hero/normal/img_671_hjfr@.png,,34,,,,<{key=1;value=1};{key=2;value=2};{key=3;value=6}>,172,870,870,,,,,6,120,6,{5000=0;5025=0;5044=0},4410,,{13=2;14=3},{13=2;14=4},,,,,,{x=742;y=490},,<<1307;384>;<1039;364>;<742;490>>,,,,,,,,,,,,,,,,,,,,,,,,
12408,迷失山林,,<{advance=18;unitId=62012;level=173};{advance=18;unitId=60262;level=173};{advance=18;unitId=60601;level=173};{advance=18;unitId=60472;level=173};{advance=18;unitId=60022;level=173}>,<{advance=20;unitId=180163;level=173}>,config/portrait/simple/img_169_czf@.png,,4,,,,,,,,battle/scene/bg_xcdg.jpg,config/big_hero/normal/img_169_czf@.png,,34,,,,<{key=1;value=1};{key=2;value=2};{key=3;value=6}>,173,875,875,,,,,6,120,6,{5000=0;5026=0;5045=0},4410,,{13=2;14=3},{13=2;14=4},,,,1,{gold=10000;rmb=10;talent_point=1},{x=618;y=702},{y=747;x=868},<<742;490>;<618;702>>,,,,1,,,,,,,,,,,,,,,,,,,,
12409,迷失山林,,<{advance=18;unitId=60792;level=174};{advance=18;unitId=60392;level=174};{advance=18;unitId=60301;level=174};{advance=18;unitId=60391;level=174};{advance=18;unitId=60391;level=174}>,<{advance=22;unitId=181396;level=174}>,,,4,,,,,,,,battle/scene/bg_xcdg.jpg,config/big_hero/normal/img_282_cjsnd@.png,,34,,,,<{key=1;value=1};{key=2;value=2};{key=3;value=6}>,174,880,880,,,,,6,120,6,{5000=0;5026=0;5045=0},4410,,{13=2;14=3},{13=2;14=4},,,,,,{x=654;y=933},,<<618;702>;<868;747>;<654;933>>,,,,,,,,,,,,,,,,,,,,,,,,
12410,迷失山林,,<{advance=18;unitId=60052;level=175};{advance=18;unitId=60272;level=175};{advance=18;unitId=63542;level=175};{advance=18;unitId=60051;level=175};{advance=18;unitId=60263;level=175}>,<{advance=22;unitId=183241;level=175}>,config/portrait/simple/img_646_qlm@.png,,4,,,,,,,,battle/scene/bg_xcdg.jpg,config/big_hero/normal/img_646_qlm@.png,,34,,,,<{key=1;value=1};{key=2;value=2};{key=3;value=6}>,175,885,885,,,,,6,120,6,{5000=0;5026=0;5045=0},4410,,{13=2;14=3},{13=2;14=4},,,,,,{x=1075;y=1055},,<<654;933>;<1075;1055>>,,,,,,,,,,,,,,,,,,,,,,,,
12501,风絮镇,,<{advance=19;unitId=60021;level=176};{advance=19;unitId=60022;level=176};{advance=19;unitId=60013;level=176};{advance=19;unitId=60593;level=176};{advance=19;unitId=60792;level=176}>,<{advance=23;unitId=70611;level=176}>,,,4,,,,,,,,battle/scene/bg_xcdg.jpg,config/big_hero/normal/img_127_kls@.png,,35,,,,<{key=1;value=1};{key=2;value=2};{key=3;value=6}>,176,890,890,,,,,6,120,6,{5000=0;5046=0},4620,,{14=4},{14=5},,,,1,,{x=1490;y=250},,<<1490;250>>,,,,1,,,,,,,,,,,,,,,,,,,,
12502,风絮镇,,<{advance=19;unitId=60393;level=177};{advance=19;unitId=60001;level=177};{advance=19;unitId=60481;level=177};{advance=19;unitId=60552;level=177};{advance=19;unitId=62012;level=177}>,<{advance=23;unitId=70503;level=177}>,config/portrait/simple/img_242_xfd@.png,,4,,,,,,,,battle/scene/bg_xcdg.jpg,config/big_hero/normal/img_242_xfd@.png,,35,,,,<{key=1;value=1};{key=2;value=2};{key=3;value=6}>,177,895,895,,,,,6,120,6,{5000=0;5046=0},4620,,{14=4},{14=5},,,,,{gold=10000;rmb=10;talent_point=1},{x=954;y=324},{y=409;x=776},<<1490;250>;<1362;299>;<954;324>>,,,,,,,,,,,,,,,,,,,,,,,,
12503,风絮镇,,<{advance=19;unitId=61292;level=178};{advance=19;unitId=60392;level=178};{advance=19;unitId=60601;level=178};{advance=19;unitId=61351;level=178};{advance=19;unitId=61352;level=178}>,<{advance=23;unitId=73161;level=178}>,,,4,,,,,,,,battle/scene/bg_xcdg.jpg,config/big_hero/normal/img_638_gplw@.png,,35,,,,<{key=1;value=1};{key=2;value=2};{key=3;value=6}>,178,900,900,,,,,6,120,6,{5000=0;5046=0},4620,,{14=4},{14=5},,,,,,{x=714;y=584},,<<954;324>;<776;409>;<714;584>>,,,,,,,,,,,,,,,,,,,,,,,,
12504,风絮镇,,<{advance=19;unitId=62231;level=179};{advance=19;unitId=62351;level=179};{advance=19;unitId=62891;level=179};{advance=19;unitId=60603;level=179};{advance=19;unitId=63471;level=179}>,<{advance=23;unitId=70641;level=179}>,config/portrait/simple/img_131_lpls@.png,,4,,,,,,,,battle/scene/bg_xcdg.jpg,config/big_hero/normal/img_131_lpls@.png,,35,,,,<{key=1;value=1};{key=2;value=2};{key=3;value=6}>,179,905,905,,,,,6,120,6,{5000=0;5046=0},4620,,{14=4},{14=5},,,,,{gold=10000;rmb=10;talent_point=1},{x=1160;y=476},{y=482;x=1480},<<714;584>;<920;518>;<1160;476>>,,,,,,,,,,,,,,,,,,,,,,,,
12505,风絮镇,,<{advance=19;unitId=60092;level=180};{advance=19;unitId=62271;level=180};{advance=19;unitId=62271;level=180};{advance=19;unitId=60001;level=180};{advance=19;unitId=62012;level=180}>,<{advance=23;unitId=70701;level=180}>,,,4,,,,,,,,battle/scene/bg_xcdg.jpg,config/big_hero/normal/img_142_hsyl@.png,,35,,,,<{key=1;value=1};{key=2;value=2};{key=3;value=6}>,180,910,910,,,,,6,120,6,{5000=0;5047=0},4620,,{14=4},{14=5},,,,1,,{x=1972;y=446},,<<1160;476>;<1480;482>;<1972;446>>,,,,1,,,,,,,,,,,,,,,,,,,,
12506,风絮镇,,<{advance=19;unitId=60471;level=181};{advance=19;unitId=61303;level=181};{advance=19;unitId=63282;level=181};{advance=19;unitId=60071;level=181};{advance=19;unitId=61303;level=181}>,<{advance=23;unitId=70863;level=181}>,config/portrait/simple/img_468_bkjs@.png,,4,,,,,,,,battle/scene/bg_xcdg.jpg,config/big_hero/normal/img_468_bkjs@.png,,35,,,,<{key=1;value=1};{key=2;value=2};{key=3;value=6}>,181,915,915,,,,,6,120,6,{5000=0;5047=0},4620,,{14=4},{14=5},,,,,{gold=10000;rmb=10;talent_point=1},{x=1904;y=832},{y=820;x=1720},<<1972;446>;<1832;726>;<1904;832>>,,,,,,,,,,,,,,,,,,,,,,,,
12507,风絮镇,,<{advance=19;unitId=63561;level=182};{advance=19;unitId=60262;level=182};{advance=19;unitId=63471;level=182};{advance=19;unitId=60331;level=182};{advance=19;unitId=61292;level=182}>,<{advance=23;unitId=180972;level=182}>,,,4,,,,,,,,battle/scene/bg_xcdg.jpg,config/big_hero/normal/img_429_mym@.png,,35,,,,<{key=1;value=1};{key=2;value=2};{key=3;value=6}>,182,920,920,,,,,6,120,6,{5000=0;5047=0},4620,,{14=4},{14=5},,,,,,{x=1472;y=708},,<<1904;832>;<1720;820>;<1472;708>>,,,,,,,,,,,,,,,,,,,,,,,,
12508,风絮镇,,<{advance=19;unitId=60471;level=183};{advance=19;unitId=60472;level=183};{advance=19;unitId=63301;level=183};{advance=19;unitId=60131;level=183};{advance=19;unitId=60552;level=183}>,<{advance=23;unitId=181772;level=183}>,config/portrait/simple/img_350_mns@.png,,4,,,,,,,,battle/scene/bg_xcdg.jpg,config/big_hero/normal/img_350_mns@.png,,35,,,,<{key=1;value=1};{key=2;value=2};{key=3;value=6}>,183,925,925,,,,,6,120,6,{5000=0;5048=0},4620,,{14=4},{14=5},,,,1,{gold=10000;rmb=10;talent_point=1},{x=422;y=826},{y=812;x=1004},<<1472;708>;<1188;674>;<422;826>>,,,,1,,,,,,,,,,,,,,,,,,,,
12509,风絮镇,,<{advance=19;unitId=60101;level=184};{advance=19;unitId=60391;level=184};{advance=19;unitId=61612;level=184};{advance=19;unitId=60393;level=184};{advance=19;unitId=62012;level=184}>,<{advance=24;unitId=182023;level=184}>,,,4,,,,,,,,battle/scene/bg_xcdg.jpg,config/big_hero/normal/img_392_lyh@.png,,35,,,,<{key=1;value=1};{key=2;value=2};{key=3;value=6}>,184,930,930,,,,,6,120,6,{5000=0;5048=0},4620,,{14=4},{14=5},,,,,,{x=1536;y=934},,<<422;826>;<1004;812>;<1536;934>>,,,,,,,,,,,,,,,,,,,,,,,,
12510,风絮镇,,<{advance=19;unitId=60472;level=185};{advance=19;unitId=60552;level=185};{advance=19;unitId=63472;level=185};{advance=19;unitId=63341;level=185};{advance=19;unitId=60601;level=185}>,<{advance=24;unitId=183601;level=185}>,config/portrait/simple/img_716_zenys@.png,,4,,,,,,,,battle/scene/bg_xcdg.jpg,config/big_hero/normal/img_716_zenys@.png,,35,,,,<{key=1;value=1};{key=2;value=2};{key=3;value=6}>,185,935,935,,,,,6,120,6,{5000=0;5048=0},4620,,{14=4},{14=5},,,,,,{x=1242;y=982},,<<1536;934>;<1398;882>;<1242;982>>,,,,,,,,,,,,,,,,,,,,,,,,
12601,密阿雷市,,<{advance=20;unitId=60803;level=186};{advance=20;unitId=60721;level=186};{advance=20;unitId=60102;level=186};{advance=20;unitId=60102;level=186};{advance=20;unitId=60301;level=186}>,<{advance=25;unitId=70382;level=186}>,,,4,,,,,,,,battle/scene/bg_xcdg.jpg,config/big_hero/normal/img_91_cjb@.png,,36,,,,<{key=1;value=1};{key=2;value=2};{key=3;value=6}>,186,940,940,,,,,6,120,6,{5000=0;5030=0;5049=0},4830,,{13=1;14=4},{13=2;14=5},,,,1,,{x=2191;y=468},,<<2191;468>>,,,,1,,,,,,,,,,,,,,,,,,,,
12602,密阿雷市,,<{advance=20;unitId=62483;level=187};{advance=20;unitId=61813;level=187};{advance=20;unitId=61302;level=187};{advance=20;unitId=60043;level=187};{advance=20;unitId=60552;level=187}>,<{advance=25;unitId=73181;level=187}>,config/portrait/simple/img_640_bljw@.png,,4,,,,,,,,battle/scene/bg_xcdg.jpg,config/big_hero/normal/img_640_bljw@.png,,36,,,,<{key=1;value=1};{key=2;value=2};{key=3;value=6}>,187,945,945,,,,,6,120,6,{5000=0;5030=0;5049=0},4830,,{13=1;14=4},{13=2;14=5},,,,,{gold=10000;rmb=10;talent_point=1},{x=1516;y=276},{y=297;x=1174},<<2191;468>;<1919;576>;<1516;276>>,,,,,,,,,,,,,,,,,,,,,,,,
12603,密阿雷市,,<{advance=20;unitId=60012;level=188};{advance=20;unitId=60102;level=188};{advance=20;unitId=63472;level=188};{advance=20;unitId=61862;level=188};{advance=20;unitId=62073;level=188}>,<{advance=25;unitId=70883;level=188}>,,,4,,,,,,,,battle/scene/bg_xcdg.jpg,config/big_hero/normal/img_181_dl@.png,,36,,,,<{key=1;value=1};{key=2;value=2};{key=3;value=6}>,188,950,950,,,,,6,120,6,{5000=0;5030=0;5049=0},4830,,{13=1;14=4},{13=2;14=5},,,,,,{x=897;y=292},,<<1516;276>;<1174;297>;<897;292>>,,,,,,,,,,,,,,,,,,,,,,,,
12604,密阿雷市,,<{advance=20;unitId=63541;level=189};{advance=20;unitId=64023;level=189};{advance=20;unitId=61172;level=189};{advance=20;unitId=62073;level=189};{advance=20;unitId=61422;level=189}>,<{advance=25;unitId=70403;level=189}>,config/portrait/simple/img_208_cjdgs@.png,,4,,,,,,,,battle/scene/bg_xcdg.jpg,config/big_hero/normal/img_208_cjdgs@.png,,36,,,,<{key=1;value=1};{key=2;value=2};{key=3;value=6}>,189,955,955,,,,,6,120,6,{5000=0;5030=0;5049=0},4830,,{13=1;14=4},{13=2;14=5},,,,,{gold=10000;rmb=10;talent_point=1},{x=510;y=472},{y=702;x=695},<<897;292>;<722;432>;<510;472>>,,,,,,,,,,,,,,,,,,,,,,,,
12605,密阿雷市,,<{advance=20;unitId=63292;level=190};{advance=20;unitId=60072;level=190};{advance=20;unitId=61393;level=190};{advance=20;unitId=60061;level=190};{advance=20;unitId=60351;level=190}>,<{advance=25;unitId=72411;level=190}>,,,4,,,,,,,,battle/scene/bg_xcdg.jpg,config/big_hero/normal/img_489_fon@.png,,36,,,,<{key=1;value=1};{key=2;value=2};{key=3;value=6}>,190,960,960,,,,,6,120,6,{5000=0;5028=0;5050=0},4830,,{13=1;14=4},{13=2;14=5},,,,1,,{x=551;y=873},,<<510;472>;<695;702>;<551;873>>,,,,1,,,,,,,,,,,,,,,,,,,,
12606,密阿雷市,,<{advance=20;unitId=60883;level=191};{advance=20;unitId=60002;level=191};{advance=20;unitId=62271;level=191};{advance=20;unitId=60691;level=191};{advance=20;unitId=61612;level=191}>,<{advance=25;unitId=74081;level=191}>,config/portrait/simple/img_798_zyj@.png,,4,,,,,,,,battle/scene/bg_xcdg.jpg,config/big_hero/normal/img_798_zyj@.png,,36,,,,<{key=1;value=1};{key=2;value=2};{key=3;value=6}>,191,965,965,,,,,6,120,6,{5000=0;5028=0;5050=0},4830,,{13=1;14=4},{13=2;14=5},,,,,{gold=10000;rmb=10;talent_point=1},{x=947;y=1095},{y=1113;x=1194},<<551;873>;<760;999>;<947;1095>>,,,,,,,,,,,,,,,,,,,,,,,,
12607,密阿雷市,,<{advance=20;unitId=60632;level=192};{advance=20;unitId=61501;level=192};{advance=20;unitId=63541;level=192};{advance=20;unitId=62012;level=192};{advance=20;unitId=60471;level=192}>,<{advance=25;unitId=180731;level=192}>,,,4,,,,,,,,battle/scene/bg_xcdg.jpg,config/big_hero/normal/img_145_sdn@.png,,36,,,,<{key=1;value=1};{key=2;value=2};{key=3;value=6}>,192,970,970,,,,,6,120,6,{5000=0;5028=0;5050=0},4830,,{13=1;14=4},{13=2;14=5},,,,,,{x=1457;y=1093},,<<947;1095>;<1194;1113>;<1457;1093>>,,,,,,,,,,,,,,,,,,,,,,,,
12608,密阿雷市,,<{advance=20;unitId=60883;level=193};{advance=20;unitId=60392;level=193};{advance=20;unitId=60332;level=193};{advance=20;unitId=61291;level=193};{advance=20;unitId=60691;level=193}>,<{advance=25;unitId=182493;level=193}>,config/portrait/simple/img_503_djg@.png,,4,,,,,,,,battle/scene/bg_xcdg.jpg,config/big_hero/normal/img_503_djg@.png,,36,,,,<{key=1;value=1};{key=2;value=2};{key=3;value=6}>,193,975,975,,,,,6,120,6,{5000=0;5029=0;5051=0},4830,,{13=1;14=4},{13=2;14=5},,,,1,{gold=10000;rmb=10;talent_point=1},{x=1212;y=670},{y=807;x=1457},<<1457;1093>;<1379;972>;<1212;670>>,,,,1,,,,,,,,,,,,,,,,,,,,
12609,密阿雷市,,<{advance=20;unitId=63472;level=194};{advance=20;unitId=60062;level=194};{advance=20;unitId=63412;level=194};{advance=20;unitId=60572;level=194};{advance=20;unitId=63281;level=194}>,<{advance=26;unitId=287052;level=194}>,,,4,,,,,,,,battle/scene/bg_xcdg.jpg,config/big_hero/normal/img_796_dsm@.png,,36,,,,<{key=1;value=1};{key=2;value=2};{key=3;value=6}>,194,980,980,,,,,6,120,6,{5000=0;5029=0;5051=0},4830,,{13=1;14=4},{13=2;14=5},,,,,,{x=1671;y=855},,<<1212;670>;<1457;807>;<1671;855>>,,,,,,,,,,,,,,,,,,,,,,,,
12610,密阿雷市,,<{advance=20;unitId=61813;level=195};{advance=20;unitId=63472;level=195};{advance=20;unitId=60371;level=195};{advance=20;unitId=60332;level=195};{advance=20;unitId=60552;level=195}>,<{advance=26;unitId=84111;level=195}>,config/portrait/simple/img_801_mjyn@.png,,4,,,,,,,,battle/scene/bg_xcdg.jpg,config/big_hero/normal/img_801_mjyn@.png,,36,,,,<{key=1;value=1};{key=2;value=2};{key=3;value=6}>,195,985,985,,,,,6,120,6,{5000=0;5029=0;5051=0},4830,,{13=1;14=4},{13=2;14=5},,,,,,{x=2016;y=978},,<<1671;855>;<1881;891>;<2016;978>>,,,,,,,,,,,,,,,,,,,,,,,,
12701,雪风镇,,<{advance=21;unitId=62012;level=196};{advance=21;unitId=62822;level=196};{advance=21;unitId=60232;level=196};{advance=21;unitId=60593;level=196};{advance=21;unitId=60491;level=196}>,<{advance=25;unitId=212132;level=196}>,,,4,,,,,,,,battle/scene/bg_xcdg.jpg,config/big_hero/normal/img_419_fqy@.png,,37,,,,<{key=1;value=1};{key=2;value=2};{key=3;value=6}>,196,990,990,,,,,6,120,6,{5000=0;5052=0},5040,,{14=4},{14=5},,,,1,,{x=290;y=750},,<<290;750>>,,,,1,,,,,,,,,,,,,,,,,,,,
12702,雪风镇,,<{advance=21;unitId=60092;level=197};{advance=21;unitId=60262;level=197};{advance=21;unitId=60101;level=197};{advance=21;unitId=60792;level=197};{advance=21;unitId=60481;level=197}>,<{advance=25;unitId=73413;level=197}>,config/portrait/simple/img_681_jdjg@.png,,4,,,,,,,,battle/scene/bg_xcdg.jpg,config/big_hero/normal/img_681_jdjg@.png,,37,,,,<{key=1;value=1};{key=2;value=2};{key=3;value=6}>,197,995,995,,,,,6,120,6,{5000=0;5052=0},5040,,{14=4},{14=5},,,,,{gold=10000;rmb=10;talent_point=1},{x=640;y=692},{y=636;x=818},<<290;750>;<448;690>;<640;692>>,,,,,,,,,,,,,,,,,,,,,,,,
12703,雪风镇,,<{advance=21;unitId=63281;level=198};{advance=21;unitId=60721;level=198};{advance=21;unitId=61612;level=198};{advance=21;unitId=60272;level=198};{advance=21;unitId=60101;level=198}>,<{advance=25;unitId=212411;level=198}>,,,4,,,,,,,,battle/scene/bg_xcdg.jpg,config/big_hero/normal/img_489_fon@.png,,37,,,,<{key=1;value=1};{key=2;value=2};{key=3;value=6}>,198,1000,1000,,,,,6,120,6,{5000=0;5052=0},5040,,{14=4},{14=5},,,,,,{x=906;y=464},,<<640;692>;<818;636>;<906;464>>,,,,,,,,,,,,,,,,,,,,,,,,
12704,雪风镇,,<{advance=21;unitId=63281;level=199};{advance=21;unitId=61421;level=199};{advance=21;unitId=60101;level=199};{advance=21;unitId=60803;level=199};{advance=21;unitId=61221;level=199}>,<{advance=25;unitId=73592;level=199}>,config/portrait/simple/img_715_ybl@.png,,4,,,,,,,,battle/scene/bg_xcdg.jpg,config/big_hero/normal/img_715_ybl@.png,,37,,,,<{key=1;value=1};{key=2;value=2};{key=3;value=6}>,199,1005,1005,,,,,6,120,6,{5000=0;5052=0},5040,,{14=4},{14=5},,,,,{gold=10000;rmb=10;talent_point=1},{x=1168;y=708},{y=596;x=1306},<<906;464>;<996;626>;<1168;708>>,,,,,,,,,,,,,,,,,,,,,,,,
12705,雪风镇,,<{advance=21;unitId=60052;level=200};{advance=21;unitId=60263;level=200};{advance=21;unitId=60791;level=200};{advance=21;unitId=60601;level=200};{advance=21;unitId=60001;level=200}>,<{advance=25;unitId=72411;level=200}>,,,4,,,,,,,,battle/scene/bg_xcdg.jpg,config/big_hero/normal/img_202_grw@.png,,37,,,,<{key=1;value=1};{key=2;value=2};{key=3;value=6}>,200,1010,1010,,,,,6,120,6,{5000=0;5053=0},5040,,{14=4},{14=5},,,,1,,{x=1442;y=500},,<<1168;708>;<1306;596>;<1442;500>>,,,,1,,,,,,,,,,,,,,,,,,,,
12706,雪风镇,,<{advance=21;unitId=62073;level=201};{advance=21;unitId=60052;level=201};{advance=21;unitId=61393;level=201};{advance=21;unitId=60472;level=201};{advance=21;unitId=63302;level=201}>,<{advance=25;unitId=73843;level=201}>,config/portrait/simple/img_763_tlmh@.png,,4,,,,,,,,battle/scene/bg_xcdg.jpg,config/big_hero/normal/img_763_tlmh@.png,,37,,,,<{key=1;value=1};{key=2;value=2};{key=3;value=6}>,201,1015,1015,,,,,6,120,6,{5000=0;5053=0},5040,,{14=4},{14=5},,,,,{gold=10000;rmb=10;talent_point=1},{x=1436;y=204},{y=247;x=1644},<<1442;500>;<1576;490>;<1436;204>>,,,,,,,,,,,,,,,,,,,,,,,,
12707,雪风镇,,<{advance=21;unitId=60052;level=202};{advance=21;unitId=60262;level=202};{advance=21;unitId=60552;level=202};{advance=21;unitId=60132;level=202};{advance=21;unitId=60061;level=202}>,<{advance=25;unitId=183683;level=202}>,,,4,,,,,,,,battle/scene/bg_xcdg.jpg,config/big_hero/normal/img_730_xshr@.png,,37,,,,<{key=1;value=1};{key=2;value=2};{key=3;value=6}>,202,1020,1020,,,,,6,120,6,{5000=0;5053=0},5040,,{14=4},{14=5},,,,,,{x=1812;y=282},,<<1436;204>;<1644;247>;<1812;282>>,,,,,,,,,,,,,,,,,,,,,,,,
12708,雪风镇,,<{advance=21;unitId=62073;level=203};{advance=21;unitId=60463;level=203};{advance=21;unitId=61353;level=203};{advance=21;unitId=60803;level=203};{advance=21;unitId=60371;level=203}>,<{advance=25;unitId=84071;level=203}>,config/portrait/simple/img_797_thhy@.png,,4,,,,,,,,battle/scene/bg_xcdg.jpg,config/big_hero/normal/img_797_thhy@.png,,37,,,,<{key=1;value=1};{key=2;value=2};{key=3;value=6}>,203,1025,1025,,,,,6,120,6,{5000=0;5054=0},5040,,{14=4},{14=5},,,,1,{gold=10000;rmb=10;talent_point=1},{x=2094;y=414},{y=494;x=1694},<<1812;282>;<2008;302>;<2094;414>>,,,,1,,,,,,,,,,,,,,,,,,,,
12709,雪风镇,,<{advance=21;unitId=60471;level=204};{advance=21;unitId=60262;level=204};{advance=21;unitId=63281;level=204};{advance=21;unitId=60542;level=204};{advance=21;unitId=63291;level=204}>,<{advance=26;unitId=183191;level=204}>,,,4,,,,,,,,battle/scene/bg_xcdg.jpg,config/big_hero/normal/img_641_ljy@.png,,37,,,,<{key=1;value=1};{key=2;value=2};{key=3;value=6}>,204,1030,1030,,,,,6,120,6,{5000=0;5054=0},5040,,{14=4},{14=5},,,,,,{x=1928;y=602},,<<2094;414>;<1694;494>;<1928;602>>,,,,,,,,,,,,,,,,,,,,,,,,
12710,雪风镇,,<{advance=21;unitId=60883;level=205};{advance=21;unitId=60262;level=205};{advance=21;unitId=60271;level=205};{advance=21;unitId=60003;level=205};{advance=21;unitId=62633;level=205}>,<{advance=26;unitId=184023;level=205}>,config/portrait/simple/img_791_sejlo@.png,,4,,,,,,,,battle/scene/bg_xcdg.jpg,config/big_hero/normal/img_791_sejlo@.png,,37,,,,<{key=1;value=1};{key=2;value=2};{key=3;value=6}>,205,1035,1035,,,,,6,120,6,{5000=0;5054=0},5040,,{14=4},{14=5},,,,,,{x=2030;y=834},,<<1928;602>;<2228;680>;<2030;834>>,,,,,,,,,,,,,,,,,,,,,,,,
12801,名水镇,,<{advance=22;unitId=62631;level=206};{advance=22;unitId=60401;level=206};{advance=22;unitId=61941;level=206};{advance=22;unitId=61903;level=206};{advance=22;unitId=60051;level=206}>,<{advance=22;unitId=71032;level=206}>,,,4,,,,,,,,battle/scene/bg_xcdg.jpg,config/big_hero/normal/img_472_txw@.png,,38,,,,<{key=1;value=1};{key=2;value=2};{key=3;value=6}>,206,1040,1040,,,,,6,120,6,{5000=0;5033=0;5055=0},5250,,{14=5},{13=2;14=6},,,,1,,{x=538;y=1062},,<<538;1062>>,,,,1,,,,,,,,,,,,,,,,,,,,
12802,名水镇,,<{advance=22;unitId=62992;level=207};{advance=22;unitId=60053;level=207};{advance=22;unitId=61611;level=207};{advance=22;unitId=60741;level=207};{advance=22;unitId=61251;level=207}>,<{advance=22;unitId=72473;level=207}>,config/portrait/simple/img_497_jzs@.png,,4,,,,,,,,battle/scene/bg_xcdg.jpg,config/big_hero/normal/img_497_jzs@.png,,38,,,,<{key=1;value=1};{key=2;value=2};{key=3;value=6}>,207,1045,1045,,,,,6,120,6,{5000=0;5033=0;5055=0},5250,,{14=5},{13=2;14=6},,,,,{gold=10000;rmb=10;talent_point=1},{x=505;y=728},{y=554;x=582},<<538;1062>;<419;900>;<505;728>>,,,,,,,,,,,,,,,,,,,,,,,,
12803,名水镇,,<{advance=22;unitId=61893;level=208};{advance=22;unitId=63342;level=208};{advance=22;unitId=61302;level=208};{advance=22;unitId=60171;level=208};{advance=22;unitId=61421;level=208}>,<{advance=22;unitId=73003;level=208}>,,,4,,,,,,,,battle/scene/bg_xcdg.jpg,config/big_hero/normal/img_612_sfzl@.png,,38,,,,<{key=1;value=1};{key=2;value=2};{key=3;value=6}>,208,1050,1050,,,,,6,120,6,{5000=0;5033=0;5055=0},5250,,{14=5},{13=2;14=6},,,,,,{x=818;y=671},,<<505;728>;<582;554>;<818;671>>,,,,,,,,,,,,,,,,,,,,,,,,
12804,名水镇,,<{advance=22;unitId=63191;level=209};{advance=22;unitId=61231;level=209};{advance=22;unitId=60691;level=209};{advance=22;unitId=63771;level=209};{advance=22;unitId=60271;level=209}>,<{advance=22;unitId=73152;level=209}>,config/portrait/simple/img_637_hse@.png,,4,,,,,,,,battle/scene/bg_xcdg.jpg,config/big_hero/normal/img_637_hse@.png,,38,,,,<{key=1;value=1};{key=2;value=2};{key=3;value=6}>,209,1055,1055,,,,,6,120,6,{5000=0;5033=0;5055=0},5250,,{14=5},{13=2;14=6},,,,,{gold=10000;rmb=10;talent_point=1},{x=1108;y=718},{y=518;x=1180},<<818;671>;<948;628>;<1108;718>>,,,,,,,,,,,,,,,,,,,,,,,,
12805,名水镇,,<{advance=22;unitId=60152;level=210};{advance=22;unitId=62272;level=210};{advance=22;unitId=60133;level=210};{advance=22;unitId=61082;level=210};{advance=22;unitId=60262;level=210}>,<{advance=22;unitId=73231;level=210}>,,,4,,,,,,,,battle/scene/bg_xcdg.jpg,config/big_hero/normal/img_645_tdy@.png,,38,,,,<{key=1;value=1};{key=2;value=2};{key=3;value=6}>,210,1060,1060,,,,,6,120,6,{5000=0;5031=0;5056=0},5250,,{14=5},{13=2;14=6},,,,1,,{x=1054;y=376},,<<1108;718>;<1180;518>;<1054;376>>,,,,1,,,,,,,,,,,,,,,,,,,,
12806,名水镇,,<{advance=22;unitId=60241;level=211};{advance=22;unitId=67001;level=211};{advance=22;unitId=60004;level=211};{advance=22;unitId=60403;level=211};{advance=22;unitId=60022;level=211}>,<{advance=22;unitId=73201;level=211}>,config/portrait/simple/img_642_ldy@.png,,4,,,,,,,,battle/scene/bg_xcdg.jpg,config/big_hero/normal/img_642_ldy@.png,,38,,,,<{key=1;value=1};{key=2;value=2};{key=3;value=6}>,211,1065,1065,,,,,6,120,6,{5000=0;5031=0;5056=0},5250,,{14=5},{13=2;14=6},,,,,{gold=10000;rmb=10;talent_point=1},{x=1505;y=263},{y=229;x=1851},<<1054;376>;<1505;263>>,,,,,,,,,,,,,,,,,,,,,,,,
12807,名水镇,,<{advance=22;unitId=60273;level=212};{advance=22;unitId=61772;level=212};{advance=22;unitId=61853;level=212};{advance=22;unitId=60333;level=212};{advance=22;unitId=63351;level=212}>,<{advance=22;unitId=183191;level=212}>,,,4,,,,,,,,battle/scene/bg_xcdg.jpg,config/big_hero/normal/img_641_ljy@.png,,38,,,,<{key=1;value=1};{key=2;value=2};{key=3;value=6}>,212,1070,1070,,,,,6,120,6,{5000=0;5031=0;5056=0},5250,,{14=5},{13=2;14=6},,,,,,{x=1919;y=417},,<<1595;263>;<1851;229>;<1919;417>>,,,,,,,,,,,,,,,,,,,,,,,,
12808,名水镇,,<{advance=22;unitId=60283;level=213};{advance=22;unitId=60123;level=213};{advance=22;unitId=60893;level=213};{advance=22;unitId=64131;level=213};{advance=22;unitId=61851;level=213}>,<{advance=22;unitId=183251;level=213}>,config/portrait/simple/img_647_kldo@.png,,4,,,,,,,,battle/scene/bg_xcdg.jpg,config/big_hero/normal/img_647_kldo@.png,,38,,,,<{key=1;value=1};{key=2;value=2};{key=3;value=6}>,213,1075,1075,,,,,6,120,6,{5000=0;5032=0;5057=0},5250,,{14=5},{13=2;14=6},,,,1,{gold=10000;rmb=10;talent_point=1},{x=1400;y=553},{y=698;x=1542},<<1919;417>;<1455;513>>,,,,1,,,,,,,,,,,,,,,,,,,,
12809,名水镇,,<{advance=22;unitId=62483;level=214};{advance=22;unitId=60381;level=214};{advance=22;unitId=63352;level=214};{advance=22;unitId=61811;level=214};{advance=22;unitId=61931;level=214}>,<{advance=22;unitId=187001;level=214}>,,,4,,,,,,,,battle/scene/bg_xcdg.jpg,config/big_hero/normal/img_25_xzpkq@.png,,38,,,,<{key=1;value=1};{key=2;value=2};{key=3;value=6}>,214,1080,1080,,,,,6,120,6,{5000=0;5032=0;5057=0},5250,,{14=5},{13=2;14=6},,,,,,{x=1722;y=806},,<<1455;513>;<1532;648>;<1722;806>>,,,,,,,,,,,,,,,,,,,,,,,,
12810,名水镇,,<{advance=22;unitId=63251;level=215};{advance=22;unitId=62682;level=215};{advance=22;unitId=63281;level=215};{advance=22;unitId=63161;level=215};{advance=22;unitId=62922;level=215}>,<{advance=22;unitId=184132;level=215}>,config/portrait/simple/img_804_sezl@.png,,4,,,,,,,,battle/scene/bg_xcdg.jpg,config/big_hero/normal/img_804_sezl@.png,,38,,,,<{key=1;value=1};{key=2;value=2};{key=3;value=6}>,215,1085,1085,,,,,6,120,6,{5000=0;5032=0;5057=0},5250,,{14=5},{13=2;14=6},,,,,,{x=1916;y=948},,<<1722;806>;<1846;856>;<1916;948>>,,,,,,,,,,,,,,,,,,,,,,,,
12901,利利小镇,,<{advance=22;unitId=60481;level=216};{advance=22;unitId=61291;level=216};{advance=22;unitId=60081;level=216};{advance=22;unitId=60091;level=216};{advance=22;unitId=63201;level=216}>,<{advance=22;unitId=73561;level=216}>,,,4,,,,,,,,battle/scene/bg_xcdg.jpg,config/big_hero/normal/img_708_xml@.png,,39,,,,<{key=1;value=1};{key=2;value=2};{key=3;value=6}>,216,1090,1090,,,,,6,120,6,{5000=0;5058=0},5460,,{14=3;15=1},{13=2;15=2},,,,1,,{x=851;y=1050},,<<851;1050>>,,,,1,,,,,,,,,,,,,,,,,,,,
12902,利利小镇,,<{advance=22;unitId=60052;level=217};{advance=22;unitId=63292;level=217};{advance=22;unitId=60332;level=217};{advance=22;unitId=60263;level=217};{advance=22;unitId=61311;level=217}>,<{advance=22;unitId=72681;level=217}>,config/portrait/simple/img_543_bzwg@.png,,4,,,,,,,,battle/scene/bg_xcdg.jpg,config/big_hero/normal/img_543_bzwg@.png,,39,,,,<{key=1;value=1};{key=2;value=2};{key=3;value=6}>,217,1095,1095,,,,,6,120,6,{5000=0;5058=0},5460,,{14=3;15=1},{13=2;15=2},,,,,{gold=10000;rmb=10;talent_point=1},{x=800;y=651},{y=850;x=600},<<851;1050>;<600;850>;<800;651>>,,,,,,,,,,,,,,,,,,,,,,,,
12903,利利小镇,,<{advance=22;unitId=60001;level=218};{advance=22;unitId=62302;level=218};{advance=22;unitId=62481;level=218};{advance=22;unitId=60133;level=218};{advance=22;unitId=61292;level=218}>,<{advance=22;unitId=70493;level=218}>,,,4,,,,,,,,battle/scene/bg_xcdg.jpg,config/big_hero/normal/img_464_cjkx@.png,,39,,,,<{key=1;value=1};{key=2;value=2};{key=3;value=6}>,218,1100,1100,,,,,6,120,6,{5000=0;5058=0},5460,,{14=3;15=1},{13=2;15=2},,,,,,{x=1154;y=330},,<<800;651>;<1154;330>>,,,,,,,,,,,,,,,,,,,,,,,,
12904,利利小镇,,<{advance=22;unitId=63353;level=219};{advance=22;unitId=60331;level=219};{advance=22;unitId=60051;level=219};{advance=22;unitId=61971;level=219};{advance=22;unitId=60053;level=219}>,<{advance=22;unitId=70301;level=219}>,config/portrait/simple/img_74_xqs@.png,,4,,,,,,,,battle/scene/bg_xcdg.jpg,config/big_hero/normal/img_74_xqs@.png,,39,,,,<{key=1;value=1};{key=2;value=2};{key=3;value=6}>,219,1105,1105,,,,,6,120,6,{5000=0;5058=0},5460,,{14=3;15=1},{13=2;15=2},,,,,{gold=10000;rmb=10;talent_point=1},{x=1519;y=217},{y=210;x=1280},<<1154;330>;<1519;217>>,,,,,,,,,,,,,,,,,,,,,,,,
12905,利利小镇,,<{advance=22;unitId=63191;level=220};{advance=22;unitId=61353;level=220};{advance=22;unitId=61503;level=220};{advance=22;unitId=64132;level=220};{advance=22;unitId=61901;level=220}>,<{advance=22;unitId=71281;level=220}>,,,4,,,,,,,,battle/scene/bg_xcdg.jpg,config/big_hero/normal/img_251_slb@.png,,39,,,,<{key=1;value=1};{key=2;value=2};{key=3;value=6}>,220,1110,1110,,,,,6,120,6,{5000=0;5059=0},5460,,{14=3;15=1},{13=2;15=2},,,,1,,{x=1819;y=317},,<<1519;217>;<1819;317>>,,,,1,,,,,,,,,,,,,,,,,,,,
12906,利利小镇,,<{advance=22;unitId=60782;level=221};{advance=22;unitId=60211;level=221};{advance=22;unitId=67001;level=221};{advance=22;unitId=61813;level=221};{advance=22;unitId=60792;level=221}>,<{advance=22;unitId=71863;level=221}>,config/portrait/simple/img_365_dyhs@.png,,4,,,,,,,,battle/scene/bg_xcdg.jpg,config/big_hero/normal/img_365_dyhs@.png,,39,,,,<{key=1;value=1};{key=2;value=2};{key=3;value=6}>,221,1115,1115,,,,,6,120,6,{5000=0;5059=0},5460,,{14=3;15=1},{13=2;15=2},,,,,{gold=10000;rmb=10;talent_point=1},{x=2016;y=699},{y=531;x=1911},<<1819;317>;<2016;699>>,,,,,,,,,,,,,,,,,,,,,,,,
12907,利利小镇,,<{advance=22;unitId=63842;level=222};{advance=22;unitId=60572;level=222};{advance=22;unitId=62593;level=222};{advance=22;unitId=61891;level=222};{advance=22;unitId=60472;level=222}>,<{advance=22;unitId=182483;level=222}>,,,4,,,,,,,,battle/scene/bg_xcdg.jpg,config/big_hero/normal/img_500_yww@.png,,39,,,,<{key=1;value=1};{key=2;value=2};{key=3;value=6}>,222,1120,1120,,,,,6,120,6,{5000=0;5059=0},5460,,{14=3;15=1},{13=2;15=2},,,,,,{x=1613;y=738},,<<2016;699>;<1613;738>>,,,,,,,,,,,,,,,,,,,,,,,,
12908,利利小镇,,<{advance=22;unitId=60711;level=223};{advance=22;unitId=63141;level=223};{advance=22;unitId=62591;level=223};{advance=22;unitId=60502;level=223};{advance=22;unitId=60241;level=223}>,<{advance=22;unitId=180863;level=223}>,config/portrait/simple/img_160_dle@.png,,4,,,,,,,,battle/scene/bg_xcdg.jpg,config/big_hero/normal/img_468_bkjs@.png,,39,,,,<{key=1;value=1};{key=2;value=2};{key=3;value=6}>,223,1125,1125,,,,,6,120,6,{5000=0;5060=0},5460,,{14=3;15=1},{13=2;15=2},,,,1,{gold=10000;rmb=10;talent_point=1},{x=1112;y=753},{y=620;x=1251},<<1613;738>;<1251;620>;<1112;753>>,,,,1,,,,,,,,,,,,,,,,,,,,
12909,利利小镇,,<{advance=22;unitId=62483;level=224};{advance=22;unitId=60212;level=224};{advance=22;unitId=60062;level=224};{advance=22;unitId=60271;level=224};{advance=22;unitId=60752;level=224}>,<{advance=22;unitId=180262;level=224}>,,,4,,,,,,,,battle/scene/bg_xcdg.jpg,config/big_hero/normal/img_64_yjl@.png,,39,,,,<{key=1;value=1};{key=2;value=2};{key=3;value=6}>,224,1130,1130,,,,,6,120,6,{5000=0;5060=0},5460,,{14=3;15=1},{13=2;15=2},,,,,,{x=1569;y=956},,<<1112;753>;<1569;956>>,,,,,,,,,,,,,,,,,,,,,,,,
12910,利利小镇,,<{advance=22;unitId=62033;level=225};{advance=22;unitId=61921;level=225};{advance=22;unitId=60721;level=225};{advance=22;unitId=63342;level=225};{advance=22;unitId=61862;level=225}>,<{advance=22;unitId=180081;level=225}>,config/portrait/simple/img_23_abs@.png,,4,,,,,,,,battle/scene/bg_xcdg.jpg,config/big_hero/normal/img_23_abs@.png,,39,,,,<{key=1;value=1};{key=2;value=2};{key=3;value=6}>,225,1135,1135,,,,,6,120,6,{5000=0;5060=0},5460,,{14=3;15=1},{13=2;15=2},,,,,,{x=1908;y=996},,<<1569;956>;<1908;996>>,,,,,,,,,,,,,,,,,,,,,,,,
13001,三云岛,,<{advance=22;unitId=60371;level=226};{advance=22;unitId=60711;level=226};{advance=22;unitId=61813;level=226};{advance=22;unitId=67001;level=226};{advance=22;unitId=60012;level=226}>,<{advance=22;unitId=71423;level=226}>,,,4,,,,,,,,battle/scene/bg_xcdg.jpg,config/big_hero/normal/img_289_qjw@.png,,40,,,,<{key=1;value=1};{key=2;value=2};{key=3;value=6}>,226,1140,1140,,,,,6,120,6,{5000=0;5036=0;5061=0},5670,,{15=2},{13=4;15=2},,,,1,,{x=621;y=1100},,<<621;1100>>,,,,1,,,,,,,,,,,,,,,,,,,,
13002,三云岛,,<{advance=22;unitId=63141;level=227};{advance=22;unitId=63152;level=227};{advance=22;unitId=60792;level=227};{advance=22;unitId=61031;level=227};{advance=22;unitId=60133;level=227}>,<{advance=22;unitId=70542;level=227}>,config/portrait/simple/img_119_jyw@.png,,4,,,,,,,,battle/scene/bg_xcdg.jpg,config/big_hero/normal/img_119_jyw@.png,,40,,,,<{key=1;value=1};{key=2;value=2};{key=3;value=6}>,227,1145,1145,,,,,6,120,6,{5000=0;5036=0;5061=0},5670,,{15=2},{13=4;15=2},,,,,{gold=10000;rmb=10;talent_point=1},{x=851;y=1050},{y=1100;x=731},<<621;1100>;<851;1050>>,,,,,,,,,,,,,,,,,,,,,,,,
13003,三云岛,,<{advance=22;unitId=61812;level=228};{advance=22;unitId=61501;level=228};{advance=22;unitId=60552;level=228};{advance=22;unitId=60132;level=228};{advance=22;unitId=67001;level=228}>,<{advance=22;unitId=70971;level=228}>,,,4,,,,,,,,battle/scene/bg_xcdg.jpg,config/big_hero/normal/img_184_mlll@.png,,40,,,,<{key=1;value=1};{key=2;value=2};{key=3;value=6}>,228,1150,1150,,,,,6,120,6,{5000=0;5036=0;5061=0},5670,,{15=2},{13=4;15=2},,,,,,{x=554;y=738},,<<851;1050>;<554;738>>,,,,,,,,,,,,,,,,,,,,,,,,
13004,三云岛,,<{advance=22;unitId=62021;level=229};{advance=22;unitId=60152;level=229};{advance=22;unitId=60004;level=229};{advance=22;unitId=62033;level=229};{advance=22;unitId=61502;level=229}>,<{advance=22;unitId=70711;level=229}>,config/portrait/simple/img_446_xkbs@.png,,4,,,,,,,,battle/scene/bg_xcdg.jpg,config/big_hero/normal/img_446_xkbs@.png,,40,,,,<{key=1;value=1};{key=2;value=2};{key=3;value=6}>,229,1155,1155,,,,,6,120,6,{5000=0;5036=0;5061=0},5670,,{15=2},{13=4;15=2},,,,,{gold=10000;rmb=10;talent_point=1},{x=760;y=601},{y=580;x=621},<<554;738>;<621;580>;<760;601>>,,,,,,,,,,,,,,,,,,,,,,,,
13005,三云岛,,<{advance=22;unitId=60971;level=230};{advance=22;unitId=60011;level=230};{advance=22;unitId=61891;level=230};{advance=22;unitId=62011;level=230};{advance=22;unitId=61353;level=230}>,<{advance=22;unitId=72633;level=230}>,,,4,,,,,,,,battle/scene/bg_xcdg.jpg,config/big_hero/normal/img_534_xjlj@.png,,40,,,,<{key=1;value=1};{key=2;value=2};{key=3;value=6}>,230,1160,1160,,,,,6,120,6,{5000=0;5034=0;5062=0},5670,,{15=2},{13=4;15=2},,,,1,,{x=1022;y=683},,<<760;601>;<1022;683>>,,,,1,,,,,,,,,,,,,,,,,,,,
13006,三云岛,,<{advance=22;unitId=61841;level=231};{advance=22;unitId=60111;level=231};{advance=22;unitId=62891;level=231};{advance=22;unitId=61442;level=231};{advance=22;unitId=60801;level=231}>,<{advance=22;unitId=72832;level=231}>,config/portrait/simple/img_571_slyk@.png,,4,,,,,,,,battle/scene/bg_xcdg.jpg,config/big_hero/normal/img_571_slyk@.png,,40,,,,<{key=1;value=1};{key=2;value=2};{key=3;value=6}>,231,1165,1165,,,,,6,120,6,{5000=0;5034=0;5062=0},5670,,{15=2},{13=4;15=2},,,,,{gold=10000;rmb=10;talent_point=1},{x=1371;y=974},{y=731;x=1521},<<1022;683>;<1072;913>;<1371;974>>,,,,,,,,,,,,,,,,,,,,,,,,
13007,三云岛,,<{advance=22;unitId=60781;level=232};{advance=22;unitId=63201;level=232};{advance=22;unitId=60091;level=232};{advance=22;unitId=61071;level=232};{advance=22;unitId=63281;level=232}>,<{advance=22;unitId=183412;level=232}>,,,4,,,,,,,,battle/scene/bg_xcdg.jpg,config/big_hero/normal/img_680_sjq@.png,,40,,,,<{key=1;value=1};{key=2;value=2};{key=3;value=6}>,232,1170,1170,,,,,6,120,6,{5000=0;5034=0;5062=0},5670,,{15=2},{13=4;15=2},,,,,,{x=1616;y=601},,<<1371;974>;<1616;601>>,,,,,,,,,,,,,,,,,,,,,,,,
13008,三云岛,,<{advance=22;unitId=60552;level=233};{advance=22;unitId=61841;level=233};{advance=22;unitId=63021;level=233};{advance=22;unitId=63353;level=233};{advance=22;unitId=60271;level=233}>,<{advance=22;unitId=180052;level=233}>,config/portrait/simple/img_17_bbn@.png,,4,,,,,,,,battle/scene/bg_xcdg.jpg,config/big_hero/normal/img_17_bbn@.png,,40,,,,<{key=1;value=1};{key=2;value=2};{key=3;value=6}>,233,1175,1175,,,,,6,120,6,{5000=0;5035=0;5063=0},5670,,{15=2},{13=4;15=2},,,,1,{gold=10000;rmb=10;talent_point=1},{x=2052;y=600},{y=720;x=1900},<<1616;601>;<2052;600>>,,,,1,,,,,,,,,,,,,,,,,,,,
13009,三云岛,,<{advance=22;unitId=61221;level=234};{advance=22;unitId=60371;level=234};{advance=22;unitId=63301;level=234};{advance=22;unitId=60053;level=234};{advance=22;unitId=63502;level=234}>,<{advance=22;unitId=181611;level=234}>,,,4,,,,,,,,battle/scene/bg_xcdg.jpg,config/big_hero/normal/img_322_dht@.png,,40,,,,<{key=1;value=1};{key=2;value=2};{key=3;value=6}>,234,1180,1180,,,,,6,120,6,{5000=0;5035=0;5063=0},5670,,{15=2},{13=4;15=2},,,,,,{x=1703;y=854},,<<2052;600>;<1703;854>>,,,,,,,,,,,,,,,,,,,,,,,,
13010,三云岛,,<{advance=22;unitId=61861;level=235};{advance=22;unitId=60803;level=235};{advance=22;unitId=60481;level=235};{advance=22;unitId=60262;level=235};{advance=22;unitId=60771;level=235}>,<{advance=22;unitId=182431;level=235}>,config/portrait/simple/img_491_dkly@.png,,4,,,,,,,,battle/scene/bg_xcdg.jpg,config/big_hero/normal/img_491_dkly@.png,,40,,,,<{key=1;value=1};{key=2;value=2};{key=3;value=6}>,235,1185,1185,,,,,6,120,6,{5000=0;5035=0;5063=0},5670,,{15=2},{13=4;15=2},,,,,,{x=1908;y=996},,<<1703;854>;<1908;996>>,,,,,,,,,,,,,,,,,,,,,,,,
13101,绿荫镇,,<{advance=22;unitId=60602;level=236};{advance=22;unitId=62483;level=236};{advance=22;unitId=61813;level=236};{advance=22;unitId=62832;level=236};{advance=22;unitId=61891;level=236}>,<{advance=22;unitId=71423;level=236}>,,,4,,,,,,,,battle/scene/bg_xcdg.jpg,config/big_hero/normal/img_289_qjw@.png,,41,,,,<{key=1;value=1};{key=2;value=2};{key=3;value=6}>,236,1190,1190,,,,,6,120,6,{5000=0;5064=0},5880,,{14=1;15=2},{13=6;15=2},,,,1,,{x=702;y=429},,<<702;429>>,,,,1,,,,,,,,,,,,,,,,,,,,
13102,绿荫镇,,<{advance=22;unitId=60002;level=237};{advance=22;unitId=63152;level=237};{advance=22;unitId=60792;level=237};{advance=22;unitId=61031;level=237};{advance=22;unitId=60133;level=237}>,<{advance=22;unitId=70542;level=237}>,config/portrait/simple/img_119_jyw@.png,,4,,,,,,,,battle/scene/bg_xcdg.jpg,config/big_hero/normal/img_119_jyw@.png,,41,,,,<{key=1;value=1};{key=2;value=2};{key=3;value=6}>,237,1195,1195,,,,,6,120,6,{5000=0;5064=0},5880,,{14=1;15=2},{13=6;15=2},,,,,{gold=10000;rmb=10;talent_point=1},{x=1047;y=490},{y=391;x=907},<<702;429>;<907;391>;<1047;490>>,,,,,,,,,,,,,,,,,,,,,,,,
13103,绿荫镇,,<{advance=22;unitId=60283;level=238};{advance=22;unitId=61501;level=238};{advance=22;unitId=60552;level=238};{advance=22;unitId=60101;level=238};{advance=22;unitId=61421;level=238}>,<{advance=22;unitId=73771;level=238}>,,,4,,,,,,,,battle/scene/bg_xcdg.jpg,config/big_hero/normal/img_747_hhx@.png,,41,,,,<{key=1;value=1};{key=2;value=2};{key=3;value=6}>,238,1200,1200,,,,,6,120,6,{5000=0;5064=0},5880,,{14=1;15=2},{13=6;15=2},,,,,,{x=1324;y=632},,<<1047;490>;<1324;632>>,,,,,,,,,,,,,,,,,,,,,,,,
13104,绿荫镇,,<{advance=22;unitId=60033;level=239};{advance=22;unitId=60133;level=239};{advance=22;unitId=60452;level=239};{advance=22;unitId=62033;level=239};{advance=22;unitId=60592;level=239}>,<{advance=22;unitId=71082;level=239}>,config/portrait/simple/img_461_mnl@.png,,4,,,,,,,,battle/scene/bg_xcdg.jpg,config/big_hero/normal/img_461_mnl@.png,,41,,,,<{key=1;value=1};{key=2;value=2};{key=3;value=6}>,239,1205,1205,,,,,6,120,6,{5000=0;5064=0},5880,,{14=1;15=2},{13=6;15=2},,,,,{gold=10000;rmb=10;talent_point=1},{x=1729;y=659},{y=585;x=1500},<<1324;632>;<1500;585>;<1729;659>>,,,,,,,,,,,,,,,,,,,,,,,,
13105,绿荫镇,,<{advance=22;unitId=60971;level=240};{advance=22;unitId=60011;level=240};{advance=22;unitId=61891;level=240};{advance=22;unitId=62011;level=240};{advance=22;unitId=61353;level=240}>,<{advance=22;unitId=71442;level=240}>,,,4,,,,,,,,battle/scene/bg_xcdg.jpg,config/big_hero/normal/img_294_hbd@.png,,41,,,,<{key=1;value=1};{key=2;value=2};{key=3;value=6}>,240,1210,1210,,,,,6,120,6,{5000=0;5065=0},5880,,{14=1;15=2},{13=6;15=2},,,,1,,{x=1941;y=794},,<<1729;659>;<1941;794>>,,,,1,,,,,,,,,,,,,,,,,,,,
13106,绿荫镇,,<{advance=22;unitId=61292;level=241};{advance=22;unitId=60111;level=241};{advance=22;unitId=62891;level=241};{advance=22;unitId=60263;level=241};{advance=22;unitId=63191;level=241}>,<{advance=22;unitId=70301;level=241}>,config/portrait/simple/img_74_xqs@.png,,4,,,,,,,,battle/scene/bg_xcdg.jpg,config/big_hero/normal/img_74_xqs@.png,,41,,,,<{key=1;value=1};{key=2;value=2};{key=3;value=6}>,241,1215,1215,,,,,6,120,6,{5000=0;5065=0},5880,,{14=1;15=2},{13=6;15=2},,,,,{gold=10000;rmb=10;talent_point=1},{x=1765;y=1080},{y=938;x=1900},<<1941;794>;<1765;1080>>,,,,,,,,,,,,,,,,,,,,,,,,
13107,绿荫镇,,<{advance=22;unitId=62271;level=242};{advance=22;unitId=63201;level=242};{advance=22;unitId=60091;level=242};{advance=22;unitId=61071;level=242};{advance=22;unitId=63201;level=242}>,<{advance=22;unitId=180691;level=242}>,,,4,,,,,,,,battle/scene/bg_xcdg.jpg,config/big_hero/normal/img_140_hsk@.png,,41,,,,<{key=1;value=1};{key=2;value=2};{key=3;value=6}>,242,1220,1220,,,,,6,120,6,{5000=0;5065=0},5880,,{14=1;15=2},{13=6;15=2},,,,,,{x=1402;y=1015},,<<1765;1080>;<1402;1015>>,,,,,,,,,,,,,,,,,,,,,,,,
13108,绿荫镇,,<{advance=22;unitId=63541;level=243};{advance=22;unitId=61841;level=243};{advance=22;unitId=63021;level=243};{advance=22;unitId=60162;level=243};{advance=22;unitId=61171;level=243}>,<{advance=22;unitId=183191;level=243}>,config/portrait/simple/img_641_ljy@.png,,4,,,,,,,,battle/scene/bg_xcdg.jpg,config/big_hero/normal/img_641_ljy@.png,,41,,,,<{key=1;value=1};{key=2;value=2};{key=3;value=6}>,243,1225,1225,,,,,6,120,6,{5000=0;5066=0},5880,,{14=1;15=2},{13=6;15=2},,,,1,{gold=10000;rmb=10;talent_point=1},{x=1103;y=782},{y=922;x=1337},<<1402;1015>;<1103;782>>,,,,1,,,,,,,,,,,,,,,,,,,,
13109,绿荫镇,,<{advance=22;unitId=61221;level=244};{advance=22;unitId=60371;level=244};{advance=22;unitId=63301;level=244};{advance=22;unitId=60053;level=244};{advance=22;unitId=62891;level=244}>,<{advance=22;unitId=182963;level=244}>,,,4,,,,,,,,battle/scene/bg_xcdg.jpg,config/big_hero/normal/img_601_clg@.png,,41,,,,<{key=1;value=1};{key=2;value=2};{key=3;value=6}>,244,1230,1230,,,,,6,120,6,{5000=0;5066=0},5880,,{14=1;15=2},{13=6;15=2},,,,,,{x=856;y=769},,<<1103;782>;<856;769>>,,,,,,,,,,,,,,,,,,,,,,,,
13110,绿荫镇,,<{advance=22;unitId=61861;level=245};{advance=22;unitId=60803;level=245};{advance=22;unitId=60481;level=245};{advance=22;unitId=60262;level=245};{advance=22;unitId=63301;level=245}>,<{advance=22;unitId=182351;level=245}>,config/portrait/simple/img_483_dylk@.png,,4,,,,,,,,battle/scene/bg_xcdg.jpg,config/big_hero/normal/img_483_dylk@.png,,41,,,,<{key=1;value=1};{key=2;value=2};{key=3;value=6}>,245,1235,1235,,,,,6,120,6,{5000=0;5066=0},5880,,{14=1;15=2},{13=6;15=2},,,,,,{x=1023;y=1071},,<<856;769>;<1023;1071>>,,,,,,,,,,,,,,,,,,,,,,,,
20101,真新镇,,<{advance=1;unitId=53301;level=6};{advance=1;unitId=60133;level=6};{advance=1;unitId=53301;level=6};{advance=1;unitId=62482;level=6};{advance=1;unitId=62482;level=6}>,<{advance=2;unitId=70783;level=6}>,config/portrait/jinglingtouxiang1/img_154_dzk@.png,,5,2,,,,,,,battle/scene/bg_xcdg.jpg,config/big_hero/normal/img_154_dzk@.png,,111,,,,<{key=1;value=1};{key=2;value=2};{key=3;value=6}>,6,26,26,,,,3,12,80,12,{100=0;5000=0;20781=0},875,,{11=2},{11=4},,,,1,{gold=12000;rmb=20;talent_point=1},{x=966;y=936},{y=736;x=736},<<966;936>>,,,,,,,,,,,,,,,,,,,,,,,,
20102,真新镇,,<{advance=1;unitId=60472;level=8};{advance=1;unitId=60472;level=8};{advance=1;unitId=63472;level=8};{advance=1;unitId=63472;level=8}>,<{advance=2;unitId=72483;level=8}>,config/portrait/jinglingtouxiang1/img_500_yww@.png,,5,2,,,,,,,battle/scene/bg_zz.jpg,config/big_hero/normal/img_500_yww@.png,,111,,,,<{key=1;value=1};{key=2;value=2};{key=3;value=6}>,8,32,32,,,,3,12,80,12,{100=0;5000=0;22481=0},875,,{11=2},{11=4},,,,1,{gold=12000;rmb=20;talent_point=1},{x=1200;y=600},{y=582;x=1408},<<966;936>;<736;736>;<1200;600>>,,,,,,,,,,,,,,,,,,,,,,,,
20103,真新镇,,<{advance=1;unitId=61353;level=9};{advance=1;unitId=60482;level=9};{advance=1;unitId=61353;level=9};{advance=1;unitId=60482;level=9}>,<{advance=2;unitId=180003;level=9}>,config/portrait/jinglingtouxiang1/img_3_mwh@.png,,5,2,,,,,,,battle/scene/bg_xcdg.jpg,config/big_hero/normal/img_3_mwh@.png,,111,,,,<{key=1;value=1};{key=2;value=2};{key=3;value=6}>,9,41,41,,,,3,12,80,12,{100=0;5000=0;20001=0},875,,{11=2},{11=4},,,,1,,{x=1918;y=742},,<<1200;600>;<1408;582>;<1918;742>>,,,,,,,,,,,,,,,,,,,,,,,,
20201,神秘部落,,<{advance=2;unitId=63302;level=12};{advance=2;unitId=60062;level=12};{advance=2;unitId=63302;level=12}>,<{advance=3;unitId=70472;level=12}>,config/portrait/jinglingtouxiang1/img_463_dst@.png,,5,2,,,,,,,battle/scene/bg_xcdg.jpg,config/big_hero/normal/img_463_dst@.png,,112,,,,<{key=1;value=1};{key=2;value=2};{key=3;value=6}>,12,48,48,,,,3,12,80,12,{100=0;5000=0;20471=0},910,,{11=4},{11=6},,,,1,{gold=12000;rmb=20;talent_point=1},{x=1398;y=273},{y=601;x=763},<<1398;273>>,,,,,,,,,,,,,,,,,,,,,,,,
20202,神秘部落,,<{advance=2;unitId=51612;level=13};{advance=2;unitId=60053;level=13};{advance=2;unitId=51612;level=13};{advance=2;unitId=60053;level=13};{advance=2;unitId=60053;level=13}>,<{advance=3;unitId=70093;level=13}>,config/portrait/jinglingtouxiang1/img_26_lq@.png,,5,2,,,,,,,battle/scene/bg_zz.jpg,config/big_hero/normal/img_26_lq@.png,,112,,,,<{key=1;value=1};{key=2;value=2};{key=3;value=6}>,13,55,55,,,,3,12,80,12,{100=0;5000=0;20091=0},910,,{11=4},{11=6},,,,1,{gold=12000;rmb=20;talent_point=1},{x=815;y=834},{y=909;x=1424},<<1398;273>;<1273;329>;<1099;383>;<763;601>;<639;697>;<815;834>>,,,,,,,,,,,,,,,,,,,,,,,,
20203,神秘部落,,<{advance=2;unitId=61172;level=14};{advance=2;unitId=61172;level=14};{advance=2;unitId=62012;level=14};{advance=2;unitId=62012;level=14}>,<{advance=3;unitId=180333;level=14}>,config/portrait/jinglingtouxiang1/img_462_zbcg@.png,,5,2,,,,,,,battle/scene/bg_xcdg.jpg,config/big_hero/normal/img_462_zbcg@.png,,112,,,,<{key=1;value=1};{key=2;value=2};{key=3;value=6}>,14,64,64,,,,3,12,80,12,{100=0;5000=0;20331=0},910,,{11=4},{11=6},,,,1,,{x=1760;y=963},,<<815;834>;<1052;901>;<1159;1018>;<1257;1052>;<1373;1085>;<1552;998>;<1424;909>;<1442;818>;<1554;801>;<1725;871>;<1760;963>>,,,,,,,,,,,,,,,,,,,,,,,,
20301,废弃城市,,<{advance=2;unitId=60603;level=15};{advance=2;unitId=60392;level=15};{advance=2;unitId=60603;level=15};{advance=2;unitId=60392;level=15}>,<{advance=3;unitId=70053;level=15}>,config/portrait/jinglingtouxiang1/img_18_dbn@.png,,5,2,,,,,,,battle/scene/bg_xcdg.jpg,config/big_hero/normal/img_18_dbn@.png,,113,,,,<{key=1;value=1};{key=2;value=2};{key=3;value=6}>,15,70,70,,,,3,12,80,12,{100=0;5000=0;20051=0},945,,{12=2},{11=2;12=2},,,,1,{gold=12000;rmb=20;talent_point=1},{x=1992;y=623},{y=345;x=1519},<<1992;623>>,,,,,,,,,,,,,,,,,,,,,,,,
20302,废弃城市,,<{advance=2;unitId=62012;level=17};{advance=2;unitId=60262;level=17};{advance=2;unitId=62012;level=17}>,<{advance=3;unitId=70273;level=17}>,config/portrait/jinglingtouxiang1/img_68_gl@.png,,5,2,,,,,,,battle/scene/bg_xcdg.jpg,config/big_hero/normal/img_68_gl@.png,,113,,,,<{key=1;value=1};{key=2;value=2};{key=3;value=6}>,17,75,75,,,,3,12,80,12,{100=0;5000=0;20271=0},945,,{12=2},{11=2;12=2},,,,1,{gold=12000;rmb=20;talent_point=1},{x=1226;y=412},{y=559;x=676},<<1992;623>;<1785;424>;<1519;345>;<1226;412>>,,,,,,,,,,,,,,,,,,,,,,,,
20303,废弃城市,,<{advance=2;unitId=50262;level=18};{advance=2;unitId=60272;level=18};{advance=2;unitId=50262;level=18};{advance=2;unitId=63472;level=18};{advance=2;unitId=63472;level=18}>,<{advance=3;unitId=70023;level=18}>,config/portrait/jinglingtouxiang1/img_9_sjg@.png,,5,2,,,,,,,battle/scene/bg_xcdg.jpg,config/big_hero/normal/img_9_sjg@.png,,113,,,,<{key=1;value=1};{key=2;value=2};{key=3;value=6}>,18,80,80,,,,3,12,80,12,{100=0;5000=0;20021=0},945,,{12=2},{11=2;12=2},,,,1,{gold=12000;rmb=20;talent_point=1},{x=500;y=646},{y=830;x=963},<<1226;412>;<985;442>;<676;559>;<500;646>>,,,,,,,,,,,,,,,,,,,,,,,,
20304,废弃城市,,<{advance=2;unitId=60133;level=19};{advance=2;unitId=60133;level=19};{advance=2;unitId=63542;level=19};{advance=2;unitId=63542;level=19}>,<{advance=3;unitId=183543;level=19}>,config/portrait/jinglingtouxiang1/img_706_nml@.png,,5,2,,,,,,,battle/scene/bg_xcdg.jpg,config/big_hero/normal/img_706_nml@.png,,113,,,,<{key=1;value=1};{key=2;value=2};{key=3;value=6}>,19,85,85,,,,3,12,80,12,{100=0;5000=0;23541=0},945,,{12=2},{11=2;12=2},,,,1,,{x=1370;y=940},,<<500;646>;<646;730>;<676;896>;<883;976>;<985;915>;<963;830>;<1192;788>;<1370;772>;<1522;853>;<1370;940>>,,,,,,,,,,,,,,,,,,,,,,,,
20401,度假岛,,<{advance=2;unitId=60393;level=20};{advance=2;unitId=60602;level=20};{advance=2;unitId=60393;level=20};{advance=2;unitId=60602;level=20}>,<{advance=3;unitId=73342;level=20}>,config/portrait/jinglingtouxiang1/img_668_hys@.png,,5,2,,,,,,,battle/scene/bg_xcdg.jpg,config/big_hero/normal/img_668_hys@.png,,114,,,,<{key=1;value=1};{key=2;value=2};{key=3;value=6}>,20,90,90,,,,3,12,80,12,{100=0;5000=0;23341=0},980,,{11=2;12=2},{11=4;12=2},,,,1,{gold=12000;rmb=20;talent_point=1},{x=1075;y=1125},{y=954;x=1161},<<1075;1125>>,,,,,,,,,,,,,,,,,,,,,,,,
20402,度假岛,,<{advance=3;unitId=60602;level=22}>,<{advance=4;unitId=73293;level=22}>,config/portrait/jinglingtouxiang1/img_655_yhhh@.png,,5,2,,,,,,,battle/scene/bg_xcdg.jpg,config/big_hero/normal/img_655_yhhh@.png,,114,,,,<{key=1;value=1};{key=2;value=2};{key=3;value=6}>,22,95,95,,,,3,12,80,12,{100=0;5000=0;23291=0},980,,{11=2;12=2},{11=4;12=2},,,,1,{gold=12000;rmb=20;talent_point=1},{x=703;y=842},{y=421;x=703},<<1075;1125>;<1375;1036>;<1161;954>;<855;799>;<703;842>>,,,,,,,,,,,,,,,,,,,,,,,,
20403,度假岛,,<{advance=3;unitId=50331;level=23};{advance=3;unitId=60331;level=23};{advance=3;unitId=50331;level=23};{advance=3;unitId=60692;level=23};{advance=3;unitId=60692;level=23}>,<{advance=4;unitId=70013;level=23}>,config/portrait/jinglingtouxiang1/img_6_phl@.png,,5,2,,,,,,,battle/scene/bg_xcdg.jpg,config/big_hero/normal/img_6_phl@.png,,114,,,,<{key=1;value=1};{key=2;value=2};{key=3;value=6}>,23,100,100,,,,3,12,80,12,{100=0;5000=0;20011=0},980,,{11=2;12=2},{11=4;12=2},,,,1,{gold=12000;rmb=20;talent_point=1},{x=1010;y=268},{y=451;x=1510},<<703;842>;<895;663>;<719;532>;<703;421>;<734;280>;<1010;268>>,,,,,,,,,,,,,,,,,,,,,,,,
20404,度假岛,,<{advance=3;unitId=60472;level=24};{advance=3;unitId=60472;level=24};{advance=3;unitId=60133;level=24};{advance=3;unitId=60133;level=24}>,<{advance=4;unitId=180603;level=24}>,config/portrait/jinglingtouxiang1/img_467_yzys@.png,,5,2,,,,,,,battle/scene/bg_xcdg.jpg,config/big_hero/normal/img_467_yzys@.png,,114,,,,<{key=1;value=1};{key=2;value=2};{key=3;value=6}>,24,105,100,,,,3,12,80,12,{100=0;5000=0;20601=0},980,,{11=2;12=2},{11=4;12=2},,,,1,,{x=1907;y=620},,<<1010;268>;<1331;343>;<1510;451>;<1637;576>;<1907;620>>,,,,,,,,,,,,,,,,,,,,,,,,
20501,砂石镇,,<{advance=3;unitId=60482;level=25};{advance=3;unitId=60603;level=25};{advance=3;unitId=60482;level=25};{advance=3;unitId=60603;level=25}>,<{advance=4;unitId=70464;level=25}>,config/portrait/jinglingtouxiang1/img_237_zwl@.png,,5,2,,,,,,,battle/scene/bg_xcdg.jpg,config/big_hero/normal/img_237_zwl@.png,,115,,,,<{key=1;value=1};{key=2;value=2};{key=3;value=6}>,25,115,100,,,,3,12,80,12,{100=0;5000=0;20461=0},1015,,{11=4;12=2},{11=2;12=4},,,,1,{gold=12000;rmb=20;talent_point=1},{x=443;y=824},{y=582;x=579},<<443;824>>,,,,,,,,,,,,,,,,,,,,,,,,
20502,砂石镇,,<{advance=4;unitId=60572;level=26};{advance=4;unitId=61352;level=26};{advance=4;unitId=60572;level=26}>,<{advance=5;unitId=70131;level=26}>,config/portrait/jinglingtouxiang1/img_173_pbb@.png,,5,2,,,,,,,battle/scene/bg_xcdg.jpg,config/big_hero/normal/img_173_pbb@.png,,115,,,,<{key=1;value=1};{key=2;value=2};{key=3;value=6}>,26,122,100,,,,3,12,80,12,{100=0;5000=0;20131=0},1015,,{11=4;12=2},{11=2;12=4},,,,1,{gold=12000;rmb=20;talent_point=1},{x=876;y=484},{y=298;x=1442},<<443;824>;<740;675>;<579;582>;<876;484>>,,,,,,,,,,,,,,,,,,,,,,,,
20503,砂石镇,,<{advance=4;unitId=53281;level=27};{advance=4;unitId=60571;level=27};{advance=4;unitId=53281;level=27};{advance=4;unitId=63282;level=27};{advance=4;unitId=63282;level=27}>,<{advance=5;unitId=180263;level=27}>,config/portrait/jinglingtouxiang1/img_65_hd@.png,,5,2,,,,,,,battle/scene/bg_xcdg.jpg,config/big_hero/normal/img_65_hd@.png,,115,,,,<{key=1;value=1};{key=2;value=2};{key=3;value=6}>,27,129,100,,,,3,12,80,12,{100=0;5000=0;20261=0},1015,,{11=4;12=2},{11=2;12=4},,,,1,{gold=12000;rmb=20;talent_point=1},{x=1573;y=444},{y=758;x=1383},<<876;484>;<1164;372>;<1442;298>;<1573;444>>,,,,,,,,,,,,,,,,,,,,,,,,
20504,砂石镇,,<{advance=4;unitId=60043;level=28};{advance=4;unitId=60043;level=28};{advance=4;unitId=63282;level=28};{advance=4;unitId=63282;level=28}>,<{advance=5;unitId=70283;level=28}>,config/portrait/jinglingtouxiang1/img_71_dsh@.png,,5,2,,,,,,,battle/scene/bg_xcdg.jpg,config/big_hero/normal/img_71_dsh@.png,,115,,,,<{key=1;value=1};{key=2;value=2};{key=3;value=6}>,28,136,100,,,,3,12,80,12,{100=0;5000=0;20281=0},1015,,{11=4;12=2},{11=2;12=4},,,,1,{gold=12000;rmb=20;talent_point=1},{x=1161;y=856},{y=942;x=1573},<<1573;444>;<1459;551>;<1543;665>;<1383;758>;<1161;856>>,,,,,,,,,,,,,,,,,,,,,,,,
20505,砂石镇,,<{advance=4;unitId=60571;level=29};{advance=4;unitId=63542;level=29};{advance=4;unitId=60571;level=29};{advance=4;unitId=63542;level=29}>,<{advance=5;unitId=183353;level=29}>,config/portrait/jinglingtouxiang1/img_671_hjfr@.png,,5,2,,,,,,,battle/scene/bg_xcdg.jpg,config/big_hero/normal/img_671_hjfr@.png,,115,,,,<{key=1;value=1};{key=2;value=2};{key=3;value=6}>,29,143,100,,,,3,12,80,12,{100=0;5000=0;23351=0},1015,,{11=4;12=2},{11=2;12=4},,,,1,,{x=2044;y=631},,<<1161;856>;<1189;984>;<1364;1050>;<1573;942>;<1716;870>;<2044;631>>,,,,,,,,,,,,,,,,,,,,,,,,
20601,雪原,,<{advance=4;unitId=60043;level=30};{advance=4;unitId=60262;level=30};{advance=4;unitId=60043;level=30}>,<{advance=5;unitId=71612;level=30}>,config/portrait/jinglingtouxiang1/img_323_pht@.png,,5,2,,,,,,,battle/scene/bg_xcdg.jpg,config/big_hero/normal/img_323_pht@.png,,116,,,,<{key=1;value=1};{key=2;value=2};{key=3;value=6}>,30,153,100,,,,3,12,80,12,{100=0;5000=0;21611=0},1050,,{12=4},{11=4;12=4},,,,1,{gold=12000;rmb=20;talent_point=1},{x=377;y=759},{y=935;x=906},<<377;759>>,,,,,,,,,,,,,,,,,,,,,,,,
20602,雪原,,<{advance=5;unitId=53471;level=31};{advance=5;unitId=60692;level=31};{advance=5;unitId=53471;level=31};{advance=5;unitId=60012;level=31};{advance=5;unitId=60012;level=31}>,<{advance=6;unitId=70803;level=31}>,config/portrait/jinglingtouxiang1/img_160_dle@.png,,5,2,,,,,,,battle/scene/bg_xcdg.jpg,config/big_hero/normal/img_160_dle@.png,,116,,,,<{key=1;value=1};{key=2;value=2};{key=3;value=6}>,31,160,100,,,,3,12,80,12,{100=0;5000=0;20801=0},1050,,{12=4},{11=4;12=4},,,,1,{gold=12000;rmb=20;talent_point=1},{x=827;y=561},{y=321;x=1285},<<377;759>;<665;764>;<906;935>;<827;561>>,,,,,,,,,,,,,,,,,,,,,,,,
20603,雪原,,<{advance=5;unitId=63472;level=32};{advance=5;unitId=63472;level=32};{advance=5;unitId=60331;level=32};{advance=5;unitId=60331;level=32}>,<{advance=6;unitId=180572;level=32}>,config/portrait/jinglingtouxiang1/img_212_jqtl@.png,,5,2,,,,,,,battle/scene/bg_xcdg.jpg,config/big_hero/normal/img_212_jqtl@.png,,116,,,,<{key=1;value=1};{key=2;value=2};{key=3;value=6}>,32,167,100,,,,3,12,80,12,{100=0;5000=0;20571=0},1050,,{12=4},{11=4;12=4},,,,1,{gold=12000;rmb=20;talent_point=1},{x=1501;y=340},{y=704;x=1127},<<827;561>;<1067;325>;<1285;321>;<1501;340>>,,,,,,,,,,,,,,,,,,,,,,,,
20604,雪原,,<{advance=5;unitId=60043;level=33};{advance=5;unitId=61352;level=33};{advance=5;unitId=60043;level=33};{advance=5;unitId=61352;level=33}>,<{advance=6;unitId=70482;level=33}>,config/portrait/jinglingtouxiang1/img_110_sdws@.png,,5,2,,,,,,,battle/scene/bg_xcdg.jpg,config/big_hero/normal/img_110_sdws@.png,,116,,,,<{key=1;value=1};{key=2;value=2};{key=3;value=6}>,33,174,100,,,,3,12,80,12,{100=0;5000=0;20481=0},1050,,{12=4},{11=4;12=4},,,,1,{gold=12000;rmb=20;talent_point=1},{x=1563;y=676},{y=694;x=2031},<<1501;340>;<1327;550>;<1108;620>;<1127;704>;<1363;741>;<1563;676>>,,,,,,,,,,,,,,,,,,,,,,,,
20605,雪原,,<{advance=5;unitId=62482;level=34};{advance=5;unitId=61172;level=34};{advance=5;unitId=62482;level=34}>,<{advance=6;unitId=180393;level=34}>,config/portrait/jinglingtouxiang1/img_94_gg@.png,,5,2,,,,,,,battle/scene/bg_xcdg.jpg,config/big_hero/normal/img_94_gg@.png,,116,,,,<{key=1;value=1};{key=2;value=2};{key=3;value=6}>,34,181,100,,,,3,12,80,12,{100=0;5000=0;20391=0},1050,,{12=4},{11=4;12=4},,,,1,,{x=1886;y=968},,<<1563;676>;<1727;688>;<1887;688>;<2031;694>;<2115;862>;<1867;896>;<1886;968>>,,,,,,,,,,,,,,,,,,,,,,,,
20701,波尼岛,,<{advance=5;unitId=53282;level=35};{advance=5;unitId=60793;level=35};{advance=5;unitId=53282;level=35};{advance=5;unitId=60392;level=35};{advance=5;unitId=60392;level=35}>,<{advance=6;unitId=70372;level=35}>,config/portrait/jinglingtouxiang1/img_89_ccn@.png,,5,2,,,,,,,battle/scene/bg_xcdg.jpg,config/big_hero/normal/img_89_ccn@.png,,117,,,,<{key=1;value=1};{key=2;value=2};{key=3;value=6}>,35,191,100,,,,3,12,80,12,{100=0;5000=0;20371=0},1085,,{11=2;12=4},{11=2;12=6},,,,1,{gold=12000;rmb=20;talent_point=1},{x=1269;y=291},{y=365;x=779},<<1269;291>>,,,,,,,,,,,,,,,,,,,,,,,,
20702,波尼岛,,<{advance=6;unitId=60482;level=37};{advance=6;unitId=60482;level=37};{advance=6;unitId=63292;level=37};{advance=6;unitId=63292;level=37}>,<{advance=7;unitId=181443;level=37}>,config/portrait/jinglingtouxiang1/img_295_byg@.png,,5,2,,,,,,,battle/scene/bg_xcdg.jpg,config/big_hero/normal/img_295_byg@.png,,117,,,,<{key=1;value=1};{key=2;value=2};{key=3;value=6}>,37,198,100,,,,3,12,80,12,{100=0;5000=0;21441=0},1085,,{11=2;12=4},{11=2;12=6},,,,1,{gold=12000;rmb=20;talent_point=1},{x=621;y=459},{y=609;x=1099},<<1269;291>;<1065;337>;<779;365>;<621;459>>,,,,,,,,,,,,,,,,,,,,,,,,
20703,波尼岛,,<{advance=6;unitId=60472;level=38};{advance=6;unitId=60012;level=38};{advance=6;unitId=60472;level=38};{advance=6;unitId=60012;level=38}>,<{advance=7;unitId=180593;level=38}>,config/portrait/jinglingtouxiang1/img_466_djms@.png,,5,2,,,,,,,battle/scene/bg_xcdg.jpg,config/big_hero/normal/img_466_djms@.png,,117,,,,<{key=1;value=1};{key=2;value=2};{key=3;value=6}>,38,205,100,,,,3,12,80,12,{100=0;5000=0;20591=0},1085,,{11=2;12=4},{11=2;12=6},,,,1,{gold=12000;rmb=20;talent_point=1},{x=1471;y=556},{y=642;x=1791},<<621;459>;<901;591>;<1099;609>;<1471;556>>,,,,,,,,,,,,,,,,,,,,,,,,
20704,波尼岛,,<{advance=6;unitId=63542;level=39};{advance=6;unitId=62272;level=39};{advance=6;unitId=63542;level=39}>,<{advance=7;unitId=180303;level=39}>,config/portrait/jinglingtouxiang1/img_75_lls@.png,,5,2,,,,,,,battle/scene/bg_xcdg.jpg,config/big_hero/normal/img_75_lls@.png,,117,,,,<{key=1;value=1};{key=2;value=2};{key=3;value=6}>,39,212,100,,,,3,12,80,12,{100=0;5000=0;20301=0},1085,,{11=2;12=4},{11=2;12=6},,,,1,{gold=12000;rmb=20;talent_point=1},{x=2039;y=911},{y=927;x=1513},<<1471;556>;<1616;636>;<1791;642>;<2039;911>>,,,,,,,,,,,,,,,,,,,,,,,,
20705,波尼岛,,<{advance=6;unitId=53282;level=40};{advance=6;unitId=60333;level=40};{advance=6;unitId=53282;level=40};{advance=6;unitId=60331;level=40};{advance=6;unitId=60331;level=40}>,<{advance=7;unitId=181293;level=40}>,config/portrait/jinglingtouxiang1/img_254_xyw@.png,,5,2,,,,,,,battle/scene/bg_xcdg.jpg,config/big_hero/normal/img_254_xyw@.png,,117,,,,<{key=1;value=1};{key=2;value=2};{key=3;value=6}>,40,219,100,,,,3,12,80,12,{100=0;5000=0;21291=0},1085,,{11=2;12=4},{11=2;12=6},,,,1,,{x=862;y=957},,<<2039;911>;<1708;964>;<1513;927>;<1229;903>;<1388;702>;<1334;664>;<1007;767>;<862;957>>,,,,,,,,,,,,,,,,,,,,,,,,
20801,乌拉乌拉岛,,<{advance=7;unitId=62012;level=41};{advance=7;unitId=62012;level=41};{advance=7;unitId=60072;level=41};{advance=7;unitId=60072;level=41}>,<{advance=8;unitId=73502;level=41}>,config/portrait/jinglingtouxiang1/img_699_bxjl@.png,,5,2,,,,,,,battle/scene/bg_xcdg.jpg,config/big_hero/normal/img_699_bxjl@.png,,118,,,,<{key=1;value=1};{key=2;value=2};{key=3;value=6}>,41,229,100,,,,3,12,80,12,{100=0;5000=0;23501=0},1120,,{11=4;12=4},{11=4;12=6},,,,1,{gold=12000;rmb=20;talent_point=1},{x=701;y=970},{y=616;x=422},<<701;970>>,,,,,,,,,,,,,,,,,,,,,,,,
20802,乌拉乌拉岛,,<{advance=7;unitId=60022;level=43};{advance=7;unitId=60043;level=43};{advance=7;unitId=60022;level=43};{advance=7;unitId=60043;level=43}>,<{advance=8;unitId=180552;level=43}>,config/portrait/jinglingtouxiang1/img_121_bshx@.png,,5,2,,,,,,,battle/scene/bg_xcdg.jpg,config/big_hero/normal/img_121_bshx@.png,,118,,,,<{key=1;value=1};{key=2;value=2};{key=3;value=6}>,43,236,100,,,,3,12,80,12,{100=0;5000=0;20551=0},1120,,{11=4;12=4},{11=4;12=6},,,,1,{gold=12000;rmb=20;talent_point=1},{x=593;y=571},{y=360;x=985},<<701;970>;<406;845>;<422;616>;<593;571>>,,,,,,,,,,,,,,,,,,,,,,,,
20803,乌拉乌拉岛,,<{advance=7;unitId=63542;level=44};{advance=7;unitId=61612;level=44};{advance=7;unitId=63542;level=44}>,<{advance=8;unitId=183021;level=44}>,config/portrait/jinglingtouxiang1/img_615_jhxh@.png,,5,2,,,,,,,battle/scene/bg_xcdg.jpg,config/big_hero/normal/img_615_jhxh@.png,,118,,,,<{key=1;value=1};{key=2;value=2};{key=3;value=6}>,44,243,100,,,,3,12,80,12,{100=0;5000=0;23021=0},1120,,{11=4;12=4},{11=4;12=6},,,,1,{gold=12000;rmb=20;talent_point=1},{x=1149;y=469},{y=912;x=1381},<<593;571>;<875;555>;<985;360>;<1149;469>>,,,,,,,,,,,,,,,,,,,,,,,,
20804,乌拉乌拉岛,,<{advance=7;unitId=50481;level=46};{advance=7;unitId=60092;level=46};{advance=7;unitId=50481;level=46};{advance=7;unitId=60133;level=46};{advance=7;unitId=60133;level=46}>,<{advance=8;unitId=182302;level=46}>,config/portrait/jinglingtouxiang1/img_460_bxw@.png,,5,2,,,,,,,battle/scene/bg_xcdg.jpg,config/big_hero/normal/img_460_bxw@.png,,118,,,,<{key=1;value=1};{key=2;value=2};{key=3;value=6}>,46,250,100,,,,3,12,80,12,{100=0;5000=0;22301=0},1120,,{11=4;12=4},{11=4;12=6},,,,1,{gold=12000;rmb=20;talent_point=1},{x=1549;y=501},{y=581;x=2005},<<1149;469>;<1179;848>;<1381;912>;<1502;825>;<1549;501>>,,,,,,,,,,,,,,,,,,,,,,,,
20805,乌拉乌拉岛,,<{advance=8;unitId=63542;level=47};{advance=8;unitId=63542;level=47};{advance=8;unitId=63543;level=47};{advance=8;unitId=63543;level=47}>,<{advance=9;unitId=182873;level=47}>,config/portrait/jinglingtouxiang1/img_584_sbddb@.png,,5,2,,,,,,,battle/scene/bg_xcdg.jpg,config/big_hero/normal/img_584_sbddb@.png,,118,,,,<{key=1;value=1};{key=2;value=2};{key=3;value=6}>,47,257,100,,,,3,12,80,12,{100=0;5000=0;22871=0},1120,,{11=4;12=4},{11=4;12=6},,,,1,,{x=2141;y=873},,<<1549;501>;<1817;546>;<2005;581>;<2009;729>;<1831;868>;<1967;944>;<2141;873>>,,,,,,,,,,,,,,,,,,,,,,,,
20901,阿卡拉岛,,<{advance=8;unitId=60133;level=48};{advance=8;unitId=61422;level=48};{advance=8;unitId=60133;level=48};{advance=8;unitId=61422;level=48}>,<{advance=9;unitId=72272;level=48}>,config/portrait/jinglingtouxiang1/img_454_dzw@.png,,5,2,,,,,,,battle/scene/bg_xcdg.jpg,config/big_hero/normal/img_454_dzw@.png,,119,,,,<{key=1;value=1};{key=2;value=2};{key=3;value=6}>,48,267,100,,,,3,12,80,12,{100=0;5000=0;22271=0},1155,,{13=2},{12=2;13=2},,,,1,{gold=12000;rmb=20;talent_point=1},{x=1023;y=353},{y=353;x=1532},<<1023;353>>,,,,,,,,,,,,,,,,,,,,,,,,
20902,阿卡拉岛,,<{advance=8;unitId=60472;level=50};{advance=8;unitId=60472;level=50}>,<{advance=9;unitId=180793;level=50}>,config/portrait/jinglingtouxiang1/img_157_hbs@.png,,5,2,,,,,,,battle/scene/bg_xcdg.jpg,config/big_hero/normal/img_157_hbs@.png,,119,,,,<{key=1;value=1};{key=2;value=2};{key=3;value=6}>,50,274,100,,,,3,12,80,12,{100=0;5000=0;20791=0},1155,,{13=2},{12=2;13=2},,,,1,{gold=12000;rmb=20;talent_point=1},{x=1592;y=477},{y=689;x=987},<<1023;353>;<1319;295>;<1532;353>;<1592;477>>,,,,,,,,,,,,,,,,,,,,,,,,
20903,阿卡拉岛,,<{advance=8;unitId=51611;level=51};{advance=8;unitId=60392;level=51};{advance=8;unitId=51611;level=51};{advance=8;unitId=63292;level=51};{advance=8;unitId=63292;level=51}>,<{advance=9;unitId=180883;level=51}>,config/portrait/jinglingtouxiang1/img_181_dl@.png,,5,2,,,,,,,battle/scene/bg_xcdg.jpg,config/big_hero/normal/img_181_dl@.png,,119,,,,<{key=1;value=1};{key=2;value=2};{key=3;value=6}>,51,281,100,,,,3,12,80,12,{100=0;5000=0;20881=0},1155,,{13=2},{12=2;13=2},,,,1,{gold=12000;rmb=20;talent_point=1},{x=837;y=959},{y=926;x=1280},<<1592;477>;<1549;576>;<1290;660>;<1154;642>;<987;689>;<1012;795>;<837;959>>,,,,,,,,,,,,,,,,,,,,,,,,
20904,阿卡拉岛,,<{advance=8;unitId=60593;level=53};{advance=8;unitId=60593;level=53};{advance=8;unitId=60092;level=53};{advance=8;unitId=60092;level=53}>,<{advance=9;unitId=181863;level=53}>,config/portrait/jinglingtouxiang1/img_365_dyhs@.png,,5,2,,,,,,,battle/scene/bg_xcdg.jpg,config/big_hero/normal/img_365_dyhs@.png,,119,,,,<{key=1;value=1};{key=2;value=2};{key=3;value=6}>,53,288,100,,,,3,12,80,12,{100=0;5000=0;21861=0},1155,,{13=2},{12=2;13=2},,,,1,{gold=12000;rmb=20;talent_point=1},{x=1522;y=809},{y=554;x=2050},<<837;959>;<970;997>;<1081;1140>;<1236;1112>;<1280;926>;<1522;809>>,,,,,,,,,,,,,,,,,,,,,,,,
20905,阿卡拉岛,,<{advance=9;unitId=62012;level=54};{advance=9;unitId=62482;level=54};{advance=9;unitId=62012;level=54};{advance=9;unitId=62482;level=54}>,<{advance=10;unitId=183143;level=54}>,config/portrait/jinglingtouxiang1/img_635_ssel@.png,,5,2,,,,,,,battle/scene/bg_xcdg.jpg,config/big_hero/normal/img_635_ssel@.png,,119,,,,<{key=1;value=1};{key=2;value=2};{key=3;value=6}>,54,295,100,,,,3,12,80,12,{100=0;5000=0;23141=0},1155,,{13=2},{12=2;13=2},,,,1,,{x=1911;y=1032},,<<1522;809>;<1804;660>;<1874;521>;<2050;554>;<2026;764>;<1820;926>;<1911;1032>>,,,,,,,,,,,,,,,,,,,,,,,,
21001,美乐美乐岛,,<{advance=9;unitId=60333;level=55};{advance=9;unitId=60472;level=55};{advance=9;unitId=60333;level=55}>,<{advance=10;unitId=183012;level=55}>,config/portrait/jinglingtouxiang1/img_614_dyx@.png,,5,2,,,,,,,battle/scene/bg_xcdg.jpg,config/big_hero/normal/img_614_dyx@.png,,120,,,,<{key=1;value=1};{key=2;value=2};{key=3;value=6}>,55,305,100,,,,3,12,80,12,{100=0;5000=0;23011=0},1190,,{11=2;13=2},{11=8;13=2},,,,1,{gold=12000;rmb=20;talent_point=1},{x=520;y=943},{y=495;x=560},<<520;943>>,,,,,,,,,,,,,,,,,,,,,,,,
21002,美乐美乐岛,,<{advance=9;unitId=52012;level=57};{advance=9;unitId=61352;level=57};{advance=9;unitId=52012;level=57};{advance=9;unitId=60092;level=57};{advance=9;unitId=60092;level=57}>,<{advance=10;unitId=183432;level=57}>,config/portrait/jinglingtouxiang1/img_685_ptn@.png,,5,2,,,,,,,battle/scene/bg_xcdg.jpg,config/big_hero/normal/img_685_ptn@.png,,120,,,,<{key=1;value=1};{key=2;value=2};{key=3;value=6}>,57,312,100,,,,3,12,80,12,{100=0;5000=0;23431=0},1190,,{11=2;13=2},{11=8;13=2},,,,1,{gold=12000;rmb=20;talent_point=1},{x=788;y=405},{y=365;x=1258},<<520;943>;<357;679>;<386;613>;<534;631>;<590;559>;<560;495>;<788;405>>,,,,,,,,,,,,,,,,,,,,,,,,
21003,美乐美乐岛,,<{advance=9;unitId=60043;level=58};{advance=9;unitId=60043;level=58};{advance=9;unitId=60102;level=58};{advance=9;unitId=60102;level=58}>,<{advance=10;unitId=180632;level=58}>,config/portrait/jinglingtouxiang1/img_130_bll@.png,,5,2,,,,,,,battle/scene/bg_xcdg.jpg,config/big_hero/normal/img_130_bll@.png,,120,,,,<{key=1;value=1};{key=2;value=2};{key=3;value=6}>,58,319,100,,,,3,12,80,12,{100=0;5000=0;20631=0},1190,,{11=2;13=2},{11=8;13=2},,,,1,{gold=12000;rmb=20;talent_point=1},{x=1244;y=583},{y=765;x=1746},<<788;405>;<1047;321>;<1258;365>;<1242;417>;<1043;519>;<1103;555>;<1244;583>>,,,,,,,,,,,,,,,,,,,,,,,,
21004,美乐美乐岛,,<{advance=9;unitId=60593;level=60};{advance=9;unitId=60092;level=60};{advance=9;unitId=60593;level=60};{advance=9;unitId=60092;level=60}>,<{advance=10;unitId=182683;level=60}>,config/portrait/jinglingtouxiang1/img_545_wgw@.png,,5,2,,,,,,,battle/scene/bg_xcdg.jpg,config/big_hero/normal/img_545_wgw@.png,,120,,,,<{key=1;value=1};{key=2;value=2};{key=3;value=6}>,60,326,100,,,,3,12,80,12,{100=0;5000=0;22681=0},1190,,{11=2;13=2},{11=8;13=2},,,,1,{gold=12000;rmb=20;talent_point=1},{x=1970;y=866},{y=927;x=1536},<<1244;583>;<1534;613>;<1668;652>;<1746;765>;<1970;866>>,,,,,,,,,,,,,,,,,,,,,,,,
21005,美乐美乐岛,,<{advance=10;unitId=70062;level=61}>,<{advance=11;unitId=181813;level=61}>,config/portrait/jinglingtouxiang1/img_477_hyml@.png,,5,2,,,,,,,battle/scene/bg_xcdg.jpg,config/big_hero/normal/img_477_hyml@.png,,120,,,,<{key=1;value=1};{key=2;value=2};{key=3;value=6}>,61,333,100,,,,3,12,80,12,{100=0;5000=0;21811=0},1190,,{11=2;13=2},{11=8;13=2},,,,1,,{x=1136;y=1093},,<<1970;866>;<1818;917>;<1806;1003>;<1683;1027>;<1536;927>;<1331;975>;<1136;1093>>,,,,,,,,,,,,,,,,,,,,,,,,
21101,训练家学校,,<{advance=10;unitId=50012;level=62};{advance=10;unitId=60792;level=62};{advance=10;unitId=50012;level=62};{advance=10;unitId=61292;level=62};{advance=10;unitId=61292;level=62}>,<{advance=11;unitId=73283;level=62}>,config/portrait/jinglingtouxiang1/img_652_blkl@.png,,5,2,,,,,,,battle/scene/bg_xcdg.jpg,config/big_hero/normal/img_652_blkl@.png,,121,,,,<{key=1;value=1};{key=2;value=2};{key=3;value=6}>,62,343,100,,,,3,12,80,12,{100=0;5000=0;23281=0},1225,,{12=2;13=2},{12=4;13=2},,,,1,{gold=12000;rmb=20;talent_point=1},{x=426;y=910},{y=894;x=760},<<426;910>>,,,,,,,,,,,,,,,,,,,,,,,,
21102,训练家学校,,<{advance=10;unitId=60082;level=64};{advance=10;unitId=60082;level=64};{advance=10;unitId=63543;level=64};{advance=10;unitId=63543;level=64}>,<{advance=11;unitId=183472;level=64}>,config/portrait/jinglingtouxiang1/img_693_gpbx@.png,,5,2,,,,,,,battle/scene/bg_xcdg.jpg,config/big_hero/normal/img_693_gpbx@.png,,121,,,,<{key=1;value=1};{key=2;value=2};{key=3;value=6}>,64,350,100,,,,3,12,80,12,{100=0;5000=0;23471=0},1225,,{12=2;13=2},{12=4;13=2},,,,1,{gold=12000;rmb=20;talent_point=1},{x=988;y=1048},{y=978;x=1482},<<426;910>;<676;1045>;<760;894>;<796;1008>;<988;1048>>,,,,,,,,,,,,,,,,,,,,,,,,
21103,训练家学校,,<{advance=10;unitId=60092;level=65};{advance=10;unitId=60593;level=65};{advance=10;unitId=60092;level=65};{advance=10;unitId=60593;level=65}>,<{advance=11;unitId=181423;level=65}>,config/portrait/jinglingtouxiang1/img_289_qjw@.png,,5,2,,,,,,,battle/scene/bg_xcdg.jpg,config/big_hero/normal/img_289_qjw@.png,,121,,,,<{key=1;value=1};{key=2;value=2};{key=3;value=6}>,65,357,100,,,,3,12,80,12,{100=0;5000=0;21421=0},1225,,{12=2;13=2},{12=4;13=2},,,,1,{gold=12000;rmb=20;talent_point=1},{x=1223;y=788},{y=662;x=1482},<<988;1048>;<1169;988>;<1342;1042>;<1482;978>;<1231;949>;<1057;887>;<1125;810>;<1223;788>>,,,,,,,,,,,,,,,,,,,,,,,,
21104,训练家学校,,<{advance=10;unitId=60062;level=67};{advance=10;unitId=60333;level=67};{advance=10;unitId=60062;level=67}>,<{advance=11;unitId=182073;level=67}>,config/portrait/jinglingtouxiang1/img_405_lqm@.png,,5,2,,,,,,,battle/scene/bg_xcdg.jpg,config/big_hero/normal/img_405_lqm@.png,,121,,,,<{key=1;value=1};{key=2;value=2};{key=3;value=6}>,67,364,100,,,,3,12,80,12,{100=0;5000=0;22071=0},1225,,{12=2;13=2},{12=4;13=2},,,,1,{gold=12000;rmb=20;talent_point=1},{x=1158;y=374},{y=435;x=1663},<<1223;788>;<1642;829>;<1644;749>;<1482;662>;<1166;528>;<1158;374>>,,,,,,,,,,,,,,,,,,,,,,,,
21105,训练家学校,,<{advance=10;unitId=50092;level=68};{advance=10;unitId=60002;level=68};{advance=10;unitId=50092;level=68};{advance=10;unitId=60692;level=68};{advance=10;unitId=60692;level=68}>,<{advance=11;unitId=181503;level=68}>,config/portrait/jinglingtouxiang1/img_306_bskdl@.png,,5,2,,,,,,,battle/scene/bg_xcdg.jpg,config/big_hero/normal/img_306_bskdl@.png,,121,,,,<{key=1;value=1};{key=2;value=2};{key=3;value=6}>,68,371,100,,,,3,12,80,12,{100=0;5000=0;21501=0},1225,,{12=2;13=2},{12=4;13=2},,,,1,,{x=2056;y=676},,<<1158;374>;<1478;315>;<1663;435>;<1884;493>;<2056;676>>,,,,,,,,,,,,,,,,,,,,,,,,
21201,好奥乐市,,<{advance=11;unitId=60053;level=69};{advance=11;unitId=60053;level=69};{advance=11;unitId=60002;level=69};{advance=11;unitId=60002;level=69}>,<{advance=12;unitId=72633;level=69}>,config/portrait/jinglingtouxiang1/img_534_xjlj@.png,,5,2,,,,,,,battle/scene/bg_xcdg.jpg,config/big_hero/normal/img_534_xjlj@.png,,122,,,,<{key=1;value=1};{key=2;value=2};{key=3;value=6}>,69,381,100,,,,3,12,80,12,{100=0;5000=0;22631=0},1890,,{12=4;13=2},{12=6;13=2},,,,1,{gold=12000;rmb=20;talent_point=1},{x=1554;y=285},{y=323;x=1086},<<1554;285>>,,,,,,,,,,,,,,,,,,,,,,,,
21202,好奥乐市,,<{advance=11;unitId=60132;level=71};{advance=11;unitId=60472;level=71};{advance=11;unitId=60132;level=71};{advance=11;unitId=60472;level=71}>,<{advance=12;unitId=183413;level=71}>,config/portrait/jinglingtouxiang1/img_681_jdjg@.png,,5,2,,,,,,,battle/scene/bg_xcdg.jpg,config/big_hero/normal/img_681_jdjg@.png,,122,,,,<{key=1;value=1};{key=2;value=2};{key=3;value=6}>,71,388,100,,,,3,12,80,12,{100=0;5000=0;23411=0},1890,,{12=4;13=2},{12=6;13=2},,,,1,{gold=12000;rmb=20;talent_point=1},{x=1045;y=565},{y=730;x=809},<<1554;285>;<1289;446>;<1086;323>;<1045;565>>,,,,,,,,,,,,,,,,,,,,,,,,
21203,好奥乐市,,<{advance=11;unitId=60043;level=72};{advance=11;unitId=60552;level=72};{advance=11;unitId=60043;level=72}>,<{advance=12;unitId=181394;level=72}>,config/portrait/jinglingtouxiang1/img_475_alld@.png,,5,2,,,,,,,battle/scene/bg_xcdg.jpg,config/big_hero/normal/img_475_alld@.png,,122,,,,<{key=1;value=1};{key=2;value=2};{key=3;value=6}>,72,395,100,,,,3,12,80,12,{100=0;5000=0;21391=0},1890,,{12=4;13=2},{12=6;13=2},,,,1,{gold=12000;rmb=20;talent_point=1},{x=767;y=920},{y=864;x=1314},<<1045;565>;<693;526>;<643;619>;<809;730>;<887;812>;<767;920>>,,,,,,,,,,,,,,,,,,,,,,,,
21204,好奥乐市,,<{advance=11;unitId=50601;level=74};{advance=11;unitId=63282;level=74};{advance=11;unitId=50601;level=74};{advance=11;unitId=63282;level=74};{advance=11;unitId=63282;level=74}>,<{advance=12;unitId=182013;level=74}>,config/portrait/jinglingtouxiang1/img_389_ttg@.png,,5,2,,,,,,,battle/scene/bg_xcdg.jpg,config/big_hero/normal/img_389_ttg@.png,,122,,,,<{key=1;value=1};{key=2;value=2};{key=3;value=6}>,74,402,100,,,,3,12,80,12,{100=0;5000=0;22011=0},1890,,{12=4;13=2},{12=6;13=2},,,,1,{gold=12000;rmb=20;talent_point=1},{x=1527;y=696},{y=718;x=1965},<<767;920>;<1178;1049>;<1268;1000>;<1314;864>;<1251;702>;<1527;696>>,,,,,,,,,,,,,,,,,,,,,,,,
21205,好奥乐市,,<{advance=12;unitId=60571;level=75};{advance=12;unitId=60571;level=75};{advance=12;unitId=63282;level=75};{advance=12;unitId=63282;level=75}>,<{advance=13;unitId=181071;level=75}>,config/portrait/jinglingtouxiang1/img_214_hlkls@.png,,5,2,,,,,,,battle/scene/bg_xcdg.jpg,config/big_hero/normal/img_214_hlkls@.png,,122,,,,<{key=1;value=1};{key=2;value=2};{key=3;value=6}>,75,409,100,,,,3,12,80,12,{100=0;5000=0;21071=0},1890,,{12=4;13=2},{12=6;13=2},,,,1,,{x=1892;y=1002},,<<1527;696>;<1716;788>;<1965;718>;<2169;856>;<1892;1002>>,,,,,,,,,,,,,,,,,,,,,,,,
21301,对战开拓区,,<{advance=12;unitId=60053;level=76};{advance=12;unitId=60053;level=76};{advance=12;unitId=60002;level=76};{advance=12;unitId=60002;level=76}>,<{advance=13;unitId=70402;level=76}>,config/portrait/jinglingtouxiang1/img_208_dgs@.png,,5,2,,,,,,,battle/scene/bg_xcdg.jpg,config/big_hero/normal/img_208_dgs@.png,,123,,,,<{key=1;value=1};{key=2;value=2};{key=3;value=6}>,76,416,100,,,,3,12,80,12,{100=0;5000=0;20401=0},2100,,{13=4},{12=4;13=4},,,,1,{gold=12000;rmb=20;talent_point=1},{x=1446;y=271},{y=392;x=1002},<<1446;271>>,,,,,,,,,,,,,,,,,,,,,,,,
21302,对战开拓区,,<{advance=12;unitId=60132;level=78};{advance=12;unitId=60472;level=78};{advance=12;unitId=60132;level=78};{advance=12;unitId=60472;level=78}>,<{advance=13;unitId=182921;level=78}>,config/portrait/jinglingtouxiang1/img_592_hqpp@.png,,5,2,,,,,,,battle/scene/bg_xcdg.jpg,config/big_hero/normal/img_592_hqpp@.png,,123,,,,<{key=1;value=1};{key=2;value=2};{key=3;value=6}>,78,423,100,,,,3,12,80,12,{100=0;5000=0;22921=0},2100,,{13=4},{12=4;13=4},,,,1,{gold=12000;rmb=20;talent_point=1},{x=777;y=652},{y=912;x=974},<<1446;271>;<1500;318>;<1214;455>;<1138;425>;<1002;392>;<1102;495>;<777;652>>,,,,,,,,,,,,,,,,,,,,,,,,
21303,对战开拓区,,<{advance=12;unitId=60043;level=79};{advance=12;unitId=60552;level=79};{advance=12;unitId=60043;level=79}>,<{advance=13;unitId=181841;level=79}>,config/portrait/jinglingtouxiang1/img_359_absl@.png,,5,2,,,,,,,battle/scene/bg_xcdg.jpg,config/big_hero/normal/img_359_absl@.png,,123,,,,<{key=1;value=1};{key=2;value=2};{key=3;value=6}>,79,430,100,,,,3,12,80,12,{100=0;5000=0;21841=0},2100,,{13=4},{12=4;13=4},,,,1,{gold=12000;rmb=20;talent_point=1},{x=1192;y=813},{y=575;x=1581},<<777;652>;<843;745>;<874;866>;<815;893>;<974;912>;<1106;893>;<1192;813>>,,,,,,,,,,,,,,,,,,,,,,,,
21304,对战开拓区,,<{advance=12;unitId=50881;level=81};{advance=12;unitId=63282;level=81};{advance=12;unitId=50881;level=81};{advance=12;unitId=63282;level=81};{advance=12;unitId=63282;level=81}>,<{advance=13;unitId=182891;level=81}>,config/portrait/jinglingtouxiang1/img_587_dfs@.png,,5,2,,,,,,,battle/scene/bg_xcdg.jpg,config/big_hero/normal/img_587_dfs@.png,,123,,,,<{key=1;value=1};{key=2;value=2};{key=3;value=6}>,81,437,100,,,,3,12,80,12,{100=0;5000=0;22891=0},2100,,{13=4},{12=4;13=4},,,,1,{gold=12000;rmb=20;talent_point=1},{x=1660;y=766},{y=784;x=2081},<<1192;813>;<1414;690>;<1581;575>;<1660;766>>,,,,,,,,,,,,,,,,,,,,,,,,
21305,对战开拓区,,<{advance=13;unitId=60043;level=82};{advance=13;unitId=60043;level=82};{advance=13;unitId=63282;level=82};{advance=13;unitId=63282;level=82}>,<{advance=14;unitId=181171;level=82}>,config/portrait/jinglingtouxiang1/img_228_dlb@.png,,5,2,,,,,,,battle/scene/bg_xcdg.jpg,config/big_hero/normal/img_228_dlb@.png,,123,,,,<{key=1;value=1};{key=2;value=2};{key=3;value=6}>,82,444,100,,,,3,12,80,12,{100=0;5000=0;21171=0},2100,,{13=4},{12=4;13=4},,,,1,,{x=1567;y=1047},,<<1660;766>;<1883;641>;<1904;764>;<2081;784>;<1808;941>;<1567;1047>>,,,,,,,,,,,,,,,,,,,,,,,,
21401,圆朱市,,<{advance=13;unitId=60333;level=83};{advance=13;unitId=60333;level=83}>,<{advance=14;unitId=70691;level=83}>,config/portrait/jinglingtouxiang1/img_140_hsk@.png,,5,2,,,,,,,battle/scene/bg_xcdg.jpg,config/big_hero/normal/img_140_hsk@.png,,124,,,,<{key=1;value=1};{key=2;value=2};{key=3;value=6}>,83,451,100,,,,3,12,80,12,{100=0;5000=0;20691=0},2310,,{12=2;13=4},{12=6;13=4},,,,1,{gold=12000;rmb=20;talent_point=1},{x=629;y=459},{y=577;x=1130},<<629;459>>,,,,,,,,,,,,,,,,,,,,,,,,
21402,圆朱市,,<{advance=13;unitId=62012;level=85};{advance=13;unitId=62012;level=85};{advance=13;unitId=60092;level=85};{advance=13;unitId=60092;level=85}>,<{advance=14;unitId=181221;level=85}>,config/portrait/jinglingtouxiang1/img_243_lg@.png,,5,2,,,,,,,battle/scene/bg_xcdg.jpg,config/big_hero/normal/img_243_lg@.png,,124,,,,<{key=1;value=1};{key=2;value=2};{key=3;value=6}>,85,458,100,,,,3,12,80,12,{100=0;5000=0;21221=0},2310,,{12=2;13=4},{12=6;13=4},,,,1,{gold=12000;rmb=20;talent_point=1},{x=797;y=769},{y=829;x=1213},<<629;459>;<703;504>;<852;426>;<939;469>;<1130;577>;<797;769>>,,,,,,,,,,,,,,,,,,,,,,,,
21403,圆朱市,,<{advance=13;unitId=60043;level=86};{advance=13;unitId=60043;level=86}>,<{advance=14;unitId=180264;level=86}>,config/portrait/jinglingtouxiang1/img_65_cjhd@.png,,5,2,,,,,,,battle/scene/bg_xcdg.jpg,config/big_hero/normal/img_65_cjhd@.png,,124,,,,<{key=1;value=1};{key=2;value=2};{key=3;value=6}>,86,465,100,,,,3,12,80,12,{100=0;5000=0;20261=0},2310,,{12=2;13=4},{12=6;13=4},,,,1,{gold=12000;rmb=20;talent_point=1},{x=1333;y=547},{y=573;x=1760},<<797;769>;<892;769>;<1061;843>;<1155;843>;<1213;829>;<1423;689>;<1271;631>;<1333;547>>,,,,,,,,,,,,,,,,,,,,,,,,
21404,圆朱市,,<{advance=13;unitId=50593;level=88};{advance=13;unitId=50092;level=88};{advance=13;unitId=60593;level=88};{advance=13;unitId=60092;level=88}>,<{advance=14;unitId=180093;level=88}>,config/portrait/jinglingtouxiang1/img_26_lq@.png,,5,2,,,,,,,battle/scene/bg_xcdg.jpg,config/big_hero/normal/img_26_lq@.png,,124,,,,<{key=1;value=1};{key=2;value=2};{key=3;value=6}>,88,472,100,,,,3,12,80,12,{100=0;5000=0;20091=0},2310,,{12=2;13=4},{12=6;13=4},,,,1,{gold=12000;rmb=20;talent_point=1},{x=1957;y=642},{y=843;x=1760},<<1333;547>;<1516;448>;<1609;493>;<1760;573>;<1957;642>>,,,,,,,,,,,,,,,,,,,,,,,,
21405,圆朱市,,<{advance=13;unitId=61252;level=89};{advance=13;unitId=61252;level=89}>,<{advance=14;unitId=180333;level=89}>,config/portrait/jinglingtouxiang1/img_462_zbcg@.png,,5,2,,,,,,,battle/scene/bg_xcdg.jpg,config/big_hero/normal/img_462_zbcg@.png,,124,,,,<{key=1;value=1};{key=2;value=2};{key=3;value=6}>,89,479,100,,,,3,12,80,12,{100=0;5000=0;20331=0},2310,,{12=2;13=4},{12=6;13=4},,,,1,,{x=1387;y=951},,<<1957;642>;<1933;762>;<2016;893>;<1963;947>;<1760;843>;<1639;815>;<1566;853>;<1387;951>>,,,,,,,,,,,,,,,,,,,,,,,,
21501,古代祭坛,,<{advance=13;unitId=60012;level=90};{advance=13;unitId=60012;level=90};{advance=13;unitId=61292;level=90};{advance=13;unitId=61292;level=90}>,<{advance=14;unitId=70003;level=90}>,config/portrait/jinglingtouxiang1/img_3_mwh@.png,,5,2,,,,,,,battle/scene/bg_xcdg.jpg,config/big_hero/normal/img_3_mwh@.png,,125,,,,<{key=1;value=1};{key=2;value=2};{key=3;value=6}>,90,486,100,,,,3,12,80,12,{100=0;5000=0;20001=0},2520,,{12=4;13=4},{12=2;13=6},,,,1,{gold=12000;rmb=20;talent_point=1},{x=727;y=343},{y=711;x=587},<<727;343>>,,,,,,,,,,,,,,,,,,,,,,,,
21502,古代祭坛,,<{advance=13;unitId=60082;level=92};{advance=13;unitId=60082;level=92};{advance=13;unitId=63543;level=92};{advance=13;unitId=63543;level=92}>,<{advance=14;unitId=181293;level=92}>,config/portrait/jinglingtouxiang1/img_254_xyw@.png,,5,2,,,,,,,battle/scene/bg_xcdg.jpg,config/big_hero/normal/img_254_xyw@.png,,125,,,,<{key=1;value=1};{key=2;value=2};{key=3;value=6}>,92,493,100,,,,3,12,80,12,{100=0;5000=0;21291=0},2520,,{12=4;13=4},{12=2;13=6},,,,1,{gold=12000;rmb=20;talent_point=1},{x=664;y=868},{y=1007;x=1193},<<727;343>;<417;590>;<587;711>;<664;746>;<664;868>>,,,,,,,,,,,,,,,,,,,,,,,,
21503,古代祭坛,,<{advance=13;unitId=60092;level=93};{advance=13;unitId=60593;level=93}>,<{advance=14;unitId=181501;level=93}>,config/portrait/jinglingtouxiang1/img_304_kkdl@.png,,5,2,,,,,,,battle/scene/bg_xcdg.jpg,config/big_hero/normal/img_304_kkdl@.png,,125,,,,<{key=1;value=1};{key=2;value=2};{key=3;value=6}>,93,500,100,,,,3,12,80,12,{100=0;5000=0;21501=0},2520,,{12=4;13=4},{12=2;13=6},,,,1,{gold=12000;rmb=20;talent_point=1},{x=1171;y=591},{y=838;x=1565},<<664;868>;<843;828>;<1001;908>;<1193;1007>;<1241;878>;<1171;788>;<1171;591>>,,,,,,,,,,,,,,,,,,,,,,,,
21504,古代祭坛,,<{advance=13;unitId=50062;level=95};{advance=13;unitId=60333;level=95};{advance=13;unitId=50062;level=95}>,<{advance=14;unitId=181241;level=95}>,config/portrait/jinglingtouxiang1/img_245_sj@.png,,5,2,,,,,,,battle/scene/bg_xcdg.jpg,config/big_hero/normal/img_245_sj@.png,,125,,,,<{key=1;value=1};{key=2;value=2};{key=3;value=6}>,95,507,100,,,,3,12,80,12,{100=0;5000=0;21241=0},2520,,{12=4;13=4},{12=2;13=6},,,,1,{gold=12000;rmb=20;talent_point=1},{x=1774;y=591},{y=841;x=1953},<<1171;591>;<1335;601>;<1417;668>;<1530;580>;<1643;689>;<1565;838>;<1774;591>>,,,,,,,,,,,,,,,,,,,,,,,,
21505,古代祭坛,,<{advance=14;unitId=60092;level=96};{advance=14;unitId=60092;level=96};{advance=14;unitId=60692;level=96};{advance=14;unitId=60692;level=96}>,<{advance=15;unitId=181253;level=96}>,config/portrait/jinglingtouxiang1/img_248_bjls@.png,,5,2,,,,,,,battle/scene/bg_xcdg.jpg,config/big_hero/normal/img_248_bjls@.png,,125,,,,<{key=1;value=1};{key=2;value=2};{key=3;value=6}>,96,514,100,,,,3,12,80,12,{100=0;5000=0;21251=0},2520,,{12=4;13=4},{12=2;13=6},,,,1,,{x=1869;y=1030},,<<1774;591>;<1967;711>;<2153;669>;<1953;841>;<1702;953>;<1869;1030>>,,,,,,,,,,,,,,,,,,,,,,,,
21601,凛冽冻原,,<{advance=14;unitId=60053;level=97};{advance=14;unitId=60053;level=97};{advance=14;unitId=60002;level=97};{advance=14;unitId=60002;level=97}>,<{advance=15;unitId=72873;level=97}>,config/portrait/jinglingtouxiang1/img_584_sbddb@.png,,5,2,,,,,,,battle/scene/bg_xcdg.jpg,config/big_hero/normal/img_584_sbddb@.png,,126,,,,<{key=1;value=1};{key=2;value=2};{key=3;value=6}>,97,521,100,,,,3,12,80,12,{100=0;5000=0;22871=0},2730,,{14=2},{12=6;14=2},,,,1,{gold=12000;rmb=20;talent_point=1},{x=365;y=724},{y=612;x=719},<<365;724>>,,,,,,,,,,,,,,,,,,,,,,,,
21602,凛冽冻原,,<{advance=14;unitId=60132;level=99};{advance=14;unitId=60472;level=99};{advance=14;unitId=60132;level=99};{advance=14;unitId=60472;level=99}>,<{advance=15;unitId=181423;level=99}>,config/portrait/jinglingtouxiang1/img_289_qjw@.png,,5,2,,,,,,,battle/scene/bg_xcdg.jpg,config/big_hero/normal/img_289_qjw@.png,,126,,,,<{key=1;value=1};{key=2;value=2};{key=3;value=6}>,,528,100,,,,3,12,80,12,{100=0;5000=0;21421=0},2730,,{14=2},{12=6;14=2},,,,1,{gold=12000;rmb=20;talent_point=1},{x=929;y=490},{y=506;x=1404},<<365;724>;<429;666>;<616;745>;<719;830>;<719;612>;<794;556>;<929;490>>,,,,,,,,,,,,,,,,,,,,,,,,
21603,凛冽冻原,,<{advance=14;unitId=60043;level=100};{advance=14;unitId=60552;level=100};{advance=14;unitId=60043;level=100}>,<{advance=15;unitId=183502;level=100}>,config/portrait/jinglingtouxiang1/img_699_bxjl@.png,,5,2,,,,,,,battle/scene/bg_xcdg.jpg,config/big_hero/normal/img_699_bxjl@.png,,126,,,,<{key=1;value=1};{key=2;value=2};{key=3;value=6}>,100,535,100,,,,3,12,80,12,{100=0;5000=0;23501=0},2730,,{14=2},{12=6;14=2},,,,1,{gold=12000;rmb=20;talent_point=1},{x=1481;y=642},{y=982;x=1512},<<929;490>;<1101;506>;<1229;413>;<1404;506>;<1481;642>>,,,,,,,,,,,,,,,,,,,,,,,,
21604,凛冽冻原,,<{advance=14;unitId=50601;level=102};{advance=14;unitId=63282;level=102};{advance=14;unitId=50601;level=102};{advance=14;unitId=63282;level=102};{advance=14;unitId=63282;level=102}>,<{advance=15;unitId=181231;level=102}>,config/portrait/jinglingtouxiang1/img_244_yd@.png,,5,2,,,,,,,battle/scene/bg_xcdg.jpg,config/big_hero/normal/img_244_yd@.png,,126,,,,<{key=1;value=1};{key=2;value=2};{key=3;value=6}>,102,542,100,,,,3,12,80,12,{100=0;5000=0;21231=0},2730,,{14=2},{12=6;14=2},,,,1,{gold=12000;rmb=20;talent_point=1},{x=1762;y=891},{y=535;x=2108},<<1481;642>;<1481;776>;<1302;921>;<1512;982>;<1600;975>;<1762;891>>,,,,,,,,,,,,,,,,,,,,,,,,
21605,凛冽冻原,,<{advance=14;unitId=60571;level=103};{advance=14;unitId=60571;level=103};{advance=14;unitId=63282;level=103};{advance=14;unitId=63282;level=103}>,<{advance=15;unitId=183021;level=103}>,config/portrait/jinglingtouxiang1/img_615_jhxh@.png,,5,2,,,,,,,battle/scene/bg_xcdg.jpg,config/big_hero/normal/img_615_jhxh@.png,,126,,,,<{key=1;value=1};{key=2;value=2};{key=3;value=6}>,103,549,100,,,,3,12,80,12,{100=0;5000=0;23021=0},2730,,{14=2},{12=6;14=2},,,,1,,{x=1708;y=301},,<<1762;891>;<2019;745>;<2125;656>;<2108;535>;<1901;577>;<1883;431>;<1708;301>>,,,,,,,,,,,,,,,,,,,,,,,,
21701,游乐园,,<{advance=14;unitId=60053;level=104};{advance=14;unitId=60053;level=104};{advance=14;unitId=60002;level=104};{advance=14;unitId=60002;level=104}>,<{advance=15;unitId=73471;level=104}>,config/portrait/jinglingtouxiang1/img_692_tbqx@.png,,5,2,,,,,,,battle/scene/bg_xcdg.jpg,config/big_hero/normal/img_692_tbqx@.png,,127,,,,<{key=1;value=1};{key=2;value=2};{key=3;value=6}>,104,556,110,,,,3,12,80,12,{100=0;5000=0;23471=0},2940,,{13=2;14=2},{13=4;14=2},,,,1,{gold=12000;rmb=20;talent_point=1},{x=638;y=301},{y=380;x=1041},<<638;301>>,,,,,,,,,,,,,,,,,,,,,,,,
21702,游乐园,,<{advance=14;unitId=60132;level=106};{advance=14;unitId=60472;level=106};{advance=14;unitId=60132;level=106};{advance=14;unitId=60472;level=106}>,<{advance=15;unitId=183351;level=106}>,config/portrait/jinglingtouxiang1/img_669_hbb@.png,,5,2,,,,,,,battle/scene/bg_xcdg.jpg,config/big_hero/normal/img_669_hbb@.png,,127,,,,<{key=1;value=1};{key=2;value=2};{key=3;value=6}>,106,563,110,,,,3,12,80,12,{100=0;5000=0;23351=0},2940,,{13=2;14=2},{13=4;14=2},,,,1,{gold=12000;rmb=20;talent_point=1},{x=715;y=642},{y=459;x=1298},<<638;301>;<892;305>;<1041;380>;<1023;487>;<715;642>>,,,,,,,,,,,,,,,,,,,,,,,,
21703,游乐园,,<{advance=14;unitId=60043;level=107};{advance=14;unitId=60552;level=107};{advance=14;unitId=60043;level=107}>,<{advance=15;unitId=183341;level=107}>,config/portrait/jinglingtouxiang1/img_667_xss@.png,,5,2,,,,,,,battle/scene/bg_xcdg.jpg,config/big_hero/normal/img_667_xss@.png,,127,,,,<{key=1;value=1};{key=2;value=2};{key=3;value=6}>,107,570,110,,,,3,12,80,12,{100=0;5000=0;23341=0},2940,,{13=2;14=2},{13=4;14=2},,,,1,{gold=12000;rmb=20;talent_point=1},{x=1452;y=489},{y=403;x=1947},<<715;642>;<805;675>;<1083;538>;<1119;582>;<1298;459>;<1452;489>>,,,,,,,,,,,,,,,,,,,,,,,,
21704,游乐园,,<{advance=14;unitId=50601;level=109};{advance=14;unitId=63282;level=109};{advance=14;unitId=50601;level=109};{advance=14;unitId=63282;level=109};{advance=14;unitId=63282;level=109}>,<{advance=15;unitId=181171;level=109}>,config/portrait/jinglingtouxiang1/img_228_dlb@.png,,5,2,,,,,,,battle/scene/bg_xcdg.jpg,config/big_hero/normal/img_228_dlb@.png,,127,,,,<{key=1;value=1};{key=2;value=2};{key=3;value=6}>,109,577,110,,,,3,12,80,12,{100=0;5000=0;21171=0},2940,,{13=2;14=2},{13=4;14=2},,,,1,{gold=12000;rmb=20;talent_point=1},{x=2055;y=538},{y=811;x=1581},<<1452;489>;<1626;523>;<1751;470>;<1947;403>;<1958;487>;<2055;538>>,,,,,,,,,,,,,,,,,,,,,,,,
21705,游乐园,,<{advance=15;unitId=60571;level=110};{advance=15;unitId=60571;level=110};{advance=15;unitId=63282;level=110};{advance=15;unitId=63282;level=110}>,<{advance=16;unitId=181811;level=110}>,config/portrait/jinglingtouxiang1/img_355_yxl@.png,,5,2,,,,,,,battle/scene/bg_xcdg.jpg,config/big_hero/normal/img_355_yxl@.png,,127,,,,<{key=1;value=1};{key=2;value=2};{key=3;value=6}>,110,584,110,,,,3,12,80,12,{100=0;5000=0;21811=0},2940,,{13=2;14=2},{13=4;14=2},,,,1,,{x=1390;y=1089},,<<2055;538>;<2022;675>;<1783;793>;<1697;781>;<1581;811>;<1371;857>;<1352;953>;<1435;1023>;<1390;1089>>,,,,,,,,,,,,,,,,,,,,,,,,
21801,饲育家学校,,<{advance=15;unitId=60333;level=111};{advance=15;unitId=60333;level=111}>,<{advance=16;unitId=70013;level=111}>,config/portrait/jinglingtouxiang1/img_6_phl@.png,,5,2,,,,,,,battle/scene/bg_xcdg.jpg,config/big_hero/normal/img_6_phl@.png,,128,,,,<{key=1;value=1};{key=2;value=2};{key=3;value=6}>,111,591,110,,,,3,12,80,12,{100=0;5000=0;20011=0},3150,,{13=4;14=2},{14=4},,,,1,{gold=12000;rmb=20;talent_point=1},{x=1822;y=246},{y=358;x=1456},<<1822;246>>,,,,,,,,,,,,,,,,,,,,,,,,
21802,饲育家学校,,<{advance=15;unitId=62012;level=113};{advance=15;unitId=62012;level=113};{advance=15;unitId=60092;level=113};{advance=15;unitId=60092;level=113}>,<{advance=16;unitId=180593;level=113}>,config/portrait/jinglingtouxiang1/img_466_djms@.png,,5,2,,,,,,,battle/scene/bg_xcdg.jpg,config/big_hero/normal/img_466_djms@.png,,128,,,,<{key=1;value=1};{key=2;value=2};{key=3;value=6}>,113,598,110,,,,3,12,80,12,{100=0;5000=0;20591=0},3150,,{13=4;14=2},{14=4},,,,1,{gold=12000;rmb=20;talent_point=1},{x=1551;y=519},{y=867;x=1918},<<1822;246>;<1290;279>;<1456;358>;<1551;519>>,,,,,,,,,,,,,,,,,,,,,,,,
21803,饲育家学校,,<{advance=15;unitId=60043;level=114};{advance=15;unitId=60043;level=114}>,<{advance=16;unitId=180053;level=114}>,config/portrait/jinglingtouxiang1/img_18_dbn@.png,,5,2,,,,,,,battle/scene/bg_xcdg.jpg,config/big_hero/normal/img_18_dbn@.png,,128,,,,<{key=1;value=1};{key=2;value=2};{key=3;value=6}>,114,605,110,,,,3,12,80,12,{100=0;5000=0;20051=0},3150,,{13=4;14=2},{14=4},,,,1,{gold=12000;rmb=20;talent_point=1},{x=1733;y=960},{y=852;x=1302},<<1551;519>;<1674;462>;<2019;599>;<2119;709>;<1918;867>;<1733;960>>,,,,,,,,,,,,,,,,,,,,,,,,
21804,饲育家学校,,<{advance=15;unitId=50593;level=116};{advance=15;unitId=50092;level=116};{advance=15;unitId=60593;level=116};{advance=15;unitId=60092;level=116}>,<{advance=16;unitId=180883;level=116}>,config/portrait/jinglingtouxiang1/img_181_dl@.png,,5,2,,,,,,,battle/scene/bg_xcdg.jpg,config/big_hero/normal/img_181_dl@.png,,128,,,,<{key=1;value=1};{key=2;value=2};{key=3;value=6}>,116,612,110,,,,3,12,80,12,{100=0;5000=0;20881=0},3150,,{13=4;14=2},{14=4},,,,1,{gold=12000;rmb=20;talent_point=1},{x=1060;y=762},{y=598;x=631},<<1733;960>;<1529;906>;<1440;960>;<1302;852>;<1060;762>>,,,,,,,,,,,,,,,,,,,,,,,,
21805,饲育家学校,,<{advance=15;unitId=61252;level=117};{advance=15;unitId=61252;level=117}>,<{advance=16;unitId=180393;level=117}>,config/portrait/jinglingtouxiang1/img_94_gg@.png,,5,2,,,,,,,battle/scene/bg_xcdg.jpg,config/big_hero/normal/img_94_gg@.png,,128,,,,<{key=1;value=1};{key=2;value=2};{key=3;value=6}>,117,619,110,,,,3,12,80,12,{100=0;5000=0;20391=0},3150,,{13=4;14=2},{14=4},,,,1,,{x=680;y=1051},,<<1060;762>;<974;599>;<842;569>;<631;598>;<537;670>;<590;788>;<646;878>;<590;1004>;<680;1051>>,,,,,,,,,,,,,,,,,,,,,,,,
21901,马戏团,,<{advance=15;unitId=60061;level=118};{advance=15;unitId=61902;level=118};{advance=15;unitId=63543;level=118};{advance=15;unitId=63351;level=118}>,<{advance=16;unitId=70023;level=118}>,config/portrait/jinglingtouxiang1/img_9_sjg@.png,,5,2,,,,,,,battle/scene/bg_xcdg.jpg,config/big_hero/normal/img_9_sjg@.png,,129,,,,<{key=1;value=1};{key=2;value=2};{key=3;value=6}>,118,626,110,,,,3,12,80,12,{100=0;5000=0;20021=0},3360,,{14=4},{13=4;14=4},,,,1,{gold=12000;rmb=20;talent_point=1},{x=2071;y=747},{y=331;x=1747},<<2071;747>>,,,,,,,,,,,,,,,,,,,,,,,,
21902,马戏团,,<{advance=15;unitId=60121;level=120};{advance=15;unitId=60371;level=120};{advance=15;unitId=60071;level=120};{advance=15;unitId=61252;level=120}>,<{advance=16;unitId=180572;level=120}>,config/portrait/jinglingtouxiang1/img_212_jqtl@.png,,5,2,,,,,,,battle/scene/bg_xcdg.jpg,config/big_hero/normal/img_212_jqtl@.png,,129,,,,<{key=1;value=1};{key=2;value=2};{key=3;value=6}>,120,633,110,,,,3,12,80,12,{100=0;5000=0;20571=0},3360,,{14=4},{13=4;14=4},,,,1,{gold=12000;rmb=20;talent_point=1},{x=1417;y=349},{y=444;x=776},<<2071;747>;<1914;683>;<1914;581>;<1782;540>;<1687;478>;<1838;359>;<1747;331>;<1561;289>;<1417;349>>,,,,,,,,,,,,,,,,,,,,,,,,
21903,马戏团,,<{advance=15;unitId=61903;level=121};{advance=15;unitId=61501;level=121};{advance=15;unitId=60282;level=121}>,<{advance=16;unitId=180273;level=121}>,config/portrait/jinglingtouxiang1/img_68_gl@.png,,5,2,,,,,,,battle/scene/bg_xcdg.jpg,config/big_hero/normal/img_68_gl@.png,,129,,,,<{key=1;value=1};{key=2;value=2};{key=3;value=6}>,121,640,110,,,,3,12,80,12,{100=0;5000=0;20271=0},3360,,{14=4},{13=4;14=4},,,,1,{gold=12000;rmb=20;talent_point=1},{x=625;y=549},{y=663;x=1015},<<1417;349>;<1302;262>;<1034;345>;<923;420>;<776;444>;<759;518>;<625;549>>,,,,,,,,,,,,,,,,,,,,,,,,
21904,马戏团,,<{advance=15;unitId=50171;level=123};{advance=15;unitId=60464;level=123};{advance=15;unitId=53302;level=123};{advance=15;unitId=63561;level=123};{advance=15;unitId=60111;level=123}>,<{advance=16;unitId=180283;level=123}>,config/portrait/jinglingtouxiang1/img_71_dsh@.png,,5,2,,,,,,,battle/scene/bg_xcdg.jpg,config/big_hero/normal/img_71_dsh@.png,,129,,,,<{key=1;value=1};{key=2;value=2};{key=3;value=6}>,123,647,110,,,,3,12,80,12,{100=0;5000=0;20281=0},3360,,{14=4},{13=4;14=4},,,,1,{gold=12000;rmb=20;talent_point=1},{x=971;y=942},{y=788;x=1402},<<625;549>;<770;629>;<856;631>;<1015;663>;<971;942>>,,,,,,,,,,,,,,,,,,,,,,,,
21905,马戏团,,<{advance=15;unitId=60632;level=124};{advance=15;unitId=60132;level=124};{advance=15;unitId=60093;level=124};{advance=15;unitId=63502;level=124}>,<{advance=16;unitId=180603;level=124}>,config/portrait/jinglingtouxiang1/img_467_yzys@.png,,5,2,,,,,,,battle/scene/bg_xcdg.jpg,config/big_hero/normal/img_467_yzys@.png,,129,,,,<{key=1;value=1};{key=2;value=2};{key=3;value=6}>,124,654,110,,,,3,12,80,12,{100=0;5000=0;20601=0},3360,,{14=4},{13=4;14=4},,,,1,,{x=1302;y=1066},,<<971;942>;<1204;774>;<1402;788>;<1484;950>;<1458;1036>;<1302;1066>>,,,,,,,,,,,,,,,,,,,,,,,,
22001,暗影山,,<{advance=20;unitId=63303;level=126};{advance=20;unitId=63021;level=126};{advance=20;unitId=61812;level=126};{advance=20;unitId=60273;level=126}>,<{advance=22;unitId=70222;level=126}>,config/portrait/jinglingtouxiang1/img_55_gdy@.png,,5,2,,,,,,,battle/scene/bg_xcdg.jpg,config/big_hero/normal/img_55_gdy@.png,,130,,,,<{key=1;value=1};{key=2;value=2};{key=3;value=6}>,126,666,110,,,,3,12,80,12,{100=0;5000=0;20221=0},3570,,{13=2;14=4},{14=6},,,,1,{gold=12000;rmb=20;talent_point=1},{x=1365;y=267},{y=373;x=854},<<1365;267>>,,,,,,,,,,,,,,,,,,,,,,,,
22002,暗影山,,<{advance=20;unitId=60052;level=127};{advance=20;unitId=60272;level=127};{advance=20;unitId=62633;level=127};{advance=20;unitId=63352;level=127}>,<{advance=22;unitId=180242;level=127}>,config/portrait/jinglingtouxiang1/img_59_fsg@.png,,5,2,,,,,,,battle/scene/bg_xcdg.jpg,config/big_hero/normal/img_59_fsg@.png,,130,,,,<{key=1;value=1};{key=2;value=2};{key=3;value=6}>,127,673,110,,,,3,12,80,12,{100=0;5000=0;20241=0},3570,,{13=2;14=4},{14=6},,,,1,{gold=12000;rmb=20;talent_point=1},{x=661;y=426},{y=747;x=713},<<1365;267>;<1234;385>;<1121;419>;<1009;323>;<854;373>;<661;426>>,,,,,,,,,,,,,,,,,,,,,,,,
22003,暗影山,,<{advance=20;unitId=63411;level=128};{advance=20;unitId=63301;level=128};{advance=20;unitId=63541;level=128}>,<{advance=22;unitId=182843;level=128}>,config/portrait/jinglingtouxiang1/img_576_gdxj@.png,,5,2,,,,,,,battle/scene/bg_xcdg.jpg,config/big_hero/normal/img_576_gdxj@.png,,130,,,,<{key=1;value=1};{key=2;value=2};{key=3;value=6}>,128,680,110,,,,3,12,80,12,{100=0;5000=0;22841=0},3570,,{13=2;14=4},{14=6},,,,1,{gold=12000;rmb=20;talent_point=1},{x=999;y=859},{y=673;x=1490},<<661;426>;<529;533>;<511;662>;<418;824>;<551;759>;<713;747>;<999;859>>,,,,,,,,,,,,,,,,,,,,,,,,
22004,暗影山,,<{advance=20;unitId=63543;level=129};{advance=20;unitId=62073;level=129};{advance=20;unitId=60301;level=129};{advance=20;unitId=60053;level=129}>,<{advance=22;unitId=182993;level=129}>,config/portrait/jinglingtouxiang1/img_609_sjdhl@.png,,5,2,,,,,,,battle/scene/bg_xcdg.jpg,config/big_hero/normal/img_609_sjdhl@.png,,130,,,,<{key=1;value=1};{key=2;value=2};{key=3;value=6}>,129,687,110,,,,3,12,80,12,{100=0;5000=0;22991=0},3570,,{13=2;14=4},{14=6},,,,1,{gold=12000;rmb=20;talent_point=1},{x=1713;y=462},{y=902;x=1968},<<999;859>;<1287;693>;<1490;673>;<1574;508>;<1713;462>>,,,,,,,,,,,,,,,,,,,,,,,,
22005,暗影山,,<{advance=20;unitId=70102;level=130};{advance=20;unitId=70192;level=130};{advance=20;unitId=71443;level=130};{advance=20;unitId=70283;level=130}>,<{advance=22;unitId=183592;level=130}>,config/portrait/jinglingtouxiang1/img_715_ybl@.png,,5,2,,,,,,,battle/scene/bg_xcdg.jpg,config/big_hero/normal/img_715_ybl@.png,,130,,,,<{key=1;value=1};{key=2;value=2};{key=3;value=6}>,130,694,110,,,,3,12,80,12,{100=0;5000=0;23591=0},3570,,{13=2;14=4},{14=6},,,,1,,{x=1461;y=985},,<<1713;462>;<1930;539>;<2025;610>;<1892;749>;<1968;902>;<1753;926>;<1461;985>>,,,,,,,,,,,,,,,,,,,,,,,,
22101,香薰市,,<{advance=21;unitId=62351;level=131};{advance=21;unitId=60171;level=131};{advance=21;unitId=60013;level=131};{advance=21;unitId=60033;level=131}>,<{advance=23;unitId=70341;level=131}>,config/portrait/jinglingtouxiang1/img_83_dcy@.png,,5,2,,,,,,,battle/scene/bg_xcdg.jpg,config/big_hero/normal/img_83_dcy@.png,,131,,,,<{key=1;value=1};{key=2;value=2};{key=3;value=6}>,131,701,110,,,,3,12,80,12,{100=0;5000=0;20341=0},3570,,{13=2;14=4},{14=6},,,,1,{gold=12000;rmb=20;talent_point=1},{x=463;y=397},{y=306;x=1005},<<463;397>>,,,,,,,,,,,,,,,,,,,,,,,,
22102,香薰市,,<{advance=21;unitId=60351;level=132};{advance=21;unitId=61241;level=132};{advance=21;unitId=61811;level=132};{advance=21;unitId=63562;level=132}>,<{advance=23;unitId=180491;level=132}>,config/portrait/jinglingtouxiang1/img_111_djxn@.png,,5,2,,,,,,,battle/scene/bg_xcdg.jpg,config/big_hero/normal/img_111_djxn@.png,,131,,,,<{key=1;value=1};{key=2;value=2};{key=3;value=6}>,132,708,110,,,,3,12,80,12,{100=0;5000=0;20491=0},3570,,{13=2;14=4},{14=6},,,,1,{gold=12000;rmb=20;talent_point=1},{x=752;y=653},{y=337;x=1371},<<463;397>;<752;345>;<881;283>;<1005;306>;<881;463>;<883;596>;<752;653>>,,,,,,,,,,,,,,,,,,,,,,,,
22103,香薰市,,<{advance=21;unitId=60351;level=133};{advance=21;unitId=62301;level=133};{advance=21;unitId=62303;level=133}>,<{advance=23;unitId=181311;level=133}>,config/portrait/jinglingtouxiang1/img_258_syy@.png,,5,2,,,,,,,battle/scene/bg_xcdg.jpg,config/big_hero/normal/img_258_syy@.png,,131,,,,<{key=1;value=1};{key=2;value=2};{key=3;value=6}>,133,715,110,,,,3,12,80,12,{100=0;5000=0;21311=0},3570,,{13=2;14=4},{14=6},,,,1,{gold=12000;rmb=20;talent_point=1},{x=1567;y=348},{y=663;x=1751},<<752;653>;<915;667>;<1154;448>;<1371;337>;<1567;348>>,,,,,,,,,,,,,,,,,,,,,,,,
22104,香薰市,,<{advance=21;unitId=62231;level=134};{advance=21;unitId=60332;level=134};{advance=21;unitId=63003;level=134};{advance=21;unitId=60331;level=134}>,<{advance=23;unitId=181802;level=134}>,config/portrait/jinglingtouxiang1/img_354_zzww@.png,,5,2,,,,,,,battle/scene/bg_xcdg.jpg,config/big_hero/normal/img_354_zzww@.png,,131,,,,<{key=1;value=1};{key=2;value=2};{key=3;value=6}>,134,722,110,,,,3,12,80,12,{100=0;5000=0;21801=0},3570,,{13=2;14=4},{14=6},,,,1,{gold=12000;rmb=20;talent_point=1},{x=1835;y=822},{y=931;x=1034},<<1567;348>;<1747;389>;<1746;499>;<1559;663>;<1751;663>;<1835;822>>,,,,,,,,,,,,,,,,,,,,,,,,
22105,香薰市,,<{advance=21;unitId=71901;level=135};{advance=21;unitId=70031;level=135};{advance=21;unitId=73143;level=135};{advance=21;unitId=70282;level=135}>,<{advance=23;unitId=182721;level=135}>,config/portrait/jinglingtouxiang1/img_551_hye@.png,,5,2,,,,,,,battle/scene/bg_xcdg.jpg,config/big_hero/normal/img_551_hye@.png,,131,,,,<{key=1;value=1};{key=2;value=2};{key=3;value=6}>,135,729,110,,,,3,12,80,12,{100=0;5000=0;22721=0},3570,,{13=2;14=4},{14=6},,,,1,,{x=1278;y=743},,<<1835;822>;<1601;956>;<1489;991>;<1034;931>;<881;994>;<986;779>;<1278;743>>,,,,,,,,,,,,,,,,,,,,,,,,
22201,枯叶市,,<{advance=22;unitId=60601;level=136};{advance=22;unitId=61351;level=136};{advance=22;unitId=63282;level=136};{advance=22;unitId=61292;level=136}>,<{advance=24;unitId=180151;level=136}>,config/portrait/jinglingtouxiang1/img_174_bbd@.png,,5,2,,,,,,,battle/scene/bg_xcdg.jpg,config/big_hero/normal/img_174_bbd@.png,,132,,,,<{key=1;value=1};{key=2;value=2};{key=3;value=6}>,136,736,120,,,,3,12,80,12,{100=0;5000=0;20151=0},3570,,{13=2;14=4},{14=6},,,,1,{gold=12000;rmb=20;talent_point=1},{x=1600;y=240},{y=356;x=978},<<1600;240>>,,,,,,,,,,,,,,,,,,,,,,,,
22202,枯叶市,,<{advance=22;unitId=60601;level=137};{advance=22;unitId=63282;level=137};{advance=22;unitId=60302;level=137}>,<{advance=24;unitId=242031;level=137}>,config/portrait/jinglingtouxiang1/img_393_bjm@.png,,5,2,,,,,,,battle/scene/bg_xcdg.jpg,config/big_hero/normal/img_393_bjm@.png,,132,,,,<{key=1;value=1};{key=2;value=2};{key=3;value=6}>,137,743,120,,,,3,12,80,12,{100=0;5000=0;22031=0},3570,,{13=2;14=4},{14=6},,,,1,{gold=12000;rmb=20;talent_point=1},{x=790;y=574},{y=558;x=1436},<<1600;240>;<1196;318>;<978;356>;<978;356>;<790;574>>,,,,,,,,,,,,,,,,,,,,,,,,
22203,枯叶市,,<{advance=22;unitId=61421;level=138};{advance=22;unitId=61421;level=138};{advance=22;unitId=60892;level=138};{advance=22;unitId=60692;level=138}>,<{advance=24;unitId=183001;level=138}>,config/portrait/jinglingtouxiang1/img_610_yy@.png,,5,2,,,,,,,battle/scene/bg_xcdg.jpg,config/big_hero/normal/img_610_yy@.png,,132,,,,<{key=1;value=1};{key=2;value=2};{key=3;value=6}>,138,750,120,,,,3,12,80,12,{100=0;5000=0;23001=0},3570,,{13=2;14=4},{14=6},,,,1,{gold=12000;rmb=20;talent_point=1},{x=1736;y=718},{y=1096;x=1488},<<790;574>;<1276;612>;<1436;558>;<1436;558>;<1736;718>>,,,,,,,,,,,,,,,,,,,,,,,,
22204,枯叶市,,<{advance=22;unitId=72631;level=139};{advance=22;unitId=73302;level=139};{advance=22;unitId=70471;level=139};{advance=22;unitId=70791;level=139}>,<{advance=24;unitId=181081;level=139}>,config/portrait/jinglingtouxiang1/img_215_nl@.png,,5,2,,,,,,,battle/scene/bg_xcdg.jpg,config/big_hero/normal/img_215_nl@.png,,132,,,,<{key=1;value=1};{key=2;value=2};{key=3;value=6}>,139,757,120,,,,3,12,80,12,{100=0;5000=0;21081=0},3570,,{13=2;14=4},{14=6},,,,1,{gold=12000;rmb=20;talent_point=1},{x=1260;y=944},{y=812;x=1118},<<1736;718>;<1910;840>;<1699;968>;<1488;1096>;<1520;952>;<1260;944>>,,,,,,,,,,,,,,,,,,,,,,,,
22205,枯叶市,,<{advance=22;unitId=60052;level=140};{advance=22;unitId=61241;level=140};{advance=22;unitId=63011;level=140};{advance=22;unitId=60331;level=140}>,<{advance=24;unitId=183661;level=140}>,config/portrait/jinglingtouxiang1/img_722_mmx@.png,,5,2,,,,,,,battle/scene/bg_xcdg.jpg,config/big_hero/normal/img_722_mmx@.png,,132,,,,<{key=1;value=1};{key=2;value=2};{key=3;value=6}>,140,764,120,,,,3,12,80,12,{100=0;5000=0;23661=0},3570,,{13=2;14=4},{14=6},,,,1,,{x=576;y=898},,<<1260;944>;<1118;812>;<976;680>;<576;898>>,,,,,,,,,,,,,,,,,,,,,,,,
22301,神和镇,,<{advance=23;unitId=60601;level=141};{advance=23;unitId=60571;level=141};{advance=23;unitId=60891;level=141};{advance=23;unitId=60572;level=141};{advance=23;unitId=60551;level=141}>,<{advance=25;unitId=182961;level=141}>,config/portrait/jinglingtouxiang1/img_599_cle@.png,,5,2,,,,,,,battle/scene/bg_xcdg.jpg,config/big_hero/normal/img_599_cle@.png,,133,,,,<{key=1;value=1};{key=2;value=2};{key=3;value=6}>,141,771,120,,,,3,12,80,12,{100=0;5000=0;22961=1},3780,,{13=2;14=6},{14=8},,,,1,{gold=12000;rmb=20;talent_point=1},{x=294;y=466},{y=662;x=544},<<294;466>>,,,,,,,,,,,,,,,,,,,,,,,,
22302,神和镇,,<{advance=23;unitId=60601;level=142};{advance=23;unitId=60053;level=142};{advance=23;unitId=60602;level=142};{advance=23;unitId=63472;level=142};{advance=23;unitId=63282;level=142}>,<{advance=25;unitId=183152;level=142}>,config/portrait/jinglingtouxiang1/img_637_hse@.png,,5,2,,,,,,,battle/scene/bg_xcdg.jpg,config/big_hero/normal/img_637_hse@.png,,133,,,,<{key=1;value=1};{key=2;value=2};{key=3;value=6}>,142,778,120,,,,3,12,80,12,{100=0;5000=0;23151=1},3780,,{13=2;14=6},{14=8},,,,1,{gold=12000;rmb=20;talent_point=1},{x=682;y=872},{y=1014;x=934},<<294;466>;<568;600>;<478;802>;<682;872>>,,,,,,,,,,,,,,,,,,,,,,,,
22303,神和镇,,<{advance=23;unitId=61421;level=143};{advance=23;unitId=60472;level=143};{advance=23;unitId=60891;level=143};{advance=23;unitId=60093;level=143};{advance=23;unitId=60081;level=143}>,<{advance=25;unitId=183772;level=143}>,config/portrait/jinglingtouxiang1/img_748_chx@.png,,5,2,,,,,,,battle/scene/bg_xcdg.jpg,config/big_hero/normal/img_748_chx@.png,,133,,,,<{key=1;value=1};{key=2;value=2};{key=3;value=6}>,143,785,120,,,,3,12,80,12,{100=0;5000=0;23771=1},3780,,{13=2;14=6},{14=8},,,,1,{gold=12000;rmb=20;talent_point=1},{x=1180;y=1092},{y=728;x=990},<<682;872>;<966;1022>;<1180;1092>>,,,,,,,,,,,,,,,,,,,,,,,,
22304,神和镇,,<{advance=23;unitId=72631;level=144};{advance=23;unitId=70043;level=144};{advance=23;unitId=73472;level=144};{advance=23;unitId=73543;level=144};{advance=23;unitId=70272;level=144}>,<{advance=25;unitId=183843;level=144}>,config/portrait/jinglingtouxiang1/img_763_tlmh@.png,,5,2,,,,,,,battle/scene/bg_xcdg.jpg,config/big_hero/normal/img_763_tlmh@.png,,133,,,,<{key=1;value=1};{key=2;value=2};{key=3;value=6}>,144,792,120,,,,3,12,80,12,{100=0;5000=0;23841=1},3780,,{13=2;14=6},{14=8},,,,1,{gold=12000;rmb=20;talent_point=1},{x=1320;y=510},{y=582;x=1800},<<1180;1092>;<1022;860>;<966;674>;<1070;644>;<1080;564>;<1066;438>;<1320;510>>,,,,,,,,,,,,,,,,,,,,,,,,
22305,神和镇,,<{advance=23;unitId=70052;level=145};{advance=23;unitId=70601;level=145};{advance=23;unitId=70331;level=145};{advance=23;unitId=70331;level=145};{advance=23;unitId=70022;level=145}>,<{advance=25;unitId=184132;level=145}>,config/portrait/jinglingtouxiang1/img_804_sezl@.png,,5,2,,,,,,,battle/scene/bg_xcdg.jpg,config/big_hero/normal/img_804_sezl@.png,,133,,,,<{key=1;value=1};{key=2;value=2};{key=3;value=6}>,145,799,120,,,,3,12,80,12,{100=0;5000=0;24131=1},3780,,{13=2;14=6},{14=8},,,,1,,{x=1684;y=932},,<<1320;510>;<1714;505>;<1848;608>;<1632;748>;<1684;932>>,,,,,,,,,,,,,,,,,,,,,,,,
22401,迷失山林,,<{advance=24;unitId=63411;level=146};{advance=24;unitId=63301;level=146};{advance=24;unitId=63541;level=146};{advance=24;unitId=60472;level=146};{advance=24;unitId=63293;level=146}>,<{advance=26;unitId=182831;level=146}>,config/portrait/jinglingtouxiang1/img_572_pmls@.png,,5,2,,,,,,,battle/scene/bg_xcdg.jpg,config/big_hero/normal/img_572_pmls@.png,,134,,,,<{key=1;value=1};{key=2;value=2};{key=3;value=6}>,146,806,120,,,,3,12,80,12,{100=0;5000=0;22831=1},3990,,{13=4;14=6},{13=4;14=8},,,,1,{gold=12000;rmb=20;talent_point=1},{x=1437;y=1046},{y=859;x=1685},<<1437;1046>>,,,,,,,,,,,,,,,,,,,,,,,,
22402,迷失山林,,<{advance=24;unitId=63543;level=147};{advance=24;unitId=61171;level=147};{advance=24;unitId=62073;level=147};{advance=24;unitId=60301;level=147};{advance=24;unitId=60053;level=147}>,<{advance=26;unitId=182401;level=147}>,config/portrait/jinglingtouxiang1/img_488_klsly@.png,,5,2,,,,,,,battle/scene/bg_xcdg.jpg,config/big_hero/normal/img_488_klsly@.png,,134,,,,<{key=1;value=1};{key=2;value=2};{key=3;value=6}>,147,813,120,,,,3,12,80,12,{100=0;5000=0;22401=1},3990,,{13=4;14=6},{13=4;14=8},,,,1,{gold=12000;rmb=20;talent_point=1},{x=2101;y=819},{y=526;x=1881},<<1437;1046>;<1685;859>;<2101;819>>,,,,,,,,,,,,,,,,,,,,,,,,
22403,迷失山林,,<{advance=24;unitId=60102;level=148};{advance=24;unitId=60051;level=148};{advance=24;unitId=60192;level=148};{advance=24;unitId=61443;level=148};{advance=24;unitId=60283;level=148}>,<{advance=26;unitId=180641;level=148}>,config/portrait/jinglingtouxiang1/img_131_lpls@.png,,5,2,,,,,,,battle/scene/bg_xcdg.jpg,config/big_hero/normal/img_131_lpls@.png,,134,,,,<{key=1;value=1};{key=2;value=2};{key=3;value=6}>,148,820,120,,,,3,12,80,12,{100=0;5000=0;20641=1},3990,,{13=4;14=6},{13=4;14=8},,,,1,{gold=12000;rmb=20;talent_point=1},{x=1480;y=623},{y=360;x=969},<<2101;819>;<1881;526>;<1480;623>>,,,,,,,,,,,,,,,,,,,,,,,,
22404,迷失山林,,<{advance=24;unitId=72351;level=149};{advance=24;unitId=70072;level=149};{advance=24;unitId=70171;level=149};{advance=24;unitId=70013;level=149};{advance=24;unitId=70033;level=149}>,<{advance=26;unitId=182241;level=149}>,config/portrait/jinglingtouxiang1/img_447_lol@.png,,5,2,,,,,,,battle/scene/bg_xcdg.jpg,config/big_hero/normal/img_447_lol@.png,,134,,,,<{key=1;value=1};{key=2;value=2};{key=3;value=6}>,149,827,120,,,,3,12,80,12,{100=0;5000=0;22241=1},3990,,{13=4;14=6},{13=4;14=8},,,,1,{gold=12000;rmb=20;talent_point=1},{x=544;y=492},{y=753;x=832},<<1480;623>;<969;360>;<544;492>>,,,,,,,,,,,,,,,,,,,,,,,,
22405,迷失山林,,<{advance=24;unitId=70351;level=150};{advance=24;unitId=70463;level=150};{advance=24;unitId=71241;level=150};{advance=24;unitId=71811;level=150};{advance=24;unitId=73562;level=150}>,<{advance=26;unitId=180861;level=150}>,config/portrait/jinglingtouxiang1/img_175_bkb@.png,,5,2,,,,,,,battle/scene/bg_xcdg.jpg,config/big_hero/normal/img_175_bkb@.png,,134,,,,<{key=1;value=1};{key=2;value=2};{key=3;value=6}>,150,834,120,,,,3,12,80,12,{100=0;5000=0;20861=1},3990,,{13=4;14=6},{13=4;14=8},,,,1,,{x=904;y=1111},,<<544;492>;<832;753>;<904;1111>>,,,,,,,,,,,,,,,,,,,,,,,,
22501,风絮镇,,<{advance=25;unitId=61082;level=151};{advance=25;unitId=63412;level=151};{advance=25;unitId=60464;level=151};{advance=25;unitId=63472;level=151};{advance=25;unitId=61351;level=151}>,<{advance=27;unitId=181641;level=151}>,config/portrait/jinglingtouxiang/img_327_hhb@.png,,5,2,,,,,,,battle/scene/bg_xcdg.jpg,config/big_hero/normal/img_327_hhb@.png,,135,,,,<{key=1;value=1};{key=2;value=2};{key=3;value=6}>,151,841,120,,,,3,12,80,12,{100=0;5000=0;21641=1},4200,,{14=8},{14=10},,,,1,{gold=12000;rmb=20;talent_point=1},{x=1490;y=250},{y=324;x=954},<<1490;250>>,,,,,,,,,,,,,,,,,,,,,,,,
22502,风絮镇,,<{advance=25;unitId=62721;level=152};{advance=25;unitId=60072;level=152};{advance=25;unitId=60053;level=152};{advance=25;unitId=63282;level=152};{advance=25;unitId=60331;level=152}>,<{advance=27;unitId=182031;level=152}>,config/portrait/jinglingtouxiang1/img_393_bjm@.png,,5,2,,,,,,,battle/scene/bg_xcdg.jpg,config/big_hero/normal/img_393_bjm@.png,,135,,,,<{key=1;value=1};{key=2;value=2};{key=3;value=6}>,152,848,120,,,,3,12,80,12,{100=0;5000=0;22031=1},4200,,{14=8},{14=10},,,,1,{gold=12000;rmb=20;talent_point=1},{x=714;y=584},{y=632;x=1684},<<1490;250>;<1362;299>;<954;324>;<776;409>;<714;584>>,,,,,,,,,,,,,,,,,,,,,,,,
22503,风絮镇,,<{advance=25;unitId=62231;level=153};{advance=25;unitId=61171;level=153};{advance=25;unitId=60891;level=153};{advance=25;unitId=60282;level=153};{advance=25;unitId=63542;level=153}>,<{advance=27;unitId=181032;level=153}>,config/portrait/jinglingtouxiang1/img_472_txw@.png,,5,2,,,,,,,battle/scene/bg_xcdg.jpg,config/big_hero/normal/img_472_txw@.png,,135,,,,<{key=1;value=1};{key=2;value=2};{key=3;value=6}>,153,855,120,,,,3,12,80,12,{100=0;5000=0;21031=1},4200,,{14=8},{14=10},,,,1,{gold=12000;rmb=20;talent_point=1},{x=1904;y=832},{y=708;x=1472},<<714;584>;<920;518>;<1160;476>;<1480;482>;<1684;632>;<1832;726>;<1904;832>>,,,,,,,,,,,,,,,,,,,,,,,,
22504,风絮镇,,<{advance=25;unitId=70053;level=154};{advance=25;unitId=70072;level=154};{advance=25;unitId=70331;level=154};{advance=25;unitId=70472;level=154};{advance=25;unitId=71394;level=154}>,<{advance=27;unitId=181911;level=154}>,config/portrait/jinglingtouxiang1/img_377_ljlk@.png,,5,2,,,,,,,battle/scene/bg_xcdg.jpg,config/big_hero/normal/img_377_ljlk@.png,,135,,,,<{key=1;value=1};{key=2;value=2};{key=3;value=6}>,154,862,120,,,,3,12,80,12,{100=0;5000=0;21911=1},4200,,{14=8},{14=10},,,,1,{gold=12000;rmb=20;talent_point=1},{x=1188;y=674},{y=812;x=1004},<<1904;832>;<1720;820>;<1472;708>;<1188;674>>,,,,,,,,,,,,,,,,,,,,,,,,
22505,风絮镇,,<{advance=25;unitId=70333;level=155};{advance=25;unitId=70072;level=155};{advance=25;unitId=70053;level=155};{advance=25;unitId=70093;level=155};{advance=25;unitId=70791;level=155}>,<{advance=27;unitId=183251;level=155}>,config/portrait/jinglingtouxiang1/img_647_kldo@.png,,5,2,,,,,,,battle/scene/bg_xcdg.jpg,config/big_hero/normal/img_647_kldo@.png,,135,,,,<{key=1;value=1};{key=2;value=2};{key=3;value=6}>,155,869,120,,,,3,12,80,12,{100=0;5000=0;23251=1},4200,,{14=8},{14=10},,,,1,,{x=1242;y=982},,<<1188;674>;<844;758>;<1004;812>;<1318;772>;<1398;882>;<1242;982>>,,,,,,,,,,,,,,,,,,,,,,,,
22601,密阿雷市,,<{advance=26;unitId=60062;level=156};{advance=26;unitId=62244;level=156};{advance=26;unitId=60302;level=156};{advance=26;unitId=60791;level=156};{advance=26;unitId=63543;level=156}>,<{advance=28;unitId=180211;level=156}>,config/portrait/jinglingtouxiang1/img_52_mm@.png,,5,2,,,,,,,battle/scene/bg_xcdg.jpg,config/big_hero/normal/img_52_mm@.png,,136,,,,<{key=1;value=1};{key=2;value=2};{key=3;value=6}>,156,876,120,,,,3,12,80,12,{100=0;5000=0;20211=1},4410,,{13=2;14=8},{13=4;14=10},,,,1,{gold=12000;rmb=20;talent_point=1},{x=2191;y=468},{y=276;x=1516},<<2191;468>>,,,,,,,,,,,,,,,,,,,,,,,,
22602,密阿雷市,,<{advance=26;unitId=63281;level=157};{advance=26;unitId=62631;level=157};{advance=26;unitId=63412;level=157};{advance=26;unitId=62231;level=157};{advance=26;unitId=60171;level=157}>,<{advance=28;unitId=180701;level=157}>,config/portrait/jinglingtouxiang1/img_142_hsyl@.png,,5,2,,,,,,,battle/scene/bg_xcdg.jpg,config/big_hero/normal/img_142_hsyl@.png,,136,,,,<{key=1;value=1};{key=2;value=2};{key=3;value=6}>,157,883,120,,,,3,12,80,12,{100=0;5000=0;20701=1},4410,,{13=2;14=8},{13=4;14=10},,,,1,{gold=12000;rmb=20;talent_point=1},{x=897;y=292},{y=873;x=551},<<2191;468>;<1919;576>;<1516;276>;<897;292>>,,,,,,,,,,,,,,,,,,,,,,,,
22603,密阿雷市,,<{advance=26;unitId=60572;level=158};{advance=26;unitId=60492;level=158};{advance=26;unitId=60133;level=158};{advance=26;unitId=63302;level=158};{advance=26;unitId=60791;level=158}>,<{advance=28;unitId=183681;level=158}>,config/portrait/jinglingtouxiang1/img_728_qqhs@.png,,5,2,,,,,,,battle/scene/bg_xcdg.jpg,config/big_hero/normal/img_728_qqhs@.png,,136,,,,<{key=1;value=1};{key=2;value=2};{key=3;value=6}>,158,890,120,,,,3,12,80,12,{100=0;5000=0;23681=1},4410,,{13=2;14=8},{13=4;14=10},,,,1,{gold=12000;rmb=20;talent_point=1},{x=947;y=1095},{y=1093;x=1457},<<897;292>;<571;531>;<551;873>;<947;1095>>,,,,,,,,,,,,,,,,,,,,,,,,
22604,密阿雷市,,<{advance=26;unitId=70572;level=159};{advance=26;unitId=73562;level=159};{advance=26;unitId=72483;level=159};{advance=26;unitId=71351;level=159};{advance=26;unitId=72721;level=159}>,<{advance=28;unitId=284012;level=159}>,config/portrait/jinglingtouxiang1/img_103_yds@.png,,5,2,,,,,,,battle/scene/bg_xcdg.jpg,config/big_hero/normal/img_103_yds@.png,,136,,,,<{key=1;value=1};{key=2;value=2};{key=3;value=6}>,159,897,120,,,,3,12,80,12,{100=0;5000=0;20441=1},4410,,{13=2;14=8},{13=4;14=10},,,,1,{gold=12000;rmb=20;talent_point=1},{x=1212;y=670},{y=855;x=1671},<<947;1095>;<1457;1093>;<1212;670>>,,,,,,,,,,,,,,,,,,,,,,,,
22605,密阿雷市,,<{advance=26;unitId=70033;level=160};{advance=26;unitId=72232;level=160};{advance=26;unitId=71441;level=160};{advance=26;unitId=70133;level=160};{advance=26;unitId=71394;level=160}>,<{advance=28;unitId=80321;level=160}>,config/portrait/jinglingtouxiang1/img_79_dds@.png,,5,2,,,,,,,battle/scene/bg_xcdg.jpg,config/big_hero/normal/img_79_dds@.png,,136,,,,<{key=1;value=1};{key=2;value=2};{key=3;value=6}>,160,904,120,,,,3,12,80,12,{100=0;5000=0;20321=1},4410,,{13=2;14=8},{13=4;14=10},,,,1,,{x=2016;y=978},,<<1212;670>;<1457;807>;<1671;855>;<1881;891>;<2016;978>>,,,,,,,,,,,,,,,,,,,,,,,,
22701,雪风镇,,<{advance=27;unitId=61351;level=161};{advance=27;unitId=60602;level=161};{advance=27;unitId=63352;level=161};{advance=27;unitId=60472;level=161};{advance=27;unitId=62301;level=161}>,<{advance=29;unitId=181481;level=161}>,config/portrait/jinglingtouxiang1/img_302_ghy@.png,,5,2,,,,,,,battle/scene/bg_xcdg.jpg,config/big_hero/normal/img_302_ghy@.png,,137,,,,<{key=1;value=1};{key=2;value=2};{key=3;value=6}>,161,911,120,,,,3,12,80,12,{100=0;5000=0;21481=1},4620,,{13=4;14=8},{14=12},,,,1,{gold=12000;rmb=20;talent_point=1},{x=290;y=750},{y=692;x=640},<<290;750>>,,,,,,,,,,,,,,,,,,,,,,,,
22702,雪风镇,,<{advance=27;unitId=61811;level=162};{advance=27;unitId=60273;level=162};{advance=27;unitId=60012;level=162};{advance=27;unitId=63281;level=162};{advance=27;unitId=63561;level=162}>,<{advance=29;unitId=181771;level=162}>,config/portrait/jinglingtouxiang1/img_349_ccy@.png,,5,2,,,,,,,battle/scene/bg_xcdg.jpg,config/big_hero/normal/img_349_ccy@.png,,137,,,,<{key=1;value=1};{key=2;value=2};{key=3;value=6}>,162,918,120,,,,3,12,80,12,{100=0;5000=0;21771=1},4620,,{13=4;14=8},{14=12},,,,1,{gold=12000;rmb=20;talent_point=1},{x=906;y=464},{y=708;x=1168},<<290;750>;<448;690>;<640;692>;<818;636>;<906;464>>,,,,,,,,,,,,,,,,,,,,,,,,
22703,雪风镇,,<{advance=27;unitId=60013;level=163};{advance=27;unitId=61171;level=163};{advance=27;unitId=62482;level=163};{advance=27;unitId=60891;level=163};{advance=27;unitId=60331;level=163}>,<{advance=29;unitId=180381;level=163}>,config/portrait/jinglingtouxiang1/img_90_dsb@.png,,5,2,,,,,,,battle/scene/bg_xcdg.jpg,config/big_hero/normal/img_90_dsb@.png,,137,,,,<{key=1;value=1};{key=2;value=2};{key=3;value=6}>,163,925,120,,,,3,12,80,12,{100=0;5000=0;20381=1},4620,,{13=4;14=8},{14=12},,,,1,{gold=12000;rmb=20;talent_point=1},{x=1442;y=500},{y=204;x=1436},<<906;464>;<996;626>;<1168;708>;<1306;596>;<1442;500>>,,,,,,,,,,,,,,,,,,,,,,,,
22704,雪风镇,,<{advance=27;unitId=70492;level=164};{advance=27;unitId=73282;level=164};{advance=27;unitId=70282;level=164};{advance=27;unitId=71392;level=164};{advance=27;unitId=72482;level=164}>,<{advance=29;unitId=284012;level=164}>,config/portrait/jinglingtouxiang1/img_725_hbm@.png,,5,2,,,,,,,battle/scene/bg_xcdg.jpg,config/big_hero/normal/img_725_hbm@.png,,137,,,,<{key=1;value=1};{key=2;value=2};{key=3;value=6}>,164,932,120,,,,3,12,80,12,{100=0;5000=0;23671=1},4620,,{13=4;14=8},{14=12},,,,1,{gold=12000;rmb=20;talent_point=1},{x=1812;y=282},{y=602;x=1928},<<1442;500>;<1576;490>;<1436;204>;<1644;247>;<1812;282>>,,,,,,,,,,,,,,,,,,,,,,,,
22705,雪风镇,,<{advance=27;unitId=72631;level=165};{advance=27;unitId=70072;level=165};{advance=27;unitId=70043;level=165};{advance=27;unitId=71901;level=165};{advance=27;unitId=70333;level=165}>,<{advance=29;unitId=80321;level=165}>,config/portrait/jinglingtouxiang1/img_439_mnn@.png,,5,2,,,,,,,battle/scene/bg_xcdg.jpg,config/big_hero/normal/img_439_mnn@.png,,137,,,,<{key=1;value=1};{key=2;value=2};{key=3;value=6}>,165,939,120,,,,3,12,80,12,{100=0;5000=0;20561=1},4620,,{13=4;14=8},{14=12},,,,1,,{x=2030;y=834},,<<1812;282>;<2008;302>;<2094;414>;<1694;494>;<1928;602>;<2228;680>;<2030;834>>,,,,,,,,,,,,,,,,,,,,,,,,
22801,名水镇,,<{advance=30;unitId=62483;level=166};{advance=30;unitId=62611;level=166};{advance=30;unitId=63152;level=166};{advance=30;unitId=63161;level=166};{advance=30;unitId=62022;level=166}>,<{advance=30;unitId=180212;level=166}>,config/portrait/jinglingtouxiang1/img_53_mld@.png,,5,2,,,,,,,battle/scene/bg_xcdg.jpg,config/big_hero/normal/img_53_mld@.png,,138,,,,<{key=1;value=1};{key=2;value=2};{key=3;value=6}>,166,946,130,,,,3,12,80,12,{100=0;5000=0;20211=1},4830,,{15=3},{14=2;15=3},,,,1,{gold=12000;rmb=20;talent_point=1},{x=538;y=962},{y=728;x=505},<<538;962>>,,,,,,,,,,,,,,,,,,,,,,,,
22802,名水镇,,<{advance=30;unitId=63231;level=167};{advance=30;unitId=61252;level=167};{advance=30;unitId=61502;level=167};{advance=30;unitId=62244;level=167};{advance=30;unitId=62821;level=167}>,<{advance=30;unitId=182493;level=167}>,config/portrait/jinglingtouxiang1/img_503_djg@.png,,5,2,,,,,,,battle/scene/bg_xcdg.jpg,config/big_hero/normal/img_503_djg@.png,,138,,,,<{key=1;value=1};{key=2;value=2};{key=3;value=6}>,167,953,130,,,,3,12,80,12,{100=0;5000=0;22491=1},4830,,{15=3},{14=2;15=3},,,,1,{gold=12000;rmb=20;talent_point=1},{x=818;y=671},{y=718;x=958},<<538;962>;<417;900>;<505;728>;<582;554>;<710;618>;<818;671>>,,,,,,,,,,,,,,,,,,,,,,,,
22803,名水镇,,<{advance=30;unitId=60394;level=168};{advance=30;unitId=60571;level=168};{advance=30;unitId=63543;level=168};{advance=30;unitId=62023;level=168};{advance=30;unitId=63841;level=168}>,<{advance=30;unitId=180503;level=168}>,config/portrait/jinglingtouxiang1/img_242_xfd@.png,,5,2,,,,,,,battle/scene/bg_xcdg.jpg,config/big_hero/normal/img_242_xfd@.png,,138,,,,<{key=1;value=1};{key=2;value=2};{key=3;value=6}>,168,960,130,,,,3,12,80,12,{100=0;5000=0;20501=1},4830,,{15=3},{14=2;15=3},,,,1,{gold=12000;rmb=20;talent_point=1},{x=1180;y=518},{y=376;x=1054},<<818;671>;<948;628>;<1108;718>;<1240;802>;<1308;618>;<1180;518>>,,,,,,,,,,,,,,,,,,,,,,,,
22804,名水镇,,<{advance=30;unitId=73291;level=169};{advance=30;unitId=72591;level=169};{advance=30;unitId=71443;level=169};{advance=30;unitId=70371;level=169};{advance=30;unitId=70461;level=169}>,<{advance=30;unitId=180251;level=169}>,config/portrait/jinglingtouxiang1/img_60_wxkd@.png,,5,2,,,,,,,battle/scene/bg_xcdg.jpg,config/big_hero/normal/img_60_wxkd@.png,,138,,,,<{key=1;value=1};{key=2;value=2};{key=3;value=6}>,169,967,130,,,,3,12,80,12,{100=0;5000=0;20251=1},4830,,{15=3},{14=2;15=3},,,,1,{gold=12000;rmb=20;talent_point=1},{x=1714;y=401},{y=700;x=1532},<<1180;518>;<1054;376>;<1208;366>;<1377;362>;<1542;374>;<1714;401>>,,,,,,,,,,,,,,,,,,,,,,,,
22805,名水镇,,<{advance=30;unitId=72891;level=170};{advance=30;unitId=70881;level=170};{advance=30;unitId=70402;level=170};{advance=30;unitId=70883;level=170};{advance=30;unitId=73661;level=170}>,<{advance=30;unitId=184193;level=170}>,config/portrait/jinglingtouxiang1/img_815_sywp@.png,,5,2,,,,,,,battle/scene/bg_xcdg.jpg,config/big_hero/normal/img_815_sywp@.png,,138,,,,<{key=1;value=1};{key=2;value=2};{key=3;value=6}>,170,974,130,,,,3,12,80,12,{100=0;5000=0;24191=1},4830,,{15=3},{14=2;15=3},,,,1,,{x=1722;y=806},,<<1714;401>;<1634;586>;<1532;648>;<1722;806>;<1846;856>;<1916;948>>,,,,,,,,,,,,,,,,,,,,,,,,
22901,利利小镇,,<{advance=30;unitId=60024;level=171};{advance=30;unitId=62611;level=171};{advance=30;unitId=60133;level=171};{advance=30;unitId=63161;level=171};{advance=30;unitId=60731;level=171}>,<{advance=30;unitId=187002;level=171}>,config/portrait/jinglingtouxiang1/img_417_pqlz@.png,,5,2,,,,,,,battle/scene/bg_xcdg.jpg,config/big_hero/normal/img_417_pqlz@.png,,139,,,,<{key=1;value=1};{key=2;value=2};{key=3;value=6}>,171,981,130,,,,3,12,80,12,{100=0;5000=0;22121=1},5040,,{15=3},{14=2;15=3},,,,1,{gold=12000;rmb=20;talent_point=1},{x=770;y=1139},{y=1028;x=775},<<770;1139>>,,,,,,,,,,,,,,,,,,,,,,,,
22902,利利小镇,,<{advance=30;unitId=63231;level=172};{advance=30;unitId=61801;level=172};{advance=30;unitId=61502;level=172};{advance=30;unitId=62244;level=172};{advance=30;unitId=63282;level=172}>,<{advance=30;unitId=187003;level=172}>,config/portrait/jinglingtouxiang1/img_419_fqy@.png,,5,2,,,,,,,battle/scene/bg_xcdg.jpg,config/big_hero/normal/img_419_fqy@.png,,139,,,,<{key=1;value=1};{key=2;value=2};{key=3;value=6}>,172,988,130,,,,3,12,80,12,{100=0;5000=0;22131=1},5040,,{15=3},{14=2;15=3},,,,1,{gold=12000;rmb=20;talent_point=1},{x=778;y=668},{y=400;x=768},<<770;1139>;<770;798>;<778;668>>,,,,,,,,,,,,,,,,,,,,,,,,
22903,利利小镇,,<{advance=30;unitId=60052;level=173};{advance=30;unitId=61951;level=173};{advance=30;unitId=61941;level=173};{advance=30;unitId=63772;level=173};{advance=30;unitId=62591;level=173}>,<{advance=30;unitId=187004;level=173}>,config/portrait/jinglingtouxiang1/img_882_syl@.png,,5,2,,,,,,,battle/scene/bg_xcdg.jpg,config/big_hero/normal/img_882_syl@.png,,139,,,,<{key=1;value=1};{key=2;value=2};{key=3;value=6}>,173,995,130,,,,3,12,80,12,{100=0;5000=0;24561=1},5040,,{15=3},{14=2;15=3},,,,1,{gold=12000;rmb=20;talent_point=1},{x=1045;y=255},{y=231;x=1514},<<778;668>;<768;400>;<1045;255>>,,,,,,,,,,,,,,,,,,,,,,,,
22904,利利小镇,,<{advance=30;unitId=70452;level=174};{advance=30;unitId=73141;level=174};{advance=30;unitId=72272;level=174};{advance=30;unitId=71863;level=174};{advance=30;unitId=70792;level=174}>,<{advance=30;unitId=184181;level=174}>,config/portrait/jinglingtouxiang1/img_810_qyh@.png,,5,2,,,,,,,battle/scene/bg_xcdg.jpg,config/big_hero/normal/img_810_qyh@.png,,139,,,,<{key=1;value=1};{key=2;value=2};{key=3;value=6}>,174,1002,130,,,,3,12,80,12,{100=0;5000=0;24181=1},5040,,{15=3},{14=2;15=3},,,,1,{gold=12000;rmb=20;talent_point=1},{x=1779;y=398},{y=771;x=1679},<<1045;255>;<1514;231>;<1779;398>>,,,,,,,,,,,,,,,,,,,,,,,,
22905,利利小镇,,<{advance=30;unitId=72842;level=175};{advance=30;unitId=70264;level=175};{advance=30;unitId=71241;level=175};{advance=30;unitId=73303;level=175};{advance=30;unitId=72611;level=175}>,<{advance=30;unitId=187005;level=175}>,config/portrait/jinglingtouxiang1/img_865_cyb@.png,,5,2,,,,,,,battle/scene/bg_xcdg.jpg,config/big_hero/normal/img_865_cyb@.png,,139,,,,<{key=1;value=1};{key=2;value=2};{key=3;value=6}>,175,1009,130,,,,3,12,80,12,{100=0;5000=0;24431=1},5040,,{15=3},{14=2;15=3},,,,1,,{x=1629;y=913},,<<1779;398>;<1629;913>>,,,,,,,,,,,,,,,,,,,,,,,,
23001,三云岛,,<{advance=30;unitId=63161;level=176};{advance=30;unitId=61252;level=176};{advance=30;unitId=61502;level=176};{advance=30;unitId=62244;level=176};{advance=30;unitId=60731;level=176}>,<{advance=30;unitId=87002;level=176}>,config/portrait/jinglingtouxiang1/img_307_msn@.png,,5,2,,,,,,,battle/scene/bg_xcdg.jpg,config/big_hero/normal/img_307_msn@.png,,140,,,,<{key=1;value=1};{key=2;value=2};{key=3;value=6}>,176,986,130,,,,3,12,80,12,{100=0;5000=0;21511=1},5250,,{13=2;15=3},{14=3;15=3},,,,1,{gold=12000;rmb=20;talent_point=1},{x=670;y=1070},{y=1020;x=795},<<670;1070>>,,,,,,,,,,,,,,,,,,,,,,,,
23002,三云岛,,<{advance=30;unitId=62244;level=177};{advance=30;unitId=62611;level=177};{advance=30;unitId=61502;level=177};{advance=30;unitId=61311;level=177};{advance=30;unitId=60471;level=177}>,<{advance=30;unitId=87003;level=177}>,config/portrait/jinglingtouxiang1/img_438_pcg@.png,,5,2,,,,,,,battle/scene/bg_xcdg.jpg,config/big_hero/normal/img_438_pcg@.png,,140,,,,<{key=1;value=1};{key=2;value=2};{key=3;value=6}>,177,993,130,,,,3,12,80,12,{100=0;5000=0;20901=1},5250,,{13=2;15=3},{14=3;15=3},,,,1,{gold=12000;rmb=20;talent_point=1},{x=998;y=960},{y=980;x=1200},<<670;1070>;<998;960>>,,,,,,,,,,,,,,,,,,,,,,,,
23003,三云岛,,<{advance=30;unitId=62023;level=178};{advance=30;unitId=61801;level=178};{advance=30;unitId=61502;level=178};{advance=30;unitId=62302;level=178};{advance=30;unitId=62591;level=178}>,<{advance=30;unitId=87004;level=178}>,config/portrait/jinglingtouxiang1/img_895_ljdlg@.png,,5,2,,,,,,,battle/scene/bg_xcdg.jpg,config/big_hero/normal/img_895_ljdlg@.png,,140,,,,<{key=1;value=1};{key=2;value=2};{key=3;value=6}>,178,1000,130,,,,3,12,80,12,{100=0;5000=0;24651=1},5250,,{13=2;15=3},{14=3;15=3},,,,1,{gold=12000;rmb=20;talent_point=1},{x=1250;y=630},{y=505;x=1450},<<998;960>;<1200;980>;<1250;630>>,,,,,,,,,,,,,,,,,,,,,,,,
23004,三云岛,,<{advance=30;unitId=73181;level=179};{advance=30;unitId=71941;level=179};{advance=30;unitId=72272;level=179};{advance=30;unitId=71503;level=179};{advance=30;unitId=72591;level=179}>,<{advance=30;unitId=87005;level=179}>,config/portrait/jinglingtouxiang1/img_396_mke@.png,,5,2,,,,,,,battle/scene/bg_xcdg.jpg,config/big_hero/normal/img_396_mke@.png,,140,,,,<{key=1;value=1};{key=2;value=2};{key=3;value=6}>,179,1007,130,,,,3,12,80,12,{100=0;5000=0;22041=1},5250,,{13=2;15=3},{14=3;15=3},,,,1,{gold=12000;rmb=20;talent_point=1},{x=1629;y=598},{y=740;x=1870},<<1250;630>;<1450;495>;<1629;598>>,,,,,,,,,,,,,,,,,,,,,,,,
23005,三云岛,,<{advance=30;unitId=70883;level=180};{advance=30;unitId=72272;level=180};{advance=30;unitId=71443;level=180};{advance=30;unitId=73181;level=180};{advance=30;unitId=70881;level=180}>,<{advance=30;unitId=87006;level=180}>,config/portrait/jinglingtouxiang1/img_100_pldq@.png,,5,2,,,,,,,battle/scene/bg_xcdg.jpg,config/big_hero/normal/img_100_pldq@.png,,140,,,,<{key=1;value=1};{key=2;value=2};{key=3;value=6}>,180,1014,130,,,,3,12,80,12,{100=0;5000=0;20431=1},5250,,{13=2;15=3},{14=3;15=3},,,,1,,{x=2129;y=600},,<<1629;598>;<1879;720>;<2129;600>>,,,,,,,,,,,,,,,,,,,,,,,,
23101,绿荫镇,,<{advance=33;unitId=60052;level=181};{advance=33;unitId=61252;level=181};{advance=33;unitId=61502;level=181};{advance=33;unitId=62244;level=181};{advance=33;unitId=60731;level=181}>,<{advance=33;unitId=87007;level=181}>,config/portrait/jinglingtouxiang1/img_390_xhyh@.png,,5,2,,,,,,,battle/scene/bg_xcdg.jpg,config/big_hero/normal/img_390_xhyh@.png,,141,,,,<{key=1;value=1};{key=2;value=2};{key=3;value=6}>,181,991,130,,,,3,12,80,12,{100=0;5000=0;22021=1},5460,,{13=4;15=3},{13=2;15=4},,,,1,{gold=12000;rmb=20;talent_point=1},{x=670;y=1070},{y=1055;x=985},<<670;1070>>,,,,,,,,,,,,,,,,,,,,,,,,
23102,绿荫镇,,<{advance=33;unitId=60264;level=182};{advance=33;unitId=62611;level=182};{advance=33;unitId=61502;level=182};{advance=33;unitId=61311;level=182};{advance=33;unitId=62022;level=182}>,<{advance=33;unitId=87008;level=182}>,config/portrait/jinglingtouxiang1/img_759_tox@.png,,5,2,,,,,,,battle/scene/bg_xcdg.jpg,config/big_hero/normal/img_759_tox@.png,,141,,,,<{key=1;value=1};{key=2;value=2};{key=3;value=6}>,182,998,130,,,,3,12,80,12,{100=0;5000=0;23831=1},5460,,{13=4;15=3},{13=2;15=4},,,,1,{gold=12000;rmb=20;talent_point=1},{x=1332;y=1010},{y=857;x=1120},<<670;1070>;<1332;1010>>,,,,,,,,,,,,,,,,,,,,,,,,
23103,绿荫镇,,<{advance=33;unitId=60711;level=183};{advance=33;unitId=60541;level=183};{advance=33;unitId=61443;level=183};{advance=33;unitId=62302;level=183};{advance=33;unitId=62591;level=183}>,<{advance=33;unitId=87009;level=183}>,config/portrait/jinglingtouxiang1/img_780_lwl@.png,,5,2,,,,,,,battle/scene/bg_xcdg.jpg,config/big_hero/normal/img_780_lwl@.png,,141,,,,<{key=1;value=1};{key=2;value=2};{key=3;value=6}>,183,1005,130,,,,3,12,80,12,{100=0;5000=0;23981=1},5460,,{13=4;15=3},{13=2;15=4},,,,1,{gold=12000;rmb=20;talent_point=1},{x=839;y=747},{y=665;x=1188},<<1332;1010>;<839;747>>,,,,,,,,,,,,,,,,,,,,,,,,
23104,绿荫镇,,<{advance=33;unitId=73181;level=184};{advance=33;unitId=71941;level=184};{advance=33;unitId=71801;level=184};{advance=33;unitId=71503;level=184};{advance=33;unitId=72591;level=184}>,<{advance=33;unitId=87010;level=184}>,config/portrait/jinglingtouxiang1/img_816_lyx@.png,,5,2,,,,,,,battle/scene/bg_xcdg.jpg,config/big_hero/normal/img_816_lyx@.png,,141,,,,<{key=1;value=1};{key=2;value=2};{key=3;value=6}>,184,1012,130,,,,3,12,80,12,{100=0;5000=0;24201=1},5460,,{13=4;15=3},{13=2;15=4},,,,1,{gold=12000;rmb=20;talent_point=1},{x=1529;y=598},{y=710;x=1748},<<839;747>;<1529;598>>,,,,,,,,,,,,,,,,,,,,,,,,
23105,绿荫镇,,<{advance=33;unitId=72232;level=185};{advance=33;unitId=72272;level=185};{advance=33;unitId=72244;level=185};{advance=33;unitId=71911;level=185};{advance=33;unitId=70881;level=185}>,<{advance=33;unitId=87011;level=185}>,config/portrait/jinglingtouxiang1/img_25_xzpkq@.png,,5,2,,,,,,,battle/scene/bg_xcdg.jpg,config/big_hero/normal/img_25_xzpkq@.png,,141,,,,<{key=1;value=1};{key=2;value=2};{key=3;value=6}>,185,1019,130,,,,3,12,80,12,{100=0;5000=0;27001=1},5460,,{13=4;15=3},{13=2;15=4},,,,1,,{x=1928;y=794},,<<1529;598>;<1928;794>>,,,,,,,,,,,,,,,,,,,,,,,,
30101,真新镇,,<{advance=9;unitId=60051;level=9};{advance=9;unitId=60592;level=9};{advance=9;unitId=60793;level=9};{advance=9;unitId=60302;level=9};{advance=9;unitId=60482;level=9}>,<{advance=9;unitId=260001;level=9}>,config/portrait/jinglingtouxiang1/img_212_jqtl@.png,,6,2,,,,,,,battle/scene/bg_xcdg.jpg,config/big_hero/normal/img_212_jqtl@.png,,211,,,,<{key=1;value=1};{key=2;value=2};{key=3;value=6}>,9,205,205,,,,,12,80,12,{100=0;5000=0;20451=0},625,上阵毒、地面、火属性的精灵会额外提升10%物攻和特攻,,,,{502=1;850=120;talent_point=1},{502=1;851=20;talent_point=2},,,{x=966;y=936},,<<0;0>>,,,,,,,,,,,,,,,,,,,,,,,,
30102,真新镇,,<{advance=9;unitId=63302;level=12};{advance=9;unitId=260002;level=12};{advance=9;unitId=60551;level=12};{advance=9;unitId=60601;level=12};{advance=9;unitId=60592;level=12}>,<{advance=9;unitId=260003;level=12}>,config/portrait/jinglingtouxiang1/img_254_xyw@.png,,6,2,,,,,,,battle/scene/bg_zz.jpg,config/big_hero/normal/img_254_xyw@.png,,211,,,,<{key=1;value=1};{key=2;value=2};{key=3;value=6}>,12,219,219,,,,,12,80,12,{100=0;5000=0;20041=0},625,请时刻关注精灵们的闲言碎语,,,,{502=1;850=120;talent_point=1},{502=1;851=20;talent_point=2},,,{x=1200;y=600},,<<0;0>>,,,,,,,,,,,,,,,,,,,,,,,,
30201,神秘部落,,<{advance=10;unitId=60002;level=18};{advance=10;unitId=60001;level=18};{advance=10;unitId=63302;level=18};{advance=10;unitId=61612;level=18};{advance=10;unitId=60002;level=18}>,<{advance=10;unitId=260004;level=18}>,config/portrait/jinglingtouxiang1/img_130_bll@.png,,6,2,,,,,,,battle/scene/bg_xcdg.jpg,config/big_hero/normal/img_130_bll@.png,,212,,,,<{key=1;value=1};{key=2;value=2};{key=3;value=6}>,18,243,243,,,,,12,80,12,{100=0;5000=0;21351=0},650,上阵草、电、冰属性的精灵会额外提升10%物攻和特攻,,,,{502=1;850=125;talent_point=1},{502=1;851=25;talent_point=2},,,{x=763;y=601},,<<0;0>>,,,,,,,,,,,,,,,,,,,,,,,,
30202,神秘部落,,<{advance=10;unitId=260005;level=19};{advance=10;unitId=60053;level=19};{advance=10;unitId=70013;level=19};{advance=10;unitId=60731;level=19};{advance=10;unitId=60741;level=19}>,<{advance=10;unitId=260006;level=19}>,config/portrait/jinglingtouxiang1/img_635_ssel@.png,,6,2,,,,,,,battle/scene/bg_zz.jpg,config/big_hero/normal/img_635_ssel@.png,,212,,,,<{key=1;value=1};{key=2;value=2};{key=3;value=6}>,19,257,257,,,,,12,80,12,{100=0;5000=0;20011=0},650,请时刻关注精灵们的闲言碎语,,,,{502=1;850=125;talent_point=1},{502=1;851=25;talent_point=2},,,{x=1760;y=963},,<<0;0>>,,,,,,,,,,,,,,,,,,,,,,,,
30301,废弃城市,,<{advance=10;unitId=60133;level=22};{advance=10;unitId=60392;level=22};{advance=10;unitId=62271;level=22};{advance=10;unitId=62482;level=22};{advance=10;unitId=60092;level=22}>,<{advance=10;unitId=260007;level=22}>,config/portrait/jinglingtouxiang1/img_248_bjls@.png,,6,2,,,,,,,battle/scene/bg_xcdg.jpg,config/big_hero/normal/img_248_bjls@.png,,213,,,20801,<{key=1;value=1};{key=2;value=2};{key=3;value=6}>,22,281,281,,,,,12,80,12,{100=0;5000=0;20071=0},675,上阵格斗、虫、妖精属性的精灵会额外提升10%物攻和特攻,,,,{502=1;850=130;talent_point=1},{502=1;851=30;talent_point=2},,,{x=985;y=442},,<<0;0>>,,,,,,,,,,,,,,,,,,,,,,,,
30302,废弃城市,,<{advance=10;unitId=60552;level=25};{advance=10;unitId=70692;level=25};{advance=10;unitId=63471;level=25};{advance=10;unitId=72271;level=25};{advance=10;unitId=71351;level=25}>,<{advance=10;unitId=260008;level=25}>,config/portrait/jinglingtouxiang1/img_214_hlkls@.png,,6,2,,,,,,,battle/scene/bg_xcdg.jpg,config/big_hero/normal/img_214_hlkls@.png,,213,,,20801,<{key=1;value=1};{key=2;value=2};{key=3;value=6}>,25,295,295,,,,,12,80,12,{100=0;5000=0;20091=0},675,请时刻关注精灵们的闲言碎语,,,,{502=1;850=130;talent_point=1},{502=1;851=30;talent_point=2},,,{x=1370;y=940},,<<0;0>>,,,,,,,,,,,,,,,,,,,,,,,,
30401,度假岛,,<{advance=11;unitId=60602;level=30};{advance=11;unitId=60552;level=30};{advance=11;unitId=60482;level=30};{advance=11;unitId=60262;level=30};{advance=11;unitId=61422;level=30}>,<{advance=11;unitId=260009;level=30}>,config/portrait/jinglingtouxiang1/img_467_yzys@.png,,6,2,,,,,,,battle/scene/bg_xcdg.jpg,config/big_hero/normal/img_467_yzys@.png,,214,,,20901,<{key=1;value=1};{key=2;value=2};{key=3;value=6}>,30,319,319,,,,,12,80,12,{100=0;5000=0;20061=0},700,上阵地面、岩石、水属性的精灵会额外提升10%物攻和特攻,,,,{502=1;850=135;talent_point=1},{502=1;851=35;talent_point=2},,,{x=703;y=842},,<<0;0>>,,,,,,,,,,,,,,,,,,,,,,,,
30402,度假岛,,<{advance=11;unitId=70332;level=33};{advance=11;unitId=63302;level=33};{advance=11;unitId=70893;level=33};{advance=11;unitId=260022;level=33};{advance=11;unitId=61351;level=33}>,<{advance=11;unitId=260010;level=33}>,config/portrait/jinglingtouxiang1/img_260_jzg@.png,,6,2,,,,,,,battle/scene/bg_xcdg.jpg,config/big_hero/normal/img_260_jzg@.png,,214,,,20901,<{key=1;value=1};{key=2;value=2};{key=3;value=6}>,33,333,333,,,,,12,80,12,{100=0;5000=0;20261=0},700,请时刻关注精灵们的闲言碎语,,,,{502=1;850=135;talent_point=1},{502=1;851=35;talent_point=2},,,{x=1907;y=620},,<<0;0>>,,,,,,,,,,,,,,,,,,,,,,,,
30501,砂石镇,,<{advance=11;unitId=60271;level=37};{advance=11;unitId=50071;level=37};{advance=11;unitId=62271;level=37};{advance=11;unitId=61351;level=37};{advance=11;unitId=61422;level=37}>,<{advance=11;unitId=260011;level=37}>,config/portrait/jinglingtouxiang1/img_445_lyls@.png,,6,2,,,,,,,battle/scene/bg_xcdg.jpg,config/big_hero/normal/img_445_lyls@.png,,215,,,20903,<{key=1;value=1};{key=2;value=2};{key=3;value=6}>,37,357,350,,,,,12,80,12,{100=0;5000=0;20101=0},725,上阵冰、龙、妖精属性的精灵会额外提升10%物攻和特攻,,,,{502=1;850=140;talent_point=1},{502=1;851=40;talent_point=2},,,{x=876;y=484},,<<0;0>>,,,,,,,,,,,,,,,,,,,,,,,,
30502,砂石镇,,<{advance=11;unitId=60052;level=40};{advance=11;unitId=70001;level=40};{advance=11;unitId=60551;level=40};{advance=11;unitId=70132;level=40};{advance=11;unitId=70301;level=40}>,<{advance=11;unitId=260012;level=40}>,config/portrait/jinglingtouxiang1/img_150_cm@.png,,6,2,,,,,,,battle/scene/bg_xcdg.jpg,config/big_hero/normal/img_150_cm@.png,,215,,,20903,<{key=1;value=1};{key=2;value=2};{key=3;value=6}>,40,371,350,,,,,12,80,12,{100=0;5000=0;20051=0},725,请时刻关注精灵们的闲言碎语,,,,{502=1;850=140;talent_point=1},{502=1;851=40;talent_point=2},,,{x=2044;y=631},,<<0;0>>,,,,,,,,,,,,,,,,,,,,,,,,
30601,雪原,,<{advance=12;unitId=61422;level=44};{advance=12;unitId=60061;level=44};{advance=12;unitId=62012;level=44};{advance=12;unitId=61421;level=44};{advance=12;unitId=60092;level=44}>,<{advance=12;unitId=260013;level=44}>,config/portrait/jinglingtouxiang1/img_615_jhxh@.png,,6,2,,,,,,,battle/scene/bg_xcdg.jpg,config/big_hero/normal/img_615_jhxh@.png,,216,,,21001,<{key=1;value=1};{key=2;value=2};{key=3;value=6}>,44,381,350,,,,,12,80,12,{100=0;5000=0;20101=0},750,上阵格斗、岩石、钢属性的精灵会额外提升10%物攻和特攻,,,,{502=1;850=145;talent_point=1},{502=1;851=45;talent_point=2},,,{x=827;y=561},,<<0;0>>,,,,,,,,,,,,,,,,,,,,,,,,
30602,雪原,,<{advance=12;unitId=61351;level=47};{advance=12;unitId=61292;level=47};{advance=12;unitId=60053;level=47};{advance=12;unitId=60001;level=47};{advance=12;unitId=60262;level=47}>,<{advance=12;unitId=260014;level=47}>,config/portrait/jinglingtouxiang1/img_477_hyml@.png,,6,2,,,,,,,battle/scene/bg_xcdg.jpg,config/big_hero/normal/img_477_hyml@.png,,216,,,21001,<{key=1;value=1};{key=2;value=2};{key=3;value=6}>,47,395,350,,,,,12,80,12,{100=0;5000=0;20051=0},750,上阵幽灵、恶、超能属性的精灵会额外提升10%物攻和特攻,,,,{502=1;850=145;talent_point=1},{502=1;851=45;talent_point=2},,,{x=1501;y=340},,<<0;0>>,,,,,,,,,,,,,,,,,,,,,,,,
30603,雪原,,<{advance=12;unitId=60013;level=50};{advance=12;unitId=71971;level=50};{advance=12;unitId=60793;level=50};{advance=12;unitId=61231;level=50};{advance=12;unitId=60741;level=50}>,<{advance=12;unitId=260015;level=50}>,config/portrait/jinglingtouxiang1/img_250_fw@.png,,6,2,,,,,,,battle/scene/bg_xcdg.jpg,config/big_hero/normal/img_250_fw@.png,,216,,,21001,<{key=1;value=1};{key=2;value=2};{key=3;value=6}>,50,409,350,,,,,12,80,12,{100=0;5000=0;20591=0},750,请时刻关注精灵们的闲言碎语,,,,{502=1;850=145;talent_point=1},{502=1;851=45;talent_point=2},,,{x=1886;y=968},,<<0;0>>,,,,,,,,,,,,,,,,,,,,,,,,
30701,波尼岛,,<{advance=12;unitId=60551;level=55};{advance=12;unitId=61352;level=55};{advance=12;unitId=60043;level=55};{advance=12;unitId=60571;level=55};{advance=12;unitId=60391;level=55}>,<{advance=12;unitId=260016;level=55}>,config/portrait/jinglingtouxiang1/img_706_nml@.png,,6,2,,,,,,,battle/scene/bg_xcdg.jpg,config/big_hero/normal/img_706_nml@.png,,217,,,21003,<{key=1;value=1};{key=2;value=2};{key=3;value=6}>,55,416,350,,,,,12,80,12,{100=0;5000=0;20101=0},775,上阵冰、龙、妖精属性的精灵会额外提升10%物攻和特攻,,,,{502=1;850=150;talent_point=1},{502=1;851=50;talent_point=2},,,{x=621;y=459},,<<0;0>>,,,,,,,,,,,,,,,,,,,,,,,,
30702,波尼岛,,<{advance=12;unitId=60592;level=58};{advance=12;unitId=60043;level=58};{advance=12;unitId=60552;level=58};{advance=12;unitId=60011;level=58};{advance=12;unitId=63291;level=58}>,<{advance=12;unitId=260017;level=58}>,config/portrait/jinglingtouxiang1/img_658_jhrw@.png,,6,2,,,,,,,battle/scene/bg_xcdg.jpg,config/big_hero/normal/img_658_jhrw@.png,,217,,,21003,<{key=1;value=1};{key=2;value=2};{key=3;value=6}>,58,430,350,,,,,12,80,12,{100=0;5000=0;20051=0},775,上阵草、电、虫属性的精灵会额外提升10%物攻和特攻,,,,{502=1;850=150;talent_point=1},{502=1;851=50;talent_point=2},,,{x=1471;y=556},,<<0;0>>,,,,,,,,,,,,,,,,,,,,,,,,
30703,波尼岛,,<{advance=12;unitId=60593;level=61};{advance=12;unitId=71303;level=61};{advance=12;unitId=61293;level=61};{advance=12;unitId=60263;level=61};{advance=12;unitId=60393;level=61}>,<{advance=12;unitId=260018;level=61}>,config/portrait/jinglingtouxiang1/img_289_qjw@.png,,6,2,,,,,,,battle/scene/bg_xcdg.jpg,config/big_hero/normal/img_289_qjw@.png,,217,,,21003,<{key=1;value=1};{key=2;value=2};{key=3;value=6}>,61,444,350,,,,,12,80,12,{100=0;5000=0;20591=0},775,请时刻关注精灵们的闲言碎语,,,,{502=1;850=150;talent_point=1},{502=1;851=50;talent_point=2},,,{x=1708;y=964},,<<0;0>>,,,,,,,,,,,,,,,,,,,,,,,,
30801,乌拉乌拉岛,,<{advance=13;unitId=50452;level=66};{advance=13;unitId=63291;level=66};{advance=13;unitId=50271;level=66};{advance=13;unitId=60011;level=66};{advance=13;unitId=63283;level=66}>,<{advance=13;unitId=260019;level=66}>,config/portrait/jinglingtouxiang1/img_245_sj@.png,,6,2,,,,,,,battle/scene/bg_xcdg.jpg,config/big_hero/normal/img_245_sj@.png,,218,,,21101,<{key=1;value=1};{key=2;value=2};{key=3;value=6}>,66,451,350,,,,,12,80,12,{100=0;5000=0;20101=0},800,上阵草、电、一般属性的精灵会额外提升10%物攻和特攻,,,,{502=1;850=155;talent_point=1},{502=1;851=55;talent_point=2},,,{x=875;y=555},,<<0;0>>,,,,,,,,,,,,,,,,,,,,,,,,
30802,乌拉乌拉岛,,<{advance=13;unitId=63301;level=69};{advance=13;unitId=50001;level=69};{advance=13;unitId=60592;level=69};{advance=13;unitId=60603;level=69};{advance=13;unitId=60792;level=69}>,<{advance=13;unitId=260020;level=69}>,config/portrait/jinglingtouxiang1/img_149_kl@.png,,6,2,,,,,,,battle/scene/bg_xcdg.jpg,config/big_hero/normal/img_149_kl@.png,,218,,,21101,<{key=1;value=1};{key=2;value=2};{key=3;value=6}>,69,465,350,,,,,12,80,12,{100=0;5000=0;20051=0},800,上阵冰、龙、恶属性的精灵会额外提升10%物攻和特攻,,,,{502=1;850=155;talent_point=1},{502=1;851=55;talent_point=2},,,{x=1549;y=501},,<<0;0>>,,,,,,,,,,,,,,,,,,,,,,,,
30803,乌拉乌拉岛,,<{advance=13;unitId=60552;level=72};{advance=13;unitId=71313;level=72};{advance=13;unitId=60273;level=72};{advance=13;unitId=62233;level=72};{advance=13;unitId=60333;level=72}>,<{advance=13;unitId=260021;level=72}>,config/portrait/jinglingtouxiang1/img_464_cjkx@.png,,6,2,,,,,,,battle/scene/bg_xcdg.jpg,config/big_hero/normal/img_464_cjkx@.png,,218,,,21101,<{key=1;value=1};{key=2;value=2};{key=3;value=6}>,72,479,350,,,,,12,80,12,{100=0;5000=0;20591=0},800,请时刻关注精灵们的闲言碎语,,,,{502=1;850=155;talent_point=1},{502=1;851=55;talent_point=2},,,{x=2141;y=873},,<<0;0>>,,,,,,,,,,,,,,,,,,,,,,,,
30901,阿卡拉岛,,<{advance=13;unitId=53301;level=77};{advance=13;unitId=60133;level=77};{advance=13;unitId=53301;level=77};{advance=13;unitId=62482;level=77};{advance=13;unitId=62482;level=77}>,<{advance=13;unitId=260023;level=77}>,config/portrait/jinglingtouxiang1/img_462_zbcg@.png,,6,2,,,,,,,battle/scene/bg_xcdg.jpg,config/big_hero/normal/img_462_zbcg@.png,,219,,,21201,<{key=1;value=1};{key=2;value=2};{key=3;value=6}>,77,486,350,,,,,12,80,12,{100=0;5000=0;20101=0},725,上阵毒、地面、火属性的精灵会额外提升10%物攻和特攻,,,,{502=1;850=160;talent_point=1},{502=1;851=60;talent_point=2},,,{x=1592;y=477},,<<0;0>>,,,,,,,,,,,,,,,,,,,,,,,,
30902,阿卡拉岛,,<{advance=13;unitId=60472;level=80};{advance=13;unitId=60472;level=80};{advance=13;unitId=63472;level=80};{advance=13;unitId=63472;level=80}>,<{advance=13;unitId=260024;level=80}>,config/portrait/jinglingtouxiang1/img_229_hlj@.png,,6,2,,,,,,,battle/scene/bg_xcdg.jpg,config/big_hero/normal/img_229_hlj@.png,,219,,,21201,<{key=1;value=1};{key=2;value=2};{key=3;value=6}>,80,493,350,,,,,12,80,12,{100=0;5000=0;20051=0},725,上阵草、电、冰属性的精灵会额外提升10%物攻和特攻,,,,{502=1;850=160;talent_point=1},{502=1;851=60;talent_point=2},,,{x=837;y=959},,<<0;0>>,,,,,,,,,,,,,,,,,,,,,,,,
30903,阿卡拉岛,,<{advance=13;unitId=61353;level=83};{advance=13;unitId=60482;level=83};{advance=13;unitId=260026;level=83};{advance=13;unitId=60482;level=83}>,<{advance=13;unitId=260025;level=83}>,config/portrait/jinglingtouxiang1/img_94_gg@.png,,6,2,,,,,,,battle/scene/bg_xcdg.jpg,config/big_hero/normal/img_94_gg@.png,,219,,,21201,<{key=1;value=1};{key=2;value=2};{key=3;value=6}>,83,503,350,,,,,12,80,12,{100=0;5000=0;20591=0},725,请时刻关注精灵们的闲言碎语,,,,{502=1;850=160;talent_point=1},{502=1;851=60;talent_point=2},,,{x=1522;y=809},,<<0;0>>,,,,,,,,,,,,,,,,,,,,,,,,
31001,美乐美乐岛,,<{advance=13;unitId=53302;level=92};{advance=13;unitId=60062;level=92};{advance=13;unitId=53302;level=92}>,<{advance=13;unitId=260027;level=92}>,config/portrait/jinglingtouxiang1/img_306_bskdl@.png,,6,2,,,,,,,battle/scene/bg_xcdg.jpg,config/big_hero/normal/img_306_bskdl@.png,,220,,,21301,<{key=1;value=1};{key=2;value=2};{key=3;value=6}>,92,510,350,,,,,12,80,12,{100=0;5000=0;20101=0},725,上阵格斗、虫、妖精属性的精灵会额外提升10%物攻和特攻,,,,{502=1;850=165;talent_point=1},{502=1;851=65;talent_point=2},,,{x=788;y=405},,<<0;0>>,,,,,,,,,,,,,,,,,,,,,,,,
31002,美乐美乐岛,,<{advance=13;unitId=61612;level=95};{advance=13;unitId=50053;level=95};{advance=13;unitId=61612;level=95};{advance=13;unitId=60053;level=95};{advance=13;unitId=60053;level=95}>,<{advance=13;unitId=260028;level=95}>,config/portrait/jinglingtouxiang1/img_553_lme@.png,,6,2,,,,,,,battle/scene/bg_xcdg.jpg,config/big_hero/normal/img_553_lme@.png,,220,,,21301,<{key=1;value=1};{key=2;value=2};{key=3;value=6}>,95,517,350,,,,,12,80,12,{100=0;5000=0;20051=0},725,上阵地面、岩石、水属性的精灵会额外提升10%物攻和特攻,,,,{502=1;850=165;talent_point=1},{502=1;851=65;talent_point=2},,,{x=1970;y=866},,<<0;0>>,,,,,,,,,,,,,,,,,,,,,,,,
31003,美乐美乐岛,,<{advance=13;unitId=61172;level=98};{advance=13;unitId=61172;level=98};{advance=13;unitId=62012;level=98};{advance=13;unitId=62012;level=98}>,<{advance=13;unitId=260029;level=98}>,config/portrait/jinglingtouxiang1/img_65_hd@.png,,6,2,,,,,,,battle/scene/bg_xcdg.jpg,config/big_hero/normal/img_65_hd@.png,,220,,,21301,<{key=1;value=1};{key=2;value=2};{key=3;value=6}>,98,527,350,,,,,12,80,12,{100=0;5000=0;20591=0},725,请时刻关注精灵们的闲言碎语,,,,{502=1;850=165;talent_point=1},{502=1;851=65;talent_point=2},,,{x=1136;y=1093},,<<0;0>>,,,,,,,,,,,,,,,,,,,,,,,,
31101,训练家学校,,<{advance=14;unitId=60603;level=107};{advance=14;unitId=60392;level=107};{advance=14;unitId=60603;level=107};{advance=14;unitId=60392;level=107}>,<{advance=14;unitId=260030;level=107}>,config/portrait/jinglingtouxiang1/img_612_sfzl@.png,,6,2,,,,,,,battle/scene/bg_xcdg.jpg,config/big_hero/normal/img_612_sfzl@.png,,221,,,21401,<{key=1;value=1};{key=2;value=2};{key=3;value=6}>,107,533,350,,,,,12,80,12,{100=0;5000=0;20101=0},725,上阵冰、龙、妖精属性的精灵会额外提升10%物攻和特攻,,,,{502=1;850=170;talent_point=1},{502=1;851=70;talent_point=2},,,{x=988;y=1048},,<<0;0>>,,,,,,,,,,,,,,,,,,,,,,,,
31102,训练家学校,,<{advance=14;unitId=62012;level=110};{advance=14;unitId=60262;level=110};{advance=14;unitId=62012;level=110}>,<{advance=14;unitId=260031;level=110}>,config/portrait/jinglingtouxiang1/img_282_snd@.png,,6,2,,,,,,,battle/scene/bg_xcdg.jpg,config/big_hero/normal/img_282_snd@.png,,221,,,21401,<{key=1;value=1};{key=2;value=2};{key=3;value=6}>,110,539,350,,,,,12,80,12,{100=0;5000=0;20051=0},725,上阵格斗、岩石、钢属性的精灵会额外提升10%物攻和特攻,,,,{502=1;850=170;talent_point=1},{502=1;851=70;talent_point=2},,,{x=1223;y=788},,<<0;0>>,,,,,,,,,,,,,,,,,,,,,,,,
31103,训练家学校,,<{advance=14;unitId=60262;level=113};{advance=14;unitId=60272;level=113};{advance=14;unitId=60262;level=113};{advance=14;unitId=63472;level=113};{advance=14;unitId=63472;level=113}>,<{advance=14;unitId=260032;level=113}>,config/portrait/jinglingtouxiang1/img_475_alld@.png,,6,2,,,,,,,battle/scene/bg_xcdg.jpg,config/big_hero/normal/img_475_alld@.png,,221,,,21401,<{key=1;value=1};{key=2;value=2};{key=3;value=6}>,113,545,350,,,,,12,80,12,{100=0;5000=0;20591=0},725,上阵幽灵、恶、超能属性的精灵会额外提升10%物攻和特攻,,,,{502=1;850=170;talent_point=1},{502=1;851=70;talent_point=2},,,{x=1158;y=374},,<<0;0>>,,,,,,,,,,,,,,,,,,,,,,,,
31104,训练家学校,,<{advance=14;unitId=60133;level=122};{advance=14;unitId=60133;level=122};{advance=14;unitId=73542;level=122};{advance=14;unitId=73542;level=122}>,<{advance=14;unitId=260033;level=122}>,config/portrait/jinglingtouxiang1/img_383_gld@.png,,6,2,,,,,,,battle/scene/bg_xcdg.jpg,config/big_hero/normal/img_383_gld@.png,,221,,,21401,<{key=1;value=1};{key=2;value=2};{key=3;value=6}>,122,555,350,,,,,12,80,12,{100=0;5000=0;20101=0},725,请时刻关注精灵们的闲言碎语,,,,{502=1;850=170;talent_point=1},{502=1;851=70;talent_point=2},,,{x=2056;y=676},,<<0;0>>,,,,,,,,,,,,,,,,,,,,,,,,
31201,好奥乐市,,<{advance=14;unitId=60393;level=125};{advance=14;unitId=60602;level=125};{advance=14;unitId=60393;level=125};{advance=14;unitId=60602;level=125}>,<{advance=14;unitId=260034;level=125}>,config/portrait/jinglingtouxiang1/img_181_dl@.png,,6,2,,,,,,,battle/scene/bg_xcdg.jpg,config/big_hero/normal/img_181_dl@.png,,222,,,21401,<{key=1;value=1};{key=2;value=2};{key=3;value=6}>,125,561,350,,,,,12,80,12,{100=0;5000=0;20051=0},725,上阵冰、龙、妖精属性的精灵会额外提升10%物攻和特攻,,,,{502=1;850=175;talent_point=1},{502=1;851=75;talent_point=2},,,{x=1289;y=446},,<<0;0>>,,,,,,,,,,,,,,,,,,,,,,,,
31202,好奥乐市,,<{advance=14;unitId=61252;level=128};{advance=14;unitId=60602;level=128};{advance=14;unitId=61252;level=128}>,<{advance=14;unitId=260035;level=128}>,config/portrait/jinglingtouxiang1/img_461_mnl@.png,,6,2,,,,,,,battle/scene/bg_xcdg.jpg,config/big_hero/normal/img_461_mnl@.png,,222,,,21401,<{key=1;value=1};{key=2;value=2};{key=3;value=6}>,128,567,350,,,,,12,80,12,{100=0;5000=0;20591=0},725,上阵草、电、虫属性的精灵会额外提升10%物攻和特攻,,,,{502=1;850=175;talent_point=1},{502=1;851=75;talent_point=2},,,{x=767;y=920},,<<0;0>>,,,,,,,,,,,,,,,,,,,,,,,,
31203,好奥乐市,,<{advance=14;unitId=60331;level=137};{advance=14;unitId=60331;level=137};{advance=14;unitId=60331;level=137};{advance=14;unitId=60692;level=137};{advance=14;unitId=60692;level=137}>,<{advance=14;unitId=260036;level=137}>,config/portrait/jinglingtouxiang1/img_376_jjg@.png,,6,2,,,,,,,battle/scene/bg_xcdg.jpg,config/big_hero/normal/img_376_jjg@.png,,222,,,21401,<{key=1;value=1};{key=2;value=2};{key=3;value=6}>,137,573,350,,,,,12,80,12,{100=0;5000=0;20591=0},725,上阵草、电、一般属性的精灵会额外提升10%物攻和特攻,,,,{502=1;850=175;talent_point=1},{502=1;851=75;talent_point=2},,,{x=1527;y=696},,<<0;0>>,,,,,,,,,,,,,,,,,,,,,,,,
31204,好奥乐市,,<{advance=14;unitId=60472;level=140};{advance=14;unitId=60472;level=140};{advance=14;unitId=260039;level=140};{advance=14;unitId=260038;level=140}>,<{advance=14;unitId=260037;level=140}>,config/portrait/jinglingtouxiang1/img_257_hyj@.png,,6,2,,,,,,,battle/scene/bg_xcdg.jpg,config/big_hero/normal/img_257_hyj@.png,,222,,,21401,<{key=1;value=1};{key=2;value=2};{key=3;value=6}>,140,583,350,,,,,12,80,12,{100=0;5000=0;20101=0},725,请时刻关注精灵们的闲言碎语,,,,{502=1;850=175;talent_point=1},{502=1;851=75;talent_point=2},,,{x=1892;y=1002},,<<0;0>>,,,,,,,,,,,,,,,,,,,,,,,,
31301,对战开拓区,,<{advance=15;unitId=60482;level=143};{advance=15;unitId=60603;level=143};{advance=15;unitId=60482;level=143};{advance=15;unitId=60603;level=143}>,<{advance=15;unitId=260040;level=143}>,config/portrait/jinglingtouxiang1/img_145_sdn@.png,,6,2,,,,,,,battle/scene/bg_xcdg.jpg,config/big_hero/normal/img_145_sdn@.png,,223,,,21501,<{key=1;value=1};{key=2;value=2};{key=3;value=6}>,143,589,350,,,,,12,80,12,{100=0;5000=0;20051=0},725,上阵冰、龙、恶属性的精灵会额外提升10%物攻和特攻,,,,{502=1;850=180;talent_point=1},{502=1;851=80;talent_point=2},,,{x=777;y=652},,<<0;0>>,,,,,,,,,,,,,,,,,,,,,,,,
31302,对战开拓区,,<{advance=15;unitId=60572;level=152};{advance=15;unitId=61352;level=152};{advance=15;unitId=60572;level=152}>,<{advance=15;unitId=260041;level=152}>,config/portrait/jinglingtouxiang1/img_144_jdn@.png,,6,2,,,,,,,battle/scene/bg_xcdg.jpg,config/big_hero/normal/img_144_jdn@.png,,223,,,21501,<{key=1;value=1};{key=2;value=2};{key=3;value=6}>,152,595,350,,,,,12,80,12,{100=0;5000=0;20591=0},725,上阵毒、地面、火属性的精灵会额外提升10%物攻和特攻,,,,{502=1;850=180;talent_point=1},{502=1;851=80;talent_point=2},,,{x=1192;y=813},,<<0;0>>,,,,,,,,,,,,,,,,,,,,,,,,
31303,对战开拓区,,<{advance=15;unitId=63281;level=155};{advance=15;unitId=60571;level=155};{advance=15;unitId=63281;level=155};{advance=15;unitId=63282;level=155};{advance=15;unitId=63282;level=155}>,<{advance=15;unitId=260042;level=155}>,config/portrait/jinglingtouxiang1/img_146_hyn@.png,,6,2,,,,,,,battle/scene/bg_xcdg.jpg,config/big_hero/normal/img_146_hyn@.png,,223,,,21501,<{key=1;value=1};{key=2;value=2};{key=3;value=6}>,155,601,350,,,,,12,80,12,{100=0;5000=0;20591=0},725,上阵草、电、冰属性的精灵会额外提升10%物攻和特攻,,,,{502=1;850=180;talent_point=1},{502=1;851=80;talent_point=2},,,{x=1883;y=641},,<<0;0>>,,,,,,,,,,,,,,,,,,,,,,,,
31304,对战开拓区,,<{advance=15;unitId=60071;level=158};{advance=15;unitId=60592;level=158};{advance=15;unitId=60071;level=158};{advance=15;unitId=260044;level=158};{advance=15;unitId=260045;level=158}>,<{advance=15;unitId=260043;level=158}>,config/portrait/jinglingtouxiang1/img_244_yd@.png,,6,2,,,,,,,battle/scene/bg_xcdg.jpg,config/big_hero/normal/img_244_yd@.png,,223,,,21501,<{key=1;value=1};{key=2;value=2};{key=3;value=6}>,158,611,350,,,,,12,80,12,{100=0;5000=0;20591=0},725,请时刻关注精灵们的闲言碎语,,,,{502=1;850=180;talent_point=1},{502=1;851=80;talent_point=2},,,{x=1567;y=1047},,<<0;0>>,,,,,,,,,,,,,,,,,,,,,,,,
31401,圆朱市,,<{advance=15;unitId=60571;level=167};{advance=15;unitId=63542;level=167};{advance=15;unitId=60571;level=167};{advance=15;unitId=63542;level=167}>,<{advance=15;unitId=260046;level=167}>,config/portrait/jinglingtouxiang1/img_243_lg@.png,,6,2,,,,,,,battle/scene/bg_xcdg.jpg,config/big_hero/normal/img_243_lg@.png,,224,,,21501,<{key=1;value=1};{key=2;value=2};{key=3;value=6}>,167,617,350,,,,,12,80,12,{100=0;5000=0;20591=0},725,上阵格斗、虫、妖精属性的精灵会额外提升10%物攻和特攻,,,,{502=1;850=180;talent_point=1},{502=1;851=80;talent_point=2},,,{x=797;y=769},,<<0;0>>,,,,,,,,,,,,,,,,,,,,,,,,
31402,圆朱市,,<{advance=15;unitId=60043;level=170};{advance=15;unitId=60262;level=170};{advance=15;unitId=60043;level=170}>,<{advance=15;unitId=260047;level=170}>,config/portrait/jinglingtouxiang1/img_245_sj@.png,,6,2,,,,,,,battle/scene/bg_xcdg.jpg,config/big_hero/normal/img_245_sj@.png,,224,,,21501,<{key=1;value=1};{key=2;value=2};{key=3;value=6}>,170,623,350,,,,,12,80,12,{100=0;5000=0;20591=0},725,上阵地面、岩石、水属性的精灵会额外提升10%物攻和特攻,,,,{502=1;850=180;talent_point=1},{502=1;851=80;talent_point=2},,,{x=1333;y=547},,<<0;0>>,,,,,,,,,,,,,,,,,,,,,,,,
31403,圆朱市,,<{advance=15;unitId=63471;level=173};{advance=15;unitId=60692;level=173};{advance=15;unitId=63471;level=173};{advance=15;unitId=60012;level=173};{advance=15;unitId=60012;level=173}>,<{advance=15;unitId=260048;level=173}>,config/portrait/jinglingtouxiang1/img_149_kl@.png,,6,2,,,,,,,battle/scene/bg_xcdg.jpg,config/big_hero/normal/img_149_kl@.png,,224,,,21501,<{key=1;value=1};{key=2;value=2};{key=3;value=6}>,173,629,350,,,,,12,80,12,{100=0;5000=0;20591=0},725,上阵冰、龙、妖精属性的精灵会额外提升10%物攻和特攻,,,,{502=1;850=180;talent_point=1},{502=1;851=80;talent_point=2},,,{x=1963;y=947},,<<0;0>>,,,,,,,,,,,,,,,,,,,,,,,,
31404,圆朱市,,<{advance=15;unitId=63472;level=182};{advance=15;unitId=63472;level=182};{advance=15;unitId=70331;level=182};{advance=15;unitId=70331;level=182}>,<{advance=15;unitId=260049;level=182}>,config/portrait/jinglingtouxiang1/img_719_dax@.png,,6,2,,,,,,,battle/scene/bg_xcdg.jpg,config/big_hero/normal/img_719_dax@.png,,224,,,21501,<{key=1;value=1};{key=2;value=2};{key=3;value=6}>,182,639,350,,,,,12,80,12,{100=0;5000=0;20591=0},725,请时刻关注精灵们的闲言碎语,,,,{502=1;850=180;talent_point=1},{502=1;851=80;talent_point=2},,,{x=1387;y=951},,<<0;0>>,,,,,,,,,,,,,,,,,,,,,,,,
31501,古代祭坛,,<{advance=16;unitId=60043;level=185};{advance=16;unitId=61352;level=185};{advance=16;unitId=60043;level=185};{advance=16;unitId=61352;level=185}>,<{advance=16;unitId=260050;level=185}>,config/portrait/jinglingtouxiang1/img_466_djms@.png,,6,2,,,,,,,battle/scene/bg_xcdg.jpg,config/big_hero/normal/img_466_djms@.png,,225,,,21601,<{key=1;value=1};{key=2;value=2};{key=3;value=6}>,185,645,350,,,,,12,80,12,{100=0;5000=0;20591=0},725,上阵冰、龙、妖精属性的精灵会额外提升10%物攻和特攻,,,,{502=1;850=180;talent_point=1},{502=1;851=80;talent_point=2},,,{x=664;y=868},,<<0;0>>,,,,,,,,,,,,,,,,,,,,,,,,
31502,古代祭坛,,<{advance=16;unitId=62482;level=188};{advance=16;unitId=61172;level=188};{advance=16;unitId=62482;level=188}>,<{advance=16;unitId=260051;level=188}>,config/portrait/jinglingtouxiang1/img_65_hd@.png,,6,2,,,,,,,battle/scene/bg_xcdg.jpg,config/big_hero/normal/img_65_hd@.png,,225,,,21601,<{key=1;value=1};{key=2;value=2};{key=3;value=6}>,188,651,350,,,,,12,80,12,{100=0;5000=0;20591=0},725,上阵草、电、虫属性的精灵会额外提升10%物攻和特攻,,,,{502=1;850=180;talent_point=1},{502=1;851=80;talent_point=2},,,{x=1171;y=591},,<<0;0>>,,,,,,,,,,,,,,,,,,,,,,,,
31503,古代祭坛,,<{advance=16;unitId=63282;level=197};{advance=16;unitId=60793;level=197};{advance=16;unitId=63282;level=197};{advance=16;unitId=60392;level=197};{advance=16;unitId=60392;level=197}>,<{advance=16;unitId=260052;level=197}>,config/portrait/jinglingtouxiang1/img_94_gg@.png,,6,2,,,,,,,battle/scene/bg_xcdg.jpg,config/big_hero/normal/img_94_gg@.png,,225,,,21601,<{key=1;value=1};{key=2;value=2};{key=3;value=6}>,197,657,350,,,,,12,80,12,{100=0;5000=0;20591=0},725,上阵草、电、一般属性的精灵会额外提升10%物攻和特攻,,,,{502=1;850=180;talent_point=1},{502=1;851=80;talent_point=2},,,{x=2153;y=669},,<<0;0>>,,,,,,,,,,,,,,,,,,,,,,,,
31504,古代祭坛,,<{advance=16;unitId=70482;level=200};{advance=16;unitId=70482;level=200};{advance=16;unitId=73292;level=200};{advance=16;unitId=73292;level=200}>,<{advance=16;unitId=260053;level=200}>,config/portrait/jinglingtouxiang1/img_6_phlx@.png,,6,2,,,,,,,battle/scene/bg_xcdg.jpg,config/big_hero/normal/img_6_cjphlx@.png,,225,,,21601,<{key=1;value=1};{key=2;value=2};{key=3;value=6}>,200,667,350,,,,,12,80,12,{100=0;5000=0;20591=0},725,请时刻关注精灵们的闲言碎语,,,,{502=1;850=180;talent_point=1},{502=1;851=80;talent_point=2},,,{x=1869;y=1030},,<<0;0>>,,,,,,,,,,,,,,,,,,,,,,,,
31601,凛冽冻原,,<{advance=17;unitId=60471;level=203};{advance=17;unitId=63291;level=203};{advance=17;unitId=61393;level=203};{advance=17;unitId=60741;level=203};{advance=17;unitId=61252;level=203}>,<{advance=17;unitId=260054;level=203}>,config/portrait/jinglingtouxiang1/img_151_mh@.png,,6,2,,,,,,,battle/scene/bg_xcdg.jpg,config/big_hero/normal/img_151_mh@.png,,226,,,21601,<{key=1;value=1};{key=2;value=2};{key=3;value=7}>,203,673,350,,,,,12,80,12,{100=0;5000=0;20591=0},725,上阵冰、龙、恶属性的精灵会额外提升10%物攻和特攻,,,,{502=1;850=180;talent_point=1},{502=1;851=80;talent_point=2},,,{x=929;y=490},,<<0;0>>,,,,,,,,,,,,,,,,,,,,,,,,
31602,凛冽冻原,,<{advance=17;unitId=61892;level=212};{advance=17;unitId=60003;level=212};{advance=17;unitId=60172;level=212};{advance=17;unitId=60601;level=212};{advance=17;unitId=62011;level=212}>,<{advance=17;unitId=260055;level=212}>,config/portrait/jinglingtouxiang1/img_635_ssel@.png,,6,2,,,,,,,battle/scene/bg_xcdg.jpg,config/big_hero/normal/img_635_ssel@.png,,226,,,21601,<{key=1;value=1};{key=2;value=2};{key=3;value=8}>,212,679,350,,,,,12,80,12,{100=0;5000=0;20591=0},725,上阵毒、地面、火属性的精灵会额外提升10%物攻和特攻,,,,{502=1;850=180;talent_point=1},{502=1;851=80;talent_point=2},,,{x=1481;y=642},,<<0;0>>,,,,,,,,,,,,,,,,,,,,,,,,
31603,凛冽冻原,,<{advance=17;unitId=60464;level=215};{advance=17;unitId=60261;level=215};{advance=17;unitId=62011;level=215};{advance=17;unitId=61903;level=215};{advance=17;unitId=60132;level=215}>,<{advance=17;unitId=260056;level=215}>,config/portrait/jinglingtouxiang1/img_59_fsg@.png,,6,2,,,,,,,battle/scene/bg_xcdg.jpg,config/big_hero/normal/img_59_fsg@.png,,226,,,21601,<{key=1;value=1};{key=2;value=2};{key=3;value=9}>,215,685,350,,,,,12,80,12,{100=0;5000=0;20591=0},725,上阵草、电、冰属性的精灵会额外提升10%物攻和特攻,,,,{502=1;850=180;talent_point=1},{502=1;851=80;talent_point=2},,,{x=2019;y=745},,<<0;0>>,,,,,,,,,,,,,,,,,,,,,,,,
31604,凛冽冻原,,<{advance=17;unitId=70542;level=218};{advance=17;unitId=70052;level=218};{advance=17;unitId=73511;level=218};{advance=17;unitId=260058;level=218};{advance=17;unitId=260059;level=218}>,<{advance=17;unitId=260057;level=218}>,config/portrait/jinglingtouxiang1/img_249_lqy@.png,,6,2,,,,,,,battle/scene/bg_xcdg.jpg,config/big_hero/normal/img_249_lqy@.png,,226,,,21601,<{key=1;value=1};{key=2;value=2};{key=3;value=10}>,218,695,350,,,,,12,80,12,{100=0;5000=0;20591=0},725,请时刻关注精灵们的闲言碎语,,,,{502=1;850=180;talent_point=1},{502=1;851=80;talent_point=2},,,{x=1708;y=301},,<<0;0>>,,,,,,,,,,,,,,,,,,,,,,,,
31701,游乐园,,<{advance=18;unitId=61253;level=227};{advance=18;unitId=60191;level=227};{advance=18;unitId=60791;level=227};{advance=18;unitId=60132;level=227};{advance=18;unitId=60471;level=227}>,<{advance=18;unitId=260060;level=227}>,config/portrait/jinglingtouxiang1/img_671_hjfr@.png,,6,2,,,,,,,battle/scene/bg_xcdg.jpg,config/big_hero/normal/img_671_hjfr@.png,,227,,,21701,<{key=1;value=1};{key=2;value=2};{key=3;value=11}>,227,701,400,,,,,12,80,12,{100=0;5000=0;20591=0},725,上阵格斗、虫、妖精属性的精灵会额外提升10%物攻和特攻,,,,{502=1;850=180;talent_point=1},{502=1;851=80;talent_point=2},,,{x=715;y=642},,<<0;0>>,,,,,,,,,,,,,,,,,,,,,,,,
31702,游乐园,,<{advance=18;unitId=61442;level=230};{advance=18;unitId=61443;level=230};{advance=18;unitId=62631;level=230};{advance=18;unitId=63351;level=230};{advance=18;unitId=60464;level=230}>,<{advance=18;unitId=260061;level=230}>,config/portrait/jinglingtouxiang1/img_658_jhrw@.png,,6,2,,,,,,,battle/scene/bg_xcdg.jpg,config/big_hero/normal/img_658_jhrw@.png,,227,,,21701,<{key=1;value=1};{key=2;value=2};{key=3;value=12}>,230,707,400,,,,,12,80,12,{100=0;5000=0;20591=0},725,上阵地面、岩石、水属性的精灵会额外提升10%物攻和特攻,,,,{502=1;850=180;talent_point=1},{502=1;851=80;talent_point=2},,,{x=1452;y=489},,<<0;0>>,,,,,,,,,,,,,,,,,,,,,,,,
31703,游乐园,,<{advance=18;unitId=60062;level=233};{advance=18;unitId=60131;level=233};{advance=18;unitId=63352;level=233};{advance=18;unitId=60492;level=233};{advance=18;unitId=60741;level=233}>,<{advance=18;unitId=260062;level=233}>,config/portrait/jinglingtouxiang1/img_706_nml@.png,,6,2,,,,,,,battle/scene/bg_xcdg.jpg,config/big_hero/normal/img_706_nml@.png,,227,,,21701,<{key=1;value=1};{key=2;value=2};{key=3;value=13}>,233,713,400,,,,,12,80,12,{100=0;5000=0;20591=0},725,上阵冰、龙、妖精属性的精灵会额外提升10%物攻和特攻,,,,{502=1;850=180;talent_point=1},{502=1;851=80;talent_point=2},,,{x=1783;y=793},,<<0;0>>,,,,,,,,,,,,,,,,,,,,,,,,
31704,游乐园,,<{advance=18;unitId=70171;level=242};{advance=18;unitId=70301;level=242};{advance=18;unitId=70012;level=242};{advance=18;unitId=260064;level=242};{advance=18;unitId=260065;level=242}>,<{advance=18;unitId=260063;level=242}>,config/portrait/jinglingtouxiang1/img_373_bfl@.png,,6,2,,,,,,,battle/scene/bg_xcdg.jpg,config/big_hero/normal/img_373_bfl@.png,,227,,,21701,<{key=1;value=1};{key=2;value=2};{key=3;value=14}>,242,723,400,,,,,12,80,12,{100=0;5000=0;20591=0},725,请时刻关注精灵们的闲言碎语,,,,{502=1;850=180;talent_point=1},{502=1;851=80;talent_point=2},,,{x=1390;y=1089},,<<0;0>>,,,,,,,,,,,,,,,,,,,,,,,,
31801,饲育家学校,,<{advance=19;unitId=53561;level=245};{advance=19;unitId=60761;level=245};{advance=19;unitId=51392;level=245};{advance=19;unitId=61313;level=245};{advance=19;unitId=60541;level=245}>,<{advance=19;unitId=260066;level=245}>,config/portrait/jinglingtouxiang1/img_212_jqtl@.png,,6,2,,,,,,,battle/scene/bg_xcdg.jpg,config/big_hero/normal/img_212_jqtl@.png,,228,,,21801,<{key=1;value=1};{key=2;value=2};{key=3;value=14}>,251,729,400,,,,,12,80,12,{100=0;5000=0;20011=0},725,上阵冰、龙、恶属性的精灵会额外提升10%物攻和特攻,,,,{502=1;850=180;talent_point=1},{502=1;851=80;talent_point=2},,,{x=1822;y=246},,<<0;0>>,,,,,,,,,,,,,,,,,,,,,,,,
31802,饲育家学校,,<{advance=19;unitId=63631;level=248};{advance=19;unitId=60464;level=248};{advance=19;unitId=60592;level=248};{advance=19;unitId=60231;level=248};{advance=19;unitId=63281;level=248}>,<{advance=19;unitId=260067;level=248}>,config/portrait/jinglingtouxiang1/img_248_bjls@.png,,6,2,,,,,,,battle/scene/bg_xcdg.jpg,config/big_hero/normal/img_248_bjls@.png,,228,,,21801,<{key=1;value=1};{key=2;value=2};{key=3;value=14}>,254,735,400,,,,,12,80,12,{100=0;5000=0;20591=0},725,上阵毒、地面、火属性的精灵会额外提升10%物攻和特攻,,,,{502=1;850=180;talent_point=1},{502=1;851=80;talent_point=2},,,{x=1551;y=519},,<<0;0>>,,,,,,,,,,,,,,,,,,,,,,,,
31803,饲育家学校,,<{advance=19;unitId=60273;level=257};{advance=19;unitId=62821;level=257};{advance=19;unitId=60301;level=257};{advance=19;unitId=61901;level=257};{advance=19;unitId=61442;level=257}>,<{advance=19;unitId=260068;level=257}>,config/portrait/jinglingtouxiang1/img_475_alld@.png,,6,2,,,,,,,battle/scene/bg_xcdg.jpg,config/big_hero/normal/img_475_alld@.png,,228,,,21801,<{key=1;value=1};{key=2;value=2};{key=3;value=14}>,258,741,400,,,,,12,80,12,{100=0;5000=0;20051=0},725,上阵草、电、冰属性的精灵会额外提升10%物攻和特攻,,,,{502=1;850=180;talent_point=1},{502=1;851=80;talent_point=2},,,{x=1733;y=960},,<<0;0>>,,,,,,,,,,,,,,,,,,,,,,,,
31804,饲育家学校,,<{advance=19;unitId=60753;level=260};{advance=19;unitId=60101;level=260};{advance=19;unitId=61503;level=260};{advance=19;unitId=60043;level=260};{advance=19;unitId=60002;level=260}>,<{advance=19;unitId=260069;level=260}>,config/portrait/jinglingtouxiang1/img_461_mnl@.png,,6,2,,,,,,,battle/scene/bg_xcdg.jpg,config/big_hero/normal/img_461_mnl@.png,,228,,,21801,<{key=1;value=1};{key=2;value=2};{key=3;value=14}>,261,747,400,,,,,12,80,12,{100=0;5000=0;20881=0},725,上阵冰、龙、妖精属性的精灵会额外提升10%物攻和特攻,,,,{502=1;850=180;talent_point=1},{502=1;851=80;talent_point=2},,,{x=1060;y=762},,<<0;0>>,,,,,,,,,,,,,,,,,,,,,,,,
31805,饲育家学校,,<{advance=19;unitId=70021;level=263};{advance=19;unitId=70482;level=263};{advance=19;unitId=72873;level=263};{advance=19;unitId=71901;level=263};{advance=19;unitId=70372;level=263}>,<{advance=19;unitId=260070;level=263}>,config/portrait/jinglingtouxiang1/img_384_lkz@.png,,6,2,,,,,,,battle/scene/bg_xcdg.jpg,config/big_hero/normal/img_384_lkz@.png,,228,,,21801,<{key=1;value=1};{key=2;value=2};{key=3;value=14}>,264,757,400,,,,,12,80,12,{100=0;5000=0;20391=0},725,请时刻关注精灵们的闲言碎语,,,,{502=1;850=180;talent_point=1},{502=1;851=80;talent_point=2},,,{x=680;y=1051},,<<0;0>>,,,,,,,,,,,,,,,,,,,,,,,,
31901,马戏团,,<{advance=20;unitId=60463;level=272};{advance=20;unitId=60482;level=272};{advance=20;unitId=63353;level=272};{advance=20;unitId=61393;level=272};{advance=20;unitId=61841;level=272}>,<{advance=20;unitId=260071;level=272}>,config/portrait/jinglingtouxiang1/img_376_jjg@.png,,6,2,,,,,,,battle/scene/bg_xcdg.jpg,config/big_hero/normal/img_376_jjg@.png,,229,,,21901,<{key=1;value=1};{key=2;value=2};{key=3;value=14}>,273,763,400,,,,,12,80,12,{100=0;5000=0;20021=0},725,上阵冰、龙、恶属性的精灵会额外提升10%物攻和特攻,,,,{502=1;850=180;talent_point=1},{502=1;851=80;talent_point=2},,,{x=2071;y=747},,<<0;0>>,,,,,,,,,,,,,,,,,,,,,,,,
31902,马戏团,,<{advance=20;unitId=62682;level=275};{advance=20;unitId=60541;level=275};{advance=20;unitId=61253;level=275};{advance=20;unitId=61903;level=275};{advance=20;unitId=60492;level=275}>,<{advance=20;unitId=260072;level=275}>,config/portrait/jinglingtouxiang1/img_635_ssel@.png,,6,2,,,,,,,battle/scene/bg_xcdg.jpg,config/big_hero/normal/img_635_ssel@.png,,229,,,21901,<{key=1;value=1};{key=2;value=2};{key=3;value=14}>,276,769,400,,,,,12,80,12,{100=0;5000=0;20571=0},725,上阵毒、地面、火属性的精灵会额外提升10%物攻和特攻,,,,{502=1;850=180;talent_point=1},{502=1;851=80;talent_point=2},,,{x=1417;y=349},,<<0;0>>,,,,,,,,,,,,,,,,,,,,,,,,
31903,马戏团,,<{advance=20;unitId=63341;level=278};{advance=20;unitId=61391;level=278};{advance=20;unitId=61251;level=278};{advance=20;unitId=61271;level=278};{advance=20;unitId=60122;level=278}>,<{advance=20;unitId=260073;level=278}>,config/portrait/jinglingtouxiang1/img_151_mh@.png,,6,2,,,,,,,battle/scene/bg_xcdg.jpg,config/big_hero/normal/img_151_mh@.png,,229,,,21901,<{key=1;value=1};{key=2;value=2};{key=3;value=14}>,279,775,400,,,,,12,80,12,{100=0;5000=0;20271=0},725,上阵草、电、冰属性的精灵会额外提升10%物攻和特攻,,,,{502=1;850=180;talent_point=1},{502=1;851=80;talent_point=2},,,{x=625;y=549},,<<0;0>>,,,,,,,,,,,,,,,,,,,,,,,,
31904,马戏团,,<{advance=20;unitId=60091;level=287};{advance=20;unitId=60051;level=287};{advance=20;unitId=61221;level=287};{advance=20;unitId=63561;level=287}>,<{advance=20;unitId=260074;level=287}>,config/portrait/jinglingtouxiang1/img_94_gg@.png,,6,2,,,,,,,battle/scene/bg_xcdg.jpg,config/big_hero/normal/img_94_gg@.png,,229,,,21901,<{key=1;value=1};{key=2;value=2};{key=3;value=14}>,282,781,400,,,,,12,80,12,{100=0;5000=0;20281=0},725,上阵冰、龙、妖精属性的精灵会额外提升10%物攻和特攻,,,,{502=1;850=180;talent_point=1},{502=1;851=80;talent_point=2},,,{x=971;y=942},,<<0;0>>,,,,,,,,,,,,,,,,,,,,,,,,
31905,马戏团,,<{advance=20;unitId=71394;level=290};{advance=20;unitId=71423;level=290};{advance=20;unitId=70463;level=290};{advance=20;unitId=181971;level=290};{advance=20;unitId=180753;level=290}>,<{advance=20;unitId=260075;level=290}>,config/portrait/jinglingtouxiang1/img_150_cm@.png,,6,2,,,,,,,battle/scene/bg_xcdg.jpg,config/big_hero/normal/img_150_cm@.png,,229,,,21901,<{key=1;value=1};{key=2;value=2};{key=3;value=14}>,285,791,400,,,,,12,80,12,{100=0;5000=0;20601=0},725,请时刻关注精灵们的闲言碎语,,,,{502=1;850=180;talent_point=1},{502=1;851=80;talent_point=2},,,{x=1302;y=1066},,<<0;0>>,,,,,,,,,,,,,,,,,,,,,,,,
32001,暗影山,,<{advance=21;unitId=60372;level=293};{advance=21;unitId=63281;level=293};{advance=21;unitId=60113;level=293};{advance=21;unitId=60593;level=293};{advance=21;unitId=60002;level=293}>,<{advance=21;unitId=70753;level=293}>,config/portrait/jinglingtouxiang1/img_149_kl@.png,,6,2,,,,,,,battle/scene/bg_xcdg.jpg,config/big_hero/normal/img_149_kl@.png,,230,,,22001,<{key=1;value=1};{key=2;value=2};{key=3;value=14}>,293,801,400,,,,,12,80,12,{100=0;5000=0;20021=0},725,上阵冰、龙、恶属性的精灵会额外提升10%物攻和特攻,,,,{502=1;850=180;talent_point=1},{502=1;851=80;talent_point=2},,,{x=1365;y=267},,<<0;0>>,,,,,,,,,,,,,,,,,,,,,,,,
32002,暗影山,,<{advance=21;unitId=61423;level=302};{advance=21;unitId=60392;level=302};{advance=21;unitId=61891;level=302};{advance=21;unitId=61293;level=302};{advance=21;unitId=60172;level=302}>,<{advance=21;unitId=71921;level=302}>,config/portrait/jinglingtouxiang1/img_378_ljas@.png,,6,2,,,,,,,battle/scene/bg_xcdg.jpg,config/big_hero/normal/img_378_ljas@.png,,230,,,22001,<{key=1;value=1};{key=2;value=2};{key=3;value=14}>,302,811,400,,,,,12,80,12,{100=0;5000=0;20571=0},725,上阵毒、地面、火属性的精灵会额外提升10%物攻和特攻,,,,{502=1;850=180;talent_point=1},{502=1;851=80;talent_point=2},,,{x=661;y=426},,<<0;0>>,,,,,,,,,,,,,,,,,,,,,,,,
32003,暗影山,,<{advance=21;unitId=60802;level=305};{advance=21;unitId=62241;level=305};{advance=21;unitId=60792;level=305};{advance=21;unitId=62271;level=305};{advance=21;unitId=60793;level=305}>,<{advance=21;unitId=72993;level=305}>,config/portrait/jinglingtouxiang1/img_609_sjdhl@.png,,6,2,,,,,,,battle/scene/bg_xcdg.jpg,config/big_hero/normal/img_609_sjdhl@.png,,230,,,22001,<{key=1;value=1};{key=2;value=2};{key=3;value=14}>,305,821,400,,,,,12,80,12,{100=0;5000=0;20271=0},725,上阵草、电、冰属性的精灵会额外提升10%物攻和特攻,,,,{502=1;850=180;talent_point=1},{502=1;851=80;talent_point=2},,,{x=999;y=859},,<<0;0>>,,,,,,,,,,,,,,,,,,,,,,,,
32004,暗影山,,<{advance=21;unitId=60013;level=308};{advance=21;unitId=60781;level=308};{advance=21;unitId=63543;level=308};{advance=21;unitId=61503;level=308};{advance=21;unitId=62871;level=308}>,<{advance=21;unitId=71271;level=308}>,config/portrait/jinglingtouxiang1/img_250_fw@.png,,6,2,,,,,,,battle/scene/bg_xcdg.jpg,config/big_hero/normal/img_250_fw@.png,,230,,,22001,<{key=1;value=1};{key=2;value=2};{key=3;value=14}>,308,831,400,,,,,12,80,12,{100=0;5000=0;20281=0},725,上阵冰、龙、妖精属性的精灵会额外提升10%物攻和特攻,,,,{502=1;850=180;talent_point=1},{502=1;851=80;talent_point=2},,,{x=1713;y=462},,<<0;0>>,,,,,,,,,,,,,,,,,,,,,,,,
32005,暗影山,,<{advance=21;unitId=70352;level=317};{advance=21;unitId=70753;level=317};{advance=21;unitId=70371;level=317};{advance=21;unitId=260077;level=317};{advance=21;unitId=181394;level=317}>,<{advance=21;unitId=260076;level=317}>,config/portrait/jinglingtouxiang1/img_249_lqy@.png,,6,2,,,,,,,battle/scene/bg_xcdg.jpg,config/big_hero/normal/img_249_lqy@.png,,230,,,22001,<{key=1;value=1};{key=2;value=2};{key=3;value=14}>,317,841,400,,,,,12,80,12,{100=0;5000=0;20601=0},725,请时刻关注精灵们的闲言碎语,,,,{502=1;850=180;talent_point=1},{502=1;851=80;talent_point=2},,,{x=1461;y=985},,<<0;0>>,,,,,,,,,,,,,,,,,,,,,,,,
32101,香薰市,,<{advance=22;unitId=62611;level=320};{advance=22;unitId=61391;level=320};{advance=22;unitId=63502;level=320};{advance=22;unitId=60452;level=320};{advance=22;unitId=62891;level=320}>,<{advance=22;unitId=73143;level=320}>,config/portrait/jinglingtouxiang1/img_635_ssel@.png,,6,2,,,,,,,battle/scene/bg_xcdg.jpg,config/big_hero/normal/img_635_ssel@.png,,231,,,22101,<{key=1;value=1};{key=2;value=2};{key=3;value=14}>,320,851,400,,,,,12,80,12,{100=0;5000=0;20021=0},725,,,,,{502=1;850=180;talent_point=1},{502=1;851=80;talent_point=2},,,{x=463;y=397},,<<0;0>>,,,,,,,,,,,,,,,,,,,,,,,,
32102,香薰市,,<{advance=22;unitId=60171;level=329};{advance=22;unitId=60301;level=329};{advance=22;unitId=60012;level=329};{advance=22;unitId=61903;level=329};{advance=22;unitId=60492;level=329}>,<{advance=22;unitId=71893;level=329}>,config/portrait/jinglingtouxiang1/img_373_bfl@.png,,6,2,,,,,,,battle/scene/bg_xcdg.jpg,config/big_hero/normal/img_373_bfl@.png,,231,,,22101,<{key=1;value=1};{key=2;value=2};{key=3;value=14}>,329,861,400,,,,,12,80,12,{100=0;5000=0;20571=0},725,,,,,{502=1;850=180;talent_point=1},{502=1;851=80;talent_point=2},,,{x=752;y=653},,<<0;0>>,,,,,,,,,,,,,,,,,,,,,,,,
32103,香薰市,,<{advance=22;unitId=60881;level=332};{advance=22;unitId=60131;level=332};{advance=22;unitId=60593;level=332};{advance=22;unitId=60551;level=332};{advance=22;unitId=62241;level=332}>,<{advance=22;unitId=70593;level=332}>,config/portrait/jinglingtouxiang1/img_466_djms@.png,,6,2,,,,,,,battle/scene/bg_xcdg.jpg,config/big_hero/normal/img_466_djms@.png,,231,,,22101,<{key=1;value=1};{key=2;value=2};{key=3;value=14}>,332,871,400,,,,,12,80,12,{100=0;5000=0;20271=0},725,,,,,{502=1;850=180;talent_point=1},{502=1;851=80;talent_point=2},,,{x=1567;y=348},,<<0;0>>,,,,,,,,,,,,,,,,,,,,,,,,
32104,香薰市,,<{advance=22;unitId=60601;level=335};{advance=22;unitId=60262;level=335};{advance=22;unitId=60592;level=335};{advance=22;unitId=63003;level=335};{advance=22;unitId=62483;level=335}>,<{advance=22;unitId=70753;level=335}>,config/portrait/jinglingtouxiang1/img_149_kl@.png,,6,2,,,,,,,battle/scene/bg_xcdg.jpg,config/big_hero/normal/img_149_kl@.png,,231,,,22101,<{key=1;value=1};{key=2;value=2};{key=3;value=14}>,335,881,400,,,,,12,80,12,{100=0;5000=0;20281=0},725,,,,,{502=1;850=180;talent_point=1},{502=1;851=80;talent_point=2},,,{x=1489;y=991},,<<0;0>>,,,,,,,,,,,,,,,,,,,,,,,,
32105,香薰市,,<{advance=22;unitId=70263;level=344};{advance=22;unitId=260079;level=344};{advance=22;unitId=70721;level=344};{advance=22;unitId=183021;level=344};{advance=22;unitId=180771;level=344}>,<{advance=22;unitId=260078;level=344}>,config/portrait/jinglingtouxiang1/img_445_lyls@.png,,6,2,,,,,,,battle/scene/bg_xcdg.jpg,config/big_hero/normal/img_445_lyls@.png,,231,,,22101,<{key=1;value=1};{key=2;value=2};{key=3;value=14}>,344,891,400,,,,,12,80,12,{100=0;5000=0;20601=0},725,请时刻关注精灵们的闲言碎语,,,,{502=1;850=180;talent_point=1},{502=1;851=80;talent_point=2},,,{x=1278;y=743},,<<0;0>>,,,,,,,,,,,,,,,,,,,,,,,,
32201,枯叶市,,<{advance=23;unitId=61422;level=347};{advance=23;unitId=60001;level=347};{advance=23;unitId=60392;level=347};{advance=23;unitId=60071;level=347};{advance=23;unitId=60482;level=347}>,<{advance=23;unitId=73003;level=347}>,config/portrait/jinglingtouxiang1/img_612_sfzl@.png,,6,2,,,,,,,battle/scene/bg_xcdg.jpg,config/big_hero/normal/img_612_sfzl@.png,,232,,,22201,<{key=1;value=1};{key=2;value=2};{key=3;value=14}>,347,901,400,,,,,12,80,12,{100=0;5000=0;20021=0},725,,,,,{502=1;850=180;talent_point=1},{502=1;851=80;talent_point=2},,,{x=1600;y=240},,<<0;0>>,,,,,,,,,,,,,,,,,,,,,,,,
32202,枯叶市,,<{advance=23;unitId=60592;level=356};{advance=23;unitId=60053;level=356};{advance=23;unitId=60002;level=356};{advance=23;unitId=60603;level=356};{advance=23;unitId=60603;level=356}>,<{advance=23;unitId=71303;level=356}>,config/portrait/jinglingtouxiang1/img_257_hyj@.png,,6,2,,,,,,,battle/scene/bg_xcdg.jpg,config/big_hero/normal/img_257_hyj@.png,,232,,,22201,<{key=1;value=1};{key=2;value=2};{key=3;value=14}>,356,911,400,,,,,12,80,12,{100=0;5000=0;20571=0},725,,,,,{502=1;850=180;talent_point=1},{502=1;851=80;talent_point=2},,,{x=790;y=574},,<<0;0>>,,,,,,,,,,,,,,,,,,,,,,,,
32203,枯叶市,,<{advance=23;unitId=61902;level=359};{advance=23;unitId=62482;level=359};{advance=23;unitId=60592;level=359};{advance=23;unitId=63472;level=359};{advance=23;unitId=60492;level=359}>,<{advance=23;unitId=77001;level=359}>,config/portrait/jinglingtouxiang1/img_25_xzpkq@.png,,6,2,,,,,,,battle/scene/bg_xcdg.jpg,config/big_hero/normal/img_25_xzpkq@.png,,232,,,22201,<{key=1;value=1};{key=2;value=2};{key=3;value=14}>,359,921,400,,,,,12,80,12,{100=0;5000=0;20271=0},725,,,,,{502=1;850=180;talent_point=1},{502=1;851=80;talent_point=2},,,{x=1736;y=718},,<<0;0>>,,,,,,,,,,,,,,,,,,,,,,,,
32204,枯叶市,,<{advance=23;unitId=60091;level=362};{advance=23;unitId=60482;level=362};{advance=23;unitId=61253;level=362};{advance=23;unitId=60113;level=362};{advance=23;unitId=60002;level=362}>,<{advance=23;unitId=71971;level=362}>,config/portrait/jinglingtouxiang1/img_383_gld@.png,,6,2,,,,,,,battle/scene/bg_xcdg.jpg,config/big_hero/normal/img_383_gld@.png,,232,,,22201,<{key=1;value=1};{key=2;value=2};{key=3;value=14}>,362,931,400,,,,,12,80,12,{100=0;5000=0;20281=0},725,,,,,{502=1;850=180;talent_point=1},{502=1;851=80;talent_point=2},,,{x=1260;y=944},,<<0;0>>,,,,,,,,,,,,,,,,,,,,,,,,
32205,枯叶市,,<{advance=23;unitId=260081;level=371};{advance=23;unitId=260082;level=371};{advance=23;unitId=260083;level=371};{advance=23;unitId=260084;level=371};{advance=23;unitId=260085;level=371}>,<{advance=23;unitId=260080;level=371}>,config/portrait/jinglingtouxiang1/img_95_dysl@.png,,6,2,,,,,,,battle/scene/bg_xcdg.jpg,config/big_hero/normal/img_95_dysl@.png,,232,,,22201,<{key=1;value=1};{key=2;value=2};{key=3;value=14}>,371,941,400,,,,,12,80,12,{100=0;5000=0;20601=0},725,请时刻关注精灵们的闲言碎语,,,,{502=1;850=180;talent_point=1},{502=1;851=80;talent_point=2},,,{x=576;y=898},,<<0;0>>,,,,,,,,,,,,,,,,,,,,,,,,
32301,神和镇,,<{advance=24;unitId=63291;level=374};{advance=24;unitId=60491;level=374};{advance=24;unitId=60392;level=374};{advance=24;unitId=63351;level=374};{advance=24;unitId=60471;level=374}>,<{advance=24;unitId=73251;level=374}>,config/portrait/jinglingtouxiang1/img_647_kldo@.png,,6,2,,,,,,,battle/scene/bg_xcdg.jpg,config/big_hero/normal/img_647_kldo@.png,,233,,,22301,<{key=1;value=1};{key=2;value=2};{key=3;value=14}>,374,951,400,,,,,12,80,12,{100=0;5000=0;20601=0},725,,,,,{502=1;850=180;talent_point=1},{502=1;851=80;talent_point=2},,,{x=294;y=466},,<<0;0>>,,,,,,,,,,,,,,,,,,,,,,,,
32302,神和镇,,<{advance=24;unitId=62821;level=383};{advance=24;unitId=61292;level=383};{advance=24;unitId=60551;level=383};{advance=24;unitId=60692;level=383};{advance=24;unitId=60464;level=383}>,<{advance=24;unitId=73161;level=383}>,config/portrait/jinglingtouxiang1/img_638_gplw@.png,,6,2,,,,,,,battle/scene/bg_xcdg.jpg,config/big_hero/normal/img_638_gplw@.png,,233,,,22301,<{key=1;value=1};{key=2;value=2};{key=3;value=14}>,383,961,400,,,,,12,80,12,{100=0;5000=0;20601=0},725,,,,,{502=1;850=180;talent_point=1},{502=1;851=80;talent_point=2},,,{x=682;y=872},,<<0;0>>,,,,,,,,,,,,,,,,,,,,,,,,
32303,神和镇,,<{advance=24;unitId=60113;level=386};{advance=24;unitId=62232;level=386};{advance=24;unitId=62271;level=386};{advance=24;unitId=60133;level=386};{advance=24;unitId=60741;level=386}>,<{advance=24;unitId=71772;level=386}>,config/portrait/jinglingtouxiang1/img_350_mns@.png,,6,2,,,,,,,battle/scene/bg_xcdg.jpg,config/big_hero/normal/img_350_mns@.png,,233,,,22301,<{key=1;value=1};{key=2;value=2};{key=3;value=14}>,386,971,400,,,,,12,80,12,{100=0;5000=0;20601=0},725,,,,,{502=1;850=180;talent_point=1},{502=1;851=80;talent_point=2},,,{x=1180;y=1092},,<<0;0>>,,,,,,,,,,,,,,,,,,,,,,,,
32304,神和镇,,<{advance=24;unitId=63502;level=389};{advance=24;unitId=60102;level=389};{advance=24;unitId=63541;level=389};{advance=24;unitId=61612;level=389};{advance=24;unitId=60491;level=389}>,<{advance=24;unitId=77001;level=389}>,config/portrait/jinglingtouxiang1/img_25_xzpkq@.png,,6,2,,,,,,,battle/scene/bg_xcdg.jpg,config/big_hero/normal/img_25_xzpkq@.png,,233,,,22301,<{key=1;value=1};{key=2;value=2};{key=3;value=14}>,389,981,400,,,,,12,80,12,{100=0;5000=0;20601=0},725,,,,,{502=1;850=180;talent_point=1},{502=1;851=80;talent_point=2},,,{x=1320;y=510},,<<0;0>>,,,,,,,,,,,,,,,,,,,,,,,,
32305,神和镇,,<{advance=24;unitId=260086;level=398};{advance=24;unitId=260087;level=398};{advance=24;unitId=260088;level=398};{advance=24;unitId=260090;level=398};{advance=24;unitId=260091;level=398}>,<{advance=24;unitId=260089;level=398}>,config/portrait/jinglingtouxiang1/img_649_gnskt@.png,,6,2,,,,,,,battle/scene/bg_xcdg.jpg,config/big_hero/normal/img_649_gnskt@.png,,233,,,22301,<{key=1;value=1};{key=2;value=2};{key=3;value=14}>,398,991,400,,,,,12,80,12,{100=0;5000=0;20601=0},725,请时刻关注精灵们的闲言碎语,,,,{502=1;850=180;talent_point=1},{502=1;851=80;talent_point=2},,,{x=1684;y=932},,<<0;0>>,,,,,,,,,,,,,,,,,,,,,,,,
32401,迷失山林,,<{advance=25;unitId=62611;level=401};{advance=25;unitId=61391;level=401};{advance=25;unitId=63502;level=401};{advance=25;unitId=60011;level=401};{advance=25;unitId=60302;level=401}>,<{advance=25;unitId=70382;level=401}>,config/portrait/jinglingtouxiang1/img_91_cjb@.png,,6,2,,,,,,,battle/scene/bg_xcdg.jpg,config/big_hero/normal/img_91_cjb@.png,,234,,,22401,<{key=1;value=1};{key=2;value=2};{key=3;value=14}>,401,1001,400,,,,,12,80,12,,725,,,,,{502=1;850=180;talent_point=1},{502=1;851=80;talent_point=2},,,{x=1437;y=1046},,<<0;0>>,,,,,,,,,,,,,,,,,,,,,,,,
32402,迷失山林,,<{advance=25;unitId=60372;level=410};{advance=25;unitId=63281;level=410};{advance=25;unitId=60113;level=410};{advance=25;unitId=60593;level=410};{advance=25;unitId=60002;level=410}>,<{advance=25;unitId=70503;level=410}>,config/portrait/jinglingtouxiang1/img_242_xfd@.png,,6,2,,,,,,,battle/scene/bg_xcdg.jpg,config/big_hero/normal/img_242_xfd@.png,,234,,,22401,<{key=1;value=1};{key=2;value=2};{key=3;value=14}>,410,1011,400,,,,,12,80,12,,725,,,,,{502=1;850=180;talent_point=1},{502=1;851=80;talent_point=2},,,{x=2101;y=819},,<<0;0>>,,,,,,,,,,,,,,,,,,,,,,,,
32403,迷失山林,,<{advance=25;unitId=60751;level=413};{advance=25;unitId=60392;level=413};{advance=25;unitId=61891;level=413};{advance=25;unitId=61293;level=413};{advance=25;unitId=60172;level=413}>,<{advance=25;unitId=73181;level=413}>,config/portrait/jinglingtouxiang1/img_640_bljw@.png,,6,2,,,,,,,battle/scene/bg_xcdg.jpg,config/big_hero/normal/img_640_bljw@.png,,234,,,22401,<{key=1;value=1};{key=2;value=2};{key=3;value=14}>,413,1021,400,,,,,12,80,12,,725,,,,,{502=1;850=180;talent_point=1},{502=1;851=80;talent_point=2},,,{x=1480;y=623},,<<0;0>>,,,,,,,,,,,,,,,,,,,,,,,,
32404,迷失山林,,<{advance=25;unitId=60892;level=416};{advance=25;unitId=61902;level=416};{advance=25;unitId=60371;level=416};{advance=25;unitId=60282;level=416};{advance=25;unitId=60801;level=416}>,<{advance=25;unitId=73171;level=416}>,config/portrait/jinglingtouxiang1/img_639_dljw@.png,,6,2,,,,,,,battle/scene/bg_xcdg.jpg,config/big_hero/normal/img_639_dljw@.png,,234,,,22401,<{key=1;value=1};{key=2;value=2};{key=3;value=14}>,416,1031,400,,,,,12,80,12,,725,,,,,{502=1;850=180;talent_point=1},{502=1;851=80;talent_point=2},,,{x=544;y=492},,<<0;0>>,,,,,,,,,,,,,,,,,,,,,,,,
32405,迷失山林,,<{advance=25;unitId=260092;level=425};{advance=25;unitId=260093;level=425};{advance=25;unitId=260094;level=425};{advance=25;unitId=260095;level=425};{advance=25;unitId=260097;level=425}>,<{advance=25;unitId=260096;level=425}>,config/portrait/jinglingtouxiang1/img_642_ldy@.png,,6,2,,,,,,,battle/scene/bg_xcdg.jpg,config/big_hero/normal/img_642_ldy@.png,,234,,,22401,<{key=1;value=1};{key=2;value=2};{key=3;value=14}>,425,1041,400,,,,,12,80,12,,725,请时刻关注精灵们的闲言碎语,,,,{502=1;850=180;talent_point=1},{502=1;851=80;talent_point=2},,,{x=904;y=1111},,<<0;0>>,,,,,,,,,,,,,,,,,,,,,,,,
32501,风絮镇,,<{advance=26;unitId=62011;level=428};{advance=26;unitId=61903;level=428};{advance=26;unitId=63351;level=428};{advance=26;unitId=60132;level=428};{advance=26;unitId=60033;level=428}>,<{advance=26;unitId=70701;level=428}>,config/portrait/jinglingtouxiang1/img_142_hsyl@.png,,6,2,,,,,,,battle/scene/bg_xcdg.jpg,config/big_hero/normal/img_142_hsyl@.png,,235,,,22501,<{key=1;value=1};{key=2;value=2};{key=3;value=14}>,428,1051,400,,,,,12,80,12,,725,,,,,{502=1;850=180;talent_point=1},{502=1;851=80;talent_point=2},,,{x=1490;y=250},,<<0;0>>,,,,,,,,,,,,,,,,,,,,,,,,
32502,风絮镇,,<{advance=26;unitId=63511;level=437};{advance=26;unitId=60031;level=437};{advance=26;unitId=60692;level=437};{advance=26;unitId=60801;level=437};{advance=26;unitId=60391;level=437}>,<{advance=26;unitId=72023;level=437}>,config/portrait/jinglingtouxiang1/img_392_lyh@.png,,6,2,,,,,,,battle/scene/bg_xcdg.jpg,config/big_hero/normal/img_392_lyh@.png,,235,,,22501,<{key=1;value=1};{key=2;value=2};{key=3;value=14}>,437,1061,400,,,,,12,80,12,,725,,,,,{502=1;850=180;talent_point=1},{502=1;851=80;talent_point=2},,,{x=714;y=584},,<<0;0>>,,,,,,,,,,,,,,,,,,,,,,,,
32503,风絮镇,,<{advance=26;unitId=60791;level=440};{advance=26;unitId=60132;level=440};{advance=26;unitId=60133;level=440};{advance=26;unitId=60471;level=440};{advance=26;unitId=60782;level=440}>,<{advance=26;unitId=70972;level=440}>,config/portrait/jinglingtouxiang1/img_429_mym@.png,,6,2,,,,,,,battle/scene/bg_xcdg.jpg,config/big_hero/normal/img_429_mym@.png,,235,,,22501,<{key=1;value=1};{key=2;value=2};{key=3;value=14}>,440,1071,400,,,,,12,80,12,,725,,,,,{502=1;850=180;talent_point=1},{502=1;851=80;talent_point=2},,,{x=1904;y=832},,<<0;0>>,,,,,,,,,,,,,,,,,,,,,,,,
32504,风絮镇,,<{advance=26;unitId=62631;level=443};{advance=26;unitId=63351;level=443};{advance=26;unitId=61612;level=443};{advance=26;unitId=60464;level=443};{advance=26;unitId=60791;level=443}>,<{advance=26;unitId=74161;level=443}>,config/portrait/jinglingtouxiang1/img_807_jlal@.png,,6,2,,,,,,,battle/scene/bg_xcdg.jpg,config/big_hero/normal/img_807_jlal@.png,,235,,,22501,<{key=1;value=1};{key=2;value=2};{key=3;value=14}>,443,1081,400,,,,,12,80,12,,725,,,,,{502=1;850=180;talent_point=1},{502=1;851=80;talent_point=2},,,{x=1188;y=674},,<<0;0>>,,,,,,,,,,,,,,,,,,,,,,,,
32505,风絮镇,,<{advance=26;unitId=260098;level=452};{advance=26;unitId=260099;level=452};{advance=26;unitId=260100;level=452};{advance=26;unitId=260101;level=452};{advance=26;unitId=260103;level=452}>,<{advance=26;unitId=260102;level=452}>,config/portrait/jinglingtouxiang1/img_242_xfd@.png,,6,2,,,,,,,battle/scene/bg_xcdg.jpg,config/big_hero/normal/img_242_xfd@.png,,235,,,22501,<{key=1;value=1};{key=2;value=2};{key=3;value=14}>,452,1091,400,,,,,12,80,12,,725,请时刻关注精灵们的闲言碎语,,,,{502=1;850=180;talent_point=1},{502=1;851=80;talent_point=2},,,{x=1242;y=982},,<<0;0>>,,,,,,,,,,,,,,,,,,,,,,,,
32601,密阿雷市,,<{advance=27;unitId=72682;level=455};{advance=27;unitId=72493;level=455};{advance=27;unitId=72473;level=455};{advance=27;unitId=73841;level=455};{advance=27;unitId=73842;level=455}>,<{advance=27;unitId=73843;level=455}>,config/portrait/jinglingtouxiang1/img_763_tlmh@.png,,6,2,,,,,,,battle/scene/bg_xcdg.jpg,config/big_hero/normal/img_763_tlmh@.png,,236,,,22601,<{key=1;value=1};{key=2;value=2};{key=3;value=14}>,455,1101,400,,,,,12,80,12,,725,,,,,{502=1;850=180;talent_point=1},{502=1;851=80;talent_point=2},,,{x=1540;y=280},,<<0;0>>,,,,,,,,,,,,,,,,,,,,,,,,
32602,密阿雷市,,<{advance=27;unitId=73631;level=464};{advance=27;unitId=73772;level=464};{advance=27;unitId=74161;level=464};{advance=27;unitId=73562;level=464};{advance=27;unitId=73412;level=464}>,<{advance=27;unitId=73663;level=464}>,config/portrait/jinglingtouxiang1/img_724_jssx@.png,,6,2,,,,,,,battle/scene/bg_xcdg.jpg,config/big_hero/normal/img_724_jssx@.png,,236,,,22601,<{key=1;value=1};{key=2;value=2};{key=3;value=14}>,464,1111,400,,,,,12,80,12,,725,,,,,{502=1;850=180;talent_point=1},{502=1;851=80;talent_point=2},,,{x=560;y=504},,<<0;0>>,,,,,,,,,,,,,,,,,,,,,,,,
32603,密阿雷市,,<{advance=27;unitId=73161;level=467};{advance=27;unitId=73171;level=467};{advance=27;unitId=73181;level=467};{advance=27;unitId=72244;level=467};{advance=27;unitId=72023;level=467}>,<{advance=27;unitId=73251;level=467}>,config/portrait/jinglingtouxiang1/img_647_kldo@.png,,6,2,,,,,,,battle/scene/bg_xcdg.jpg,config/big_hero/normal/img_647_kldo@.png,,236,,,22601,<{key=1;value=1};{key=2;value=2};{key=3;value=14}>,467,1121,400,,,,,12,80,12,,725,,,,,{502=1;850=180;talent_point=1},{502=1;851=80;talent_point=2},,,{x=1904;y=892},,<<0;0>>,,,,,,,,,,,,,,,,,,,,,,,,
32604,密阿雷市,,<{advance=27;unitId=72492;level=470};{advance=27;unitId=72612;level=470};{advance=27;unitId=73143;level=470};{advance=27;unitId=73152;level=470};{advance=27;unitId=74132;level=470}>,<{advance=27;unitId=73683;level=470}>,config/portrait/jinglingtouxiang1/img_730_xshr@.png,,6,2,,,,,,,battle/scene/bg_xcdg.jpg,config/big_hero/normal/img_730_xshr@.png,,236,,,22601,<{key=1;value=1};{key=2;value=2};{key=3;value=14}>,470,1131,400,,,,,12,80,12,,725,,,,,{502=1;850=180;talent_point=1},{502=1;851=80;talent_point=2},,,{x=970;y=1102},,<<0;0>>,,,,,,,,,,,,,,,,,,,,,,,,
32605,密阿雷市,,<{advance=27;unitId=71802;level=479};{advance=27;unitId=71802;level=479};{advance=27;unitId=71801;level=479};{advance=27;unitId=71801;level=479};{advance=27;unitId=71801;level=479}>,<{advance=27;unitId=260104;level=479}>,config/portrait/jinglingtouxiang1/img_354_cjzzww@.png,,6,2,,,,,,,battle/scene/bg_xcdg.jpg,config/big_hero/normal/img_354_cjzzww@.png,,236,,,22601,<{key=1;value=1};{key=2;value=2};{key=3;value=14}>,479,1141,400,,,,,12,80,12,,725,请时刻关注精灵们的闲言碎语,,,,{502=1;850=180;talent_point=1},{502=1;851=80;talent_point=2},,,{x=1238;y=674},,<<0;0>>,,,,,,,,,,,,,,,,,,,,,,,,
32701,雪风镇,,<{advance=28;unitId=60541;level=488};{advance=28;unitId=61903;level=488};{advance=28;unitId=60232;level=488};{advance=28;unitId=60133;level=488};{advance=28;unitId=62831;level=488}>,<{advance=28;unitId=71082;level=488}>,config/portrait/jinglingtouxiang1/img_461_mnl@.png,,6,2,,,,,,,battle/scene/bg_xcdg.jpg,config/big_hero/normal/img_461_mnl@.png,,237,,,22701,<{key=1;value=1};{key=2;value=2};{key=3;value=14}>,488,1151,400,,,,,12,80,12,,725,,,,,{502=1;850=180;talent_point=1},{502=1;851=80;talent_point=2},,,{x=640;y=692},,<<0;0>>,,,,,,,,,,,,,,,,,,,,,,,,
32702,雪风镇,,<{advance=28;unitId=61811;level=497};{advance=28;unitId=60082;level=497};{advance=28;unitId=63541;level=497};{advance=28;unitId=61293;level=497};{advance=28;unitId=62303;level=497}>,<{advance=28;unitId=71172;level=497}>,config/portrait/jinglingtouxiang1/img_229_hlj@.png,,6,2,,,,,,,battle/scene/bg_xcdg.jpg,config/big_hero/normal/img_229_hlj@.png,,237,,,22701,<{key=1;value=1};{key=2;value=2};{key=3;value=14}>,497,1161,400,,,,,12,80,12,,725,,,,,{502=1;850=180;talent_point=1},{502=1;851=80;talent_point=2},,,{x=1168;y=708},,<<0;0>>,,,,,,,,,,,,,,,,,,,,,,,,
32703,雪风镇,,<{advance=28;unitId=61422;level=506};{advance=28;unitId=63003;level=506};{advance=28;unitId=60592;level=506};{advance=28;unitId=60002;level=506};{advance=28;unitId=60541;level=506}>,<{advance=28;unitId=70863;level=506}>,config/portrait/jinglingtouxiang1/img_468_bkjs@.png,,6,2,,,,,,,battle/scene/bg_xcdg.jpg,config/big_hero/normal/img_468_bkjs@.png,,237,,,22701,<{key=1;value=1};{key=2;value=2};{key=3;value=14}>,506,1171,400,,,,,12,80,12,,725,,,,,{502=1;850=180;talent_point=1},{502=1;851=80;talent_point=2},,,{x=1436;y=204},,<<0;0>>,,,,,,,,,,,,,,,,,,,,,,,,
32704,雪风镇,,<{advance=28;unitId=60171;level=515};{advance=28;unitId=60062;level=515};{advance=28;unitId=60092;level=515};{advance=28;unitId=60092;level=515};{advance=28;unitId=63181;level=515}>,<{advance=28;unitId=73601;level=515}>,config/portrait/jinglingtouxiang1/img_716_zenys@.png,,6,2,,,,,,,battle/scene/bg_xcdg.jpg,config/big_hero/normal/img_716_zenys@.png,,237,,,22701,<{key=1;value=1};{key=2;value=2};{key=3;value=14}>,515,1181,400,,,,,12,80,12,,725,,,,,{502=1;850=180;talent_point=1},{502=1;851=80;talent_point=2},,,{x=1694;y=494},,<<0;0>>,,,,,,,,,,,,,,,,,,,,,,,,
32705,雪风镇,,<{advance=28;unitId=73021;level=524};{advance=28;unitId=70721;level=524};{advance=28;unitId=72303;level=524};{advance=28;unitId=180021;level=524};{advance=28;unitId=180021;level=524}>,<{advance=28;unitId=180021;level=524}>,config/portrait/jinglingtouxiang1/img_144_jdn@.png,,6,2,,,,,,,battle/scene/bg_xcdg.jpg,config/big_hero/normal/img_144_jdn@.png,,237,,,22701,<{key=1;value=1};{key=2;value=2};{key=3;value=14}>,524,1191,400,,,,,12,80,12,,725,请时刻关注精灵们的闲言碎语,,,,{502=1;850=180;talent_point=1},{502=1;851=80;talent_point=2},,,{x=2030;y=834},,<<0;0>>,,,,,,,,,,,,,,,,,,,,,,,,
32801,名水镇,,<{advance=29;unitId=60081;level=533};{advance=29;unitId=61241;level=533};{advance=29;unitId=63282;level=533};{advance=29;unitId=62683;level=533};{advance=29;unitId=63141;level=533}>,<{advance=29;unitId=73231;level=533}>,config/portrait/jinglingtouxiang1/img_645_tdy@.png,,6,2,,,,,,,battle/scene/bg_xcdg.jpg,config/big_hero/normal/img_645_tdy@.png,,238,,,22801,<{key=1;value=1};{key=2;value=2};{key=3;value=14}>,533,1201,400,,,,,12,80,12,,725,,,,,{502=1;850=180;talent_point=1},{502=1;851=80;talent_point=2},,,{x=576;y=974},,<<0;0>>,,,,,,,,,,,,,,,,,,,,,,,,
32802,名水镇,,<{advance=29;unitId=63251;level=542};{advance=29;unitId=63143;level=542};{advance=29;unitId=60283;level=542};{advance=29;unitId=60481;level=542};{advance=29;unitId=60221;level=542}>,<{advance=29;unitId=73201;level=542}>,config/portrait/jinglingtouxiang1/img_642_ldy@.png,,6,2,,,,,,,battle/scene/bg_xcdg.jpg,config/big_hero/normal/img_642_ldy@.png,,238,,,22801,<{key=1;value=1};{key=2;value=2};{key=3;value=14}>,542,1211,400,,,,,12,80,12,,725,,,,,{502=1;850=180;talent_point=1},{502=1;851=80;talent_point=2},,,{x=808;y=578},,<<0;0>>,,,,,,,,,,,,,,,,,,,,,,,,
32803,名水镇,,<{advance=29;unitId=60381;level=551};{advance=29;unitId=62683;level=551};{advance=29;unitId=60491;level=551};{advance=29;unitId=60172;level=551};{advance=29;unitId=60091;level=551}>,<{advance=29;unitId=73631;level=551}>,config/portrait/jinglingtouxiang1/img_719_dax@.png,,6,2,,,,,,,battle/scene/bg_xcdg.jpg,config/big_hero/normal/img_719_dax@.png,,238,,,22801,<{key=1;value=1};{key=2;value=2};{key=3;value=14}>,551,1221,400,,,,,12,80,12,,725,,,,,{502=1;850=180;talent_point=1},{502=1;851=80;talent_point=2},,,{x=1204;y=450},,<<0;0>>,,,,,,,,,,,,,,,,,,,,,,,,
32804,名水镇,,<{advance=29;unitId=60332;level=560};{advance=29;unitId=60151;level=560};{advance=29;unitId=63003;level=560};{advance=29;unitId=60591;level=560};{advance=29;unitId=60261;level=560}>,<{advance=29;unitId=73241;level=560}>,config/portrait/jinglingtouxiang1/img_646_qlm@.png,,6,2,,,,,,,battle/scene/bg_xcdg.jpg,config/big_hero/normal/img_646_qlm@.png,,238,,,22801,<{key=1;value=1};{key=2;value=2};{key=3;value=14}>,560,1231,400,,,,,12,80,12,,725,,,,,{502=1;850=180;talent_point=1},{502=1;851=80;talent_point=2},,,{x=1566;y=736},,<<0;0>>,,,,,,,,,,,,,,,,,,,,,,,,
32805,名水镇,,<{advance=29;unitId=71972;level=569};{advance=29;unitId=73631;level=569};{advance=29;unitId=72303;level=569};{advance=29;unitId=182442;level=569};{advance=29;unitId=181281;level=569}>,<{advance=29;unitId=260106;level=569}>,config/portrait/jinglingtouxiang1/img_716_zenys@.png,,6,2,,,,,,,battle/scene/bg_xcdg.jpg,config/big_hero/normal/img_716_zenys@.png,,238,,,22801,<{key=1;value=1};{key=2;value=2};{key=3;value=14}>,569,1241,400,,,,,12,80,12,,725,请时刻关注精灵们的闲言碎语,,,,{502=1;850=180;talent_point=1},{502=1;851=80;talent_point=2},,,{x=1996;y=824},,<<0;0>>,,,,,,,,,,,,,,,,,,,,,,,,
32901,利利小镇,,<{advance=29;unitId=62072;level=578};{advance=29;unitId=62924;level=578};{advance=29;unitId=62872;level=578};{advance=29;unitId=60602;level=578};{advance=29;unitId=63141;level=578}>,<{advance=29;unitId=70753;level=578}>,config/portrait/jinglingtouxiang1/img_149_kl@.png,,6,2,,,,,,,battle/scene/bg_xcdg.jpg,config/big_hero/normal/img_149_kl@.png,,239,,,22901,<{key=1;value=1};{key=2;value=2};{key=3;value=14}>,578,1251,400,,,,,12,80,12,,725,,,,,{502=1;850=180;talent_point=1},{502=1;851=80;talent_point=2},,,{x=1000;y=240},,<<0;0>>,,,,,,,,,,,,,,,,,,,,,,,,
32902,利利小镇,,<{advance=29;unitId=61502;level=587};{advance=29;unitId=63143;level=587};{advance=29;unitId=60091;level=587};{advance=29;unitId=60481;level=587};{advance=29;unitId=64172;level=587}>,<{advance=29;unitId=70721;level=587}>,config/portrait/jinglingtouxiang1/img_144_jdn@.png,,6,2,,,,,,,battle/scene/bg_xcdg.jpg,config/big_hero/normal/img_144_jdn@.png,,239,,,22901,<{key=1;value=1};{key=2;value=2};{key=3;value=14}>,587,1261,400,,,,,12,80,12,,725,,,,,{502=1;850=180;talent_point=1},{502=1;851=80;talent_point=2},,,{x=783;y=641},,<<0;0>>,,,,,,,,,,,,,,,,,,,,,,,,
32903,利利小镇,,<{advance=29;unitId=64161;level=596};{advance=29;unitId=62993;level=596};{advance=29;unitId=60741;level=596};{advance=29;unitId=62473;level=596};{advance=29;unitId=63191;level=596}>,<{advance=29;unitId=70593;level=596}>,config/portrait/jinglingtouxiang1/img_466_djms@.png,,6,2,,,,,,,battle/scene/bg_xcdg.jpg,config/big_hero/normal/img_466_djms@.png,,239,,,22901,<{key=1;value=1};{key=2;value=2};{key=3;value=14}>,596,1271,400,,,,,12,80,12,,725,,,,,{502=1;850=180;talent_point=1},{502=1;851=80;talent_point=2},,,{x=1325;y=770},,<<0;0>>,,,,,,,,,,,,,,,,,,,,,,,,
32904,利利小镇,,<{advance=29;unitId=62631;level=605};{advance=29;unitId=60151;level=605};{advance=29;unitId=61291;level=605};{advance=29;unitId=63271;level=605};{advance=29;unitId=63351;level=605}>,<{advance=29;unitId=73181;level=605}>,config/portrait/jinglingtouxiang1/img_640_bljw@.png,,6,2,,,,,,,battle/scene/bg_xcdg.jpg,config/big_hero/normal/img_640_bljw@.png,,239,,,22901,<{key=1;value=1};{key=2;value=2};{key=3;value=14}>,605,1281,400,,,,,12,80,12,,725,,,,,{502=1;850=180;talent_point=1},{502=1;851=80;talent_point=2},,,{x=1629;y=913},,<<0;0>>,,,,,,,,,,,,,,,,,,,,,,,,
32905,利利小镇,,<{advance=29;unitId=71961;level=614};{advance=29;unitId=71261;level=614};{advance=29;unitId=73191;level=614};{advance=29;unitId=260201;level=614};{advance=29;unitId=260202;level=614}>,<{advance=29;unitId=260203;level=614}>,config/portrait/jinglingtouxiang1/img_491_dkly@.png,,6,2,,,,,,,battle/scene/bg_xcdg.jpg,config/big_hero/normal/img_491_dkly@.png,,239,,,22901,<{key=1;value=1};{key=2;value=2};{key=3;value=14}>,614,1291,400,,,,,12,80,12,,725,请时刻关注精灵们的闲言碎语,,,,{502=1;850=180;talent_point=1},{502=1;851=80;talent_point=2},,,{x=2034;y=969},,<<0;0>>,,,,,,,,,,,,,,,,,,,,,,,,
33001,三云岛,,<{advance=29;unitId=60044;level=623};{advance=29;unitId=60462;level=623};{advance=29;unitId=62072;level=623};{advance=29;unitId=62924;level=623};{advance=29;unitId=63141;level=623}>,<{advance=29;unitId=73241;level=623}>,config/portrait/jinglingtouxiang1/img_646_qlm@.png,,6,2,,,,,,,battle/scene/bg_xcdg.jpg,config/big_hero/normal/img_646_qlm@.png,,240,,,23001,<{key=1;value=1};{key=2;value=2};{key=3;value=14}>,623,1301,400,,,,,12,80,12,,725,,,,,{502=1;850=180;talent_point=1},{502=1;851=80;talent_point=2},,,{x=621;y=1100},,<<0;0>>,,,,,,,,,,,,,,,,,,,,,,,,
33002,三云岛,,<{advance=29;unitId=61911;level=632};{advance=29;unitId=62832;level=632};{advance=29;unitId=60091;level=632};{advance=29;unitId=63143;level=632};{advance=29;unitId=60172;level=632}>,<{advance=29;unitId=72442;level=632}>,config/portrait/jinglingtouxiang1/img_492_xmtkxt@.png,,6,2,,,,,,,battle/scene/bg_xcdg.jpg,config/big_hero/normal/img_492_xmtkxt@.png,,240,,,23001,<{key=1;value=1};{key=2;value=2};{key=3;value=14}>,632,1311,400,,,,,12,80,12,,725,,,,,{502=1;850=180;talent_point=1},{502=1;851=80;talent_point=2},,,{x=783;y=641},,<<0;0>>,,,,,,,,,,,,,,,,,,,,,,,,
33003,三云岛,,<{advance=29;unitId=61251;level=641};{advance=29;unitId=61443;level=641};{advance=29;unitId=63141;level=641};{advance=29;unitId=62242;level=641};{advance=29;unitId=60591;level=641}>,<{advance=29;unitId=70701;level=641}>,config/portrait/jinglingtouxiang1/img_142_hsyl@.png,,6,2,,,,,,,battle/scene/bg_xcdg.jpg,config/big_hero/normal/img_142_hsyl@.png,,240,,,23001,<{key=1;value=1};{key=2;value=2};{key=3;value=14}>,641,1321,400,,,,,12,80,12,,725,,,,,{502=1;850=180;talent_point=1},{502=1;851=80;talent_point=2},,,{x=1200;y=440},,<<0;0>>,,,,,,,,,,,,,,,,,,,,,,,,
33004,三云岛,,<{advance=29;unitId=61612;level=650};{advance=29;unitId=60151;level=650};{advance=29;unitId=62612;level=650};{advance=29;unitId=63271;level=650};{advance=29;unitId=63003;level=650}>,<{advance=29;unitId=73181;level=650}>,config/portrait/jinglingtouxiang1/img_640_bljw@.png,,6,2,,,,,,,battle/scene/bg_xcdg.jpg,config/big_hero/normal/img_640_bljw@.png,,240,,,23001,<{key=1;value=1};{key=2;value=2};{key=3;value=14}>,650,1331,400,,,,,12,80,12,,725,,,,,{502=1;850=180;talent_point=1},{502=1;851=80;talent_point=2},,,{x=1630;y=613},,<<0;0>>,,,,,,,,,,,,,,,,,,,,,,,,
33005,三云岛,,<{advance=29;unitId=73631;level=659};{advance=29;unitId=71271;level=659};{advance=29;unitId=73191;level=659};{advance=29;unitId=180972;level=659};{advance=29;unitId=183611;level=659}>,<{advance=29;unitId=260204;level=659}>,config/portrait/jinglingtouxiang1/img_807_jlal@.png,,6,2,,,,,,,battle/scene/bg_xcdg.jpg,config/big_hero/normal/img_807_jlal@.png,,240,,,23001,<{key=1;value=1};{key=2;value=2};{key=3;value=14}>,659,1341,400,,,,,12,80,12,,725,请时刻关注精灵们的闲言碎语,,,,{502=1;850=180;talent_point=1},{502=1;851=80;talent_point=2},,,{x=1834;y=969},,<<0;0>>,,,,,,,,,,,,,,,,,,,,,,,,
33101,绿荫镇,,<{advance=29;unitId=60081;level=668};{advance=29;unitId=61241;level=668};{advance=29;unitId=60752;level=668};{advance=29;unitId=62683;level=668};{advance=29;unitId=60752;level=668}>,<{advance=29;unitId=71423;level=668}>,config/portrait/jinglingtouxiang1/img_289_qjw@.png,,6,2,,,,,,,battle/scene/bg_xcdg.jpg,config/big_hero/normal/img_289_qjw@.png,,241,,,23101,<{key=1;value=1};{key=2;value=2};{key=3;value=14}>,668,1351,400,,,,,12,80,12,,725,,,,,{502=1;850=180;talent_point=1},{502=1;851=80;talent_point=2},,,{x=1336;y=1010},,<<0;0>>,,,,,,,,,,,,,,,,,,,,,,,,
33102,绿荫镇,,<{advance=29;unitId=60491;level=677};{advance=29;unitId=63143;level=677};{advance=29;unitId=60283;level=677};{advance=29;unitId=60481;level=677};{advance=29;unitId=60221;level=677}>,<{advance=29;unitId=73003;level=677}>,config/portrait/jinglingtouxiang1//img_612_sfzl@.png,,6,2,,,,,,,battle/scene/bg_xcdg.jpg,config/big_hero/normal/img_612_sfzl@.png,,241,,,23101,<{key=1;value=1};{key=2;value=2};{key=3;value=14}>,677,1361,400,,,,,12,80,12,,725,,,,,{502=1;850=180;talent_point=1},{502=1;851=80;talent_point=2},,,{x=792;y=812},,<<0;0>>,,,,,,,,,,,,,,,,,,,,,,,,
33103,绿荫镇,,<{advance=29;unitId=60381;level=686};{advance=29;unitId=62683;level=686};{advance=29;unitId=60491;level=686};{advance=29;unitId=60231;level=686};{advance=29;unitId=63541;level=686}>,<{advance=29;unitId=72244;level=686}>,config/portrait/jinglingtouxiang1/img_448_cjlklo@.png,,6,2,,,,,,,battle/scene/bg_xcdg.jpg,config/big_hero/normal/img_448_cjlklo@.png,,241,,,23101,<{key=1;value=1};{key=2;value=2};{key=3;value=14}>,686,1371,400,,,,,12,80,12,,725,,,,,{502=1;850=180;talent_point=1},{502=1;851=80;talent_point=2},,,{x=1149;y=663},,<<0;0>>,,,,,,,,,,,,,,,,,,,,,,,,
33104,绿荫镇,,<{advance=29;unitId=60332;level=695};{advance=29;unitId=60151;level=695};{advance=29;unitId=63003;level=695};{advance=29;unitId=60591;level=695};{advance=29;unitId=60261;level=695}>,<{advance=29;unitId=72303;level=695}>,config/portrait/jinglingtouxiang1/img_460_cjbxw@.png,,6,2,,,,,,,battle/scene/bg_xcdg.jpg,config/big_hero/normal/img_460_cjbxw@.png,,241,,,23101,<{key=1;value=1};{key=2;value=2};{key=3;value=14}>,695,1381,400,,,,,12,80,12,,725,,,,,{502=1;850=180;talent_point=1},{502=1;851=80;talent_point=2},,,{x=1459;y=607},,<<0;0>>,,,,,,,,,,,,,,,,,,,,,,,,
33105,绿荫镇,,<{advance=29;unitId=71972;level=704};{advance=29;unitId=73631;level=704};{advance=29;unitId=72303;level=704};{advance=29;unitId=182442;level=704};{advance=29;unitId=181293;level=704}>,<{advance=29;unitId=260205;level=704}>,config/portrait/jinglingtouxiang1/img_257_jmcjhyj@.png,,6,2,,,,,,,battle/scene/bg_xcdg.jpg,config/big_hero/normal/img_257_jmcjhyj@.png,,241,,,23101,<{key=1;value=1};{key=2;value=2};{key=3;value=14}>,704,1391,400,,,,,12,80,12,,725,请时刻关注精灵们的闲言碎语,,,,{502=1;850=180;talent_point=1},{502=1;851=80;talent_point=2},,,{x=1869;y=801},,<<0;0>>,,,,,,,,,,,,,,,,,,,,,,,,
60001,金币关卡1,,,,city/adventure/exp/icon_jd.png,3,11,1,5,,,,,,battle/scene/bg_dg.jpg,,,,,18,,,18,90,90,,,,2,0,,,{510=0;511=0;gold=iconNumLittle},,,,,,,,,,,,,,,,,,,,,,,,,,,,,,,,,,,,
60002,金币关卡2,,,,city/adventure/exp/icon_kn.png,3,11,1,5,,,,,,battle/scene/bg_dg.jpg,,,,,30,60001,,30,150,150,,,,2,0,,,{511=0;512=0;gold=iconNumNormal},,,,,,,,,,,,,,,,,,,,,,,,,,,,,,,,,,,,
60003,金币关卡3,,,,city/adventure/exp/icon_jj.png,3,11,1,5,,,,,,battle/scene/bg_dg.jpg,,,,,42,60002,,42,210,210,,,,2,0,,,{512=0;513=0;gold=iconNumMany},,,,,,,,,,,,,,,,,,,,,,,,,,,,,,,,,,,,
60004,金币关卡4,,,,city/adventure/exp/icon_ds.png,3,11,1,5,,,,,,battle/scene/bg_dg.jpg,,,,,55,60003,,55,275,275,,,,2,0,,,{513=0;514=0;gold=iconNumLarge},,,,,,,,,,,,,,,,,,,,,,,,,,,,,,,,,,,,
60005,金币关卡5,,,,city/adventure/exp/icon_ly.png,3,11,1,5,,,,,,battle/scene/bg_dg.jpg,,,,,70,60004,,70,350,350,,,,2,0,,,{513=0;514=0;gold=iconNumHuge},,,,,,,,,,,,,,,,,,,,,,,,,,,,,,,,,,,,
60006,金币关卡6,,,,city/adventure/exp/icon_sy.png,3,11,1,5,,,,,,battle/scene/bg_dg.jpg,,,,,84,60005,,84,420,420,,,,2,0,,,{513=0;514=0;gold=iconNumOut},,,,,,,,,,,,,,,,,,,,,,,,,,,,,,,,,,,,
60007,金币关卡7,,,,city/adventure/exp/icon_zj.png,3,11,1,5,,,,,,battle/scene/bg_dg.jpg,,,,,93,60006,,93,490,490,,,,2,0,,,{513=0;514=0;gold=iconNumBest},,,,,,,,,,,,,,,,,,,,,,,,,,,,,,,,,,,,
60010,金币关卡终极模式1,,,,city/adventure/exp/icon_jx.png,3,11,1,5,,,,,,battle/scene/bg_dg.jpg,,,,,100,60007,,100,490,490,,,,2,0,,,{513=0;514=0;gold=iconNumBest},,,,,,,,,,,,,,,,,,,,,,,,,,,,,,,,,,,,
60011,金币关卡终极模式2,,,,city/adventure/exp/icon_jx.png,3,11,1,5,,,,,,battle/scene/bg_dg.jpg,,,,,100,60010,,100,490,490,,,,2,0,,,{513=0;514=0;gold=iconNumBest},,,,,,,,,,,,,,,,,,,,,,,,,,,,,,,,,,,,
60012,金币关卡终极模式3,,,,city/adventure/exp/icon_jx.png,3,11,1,5,,,,,,battle/scene/bg_dg.jpg,,,,,100,60011,,100,490,490,,,,2,0,,,{513=0;514=0;gold=iconNumBest},,,,,,,,,,,,,,,,,,,,,,,,,,,,,,,,,,,,
60013,金币关卡终极模式4,,,,city/adventure/exp/icon_jx.png,3,11,1,5,,,,,,battle/scene/bg_dg.jpg,,,,,100,60012,,100,490,490,,,,2,0,,,{513=0;514=0;gold=iconNumBest},,,,,,,,,,,,,,,,,,,,,,,,,,,,,,,,,,,,
60014,金币关卡终极模式5,,,,city/adventure/exp/icon_jx.png,3,11,1,5,,,,,,battle/scene/bg_dg.jpg,,,,,100,60013,,100,490,490,,,,2,0,,,{513=0;514=0;gold=iconNumBest},,,,,,,,,,,,,,,,,,,,,,,,,,,,,,,,,,,,
60015,金币关卡终极模式6,,,,city/adventure/exp/icon_jx.png,3,11,1,5,,,,,,battle/scene/bg_dg.jpg,,,,,100,60014,,100,490,490,,,,2,0,,,{513=0;514=0;gold=iconNumBest},,,,,,,,,,,,,,,,,,,,,,,,,,,,,,,,,,,,
60016,金币关卡终极模式7,,,,city/adventure/exp/icon_jx.png,3,11,1,5,,,,,,battle/scene/bg_dg.jpg,,,,,100,60015,,100,490,490,,,,2,0,,,{513=0;514=0;gold=iconNumBest},,,,,,,,,,,,,,,,,,,,,,,,,,,,,,,,,,,,
60017,金币关卡终极模式8,,,,city/adventure/exp/icon_jx.png,3,11,1,5,,,,,,battle/scene/bg_dg.jpg,,,,,100,60016,,100,490,490,,,,2,0,,,{513=0;514=0;gold=iconNumBest},,,,,,,,,,,,,,,,,,,,,,,,,,,,,,,,,,,,
60018,金币关卡终极模式9,,,,city/adventure/exp/icon_jx.png,3,11,1,5,,,,,,battle/scene/bg_dg.jpg,,,,,100,60017,,100,490,490,,,,2,0,,,{513=0;514=0;gold=iconNumBest},,,,,,,,,,,,,,,,,,,,,,,,,,,,,,,,,,,,
60019,金币关卡终极模式10,,,,city/adventure/exp/icon_jx.png,3,11,1,5,,,,,,battle/scene/bg_dg.jpg,,,,,100,60018,,100,490,490,,,,2,0,,,{513=0;514=0;gold=iconNumBest},,,,,,,,,,,,,,,,,,,,,,,,,,,,,,,,,,,,
60020,金币关卡终极模式11,,,,city/adventure/exp/icon_jx.png,3,11,1,5,,,,,,battle/scene/bg_dg.jpg,,,,,100,60019,,100,490,490,,,,2,0,,,{513=0;514=0;gold=iconNumBest},,,,,,,,,,,,,,,,,,,,,,,,,,,,,,,,,,,,
60021,金币关卡终极模式12,,,,city/adventure/exp/icon_jx.png,3,11,1,5,,,,,,battle/scene/bg_dg.jpg,,,,,100,60020,,100,490,490,,,,2,0,,,{513=0;514=0;gold=iconNumBest},,,,,,,,,,,,,,,,,,,,,,,,,,,,,,,,,,,,
60022,金币关卡终极模式13,,,,city/adventure/exp/icon_jx.png,3,11,1,5,,,,,,battle/scene/bg_dg.jpg,,,,,100,60021,,100,490,490,,,,2,0,,,{513=0;514=0;gold=iconNumBest},,,,,,,,,,,,,,,,,,,,,,,,,,,,,,,,,,,,
60023,金币关卡终极模式14,,,,city/adventure/exp/icon_jx.png,3,11,1,5,,,,,,battle/scene/bg_dg.jpg,,,,,100,60022,,100,490,490,,,,2,0,,,{513=0;514=0;gold=iconNumBest},,,,,,,,,,,,,,,,,,,,,,,,,,,,,,,,,,,,
60024,金币关卡终极模式15,,,,city/adventure/exp/icon_jx.png,3,11,1,5,,,,,,battle/scene/bg_dg.jpg,,,,,100,60023,,100,490,490,,,,2,0,,,{513=0;514=0;gold=iconNumBest},,,,,,,,,,,,,,,,,,,,,,,,,,,,,,,,,,,,
60025,金币关卡终极模式16,,,,city/adventure/exp/icon_jx.png,3,11,1,5,,,,,,battle/scene/bg_dg.jpg,,,,,100,60024,,100,490,490,,,,2,0,,,{513=0;514=0;gold=iconNumBest},,,,,,,,,,,,,,,,,,,,,,,,,,,,,,,,,,,,
60026,金币关卡终极模式17,,,,city/adventure/exp/icon_jx.png,3,11,1,5,,,,,,battle/scene/bg_dg.jpg,,,,,100,60025,,100,490,490,,,,2,0,,,{513=0;514=0;gold=iconNumBest},,,,,,,,,,,,,,,,,,,,,,,,,,,,,,,,,,,,
60027,金币关卡终极模式18,,,,city/adventure/exp/icon_jx.png,3,11,1,5,,,,,,battle/scene/bg_dg.jpg,,,,,100,60026,,100,490,490,,,,2,0,,,{513=0;514=0;gold=iconNumBest},,,,,,,,,,,,,,,,,,,,,,,,,,,,,,,,,,,,
60028,金币关卡终极模式19,,,,city/adventure/exp/icon_jx.png,3,11,1,5,,,,,,battle/scene/bg_dg.jpg,,,,,100,60027,,100,490,490,,,,2,0,,,{513=0;514=0;gold=iconNumBest},,,,,,,,,,,,,,,,,,,,,,,,,,,,,,,,,,,,
60029,金币关卡终极模式20,,,,city/adventure/exp/icon_jx.png,3,11,1,5,,,,,,battle/scene/bg_dg.jpg,,,,,100,60028,,100,490,490,,,,2,0,,,{513=0;514=0;gold=iconNumBest},,,,,,,,,,,,,,,,,,,,,,,,,,,,,,,,,,,,
60030,金币关卡终极模式21,,,,city/adventure/exp/icon_jx.png,3,11,1,5,,,,,,battle/scene/bg_dg.jpg,,,,,100,60029,,100,490,490,,,,2,0,,,{513=0;514=0;gold=iconNumBest},,,,,,,,,,,,,,,,,,,,,,,,,,,,,,,,,,,,
60031,金币关卡终极模式22,,,,city/adventure/exp/icon_jx.png,3,11,1,5,,,,,,battle/scene/bg_dg.jpg,,,,,100,60030,,100,490,490,,,,2,0,,,{513=0;514=0;gold=iconNumBest},,,,,,,,,,,,,,,,,,,,,,,,,,,,,,,,,,,,
60032,金币关卡终极模式23,,,,city/adventure/exp/icon_jx.png,3,11,1,5,,,,,,battle/scene/bg_dg.jpg,,,,,100,60031,,100,490,490,,,,2,0,,,{513=0;514=0;gold=iconNumBest},,,,,,,,,,,,,,,,,,,,,,,,,,,,,,,,,,,,
60033,金币关卡终极模式24,,,,city/adventure/exp/icon_jx.png,3,11,1,5,,,,,,battle/scene/bg_dg.jpg,,,,,100,60032,,100,490,490,,,,2,0,,,{513=0;514=0;gold=iconNumBest},,,,,,,,,,,,,,,,,,,,,,,,,,,,,,,,,,,,
60034,金币关卡终极模式25,,,,city/adventure/exp/icon_jx.png,3,11,1,5,,,,,,battle/scene/bg_dg.jpg,,,,,100,60033,,100,490,490,,,,2,0,,,{513=0;514=0;gold=iconNumBest},,,,,,,,,,,,,,,,,,,,,,,,,,,,,,,,,,,,
60035,金币关卡终极模式26,,,,city/adventure/exp/icon_jx.png,3,11,1,5,,,,,,battle/scene/bg_dg.jpg,,,,,100,60034,,100,490,490,,,,2,0,,,{513=0;514=0;gold=iconNumBest},,,,,,,,,,,,,,,,,,,,,,,,,,,,,,,,,,,,
60036,金币关卡终极模式27,,,,city/adventure/exp/icon_jx.png,3,11,1,5,,,,,,battle/scene/bg_dg.jpg,,,,,100,60035,,100,490,490,,,,2,0,,,{513=0;514=0;gold=iconNumBest},,,,,,,,,,,,,,,,,,,,,,,,,,,,,,,,,,,,
60037,金币关卡终极模式28,,,,city/adventure/exp/icon_jx.png,3,11,1,5,,,,,,battle/scene/bg_dg.jpg,,,,,100,60036,,100,490,490,,,,2,0,,,{513=0;514=0;gold=iconNumBest},,,,,,,,,,,,,,,,,,,,,,,,,,,,,,,,,,,,
60038,金币关卡终极模式29,,,,city/adventure/exp/icon_jx.png,3,11,1,5,,,,,,battle/scene/bg_dg.jpg,,,,,100,60037,,100,490,490,,,,2,0,,,{513=0;514=0;gold=iconNumBest},,,,,,,,,,,,,,,,,,,,,,,,,,,,,,,,,,,,
60039,金币关卡终极模式30,,,,city/adventure/exp/icon_jx.png,3,11,1,5,,,,,,battle/scene/bg_dg.jpg,,,,,100,60038,,100,490,490,,,,2,0,,,{513=0;514=0;gold=iconNumBest},,,,,,,,,,,,,,,,,,,,,,,,,,,,,,,,,,,,
60040,金币关卡终极模式31,,,,city/adventure/exp/icon_jx.png,3,11,1,5,,,,,,battle/scene/bg_dg.jpg,,,,,100,60039,,100,490,490,,,,2,0,,,{513=0;514=0;gold=iconNumBest},,,,,,,,,,,,,,,,,,,,,,,,,,,,,,,,,,,,
60041,金币关卡终极模式32,,,,city/adventure/exp/icon_jx.png,3,11,1,5,,,,,,battle/scene/bg_dg.jpg,,,,,100,60040,,100,490,490,,,,2,0,,,{513=0;514=0;gold=iconNumBest},,,,,,,,,,,,,,,,,,,,,,,,,,,,,,,,,,,,
60042,金币关卡终极模式33,,,,city/adventure/exp/icon_jx.png,3,11,1,5,,,,,,battle/scene/bg_dg.jpg,,,,,100,60041,,100,490,490,,,,2,0,,,{513=0;514=0;gold=iconNumBest},,,,,,,,,,,,,,,,,,,,,,,,,,,,,,,,,,,,
60043,金币关卡终极模式34,,,,city/adventure/exp/icon_jx.png,3,11,1,5,,,,,,battle/scene/bg_dg.jpg,,,,,100,60042,,100,490,490,,,,2,0,,,{513=0;514=0;gold=iconNumBest},,,,,,,,,,,,,,,,,,,,,,,,,,,,,,,,,,,,
60044,金币关卡终极模式35,,,,city/adventure/exp/icon_jx.png,3,11,1,5,,,,,,battle/scene/bg_dg.jpg,,,,,100,60043,,100,490,490,,,,2,0,,,{513=0;514=0;gold=iconNumBest},,,,,,,,,,,,,,,,,,,,,,,,,,,,,,,,,,,,
60045,金币关卡终极模式36,,,,city/adventure/exp/icon_jx.png,3,11,1,5,,,,,,battle/scene/bg_dg.jpg,,,,,100,60044,,100,490,490,,,,2,0,,,{513=0;514=0;gold=iconNumBest},,,,,,,,,,,,,,,,,,,,,,,,,,,,,,,,,,,,
60046,金币关卡终极模式37,,,,city/adventure/exp/icon_jx.png,3,11,1,5,,,,,,battle/scene/bg_dg.jpg,,,,,100,60045,,100,490,490,,,,2,0,,,{513=0;514=0;gold=iconNumBest},,,,,,,,,,,,,,,,,,,,,,,,,,,,,,,,,,,,
60047,金币关卡终极模式38,,,,city/adventure/exp/icon_jx.png,3,11,1,5,,,,,,battle/scene/bg_dg.jpg,,,,,100,60046,,100,490,490,,,,2,0,,,{513=0;514=0;gold=iconNumBest},,,,,,,,,,,,,,,,,,,,,,,,,,,,,,,,,,,,
60048,金币关卡终极模式39,,,,city/adventure/exp/icon_jx.png,3,11,1,5,,,,,,battle/scene/bg_dg.jpg,,,,,100,60047,,100,490,490,,,,2,0,,,{513=0;514=0;gold=iconNumBest},,,,,,,,,,,,,,,,,,,,,,,,,,,,,,,,,,,,
60049,金币关卡终极模式40,,,,city/adventure/exp/icon_jx.png,3,11,1,5,,,,,,battle/scene/bg_dg.jpg,,,,,100,60048,,100,490,490,,,,2,0,,,{513=0;514=0;gold=iconNumBest},,,,,,,,,,,,,,,,,,,,,,,,,,,,,,,,,,,,
60050,金币关卡终极模式41,,,,city/adventure/exp/icon_jx.png,3,11,1,5,,,,,,battle/scene/bg_dg.jpg,,,,,100,60049,,100,490,490,,,,2,0,,,{513=0;514=0;gold=iconNumBest},,,,,,,,,,,,,,,,,,,,,,,,,,,,,,,,,,,,
60051,金币关卡终极模式42,,,,city/adventure/exp/icon_jx.png,3,11,1,5,,,,,,battle/scene/bg_dg.jpg,,,,,100,60050,,100,490,490,,,,2,0,,,{513=0;514=0;gold=iconNumBest},,,,,,,,,,,,,,,,,,,,,,,,,,,,,,,,,,,,
60052,金币关卡终极模式43,,,,city/adventure/exp/icon_jx.png,3,11,1,5,,,,,,battle/scene/bg_dg.jpg,,,,,100,60051,,100,490,490,,,,2,0,,,{513=0;514=0;gold=iconNumBest},,,,,,,,,,,,,,,,,,,,,,,,,,,,,,,,,,,,
60053,金币关卡终极模式44,,,,city/adventure/exp/icon_jx.png,3,11,1,5,,,,,,battle/scene/bg_dg.jpg,,,,,100,60052,,100,490,490,,,,2,0,,,{513=0;514=0;gold=iconNumBest},,,,,,,,,,,,,,,,,,,,,,,,,,,,,,,,,,,,
60054,金币关卡终极模式45,,,,city/adventure/exp/icon_jx.png,3,11,1,5,,,,,,battle/scene/bg_dg.jpg,,,,,100,60053,,100,490,490,,,,2,0,,,{513=0;514=0;gold=iconNumBest},,,,,,,,,,,,,,,,,,,,,,,,,,,,,,,,,,,,
60055,金币关卡终极模式46,,,,city/adventure/exp/icon_jx.png,3,11,1,5,,,,,,battle/scene/bg_dg.jpg,,,,,100,60054,,100,490,490,,,,2,0,,,{513=0;514=0;gold=iconNumBest},,,,,,,,,,,,,,,,,,,,,,,,,,,,,,,,,,,,
60056,金币关卡终极模式47,,,,city/adventure/exp/icon_jx.png,3,11,1,5,,,,,,battle/scene/bg_dg.jpg,,,,,100,60055,,100,490,490,,,,2,0,,,{513=0;514=0;gold=iconNumBest},,,,,,,,,,,,,,,,,,,,,,,,,,,,,,,,,,,,
60057,金币关卡终极模式48,,,,city/adventure/exp/icon_jx.png,3,11,1,5,,,,,,battle/scene/bg_dg.jpg,,,,,100,60056,,100,490,490,,,,2,0,,,{513=0;514=0;gold=iconNumBest},,,,,,,,,,,,,,,,,,,,,,,,,,,,,,,,,,,,
60058,金币关卡终极模式49,,,,city/adventure/exp/icon_jx.png,3,11,1,5,,,,,,battle/scene/bg_dg.jpg,,,,,100,60057,,100,490,490,,,,2,0,,,{513=0;514=0;gold=iconNumBest},,,,,,,,,,,,,,,,,,,,,,,,,,,,,,,,,,,,
60059,金币关卡终极模式50,,,,city/adventure/exp/icon_jx.png,3,11,1,5,,,,,,battle/scene/bg_dg.jpg,,,,,100,60058,,100,490,490,,,,2,0,,,{513=0;514=0;gold=iconNumBest},,,,,,,,,,,,,,,,,,,,,,,,,,,,,,,,,,,,
60101,经验关卡1,,,,city/adventure/exp/icon_jd.png,4,12,1,5,,,,,,battle/scene/bg_shm.jpg,,,,,26,,,26,150,150,,,,2,0,,,{11=0;12=0},,,,,,,,,,,,,{40021=14;40041=6},{killNumber=20},,,,,,,,,,,,,,,,,,,,,,
60102,经验关卡2,,,,city/adventure/exp/icon_kn.png,4,12,1,5,,,,,,battle/scene/bg_shm.jpg,,,,,36,60101,,36,180,180,,,,2,0,,,{11=0;12=0;13=0},,,,,,,,,,,,,{40022=14;40042=6},{killNumber=20},,,,,,,,,,,,,,,,,,,,,,
60103,经验关卡3,,,,city/adventure/exp/icon_jj.png,4,12,1,5,,,,,,battle/scene/bg_shm.jpg,,,,,48,60102,,48,240,240,,,,2,0,,,{11=0;12=0;13=0},,,,,,,,,,,,,{40023=14;40043=6},{killNumber=20},,,,,,,,,,,,,,,,,,,,,,
60104,经验关卡4,,,,city/adventure/exp/icon_ds.png,4,12,1,5,,,,,,battle/scene/bg_shm.jpg,,,,,62,60103,,62,310,310,,,,2,0,,,{12=0;13=0;14=0},,,,,,,,,,,,,{40024=14;40044=6},{killNumber=20},,,,,,,,,,,,,,,,,,,,,,
60105,经验关卡5,,,,city/adventure/exp/icon_ly.png,4,12,1,5,,,,,,battle/scene/bg_shm.jpg,,,,,76,60104,,76,380,380,,,,2,0,,,{12=0;13=0;14=0},,,,,,,,,,,,,{40025=14;40045=6},{killNumber=20},,,,,,,,,,,,,,,,,,,,,,
60106,经验关卡6,,,,city/adventure/exp/icon_sy.png,4,12,1,5,,,,,,battle/scene/bg_shm.jpg,,,,,89,60105,,89,445,445,,,,2,0,,,{13=0;14=0;15=0},,,,,,,,,,,,,{40026=14;40046=6},{killNumber=20},,,,,,,,,,,,,,,,,,,,,,
60107,经验关卡7,,,,city/adventure/exp/icon_zj.png,4,12,1,5,,,,,,battle/scene/bg_shm.jpg,,,,,97,60106,,97,510,510,,,,2,0,,,{13=0;14=0;15=0},,,,,,,,,,,,,{40027=14;40047=6},{killNumber=20},,,,,,,,,,,,,,,,,,,,,,
60110,经验关卡终极模式1,,,,city/adventure/exp/icon_jx.png,4,12,1,5,,,,,,battle/scene/bg_shm.jpg,,,,,104,60107,,100,510,510,,,,2,0,,,{13=0;14=0;15=0},,,,,,,,,,,,,{40027=14;40047=6},{killNumber=20},,,,,,,,,,,,,,,,,,,,,,
60111,经验关卡终极模式2,,,,city/adventure/exp/icon_jx.png,4,12,1,5,,,,,,battle/scene/bg_shm.jpg,,,,,104,60110,,100,510,510,,,,2,0,,,{13=0;14=0;15=0},,,,,,,,,,,,,{40027=14;40047=6},{killNumber=20},,,,,,,,,,,,,,,,,,,,,,
60112,经验关卡终极模式3,,,,city/adventure/exp/icon_jx.png,4,12,1,5,,,,,,battle/scene/bg_shm.jpg,,,,,104,60111,,100,510,510,,,,2,0,,,{13=0;14=0;15=0},,,,,,,,,,,,,{40027=14;40047=6},{killNumber=20},,,,,,,,,,,,,,,,,,,,,,
60113,经验关卡终极模式4,,,,city/adventure/exp/icon_jx.png,4,12,1,5,,,,,,battle/scene/bg_shm.jpg,,,,,104,60112,,100,510,510,,,,2,0,,,{13=0;14=0;15=0},,,,,,,,,,,,,{40027=14;40047=6},{killNumber=20},,,,,,,,,,,,,,,,,,,,,,
60114,经验关卡终极模式5,,,,city/adventure/exp/icon_jx.png,4,12,1,5,,,,,,battle/scene/bg_shm.jpg,,,,,104,60113,,100,510,510,,,,2,0,,,{13=0;14=0;15=0},,,,,,,,,,,,,{40027=14;40047=6},{killNumber=20},,,,,,,,,,,,,,,,,,,,,,
60115,经验关卡终极模式6,,,,city/adventure/exp/icon_jx.png,4,12,1,5,,,,,,battle/scene/bg_shm.jpg,,,,,104,60114,,100,510,510,,,,2,0,,,{13=0;14=0;15=0},,,,,,,,,,,,,{40027=14;40047=6},{killNumber=20},,,,,,,,,,,,,,,,,,,,,,
60116,经验关卡终极模式7,,,,city/adventure/exp/icon_jx.png,4,12,1,5,,,,,,battle/scene/bg_shm.jpg,,,,,104,60115,,100,510,510,,,,2,0,,,{13=0;14=0;15=0},,,,,,,,,,,,,{40027=14;40047=6},{killNumber=20},,,,,,,,,,,,,,,,,,,,,,
60117,经验关卡终极模式8,,,,city/adventure/exp/icon_jx.png,4,12,1,5,,,,,,battle/scene/bg_shm.jpg,,,,,104,60116,,100,510,510,,,,2,0,,,{13=0;14=0;15=0},,,,,,,,,,,,,{40027=14;40047=6},{killNumber=20},,,,,,,,,,,,,,,,,,,,,,
60118,经验关卡终极模式9,,,,city/adventure/exp/icon_jx.png,4,12,1,5,,,,,,battle/scene/bg_shm.jpg,,,,,104,60117,,100,510,510,,,,2,0,,,{13=0;14=0;15=0},,,,,,,,,,,,,{40027=14;40047=6},{killNumber=20},,,,,,,,,,,,,,,,,,,,,,
60119,经验关卡终极模式10,,,,city/adventure/exp/icon_jx.png,4,12,1,5,,,,,,battle/scene/bg_shm.jpg,,,,,104,60118,,100,510,510,,,,2,0,,,{13=0;14=0;15=0},,,,,,,,,,,,,{40027=14;40047=6},{killNumber=20},,,,,,,,,,,,,,,,,,,,,,
60120,经验关卡终极模式11,,,,city/adventure/exp/icon_jx.png,4,12,1,5,,,,,,battle/scene/bg_shm.jpg,,,,,104,60119,,100,510,510,,,,2,0,,,{13=0;14=0;15=0},,,,,,,,,,,,,{40027=14;40047=6},{killNumber=20},,,,,,,,,,,,,,,,,,,,,,
60121,经验关卡终极模式12,,,,city/adventure/exp/icon_jx.png,4,12,1,5,,,,,,battle/scene/bg_shm.jpg,,,,,104,60120,,100,510,510,,,,2,0,,,{13=0;14=0;15=0},,,,,,,,,,,,,{40027=14;40047=6},{killNumber=20},,,,,,,,,,,,,,,,,,,,,,
60122,经验关卡终极模式13,,,,city/adventure/exp/icon_jx.png,4,12,1,5,,,,,,battle/scene/bg_shm.jpg,,,,,104,60121,,100,510,510,,,,2,0,,,{13=0;14=0;15=0},,,,,,,,,,,,,{40027=14;40047=6},{killNumber=20},,,,,,,,,,,,,,,,,,,,,,
60123,经验关卡终极模式14,,,,city/adventure/exp/icon_jx.png,4,12,1,5,,,,,,battle/scene/bg_shm.jpg,,,,,104,60122,,100,510,510,,,,2,0,,,{13=0;14=0;15=0},,,,,,,,,,,,,{40027=14;40047=6},{killNumber=20},,,,,,,,,,,,,,,,,,,,,,
60124,经验关卡终极模式15,,,,city/adventure/exp/icon_jx.png,4,12,1,5,,,,,,battle/scene/bg_shm.jpg,,,,,104,60123,,100,510,510,,,,2,0,,,{13=0;14=0;15=0},,,,,,,,,,,,,{40027=14;40047=6},{killNumber=20},,,,,,,,,,,,,,,,,,,,,,
60125,经验关卡终极模式16,,,,city/adventure/exp/icon_jx.png,4,12,1,5,,,,,,battle/scene/bg_shm.jpg,,,,,104,60124,,100,510,510,,,,2,0,,,{13=0;14=0;15=0},,,,,,,,,,,,,{40027=14;40047=6},{killNumber=20},,,,,,,,,,,,,,,,,,,,,,
60126,经验关卡终极模式17,,,,city/adventure/exp/icon_jx.png,4,12,1,5,,,,,,battle/scene/bg_shm.jpg,,,,,104,60125,,100,510,510,,,,2,0,,,{13=0;14=0;15=0},,,,,,,,,,,,,{40027=14;40047=6},{killNumber=20},,,,,,,,,,,,,,,,,,,,,,
60127,经验关卡终极模式18,,,,city/adventure/exp/icon_jx.png,4,12,1,5,,,,,,battle/scene/bg_shm.jpg,,,,,104,60126,,100,510,510,,,,2,0,,,{13=0;14=0;15=0},,,,,,,,,,,,,{40027=14;40047=6},{killNumber=20},,,,,,,,,,,,,,,,,,,,,,
60128,经验关卡终极模式19,,,,city/adventure/exp/icon_jx.png,4,12,1,5,,,,,,battle/scene/bg_shm.jpg,,,,,104,60127,,100,510,510,,,,2,0,,,{13=0;14=0;15=0},,,,,,,,,,,,,{40027=14;40047=6},{killNumber=20},,,,,,,,,,,,,,,,,,,,,,
60129,经验关卡终极模式20,,,,city/adventure/exp/icon_jx.png,4,12,1,5,,,,,,battle/scene/bg_shm.jpg,,,,,104,60128,,100,510,510,,,,2,0,,,{13=0;14=0;15=0},,,,,,,,,,,,,{40027=14;40047=6},{killNumber=20},,,,,,,,,,,,,,,,,,,,,,
60130,经验关卡终极模式21,,,,city/adventure/exp/icon_jx.png,4,12,1,5,,,,,,battle/scene/bg_shm.jpg,,,,,104,60129,,100,510,510,,,,2,0,,,{13=0;14=0;15=0},,,,,,,,,,,,,{40027=14;40047=6},{killNumber=20},,,,,,,,,,,,,,,,,,,,,,
60131,经验关卡终极模式22,,,,city/adventure/exp/icon_jx.png,4,12,1,5,,,,,,battle/scene/bg_shm.jpg,,,,,104,60130,,100,510,510,,,,2,0,,,{13=0;14=0;15=0},,,,,,,,,,,,,{40027=14;40047=6},{killNumber=20},,,,,,,,,,,,,,,,,,,,,,
60132,经验关卡终极模式23,,,,city/adventure/exp/icon_jx.png,4,12,1,5,,,,,,battle/scene/bg_shm.jpg,,,,,104,60131,,100,510,510,,,,2,0,,,{13=0;14=0;15=0},,,,,,,,,,,,,{40027=14;40047=6},{killNumber=20},,,,,,,,,,,,,,,,,,,,,,
60133,经验关卡终极模式24,,,,city/adventure/exp/icon_jx.png,4,12,1,5,,,,,,battle/scene/bg_shm.jpg,,,,,104,60132,,100,510,510,,,,2,0,,,{13=0;14=0;15=0},,,,,,,,,,,,,{40027=14;40047=6},{killNumber=20},,,,,,,,,,,,,,,,,,,,,,
60134,经验关卡终极模式25,,,,city/adventure/exp/icon_jx.png,4,12,1,5,,,,,,battle/scene/bg_shm.jpg,,,,,104,60133,,100,510,510,,,,2,0,,,{13=0;14=0;15=0},,,,,,,,,,,,,{40027=14;40047=6},{killNumber=20},,,,,,,,,,,,,,,,,,,,,,
60135,经验关卡终极模式26,,,,city/adventure/exp/icon_jx.png,4,12,1,5,,,,,,battle/scene/bg_shm.jpg,,,,,104,60134,,100,510,510,,,,2,0,,,{13=0;14=0;15=0},,,,,,,,,,,,,{40027=14;40047=6},{killNumber=20},,,,,,,,,,,,,,,,,,,,,,
60136,经验关卡终极模式27,,,,city/adventure/exp/icon_jx.png,4,12,1,5,,,,,,battle/scene/bg_shm.jpg,,,,,104,60135,,100,510,510,,,,2,0,,,{13=0;14=0;15=0},,,,,,,,,,,,,{40027=14;40047=6},{killNumber=20},,,,,,,,,,,,,,,,,,,,,,
60137,经验关卡终极模式28,,,,city/adventure/exp/icon_jx.png,4,12,1,5,,,,,,battle/scene/bg_shm.jpg,,,,,104,60136,,100,510,510,,,,2,0,,,{13=0;14=0;15=0},,,,,,,,,,,,,{40027=14;40047=6},{killNumber=20},,,,,,,,,,,,,,,,,,,,,,
60138,经验关卡终极模式29,,,,city/adventure/exp/icon_jx.png,4,12,1,5,,,,,,battle/scene/bg_shm.jpg,,,,,104,60137,,100,510,510,,,,2,0,,,{13=0;14=0;15=0},,,,,,,,,,,,,{40027=14;40047=6},{killNumber=20},,,,,,,,,,,,,,,,,,,,,,
60139,经验关卡终极模式30,,,,city/adventure/exp/icon_jx.png,4,12,1,5,,,,,,battle/scene/bg_shm.jpg,,,,,104,60138,,100,510,510,,,,2,0,,,{13=0;14=0;15=0},,,,,,,,,,,,,{40027=14;40047=6},{killNumber=20},,,,,,,,,,,,,,,,,,,,,,
60140,经验关卡终极模式31,,,,city/adventure/exp/icon_jx.png,4,12,1,5,,,,,,battle/scene/bg_shm.jpg,,,,,104,60139,,100,510,510,,,,2,0,,,{13=0;14=0;15=0},,,,,,,,,,,,,{40027=14;40047=6},{killNumber=20},,,,,,,,,,,,,,,,,,,,,,
60141,经验关卡终极模式32,,,,city/adventure/exp/icon_jx.png,4,12,1,5,,,,,,battle/scene/bg_shm.jpg,,,,,104,60140,,100,510,510,,,,2,0,,,{13=0;14=0;15=0},,,,,,,,,,,,,{40027=14;40047=6},{killNumber=20},,,,,,,,,,,,,,,,,,,,,,
60142,经验关卡终极模式33,,,,city/adventure/exp/icon_jx.png,4,12,1,5,,,,,,battle/scene/bg_shm.jpg,,,,,104,60141,,100,510,510,,,,2,0,,,{13=0;14=0;15=0},,,,,,,,,,,,,{40027=14;40047=6},{killNumber=20},,,,,,,,,,,,,,,,,,,,,,
60143,经验关卡终极模式34,,,,city/adventure/exp/icon_jx.png,4,12,1,5,,,,,,battle/scene/bg_shm.jpg,,,,,104,60142,,100,510,510,,,,2,0,,,{13=0;14=0;15=0},,,,,,,,,,,,,{40027=14;40047=6},{killNumber=20},,,,,,,,,,,,,,,,,,,,,,
60144,经验关卡终极模式35,,,,city/adventure/exp/icon_jx.png,4,12,1,5,,,,,,battle/scene/bg_shm.jpg,,,,,104,60143,,100,510,510,,,,2,0,,,{13=0;14=0;15=0},,,,,,,,,,,,,{40027=14;40047=6},{killNumber=20},,,,,,,,,,,,,,,,,,,,,,
60145,经验关卡终极模式36,,,,city/adventure/exp/icon_jx.png,4,12,1,5,,,,,,battle/scene/bg_shm.jpg,,,,,104,60144,,100,510,510,,,,2,0,,,{13=0;14=0;15=0},,,,,,,,,,,,,{40027=14;40047=6},{killNumber=20},,,,,,,,,,,,,,,,,,,,,,
60146,经验关卡终极模式37,,,,city/adventure/exp/icon_jx.png,4,12,1,5,,,,,,battle/scene/bg_shm.jpg,,,,,104,60145,,100,510,510,,,,2,0,,,{13=0;14=0;15=0},,,,,,,,,,,,,{40027=14;40047=6},{killNumber=20},,,,,,,,,,,,,,,,,,,,,,
60147,经验关卡终极模式38,,,,city/adventure/exp/icon_jx.png,4,12,1,5,,,,,,battle/scene/bg_shm.jpg,,,,,104,60146,,100,510,510,,,,2,0,,,{13=0;14=0;15=0},,,,,,,,,,,,,{40027=14;40047=6},{killNumber=20},,,,,,,,,,,,,,,,,,,,,,
60148,经验关卡终极模式39,,,,city/adventure/exp/icon_jx.png,4,12,1,5,,,,,,battle/scene/bg_shm.jpg,,,,,104,60147,,100,510,510,,,,2,0,,,{13=0;14=0;15=0},,,,,,,,,,,,,{40027=14;40047=6},{killNumber=20},,,,,,,,,,,,,,,,,,,,,,
60149,经验关卡终极模式40,,,,city/adventure/exp/icon_jx.png,4,12,1,5,,,,,,battle/scene/bg_shm.jpg,,,,,104,60148,,100,510,510,,,,2,0,,,{13=0;14=0;15=0},,,,,,,,,,,,,{40027=14;40047=6},{killNumber=20},,,,,,,,,,,,,,,,,,,,,,
60150,经验关卡终极模式41,,,,city/adventure/exp/icon_jx.png,4,12,1,5,,,,,,battle/scene/bg_shm.jpg,,,,,104,60149,,100,510,510,,,,2,0,,,{13=0;14=0;15=0},,,,,,,,,,,,,{40027=14;40047=6},{killNumber=20},,,,,,,,,,,,,,,,,,,,,,
60151,经验关卡终极模式42,,,,city/adventure/exp/icon_jx.png,4,12,1,5,,,,,,battle/scene/bg_shm.jpg,,,,,104,60150,,100,510,510,,,,2,0,,,{13=0;14=0;15=0},,,,,,,,,,,,,{40027=14;40047=6},{killNumber=20},,,,,,,,,,,,,,,,,,,,,,
60152,经验关卡终极模式43,,,,city/adventure/exp/icon_jx.png,4,12,1,5,,,,,,battle/scene/bg_shm.jpg,,,,,104,60151,,100,510,510,,,,2,0,,,{13=0;14=0;15=0},,,,,,,,,,,,,{40027=14;40047=6},{killNumber=20},,,,,,,,,,,,,,,,,,,,,,
60153,经验关卡终极模式44,,,,city/adventure/exp/icon_jx.png,4,12,1,5,,,,,,battle/scene/bg_shm.jpg,,,,,104,60152,,100,510,510,,,,2,0,,,{13=0;14=0;15=0},,,,,,,,,,,,,{40027=14;40047=6},{killNumber=20},,,,,,,,,,,,,,,,,,,,,,
60154,经验关卡终极模式45,,,,city/adventure/exp/icon_jx.png,4,12,1,5,,,,,,battle/scene/bg_shm.jpg,,,,,104,60153,,100,510,510,,,,2,0,,,{13=0;14=0;15=0},,,,,,,,,,,,,{40027=14;40047=6},{killNumber=20},,,,,,,,,,,,,,,,,,,,,,
60155,经验关卡终极模式46,,,,city/adventure/exp/icon_jx.png,4,12,1,5,,,,,,battle/scene/bg_shm.jpg,,,,,104,60154,,100,510,510,,,,2,0,,,{13=0;14=0;15=0},,,,,,,,,,,,,{40027=14;40047=6},{killNumber=20},,,,,,,,,,,,,,,,,,,,,,
60156,经验关卡终极模式47,,,,city/adventure/exp/icon_jx.png,4,12,1,5,,,,,,battle/scene/bg_shm.jpg,,,,,104,60155,,100,510,510,,,,2,0,,,{13=0;14=0;15=0},,,,,,,,,,,,,{40027=14;40047=6},{killNumber=20},,,,,,,,,,,,,,,,,,,,,,
60157,经验关卡终极模式48,,,,city/adventure/exp/icon_jx.png,4,12,1,5,,,,,,battle/scene/bg_shm.jpg,,,,,104,60156,,100,510,510,,,,2,0,,,{13=0;14=0;15=0},,,,,,,,,,,,,{40027=14;40047=6},{killNumber=20},,,,,,,,,,,,,,,,,,,,,,
60158,经验关卡终极模式49,,,,city/adventure/exp/icon_jx.png,4,12,1,5,,,,,,battle/scene/bg_shm.jpg,,,,,104,60157,,100,510,510,,,,2,0,,,{13=0;14=0;15=0},,,,,,,,,,,,,{40027=14;40047=6},{killNumber=20},,,,,,,,,,,,,,,,,,,,,,
60159,经验关卡终极模式50,,,,city/adventure/exp/icon_jx.png,4,12,1,5,,,,,,battle/scene/bg_shm.jpg,,,,,104,60158,,100,510,510,,,,2,0,,,{13=0;14=0;15=0},,,,,,,,,,,,,{40027=14;40047=6},{killNumber=20},,,,,,,,,,,,,,,,,,,,,,
60201,礼物副本物免1,,,,city/adventure/exp/icon_jd.png,7,13,2,5,,,,,,battle/scene/bg_grass.jpg,,,,,30,,,30,120,120,,,,2,0,,,{900=0;901=0},,,,,,,,,,,,,,,,,,,,,,,,,,,,,,,,,,,,
60202,礼物副本物免2,,,,city/adventure/exp/icon_kn.png,7,13,2,5,,,,,,battle/scene/bg_night.jpg,,,,,40,,,40,160,160,,,,2,0,,,{900=0;901=0},,,,,,,,,,,,,,,,,,,,,,,,,,,,,,,,,,,,
60203,礼物副本物免3,,,,city/adventure/exp/icon_jj.png,7,13,2,5,,,,,,battle/scene/bg_tower.jpg,,,,,52,,,52,208,208,,,,2,0,,,{900=0;902=0},,,,,,,,,,,,,,,,,,,,,,,,,,,,,,,,,,,,
60204,礼物副本物免4,,,,city/adventure/exp/icon_ds.png,7,13,2,5,,,,,,battle/scene/bg_sd.jpg,,,,,64,,,64,256,256,,,,2,0,,,{900=0;901=0;902=0},,,,,,,,,,,,,,,,,,,,,,,,,,,,,,,,,,,,
60205,礼物副本物免5,,,,city/adventure/exp/icon_ly.png,7,13,2,5,,,,,,battle/scene/bg_red.jpg,,,,,78,,,78,312,312,,,,2,0,,,{900=0;901=0;902=0},,,,,,,,,,,,,,,,,,,,,,,,,,,,,,,,,,,,
60206,礼物副本物免6,,,,city/adventure/exp/icon_sy.png,7,13,2,5,,,,,,battle/scene/bg_grass.jpg,,,,,91,,,91,364,364,,,,2,0,,,{900=0;901=0;902=0},,,,,,,,,,,,,,,,,,,,,,,,,,,,,,,,,,,,
60207,礼物副本物免7,,,,city/adventure/exp/icon_zj.png,7,13,2,5,,,,,,battle/scene/bg_grass.jpg,,,,,100,,,100,416,416,,,,2,0,,,{900=0;901=0;902=0},,,,,,,,,,,,,,,,,,,,,,,,,,,,,,,,,,,,
60251,礼物副本物免1,,,,city/adventure/exp/icon_jd.png,7,13,2,5,,,,,,battle/scene/bg_tower.jpg,,,,,30,,,30,120,120,,,,2,0,,,{900=0;901=0},,,,,,,,,,,,,,,,,,,,,,,,,,,,,,,,,,,,
60252,礼物副本物免2,,,,city/adventure/exp/icon_kn.png,7,13,2,5,,,,,,battle/scene/bg_sd.jpg,,,,,40,,,40,160,160,,,,2,0,,,{900=0;901=0},,,,,,,,,,,,,,,,,,,,,,,,,,,,,,,,,,,,
60253,礼物副本物免3,,,,city/adventure/exp/icon_jj.png,7,13,2,5,,,,,,battle/scene/bg_red.jpg,,,,,52,,,52,208,208,,,,2,0,,,{900=0;902=0},,,,,,,,,,,,,,,,,,,,,,,,,,,,,,,,,,,,
60254,礼物副本物免4,,,,city/adventure/exp/icon_ds.png,7,13,2,5,,,,,,battle/scene/bg_grass.jpg,,,,,64,,,64,256,256,,,,2,0,,,{900=0;901=0;902=0},,,,,,,,,,,,,,,,,,,,,,,,,,,,,,,,,,,,
60255,礼物副本物免5,,,,city/adventure/exp/icon_ly.png,7,13,2,5,,,,,,battle/scene/bg_night.jpg,,,,,78,,,78,312,312,,,,2,0,,,{900=0;901=0;902=0},,,,,,,,,,,,,,,,,,,,,,,,,,,,,,,,,,,,
60256,礼物副本物免6,,,,city/adventure/exp/icon_sy.png,7,13,2,5,,,,,,battle/scene/bg_tower.jpg,,,,,91,,,91,364,364,,,,2,0,,,{900=0;901=0;902=0},,,,,,,,,,,,,,,,,,,,,,,,,,,,,,,,,,,,
60257,礼物副本物免7,,,,city/adventure/exp/icon_zj.png,7,13,2,5,,,,,,battle/scene/bg_grass.jpg,,,,,100,,,100,416,416,,,,2,0,,,{900=0;901=0;902=0},,,,,,,,,,,,,,,,,,,,,,,,,,,,,,,,,,,,
60301,碎片本组1,,,,city/adventure/exp/icon_jd.png,8,14,1,5,,,,,,battle/scene/bg_red.jpg,,,,,36,,,36,144,144,,,,2,0,,,{900=0;901=0},,,,,,,,,,,,,,,,,,,,,,,,,,,,,,,,,,,,
60302,碎片本组1,,,,city/adventure/exp/icon_kn.png,8,14,1,5,,,,,,battle/scene/bg_grass.jpg,,,,,45,,,45,180,180,,,,2,0,,,{850=0;851=0;900=0;901=0},,,,,,,,,,,,,,,,,,,,,,,,,,,,,,,,,,,,
60303,碎片本组1,,,,city/adventure/exp/icon_jj.png,8,14,1,5,,,,,,battle/scene/bg_night.jpg,,,,,56,,,56,224,224,,,,2,0,,,{850=0;851=0;900=0;901=0},,,,,,,,,,,,,,,,,,,,,,,,,,,,,,,,,,,,
60304,碎片本组1,,,,city/adventure/exp/icon_ds.png,8,14,1,5,,,,,,battle/scene/bg_tower.jpg,,,,,68,,,68,272,272,,,,2,0,,,{850=0;851=0;901=0;902=0},,,,,,,,,,,,,,,,,,,,,,,,,,,,,,,,,,,,
60305,碎片本组1,,,,city/adventure/exp/icon_ly.png,8,14,1,5,,,,,,battle/scene/bg_sd.jpg,,,,,80,,,80,320,320,,,,2,0,,,{850=0;851=0;901=0;902=0},,,,,,,,,,,,,,,,,,,,,,,,,,,,,,,,,,,,
60306,碎片本组1,,,,city/adventure/exp/icon_sy.png,8,14,1,5,,,,,,battle/scene/bg_red.jpg,,,,,95,,,95,380,380,,,,2,0,,,{850=0;851=0;901=0;902=0},,,,,,,,,,,,,,,,,,,,,,,,,,,,,,,,,,,,
60307,碎片本组1,,,,city/adventure/exp/icon_zj.png,8,14,1,5,,,,,,battle/scene/bg_red.jpg,,,,,104,,,104,440,440,,,,2,0,,,{850=0;851=0;901=0;902=0},,,,,,,,,,,,,,,,,,,,,,,,,,,,,,,,,,,,
60321,碎片本组2,,,,city/adventure/exp/icon_jd.png,8,14,1,5,,,,,,battle/scene/bg_night.jpg,,,,,36,,,36,144,144,,,,2,0,,,{900=0;901=0},,,,,,,,,,,,,,,,,,,,,,,,,,,,,,,,,,,,
60322,碎片本组2,,,,city/adventure/exp/icon_kn.png,8,14,1,5,,,,,,battle/scene/bg_tower.jpg,,,,,45,,,45,180,180,,,,2,0,,,{850=0;851=0;900=0;901=0},,,,,,,,,,,,,,,,,,,,,,,,,,,,,,,,,,,,
60323,碎片本组2,,,,city/adventure/exp/icon_jj.png,8,14,1,5,,,,,,battle/scene/bg_sd.jpg,,,,,56,,,56,224,224,,,,2,0,,,{850=0;851=0;900=0;901=0},,,,,,,,,,,,,,,,,,,,,,,,,,,,,,,,,,,,
60324,碎片本组2,,,,city/adventure/exp/icon_ds.png,8,14,1,5,,,,,,battle/scene/bg_red.jpg,,,,,68,,,68,272,272,,,,2,0,,,{850=0;851=0;901=0;902=0},,,,,,,,,,,,,,,,,,,,,,,,,,,,,,,,,,,,
60325,碎片本组2,,,,city/adventure/exp/icon_ly.png,8,14,1,5,,,,,,battle/scene/bg_grass.jpg,,,,,80,,,80,320,320,,,,2,0,,,{850=0;851=0;901=0;902=0},,,,,,,,,,,,,,,,,,,,,,,,,,,,,,,,,,,,
60326,碎片本组2,,,,city/adventure/exp/icon_sy.png,8,14,1,5,,,,,,battle/scene/bg_night.jpg,,,,,95,,,95,380,380,,,,2,0,,,{850=0;851=0;901=0;902=0},,,,,,,,,,,,,,,,,,,,,,,,,,,,,,,,,,,,
60327,碎片本组2,,,,city/adventure/exp/icon_zj.png,8,14,1,5,,,,,,battle/scene/bg_night.jpg,,,,,104,,,104,440,440,,,,2,0,,,{850=0;851=0;901=0;902=0},,,,,,,,,,,,,,,,,,,,,,,,,,,,,,,,,,,,
60341,碎片本组3,,,,city/adventure/exp/icon_jd.png,8,14,1,5,,,,,,battle/scene/bg_night.jpg,,,,,36,,,36,144,144,,,,2,0,,,{900=0;901=0},,,,,,,,,,,,,,,,,,,,,,,,,,,,,,,,,,,,
60342,碎片本组3,,,,city/adventure/exp/icon_kn.png,8,14,1,5,,,,,,battle/scene/bg_tower.jpg,,,,,45,,,45,180,180,,,,2,0,,,{850=0;851=0;900=0;901=0},,,,,,,,,,,,,,,,,,,,,,,,,,,,,,,,,,,,
60343,碎片本组3,,,,city/adventure/exp/icon_jj.png,8,14,1,5,,,,,,battle/scene/bg_sd.jpg,,,,,56,,,56,224,224,,,,2,0,,,{850=0;851=0;900=0;901=0},,,,,,,,,,,,,,,,,,,,,,,,,,,,,,,,,,,,
60344,碎片本组3,,,,city/adventure/exp/icon_ds.png,8,14,1,5,,,,,,battle/scene/bg_red.jpg,,,,,68,,,68,272,272,,,,2,0,,,{850=0;851=0;901=0;902=0},,,,,,,,,,,,,,,,,,,,,,,,,,,,,,,,,,,,
60345,碎片本组3,,,,city/adventure/exp/icon_ly.png,8,14,1,5,,,,,,battle/scene/bg_grass.jpg,,,,,80,,,80,320,320,,,,2,0,,,{850=0;851=0;901=0;902=0},,,,,,,,,,,,,,,,,,,,,,,,,,,,,,,,,,,,
60346,碎片本组3,,,,city/adventure/exp/icon_sy.png,8,14,1,5,,,,,,battle/scene/bg_night.jpg,,,,,95,,,95,380,380,,,,2,0,,,{850=0;851=0;901=0;902=0},,,,,,,,,,,,,,,,,,,,,,,,,,,,,,,,,,,,
60347,碎片本组3,,,,city/adventure/exp/icon_zj.png,8,14,1,5,,,,,,battle/scene/bg_night.jpg,,,,,104,,,104,440,440,,,,2,0,,,{850=0;851=0;901=0;902=0},,,,,,,,,,,,,,,,,,,,,,,,,,,,,,,,,,,,
60361,碎片本组4,,,,city/adventure/exp/icon_jd.png,8,14,1,5,,,,,,battle/scene/bg_night.jpg,,,,,36,,,36,144,144,,,,2,0,,,{900=0;901=0},,,,,,,,,,,,,,,,,,,,,,,,,,,,,,,,,,,,
60362,碎片本组4,,,,city/adventure/exp/icon_kn.png,8,14,1,5,,,,,,battle/scene/bg_tower.jpg,,,,,45,,,45,180,180,,,,2,0,,,{850=0;851=0;900=0;901=0},,,,,,,,,,,,,,,,,,,,,,,,,,,,,,,,,,,,
60363,碎片本组4,,,,city/adventure/exp/icon_jj.png,8,14,1,5,,,,,,battle/scene/bg_sd.jpg,,,,,56,,,56,224,224,,,,2,0,,,{850=0;851=0;900=0;901=0},,,,,,,,,,,,,,,,,,,,,,,,,,,,,,,,,,,,
60364,碎片本组4,,,,city/adventure/exp/icon_ds.png,8,14,1,5,,,,,,battle/scene/bg_red.jpg,,,,,68,,,68,272,272,,,,2,0,,,{850=0;851=0;901=0;902=0},,,,,,,,,,,,,,,,,,,,,,,,,,,,,,,,,,,,
60365,碎片本组4,,,,city/adventure/exp/icon_ly.png,8,14,1,5,,,,,,battle/scene/bg_grass.jpg,,,,,80,,,80,320,320,,,,2,0,,,{850=0;851=0;901=0;902=0},,,,,,,,,,,,,,,,,,,,,,,,,,,,,,,,,,,,
60366,碎片本组4,,,,city/adventure/exp/icon_sy.png,8,14,1,5,,,,,,battle/scene/bg_night.jpg,,,,,95,,,95,380,380,,,,2,0,,,{850=0;851=0;901=0;902=0},,,,,,,,,,,,,,,,,,,,,,,,,,,,,,,,,,,,
60367,碎片本组4,,,,city/adventure/exp/icon_zj.png,8,14,1,5,,,,,,battle/scene/bg_night.jpg,,,,,104,,,104,440,440,,,,2,0,,,{850=0;851=0;901=0;902=0},,,,,,,,,,,,,,,,,,,,,,,,,,,,,,,,,,,,
60381,碎片本组5,,,,city/adventure/exp/icon_jd.png,8,14,1,5,,,,,,battle/scene/bg_night.jpg,,,,,36,,,36,144,144,,,,2,0,,,{900=0;901=0},,,,,,,,,,,,,,,,,,,,,,,,,,,,,,,,,,,,
60382,碎片本组5,,,,city/adventure/exp/icon_kn.png,8,14,1,5,,,,,,battle/scene/bg_tower.jpg,,,,,45,,,45,180,180,,,,2,0,,,{850=0;851=0;900=0;901=0},,,,,,,,,,,,,,,,,,,,,,,,,,,,,,,,,,,,
60383,碎片本组5,,,,city/adventure/exp/icon_jj.png,8,14,1,5,,,,,,battle/scene/bg_sd.jpg,,,,,56,,,56,224,224,,,,2,0,,,{850=0;851=0;900=0;901=0},,,,,,,,,,,,,,,,,,,,,,,,,,,,,,,,,,,,
60384,碎片本组5,,,,city/adventure/exp/icon_ds.png,8,14,1,5,,,,,,battle/scene/bg_red.jpg,,,,,68,,,68,272,272,,,,2,0,,,{850=0;851=0;901=0;902=0},,,,,,,,,,,,,,,,,,,,,,,,,,,,,,,,,,,,
60385,碎片本组5,,,,city/adventure/exp/icon_ly.png,8,14,1,5,,,,,,battle/scene/bg_grass.jpg,,,,,80,,,80,320,320,,,,2,0,,,{850=0;851=0;901=0;902=0},,,,,,,,,,,,,,,,,,,,,,,,,,,,,,,,,,,,
60386,碎片本组5,,,,city/adventure/exp/icon_sy.png,8,14,1,5,,,,,,battle/scene/bg_night.jpg,,,,,95,,,95,380,380,,,,2,0,,,{850=0;851=0;901=0;902=0},,,,,,,,,,,,,,,,,,,,,,,,,,,,,,,,,,,,
60387,碎片本组5,,,,city/adventure/exp/icon_zj.png,8,14,1,5,,,,,,battle/scene/bg_night.jpg,,,,,104,,,104,440,440,,,,2,0,,,{850=0;851=0;901=0;902=0},,,,,,,,,,,,,,,,,,,,,,,,,,,,,,,,,,,,
60401,碎片本组6,,,,city/adventure/exp/icon_jd.png,8,14,1,5,,,,,,battle/scene/bg_night.jpg,,,,,36,,,36,144,144,,,,2,0,,,{900=0;901=0},,,,,,,,,,,,,,,,,,,,,,,,,,,,,,,,,,,,
60402,碎片本组6,,,,city/adventure/exp/icon_kn.png,8,14,1,5,,,,,,battle/scene/bg_tower.jpg,,,,,45,,,45,180,180,,,,2,0,,,{850=0;851=0;900=0;901=0},,,,,,,,,,,,,,,,,,,,,,,,,,,,,,,,,,,,
60403,碎片本组6,,,,city/adventure/exp/icon_jj.png,8,14,1,5,,,,,,battle/scene/bg_sd.jpg,,,,,56,,,56,224,224,,,,2,0,,,{850=0;851=0;900=0;901=0},,,,,,,,,,,,,,,,,,,,,,,,,,,,,,,,,,,,
60404,碎片本组6,,,,city/adventure/exp/icon_ds.png,8,14,1,5,,,,,,battle/scene/bg_red.jpg,,,,,68,,,68,272,272,,,,2,0,,,{850=0;851=0;901=0;902=0},,,,,,,,,,,,,,,,,,,,,,,,,,,,,,,,,,,,
60405,碎片本组6,,,,city/adventure/exp/icon_ly.png,8,14,1,5,,,,,,battle/scene/bg_grass.jpg,,,,,80,,,80,320,320,,,,2,0,,,{850=0;851=0;901=0;902=0},,,,,,,,,,,,,,,,,,,,,,,,,,,,,,,,,,,,
60406,碎片本组6,,,,city/adventure/exp/icon_sy.png,8,14,1,5,,,,,,battle/scene/bg_night.jpg,,,,,95,,,95,380,380,,,,2,0,,,{850=0;851=0;901=0;902=0},,,,,,,,,,,,,,,,,,,,,,,,,,,,,,,,,,,,
60407,碎片本组6,,,,city/adventure/exp/icon_zj.png,8,14,1,5,,,,,,battle/scene/bg_night.jpg,,,,,104,,,104,440,440,,,,2,0,,,{850=0;851=0;901=0;902=0},,,,,,,,,,,,,,,,,,,,,,,,,,,,,,,,,,,,
60411,碎片本组7,,,,city/adventure/exp/icon_jd.png,8,14,1,5,,,,,,battle/scene/bg_night.jpg,,,,,36,,,36,144,144,,,,2,0,,,{900=0;901=0},,,,,,,,,,,,,,,,,,,,,,,,,,,,,,,,,,,,
60412,碎片本组7,,,,city/adventure/exp/icon_kn.png,8,14,1,5,,,,,,battle/scene/bg_tower.jpg,,,,,45,,,45,180,180,,,,2,0,,,{850=0;851=0;900=0;901=0},,,,,,,,,,,,,,,,,,,,,,,,,,,,,,,,,,,,
60413,碎片本组7,,,,city/adventure/exp/icon_jj.png,8,14,1,5,,,,,,battle/scene/bg_sd.jpg,,,,,56,,,56,224,224,,,,2,0,,,{850=0;851=0;900=0;901=0},,,,,,,,,,,,,,,,,,,,,,,,,,,,,,,,,,,,
60414,碎片本组7,,,,city/adventure/exp/icon_ds.png,8,14,1,5,,,,,,battle/scene/bg_red.jpg,,,,,68,,,68,272,272,,,,2,0,,,{850=0;851=0;901=0;902=0},,,,,,,,,,,,,,,,,,,,,,,,,,,,,,,,,,,,
60415,碎片本组7,,,,city/adventure/exp/icon_ly.png,8,14,1,5,,,,,,battle/scene/bg_grass.jpg,,,,,80,,,80,320,320,,,,2,0,,,{850=0;851=0;901=0;902=0},,,,,,,,,,,,,,,,,,,,,,,,,,,,,,,,,,,,
60416,碎片本组7,,,,city/adventure/exp/icon_sy.png,8,14,1,5,,,,,,battle/scene/bg_night.jpg,,,,,95,,,95,380,380,,,,2,0,,,{850=0;851=0;901=0;902=0},,,,,,,,,,,,,,,,,,,,,,,,,,,,,,,,,,,,
60417,碎片本组7,,,,city/adventure/exp/icon_zj.png,8,14,1,5,,,,,,battle/scene/bg_night.jpg,,,,,104,,,104,440,440,,,,2,0,,,{850=0;851=0;901=0;902=0},,,,,,,,,,,,,,,,,,,,,,,,,,,,,,,,,,,,
60421,碎片本组8,,,,city/adventure/exp/icon_jd.png,8,14,1,5,,,,,,battle/scene/bg_night.jpg,,,,,36,,,36,144,144,,,,2,0,,,{900=0;901=0},,,,,,,,,,,,,,,,,,,,,,,,,,,,,,,,,,,,
60422,碎片本组8,,,,city/adventure/exp/icon_kn.png,8,14,1,5,,,,,,battle/scene/bg_tower.jpg,,,,,45,,,45,180,180,,,,2,0,,,{850=0;851=0;900=0;901=0},,,,,,,,,,,,,,,,,,,,,,,,,,,,,,,,,,,,
60423,碎片本组8,,,,city/adventure/exp/icon_jj.png,8,14,1,5,,,,,,battle/scene/bg_sd.jpg,,,,,56,,,56,224,224,,,,2,0,,,{850=0;851=0;900=0;901=0},,,,,,,,,,,,,,,,,,,,,,,,,,,,,,,,,,,,
60424,碎片本组8,,,,city/adventure/exp/icon_ds.png,8,14,1,5,,,,,,battle/scene/bg_red.jpg,,,,,68,,,68,272,272,,,,2,0,,,{850=0;851=0;901=0;902=0},,,,,,,,,,,,,,,,,,,,,,,,,,,,,,,,,,,,
60425,碎片本组8,,,,city/adventure/exp/icon_ly.png,8,14,1,5,,,,,,battle/scene/bg_grass.jpg,,,,,80,,,80,320,320,,,,2,0,,,{850=0;851=0;901=0;902=0},,,,,,,,,,,,,,,,,,,,,,,,,,,,,,,,,,,,
60426,碎片本组8,,,,city/adventure/exp/icon_sy.png,8,14,1,5,,,,,,battle/scene/bg_night.jpg,,,,,95,,,95,380,380,,,,2,0,,,{850=0;851=0;901=0;902=0},,,,,,,,,,,,,,,,,,,,,,,,,,,,,,,,,,,,
60427,碎片本组8,,,,city/adventure/exp/icon_zj.png,8,14,1,5,,,,,,battle/scene/bg_night.jpg,,,,,104,,,104,440,440,,,,2,0,,,{850=0;851=0;901=0;902=0},,,,,,,,,,,,,,,,,,,,,,,,,,,,,,,,,,,,
60431,碎片本组9,,,,city/adventure/exp/icon_jd.png,8,14,1,5,,,,,,battle/scene/bg_night.jpg,,,,,36,,,36,144,144,,,,2,0,,,{900=0;901=0},,,,,,,,,,,,,,,,,,,,,,,,,,,,,,,,,,,,
60432,碎片本组9,,,,city/adventure/exp/icon_kn.png,8,14,1,5,,,,,,battle/scene/bg_tower.jpg,,,,,45,,,45,180,180,,,,2,0,,,{850=0;851=0;900=0;901=0},,,,,,,,,,,,,,,,,,,,,,,,,,,,,,,,,,,,
60433,碎片本组9,,,,city/adventure/exp/icon_jj.png,8,14,1,5,,,,,,battle/scene/bg_sd.jpg,,,,,56,,,56,224,224,,,,2,0,,,{850=0;851=0;900=0;901=0},,,,,,,,,,,,,,,,,,,,,,,,,,,,,,,,,,,,
60434,碎片本组9,,,,city/adventure/exp/icon_ds.png,8,14,1,5,,,,,,battle/scene/bg_red.jpg,,,,,68,,,68,272,272,,,,2,0,,,{850=0;851=0;901=0;902=0},,,,,,,,,,,,,,,,,,,,,,,,,,,,,,,,,,,,
60435,碎片本组9,,,,city/adventure/exp/icon_ly.png,8,14,1,5,,,,,,battle/scene/bg_grass.jpg,,,,,80,,,80,320,320,,,,2,0,,,{850=0;851=0;901=0;902=0},,,,,,,,,,,,,,,,,,,,,,,,,,,,,,,,,,,,
60436,碎片本组9,,,,city/adventure/exp/icon_sy.png,8,14,1,5,,,,,,battle/scene/bg_night.jpg,,,,,95,,,95,380,380,,,,2,0,,,{850=0;851=0;901=0;902=0},,,,,,,,,,,,,,,,,,,,,,,,,,,,,,,,,,,,
60437,碎片本组9,,,,city/adventure/exp/icon_zj.png,8,14,1,5,,,,,,battle/scene/bg_night.jpg,,,,,104,,,104,440,440,,,,2,0,,,{850=0;851=0;901=0;902=0},,,,,,,,,,,,,,,,,,,,,,,,,,,,,,,,,,,,
60441,碎片本组10,,,,city/adventure/exp/icon_jd.png,8,14,1,5,,,,,,battle/scene/bg_night.jpg,,,,,36,,,36,144,144,,,,2,0,,,{900=0;901=0},,,,,,,,,,,,,,,,,,,,,,,,,,,,,,,,,,,,
60442,碎片本组10,,,,city/adventure/exp/icon_kn.png,8,14,1,5,,,,,,battle/scene/bg_tower.jpg,,,,,45,,,45,180,180,,,,2,0,,,{850=0;851=0;900=0;901=0},,,,,,,,,,,,,,,,,,,,,,,,,,,,,,,,,,,,
60443,碎片本组10,,,,city/adventure/exp/icon_jj.png,8,14,1,5,,,,,,battle/scene/bg_sd.jpg,,,,,56,,,56,224,224,,,,2,0,,,{850=0;851=0;900=0;901=0},,,,,,,,,,,,,,,,,,,,,,,,,,,,,,,,,,,,
60444,碎片本组10,,,,city/adventure/exp/icon_ds.png,8,14,1,5,,,,,,battle/scene/bg_red.jpg,,,,,68,,,68,272,272,,,,2,0,,,{850=0;851=0;901=0;902=0},,,,,,,,,,,,,,,,,,,,,,,,,,,,,,,,,,,,
60445,碎片本组10,,,,city/adventure/exp/icon_ly.png,8,14,1,5,,,,,,battle/scene/bg_grass.jpg,,,,,80,,,80,320,320,,,,2,0,,,{850=0;851=0;901=0;902=0},,,,,,,,,,,,,,,,,,,,,,,,,,,,,,,,,,,,
60446,碎片本组10,,,,city/adventure/exp/icon_sy.png,8,14,1,5,,,,,,battle/scene/bg_night.jpg,,,,,95,,,95,380,380,,,,2,0,,,{850=0;851=0;901=0;902=0},,,,,,,,,,,,,,,,,,,,,,,,,,,,,,,,,,,,
60447,碎片本组10,,,,city/adventure/exp/icon_zj.png,8,14,1,5,,,,,,battle/scene/bg_night.jpg,,,,,104,,,104,440,440,,,,2,0,,,{850=0;851=0;901=0;902=0},,,,,,,,,,,,,,,,,,,,,,,,,,,,,,,,,,,,
60501,契约副本,,,,city/adventure/exp/icon_jd.png,35,16,1,5,,,,,,battle/scene/bg_night.jpg,,,,,82,,,82,200,82,,,,2,0,,,{131=0;132=0;9151=0;9152=0},,,,,,,,,,,,,,,,,,,,,,,,,,,,,,,,,,,,
60502,契约副本,,,,city/adventure/exp/icon_kn.png,35,16,1,5,,,,,,battle/scene/bg_tower.jpg,,,,,85,,,85,260,85,,,,2,0,,,{131=0;132=0;9151=0;9152=0},,,,,,,,,,,,,,,,,,,,,,,,,,,,,,,,,,,,
60503,契约副本,,,,city/adventure/exp/icon_jj.png,35,16,1,5,,,,,,battle/scene/bg_sd.jpg,,,,,90,,,90,340,90,,,,2,0,,,{131=0;132=0;9151=0;9152=0},,,,,,,,,,,,,,,,,,,,,,,,,,,,,,,,,,,,
60504,契约副本,,,,city/adventure/exp/icon_ds.png,35,16,1,5,,,,,,battle/scene/bg_red.jpg,,,,,95,,,95,420,95,,,,2,0,,,{131=0;132=0;9151=0;9152=0;9153=0},,,,,,,,,,,,,,,,,,,,,,,,,,,,,,,,,,,,
60505,契约副本,,,,city/adventure/exp/icon_ly.png,35,16,1,5,,,,,,battle/scene/bg_grass.jpg,,,,,100,,,100,500,100,,,,2,0,,,{131=0;132=0;9151=0;9152=0;9153=0},,,,,,,,,,,,,,,,,,,,,,,,,,,,,,,,,,,,
60506,契约副本,,,,city/adventure/exp/icon_sy.png,35,16,1,5,,,,,,battle/scene/bg_night.jpg,,,,,105,,,105,600,105,,,,2,0,,,{131=0;132=0;9151=0;9152=0;9153=0},,,,,,,,,,,,,,,,,,,,,,,,,,,,,,,,,,,,
60507,契约副本,,,,city/adventure/exp/icon_zj.png,35,16,1,5,,,,,,battle/scene/bg_grass.jpg,,,,,110,,,110,700,110,,,,2,0,,,{131=0;132=0;9151=0;9152=0;9153=0},,,,,,,,,,,,,,,,,,,,,,,,,,,,,,,,,,,,
60601,劳动节活动副本,,,,city/adventure/exp/icon_jd.png,16,15,1,15,,,,,,battle/scene/bg_night.jpg,,,,,24,,<{key=1;value=1};{key=5;value=1};{key=3;value=20}>,36,,,boss501,,,2,0,,,{6346=0;20711=0;gold=0},,,,,,,,,,,,,,,,,,,,,,,,,,,,,,,,,,,,
60602,劳动节活动副本,,,,city/adventure/exp/icon_kn.png,16,15,1,15,,,,,,battle/scene/bg_tower.jpg,,,,,24,,<{key=1;value=1};{key=5;value=1};{key=3;value=20}>,45,,,boss502,,,2,0,,,{6346=0;20711=0;gold=0},,,,,,,,,,,,,,,,,,,,,,,,,,,,,,,,,,,,
60603,劳动节活动副本,,,,city/adventure/exp/icon_jj.png,16,15,1,15,,,,,,battle/scene/bg_sd.jpg,,,,,24,,<{key=1;value=1};{key=5;value=1};{key=3;value=20}>,56,,,boss503,,,2,0,,,{6346=0;20711=0;gold=0},,,,,,,,,,,,,,,,,,,,,,,,,,,,,,,,,,,,
60604,劳动节活动副本,,,,city/adventure/exp/icon_ds.png,16,15,1,15,,,,,,battle/scene/bg_red.jpg,,,,,24,,<{key=1;value=1};{key=5;value=1};{key=3;value=20}>,68,,,boss504,,,2,0,,,{6346=0;20711=0;gold=0},,,,,,,,,,,,,,,,,,,,,,,,,,,,,,,,,,,,
60605,劳动节活动副本,,,,city/adventure/exp/icon_ly.png,16,15,1,15,,,,,,battle/scene/bg_grass.jpg,,,,,24,,<{key=1;value=1};{key=5;value=1};{key=3;value=20}>,80,,,boss505,,,2,0,,,{6346=0;20711=0;gold=0},,,,,,,,,,,,,,,,,,,,,,,,,,,,,,,,,,,,
60606,劳动节活动副本,,,,city/adventure/exp/icon_sy.png,16,15,1,15,,,,,,battle/scene/bg_night.jpg,,,,,24,,<{key=1;value=1};{key=5;value=1};{key=3;value=20}>,95,,,boss506,,,2,0,,,{6346=0;20711=0;gold=0},,,,,,,,,,,,,,,,,,,,,,,,,,,,,,,,,,,,
60701,圣诞节活动副本,,,,city/adventure/exp/icon_jd.png,16,15,1,,,,,,,battle/scene/bg_night.jpg,,,,,24,,<{key=1;value=1};{key=5;value=1};{key=3;value=20}>,36,,,,60701,,2,0,,,{6325=0;21941=0;21951=0;gold=0},,,,,,,,,,,,,,,,,,,,,,,,,,,,,,,,,,,,
60702,圣诞节活动副本,,,,city/adventure/exp/icon_kn.png,16,15,1,,,,,,,battle/scene/bg_tower.jpg,,,,,24,,<{key=1;value=1};{key=5;value=1};{key=3;value=20}>,45,,,,60702,,2,0,,,{6325=0;21941=0;21951=0;gold=0},,,,,,,,,,,,,,,,,,,,,,,,,,,,,,,,,,,,
60703,圣诞节活动副本,,,,city/adventure/exp/icon_jj.png,16,15,1,,,,,,,battle/scene/bg_sd.jpg,,,,,24,,<{key=1;value=1};{key=5;value=1};{key=3;value=20}>,56,,,,60703,,2,0,,,{6325=0;21941=0;21951=0;gold=0},,,,,,,,,,,,,,,,,,,,,,,,,,,,,,,,,,,,
60704,圣诞节活动副本,,,,city/adventure/exp/icon_ds.png,16,15,1,,,,,,,battle/scene/bg_red.jpg,,,,,24,,<{key=1;value=1};{key=5;value=1};{key=3;value=20}>,68,,,,60704,,2,0,,,{6325=0;21941=0;21951=0;gold=0},,,,,,,,,,,,,,,,,,,,,,,,,,,,,,,,,,,,
60705,圣诞节活动副本,,,,city/adventure/exp/icon_ly.png,16,15,1,,,,,,,battle/scene/bg_grass.jpg,,,,,24,,<{key=1;value=1};{key=5;value=1};{key=3;value=20}>,80,,,,60705,,2,0,,,{6325=0;21941=0;21951=0;gold=0},,,,,,,,,,,,,,,,,,,,,,,,,,,,,,,,,,,,
60706,圣诞节活动副本,,,,city/adventure/exp/icon_sy.png,16,15,1,,,,,,,battle/scene/bg_night.jpg,,,,,24,,<{key=1;value=1};{key=5;value=1};{key=3;value=20}>,95,,,,60706,,2,0,,,{6325=0;21941=0;21951=0;gold=0},,,,,,,,,,,,,,,,,,,,,,,,,,,,,,,,,,,,
60801,劳动节活动副本,,,,city/adventure/exp/icon_jd.png,16,15,1,10,,,,,,battle/scene/bg_night.jpg,,,,,24,,<{key=1;value=1};{key=5;value=1};{key=3;value=20}>,36,,20,,60801,,2,0,,,{8118=0;20701=0;gold=0},,,,,,,,,,,,,,,,,,,,,,,,,,,,,,,,,,,,
60802,劳动节活动副本,,,,city/adventure/exp/icon_kn.png,16,15,1,10,,,,,,battle/scene/bg_tower.jpg,,,,,24,,<{key=1;value=1};{key=5;value=1};{key=3;value=20}>,45,,30,,60802,,2,0,,,{8118=0;20701=0;gold=0},,,,,,,,,,,,,,,,,,,,,,,,,,,,,,,,,,,,
60803,劳动节活动副本,,,,city/adventure/exp/icon_jj.png,16,15,1,10,,,,,,battle/scene/bg_sd.jpg,,,,,24,,<{key=1;value=1};{key=5;value=1};{key=3;value=20}>,56,,40,,60803,,2,0,,,{8118=0;20701=0;gold=0},,,,,,,,,,,,,,,,,,,,,,,,,,,,,,,,,,,,
60804,劳动节活动副本,,,,city/adventure/exp/icon_ds.png,16,15,1,10,,,,,,battle/scene/bg_red.jpg,,,,,24,,<{key=1;value=1};{key=5;value=1};{key=3;value=20}>,68,,68,,60804,,2,0,,,{8118=0;20701=0;gold=0},,,,,,,,,,,,,,,,,,,,,,,,,,,,,,,,,,,,
60805,劳动节活动副本,,,,city/adventure/exp/icon_ly.png,16,15,1,10,,,,,,battle/scene/bg_grass.jpg,,,,,24,,<{key=1;value=1};{key=5;value=1};{key=3;value=20}>,80,,80,,60805,,2,0,,,{8118=0;20701=0;gold=0},,,,,,,,,,,,,,,,,,,,,,,,,,,,,,,,,,,,
60806,劳动节活动副本,,,,city/adventure/exp/icon_sy.png,16,15,1,10,,,,,,battle/scene/bg_night.jpg,,,,,24,,<{key=1;value=1};{key=5;value=1};{key=3;value=20}>,95,,95,,60806,,2,0,,,{8118=0;20701=0;gold=0},,,,,,,,,,,,,,,,,,,,,,,,,,,,,,,,,,,,
60811,劳动节活动副本,,,,city/adventure/exp/icon_jd.png,16,15,1,,,,,,,battle/scene/bg_night.jpg,,,,,24,,<{key=1;value=1};{key=5;value=1};{key=3;value=20}>,36,,20,,60901,,2,0,,,{8118=0;22021=0;gold=0},,,,,,,,,,,,,,,,,,,,,,,,,,,,,,,,,,,,
60812,劳动节活动副本,,,,city/adventure/exp/icon_kn.png,16,15,1,,,,,,,battle/scene/bg_tower.jpg,,,,,24,,<{key=1;value=1};{key=5;value=1};{key=3;value=20}>,45,,30,,60902,,2,0,,,{8118=0;22021=0;gold=0},,,,,,,,,,,,,,,,,,,,,,,,,,,,,,,,,,,,
60813,劳动节活动副本,,,,city/adventure/exp/icon_jj.png,16,15,1,,,,,,,battle/scene/bg_sd.jpg,,,,,24,,<{key=1;value=1};{key=5;value=1};{key=3;value=20}>,56,,40,,60903,,2,0,,,{8118=0;22021=0;gold=0},,,,,,,,,,,,,,,,,,,,,,,,,,,,,,,,,,,,
60814,劳动节活动副本,,,,city/adventure/exp/icon_ds.png,16,15,1,,,,,,,battle/scene/bg_red.jpg,,,,,24,,<{key=1;value=1};{key=5;value=1};{key=3;value=20}>,68,,68,,60904,,2,0,,,{8118=0;22021=0;gold=0},,,,,,,,,,,,,,,,,,,,,,,,,,,,,,,,,,,,
60815,劳动节活动副本,,,,city/adventure/exp/icon_ly.png,16,15,1,,,,,,,battle/scene/bg_grass.jpg,,,,,24,,<{key=1;value=1};{key=5;value=1};{key=3;value=20}>,80,,80,,60905,,2,0,,,{8118=0;22021=0;gold=0},,,,,,,,,,,,,,,,,,,,,,,,,,,,,,,,,,,,
60816,劳动节活动副本,,,,city/adventure/exp/icon_sy.png,16,15,1,,,,,,,battle/scene/bg_night.jpg,,,,,24,,<{key=1;value=1};{key=5;value=1};{key=3;value=20}>,95,,95,,60906,,2,0,,,{8118=0;22021=0;gold=0},,,,,,,,,,,,,,,,,,,,,,,,,,,,,,,,,,,,
60821,劳动节活动副本,,,,city/adventure/exp/icon_jd.png,16,15,1,,,,,,,battle/scene/bg_night.jpg,,,,,24,,<{key=1;value=1};{key=5;value=1};{key=3;value=20}>,36,,20,,60821,,2,0,,,{8118=0;20561=0;22831=0;gold=0},,,,,,,,,,,,,,,,,,,,,,,,,,,,,,,,,,,,
60822,劳动节活动副本,,,,city/adventure/exp/icon_kn.png,16,15,1,,,,,,,battle/scene/bg_tower.jpg,,,,,24,,<{key=1;value=1};{key=5;value=1};{key=3;value=20}>,45,,30,,60822,,2,0,,,{8118=0;20561=0;22831=0;gold=0},,,,,,,,,,,,,,,,,,,,,,,,,,,,,,,,,,,,
60823,劳动节活动副本,,,,city/adventure/exp/icon_jj.png,16,15,1,,,,,,,battle/scene/bg_sd.jpg,,,,,24,,<{key=1;value=1};{key=5;value=1};{key=3;value=20}>,56,,40,,60823,,2,0,,,{8118=0;20561=0;22831=0;gold=0},,,,,,,,,,,,,,,,,,,,,,,,,,,,,,,,,,,,
60824,劳动节活动副本,,,,city/adventure/exp/icon_ds.png,16,15,1,,,,,,,battle/scene/bg_red.jpg,,,,,24,,<{key=1;value=1};{key=5;value=1};{key=3;value=20}>,68,,68,,60824,,2,0,,,{8118=0;20561=0;22831=0;gold=0},,,,,,,,,,,,,,,,,,,,,,,,,,,,,,,,,,,,
60825,劳动节活动副本,,,,city/adventure/exp/icon_ly.png,16,15,1,,,,,,,battle/scene/bg_grass.jpg,,,,,24,,<{key=1;value=1};{key=5;value=1};{key=3;value=20}>,80,,80,,60825,,2,0,,,{8118=0;20561=0;22831=0;gold=0},,,,,,,,,,,,,,,,,,,,,,,,,,,,,,,,,,,,
60826,劳动节活动副本,,,,city/adventure/exp/icon_sy.png,16,15,1,,,,,,,battle/scene/bg_night.jpg,,,,,24,,<{key=1;value=1};{key=5;value=1};{key=3;value=20}>,95,,95,,60826,,2,0,,,{8118=0;20561=0;22831=0;gold=0},,,,,,,,,,,,,,,,,,,,,,,,,,,,,,,,,,,,
60901,国庆节活动副本2021,,,,city/adventure/exp/icon_jd.png,16,15,1,,,,,,,battle/scene/bg_night.jpg,,,,,24,,<{key=1;value=1};{key=5;value=1};{key=3;value=20}>,36,,20,,60901,,2,0,,,{900=0;901=0;930=0;5000=0;22021=0},,,,,,,,,,,,,,,,,,,,,,,,,,,,,,,,,,,,
60902,国庆节活动副本2021,,,,city/adventure/exp/icon_kn.png,16,15,1,,,,,,,battle/scene/bg_tower.jpg,,,,,24,,<{key=1;value=1};{key=5;value=1};{key=3;value=20}>,45,,30,,60902,,2,0,,,{900=0;901=0;930=0;5000=0;22021=0},,,,,,,,,,,,,,,,,,,,,,,,,,,,,,,,,,,,
60903,国庆节活动副本2021,,,,city/adventure/exp/icon_jj.png,16,15,1,,,,,,,battle/scene/bg_sd.jpg,,,,,24,,<{key=1;value=1};{key=5;value=1};{key=3;value=20}>,56,,40,,60903,,2,0,,,{900=0;901=0;930=0;5000=0;22021=0},,,,,,,,,,,,,,,,,,,,,,,,,,,,,,,,,,,,
60904,国庆节活动副本2021,,,,city/adventure/exp/icon_ds.png,16,15,1,,,,,,,battle/scene/bg_red.jpg,,,,,24,,<{key=1;value=1};{key=5;value=1};{key=3;value=20}>,68,,68,,60904,,2,0,,,{900=0;901=0;930=0;5000=0;22021=0},,,,,,,,,,,,,,,,,,,,,,,,,,,,,,,,,,,,
60905,国庆节活动副本2021,,,,city/adventure/exp/icon_ly.png,16,15,1,,,,,,,battle/scene/bg_grass.jpg,,,,,24,,<{key=1;value=1};{key=5;value=1};{key=3;value=20}>,80,,80,,60905,,2,0,,,{900=0;901=0;930=0;5000=0;22021=0},,,,,,,,,,,,,,,,,,,,,,,,,,,,,,,,,,,,
60906,国庆节活动副本2021,,,,city/adventure/exp/icon_sy.png,16,15,1,,,,,,,battle/scene/bg_night.jpg,,,,,24,,<{key=1;value=1};{key=5;value=1};{key=3;value=20}>,95,,95,,60906,,2,0,,,{900=0;901=0;930=0;5000=0;22021=0},,,,,,,,,,,,,,,,,,,,,,,,,,,,,,,,,,,,
61001,怨影娃娃,,<{advance=13;unitId=21001;level=90};{advance=13;unitId=21001;level=90};{advance=13;unitId=21002;level=90};{advance=13;unitId=21002;level=90};{advance=13;unitId=21002;level=90}>,<{advance=13;unitId=21001;level=90}>,,22,22,1,,,,,,,battle/scene/bg_xszd.jpg,,,,,20,,,90,,,,61001,61001,1,0,,,{6381=0;6382=0;20391=0;21811=0;22991=0},,娃娃在万圣之夜会变得更加强大,,,,,,,,,,,,,,,,,,,,,,,,,,,,,,,,,,
61002,怨影娃娃,,<{advance=13;unitId=21002;level=90};{advance=13;unitId=21001;level=90}>,<{advance=13;unitId=21002;level=90}>,,22,22,1,,,,,,,battle/scene/bg_xszd.jpg,,,,,20,,,90,,,,61002,61002,1,0,,,{6381=0;6382=0;20391=0;21811=0;22991=0},,娃娃在万圣之夜会变得更加强大,,,,,,,,,,,,,,,,,,,,,,,,,,,,,,,,,,
61003,怨影娃娃,,<{advance=13;unitId=21001;level=90};{advance=13;unitId=21002;level=90}>,<{advance=13;unitId=21001;level=90}>,,22,22,1,,,,,,,battle/scene/bg_xszd.jpg,,,,,20,,,90,,,,61003,61003,1,0,,,{6381=0;6382=0;20391=0;21811=0;22991=0},,娃娃在万圣之夜会变得更加强大,,,,,,,,,,,,,,,,,,,,,,,,,,,,,,,,,,
61004,怨影娃娃,,<{advance=13;unitId=21001;level=90};{advance=13;unitId=21002;level=90};{advance=13;unitId=21001;level=90}>,<{advance=13;unitId=21002;level=90}>,,22,22,1,,,,,,,battle/scene/bg_xszd.jpg,,,,,20,,,90,,,,61004,61004,1,0,,,{6381=0;6382=0;20391=0;21811=0;22991=0},,娃娃在万圣之夜会变得更加强大,,,,,,,,,,,,,,,,,,,,,,,,,,,,,,,,,,
61011,耿鬼,,<{advance=14;unitId=21011;level=95};{advance=14;unitId=21011;level=95}>,<{advance=14;unitId=21011;level=95}>,,22,22,1,,,,,,,battle/scene/bg_xszd.jpg,,,,,20,,,90,,,,61011,61011,1,0,,,{6381=0;6382=0;20391=0;21811=0;22991=0},,请击杀说真话的耿鬼！,,,,,,,,,,,,,,,,,,,,,,,,,,,,,,,,,,
61012,耿鬼,,<{advance=14;unitId=21011;level=95};{advance=14;unitId=21011;level=95}>,<{advance=14;unitId=21011;level=95}>,,22,22,1,,,,,,,battle/scene/bg_xszd.jpg,,,,,20,,,90,,,,61012,61012,1,0,,,{6381=0;6382=0;20391=0;21811=0;22991=0},,请击杀说真话的耿鬼！,,,,,,,,,,,,,,,,,,,,,,,,,,,,,,,,,,
61013,耿鬼,,<{advance=14;unitId=21011;level=95};{advance=14;unitId=21011;level=95}>,<{advance=14;unitId=21011;level=95}>,,22,22,1,,,,,,,battle/scene/bg_xszd.jpg,,,,,20,,,90,,,,61013,61013,1,0,,,{6381=0;6382=0;20391=0;21811=0;22991=0},,请击杀说真话的耿鬼！,,,,,,,,,,,,,,,,,,,,,,,,,,,,,,,,,,
61014,超级耿鬼,,<{advance=14;unitId=21012;level=95};{advance=14;unitId=21012;level=95};{advance=14;unitId=21012;level=95};{advance=14;unitId=21012;level=95};{advance=14;unitId=21012;level=95}>,<{advance=14;unitId=21012;level=95}>,,22,22,1,,,,,,,battle/scene/bg_xszd.jpg,,,,,20,,,90,,,,61014,61014,1,0,,,{6381=0;6382=0;20391=0;21811=0;22991=0},,不要惊扰沉睡中的耿鬼,,,,,,,,,,,,,,,,,,,,,,,,,,,,,,,,,,
61021,骑拉帝纳·起源,,<{advance=15;unitId=21021;level=100};{advance=15;unitId=21026;level=100};{advance=15;unitId=21025;level=100};{advance=15;unitId=21024;level=100};{advance=15;unitId=21023;level=100}>,<{advance=15;unitId=21022;level=100}>,,22,22,1,,,,,,,battle/scene/bg_xszd.jpg,,,,,20,,,90,,,,61021,61021,1,0,,,{6381=0;6382=0;20391=0;21811=0;22991=0},,骑拉帝纳在毁灭世界与现实世界穿梭，起源形态拥有强大的复苏能力，请小心谨慎对待；其中一个世界毁灭另一个世界也会随之毁灭！,,,,,,,,,,,,,,,,,,,,,,,,,,,,,,,,,,
61022,骑拉帝纳·起源,,<{advance=15;unitId=21031;level=100}>,<{advance=15;unitId=21032;level=100}>,,22,22,1,,,,,,,battle/scene/bg_xszd.jpg,,,,,20,,,90,,,,61022,61022,1,0,,,{6381=0;6382=0;20391=0;21811=0;22991=0},,毁灭世界与现实世界相连，请在同一时刻击杀,,,,,,,,,,,,,,,,,,,,,,,,,,,,,,,,,,
61023,骑拉帝纳·起源,,<{advance=15;unitId=21041;level=100};{advance=15;unitId=21042;level=100};{advance=15;unitId=21041;level=100};{advance=15;unitId=21042;level=100};{advance=15;unitId=21041;level=100}>,<{advance=15;unitId=21042;level=100}>,,22,22,1,,,,,,,battle/scene/bg_xszd.jpg,,,,,20,,,90,,,,61023,61023,1,0,,,{6381=0;6382=0;20391=0;21811=0;22991=0},,在颠倒的世界中会使己方必杀技的力量逐渐消亡！,,,,,,,,,,,,,,,,,,,,,,,,,,,,,,,,,,
61024,骑拉帝纳·起源,,<{advance=15;unitId=21051;level=100};{advance=15;unitId=21051;level=100}>,<{advance=15;unitId=21052;level=100}>,,22,22,1,,,,,,,battle/scene/bg_xszd.jpg,,,,,20,,,90,,,,61024,61024,1,0,,,{6381=0;6382=0;20391=0;21811=0;22991=0},,头晕请入眠，驱散清我心！,,,,,,,,,,,,,,,,,,,,,,,,,,,,,,,,,,
62001,怨影娃娃,,<{advance=13;unitId=21001;level=90};{advance=13;unitId=21001;level=90};{advance=13;unitId=21002;level=90};{advance=13;unitId=21002;level=90};{advance=13;unitId=21002;level=90}>,<{advance=13;unitId=21001;level=90}>,,22,22,1,,,,,,,battle/scene/bg_xszd.jpg,,,,,20,,,90,,,,62001,62001,1,0,,,{6381=0;6382=0;20391=0;20971=0;21811=0;22991=0},,娃娃在万圣之夜会变得更加强大,,,,,,,,,,,,,,,,,,,,,,,,,,,,,,,,,,
62002,怨影娃娃,,<{advance=13;unitId=21002;level=90};{advance=13;unitId=21001;level=90}>,<{advance=13;unitId=21002;level=90}>,,22,22,1,,,,,,,battle/scene/bg_xszd.jpg,,,,,20,,,90,,,,62002,62002,1,0,,,{6381=0;6382=0;20391=0;20971=0;21811=0;22991=0},,娃娃在万圣之夜会变得更加强大,,,,,,,,,,,,,,,,,,,,,,,,,,,,,,,,,,
62003,怨影娃娃,,<{advance=13;unitId=21001;level=90};{advance=13;unitId=21002;level=90}>,<{advance=13;unitId=21001;level=90}>,,22,22,1,,,,,,,battle/scene/bg_xszd.jpg,,,,,20,,,90,,,,62003,62003,1,0,,,{6381=0;6382=0;20391=0;20971=0;21811=0;22991=0},,娃娃在万圣之夜会变得更加强大,,,,,,,,,,,,,,,,,,,,,,,,,,,,,,,,,,
62004,怨影娃娃,,<{advance=13;unitId=21001;level=90};{advance=13;unitId=21002;level=90};{advance=13;unitId=21001;level=90}>,<{advance=13;unitId=21002;level=90}>,,22,22,1,,,,,,,battle/scene/bg_xszd.jpg,,,,,20,,,90,,,,62004,62004,1,0,,,{6381=0;6382=0;20391=0;20971=0;21811=0;22991=0},,娃娃在万圣之夜会变得更加强大,,,,,,,,,,,,,,,,,,,,,,,,,,,,,,,,,,
62011,耿鬼,,<{advance=14;unitId=21011;level=95};{advance=14;unitId=21011;level=95}>,<{advance=14;unitId=21011;level=95}>,,22,22,1,,,,,,,battle/scene/bg_xszd.jpg,,,,,20,,,90,,,,62011,62011,1,0,,,{6381=0;6382=0;20391=0;20971=0;21811=0;22991=0},,请击杀说真话的耿鬼！,,,,,,,,,,,,,,,,,,,,,,,,,,,,,,,,,,
62012,耿鬼,,<{advance=14;unitId=21011;level=95};{advance=14;unitId=21011;level=95}>,<{advance=14;unitId=21011;level=95}>,,22,22,1,,,,,,,battle/scene/bg_xszd.jpg,,,,,20,,,90,,,,62012,62012,1,0,,,{6381=0;6382=0;20391=0;20971=0;21811=0;22991=0},,请击杀说真话的耿鬼！,,,,,,,,,,,,,,,,,,,,,,,,,,,,,,,,,,
62013,耿鬼,,<{advance=14;unitId=21011;level=95};{advance=14;unitId=21011;level=95}>,<{advance=14;unitId=21011;level=95}>,,22,22,1,,,,,,,battle/scene/bg_xszd.jpg,,,,,20,,,90,,,,62013,62013,1,0,,,{6381=0;6382=0;20391=0;20971=0;21811=0;22991=0},,请击杀说真话的耿鬼！,,,,,,,,,,,,,,,,,,,,,,,,,,,,,,,,,,
62014,超级耿鬼,,<{advance=14;unitId=21012;level=95};{advance=14;unitId=21012;level=95};{advance=14;unitId=21012;level=95};{advance=14;unitId=21012;level=95};{advance=14;unitId=21012;level=95}>,<{advance=14;unitId=21012;level=95}>,,22,22,1,,,,,,,battle/scene/bg_xszd.jpg,,,,,20,,,90,,,,62014,62014,1,0,,,{6381=0;6382=0;20391=0;20971=0;21811=0;22991=0},,不要惊扰沉睡中的耿鬼,,,,,,,,,,,,,,,,,,,,,,,,,,,,,,,,,,
62021,骑拉帝纳·起源,,<{advance=15;unitId=21021;level=100};{advance=15;unitId=21026;level=100};{advance=15;unitId=21025;level=100};{advance=15;unitId=21024;level=100};{advance=15;unitId=21023;level=100}>,<{advance=15;unitId=21022;level=100}>,,22,22,1,,,,,,,battle/scene/bg_xszd.jpg,,,,,20,,,90,,,,62021,62021,1,0,,,{6381=0;6382=0;20391=0;20971=0;21811=0;22991=0},,骑拉帝纳在毁灭世界与现实世界穿梭，起源形态拥有强大的复苏能力，请小心谨慎对待；其中一个世界毁灭另一个世界也会随之毁灭！,,,,,,,,,,,,,,,,,,,,,,,,,,,,,,,,,,
62022,骑拉帝纳·起源,,<{advance=15;unitId=21031;level=100}>,<{advance=15;unitId=21032;level=100}>,,22,22,1,,,,,,,battle/scene/bg_xszd.jpg,,,,,20,,,90,,,,62022,62022,1,0,,,{6381=0;6382=0;20391=0;20971=0;21811=0;22991=0},,毁灭世界与现实世界相连，请在同一时刻击杀,,,,,,,,,,,,,,,,,,,,,,,,,,,,,,,,,,
62023,骑拉帝纳·起源,,<{advance=15;unitId=21041;level=100};{advance=15;unitId=21042;level=100};{advance=15;unitId=21041;level=100};{advance=15;unitId=21042;level=100};{advance=15;unitId=21041;level=100}>,<{advance=15;unitId=21042;level=100}>,,22,22,1,,,,,,,battle/scene/bg_xszd.jpg,,,,,20,,,90,,,,62023,62023,1,0,,,{6381=0;6382=0;20391=0;20971=0;21811=0;22991=0},,在颠倒的世界中会使己方必杀技的力量逐渐消亡！,,,,,,,,,,,,,,,,,,,,,,,,,,,,,,,,,,
62024,骑拉帝纳·起源,,<{advance=15;unitId=21051;level=100};{advance=15;unitId=21051;level=100}>,<{advance=15;unitId=21052;level=100}>,,22,22,1,,,,,,,battle/scene/bg_xszd.jpg,,,,,20,,,90,,,,62024,62024,1,0,,,{6381=0;6382=0;20391=0;20971=0;21811=0;22991=0},,头晕请入眠，驱散清我心！,,,,,,,,,,,,,,,,,,,,,,,,,,,,,,,,,,
62031,梦妖魔,,<{advance=15;unitId=22012;level=100};{advance=15;unitId=22012;level=100};{advance=15;unitId=22012;level=100};{advance=15;unitId=22012;level=100};{advance=15;unitId=22012;level=100}>,<{advance=15;unitId=22011;level=100}>,,22,22,1,,,,,,,battle/scene/bg_xszd.jpg,,,,,20,,,90,,,,62031,62031,1,0,,,{6381=0;6382=0;20391=0;20971=0;21811=0;22991=0},,梦魇降临！梦妖魔准备出击！,,,,,,,,,,,,,,,,,,,,,,,,,,,,,,,,,,
62032,梦妖魔,,<{advance=15;unitId=22013;level=100};{advance=15;unitId=22013;level=100};{advance=15;unitId=22014;level=100};{advance=15;unitId=22013;level=100};{advance=15;unitId=22014;level=100}>,<{advance=15;unitId=22014;level=100}>,,22,22,1,,,,,,,battle/scene/bg_xszd.jpg,,,,,20,,,90,,,,62032,62032,1,0,,,{6381=0;6382=0;20391=0;20971=0;21811=0;22991=0},,梦妖天生愚钝，血量较低时会混乱攻击队友,,,,,,,,,,,,,,,,,,,,,,,,,,,,,,,,,,
62033,梦妖魔,,<{advance=15;unitId=22014;level=100};{advance=15;unitId=22014;level=100};{advance=15;unitId=22014;level=100};{advance=15;unitId=22014;level=100};{advance=15;unitId=22014;level=100}>,<{advance=15;unitId=22015;level=100}>,,22,22,1,,,,,,,battle/scene/bg_xszd.jpg,,,,,20,,,90,,,,62033,62033,1,0,,,{6381=0;6382=0;20391=0;20971=0;21811=0;22991=0},,黑夜就是我的面纱，红眼让我感到焕发！,,,,,,,,,,,,,,,,,,,,,,,,,,,,,,,,,,
62034,梦妖魔,,<{advance=15;unitId=22017;level=100};{advance=15;unitId=22017;level=100};{advance=15;unitId=22016;level=100};{advance=15;unitId=22017;level=100};{advance=15;unitId=22016;level=100}>,<{advance=15;unitId=22016;level=100}>,,22,22,1,,,,,,,battle/scene/bg_xszd.jpg,,,,,20,,,90,,,,62034,62034,1,0,,,{6381=0;6382=0;20391=0;20971=0;21811=0;22991=0},,梦妖魔在黑夜中异常凶残，大回合内受到到主动技能会变狂暴,,,,,,,,,,,,,,,,,,,,,,,,,,,,,,,,,,
62041,惩戒胡帕,,<>,<{advance=15;unitId=22005;level=100}>,,22,22,1,,,,,,,battle/scene/bg_xszd.jpg,,,,,20,,,90,,,,62041,62041,1,0,,,{6381=0;6382=0;20391=0;20971=0;21811=0;22991=0},,小胡帕最喜欢和大家一起玩了，人越多越好！,,,,,,,,,,,,,,,,,,,,,,,,,,,,,,,,,,
62042,惩戒胡帕,,<{advance=14;unitId=223641;level=95};{advance=14;unitId=223641;level=95};{advance=14;unitId=223641;level=95};{advance=14;unitId=223641;level=95};{advance=14;unitId=223641;level=95}>,<{advance=15;unitId=223641;level=100}>,,22,22,1,,,,,,,battle/scene/bg_xszd.jpg,,,,,20,,,90,,,,62042,62042,1,0,,,{6381=0;6382=0;20391=0;20971=0;21811=0;22991=0},,小胡帕祝大家万圣节快乐！,,,,,,,,,,,,,,,,,,,,,,,,,,,,,,,,,,
62043,解放胡帕,,<{advance=14;unitId=22006;level=95};{advance=14;unitId=22006;level=95}>,<{advance=15;unitId=22007;level=100}>,,22,22,1,,,,,,,battle/scene/bg_xszd.jpg,,,,,20,,,90,,,,62043,62043,1,0,,,{6381=0;6382=0;20391=0;20971=0;21811=0;22991=0},,说好了玩一回合休息一回合，你们可别不讲武德,,,,,,,,,,,,,,,,,,,,,,,,,,,,,,,,,,
62044,惩戒胡帕,,<>,<{advance=15;unitId=22003;level=100}>,,22,22,1,,,,,,,battle/scene/bg_xszd.jpg,,,,,20,,,90,,,,62044,62044,1,0,,,{6381=0;6382=0;20391=0;20971=0;21811=0;22991=0},,等它玩累吧，或者你打得过也行,,,,,,,,,,,,,,,,,,,,,,,,,,,,,,,,,,
63001,圣诞节活动副本,,,,city/adventure/exp/icon_jd.png,16,15,1,,,,,,,battle/scene/bg_night.jpg,,,,,24,,<{key=1;value=1};{key=5;value=1};{key=3;value=20}>,36,,,,63001,,2,0,,,{6325=0;20441=0;20501=0;gold=0},,,,,,,,,,,,,,,,,,,,,,,,,,,,,,,,,,,,
63002,圣诞节活动副本,,,,city/adventure/exp/icon_kn.png,16,15,1,,,,,,,battle/scene/bg_tower.jpg,,,,,24,,<{key=1;value=1};{key=5;value=1};{key=3;value=20}>,45,,,,63002,,2,0,,,{6325=0;20441=0;20501=0;gold=0},,,,,,,,,,,,,,,,,,,,,,,,,,,,,,,,,,,,
63003,圣诞节活动副本,,,,city/adventure/exp/icon_jj.png,16,15,1,,,,,,,battle/scene/bg_sd.jpg,,,,,24,,<{key=1;value=1};{key=5;value=1};{key=3;value=20}>,56,,,,63003,,2,0,,,{6325=0;20441=0;20501=0;gold=0},,,,,,,,,,,,,,,,,,,,,,,,,,,,,,,,,,,,
63004,圣诞节活动副本,,,,city/adventure/exp/icon_ds.png,16,15,1,,,,,,,battle/scene/bg_red.jpg,,,,,24,,<{key=1;value=1};{key=5;value=1};{key=3;value=20}>,68,,,,63004,,2,0,,,{6325=0;20441=0;20501=0;gold=0},,,,,,,,,,,,,,,,,,,,,,,,,,,,,,,,,,,,
63005,圣诞节活动副本,,,,city/adventure/exp/icon_ly.png,16,15,1,,,,,,,battle/scene/bg_grass.jpg,,,,,24,,<{key=1;value=1};{key=5;value=1};{key=3;value=20}>,80,,,,63005,,2,0,,,{6325=0;20441=0;20501=0;gold=0},,,,,,,,,,,,,,,,,,,,,,,,,,,,,,,,,,,,
63006,圣诞节活动副本,,,,city/adventure/exp/icon_sy.png,16,15,1,,,,,,,battle/scene/bg_night.jpg,,,,,24,,<{key=1;value=1};{key=5;value=1};{key=3;value=20}>,95,,,,63006,,2,0,,,{6325=0;20441=0;20501=0;gold=0},,,,,,,,,,,,,,,,,,,,,,,,,,,,,,,,,,,,
63101,国庆节活动副本2022,,,,city/adventure/exp/icon_jd.png,16,15,1,,,,,,,battle/scene/bg_night.jpg,,,,,24,,<{key=1;value=1};{key=5;value=1};{key=3;value=20}>,36,,20,,63101,,2,0,,,{900=0;901=0;930=0;5000=0;20251=0},,,,,,,,,,,,,,,,,,,,,,,,,,,,,,,,,,,,
63102,国庆节活动副本2022,,,,city/adventure/exp/icon_kn.png,16,15,1,,,,,,,battle/scene/bg_tower.jpg,,,,,24,,<{key=1;value=1};{key=5;value=1};{key=3;value=20}>,45,,30,,63102,,2,0,,,{900=0;901=0;930=0;5000=0;20251=0},,,,,,,,,,,,,,,,,,,,,,,,,,,,,,,,,,,,
63103,国庆节活动副本2022,,,,city/adventure/exp/icon_jj.png,16,15,1,,,,,,,battle/scene/bg_sd.jpg,,,,,24,,<{key=1;value=1};{key=5;value=1};{key=3;value=20}>,56,,40,,63103,,2,0,,,{900=0;901=0;930=0;5000=0;20251=0},,,,,,,,,,,,,,,,,,,,,,,,,,,,,,,,,,,,
63104,国庆节活动副本2022,,,,city/adventure/exp/icon_ds.png,16,15,1,,,,,,,battle/scene/bg_red.jpg,,,,,24,,<{key=1;value=1};{key=5;value=1};{key=3;value=20}>,68,,68,,63104,,2,0,,,{900=0;901=0;930=0;5000=0;20251=0},,,,,,,,,,,,,,,,,,,,,,,,,,,,,,,,,,,,
63105,国庆节活动副本2022,,,,city/adventure/exp/icon_ly.png,16,15,1,,,,,,,battle/scene/bg_grass.jpg,,,,,24,,<{key=1;value=1};{key=5;value=1};{key=3;value=20}>,80,,80,,63105,,2,0,,,{900=0;901=0;930=0;5000=0;20251=0},,,,,,,,,,,,,,,,,,,,,,,,,,,,,,,,,,,,
63106,国庆节活动副本2022,,,,city/adventure/exp/icon_sy.png,16,15,1,,,,,,,battle/scene/bg_night.jpg,,,,,24,,<{key=1;value=1};{key=5;value=1};{key=3;value=20}>,95,,95,,63106,,2,0,,,{900=0;901=0;930=0;5000=0;20251=0},,,,,,,,,,,,,,,,,,,,,,,,,,,,,,,,,,,,
63111,2022cn圣诞节活动副本,,,,city/adventure/exp/icon_jd.png,16,15,1,,,,,,,battle/scene/bg_night.jpg,,,,,24,,<{key=1;value=1};{key=5;value=1};{key=3;value=20}>,36,,,,63001,,2,0,,,{6325=0;20441=0;23831=0;gold=0},,,,,,,,,,,,,,,,,,,,,,,,,,,,,,,,,,,,
63112,2022cn圣诞节活动副本,,,,city/adventure/exp/icon_kn.png,16,15,1,,,,,,,battle/scene/bg_tower.jpg,,,,,24,,<{key=1;value=1};{key=5;value=1};{key=3;value=20}>,45,,,,63002,,2,0,,,{6325=0;20441=0;23831=0;gold=0},,,,,,,,,,,,,,,,,,,,,,,,,,,,,,,,,,,,
63113,2022cn圣诞节活动副本,,,,city/adventure/exp/icon_jj.png,16,15,1,,,,,,,battle/scene/bg_sd.jpg,,,,,24,,<{key=1;value=1};{key=5;value=1};{key=3;value=20}>,56,,,,63003,,2,0,,,{6325=0;20441=0;23831=0;gold=0},,,,,,,,,,,,,,,,,,,,,,,,,,,,,,,,,,,,
63114,2022cn圣诞节活动副本,,,,city/adventure/exp/icon_ds.png,16,15,1,,,,,,,battle/scene/bg_red.jpg,,,,,24,,<{key=1;value=1};{key=5;value=1};{key=3;value=20}>,68,,,,63004,,2,0,,,{6325=0;20441=0;23831=0;gold=0},,,,,,,,,,,,,,,,,,,,,,,,,,,,,,,,,,,,
63115,2022cn圣诞节活动副本,,,,city/adventure/exp/icon_ly.png,16,15,1,,,,,,,battle/scene/bg_grass.jpg,,,,,24,,<{key=1;value=1};{key=5;value=1};{key=3;value=20}>,80,,,,63005,,2,0,,,{6325=0;20441=0;23831=0;gold=0},,,,,,,,,,,,,,,,,,,,,,,,,,,,,,,,,,,,
63116,2022cn圣诞节活动副本,,,,city/adventure/exp/icon_sy.png,16,15,1,,,,,,,battle/scene/bg_night.jpg,,,,,24,,<{key=1;value=1};{key=5;value=1};{key=3;value=20}>,95,,,,63006,,2,0,,,{6325=0;20441=0;23831=0;gold=0},,,,,,,,,,,,,,,,,,,,,,,,,,,,,,,,,,,,
63121,2023劳动节活动副本,,,,city/adventure/exp/icon_jd.png,16,15,1,,,,,,,battle/scene/bg_night.jpg,,,,,24,,<{key=1;value=1};{key=5;value=1};{key=3;value=20}>,36,,20,,63121,,2,0,,,{8118=0;22131=0;gold=0},,,,,,,,,,,,,,,,,,,,,,,,,,,,,,,,,,,,
63122,2023劳动节活动副本,,,,city/adventure/exp/icon_kn.png,16,15,1,,,,,,,battle/scene/bg_tower.jpg,,,,,24,,<{key=1;value=1};{key=5;value=1};{key=3;value=20}>,45,,30,,63122,,2,0,,,{8118=0;22131=0;gold=0},,,,,,,,,,,,,,,,,,,,,,,,,,,,,,,,,,,,
63123,2023劳动节活动副本,,,,city/adventure/exp/icon_jj.png,16,15,1,,,,,,,battle/scene/bg_sd.jpg,,,,,24,,<{key=1;value=1};{key=5;value=1};{key=3;value=20}>,56,,40,,63123,,2,0,,,{8118=0;22131=0;gold=0},,,,,,,,,,,,,,,,,,,,,,,,,,,,,,,,,,,,
63124,2023劳动节活动副本,,,,city/adventure/exp/icon_ds.png,16,15,1,,,,,,,battle/scene/bg_red.jpg,,,,,24,,<{key=1;value=1};{key=5;value=1};{key=3;value=20}>,68,,68,,63124,,2,0,,,{8118=0;22131=0;gold=0},,,,,,,,,,,,,,,,,,,,,,,,,,,,,,,,,,,,
63125,2023劳动节活动副本,,,,city/adventure/exp/icon_ly.png,16,15,1,,,,,,,battle/scene/bg_grass.jpg,,,,,24,,<{key=1;value=1};{key=5;value=1};{key=3;value=20}>,80,,80,,63125,,2,0,,,{8118=0;22131=0;gold=0},,,,,,,,,,,,,,,,,,,,,,,,,,,,,,,,,,,,
63126,2023劳动节活动副本,,,,city/adventure/exp/icon_sy.png,16,15,1,,,,,,,battle/scene/bg_night.jpg,,,,,24,,<{key=1;value=1};{key=5;value=1};{key=3;value=20}>,95,,95,,63126,,2,0,,,{8118=0;22131=0;gold=0},,,,,,,,,,,,,,,,,,,,,,,,,,,,,,,,,,,,
63131,2023国庆节活动副本,,,,city/adventure/exp/icon_jd.png,16,15,1,,,,,,,battle/scene/bg_night.jpg,,,,,24,,<{key=1;value=1};{key=5;value=1};{key=3;value=20}>,36,,20,,63131,,2,0,,,{900=0;901=0;930=0;5000=0;24181=0},,,,,,,,,,,,,,,,,,,,,,,,,,,,,,,,,,,,
63132,2023国庆节活动副本,,,,city/adventure/exp/icon_kn.png,16,15,1,,,,,,,battle/scene/bg_tower.jpg,,,,,24,,<{key=1;value=1};{key=5;value=1};{key=3;value=20}>,45,,30,,63132,,2,0,,,{900=0;901=0;930=0;5000=0;24181=0},,,,,,,,,,,,,,,,,,,,,,,,,,,,,,,,,,,,
63133,2023国庆节活动副本,,,,city/adventure/exp/icon_jj.png,16,15,1,,,,,,,battle/scene/bg_sd.jpg,,,,,24,,<{key=1;value=1};{key=5;value=1};{key=3;value=20}>,56,,40,,63133,,2,0,,,{900=0;901=0;930=0;5000=0;24181=0},,,,,,,,,,,,,,,,,,,,,,,,,,,,,,,,,,,,
63134,2023国庆节活动副本,,,,city/adventure/exp/icon_ds.png,16,15,1,,,,,,,battle/scene/bg_red.jpg,,,,,24,,<{key=1;value=1};{key=5;value=1};{key=3;value=20}>,68,,68,,63134,,2,0,,,{900=0;901=0;930=0;5000=0;24181=0},,,,,,,,,,,,,,,,,,,,,,,,,,,,,,,,,,,,
63135,2023国庆节活动副本,,,,city/adventure/exp/icon_ly.png,16,15,1,,,,,,,battle/scene/bg_grass.jpg,,,,,24,,<{key=1;value=1};{key=5;value=1};{key=3;value=20}>,80,,80,,63135,,2,0,,,{900=0;901=0;930=0;5000=0;24181=0},,,,,,,,,,,,,,,,,,,,,,,,,,,,,,,,,,,,
63136,2023国庆节活动副本,,,,city/adventure/exp/icon_sy.png,16,15,1,,,,,,,battle/scene/bg_night.jpg,,,,,24,,<{key=1;value=1};{key=5;value=1};{key=3;value=20}>,95,,95,,63136,,2,0,,,{900=0;901=0;930=0;5000=0;24181=0},,,,,,,,,,,,,,,,,,,,,,,,,,,,,,,,,,,,
63141,2023cn圣诞节活动副本,,,,city/adventure/exp/icon_jd.png,16,15,1,,,,,,,battle/scene/bg_night.jpg,,,,,24,,<{key=1;value=1};{key=5;value=1};{key=3;value=20}>,36,,,,63001,,2,0,,,{6325=0;20441=0;20901=0;gold=0},,,,,,,,,,,,,,,,,,,,,,,,,,,,,,,,,,,,
63142,2023cn圣诞节活动副本,,,,city/adventure/exp/icon_kn.png,16,15,1,,,,,,,battle/scene/bg_tower.jpg,,,,,24,,<{key=1;value=1};{key=5;value=1};{key=3;value=20}>,45,,,,63002,,2,0,,,{6325=0;20441=0;20901=0;gold=0},,,,,,,,,,,,,,,,,,,,,,,,,,,,,,,,,,,,
63143,2023cn圣诞节活动副本,,,,city/adventure/exp/icon_jj.png,16,15,1,,,,,,,battle/scene/bg_sd.jpg,,,,,24,,<{key=1;value=1};{key=5;value=1};{key=3;value=20}>,56,,,,63003,,2,0,,,{6325=0;20441=0;20901=0;gold=0},,,,,,,,,,,,,,,,,,,,,,,,,,,,,,,,,,,,
63144,2023cn圣诞节活动副本,,,,city/adventure/exp/icon_ds.png,16,15,1,,,,,,,battle/scene/bg_red.jpg,,,,,24,,<{key=1;value=1};{key=5;value=1};{key=3;value=20}>,68,,,,63004,,2,0,,,{6325=0;20441=0;20901=0;gold=0},,,,,,,,,,,,,,,,,,,,,,,,,,,,,,,,,,,,
63145,2023cn圣诞节活动副本,,,,city/adventure/exp/icon_ly.png,16,15,1,,,,,,,battle/scene/bg_grass.jpg,,,,,24,,<{key=1;value=1};{key=5;value=1};{key=3;value=20}>,80,,,,63005,,2,0,,,{6325=0;20441=0;20901=0;gold=0},,,,,,,,,,,,,,,,,,,,,,,,,,,,,,,,,,,,
63146,2023cn圣诞节活动副本,,,,city/adventure/exp/icon_sy.png,16,15,1,,,,,,,battle/scene/bg_night.jpg,,,,,24,,<{key=1;value=1};{key=5;value=1};{key=3;value=20}>,95,,,,63006,,2,0,,,{6325=0;20441=0;20901=0;gold=0},,,,,,,,,,,,,,,,,,,,,,,,,,,,,,,,,,,,
63151,2024cn劳动节活动副本,,,,city/adventure/exp/icon_jd.png,16,15,1,,,,,,,battle/scene/bg_night.jpg,,,,,24,,<{key=1;value=1};{key=5;value=1};{key=3;value=20}>,36,,,,63001,,2,0,,,{8118=0;22041=0;gold=0},,,,,,,,,,,,,,,,,,,,,,,,,,,,,,,,,,,,
63152,2024cn劳动节活动副本,,,,city/adventure/exp/icon_kn.png,16,15,1,,,,,,,battle/scene/bg_tower.jpg,,,,,24,,<{key=1;value=1};{key=5;value=1};{key=3;value=20}>,45,,,,63002,,2,0,,,{8118=0;22041=0;gold=0},,,,,,,,,,,,,,,,,,,,,,,,,,,,,,,,,,,,
63153,2024cn劳动节活动副本,,,,city/adventure/exp/icon_jj.png,16,15,1,,,,,,,battle/scene/bg_sd.jpg,,,,,24,,<{key=1;value=1};{key=5;value=1};{key=3;value=20}>,56,,,,63003,,2,0,,,{8118=0;22041=0;gold=0},,,,,,,,,,,,,,,,,,,,,,,,,,,,,,,,,,,,
63154,2024cn劳动节活动副本,,,,city/adventure/exp/icon_ds.png,16,15,1,,,,,,,battle/scene/bg_red.jpg,,,,,24,,<{key=1;value=1};{key=5;value=1};{key=3;value=20}>,68,,,,63004,,2,0,,,{8118=0;22041=0;gold=0},,,,,,,,,,,,,,,,,,,,,,,,,,,,,,,,,,,,
63155,2024cn劳动节活动副本,,,,city/adventure/exp/icon_ly.png,16,15,1,,,,,,,battle/scene/bg_grass.jpg,,,,,24,,<{key=1;value=1};{key=5;value=1};{key=3;value=20}>,80,,,,63005,,2,0,,,{8118=0;22041=0;gold=0},,,,,,,,,,,,,,,,,,,,,,,,,,,,,,,,,,,,
63156,2024cn劳动节活动副本,,,,city/adventure/exp/icon_sy.png,16,15,1,,,,,,,battle/scene/bg_night.jpg,,,,,24,,<{key=1;value=1};{key=5;value=1};{key=3;value=20}>,95,,,,63006,,2,0,,,{8118=0;22041=0;gold=0},,,,,,,,,,,,,,,,,,,,,,,,,,,,,,,,,,,,
63161,2024国庆节活动副本,,,,city/adventure/exp/icon_jd.png,16,15,1,,,,,,,battle/scene/bg_night.jpg,,,,,24,,<{key=1;value=1};{key=5;value=1};{key=3;value=20}>,36,,20,,63161,,2,0,,,{900=0;901=0;930=0;5000=0;20431=0;22121=0},,,,,,,,,,,,,,,,,,,,,,,,,,,,,,,,,,,,
63162,2024国庆节活动副本,,,,city/adventure/exp/icon_kn.png,16,15,1,,,,,,,battle/scene/bg_tower.jpg,,,,,24,,<{key=1;value=1};{key=5;value=1};{key=3;value=20}>,45,,30,,63162,,2,0,,,{900=0;901=0;930=0;5000=0;20431=0;22121=0},,,,,,,,,,,,,,,,,,,,,,,,,,,,,,,,,,,,
63163,2024国庆节活动副本,,,,city/adventure/exp/icon_jj.png,16,15,1,,,,,,,battle/scene/bg_sd.jpg,,,,,24,,<{key=1;value=1};{key=5;value=1};{key=3;value=20}>,56,,40,,63163,,2,0,,,{900=0;901=0;930=0;5000=0;20431=0;22121=0},,,,,,,,,,,,,,,,,,,,,,,,,,,,,,,,,,,,
63164,2024国庆节活动副本,,,,city/adventure/exp/icon_ds.png,16,15,1,,,,,,,battle/scene/bg_red.jpg,,,,,24,,<{key=1;value=1};{key=5;value=1};{key=3;value=20}>,68,,68,,63164,,2,0,,,{900=0;901=0;930=0;5000=0;20431=0;22121=0},,,,,,,,,,,,,,,,,,,,,,,,,,,,,,,,,,,,
63165,2024国庆节活动副本,,,,city/adventure/exp/icon_ly.png,16,15,1,,,,,,,battle/scene/bg_grass.jpg,,,,,24,,<{key=1;value=1};{key=5;value=1};{key=3;value=20}>,80,,80,,63165,,2,0,,,{900=0;901=0;930=0;5000=0;20431=0;22121=0},,,,,,,,,,,,,,,,,,,,,,,,,,,,,,,,,,,,
63166,2024国庆节活动副本,,,,city/adventure/exp/icon_sy.png,16,15,1,,,,,,,battle/scene/bg_night.jpg,,,,,24,,<{key=1;value=1};{key=5;value=1};{key=3;value=20}>,95,,95,,63166,,2,0,,,{900=0;901=0;930=0;5000=0;20431=0;22121=0},,,,,,,,,,,,,,,,,,,,,,,,,,,,,,,,,,,,
63171,2024圣诞活动副本,,,,city/adventure/exp/icon_jd.png,16,15,1,,,,,,,battle/scene/bg_night.jpg,,,,,24,,<{key=1;value=1};{key=5;value=1};{key=3;value=20}>,36,,20,,63171,,2,0,,,{6325=0;20441=0;24301=0;gold=0},,,,,,,,,,,,,,,,,,,,,,,,,,,,,,,,,,,,
63172,2024圣诞活动副本,,,,city/adventure/exp/icon_kn.png,16,15,1,,,,,,,battle/scene/bg_tower.jpg,,,,,24,,<{key=1;value=1};{key=5;value=1};{key=3;value=20}>,45,,30,,63172,,2,0,,,{6325=0;20441=0;24301=0;gold=0},,,,,,,,,,,,,,,,,,,,,,,,,,,,,,,,,,,,
63173,2024圣诞活动副本,,,,city/adventure/exp/icon_jj.png,16,15,1,,,,,,,battle/scene/bg_sd.jpg,,,,,24,,<{key=1;value=1};{key=5;value=1};{key=3;value=20}>,56,,40,,63173,,2,0,,,{6325=0;20441=0;24301=0;gold=0},,,,,,,,,,,,,,,,,,,,,,,,,,,,,,,,,,,,
63174,2024圣诞活动副本,,,,city/adventure/exp/icon_ds.png,16,15,1,,,,,,,battle/scene/bg_red.jpg,,,,,24,,<{key=1;value=1};{key=5;value=1};{key=3;value=20}>,68,,68,,63174,,2,0,,,{6325=0;20441=0;24301=0;gold=0},,,,,,,,,,,,,,,,,,,,,,,,,,,,,,,,,,,,
63175,2024圣诞活动副本,,,,city/adventure/exp/icon_ly.png,16,15,1,,,,,,,battle/scene/bg_grass.jpg,,,,,24,,<{key=1;value=1};{key=5;value=1};{key=3;value=20}>,80,,80,,63175,,2,0,,,{6325=0;20441=0;24301=0;gold=0},,,,,,,,,,,,,,,,,,,,,,,,,,,,,,,,,,,,
63176,2024圣诞活动副本,,,,city/adventure/exp/icon_sy.png,16,15,1,,,,,,,battle/scene/bg_night.jpg,,,,,24,,<{key=1;value=1};{key=5;value=1};{key=3;value=20}>,95,,95,,63176,,2,0,,,{6325=0;20441=0;24301=0;gold=0},,,,,,,,,,,,,,,,,,,,,,,,,,,,,,,,,,,,
63181,2024多语言圣诞节活动副本,,,,city/adventure/exp/icon_jd.png,16,15,1,,,,,,,battle/scene/bg_night.jpg,,,,,24,,<{key=1;value=1};{key=5;value=1};{key=3;value=20}>,36,,,,63001,,2,0,,,{6325=0;20901=0;21671=0;gold=0},,,,,,,,,,,,,,,,,,,,,,,,,,,,,,,,,,,,
63182,2024多语言圣诞节活动副本,,,,city/adventure/exp/icon_kn.png,16,15,1,,,,,,,battle/scene/bg_tower.jpg,,,,,24,,<{key=1;value=1};{key=5;value=1};{key=3;value=20}>,45,,,,63002,,2,0,,,{6325=0;20901=0;21671=0;gold=0},,,,,,,,,,,,,,,,,,,,,,,,,,,,,,,,,,,,
63183,2024多语言圣诞节活动副本,,,,city/adventure/exp/icon_jj.png,16,15,1,,,,,,,battle/scene/bg_sd.jpg,,,,,24,,<{key=1;value=1};{key=5;value=1};{key=3;value=20}>,56,,,,63003,,2,0,,,{6325=0;20901=0;21671=0;gold=0},,,,,,,,,,,,,,,,,,,,,,,,,,,,,,,,,,,,
63184,2024多语言圣诞节活动副本,,,,city/adventure/exp/icon_ds.png,16,15,1,,,,,,,battle/scene/bg_red.jpg,,,,,24,,<{key=1;value=1};{key=5;value=1};{key=3;value=20}>,68,,,,63004,,2,0,,,{6325=0;20901=0;21671=0;gold=0},,,,,,,,,,,,,,,,,,,,,,,,,,,,,,,,,,,,
63185,2024多语言圣诞节活动副本,,,,city/adventure/exp/icon_ly.png,16,15,1,,,,,,,battle/scene/bg_grass.jpg,,,,,24,,<{key=1;value=1};{key=5;value=1};{key=3;value=20}>,80,,,,63005,,2,0,,,{6325=0;20901=0;21671=0;gold=0},,,,,,,,,,,,,,,,,,,,,,,,,,,,,,,,,,,,
63186,2024多语言圣诞节活动副本,,,,city/adventure/exp/icon_sy.png,16,15,1,,,,,,,battle/scene/bg_night.jpg,,,,,24,,<{key=1;value=1};{key=5;value=1};{key=3;value=20}>,95,,,,63006,,2,0,,,{6325=0;20901=0;21671=0;gold=0},,,,,,,,,,,,,,,,,,,,,,,,,,,,,,,,,,,,
63191,2025cn劳动节活动副本,,,,city/adventure/exp/icon_jd.png,16,15,1,,,,,,,battle/scene/bg_night.jpg,,,,,24,,<{key=1;value=1};{key=5;value=1};{key=3;value=20}>,36,,,,63191,,2,0,,,{8118=0;24521=0;gold=0},,,,,,,,,,,,,,,,,,,,,,,,,,,,,,,,,,,,
63192,2025cn劳动节活动副本,,,,city/adventure/exp/icon_kn.png,16,15,1,,,,,,,battle/scene/bg_tower.jpg,,,,,24,,<{key=1;value=1};{key=5;value=1};{key=3;value=20}>,45,,,,63192,,2,0,,,{8118=0;24521=0;gold=0},,,,,,,,,,,,,,,,,,,,,,,,,,,,,,,,,,,,
63193,2025cn劳动节活动副本,,,,city/adventure/exp/icon_jj.png,16,15,1,,,,,,,battle/scene/bg_sd.jpg,,,,,24,,<{key=1;value=1};{key=5;value=1};{key=3;value=20}>,56,,,,63193,,2,0,,,{8118=0;24521=0;gold=0},,,,,,,,,,,,,,,,,,,,,,,,,,,,,,,,,,,,
63194,2025cn劳动节活动副本,,,,city/adventure/exp/icon_ds.png,16,15,1,,,,,,,battle/scene/bg_red.jpg,,,,,24,,<{key=1;value=1};{key=5;value=1};{key=3;value=20}>,68,,,,63194,,2,0,,,{8118=0;24521=0;gold=0},,,,,,,,,,,,,,,,,,,,,,,,,,,,,,,,,,,,
63195,2025cn劳动节活动副本,,,,city/adventure/exp/icon_ly.png,16,15,1,,,,,,,battle/scene/bg_grass.jpg,,,,,24,,<{key=1;value=1};{key=5;value=1};{key=3;value=20}>,80,,,,63195,,2,0,,,{8118=0;24521=0;gold=0},,,,,,,,,,,,,,,,,,,,,,,,,,,,,,,,,,,,
63196,2025cn劳动节活动副本,,,,city/adventure/exp/icon_sy.png,16,15,1,,,,,,,battle/scene/bg_night.jpg,,,,,24,,<{key=1;value=1};{key=5;value=1};{key=3;value=20}>,95,,,,63196,,2,0,,,{8118=0;24521=0;gold=0},,,,,,,,,,,,,,,,,,,,,,,,,,,,,,,,,,,,
63201,怨影娃娃,,<{advance=13;unitId=21001;level=90};{advance=13;unitId=21001;level=90};{advance=13;unitId=21002;level=90};{advance=13;unitId=21002;level=90};{advance=13;unitId=21002;level=90}>,<{advance=13;unitId=21001;level=90}>,,22,22,1,,,,,,,battle/scene/bg_xszd.jpg,,,,,20,,,90,,,,62001,62001,1,0,,,{6381=0;6382=0;20391=0;20971=0;21481=0;21811=0;22991=0},,娃娃在万圣之夜会变得更加强大,,,,,,,,,,,,,,,,,,,,,,,,,,,,,,,,,,
63202,怨影娃娃,,<{advance=13;unitId=21002;level=90};{advance=13;unitId=21001;level=90}>,<{advance=13;unitId=21002;level=90}>,,22,22,1,,,,,,,battle/scene/bg_xszd.jpg,,,,,20,,,90,,,,62002,62002,1,0,,,{6381=0;6382=0;20391=0;20971=0;21481=0;21811=0;22991=0},,娃娃在万圣之夜会变得更加强大,,,,,,,,,,,,,,,,,,,,,,,,,,,,,,,,,,
63203,怨影娃娃,,<{advance=13;unitId=21001;level=90};{advance=13;unitId=21002;level=90}>,<{advance=13;unitId=21001;level=90}>,,22,22,1,,,,,,,battle/scene/bg_xszd.jpg,,,,,20,,,90,,,,62003,62003,1,0,,,{6381=0;6382=0;20391=0;20971=0;21481=0;21811=0;22991=0},,娃娃在万圣之夜会变得更加强大,,,,,,,,,,,,,,,,,,,,,,,,,,,,,,,,,,
63204,怨影娃娃,,<{advance=13;unitId=21001;level=90};{advance=13;unitId=21002;level=90};{advance=13;unitId=21001;level=90}>,<{advance=13;unitId=21002;level=90}>,,22,22,1,,,,,,,battle/scene/bg_xszd.jpg,,,,,20,,,90,,,,62004,62004,1,0,,,{6381=0;6382=0;20391=0;20971=0;21481=0;21811=0;22991=0},,娃娃在万圣之夜会变得更加强大,,,,,,,,,,,,,,,,,,,,,,,,,,,,,,,,,,
63211,耿鬼,,<{advance=14;unitId=21011;level=95};{advance=14;unitId=21011;level=95}>,<{advance=14;unitId=21011;level=95}>,,22,22,1,,,,,,,battle/scene/bg_xszd.jpg,,,,,20,,,90,,,,62011,62011,1,0,,,{6381=0;6382=0;20391=0;20971=0;21481=0;21811=0;22991=0},,请击杀说真话的耿鬼！,,,,,,,,,,,,,,,,,,,,,,,,,,,,,,,,,,
63212,耿鬼,,<{advance=14;unitId=21011;level=95};{advance=14;unitId=21011;level=95}>,<{advance=14;unitId=21011;level=95}>,,22,22,1,,,,,,,battle/scene/bg_xszd.jpg,,,,,20,,,90,,,,62012,62012,1,0,,,{6381=0;6382=0;20391=0;20971=0;21481=0;21811=0;22991=0},,请击杀说真话的耿鬼！,,,,,,,,,,,,,,,,,,,,,,,,,,,,,,,,,,
63213,耿鬼,,<{advance=14;unitId=21011;level=95};{advance=14;unitId=21011;level=95}>,<{advance=14;unitId=21011;level=95}>,,22,22,1,,,,,,,battle/scene/bg_xszd.jpg,,,,,20,,,90,,,,62013,62013,1,0,,,{6381=0;6382=0;20391=0;20971=0;21481=0;21811=0;22991=0},,请击杀说真话的耿鬼！,,,,,,,,,,,,,,,,,,,,,,,,,,,,,,,,,,
63214,超级耿鬼,,<{advance=14;unitId=21012;level=95};{advance=14;unitId=21012;level=95};{advance=14;unitId=21012;level=95};{advance=14;unitId=21012;level=95};{advance=14;unitId=21012;level=95}>,<{advance=14;unitId=21012;level=95}>,,22,22,1,,,,,,,battle/scene/bg_xszd.jpg,,,,,20,,,90,,,,62014,62014,1,0,,,{6381=0;6382=0;20391=0;20971=0;21481=0;21811=0;22991=0},,不要惊扰沉睡中的耿鬼,,,,,,,,,,,,,,,,,,,,,,,,,,,,,,,,,,
63221,骑拉帝纳·起源,,<{advance=15;unitId=21021;level=100};{advance=15;unitId=21026;level=100};{advance=15;unitId=21025;level=100};{advance=15;unitId=21024;level=100};{advance=15;unitId=21023;level=100}>,<{advance=15;unitId=21022;level=100}>,,22,22,1,,,,,,,battle/scene/bg_xszd.jpg,,,,,20,,,90,,,,62021,62021,1,0,,,{6381=0;6382=0;20391=0;20971=0;21481=0;21811=0;22991=0},,骑拉帝纳在毁灭世界与现实世界穿梭，起源形态拥有强大的复苏能力，请小心谨慎对待；其中一个世界毁灭另一个世界也会随之毁灭！,,,,,,,,,,,,,,,,,,,,,,,,,,,,,,,,,,
63222,骑拉帝纳·起源,,<{advance=15;unitId=21031;level=100}>,<{advance=15;unitId=21032;level=100}>,,22,22,1,,,,,,,battle/scene/bg_xszd.jpg,,,,,20,,,90,,,,62022,62022,1,0,,,{6381=0;6382=0;20391=0;20971=0;21481=0;21811=0;22991=0},,毁灭世界与现实世界相连，请在同一时刻击杀,,,,,,,,,,,,,,,,,,,,,,,,,,,,,,,,,,
63223,骑拉帝纳·起源,,<{advance=15;unitId=21041;level=100};{advance=15;unitId=21042;level=100};{advance=15;unitId=21041;level=100};{advance=15;unitId=21042;level=100};{advance=15;unitId=21041;level=100}>,<{advance=15;unitId=21042;level=100}>,,22,22,1,,,,,,,battle/scene/bg_xszd.jpg,,,,,20,,,90,,,,62023,62023,1,0,,,{6381=0;6382=0;20391=0;20971=0;21481=0;21811=0;22991=0},,在颠倒的世界中会使己方必杀技的力量逐渐消亡！,,,,,,,,,,,,,,,,,,,,,,,,,,,,,,,,,,
63224,骑拉帝纳·起源,,<{advance=15;unitId=21051;level=100};{advance=15;unitId=21051;level=100}>,<{advance=15;unitId=21052;level=100}>,,22,22,1,,,,,,,battle/scene/bg_xszd.jpg,,,,,20,,,90,,,,62024,62024,1,0,,,{6381=0;6382=0;20391=0;20971=0;21481=0;21811=0;22991=0},,头晕请入眠，驱散清我心！,,,,,,,,,,,,,,,,,,,,,,,,,,,,,,,,,,
63231,梦妖魔,,<{advance=15;unitId=22012;level=100};{advance=15;unitId=22012;level=100};{advance=15;unitId=22012;level=100};{advance=15;unitId=22012;level=100};{advance=15;unitId=22012;level=100}>,<{advance=15;unitId=22011;level=100}>,,22,22,1,,,,,,,battle/scene/bg_xszd.jpg,,,,,20,,,90,,,,62031,62031,1,0,,,{6381=0;6382=0;20391=0;20971=0;21481=0;21811=0;22991=0},,梦魇降临！梦妖魔准备出击！,,,,,,,,,,,,,,,,,,,,,,,,,,,,,,,,,,
63232,梦妖魔,,<{advance=15;unitId=22013;level=100};{advance=15;unitId=22013;level=100};{advance=15;unitId=22014;level=100};{advance=15;unitId=22013;level=100};{advance=15;unitId=22014;level=100}>,<{advance=15;unitId=22014;level=100}>,,22,22,1,,,,,,,battle/scene/bg_xszd.jpg,,,,,20,,,90,,,,62032,62032,1,0,,,{6381=0;6382=0;20391=0;20971=0;21481=0;21811=0;22991=0},,梦妖天生愚钝，血量较低时会混乱攻击队友,,,,,,,,,,,,,,,,,,,,,,,,,,,,,,,,,,
63233,梦妖魔,,<{advance=15;unitId=22014;level=100};{advance=15;unitId=22014;level=100};{advance=15;unitId=22014;level=100};{advance=15;unitId=22014;level=100};{advance=15;unitId=22014;level=100}>,<{advance=15;unitId=22015;level=100}>,,22,22,1,,,,,,,battle/scene/bg_xszd.jpg,,,,,20,,,90,,,,62033,62033,1,0,,,{6381=0;6382=0;20391=0;20971=0;21481=0;21811=0;22991=0},,黑夜就是我的面纱，红眼让我感到焕发！,,,,,,,,,,,,,,,,,,,,,,,,,,,,,,,,,,
63234,梦妖魔,,<{advance=15;unitId=22017;level=100};{advance=15;unitId=22017;level=100};{advance=15;unitId=22016;level=100};{advance=15;unitId=22017;level=100};{advance=15;unitId=22016;level=100}>,<{advance=15;unitId=22016;level=100}>,,22,22,1,,,,,,,battle/scene/bg_xszd.jpg,,,,,20,,,90,,,,62034,62034,1,0,,,{6381=0;6382=0;20391=0;20971=0;21481=0;21811=0;22991=0},,梦妖魔在黑夜中异常凶残，大回合内受到到主动技能会变狂暴,,,,,,,,,,,,,,,,,,,,,,,,,,,,,,,,,,
63241,惩戒胡帕,,<>,<{advance=15;unitId=22005;level=100}>,,22,22,1,,,,,,,battle/scene/bg_xszd.jpg,,,,,20,,,90,,,,62041,62041,1,0,,,{6381=0;6382=0;20391=0;20971=0;21481=0;21811=0;22991=0},,小胡帕最喜欢和大家一起玩了，人越多越好！,,,,,,,,,,,,,,,,,,,,,,,,,,,,,,,,,,
63242,惩戒胡帕,,<{advance=14;unitId=223641;level=95};{advance=14;unitId=223641;level=95};{advance=14;unitId=223641;level=95};{advance=14;unitId=223641;level=95};{advance=14;unitId=223641;level=95}>,<{advance=15;unitId=223641;level=100}>,,22,22,1,,,,,,,battle/scene/bg_xszd.jpg,,,,,20,,,90,,,,62042,62042,1,0,,,{6381=0;6382=0;20391=0;20971=0;21481=0;21811=0;22991=0},,小胡帕祝大家万圣节快乐！,,,,,,,,,,,,,,,,,,,,,,,,,,,,,,,,,,
63243,解放胡帕,,<{advance=14;unitId=22006;level=95};{advance=14;unitId=22006;level=95}>,<{advance=15;unitId=22007;level=100}>,,22,22,1,,,,,,,battle/scene/bg_xszd.jpg,,,,,20,,,90,,,,62043,62043,1,0,,,{6381=0;6382=0;20391=0;20971=0;21481=0;21811=0;22991=0},,说好了玩一回合休息一回合，你们可别不讲武德,,,,,,,,,,,,,,,,,,,,,,,,,,,,,,,,,,
63244,惩戒胡帕,,<>,<{advance=15;unitId=22003;level=100}>,,22,22,1,,,,,,,battle/scene/bg_xszd.jpg,,,,,20,,,90,,,,62044,62044,1,0,,,{6381=0;6382=0;20391=0;20971=0;21481=0;21811=0;22991=0},,等它玩累吧，或者你打得过也行,,,,,,,,,,,,,,,,,,,,,,,,,,,,,,,,,,
63301,怨影娃娃,,<{advance=13;unitId=21001;level=90};{advance=13;unitId=21001;level=90};{advance=13;unitId=21002;level=90};{advance=13;unitId=21002;level=90};{advance=13;unitId=21002;level=90}>,<{advance=13;unitId=21001;level=90}>,,22,22,1,,,,,,,battle/scene/bg_xszd.jpg,,,,,20,,,90,,,,62001,62001,1,0,,,{6381=0;6382=0;20391=0;20971=0;21481=0;21811=0;22991=0},,娃娃在万圣之夜会变得更加强大,,,,,,,,,,,,,,,,,,,,,,,,,,,,,,,,,,
63302,怨影娃娃,,<{advance=13;unitId=21002;level=90};{advance=13;unitId=21001;level=90}>,<{advance=13;unitId=21002;level=90}>,,22,22,1,,,,,,,battle/scene/bg_xszd.jpg,,,,,20,,,90,,,,62002,62002,1,0,,,{6381=0;6382=0;20391=0;20971=0;21481=0;21811=0;22991=0},,娃娃在万圣之夜会变得更加强大,,,,,,,,,,,,,,,,,,,,,,,,,,,,,,,,,,
63303,怨影娃娃,,<{advance=13;unitId=21001;level=90};{advance=13;unitId=21002;level=90}>,<{advance=13;unitId=21001;level=90}>,,22,22,1,,,,,,,battle/scene/bg_xszd.jpg,,,,,20,,,90,,,,62003,62003,1,0,,,{6381=0;6382=0;20391=0;20971=0;21481=0;21811=0;22991=0},,娃娃在万圣之夜会变得更加强大,,,,,,,,,,,,,,,,,,,,,,,,,,,,,,,,,,
63304,怨影娃娃,,<{advance=13;unitId=21001;level=90};{advance=13;unitId=21002;level=90};{advance=13;unitId=21001;level=90}>,<{advance=13;unitId=21002;level=90}>,,22,22,1,,,,,,,battle/scene/bg_xszd.jpg,,,,,20,,,90,,,,62004,62004,1,0,,,{6381=0;6382=0;20391=0;20971=0;21481=0;21811=0;22991=0},,娃娃在万圣之夜会变得更加强大,,,,,,,,,,,,,,,,,,,,,,,,,,,,,,,,,,
63311,耿鬼,,<{advance=14;unitId=21011;level=95};{advance=14;unitId=21011;level=95}>,<{advance=14;unitId=21011;level=95}>,,22,22,1,,,,,,,battle/scene/bg_xszd.jpg,,,,,20,,,90,,,,62011,62011,1,0,,,{6381=0;6382=0;20391=0;20971=0;21481=0;21811=0;22991=0},,请击杀说真话的耿鬼！,,,,,,,,,,,,,,,,,,,,,,,,,,,,,,,,,,
63312,耿鬼,,<{advance=14;unitId=21011;level=95};{advance=14;unitId=21011;level=95}>,<{advance=14;unitId=21011;level=95}>,,22,22,1,,,,,,,battle/scene/bg_xszd.jpg,,,,,20,,,90,,,,62012,62012,1,0,,,{6381=0;6382=0;20391=0;20971=0;21481=0;21811=0;22991=0},,请击杀说真话的耿鬼！,,,,,,,,,,,,,,,,,,,,,,,,,,,,,,,,,,
63313,耿鬼,,<{advance=14;unitId=21011;level=95};{advance=14;unitId=21011;level=95}>,<{advance=14;unitId=21011;level=95}>,,22,22,1,,,,,,,battle/scene/bg_xszd.jpg,,,,,20,,,90,,,,62013,62013,1,0,,,{6381=0;6382=0;20391=0;20971=0;21481=0;21811=0;22991=0},,请击杀说真话的耿鬼！,,,,,,,,,,,,,,,,,,,,,,,,,,,,,,,,,,
63314,超级耿鬼,,<{advance=14;unitId=21012;level=95};{advance=14;unitId=21012;level=95};{advance=14;unitId=21012;level=95};{advance=14;unitId=21012;level=95};{advance=14;unitId=21012;level=95}>,<{advance=14;unitId=21012;level=95}>,,22,22,1,,,,,,,battle/scene/bg_xszd.jpg,,,,,20,,,90,,,,62014,62014,1,0,,,{6381=0;6382=0;20391=0;20971=0;21481=0;21811=0;22991=0},,不要惊扰沉睡中的耿鬼,,,,,,,,,,,,,,,,,,,,,,,,,,,,,,,,,,
63321,骑拉帝纳·起源,,<{advance=15;unitId=21021;level=100};{advance=15;unitId=21026;level=100};{advance=15;unitId=21025;level=100};{advance=15;unitId=21024;level=100};{advance=15;unitId=21023;level=100}>,<{advance=15;unitId=21022;level=100}>,,22,22,1,,,,,,,battle/scene/bg_xszd.jpg,,,,,20,,,90,,,,62021,62021,1,0,,,{6381=0;6382=0;20391=0;20971=0;21481=0;21811=0;22991=0},,骑拉帝纳在毁灭世界与现实世界穿梭，起源形态拥有强大的复苏能力，请小心谨慎对待；其中一个世界毁灭另一个世界也会随之毁灭！,,,,,,,,,,,,,,,,,,,,,,,,,,,,,,,,,,
63322,骑拉帝纳·起源,,<{advance=15;unitId=21031;level=100}>,<{advance=15;unitId=21032;level=100}>,,22,22,1,,,,,,,battle/scene/bg_xszd.jpg,,,,,20,,,90,,,,62022,62022,1,0,,,{6381=0;6382=0;20391=0;20971=0;21481=0;21811=0;22991=0},,毁灭世界与现实世界相连，请在同一时刻击杀,,,,,,,,,,,,,,,,,,,,,,,,,,,,,,,,,,
63323,骑拉帝纳·起源,,<{advance=15;unitId=21041;level=100};{advance=15;unitId=21042;level=100};{advance=15;unitId=21041;level=100};{advance=15;unitId=21042;level=100};{advance=15;unitId=21041;level=100}>,<{advance=15;unitId=21042;level=100}>,,22,22,1,,,,,,,battle/scene/bg_xszd.jpg,,,,,20,,,90,,,,62023,62023,1,0,,,{6381=0;6382=0;20391=0;20971=0;21481=0;21811=0;22991=0},,在颠倒的世界中会使己方必杀技的力量逐渐消亡！,,,,,,,,,,,,,,,,,,,,,,,,,,,,,,,,,,
63324,骑拉帝纳·起源,,<{advance=15;unitId=21051;level=100};{advance=15;unitId=21051;level=100}>,<{advance=15;unitId=21052;level=100}>,,22,22,1,,,,,,,battle/scene/bg_xszd.jpg,,,,,20,,,90,,,,62024,62024,1,0,,,{6381=0;6382=0;20391=0;20971=0;21481=0;21811=0;22991=0},,头晕请入眠，驱散清我心！,,,,,,,,,,,,,,,,,,,,,,,,,,,,,,,,,,
63331,梦妖魔,,<{advance=15;unitId=22012;level=100};{advance=15;unitId=22012;level=100};{advance=15;unitId=22012;level=100};{advance=15;unitId=22012;level=100};{advance=15;unitId=22012;level=100}>,<{advance=15;unitId=22011;level=100}>,,22,22,1,,,,,,,battle/scene/bg_xszd.jpg,,,,,20,,,90,,,,62031,62031,1,0,,,{6381=0;6382=0;20391=0;20971=0;21481=0;21811=0;22991=0},,梦魇降临！梦妖魔准备出击！,,,,,,,,,,,,,,,,,,,,,,,,,,,,,,,,,,
63332,梦妖魔,,<{advance=15;unitId=22013;level=100};{advance=15;unitId=22013;level=100};{advance=15;unitId=22014;level=100};{advance=15;unitId=22013;level=100};{advance=15;unitId=22014;level=100}>,<{advance=15;unitId=22014;level=100}>,,22,22,1,,,,,,,battle/scene/bg_xszd.jpg,,,,,20,,,90,,,,62032,62032,1,0,,,{6381=0;6382=0;20391=0;20971=0;21481=0;21811=0;22991=0},,梦妖天生愚钝，血量较低时会混乱攻击队友,,,,,,,,,,,,,,,,,,,,,,,,,,,,,,,,,,
63333,梦妖魔,,<{advance=15;unitId=22014;level=100};{advance=15;unitId=22014;level=100};{advance=15;unitId=22014;level=100};{advance=15;unitId=22014;level=100};{advance=15;unitId=22014;level=100}>,<{advance=15;unitId=22015;level=100}>,,22,22,1,,,,,,,battle/scene/bg_xszd.jpg,,,,,20,,,90,,,,62033,62033,1,0,,,{6381=0;6382=0;20391=0;20971=0;21481=0;21811=0;22991=0},,黑夜就是我的面纱，红眼让我感到焕发！,,,,,,,,,,,,,,,,,,,,,,,,,,,,,,,,,,
63334,梦妖魔,,<{advance=15;unitId=22017;level=100};{advance=15;unitId=22017;level=100};{advance=15;unitId=22016;level=100};{advance=15;unitId=22017;level=100};{advance=15;unitId=22016;level=100}>,<{advance=15;unitId=22016;level=100}>,,22,22,1,,,,,,,battle/scene/bg_xszd.jpg,,,,,20,,,90,,,,62034,62034,1,0,,,{6381=0;6382=0;20391=0;20971=0;21481=0;21811=0;22991=0},,梦妖魔在黑夜中异常凶残，大回合内受到到主动技能会变狂暴,,,,,,,,,,,,,,,,,,,,,,,,,,,,,,,,,,
63341,惩戒胡帕,,<>,<{advance=15;unitId=22005;level=100}>,,22,22,1,,,,,,,battle/scene/bg_xszd.jpg,,,,,20,,,90,,,,62021,62021,1,0,,,{6381=0;6382=0;20391=0;20971=0;21481=0;21811=0;22991=0},,小胡帕最喜欢和大家一起玩了，人越多越好！,,,,,,,,,,,,,,,,,,,,,,,,,,,,,,,,,,
63342,惩戒胡帕,,<{advance=14;unitId=223641;level=95};{advance=14;unitId=223641;level=95};{advance=14;unitId=223641;level=95};{advance=14;unitId=223641;level=95};{advance=14;unitId=223641;level=95}>,<{advance=15;unitId=223641;level=100}>,,22,22,1,,,,,,,battle/scene/bg_xszd.jpg,,,,,20,,,90,,,,62022,62022,1,0,,,{6381=0;6382=0;20391=0;20971=0;21481=0;21811=0;22991=0},,小胡帕祝大家万圣节快乐！,,,,,,,,,,,,,,,,,,,,,,,,,,,,,,,,,,
63343,解放胡帕,,<{advance=14;unitId=22006;level=95};{advance=14;unitId=22006;level=95}>,<{advance=15;unitId=22007;level=100}>,,22,22,1,,,,,,,battle/scene/bg_xszd.jpg,,,,,20,,,90,,,,62023,62023,1,0,,,{6381=0;6382=0;20391=0;20971=0;21481=0;21811=0;22991=0},,说好了玩一回合休息一回合，你们可别不讲武德,,,,,,,,,,,,,,,,,,,,,,,,,,,,,,,,,,
63344,惩戒胡帕,,<>,<{advance=15;unitId=22003;level=100}>,,22,22,1,,,,,,,battle/scene/bg_xszd.jpg,,,,,20,,,90,,,,62024,62024,1,0,,,{6381=0;6382=0;20391=0;20971=0;21481=0;21811=0;22991=0},,等它玩累吧，或者你打得过也行,,,,,,,,,,,,,,,,,,,,,,,,,,,,,,,,,,
63345,露奈雅拉,,<{advance=14;unitId=22022;level=95};{advance=14;unitId=22022;level=95};{advance=14;unitId=22022;level=95};{advance=14;unitId=22022;level=95};{advance=14;unitId=22022;level=95}>,<{advance=15;unitId=22021;level=100}>,,22,22,1,,,,,,,battle/scene/bg_xszd.jpg,,,,,20,,,90,,,,63345,63345,1,0,,,{6381=0;6382=0;20391=0;20971=0;21481=0;21811=0;22991=0},,黑夜之下我将获得永生,,,,,,,,,,,,,,,,,,,,,,,,,,,,,,,,,,
63346,露奈雅拉,,<{advance=14;unitId=22022;level=95};{advance=14;unitId=22022;level=95};{advance=14;unitId=22022;level=95}>,<{advance=15;unitId=22021;level=100}>,,22,22,1,,,,,,,battle/scene/bg_xszd.jpg,,,,,20,,,90,,,,63346,63346,1,0,,,{6381=0;6382=0;20391=0;20971=0;21481=0;21811=0;22991=0},,黑夜之下我将获得永生,,,,,,,,,,,,,,,,,,,,,,,,,,,,,,,,,,
63347,露奈雅拉,,<{advance=14;unitId=22022;level=95};{advance=14;unitId=22022;level=95};{advance=14;unitId=22022;level=95}>,<{advance=15;unitId=22021;level=100}>,,22,22,1,,,,,,,battle/scene/bg_xszd.jpg,,,,,20,,,90,,,,63347,63347,1,0,,,{6381=0;6382=0;20391=0;20971=0;21481=0;21811=0;22991=0},,黑夜之下我将获得永生,,,,,,,,,,,,,,,,,,,,,,,,,,,,,,,,,,
63348,露奈雅拉,,<{advance=14;unitId=22022;level=95};{advance=14;unitId=22022;level=95}>,<{advance=15;unitId=22021;level=100}>,,22,22,1,,,,,,,battle/scene/bg_xszd.jpg,,,,,20,,,90,,,,63348,63348,1,0,,,{6381=0;6382=0;20391=0;20971=0;21481=0;21811=0;22991=0},,黑夜之下我将获得永生,,,,,,,,,,,,,,,,,,,,,,,,,,,,,,,,,,
63349,玛夏多,,<{advance=14;unitId=22023;level=95};{advance=14;unitId=22024;level=95};{advance=14;unitId=22025;level=95};{advance=14;unitId=22026;level=95};{advance=14;unitId=22028;level=95}>,<{advance=15;unitId=22023;level=100}>,,22,22,1,,,,,,,battle/scene/bg_xszd.jpg,,,,,20,,,90,,,,63349,63349,1,0,,,{6381=0;6382=0;20391=0;20971=0;21481=0;21811=0;22991=0},,小夏多喜欢在人多的地方玩耍,,,,,,,,,,,,,,,,,,,,,,,,,,,,,,,,,,
63350,玛夏多,,<{advance=14;unitId=22023;level=95};{advance=14;unitId=22025;level=95};{advance=14;unitId=22028;level=95}>,<{advance=15;unitId=22023;level=100}>,,22,22,1,,,,,,,battle/scene/bg_xszd.jpg,,,,,20,,,90,,,,63350,63350,1,0,,,{6381=0;6382=0;20391=0;20971=0;21481=0;21811=0;22991=0},,小夏多喜欢在人多的地方玩耍,,,,,,,,,,,,,,,,,,,,,,,,,,,,,,,,,,
63351,玛夏多,,,<{advance=15;unitId=22023;level=100}>,,22,22,1,,,,,,,battle/scene/bg_xszd.jpg,,,,,20,,,90,,,,63351,63351,1,0,,,{6381=0;6382=0;20391=0;20971=0;21481=0;21811=0;22991=0},,小夏多喜欢在人多的地方玩耍,,,,,,,,,,,,,,,,,,,,,,,,,,,,,,,,,,
63352,玛夏多,,<{advance=14;unitId=22023;level=95};{advance=14;unitId=22025;level=95};{advance=14;unitId=22028;level=95}>,<{advance=15;unitId=22023;level=100}>,,22,22,1,,,,,,,battle/scene/bg_xszd.jpg,,,,,20,,,90,,,,63352,63352,1,0,,,{6381=0;6382=0;20391=0;20971=0;21481=0;21811=0;22991=0},,小夏多喜欢在人多的地方玩耍,,,,,,,,,,,,,,,,,,,,,,,,,,,,,,,,,,
63501,怨影娃娃,,<{advance=13;unitId=21001;level=90};{advance=13;unitId=21001;level=90};{advance=13;unitId=21002;level=90};{advance=13;unitId=21002;level=90};{advance=13;unitId=21002;level=90}>,<{advance=13;unitId=21001;level=90}>,,22,22,1,,,,,,,battle/scene/bg_xszd.jpg,,,,,20,,,90,,,,62001,62001,1,0,,,{6381=0;6382=0;20391=0;20971=0;21481=0;21811=0;22991=0;24391=0},,娃娃在万圣之夜会变得更加强大,,,,,,,,,,,,,,,,,,,,,,,,,,,,,,,,,,
63502,怨影娃娃,,<{advance=13;unitId=21002;level=90};{advance=13;unitId=21001;level=90}>,<{advance=13;unitId=21002;level=90}>,,22,22,1,,,,,,,battle/scene/bg_xszd.jpg,,,,,20,,,90,,,,62002,62002,1,0,,,{6381=0;6382=0;20391=0;20971=0;21481=0;21811=0;22991=0;24391=0},,娃娃在万圣之夜会变得更加强大,,,,,,,,,,,,,,,,,,,,,,,,,,,,,,,,,,
63503,怨影娃娃,,<{advance=13;unitId=21001;level=90};{advance=13;unitId=21002;level=90}>,<{advance=13;unitId=21001;level=90}>,,22,22,1,,,,,,,battle/scene/bg_xszd.jpg,,,,,20,,,90,,,,62003,62003,1,0,,,{6381=0;6382=0;20391=0;20971=0;21481=0;21811=0;22991=0;24391=0},,娃娃在万圣之夜会变得更加强大,,,,,,,,,,,,,,,,,,,,,,,,,,,,,,,,,,
63504,怨影娃娃,,<{advance=13;unitId=21001;level=90};{advance=13;unitId=21002;level=90};{advance=13;unitId=21001;level=90}>,<{advance=13;unitId=21002;level=90}>,,22,22,1,,,,,,,battle/scene/bg_xszd.jpg,,,,,20,,,90,,,,62004,62004,1,0,,,{6381=0;6382=0;20391=0;20971=0;21481=0;21811=0;22991=0;24391=0},,娃娃在万圣之夜会变得更加强大,,,,,,,,,,,,,,,,,,,,,,,,,,,,,,,,,,
63511,耿鬼,,<{advance=14;unitId=21011;level=90};{advance=14;unitId=21011;level=90}>,<{advance=14;unitId=21011;level=90}>,,22,22,1,,,,,,,battle/scene/bg_xszd.jpg,,,,,20,,,90,,,,62011,62011,1,0,,,{6381=0;6382=0;20391=0;20971=0;21481=0;21811=0;22991=0;24391=0},,请击杀说真话的耿鬼！,,,,,,,,,,,,,,,,,,,,,,,,,,,,,,,,,,
63512,耿鬼,,<{advance=14;unitId=21011;level=90};{advance=14;unitId=21011;level=90}>,<{advance=14;unitId=21011;level=90}>,,22,22,1,,,,,,,battle/scene/bg_xszd.jpg,,,,,20,,,90,,,,62012,62012,1,0,,,{6381=0;6382=0;20391=0;20971=0;21481=0;21811=0;22991=0;24391=0},,请击杀说真话的耿鬼！,,,,,,,,,,,,,,,,,,,,,,,,,,,,,,,,,,
63513,耿鬼,,<{advance=14;unitId=21011;level=90};{advance=14;unitId=21011;level=90}>,<{advance=14;unitId=21011;level=90}>,,22,22,1,,,,,,,battle/scene/bg_xszd.jpg,,,,,20,,,90,,,,62013,62013,1,0,,,{6381=0;6382=0;20391=0;20971=0;21481=0;21811=0;22991=0;24391=0},,请击杀说真话的耿鬼！,,,,,,,,,,,,,,,,,,,,,,,,,,,,,,,,,,
63514,超级耿鬼,,<{advance=14;unitId=21012;level=90};{advance=14;unitId=21012;level=90};{advance=14;unitId=21012;level=90};{advance=14;unitId=21012;level=90};{advance=14;unitId=21012;level=90}>,<{advance=14;unitId=21012;level=90}>,,22,22,1,,,,,,,battle/scene/bg_xszd.jpg,,,,,20,,,90,,,,62014,62014,1,0,,,{6381=0;6382=0;20391=0;20971=0;21481=0;21811=0;22991=0;24391=0},,不要惊扰沉睡中的耿鬼,,,,,,,,,,,,,,,,,,,,,,,,,,,,,,,,,,
63521,骑拉帝纳·起源,,<{advance=15;unitId=21021;level=90};{advance=15;unitId=21026;level=90};{advance=15;unitId=21025;level=90};{advance=15;unitId=21024;level=90};{advance=15;unitId=21023;level=90}>,<{advance=15;unitId=21022;level=90}>,,22,22,1,,,,,,,battle/scene/bg_xszd.jpg,,,,,20,,,90,,,,62021,62021,1,0,,,{6381=0;6382=0;20391=0;20971=0;21481=0;21811=0;22991=0;24391=0},,骑拉帝纳在毁灭世界与现实世界穿梭，起源形态拥有强大的复苏能力，请小心谨慎对待；其中一个世界毁灭另一个世界也会随之毁灭！,,,,,,,,,,,,,,,,,,,,,,,,,,,,,,,,,,
63522,骑拉帝纳·起源,,<{advance=15;unitId=21031;level=90}>,<{advance=15;unitId=21032;level=90}>,,22,22,1,,,,,,,battle/scene/bg_xszd.jpg,,,,,20,,,90,,,,62022,62022,1,0,,,{6381=0;6382=0;20391=0;20971=0;21481=0;21811=0;22991=0;24391=0},,毁灭世界与现实世界相连，请在同一时刻击杀,,,,,,,,,,,,,,,,,,,,,,,,,,,,,,,,,,
63523,骑拉帝纳·起源,,<{advance=15;unitId=21041;level=90};{advance=15;unitId=21042;level=90};{advance=15;unitId=21041;level=90};{advance=15;unitId=21042;level=90};{advance=15;unitId=21041;level=90}>,<{advance=15;unitId=21042;level=90}>,,22,22,1,,,,,,,battle/scene/bg_xszd.jpg,,,,,20,,,90,,,,62023,62023,1,0,,,{6381=0;6382=0;20391=0;20971=0;21481=0;21811=0;22991=0;24391=0},,在颠倒的世界中会使己方必杀技的力量逐渐消亡！,,,,,,,,,,,,,,,,,,,,,,,,,,,,,,,,,,
63524,骑拉帝纳·起源,,<{advance=15;unitId=21051;level=90};{advance=15;unitId=21051;level=90}>,<{advance=15;unitId=21052;level=90}>,,22,22,1,,,,,,,battle/scene/bg_xszd.jpg,,,,,20,,,90,,,,62024,62024,1,0,,,{6381=0;6382=0;20391=0;20971=0;21481=0;21811=0;22991=0;24391=0},,头晕请入眠，驱散清我心！,,,,,,,,,,,,,,,,,,,,,,,,,,,,,,,,,,
63531,梦妖魔,,<{advance=15;unitId=22012;level=90};{advance=15;unitId=22012;level=90};{advance=15;unitId=22012;level=90};{advance=15;unitId=22012;level=90};{advance=15;unitId=22012;level=90}>,<{advance=15;unitId=22011;level=90}>,,22,22,1,,,,,,,battle/scene/bg_xszd.jpg,,,,,20,,,90,,,,62031,62031,1,0,,,{6381=0;6382=0;20391=0;20971=0;21481=0;21811=0;22991=0;24391=0},,梦魇降临！梦妖魔准备出击！,,,,,,,,,,,,,,,,,,,,,,,,,,,,,,,,,,
63532,梦妖魔,,<{advance=15;unitId=22013;level=90};{advance=15;unitId=22013;level=90};{advance=15;unitId=22014;level=90};{advance=15;unitId=22013;level=90};{advance=15;unitId=22014;level=90}>,<{advance=15;unitId=22014;level=90}>,,22,22,1,,,,,,,battle/scene/bg_xszd.jpg,,,,,20,,,90,,,,62032,62032,1,0,,,{6381=0;6382=0;20391=0;20971=0;21481=0;21811=0;22991=0;24391=0},,梦妖天生愚钝，血量较低时会混乱攻击队友,,,,,,,,,,,,,,,,,,,,,,,,,,,,,,,,,,
63533,梦妖魔,,<{advance=15;unitId=22014;level=90};{advance=15;unitId=22014;level=90};{advance=15;unitId=22014;level=90};{advance=15;unitId=22014;level=90};{advance=15;unitId=22014;level=90}>,<{advance=15;unitId=22015;level=90}>,,22,22,1,,,,,,,battle/scene/bg_xszd.jpg,,,,,20,,,90,,,,62033,62033,1,0,,,{6381=0;6382=0;20391=0;20971=0;21481=0;21811=0;22991=0;24391=0},,黑夜就是我的面纱，红眼让我感到焕发！,,,,,,,,,,,,,,,,,,,,,,,,,,,,,,,,,,
63534,梦妖魔,,<{advance=15;unitId=22017;level=90};{advance=15;unitId=22017;level=90};{advance=15;unitId=22016;level=90};{advance=15;unitId=22017;level=90};{advance=15;unitId=22016;level=90}>,<{advance=15;unitId=22016;level=90}>,,22,22,1,,,,,,,battle/scene/bg_xszd.jpg,,,,,20,,,90,,,,62034,62034,1,0,,,{6381=0;6382=0;20391=0;20971=0;21481=0;21811=0;22991=0;24391=0},,梦妖魔在黑夜中异常凶残，大回合内受到到主动技能会变狂暴,,,,,,,,,,,,,,,,,,,,,,,,,,,,,,,,,,
63535,灵幽马,,<{advance=15;unitId=22029;level=90};{advance=15;unitId=22029;level=90};{advance=15;unitId=22029;level=90};{advance=15;unitId=22029;level=90};{advance=15;unitId=22029;level=90}>,<{advance=15;unitId=22029;level=90}>,,22,22,1,,,,,,,battle/scene/bg_xszd.jpg,,,,,20,,,90,,,,62031,62031,1,0,,,{6381=0;6382=0;20391=0;20971=0;21481=0;21811=0;22991=0;24391=0},,灵幽马喜欢孤独与寂静，喜欢静谧的环境，会在自身能量变强的夜晚活动,,,,,,,,,,,,,,,,,,,,,,,,,,,,,,,,,,
63536,灵幽马,,<{advance=15;unitId=22029;level=90};{advance=15;unitId=22029;level=90};{advance=15;unitId=22029;level=90}>,<{advance=15;unitId=22029;level=90}>,,22,22,1,,,,,,,battle/scene/bg_xszd.jpg,,,,,20,,,90,,,,62032,62032,1,0,,,{6381=0;6382=0;20391=0;20971=0;21481=0;21811=0;22991=0;24391=0},,灵幽马喜欢孤独与寂静，喜欢静谧的环境，会在自身能量变强的夜晚活动,,,,,,,,,,,,,,,,,,,,,,,,,,,,,,,,,,
63537,灵幽马,,<{advance=15;unitId=22029;level=90};{advance=15;unitId=22029;level=90};{advance=15;unitId=22029;level=90};{advance=15;unitId=22029;level=90}>,<{advance=15;unitId=22029;level=90}>,,22,22,1,,,,,,,battle/scene/bg_xszd.jpg,,,,,20,,,90,,,,62033,62033,1,0,,,{6381=0;6382=0;20391=0;20971=0;21481=0;21811=0;22991=0;24391=0},,灵幽马喜欢孤独与寂静，喜欢静谧的环境，会在自身能量变强的夜晚活动,,,,,,,,,,,,,,,,,,,,,,,,,,,,,,,,,,
63538,灵幽马,,<{advance=15;unitId=22029;level=90};{advance=15;unitId=22029;level=90}>,<{advance=15;unitId=22029;level=90}>,,22,22,1,,,,,,,battle/scene/bg_xszd.jpg,,,,,20,,,90,,,,62034,62034,1,0,,,{6381=0;6382=0;20391=0;20971=0;21481=0;21811=0;22991=0;24391=0},,灵幽马喜欢孤独与寂静，喜欢静谧的环境，会在自身能量变强的夜晚活动,,,,,,,,,,,,,,,,,,,,,,,,,,,,,,,,,,
63541,惩戒胡帕,,<>,<{advance=15;unitId=22005;level=90}>,,22,22,1,,,,,,,battle/scene/bg_xszd.jpg,,,,,20,,,90,,,,62021,62021,1,0,,,{6381=0;6382=0;20391=0;20971=0;21481=0;21811=0;22991=0;24391=0},,小胡帕最喜欢和大家一起玩了，人越多越好！,,,,,,,,,,,,,,,,,,,,,,,,,,,,,,,,,,
63542,惩戒胡帕,,<{advance=14;unitId=223641;level=90};{advance=14;unitId=223641;level=90};{advance=14;unitId=223641;level=90};{advance=14;unitId=223641;level=90};{advance=14;unitId=223641;level=90}>,<{advance=15;unitId=223641;level=90}>,,22,22,1,,,,,,,battle/scene/bg_xszd.jpg,,,,,20,,,90,,,,62022,62022,1,0,,,{6381=0;6382=0;20391=0;20971=0;21481=0;21811=0;22991=0;24391=0},,小胡帕祝大家万圣节快乐！,,,,,,,,,,,,,,,,,,,,,,,,,,,,,,,,,,
63543,解放胡帕,,<{advance=14;unitId=22006;level=90};{advance=14;unitId=22006;level=90}>,<{advance=15;unitId=22007;level=90}>,,22,22,1,,,,,,,battle/scene/bg_xszd.jpg,,,,,20,,,90,,,,62023,62023,1,0,,,{6381=0;6382=0;20391=0;20971=0;21481=0;21811=0;22991=0;24391=0},,说好了玩一回合休息一回合，你们可别不讲武德,,,,,,,,,,,,,,,,,,,,,,,,,,,,,,,,,,
63544,惩戒胡帕,,<>,<{advance=15;unitId=22003;level=90}>,,22,22,1,,,,,,,battle/scene/bg_xszd.jpg,,,,,20,,,90,,,,62024,62024,1,0,,,{6381=0;6382=0;20391=0;20971=0;21481=0;21811=0;22991=0;24391=0},,等它玩累吧，或者你打得过也行,,,,,,,,,,,,,,,,,,,,,,,,,,,,,,,,,,
63545,露奈雅拉,,<{advance=14;unitId=22022;level=90};{advance=14;unitId=22022;level=90};{advance=14;unitId=22022;level=90};{advance=14;unitId=22022;level=90};{advance=14;unitId=22022;level=90}>,<{advance=15;unitId=22021;level=90}>,,22,22,1,,,,,,,battle/scene/bg_xszd.jpg,,,,,20,,,90,,,,63345,63345,1,0,,,{6381=0;6382=0;20391=0;20971=0;21481=0;21811=0;22991=0;24391=0},,黑夜之下我将获得永生,,,,,,,,,,,,,,,,,,,,,,,,,,,,,,,,,,
63546,露奈雅拉,,<{advance=14;unitId=22022;level=90};{advance=14;unitId=22022;level=90};{advance=14;unitId=22022;level=90}>,<{advance=15;unitId=22021;level=90}>,,22,22,1,,,,,,,battle/scene/bg_xszd.jpg,,,,,20,,,90,,,,63346,63346,1,0,,,{6381=0;6382=0;20391=0;20971=0;21481=0;21811=0;22991=0;24391=0},,黑夜之下我将获得永生,,,,,,,,,,,,,,,,,,,,,,,,,,,,,,,,,,
63547,露奈雅拉,,<{advance=14;unitId=22022;level=90};{advance=14;unitId=22022;level=90};{advance=14;unitId=22022;level=90}>,<{advance=15;unitId=22021;level=90}>,,22,22,1,,,,,,,battle/scene/bg_xszd.jpg,,,,,20,,,90,,,,63347,63347,1,0,,,{6381=0;6382=0;20391=0;20971=0;21481=0;21811=0;22991=0;24391=0},,黑夜之下我将获得永生,,,,,,,,,,,,,,,,,,,,,,,,,,,,,,,,,,
63548,露奈雅拉,,<{advance=14;unitId=22022;level=90};{advance=14;unitId=22022;level=90}>,<{advance=15;unitId=22021;level=90}>,,22,22,1,,,,,,,battle/scene/bg_xszd.jpg,,,,,20,,,90,,,,63348,63348,1,0,,,{6381=0;6382=0;20391=0;20971=0;21481=0;21811=0;22991=0;24391=0},,黑夜之下我将获得永生,,,,,,,,,,,,,,,,,,,,,,,,,,,,,,,,,,
63549,玛夏多,,<{advance=14;unitId=22023;level=90};{advance=14;unitId=22024;level=90};{advance=14;unitId=22025;level=90};{advance=14;unitId=22026;level=90};{advance=14;unitId=22028;level=90}>,<{advance=15;unitId=22023;level=90}>,,22,22,1,,,,,,,battle/scene/bg_xszd.jpg,,,,,20,,,90,,,,63349,63349,1,0,,,{6381=0;6382=0;20391=0;20971=0;21481=0;21811=0;22991=0;24391=0},,小夏多喜欢在人多的地方玩耍,,,,,,,,,,,,,,,,,,,,,,,,,,,,,,,,,,
63550,玛夏多,,<{advance=14;unitId=22023;level=90};{advance=14;unitId=22025;level=90};{advance=14;unitId=22028;level=90}>,<{advance=15;unitId=22023;level=90}>,,22,22,1,,,,,,,battle/scene/bg_xszd.jpg,,,,,20,,,90,,,,63350,63350,1,0,,,{6381=0;6382=0;20391=0;20971=0;21481=0;21811=0;22991=0;24391=0},,小夏多喜欢在人多的地方玩耍,,,,,,,,,,,,,,,,,,,,,,,,,,,,,,,,,,
63551,玛夏多,,,<{advance=15;unitId=22023;level=90}>,,22,22,1,,,,,,,battle/scene/bg_xszd.jpg,,,,,20,,,90,,,,63351,63351,1,0,,,{6381=0;6382=0;20391=0;20971=0;21481=0;21811=0;22991=0;24391=0},,小夏多喜欢在人多的地方玩耍,,,,,,,,,,,,,,,,,,,,,,,,,,,,,,,,,,
63552,玛夏多,,<{advance=14;unitId=22023;level=90};{advance=14;unitId=22025;level=90};{advance=14;unitId=22028;level=90}>,<{advance=15;unitId=22023;level=90}>,,22,22,1,,,,,,,battle/scene/bg_xszd.jpg,,,,,20,,,90,,,,63352,63352,1,0,,,{6381=0;6382=0;20391=0;20971=0;21481=0;21811=0;22991=0;24391=0},,小夏多喜欢在人多的地方玩耍,,,,,,,,,,,,,,,,,,,,,,,,,,,,,,,,,,
63601,怨影娃娃,,<{advance=13;unitId=21001;level=90};{advance=13;unitId=21001;level=90};{advance=13;unitId=21002;level=90};{advance=13;unitId=21002;level=90};{advance=13;unitId=21002;level=90}>,<{advance=13;unitId=21001;level=90}>,,22,22,1,,,,,,,battle/scene/bg_xszd.jpg,,,,,20,,,90,,,,62001,62001,1,0,,,{6381=0;6382=0;20391=0;20411=0;20971=0;21481=0;21811=0;22991=0;24391=0},,娃娃在万圣之夜会变得更加强大,,,,,,,,,,,,,,,,,,,,,,,,,,,,,,,,,,
63602,怨影娃娃,,<{advance=13;unitId=21002;level=90};{advance=13;unitId=21001;level=90}>,<{advance=13;unitId=21002;level=90}>,,22,22,1,,,,,,,battle/scene/bg_xszd.jpg,,,,,20,,,90,,,,62002,62002,1,0,,,{6381=0;6382=0;20391=0;20411=0;20971=0;21481=0;21811=0;22991=0;24391=0},,娃娃在万圣之夜会变得更加强大,,,,,,,,,,,,,,,,,,,,,,,,,,,,,,,,,,
63603,怨影娃娃,,<{advance=13;unitId=21001;level=90};{advance=13;unitId=21002;level=90}>,<{advance=13;unitId=21001;level=90}>,,22,22,1,,,,,,,battle/scene/bg_xszd.jpg,,,,,20,,,90,,,,62003,62003,1,0,,,{6381=0;6382=0;20391=0;20411=0;20971=0;21481=0;21811=0;22991=0;24391=0},,娃娃在万圣之夜会变得更加强大,,,,,,,,,,,,,,,,,,,,,,,,,,,,,,,,,,
63604,怨影娃娃,,<{advance=13;unitId=21001;level=90};{advance=13;unitId=21002;level=90};{advance=13;unitId=21001;level=90}>,<{advance=13;unitId=21002;level=90}>,,22,22,1,,,,,,,battle/scene/bg_xszd.jpg,,,,,20,,,90,,,,62004,62004,1,0,,,{6381=0;6382=0;20391=0;20411=0;20971=0;21481=0;21811=0;22991=0;24391=0},,娃娃在万圣之夜会变得更加强大,,,,,,,,,,,,,,,,,,,,,,,,,,,,,,,,,,
63611,耿鬼,,<{advance=14;unitId=21011;level=90};{advance=14;unitId=21011;level=90}>,<{advance=14;unitId=21011;level=90}>,,22,22,1,,,,,,,battle/scene/bg_xszd.jpg,,,,,20,,,90,,,,62011,62011,1,0,,,{6381=0;6382=0;20391=0;20411=0;20971=0;21481=0;21811=0;22991=0;24391=0},,请击杀说真话的耿鬼！,,,,,,,,,,,,,,,,,,,,,,,,,,,,,,,,,,
63612,耿鬼,,<{advance=14;unitId=21011;level=90};{advance=14;unitId=21011;level=90}>,<{advance=14;unitId=21011;level=90}>,,22,22,1,,,,,,,battle/scene/bg_xszd.jpg,,,,,20,,,90,,,,62012,62012,1,0,,,{6381=0;6382=0;20391=0;20411=0;20971=0;21481=0;21811=0;22991=0;24391=0},,请击杀说真话的耿鬼！,,,,,,,,,,,,,,,,,,,,,,,,,,,,,,,,,,
63613,耿鬼,,<{advance=14;unitId=21011;level=90};{advance=14;unitId=21011;level=90}>,<{advance=14;unitId=21011;level=90}>,,22,22,1,,,,,,,battle/scene/bg_xszd.jpg,,,,,20,,,90,,,,62013,62013,1,0,,,{6381=0;6382=0;20391=0;20411=0;20971=0;21481=0;21811=0;22991=0;24391=0},,请击杀说真话的耿鬼！,,,,,,,,,,,,,,,,,,,,,,,,,,,,,,,,,,
63614,超级耿鬼,,<{advance=14;unitId=21012;level=90};{advance=14;unitId=21012;level=90};{advance=14;unitId=21012;level=90};{advance=14;unitId=21012;level=90};{advance=14;unitId=21012;level=90}>,<{advance=14;unitId=21012;level=90}>,,22,22,1,,,,,,,battle/scene/bg_xszd.jpg,,,,,20,,,90,,,,62014,62014,1,0,,,{6381=0;6382=0;20391=0;20411=0;20971=0;21481=0;21811=0;22991=0;24391=0},,不要惊扰沉睡中的耿鬼,,,,,,,,,,,,,,,,,,,,,,,,,,,,,,,,,,
63621,骑拉帝纳·起源,,<{advance=15;unitId=21021;level=90};{advance=15;unitId=21026;level=90};{advance=15;unitId=21025;level=90};{advance=15;unitId=21024;level=90};{advance=15;unitId=21023;level=90}>,<{advance=15;unitId=21022;level=90}>,,22,22,1,,,,,,,battle/scene/bg_xszd.jpg,,,,,20,,,90,,,,62021,62021,1,0,,,{6381=0;6382=0;20391=0;20411=0;20971=0;21481=0;21811=0;22991=0;24391=0},,骑拉帝纳在毁灭世界与现实世界穿梭，起源形态拥有强大的复苏能力，请小心谨慎对待；其中一个世界毁灭另一个世界也会随之毁灭！,,,,,,,,,,,,,,,,,,,,,,,,,,,,,,,,,,
63622,骑拉帝纳·起源,,<{advance=15;unitId=21031;level=90}>,<{advance=15;unitId=21032;level=90}>,,22,22,1,,,,,,,battle/scene/bg_xszd.jpg,,,,,20,,,90,,,,62022,62022,1,0,,,{6381=0;6382=0;20391=0;20411=0;20971=0;21481=0;21811=0;22991=0;24391=0},,毁灭世界与现实世界相连，请在同一时刻击杀,,,,,,,,,,,,,,,,,,,,,,,,,,,,,,,,,,
63623,骑拉帝纳·起源,,<{advance=15;unitId=21041;level=90};{advance=15;unitId=21042;level=90};{advance=15;unitId=21041;level=90};{advance=15;unitId=21042;level=90};{advance=15;unitId=21041;level=90}>,<{advance=15;unitId=21042;level=90}>,,22,22,1,,,,,,,battle/scene/bg_xszd.jpg,,,,,20,,,90,,,,62023,62023,1,0,,,{6381=0;6382=0;20391=0;20411=0;20971=0;21481=0;21811=0;22991=0;24391=0},,在颠倒的世界中会使己方必杀技的力量逐渐消亡！,,,,,,,,,,,,,,,,,,,,,,,,,,,,,,,,,,
63624,骑拉帝纳·起源,,<{advance=15;unitId=21051;level=90};{advance=15;unitId=21051;level=90}>,<{advance=15;unitId=21052;level=90}>,,22,22,1,,,,,,,battle/scene/bg_xszd.jpg,,,,,20,,,90,,,,62024,62024,1,0,,,{6381=0;6382=0;20391=0;20411=0;20971=0;21481=0;21811=0;22991=0;24391=0},,头晕请入眠，驱散清我心！,,,,,,,,,,,,,,,,,,,,,,,,,,,,,,,,,,
63631,梦妖魔,,<{advance=15;unitId=22012;level=90};{advance=15;unitId=22012;level=90};{advance=15;unitId=22012;level=90};{advance=15;unitId=22012;level=90};{advance=15;unitId=22012;level=90}>,<{advance=15;unitId=22011;level=90}>,,22,22,1,,,,,,,battle/scene/bg_xszd.jpg,,,,,20,,,90,,,,62031,62031,1,0,,,{6381=0;6382=0;20391=0;20411=0;20971=0;21481=0;21811=0;22991=0;24391=0},,梦魇降临！梦妖魔准备出击！,,,,,,,,,,,,,,,,,,,,,,,,,,,,,,,,,,
63632,梦妖魔,,<{advance=15;unitId=22013;level=90};{advance=15;unitId=22013;level=90};{advance=15;unitId=22014;level=90};{advance=15;unitId=22013;level=90};{advance=15;unitId=22014;level=90}>,<{advance=15;unitId=22014;level=90}>,,22,22,1,,,,,,,battle/scene/bg_xszd.jpg,,,,,20,,,90,,,,62032,62032,1,0,,,{6381=0;6382=0;20391=0;20411=0;20971=0;21481=0;21811=0;22991=0;24391=0},,梦妖天生愚钝，血量较低时会混乱攻击队友,,,,,,,,,,,,,,,,,,,,,,,,,,,,,,,,,,
63633,梦妖魔,,<{advance=15;unitId=22014;level=90};{advance=15;unitId=22014;level=90};{advance=15;unitId=22014;level=90};{advance=15;unitId=22014;level=90};{advance=15;unitId=22014;level=90}>,<{advance=15;unitId=22015;level=90}>,,22,22,1,,,,,,,battle/scene/bg_xszd.jpg,,,,,20,,,90,,,,62033,62033,1,0,,,{6381=0;6382=0;20391=0;20411=0;20971=0;21481=0;21811=0;22991=0;24391=0},,黑夜就是我的面纱，红眼让我感到焕发！,,,,,,,,,,,,,,,,,,,,,,,,,,,,,,,,,,
63634,梦妖魔,,<{advance=15;unitId=22017;level=90};{advance=15;unitId=22017;level=90};{advance=15;unitId=22016;level=90};{advance=15;unitId=22017;level=90};{advance=15;unitId=22016;level=90}>,<{advance=15;unitId=22016;level=90}>,,22,22,1,,,,,,,battle/scene/bg_xszd.jpg,,,,,20,,,90,,,,62034,62034,1,0,,,{6381=0;6382=0;20391=0;20411=0;20971=0;21481=0;21811=0;22991=0;24391=0},,梦妖魔在黑夜中异常凶残，大回合内受到到主动技能会变狂暴,,,,,,,,,,,,,,,,,,,,,,,,,,,,,,,,,,
63635,灵幽马,,<{advance=15;unitId=22029;level=90};{advance=15;unitId=22029;level=90};{advance=15;unitId=22029;level=90};{advance=15;unitId=22029;level=90};{advance=15;unitId=22029;level=90}>,<{advance=15;unitId=22029;level=90}>,,22,22,1,,,,,,,battle/scene/bg_xszd.jpg,,,,,20,,,90,,,,62031,62031,1,0,,,{6381=0;6382=0;20391=0;20411=0;20971=0;21481=0;21811=0;22991=0;24391=0},,灵幽马喜欢孤独与寂静，喜欢静谧的环境，会在自身能量变强的夜晚活动,,,,,,,,,,,,,,,,,,,,,,,,,,,,,,,,,,
63636,灵幽马,,<{advance=15;unitId=22029;level=90};{advance=15;unitId=22029;level=90};{advance=15;unitId=22029;level=90}>,<{advance=15;unitId=22029;level=90}>,,22,22,1,,,,,,,battle/scene/bg_xszd.jpg,,,,,20,,,90,,,,62032,62032,1,0,,,{6381=0;6382=0;20391=0;20411=0;20971=0;21481=0;21811=0;22991=0;24391=0},,灵幽马喜欢孤独与寂静，喜欢静谧的环境，会在自身能量变强的夜晚活动,,,,,,,,,,,,,,,,,,,,,,,,,,,,,,,,,,
63637,灵幽马,,<{advance=15;unitId=22029;level=90};{advance=15;unitId=22029;level=90};{advance=15;unitId=22029;level=90};{advance=15;unitId=22029;level=90}>,<{advance=15;unitId=22029;level=90}>,,22,22,1,,,,,,,battle/scene/bg_xszd.jpg,,,,,20,,,90,,,,62033,62033,1,0,,,{6381=0;6382=0;20391=0;20411=0;20971=0;21481=0;21811=0;22991=0;24391=0},,灵幽马喜欢孤独与寂静，喜欢静谧的环境，会在自身能量变强的夜晚活动,,,,,,,,,,,,,,,,,,,,,,,,,,,,,,,,,,
63638,灵幽马,,<{advance=15;unitId=22029;level=90};{advance=15;unitId=22029;level=90}>,<{advance=15;unitId=22029;level=90}>,,22,22,1,,,,,,,battle/scene/bg_xszd.jpg,,,,,20,,,90,,,,62034,62034,1,0,,,{6381=0;6382=0;20391=0;20411=0;20971=0;21481=0;21811=0;22991=0;24391=0},,灵幽马喜欢孤独与寂静，喜欢静谧的环境，会在自身能量变强的夜晚活动,,,,,,,,,,,,,,,,,,,,,,,,,,,,,,,,,,
63641,惩戒胡帕,,<>,<{advance=15;unitId=22005;level=90}>,,22,22,1,,,,,,,battle/scene/bg_xszd.jpg,,,,,20,,,90,,,,62021,62021,1,0,,,{6381=0;6382=0;20391=0;20411=0;20971=0;21481=0;21811=0;22991=0;24391=0},,小胡帕最喜欢和大家一起玩了，人越多越好！,,,,,,,,,,,,,,,,,,,,,,,,,,,,,,,,,,
63642,惩戒胡帕,,<{advance=14;unitId=223641;level=90};{advance=14;unitId=223641;level=90};{advance=14;unitId=223641;level=90};{advance=14;unitId=223641;level=90};{advance=14;unitId=223641;level=90}>,<{advance=15;unitId=223641;level=90}>,,22,22,1,,,,,,,battle/scene/bg_xszd.jpg,,,,,20,,,90,,,,62022,62022,1,0,,,{6381=0;6382=0;20391=0;20411=0;20971=0;21481=0;21811=0;22991=0;24391=0},,小胡帕祝大家万圣节快乐！,,,,,,,,,,,,,,,,,,,,,,,,,,,,,,,,,,
63643,解放胡帕,,<{advance=14;unitId=22006;level=90};{advance=14;unitId=22006;level=90}>,<{advance=15;unitId=22007;level=90}>,,22,22,1,,,,,,,battle/scene/bg_xszd.jpg,,,,,20,,,90,,,,62023,62023,1,0,,,{6381=0;6382=0;20391=0;20411=0;20971=0;21481=0;21811=0;22991=0;24391=0},,说好了玩一回合休息一回合，你们可别不讲武德,,,,,,,,,,,,,,,,,,,,,,,,,,,,,,,,,,
63644,惩戒胡帕,,<>,<{advance=15;unitId=22003;level=90}>,,22,22,1,,,,,,,battle/scene/bg_xszd.jpg,,,,,20,,,90,,,,62024,62024,1,0,,,{6381=0;6382=0;20391=0;20411=0;20971=0;21481=0;21811=0;22991=0;24391=0},,等它玩累吧，或者你打得过也行,,,,,,,,,,,,,,,,,,,,,,,,,,,,,,,,,,
63645,露奈雅拉,,<{advance=14;unitId=22022;level=90};{advance=14;unitId=22022;level=90};{advance=14;unitId=22022;level=90};{advance=14;unitId=22022;level=90};{advance=14;unitId=22022;level=90}>,<{advance=15;unitId=22021;level=90}>,,22,22,1,,,,,,,battle/scene/bg_xszd.jpg,,,,,20,,,90,,,,63345,63345,1,0,,,{6381=0;6382=0;20391=0;20411=0;20971=0;21481=0;21811=0;22991=0;24391=0},,黑夜之下我将获得永生,,,,,,,,,,,,,,,,,,,,,,,,,,,,,,,,,,
63646,露奈雅拉,,<{advance=14;unitId=22022;level=90};{advance=14;unitId=22022;level=90};{advance=14;unitId=22022;level=90}>,<{advance=15;unitId=22021;level=90}>,,22,22,1,,,,,,,battle/scene/bg_xszd.jpg,,,,,20,,,90,,,,63346,63346,1,0,,,{6381=0;6382=0;20391=0;20411=0;20971=0;21481=0;21811=0;22991=0;24391=0},,黑夜之下我将获得永生,,,,,,,,,,,,,,,,,,,,,,,,,,,,,,,,,,
63647,露奈雅拉,,<{advance=14;unitId=22022;level=90};{advance=14;unitId=22022;level=90};{advance=14;unitId=22022;level=90}>,<{advance=15;unitId=22021;level=90}>,,22,22,1,,,,,,,battle/scene/bg_xszd.jpg,,,,,20,,,90,,,,63347,63347,1,0,,,{6381=0;6382=0;20391=0;20411=0;20971=0;21481=0;21811=0;22991=0;24391=0},,黑夜之下我将获得永生,,,,,,,,,,,,,,,,,,,,,,,,,,,,,,,,,,
63648,露奈雅拉,,<{advance=14;unitId=22022;level=90};{advance=14;unitId=22022;level=90}>,<{advance=15;unitId=22021;level=90}>,,22,22,1,,,,,,,battle/scene/bg_xszd.jpg,,,,,20,,,90,,,,63348,63348,1,0,,,{6381=0;6382=0;20391=0;20411=0;20971=0;21481=0;21811=0;22991=0;24391=0},,黑夜之下我将获得永生,,,,,,,,,,,,,,,,,,,,,,,,,,,,,,,,,,
63649,玛夏多,,<{advance=14;unitId=22023;level=90};{advance=14;unitId=22024;level=90};{advance=14;unitId=22025;level=90};{advance=14;unitId=22026;level=90};{advance=14;unitId=22028;level=90}>,<{advance=15;unitId=22023;level=90}>,,22,22,1,,,,,,,battle/scene/bg_xszd.jpg,,,,,20,,,90,,,,63349,63349,1,0,,,{6381=0;6382=0;20391=0;20411=0;20971=0;21481=0;21811=0;22991=0;24391=0},,小夏多喜欢在人多的地方玩耍,,,,,,,,,,,,,,,,,,,,,,,,,,,,,,,,,,
63650,玛夏多,,<{advance=14;unitId=22023;level=90};{advance=14;unitId=22025;level=90};{advance=14;unitId=22028;level=90}>,<{advance=15;unitId=22023;level=90}>,,22,22,1,,,,,,,battle/scene/bg_xszd.jpg,,,,,20,,,90,,,,63350,63350,1,0,,,{6381=0;6382=0;20391=0;20411=0;20971=0;21481=0;21811=0;22991=0;24391=0},,小夏多喜欢在人多的地方玩耍,,,,,,,,,,,,,,,,,,,,,,,,,,,,,,,,,,
63651,玛夏多,,,<{advance=15;unitId=22023;level=90}>,,22,22,1,,,,,,,battle/scene/bg_xszd.jpg,,,,,20,,,90,,,,63351,63351,1,0,,,{6381=0;6382=0;20391=0;20411=0;20971=0;21481=0;21811=0;22991=0;24391=0},,小夏多喜欢在人多的地方玩耍,,,,,,,,,,,,,,,,,,,,,,,,,,,,,,,,,,
63652,玛夏多,,<{advance=14;unitId=22023;level=90};{advance=14;unitId=22025;level=90};{advance=14;unitId=22028;level=90}>,<{advance=15;unitId=22023;level=90}>,,22,22,1,,,,,,,battle/scene/bg_xszd.jpg,,,,,20,,,90,,,,63352,63352,1,0,,,{6381=0;6382=0;20391=0;20411=0;20971=0;21481=0;21811=0;22991=0;24391=0},,小夏多喜欢在人多的地方玩耍,,,,,,,,,,,,,,,,,,,,,,,,,,,,,,,,,,
63653,催眠貘,,<{advance=14;unitId=22030;level=90};{advance=14;unitId=22030;level=90};{advance=14;unitId=22030;level=90};{advance=14;unitId=22030;level=90}>,<{advance=15;unitId=22030;level=90}>,,22,22,1,,,,,,,battle/scene/bg_xszd.jpg,,,,,20,,,90,,,,63653,63653,1,0,,,{6381=0;6382=0;20391=0;20411=0;20971=0;21481=0;21811=0;22991=0;24391=0},,万圣节的夜晚，催眠貘幽灵般得现身，引人入梦,,,,,,,,,,,,,,,,,,,,,,,,,,,,,,,,,,
63654,催眠貘,,<{advance=14;unitId=22030;level=90};{advance=14;unitId=22030;level=90};{advance=14;unitId=22030;level=90}>,<{advance=15;unitId=22030;level=90}>,,22,22,1,,,,,,,battle/scene/bg_xszd.jpg,,,,,20,,,90,,,,63654,63654,1,0,,,{6381=0;6382=0;20391=0;20411=0;20971=0;21481=0;21811=0;22991=0;24391=0},,万圣节的夜晚，催眠貘幽灵般得现身，引人入梦,,,,,,,,,,,,,,,,,,,,,,,,,,,,,,,,,,
63655,引梦貘人,,<{advance=14;unitId=22030;level=90};{advance=14;unitId=22030;level=90};{advance=14;unitId=22030;level=90};{advance=14;unitId=22030;level=90}>,<{advance=15;unitId=22031;level=90}>,,22,22,1,,,,,,,battle/scene/bg_xszd.jpg,,,,,20,,,90,,,,63655,63655,1,0,,,{6381=0;6382=0;20391=0;20411=0;20971=0;21481=0;21811=0;22991=0;24391=0},,万圣节夜，引梦貘人悄至，编织奇幻梦境,,,,,,,,,,,,,,,,,,,,,,,,,,,,,,,,,,
63656,引梦貘人,,<{advance=14;unitId=22030;level=90};{advance=14;unitId=22030;level=90};{advance=14;unitId=22031;level=90};{advance=14;unitId=22031;level=90}>,<{advance=15;unitId=22031;level=90}>,,22,22,1,,,,,,,battle/scene/bg_xszd.jpg,,,,,20,,,90,,,,63656,63656,1,0,,,{6381=0;6382=0;20391=0;20411=0;20971=0;21481=0;21811=0;22991=0;24391=0},,万圣节夜，引梦貘人悄至，编织奇幻梦境,,,,,,,,,,,,,,,,,,,,,,,,,,,,,,,,,,
63701,怨影娃娃,,<{advance=13;unitId=21001;level=90};{advance=13;unitId=21001;level=90};{advance=13;unitId=21002;level=90};{advance=13;unitId=21002;level=90};{advance=13;unitId=21002;level=90}>,<{advance=13;unitId=21001;level=90}>,,22,22,1,,,,,,,battle/scene/bg_xszd.jpg,,,,,20,,,90,,,,62001,62001,1,0,,,{6381=0;6382=0;20391=0;20411=0;20971=0;21481=0;21811=0;22991=0;23571=0;24391=0},,娃娃在万圣之夜会变得更加强大,,,,,,,,,,,,,,,,,,,,,,,,,,,,,,,,,,
63702,怨影娃娃,,<{advance=13;unitId=21002;level=90};{advance=13;unitId=21001;level=90}>,<{advance=13;unitId=21002;level=90}>,,22,22,1,,,,,,,battle/scene/bg_xszd.jpg,,,,,20,,,90,,,,62002,62002,1,0,,,{6381=0;6382=0;20391=0;20411=0;20971=0;21481=0;21811=0;22991=0;23571=0;24391=0},,娃娃在万圣之夜会变得更加强大,,,,,,,,,,,,,,,,,,,,,,,,,,,,,,,,,,
63703,怨影娃娃,,<{advance=13;unitId=21001;level=90};{advance=13;unitId=21002;level=90}>,<{advance=13;unitId=21001;level=90}>,,22,22,1,,,,,,,battle/scene/bg_xszd.jpg,,,,,20,,,90,,,,62003,62003,1,0,,,{6381=0;6382=0;20391=0;20411=0;20971=0;21481=0;21811=0;22991=0;23571=0;24391=0},,娃娃在万圣之夜会变得更加强大,,,,,,,,,,,,,,,,,,,,,,,,,,,,,,,,,,
63704,怨影娃娃,,<{advance=13;unitId=21001;level=90};{advance=13;unitId=21002;level=90};{advance=13;unitId=21001;level=90}>,<{advance=13;unitId=21002;level=90}>,,22,22,1,,,,,,,battle/scene/bg_xszd.jpg,,,,,20,,,90,,,,62004,62004,1,0,,,{6381=0;6382=0;20391=0;20411=0;20971=0;21481=0;21811=0;22991=0;23571=0;24391=0},,娃娃在万圣之夜会变得更加强大,,,,,,,,,,,,,,,,,,,,,,,,,,,,,,,,,,
63711,耿鬼,,<{advance=14;unitId=21011;level=90};{advance=14;unitId=21011;level=90}>,<{advance=14;unitId=21011;level=90}>,,22,22,1,,,,,,,battle/scene/bg_xszd.jpg,,,,,20,,,90,,,,62011,62011,1,0,,,{6381=0;6382=0;20391=0;20411=0;20971=0;21481=0;21811=0;22991=0;23571=0;24391=0},,请击杀说真话的耿鬼！,,,,,,,,,,,,,,,,,,,,,,,,,,,,,,,,,,
63712,耿鬼,,<{advance=14;unitId=21011;level=90};{advance=14;unitId=21011;level=90}>,<{advance=14;unitId=21011;level=90}>,,22,22,1,,,,,,,battle/scene/bg_xszd.jpg,,,,,20,,,90,,,,62012,62012,1,0,,,{6381=0;6382=0;20391=0;20411=0;20971=0;21481=0;21811=0;22991=0;23571=0;24391=0},,请击杀说真话的耿鬼！,,,,,,,,,,,,,,,,,,,,,,,,,,,,,,,,,,
63713,耿鬼,,<{advance=14;unitId=21011;level=90};{advance=14;unitId=21011;level=90}>,<{advance=14;unitId=21011;level=90}>,,22,22,1,,,,,,,battle/scene/bg_xszd.jpg,,,,,20,,,90,,,,62013,62013,1,0,,,{6381=0;6382=0;20391=0;20411=0;20971=0;21481=0;21811=0;22991=0;23571=0;24391=0},,请击杀说真话的耿鬼！,,,,,,,,,,,,,,,,,,,,,,,,,,,,,,,,,,
63714,超级耿鬼,,<{advance=14;unitId=21012;level=90};{advance=14;unitId=21012;level=90};{advance=14;unitId=21012;level=90};{advance=14;unitId=21012;level=90};{advance=14;unitId=21012;level=90}>,<{advance=14;unitId=21012;level=90}>,,22,22,1,,,,,,,battle/scene/bg_xszd.jpg,,,,,20,,,90,,,,62014,62014,1,0,,,{6381=0;6382=0;20391=0;20411=0;20971=0;21481=0;21811=0;22991=0;23571=0;24391=0},,不要惊扰沉睡中的耿鬼,,,,,,,,,,,,,,,,,,,,,,,,,,,,,,,,,,
63721,骑拉帝纳·起源,,<{advance=15;unitId=21021;level=90};{advance=15;unitId=21026;level=90};{advance=15;unitId=21025;level=90};{advance=15;unitId=21024;level=90};{advance=15;unitId=21023;level=90}>,<{advance=15;unitId=21022;level=90}>,,22,22,1,,,,,,,battle/scene/bg_xszd.jpg,,,,,20,,,90,,,,62021,62021,1,0,,,{6381=0;6382=0;20391=0;20411=0;20971=0;21481=0;21811=0;22991=0;23571=0;24391=0},,骑拉帝纳在毁灭世界与现实世界穿梭，起源形态拥有强大的复苏能力，请小心谨慎对待；其中一个世界毁灭另一个世界也会随之毁灭！,,,,,,,,,,,,,,,,,,,,,,,,,,,,,,,,,,
63722,骑拉帝纳·起源,,<{advance=15;unitId=21031;level=90}>,<{advance=15;unitId=21032;level=90}>,,22,22,1,,,,,,,battle/scene/bg_xszd.jpg,,,,,20,,,90,,,,62022,62022,1,0,,,{6381=0;6382=0;20391=0;20411=0;20971=0;21481=0;21811=0;22991=0;23571=0;24391=0},,毁灭世界与现实世界相连，请在同一时刻击杀,,,,,,,,,,,,,,,,,,,,,,,,,,,,,,,,,,
63723,骑拉帝纳·起源,,<{advance=15;unitId=21041;level=90};{advance=15;unitId=21042;level=90};{advance=15;unitId=21041;level=90};{advance=15;unitId=21042;level=90};{advance=15;unitId=21041;level=90}>,<{advance=15;unitId=21042;level=90}>,,22,22,1,,,,,,,battle/scene/bg_xszd.jpg,,,,,20,,,90,,,,62023,62023,1,0,,,{6381=0;6382=0;20391=0;20411=0;20971=0;21481=0;21811=0;22991=0;23571=0;24391=0},,在颠倒的世界中会使己方必杀技的力量逐渐消亡！,,,,,,,,,,,,,,,,,,,,,,,,,,,,,,,,,,
63724,骑拉帝纳·起源,,<{advance=15;unitId=21051;level=90};{advance=15;unitId=21051;level=90}>,<{advance=15;unitId=21052;level=90}>,,22,22,1,,,,,,,battle/scene/bg_xszd.jpg,,,,,20,,,90,,,,62024,62024,1,0,,,{6381=0;6382=0;20391=0;20411=0;20971=0;21481=0;21811=0;22991=0;23571=0;24391=0},,头晕请入眠，驱散清我心！,,,,,,,,,,,,,,,,,,,,,,,,,,,,,,,,,,
63731,梦妖魔,,<{advance=15;unitId=22012;level=90};{advance=15;unitId=22012;level=90};{advance=15;unitId=22012;level=90};{advance=15;unitId=22012;level=90};{advance=15;unitId=22012;level=90}>,<{advance=15;unitId=22011;level=90}>,,22,22,1,,,,,,,battle/scene/bg_xszd.jpg,,,,,20,,,90,,,,62031,62031,1,0,,,{6381=0;6382=0;20391=0;20411=0;20971=0;21481=0;21811=0;22991=0;23571=0;24391=0},,梦魇降临！梦妖魔准备出击！,,,,,,,,,,,,,,,,,,,,,,,,,,,,,,,,,,
63732,梦妖魔,,<{advance=15;unitId=22013;level=90};{advance=15;unitId=22013;level=90};{advance=15;unitId=22014;level=90};{advance=15;unitId=22013;level=90};{advance=15;unitId=22014;level=90}>,<{advance=15;unitId=22014;level=90}>,,22,22,1,,,,,,,battle/scene/bg_xszd.jpg,,,,,20,,,90,,,,62032,62032,1,0,,,{6381=0;6382=0;20391=0;20411=0;20971=0;21481=0;21811=0;22991=0;23571=0;24391=0},,梦妖天生愚钝，血量较低时会混乱攻击队友,,,,,,,,,,,,,,,,,,,,,,,,,,,,,,,,,,
63733,梦妖魔,,<{advance=15;unitId=22014;level=90};{advance=15;unitId=22014;level=90};{advance=15;unitId=22014;level=90};{advance=15;unitId=22014;level=90};{advance=15;unitId=22014;level=90}>,<{advance=15;unitId=22015;level=90}>,,22,22,1,,,,,,,battle/scene/bg_xszd.jpg,,,,,20,,,90,,,,62033,62033,1,0,,,{6381=0;6382=0;20391=0;20411=0;20971=0;21481=0;21811=0;22991=0;23571=0;24391=0},,黑夜就是我的面纱，红眼让我感到焕发！,,,,,,,,,,,,,,,,,,,,,,,,,,,,,,,,,,
63734,梦妖魔,,<{advance=15;unitId=22017;level=90};{advance=15;unitId=22017;level=90};{advance=15;unitId=22016;level=90};{advance=15;unitId=22017;level=90};{advance=15;unitId=22016;level=90}>,<{advance=15;unitId=22016;level=90}>,,22,22,1,,,,,,,battle/scene/bg_xszd.jpg,,,,,20,,,90,,,,62034,62034,1,0,,,{6381=0;6382=0;20391=0;20411=0;20971=0;21481=0;21811=0;22991=0;23571=0;24391=0},,梦妖魔在黑夜中异常凶残，大回合内受到到主动技能会变狂暴,,,,,,,,,,,,,,,,,,,,,,,,,,,,,,,,,,
63735,灵幽马,,<{advance=15;unitId=22029;level=90};{advance=15;unitId=22029;level=90};{advance=15;unitId=22029;level=90};{advance=15;unitId=22029;level=90};{advance=15;unitId=22029;level=90}>,<{advance=15;unitId=22029;level=90}>,,22,22,1,,,,,,,battle/scene/bg_xszd.jpg,,,,,20,,,90,,,,62031,62031,1,0,,,{6381=0;6382=0;20391=0;20411=0;20971=0;21481=0;21811=0;22991=0;23571=0;24391=0},,灵幽马喜欢孤独与寂静，喜欢静谧的环境，会在自身能量变强的夜晚活动,,,,,,,,,,,,,,,,,,,,,,,,,,,,,,,,,,
63736,灵幽马,,<{advance=15;unitId=22029;level=90};{advance=15;unitId=22029;level=90};{advance=15;unitId=22029;level=90}>,<{advance=15;unitId=22029;level=90}>,,22,22,1,,,,,,,battle/scene/bg_xszd.jpg,,,,,20,,,90,,,,62032,62032,1,0,,,{6381=0;6382=0;20391=0;20411=0;20971=0;21481=0;21811=0;22991=0;23571=0;24391=0},,灵幽马喜欢孤独与寂静，喜欢静谧的环境，会在自身能量变强的夜晚活动,,,,,,,,,,,,,,,,,,,,,,,,,,,,,,,,,,
63737,灵幽马,,<{advance=15;unitId=22029;level=90};{advance=15;unitId=22029;level=90};{advance=15;unitId=22029;level=90};{advance=15;unitId=22029;level=90}>,<{advance=15;unitId=22029;level=90}>,,22,22,1,,,,,,,battle/scene/bg_xszd.jpg,,,,,20,,,90,,,,62033,62033,1,0,,,{6381=0;6382=0;20391=0;20411=0;20971=0;21481=0;21811=0;22991=0;23571=0;24391=0},,灵幽马喜欢孤独与寂静，喜欢静谧的环境，会在自身能量变强的夜晚活动,,,,,,,,,,,,,,,,,,,,,,,,,,,,,,,,,,
63738,灵幽马,,<{advance=15;unitId=22029;level=90};{advance=15;unitId=22029;level=90}>,<{advance=15;unitId=22029;level=90}>,,22,22,1,,,,,,,battle/scene/bg_xszd.jpg,,,,,20,,,90,,,,62034,62034,1,0,,,{6381=0;6382=0;20391=0;20411=0;20971=0;21481=0;21811=0;22991=0;23571=0;24391=0},,灵幽马喜欢孤独与寂静，喜欢静谧的环境，会在自身能量变强的夜晚活动,,,,,,,,,,,,,,,,,,,,,,,,,,,,,,,,,,
63741,惩戒胡帕,,<>,<{advance=15;unitId=22005;level=90}>,,22,22,1,,,,,,,battle/scene/bg_xszd.jpg,,,,,20,,,90,,,,62021,62021,1,0,,,{6381=0;6382=0;20391=0;20411=0;20971=0;21481=0;21811=0;22991=0;23571=0;24391=0},,小胡帕最喜欢和大家一起玩了，人越多越好！,,,,,,,,,,,,,,,,,,,,,,,,,,,,,,,,,,
63742,惩戒胡帕,,<{advance=14;unitId=223641;level=90};{advance=14;unitId=223641;level=90};{advance=14;unitId=223641;level=90};{advance=14;unitId=223641;level=90};{advance=14;unitId=223641;level=90}>,<{advance=15;unitId=223641;level=90}>,,22,22,1,,,,,,,battle/scene/bg_xszd.jpg,,,,,20,,,90,,,,62022,62022,1,0,,,{6381=0;6382=0;20391=0;20411=0;20971=0;21481=0;21811=0;22991=0;23571=0;24391=0},,小胡帕祝大家万圣节快乐！,,,,,,,,,,,,,,,,,,,,,,,,,,,,,,,,,,
63743,解放胡帕,,<{advance=14;unitId=22006;level=90};{advance=14;unitId=22006;level=90}>,<{advance=15;unitId=22007;level=90}>,,22,22,1,,,,,,,battle/scene/bg_xszd.jpg,,,,,20,,,90,,,,62023,62023,1,0,,,{6381=0;6382=0;20391=0;20411=0;20971=0;21481=0;21811=0;22991=0;23571=0;24391=0},,说好了玩一回合休息一回合，你们可别不讲武德,,,,,,,,,,,,,,,,,,,,,,,,,,,,,,,,,,
63744,惩戒胡帕,,<>,<{advance=15;unitId=22003;level=90}>,,22,22,1,,,,,,,battle/scene/bg_xszd.jpg,,,,,20,,,90,,,,62024,62024,1,0,,,{6381=0;6382=0;20391=0;20411=0;20971=0;21481=0;21811=0;22991=0;23571=0;24391=0},,等它玩累吧，或者你打得过也行,,,,,,,,,,,,,,,,,,,,,,,,,,,,,,,,,,
63745,露奈雅拉,,<{advance=14;unitId=22022;level=90};{advance=14;unitId=22022;level=90};{advance=14;unitId=22022;level=90};{advance=14;unitId=22022;level=90};{advance=14;unitId=22022;level=90}>,<{advance=15;unitId=22021;level=90}>,,22,22,1,,,,,,,battle/scene/bg_xszd.jpg,,,,,20,,,90,,,,63345,63345,1,0,,,{6381=0;6382=0;20391=0;20411=0;20971=0;21481=0;21811=0;22991=0;23571=0;24391=0},,黑夜之下我将获得永生,,,,,,,,,,,,,,,,,,,,,,,,,,,,,,,,,,
63746,露奈雅拉,,<{advance=14;unitId=22022;level=90};{advance=14;unitId=22022;level=90};{advance=14;unitId=22022;level=90}>,<{advance=15;unitId=22021;level=90}>,,22,22,1,,,,,,,battle/scene/bg_xszd.jpg,,,,,20,,,90,,,,63346,63346,1,0,,,{6381=0;6382=0;20391=0;20411=0;20971=0;21481=0;21811=0;22991=0;23571=0;24391=0},,黑夜之下我将获得永生,,,,,,,,,,,,,,,,,,,,,,,,,,,,,,,,,,
63747,露奈雅拉,,<{advance=14;unitId=22022;level=90};{advance=14;unitId=22022;level=90};{advance=14;unitId=22022;level=90}>,<{advance=15;unitId=22021;level=90}>,,22,22,1,,,,,,,battle/scene/bg_xszd.jpg,,,,,20,,,90,,,,63347,63347,1,0,,,{6381=0;6382=0;20391=0;20411=0;20971=0;21481=0;21811=0;22991=0;23571=0;24391=0},,黑夜之下我将获得永生,,,,,,,,,,,,,,,,,,,,,,,,,,,,,,,,,,
63748,露奈雅拉,,<{advance=14;unitId=22022;level=90};{advance=14;unitId=22022;level=90}>,<{advance=15;unitId=22021;level=90}>,,22,22,1,,,,,,,battle/scene/bg_xszd.jpg,,,,,20,,,90,,,,63348,63348,1,0,,,{6381=0;6382=0;20391=0;20411=0;20971=0;21481=0;21811=0;22991=0;23571=0;24391=0},,黑夜之下我将获得永生,,,,,,,,,,,,,,,,,,,,,,,,,,,,,,,,,,
63749,玛夏多,,<{advance=14;unitId=22023;level=90};{advance=14;unitId=22024;level=90};{advance=14;unitId=22025;level=90};{advance=14;unitId=22026;level=90};{advance=14;unitId=22028;level=90}>,<{advance=15;unitId=22023;level=90}>,,22,22,1,,,,,,,battle/scene/bg_xszd.jpg,,,,,20,,,90,,,,63349,63349,1,0,,,{6381=0;6382=0;20391=0;20411=0;20971=0;21481=0;21811=0;22991=0;23571=0;24391=0},,小夏多喜欢在人多的地方玩耍,,,,,,,,,,,,,,,,,,,,,,,,,,,,,,,,,,
63750,玛夏多,,<{advance=14;unitId=22023;level=90};{advance=14;unitId=22025;level=90};{advance=14;unitId=22028;level=90}>,<{advance=15;unitId=22023;level=90}>,,22,22,1,,,,,,,battle/scene/bg_xszd.jpg,,,,,20,,,90,,,,63350,63350,1,0,,,{6381=0;6382=0;20391=0;20411=0;20971=0;21481=0;21811=0;22991=0;23571=0;24391=0},,小夏多喜欢在人多的地方玩耍,,,,,,,,,,,,,,,,,,,,,,,,,,,,,,,,,,
63751,玛夏多,,,<{advance=15;unitId=22023;level=90}>,,22,22,1,,,,,,,battle/scene/bg_xszd.jpg,,,,,20,,,90,,,,63351,63351,1,0,,,{6381=0;6382=0;20391=0;20411=0;20971=0;21481=0;21811=0;22991=0;23571=0;24391=0},,小夏多喜欢在人多的地方玩耍,,,,,,,,,,,,,,,,,,,,,,,,,,,,,,,,,,
63752,玛夏多,,<{advance=14;unitId=22023;level=90};{advance=14;unitId=22025;level=90};{advance=14;unitId=22028;level=90}>,<{advance=15;unitId=22023;level=90}>,,22,22,1,,,,,,,battle/scene/bg_xszd.jpg,,,,,20,,,90,,,,63352,63352,1,0,,,{6381=0;6382=0;20391=0;20411=0;20971=0;21481=0;21811=0;22991=0;23571=0;24391=0},,小夏多喜欢在人多的地方玩耍,,,,,,,,,,,,,,,,,,,,,,,,,,,,,,,,,,
63753,催眠貘,,<{advance=14;unitId=22030;level=90};{advance=14;unitId=22030;level=90};{advance=14;unitId=22030;level=90};{advance=14;unitId=22030;level=90}>,<{advance=15;unitId=22030;level=90}>,,22,22,1,,,,,,,battle/scene/bg_xszd.jpg,,,,,20,,,90,,,,63653,63653,1,0,,,{6381=0;6382=0;20391=0;20411=0;20971=0;21481=0;21811=0;22991=0;23571=0;24391=0},,万圣节的夜晚，催眠貘幽灵般得现身，引人入梦,,,,,,,,,,,,,,,,,,,,,,,,,,,,,,,,,,
63754,催眠貘,,<{advance=14;unitId=22030;level=90};{advance=14;unitId=22030;level=90};{advance=14;unitId=22030;level=90}>,<{advance=15;unitId=22030;level=90}>,,22,22,1,,,,,,,battle/scene/bg_xszd.jpg,,,,,20,,,90,,,,63654,63654,1,0,,,{6381=0;6382=0;20391=0;20411=0;20971=0;21481=0;21811=0;22991=0;23571=0;24391=0},,万圣节的夜晚，催眠貘幽灵般得现身，引人入梦,,,,,,,,,,,,,,,,,,,,,,,,,,,,,,,,,,
63755,引梦貘人,,<{advance=14;unitId=22030;level=90};{advance=14;unitId=22030;level=90};{advance=14;unitId=22030;level=90};{advance=14;unitId=22030;level=90}>,<{advance=15;unitId=22031;level=90}>,,22,22,1,,,,,,,battle/scene/bg_xszd.jpg,,,,,20,,,90,,,,63655,63655,1,0,,,{6381=0;6382=0;20391=0;20411=0;20971=0;21481=0;21811=0;22991=0;23571=0;24391=0},,万圣节夜，引梦貘人悄至，编织奇幻梦境,,,,,,,,,,,,,,,,,,,,,,,,,,,,,,,,,,
63756,引梦貘人,,<{advance=14;unitId=22030;level=90};{advance=14;unitId=22030;level=90};{advance=14;unitId=22031;level=90};{advance=14;unitId=22031;level=90}>,<{advance=15;unitId=22031;level=90}>,,22,22,1,,,,,,,battle/scene/bg_xszd.jpg,,,,,20,,,90,,,,63656,63656,1,0,,,{6381=0;6382=0;20391=0;20411=0;20971=0;21481=0;21811=0;22991=0;23571=0;24391=0},,万圣节夜，引梦貘人悄至，编织奇幻梦境,,,,,,,,,,,,,,,,,,,,,,,,,,,,,,,,,,
63757,南瓜精,,<{advance=14;unitId=22102;level=90};{advance=14;unitId=22102;level=90};{advance=14;unitId=22102;level=90};{advance=14;unitId=22102;level=90};{advance=14;unitId=22102;level=90}>,<{advance=15;unitId=22101;level=90}>,,22,22,1,,,,,,,battle/scene/bg_xszd.jpg,,,,,20,,,90,,,,63757,63757,1,0,,,{6381=0;6382=0;20391=0;20411=0;20971=0;21481=0;21811=0;22991=0;23571=0;24391=0},,南瓜精入场将点亮【安魂之火】2回合，请注意使用必杀技后会受伤！,,,,,,,,,,,,,,,,,,,,,,,,,,,,,,,,,,
63758,南瓜精,,<{advance=14;unitId=22203;level=90};{advance=14;unitId=22203;level=90};{advance=14;unitId=22202;level=90};{advance=14;unitId=22202;level=90};{advance=14;unitId=22202;level=90}>,<{advance=15;unitId=22201;level=90}>,,22,22,1,,,,,,,battle/scene/bg_xszd.jpg,,,,,20,,,90,,,,63758,63758,1,0,,,{6381=0;6382=0;20391=0;20411=0;20971=0;21481=0;21811=0;22991=0;23571=0;24391=0},,南瓜们受到了惊吓，害怕受到【恐惧】效果！,,,,,,,,,,,,,,,,,,,,,,,,,,,,,,,,,,
63759,南瓜精,,<{advance=14;unitId=22301;level=90};{advance=14;unitId=22301;level=90};{advance=14;unitId=22301;level=90};{advance=14;unitId=22301;level=90};{advance=14;unitId=22301;level=90}>,<{advance=15;unitId=22301;level=90}>,,22,22,1,,,,,,,battle/scene/bg_xszd.jpg,,,,,20,,,90,,,,63759,63759,1,0,,,{6381=0;6382=0;20391=0;20411=0;20971=0;21481=0;21811=0;22991=0;23571=0;24391=0},,请注意攻击不同南瓜的先后顺序！,,,,,,,,,,,,,,,,,,,,,,,,,,,,,,,,,,
63760,南瓜精,,<{advance=14;unitId=22301;level=90};{advance=14;unitId=22301;level=90};{advance=14;unitId=22301;level=90};{advance=14;unitId=22301;level=90};{advance=14;unitId=22301;level=90}>,<{advance=15;unitId=22401;level=90}>,,22,22,1,,,,,,,battle/scene/bg_xszd.jpg,,,,,20,,,90,,,,63760,63760,1,0,,,{6381=0;6382=0;20391=0;20411=0;20971=0;21481=0;21811=0;22991=0;23571=0;24391=0},,南瓜怪人在场时，南瓜们会捣乱！,,,,,,,,,,,,,,,,,,,,,,,,,,,,,,,,,,
64001,2025cn国庆节活动副本,,,,city/adventure/exp/icon_jd.png,16,15,1,,,,,,,battle/scene/bg_night.jpg,,,,,24,,<{key=1;value=1};{key=5;value=1};{key=3;value=20}>,36,,,,63201,,2,0,,,{900=0;901=0;930=0;5000=0;21411=0},,,,,,,,,,,,,,,,,,,,,,,,,,,,,,,,,,,,
64002,2025cn国庆节活动副本,,,,city/adventure/exp/icon_kn.png,16,15,1,,,,,,,battle/scene/bg_tower.jpg,,,,,24,,<{key=1;value=1};{key=5;value=1};{key=3;value=20}>,45,,,,63202,,2,0,,,{900=0;901=0;930=0;5000=0;21411=0},,,,,,,,,,,,,,,,,,,,,,,,,,,,,,,,,,,,
64003,2025cn国庆节活动副本,,,,city/adventure/exp/icon_jj.png,16,15,1,,,,,,,battle/scene/bg_sd.jpg,,,,,24,,<{key=1;value=1};{key=5;value=1};{key=3;value=20}>,56,,,,63203,,2,0,,,{900=0;901=0;930=0;5000=0;21411=0},,,,,,,,,,,,,,,,,,,,,,,,,,,,,,,,,,,,
64004,2025cn国庆节活动副本,,,,city/adventure/exp/icon_ds.png,16,15,1,,,,,,,battle/scene/bg_red.jpg,,,,,24,,<{key=1;value=1};{key=5;value=1};{key=3;value=20}>,68,,,,63204,,2,0,,,{900=0;901=0;930=0;5000=0;21411=0},,,,,,,,,,,,,,,,,,,,,,,,,,,,,,,,,,,,
64005,2025cn国庆节活动副本,,,,city/adventure/exp/icon_ly.png,16,15,1,,,,,,,battle/scene/bg_grass.jpg,,,,,24,,<{key=1;value=1};{key=5;value=1};{key=3;value=20}>,80,,,,63205,,2,0,,,{900=0;901=0;930=0;5000=0;21411=0},,,,,,,,,,,,,,,,,,,,,,,,,,,,,,,,,,,,
64006,2025cn国庆节活动副本,,,,city/adventure/exp/icon_sy.png,16,15,1,,,,,,,battle/scene/bg_night.jpg,,,,,24,,<{key=1;value=1};{key=5;value=1};{key=3;value=20}>,95,,,,63206,,2,0,,,{900=0;901=0;930=0;5000=0;21411=0},,,,,,,,,,,,,,,,,,,,,,,,,,,,,,,,,,,,
70001,世界BOSS,,,,,15,11,1,,,,,,,battle/scene/bg_xszd.jpg,,,,,20,,,50,,,boss504,,,3,0,,,{850=0;851=0;901=0;902=0},,,,,,,,,,,,,,,,,,,,,,,,,,,,,,,,,,,,
70002,世界BOSS,,,,,15,11,1,,,,,,,battle/scene/bg_xszd.jpg,,,,,20,,,50,,,boss504,,,3,0,,,{850=0;851=0;901=0;902=0},,,,,,,,,,,,,,,,,,,,,,,,,,,,,,,,,,,,
70003,世界BOSS,,,,,15,11,1,,,,,,,battle/scene/bg_xszd.jpg,,,,,20,,,50,,,boss504,,,3,0,,,{850=0;851=0;901=0;902=0},,,,,,,,,,,,,,,,,,,,,,,,,,,,,,,,,,,,
71001,资源战BOSS,,,<{advance=15;unitId=42001;level=100};{advance=15;unitId=42002;level=100}>,,24,18,1,7,,,,,,battle/scene/bg_xszd.jpg,,,,,,,,100,,,mineboss1,,,,,,,,,,,,,,,,,,,,,,,,,,,,,,,,,,,,,,,,,,,
71002,资源战BOSS,,,<{advance=15;unitId=42003;level=100};{advance=15;unitId=42004;level=100}>,,24,18,1,7,,,,,,battle/scene/bg_xszd.jpg,,,,,,,,100,,,mineboss1,,,,,,,,,,,,,,,,,,,,,,,,,,,,,,,,,,,,,,,,,,,
71003,资源战BOSS,,,<{advance=15;unitId=42005;level=100};{advance=15;unitId=42006;level=100}>,,24,18,1,7,,,,,,battle/scene/bg_xszd.jpg,,,,,,,,100,,,mineboss1,,,,,,,,,,,,,,,,,,,,,,,,,,,,,,,,,,,,,,,,,,,
71004,资源战BOSS,,,<{advance=15;unitId=42009;level=100};{advance=15;unitId=42007;level=100};{advance=15;unitId=42008;level=100}>,,24,18,1,7,,,,,,battle/scene/bg_xszd.jpg,,,,,,,,100,,,mineboss2,,,,,,,,,,,,,,,,,,,,,,,,,,,,,,,,,,,,,,,,,,,
75001,喵喵机器人,,,,,32,32,1,,,,,,,battle/scene/bg_xszd.jpg,,,,,,,,100,,,,,,,,,,,,,,,,,,,,,,,,,,,,,,,,,,,,,,,,,,,,,,
75002,钢铁班基拉斯,,,,,32,32,1,,,,,,,battle/scene/bg_xszd.jpg,,,,,,,,100,,,,,,,,,,,,,,,,,,,,,,,,,,,,,,,,,,,,,,,,,,,,,,
75003,毒刺水母机器人,,,,,32,32,1,,,,,,,battle/scene/bg_xszd.jpg,,,,,,,,100,,,,,,,,,,,,,,,,,,,,,,,,,,,,,,,,,,,,,,,,,,,,,,
80001,道馆副本,,<{advance=10;unitId=292591;level=65};{advance=10;unitId=292591;level=65};{advance=10;unitId=292591;level=65};{advance=10;unitId=292592;level=65};{advance=10;unitId=292592;level=65}>,<{advance=11;unitId=300011;level=65}>,,18,23,1,,,,,,,battle/scene/bg_xszd.jpg,,,,,,,,65,,65,,80001,,,0,,,{151=0;529=0;gold=0},,,,,,,,,,,,,,,,,,,,,,,,,,,,,,,,,,,,
80002,道馆副本,,<{advance=10;unitId=290101;level=65};{advance=10;unitId=290451;level=65};{advance=10;unitId=291611;level=65};{advance=10;unitId=291251;level=65};{advance=10;unitId=290691;level=65}>,<{advance=11;unitId=300021;level=65}>,,18,23,1,,,,,,,battle/scene/bg_xszd.jpg,,,,,,,,65,,65,,80002,,,0,,,{151=0;529=0;gold=0},,,,,,,,,,,,,,,,,,,,,,,,,,,,,,,,,,,,
80003,道馆副本,,<{advance=10;unitId=290301;level=65};{advance=10;unitId=290302;level=65};{advance=10;unitId=290303;level=65}>,<{advance=11;unitId=300031;level=65}>,,18,23,1,,,,,,,battle/scene/bg_xszd.jpg,,,,,,,,65,,65,,80003,,,0,,,{151=0;529=0;gold=0},,,,,,,,,,,,,,,,,,,,,,,,,,,,,,,,,,,,
80004,道馆副本,,<>,,,18,23,1,,,,,,,battle/scene/bg_xszd.jpg,,,,,,,,65,,65,,80004,,,0,,,{151=0;529=0;gold=0},,,,,,,,,,,,,,,,,,,,,,,,,,,,,,,,,,,,
80005,道馆副本,,<>,,,18,23,1,,,,,,,battle/scene/bg_xszd.jpg,,,,,,,,65,,65,,80005,,,0,,,{151=0;529=0;gold=0},,,,,,,,,,,,,,,,,,,,,,,,,,,,,,,,,,,,
80006,道馆副本,,<>,,,18,23,1,,,,,,,battle/scene/bg_xszd.jpg,,,,,,,,65,,65,,80006,,,0,,,{151=0;529=0;gold=0},,,,,,,,,,,,,,,,,,,,,,,,,,,,,,,,,,,,
80011,道馆副本,,<{advance=10;unitId=290401;level=68};{advance=10;unitId=291252;level=68};{advance=10;unitId=290491;level=68};{advance=10;unitId=290692;level=68};{advance=10;unitId=291502;level=68}>,<{advance=11;unitId=300111;level=68}>,,18,23,1,,,,,,,battle/scene/bg_xszd.jpg,,,,,,,,68,,68,,80011,,,0,,,{151=0;529=0;gold=0},,,,,,,,,,,,,,,,,,,,,,,,,,,,,,,,,,,,
80012,道馆副本,,<{advance=10;unitId=292611;level=68};{advance=10;unitId=292611;level=68};{advance=10;unitId=292611;level=68};{advance=10;unitId=292611;level=68};{advance=10;unitId=292611;level=68}>,<{advance=11;unitId=300121;level=68}>,,18,23,1,,,,,,,battle/scene/bg_xszd.jpg,,,,,,,,68,,68,,80012,,,0,,,{151=0;529=0;gold=0},,,,,,,,,,,,,,,,,,,,,,,,,,,,,,,,,,,,
80013,道馆副本,,<{advance=10;unitId=290102;level=68};{advance=10;unitId=290102;level=68};{advance=10;unitId=290102;level=68};{advance=10;unitId=290452;level=68};{advance=10;unitId=290452;level=68}>,<{advance=11;unitId=300131;level=68}>,,18,23,1,,,,,,,battle/scene/bg_xszd.jpg,,,,,,,,68,,68,,80013,,,0,,,{151=0;529=0;gold=0},,,,,,,,,,,,,,,,,,,,,,,,,,,,,,,,,,,,
80014,道馆副本,,<>,,,18,23,1,,,,,,,battle/scene/bg_xszd.jpg,,,,,,,,68,,68,,80014,,,0,,,{151=0;529=0;gold=0},,,,,,,,,,,,,,,,,,,,,,,,,,,,,,,,,,,,
80015,道馆副本,,<>,,,18,23,1,,,,,,,battle/scene/bg_xszd.jpg,,,,,,,,68,,68,,80015,,,0,,,{151=0;529=0;gold=0},,,,,,,,,,,,,,,,,,,,,,,,,,,,,,,,,,,,
80016,道馆副本,,<>,,,18,23,1,,,,,,,battle/scene/bg_xszd.jpg,,,,,,,,68,,68,,80016,,,0,,,{151=0;529=0;gold=0},,,,,,,,,,,,,,,,,,,,,,,,,,,,,,,,,,,,
80021,道馆副本,,<{advance=10;unitId=291911;level=71};{advance=10;unitId=291911;level=71};{advance=10;unitId=291911;level=71};{advance=10;unitId=291911;level=71};{advance=10;unitId=291911;level=71}>,<{advance=11;unitId=300211;level=71}>,,18,23,1,,,,,,,battle/scene/bg_xszd.jpg,,,,,,,,71,,71,,80021,,,0,,,{151=0;152=0;529=0;gold=0},,,,,,,,,,,,,,,,,,,,,,,,,,,,,,,,,,,,
80022,道馆副本,,<{advance=10;unitId=290101;level=71};{advance=10;unitId=290101;level=71};{advance=10;unitId=290101;level=71};{advance=10;unitId=290101;level=71};{advance=10;unitId=290101;level=71}>,<{advance=11;unitId=300221;level=71}>,,18,23,1,,,,,,,battle/scene/bg_xszd.jpg,,,,,,,,71,,71,,80022,,,0,,,{151=0;152=0;529=0;gold=0},,,,,,,,,,,,,,,,,,,,,,,,,,,,,,,,,,,,
80023,道馆副本,,<{advance=10;unitId=293171;level=71};{advance=10;unitId=293171;level=71};{advance=10;unitId=293171;level=71};{advance=10;unitId=293171;level=71};{advance=10;unitId=293171;level=71}>,<{advance=11;unitId=300231;level=71}>,,18,23,1,,,,,,,battle/scene/bg_xszd.jpg,,,,,,,,71,,71,,80023,,,0,,,{151=0;152=0;529=0;gold=0},,,,,,,,,,,,,,,,,,,,,,,,,,,,,,,,,,,,
80024,道馆副本,,<>,,,18,23,1,,,,,,,battle/scene/bg_xszd.jpg,,,,,,,,71,,71,,80024,,,0,,,{151=0;152=0;529=0;gold=0},,,,,,,,,,,,,,,,,,,,,,,,,,,,,,,,,,,,
80025,道馆副本,,<>,,,18,23,1,,,,,,,battle/scene/bg_xszd.jpg,,,,,,,,71,,71,,80025,,,0,,,{151=0;152=0;529=0;gold=0},,,,,,,,,,,,,,,,,,,,,,,,,,,,,,,,,,,,
80026,道馆副本,,<>,,,18,23,1,,,,,,,battle/scene/bg_xszd.jpg,,,,,,,,71,,71,,80026,,,0,,,{151=0;152=0;529=0;gold=0},,,,,,,,,,,,,,,,,,,,,,,,,,,,,,,,,,,,
80031,道馆副本,,<{advance=10;unitId=291253;level=74};{advance=10;unitId=290492;level=74};{advance=10;unitId=292233;level=74};{advance=10;unitId=292723;level=74};{advance=10;unitId=291313;level=74}>,<{advance=11;unitId=300311;level=74}>,,18,23,1,,,,,,,battle/scene/bg_xszd.jpg,,,,,,,,74,,74,,80031,,,0,,,{151=0;152=0;529=0;gold=0},,,,,,,,,,,,,,,,,,,,,,,,,,,,,,,,,,,,
80032,道馆副本,,<{advance=10;unitId=290493;level=74};{advance=10;unitId=290493;level=74};{advance=10;unitId=290493;level=74};{advance=10;unitId=291503;level=74};{advance=10;unitId=291503;level=74}>,<{advance=11;unitId=300321;level=74}>,,18,23,1,,,,,,,battle/scene/bg_xszd.jpg,,,,,,,,74,,74,,80032,,,0,,,{151=0;152=0;529=0;gold=0},,,,,,,,,,,,,,,,,,,,,,,,,,,,,,,,,,,,
80033,道馆副本,,<{advance=10;unitId=290401;level=74};{advance=10;unitId=290401;level=74};{advance=10;unitId=290401;level=74};{advance=10;unitId=290401;level=74};{advance=10;unitId=290401;level=74}>,<{advance=11;unitId=300331;level=74}>,,18,23,1,,,,,,,battle/scene/bg_xszd.jpg,,,,,,,,74,,74,,80033,,,0,,,{151=0;152=0;529=0;gold=0},,,,,,,,,,,,,,,,,,,,,,,,,,,,,,,,,,,,
80034,道馆副本,,<{advance=10;unitId=291253;level=77};{advance=10;unitId=291253;level=77};{advance=10;unitId=291253;level=77};{advance=10;unitId=291971;level=77};{advance=10;unitId=291971;level=77}>,<{advance=11;unitId=300411;level=77}>,,18,23,1,,,,,,,battle/scene/bg_xszd.jpg,,,,,,,,74,,74,,80034,,,0,,,{151=0;152=0;529=0;gold=0},,,,,,,,,,,,,,,,,,,,,,,,,,,,,,,,,,,,
80035,道馆副本,,<>,,,18,23,1,,,,,,,battle/scene/bg_xszd.jpg,,,,,,,,74,,74,,80035,,,0,,,{151=0;152=0;529=0;gold=0},,,,,,,,,,,,,,,,,,,,,,,,,,,,,,,,,,,,
80036,道馆副本,,<>,,,18,23,1,,,,,,,battle/scene/bg_xszd.jpg,,,,,,,,74,,74,,80036,,,0,,,{151=0;152=0;529=0;gold=0},,,,,,,,,,,,,,,,,,,,,,,,,,,,,,,,,,,,
80041,道馆副本,,<{advance=10;unitId=291253;level=77};{advance=10;unitId=291253;level=77};{advance=10;unitId=291253;level=77};{advance=10;unitId=291971;level=77};{advance=10;unitId=291971;level=77}>,<{advance=11;unitId=300411;level=77}>,,18,23,1,,,,,,,battle/scene/bg_xszd.jpg,,,,,,,,77,,77,,80041,,,0,,,{151=0;152=0;529=0;gold=0},,,,,,,,,,,,,,,,,,,,,,,,,,,,,,,,,,,,
80042,道馆副本,,<>,<{advance=11;unitId=300421;level=77}>,,18,23,1,,,,,,,battle/scene/bg_xszd.jpg,,,,,,,,77,,77,,80042,,,0,,,{151=0;152=0;529=0;gold=0},,,,,,,,,,,,,,,,,,,,,,,,,,,,,,,,,,,,
80043,道馆副本,,<{advance=10;unitId=292593;level=77};{advance=10;unitId=292593;level=77};{advance=10;unitId=292593;level=77}>,<{advance=11;unitId=300431;level=77}>,,18,23,1,,,,,,,battle/scene/bg_xszd.jpg,,,,,,,,77,,77,,80043,,,0,,,{151=0;152=0;529=0;gold=0},,,,,,,,,,,,,,,,,,,,,,,,,,,,,,,,,,,,
80044,道馆副本,,,<{advance=29;unitId=300441;level=999};{advance=29;unitId=300442;level=999}>,,18,23,1,,,,,,,battle/scene/bg_xszd.jpg,,,,,,,,77,,77,,80044,,,0,,,{151=0;152=0;529=0;gold=0},,,,,,,,,,,,,,,,,,,,,,,,,,,,,,,,,,,,
80045,道馆副本,,<{advance=10;unitId=291911;level=77};{advance=10;unitId=297031;level=77};{advance=10;unitId=294141;level=77};{advance=10;unitId=293171;level=77};{advance=10;unitId=294031;level=77}>,<{advance=11;unitId=300451;level=77}>,,18,23,1,,4,,,,,battle/scene/bg_xszd.jpg,,,,,,,,77,,77,,80045,,,0,,,{151=0;152=0;529=0;gold=0},,,,,,,,,,,,,,,,,,,77,,80045,,,,<{advance=10;unitId=290403;level=77};{advance=10;unitId=291972;level=77};{advance=10;unitId=291653;level=77};{advance=10;unitId=293231;level=77};{advance=10;unitId=297091;level=77}>,77,<{advance=11;unitId=300452;level=77}>,,,,,,,,,
80046,道馆副本,,<>,,,18,23,1,,,,,,,battle/scene/bg_xszd.jpg,,,,,,,,77,,77,,80046,,,0,,,{151=0;152=0;529=0;gold=0},,,,,,,,,,,,,,,,,,,,,,,,,,,,,,,,,,,,
80051,道馆副本,,<{advance=15;unitId=291314;level=80};{advance=15;unitId=291504;level=80};{advance=15;unitId=291253;level=80};{advance=15;unitId=292233;level=80};{advance=15;unitId=291911;level=80}>,<{advance=16;unitId=300511;level=80}>,,18,23,1,,,,,,,battle/scene/bg_xszd.jpg,,,,,,,,80,,80,,80051,,,0,,,{151=0;152=0;529=0;gold=0},,,,,,,,,,,,,,,,,,,,,,,,,,,,,,,,,,,,
80101,道馆副本,,<{advance=11;unitId=290551;level=70};{advance=11;unitId=293471;level=70};{advance=11;unitId=290691;level=70};{advance=11;unitId=290541;level=70};{advance=11;unitId=290541;level=70}>,<{advance=12;unitId=301011;level=70}>,,18,23,1,,,,,,,battle/scene/bg_xszd.jpg,,,,,,,,70,,70,,80101,,,0,,,{151=0;529=0;gold=0},,,,,,,,,,,,,,,,,,,,,,,,,,,,,,,,,,,,
80102,道馆副本,,<{advance=11;unitId=292871;level=70};{advance=11;unitId=293011;level=70};{advance=11;unitId=291861;level=70};{advance=11;unitId=292301;level=70};{advance=11;unitId=291851;level=70}>,<{advance=12;unitId=301021;level=70}>,,18,23,1,,,,,,,battle/scene/bg_xszd.jpg,,,,,,,,70,,70,,80102,,,0,,,{151=0;529=0;gold=0},,,,,,,,,,,,,,,,,,,,,,,,,,,,,,,,,,,,
80103,道馆副本,,<{advance=11;unitId=290381;level=70};{advance=11;unitId=290552;level=70};{advance=11;unitId=291352;level=70};{advance=11;unitId=291081;level=70};{advance=11;unitId=292031;level=70}>,<{advance=12;unitId=301031;level=70}>,,18,23,1,,,,,,,battle/scene/bg_xszd.jpg,,,,,,,,70,,70,,80103,,,0,,,{151=0;529=0;gold=0},,,,,,,,,,,,,,,,,,,,,,,,,,,,,,,,,,,,
80104,道馆副本,,<>,,,18,23,1,,,,,,,battle/scene/bg_xszd.jpg,,,,,,,,70,,70,,80104,,,0,,,{151=0;529=0;gold=0},,,,,,,,,,,,,,,,,,,,,,,,,,,,,,,,,,,,
80105,道馆副本,,<>,,,18,23,1,,,,,,,battle/scene/bg_xszd.jpg,,,,,,,,70,,70,,80105,,,0,,,{151=0;529=0;gold=0},,,,,,,,,,,,,,,,,,,,,,,,,,,,,,,,,,,,
80106,道馆副本,,<>,,,18,23,1,,,,,,,battle/scene/bg_xszd.jpg,,,,,,,,70,,70,,80106,,,0,,,{151=0;529=0;gold=0},,,,,,,,,,,,,,,,,,,,,,,,,,,,,,,,,,,,
80111,道馆副本,,<{advance=11;unitId=290021;level=73};{advance=11;unitId=293301;level=73};{advance=11;unitId=290801;level=73};{advance=11;unitId=292491;level=73};{advance=11;unitId=292031;level=73}>,<{advance=12;unitId=301111;level=73}>,,18,23,1,,,,,,,battle/scene/bg_xszd.jpg,,,,,,,,73,,73,,80111,,,0,,,{151=0;529=0;gold=0},,,,,,,,,,,,,,,,,,,,,,,,,,,,,,,,,,,,
80112,道馆副本,,<{advance=11;unitId=292921;level=73};{advance=11;unitId=291353;level=73};{advance=11;unitId=292922;level=73};{advance=11;unitId=292923;level=73};{advance=11;unitId=292924;level=73}>,<{advance=12;unitId=301121;level=73}>,,18,23,1,,,,,,,battle/scene/bg_xszd.jpg,,,,,,,,73,,73,,80112,,,0,,,{151=0;529=0;gold=0},,,,,,,,,,,,,,,,,,,,,,,,,,,,,,,,,,,,
80113,道馆副本,,<>,<{advance=12;unitId=301131;level=73}>,,18,23,1,,,,,,,battle/scene/bg_xszd.jpg,,,,,,,,73,,73,,80113,,,0,,,{151=0;529=0;gold=0},,,,,,,,,,,,,,,,,,,,,,,,,,,,,,,,,,,,
80114,道馆副本,,<>,,,18,23,1,,,,,,,battle/scene/bg_xszd.jpg,,,,,,,,73,,73,,80114,,,0,,,{151=0;529=0;gold=0},,,,,,,,,,,,,,,,,,,,,,,,,,,,,,,,,,,,
80115,道馆副本,,<>,,,18,23,1,,,,,,,battle/scene/bg_xszd.jpg,,,,,,,,73,,73,,80115,,,0,,,{151=0;529=0;gold=0},,,,,,,,,,,,,,,,,,,,,,,,,,,,,,,,,,,,
80116,道馆副本,,<>,,,18,23,1,,,,,,,battle/scene/bg_xszd.jpg,,,,,,,,73,,73,,80116,,,0,,,{151=0;529=0;gold=0},,,,,,,,,,,,,,,,,,,,,,,,,,,,,,,,,,,,
80121,道馆副本,,<>,,,18,23,1,,,,,,,battle/scene/bg_xszd.jpg,,,,,,,,76,,76,,80121,,,0,,,{151=0;152=0;529=0;gold=0},,,,,,,,,,,,,,,,,,,,,,,,,,,,,,,,,,,,
80122,道馆副本,,<{advance=11;unitId=292871;level=76};{advance=11;unitId=292871;level=76};{advance=11;unitId=292871;level=76};{advance=11;unitId=292872;level=76};{advance=11;unitId=292872;level=76}>,<{advance=12;unitId=301221;level=76}>,,18,23,2,,,,,,,battle/scene/bg_xszd.jpg,,,,,,,,76,,76,,80122,,,0,,,{151=0;152=0;529=0;gold=0},,,,,,,,,,,,,,,,,,,,,,,,,,,,,,,,,,,,
80123,道馆副本,,<{advance=11;unitId=291851;level=76};{advance=11;unitId=291851;level=76}>,<{advance=12;unitId=301231;level=76}>,,18,23,1,,,,,,,battle/scene/bg_xszd.jpg,,,,,,,,76,,76,,80123,,,0,,,{151=0;152=0;529=0;gold=0},,,,,,,,,,,,,,,,,,,,,,,,,,,,,,,,,,,,
80124,道馆副本,,<{advance=11;unitId=301241;level=76};{advance=11;unitId=291772;level=76}>,,,18,23,1,,,,,,,battle/scene/bg_xszd.jpg,,,,,,,,76,,76,,80124,,,0,,,{151=0;152=0;529=0;gold=0},,,,,,,,,,,,,,,,,,,,,,,,,,,,,,,,,,,,
80125,道馆副本,,<{advance=11;unitId=291921;level=76};{advance=11;unitId=291921;level=76};{advance=11;unitId=291921;level=76};{advance=11;unitId=291921;level=76};{advance=11;unitId=291921;level=76}>,<{advance=12;unitId=301251;level=76}>,,18,23,1,,,,,,,battle/scene/bg_xszd.jpg,,,,,,,,76,,76,,80125,,,0,,,{151=0;152=0;529=0;gold=0},,,,,,,,,,,,,,,,,,,,,,,,,,,,,,,,,,,,
80126,道馆副本,,<>,,,18,23,1,,,,,,,battle/scene/bg_xszd.jpg,,,,,,,,76,,76,,80126,,,0,,,{151=0;152=0;529=0;gold=0},,,,,,,,,,,,,,,,,,,,,,,,,,,,,,,,,,,,
80131,道馆副本,,<{advance=11;unitId=293021;level=79};{advance=11;unitId=293021;level=79};{advance=11;unitId=293021;level=79};{advance=11;unitId=291082;level=79};{advance=11;unitId=291082;level=79}>,<{advance=12;unitId=301311;level=79}>,,18,23,1,,,,,,,battle/scene/bg_xszd.jpg,,,,,,,,79,,79,,80131,,,0,,,{151=0;152=0;529=0;gold=0},,,,,,,,,,,,,,,,,,,,,,,,,,,,,,,,,,,,
80132,道馆副本,,<{advance=11;unitId=290641;level=79};{advance=11;unitId=290641;level=79};{advance=11;unitId=290641;level=79};{advance=11;unitId=292361;level=79};{advance=11;unitId=292361;level=79}>,<{advance=12;unitId=301321;level=79}>,,18,23,1,,,,,,,battle/scene/bg_xszd.jpg,,,,,,,,79,,79,,80132,,,0,,,{151=0;152=0;529=0;gold=0},,,,,,,,,,,,,,,,,,,,,,,,,,,,,,,,,,,,
80133,道馆副本,,<{advance=11;unitId=290632;level=79};{advance=11;unitId=290632;level=79};{advance=11;unitId=290632;level=79};{advance=11;unitId=290632;level=79};{advance=11;unitId=290632;level=79}>,<{advance=12;unitId=301331;level=79}>,,18,23,1,,,,,,,battle/scene/bg_xszd.jpg,,,,,,,,79,,79,,80133,,,0,,,{151=0;152=0;529=0;gold=0},,,,,,,,,,,,,,,,,,,,,,,,,,,,,,,,,,,,
80134,道馆副本,,<{advance=11;unitId=290632;level=79};{advance=11;unitId=290632;level=79};{advance=11;unitId=290632;level=79};{advance=11;unitId=290632;level=79};{advance=11;unitId=290632;level=79}>,<{advance=12;unitId=301341;level=79}>,,18,23,1,,,,,,,battle/scene/bg_xszd.jpg,,,,,,,,79,,79,,80134,,,0,,,{151=0;152=0;529=0;gold=0},,,,,,,,,,,,,,,,,,,,,,,,,,,,,,,,,,,,
80135,道馆副本,,<>,,,18,23,1,,,,,,,battle/scene/bg_xszd.jpg,,,,,,,,79,,79,,80135,,,0,,,{151=0;152=0;529=0;gold=0},,,,,,,,,,,,,,,,,,,,,,,,,,,,,,,,,,,,
80136,道馆副本,,<>,,,18,23,1,,,,,,,battle/scene/bg_xszd.jpg,,,,,,,,79,,79,,80136,,,0,,,{151=0;152=0;529=0;gold=0},,,,,,,,,,,,,,,,,,,,,,,,,,,,,,,,,,,,
80141,道馆副本,,<{advance=11;unitId=291313;level=82};{advance=11;unitId=290632;level=82};{advance=11;unitId=290024;level=82};{advance=11;unitId=291241;level=82};{advance=11;unitId=293303;level=82}>,<{advance=12;unitId=301411;level=82}>,,18,23,1,,,,,,,battle/scene/bg_xszd.jpg,,,,,,,,82,,82,,80141,,,0,,,{151=0;152=0;529=0;gold=0},,,,,,,,,,,,,,,,,,,82,,,,,,<{advance=11;unitId=292302;level=82};{advance=11;unitId=293021;level=82};{advance=11;unitId=291921;level=82};{advance=11;unitId=291082;level=82};{advance=11;unitId=293502;level=82}>,82,<{advance=12;unitId=301421;level=82}>,,,,,,,,,
80142,道馆副本,,<{advance=11;unitId=292302;level=82};{advance=11;unitId=293021;level=82};{advance=11;unitId=291921;level=82};{advance=11;unitId=291082;level=82};{advance=11;unitId=293502;level=82}>,<{advance=12;unitId=301421;level=82}>,,18,23,1,,,,,,,battle/scene/bg_xszd.jpg,,,,,,,,82,,82,,80142,,,0,,,{151=0;152=0;529=0;gold=0},,,,,,,,,,,,,,,,,,,,,,,,,,,,,,,,,,,,
80143,道馆副本,,<{advance=11;unitId=291241;level=82}>,<{advance=12;unitId=301431;level=82}>,,18,23,1,,,,,,,battle/scene/bg_xszd.jpg,,,,,,,,82,,82,,80143,,,0,,,{151=0;152=0;529=0;gold=0},,,,,,,,,,,,,,,,,,,,,,,,,,,,,,,,,,,,
80144,道馆副本,,<>,<{advance=20;unitId=301441;level=82}>,,18,23,1,,,,,,,battle/scene/bg_xszd.jpg,,,,,,,,82,,82,,80144,,,0,,,{151=0;152=0;529=0;gold=0},,,,,,,,,,,,,,,,,,,,,,,,,,,,,,,,,,,,
80145,道馆副本,,<{advance=11;unitId=292421;level=82};{advance=11;unitId=293651;level=82};{advance=11;unitId=297071;level=82};{advance=11;unitId=292361;level=82};{advance=11;unitId=297011;level=82}>,<{advance=12;unitId=301451;level=82}>,,18,23,1,,4,,,,,battle/scene/bg_xszd.jpg,,,,,,,,82,,82,,80145,,,0,,,{151=0;152=0;529=0;gold=0},,,,,,,,,,,,,,,,,,,82,,80145,,,,<{advance=11;unitId=294682;level=82};{advance=11;unitId=297131;level=82};{advance=11;unitId=291921;level=82};{advance=11;unitId=291082;level=82};{advance=11;unitId=290721;level=82}>,82,<{advance=12;unitId=293241;level=82}>,,,,,,,,,
80146,道馆副本,,<>,,,18,23,1,,,,,,,battle/scene/bg_xszd.jpg,,,,,,,,82,,82,,80146,,,0,,,{151=0;152=0;529=0;gold=0},,,,,,,,,,,,,,,,,,,,,,,,,,,,,,,,,,,,
80151,道馆副本,,<{advance=16;unitId=291921;level=85};{advance=16;unitId=290382;level=85};{advance=16;unitId=290024;level=85};{advance=16;unitId=291241;level=85};{advance=16;unitId=291961;level=85}>,<{advance=17;unitId=301511;level=85}>,,18,23,1,,,,,,,battle/scene/bg_xszd.jpg,,,,,,,,85,,85,,80151,,,0,,,{151=0;152=0;529=0;gold=0},,,,,,,,,,,,,,,,,,,,,,,,,,,,,,,,,,,,
80201,道馆副本,,<{advance=12;unitId=290171;level=75};{advance=12;unitId=290282;level=75};{advance=12;unitId=292301;level=75};{advance=12;unitId=293561;level=75}>,<{advance=13;unitId=302011;level=75}>,,18,23,1,,,,,,,battle/scene/bg_xszd.jpg,,,,,,,,75,,75,,80201,,,0,,,{151=0;529=0;gold=0},,,,,,,,,,,,,,,,,,,,,,,,,,,,,,,,,,,,
80202,道馆副本,,<{advance=12;unitId=290341;level=75};{advance=12;unitId=290071;level=75};{advance=12;unitId=290351;level=75};{advance=12;unitId=290033;level=75};{advance=12;unitId=290051;level=75}>,<{advance=13;unitId=302021;level=75}>,,18,23,1,,,,,,,battle/scene/bg_xszd.jpg,,,,,,,,75,,75,,80202,,,0,,,{151=0;529=0;gold=0},,,,,,,,,,,,,,,,,,,,,,,,,,,,,,,,,,,,
80203,道馆副本,,<{advance=12;unitId=290711;level=75};{advance=12;unitId=291421;level=75};{advance=12;unitId=290061;level=75};{advance=12;unitId=290471;level=75};{advance=12;unitId=291442;level=75}>,<{advance=13;unitId=302031;level=75}>,,18,23,1,,,,,,,battle/scene/bg_xszd.jpg,,,,,,,,75,,75,,80203,,,0,,,{151=0;529=0;gold=0},,,,,,,,,,,,,,,,,,,,,,,,,,,,,,,,,,,,
80204,道馆副本,,<{advance=12;unitId=299001;level=75};{advance=12;unitId=299001;level=75};{advance=12;unitId=299001;level=75};{advance=12;unitId=299002;level=75};{advance=12;unitId=299002;level=75}>,<{advance=13;unitId=302041;level=75}>,,18,23,1,,,,,,,battle/scene/bg_xszd.jpg,,,,,,,,75,,75,,80204,,,0,,,{151=0;529=0;gold=0},,,,,,,,,,,,,,,,,,,,,,,,,,,,,,,,,,,,
80205,道馆副本,,<>,,,18,23,1,,,,,,,battle/scene/bg_xszd.jpg,,,,,,,,75,,75,,80205,,,0,,,{151=0;529=0;gold=0},,,,,,,,,,,,,,,,,,,,,,,,,,,,,,,,,,,,
80206,道馆副本,,<>,,,18,23,1,,,,,,,battle/scene/bg_xszd.jpg,,,,,,,,75,,75,,80206,,,0,,,{151=0;529=0;gold=0},,,,,,,,,,,,,,,,,,,,,,,,,,,,,,,,,,,,
80211,道馆副本,,<{advance=12;unitId=290001;level=78};{advance=12;unitId=291291;level=78};{advance=12;unitId=293281;level=78};{advance=12;unitId=292011;level=78};{advance=12;unitId=292471;level=78}>,<{advance=13;unitId=302111;level=78}>,,18,23,1,,,,,,,battle/scene/bg_xszd.jpg,,,,,,,,78,,78,,80211,,,0,,,{151=0;529=0;gold=0},,,,,,,,,,,,,,,,,,,,,,,,,,,,,,,,,,,,
80212,道馆副本,,<{advance=12;unitId=290501;level=78};{advance=12;unitId=290503;level=78}>,<{advance=13;unitId=302121;level=78}>,,18,23,1,,,,,,,battle/scene/bg_xszd.jpg,,,,,,,,78,,78,,80212,,,0,,,{151=0;529=0;gold=0},,,,,,,,,,,,,,,,,,,,,,,,,,,,,,,,,,,,
80213,道馆副本,,<{advance=12;unitId=291441;level=78};{advance=12;unitId=291441;level=78};{advance=12;unitId=291441;level=78};{advance=12;unitId=291442;level=78};{advance=12;unitId=291442;level=78}>,<{advance=13;unitId=302131;level=78}>,,18,23,1,,,,,,,battle/scene/bg_xszd.jpg,,,,,,,,78,,78,,80213,,,0,,,{151=0;529=0;gold=0},,,,,,,,,,,,,,,,,,,,,,,,,,,,,,,,,,,,
80214,道馆副本,,<>,,,18,23,1,,,,,,,battle/scene/bg_xszd.jpg,,,,,,,,78,,78,,80214,,,0,,,{151=0;529=0;gold=0},,,,,,,,,,,,,,,,,,,,,,,,,,,,,,,,,,,,
80215,道馆副本,,<>,,,18,23,1,,,,,,,battle/scene/bg_xszd.jpg,,,,,,,,78,,78,,80215,,,0,,,{151=0;529=0;gold=0},,,,,,,,,,,,,,,,,,,,,,,,,,,,,,,,,,,,
80216,道馆副本,,<>,,,18,23,1,,,,,,,battle/scene/bg_xszd.jpg,,,,,,,,78,,78,,80216,,,0,,,{151=0;529=0;gold=0},,,,,,,,,,,,,,,,,,,,,,,,,,,,,,,,,,,,
80221,道馆副本,,<{advance=12;unitId=290003;level=81};{advance=12;unitId=290003;level=81};{advance=12;unitId=290003;level=81};{advance=12;unitId=290782;level=81};{advance=12;unitId=290782;level=81}>,<{advance=13;unitId=302211;level=81}>,,18,23,1,,,,,,,battle/scene/bg_xszd.jpg,,,,,,,,81,,81,,80221,,,0,,,{151=0;152=0;529=0;gold=0},,,,,,,,,,,,,,,,,,,,,,,,,,,,,,,,,,,,
80222,道馆副本,,<{advance=12;unitId=293592;level=81};{advance=12;unitId=293592;level=81};{advance=12;unitId=293592;level=81};{advance=12;unitId=290571;level=81};{advance=12;unitId=290571;level=81}>,<{advance=13;unitId=302221;level=81}>,,18,23,1,,,,,,,battle/scene/bg_xszd.jpg,,,,,,,,81,,81,,80222,,,0,,,{151=0;152=0;529=0;gold=0},,,,,,,,,,,,,,,,,,,,,,,,,,,,,,,,,,,,
80223,道馆副本,,<{advance=12;unitId=291423;level=81};{advance=12;unitId=291423;level=81};{advance=12;unitId=291423;level=81};{advance=12;unitId=291423;level=81};{advance=12;unitId=291423;level=81}>,<{advance=13;unitId=302231;level=81}>,,18,23,1,,,,,,,battle/scene/bg_xszd.jpg,,,,,,,,81,,81,,80223,,,0,,,{151=0;152=0;529=0;gold=0},,,,,,,,,,,,,,,,,,,,,,,,,,,,,,,,,,,,
80224,道馆副本,,<{advance=12;unitId=291641;level=81}>,<{advance=13;unitId=302241;level=81}>,,18,23,1,,,,,,,battle/scene/bg_xszd.jpg,,,,,,,,81,,81,,80224,,,0,,,{151=0;152=0;529=0;gold=0},,,,,,,,,,,,,,,,,,,,,,,,,,,,,,,,,,,,
80225,道馆副本,,<>,,,18,23,1,,,,,,,battle/scene/bg_xszd.jpg,,,,,,,,81,,81,,80225,,,0,,,{151=0;152=0;529=0;gold=0},,,,,,,,,,,,,,,,,,,,,,,,,,,,,,,,,,,,
80226,道馆副本,,<>,,,18,23,1,,,,,,,battle/scene/bg_xszd.jpg,,,,,,,,81,,81,,80226,,,0,,,{151=0;152=0;529=0;gold=0},,,,,,,,,,,,,,,,,,,,,,,,,,,,,,,,,,,,
80231,道馆副本,,<{advance=12;unitId=292473;level=84};{advance=12;unitId=293663;level=84};{advance=12;unitId=290004;level=84};{advance=12;unitId=291293;level=84};{advance=12;unitId=293843;level=84}>,<{advance=13;unitId=302311;level=84}>,,18,23,1,,,,,,,battle/scene/bg_xszd.jpg,,,,,,,,84,,84,,80231,,,0,,,{151=0;152=0;529=0;gold=0},,,,,,,,,,,,,,,,,,,,,,,,,,,,,,,,,,,,
80232,道馆副本,,<{advance=12;unitId=290712;level=84};{advance=12;unitId=290712;level=84};{advance=12;unitId=290712;level=84};{advance=12;unitId=293663;level=84};{advance=12;unitId=293663;level=84}>,<{advance=13;unitId=302321;level=84}>,,18,23,1,,,,,,,battle/scene/bg_xszd.jpg,,,,,,,,84,,84,,80232,,,0,,,{151=0;152=0;529=0;gold=0},,,,,,,,,,,,,,,,,,,,,,,,,,,,,,,,,,,,
80233,道馆副本,,<{advance=12;unitId=293262;level=84};{advance=12;unitId=292441;level=84};{advance=12;unitId=293261;level=84}>,<{advance=13;unitId=302331;level=84}>,,18,23,1,,,,,,,battle/scene/bg_xszd.jpg,,,,,,,,84,,84,,80233,,,0,,,{151=0;152=0;529=0;gold=0},,,,,,,,,,,,,,,,,,,,,,,,,,,,,,,,,,,,
80234,道馆副本,,<>,,,18,23,1,,,,,,,battle/scene/bg_xszd.jpg,,,,,,,,84,,84,,80234,,,0,,,{151=0;152=0;529=0;gold=0},,,,,,,,,,,,,,,,,,,,,,,,,,,,,,,,,,,,
80235,道馆副本,,<>,,,18,23,1,,,,,,,battle/scene/bg_xszd.jpg,,,,,,,,84,,84,,80235,,,0,,,{151=0;152=0;529=0;gold=0},,,,,,,,,,,,,,,,,,,,,,,,,,,,,,,,,,,,
80236,道馆副本,,<>,,,18,23,1,,,,,,,battle/scene/bg_xszd.jpg,,,,,,,,84,,84,,80236,,,0,,,{151=0;152=0;529=0;gold=0},,,,,,,,,,,,,,,,,,,,,,,,,,,,,,,,,,,,
80241,道馆副本,,<{advance=12;unitId=292381;level=87};{advance=12;unitId=292381;level=87};{advance=12;unitId=292381;level=87}>,<{advance=13;unitId=302411;level=87}>,,18,23,1,,,,,,,battle/scene/bg_xszd.jpg,,,,,,,,87,,87,,80241,,,0,,,{151=0;152=0;529=0;gold=0},,,,,,,,,,,,,,,,,,,,,,,,,,,,,,,,,,,,
80242,道馆副本,,<{advance=12;unitId=290731;level=87};{advance=12;unitId=290721;level=87}>,<{advance=13;unitId=302421;level=87}>,,18,23,1,,,,,,,battle/scene/bg_xszd.jpg,,,,,,,,87,,87,,80242,,,0,,,{151=0;152=0;529=0;gold=0},,,,,,,,,,,,,,,,,,,,,,,,,,,,,,,,,,,,
80243,道馆副本,,<{advance=12;unitId=290731;level=87};{advance=12;unitId=290741;level=87};{advance=12;unitId=290721;level=87};{advance=12;unitId=290053;level=87};{advance=12;unitId=290072;level=87}>,<{advance=13;unitId=302431;level=87}>,,18,23,1,,,,,,,battle/scene/bg_xszd.jpg,,,,,,,,87,,87,,80243,,,0,,,{151=0;152=0;529=0;gold=0},,,,,,,,,,,,,,,,,,,,,,,,,,,,,,,,,,,,
80244,道馆副本,,<{advance=20;unitId=291281;level=87};{advance=20;unitId=291281;level=87};{advance=20;unitId=291281;level=87};{advance=20;unitId=291281;level=87};{advance=20;unitId=291281;level=87}>,<{advance=21;unitId=302441;level=87}>,,18,23,1,,,,,,,battle/scene/bg_xszd.jpg,,,,,,,,87,,87,,80244,,,0,,,{151=0;152=0;529=0;gold=0},,,,,,,,,,,,,,,,,,,,,,,,,,,,,,,,,,,,
80245,道馆副本,,<{advance=12;unitId=290503;level=87};{advance=12;unitId=292381;level=87};{advance=12;unitId=291423;level=87};{advance=12;unitId=293262;level=87};{advance=12;unitId=293261;level=87}>,<{advance=13;unitId=302451;level=87}>,,18,23,1,,5,,,,,battle/scene/bg_xszd.jpg,,,,,,,,87,,87,,80245,,,0,,,{151=0;152=0;529=0;gold=0},,,,,,,,,,,,,,,,,,<{advance=12;unitId=293191;level=87};{advance=12;unitId=291261;level=87};{advance=12;unitId=293611;level=87};{advance=12;unitId=291981;level=87};{advance=12;unitId=292442;level=87}>,87,80245,80245,<{advance=13;unitId=302453;level=87}>,87,87,<{advance=12;unitId=294631;level=87};{advance=12;unitId=291281;level=87};{advance=12;unitId=297151;level=87};{advance=12;unitId=297141;level=87};{advance=12;unitId=297131;level=87}>,87,<{advance=13;unitId=302452;level=87}>,,,,,,,,,
80246,道馆副本,,<>,,,18,23,1,,,,,,,battle/scene/bg_xszd.jpg,,,,,,,,87,,87,,80246,,,0,,,{151=0;152=0;529=0;gold=0},,,,,,,,,,,,,,,,,,,,,,,,,,,,,,,,,,,,
80251,道馆副本,,<{advance=17;unitId=291261;level=90};{advance=17;unitId=290731;level=90};{advance=17;unitId=292442;level=90};{advance=17;unitId=290721;level=90};{advance=17;unitId=290741;level=90}>,<{advance=18;unitId=302511;level=90}>,,18,23,1,,,,,,,battle/scene/bg_xszd.jpg,,,,,,,,90,,90,,80251,,,0,,,{151=0;152=0;529=0;gold=0},,,,,,,,,,,,,,,,,,,,,,,,,,,,,,,,,,,,
80301,道馆副本,,<{advance=13;unitId=293291;level=80};{advance=13;unitId=290601;level=80};{advance=13;unitId=291171;level=80};{advance=13;unitId=291611;level=80};{advance=13;unitId=291611;level=80}>,<{advance=14;unitId=303011;level=80}>,,18,23,1,,,,,,,battle/scene/bg_xszd.jpg,,,,,,,,80,,80,,80301,,,0,,,{151=0;529=0;gold=0},,,,,,,,,,,,,,,,,,,,,,,,,,,,,,,,,,,,
80302,道馆副本,,<{advance=13;unitId=290271;level=80};{advance=13;unitId=290461;level=80};{advance=13;unitId=292271;level=80};{advance=13;unitId=292631;level=80};{advance=13;unitId=292241;level=80}>,<{advance=14;unitId=303021;level=80}>,,18,23,1,,,,,,,battle/scene/bg_xszd.jpg,,,,,,,,80,,80,,80302,,,0,,,{151=0;529=0;gold=0},,,,,,,,,,,,,,,,,,,,,,,,,,,,,,,,,,,,
80303,道馆副本,,<{advance=13;unitId=292991;level=80};{advance=13;unitId=293341;level=80};{advance=13;unitId=291071;level=80};{advance=13;unitId=293511;level=80};{advance=13;unitId=292482;level=80}>,<{advance=14;unitId=303031;level=80}>,,18,23,1,,,,,,,battle/scene/bg_xszd.jpg,,,,,,,,80,,80,,80303,,,0,,,{151=0;529=0;gold=0},,,,,,,,,,,,,,,,,,,,,,,,,,,,,,,,,,,,
80304,道馆副本,,<>,,,18,23,1,,,,,,,battle/scene/bg_xszd.jpg,,,,,,,,80,,80,,80304,,,0,,,{151=0;529=0;gold=0},,,,,,,,,,,,,,,,,,,,,,,,,,,,,,,,,,,,
80305,道馆副本,,<>,,,18,23,1,,,,,,,battle/scene/bg_xszd.jpg,,,,,,,,80,,80,,80305,,,0,,,{151=0;529=0;gold=0},,,,,,,,,,,,,,,,,,,,,,,,,,,,,,,,,,,,
80306,道馆副本,,<>,,,18,23,1,,,,,,,battle/scene/bg_xszd.jpg,,,,,,,,80,,80,,80306,,,0,,,{151=0;529=0;gold=0},,,,,,,,,,,,,,,,,,,,,,,,,,,,,,,,,,,,
80311,道馆副本,,<{advance=13;unitId=292481;level=83};{advance=13;unitId=293291;level=83};{advance=13;unitId=290011;level=83};{advance=13;unitId=290791;level=83}>,<{advance=14;unitId=303111;level=83}>,,18,23,1,,,,,,,battle/scene/bg_xszd.jpg,,,,,,,,83,,83,,80311,,,0,,,{151=0;529=0;gold=0},,,,,,,,,,,,,,,,,,,,,,,,,,,,,,,,,,,,
80312,道馆副本,,<{advance=13;unitId=290273;level=83};{advance=13;unitId=290273;level=83};{advance=13;unitId=290273;level=83};{advance=13;unitId=290273;level=83};{advance=13;unitId=290273;level=83}>,<{advance=14;unitId=303121;level=83}>,,18,23,1,,,,,,,battle/scene/bg_xszd.jpg,,,,,,,,83,,83,,80312,,,0,,,{151=0;529=0;gold=0},,,,,,,,,,,,,,,,,,,,,,,,,,,,,,,,,,,,
80313,道馆副本,,<{advance=13;unitId=290012;level=83};{advance=13;unitId=290013;level=83};{advance=13;unitId=290014;level=83};{advance=13;unitId=290015;level=83}>,<{advance=14;unitId=303131;level=83}>,,18,23,1,,,,,,,battle/scene/bg_xszd.jpg,,,,,,,,83,,83,,80313,,,0,,,{151=0;529=0;gold=0},,,,,,,,,,,,,,,,,,,,,,,,,,,,,,,,,,,,
80314,道馆副本,,<>,,,18,23,1,,,,,,,battle/scene/bg_xszd.jpg,,,,,,,,83,,83,,80314,,,0,,,{151=0;529=0;gold=0},,,,,,,,,,,,,,,,,,,,,,,,,,,,,,,,,,,,
80315,道馆副本,,<>,,,18,23,1,,,,,,,battle/scene/bg_xszd.jpg,,,,,,,,83,,83,,80315,,,0,,,{151=0;529=0;gold=0},,,,,,,,,,,,,,,,,,,,,,,,,,,,,,,,,,,,
80316,道馆副本,,<>,,,18,23,1,,,,,,,battle/scene/bg_xszd.jpg,,,,,,,,83,,83,,80316,,,0,,,{151=0;529=0;gold=0},,,,,,,,,,,,,,,,,,,,,,,,,,,,,,,,,,,,
80321,道馆副本,,<{advance=13;unitId=290241;level=86};{advance=13;unitId=290241;level=86};{advance=13;unitId=290241;level=86};{advance=13;unitId=290242;level=86};{advance=13;unitId=290242;level=86}>,<{advance=14;unitId=303211;level=86}>,,18,23,1,,,,,,,battle/scene/bg_xszd.jpg,,,,,,,,86,,86,,80321,,,0,,,{151=0;152=0;529=0;gold=0},,,,,,,,,,,,,,,,,,,,,,,,,,,,,,,,,,,,
80322,道馆副本,,<{advance=13;unitId=290463;level=86};{advance=13;unitId=290464;level=86}>,<{advance=14;unitId=303221;level=86}>,,18,23,1,,,,,,,battle/scene/bg_xszd.jpg,,,,,,,,86,,86,,80322,,,0,,,{151=0;152=0;529=0;gold=0},,,,,,,,,,,,,,,,,,,,,,,,,,,,,,,,,,,,
80323,道馆副本,,<{advance=13;unitId=293671;level=86};{advance=13;unitId=293672;level=86};{advance=13;unitId=293673;level=86};{advance=13;unitId=293673;level=86};{advance=13;unitId=293673;level=86}>,<{advance=14;unitId=303231;level=86}>,,18,23,1,,,,,,,battle/scene/bg_xszd.jpg,,,,,,,,86,,86,,80323,,,0,,,{151=0;152=0;529=0;gold=0},,,,,,,,,,,,,,,,,,,,,,,,,,,,,,,,,,,,
80324,道馆副本,,<{advance=13;unitId=292991;level=86};{advance=13;unitId=292992;level=86};{advance=13;unitId=292993;level=86};{advance=13;unitId=290741;level=86};{advance=13;unitId=290741;level=86}>,<{advance=14;unitId=303241;level=86}>,,18,23,1,,,,,,,battle/scene/bg_xszd.jpg,,,,,,,,86,,86,,80324,,,0,,,{151=0;152=0;529=0;gold=0},,,,,,,,,,,,,,,,,,,,,,,,,,,,,,,,,,,,
80325,道馆副本,,<>,,,18,23,1,,,,,,,battle/scene/bg_xszd.jpg,,,,,,,,86,,86,,80325,,,0,,,{151=0;152=0;529=0;gold=0},,,,,,,,,,,,,,,,,,,,,,,,,,,,,,,,,,,,
80326,道馆副本,,<>,,,18,23,1,,,,,,,battle/scene/bg_xszd.jpg,,,,,,,,86,,86,,80326,,,0,,,{151=0;152=0;529=0;gold=0},,,,,,,,,,,,,,,,,,,,,,,,,,,,,,,,,,,,
80331,道馆副本,,<{advance=13;unitId=293511;level=89};{advance=13;unitId=293283;level=89};{advance=13;unitId=292242;level=89};{advance=13;unitId=291071;level=89};{advance=13;unitId=291303;level=89}>,<{advance=14;unitId=303316;level=89}>,,18,23,11,,,,,,,battle/scene/bg_xszd.jpg,,,,,,,,89,,89,,80331,,,0,,,{151=0;152=0;529=0;gold=0},,,,,,,,,,,,,,,,,,,,,,,,,,,,,,,,,,,,
80332,道馆副本,,<{advance=13;unitId=303321;level=89};{advance=13;unitId=303322;level=89};{advance=13;unitId=303323;level=89};{advance=13;unitId=303324;level=89};{advance=13;unitId=303325;level=89}>,<{advance=14;unitId=303326;level=89}>,,18,23,11,,,,,,,battle/scene/bg_xszd.jpg,,,,,,,,89,,89,,80332,,,0,,,{151=0;152=0;529=0;gold=0},,,,,,,,,,,,,,,,,,,,,,,,,,,,,,,,,,,,
80333,道馆副本,,<>,<{advance=22;unitId=303331;level=100}>,,18,23,6,,,,,,,battle/scene/bg_xszd.jpg,,,,,,,,89,,89,,80333,,,0,,,{151=0;152=0;529=0;gold=0},,,,,,,,,,,,,,,,,,,,,,,,,,,,,,,,,,,,
80334,道馆副本,,<{advance=13;unitId=290741;level=89};{advance=13;unitId=303341;level=89};{advance=13;unitId=291303;level=89};{advance=13;unitId=290014;level=89};{advance=13;unitId=290015;level=89}>,<{advance=14;unitId=290603;level=89}>,,18,23,1,,,,,,,battle/scene/bg_xszd.jpg,,,,,,,,89,,89,,80334,,,0,,,{151=0;152=0;529=0;gold=0},,,,,,,,,,,,,,,,,,,,,,,,,,,,,,,,,,,,
80335,道馆副本,,<>,,,18,23,1,,,,,,,battle/scene/bg_xszd.jpg,,,,,,,,89,,89,,80335,,,0,,,{151=0;152=0;529=0;gold=0},,,,,,,,,,,,,,,,,,,,,,,,,,,,,,,,,,,,
80336,道馆副本,,<>,,,18,23,1,,,,,,,battle/scene/bg_xszd.jpg,,,,,,,,89,,89,,80336,,,0,,,{151=0;152=0;529=0;gold=0},,,,,,,,,,,,,,,,,,,,,,,,,,,,,,,,,,,,
80341,道馆副本,,<{advance=13;unitId=290741;level=92};{advance=13;unitId=291231;level=92};{advance=13;unitId=291172;level=92};{advance=13;unitId=290603;level=92};{advance=13;unitId=291303;level=92}>,<{advance=14;unitId=303411;level=92}>,,18,23,1,,,,,,,battle/scene/bg_xszd.jpg,,,,,,,,92,,92,,80341,,,0,,,{151=0;152=0;529=0;gold=0},,,,,,,,,,,,,,,,,,,,,,,,,,,,,,,,,,,,
80342,道馆副本,,<{advance=13;unitId=291394;level=92};{advance=13;unitId=291303;level=92};{advance=13;unitId=291071;level=92};{advance=13;unitId=290232;level=92};{advance=13;unitId=291423;level=92}>,<{advance=14;unitId=303421;level=92}>,,18,23,1,,,,,,,battle/scene/bg_xszd.jpg,,,,,,,,92,,92,,80342,,,0,,,{151=0;152=0;529=0;gold=0},,,,,,,,,,,,,,,,,,,,,,,,,,,,,,,,,,,,
80343,道馆副本,,<{advance=13;unitId=291071;level=92};{advance=13;unitId=291303;level=92};{advance=13;unitId=291394;level=92};{advance=13;unitId=292242;level=92};{advance=13;unitId=292242;level=92}>,<{advance=14;unitId=303431;level=92}>,,18,23,1,,,,,,,battle/scene/bg_xszd.jpg,,,,,,,,92,,92,,80343,,,0,,,{151=0;152=0;529=0;gold=0},,,,,,,,,,,,,,,,,,,,,,,,,,,,,,,,,,,,
80344,道馆副本,,<{advance=21;unitId=291271;level=92};{advance=21;unitId=291271;level=92};{advance=21;unitId=291271;level=92};{advance=21;unitId=291271;level=92};{advance=21;unitId=291271;level=92}>,<{advance=22;unitId=303441;level=92}>,,18,23,1,,,,,,,battle/scene/bg_xszd.jpg,,,,,,,,92,,92,,80344,,,0,,,{151=0;152=0;529=0;gold=0},,,,,,,,,,,,,,,,,,,,,,,,,,,,,,,,,,,,
80345,道馆副本,,<{advance=13;unitId=293211;level=92};{advance=13;unitId=291972;level=92};{advance=13;unitId=293651;level=92};{advance=13;unitId=292461;level=92};{advance=13;unitId=297121;level=92}>,<{advance=14;unitId=303451;level=92}>,,18,23,1,,4,,,,,battle/scene/bg_xszd.jpg,,,,,,,,92,,92,,80345,,,0,,,{151=0;152=0;529=0;gold=0},,,,,,,,,,,,,,,,,,,92,,80345,,,,<{advance=13;unitId=297061;level=92};{advance=13;unitId=294601;level=92};{advance=13;unitId=297071;level=92};{advance=13;unitId=294121;level=92};{advance=13;unitId=297111;level=92}>,92,<{advance=14;unitId=290762;level=92}>,,,,,,,,,
80346,道馆副本,,<>,,,18,23,1,,,,,,,battle/scene/bg_xszd.jpg,,,,,,,,92,,92,,80346,,,0,,,{151=0;152=0;529=0;gold=0},,,,,,,,,,,,,,,,,,,,,,,,,,,,,,,,,,,,
80351,道馆副本,,<{advance=18;unitId=293262;level=95};{advance=18;unitId=291303;level=95};{advance=18;unitId=291231;level=95};{advance=18;unitId=290014;level=95};{advance=18;unitId=290015;level=95}>,<{advance=19;unitId=303511;level=95}>,,18,23,1,,,,,,,battle/scene/bg_xszd.jpg,,,,,,,,95,,95,,80351,,,0,,,{151=0;152=0;529=0;gold=0},,,,,,,,,,,,,,,,,,,,,,,,,,,,,,,,,,,,
80401,道馆副本,,<{advance=14;unitId=293001;level=85};{advance=14;unitId=292231;level=85};{advance=14;unitId=291891;level=85};{advance=14;unitId=293541;level=85};{advance=14;unitId=290031;level=85}>,<{advance=15;unitId=304011;level=85}>,,18,23,1,,,,,,,battle/scene/bg_xszd.jpg,,,,,,,,85,,85,,80401,,,0,,,{151=0;529=0;gold=0},,,,,,,,,,,,,,,,,,,,,,,,,,,,,,,,,,,,
80402,道馆副本,,<{advance=14;unitId=292071;level=85};{advance=14;unitId=290881;level=85};{advance=14;unitId=290331;level=85};{advance=14;unitId=290591;level=85};{advance=14;unitId=292891;level=85}>,<{advance=15;unitId=304021;level=85}>,,18,23,1,,,,,,,battle/scene/bg_xszd.jpg,,,,,,,,85,,85,,80402,,,0,,,{151=0;529=0;gold=0},,,,,,,,,,,,,,,,,,,,,,,,,,,,,,,,,,,,
80403,道馆副本,,<{advance=14;unitId=290882;level=85};{advance=14;unitId=290592;level=85};{advance=14;unitId=292232;level=85};{advance=14;unitId=293002;level=85};{advance=14;unitId=291892;level=85}>,<{advance=15;unitId=304031;level=85}>,,18,23,1,,,,,,,battle/scene/bg_xszd.jpg,,,,,,,,85,,85,,80403,,,0,,,{151=0;529=0;gold=0},,,,,,,,,,,,,,,,,,,,,,,,,,,,,,,,,,,,
80404,道馆副本,,<{advance=14;unitId=290751;level=85};{advance=14;unitId=290751;level=85};{advance=14;unitId=290751;level=85};{advance=14;unitId=290752;level=85};{advance=14;unitId=290752;level=85}>,<{advance=15;unitId=304041;level=85}>,,18,23,1,,,,,,,battle/scene/bg_xszd.jpg,,,,,,,,85,,85,,80404,,,0,,,{151=0;529=0;gold=0},,,,,,,,,,,,,,,,,,,,,,,,,,,,,,,,,,,,
80405,道馆副本,,<>,,,18,23,1,,,,,,,battle/scene/bg_xszd.jpg,,,,,,,,85,,85,,80405,,,0,,,{151=0;529=0;gold=0},,,,,,,,,,,,,,,,,,,,,,,,,,,,,,,,,,,,
80406,道馆副本,,<>,,,18,23,1,,,,,,,battle/scene/bg_xszd.jpg,,,,,,,,85,,85,,80406,,,0,,,{151=0;529=0;gold=0},,,,,,,,,,,,,,,,,,,,,,,,,,,,,,,,,,,,
80411,道馆副本,,<>,,,18,23,1,,,,,,,battle/scene/bg_xszd.jpg,,,,,,,,88,,88,,80411,,,0,,,{151=0;529=0;gold=0},,,,,,,,,,,,,,,,,,,,,,,,,,,,,,,,,,,,
80412,道馆副本,,<{advance=14;unitId=290593;level=88};{advance=14;unitId=290593;level=88};{advance=14;unitId=290593;level=88};{advance=14;unitId=290883;level=88};{advance=14;unitId=290883;level=88}>,<{advance=15;unitId=304121;level=88}>,,18,23,1,,,,,,,battle/scene/bg_xszd.jpg,,,,,,,,88,,88,,80412,,,0,,,{151=0;529=0;gold=0},,,,,,,,,,,,,,,,,,,,,,,,,,,,,,,,,,,,
80413,道馆副本,,<{advance=14;unitId=293201;level=88};{advance=14;unitId=293201;level=88};{advance=14;unitId=293201;level=88};{advance=14;unitId=293201;level=88};{advance=14;unitId=293201;level=88}>,<{advance=15;unitId=304131;level=88}>,,18,23,1,,,,,,,battle/scene/bg_xszd.jpg,,,,,,,,88,,88,,80413,,,0,,,{151=0;529=0;gold=0},,,,,,,,,,,,,,,,,,,,,,,,,,,,,,,,,,,,
80414,道馆副本,,<>,,,18,23,1,,,,,,,battle/scene/bg_xszd.jpg,,,,,,,,88,,88,,80414,,,0,,,{151=0;529=0;gold=0},,,,,,,,,,,,,,,,,,,,,,,,,,,,,,,,,,,,
80415,道馆副本,,<>,,,18,23,1,,,,,,,battle/scene/bg_xszd.jpg,,,,,,,,88,,88,,80415,,,0,,,{151=0;529=0;gold=0},,,,,,,,,,,,,,,,,,,,,,,,,,,,,,,,,,,,
80416,道馆副本,,<>,,,18,23,1,,,,,,,battle/scene/bg_xszd.jpg,,,,,,,,88,,88,,80416,,,0,,,{151=0;529=0;gold=0},,,,,,,,,,,,,,,,,,,,,,,,,,,,,,,,,,,,
80421,道馆副本,,<{advance=14;unitId=293543;level=91};{advance=14;unitId=293543;level=91};{advance=14;unitId=293543;level=91}>,<{advance=15;unitId=304211;level=91}>,,18,23,1,,,,,,,battle/scene/bg_xszd.jpg,,,,,,,,91,,91,,80421,,,0,,,{151=0;152=0;529=0;gold=0},,,,,,,,,,,,,,,,,,,,,,,,,,,,,,,,,,,,
80422,道馆副本,,<>,<{advance=15;unitId=304221;level=91}>,,18,23,1,,,,,,,battle/scene/bg_xszd.jpg,,,,,,,,91,,91,,80422,,,0,,,{151=0;152=0;529=0;gold=0},,,,,,,,,,,,,,,,,,,,,,,,,,,,,,,,,,,,
80423,道馆副本,,<{advance=14;unitId=294161;level=91};{advance=14;unitId=293221;level=91}>,,,18,23,1,,,,,,,battle/scene/bg_xszd.jpg,,,,,,,,91,,91,,80423,,,0,,,{151=0;152=0;529=0;gold=0},,,,,,,,,,,,,,,,,,,,,,,,,,,,,,,,,,,,
80424,道馆副本,,<>,,,18,23,1,,,,,,,battle/scene/bg_xszd.jpg,,,,,,,,91,,91,,80424,,,0,,,{151=0;152=0;529=0;gold=0},,,,,,,,,,,,,,,,,,,,,,,,,,,,,,,,,,,,
80425,道馆副本,,<>,,,18,23,1,,,,,,,battle/scene/bg_xszd.jpg,,,,,,,,91,,91,,80425,,,0,,,{151=0;152=0;529=0;gold=0},,,,,,,,,,,,,,,,,,,,,,,,,,,,,,,,,,,,
80426,道馆副本,,<>,,,18,23,1,,,,,,,battle/scene/bg_xszd.jpg,,,,,,,,91,,91,,80426,,,0,,,{151=0;152=0;529=0;gold=0},,,,,,,,,,,,,,,,,,,,,,,,,,,,,,,,,,,,
80431,道馆副本,,<{advance=14;unitId=291941;level=94};{advance=14;unitId=292361;level=94}>,<{advance=15;unitId=291951;level=94};{advance=15;unitId=292351;level=94}>,,18,23,,,,,,,,battle/scene/bg_xszd.jpg,,,,,,,,94,,94,,80431,,,0,,,{151=0;152=0;529=0;gold=0},,,,,,,,,,,,,,,,,,,,,,,,,,,,,,,,,,,,
80432,道馆副本,,<{advance=14;unitId=291221;level=94};{advance=14;unitId=291221;level=94};{advance=14;unitId=291221;level=94};{advance=14;unitId=290883;level=94};{advance=14;unitId=290883;level=94}>,<{advance=15;unitId=304321;level=94}>,,18,23,1,,,,,,,battle/scene/bg_xszd.jpg,,,,,,,,94,,94,,80432,,,0,,,{151=0;152=0;529=0;gold=0},,,,,,,,,,,,,,,,,,,,,,,,,,,,,,,,,,,,
80433,道馆副本,,<{advance=14;unitId=290333;level=94};{advance=14;unitId=290593;level=94};{advance=14;unitId=291221;level=94};{advance=14;unitId=290731;level=94};{advance=14;unitId=290884;level=94}>,<{advance=15;unitId=304331;level=94}>,,18,23,1,,,,,,,battle/scene/bg_xszd.jpg,,,,,,,,94,,94,,80433,,,0,,,{151=0;152=0;529=0;gold=0},,,,,,,,,,,,,,,,,,,,,,,,,,,,,,,,,,,,
80434,道馆副本,,<{advance=20;unitId=293211;level=100};{advance=20;unitId=293221;level=100}>,<{advance=21;unitId=304341;level=100}>,,18,23,1,,,,,,,battle/scene/bg_xszd.jpg,,,,,,,,94,,94,,80434,,,0,,,{151=0;152=0;529=0;gold=0},,,,,,,,,,,,,,,,,,,,,,,,,,,,,,,,,,,,
80435,道馆副本,,<>,,,18,23,1,,,,,,,battle/scene/bg_xszd.jpg,,,,,,,,94,,94,,80435,,,0,,,{151=0;152=0;529=0;gold=0},,,,,,,,,,,,,,,,,,,,,,,,,,,,,,,,,,,,
80436,道馆副本,,<>,,,18,23,1,,,,,,,battle/scene/bg_xszd.jpg,,,,,,,,94,,94,,80436,,,0,,,{151=0;152=0;529=0;gold=0},,,,,,,,,,,,,,,,,,,,,,,,,,,,,,,,,,,,
80441,道馆副本,,<{advance=14;unitId=293003;level=97};{advance=14;unitId=292233;level=97};{advance=14;unitId=293143;level=97};{advance=14;unitId=291893;level=97};{advance=14;unitId=290753;level=97}>,<{advance=15;unitId=304411;level=97}>,,18,23,1,,,,,,,battle/scene/bg_xszd.jpg,,,,,,,,97,,97,,80441,,,0,,,{151=0;152=0;529=0;gold=0},,,,,,,,,,,,,,,,,,,,,,,,,,,,,,,,,,,,
80442,道馆副本,,<{advance=14;unitId=290331;level=97};{advance=14;unitId=290331;level=97};{advance=14;unitId=290331;level=97};{advance=14;unitId=290332;level=97};{advance=14;unitId=290332;level=97}>,<{advance=15;unitId=304421;level=97}>,,18,23,1,,,,,,,battle/scene/bg_xszd.jpg,,,,,,,,97,,97,,80442,,,0,,,{151=0;152=0;529=0;gold=0},,,,,,,,,,,,,,,,,,,,,,,,,,,,,,,,,,,,
80443,道馆副本,,<{advance=14;unitId=292351;level=97};{advance=14;unitId=292361;level=97}>,<{advance=15;unitId=304431;level=97}>,,18,23,1,,,,,,,battle/scene/bg_xszd.jpg,,,,,,,,97,,97,,80443,,,0,,,{151=0;152=0;529=0;gold=0},,,,,,,,,,,,,,,,,,,,,,,,,,,,,,,,,,,,
80444,道馆副本,,<>,<{advance=26;unitId=304441;level=97}>,,18,23,1,,,,,,,battle/scene/bg_xszd.jpg,,,,,,,,97,,97,,80444,,,0,,,{151=0;152=0;529=0;gold=0},,,,,,,,,,,,,,,,,,,,,,,,,,,,,,,,,,,,
80445,道馆副本,,<{advance=14;unitId=293003;level=97};{advance=14;unitId=292233;level=97};{advance=14;unitId=293143;level=97};{advance=14;unitId=291893;level=97};{advance=14;unitId=290753;level=97}>,<{advance=15;unitId=304451;level=97}>,,18,23,1,,4,,,,,battle/scene/bg_xszd.jpg,,,,,,,,97,,97,,80445,,,0,,,{151=0;152=0;529=0;gold=0},,,,,,,,,,,,,,,,,,,97,,80445,,,,<{advance=14;unitId=290333;level=97};{advance=14;unitId=291221;level=97};{advance=14;unitId=290731;level=97};{advance=14;unitId=293221;level=97};{advance=14;unitId=294061;level=97}>,97,<{advance=15;unitId=294161;level=97}>,,,,,,,,,
80446,道馆副本,,<>,,,18,23,1,,,,,,,battle/scene/bg_xszd.jpg,,,,,,,,97,,97,,80446,,,0,,,{151=0;152=0;529=0;gold=0},,,,,,,,,,,,,,,,,,,,,,,,,,,,,,,,,,,,
80451,道馆副本,,<{advance=19;unitId=291941;level=100};{advance=19;unitId=290753;level=100};{advance=19;unitId=291951;level=100};{advance=19;unitId=293221;level=100};{advance=19;unitId=292361;level=100}>,<{advance=20;unitId=304511;level=100}>,,18,23,1,,,,,,,battle/scene/bg_xszd.jpg,,,,,,,,100,,100,,80451,,,0,,,{151=0;152=0;529=0;gold=0},,,,,,,,,,,,,,,,,,,,,,,,,,,,,,,,,,,,
80501,道馆副本,,<{advance=15;unitId=292821;level=90};{advance=15;unitId=292721;level=90};{advance=15;unitId=293141;level=90};{advance=15;unitId=291171;level=90}>,<{advance=16;unitId=305011;level=90}>,,18,23,1,,,,,,,battle/scene/bg_xszd.jpg,,,,,,,,90,,90,,80501,,,0,,,{151=0;529=0;gold=0},,,,,,,,,,,,,,,,,,,,,,,,,,,,,,,,,,,,
80502,道馆副本,,<{advance=15;unitId=290391;level=90};{advance=15;unitId=291811;level=90};{advance=15;unitId=293561;level=90};{advance=15;unitId=291801;level=90};{advance=15;unitId=293411;level=90}>,<{advance=16;unitId=305021;level=90}>,,18,23,1,,,,,,,battle/scene/bg_xszd.jpg,,,,,,,,90,,90,,80502,,,0,,,{151=0;529=0;gold=0},,,,,,,,,,,,,,,,,,,,,,,,,,,,,,,,,,,,
80503,道馆副本,,<{advance=15;unitId=290392;level=90};{advance=15;unitId=292992;level=90};{advance=15;unitId=293142;level=90};{advance=15;unitId=291812;level=90};{advance=15;unitId=293412;level=90}>,<{advance=16;unitId=305031;level=90}>,,18,23,1,,,,,,,battle/scene/bg_xszd.jpg,,,,,,,,90,,90,,80503,,,0,,,{151=0;529=0;gold=0},,,,,,,,,,,,,,,,,,,,,,,,,,,,,,,,,,,,
80504,道馆副本,,<>,,,18,23,1,,,,,,,battle/scene/bg_xszd.jpg,,,,,,,,90,,90,,80504,,,0,,,{151=0;529=0;gold=0},,,,,,,,,,,,,,,,,,,,,,,,,,,,,,,,,,,,
80505,道馆副本,,<>,,,18,23,1,,,,,,,battle/scene/bg_xszd.jpg,,,,,,,,90,,90,,80505,,,0,,,{151=0;529=0;gold=0},,,,,,,,,,,,,,,,,,,,,,,,,,,,,,,,,,,,
80506,道馆副本,,<>,,,18,23,1,,,,,,,battle/scene/bg_xszd.jpg,,,,,,,,90,,90,,80506,,,0,,,{151=0;529=0;gold=0},,,,,,,,,,,,,,,,,,,,,,,,,,,,,,,,,,,,
80511,道馆副本,,<{advance=15;unitId=292992;level=93};{advance=15;unitId=291811;level=93};{advance=15;unitId=293561;level=93};{advance=15;unitId=290392;level=93};{advance=15;unitId=290391;level=93}>,<{advance=16;unitId=305111;level=93}>,,18,23,1,,,,,,,battle/scene/bg_xszd.jpg,,,,,,,,93,,93,,80511,,,0,,,{151=0;529=0;gold=0},,,,,,,,,,,,,,,,,,,,,,,,,,,,,,,,,,,,
80512,道馆副本,,<{advance=15;unitId=292992;level=93};{advance=15;unitId=291811;level=93};{advance=15;unitId=293561;level=93};{advance=15;unitId=290392;level=93};{advance=15;unitId=290391;level=93}>,<{advance=16;unitId=305121;level=93}>,,18,23,1,,,,,,,battle/scene/bg_xszd.jpg,,,,,,,,93,,93,,80512,,,0,,,{151=0;529=0;gold=0},,,,,,,,,,,,,,,,,,,,,,,,,,,,,,,,,,,,
80513,道馆副本,,<{advance=15;unitId=290971;level=93};{advance=15;unitId=290971;level=93};{advance=15;unitId=290971;level=93};{advance=15;unitId=290972;level=93};{advance=15;unitId=290972;level=93}>,<{advance=16;unitId=305131;level=93}>,,18,23,1,,,,,,,battle/scene/bg_xszd.jpg,,,,,,,,93,,93,,80513,,,0,,,{151=0;529=0;gold=0},,,,,,,,,,,,,,,,,,,,,,,,,,,,,,,,,,,,
80514,道馆副本,,<>,,,18,23,1,,,,,,,battle/scene/bg_xszd.jpg,,,,,,,,93,,93,,80514,,,0,,,{151=0;529=0;gold=0},,,,,,,,,,,,,,,,,,,,,,,,,,,,,,,,,,,,
80515,道馆副本,,<>,,,18,23,1,,,,,,,battle/scene/bg_xszd.jpg,,,,,,,,93,,93,,80515,,,0,,,{151=0;529=0;gold=0},,,,,,,,,,,,,,,,,,,,,,,,,,,,,,,,,,,,
80516,道馆副本,,<>,,,18,23,1,,,,,,,battle/scene/bg_xszd.jpg,,,,,,,,93,,93,,80516,,,0,,,{151=0;529=0;gold=0},,,,,,,,,,,,,,,,,,,,,,,,,,,,,,,,,,,,
80521,道馆副本,,<{advance=15;unitId=292822;level=96};{advance=15;unitId=292822;level=96};{advance=15;unitId=292822;level=96};{advance=15;unitId=292822;level=96};{advance=15;unitId=292822;level=96}>,<{advance=16;unitId=305211;level=96}>,,18,23,1,,,,,,,battle/scene/bg_xszd.jpg,,,,,,,,96,,96,,80521,,,0,,,{151=0;152=0;529=0;gold=0},,,,,,,,,,,,,,,,,,,,,,,,,,,,,,,,,,,,
80522,道馆副本,,<{advance=15;unitId=291813;level=96};{advance=15;unitId=291801;level=96};{advance=15;unitId=291813;level=96};{advance=15;unitId=291801;level=96};{advance=15;unitId=291801;level=96}>,<{advance=16;unitId=305221;level=96}>,,18,23,1,,,,,,,battle/scene/bg_xszd.jpg,,,,,,,,96,,96,,80522,,,0,,,{151=0;152=0;529=0;gold=0},,,,,,,,,,,,,,,,,,,,,,,,,,,,,,,,,,,,
80523,道馆副本,,<{advance=15;unitId=291813;level=96};{advance=15;unitId=291813;level=96};{advance=15;unitId=291813;level=96};{advance=15;unitId=291813;level=96};{advance=15;unitId=291813;level=96}>,<{advance=16;unitId=305231;level=96}>,,18,23,1,,,,,,,battle/scene/bg_xszd.jpg,,,,,,,,96,,96,,80523,,,0,,,{151=0;152=0;529=0;gold=0},,,,,,,,,,,,,,,,,,,,,,,,,,,,,,,,,,,,
80524,道馆副本,,<{advance=15;unitId=305241;level=96};{advance=15;unitId=305241;level=96};{advance=15;unitId=305241;level=96};{advance=15;unitId=305241;level=96}>,<{advance=16;unitId=305241;level=96}>,,18,23,1,,,,,,,battle/scene/bg_xszd.jpg,,,,,,,,96,,96,,80524,,,0,,,{151=0;152=0;529=0;gold=0},,,,,,,,,,,,,,,,,,,,,,,,,,,,,,,,,,,,
80525,道馆副本,,<>,,,18,23,1,,,,,,,battle/scene/bg_xszd.jpg,,,,,,,,96,,96,,80525,,,0,,,{151=0;152=0;529=0;gold=0},,,,,,,,,,,,,,,,,,,,,,,,,,,,,,,,,,,,
80526,道馆副本,,<>,,,18,23,1,,,,,,,battle/scene/bg_xszd.jpg,,,,,,,,96,,96,,80526,,,0,,,{151=0;152=0;529=0;gold=0},,,,,,,,,,,,,,,,,,,,,,,,,,,,,,,,,,,,
80531,道馆副本,,<{advance=15;unitId=293303;level=99};{advance=15;unitId=291253;level=99};{advance=15;unitId=293143;level=99};{advance=15;unitId=291172;level=99};{advance=15;unitId=292723;level=99}>,<{advance=16;unitId=305311;level=99}>,,18,23,1,,,,,,,battle/scene/bg_xszd.jpg,,,,,,,,,,99,,80531,,,0,,,{151=0;152=0;529=0;gold=0},,,,,,,,,,,,,,,,,,,,,,,,,,,,,,,,,,,,
80532,道馆副本,,<{advance=15;unitId=292993;level=99};{advance=15;unitId=292993;level=99};{advance=15;unitId=292993;level=99};{advance=15;unitId=293562;level=99};{advance=15;unitId=293663;level=99}>,<{advance=16;unitId=305321;level=99}>,,18,23,1,,,,,,,battle/scene/bg_xszd.jpg,,,,,,,,,,99,,80532,,,0,,,{151=0;152=0;529=0;gold=0},,,,,,,,,,,,,,,,,,,,,,,,,,,,,,,,,,,,
80533,道馆副本,,<{advance=15;unitId=290391;level=99};{advance=15;unitId=290392;level=99};{advance=15;unitId=290393;level=99}>,<{advance=16;unitId=290394;level=99}>,,18,23,4,,,,,,,battle/scene/bg_xszd.jpg,,,,,,,,,,99,,80533,,,0,,,{151=0;152=0;529=0;gold=0},,,,,,,,,,,,,,,,,,,,,,,,,,,,,,,,,,,,
80534,道馆副本,,<>,,,18,23,1,,,,,,,battle/scene/bg_xszd.jpg,,,,,,,,,,99,,80534,,,0,,,{151=0;152=0;529=0;gold=0},,,,,,,,,,,,,,,,,,,,,,,,,,,,,,,,,,,,
80535,道馆副本,,<>,,,18,23,1,,,,,,,battle/scene/bg_xszd.jpg,,,,,,,,,,99,,80535,,,0,,,{151=0;152=0;529=0;gold=0},,,,,,,,,,,,,,,,,,,,,,,,,,,,,,,,,,,,
80536,道馆副本,,<>,,,18,23,1,,,,,,,battle/scene/bg_xszd.jpg,,,,,,,,,,99,,80536,,,0,,,{151=0;152=0;529=0;gold=0},,,,,,,,,,,,,,,,,,,,,,,,,,,,,,,,,,,,
80541,道馆副本,,<>,<{advance=16;unitId=305411;level=102}>,,18,23,,,,,,,,battle/scene/bg_xszd.jpg,,,,,,,,102,,102,,80541,,,0,,,{151=0;152=0;529=0;gold=0},,,,,,,,,,,,,,,,,,,,,,,,,,,,,,,,,,,,
80542,道馆副本,,<{advance=15;unitId=293611;level=102};{advance=15;unitId=293611;level=102};{advance=15;unitId=293611;level=102};{advance=15;unitId=293611;level=102};{advance=15;unitId=293611;level=102}>,<{advance=16;unitId=305421;level=102}>,,18,23,,,,,,,,battle/scene/bg_xszd.jpg,,,,,,,,102,,102,,80542,,,0,,,{151=0;152=0;529=0;gold=0},,,,,,,,,,,,,,,,,,,,,,,,,,,,,,,,,,,,
80543,道馆副本,,<{advance=15;unitId=294631;level=102};{advance=15;unitId=293611;level=102};{advance=15;unitId=297031;level=102};{advance=15;unitId=293642;level=102};{advance=15;unitId=297011;level=102}>,<{advance=16;unitId=305431;level=102}>,,18,23,1,,4,,,,,battle/scene/bg_xszd.jpg,,,,,,,,102,,102,,80543,,,0,,,{151=0;152=0;529=0;gold=0},,,,,,,,,,,,,,,,,,,102,,80543,,,,<{advance=15;unitId=292391;level=102};{advance=15;unitId=290397;level=102};{advance=15;unitId=294683;level=102};{advance=15;unitId=293641;level=102};{advance=15;unitId=294121;level=102}>,102,<{advance=16;unitId=294024;level=102}>,,,,,,,,,
80544,道馆副本,,<>,<{advance=24;unitId=305441;level=102}>,,18,23,1,,,,,,,battle/scene/bg_xszd.jpg,,,,,,,,102,,102,,80544,,,0,,,{151=0;152=0;529=0;gold=0},,,,,,,,,,,,,,,,,,,,,,,,,,,,,,,,,,,,
80545,道馆副本,,<>,,,18,23,1,,,,,,,battle/scene/bg_xszd.jpg,,,,,,,,102,,102,,80545,,,0,,,{151=0;152=0;529=0;gold=0},,,,,,,,,,,,,,,,,,,,,,,,,,,,,,,,,,,,
80546,道馆副本,,<>,,,18,23,1,,,,,,,battle/scene/bg_xszd.jpg,,,,,,,,102,,102,,80546,,,0,,,{151=0;152=0;529=0;gold=0},,,,,,,,,,,,,,,,,,,,,,,,,,,,,,,,,,,,
80551,道馆副本,,<{advance=20;unitId=293642;level=105};{advance=20;unitId=292391;level=105};{advance=20;unitId=291813;level=105};{advance=20;unitId=292431;level=105};{advance=20;unitId=290394;level=105}>,<{advance=21;unitId=305511;level=105}>,,18,23,1,,,,,,,battle/scene/bg_xszd.jpg,,,,,,,,105,,105,,80551,,,0,,,{151=0;152=0;529=0;gold=0},,,,,,,,,,,,,,,,,,,,,,,,,,,,,,,,,,,,
80601,道馆副本,,<{advance=16;unitId=290331;level=95};{advance=16;unitId=291901;level=95};{advance=16;unitId=292961;level=95};{advance=16;unitId=291502;level=95};{advance=16;unitId=293411;level=95}>,<{advance=17;unitId=306011;level=95}>,,18,23,1,,,,,,,battle/scene/bg_xszd.jpg,,,,,,,,95,,95,,80601,,,0,,,{151=0;529=0;gold=0},,,,,,,,,,,,,,,,,,,,,,,,,,,,,,,,,,,,
80602,道馆副本,,<{advance=16;unitId=290031;level=95};{advance=16;unitId=290031;level=95};{advance=16;unitId=290031;level=95};{advance=16;unitId=290031;level=95};{advance=16;unitId=290031;level=95}>,<{advance=17;unitId=306021;level=95}>,,18,23,1,,,,,,,battle/scene/bg_xszd.jpg,,,,,,,,95,,95,,80602,,,0,,,{151=0;529=0;gold=0},,,,,,,,,,,,,,,,,,,,,,,,,,,,,,,,,,,,
80603,道馆副本,,<{advance=16;unitId=290001;level=95};{advance=16;unitId=290371;level=95};{advance=16;unitId=290481;level=95};{advance=16;unitId=290111;level=95};{advance=16;unitId=292271;level=95}>,<{advance=17;unitId=306031;level=95}>,,18,23,1,,,,,,,battle/scene/bg_xszd.jpg,,,,,,,,95,,95,,80603,,,0,,,{151=0;529=0;gold=0},,,,,,,,,,,,,,,,,,,,,,,,,,,,,,,,,,,,
80604,道馆副本,,<{advance=16;unitId=290192;level=95};{advance=16;unitId=292682;level=95};{advance=16;unitId=292681;level=95};{advance=16;unitId=290191;level=95};{advance=16;unitId=290043;level=95}>,<{advance=17;unitId=306041;level=95}>,,18,23,1,,,,,,,battle/scene/bg_xszd.jpg,,,,,,,,95,,95,,80604,,,0,,,{151=0;529=0;gold=0},,,,,,,,,,,,,,,,,,,,,,,,,,,,,,,,,,,,
80605,道馆副本,,<>,,,18,23,1,,,,,,,battle/scene/bg_xszd.jpg,,,,,,,,95,,95,,80605,,,0,,,{151=0;529=0;gold=0},,,,,,,,,,,,,,,,,,,,,,,,,,,,,,,,,,,,
80606,道馆副本,,<>,,,18,23,1,,,,,,,battle/scene/bg_xszd.jpg,,,,,,,,95,,95,,80606,,,0,,,{151=0;529=0;gold=0},,,,,,,,,,,,,,,,,,,,,,,,,,,,,,,,,,,,
80611,道馆副本,,<{advance=16;unitId=292681;level=98};{advance=16;unitId=290191;level=98};{advance=16;unitId=293151;level=98}>,<{advance=17;unitId=306111;level=98}>,,18,23,1,,,,,,,battle/scene/bg_xszd.jpg,,,,,,,,98,,98,,80611,,,0,,,{151=0;529=0;gold=0},,,,,,,,,,,,,,,,,,,,,,,,,,,,,,,,,,,,
80612,道馆副本,,<{advance=16;unitId=290002;level=98};{advance=16;unitId=290081;level=98};{advance=16;unitId=290372;level=98};{advance=16;unitId=290392;level=98};{advance=16;unitId=290283;level=98}>,<{advance=17;unitId=306121;level=98}>,,18,23,1,,,,,,,battle/scene/bg_xszd.jpg,,,,,,,,98,,98,,80612,,,0,,,{151=0;529=0;gold=0},,,,,,,,,,,,,,,,,,,,,,,,,,,,,,,,,,,,
80613,道馆副本,,<{advance=16;unitId=290121;level=98};{advance=16;unitId=290122;level=98};{advance=16;unitId=290123;level=98};{advance=16;unitId=290111;level=98};{advance=16;unitId=290113;level=98}>,<{advance=17;unitId=306131;level=98}>,,18,23,1,,,,,,,battle/scene/bg_xszd.jpg,,,,,,,,98,,98,,80613,,,0,,,{151=0;529=0;gold=0},,,,,,,,,,,,,,,,,,,,,,,,,,,,,,,,,,,,
80614,道馆副本,,<>,,,18,23,1,,,,,,,battle/scene/bg_xszd.jpg,,,,,,,,98,,98,,80614,,,0,,,{151=0;529=0;gold=0},,,,,,,,,,,,,,,,,,,,,,,,,,,,,,,,,,,,
80615,道馆副本,,<>,,,18,23,1,,,,,,,battle/scene/bg_xszd.jpg,,,,,,,,98,,98,,80615,,,0,,,{151=0;529=0;gold=0},,,,,,,,,,,,,,,,,,,,,,,,,,,,,,,,,,,,
80616,道馆副本,,<>,,,18,23,1,,,,,,,battle/scene/bg_xszd.jpg,,,,,,,,98,,98,,80616,,,0,,,{151=0;529=0;gold=0},,,,,,,,,,,,,,,,,,,,,,,,,,,,,,,,,,,,
80621,道馆副本,,<{advance=16;unitId=290333;level=101};{advance=16;unitId=290333;level=101};{advance=16;unitId=290333;level=101};{advance=16;unitId=290572;level=101};{advance=16;unitId=290572;level=101}>,<{advance=17;unitId=306211;level=101}>,,18,23,1,,,,,,,battle/scene/bg_xszd.jpg,,,,,,,,101,,101,,80621,,,0,,,{151=0;152=0;529=0;gold=0},,,,,,,,,,,,,,,,,,,,,,,,,,,,,,,,,,,,
80622,道馆副本,,<{advance=16;unitId=290481;level=101};{advance=16;unitId=290481;level=101};{advance=16;unitId=290481;level=101};{advance=16;unitId=290482;level=101};{advance=16;unitId=290482;level=101}>,<{advance=17;unitId=306221;level=101}>,,18,23,1,,,,,,,battle/scene/bg_xszd.jpg,,,,,,,,101,,101,,80622,,,0,,,{151=0;152=0;529=0;gold=0},,,,,,,,,,,,,,,,,,,,,,,,,,,,,,,,,,,,
80623,道馆副本,,<{advance=16;unitId=290004;level=101};{advance=16;unitId=290004;level=101};{advance=16;unitId=290004;level=101};{advance=16;unitId=290044;level=101};{advance=16;unitId=290044;level=101}>,<{advance=17;unitId=306231;level=101}>,,18,23,1,,,,,,,battle/scene/bg_xszd.jpg,,,,,,,,101,,101,,80623,,,0,,,{151=0;152=0;529=0;gold=0},,,,,,,,,,,,,,,,,,,,,,,,,,,,,,,,,,,,
80624,道馆副本,,<>,,,18,23,1,,,,,,,battle/scene/bg_xszd.jpg,,,,,,,,101,,101,,80624,,,0,,,{151=0;152=0;529=0;gold=0},,,,,,,,,,,,,,,,,,,,,,,,,,,,,,,,,,,,
80625,道馆副本,,<>,,,18,23,1,,,,,,,battle/scene/bg_xszd.jpg,,,,,,,,101,,101,,80625,,,0,,,{151=0;152=0;529=0;gold=0},,,,,,,,,,,,,,,,,,,,,,,,,,,,,,,,,,,,
80626,道馆副本,,<>,,,18,23,1,,,,,,,battle/scene/bg_xszd.jpg,,,,,,,,101,,101,,80626,,,0,,,{151=0;152=0;529=0;gold=0},,,,,,,,,,,,,,,,,,,,,,,,,,,,,,,,,,,,
80631,道馆副本,,<{advance=16;unitId=293411;level=104};{advance=16;unitId=293411;level=104};{advance=16;unitId=293411;level=104};{advance=16;unitId=293412;level=104};{advance=16;unitId=293412;level=104}>,<{advance=17;unitId=306311;level=104}>,,18,23,1,,,,,,,battle/scene/bg_xszd.jpg,,,,,,,,104,,104,,80631,,,0,,,{151=0;152=0;529=0;gold=0},,,,,,,,,,,,,,,,,,,,,,,,,,,,,,,,,,,,
80632,道馆副本,,<{advance=16;unitId=290033;level=104};{advance=16;unitId=292683;level=104};{advance=16;unitId=291071;level=104};{advance=16;unitId=290571;level=104};{advance=16;unitId=290044;level=104}>,<{advance=17;unitId=306321;level=104}>,,18,23,1,,,,,,,battle/scene/bg_xszd.jpg,,,,,,,,104,,104,,80632,,,0,,,{151=0;152=0;529=0;gold=0},,,,,,,,,,,,,,,,,,,,,,,,,,,,,,,,,,,,
80633,道馆副本,,<{advance=16;unitId=291903;level=104};{advance=16;unitId=291931;level=104};{advance=16;unitId=291503;level=104};{advance=16;unitId=292242;level=104};{advance=16;unitId=290572;level=104}>,<{advance=17;unitId=306331;level=104}>,,18,23,1,,,,,,,battle/scene/bg_xszd.jpg,,,,,,,,104,,104,,80633,,,0,,,{151=0;152=0;529=0;gold=0},,,,,,,,,,,,,,,,,,,,,,,,,,,,,,,,,,,,
80634,道馆副本,,<{advance=16;unitId=293771;level=104};{advance=16;unitId=293771;level=104};{advance=16;unitId=293771;level=104};{advance=16;unitId=293771;level=104};{advance=16;unitId=293771;level=104}>,<{advance=17;unitId=306341;level=104}>,,18,23,1,,,,,,,battle/scene/bg_xszd.jpg,,,,,,,,104,,104,,80634,,,0,,,{151=0;152=0;529=0;gold=0},,,,,,,,,,,,,,,,,,,,,,,,,,,,,,,,,,,,
80635,道馆副本,,<>,,,18,23,1,,,,,,,battle/scene/bg_xszd.jpg,,,,,,,,104,,104,,80635,,,0,,,{151=0;152=0;529=0;gold=0},,,,,,,,,,,,,,,,,,,,,,,,,,,,,,,,,,,,
80636,道馆副本,,<>,,,18,23,1,,,,,,,battle/scene/bg_xszd.jpg,,,,,,,,104,,104,,80636,,,0,,,{151=0;152=0;529=0;gold=0},,,,,,,,,,,,,,,,,,,,,,,,,,,,,,,,,,,,
80641,道馆副本,,<{advance=16;unitId=291503;level=107};{advance=16;unitId=291503;level=107};{advance=16;unitId=291503;level=107}>,<{advance=17;unitId=306411;level=107}>,,18,23,1,,,,,,,battle/scene/bg_xszd.jpg,,,,,,,,107,,107,,80641,,,0,,,{151=0;152=0;529=0;gold=0},,,,,,,,,,,,,,,,,,,,,,,,,,,,,,,,,,,,
80642,道馆副本,,<{advance=16;unitId=291071;level=107};{advance=16;unitId=293151;level=107};{advance=16;unitId=291071;level=107};{advance=16;unitId=290571;level=107};{advance=16;unitId=290572;level=107}>,<{advance=17;unitId=306421;level=107}>,,18,23,1,,,,,,,battle/scene/bg_xszd.jpg,,,,,,,,107,,107,,80642,,,0,,,{151=0;152=0;529=0;gold=0},,,,,,,,,,,,,,,,,,,,,,,,,,,,,,,,,,,,
80643,道馆副本,,<{advance=16;unitId=297151;level=107};{advance=16;unitId=290397;level=107};{advance=16;unitId=293772;level=107};{advance=16;unitId=294031;level=107};{advance=16;unitId=294132;level=107}>,<{advance=17;unitId=306431;level=107}>,,18,23,1,,5,,,,,battle/scene/bg_xszd.jpg,,,,,,,,107,,107,,80643,,,0,,,{151=0;152=0;529=0;gold=0},,,,,,,,,,,,,,,,,,<{advance=16;unitId=294172;level=107};{advance=16;unitId=294023;level=107};{advance=16;unitId=297081;level=107};{advance=16;unitId=291504;level=107};{advance=16;unitId=294111;level=107}>,107,80643,80643,<{advance=17;unitId=292351;level=107}>,107,107,<{advance=16;unitId=294051;level=107};{advance=16;unitId=293271;level=107};{advance=16;unitId=291072;level=107};{advance=16;unitId=290574;level=107};{advance=16;unitId=293152;level=107}>,107,<{advance=17;unitId=294041;level=107}>,,,,,,,,,
80644,道馆副本,,<{advance=24;unitId=294172;level=107};{advance=24;unitId=294172;level=107};{advance=24;unitId=294172;level=107}>,<{advance=25;unitId=306441;level=107}>,,18,23,1,,,,,,,battle/scene/bg_xszd.jpg,,,,,,,,107,,107,,80644,,,0,,,{151=0;152=0;529=0;gold=0},,,,,,,,,,,,,,,,,,,,,,,,,,,,,,,,,,,,
80645,道馆副本,,<{advance=16;unitId=293271;level=107};{advance=16;unitId=293271;level=107};{advance=16;unitId=293271;level=107};{advance=16;unitId=293271;level=107};{advance=16;unitId=293271;level=107}>,<{advance=17;unitId=306451;level=107}>,,18,23,1,,,,,,,battle/scene/bg_xszd.jpg,,,,,,,,107,,107,,80645,,,0,,,{151=0;152=0;529=0;gold=0},,,,,,,,,,,,,,,,,,,,,,,,,,,,,,,,,,,,
80646,道馆副本,,<>,,,18,23,1,,,,,,,battle/scene/bg_xszd.jpg,,,,,,,,107,,107,,80646,,,0,,,{151=0;152=0;529=0;gold=0},,,,,,,,,,,,,,,,,,,,,,,,,,,,,,,,,,,,
80651,道馆副本,,<{advance=21;unitId=290333;level=110};{advance=21;unitId=294172;level=110};{advance=21;unitId=293413;level=110};{advance=21;unitId=293271;level=110};{advance=21;unitId=290574;level=110}>,<{advance=22;unitId=306511;level=110}>,,18,23,1,,,,,,,battle/scene/bg_xszd.jpg,,,,,,,,110,,110,,80651,,,0,,,{151=0;152=0;529=0;gold=0},,,,,,,,,,,,,,,,,,,,,,,,,,,,,,,,,,,,
80701,道馆副本,,<{advance=17;unitId=290552;level=100};{advance=17;unitId=290261;level=100};{advance=17;unitId=291901;level=100};{advance=17;unitId=290131;level=100};{advance=17;unitId=290132;level=100}>,<{advance=18;unitId=307011;level=100}>,,18,23,1,,,,,,,battle/scene/bg_xszd.jpg,,,,,,,,100,,100,,80701,,,0,,,{151=0;529=0;gold=0},,,,,,,,,,,,,,,,,{canHandle=FALSE;isAuto=TRUE},,,,,,,,,,,,,,,,,,,
80702,道馆副本,,<{advance=17;unitId=290892;level=100};{advance=17;unitId=290891;level=100};{advance=17;unitId=290893;level=100};{advance=17;unitId=291391;level=100};{advance=17;unitId=290151;level=100}>,<{advance=18;unitId=307021;level=100}>,,18,23,1,,,,,,,battle/scene/bg_xszd.jpg,,,,,,,,100,,100,,80702,,,0,,,{151=0;529=0;gold=0},,,,,,,,,,,,,,,,,,,,,,,,,,,,,,,,,,,,
80703,道馆副本,,<{advance=17;unitId=290153;level=100};{advance=17;unitId=290262;level=100};{advance=17;unitId=292841;level=100};{advance=17;unitId=290552;level=100};{advance=17;unitId=293293;level=100}>,<{advance=18;unitId=307031;level=100}>,,18,23,1,,,,,,,battle/scene/bg_xszd.jpg,,,,,,,,100,,100,,80703,,,0,,,{151=0;529=0;gold=0},,,,,,,,,,,,,,,,,,,,,,,,,,,,,,,,,,,,
80704,道馆副本,,<>,,,18,23,1,,,,,,,battle/scene/bg_xszd.jpg,,,,,,,,100,,100,,80704,,,0,,,{151=0;529=0;gold=0},,,,,,,,,,,,,,,,,,,,,,,,,,,,,,,,,,,,
80705,道馆副本,,<>,,,18,23,1,,,,,,,battle/scene/bg_xszd.jpg,,,,,,,,100,,100,,80705,,,0,,,{151=0;529=0;gold=0},,,,,,,,,,,,,,,,,,,,,,,,,,,,,,,,,,,,
80706,道馆副本,,<>,,,18,23,1,,,,,,,battle/scene/bg_xszd.jpg,,,,,,,,100,,100,,80706,,,0,,,{151=0;529=0;gold=0},,,,,,,,,,,,,,,,,,,,,,,,,,,,,,,,,,,,
80711,道馆副本,,<{advance=17;unitId=290263;level=103};{advance=17;unitId=292843;level=103};{advance=17;unitId=290771;level=103};{advance=17;unitId=291391;level=103};{advance=17;unitId=291393;level=103}>,<{advance=18;unitId=307111;level=103}>,,18,23,1,,,,,,,battle/scene/bg_xszd.jpg,,,,,,,,103,,103,,80711,,,0,,,{151=0;529=0;gold=0},,,,,,,,,,,,,,,,,{canHandle=FALSE;isAuto=TRUE},,,,,,,,,,,,,,,,,,,
80712,道馆副本,,<{advance=17;unitId=290771;level=103};{advance=17;unitId=290771;level=103}>,<{advance=18;unitId=307121;level=103}>,,18,23,1,,,,,,,battle/scene/bg_xszd.jpg,,,,,,,,103,,103,,80712,,,0,,,{151=0;529=0;gold=0},,,,,,,,,,,,,,,,,,,,,,,,,,,,,,,,,,,,
80713,道馆副本,,<>,,,18,23,1,,,,,,,battle/scene/bg_xszd.jpg,,,,,,,,103,,103,,80713,,,0,,,{151=0;529=0;gold=0},,,,,,,,,,,,,,,,,,,,,,,,,,,,,,,,,,,,
80714,道馆副本,,<>,,,18,23,1,,,,,,,battle/scene/bg_xszd.jpg,,,,,,,,103,,103,,80714,,,0,,,{151=0;529=0;gold=0},,,,,,,,,,,,,,,,,,,,,,,,,,,,,,,,,,,,
80715,道馆副本,,<>,,,18,23,1,,,,,,,battle/scene/bg_xszd.jpg,,,,,,,,103,,103,,80715,,,0,,,{151=0;529=0;gold=0},,,,,,,,,,,,,,,,,,,,,,,,,,,,,,,,,,,,
80716,道馆副本,,<>,,,18,23,1,,,,,,,battle/scene/bg_xszd.jpg,,,,,,,,103,,103,,80716,,,0,,,{151=0;529=0;gold=0},,,,,,,,,,,,,,,,,,,,,,,,,,,,,,,,,,,,
80721,道馆副本,,<{advance=17;unitId=290761;level=106};{advance=17;unitId=290761;level=106};{advance=17;unitId=290761;level=106};{advance=17;unitId=290761;level=106};{advance=17;unitId=290761;level=106}>,<{advance=18;unitId=307211;level=106}>,,18,23,1,,,,,,,battle/scene/bg_xszd.jpg,,,,,,,,106,,106,,80721,,,0,,,{151=0;152=0;529=0;gold=0},,,,,,,,,,,,,,,,,{canHandle=FALSE;isAuto=TRUE},,,,,,,,,,,,,,,,,,,
80722,道馆副本,,<>,<{advance=18;unitId=307221;level=106}>,,18,23,1,,,,,,,battle/scene/bg_xszd.jpg,,,,,,,,106,,106,,80722,,,0,,,{151=0;152=0;529=0;gold=0},,,,,,,,,,,,,,,,,,,,,,,,,,,,,,,,,,,,
80723,道馆副本,,<{advance=17;unitId=293262;level=106};{advance=17;unitId=293631;level=106};{advance=17;unitId=293641;level=106};{advance=17;unitId=291281;level=106};{advance=17;unitId=291991;level=106}>,<{advance=18;unitId=307231;level=106}>,,18,23,1,,,,,,,battle/scene/bg_xszd.jpg,,,,,,,,106,,106,,80723,,,0,,,{151=0;152=0;529=0;gold=0},,,,,,,,,,,,,,,,,,,,,,,,,,,,,,,,,,,,
80724,道馆副本,,<>,,,18,23,1,,,,,,,battle/scene/bg_xszd.jpg,,,,,,,,106,,106,,80724,,,0,,,{151=0;152=0;529=0;gold=0},,,,,,,,,,,,,,,,,,,,,,,,,,,,,,,,,,,,
80725,道馆副本,,<>,,,18,23,1,,,,,,,battle/scene/bg_xszd.jpg,,,,,,,,106,,106,,80725,,,0,,,{151=0;152=0;529=0;gold=0},,,,,,,,,,,,,,,,,,,,,,,,,,,,,,,,,,,,
80726,道馆副本,,<>,,,18,23,1,,,,,,,battle/scene/bg_xszd.jpg,,,,,,,,106,,106,,80726,,,0,,,{151=0;152=0;529=0;gold=0},,,,,,,,,,,,,,,,,,,,,,,,,,,,,,,,,,,,
80731,道馆副本,,<{advance=17;unitId=293431;level=109};{advance=17;unitId=293432;level=109};{advance=17;unitId=293431;level=109};{advance=17;unitId=293353;level=109};{advance=17;unitId=291393;level=109}>,<{advance=18;unitId=307311;level=109}>,,18,23,1,,,,,,,battle/scene/bg_xszd.jpg,,,,,,,,109,,109,,80731,,,0,,,{151=0;152=0;529=0;gold=0},,,,,,,,,,,,,,,,,,,,,,,,,,,,,,,,,,,,
80732,道馆副本,,<{advance=17;unitId=291261;level=109};{advance=17;unitId=291261;level=109};{advance=17;unitId=291261;level=109};{advance=17;unitId=291261;level=109};{advance=17;unitId=291261;level=109}>,<{advance=18;unitId=307321;level=109}>,,18,23,1,,,,,,,battle/scene/bg_xszd.jpg,,,,,,,,109,,109,,80732,,,0,,,{151=0;152=0;529=0;gold=0},,,,,,,,,,,,,,,,,,,,,,,,,,,,,,,,,,,,
80733,道馆副本,,<{advance=17;unitId=291392;level=109};{advance=17;unitId=291394;level=109};{advance=17;unitId=291391;level=109};{advance=17;unitId=291393;level=109};{advance=17;unitId=291395;level=109}>,<{advance=18;unitId=307331;level=109}>,,18,23,1,,,,,,,battle/scene/bg_xszd.jpg,,,,,,,,109,,109,,80733,,,0,,,{151=0;152=0;529=0;gold=0},,,,,,,,,,,,,,,,,,,,,,,,,,,,,,,,,,,,
80734,道馆副本,,<{advance=17;unitId=307341;level=109};{advance=17;unitId=307342;level=109};{advance=17;unitId=307343;level=109};{advance=17;unitId=307344;level=109};{advance=17;unitId=307346;level=109}>,<{advance=18;unitId=307345;level=109}>,,18,23,1,,,,,,,battle/scene/bg_xszd.jpg,,,,,,,,109,,109,,80734,,,0,,,{151=0;152=0;529=0;gold=0},,,,,,,,,,,,,,,,,,,,,,,,,,,,,,,,,,,,
80735,道馆副本,,<>,,,18,23,1,,,,,,,battle/scene/bg_xszd.jpg,,,,,,,,109,,109,,80735,,,0,,,{151=0;152=0;529=0;gold=0},,,,,,,,,,,,,,,,,,,,,,,,,,,,,,,,,,,,
80736,道馆副本,,<>,,,18,23,1,,,,,,,battle/scene/bg_xszd.jpg,,,,,,,,109,,109,,80736,,,0,,,{151=0;152=0;529=0;gold=0},,,,,,,,,,,,,,,,,,,,,,,,,,,,,,,,,,,,
80741,道馆副本,,<{advance=17;unitId=292401;level=112}>,<{advance=18;unitId=307411;level=112}>,,18,23,1,,,,,,,battle/scene/bg_xszd.jpg,,,,,,,,112,,112,,80741,,,0,,,{151=0;152=0;529=0;gold=0},,,,,,,,,,,,,,,,,,,,,,,,,,,,,,,,,,,,
80742,道馆副本,,<{advance=17;unitId=297041;level=112};{advance=17;unitId=291261;level=112};{advance=17;unitId=291281;level=112};{advance=17;unitId=294101;level=112};{advance=17;unitId=291991;level=112}>,<{advance=18;unitId=307421;level=112}>,,18,23,1,,4,,,,,battle/scene/bg_xszd.jpg,,,,,,,,112,,112,,80742,,,0,,,{151=0;152=0;529=0;gold=0},,,,,,,,,,,,,,,,,,,112,,80742,,,,<{advance=17;unitId=293353;level=112};{advance=17;unitId=293601;level=112};{advance=17;unitId=297051;level=112};{advance=17;unitId=293631;level=112};{advance=17;unitId=294591;level=112}>,112,<{advance=18;unitId=294591;level=112}>,,,,,,,,,
80743,道馆副本,,<{advance=17;unitId=290771;level=112};{advance=17;unitId=290771;level=112}>,<{advance=18;unitId=307431;level=112}>,,18,23,1,,,,,,,battle/scene/bg_xszd.jpg,,,,,,,,112,,112,,80743,,,0,,,{151=0;152=0;529=0;gold=0},,,,,,,,,,,,,,,,,,,,,,,,,,,,,,,,,,,,
80744,道馆副本,,,<{advance=26;unitId=307441;level=112}>,,18,23,4,,,,,,,battle/scene/bg_xszd.jpg,,,,,,,,112,,112,,80744,,,0,,,{151=0;152=0;529=0;gold=0},,,,,,,,,,,,,,,,,,,,,,,,,,,,,,,,,,,,
80745,道馆副本,,<>,,,18,23,1,,,,,,,battle/scene/bg_xszd.jpg,,,,,,,,112,,112,,80745,,,0,,,{151=0;152=0;529=0;gold=0},,,,,,,,,,,,,,,,,,,,,,,,,,,,,,,,,,,,
80746,道馆副本,,<>,,,18,23,1,,,,,,,battle/scene/bg_xszd.jpg,,,,,,,,112,,112,,80746,,,0,,,{151=0;152=0;529=0;gold=0},,,,,,,,,,,,,,,,,,,,,,,,,,,,,,,,,,,,
80751,道馆副本,,<{advance=22;unitId=293631;level=115};{advance=22;unitId=291281;level=115};{advance=22;unitId=293641;level=115};{advance=22;unitId=291991;level=115};{advance=22;unitId=291396;level=115}>,<{advance=23;unitId=307511;level=115}>,,18,23,1,,,,,,,battle/scene/bg_xszd.jpg,,,,,,,,115,,115,,80751,,,0,,,{151=0;152=0;529=0;gold=0},,,,,,,,,,,,,,,,,,,,,,,,,,,,,,,,,,,,
999999,测试场景,,,,,999,,1,,,,,,,battle/scene/bg_xszd.jpg,,,,,,,,,,,,,,,0,,,{},,,,,,,,,,,,,,,,,,,,,,,,,,,,,,,,,,,,
