变量名,layer,x,z1,flipX,z,y,anchorY,anchorX,scale,res,scene
默认值,"""""",0,"""""",0,"""""",0,0.5,0.5,1,"""""",0
ID,层级,X坐标,Z1,水平翻转,Z坐标,Y坐标,锚点Y,锚点X,缩放,资源路径,场景ID
10001,panelCloud,-4116,,,3,1602,0,0,2,yun/img_yc01.png,1
10002,panelCloud,-2439,,,2,1783,,,2,yun/img_yc07.png,1
10003,panelCloud,1590,,,3,2550,1,,2,yun/img_yc02.png,1
10004,panelCloud,4100,,,3,2550,1,1,2,yun/img_yc03.png,1
10005,panelCloud,-4116,,,,-2566,0,0,2,yun/img_yc05.png,1
10006,panelCloud,-3611,,,1,2068,1,0,2,yun/img_ycd01.png,1
10007,panelCloud,-2090,,,1,1383,,,,yun/img_ycd06.png,1
10008,panelCloud,-3932,,,3,-777,,,2.5,yun/img_yc06.png,1
10009,panelCloud,-3378,,,1,-1136,,,2.5,yun/img_ycd05.png,1
10010,panelCloud,1988,,,3,-2019,,,2,yun/img_yc07.png,1
10011,panelCloud,2395,,,1,-2477,,,,yun/img_ycd06.png,1
10012,panelCloud,3106,,,3,-1950,,,2,yun/img_yc04.png,1
10013,panelCloud,1966,,,,1810,,,1.4,yun/img_ycd02.png,1
10014,panelCloud,3740,,,,1324,,,1.5,yun/img_ycd03.png,1
20001,panelCloud,-4116,,,3,952,0,0,2,yun/img_yc01.png,2
20002,panelCloud,-2439,,,2,1133,,,2,yun/img_yc07.png,2
20003,panelCloud,1590,,,,1900,1,,2,yun/img_yc02.png,2
20004,panelCloud,4100,,,,1900,1,1,2,yun/img_yc03.png,2
20005,panelCloud,-4116,,,,-1916,0,0,2,yun/img_yc05.png,2
20006,panelCloud,-3611,,,1,1418,1,0,2,yun/img_ycd01.png,2
20007,panelCloud,-2090,,,1,733,,,,yun/img_ycd06.png,2
20008,panelCloud,-3932,,,3,-127,,,2.5,yun/img_yc06.png,2
20009,panelCloud,-3378,,,1,-486,,,2.5,yun/img_ycd05.png,2
20010,panelCloud,1988,,,3,-1369,,,2,yun/img_yc07.png,2
20011,panelCloud,2395,,,1,-1827,,,,yun/img_ycd06.png,2
20012,panelCloud,3106,,,3,-1300,,,2,yun/img_yc04.png,2
30001,panelCloud,-4116,,,3,952,0,0,2,yun/img_yc01.png,3
30002,panelCloud,-2439,,,2,1133,,,2,yun/img_yc07.png,3
30003,panelCloud,1590,,,,1900,1,,2,yun/img_yc02.png,3
30004,panelCloud,4100,,,,1900,1,1,2,yun/img_yc03.png,3
30005,panelCloud,-4116,,,,-1916,0,0,2,yun/img_yc05.png,3
30006,panelCloud,-3611,,,1,1418,1,0,2,yun/img_ycd01.png,3
30007,panelCloud,-2090,,,1,733,,,,yun/img_ycd06.png,3
30008,panelCloud,-3932,,,3,-127,,,2.5,yun/img_yc06.png,3
30009,panelCloud,-3378,,,1,-486,,,2.5,yun/img_ycd05.png,3
30010,panelCloud,1988,,,3,-1369,,,2,yun/img_yc07.png,3
30011,panelCloud,2395,,,1,-1827,,,,yun/img_ycd06.png,3
30012,panelCloud,3106,,,3,-1300,,,2,yun/img_yc04.png,3
110001,panelBg,-1068,,1,,-56,,,1.3,caodi/img_cd02.png,1
110002,panelBg,-724,,1,,-1043,,,1.3,caodi/img_cd02.png,1
110003,panelBg,292,,,,232,,,,caodi/img_cd01.png,1
110004,panelBg,-800,,,,401,,,,caodi/img_cd01.png,1
110005,panelBg,1884,,,,692,,,,caodi/img_cd01.png,1
110006,panelBg,-2139,,,,62,,,1.3,caodi/img_cd02.png,1
110007,panelBg,1057,,,,1077,,,1.3,caodi/img_cd02.png,1
110008,panelBg,952,,,,127,,,1.3,caodi/img_cd02.png,1
110009,panelBg,-37,,,,-801,,,1.3,caodi/img_cd02.png,1
110010,panelBg,1186,,,,-363,,,1.3,caodi/img_cd01.png,1
110011,panelBg,-1765,,,,-764,,,,caodi/img_cd01.png,1
110012,panelBg,-2427,,,,-735,,,,caodi/img_cd01.png,1
110013,panelBg,-2646,,,,355,,,,caodi/img_cd01.png,1
110014,panelBg,-1671,,,,841,,,,caodi/img_cd01.png,1
110015,panelBg,213,,,,-827,,,,caodi/img_cd03.png,1
110016,panelBg,2215,,,,-1112,,,,caodi/img_cd03.png,1
110017,panelBg,-2441,,,,-1171,,,,caodi/img_cd03.png,1
110018,panelBg,-3840,,,,-906,,,,caodi/img_cd01.png,1
110019,panelBg,691,,,,585,,,2,caodi/img_cd02.png,1
110020,panelBg,-471,,,,-736,,,2,caodi/img_cd02.png,1
110021,panelBg,1141,,,,1601,,,,caodi/img_cd01.png,1
110022,panelBg,1896,3,,,1484,,,,caodi/img_cd01.png,1
110023,panelBg,3553,2,,,1328,,,,caodi/img_cd01.png,1
110024,panelBg,2534,,,,951,,,,caodi/img_cd03.png,1
110025,panelBg,3255,,,,795,,,,caodi/img_cd01.png,1
110026,panelBg,3840,,,,-132,,,2,caodi/img_cd02.png,1
110027,panelBg,3130,1,,,-1802,,,,caodi/img_cd03.png,1
110028,panelBg,3443,,,,-424,,,,caodi/img_cd03.png,1
110029,panelBg,2722,1,,,-1194,,,,caodi/img_cd01.png,1
110030,panelBg,2143,3,,,-1657,,,,caodi/img_cd01.png,1
110031,panelBg,-2893,1,,,-1835,,,,caodi/img_cd01.png,1
110032,panelBg,2978,3,,,404,,,,caodi/img_cd01.png,1
110033,panelBg,3023,1,,,-285,,,,caodi/img_cd01.png,1
110034,panelBg,213,3,,,2113,,,1.2,caodi/img_cd03.png,1
110035,panelBg,3054,,,,-555,,,1.2,caodi/img_cd03.png,1
110036,panelBg,-3427,,,,1939,,,2,waiwei/img_wwss01.png,1
110037,panelBg,-1828,,,,2405,,,2,waiwei/img_wwss02.png,1
110038,panelBg,-571,,,,2389,,,2,waiwei/img_wwss03.png,1
110039,panelBg,1566,,,,2413,,,2,waiwei/img_wwss04.png,1
110040,panelBg,2730,,,,2256,,,2,waiwei/img_wwss05.png,1
110041,panelBg,3849,,,,2303,,,2,waiwei/img_wwss06.png,1
110042,panelBg,3908,,,,1634,,,2,waiwei/img_wwss07.png,1
110043,panelBg,3813,1,,,-1906,,,2,waiwei/img_wwss08.png,1
110044,panelBg,2339,,,,-2425,,,2,waiwei/img_wwss09.png,1
110045,panelBg,1107,,,,-2428,,,2,waiwei/img_wwss12.png,1
110046,panelBg,-117,,,,-2458,,,2,waiwei/img_wwss11.png,1
110047,panelBg,-1089,,,,-2487,,,2,waiwei/img_wwss10.png,1
110048,panelBg,-3971,,,,-458,,,2,waiwei/img_wwss14.png,1
110049,panelBg,-2426,,,,1681,,,1.2,caodi/img_cd01.png,1
110050,panelBg,-681,,,,-1538,,,,caodi/img_cd02.png,1
110051,panelBg,-630,,1,,-2145,,,1.6,caodi/img_cd03.png,1
110052,panelBg,-3506,,,,-414,,,1.2,caodi/img_cd01.png,1
110053,panelBg,-495,,,,1317,,,1.5,caodi/img_cd03.png,1
110054,panelBg,3386,,1,,1076,,,0.9,caodi/img_cd03.png,1
110055,panelBg,-126,,,,-1529,,,,caodi/img.png,1
110056,panelBg,236,,,,1699,,,1.9,caodi/img_cd02.png,1
110057,panelCenter,1273,2,,,-842,,,,img_lth.png,1
110058,panelCenter,-583,,1,,-835,,,,img_ltl.png,1
110059,panelCenter,468,1,1,,-120,,,,img_lz01.png,1
110060,panelCenter,-1073,1,1,,1096,,,,img_lz01.png,1
110061,panelCenter,-708,,,,-657,,,,img_qz.png,1
110062,panelCenter,1300,,,,-457,,,0.6,img_sg.png,1
110063,panelCenter,1436,,,,-127,,,,img_lz03.png,1
110064,panelCenter,-1324,,,,-852,,,,img_lz03.png,1
110065,panelCenter,-1572,,,,131,,,,img_lth.png,1
110066,panelCenter,1662,,,,139,,,,img_ltl.png,1
110067,panelCenter,1767,,,,136,,,,img_ltl.png,1
110068,panelCenter,-1341,,,,1113,,,,img_ltl.png,1
110069,panelCenter,-477,,,,115,,,,img_lz01.png,1
110070,panelCenter,-1308,,,,132,,,,img_ltl.png,1
110071,panelCenter,1202,,,,699,,,,img_mt.png,1
110072,panelCenter,1069,,,,698,,,,img_mt.png,1
110073,panelCenter,941,,,,793,,,,img_mt.png,1
110074,panelCenter,-167,,,,375,,,,img_mt.png,1
110075,panelCenter,-297,,,,376,,,,img_mt.png,1
110076,panelCenter,-427,,,,377,,,,img_mt.png,1
110077,panelCenter,-429,,,,278,,,,img_mt.png,1
110078,panelCenter,-300,,,,276,,,,img_mt.png,1
110079,panelCenter,145,,,,636,,,,img_zt.png,1
110080,panelCenter,923,,,,665,,,0.7,img_sg.png,1
110081,panelCenter,2186,,,,353,,,0.7,img_sg.png,1
110082,panelCenter,1853,,,,-492,,,,img_mt.png,1
110083,panelCenter,-1216,,,,-455,,,,img_mt.png,1
110084,panelCenter,-800,,,,-848,,,,img_lz03.png,1
110085,panelCenter,1073,,,,789,,,,img_mt.png,1
110086,panelCenter,1551,,,,316,,,,img_qz.png,1
110087,panelCenter,-426,,,,-326,,,,img_mt.png,1
110088,panelCenter,-294,,,,-329,,,,img_mt.png,1
110089,panelCenter,-1346,2,,,-550,,,,img_mt.png,1
110090,panelCenter,288,,,,-475,,,,img_mt.png,1
110091,panelCenter,-1674,,,,-155,,,,img_mt.png,1
110092,panelCenter,-1803,,,,-154,,,,img_mt.png,1
110093,panelCenter,-1541,2,,,-157,,,,img_mt.png,1
110094,panelCenter,398,,,,1137,,,,img_mt.png,1
110095,panelCenter,532,,,,1138,,,,img_mt.png,1
110096,panelCenter,663,,,,1137,,,,img_mt.png,1
110097,panelCenter,-832,,,,842,,,,img_lth.png,1
110098,panelCenter,-738,,,,838,,,,img_lth.png,1
110099,panelCenter,-485,,,,839,,,,img_ltl.png,1
110100,panelCenter,-164,,,,-227,,,,img_mt.png,1
110101,panelCenter,1018,,,,-854,,,,img_lz01.png,1
110102,panelCenter,428,,,,-1101,,,,img_ltl.png,1
110103,panelCenter,608,,,,-1407,,,,img_mt.png,1
110104,panelCenter,-1723,,,,128,,,,img_lz03.png,1
110105,panelCenter,478,,,,-1404,,,,img_mt.png,1
110106,panelCenter,346,,,,-1403,,,,img_mt.png,1
110107,panelCenter,346,,,,-1502,,,,img_mt.png,1
110108,panelCenter,219,,,,-1304,,,,img_mt.png,1
110109,panelCenter,157,,,,-573,,,,img_mt.png,1
110110,panelCenter,-1367,,,,-1105,,,,img_lth.png,1
110111,panelCenter,1382,,,,-845,,,,img_ltl.png,1
110112,panelCenter,-1100,,,,-1116,,,,img_lz01.png,1
110113,panelCenter,1986,,,,-491,,,,img_mt.png,1
110114,panelCenter,596,,,,-1115,,,,img_lz03.png,1
110115,panelCenter,-648,,,,1267,,,,img_mt.png,1
110116,panelCenter,2606,,,,-170,,,,img_lth.png,1
110117,panelCenter,-2359,,,,-476,,,,img_ltl.png,1
110118,panelCenter,-633,,,,-1417,,,,img_mt.png,1
110119,panelCenter,-274,,,,1657,,,,img_ltl.png,1
110120,panelOuter,-4026,,,,1879,,,,img_shu01.png,1
110121,panelOuter,-3807,,,,276,,,,img_mt.png,1
110122,panelOuter,-3678,,,,278,,,,img_mt.png,1
110123,panelOuter,-2920,,,,2168,,,,img_cc01.png,1
110124,panelOuter,-424,,,,2411,,,,img_cc01.png,1
110125,panelOuter,-1437,,,,2057,,,,img_mt.png,1
110126,panelOuter,-1495,,,,1763,,,,img_shu01.png,1
110127,panelOuter,-1439,1,,,1890,,,1.2,img_shu02.png,1
110128,panelOuter,-1401,1,,,2203,,,,img_cc02.png,1
110129,panelOuter,-1030,,,,2115,,,0.9,img_shu01.png,1
110130,panelOuter,-1757,1,,,1276,,,,img_lz02.png,1
110131,panelOuter,-3787,,,,-2184,,,2,waiwei/img_wwss13.png,1
110132,panelOuter,-2690,,,,-561,,,,img_lth.png,1
110133,panelOuter,-1942,,,,-1184,,,,img_ltl.png,1
110134,panelOuter,-2440,,,,-1316,,,,img_dashu.png,1
110135,panelOuter,-2785,,,,-1989,,,,img_shu02.png,1
110136,panelOuter,-2619,,,,-1996,,,,img_shu02.png,1
110137,panelOuter,-3073,,,,-2416,,,0.8,img_st01.png,1
110138,panelOuter,-1460,,,,-1797,,,0,img_mt.png,1
110139,panelOuter,-1827,,,,-1961,,,0.8,img_st03.png,1
110140,panelOuter,-325,,,,-1950,,,,img_zt.png,1
110141,panelOuter,-1578,,,,1387,,,,img_ltl.png,1
110142,panelOuter,-2354,,,1,899,,,,img_lth.png,1
110143,panelOuter,-719,,,0,1921,,,,img_ssq01.png,1
110144,panelOuter,-2248,1,1,0,1125,,,,img_qz.png,1
110145,panelOuter,-2864,,,,-1382,,,0.7,img_sg.png,1
110146,panelOuter,-1493,,,,1423,,,,img_lth.png,1
110147,panelOuter,1599,,1,,1346,,,,img_lz02.png,1
110148,panelOuter,262,,,,2026,,,,img_lz03.png,1
110149,panelOuter,1818,,,,1258,,,,img_lth.png,1
110150,panelOuter,1013,,,,-1609,,,,img_lz02.png,1
110151,panelOuter,-1211,,,,1946,,,,img_shu01.png,1
110152,panelOuter,-1281,,,,2172,,,,img_shu01.png,1
110153,panelOuter,-1140,,,,1807,,,,img_shu02.png,1
110154,panelOuter,1791,,,,-1612,,,0.6,img_sg.png,1
110155,panelOuter,-2520,,,,2552,,,,img_shu02.png,1
110156,panelOuter,-2662,,,,2304,,,,img_shu02.png,1
110157,panelOuter,-2767,,,,2222,,,1.2,img_shu01.png,1
110158,panelOuter,-2900,,,,2246,,,0.9,img_shu02.png,1
110159,panelOuter,-3070,,,,2236,,,0.7,img_shu02.png,1
110160,panelOuter,-3183,1,,,2058,,,,img_shu01.png,1
110161,panelOuter,-3262,,,,1941,,,,img_shu01.png,1
110162,panelOuter,-3052,,,,1818,,,,img_shu01.png,1
110163,panelOuter,-3059,,,,1989,,,0.9,img_shu02.png,1
110164,panelOuter,-3162,,,,1886,,,0.9,img_shu02.png,1
110165,panelOuter,-3282,,,,1702,,,0.9,img_shu02.png,1
110166,panelOuter,-3358,,,,1876,,,0.9,img_shu02.png,1
110167,panelOuter,-3321,,,,2029,,,0.8,img_shu02.png,1
110168,panelOuter,-3186,,,,1758,,,0.8,img_shu01.png,1
110169,panelOuter,-2308,,,,2283,,,,img_shu01.png,1
110170,panelOuter,-2261,,,,2128,,,,img_shu01.png,1
110171,panelOuter,-2171,1,,,2185,,,,img_shu01.png,1
110172,panelOuter,-2157,,,,2330,,,0.9,img_shu02.png,1
110173,panelOuter,-2428,,,,2176,,,,img_shu02.png,1
110174,panelOuter,2656,,,,1573,,,0.9,img_shu02.png,1
110175,panelOuter,-1963,,,,2164,,,,img_shu02.png,1
110176,panelOuter,-2087,,,,2053,,,1.3,img_shu01.png,1
110177,panelOuter,-2286,,,,2005,,,0.8,img_shu02.png,1
110178,panelOuter,-2381,,,,1921,,,,img_shu02.png,1
110179,panelOuter,-2522,,,,1837,,,,img_shu01.png,1
110180,panelOuter,-2373,,,,1778,,,,img_shu02.png,1
110181,panelOuter,-2452,,,,1632,,,,img_shu02.png,1
110182,panelOuter,-2260,,,,1704,,,,img_shu02.png,1
110183,panelOuter,-1759,,,,2012,,,0.8,img_shu02.png,1
110184,panelOuter,-2091,,,,1754,,,0.9,img_shu02.png,1
110185,panelOuter,-2380,,,,2075,,,,img_shu02.png,1
110186,panelOuter,-2249,0,,,1865,,,0.8,img_shu01.png,1
110187,panelOuter,-1998,1,,,2038,,,,img_ys.png,1
110188,panelOuter,-1769,,,,2324,,,,img_shu02.png,1
110189,panelOuter,-1656,,,,2101,,,1.2,img_shu01.png,1
110190,panelOuter,-1655,0,,,1928,,,,img_shu02.png,1
110191,panelOuter,-1319,,,,1837,,,1.2,img_shu01.png,1
110192,panelOuter,-1302,,,,1972,,,,img_mt.png,1
110193,panelOuter,-1171,,,,1972,,,,img_mt.png,1
110194,panelOuter,-1606,,,,2283,,,,img_ks.png,1
110195,panelOuter,-2273,1,,,1540,,,1.1,img_st03.png,1
110196,panelOuter,-2739,1,,,1708,,,0.9,img_shu01.png,1
110197,panelOuter,-2796,0,,,1590,,,1.2,img_shu02.png,1
110198,panelOuter,-2900,,,,1643,,,0.9,img_shu01.png,1
110199,panelOuter,-2961,1,,,1527,,,,img_shu02.png,1
110200,panelOuter,-2921,,,,1986,,,,img_mt.png,1
110201,panelOuter,-2925,1,,,1884,,,,img_mt.png,1
110202,panelOuter,-2793,,,,1982,,,,img_mt.png,1
110203,panelOuter,-2793,1,,,1885,,,,img_mt.png,1
110204,panelOuter,-2667,,,,1981,,,,img_mt.png,1
110205,panelOuter,-2536,,,,1981,,,,img_mt.png,1
110206,panelOuter,-975,,,,2203,,,0.9,img_shu01.png,1
110207,panelOuter,-901,,,,2033,,,,img_shu02.png,1
110208,panelOuter,-809,,,,2185,,,,img_shu02.png,1
110209,panelOuter,-496,2,,,2251,,,,img_shu01.png,1
110210,panelOuter,-1108,1,,,1903,,,0.7,img_shu02.png,1
110211,panelOuter,-951,,,,1948,,,0.9,img_dashu.png,1
110212,panelOuter,-3511,,,,1785,,,0.9,img_shu02.png,1
110213,panelOuter,-3069,,,,1670,,,0.8,img_sg.png,1
110214,panelOuter,-3480,,,,1492,,,1.2,img_shu01.png,1
110215,panelOuter,-3345,,,,1450,,,0.9,img_shu02.png,1
110216,panelOuter,-3676,,,,1457,,,0.9,img_shu01.png,1
110217,panelOuter,-3258,,,,1440,,,0.9,img_shu02.png,1
110218,panelOuter,-3195,,,,1513,,,0.8,img_shu01.png,1
110219,panelOuter,-3137,,,,1425,,,0.9,img_shu02.png,1
110220,panelOuter,-3442,,,,1303,,,,img_st02.png,1
110221,panelOuter,-3688,,,,708,,,0.7,img_dashu.png,1
110222,panelOuter,-3416,,,,477,,,1.3,img_shu01.png,1
110223,panelOuter,-3271,0,,,423,,,0.9,img_shu02.png,1
110224,panelOuter,-3102,,,,777,,,0.9,img_shu02.png,1
110225,panelOuter,-3083,,,,585,,,0.8,img_shu01.png,1
110226,panelOuter,-3017,0,,,502,,,0.9,img_shu01.png,1
110227,panelOuter,-3142,1,,,408,,,1.1,img_shu02.png,1
110228,panelOuter,-3238,1,,,288,,,1.1,img_shu02.png,1
110229,panelOuter,-2686,0,,,1458,,,1.1,img_shu01.png,1
110230,panelOuter,-3908,1,,,1382,,,0.9,img_shu01.png,1
110231,panelOuter,-3851,,,,1303,,,0.9,img_shu01.png,1
110232,panelOuter,-4032,0,,,1340,,,1.1,img_shu02.png,1
110233,panelOuter,-3819,,,,528,,,1.1,img_shu02.png,1
110234,panelOuter,-3308,,,,633,,,,img_mt.png,1
110235,panelOuter,-3173,,,,633,,,,img_mt.png,1
110236,panelOuter,-3551,,,,281,,,,img_mt.png,1
110237,panelOuter,-3684,,,,184,,,,img_mt.png,1
110238,panelOuter,-3491,,,,235,,,1.1,img_shu02.png,1
110239,panelOuter,-3629,,,,97,,,0.9,img_shu01.png,1
110240,panelOuter,-3802,,,,674,,,0.9,img_shu01.png,1
110241,panelOuter,-4096,,,,261,,,0.9,img_shu01.png,1
110242,panelOuter,-3974,,,,122,,,,img_shu01.png,1
110243,panelOuter,-4085,,,,27,,,1.2,img_shu02.png,1
110244,panelOuter,-3795,,,,-176,,,,img_mt.png,1
110245,panelOuter,-3926,,,,-174,,,,img_mt.png,1
110246,panelOuter,-3755,,,,-257,,,,img_sg.png,1
110247,panelOuter,-3887,,,,-615,,,1.2,img_shu01.png,1
110248,panelOuter,-3274,2,,,-377,,,,img_shu01.png,1
110249,panelOuter,-2818,,,,-605,,,,img_shu01.png,1
110250,panelOuter,-3506,,,,-469,,,,img_shu01.png,1
110251,panelOuter,-3134,,,,-440,,,0.9,img_shu02.png,1
110252,panelOuter,-3219,,,,-529,,,,img_shu02.png,1
110253,panelOuter,-3040,,,,-522,,,,img_shu01.png,1
110254,panelOuter,-3124,,,,-612,,,0.9,img_shu02.png,1
110255,panelOuter,-3430,,,,-576,,,,img_shu01.png,1
110256,panelOuter,-3302,,,,-635,,,1.1,img_shu02.png,1
110257,panelOuter,-3058,,,,-1337,,,1.3,img_shu01.png,1
110258,panelOuter,-2848,,,,-907,,,1.2,img_shu01.png,1
110259,panelOuter,-2697,,,,-967,,,0.9,img_shu02.png,1
110260,panelOuter,-2716,0,,,-773,,,0.8,img_st03.png,1
110261,panelOuter,-3585,,,,-1380,,,1.3,img_shu02.png,1
110262,panelOuter,-2983,,,,-1480,,,1.2,img_shu02.png,1
110263,panelOuter,-2830,,,,-1570,,,0.9,img_shu01.png,1
110264,panelOuter,-2592,1,,,-1745,,,0.9,img_shu01.png,1
110265,panelOuter,-3088,,,,-1615,,,0.9,img_shu01.png,1
110266,panelOuter,-2846,,,,-1736,,,1.1,img_shu01.png,1
110267,panelOuter,-3350,,,,-1727,,,0.9,img_shu02.png,1
110268,panelOuter,-2967,,,,-1700,,,1.1,img_shu02.png,1
110269,panelOuter,-3062,0,,,-1837,,,0.9,img_shu02.png,1
110270,panelOuter,-3158,,,,-1764,,,,img_shu02.png,1
110271,panelOuter,-3317,,,,-1884,,,,img_shu02.png,1
110272,panelOuter,-3419,1,,,-1820,,,0.8,img_shu01.png,1
110273,panelOuter,-3515,,,,-1875,,,,img_shu02.png,1
110274,panelOuter,-3585,,,,-1630,,,,img_mt.png,1
110275,panelOuter,-3463,,,,-1630,,,,img_mt.png,1
110276,panelOuter,-3463,,,,-1729,,,,img_mt.png,1
110277,panelOuter,-3796,,,,-1694,,,,img_st04.png,1
110278,panelOuter,-4043,,,,-1688,,,1.1,img_shu01.png,1
110279,panelOuter,-3950,0,,,-1849,,,,img_shu02.png,1
110280,panelOuter,-3776,,,,-1903,,,0.9,img_dashu.png,1
110281,panelOuter,-3619,,,,-1967,,,0.9,img_shu02.png,1
110282,panelOuter,-3421,,,,-2019,,,1.1,img_shu01.png,1
110283,panelOuter,-3482,,,,-2103,,,0.9,img_shu02.png,1
110284,panelOuter,-3284,1,,,-2050,,,0.9,img_shu02.png,1
110285,panelOuter,-3306,,,,-2158,,,,img_sg.png,1
110286,panelOuter,-2912,,,,-2006,,,,img_st02.png,1
110287,panelOuter,-3072,,,,-1908,,,1.3,img_shu01.png,1
110288,panelOuter,-2736,,,,-1908,,,,img_shu02.png,1
110289,panelOuter,-2685,,,,-2154,,,0.8,img_dashu.png,1
110290,panelOuter,-2874,,,,-2168,,,1.1,img_shu01.png,1
110291,panelOuter,-3374,,,,-821,,,,img_shu02.png,1
110292,panelOuter,-3354,,,,-2466,,,1.3,img_shu01.png,1
110293,panelOuter,-3206,,,,-2368,,,,img_shu02.png,1
110294,panelOuter,-3217,2,,,-2546,,,1.3,img_shu01.png,1
110295,panelOuter,-2895,,,,-1307,,,,img_mt.png,1
110296,panelOuter,-2759,,,,-1392,,,,img_mt.png,1
110297,panelOuter,-2633,0,,,-1396,,,,img_mt.png,1
110298,panelOuter,-2768,,,,-1495,,,,img_mt.png,1
110299,panelOuter,-2634,,,,-1492,,,,img_mt.png,1
110300,panelOuter,-3975,,,,-1169,,,1.1,img_shu01.png,1
110301,panelOuter,-3204,,,,-773,,,1.3,img_shu02.png,1
110302,panelOuter,-2405,,,,-1496,,,,img_shu01.png,1
110303,panelOuter,-2395,,,,-1595,,,0.8,img_shu02.png,1
110304,panelOuter,-2478,,,,-1687,,,,img_shu02.png,1
110305,panelOuter,-2308,,,,-1635,,,,img_shu01.png,1
110306,panelOuter,-3152,0,,,-999,,,,img_shu01.png,1
110307,panelOuter,-2153,,,,-1325,,,1.1,img_shu02.png,1
110308,panelOuter,-2445,,,,-1827,,,,img_shu02.png,1
110309,panelOuter,-2233,1,,,-1747,,,,img_shu01.png,1
110310,panelOuter,-2257,1,,,-1874,,,0.8,img_shu02.png,1
110311,panelOuter,-2475,,,,-1962,,,,img_shu01.png,1
110312,panelOuter,-2341,,,,-2031,,,1.3,img_shu01.png,1
110313,panelOuter,-2094,1,,,-1850,,,0.9,img_shu01.png,1
110314,panelOuter,-2171,,,,-1921,,,0.8,img_shu02.png,1
110315,panelOuter,-2082,,,,-1985,,,1.1,img_shu02.png,1
110316,panelOuter,-2201,,,,-2116,,,,img_shu02.png,1
110317,panelOuter,-2416,,,,-2277,,,1.2,img_shu02.png,1
110318,panelOuter,-1970,1,,,-2116,,,0.9,img_shu01.png,1
110319,panelOuter,-2563,,,,-2094,,,1.1,img_shu01.png,1
110320,panelOuter,-1876,,,,-1967,,,,img_dashu.png,1
110321,panelOuter,-2260,,,,-2259,,,,img_cc02.png,1
110322,panelOuter,-2182,0,,,-2295,,,0.8,img_cc02.png,1
110323,panelOuter,-2787,,,,-2501,,,,img_cc02.png,1
110324,panelOuter,-2784,,,,-2402,,,,img_mt.png,1
110325,panelOuter,-3052,,,,-2514,,,,img_mt.png,1
110326,panelOuter,-2922,,,,-2517,,,,img_mt.png,1
110327,panelOuter,-2138,,,,-2505,,,,img_shu01.png,1
110328,panelOuter,-1812,,,,-2459,,,1.1,img_shu01.png,1
110329,panelOuter,-1958,,,,-2400,,,1.3,img_shu02.png,1
110330,panelOuter,-1342,,,,-1629,,,,img_shu02.png,1
110331,panelOuter,-1283,,,,-1550,,,0.9,img_shu01.png,1
110332,panelOuter,-1101,,,,-1627,,,0.7,img_shu01.png,1
110333,panelOuter,-1210,,,,-1687,,,,img_shu02.png,1
110334,panelOuter,-1331,,,,-1809,,,1.2,img_shu01.png,1
110335,panelOuter,-1226,,,,-1939,,,,img_shu02.png,1
110336,panelOuter,-1064,,,,-1870,,,0.9,img_dashu.png,1
110337,panelOuter,-1371,,,,-2013,,,,img_shu01.png,1
110338,panelOuter,-1511,,,,-2042,,,1.2,img_shu02.png,1
110339,panelOuter,-1381,,,,-2137,,,1.2,img_shu02.png,1
110340,panelOuter,-937,,,,-1811,,,,img_shu01.png,1
110341,panelOuter,-876,,,,-1718,,,0.8,img_shu02.png,1
110342,panelOuter,-782,,,,-1855,,,1.3,img_shu02.png,1
110343,panelOuter,-950,,,,-1948,,,0.9,img_shu02.png,1
110344,panelOuter,-666,1,,,-1851,,,,img_st03.png,1
110345,panelOuter,-1119,,,,-2291,,,1.2,img_shu01.png,1
110346,panelOuter,-920,,,,-2277,,,,img_shu02.png,1
110347,panelOuter,-814,,,,-2375,,,,img_sg.png,1
110348,panelOuter,-550,,,,-1916,,,0.8,img_shu02.png,1
110349,panelOuter,-398,,,,-2040,,,1.2,img_shu01.png,1
110350,panelOuter,-521,,,,-2321,,,,img_shu01.png,1
110351,panelOuter,-405,,,,-2454,,,,img_shu02.png,1
110352,panelOuter,-266,,,,-2026,,,0.8,img_shu02.png,1
110353,panelOuter,389,,,,-2056,,,,img_shu02.png,1
110354,panelOuter,324,,,,-2190,,,0.8,img_shu02.png,1
110355,panelOuter,262,,,,-2277,,,0.8,img_shu02.png,1
110356,panelOuter,92,,,,-2343,,,,img_shu01.png,1
110357,panelOuter,426,,,,-2298,,,1.1,img_shu01.png,1
110358,panelOuter,561,,,,-2244,,,,img_ks.png,1
110359,panelOuter,667,,,,-1965,,,1.1,img_shu02.png,1
110360,panelOuter,810,,,,-1751,,,0.8,img_shu02.png,1
110361,panelOuter,878,,,,-1886,,,1.4,img_shu01.png,1
110362,panelOuter,828,,,,-2056,,,1.1,img_shu01.png,1
110363,panelOuter,1021,,,,-1973,,,,img_st02.png,1
110364,panelOuter,990,,,,-2275,,,1.3,img_shu02.png,1
110365,panelOuter,1097,,,,-2174,,,,img_shu02.png,1
110366,panelOuter,1205,,,,-2245,,,0.9,img_shu01.png,1
110367,panelOuter,1257,,,,-2065,,,0.8,img_dashu.png,1
110368,panelOuter,1115,,,,-1661,,,1.1,img_shu01.png,1
110369,panelOuter,1202,,,,-1854,,,1.1,img_shu02.png,1
110370,panelOuter,1324,,,,-1619,,,,img_dashu.png,1
110371,panelOuter,690,,,,-2111,,,0.7,img_sg.png,1
110372,panelOuter,1300,,,,-1805,,,0.8,img_shu02.png,1
110373,panelOuter,1387,,,,-1708,,,0.9,img_shu01.png,1
110374,panelOuter,1365,,,,-1961,,,,img_shu02.png,1
110375,panelOuter,1445,,,,-1804,,,0.9,img_shu02.png,1
110376,panelOuter,1540,,,,-1674,,,1.2,img_shu02.png,1
110377,panelOuter,1447,,,,-1449,,,0.9,img_shu01.png,1
110378,panelOuter,2352,,,,-1023,,,0.8,img_shu01.png,1
110379,panelOuter,1998,,,,-1334,,,1.2,img_shu01.png,1
110380,panelOuter,1674,,,,-1762,,,1.2,img_shu01.png,1
110381,panelOuter,1547,,,,-1867,,,0.9,img_shu02.png,1
110382,panelOuter,1468,,,,-1938,,,0.9,img_shu02.png,1
110383,panelOuter,1574,,,,-1982,,,1.2,img_shu01.png,1
110384,panelOuter,1745,,,,-1903,,,0.6,img_st04.png,1
110385,panelOuter,1932,,,,-1669,,,0.9,img_shu02.png,1
110386,panelOuter,1818,,,,-1708,,,0.8,img_shu01.png,1
110387,panelOuter,1825,,,,-1817,,,0.7,img_shu01.png,1
110388,panelOuter,1916,,,,-1848,,,0.9,img_shu02.png,1
110389,panelOuter,2075,,,,-1867,,,1.1,img_shu02.png,1
110390,panelOuter,1935,,,,-2093,,,0.7,img_shu01.png,1
110391,panelOuter,1819,,,,-2170,,,1.1,img_shu01.png,1
110392,panelOuter,2007,,,,-2190,,,,img_shu02.png,1
110393,panelOuter,1892,,,,-2319,,,0.9,img_shu01.png,1
110394,panelOuter,1595,,,,-2306,,,1.1,img_shu01.png,1
110395,panelOuter,1989,,,,-2458,,,1.2,img_shu02.png,1
110396,panelOuter,2026,,,,-1534,,,,img_mt.png,1
110397,panelOuter,2155,,,,-1641,,,,img_mt.png,1
110398,panelOuter,2289,,,,-1642,,,,img_mt.png,1
110399,panelOuter,2024,,,,-1638,,,,img_mt.png,1
110400,panelOuter,2157,,,,-1735,,,,img_mt.png,1
110401,panelOuter,2288,,,,-1747,,,,img_mt.png,1
110402,panelOuter,2312,,,,-1421,,,,img_dashu.png,1
110403,panelOuter,2768,,,,-1040,,,0.7,img_shu02.png,1
110404,panelOuter,2879,,,,-1092,,,,img_shu01.png,1
110405,panelOuter,2946,,,,-1212,,,0.8,img_cc02.png,1
110406,panelOuter,3005,,,,-1197,,,0.6,img_cc02.png,1
110407,panelOuter,2632,,,,-1227,,,,img_mt.png,1
110408,panelOuter,2632,,,,-1332,,,,img_mt.png,1
110409,panelOuter,2502,,,,-1334,,,,img_mt.png,1
110410,panelOuter,2529,,,,-1416,,,0.8,img_shu01.png,1
110411,panelOuter,2751,,,,-1465,,,0.8,img_shu01.png,1
110412,panelOuter,2631,,,,-1530,,,1.1,img_shu02.png,1
110413,panelOuter,2845,,,,-1566,,,0.9,img_shu02.png,1
110414,panelOuter,2750,,,,-1662,,,0.9,img_shu02.png,1
110415,panelOuter,2631,,,,-1728,,,,img_shu01.png,1
110416,panelOuter,2510,,,,-1782,,,0.8,img_shu02.png,1
110417,panelOuter,2362,,,,-1822,,,1.2,img_shu02.png,1
110418,panelOuter,2495,,,,-1961,,,1.3,img_shu02.png,1
110419,panelOuter,2682,,,,-1897,,,1.1,img_shu01.png,1
110420,panelOuter,2591,,,,-2045,,,1.3,img_shu01.png,1
110421,panelOuter,3044,1,,,-1452,,,,img_shu01.png,1
110422,panelOuter,2468,,,,-2197,,,,img_shu02.png,1
110423,panelOuter,2332,,,,-2141,,,0.8,img_shu01.png,1
110424,panelOuter,3012,,,,-1593,,,0.9,img_shu02.png,1
110425,panelOuter,2918,,,,-1648,,,0.7,img_shu02.png,1
110426,panelOuter,2981,,,,-1775,,,1.1,img_shu01.png,1
110427,panelOuter,2812,,,,-1801,,,0.7,img_shu02.png,1
110428,panelOuter,2910,,,,-1910,,,0.9,img_shu02.png,1
110429,panelOuter,2805,,,,-2044,,,1.5,img_shu01.png,1
110430,panelOuter,3067,,,,-1997,,,0.9,img_shu02.png,1
110431,panelOuter,3160,,,,-2043,,,1.1,img_shu02.png,1
110432,panelOuter,3186,,,,-1627,,,0.8,img_shu02.png,1
110433,panelOuter,2960,,,,-2157,,,,img_st02.png,1
110434,panelOuter,2791,,,,-2239,,,,img_ks.png,1
110435,panelOuter,3216,,,,-2245,,,0.8,img_dashu.png,1
110436,panelOuter,3071,,,,-2310,,,0.9,img_shu02.png,1
110437,panelOuter,2972,,,,-2412,,,1.1,img_shu02.png,1
110438,panelOuter,3140,,,,-2494,,,1.5,img_shu01.png,1
110439,panelOuter,3356,0,,,-2509,,,1.2,img_shu01.png,1
110440,panelOuter,2637,1,,,-2480,,,1.1,img_shu02.png,1
110441,panelOuter,3228,,,,-1922,,,,img_mt.png,1
110442,panelOuter,3327,,,,-2021,,,,img_mt.png,1
110443,panelOuter,3329,0,,,-2116,,,,img_mt.png,1
110444,panelOuter,3456,,,,-2020,,,,img_mt.png,1
110445,panelOuter,3581,,,,-2022,,,,img_mt.png,1
110446,panelOuter,3569,0,,,-1918,,,,img_mt.png,1
110447,panelOuter,3702,,,,-1918,,,,img_mt.png,1
110448,panelOuter,4108,,,,-1872,,,1.2,img_shu01.png,1
110449,panelOuter,3454,,,,-2121,,,,img_sg.png,1
110450,panelOuter,3645,,,,-2162,,,1.1,img_shu01.png,1
110451,panelOuter,3709,,,,-2067,,,0.9,img_shu02.png,1
110452,panelOuter,3413,,,,-1654,,,,img_shu01.png,1
110453,panelOuter,3323,,,,-1756,,,0.8,img_shu02.png,1
110454,panelOuter,3420,,,,-1843,,,0.9,img_shu02.png,1
110455,panelOuter,3493,,,,-1811,,,0.9,img_cc02.png,1
110456,panelOuter,3688,,,,-1661,,,1.2,img_shu01.png,1
110457,panelOuter,3831,,,,-1744,,,0.9,img_shu01.png,1
110458,panelOuter,3854,,,,-1869,,,0.9,img_shu02.png,1
110459,panelOuter,3638,,,,-1505,,,,img_dashu.png,1
110460,panelOuter,3899,0,,,-1456,,,,img_sg.png,1
110461,panelOuter,2413,,,,-1565,,,,img_st01.png,1
110462,panelOuter,4078,0,,,-565,,,,img_st01.png,1
110463,panelOuter,3461,1,,,-263,,,0.9,img_shu01.png,1
110464,panelOuter,3665,1,,,-309,,,0.9,img_shu01.png,1
110465,panelOuter,3551,,,,-357,,,1.1,img_shu02.png,1
110466,panelOuter,3396,,,,-468,,,1.3,img_shu02.png,1
110467,panelOuter,3700,1,,,-470,,,,img_shu02.png,1
110468,panelOuter,3566,,,,-565,,,1.2,img_shu01.png,1
110469,panelOuter,3720,,,,-1332,,,1.1,img_shu02.png,1
110470,panelOuter,3910,,,,-180,,,0.9,img_shu01.png,1
110471,panelOuter,3980,,,,-409,,,0.9,img_shu01.png,1
110472,panelOuter,3838,,,,-426,,,0.9,img_shu02.png,1
110473,panelOuter,3414,,,,-1310,,,0.9,img_cc02.png,1
110474,panelOuter,3925,,,,-526,,,,img_cc01.png,1
110475,panelOuter,3682,,,,22,,,1.1,img_shu02.png,1
110476,panelOuter,3548,,,,104,,,0.9,img_shu02.png,1
110477,panelOuter,3274,,,,149,,,0.9,img_shu01.png,1
110478,panelOuter,3517,,,,-61,,,,img_shu01.png,1
110479,panelOuter,3224,,,,-407,,,1.1,img_shu02.png,1
110480,panelOuter,3830,,,,172,,,,img_mt.png,1
110481,panelOuter,3830,1,,,61,,,,img_mt.png,1
110482,panelOuter,3697,1,,,70,,,,img_mt.png,1
110483,panelOuter,3958,1,,,-22,,,,img_mt.png,1
110484,panelOuter,3838,1,,,-17,,,0.9,img_sg.png,1
110485,panelOuter,3779,1,,,382,,,,img_st02.png,1
110486,panelOuter,446,,,,2505,,,1.2,img_shu01.png,1
110487,panelOuter,580,,,,2404,,,1.1,img_shu02.png,1
110488,panelOuter,1253,,,,2509,,,0.9,img_shu02.png,1
110489,panelOuter,1086,,,,2525,,,0.9,img_shu02.png,1
110490,panelOuter,981,0,,,2465,,,,img_shu01.png,1
110491,panelOuter,1111,,,,2423,,,0.8,img_cc02.png,1
110492,panelOuter,-381,,,,2375,,,,img_shu01.png,1
110493,panelOuter,-357,,,,2245,,,0.9,img_cc01.png,1
110494,panelOuter,86,1,,,2360,,,1.1,img_shu02.png,1
110495,panelOuter,652,1,,,2130,,,1.1,img_shu02.png,1
110496,panelOuter,761,1,,,2009,,,,img_shu01.png,1
110497,panelOuter,371,1,,,2009,,,,img_shu01.png,1
110498,panelOuter,910,1,,,1995,,,,img_mt.png,1
110499,panelOuter,1020,,,,2209,,,,img_mt.png,1
110500,panelOuter,1151,,,,2208,,,,img_mt.png,1
110501,panelOuter,1018,,,,2102,,,,img_mt.png,1
110502,panelOuter,1152,,,,2106,,,,img_mt.png,1
110503,panelOuter,1517,1,,,2157,,,,img_st02.png,1
110504,panelOuter,1378,1,,,2280,,,1.2,img_shu01.png,1
110505,panelOuter,1613,1,,,2300,,,0.9,img_shu01.png,1
110506,panelOuter,1709,,,,2264,,,0.9,img_shu02.png,1
110507,panelOuter,1324,1,,,2053,,,,img_shu02.png,1
110508,panelOuter,1752,,,,2058,,,0.8,img_dashu.png,1
110509,panelOuter,1605,2,,,1997,,,,img_ks.png,1
110510,panelOuter,1387,,,,1984,,,0.8,img_shu01.png,1
110511,panelOuter,1472,,,,1941,,,1.1,img_shu02.png,1
110512,panelOuter,2479,1,,,2500,,,,img_shu02.png,1
110513,panelOuter,2042,,,,2288,,,0.9,img_shu02.png,1
110514,panelOuter,2069,,,,2138,,,0.7,img_shu01.png,1
110515,panelOuter,2183,,,,2119,,,,img_shu02.png,1
110516,panelOuter,2447,,,,2170,,,,img_dashu.png,1
110517,panelOuter,2708,,,,2139,,,1.1,img_shu01.png,1
110518,panelOuter,2440,,,,2000,,,0.8,img_shu01.png,1
110519,panelOuter,2850,,,,2032,,,,img_ks.png,1
110520,panelOuter,3114,,,,2062,,,,img_shu02.png,1
110521,panelOuter,3685,,,,2527,,,,img_shu01.png,1
110522,panelOuter,3441,,,,2217,,,,img_shu01.png,1
110523,panelOuter,3371,,,,2128,,,0.8,img_shu01.png,1
110524,panelOuter,3313,,,,2035,,,,img_shu02.png,1
110525,panelOuter,3751,,,,2161,,,0.8,img_shu01.png,1
110526,panelOuter,3677,,,,2069,,,0.9,img_shu01.png,1
110527,panelOuter,3849,,,,2039,,,,img_shu02.png,1
110528,panelOuter,3552,,,,1919,,,0.8,img_shu01.png,1
110529,panelOuter,3456,,,,2008,,,,img_shu02.png,1
110530,panelOuter,3358,,,,1833,,,,img_shu02.png,1
110531,panelOuter,3526,,,,1773,,,,img_shu01.png,1
110532,panelOuter,3636,,,,1667,,,,img_shu01.png,1
110533,panelOuter,3245,,,,1709,,,,img_shu02.png,1
110534,panelOuter,3136,,,,1701,,,,img_shu01.png,1
110535,panelOuter,3344,,,,1597,,,,img_shu01.png,1
110536,panelOuter,3002,,,,1671,,,,img_shu02.png,1
110537,panelOuter,3019,,,,1505,,,1.1,img_shu02.png,1
110538,panelOuter,3213,,,,1492,,,1.2,img_shu02.png,1
110539,panelOuter,3382,,,,1449,,,,img_shu02.png,1
110540,panelOuter,3266,,,,1309,,,1.2,img_shu02.png,1
110541,panelOuter,3647,,,,1516,,,,img_cc02.png,1
110542,panelOuter,2545,,,,1893,,,0.9,img_shu02.png,1
110543,panelOuter,2678,1,,,1790,,,1.2,img_shu01.png,1
110544,panelOuter,2172,1,,,1882,,,0.8,img_shu02.png,1
110545,panelOuter,2084,1,,,1811,,,0.7,img_shu01.png,1
110546,panelOuter,2225,1,,,1729,,,1.2,img_shu01.png,1
110547,panelOuter,2406,1,,,1723,,,,img_shu02.png,1
110548,panelOuter,2560,,,,1671,,,,img_shu02.png,1
110549,panelOuter,2345,,,,1537,,,1.1,img_shu02.png,1
110550,panelOuter,2586,,,,1512,,,0.8,img_shu01.png,1
110551,panelOuter,2487,,,,1379,,,1.1,img_shu02.png,1
110552,panelOuter,1801,1,,,1801,,,,img_dashu.png,1
110553,panelOuter,1946,,,,1692,,,1.3,img_shu01.png,1
110554,panelOuter,2004,,,,1709,,,0.7,img_shu01.png,1
110555,panelOuter,2087,,,,1625,,,1.1,img_shu02.png,1
110556,panelOuter,1951,,,,1531,,,,img_st02.png,1
110557,panelOuter,2727,,,,1640,,,0.9,img_sg.png,1
110558,panelOuter,2735,,,,1483,,,1.1,img_shu02.png,1
110559,panelOuter,2721,,,,1322,,,,img_shu01.png,1
110560,panelOuter,2949,,,,601,,,0.9,img_shu01.png,1
110561,panelOuter,3233,,,,304,,,,img_shu01.png,1
110562,panelOuter,2078,,,,1413,,,0.9,img_shu02.png,1
110563,panelOuter,2942,,,,505,,,0.8,img_shu02.png,1
110564,panelOuter,3074,,,,565,,,,img_shu02.png,1
110565,panelOuter,3062,,,,405,,,,img_shu02.png,1
110566,panelOuter,3242,,,,475,,,1.2,img_shu02.png,1
110567,panelOuter,3441,,,,467,,,,img_shu02.png,1
110568,panelOuter,3627,,,,532,,,1.2,img_shu01.png,1
110569,panelOuter,2864,,,,1360,,,0.9,img_st04.png,1
110570,panelOuter,3166,,,,1190,,,0.9,img_shu01.png,1
110571,panelOuter,3565,,,,296,,,1.3,img_shu02.png,1
110572,panelOuter,3366,,,,332,,,,img_shu01.png,1
110573,panelOuter,3881,,,,550,,,0.8,img_shu01.png,1
110574,panelOuter,3977,,,,476,,,1.2,img_shu02.png,1
110575,panelOuter,4022,,,,291,,,0.8,img_dashu.png,1
110576,panelOuter,4071,,,,158,,,1.2,img_shu02.png,1
110577,panelOuter,3207,,,,1886,,,,img_mt.png,1
110578,panelOuter,3200,,,,1784,,,,img_mt.png,1
110579,panelOuter,3068,,,,1785,,,,img_mt.png,1
110580,panelOuter,2943,,,,1786,,,,img_mt.png,1
110581,panelOuter,2891,,,,1707,,,0.8,img_cc02.png,1
110582,panelOuter,-1749,,,,-1653,,,,img_gsp.png,1
110583,panelOuter,-2097,,,,-1550,,,,img_mt.png,1
110584,panelOuter,-1661,,,,-1847,,,,img_mt.png,1
110585,panelOuter,-1524,,,,-1944,,,,img_mt.png,1
110586,panelOuter,-1657,,,,-1944,,,,img_mt.png,1
110587,panelOuter,-1784,,,,-1843,,,,img_mt.png,1
110588,panelOuter,-1886,,,,-1398,,,0.8,img_shu01.png,1
110589,panelOuter,-1692,,,,-1439,,,0.8,img_shu01.png,1
110590,panelOuter,-1783,,,,-1380,,,1.2,img_shu02.png,1
110591,panelOuter,-2038,,,,-1611,,,0.8,img_shu01.png,1
110592,panelOuter,-3356,,,,-1452,,,,img_cc02.png,1
110593,panelOuter,-2622,,,,-2250,,,,img_cc01.png,1
110594,panelOuter,-3970,,,,455,,,,img_st01.png,1
110595,panelOuter,-2637,,,,1954,,,1.1,img_shu01.png,1
110596,panelOuter,-2608,,,,1751,,,0.8,img_shu02.png,1
110597,panelOuter,-2548,,,,1679,,,0.7,img_shu01.png,1
110598,panelOuter,-2447,,,,1466,,,,img_cc01.png,1
110599,panelOuter,1054,,,,2043,,,0.9,img_shu01.png,1
110600,panelOuter,-3484,,,,2000,,,,img_ks.png,1
110601,panelOuter,-1771,,,,-2323,,,,img_st03.png,1
110602,panelOuter,-2594,,,,-1587,,,,img_cc02.png,1
110603,panelOuter,-1549,,,,1974,,,0.9,img_shu01.png,1
110604,panelOuter,-2139,,,,1536,,,0.7,img_shu01.png,1
110605,panelOuter,-2239,,,,1382,,,,img_mt.png,1
110606,panelOuter,-2106,,,,1381,,,,img_mt.png,1
110607,panelOuter,-3946,,,,593,,,0.7,img_shu02.png,1
110608,panelOuter,-1817,,,,1457,,,,img_shu02.png,1
110609,panelOuter,-1863,,,,1733,,,,img_sg.png,1
110610,panelOuter,-2000,,,,1659,,,0.8,img_cc02.png,1
110611,panelOuter,-1123,,,,1611,,,,img_lth.png,1
110612,panelOuter,-311,,,,1988,,,0.7,img_shu01.png,1
110613,panelOuter,-418,,,,2010,,,0.9,img_shu02.png,1
110614,panelOuter,-1892,,,,1607,,,,img_ltl.png,1
110615,panelOuter,-3694,,,,2285,,,0.9,img_shu01.png,1
110616,panelOuter,-3861,,,,2278,,,,img_sg.png,1
110617,panelOuter,-845,,,,2491,,,,img_shu02.png,1
110618,panelOuter,898,,1,,1747,,,0,img_ssq01.png,1
110619,panelOuter,748,,1,0,1920,,,,img_ssq01.png,1
110620,panelOuter,2270,,,,1863,,,0.8,img_shu02.png,1
110621,panelOuter,1171,,,,1792,,,0.8,img_shu02.png,1
110622,panelOuter,1101,,,,1924,,,,img_shu02.png,1
110623,panelOuter,2748,,,,1895,,,1.1,img_shu02.png,1
110624,panelOuter,2694,,,,561,,,,img_ltl.png,1
110625,panelOuter,1744,,,,1452,,,,img_qz.png,1
110626,panelOuter,970,,,1,1651,,,,img_ltl.png,1
110627,panelOuter,1793,,,,1467,,,0.8,img_shu01.png,1
110628,panelOuter,1070,,,,1607,,,,img_lth.png,1
110629,panelOuter,489,,,,-1864,,,,img_lth.png,1
110630,panelOuter,2455,,,,-796,,,,img_lth.png,1
110631,panelOuter,-1878,,,,-1222,,,,img_lth.png,1
110632,panelOuter,4072,,,,1864,,,1.2,img_shu01.png,1
110633,panelOuter,-1218,,,,-2096,,,0.7,img_cc02.png,1
110634,panelOuter,-1665,,,,-2045,,,,img_cc01.png,1
110635,panelOuter,2210,,,,-1527,,,,img_cc01.png,1
110636,panelOuter,1435,,,,-2088,,,0.9,img_cc01.png,1
110637,panelOuter,2842,,,,-1735,,,0.8,img_shu01.png,1
110638,panelOuter,1145,,,,-2339,,,0.9,img_cc02.png,1
110639,panelOuter,2689,,,,-940,,,0.9,img_shu01.png,1
110640,panelOuter,2331,,,,-2262,,,0.8,img_cc02.png,1
110641,panelOuter,-3436,,,,998,,,0.8,img_shu02.png,1
110642,panelOuter,-3008,,,,355,,,0.8,img_shu02.png,1
110643,panelOuter,-3733,,,,-360,,,0.8,img_shu02.png,1
110644,panelOuter,-3634,,,,-275,,,0.8,img_shu02.png,1
110645,panelOuter,-1923,,,,1507,,,0.8,img_shu01.png,1
110646,panelOuter,-2995,,,,692,,,0.8,img_shu02.png,1
110647,panelOuter,-450,,,1,1933,,,0.8,img_shu01.png,1
110648,panelOuter,-1540,,,,2203,,,0.8,img_shu02.png,1
110649,panelOuter,-936,,,1,1714,,,0.8,img_shu02.png,1
110650,panelOuter,-987,,,,1772,,,0.7,img_cc01.png,1
110651,panelOuter,-2538,,,,2088,,,0.7,img_cc01.png,1
110652,panelOuter,-2549,,,,1528,,,0.8,img_shu02.png,1
110653,panelOuter,-2629,,,,1633,,,0.8,img_shu01.png,1
110654,panelOuter,-2922,,,,-422,,,0.8,img_shu01.png,1
110655,panelOuter,-3732,,,,-633,,,,img_shu02.png,1
110656,panelOuter,-3280,,,,-1671,,,0.8,img_shu01.png,1
110657,panelOuter,-2346,,,,-1787,,,0.8,img_shu02.png,1
110658,panelOuter,-2172,,,,-1577,,,0.9,img_shu02.png,1
110659,panelOuter,-1016,,,,-2215,,,0.9,img_shu02.png,1
110660,panelOuter,1748,,,,-1973,,,0.9,img_shu02.png,1
110661,panelOuter,1761,,,,-2299,,,0.9,img_shu02.png,1
110662,panelOuter,2151,,,,-1362,,,1.1,img_shu02.png,1
110663,panelOuter,2589,,,,-1862,,,0.9,img_shu02.png,1
110664,panelOuter,2748,,,,-1764,,,0.7,img_shu02.png,1
110665,panelOuter,3347,,,,581,,,0.8,img_shu01.png,1
110666,panelOuter,3212,,,,1045,,,0.8,img_shu01.png,1
110667,panelOuter,3813,,,,708,,,1.1,img_shu02.png,1
110668,panelOuter,3114,,,,1585,,,0.8,img_shu01.png,1
110669,panelOuter,3461,,,,1872,,,0.9,img_shu02.png,1
110670,panelOuter,2907,,,,1454,,,0.8,img_shu01.png,1
110671,panelOuter,2853,,,,1273,,,0.8,img_shu01.png,1
110672,panelOuter,2846,,,,384,,,0.8,img_shu02.png,1
110673,panelOuter,2466,,,,1577,,,0.8,img_shu01.png,1
110674,panelOuter,2501,,,,1786,,,0.8,img_shu02.png,1
110675,panelOuter,2162,,,,1567,,,,img_shu01.png,1
110676,panelOuter,1689,,,,1959,,,0.8,img_shu01.png,1
110677,panelOuter,1929,,,,2019,,,0.8,img_shu01.png,1
110678,panelOuter,1838,,,,1978,,,0.8,img_shu02.png,1
110679,panelOuter,1503,,,,2378,,,0.9,img_shu02.png,1
110680,panelOuter,1873,,,,2518,,,0.9,img_shu01.png,1
110681,panelOuter,1211,,,,2019,,,0.8,img_shu02.png,1
110682,panelOuter,1278,,,,2170,,,0.8,img_shu01.png,1
110683,panelOuter,500,,,1,1923,,,0.8,img_shu02.png,1
110684,panelOuter,486,,,,2057,,,0.9,img_shu01.png,1
110685,panelOuter,948,,,,1932,,,0.9,img_shu01.png,1
110686,panelOuter,1016,,,,1811,,,0.7,img_shu02.png,1
110687,panelOuter,-1027,,,,1873,,,0.8,img_shu01.png,1
110688,panelOuter,442,,,,2167,,,0.8,img_shu02.png,1
110689,panelOuter,-2511,,,,-838,,,0.9,img_shu01.png,1
110690,panelOuter,2925,,,,-916,,,0.8,img_shu02.png,1
110691,panelOuter,2836,,,,-958,,,0.7,img_shu01.png,1
110692,panelOuter,-2726,,,,956,,,,img_sktl.png,1
110693,panelOuter,-1517,,,,1706,,,,img_sktl.png,1
110694,panelOuter,2726,,,,956,,,,img_skth.png,1
110695,panelOuter,1529,,,,1703,,,,img_skth.png,1
110696,panelOuter,-2495,,,,-1398,,,0.8,img_shu02.png,1
110697,panelOuter,-2542,,,,-1589,,,0.7,img_shu01.png,1
110698,panelOuter,-2515,,,,-1484,,,0.6,img_shu02.png,1
110699,panelOuter,-2276,,,,-1521,,,0.8,img_shu02.png,1
110700,panelOuter,-1450,,,,-2000,,,0.8,img_shu02.png,1
110701,panelOuter,-1399,,,,-1902,,,0.8,img_shu02.png,1
110702,panelOuter,-1127,,,,-2006,,,0.9,img_shu01.png,1
110703,panelOuter,-963,,,,-2078,,,0.9,img_shu01.png,1
110704,panelOuter,-3832,,,,2575,,,1.3,img_shu01.png,1
110705,panelOuter,-3442,,,,1146,,,1.2,img_shu01.png,1
110706,panelOuter,-3302,,,,1056,,,,img_shu01.png,1
110707,panelOuter,-3243,,,,1202,,,0.9,img_dashu.png,1
110708,panelOuter,-3120,,,,1252,,,,img_shu02.png,1
110709,panelOuter,-3019,,,,1319,,,1.1,img_shu01.png,1
110710,panelOuter,-3009,,,,1165,,,1.2,img_shu01.png,1
110711,panelOuter,-3112,,,,1102,,,1.2,img_shu02.png,1
110712,panelOuter,-3229,,,,931,,,1.3,img_shu02.png,1
110713,panelOuter,-3074,,,,944,,,0.8,img_cc02.png,1
110714,panelOuter,-2280,,,,1326,,,1.1,img_shu01.png,1
110715,panelOuter,-2650,,,,982,,,0.8,img_shu02.png,1
110716,panelOuter,-2521,,,,1214,,,1.1,img_shu02.png,1
110717,panelOuter,-2743,,,,1173,,,1.1,img_shu01.png,1
110718,panelOuter,-3961,,,,1003,,,0.9,img_dashu.png,1
110719,panelOuter,-2633,,,,1300,,,,img_ks.png,1
110720,panelOuter,-3306,,,,536,,,,img_mt.png,1
110721,panelOuter,-2860,,,,1407,,,0.8,img_sg.png,1
110722,panelOuter,-2813,,,,572,,,,img_shu01.png,1
110723,panelOuter,-4061,,,,869,,,,img_st03.png,1
110724,panelOuter,-3764,,,,901,,,0.9,img_shu02.png,1
110725,panelOuter,-3549,,,,541,,,,img_shu02.png,1
110726,panelOuter,-3456,,,,709,,,,img_shu02.png,1
110727,panelOuter,-3429,,,,858,,,,img_shu01.png,1
110728,panelOuter,-3601,,,,782,,,,img_shu01.png,1
110729,panelOuter,-3338,,,,738,,,,img_cc01.png,1
110730,panelOuter,-3660,,,,953,,,,img_shu01.png,1
110731,panelOuter,-3735,,,,1276,,,,img_shu02.png,1
110732,panelOuter,-3507,,,,61,,,0.8,img_sg.png,1
110733,panelOuter,-3331,,,,-964,,,0.9,img_st04.png,1
110734,panelOuter,-2889,,,,-761,,,,img_mt.png,1
110735,panelOuter,-3018,,,,-866,,,,img_mt.png,1
110736,panelOuter,-3015,,,,-378,,,0.9,img_shu02.png,1
110737,panelOuter,-3866,,,,-1063,,,,img_dashu.png,1
110738,panelOuter,-3805,,,,-1211,,,,img_ks.png,1
110739,panelOuter,-4111,,,,-1781,,,,img_shu01.png,1
110740,panelOuter,-2711,,,,-842,,,,img_shu02.png,1
110741,panelOuter,-3048,,,,-732,,,,img_cc02.png,1
110742,panelOuter,-2744,,,,-1231,,,,img_shu02.png,1
110743,panelOuter,-2633,,,,-1155,,,,img_shu01.png,1
110744,panelOuter,-2317,,,,-1155,,,,img_shu01.png,1
110745,panelOuter,-2542,,,,-1005,,,1.1,img_shu02.png,1
110746,panelOuter,-2621,,,,-896,,,0.8,img_shu01.png,1
110747,panelOuter,-2304,,,,-987,,,1.1,img_shu02.png,1
110748,panelOuter,-3475,,,,-1275,,,,img_shu01.png,1
110749,panelOuter,-3557,,,,-1162,,,,img_shu02.png,1
110750,panelOuter,-3729,,,,-1337,,,,img_shu01.png,1
110751,panelOuter,-3256,,,,-1264,,,,img_shu01.png,1
110752,panelOuter,-3660,,,,-1040,,,1.3,img_shu01.png,1
110753,panelOuter,-4132,,,,-925,,,,img_shu02.png,1
110754,panelOuter,-3367,,,,-1323,,,,img_shu02.png,1
110755,panelOuter,-2972,,,,-1151,,,,img_shu02.png,1
110756,panelOuter,-3273,,,,-1517,,,,img_shu02.png,1
110757,panelOuter,-2590,,,,-691,,,,img_shu02.png,1
110758,panelOuter,-3164,,,,-1603,,,0.9,img_shu01.png,1
110759,panelOuter,-3165,,,,-1438,,,0.9,img_shu02.png,1
110760,panelOuter,-2817,,,,-1071,,,0.8,img_sg.png,1
110761,panelOuter,-3323,,,,-1059,,,,img_cc01.png,1
110762,panelOuter,-2001,,,,-1339,,,0.7,img_sg.png,1
110763,panelOuter,1820,,,,-1229,,,,img_ltl.png,1
110764,panelOuter,1747,,,,-1262,,,,img_lth.png,1
110765,panelOuter,1685,,,,-1433,,,,img_shu01.png,1
110766,panelOuter,2367,,,,-1209,,,,img_shu01.png,1
110767,panelOuter,3021,,,,-875,,,0.9,img_st04.png,1
110768,panelOuter,3784,,,,-1181,,,,img_shu01.png,1
110769,panelOuter,3653,,,,-1099,,,1.1,img_shu02.png,1
110770,panelOuter,3916,,,,-1146,,,0.8,img_shu01.png,1
110771,panelOuter,4023,,,,-1051,,,1.1,img_shu02.png,1
110772,panelOuter,3885,,,,-979,,,,img_shu01.png,1
110773,panelOuter,4031,,,,-1182,,,,img_cc01.png,1
110774,panelOuter,4110,,,,-1235,,,1.1,img_shu01.png,1
110775,panelOuter,3563,,,,-1250,,,1.2,img_shu01.png,1
110776,panelOuter,3535,,,,-1004,,,,img_shu01.png,1
110777,panelOuter,3661,,,,-906,,,,img_shu01.png,1
110778,panelOuter,3864,,,,-819,,,,img_dashu.png,1
110779,panelOuter,3429,,,,-1105,,,1.1,img_shu02.png,1
110780,panelOuter,3204,,,,-949,,,1.3,img_shu02.png,1
110781,panelOuter,3064,,,,-747,,,,img_shu01.png,1
110782,panelOuter,2930,,,,-666,,,1.1,img_shu02.png,1
110783,panelOuter,2845,,,,-779,,,0.9,img_shu02.png,1
110784,panelOuter,2763,,,,-641,,,1.1,img_shu01.png,1
110785,panelOuter,2840,,,,-483,,,1.2,img_shu01.png,1
110786,panelOuter,3336,,,,-801,,,1.1,img_shu01.png,1
110787,panelOuter,2819,,,,-1359,,,,img_shu02.png,1
110788,panelOuter,3329,,,,-1212,,,,img_shu01.png,1
110789,panelOuter,3216,,,,-1328,,,,img_sg.png,1
110790,panelOuter,3158,,,,686,,,0.9,img_shu01.png,1
110791,panelOuter,2347,,,,1026,,,0.9,img_shu01.png,1
110792,panelOuter,2612,,,,1211,,,1.1,img_shu02.png,1
110793,panelOuter,2323,,,,1205,,,1.1,img_shu02.png,1
110794,panelOuter,3925,,,,1299,,,0.9,img_shu01.png,1
110795,panelOuter,2228,,,,1426,,,0.8,img_sg.png,1
110796,panelOuter,3514,,,,820,,,,img_shu01.png,1
110797,panelOuter,3419,,,,917,,,0.8,img_shu02.png,1
110798,panelOuter,3514,,,,1023,,,0.9,img_shu01.png,1
110799,panelOuter,3081,,,,1031,,,,img_shu02.png,1
110800,panelOuter,3044,,,,1192,,,0.8,img_shu02.png,1
110801,panelOuter,3655,,,,1017,,,,img_mt.png,1
110802,panelOuter,3783,,,,1017,,,,img_mt.png,1
110803,panelOuter,3911,,,,1020,,,,img_mt.png,1
110804,panelOuter,3656,,,,920,,,,img_mt.png,1
110805,panelOuter,3784,,,,1120,,,,img_mt.png,1
110806,panelOuter,4081,,,,816,,,1.1,img_shu01.png,1
110807,panelOuter,3952,,,,828,,,,img_st01.png,1
110808,panelOuter,4071,,,,995,,,,img_dashu.png,1
110809,panelOuter,3049,,,,757,,,,img_shu02.png,1
110810,panelOuter,2661,,,,690,,,0.9,img_shu01.png,1
110811,panelOuter,3372,,,,744,,,1.1,img_shu02.png,1
110812,panelOuter,3307,,,,945,,,0.9,img_shu01.png,1
110813,panelOuter,3193,,,,885,,,0.8,img_cc02.png,1
110814,panelOuter,3583,,,,1315,,,,img_shu02.png,1
110815,panelOuter,-3683,,,,-756,,,0.9,img_shu02.png,1
110816,panelOuter,-3433,,,,-1128,,,0.9,img_shu01.png,1
110817,panelOuter,-2956,,,,-625,,,0.7,img_shu01.png,1
110818,panelOuter,-3604,,,,430,,,0.9,img_shu01.png,1
110819,panelOuter,-3946,,,,393,,,0.9,img_shu02.png,1
110820,panelOuter,-4099,,,,753,,,0.9,img_shu01.png,1
110821,panelOuter,2460,,,,-1097,,,0.8,img_shu02.png,1
110822,panelOuter,3282,,,,-632,,,0.9,img_shu02.png,1
110823,panelOuter,3360,,,,-985,,,0.9,img_shu02.png,1
110824,panelOuter,3902,,,,-314,,,0.8,img_shu02.png,1
110825,panelOuter,3962,,,,-718,,,0.9,img_shu01.png,1
110826,panelOuter,3574,,,,-871,,,1.1,img_shu02.png,1
210001,panelBg,-1068,,1,,-56,,,1.3,caodi/img_cd02.png,2
210002,panelBg,-724,,1,,-1043,,,1.3,caodi/img_cd02.png,2
210003,panelBg,1824,,,,968,,,,caodi/img_cd01.png,2
210004,panelBg,-1991,,,,-235,,,2,caodi/img_cd02.png,2
210005,panelBg,1057,,,,1077,,,1.3,caodi/img_cd02.png,2
210006,panelBg,211,,,,-1192,,,1.3,caodi/img_cd02.png,2
210007,panelBg,2145,,,,9,,,2,caodi/img_cd01.png,2
210008,panelBg,-371,,1,,230,,,2,caodi/img_cd01.png,2
210009,panelBg,-1936,,,,1183,,,,caodi/img_cd01.png,2
210010,panelBg,395,,,,-397,,,,caodi/img_cd01.png,2
210011,panelBg,430,,1.5,,258,,,3.6,caodi/img_cd02.png,2
210012,panelBg,-471,,,,-736,,,2,caodi/img_cd02.png,2
210013,panelBg,2802,,,,1674,,,,caodi/img_cd01.png,2
210014,panelBg,3451,,,,1389,,,,caodi/img_cd01.png,2
210015,panelBg,2555,,,,970,,,,caodi/img_cd03.png,2
210016,panelBg,3270,,,,730,,,1.4,caodi/img_cd01.png,2
210017,panelBg,3824,,,,-106,,,2.3,caodi/img_cd02.png,2
210018,panelBg,2722,,,,-1194,,,,caodi/img_cd01.png,2
210019,panelBg,2164,,,,-1626,,,,caodi/img_cd01.png,2
210020,panelBg,-2893,,,,-1835,,,,caodi/img_cd01.png,2
210021,panelBg,-2303,,,,1735,,,,caodi/img_cd01.png,2
210022,panelBg,-1163,,1,,-708,,,,caodi/img_cd01.png,2
210023,panelBg,-1586,,,,342,,,1.4,caodi/img_cd01.png,2
210024,panelBg,600,,,,-1598,,,,caodi/img_cd02.png,2
210025,panelBg,-3276,,,,-334,,,3,caodi/img_cd02.png,2
210026,panelBg,-2108,,,,-1053,,,2,caodi/img_cd02.png,2
210027,panelBg,1211,,,,-979,,,2,caodi/img_cd02.png,2
210028,panelBg,1102,,,,733,,,,caodi/img_cd01.png,2
210029,panelBg,-3378,,,,-417,,,,caodi/img_cd01.png,2
210030,panelBg,-2542,,,,-1314,,,2,caodi/img_cd01.png,2
210031,panelBg,-1114,,1,,-1194,,,3.5,caodi/img_cd02.png,2
210032,panelBg,1925,,,,1419,,,,caodi/img_cd02.png,2
210033,panelBg,1596,,,,-1621,,,,caodi/img_cd02.png,2
210034,panelBg,57,,,,-439,,,,caodi/img_cd02.png,2
210035,panelBg,2432,,,,-31,,,3,caodi/img_cd02.png,2
210036,panelBg,2504,,1,,-1168,,,2.6,caodi/img_cd01.png,2
210037,panelBg,784,,,,1625,,,2.4,caodi/img_cd01.png,2
210038,panelBg,-84,,,,-561,,,2.7,caodi/img_cd02.png,2
210039,panelBg,1276,,,,-319,,,2.7,caodi/img_cd01.png,2
210040,panelBg,3132,,,,-586,,,2.7,caodi/img_cd01.png,2
210041,panelBg,3007,,,,-988,,,2.8,caodi/img_cd02.png,2
210042,panelBg,2489,,,,568,,,3,caodi/img_cd02.png,2
210043,panelBg,175,,,,-1384,,,2.4,caodi/img_cd02.png,2
210044,panelBg,-1467,,1,,1226,,,2.7,caodi/img_cd01.png,2
210045,panelBg,-3382,,,,1288,,,2,waiwei/img_wwss01.png,2
210046,panelBg,-1829,,,,1754,,,2,waiwei/img_wwss02.png,2
210047,panelBg,-608,,,,1740,,,2,waiwei/img_wwss03.png,2
210048,panelBg,1567,,,,1764,,,2,waiwei/img_wwss04.png,2
210049,panelBg,2729,,,,1605,,,2,waiwei/img_wwss05.png,2
210050,panelBg,3801,,,,1652,,,2,waiwei/img_wwss06.png,2
210051,panelBg,3862,,,,984,,,2,waiwei/img_wwss07.png,2
210052,panelBg,3765,,,,-1256,,,2,waiwei/img_wwss08.png,2
210053,panelBg,2339,,,,-1773,,,2,waiwei/img_wwss09.png,2
210054,panelBg,1101,,,,-1778,,,2,waiwei/img_wwss12.png,2
210055,panelBg,-117,,,,-1810,,,2,waiwei/img_wwss11.png,2
210056,panelBg,-1093,,,,-1839,,,2,waiwei/img_wwss10.png,2
210057,panelBg,-3928,,,,-458,,,2,waiwei/img_wwss14.png,2
210058,panelBg,-1209,,,,670,,,1.3,caodi/img_cd03.png,2
210059,panelBg,2967,,,,-1901,,,1.9,caodi/img_cd01.png,2
210060,panelBg,-3398,,1.5,,-1293,,,2.7,caodi/img_cd02.png,2
210061,panelBg,-2686,,1,,812,,,3.5,caodi/img_cd02.png,2
210062,panelBg,-3979,,1,,311,,,3,caodi/img_cd01.png,2
210063,panelBg,-271,,1,,1279,,,2.9,caodi/img_cd02.png,2
210064,panelBg,2727,,,,1028,,,3,caodi/img_cd02.png,2
210065,panelBg,-3152,,,,1218,,,1.2,caodi/img_cd01.png,2
210066,panelBg,-1876,,,,-1625,,,1.9,caodi/img_cd03.png,2
210067,panelBg,-3006,,,,-935,,,1.7,caodi/img_cd01.png,2
210068,panelBg,-3149,,,,830,,,1.6,caodi/img_cd01.png,2
210069,panelBg,-2133,,1,,-623,,,1.3,caodi/img_cd01.png,2
210070,panelCenter,970,,,,-891,,,,img_lth.png,2
210071,panelCenter,874,,1,,-922,,,,img_ltl.png,2
210072,panelCenter,1688,,,,-230,,,0.6,img_st03.png,2
210073,panelCenter,1896,,1,,-119,,,,img_lz01.png,2
210074,panelCenter,783,,,,-729,,,,img_qz.png,2
210075,panelCenter,1104,,,,-569,,,0.6,img_sg.png,2
210076,panelCenter,-1282,,,,142,,,,img_lth.png,2
210077,panelCenter,1772,,,,130,,,,img_ltl.png,2
210078,panelCenter,-896,,,,122,,,,img_lz01.png,2
210079,panelCenter,-1167,,,,140,,,,img_ltl.png,2
210080,panelCenter,1315,,,,138,,,,img_mt.png,2
210081,panelCenter,1185,,,,138,,,,img_mt.png,2
210082,panelCenter,1055,,,,233,,,,img_mt.png,2
210083,panelCenter,-2435,,,,146,,,,img_zt.png,2
210084,panelCenter,1079,,,,147,,,0.6,img_sg.png,2
210085,panelCenter,1363,,,,679,,,0.5,img_sg.png,2
210086,panelCenter,-1001,,,,-159,,,,img_mt.png,2
210087,panelCenter,-1132,,,,-252,,,,img_mt.png,2
210088,panelCenter,-2171,,,,-127,,,,img_lz03.png,2
210089,panelCenter,1186,,,,232,,,,img_mt.png,2
210090,panelCenter,1661,,,,331,,,,img_qz.png,2
210091,panelCenter,-133,,,,-520,,,,img_mt.png,2
210092,panelCenter,-1674,,,,-157,,,,img_mt.png,2
210093,panelCenter,-1803,,,,-157,,,,img_mt.png,2
210094,panelCenter,-1937,,,,-154,,,,img_mt.png,2
210095,panelCenter,262,,,,994,,,,img_mt.png,2
210096,panelCenter,395,,,,992,,,,img_mt.png,2
210097,panelCenter,-895,,,,923,,,,img_lth.png,2
210098,panelCenter,-805,,,,952,,,,img_lth.png,2
210099,panelCenter,-1,,,,-419,,,,img_mt.png,2
210100,panelCenter,416,,,,-1013,,,,img_ltl.png,2
210101,panelCenter,130,0,,,996,,,,img_mt.png,2
210102,panelCenter,261,,,,897,,,,img_mt.png,2
210103,panelCenter,-870,,,,-160,,,,img_mt.png,2
210104,panelCenter,-1,,,,-520,,,,img_mt.png,2
210105,panelCenter,-418,,,,-1013,,,,img_lth.png,2
210106,panelCenter,131,,,,-520,,,,img_mt.png,2
210107,panelCenter,-376,,,,999,,,,img_mt.png,2
210108,panelCenter,778,,,,-116,,,,img_lz01.png,2
210109,panelCenter,-3032,,,,-220,,,0.5,img_sg.png,2
210110,panelCenter,,,,,374,,,,img_mt.png,2
210111,panelOuter,-4026,,,,1229,,,,img_shu01.png,2
210112,panelOuter,-3807,,,,276,,,,img_mt.png,2
210113,panelOuter,-3678,,,,278,,,,img_mt.png,2
210114,panelOuter,-3115,,,,1485,,,0.9,img_cc01.png,2
210115,panelOuter,-424,,,,1761,,,,img_cc01.png,2
210116,panelOuter,-1437,,,,1407,,,,img_mt.png,2
210117,panelOuter,-1858,,,,1045,,,1.2,img_shu02.png,2
210118,panelOuter,-1382,,,,1545,,,,img_cc02.png,2
210119,panelOuter,-3741,,,,-1538,,,2,waiwei/img_wwss13.png,2
210120,panelOuter,-2471,,,,-645,,,,img_dashu.png,2
210121,panelOuter,-2828,,,,-1260,,,,img_shu02.png,2
210122,panelOuter,-2619,,,,-1346,,,,img_shu02.png,2
210123,panelOuter,-3073,,,,-1766,,,0.8,img_st01.png,2
210124,panelOuter,-1460,,,,-1147,,,0,img_mt.png,2
210125,panelOuter,-1828,,,,-1340,,,0.8,img_st03.png,2
210126,panelOuter,-2663,,,,927,,,,img_shu02.png,2
210127,panelOuter,-2936,,,,-439,,,0.6,img_sg.png,2
210128,panelOuter,-1281,,,,1511,,,,img_shu01.png,2
210129,panelOuter,2041,,,,-809,,,0.5,img_sg.png,2
210130,panelOuter,-2520,,,,1902,,,,img_shu02.png,2
210131,panelOuter,-2633,,,,1632,,,,img_shu02.png,2
210132,panelOuter,-2900,,,,1596,,,0.9,img_shu02.png,2
210133,panelOuter,-3092,,,,1580,,,0.7,img_shu02.png,2
210134,panelOuter,-3194,,,,1464,,,,img_shu01.png,2
210135,panelOuter,-3259,,,,1300,,,0.8,img_shu01.png,2
210136,panelOuter,-3131,,,,1341,,,0.9,img_shu02.png,2
210137,panelOuter,-3203,,,,1203,,,0.7,img_shu02.png,2
210138,panelOuter,-3431,,,,1162,,,0.9,img_shu02.png,2
210139,panelOuter,-3333,,,,1379,,,0.8,img_shu02.png,2
210140,panelOuter,-2308,,,,1633,,,,img_shu01.png,2
210141,panelOuter,-2261,,,,1478,,,,img_shu01.png,2
210142,panelOuter,-2171,,,,1535,,,,img_shu01.png,2
210143,panelOuter,-2157,,,,1680,,,0.9,img_shu02.png,2
210144,panelOuter,-2428,,,,1526,,,,img_shu02.png,2
210145,panelOuter,2666,,,,952,,,0.9,img_shu02.png,2
210146,panelOuter,-1963,,,,1514,,,,img_shu02.png,2
210147,panelOuter,-2087,,,,1403,,,1.3,img_shu01.png,2
210148,panelOuter,-2222,,,,1380,,,0.8,img_shu02.png,2
210149,panelOuter,-2379,,,,1267,,,,img_shu02.png,2
210150,panelOuter,-2522,,,,1177,,,0.9,img_shu01.png,2
210151,panelOuter,-2440,,,,965,,,,img_shu02.png,2
210152,panelOuter,-1785,,,,1437,,,0.9,img_shu02.png,2
210153,panelOuter,-2366,,,,1425,,,,img_shu02.png,2
210154,panelOuter,-2220,,,,1202,,,,img_ys.png,2
210155,panelOuter,-1772,,,,1719,,,,img_shu02.png,2
210156,panelOuter,-1656,,,,1451,,,1.2,img_shu01.png,2
210157,panelOuter,-1655,,,,1278,,,,img_shu02.png,2
210158,panelOuter,-1302,,,,1322,,,,img_mt.png,2
210159,panelOuter,-1171,,,,1322,,,,img_mt.png,2
210160,panelOuter,-1613,,,,1660,,,,img_ks.png,2
210161,panelOuter,-2615,,,,881,,,1.1,img_st03.png,2
210162,panelOuter,-2739,,,,1058,,,0.9,img_shu01.png,2
210163,panelOuter,-2796,,,,940,,,1.2,img_shu02.png,2
210164,panelOuter,-2900,,,,993,,,0.9,img_shu01.png,2
210165,panelOuter,-2961,,,,877,,,,img_shu02.png,2
210166,panelOuter,-2921,,,,1336,,,,img_mt.png,2
210167,panelOuter,-2793,,,,1332,,,,img_mt.png,2
210168,panelOuter,-2793,,,,1235,,,,img_mt.png,2
210169,panelOuter,-2667,,,,1331,,,,img_mt.png,2
210170,panelOuter,-975,,,,1553,,,0.9,img_shu01.png,2
210171,panelOuter,-2826,,,,1422,,,0.6,img_sg.png,2
210172,panelOuter,-3496,,,,844,,,1.2,img_shu01.png,2
210173,panelOuter,-3342,,,,813,,,0.9,img_shu02.png,2
210174,panelOuter,-3636,,,,729,,,0.9,img_shu01.png,2
210175,panelOuter,-3258,,,,790,,,0.9,img_shu02.png,2
210176,panelOuter,-3192,,,,903,,,0.8,img_shu01.png,2
210177,panelOuter,-3147,,,,753,,,0.9,img_shu02.png,2
210178,panelOuter,-3442,,,,653,,,,img_st02.png,2
210179,panelOuter,-3214,,,,566,,,0.7,img_dashu.png,2
210180,panelOuter,-3416,,,,477,,,1.3,img_shu01.png,2
210181,panelOuter,-3299,,,,418,,,0.9,img_shu02.png,2
210182,panelOuter,-3044,,,,673,,,0.9,img_shu02.png,2
210183,panelOuter,-3077,,,,559,,,0.8,img_shu01.png,2
210184,panelOuter,-3003,,,,442,,,0.8,img_shu01.png,2
210185,panelOuter,-3138,,,,430,,,1.1,img_shu02.png,2
210186,panelOuter,-3238,,,,288,,,1.1,img_shu02.png,2
210187,panelOuter,-3908,,,,732,,,0.9,img_shu01.png,2
210188,panelOuter,-3836,,,,654,,,0.9,img_shu01.png,2
210189,panelOuter,-4011,,,,700,,,1.1,img_shu02.png,2
210190,panelOuter,-3551,,,,281,,,,img_mt.png,2
210191,panelOuter,-3678,,,,181,,,,img_mt.png,2
210192,panelOuter,-3629,,,,97,,,0.9,img_shu01.png,2
210193,panelOuter,-3536,,,,-1,,,1.1,img_shu02.png,2
210194,panelOuter,-3400,,,,149,,,,img_dashu.png,2
210195,panelOuter,-3118,,,,257,,,0.9,img_shu01.png,2
210196,panelOuter,-4096,,,,223,,,0.9,img_shu01.png,2
210197,panelOuter,-3974,,,,122,,,,img_shu01.png,2
210198,panelOuter,-4085,,,,27,,,1.2,img_shu02.png,2
210199,panelOuter,-3795,,,,-159,,,,img_mt.png,2
210200,panelOuter,-3925,,,,-159,,,,img_mt.png,2
210201,panelOuter,-3744,,,,-257,,,0.8,img_sg.png,2
210202,panelOuter,-3887,,,,-615,,,1.2,img_shu01.png,2
210203,panelOuter,-3274,,,,-377,,,,img_shu01.png,2
210204,panelOuter,-3377,,,,-514,,,,img_shu01.png,2
210205,panelOuter,-3506,,,,-469,,,,img_shu01.png,2
210206,panelOuter,-3112,,,,-430,,,0.9,img_shu02.png,2
210207,panelOuter,-3209,,,,-486,,,,img_shu02.png,2
210208,panelOuter,-3040,,,,-522,,,,img_shu01.png,2
210209,panelOuter,-3122,,,,-595,,,0.8,img_shu02.png,2
210210,panelOuter,-3484,,,,-619,,,,img_shu01.png,2
210211,panelOuter,-3302,,,,-635,,,1.1,img_shu02.png,2
210212,panelOuter,-3181,,,,-737,,,1.3,img_shu01.png,2
210213,panelOuter,-2719,,,,-557,,,1.2,img_shu01.png,2
210214,panelOuter,-2747,,,,-407,,,0.9,img_shu02.png,2
210215,panelOuter,-2590,,,,-481,,,0.8,img_st03.png,2
210216,panelOuter,-3585,,,,-729,,,1.3,img_shu02.png,2
210217,panelOuter,-2783,,,,-928,,,0.9,img_shu01.png,2
210218,panelOuter,-2990,,,,-1041,,,0.9,img_shu01.png,2
210219,panelOuter,-3088,,,,-965,,,0.9,img_shu01.png,2
210220,panelOuter,-2670,,,,-1018,,,1.1,img_shu02.png,2
210221,panelOuter,-2912,,,,-1124,,,1.1,img_shu02.png,2
210222,panelOuter,-3073,,,,-1170,,,0.9,img_shu02.png,2
210223,panelOuter,-3158,,,,-1114,,,,img_shu02.png,2
210224,panelOuter,-3364,,,,-1111,,,0.8,img_shu01.png,2
210225,panelOuter,-3515,,,,-1225,,,,img_shu02.png,2
210226,panelOuter,-3585,,,,-980,,,,img_mt.png,2
210227,panelOuter,-3463,,,,-980,,,,img_mt.png,2
210228,panelOuter,-3463,,,,-1079,,,,img_mt.png,2
210229,panelOuter,-3808,,,,-1063,,,,img_st04.png,2
210230,panelOuter,-4043,,,,-1038,,,1.1,img_shu01.png,2
210231,panelOuter,-3950,,,,-1199,,,,img_shu02.png,2
210232,panelOuter,-3776,,,,-1282,,,0.9,img_dashu.png,2
210233,panelOuter,-3619,,,,-1317,,,0.9,img_shu02.png,2
210234,panelOuter,-3421,,,,-1369,,,1.1,img_shu01.png,2
210235,panelOuter,-3482,,,,-1453,,,0.9,img_shu02.png,2
210236,panelOuter,-3337,,,,-1491,,,0.7,img_sg.png,2
210237,panelOuter,-2920,,,,-1370,,,,img_st02.png,2
210238,panelOuter,-3034,,,,-1276,,,1.1,img_shu01.png,2
210239,panelOuter,-2752,,,,-1177,,,,img_shu02.png,2
210240,panelOuter,-2694,,,,-1460,,,0.8,img_dashu.png,2
210241,panelOuter,-2874,,,,-1518,,,1.1,img_shu01.png,2
210242,panelOuter,-3354,,,,-1816,,,1.3,img_shu01.png,2
210243,panelOuter,-3206,,,,-1718,,,,img_shu02.png,2
210244,panelOuter,-3217,,,,-1896,,,1.3,img_shu01.png,2
210245,panelOuter,-2894,,,,-645,,,,img_mt.png,2
210246,panelOuter,-2766,,,,-742,,,,img_mt.png,2
210247,panelOuter,-2639,,,,-743,,,,img_mt.png,2
210248,panelOuter,-2768,,,,-841,,,,img_mt.png,2
210249,panelOuter,-2638,,,,-842,,,,img_mt.png,2
210250,panelOuter,-2434,,,,-840,,,,img_shu01.png,2
210251,panelOuter,-2395,,,,-945,,,0.8,img_shu02.png,2
210252,panelOuter,-2502,,,,-1034,,,,img_shu02.png,2
210253,panelOuter,-2308,,,,-985,,,,img_shu01.png,2
210254,panelOuter,-2531,,,,-1218,,,0.9,img_shu02.png,2
210255,panelOuter,-2233,,,,-1097,,,,img_shu01.png,2
210256,panelOuter,-2447,,,,-1331,,,,img_shu01.png,2
210257,panelOuter,-2358,,,,-1407,,,1.3,img_shu01.png,2
210258,panelOuter,-2208,,,,-1334,,,0.8,img_shu02.png,2
210259,panelOuter,-2416,,,,-1589,,,1.2,img_shu02.png,2
210260,panelOuter,-2563,,,,-1444,,,1.1,img_shu01.png,2
210261,panelOuter,-2285,,,,-1570,,,0.8,img_cc02.png,2
210262,panelOuter,-2240,,,,-1590,,,0.6,img_cc02.png,2
210263,panelOuter,-2829,,,,-1831,,,0.8,img_cc02.png,2
210264,panelOuter,-2833,,,,-1766,,,,img_mt.png,2
210265,panelOuter,-3072,,,,-1864,,,,img_mt.png,2
210266,panelOuter,-2938,,,,-1867,,,,img_mt.png,2
210267,panelOuter,-2065,,,,-1853,,,,img_shu01.png,2
210268,panelOuter,-1815,,,,-1830,,,1.1,img_shu01.png,2
210269,panelOuter,-1958,,,,-1750,,,1.3,img_shu02.png,2
210270,panelOuter,-1252,,,,-1308,,,,img_shu02.png,2
210271,panelOuter,-1061,,,,-1336,,,0.9,img_dashu.png,2
210272,panelOuter,-1372,,,,-1448,,,1.2,img_shu02.png,2
210273,panelOuter,-895,,,,-1307,,,0.9,img_shu02.png,2
210274,panelOuter,-1325,,,,-1631,,,1.2,img_shu01.png,2
210275,panelOuter,-933,,,,-1628,,,,img_shu02.png,2
210276,panelOuter,-808,,,,-1737,,,0.8,img_sg.png,2
210277,panelOuter,-538,,,,-1667,,,,img_shu01.png,2
210278,panelOuter,-431,,,,-1804,,,,img_shu02.png,2
210279,panelOuter,361,,,,-1536,,,0.8,img_shu02.png,2
210280,panelOuter,290,,,,-1636,,,0.9,img_shu02.png,2
210281,panelOuter,145,,,,-1811,,,,img_shu01.png,2
210282,panelOuter,435,,,,-1651,,,1.1,img_shu01.png,2
210283,panelOuter,561,,,,-1594,,,,img_ks.png,2
210284,panelOuter,848,,,,-1412,,,1.1,img_shu01.png,2
210285,panelOuter,1019,,,,-1325,,,,img_st02.png,2
210286,panelOuter,1002,,,,-1630,,,1.3,img_shu02.png,2
210287,panelOuter,1106,,,,-1536,,,,img_shu02.png,2
210288,panelOuter,1205,,,,-1595,,,0.9,img_shu01.png,2
210289,panelOuter,1228,,,,-1437,,,0.8,img_dashu.png,2
210290,panelOuter,1222,,,,-1221,,,1.1,img_shu02.png,2
210291,panelOuter,714,,,,-1438,,,0.6,img_sg.png,2
210292,panelOuter,1528,,,,-1125,,,0.8,img_shu02.png,2
210293,panelOuter,1365,,,,-1306,,,,img_shu02.png,2
210294,panelOuter,1608,,,,-1217,,,0.9,img_shu02.png,2
210295,panelOuter,1481,,,,-1267,,,0.9,img_shu02.png,2
210296,panelOuter,1583,,,,-1340,,,1.2,img_shu01.png,2
210297,panelOuter,1742,,,,-1304,,,0.6,img_st04.png,2
210298,panelOuter,1932,,,,-1060,,,0.9,img_shu02.png,2
210299,panelOuter,1790,,,,-1028,,,,img_shu01.png,2
210300,panelOuter,1825,,,,-1167,,,0.7,img_shu01.png,2
210301,panelOuter,1910,,,,-1217,,,0.9,img_shu02.png,2
210302,panelOuter,2075,,,,-1217,,,1.1,img_shu02.png,2
210303,panelOuter,2077,,,,-1219,,,1.1,img_shu02.png,2
210304,panelOuter,1930,,,,-1447,,,0.9,img_shu01.png,2
210305,panelOuter,1819,,,,-1520,,,1.1,img_shu01.png,2
210306,panelOuter,2007,,,,-1540,,,,img_shu02.png,2
210307,panelOuter,1892,,,,-1669,,,0.9,img_shu01.png,2
210308,panelOuter,1595,,,,-1653,,,1.1,img_shu01.png,2
210309,panelOuter,1989,,,,-1808,,,1.2,img_shu02.png,2
210310,panelOuter,2026,,,,-884,,,,img_mt.png,2
210311,panelOuter,2155,,,,-991,,,,img_mt.png,2
210312,panelOuter,2289,,,,-992,,,,img_mt.png,2
210313,panelOuter,2024,,,,-988,,,,img_mt.png,2
210314,panelOuter,2157,,,,-1085,,,,img_mt.png,2
210315,panelOuter,2288,,,,-1097,,,,img_mt.png,2
210316,panelOuter,2256,,,,-808,,,,img_dashu.png,2
210317,panelOuter,2703,,,,-436,,,0.7,img_shu02.png,2
210318,panelOuter,2850,,,,-425,,,1.1,img_shu02.png,2
210319,panelOuter,2787,,,,-551,,,,img_shu01.png,2
210320,panelOuter,2920,,,,-569,,,0.7,img_cc02.png,2
210321,panelOuter,2960,,,,-598,,,0.4,img_cc02.png,2
210322,panelOuter,2630,,,,-580,,,,img_mt.png,2
210323,panelOuter,2632,,,,-682,,,,img_mt.png,2
210324,panelOuter,2502,,,,-684,,,,img_mt.png,2
210325,panelOuter,2633,,,,-765,,,,img_shu01.png,2
210326,panelOuter,2706,,,,-907,,,0.8,img_shu01.png,2
210327,panelOuter,2845,,,,-916,,,0.9,img_shu02.png,2
210328,panelOuter,2750,,,,-1012,,,0.9,img_shu02.png,2
210329,panelOuter,2631,,,,-1078,,,,img_shu01.png,2
210330,panelOuter,2682,,,,-1234,,,,img_shu02.png,2
210331,panelOuter,2413,,,,-1164,,,1.2,img_shu02.png,2
210332,panelOuter,3057,,,,-798,,,,img_shu01.png,2
210333,panelOuter,2468,,,,-1547,,,,img_shu02.png,2
210334,panelOuter,2332,,,,-1491,,,0.8,img_shu01.png,2
210335,panelOuter,3012,,,,-943,,,0.9,img_shu02.png,2
210336,panelOuter,2918,,,,-998,,,0.7,img_shu02.png,2
210337,panelOuter,2981,,,,-1125,,,1.1,img_shu01.png,2
210338,panelOuter,2910,,,,-1260,,,0.9,img_shu02.png,2
210339,panelOuter,2805,,,,-1394,,,1.5,img_shu01.png,2
210340,panelOuter,3079,,,,-1315,,,0.9,img_shu02.png,2
210341,panelOuter,3160,,,,-1393,,,1.1,img_shu02.png,2
210342,panelOuter,2960,,,,-1507,,,,img_st02.png,2
210343,panelOuter,2791,,,,-1589,,,,img_ks.png,2
210344,panelOuter,3201,,,,-1595,,,0.8,img_dashu.png,2
210345,panelOuter,3071,,,,-1660,,,0.9,img_shu02.png,2
210346,panelOuter,2980,,,,-1760,,,1.1,img_shu02.png,2
210347,panelOuter,3140,,,,-1844,,,1.5,img_shu01.png,2
210348,panelOuter,3365,,,,-1854,,,,img_shu01.png,2
210349,panelOuter,3237,,,,-1271,,,,img_mt.png,2
210350,panelOuter,3289,,,,-1274,,,,img_mt.png,2
210351,panelOuter,3327,,,,-1371,,,,img_mt.png,2
210352,panelOuter,3329,,,,-1466,,,,img_mt.png,2
210353,panelOuter,3456,,,,-1370,,,,img_mt.png,2
210354,panelOuter,3581,,,,-1372,,,,img_mt.png,2
210355,panelOuter,3584,,,,-1272,,,,img_mt.png,2
210356,panelOuter,4074,,,,-1294,,,1.2,img_shu01.png,2
210357,panelOuter,3438,,,,-1467,,,0.8,img_sg.png,2
210358,panelOuter,3678,,,,-1517,,,1.1,img_shu01.png,2
210359,panelOuter,3705,,,,-1386,,,0.9,img_shu02.png,2
210360,panelOuter,3415,,,,-1019,,,,img_shu01.png,2
210361,panelOuter,3335,,,,-1125,,,0.8,img_shu02.png,2
210362,panelOuter,3435,,,,-1196,,,0.9,img_shu02.png,2
210363,panelOuter,3576,,,,-1162,,,0.7,img_cc02.png,2
210364,panelOuter,3700,,,,-1002,,,1.2,img_shu01.png,2
210365,panelOuter,3831,,,,-1094,,,0.9,img_shu01.png,2
210366,panelOuter,3601,,,,-832,,,,img_dashu.png,2
210367,panelOuter,3859,,,,-806,,,,img_sg.png,2
210368,panelOuter,2560,,,,-1041,,,,img_st01.png,2
210369,panelOuter,4078,,,,-565,,,,img_st01.png,2
210370,panelOuter,3733,,,,-343,,,0.9,img_shu01.png,2
210371,panelOuter,3588,,,,-357,,,1.1,img_shu02.png,2
210372,panelOuter,3698,,,,-489,,,,img_shu02.png,2
210373,panelOuter,3676,,,,-675,,,1.1,img_shu02.png,2
210374,panelOuter,3898,,,,-276,,,1.1,img_shu01.png,2
210375,panelOuter,3980,,,,-409,,,0.9,img_shu01.png,2
210376,panelOuter,3849,,,,-447,,,0.9,img_shu02.png,2
210377,panelOuter,3948,,,,-571,,,,img_cc01.png,2
210378,panelOuter,3659,,,,39,,,1.1,img_shu02.png,2
210379,panelOuter,3460,,,,193,,,0.9,img_shu02.png,2
210380,panelOuter,3460,,,,-231,,,0.6,img_sg.png,2
210381,panelOuter,3879,,,,169,,,,img_mt.png,2
210382,panelOuter,3879,,,,66,,,,img_mt.png,2
210383,panelOuter,3746,,,,67,,,,img_mt.png,2
210384,panelOuter,4011,,,,-27,,,,img_mt.png,2
210385,panelOuter,3779,,,,382,,,,img_st02.png,2
210386,panelOuter,446,,,,1855,,,1.2,img_shu01.png,2
210387,panelOuter,580,,,,1754,,,1.1,img_shu02.png,2
210388,panelOuter,1253,,,,1859,,,0.9,img_shu02.png,2
210389,panelOuter,1146,,,,1758,,,0.9,img_cc02.png,2
210390,panelOuter,-378,,,,1715,,,,img_shu01.png,2
210391,panelOuter,-570,,,,1592,,,,img_cc01.png,2
210392,panelOuter,120,,,,1632,,,1.1,img_shu02.png,2
210393,panelOuter,249,,,,1622,,,,img_shu01.png,2
210394,panelOuter,144,,,,1508,,,0.9,img_shu02.png,2
210395,panelOuter,413,,,,1357,,,,img_shu01.png,2
210396,panelOuter,910,,,,1345,,,,img_mt.png,2
210397,panelOuter,1020,,,,1559,,,,img_mt.png,2
210398,panelOuter,1151,,,,1558,,,,img_mt.png,2
210399,panelOuter,1018,,,,1452,,,,img_mt.png,2
210400,panelOuter,1152,,,,1456,,,,img_mt.png,2
210401,panelOuter,1517,,,,1507,,,,img_st02.png,2
210402,panelOuter,1335,,,,1614,,,1.3,img_shu01.png,2
210403,panelOuter,1593,,,,1667,,,0.9,img_shu01.png,2
210404,panelOuter,1709,,,,1614,,,1.1,img_shu02.png,2
210405,panelOuter,1302,,,,1484,,,,img_shu02.png,2
210406,panelOuter,1801,,,,1407,,,0.8,img_dashu.png,2
210407,panelOuter,1605,,,,1347,,,,img_ks.png,2
210408,panelOuter,1387,,,,1342,,,0.8,img_shu01.png,2
210409,panelOuter,1472,,,,1291,,,1.1,img_shu02.png,2
210410,panelOuter,2479,,,,1859,,,,img_shu02.png,2
210411,panelOuter,2042,,,,1638,,,0.9,img_shu02.png,2
210412,panelOuter,2069,,,,1488,,,0.9,img_shu01.png,2
210413,panelOuter,2572,,,,1535,,,,img_dashu.png,2
210414,panelOuter,2659,,,,1397,,,1.1,img_shu01.png,2
210415,panelOuter,2486,,,,1307,,,0.8,img_shu01.png,2
210416,panelOuter,2850,,,,1382,,,,img_ks.png,2
210417,panelOuter,3109,,,,1391,,,,img_shu02.png,2
210418,panelOuter,3657,,,,1881,,,,img_shu01.png,2
210419,panelOuter,3449,,,,1567,,,,img_shu01.png,2
210420,panelOuter,3374,,,,1481,,,0.8,img_shu01.png,2
210421,panelOuter,3751,,,,1511,,,0.8,img_shu01.png,2
210422,panelOuter,3845,,,,1391,,,,img_shu02.png,2
210423,panelOuter,3697,,,,1415,,,0.8,img_shu01.png,2
210424,panelOuter,3435,,,,1281,,,,img_shu02.png,2
210425,panelOuter,3368,,,,1181,,,1.2,img_shu02.png,2
210426,panelOuter,3526,,,,1123,,,,img_shu01.png,2
210427,panelOuter,3636,,,,1017,,,,img_shu01.png,2
210428,panelOuter,3245,,,,1059,,,,img_shu02.png,2
210429,panelOuter,3135,,,,1024,,,,img_shu01.png,2
210430,panelOuter,3206,,,,937,,,,img_shu01.png,2
210431,panelOuter,2876,,,,1091,,,,img_shu02.png,2
210432,panelOuter,3652,,,,874,,,,img_cc02.png,2
210433,panelOuter,2493,,,,1143,,,0.8,img_shu02.png,2
210434,panelOuter,2635,,,,1171,,,1.2,img_shu01.png,2
210435,panelOuter,2206,,,,1206,,,0.8,img_shu02.png,2
210436,panelOuter,2098,,,,1158,,,0.9,img_shu01.png,2
210437,panelOuter,2225,,,,1079,,,1.2,img_shu01.png,2
210438,panelOuter,2409,,,,1105,,,,img_shu02.png,2
210439,panelOuter,2439,,,,978,,,,img_shu02.png,2
210440,panelOuter,2545,,,,885,,,0.8,img_shu01.png,2
210441,panelOuter,2404,,,,784,,,,img_shu02.png,2
210442,panelOuter,1924,,,,1198,,,1.1,img_shu02.png,2
210443,panelOuter,1995,,,,1081,,,0.7,img_shu01.png,2
210444,panelOuter,2250,,,,894,,,,img_st02.png,2
210445,panelOuter,2761,,,,1009,,,0.6,img_sg.png,2
210446,panelOuter,2748,,,,852,,,1.1,img_shu02.png,2
210447,panelOuter,3210,,,,315,,,,img_shu01.png,2
210448,panelOuter,3133,,,,547,,,,img_shu02.png,2
210449,panelOuter,3064,,,,364,,,,img_shu02.png,2
210450,panelOuter,3297,,,,469,,,1.2,img_shu02.png,2
210451,panelOuter,3470,,,,484,,,,img_shu02.png,2
210452,panelOuter,3628,,,,519,,,1.2,img_shu01.png,2
210453,panelOuter,2925,,,,291,,,0.9,img_shu01.png,2
210454,panelOuter,3563,,,,343,,,1.3,img_shu02.png,2
210455,panelOuter,3881,,,,599,,,0.8,img_shu01.png,2
210456,panelOuter,4002,,,,491,,,1.2,img_shu02.png,2
210457,panelOuter,4022,,,,291,,,0.8,img_dashu.png,2
210458,panelOuter,4058,,,,189,,,1.2,img_shu02.png,2
210459,panelOuter,3212,,,,1229,,,,img_mt.png,2
210460,panelOuter,3211,,,,1129,,,,img_mt.png,2
210461,panelOuter,3076,,,,1135,,,,img_mt.png,2
210462,panelOuter,2958,,,,1136,,,,img_mt.png,2
210463,panelOuter,-1950,,,,-1122,,,,img_gsp.png,2
210464,panelOuter,-2050,,,,-882,,,,img_mt.png,2
210465,panelOuter,-2032,,,,-979,,,0.8,img_shu01.png,2
210466,panelOuter,-3338,,,,-789,,,0.8,img_cc02.png,2
210467,panelOuter,-1746,,,,-1586,,,0.8,img_cc01.png,2
210468,panelOuter,-3885,,,,375,,,,img_st01.png,2
210469,panelOuter,-2634,,,,1297,,,1.1,img_shu01.png,2
210470,panelOuter,-2608,,,,1085,,,0.8,img_shu02.png,2
210471,panelOuter,-2529,,,,1021,,,0.9,img_shu01.png,2
210472,panelOuter,-2447,,,,816,,,,img_cc01.png,2
210473,panelOuter,1056,,,,1425,,,0.9,img_shu01.png,2
210474,panelOuter,-3484,,,,1350,,,,img_ks.png,2
210475,panelOuter,-1772,,,,-1716,,,0.8,img_st03.png,2
210476,panelOuter,-1549,,,,1324,,,0.9,img_shu01.png,2
210477,panelOuter,-2088,,,,913,,,0.8,img_shu01.png,2
210478,panelOuter,-2272,,,,736,,,,img_mt.png,2
210479,panelOuter,-2140,,,,731,,,,img_mt.png,2
210480,panelOuter,-2783,,,,305,,,0.7,img_shu02.png,2
210481,panelOuter,-2730,,,,388,,,0.4,img_sg.png,2
210482,panelOuter,-399,,,,1422,,,0.7,img_shu01.png,2
210483,panelOuter,-494,,,,1366,,,0.9,img_shu02.png,2
210484,panelOuter,-3644,,,,1613,,,0.9,img_shu01.png,2
210485,panelOuter,-3810,,,,1628,,,,img_sg.png,2
210486,panelOuter,-845,,,,1841,,,,img_shu02.png,2
210487,panelOuter,898,,1,,1097,,,0,img_ssq01.png,2
210488,panelOuter,2006,,,,1270,,,0.8,img_shu02.png,2
210489,panelOuter,1180,,,,1323,,,,img_shu01.png,2
210490,panelOuter,1139,,,,1188,,,0.8,img_shu02.png,2
210491,panelOuter,1083,,,,1313,,,0.8,img_shu02.png,2
210492,panelOuter,2748,,,,1245,,,1.1,img_shu02.png,2
210493,panelOuter,2133,,,,776,,,0.8,img_shu01.png,2
210494,panelOuter,4072,,,,1214,,,1.2,img_shu01.png,2
210495,panelOuter,2158,,,,-887,,,0.9,img_cc01.png,2
210496,panelOuter,1742,,,,-1369,,,0.8,img_cc01.png,2
210497,panelOuter,2842,,,,-1085,,,0.8,img_shu01.png,2
210498,panelOuter,1308,,,,-1688,,,0.6,img_cc02.png,2
210499,panelOuter,1783,,,,-1664,,,0.7,img_cc02.png,2
210500,panelOuter,5,,,,1446,,,,img_ssq02.png,2
210501,panelOuter,2132,,,,-1233,,,,img_ys.png,2
210502,panelOuter,-969,,,,1433,,,0.8,img_sg.png,2
210503,panelOuter,-813,,,,1536,,,0.6,img_sg.png,2
210504,panelOuter,-899,,,,1421,,,0.5,img_sg.png,2
210505,panelOuter,-1956,,,,912,,,0.6,img_sg.png,2
210506,panelOuter,-1903,,,,1376,,,0.8,img_sg.png,2
210507,panelOuter,-3274,,,,960,,,0.6,img_sg.png,2
210508,panelOuter,-2988,,,,371,,,0.6,img_sg.png,2
210509,panelOuter,-3579,,,,210,,,0.6,img_sg.png,2
210510,panelOuter,-3727,,,,553,,,0.6,img_sg.png,2
210511,panelOuter,-2636,,,,1495,,,0.6,img_sg.png,2
210512,panelOuter,-437,,,,1597,,,0.5,img_sg.png,2
210513,panelOuter,-1558,,,,-1000,,,0.6,img_sg.png,2
210514,panelOuter,-2802,,,,-1049,,,0.6,img_sg.png,2
210515,panelOuter,-1082,,,,-1204,,,0.9,img_shu01.png,2
210516,panelOuter,-2069,,,,-1401,,,,img_mt.png,2
210517,panelOuter,-2170,,,,-1501,,,,img_mt.png,2
210518,panelOuter,-1192,,,,-1556,,,0.7,img_sg.png,2
210519,panelOuter,-1255,,,,-1565,,,0.5,img_sg.png,2
210520,panelOuter,-2177,,,,-822,,,0.8,img_sg.png,2
210521,panelOuter,-2354,,,,-717,,,0.5,img_sg.png,2
210522,panelOuter,-3236,,,,-1257,,,0.6,img_sg.png,2
210523,panelOuter,-3344,,,,-1542,,,0.6,img_sg.png,2
210524,panelOuter,-3314,,,,-837,,,0.6,img_sg.png,2
210525,panelOuter,-1843,,,,-1073,,,1.2,img_shu01.png,2
210526,panelOuter,-1759,,,,-1353,,,,img_shu02.png,2
210527,panelOuter,-3676,,,,-285,,,0.6,img_sg.png,2
210528,panelOuter,-3332,,,,-978,,,,img_mt.png,2
210529,panelOuter,-3208,,,,-1076,,,,img_mt.png,2
210530,panelOuter,-3335,,,,-1078,,,,img_mt.png,2
210531,panelOuter,-2990,,,,-1678,,,0.7,img_sg.png,2
210532,panelOuter,-2218,,,,-1684,,,0.6,img_sg.png,2
210533,panelOuter,-2673,,,,-1880,,,0.8,img_sg.png,2
210534,panelOuter,-366,,,,-1684,,,0.6,img_sg.png,2
210535,panelOuter,-2069,,,,-1500,,,,img_mt.png,2
210536,panelOuter,845,,,,1270,,,0.6,img_sg.png,2
210537,panelOuter,1666,,,,922,,,0.5,img_sg.png,2
210538,panelOuter,2177,,,,1464,,,0.7,img_sg.png,2
210539,panelOuter,2002,,,,936,,,0.5,img_sg.png,2
210540,panelOuter,1980,,,,886,,,0.4,img_sg.png,2
210541,panelOuter,3518,,,,980,,,0.6,img_sg.png,2
210542,panelOuter,3425,,,,1034,,,0.5,img_sg.png,2
210543,panelOuter,3830,,,,812,,,,img_shu02.png,2
210544,panelOuter,3147,,,,809,,,0.6,img_sg.png,2
210545,panelOuter,3523,,,,665,,,,img_shu02.png,2
210546,panelOuter,3411,,,,339,,,0.8,img_sg.png,2
210547,panelOuter,3481,,,,936,,,0.7,img_sg.png,2
210548,panelOuter,-1195,,,,-1748,,,0.7,img_sg.png,2
210549,panelOuter,3160,,,,448,,,0.8,img_shu01.png,2
210550,panelOuter,3530,,,,-500,,,0.7,img_sg.png,2
210551,panelOuter,3482,,,,-533,,,0.7,img_sg.png,2
210552,panelOuter,3844,,,,-1230,,,0.9,img_sg.png,2
210553,panelOuter,543,,,,-1349,,,0.6,img_sg.png,2
210554,panelOuter,730,,,,-1387,,,0.5,img_sg.png,2
210555,panelOuter,2536,,,,-875,,,0.4,img_sg.png,2
210556,panelOuter,2651,,,,-1368,,,0.6,img_sg.png,2
210557,panelOuter,1326,,,,-1638,,,0.7,img_sg.png,2
210558,panelOuter,2279,,,,-1606,,,0.5,img_sg.png,2
210559,panelOuter,133,,,,-1403,,,0.7,img_sg.png,2
210560,panelOuter,2608,,,,-1871,,,0.9,img_sg.png,2
210561,panelOuter,1720,,,,-1147,,,0.6,img_sg.png,2
210562,panelOuter,1456,,,,-1439,,,0.5,img_sg.png,2
210563,panelOuter,-2354,,,1,553,,,,img_lth.png,2
210564,panelOuter,-1139,,,1,1144,,,,img_ltl.png,2
210565,panelOuter,-2264,,,1,608,,,,img_lth.png,2
210566,panelOuter,-2173,,1,0,802,,,,img_qz.png,2
210567,panelOuter,-1736,,,,903,,,,img_ltl.png,2
210568,panelOuter,-1024,,1,0,1343,,,,img_qz.png,2
210569,panelOuter,-2243,,,,-639,,,,img_lth.png,2
210570,panelOuter,-2164,,,,-676,,,,img_ltl.png,2
210571,panelOuter,-1345,,,,-1048,,,,img_lth.png,2
210572,panelOuter,-316,,,,-1291,,,,img_lz01.png,2
210573,panelOuter,277,,,,-1287,,,,img_lz01.png,2
210574,panelOuter,1665,,,,-935,,,,img_ltl.png,2
210575,panelOuter,2522,,,,-453,,,,img_ltl.png,2
210576,panelOuter,1014,,,,1195,,,,img_ltl.png,2
210577,panelOuter,2296,,,1,599,,,,img_lth.png,2
210578,panelOuter,2229,,,1,640,,,,img_ltl.png,2
210579,panelOuter,2114,,,0,824,,,,img_qz.png,2
210580,panelOuter,1857,,,,-1368,,,0.8,img_shu02.png,2
210581,panelOuter,913,,,,-1271,,,,img_cc02.png,2
210582,panelOuter,1080,,,,-1135,,,0.6,img_sg.png,2
210583,panelOuter,-1411,,,,1503,,,0.7,img_shu02.png,2
210584,panelOuter,-2531,,,,1418,,,0.7,img_shu01.png,2
210585,panelOuter,-3178,,,,-1274,,,0.8,img_cc01.png,2
210586,panelOuter,2747,,,,-1162,,,0.7,img_shu02.png,2
210587,panelOuter,2836,,,,-1205,,,0.7,img_shu02.png,2
210588,panelOuter,3175,,,,702,,,0.8,img_shu01.png,2
210589,panelOuter,3569,,,,1287,,,0.8,img_shu01.png,2
210590,panelOuter,2549,,,,1235,,,0.8,img_shu01.png,2
210591,panelOuter,2402,,,,1220,,,0.8,img_shu02.png,2
210592,panelOuter,1956,,,,1517,,,0.8,img_shu01.png,2
210593,panelOuter,2197,,,,1419,,,0.5,img_cc02.png,2
210594,panelOuter,-2118,,,,1251,,,,img_cc01.png,2
210595,panelOuter,-2746,,,,1665,,,0.7,img_shu01.png,2
210596,panelOuter,-2732,,,,1536,,,0.7,img_shu02.png,2
210597,panelOuter,-3567,,,,365,,,0.7,img_cc02.png,2
210598,panelOuter,-3236,,,,158,,,0.7,img_shu02.png,2
210599,panelOuter,-3400,,,,319,,,0.9,img_shu01.png,2
210600,panelOuter,985,,,,1275,,,0.8,img_shu01.png,2
210601,panelOuter,3705,,,,767,,,0.8,img_shu01.png,2
210602,panelOuter,3786,,,,677,,,0.6,img_cc02.png,2
210603,panelOuter,3794,,,,565,,,0.6,img_shu02.png,2
210604,panelOuter,3753,,,,186,,,,img_cc01.png,2
210605,panelOuter,3840,,,,-129,,,0.8,img_shu02.png,2
210606,panelOuter,4067,,,,-335,,,0.8,img_sg.png,2
210607,panelOuter,3290,,,,-1549,,,,img_shu02.png,2
210608,panelOuter,-1159,,,,-1452,,,0.9,img_shu01.png,2
210609,panelOuter,-1605,,,,-1091,,,0.8,img_shu01.png,2
210610,panelOuter,-2628,,,,-1157,,,0.9,img_shu01.png,2
210611,panelOuter,-3746,,,,-924,,,,img_shu01.png,2
210612,panelOuter,-3753,,,,-804,,,0.9,img_shu02.png,2
210613,panelOuter,2775,,,,1124,,,0.8,img_shu01.png,2
210614,panelOuter,2277,,,,1312,,,0.9,img_shu02.png,2
210615,panelOuter,1774,,,,967,,,0.8,img_shu02.png,2
210616,panelOuter,3659,,,,235,,,0.9,img_shu01.png,2
210617,panelOuter,3664,,,,-247,,,0.7,img_shu02.png,2
210618,panelOuter,3802,,,,-571,,,0.9,img_shu01.png,2
210619,panelOuter,3547,,,,-660,,,0.8,img_shu01.png,2
210620,panelOuter,3303,,,,-795,,,,img_shu01.png,2
210621,panelOuter,2950,,,,-849,,,0.7,img_shu02.png,2
210622,panelOuter,-2961,,,,-1764,,,,img_mt.png,2
210623,panelOuter,-1938,,,,-1400,,,,img_mt.png,2
210624,panelOuter,-1599,,,,-1399,,,,img_mt.png,2
210625,panelOuter,-1466,,,,-1402,,,,img_mt.png,2
210626,panelOuter,-1598,,,,-1501,,,,img_mt.png,2
210627,panelOuter,-1467,,,,-1299,,,,img_mt.png,2
210628,panelOuter,-2895,,,,-740,,,,img_mt.png,2
210629,panelOuter,-3412,,,,-877,,,,img_mt.png,2
210630,panelOuter,-3674,,,,380,,,,img_mt.png,2
210631,panelOuter,3031,,,,1036,,,,img_mt.png,2
210632,panelOuter,2765,,,,-734,,,,img_mt.png,2
210633,panelOuter,2897,,,,-735,,,,img_mt.png,2
210634,panelOuter,2898,,,,-831,,,,img_mt.png,2
210635,panelOuter,1644,,,,-1081,,,,img_mt.png,2
210636,panelOuter,-2271,,,,835,,,,img_mt.png,2
210637,panelOuter,2129,,,,1285,,,,img_mt.png,2
210638,panelOuter,-2922,,,,1434,,,,img_mt.png,2
210639,panelOuter,-2494,,,,1334,,,0.8,img_shu02.png,2
210640,panelOuter,2082,,,,1060,,,0.8,img_shu02.png,2
210641,panelOuter,3087,,,,668,,,0.8,img_shu02.png,2
210642,panelOuter,4119,,,,-394,,,0.9,img_shu02.png,2
210643,panelOuter,3564,,,,-1450,,,0.9,img_shu02.png,2
210644,panelOuter,2766,,,,-816,,,0.9,img_shu02.png,2
210645,panelOuter,1776,,,,-1237,,,0.8,img_shu01.png,2
210646,panelOuter,2043,,,,-1634,,,0.8,img_shu01.png,2
210647,panelOuter,-1678,,,,-974,,,0.9,img_shu02.png,2
210648,panelOuter,-2313,,,,-848,,,0.8,img_shu02.png,2
210649,panelOuter,-3032,,,,319,,,0.6,img_sg.png,2
210650,panelOuter,-2370,,,,-759,,,0.6,img_sg.png,2
210651,panelOuter,-2724,,,,-1330,,,0.9,img_shu01.png,2
210652,panelOuter,-2219,,,,1237,,,0.8,img_shu01.png,2
210653,panelOuter,2309,,,,1156,,,0.8,img_shu01.png,2
210654,panelOuter,1020,,,,-1470,,,0.8,img_shu01.png,2
210655,panelOuter,-1261,,,,-1415,,,0.8,img_shu01.png,2
210656,panelOuter,-559,,,,-1349,,,0.8,img_shu01.png,2
210657,panelOuter,-1340,,,,-1248,,,0.8,img_shu01.png,2
210658,panelOuter,1443,,,,-1076,,,,img_shu01.png,2
210659,panelOuter,1308,,,,-1205,,,0.8,img_shu01.png,2
210660,panelOuter,-1058,,,,1295,,,0.9,img_shu01.png,2
210661,panelOuter,-926,,,,1257,,,0.7,img_shu02.png,2
210662,panelOuter,-967,,,,1347,,,0.7,img_shu02.png,2
210663,panelOuter,-570,,,,1436,,,0.8,img_shu01.png,2
210664,panelOuter,-820,,,,1491,,,0.5,img_sg.png,2
210665,panelOuter,755,,,,1545,,,0.9,img_shu02.png,2
210666,panelOuter,-3608,,,,-387,,,0.8,img_shu02.png,2
210667,panelOuter,-3432,,,,-168,,,0.8,img_shu02.png,2
210668,panelOuter,-3576,,,,-153,,,0.5,img_sg.png,2
210669,panelOuter,2559,,,,-1482,,,0.8,img_sg.png,2
210670,panelOuter,-2437,,,,1680,,,,img_shu02.png,2
210671,panelOuter,-2534,,,,1539,,,0.8,img_shu01.png,2
210672,panelOuter,-2853,,,,1117,,,,img_shu02.png,2
210673,panelOuter,-3081,,,,1105,,,0.8,img_shu01.png,2
210674,panelOuter,-3381,,,,958,,,,img_shu02.png,2
210675,panelOuter,-2686,,,,1160,,,0.9,img_shu02.png,2
210676,panelOuter,-1758,,,,1541,,,0.8,img_shu01.png,2
210677,panelOuter,-1589,,,,1563,,,0.8,img_shu02.png,2
210678,panelOuter,-2045,,,,1219,,,0.8,img_shu01.png,2
210679,panelOuter,-1936,,,,1130,,,0.9,img_shu02.png,2
210680,panelOuter,-1869,,,,1212,,,0.8,img_shu01.png,2
210681,panelOuter,-352,,,,1334,,,,img_shu02.png,2
210682,panelOuter,242,,,,1522,,,,img_shu02.png,2
210683,panelOuter,1398,,,,1481,,,0.8,img_shu01.png,2
210684,panelOuter,1655,,,,1481,,,,img_shu02.png,2
210685,panelOuter,1816,,,,1308,,,,img_shu01.png,2
210686,panelOuter,2115,,,,955,,,,img_shu02.png,2
210687,panelOuter,2012,,,,1412,,,0.9,img_shu02.png,2
210688,panelOuter,2526,,,,1359,,,,img_shu02.png,2
210689,panelOuter,2944,,,,1295,,,0.8,img_shu01.png,2
210690,panelOuter,1513,,,,1249,,,,img_skth.png,2
210691,panelOuter,2743,,,,642,,,,img_skth.png,2
210692,panelOuter,3246,,,,580,,,,img_shu02.png,2
210693,panelOuter,3380,,,,564,,,,img_shu01.png,2
210694,panelOuter,3593,,,,746,,,,img_shu01.png,2
210695,panelOuter,3714,,,,592,,,0.9,img_shu02.png,2
210696,panelOuter,3424,,,,855,,,0.9,img_shu01.png,2
210697,panelOuter,3434,,,,-116,,,0.9,img_shu01.png,2
210698,panelOuter,4015,,,,-221,,,,img_shu02.png,2
210699,panelOuter,3392,,,,-458,,,0.8,img_shu02.png,2
210700,panelOuter,3532,,,,-930,,,0.9,img_shu02.png,2
210701,panelOuter,3545,,,,-1060,,,0.9,img_shu02.png,2
210702,panelOuter,3038,,,,-624,,,0.9,img_shu02.png,2
210703,panelOuter,3309,,,,-974,,,0.9,img_shu02.png,2
210704,panelOuter,3243,,,,-921,,,0.8,img_shu01.png,2
210705,panelOuter,2696,,,,-1652,,,0.9,img_shu02.png,2
210706,panelOuter,2624,,,,-1535,,,,img_shu01.png,2
210707,panelOuter,2862,,,,-1728,,,0.6,img_sg.png,2
210708,panelOuter,2302,,,,-1221,,,0.9,img_shu01.png,2
210709,panelOuter,2446,,,,-1355,,,1.1,img_shu02.png,2
210710,panelOuter,2397,,,,-764,,,,img_shu01.png,2
210711,panelOuter,2304,,,,-690,,,1.2,img_shu02.png,2
210712,panelOuter,2180,,,,-754,,,1.1,img_shu01.png,2
210713,panelOuter,2538,,,,-1303,,,0.9,img_shu01.png,2
210714,panelOuter,2087,,,,-1481,,,0.9,img_shu02.png,2
210715,panelOuter,1722,,,,-1451,,,0.9,img_shu02.png,2
210716,panelOuter,1409,,,,-1193,,,0.9,img_shu01.png,2
210717,panelOuter,1269,,,,-1521,,,0.8,img_shu02.png,2
210718,panelOuter,-293,,,,-1509,,,0.9,img_shu02.png,2
210719,panelOuter,449,,,,-1354,,,0.9,img_shu01.png,2
210720,panelOuter,-1027,,,,-1502,,,,img_shu02.png,2
210721,panelOuter,-913,,,,-1475,,,0.8,img_shu01.png,2
210722,panelOuter,-1509,,,,-1150,,,0.9,img_shu02.png,2
210723,panelOuter,-1567,,,,-1245,,,0.6,img_cc01.png,2
210724,panelOuter,-1366,,,,-1160,,,0.8,img_shu02.png,2
210725,panelOuter,-1449,,,,-1065,,,0.9,img_shu01.png,2
210726,panelOuter,-758,,,,-1372,,,0.8,img_shu02.png,2
210727,panelOuter,-1172,,,,-1213,,,0.8,img_shu02.png,2
210728,panelOuter,-1273,,,,-1213,,,0.8,img_shu02.png,2
210729,panelOuter,-2182,,,,-893,,,,img_shu02.png,2
210730,panelOuter,-2502,,,,-758,,,0.8,img_shu02.png,2
210731,panelOuter,-2562,,,,-912,,,,img_shu01.png,2
210732,panelOuter,-2620,,,,-1568,,,0.9,img_shu02.png,2
210733,panelOuter,-2485,,,,-1532,,,0.9,img_shu02.png,2
210734,panelOuter,-2766,,,,-1582,,,0.9,img_shu01.png,2
210735,panelOuter,-2664,,,,-1681,,,1.1,img_shu01.png,2
210736,panelOuter,-3226,,,,-1592,,,1.1,img_shu01.png,2
210737,panelOuter,-3080,,,,-1625,,,0.8,img_shu02.png,2
210738,panelOuter,-3513,,,,-1347,,,0.9,img_shu02.png,2
210739,panelOuter,-3600,,,,-1068,,,0.9,img_shu02.png,2
210740,panelOuter,-2855,,,,-476,,,0.9,img_shu02.png,2
210741,panelOuter,-3890,,,,-917,,,1.1,img_shu02.png,2
210742,panelOuter,-3773,,,,-725,,,1.2,img_shu01.png,2
210743,panelOuter,-3681,,,,-626,,,0.9,img_shu02.png,2
210744,panelOuter,-3748,,,,-304,,,0.8,img_shu01.png,2
210745,panelOuter,-3427,,,,57,,,0.9,img_shu01.png,2
210746,panelOuter,-3307,,,,35,,,,img_shu02.png,2
210747,panelOuter,-3916,,,,-44,,,0.4,img_sg.png,2
210748,panelOuter,-3880,,,,-3,,,0.4,img_sg.png,2
210749,panelOuter,-3861,,,,-32,,,0.5,img_sg.png,2
210750,panelOuter,-3533,,,,170,,,0.9,img_shu02.png,2
210751,panelOuter,-3222,,,,470,,,0.8,img_shu02.png,2
210752,panelOuter,-3557,,,,523,,,0.9,img_shu02.png,2
210753,panelOuter,-3250,,,,696,,,0.9,img_shu01.png,2
210754,panelOuter,-3542,,,,781,,,0.9,img_shu02.png,2
210755,panelOuter,-2546,,,,-503,,,0.9,img_shu02.png,2
210756,panelOuter,-2724,,,,648,,,,img_sktl.png,2
210757,panelOuter,-1502,,,,1254,,,,img_sktl.png,2
210758,panelOuter,-2854,,,,388,,,0.9,img_shu01.png,2
210759,panelOuter,-3308,,,,1054,,,0.7,img_shu01.png,2
210760,panelOuter,-3076,,,,826,,,0.8,img_shu01.png,2
210761,panelOuter,-3503,,,,972,,,0.8,img_shu02.png,2
210762,panelOuter,-3805,,,,510,,,0.7,img_shu02.png,2
210763,panelOuter,-2171,,,,963,,,0.8,img_shu02.png,2
210764,panelOuter,-1666,,,,1010,,,0.8,img_shu01.png,2
210765,panelOuter,-2357,,,,695,,,0.9,img_shu02.png,2
210766,panelOuter,-1155,,,,1272,,,0.8,img_shu02.png,2
210767,panelOuter,1927,,,,1342,,,0.8,img_shu01.png,2
210768,panelOuter,1862,,,,1865,,,,img_shu01.png,2
210769,panelOuter,872,,,,1481,,,0.9,img_shu01.png,2
210770,panelOuter,3022,,,,1413,,,0.8,img_shu01.png,2
210771,panelOuter,2440,,,,1585,,,,img_shu01.png,2
210772,panelOuter,3025,,,,1221,,,0.6,img_cc01.png,2
210773,panelOuter,2857,,,,1239,,,0.8,img_shu02.png,2
210774,panelOuter,3154,,,,-883,,,,img_shu02.png,2
210775,panelOuter,3415,,,,-863,,,0.8,img_shu01.png,2
210776,panelOuter,3583,,,,-214,,,,img_shu01.png,2
210777,panelOuter,3585,,,,-543,,,0.8,img_shu01.png,2
210778,panelOuter,3329,,,,-840,,,0.8,img_shu02.png,2
210779,panelOuter,3442,,,,-777,,,0.8,img_shu02.png,2
210780,panelOuter,-1699,,,,-1761,,,0.6,img_cc01.png,2
210781,panelOuter,-1681,,,,-1596,,,,img_shu01.png,2
210782,panelOuter,-1606,,,,-1682,,,0.8,img_shu02.png,2
210783,panelOuter,-3194,,,,-937,,,0.8,img_shu02.png,2
210784,panelOuter,-2251,,,,-759,,,,img_shu01.png,2
210785,panelOuter,-457,,,,-1603,,,0.9,img_shu02.png,2
210786,panelOuter,1688,,,,-1589,,,0.9,img_shu02.png,2
210787,panelOuter,1693,,,,1012,,,0.7,img_shu01.png,2
210788,panelOuter,-829,,,,-1425,,,0.8,img_shu01.png,2
210789,panelOuter,-830,,,,-1547,,,0.7,img_shu02.png,2
210790,panelOuter,-575,,,,-1570,,,0.8,img_shu02.png,2
210791,panelOuter,-1559,,,,-1586,,,0.8,img_shu02.png,2
210792,panelOuter,54,,,,-1426,,,0.8,img_shu02.png,2
210793,panelOuter,897,,,,-1288,,,,img_shu02.png,2
210794,panelOuter,1191,,,,1691,,,0.9,img_shu02.png,2
210795,panelOuter,602,,,,1873,,,0.9,img_shu02.png,2
210796,panelOuter,1458,,,,1684,,,,img_shu02.png,2
210797,panelOuter,1873,,,,1032,,,,img_shu02.png,2
210798,panelOuter,3101,,,,-1179,,,0.8,img_shu02.png,2
210799,panelOuter,-2764,,,,1422,,,0.5,img_sg.png,2
210800,panelOuter,-1161,,,,1532,,,0.5,img_sg.png,2
210801,panelOuter,-2699,,,,359,,,0.6,img_sg.png,2
210802,panelOuter,-3285,,,,-866,,,0.4,img_sg.png,2
210803,panelOuter,-2992,,,,-1548,,,0.5,img_sg.png,2
210804,panelOuter,-2279,,,,-1634,,,0.6,img_sg.png,2
210805,panelOuter,-1946,,,,-1318,,,0.6,img_sg.png,2
210806,panelOuter,-2002,,,,-1619,,,0.4,img_sg.png,2
210807,panelOuter,1412,,,,-1638,,,0.6,img_sg.png,2
210808,panelOuter,853,,,,1606,,,1.1,img_shu02.png,2
210809,panelOuter,2992,,,,-1314,,,0.9,img_shu02.png,2
310001,panelBg,-875,,,,886,,,,caodi/img_cd03.png,3
310002,panelBg,-5,,,,-1806,,,,caodi/img_cd03.png,3
310003,panelBg,-1793,,,,-1230,,,,caodi/img_cd03.png,3
310004,panelBg,-2274,,2,,-1304,,,,caodi/img_cd03.png,3
310005,panelBg,-2596,,,,463,,,,caodi/img_cd03.png,3
310006,panelBg,796,,,,1454,,,2.5,caodi/img_cd03.png,3
310007,panelBg,-2125,,,,-696,,,1.6,waiwei/img_wwss10.png,3
310008,panelBg,2194,,,,957,,,1.9,waiwei/img_wwss12.png,3
310009,panelBg,2620,,,,-1395,,,2,waiwei/img_wwss03.png,3
310010,panelBg,667,,1,,-1463,,,1.5,caodi/img_cd02.png,3
310011,panelBg,2980,,1,,-711,,,,caodi/img_cd05.png,3
310012,panelBg,-1177,,,,526,,,0.7,caodi/img_cd05.png,3
310013,panelBg,974,,1,,-677,,,,caodi/img_cd05.png,3
310014,panelBg,277,,,,568,,,1.4,caodi/img_cd03.png,3
310015,panelBg,-242,,,,-1090,,,1.6,caodi/img_cd03.png,3
310016,panelBg,1687,,,,304,,,3.9,caodi/img_cd03.png,3
310017,panelOuter,-4092,,,,8,,,2,caodi/img_cd03.png,3
310018,panelOuter,-2782,,,,115,,,,img_sktl.png,3
310019,panelOuter,-2201,,,,738,,,,img_skth.png,3
310020,panelOuter,2782,,,,-115,,,,img_sktl.png,3
310021,panelOuter,2201,,,,-738,,,,img_skth.png,3
310022,panelOuter,-2612,,,,-1177,,,,img_dashu.png,3
310023,panelOuter,-2393,,,,-1092,,,,img_dashu.png,3
310024,panelOuter,-2570,,,,-1341,,,,img_dashu.png,3
310025,panelOuter,-2821,,,,-1321,,,1.5,img_dashu.png,3
310026,panelOuter,-2353,,,,-1431,,,,img_dashu.png,3
310027,panelOuter,-2670,,,,-1462,,,,img_dashu.png,3
310028,panelOuter,-3019,,,,-1283,,,,img_dashu.png,3
310029,panelOuter,-1970,,,,-1047,,,,img_dashu.png,3
310030,panelOuter,-2002,,,,-1221,,,1.5,img_dashu.png,3
310031,panelOuter,-2100,,,,-1478,,,,img_dashu.png,3
310032,panelOuter,-1847,,,,-1437,,,,img_dashu.png,3
310033,panelOuter,-1673,,,,-1325,,,,img_dashu.png,3
310034,panelOuter,-1089,,,,-1322,,,,img_dashu.png,3
310035,panelOuter,2175,,,2,1006,,,,img_lth.png,3
310036,panelOuter,2042,,,2,1186,,,,img_qz.png,3
310037,panelOuter,-4000,,,,-212,,,,img_dashu.png,3
310038,panelOuter,-3790,,,,-260,,,,img_dashu.png,3
310039,panelOuter,-3626,,,,-228,,,,img_dashu.png,3
310040,panelOuter,-3537,,,,-456,,,,img_dashu.png,3
310041,panelOuter,-3757,,,,-523,,,,img_dashu.png,3
310042,panelOuter,-4064,,,,-423,,,,img_dashu.png,3
310043,panelOuter,-3856,,,,-589,,,2,img_dashu.png,3
310044,panelOuter,-3590,,,,-692,,,,img_ks.png,3
310045,panelOuter,-3528,,,,-959,,,1.1,img_cc02.png,3
310046,panelOuter,-3627,,,,-917,,,,img_cc02.png,3
310047,panelOuter,-3577,,,,-875,,,1.1,img_cc02.png,3
310048,panelOuter,-3103,,,,1240,,,,img_dashu.png,3
310049,panelOuter,-2888,,,,-142,,,,img_cc01.png,3
310050,panelOuter,-2801,,,,-125,,,0.7,img_cc01.png,3
310051,panelOuter,-2707,,,,-185,,,,img_cc01.png,3
310052,panelOuter,-2806,,,,-214,,,,img_cc01.png,3
310053,panelOuter,-2546,,,,-131,,,0.8,img_cc01.png,3
310054,panelOuter,-3218,,,,804,,,0.8,img_cc01.png,3
310055,panelOuter,-2935,,,,-213,,,,img_cc01.png,3
310056,panelOuter,-2512,,,,403,,,,img_cc01.png,3
310057,panelOuter,-2364,,,,527,,,,img_cc01.png,3
310058,panelOuter,-2317,,,,496,,,,img_cc01.png,3
310059,panelOuter,-2200,,,,501,,,,img_cc01.png,3
310060,panelOuter,-2074,,,,490,,,,img_cc01.png,3
310061,panelOuter,-2000,,,,490,,,,img_cc01.png,3
310062,panelOuter,-2285,,,,432,,,,img_cc01.png,3
310063,panelOuter,-2158,,,,401,,,,img_cc01.png,3
310064,panelOuter,-2349,,,,210,,,,img_cc01.png,3
310065,panelOuter,-3388,,,,-1558,,,,img_cc02.png,3
310066,panelOuter,-3373,,,,801,,,,img_cc02.png,3
310067,panelOuter,-2365,,,,-1674,,,,img_cc02.png,3
310068,panelOuter,-2857,,,,-284,,,0.7,img_cc02.png,3
310069,panelOuter,-2813,,,,-325,,,0.9,img_cc01.png,3
310070,panelOuter,-3568,,,,532,,,,img_cc01.png,3
310071,panelOuter,-3072,,,,-371,,,0.8,img_cc01.png,3
310072,panelOuter,-2873,,,,-488,,,0.8,img_cc01.png,3
310073,panelOuter,-3657,,,,-1156,,,,img_dashu.png,3
310074,panelOuter,-3500,,,,-1125,,,,img_dashu.png,3
310075,panelOuter,-3288,,,,-1373,,,,img_dashu.png,3
310076,panelOuter,-3541,,,,-1304,,,,img_shu01.png,3
310077,panelOuter,-3815,,,,-1325,,,,img_shu01.png,3
310078,panelOuter,-3509,,,,-1478,,,,img_shu01.png,3
310079,panelOuter,-3689,,,,-1447,,,,img_shu01.png,3
310080,panelOuter,-3990,,,,-1420,,,,img_dashu.png,3
310081,panelOuter,-3821,,,,-1499,,,,img_dashu.png,3
310082,panelOuter,-3088,,,,-1393,,,1.5,img_dashu.png,3
310083,panelOuter,-1053,,,,1341,,,,img_ssq01.png,3
310084,panelOuter,-2074,,,,1314,,,,img_dashu.png,3
310085,panelOuter,-1816,,,,1427,,,1.5,img_dashu.png,3
310086,panelOuter,-1625,,,,1503,,,,img_dashu.png,3
310087,panelOuter,-1472,,,,1368,,,,img_dashu.png,3
310088,panelOuter,-1590,,,,1234,,,,img_dashu.png,3
310089,panelOuter,-1852,,,,1145,,,,img_dashu.png,3
310090,panelOuter,-2058,,,,1192,,,,img_dashu.png,3
310091,panelOuter,-2317,,,,1256,,,,img_dashu.png,3
310092,panelOuter,-2254,,,,1144,,,,img_dashu.png,3
310093,panelOuter,-1656,,,,1067,,,,img_dashu.png,3
310094,panelOuter,-1485,,,,1164,,,0.8,img_cc01.png,3
310095,panelOuter,-1852,,,,860,,,,img_cc01.png,3
310096,panelOuter,-1763,,,,944,,,,img_cc01.png,3
310097,panelOuter,-2069,,,,1055,,,,img_cc01.png,3
310098,panelOuter,-1986,,,,1009,,,,img_cc01.png,3
310099,panelOuter,-2492,,,,1172,,,0.8,img_cc01.png,3
310100,panelOuter,-2440,,,,1080,,,,img_cc01.png,3
310101,panelOuter,1592,,,,1324,,,,img_gsp.png,3
310102,panelOuter,578,,,,1560,,,,img_dashu.png,3
310103,panelOuter,470,,,,1706,,,0.8,img_dashu.png,3
310104,panelOuter,657,,,,1405,,,0.8,img_cc01.png,3
310105,panelOuter,743,,,,1435,,,,img_cc01.png,3
310106,panelOuter,709,,,,1363,,,,img_cc01.png,3
310107,panelOuter,968,,,,1570,,,0.7,img_dashu.png,3
310108,panelOuter,1201,,,,1509,,,1.2,img_dashu.png,3
310109,panelOuter,916,,,,1386,,,,img_dashu.png,3
310110,panelOuter,1106,,,,1296,,,,img_dashu.png,3
310111,panelOuter,2328,,,,-1369,,,,img_cc02.png,3
310112,panelOuter,2417,,,,-1394,,,0.6,img_cc02.png,3
310113,panelOuter,2833,,,,-1335,,,1.6,img_dashu.png,3
310114,panelOuter,2778,,,,-1739,,,,img_dashu.png,3
310115,panelOuter,2801,,,,-1089,,,,img_dashu.png,3
310116,panelOuter,2974,,,,-1023,,,,img_dashu.png,3
310117,panelOuter,3138,,,,-1078,,,,img_dashu.png,3
310118,panelOuter,783,,,,-1564,,,,img_dashu.png,3
310119,panelOuter,2627,,,,-1594,,,,img_dashu.png,3
310120,panelOuter,2590,,,,-1087,,,,img_dashu.png,3
310121,panelOuter,3084,,,,-1388,,,,img_cc01.png,3
310122,panelOuter,3099,,,,-1491,,,,img_cc01.png,3
310123,panelOuter,2993,,,,-1474,,,,img_cc01.png,3
310124,panelOuter,3550,,,,-695,,,,img_dashu.png,3
310125,panelOuter,2623,,,,-437,,,,img_dashu.png,3
310126,panelOuter,3699,,,,-983,,,0.8,img_dashu.png,3
310127,panelOuter,3460,,,,-934,,,,img_dashu.png,3
310128,panelOuter,3253,,,,-847,,,,img_dashu.png,3
310129,panelOuter,3472,,,,-1114,,,,img_cc01.png,3
310130,panelOuter,3509,,,,-1188,,,,img_cc01.png,3
310131,panelOuter,2061,,,,-1235,,,,img_cc01.png,3
310132,panelOuter,1972,,,,-1185,,,0.9,img_cc01.png,3
310133,panelOuter,3283,,,,-448,,,,img_cc01.png,3
310134,panelOuter,3972,,,,-1329,,,,img_cc01.png,3
310135,panelOuter,2347,,,,-446,,,,img_cc01.png,3
310136,panelOuter,2328,,,,-1025,,,,img_mt.png,3
310137,panelOuter,2196,,,,-1129,,,,img_mt.png,3
310138,panelOuter,2328,,,,-1128,,,,img_mt.png,3
310139,panelOuter,3517,,,,543,,,,img_dashu.png,3
310140,panelOuter,3725,,,,428,,,,img_dashu.png,3
310141,panelOuter,3852,,,,229,,,,img_dashu.png,3
310142,panelOuter,3527,,,,332,,,1.6,img_dashu.png,3
310143,panelOuter,3611,,,,51,,,,img_dashu.png,3
310144,panelOuter,3368,,,,134,,,,img_dashu.png,3
310145,panelOuter,3453,,,,-129,,,,img_shu02.png,3
310146,panelOuter,3282,,,,-77,,,,img_shu02.png,3
310147,panelOuter,3400,,,,-345,,,,img_shu01.png,3
310148,panelOuter,3347,,,,-211,,,,img_shu01.png,3
310149,panelOuter,3241,,,,-280,,,,img_dashu.png,3
310150,panelOuter,2390,,,,-268,,,,img_dashu.png,3
310151,panelOuter,2752,,,,-857,,,0.8,img_cc02.png,3
310152,panelOuter,2553,,,,-570,,,0.8,img_cc01.png,3
310153,panelOuter,2234,,,,-458,,,0.8,img_cc01.png,3
310154,panelOuter,3201,,,,-10,,,,img_cc01.png,3
310155,panelOuter,904,,,,-1410,,,,img_cc01.png,3
310156,panelOuter,3115,,,,-370,,,,img_cc01.png,3
310157,panelOuter,2832,,,,160,,,0.7,img_cc01.png,3
310158,panelOuter,2676,,,,-911,,,0.9,img_cc01.png,3
310159,panelOuter,2814,,,,-419,,,0.8,img_dashu.png,3
310160,panelOuter,2836,,,,-882,,,,img_cc01.png,3
310161,panelOuter,3127,,,,30,,,0.9,img_cc01.png,3
310162,panelOuter,-3353,,,,1202,,,,img_cc01.png,3
310163,panelOuter,-3552,,,,1650,,,,img_cc01.png,3
310164,panelOuter,-3511,,,,603,,,,img_cc01.png,3
310165,panelOuter,-4003,,,,843,,,,img_cc01.png,3
310166,panelOuter,-3747,,,,388,,,0.7,img_cc01.png,3
310167,panelOuter,-2581,,,,690,,,,img_cc01.png,3
310168,panelOuter,-3567,,,,787,,,,img_cc02.png,3
310169,panelOuter,-3652,,,,605,,,,img_cc01.png,3
310170,panelOuter,-3809,,,,619,,,,img_cc01.png,3
310171,panelOuter,-3787,,,,1292,,,,img_shu01.png,3
310172,panelOuter,-4032,,,,490,,,,img_shu01.png,3
310173,panelOuter,-4018,,,,1825,,,,img_shu02.png,3
310174,panelOuter,2067,,,,-407,,,,img_zt.png,3
310175,panelOuter,3622,,,,-1100,,,,img_ks.png,3
310176,panelOuter,2203,,,,-325,,,,img_cc01.png,3
310177,panelOuter,2269,,,,-401,,,,img_cc01.png,3
310178,panelOuter,1886,,,,-1600,,,,img_mt.png,3
310179,panelOuter,2147,,,,-1599,,,,img_mt.png,3
310180,panelOuter,2278,,,,-1599,,,,img_mt.png,3
310181,panelOuter,2410,,,,-1598,,,,img_mt.png,3
310182,panelOuter,2911,,,,291,,,,img_dashu.png,3
310183,panelOuter,3186,,,,226,,,1.4,img_dashu.png,3
310184,panelOuter,3656,,,,-1621,,,,img_shu01.png,3
310185,panelOuter,3392,,,,-1626,,,,img_shu02.png,3
310186,panelOuter,-3028,,,,418,,,0.9,caodi/img_cd04.png,3
310187,panelOuter,-1493,,,,-1171,,,0.8,caodi/img_cd05.png,3
310188,panelOuter,-3317,,1,0,-302,,,0.7,caodi/img_cd05.png,3
310189,panelOuter,-3008,,,,1159,,,1.2,img_dashu.png,3
310190,panelOuter,-2865,,,,1493,,,,img_dashu.png,3
310191,panelOuter,-3330,,,,1008,,,,img_dashu.png,3
310192,panelOuter,-3072,,,,959,,,,img_dashu.png,3
310193,panelOuter,-2598,,,,1027,,,0.8,img_dashu.png,3
310194,panelOuter,-3278,,,,52,,,,img_dashu.png,3
310195,panelOuter,-3563,,,,342,,,,img_dashu.png,3
310196,panelOuter,-3779,,,,527,,,,img_dashu.png,3
310197,panelOuter,-1562,,,,1866,,,,img_ks.png,3
310198,panelOuter,-3283,,,,860,,,,img_cc01.png,3
310199,panelOuter,-3071,,,,-130,,,,img_cc01.png,3
310200,panelOuter,-2975,,,1,773,,,1.2,img_dashu.png,3
310201,panelOuter,-2064,,,,1857,,,,img_dashu.png,3
310202,panelOuter,-2373,,,1,454,,,,img_dashu.png,3
310203,panelOuter,-1752,,,,839,,,,img_cc01.png,3
310204,panelOuter,-3821,,,,1730,,,1.2,img_dashu.png,3
310205,panelOuter,-3890,,,,-7,,,1.3,img_dashu.png,3
310206,panelOuter,-2761,,,,1329,,,,img_sg.png,3
310207,panelOuter,-2285,,,,300,,,,img_sg.png,3
310208,panelOuter,-2724,,,,-950,,,,img_sg.png,3
310209,panelOuter,-3736,,,,-1795,,,2,img_dashu.png,3
310210,panelOuter,-3421,,,,-1691,,,1.2,img_st04.png,3
310211,panelOuter,-2507,,,,-1525,,,1.4,img_dashu.png,3
310212,panelOuter,-1747,,,,-1664,,,,img_sg.png,3
310213,panelOuter,-3346,,,,-1181,,,,img_cc01.png,3
310214,panelOuter,-3246,,,,-1597,,,,img_ks.png,3
310215,panelOuter,-3387,,,,-1816,,,0.9,img_cc02.png,3
310216,panelOuter,-3320,,,,-1864,,,,img_cc01.png,3
310217,panelOuter,-2173,,,,-992,,,,img_cc01.png,3
310218,panelOuter,-2212,,,,-1083,,,,img_cc01.png,3
310219,panelOuter,-3256,,,,-469,,,0.8,img_cc01.png,3
310220,panelOuter,-967,,,,-1587,,,,img_shu01.png,3
310221,panelOuter,-799,,,,-1658,,,,img_mt.png,3
310222,panelOuter,-667,,,,-1658,,,,img_mt.png,3
310223,panelOuter,-795,,,,-1555,,,,img_mt.png,3
310224,panelOuter,-667,,,,-1762,,,,img_mt.png,3
310225,panelOuter,-536,,,,-1660,,,,img_mt.png,3
310226,panelOuter,-1382,,,,-1325,,,,img_cc01.png,3
310227,panelOuter,-1287,,,,-1357,,,,img_cc01.png,3
310228,panelOuter,-1377,,,,-1394,,,,img_cc01.png,3
310229,panelOuter,-1234,,,,-1072,,,,img_cc01.png,3
310230,panelOuter,-1687,,,,-1506,,,,img_cc01.png,3
310231,panelOuter,-538,,,,-1769,,,,img_cc01.png,3
310232,panelOuter,-686,,,,-1848,,,,img_cc01.png,3
310233,panelOuter,-2667,,,,-912,,,,img_cc01.png,3
310234,panelOuter,-3271,,,,-1156,,,0.8,img_cc01.png,3
310235,panelOuter,-676,,,,1632,,,,img_dashu.png,3
310236,panelOuter,-514,,,,1585,,,0.8,img_cc01.png,3
310237,panelOuter,-1436,,,,1601,,,,img_cc01.png,3
310238,panelOuter,-523,,,,1452,,,0.8,img_cc01.png,3
310239,panelOuter,-605,,,,1479,,,0.6,img_cc01.png,3
310240,panelOuter,813,,,,1725,,,,img_cc01.png,3
310241,panelOuter,343,,,,1556,,,,img_cc01.png,3
310242,panelOuter,-1333,,,,1592,,,,img_cc01.png,3
310243,panelOuter,-2335,,,,1527,,,0.8,img_cc01.png,3
310244,panelOuter,-2292,,,,1475,,,,img_cc01.png,3
310245,panelOuter,-1267,,,,1078,,,,img_cc01.png,3
310246,panelOuter,-430,,,,1588,,,0.8,img_cc01.png,3
310247,panelOuter,-486,,,,1542,,,0.6,img_cc02.png,3
310248,panelOuter,-181,,,,1805,,,0.8,img_cc01.png,3
310249,panelOuter,-451,,,,1478,,,,img_sg.png,3
310250,panelOuter,1378,,,,1008,,,0.8,img_sg.png,3
310251,panelOuter,1895,,,,-1223,,,,img_sg.png,3
310252,panelOuter,991,,,,-1580,,,0.8,img_sg.png,3
310253,panelOuter,1341,,,,1079,,,0.7,img_cc01.png,3
310254,panelOuter,1437,,,,1118,,,0.8,img_cc01.png,3
310255,panelOuter,1428,,,,1065,,,0.8,img_cc01.png,3
310256,panelOuter,1477,,,,1051,,,0.8,img_cc01.png,3
310257,panelOuter,1793,,,,1113,,,0.8,img_cc01.png,3
310258,panelOuter,2233,,,,1055,,,0.8,img_cc01.png,3
310259,panelOuter,1759,,,,1472,,,,img_dashu.png,3
310260,panelOuter,1476,,,,1161,,,0.6,img_cc02.png,3
310261,panelOuter,1267,,,,1368,,,0.8,img_cc01.png,3
310262,panelOuter,908,,,,1904,,,,img_dashu.png,3
310263,panelOuter,764,,,,1755,,,0.7,img_cc01.png,3
310264,panelOuter,1507,,,,1340,,,,img_dashu.png,3
310265,panelOuter,2524,,,,1196,,,0.9,caodi/img_cd05.png,3
310266,panelOuter,2901,,,,1298,,,,img_dashu.png,3
310267,panelOuter,1999,,,,1402,,,,img_dashu.png,3
310268,panelOuter,2161,,,,1195,,,,img_dashu.png,3
310269,panelOuter,3646,,,,1461,,,,img_dashu.png,3
310270,panelOuter,3698,,,,1298,,,1.3,img_dashu.png,3
310271,panelOuter,3845,,,,1190,,,,img_dashu.png,3
310272,panelOuter,3469,,,,1262,,,,img_dashu.png,3
310273,panelOuter,2647,,,,1050,,,0.8,img_cc01.png,3
310274,panelOuter,2717,,,,1000,,,0.8,img_cc01.png,3
310275,panelOuter,2722,,,,1068,,,0.8,img_cc01.png,3
310276,panelOuter,3703,,,,1065,,,,img_dashu.png,3
310277,panelOuter,3240,,,,1387,,,,img_ks.png,3
310278,panelOuter,3133,,,,1281,,,0.6,img_cc01.png,3
310279,panelOuter,3059,,,,1265,,,0.8,img_cc01.png,3
310280,panelOuter,3128,,,,1242,,,0.5,img_cc02.png,3
310281,panelOuter,3570,,,,-182,,,1.2,img_dashu.png,3
310282,panelOuter,338,,,,-1618,,,0.8,img_cc01.png,3
310283,panelOuter,423,,,,-1658,,,0.8,img_cc01.png,3
310284,panelOuter,420,,,,-1608,,,0.6,img_cc01.png,3
310285,panelOuter,504,,,,-1644,,,0.8,img_cc01.png,3
310286,panelOuter,598,,,,-1468,,,0.8,img_cc01.png,3
310287,panelOuter,497,,,,-1595,,,0.6,img_cc02.png,3
310288,panelOuter,560,,,,-1542,,,,img_st03.png,3
310289,panelOuter,3043,,,,-1870,,,1.4,img_dashu.png,3
310290,panelOuter,3276,,,,-1310,,,1.2,img_dashu.png,3
310291,panelOuter,2503,,,,-1252,,,1.2,img_dashu.png,3
310292,panelOuter,1370,,,,-1369,,,1.4,img_dashu.png,3
310293,panelOuter,1623,,,,-1505,,,1.1,img_dashu.png,3
310294,panelOuter,1154,,,,-1500,,,1.3,img_dashu.png,3
310295,panelOuter,1439,,,,-1193,,,1.2,img_dashu.png,3
310296,panelOuter,1074,,,,-1290,,,0.9,img_dashu.png,3
310297,panelOuter,3847,,,,-823,,,,img_cc01.png,3
310298,panelOuter,3566,,,,-374,,,0.8,img_cc01.png,3
310299,panelOuter,2688,,,,277,,,0.8,img_cc01.png,3
310300,panelOuter,2741,,,,227,,,0.8,img_cc01.png,3
310301,panelOuter,1839,,,,-990,,,,img_cc01.png,3
310302,panelOuter,1925,,,,-1006,,,,img_cc01.png,3
310303,panelOuter,1880,,,,-1074,,,0.8,img_cc01.png,3
310304,panelOuter,1730,,,,-1025,,,0.9,img_cc01.png,3
310305,panelOuter,1843,,,,-714,,,,img_cc01.png,3
310306,panelOuter,1643,,,,-1102,,,,img_cc01.png,3
310307,panelOuter,1811,,,,-1043,,,0.8,img_cc02.png,3
310308,panelOuter,845,,,,-1345,,,0.6,img_cc02.png,3
310309,panelOuter,1801,,,,-770,,,0.6,img_cc02.png,3
310310,panelOuter,1706,,,,-884,,,0.8,img_sg.png,3
310311,panelOuter,3519,,,,1092,,,0.9,img_cc01.png,3
310312,panelOuter,-2668,,,,691,,,0.8,img_sg.png,3
310313,panelOuter,-2265,,,,-903,,,,img_lz01.png,3
310314,panelOuter,-2338,,,,89,,,,img_lth.png,3
310315,panelOuter,-2253,,,,179,,,,img_lth.png,3
310316,panelOuter,-1794,,,,701,,,,img_ltl.png,3
310317,panelOuter,-677,,,,-1389,,,,img_lth.png,3
310318,panelOuter,-598,,,,-1436,,,,img_lth.png,3
310319,panelOuter,-351,,,,-1569,,,,img_ltl.png,3
310320,panelOuter,2405,,,,-12,,,,img_ltl.png,3
310321,panelOuter,-2232,,,,1754,,,,img_dashu.png,3
310322,panelOuter,-2369,,,,1901,,,0.8,img_dashu.png,3
310323,panelOuter,-536,,,,1498,,,0.6,img_cc01.png,3
310324,panelOuter,2664,,,,235,,,0.8,img_sg.png,3
310325,panelOuter,-2510,,,,1562,,,,img_ys.png,3
310326,panelOuter,-3523,,,,-145,,,,img_st03.png,3
310327,panelOuter,2165,,,,-1033,,,0.8,img_st03.png,3
310328,panelOuter,-3236,,,,1163,,,2.4,waiwei/img_wwss01.png,3
310329,panelOuter,-363,,,,1792,,,2.4,waiwei/img_wwss03.png,3
310330,panelOuter,-1993,,1,,-1703,,,3.2,waiwei/img_wwss12.png,3
310331,panelOuter,1418,,,,-1800,,,3.7,waiwei/img_wwss10.png,3
310332,panelOuter,2808,,,,1569,,,2.2,waiwei/img_wwss05.png,3
310333,panelOuter,1430,,,,1697,,,2.7,waiwei/img_wwss02.png,3
310334,panelOuter,-3853,,,,-972,,,3,waiwei/img_wwss14.png,3
310335,panelOuter,3649,,,1,-1031,,,2.7,waiwei/img_wwss08.png,3
310336,panelOuter,3840,,,,711,,,2.4,waiwei/img_wwss07.png,3
310337,panelOuter,4074,,,,-63,,,2.1,waiwei/img_wwss09.png,3
310338,panelOuter,3839,,,,1629,,,2.2,waiwei/img_wwss07.png,3
310339,panelCenter,-1715,,,,-527,,,,img_ltl.png,3
310340,panelCenter,-1584,,1,,-310,,,,img_qz.png,3
310341,panelCenter,-539,,1,,-1153,,,,img_lz02.png,3
310342,panelCenter,-301,,,,-1204,,,,img_ks.png,3
310343,panelCenter,356,,,,-1196,,,0.9,img_cc01.png,3
310344,panelCenter,539,,,,-1153,,,,img_lz02.png,3
310345,panelCenter,802,,,,-826,,,1.2,img_dashu.png,3
310346,panelCenter,685,,,,-715,,,,img_dashu.png,3
310347,panelCenter,1439,,,1,-408,,,,img_dashu.png,3
310348,panelCenter,1328,,,0,-460,,,,img_cc02.png,3
310349,panelCenter,-327,,,,-636,,,,img_cc01.png,3
310350,panelCenter,-410,,,,-622,,,0.8,img_cc01.png,3
310351,panelCenter,-354,,,,-567,,,0.8,img_cc01.png,3
310352,panelCenter,-900,,,,-647,,,0.9,img_cc01.png,3
310353,panelCenter,-798,,,,-631,,,,img_zt.png,3
310354,panelCenter,-1461,,,,468,,,,img_dashu.png,3
310355,panelCenter,-1294,,,,414,,,0.8,img_cc01.png,3
310356,panelCenter,-959,,,,633,,,,img_cc01.png,3
310357,panelCenter,-1045,,,,699,,,,img_cc01.png,3
310358,panelCenter,-996,,,,665,,,0.8,img_cc01.png,3
310359,panelCenter,-932,,,,685,,,0.8,img_cc02.png,3
310360,panelCenter,-932,,,,495,,,,img_cc01.png,3
310361,panelCenter,-898,,,,728,,,0.8,img_cc01.png,3
310362,panelCenter,-1294,,,,414,,,0.8,img_cc01.png,3
310363,panelCenter,248,,,,-490,,,0.8,img_cc01.png,3
310364,panelCenter,312,,,,-446,,,,img_lth.png,3
310365,panelCenter,-1258,,,,-257,,,,img_dashu.png,3
310366,panelCenter,-1113,,,,-139,,,0.8,img_cc01.png,3
310367,panelCenter,-2043,,,1,-135,,,0.8,img_cc01.png,3
310368,panelCenter,-296,,,1,-283,,,0.8,img_cc01.png,3
310369,panelCenter,403,,,,-112,,,,img_lz01.png,3
310370,panelCenter,579,,,,-138,,,0.7,img_cc01.png,3
310371,panelCenter,543,,,,-191,,,0.8,img_cc01.png,3
310372,panelCenter,488,,,,-137,,,0.8,img_cc01.png,3
310373,panelCenter,1027,,,,-112,,,0.8,img_cc02.png,3
310374,panelCenter,-413,,,,192,,,,img_zt.png,3
310375,panelCenter,541,,,,1117,,,0.8,img_cc01.png,3
310376,panelCenter,275,,,,982,,,,img_cc01.png,3
310377,panelCenter,396,,,,1008,,,,img_cc01.png,3
310378,panelCenter,445,,,,964,,,,img_cc01.png,3
310379,panelCenter,843,,,,961,,,,img_cc01.png,3
310380,panelCenter,1961,,,,448,,,,img_cc01.png,3
310381,panelCenter,1613,,,,259,,,0.8,img_cc01.png,3
310382,panelCenter,1518,,,,287,,,,img_cc01.png,3
310383,panelCenter,1671,,,,244,,,,img_cc01.png,3
310384,panelCenter,1088,,,,186,,,,img_ltl.png,3
310385,panelCenter,1201,,,,182,,,,img_lth.png,3
310386,panelCenter,1333,,1,,388,,,,img_qz.png,3
310387,panelCenter,682,,,,141,,,,img_lz03.png,3
310388,panelCenter,-550,,,,727,,,,img_ltl.png,3
310389,panelCenter,-413,,1,,914,,,,img_qz.png,3
310390,panelCenter,-625,,,,665,,,,img_ltl.png,3
310391,panelCenter,-450,,,,-599,,,0.6,img_cc02.png,3
310392,panelCenter,-668,,,,-1041,,,,img_ltl.png,3
310393,panelCenter,356,,,,-1196,,,0.9,img_cc01.png,3
310394,panelCenter,-2006,,,,-598,,,,img_cc01.png,3
310395,panelCenter,-1841,,,,-599,,,,img_cc01.png,3
310396,panelCenter,-1921,,,,-585,,,0.8,img_cc01.png,3
310397,panelCenter,-2043,,,1,-135,,,0.8,img_cc01.png,3
310398,panelCenter,-1005,,,,-109,,,,img_lz03.png,3
310399,panelCenter,-662,,,,-110,,,,img_lz03.png,3
310400,panelCenter,406,,,,528,,,,img_st03.png,3
310401,panelCenter,2057,,,,675,,,,img_ltl.png,3
310402,panelCenter,-454,,,,1208,,,,img_lz02.png,3
310403,panelCenter,454,,1,,1208,,,,img_lz02.png,3
310404,panelCenter,-787,,,,886,,,0.7,img_sg.png,3
410001,panelBg,-730,,,,2369,,,2.4,caodi/img_cd06.png,4
410002,panelBg,-2706,,,,1627,,,3.2,caodi/img_cd07.png,4
410003,panelBg,-2809,,,,-54,,,2.8,caodi/img_cd06.png,4
410004,panelBg,-3400,,,,-248,,,3,caodi/img_cd07.png,4
410005,panelBg,1946,,,,-1484,,,3,caodi/img_cd07.png,4
410006,panelBg,3262,,,,1270,,,2.8,caodi/img_cd06.png,4
410007,panelBg,3330,,,,-1190,,,2.8,caodi/img_cd06.png,4
410008,panelBg,1583,,,,-689,,,2.2,caodi/img_cd06.png,4
410009,panelBg,2886,,,,1725,,,3,caodi/img_cd07.png,4
410010,panelBg,3855,,,,103,,,3,caodi/img_cd07.png,4
410011,panelBg,3872,,,,-1645,,,3,caodi/img_cd07.png,4
410012,panelBg,-496,,,,-62,,,3,caodi/img_cd07.png,4
410013,panelBg,-2274,,,,-1639,,,3,caodi/img_cd07.png,4
410014,panelBg,540,,,,1835,,,3,caodi/img_cd07.png,4
410015,panelBg,1819,,,,2503,,,3,caodi/img_cd07.png,4
410016,panelBg,-1254,,,,-2582,,,2.8,caodi/img_cd06.png,4
410017,panelBg,2812,,,,-2039,,,3.4,caodi/img_cd07.png,4
410018,panelBg,2219,,,,1091,,,2.4,caodi/img_cd06.png,4
410019,panelCenter,-1037,,,,1114,,,,img_lz01.png,4
410020,panelCenter,1031,,1,,1111,,,,img_lz01.png,4
410021,panelCenter,1154,,,,1309,,,0.9,img_shu04.png,4
410022,panelCenter,-600,,,,767,,,0.9,img_shu05.png,4
410023,panelCenter,-1715,,,,212,,,0.9,img_shu05.png,4
410024,panelCenter,-1835,,,,417,,,0.9,img_shu04.png,4
410025,panelCenter,-1983,,,,258,,,,img_lth1.png,4
410026,panelCenter,1423,,,,-122,,,,img_ltl1.png,4
410027,panelCenter,1486,,,,-190,,,,img_ltl1.png,4
410028,panelCenter,1867,,,,-536,,,,img_lth1.png,4
410029,panelCenter,1912,,,,-334,,,0.9,img_shu04.png,4
410030,panelCenter,814,,,,-802,,,,img_ltl1.png,4
410031,panelCenter,-735,,,,-802,,,,img_ltl1.png,4
410032,panelCenter,-1390,,,,-819,,,,img_lth1.png,4
410033,panelCenter,-1482,,,,-820,,,,img_lth1.png,4
410034,panelCenter,-2217,,,,-551,,,,img_lth1.png,4
410035,panelCenter,-1284,,,,-616,,,,img_qz1.png,4
410036,panelCenter,-838,,,,-1296,,,0.9,img_shu04.png,4
410037,panelCenter,-929,,,,-1489,,,,img_zt.png,4
410038,panelCenter,1235,,,,-1170,,,0.9,img_shu05.png,4
410039,panelCenter,-1037,,1,,-1124,,,,img_lz01.png,4
410040,panelCenter,1037,,,,-1131,,,,img_lz01.png,4
410041,panelCenter,-1534,,1,,774,,,0.6,img_rongyan.png,4
410042,panelCenter,2493,,,,155,,,0.9,img_shu05.png,4
410043,panelOuter,1768,,,,2033,,,1.6,img_shu06.png,4
410044,panelOuter,2013,,,,1942,,,1.2,img_shu04.png,4
410045,panelOuter,3992,,1,,525,,,0.8,img_st05.png,4
410046,panelOuter,3392,,1,,788,,,,img_rongyan.png,4
410047,panelOuter,-2200,,,,1904,,,1.5,img_rongyan.png,4
410048,panelOuter,10,,,,1797,,,1.1,img_ssq03.png,4
410049,panelOuter,2946,,,,-770,,,,img_skth1.png,4
410050,panelOuter,-2369,,,,1399,,,,img_shu05.png,4
410051,panelOuter,-2279,,,,1471,,,1.1,img_shu06.png,4
410052,panelOuter,433,,,,2509,,,1.6,img_rongyan.png,4
410053,panelOuter,-2825,,,,884,,,,img_sktl1.png,4
410054,panelOuter,-3813,,,0,-69,,,,img_shu06.png,4
410055,panelOuter,-1190,,,,-2363,,,,img_shu06.png,4
410056,panelOuter,-3119,,,,686,,,1.1,img_shu04.png,4
410057,panelOuter,-3082,,,,-417,,,1.1,img_shu04.png,4
410058,panelOuter,-2153,,,0,-2163,,,,img_shu05.png,4
410059,panelOuter,-4015,,,,-623,,,,img_shu06.png,4
410060,panelOuter,-2741,,,,534,,,,img_zt.png,4
410061,panelOuter,-2373,,,,-847,,,,img_zt.png,4
410062,panelOuter,-1463,,,,1824,,,,img_zt.png,4
410063,panelOuter,286,,,,1490,,,,img_zt.png,4
410064,panelOuter,1812,,,,1472,,,,img_zt.png,4
410065,panelOuter,23,,,,-1759,,,,img_gsp1.png,4
410066,panelOuter,2760,,,,525,,,,img_zt.png,4
410067,panelOuter,2427,,,,-834,,,,img_zt.png,4
410068,panelOuter,2843,,,,-392,,,,img_zt.png,4
410069,panelOuter,3468,,,,-749,,,,img_shu05.png,4
410070,panelOuter,3942,,,,-80,,,,img_shu05.png,4
410071,panelOuter,2615,,,,-973,,,,img_shu03.png,4
410072,panelOuter,1768,,,,-2243,,,1.1,img_shu03.png,4
410073,panelOuter,1855,,,,-1678,,,,img_shu04.png,4
410074,panelOuter,-3286,,,,1219,,,1.2,img_st06.png,4
410075,panelOuter,-3602,,,1,1162,,,,img_shu04.png,4
410076,panelOuter,-3761,,,0,1031,0,,,img_shu05.png,4
410077,panelOuter,-3675,,,,1320,,,,img_shu03.png,4
410078,panelOuter,-4064,,,,171,,,,img_shu04.png,4
410079,panelOuter,-3960,,,1,19,,,,img_shu04.png,4
410080,panelOuter,-4105,,,,-168,,,1.2,img_shu04.png,4
410081,panelOuter,-3914,,,,-1337,,,,img_st06.png,4
410082,panelOuter,-4021,,,,-1475,,,1.2,img_shu04.png,4
410083,panelOuter,-3677,,,,-1057,,,,img_shu04.png,4
410084,panelOuter,-3629,,,,-1344,,,0.9,img_shu05.png,4
410085,panelOuter,-3399,,,0,-1031,,,0.9,img_shu05.png,4
410086,panelOuter,-1834,,,1,-2358,,,,img_shu04.png,4
410087,panelOuter,-1914,,,0,-2431,,,0.8,img_shu05.png,4
410088,panelOuter,818,,,,-2169,,,0.8,img_shu06.png,4
410089,panelOuter,-1351,,,,-2099,,,1.1,img_shu04.png,4
410090,panelOuter,-1225,,,0,-2161,,,0.7,img_shu05.png,4
410091,panelOuter,-2713,,,,-1979,,,0.8,img_shu04.png,4
410092,panelOuter,-2002,,,,1869,,,0.9,img_shu04.png,4
410093,panelOuter,-3358,,,,1586,,,0.9,img_shu04.png,4
410094,panelOuter,-2216,,,0,-1533,,,0.8,img_shu06.png,4
410095,panelOuter,-2745,,,1,-1576,,,0.8,img_shu05.png,4
410096,panelOuter,2051,,,,-2155,,,1.4,img_rongyan.png,4
410097,panelOuter,2643,,,,-2380,,,0.9,img_shu04.png,4
410098,panelOuter,2822,,,0,-2479,,,0.7,img_shu06.png,4
410099,panelOuter,2730,,1,,-1716,,,0.5,img_rongyan.png,4
410100,panelOuter,3632,,,,-1503,,,,img_shu04.png,4
410101,panelOuter,3537,,1,0,-1642,,,0.9,img_shu05.png,4
410102,panelOuter,2787,,,,-1078,,,,img_shu04.png,4
410103,panelOuter,2319,,,,-1937,,,0.9,img_shu06.png,4
410104,panelOuter,3376,,,,-461,,,,img_shu04.png,4
410105,panelOuter,3306,,,,-688,,,0.9,img_shu06.png,4
410106,panelOuter,2848,,,,-500,,,0.9,img_shu05.png,4
410107,panelOuter,4028,,,,134,,,,img_shu04.png,4
410108,panelOuter,-2895,,1,0,-1612,,,0.8,img_rongyan.png,4
410109,panelOuter,-4091,,1,,770,,,1.4,img_rongyan.png,4
410110,panelOuter,2105,,1,,1785,,,,img_st05.png,4
410111,panelOuter,3607,,,,765,,,,img_shu04.png,4
410112,panelOuter,3483,,,,582,,,,img_shu06.png,4
410113,panelOuter,3615,,,,1296,,,,img_shu04.png,4
410114,panelOuter,2152,,,,1490,,,,img_shu04.png,4
410115,panelOuter,2305,,,,1632,,,,img_shu04.png,4
410116,panelOuter,2733,,,,1189,,,0.9,img_shu05.png,4
410117,panelOuter,2840,,,,767,,,,img_shu04.png,4
410118,panelOuter,1873,,,,2623,,,,img_shu04.png,4
410119,panelOuter,1428,,,,2128,,,,img_shu04.png,4
410120,panelOuter,2465,,,,1763,,,0.9,img_shu06.png,4
410121,panelOuter,17,,,,2520,,,,img_shu03.png,4
410122,panelOuter,-1932,,,,1729,,,,img_sktl1.png,4
410123,panelOuter,-2452,,,,1684,,,1.1,img_shu04.png,4
410124,panelOuter,-2365,,,,926,,,,img_lth1.png,4
410125,panelOuter,-1817,,,,1438,,,,img_ltl1.png,4
410126,panelOuter,-1903,,,,1365,,,,img_ltl1.png,4
410127,panelOuter,-2722,,,,-523,,,,img_ltl1.png,4
410128,panelOuter,-2654,,,,-609,,,,img_ltl1.png,4
410129,panelOuter,-1753,,,,-1445,,,,img_lth1.png,4
410130,panelOuter,-2,,,,-1212,,,,img_zt.png,4
410131,panelOuter,2225,,,,-1583,,,,img_skth1.png,4
410132,panelOuter,1446,,,,-1822,,,,img_ltl1.png,4
410133,panelOuter,1525,,,,-1771,,,,img_lth1.png,4
410134,panelOuter,2551,,,,761,,,,img_lth1.png,4
410135,panelOuter,2453,,,,829,,,,img_lth1.png,4
410136,panelOuter,1480,,,,1826,,,,img_ltl1.png,4
410137,panelOuter,3971,,,,-563,,,0.9,img_shu05.png,4
410138,panelOuter,3900,,,,-987,,,,img_shu04.png,4
410139,panelOuter,3041,,,,-1284,,,0.8,img_st05.png,4
410140,panelOuter,2753,,,,-1336,,,,img_shu04.png,4
410141,panelOuter,2817,,,,-1588,,,0.9,img_shu06.png,4
410142,panelOuter,2503,,,0,-1356,,,0.9,img_shu05.png,4
410143,panelOuter,3241,,,,-1444,,,,img_shu05.png,4
410144,panelOuter,4025,,,,-1215,,,0.9,img_shu06.png,4
410145,panelOuter,-2779,,,0,-1248,,,1.1,img_shu04.png,4
410146,panelOuter,-2698,,,0,-1074,,,1.1,img_shu04.png,4
410147,panelOuter,-2112,,,,-1425,,,,img_shu04.png,4
410148,panelOuter,-3844,,,,-1037,,,,img_shu03.png,4
410149,panelOuter,-2940,,,0,-1261,,,,img_shu03.png,4
410150,panelOuter,-2566,,,,1913,,,,waiwei/img_wwss18.png,4
410151,panelOuter,-3039,,,,-2105,,,,waiwei/img_wwss19.png,4
410152,panelOuter,3497,,,,-2094,,,1.1,waiwei/img_wwss16.png,4
410153,panelOuter,3018,,,,1765,,,,waiwei/img_wwss15.png,4
410154,panelOuter,195,,,,-2362,,,,waiwei/img_wwss17.png,4
410155,panelOuter,-1341,,,,1960,,,,img_shu06.png,4
510001,panelBg,-2889,,,,-2644,,,4,caodi/img_cd09.png,5
510002,panelBg,-3404,,,,-2047,,,,caodi/img_cd09.png,5
510003,panelBg,-3853,,,,1068,,,2.3,caodi/img_cd09.png,5
510004,panelBg,4181,,,,425,,,3.6,caodi/img_cd09.png,5
510005,panelBg,2659,,,,1287,,,,caodi/img_cd08.png,5
510006,panelBg,-1036,,,,1925,,,0.6,caodi/img_cd08.png,5
510007,panelCenter,-526,,,,551,,,1.3,img_xr.png,5
510008,panelCenter,227,,,,272,,,1.4,img_xr1.png,5
510009,panelCenter,1109,,,,181,,,1.4,img_xr2.png,5
510010,panelCenter,-393,,,,-1079,,,1.4,img_xr2.png,5
510011,panelCenter,-241,,1,,802,,,,img_qz2.png,5
510012,panelCenter,-419,,,,-313,,,,img_zt1.png,5
510013,panelCenter,419,,,,-313,,,,img_zt1.png,5
510014,panelCenter,1093,,,,-778,,,1.4,img_xr1.png,5
510015,panelCenter,-364,,,,-630,,,1.2,img_shu07.png,5
510016,panelCenter,-262,,,,-502,,,,img_shu07.png,5
510017,panelCenter,-235,,,,-623,,,0.9,img_shu08.png,5
510018,panelCenter,-1477,,,,-735,,,0.8,img_sg1.png,5
510019,panelCenter,221,,,,-1002,,,,img_shu07.png,5
510020,panelCenter,-2438,,,,-130,,,,img_lz05.png,5
510021,panelCenter,922,,,,651,,,,img_shu09.png,5
510022,panelCenter,-2141,,,,239,,,0.9,img_st09.png,5
510023,panelCenter,1100,,,,1103,,,,img_zt1.png,5
510024,panelCenter,2020,,,,133,,,,img_lz05.png,5
510025,panelCenter,2456,,,,177,,,1.5,img_st10.png,5
510026,panelOuter,-3379,,,,1944,,,,waiwei/img_wwss20.png,5
510027,panelOuter,-3737,,,,-2182,,,,waiwei/img_wwss33.png,5
510028,panelOuter,1440,,,,-2405,,,1.2,waiwei/img_wwss30.png,5
510029,panelOuter,-1311,,,,-2476,,,1.2,waiwei/img_wwss32.png,5
510030,panelOuter,-19,,,,-2436,,,1.3,waiwei/img_wwss31.png,5
510031,panelOuter,2838,,,,-2424,,,,waiwei/img_wwss29.png,5
510032,panelOuter,3764,,,,-2274,,,,waiwei/img_wwss28.png,5
510033,panelOuter,3894,,,,-1475,,,,waiwei/img_wwss27.png,5
510034,panelOuter,3861,,,,1264,,,,waiwei/img_wwss26.png,5
510035,panelOuter,3801,,,,2302,,,,waiwei/img_wwss25.png,5
510036,panelOuter,2672,,,,2259,,,,waiwei/img_wwss24.png,5
510037,panelOuter,1507,,,,2382,,,1.2,waiwei/img_wwss23.png,5
510038,panelOuter,-231,,,,2410,,,,waiwei/img_wwss22.png,5
510039,panelOuter,-1478,,,,2372,,,,waiwei/img_wwss21.png,5
510040,panelOuter,-3113,,,,1567,,,,img_shu07.png,5
510041,panelOuter,-3016,,,,1469,,,,img_shu07.png,5
510042,panelOuter,-3178,,,,1381,,,1.2,img_shu09.png,5
510043,panelOuter,-2898,,,,1366,,,1.2,img_shu08.png,5
510044,panelOuter,-3048,,,,1319,,,1.1,img_shu07.png,5
510045,panelOuter,-2622,,,,1753,,,1.2,img_shu08.png,5
510046,panelOuter,-2020,,,,2259,,,0.9,img_sg1.png,5
510047,panelOuter,-2331,,,,1890,,,,img_shu09.png,5
510048,panelOuter,-2194,,,,1862,,,,img_shu07.png,5
510049,panelOuter,-2507,,,,1571,,,,img_cc03.png,5
510050,panelOuter,-2399,,,,1961,,,,img_shu09.png,5
510051,panelOuter,-2435,,,,1781,,,0.9,img_shu08.png,5
510052,panelOuter,-2310,,,,1747,,,1.2,img_shu09.png,5
510053,panelOuter,-2547,,,,989,,,,img_shu07.png,5
510054,panelOuter,-2148,,,,1654,,,,img_shu07.png,5
510055,panelOuter,-3114,,,,612,,,,img_shu07.png,5
510056,panelOuter,-2827,,,,1225,,,0.8,img_shu08.png,5
510057,panelOuter,-2896,,,,874,,,,img_sktl2.png,5
510058,panelOuter,-2291,,,,1512,,,,img_shu09.png,5
510059,panelOuter,-2198,,,,1421,,,,img_shu09.png,5
510060,panelOuter,-2325,,,,1349,,,,img_shu09.png,5
510061,panelOuter,-2157,,,,1323,,,0.8,img_shu08.png,5
510062,panelOuter,-2243,,,,1244,,,,img_shu09.png,5
510063,panelOuter,-2571,,,,1379,,,,img_st07.png,5
510064,panelOuter,-2401,,,,1600,,,,img_xr2.png,5
510065,panelOuter,-1917,,,,1189,,,,img_lz06.png,5
510066,panelOuter,-1685,,,,1585,,,,img_sktl2.png,5
510067,panelOuter,-2806,,,,1624,,,,img_shu10.png,5
510068,panelOuter,-2533,,,,1268,,,,img_shu09.png,5
510069,panelOuter,-2394,,,,1211,,,,img_shu09.png,5
510070,panelOuter,-3058,,,,1771,,,0.8,img_sg1.png,5
510071,panelOuter,-3096,,,,1163,,,,img_shu08.png,5
510072,panelOuter,-2584,,,,1459,,,,img_xr1.png,5
510073,panelOuter,-2612,,1,,1575,,,,img_xr2.png,5
510074,panelOuter,-2056,,,,2076,,,1.5,img_st10.png,5
510075,panelOuter,-1837,,,,2317,,,,img_shu11.png,5
510076,panelOuter,-1887,,,,2147,,,,img_shu09.png,5
510077,panelOuter,-1785,,,,2150,,,0.8,img_shu08.png,5
510078,panelOuter,-1666,,,,2159,,,,img_shu07.png,5
510079,panelOuter,-1921,,,,2052,,,0.7,img_shu10.png,5
510080,panelOuter,-1705,,,,1840,,,1.1,img_shu09.png,5
510081,panelOuter,-873,,,,1767,,,,img_xr1.png,5
510082,panelOuter,-1203,,,,2289,,,,img_shu09.png,5
510083,panelOuter,-370,,,,2231,,,0.9,img_shu08.png,5
510084,panelOuter,-1387,,,,2076,,,,img_shu09.png,5
510085,panelOuter,-1247,,,,2019,,,,img_shu09.png,5
510086,panelOuter,-1341,,,,1928,,,,img_shu09.png,5
510087,panelOuter,-1161,,,,1917,,,0.8,img_shu08.png,5
510088,panelOuter,-1358,,,,1801,,,0.6,img_shu10.png,5
510089,panelOuter,-1174,,,,1777,,,,img_shu11.png,5
510090,panelOuter,-1525,,,,2250,,,0.8,img_ks1.png,5
510091,panelOuter,-1339,,,,1610,,,0.9,img_sg1.png,5
510092,panelOuter,-701,,,,2099,,,,img_st08.png,5
510093,panelOuter,-760,,,,1920,,,,img_shu07.png,5
510094,panelOuter,-589,,,,1957,,,,img_shu09.png,5
510095,panelOuter,-715,,,,1840,,,0.8,img_shu08.png,5
510096,panelOuter,-615,,,,1829,,,,img_shu07.png,5
510097,panelOuter,-1134,,,,2188,,,0.8,img_cc03.png,5
510098,panelOuter,-860,,,,2133,,,0.8,img_cc03.png,5
510099,panelOuter,2,,,,2364,,,,img_st09.png,5
510100,panelOuter,-234,,,,2125,,,,img_shu11.png,5
510101,panelOuter,321,,,,2266,,,,img_shu11.png,5
510102,panelOuter,473,,,,2140,,,0.8,img_shu10.png,5
510103,panelOuter,-4000,,,,580,,,,img_shu11.png,5
510104,panelOuter,-3896,,,,407,,,0.8,img_sg1.png,5
510105,panelOuter,-3489,,,,769,,,0.8,img_cc03.png,5
510106,panelOuter,-3361,,,,573,,,,img_shu07.png,5
510107,panelOuter,-3250,,,,507,,,,img_shu07.png,5
510108,panelOuter,-3308,,,,389,,,0.9,img_shu08.png,5
510109,panelOuter,-3107,,,,463,,,,img_shu09.png,5
510110,panelOuter,-3602,,,,274,,,,img_shu07.png,5
510111,panelOuter,-3550,,,,651,,,,img_st08.png,5
510112,panelOuter,-3878,,,,53,,,,img_shu09.png,5
510113,panelOuter,-2500,,,,-890,,,,img_shu09.png,5
510114,panelOuter,-3569,,,,-210,,,,img_shu09.png,5
510115,panelOuter,-3777,,,,-225,,,0.8,img_shu08.png,5
510116,panelOuter,-3633,,,,-312,,,0.8,img_shu08.png,5
510117,panelOuter,-3982,,,,-8,,,0.8,img_shu08.png,5
510118,panelOuter,-3869,,,,-283,,,,img_shu09.png,5
510119,panelOuter,-3729,,,,-459,,,,img_shu09.png,5
510120,panelOuter,-3523,,,,-374,,,,img_shu09.png,5
510121,panelOuter,-3558,,,,-534,,,,img_shu09.png,5
510122,panelOuter,-3604,,,,-598,,,0.8,img_shu10.png,5
510123,panelOuter,-3130,,,,-519,,,0.8,img_shu10.png,5
510124,panelOuter,-3874,,,,-1301,,,0.8,img_st09.png,5
510125,panelOuter,-3929,,,,-733,,,,waiwei/img_wwss34.png,5
510126,panelOuter,-3884,,,,-899,,,,img_shu11.png,5
510127,panelOuter,-3621,,,,-1115,,,,img_shu09.png,5
510128,panelOuter,-3500,,,,-1081,,,,img_shu09.png,5
510129,panelOuter,-3582,,,,-1198,,,0.8,img_shu08.png,5
510130,panelOuter,-3386,,,,-696,,,,img_ys1.png,5
510131,panelOuter,-3372,,,,-1448,,,,img_shu11.png,5
510132,panelOuter,-3184,,,,-1496,,,,img_shu09.png,5
510133,panelOuter,-3306,,,,-1086,,,0.7,img_sg1.png,5
510134,panelOuter,-3117,,,,-1626,,,0.8,img_shu08.png,5
510135,panelOuter,-2969,,,,-1669,,,0.8,img_shu10.png,5
510136,panelOuter,-3026,,,,-724,,,,img_st07.png,5
510137,panelOuter,-3093,,,,-860,,,,img_shu07.png,5
510138,panelOuter,-2879,,,,-859,,,,img_shu07.png,5
510139,panelOuter,-3007,,,,-966,,,,img_shu07.png,5
510140,panelOuter,-2896,,,,-945,,,0.8,img_shu08.png,5
510141,panelOuter,-2765,,,,-955,,,,img_shu07.png,5
510142,panelOuter,-3020,,,,-1097,,,,img_shu07.png,5
510143,panelOuter,-2842,,,,-1077,,,,img_shu07.png,5
510144,panelOuter,-3315,,,,-968,,,,img_shu07.png,5
510145,panelOuter,-3198,,,,-1030,,,,img_shu07.png,5
510146,panelOuter,-2631,,,,-658,,,1.4,img_xr1.png,5
510147,panelOuter,-2731,,,,-611,,,0.8,img_cc03.png,5
510148,panelOuter,-2918,,,,-1151,,,0.8,img_shu10.png,5
510149,panelOuter,-2621,,,,-1410,,,,img_shu11.png,5
510150,panelOuter,-2868,,,,-1783,,,0.9,img_sg1.png,5
510151,panelOuter,-2067,,,,-1447,,,,img_shu07.png,5
510152,panelOuter,-2061,,,,-1555,,,0.8,img_shu08.png,5
510153,panelOuter,-1955,,,,-1529,,,,img_shu09.png,5
510154,panelOuter,-1365,,,,-1653,,,,img_shu07.png,5
510155,panelOuter,-1298,,,0,-1899,,,,img_shu07.png,5
510156,panelOuter,-1159,,,0,-1575,,,,img_shu07.png,5
510157,panelOuter,-1220,,,,-1892,,,,img_gsp2.png,5
510158,panelOuter,-1588,,,,-2063,,,1.2,img_shu08.png,5
510159,panelOuter,-1503,,,,-2141,,,0.9,img_shu07.png,5
510160,panelOuter,-2603,,,,-1926,,,1.2,img_shu08.png,5
510161,panelOuter,-2447,,,,-1896,,,1.1,img_shu09.png,5
510162,panelOuter,-2328,,,,-1586,,,1.1,img_shu09.png,5
510163,panelOuter,-2000,,,,-1896,,,1.1,img_shu09.png,5
510164,panelOuter,-1928,,,,-2014,,,1.1,img_shu09.png,5
510165,panelOuter,-2086,,,,-1970,,,1.2,img_shu08.png,5
510166,panelOuter,-2373,,,,-1128,,,0.9,img_shu07.png,5
510167,panelOuter,-2268,,,,-1164,,,0.9,img_shu07.png,5
510168,panelOuter,-2354,,,,-1249,,,0.6,img_ks1.png,5
510169,panelOuter,-2157,,,,-1536,,,0.9,img_sg1.png,5
510170,panelOuter,-1687,,1,,-1420,,,1.4,img_xr.png,5
510171,panelOuter,-1662,,,,-1686,,,1.5,img_st10.png,5
510172,panelOuter,-713,,,,-1668,,,,img_zt1.png,5
510173,panelOuter,-857,,,,-2160,,,0.8,img_shu10.png,5
510174,panelOuter,-685,,,,-2254,,,0.8,img_shu10.png,5
510175,panelOuter,-2604,,,,-1172,,,0.9,img_shu07.png,5
510176,panelOuter,-2489,,,,-1145,,,1.2,img_shu08.png,5
510177,panelOuter,-2851,,,,-1494,,,0.7,img_cc03.png,5
510178,panelOuter,-475,,,,-1891,,,0.8,img_shu10.png,5
510179,panelOuter,-433,,,,-2019,,,1.1,img_shu09.png,5
510180,panelOuter,-285,,,,-1920,,,1.2,img_shu08.png,5
510181,panelOuter,-225,,,,-2088,,,,img_shu11.png,5
510182,panelOuter,-2049,,,,-2121,,,1.1,img_shu09.png,5
510183,panelOuter,-1802,,,,-2057,,,0.9,img_shu09.png,5
510184,panelOuter,-1760,,,,-1761,,,1.1,img_shu09.png,5
510185,panelOuter,1097,,,,2409,,,1.1,img_shu09.png,5
510186,panelOuter,727,,,,2379,,,1.1,img_shu09.png,5
510187,panelOuter,759,,,,1741,,,1.2,img_shu07.png,5
510188,panelOuter,1034,,,,1873,,,0.9,img_sg1.png,5
510189,panelOuter,1132,,,,1872,,,,img_shu08.png,5
510190,panelOuter,1232,,,,2275,,,1.1,img_shu09.png,5
510191,panelOuter,1152,,,,2168,,,1.1,img_shu09.png,5
510192,panelOuter,1057,,,,2267,,,1.1,img_shu09.png,5
510193,panelOuter,1362,,,,2267,,,0.8,img_cc03.png,5
510194,panelOuter,1781,,,,1990,,,,img_shu08.png,5
510195,panelOuter,1601,,,,1956,,,1.2,img_shu07.png,5
510196,panelOuter,1693,,,,1892,,,1.1,img_shu09.png,5
510197,panelOuter,1402,,,,1816,,,,img_shu08.png,5
510198,panelOuter,1580,,,,1752,,,,img_shu08.png,5
510199,panelOuter,1795,,,,1804,,,,img_shu10.png,5
510200,panelOuter,1689,,,,1666,,,1.1,img_shu09.png,5
510201,panelOuter,1568,,,,1617,,,1.1,img_shu09.png,5
510202,panelOuter,1500,,,,1874,,,0.9,img_shu09.png,5
510203,panelOuter,2033,,,,1748,,,0.9,img_shu09.png,5
510204,panelOuter,1871,,,,1681,,,0.7,img_st08.png,5
510205,panelOuter,1984,,,,1570,,,,img_shu08.png,5
510206,panelOuter,1862,,,,1534,,,0.8,img_sg1.png,5
510207,panelOuter,1996,,,,2235,,,,img_shu11.png,5
510208,panelOuter,2110,,,,2098,,,0.8,img_shu10.png,5
510209,panelOuter,2299,,,,2146,,,,img_shu11.png,5
510210,panelOuter,2594,,1,,1369,,,1.4,img_xr2.png,5
510211,panelOuter,2900,,,,1045,,,1.4,img_xr1.png,5
510212,panelOuter,2183,,,,1873,,,1.2,img_shu07.png,5
510213,panelOuter,2313,,,,1767,,,1.2,img_shu08.png,5
510214,panelOuter,2256,,,,1553,,,1.2,img_shu08.png,5
510215,panelOuter,2175,,,,1406,,,1.2,img_shu08.png,5
510216,panelOuter,2282,,,,1395,,,1.2,img_shu08.png,5
510217,panelOuter,2356,,,,1300,,,0.9,img_shu09.png,5
510218,panelOuter,2227,,,,1291,,,1.2,img_shu07.png,5
510219,panelOuter,2456,,,,1747,,,1.2,img_shu07.png,5
510220,panelOuter,2608,,,,1757,,,,img_shu07.png,5
510221,panelOuter,2773,,,,1762,,,1.2,img_shu08.png,5
510222,panelOuter,2896,,,,1678,,,0.9,img_shu09.png,5
510223,panelOuter,2992,,,,1567,,,1.2,img_shu07.png,5
510224,panelOuter,3996,,,,1993,,,,img_shu11.png,5
510225,panelOuter,3780,,,,1961,,,,img_shu11.png,5
510226,panelOuter,3900,,,,1817,,,0.8,img_shu10.png,5
510227,panelOuter,2785,,,,1979,,,,img_shu11.png,5
510228,panelOuter,3138,,,,2000,,,0.9,img_shu09.png,5
510229,panelOuter,3236,,,,1925,,,0.9,img_shu09.png,5
510230,panelOuter,3356,,,,1951,,,0.9,img_shu09.png,5
510231,panelOuter,3099,,,,1909,,,1.2,img_shu08.png,5
510232,panelOuter,3370,,,,1794,,,1.2,img_shu07.png,5
510233,panelOuter,3199,,,,1840,,,1.2,img_shu07.png,5
510234,panelOuter,3092,,,,1779,,,0.9,img_shu09.png,5
510235,panelOuter,3227,,,,1583,,,0.9,img_shu09.png,5
510236,panelOuter,3351,,,,1525,,,0.9,img_shu09.png,5
510237,panelOuter,3210,,,,1475,,,0.8,img_shu10.png,5
510238,panelOuter,3067,,,,1390,,,,img_sg1.png,5
510239,panelOuter,2981,,,,1357,,,0.9,img_shu09.png,5
510240,panelOuter,3137,,,,1334,,,1.2,img_shu07.png,5
510241,panelOuter,3828,,,,1100,,,0.9,img_ks1.png,5
510242,panelOuter,2840,,,,1992,,,,img_ks1.png,5
510243,panelOuter,3331,,,,1158,,,1.5,img_st10.png,5
510244,panelOuter,3072,,,,1129,,,0.9,img_shu09.png,5
510245,panelOuter,3255,,,,1017,,,1.1,img_shu09.png,5
510246,panelOuter,3082,,,,1017,,,0.9,img_shu09.png,5
510247,panelOuter,3178,,,,892,,,1.2,img_shu08.png,5
510248,panelOuter,3001,,,,920,,,1.2,img_shu07.png,5
510249,panelOuter,2599,,,,1060,,,0.8,img_st07.png,5
510250,panelOuter,2564,,,,978,,,1.2,img_shu08.png,5
510251,panelOuter,2692,,,,917,,,1.2,img_shu07.png,5
510252,panelOuter,3452,,,,1027,,,1.2,img_shu07.png,5
510253,panelOuter,3367,,,,935,,,1.2,img_shu08.png,5
510254,panelOuter,2879,,,,804,,,0.8,img_cc03.png,5
510255,panelOuter,3035,,,,680,,,,img_shu11.png,5
510256,panelOuter,3287,,,,756,,,,img_shu11.png,5
510257,panelOuter,3235,,,,617,,,0.8,img_shu10.png,5
510258,panelOuter,3334,,,,531,,,1.2,img_shu07.png,5
510259,panelOuter,3529,,,,644,,,0.8,img_shu10.png,5
510260,panelOuter,3122,,,,509,,,,img_shu11.png,5
510261,panelOuter,846,,,,-1885,,,0.9,img_shu09.png,5
510262,panelOuter,1170,,,,-1642,,,0.9,img_shu09.png,5
510263,panelOuter,349,,,,-2193,,,0.9,img_shu09.png,5
510264,panelOuter,1220,,,,-1892,,,,img_gsp2.png,5
510265,panelOuter,671,,,,-2034,,,,img_shu11.png,5
510266,panelOuter,817,,,,-2115,,,,img_shu11.png,5
510267,panelOuter,635,,,,-2229,,,,img_shu10.png,5
510268,panelOuter,465,,,,-2083,,,0.8,img_st08.png,5
510269,panelOuter,-860,,,,-2335,,,0.9,img_st09.png,5
510270,panelOuter,1215,,,,-2077,,,1.4,img_xr1.png,5
510271,panelOuter,1967,,,,-1533,,,,img_skth2.png,5
510272,panelOuter,3047,,,,-702,,,,img_skth2.png,5
510273,panelOuter,3374,,,,-990,,,,img_shu10.png,5
510274,panelOuter,3752,,,,-18,,,0.9,img_shu09.png,5
510275,panelOuter,3627,,,,-1485,,,1.2,img_shu08.png,5
510276,panelOuter,3858,,,,-92,,,1.2,img_shu07.png,5
510277,panelOuter,3932,,,,-874,,,1.2,img_shu07.png,5
510278,panelOuter,3997,,,,-256,,,,img_shu11.png,5
510279,panelOuter,3786,,,,-870,,,0.8,img_cc03.png,5
510280,panelOuter,3800,,,,-223,,,0.8,img_cc03.png,5
510281,panelOuter,3630,,,,-359,,,0.9,img_shu09.png,5
510282,panelOuter,3494,,,,-411,,,1.2,img_shu08.png,5
510283,panelOuter,3701,,,,-548,,,,img_shu10.png,5
510284,panelOuter,3913,,,,-490,,,,img_shu11.png,5
510285,panelOuter,1587,,,,-1310,,,,img_lz06.png,5
510286,panelOuter,3433,,,,-631,,,1.2,img_shu08.png,5
510287,panelOuter,3586,,,,-699,,,1.2,img_shu08.png,5
510288,panelOuter,3445,,,,-784,,,0.9,img_shu09.png,5
510289,panelOuter,2988,,,,-466,,,1.2,img_shu07.png,5
510290,panelOuter,2710,,,,-917,,,1.2,img_shu08.png,5
510291,panelOuter,3462,,,,-1145,,,0.8,img_sg1.png,5
510292,panelOuter,3880,,,,-746,,,,img_st07.png,5
510293,panelOuter,3086,,1,,-1385,,,1.4,img_xr2.png,5
510294,panelOuter,3211,,,,-1472,,,,img_ks1.png,5
510295,panelOuter,3361,,,,-1394,,,1.4,img_xr2.png,5
510296,panelOuter,2590,,,,-1981,,,,img_st08.png,5
510297,panelOuter,1546,,,,-2310,,,0.8,img_cc03.png,5
510298,panelOuter,1639,,,,-2310,,,0.8,img_cc03.png,5
510299,panelOuter,1735,,,,-2310,,,0.8,img_cc03.png,5
510300,panelOuter,1883,,,,-2246,,,,img_shu11.png,5
510301,panelOuter,2539,,,,-1117,,,0.9,img_shu09.png,5
510302,panelOuter,2655,,,,-1108,,,1.2,img_shu08.png,5
510303,panelOuter,2386,,,,-1196,,,1.2,img_shu07.png,5
510304,panelOuter,2491,,,,-1314,,,,img_shu09.png,5
510305,panelOuter,2773,,,,-1402,,,1.2,img_shu07.png,5
510306,panelOuter,2612,,,,-1401,,,,img_shu07.png,5
510307,panelOuter,2361,,,,-1429,,,1.2,img_shu07.png,5
510308,panelOuter,3823,,,,-1661,,,,img_shu11.png,5
510309,panelOuter,3601,,,,-1760,,,,img_shu10.png,5
510310,panelOuter,3396,,,,-1829,,,0.7,img_shu10.png,5
510311,panelOuter,3563,,,,-1972,,,,img_shu10.png,5
510312,panelOuter,3758,,,,-1840,,,0.9,img_shu09.png,5
510313,panelOuter,3831,,,,-1908,,,1.2,img_shu08.png,5
510314,panelOuter,3692,,,,-2050,,,1.2,img_shu08.png,5
510315,panelOuter,2850,,,,-1794,,,,img_shu08.png,5
510316,panelOuter,2876,,,,-1922,,,1.2,img_shu08.png,5
510317,panelOuter,2734,,,,-1885,,,0.9,img_shu09.png,5
510318,panelOuter,2690,,,,-1980,,,1.2,img_shu07.png,5
510319,panelOuter,2800,,,,-2080,,,,img_shu07.png,5
510320,panelOuter,-2600,,,1,2586,,,1.3,img_shu09.png,5
510321,panelOuter,-2571,,,,2304,,,1.2,img_shu08.png,5
510322,panelOuter,-2108,,,,2370,,,1.1,img_shu07.png,5
510323,panelOuter,-3378,,,,1868,,,,img_shu07.png,5
510324,panelOuter,-3485,,,,1770,,,,img_shu07.png,5
510325,panelOuter,-3010,,,,2018,,,1.2,img_shu08.png,5
510326,panelOuter,-3177,,,1,1796,,,1.3,img_shu09.png,5
510327,panelOuter,-2796,,,,1897,,,1.3,img_shu09.png,5
510328,panelOuter,-3157,,,,1965,,,1.3,img_shu09.png,5
510329,panelOuter,-2592,,,,2151,,,,img_cc03.png,5
510330,panelOuter,-1960,,,,1363,,,,img_shu09.png,5
510331,panelOuter,-3331,,,,990,,,0.8,img_sg1.png,5
510332,panelOuter,-3230,,,,1080,,,,img_shu08.png,5
510333,panelOuter,-3224,,,,915,,,,img_shu09.png,5
510334,panelOuter,-3457,,,,868,,,,img_shu07.png,5
510335,panelOuter,-3376,,,,772,,,,img_shu07.png,5
510336,panelOuter,-3281,,,,701,,,,img_shu08.png,5
510337,panelOuter,-3277,,,,812,,,,img_shu08.png,5
510338,panelOuter,-2731,,,,1169,,,,img_shu09.png,5
510339,panelOuter,-2442,,,,1337,,,,img_shu08.png,5
510340,panelOuter,-3483,,,,504,,,0.9,img_ks1.png,5
510341,panelOuter,1163,,,,2497,,,,img_shu07.png,5
510342,panelOuter,818,,,,2587,,,,img_shu07.png,5
510343,panelOuter,1846,,,,2358,,,,img_shu08.png,5
510344,panelOuter,2929,,,,2031,,,1.2,img_shu08.png,5
510345,panelOuter,2902,,,,1850,,,,img_shu08.png,5
510346,panelOuter,2674,,,,1849,,,,img_shu07.png,5
510347,panelOuter,2535,,,,2014,,,,img_shu09.png,5
510348,panelOuter,2557,,,,1884,,,1.2,img_shu08.png,5
510349,panelOuter,3624,,,1,1284,,,1.2,img_shu08.png,5
510350,panelOuter,3724,,,,1611,,,,img_shu09.png,5
510351,panelOuter,4059,,,,-807,,,1.2,img_shu08.png,5
510352,panelOuter,3097,,,,-476,,,0.9,img_shu08.png,5
510353,panelOuter,4064,,,,-612,,,,img_shu10.png,5
510354,panelOuter,2590,,,,-793,,,0.7,img_sg1.png,5
510355,panelOuter,3110,,,,-2490,,,,img_shu07.png,5
510356,panelOuter,2493,,,,-2460,,,1.2,img_shu07.png,5
510357,panelOuter,3217,,,,-2374,,,,img_shu07.png,5
510358,panelOuter,2995,,,,-2268,,,1.1,img_shu09.png,5
510359,panelOuter,2327,,,,-2303,,,,img_shu09.png,5
510360,panelOuter,2523,,,,-2283,,,,img_shu09.png,5
510361,panelOuter,2425,,,,-2338,,,0.9,img_shu08.png,5
510362,panelOuter,3377,,,,-2437,,,0.9,img_shu08.png,5
510363,panelOuter,3365,,,,-2163,,,0.9,img_shu08.png,5
510364,panelOuter,2249,,,,-1318,,,1.1,img_shu08.png,5
510365,panelOuter,2107,,,,-1228,,,1.2,img_shu09.png,5
510366,panelOuter,2693,,,,-1507,,,,img_shu08.png,5
510367,panelOuter,2933,,,,-1192,,,1.2,img_shu09.png,5
510368,panelOuter,2994,,,,-1823,,,1.1,img_shu09.png,5
510369,panelOuter,2690,,,,-2117,,,1.1,img_shu09.png,5
510370,panelOuter,2253,,,,-1775,,,0.9,img_shu09.png,5
510371,panelOuter,2486,,,,-1842,,,,img_shu08.png,5
510372,panelOuter,2402,,,,-1919,,,,img_shu09.png,5
510373,panelOuter,1281,,,,-2304,,,,img_shu08.png,5
510374,panelOuter,1509,,,,-2135,,,0.7,img_shu09.png,5
510375,panelOuter,1604,,,,-2075,,,,img_shu07.png,5
510376,panelOuter,2195,,,,-2057,,,0.6,img_sg1.png,5
510377,panelOuter,1580,,,,-2194,,,0.7,img_sg1.png,5
510378,panelOuter,2634,,,,-1271,,,0.8,img_st07.png,5
510379,panelOuter,1604,,,,-1531,,,,img_shu09.png,5
510380,panelOuter,1555,,,,-1648,,,,img_shu08.png,5
510381,panelOuter,-645,,,,-1727,,,0.9,img_shu07.png,5
510382,panelOuter,621,,,,-1756,,,,img_shu07.png,5
510383,panelOuter,176,,,,-2029,,,,img_shu08.png,5
510384,panelOuter,-1538,,,,-2299,,,,img_shu07.png,5
510385,panelOuter,-1408,,,,-2355,,,0.7,img_sg1.png,5
510386,panelOuter,-1421,,,,-2095,,,0.8,img_shu09.png,5
510387,panelOuter,-2148,,,,-2465,,,1.2,img_shu09.png,5
510388,panelOuter,-2233,,,,-2288,,,0.9,img_st07.png,5
510389,panelOuter,-2262,,,,-2371,,,0.9,img_shu07.png,5
510390,panelOuter,-1033,,,,-2294,,,,img_shu08.png,5
510391,panelOuter,-2096,,,,-2267,,,1.1,img_shu08.png,5
510392,panelOuter,-2413,,,,-1036,,,1.2,img_shu09.png,5
510393,panelOuter,-2782,,,,-1288,,,0.9,img_st08.png,5
510394,panelOuter,-2958,,,,-1284,,,1.1,img_shu09.png,5
510395,panelOuter,-2917,,,,-1397,,,0.9,img_shu07.png,5
510396,panelOuter,-2756,,,,-1396,,,1.1,img_shu09.png,5
510397,panelOuter,-2568,,,,-1025,,,,img_shu09.png,5
510398,panelOuter,-2996,,,,-1467,,,0.9,img_shu07.png,5
510399,panelOuter,-3298,,,,-1746,,,,img_shu10.png,5
510400,panelOuter,-3830,,,,-1738,,,,img_shu11.png,5
510401,panelOuter,-3727,,,,-1861,,,0.9,img_shu07.png,5
510402,panelOuter,-3656,,,,-1765,,,,img_shu09.png,5
510403,panelOuter,-3772,,,,-1592,,,1.1,img_shu08.png,5
510404,panelOuter,-3642,,,,-1659,,,,img_shu09.png,5
510405,panelOuter,-3465,,,,-1653,,,0.8,img_st07.png,5
510406,panelOuter,-3519,,,,-1776,,,0.9,img_shu08.png,5
510407,panelOuter,-2849,,,,-557,,,0.9,img_shu07.png,5
510408,panelOuter,-2804,,,,-663,,,1.1,img_shu08.png,5
510409,panelOuter,-3962,,,,-489,,,1.1,img_shu09.png,5
510410,panelOuter,-4070,,,,-1439,,,1.1,img_shu08.png,5
510411,panelOuter,-3952,,,,-1386,,,0.9,img_shu07.png,5
510412,panelOuter,-3554,,,,-1570,,,0.9,img_shu07.png,5
510413,panelOuter,-4113,,,,-1707,,,0.9,img_shu09.png,5
510414,panelOuter,1134,,,,-1888,,,,img_shu08.png,5
510415,panelOuter,3462,,,,2523,,,,img_shu08.png,5
510416,panelOuter,-2771,,,,541,,,,img_ltl2.png,5
510417,panelOuter,-2817,,,,476,,,,img_ltl2.png,5
510418,panelOuter,-1088,,,,1523,,,,img_lth2.png,5
510419,panelOuter,1124,,,,1549,,,,img_lth2.png,5
510420,panelOuter,1199,,,,1514,,,,img_lth2.png,5
510421,panelOuter,741,,,,-1667,,,,img_lth2.png,5
510422,panelOuter,828,,,,-1639,,,,img_ltl2.png,5
510423,panelOuter,1803,,,,1314,,,,img_shu09.png,5
510424,panelOuter,1604,,,,1442,,,,img_shu08.png,5
510425,panelOuter,1321,,,,1508,,,1.2,img_shu07.png,5
510426,panelOuter,1678,,,,1520,,,0.8,img_shu07.png,5
510427,panelOuter,2838,,,,498,,,,img_shu07.png,5
510428,panelOuter,-768,,,,1690,,,,img_shu08.png,5
510429,panelOuter,-1471,,,,1868,,,,img_shu07.png,5
510430,panelOuter,-1756,,,,2071,,,,img_shu09.png,5
510431,panelOuter,1452,,,,-1573,,,0.9,img_shu07.png,5
510432,panelOuter,3105,,,,-2350,,,0.9,img_shu08.png,5
510433,panelOuter,-3481,,,,1285,,,,img_shu07.png,5
510434,panelOuter,-3872,,,,1387,,,,img_cc03.png,5
510435,panelOuter,-972,,1,,1724,,,,img_qz2.png,5
510436,panelOuter,3120,,,,-2192,,,,img_shu07.png,5
510437,panelOuter,2926,,,,-1714,,,,img_shu09.png,5
510438,panelOuter,2601,,,,-1622,,,,img_shu07.png,5
510439,panelOuter,3393,,,,-1634,,,,img_shu09.png,5
510440,panelOuter,2921,,,,-2057,,,,img_shu07.png,5
510441,panelOuter,2458,,,,-1061,,,0.9,img_shu08.png,5
510442,panelOuter,1790,,,,-2039,,,,img_shu09.png,5
510443,panelOuter,1676,,,,-1999,,,0.9,img_shu08.png,5
510444,panelOuter,1787,,,,-1925,,,0.9,img_shu09.png,5
510445,panelOuter,-2489,,,,-2037,,,0.9,img_cc03.png,5
510446,panelOuter,-1898,,,,-2244,,,,img_shu11.png,5
510447,panelOuter,1629,,,,-1763,,,0.8,img_cc03.png,5
510448,panelOuter,3991,,,,864,,,,img_cc03.png,5
510449,panelOuter,-1403,,,,-2191,,,0.7,img_cc03.png,5
510450,panelOuter,-1993,,,,-1403,,,1.1,img_shu09.png,5
510451,panelOuter,1732,,,,1395,,,0.8,img_shu07.png,5
510452,panelOuter,1840,,,,1447,,,0.9,img_shu09.png,5
510453,panelOuter,652,,,,1819,,,,img_shu08.png,5
510454,panelOuter,506,,,,2344,,,,img_shu08.png,5
510455,panelOuter,3347,,,,2193,,,0.9,img_shu09.png,5
510456,panelOuter,3624,,,,2145,,,0.9,img_shu08.png,5
510457,panelOuter,3499,,,,2055,,,0.8,img_shu07.png,5
510458,panelOuter,3570,,,,1977,,,0.7,img_sg1.png,5
510459,panelOuter,2624,,,,-689,,,0.9,img_shu09.png,5
510460,panelOuter,-2719,,,,1486,,,0.9,img_shu09.png,5
510461,panelOuter,-2787,,,,1429,,,,img_shu07.png,5
510462,panelOuter,-2921,,,,1514,,,0.8,img_shu08.png,5
510463,panelOuter,2593,,,,-1766,,,0.9,img_shu09.png,5
510464,panelOuter,2483,,,,-1703,,,,img_shu07.png,5
510465,panelOuter,-3186,,,,-618,,,0.8,img_shu08.png,5
610001,panelBg,-3964,,,,-608,,,1.2,caodi/img_cd10.png,6
610002,panelBg,-2139,,,,-2213,,,,caodi/img_cd11.png,6
610003,panelBg,1541,,,,-938,,,,caodi/img_cd11.png,6
610004,panelBg,3506,,,,822,,,1.6,caodi/img_cd11.png,6
610005,panelBg,-2549,,,,1762,,,,waiwei/img_wwss35.png,6
610006,panelBg,3037,,,,1737,,,,waiwei/img_wwss36.png,6
610007,panelBg,-2911,,,,1123,,,0.9,caodi/img_cd11.png,6
610008,panelBg,2277,,,,2862,,,2,caodi/img_cd10.png,6
610009,panelBg,-1465,,,,750,,,1.2,caodi/img_cd11.png,6
610010,panelBg,1642,,,,1825,,,1.2,caodi/img_cd11.png,6
610011,panelBg,2982,,,0,-1973,,,2,caodi/img_cd10.png,6
610012,panelBg,3507,,,,-1617,,,,caodi/img_cd11.png,6
610013,panelBg,2619,,,,-558,,,,caodi/img_cd11.png,6
610014,panelCenter,399,,,,714,,,,img_lz1.png,6
610015,panelCenter,-399,,,1,714,,,,img_lz2.png,6
610016,panelCenter,-399,,,1,-714,,,,img_lz2.png,6
610017,panelCenter,399,,,1,-714,,,,img_lz2.png,6
610018,panelCenter,-2602,,,,-680,,,,img_lz07.png,6
610019,panelCenter,-2620,,,,699,,,,img_lz07.png,6
610020,panelCenter,2620,,1,,680,,,,img_lz07.png,6
610021,panelCenter,2620,,1,,-680,,,,img_lz07.png,6
610022,panelCenter,-574,,,,-482,,,,img_lz08.png,6
610023,panelCenter,574,,1,,-482,,,,img_lz08.png,6
610024,panelCenter,-574,,1,,482,,,,img_lz08.png,6
610025,panelCenter,574,,,,482,,,,img_lz08.png,6
610026,panelOuter,3433,,,,-2128,,,,waiwei/img_wwss37.png,6
610027,panelOuter,-3042,,,0.5,-2101,,,,waiwei/img_wwss38.png,6
610028,panelOuter,-3698,,,,1263,,,0.9,img_lz2.png,6
610029,panelOuter,-2779,,,,2014,,,,img_lz1.png,6
610030,panelOuter,-3035,,,,1925,,,0.8,img_shu12.png,6
610031,panelOuter,-672,,1,,2135,,,,img_shu14.png,6
610032,panelOuter,-1589,,,,1888,,,,img_shu12.png,6
610033,panelOuter,-2556,,,,1555,,,0.8,img_shu13.png,6
610034,panelOuter,-2743,,1,,1371,,,,img_shu14.png,6
610035,panelOuter,-2370,,,,1553,,,0.6,img_shu15.png,6
610036,panelOuter,-2189,,,,1274,,,,img_zt2.png,6
610037,panelOuter,528,,,,1716,,,,img_zt2.png,6
610038,panelOuter,-2053,,,,2195,,,,img_mb.png,6
610039,panelOuter,-2295,,,,2195,,,,img_mb.png,6
610040,panelOuter,-1921,,,,2058,,,,img_lz2.png,6
610041,panelOuter,4,,,,2194,,,,img_gsp3.png,6
610042,panelOuter,-3830,,1,,1061,,,,img_gc1.png,6
610043,panelOuter,599,,1,1,2228,,,,img_gs.png,6
610044,panelOuter,2548,,,,1780,,,1.2,img_gc2.png,6
610045,panelOuter,-974,,,,1973,,,,img_mb.png,6
610046,panelOuter,-728,,,,1970,,,,img_mb.png,6
610047,panelOuter,-1104,,,,1869,,,,img_lz1.png,6
610048,panelOuter,-855,,,,2256,,,,img_shu15.png,6
610049,panelOuter,-376,,,,2312,,,,img_shu12.png,6
610050,panelOuter,3677,,,,821,,,0.8,img_lz2.png,6
610051,panelOuter,937,,,,2170,,,,img_mb.png,6
610052,panelOuter,1357,,,,1778,,,,img_mb.png,6
610053,panelOuter,1598,,,,1775,,,,img_mb.png,6
610054,panelOuter,2024,,,,2205,,,,img_mb.png,6
610055,panelOuter,2025,,,,2399,,,,img_mb.png,6
610056,panelOuter,1086,,,,2331,,,,img_lz1.png,6
610057,panelOuter,1969,,,,1560,,,,img_shu13.png,6
610058,panelOuter,-2996,,,,1420,,,0.9,img_shu12.png,6
610059,panelOuter,1931,,,,-2234,,,,img_mb.png,6
610060,panelOuter,-3601,,,,605,,,,img_mb.png,6
610061,panelOuter,-4024,,,,-699,,,,img_shu12.png,6
610062,panelOuter,-3841,,,,-272,,,0.9,img_gc2.png,6
610063,panelOuter,-3878,,,,-395,,,0.8,img_lz1.png,6
610064,panelOuter,-3417,,,0,-1172,,,,img_lth3.png,6
610065,panelOuter,-3284,,1,0,-959,,,,img_qz3.png,6
610066,panelOuter,-3898,,,,-618,,,0.9,img_shu13.png,6
610067,panelOuter,-3711,,,,-465,,,,img_gc1.png,6
610068,panelOuter,-3797,,,,-216,,,1.2,img_gs.png,6
610069,panelOuter,-2799,,,,-1187,,,0.8,img_shu13.png,6
610070,panelOuter,-1376,,,,-2378,,,,img_mb.png,6
610071,panelOuter,-2373,,,,-1466,,,,img_mb.png,6
610072,panelOuter,-2133,,,,-1464,,,,img_mb.png,6
610073,panelOuter,2170,,,,-2381,,,,img_mb.png,6
610074,panelOuter,-2529,,,,-2071,,,0.8,img_lz2.png,6
610075,panelOuter,-2037,,,,-1590,,,,img_lz1.png,6
610076,panelOuter,-2894,,,,-1948,,,,img_mb.png,6
610077,panelOuter,-3090,,,,-1418,,,0.9,img_lz2.png,6
610078,panelOuter,-2888,,1,,-1609,,,,img_shu12.png,6
610079,panelOuter,-2204,,,,-1490,,,,img_gs.png,6
610080,panelOuter,-2757,,1,,-1776,,,,img_gs.png,6
610081,panelOuter,-3324,,,,-1252,,,,img_shu15.png,6
610082,panelOuter,-3147,,,,-1311,,,,img_shu14.png,6
610083,panelOuter,-3480,,1,,-1015,,,0.9,img_shu12.png,6
610084,panelOuter,-2509,,,,-1516,,,0.8,img_shu12.png,6
610085,panelOuter,-742,,,,-1937,,,,img_skth3.png,6
610086,panelOuter,742,,,,-1937,,,,img_sktl3.png,6
610087,panelOuter,-1063,,,,-2178,,,0.8,img_shu15.png,6
610088,panelOuter,427,,,,-2149,,,,img_lz2.png,6
610089,panelOuter,-925,,,,-1602,,,,img_lz09.png,6
610090,panelOuter,-1132,,1,,-1855,,,0.8,img_shu12.png,6
610091,panelOuter,-1195,,,,-2040,,,,img_gs.png,6
610092,panelOuter,3086,,,,-1642,,,,img_mb.png,6
610093,panelOuter,1780,,,,2256,,,,img_mb.png,6
610094,panelOuter,1228,,,,1582,,,0.9,img_shu15.png,6
610095,panelOuter,928,,,,2589,,,1.2,img_shu14.png,6
610096,panelOuter,2079,,,,1920,,,0.9,img_shu12.png,6
610097,panelOuter,2669,,,,1498,,,0.9,img_shu15.png,6
610098,panelOuter,2321,,,,1220,,,,img_zt2.png,6
610099,panelOuter,-528,,,,1718,,,,img_zt2.png,6
610100,panelOuter,1785,,1,1,1465,,,,img_gs.png,6
610101,panelOuter,1773,,,1,1886,,,,img_gs.png,6
610102,panelOuter,1451,,,,1661,,,,img_qz3.png,6
610103,panelOuter,1581,,,,1459,,,,img_ltl3.png,6
610104,panelOuter,865,,1,,2469,,,,img_shu12.png,6
610105,panelOuter,3412,,,,-846,,,,img_mb.png,6
610106,panelOuter,2620,,,0,-2370,,,0.9,img_shu13.png,6
610107,panelOuter,1330,,,,-2322,,,0.8,img_shu13.png,6
610108,panelOuter,4008,,1,,-628,,,,img_shu12.png,6
610109,panelOuter,3960,,,,918,,,0.8,img_shu15.png,6
610110,panelOuter,1730,,,,-1412,,,0.8,img_shu13.png,6
610111,panelOuter,1794,,,,-2358,,,0.8,img_lz1.png,6
610112,panelOuter,2384,,1,,-1782,,,,img_gc1.png,6
610113,panelOuter,1813,,,,-1552,,,0.8,img_shu13.png,6
610114,panelOuter,2929,,,1,-2128,,,0.9,img_shu13.png,6
610115,panelOuter,2385,,,,-1299,,,1.1,img_shu13.png,6
610116,panelOuter,925,,,0,-1602,,,,img_lz09.png,6
610117,panelOuter,2842,,,,-1054,,,,img_lz09.png,6
610118,panelOuter,3925,,,,-1562,,,,img_shu12.png,6
610119,panelOuter,-784,,,0,-2423,,,,img_mb.png,6
610120,panelOuter,119,,,,-2445,,,,img_mb.png,6
610121,panelOuter,362,,,,-2449,,,,img_mb.png,6
610122,panelOuter,3531,,,,-1554,,,,img_lz1.png,6
610123,panelOuter,2328,,,,-1844,,,,img_lz2.png,6
610124,panelOuter,1088,,,,-2316,,,0.8,img_shu12.png,6
610125,panelOuter,695,,,0,-2487,,,0.7,img_shu15.png,6
610126,panelOuter,2278,,1,,-1443,,,,img_shu12.png,6
610127,panelOuter,2129,,,,-1695,,,,img_shu14.png,6
610128,panelOuter,2445,,,,-1643,,,0.8,img_shu15.png,6
610129,panelOuter,1446,,,,-1701,,,,img_mb.png,6
610130,panelOuter,1686,,,,-1703,,,,img_mb.png,6
610131,panelOuter,1326,,,,-1818,,,0.8,img_lz2.png,6
610132,panelOuter,3353,,,1,-1461,,,,img_gs.png,6
610133,panelOuter,2518,,1,1,-2092,,,,img_gs.png,6
610134,panelOuter,1270,,,,-1661,,,,img_gs.png,6
610135,panelOuter,3291,,,,-1006,,,,img_qz3.png,6
610136,panelOuter,3413,,,0,-1202,,,,img_ltl3.png,6
610137,panelOuter,-2569,,,,1976,,,0.8,img_shu13.png,6
610138,panelOuter,-2502,,,,2107,,,,img_shu13.png,6
610139,panelOuter,-2676,,,,2052,,,0.8,img_shu13.png,6
610140,panelOuter,-1641,,,,2164,,,,img_shu13.png,6
610141,panelOuter,-1524,,,,1947,,,,img_shu13.png,6
610142,panelOuter,-2864,,1,,1331,,,0.9,img_shu12.png,6
610143,panelOuter,-1050,,,,2464,,,,img_shu13.png,6
610144,panelOuter,-935,,,,2358,,,0.9,img_shu13.png,6
610145,panelOuter,-3259,,,,1152,,,0.8,img_shu13.png,6
610146,panelOuter,-3881,,,,-1184,,,1.1,img_shu13.png,6
610147,panelOuter,-864,,,,2448,,,,img_shu13.png,6
610148,panelOuter,-1400,,1,,1988,,,,img_shu12.png,6
610149,panelOuter,-1256,,,,1706,,,,img_shu12.png,6
610150,panelOuter,3546,,,,943,,,,img_mb.png,6
610151,panelOuter,2847,,,0,-1847,,,,img_mb.png,6
610152,panelOuter,3089,,,,-1846,,,,img_mb.png,6
610153,panelOuter,-2646,,,,-1950,,,,img_mb.png,6
610154,panelOuter,-3461,,,,-498,,,0.9,img_shu12.png,6
610155,panelOuter,-4065,,,,1080,,,,img_shu12.png,6
610156,panelOuter,-2030,,,,-2154,,,,img_shu12.png,6
610157,panelOuter,-3978,,1,,-1440,,,0.8,img_shu12.png,6
610158,panelOuter,-3890,,,,-1255,,,,img_shu12.png,6
610159,panelOuter,-4067,,,,74,,,0.9,img_shu12.png,6
610160,panelOuter,-1352,,,,-1735,,,,img_shu12.png,6
610161,panelOuter,-429,,1,,2640,,,,img_shu12.png,6
610162,panelOuter,-3978,,1,,1276,,,,img_shu12.png,6
610163,panelOuter,-3041,,,0,-1709,,,,img_shu14.png,6
610164,panelOuter,-3811,,1,,-1585,,,,img_shu14.png,6
610165,panelOuter,-3382,,,,1260,,,,img_shu14.png,6
610166,panelOuter,-4135,,,,-346,,,,img_gc1.png,6
610167,panelOuter,-3394,,,,-1414,,,,img_xfq.png,6
610168,panelOuter,3274,,,,755,,,0.9,img_shu13.png,6
610169,panelOuter,-1087,,,,2114,,,1.1,img_shu13.png,6
610170,panelOuter,2933,,,,1538,,,0.9,img_shu13.png,6
610171,panelOuter,2717,,,,-2487,,,0.9,img_shu13.png,6
610172,panelOuter,-3951,,,,305,,,0.9,img_shu13.png,6
610173,panelOuter,-1281,,,,-2002,,,0.9,img_shu13.png,6
610174,panelOuter,-2227,,,,-2043,,,0.8,img_shu13.png,6
610175,panelOuter,1250,,,,2183,,,1.1,img_shu13.png,6
610176,panelOuter,1463,,,,2220,,,1.1,img_shu13.png,6
610177,panelOuter,1825,,,,1499,,,0.9,img_shu13.png,6
610178,panelOuter,1854,,,,1632,,,0.8,img_shu13.png,6
610179,panelOuter,1373,,,,2290,,,0.9,img_shu13.png,6
610180,panelOuter,1471,,,,-1917,,,0.9,img_shu13.png,6
610181,panelOuter,-4009,,,,-1334,,,0.9,img_shu13.png,6
610182,panelOuter,2506,,,,1587,,,,img_lz1.png,6
610183,panelOuter,3562,,,,-1381,,,,img_gc2.png,6
610184,panelOuter,1550,,1,,2415,,,,img_gc1.png,6
610185,panelOuter,2220,,,,1660,,,,img_gc1.png,6
610186,panelOuter,546,,,,1974,,,,img_shu12.png,6
610187,panelOuter,1061,,,0,2139,,,0.8,img_shu12.png,6
610188,panelOuter,3000,,1,,1413,,,0.7,img_shu12.png,6
610189,panelOuter,3810,,,,-547,,,,img_shu12.png,6
610190,panelOuter,660,,,,2577,,,,img_shu12.png,6
610191,panelOuter,3396,,1,,711,,,0.8,img_shu12.png,6
610192,panelOuter,3947,,,0,-412,,,,img_shu12.png,6
610193,panelOuter,3954,,1,0,386,,,,img_shu12.png,6
610194,panelOuter,1446,,1,,2082,,,,img_shu12.png,6
610195,panelOuter,2142,,1,,1549,,,0.8,img_shu12.png,6
610196,panelOuter,2406,,,,1498,,,,img_klkl.png,6
610197,panelOuter,326,,,,-2021,,,0.9,img_shu12.png,6
610198,panelOuter,1450,,,,-2386,,,0.8,img_shu12.png,6
610199,panelOuter,1185,,1,,-2130,,,,img_shu12.png,6
610200,panelOuter,2701,,1,,-1496,,,,img_xfq.png,6
610201,panelOuter,-1506,,1,,-2431,,,0.8,img_shu12.png,6
610202,panelOuter,-613,,,,-2358,,,,img_shu12.png,6
610203,panelOuter,4085,,1,,-1452,,,,img_shu12.png,6
610204,panelOuter,-1399,,,,-2044,,,0.7,img_shu13.png,6
610205,panelOuter,-2035,,,,-2034,,,,img_shu14.png,6
610206,panelOuter,3252,,1,0,-1316,,,,img_gc2.png,6
610207,panelOuter,-980,,,,-2447,,,,img_lz1.png,6
610208,panelOuter,-2688,,1,1,2029,,,,img_gs.png,6
610209,panelOuter,-3100,,1,1,1369,,,,img_gs.png,6
610210,panelOuter,-824,,,1,2178,,,,img_gs.png,6
610211,panelOuter,-2123,,,,1888,,,,img_xfq.png,6
610212,panelOuter,-1682,,,1,1625,,,,img_mb.png,6
610213,panelOuter,-618,,,,2445,,,,img_lz1.png,6
610214,panelOuter,2368,,1,,2695,,,,img_shu12.png,6
610215,panelOuter,2353,,,,-2389,,,,img_shu12.png,6
610216,panelOuter,1802,,1,,-2051,,,0.8,img_shu12.png,6
610217,panelOuter,2801,,,,-2075,,,,img_shu12.png,6
610218,panelOuter,-2539,,1,,-1337,,,0.9,img_shu12.png,6
610219,panelOuter,-2694,,,,-1298,,,0.9,img_shu13.png,6
610220,panelOuter,-2667,,,,-1148,,,0.9,img_shu13.png,6
610221,panelOuter,-2197,,,,-1295,,,0.8,img_shu15.png,6
610222,panelOuter,-2486,,1,,-1757,,,0.8,img_shu12.png,6
610223,panelOuter,-2923,,1,,2091,,,0.8,img_shu12.png,6
610224,panelOuter,-2147,,1,,-1885,,,,img_shu14.png,6
610225,panelOuter,-1292,,,,-1538,,,0.8,img_shu13.png,6
610226,panelOuter,-1897,,,,2283,,,,img_shu13.png,6
610227,panelOuter,-1222,,,,2176,,,0.9,img_shu13.png,6
610228,panelOuter,-1221,,,,2034,,,0.9,img_shu15.png,6
610229,panelOuter,372,,,,2575,,,0.8,img_shu13.png,6
610230,panelOuter,2716,,1,,1842,,,,img_shu12.png,6
610231,panelOuter,2830,,,,1320,,,0.9,img_shu12.png,6
610232,panelOuter,681,,1,,1833,,,0.9,img_shu14.png,6
610233,panelOuter,3823,,,0,1626,,,,img_shu13.png,6
610234,panelOuter,3572,,1,,-184,,,,img_shu12.png,6
610235,panelOuter,3682,,,,-1144,,,,img_shu13.png,6
610236,panelOuter,3775,,,,-1256,,,0.9,img_shu13.png,6
610237,panelOuter,3248,,,0,-1501,,,,img_gc1.png,6
610238,panelOuter,2486,,,,-2274,,,0.8,img_shu12.png,6
610239,panelOuter,1866,,,,-1949,,,0.8,img_shu12.png,6
610240,panelOuter,2103,,,,-1498,,,,img_shu12.png,6
610241,panelOuter,1915,,,,-1810,,,0.9,img_shu13.png,6
610242,panelOuter,1011,,,1,-1653,,,0.9,img_shu13.png,6
610243,panelOuter,-1766,,,,-2334,,,0.8,img_shu13.png,6
610244,panelOuter,-1709,,,,-2483,,,0.9,img_shu13.png,6
610245,panelOuter,-1422,,,,-1937,,,0.8,img_shu13.png,6
610246,panelOuter,3686,,,,1110,,,0.9,img_shu12.png,6
610247,panelOuter,-1700,,,,-1676,,,0.8,img_shu13.png,6
610248,panelOuter,-1457,,,,2152,,,,img_gc1.png,6
610249,panelOuter,3398,,,,1072,,,0.9,img_shu13.png,6
610250,panelOuter,3508,,,,1289,,,,img_shu12.png,6
610251,panelOuter,4043,,1,,1142,,,0.9,img_shu12.png,6
610252,panelOuter,3273,,,,1162,,,0.8,img_shu13.png,6
610253,panelOuter,3352,,,,1215,,,0.9,img_shu13.png,6
610254,panelOuter,-2408,,,,1519,,,0.9,img_shu12.png,6
610255,panelOuter,-2820,,,,1747,,,0.8,img_shu13.png,6
610256,panelOuter,-2649,,,,1923,,,0.8,img_shu13.png,6
610257,panelOuter,2859,,,,1396,,,0.7,img_shu12.png,6
610258,panelOuter,3677,,,,-142,,,0.8,img_shu13.png,6
610259,panelOuter,4054,,,,-1350,,,0.8,img_shu13.png,6
610260,panelOuter,3287,,,,-1671,,,0.9,img_shu13.png,6
610261,panelOuter,2576,,,,-2467,,,0.8,img_shu13.png,6
610262,panelOuter,2207,,,,-2125,,,0.8,img_shu12.png,6
610263,panelOuter,2026,,1,,-1999,,,0.8,img_shu12.png,6
610264,panelOuter,1840,,,,-1434,,,0.8,img_shu13.png,6
610265,panelOuter,1616,,,,-2333,,,0.8,img_shu13.png,6
610266,panelOuter,1365,,,,-2382,,,0.8,img_shu13.png,6
610267,panelOuter,1003,,1,,-2247,,,0.8,img_shu12.png,6
610268,panelOuter,890,,,,-2232,,,0.8,img_shu13.png,6
610269,panelOuter,-1180,,1,,-1721,,,0.8,img_shu12.png,6
610270,panelOuter,-1467,,,,-2245,,,0.7,img_shu13.png,6
610271,panelOuter,-1587,,,,-2400,,,0.7,img_shu13.png,6
610272,panelOuter,-1252,,1,,-2186,,,0.8,img_shu12.png,6
610273,panelOuter,-1731,,1,,-2151,,,0.8,img_shu12.png,6
610274,panelOuter,-1893,,1,,-1907,,,0.8,img_shu12.png,6
610275,panelOuter,-1553,,,,-2263,,,0.6,img_shu12.png,6
610276,panelOuter,-2130,,,,-2143,,,0.8,img_shu14.png,6
610277,panelOuter,-2396,,,,-1617,,,0.8,img_shu13.png,6
610278,panelOuter,-2420,,,,-1983,,,0.8,img_shu13.png,6
610279,panelOuter,-4022,,,,-1583,,,0.8,img_shu12.png,6
610280,panelOuter,-3737,,,,-1546,,,0.8,img_shu13.png,6
610281,panelOuter,4068,,,,-987,,,,img_shu13.png,6
610282,panelOuter,-3832,,,,-693,,,0.8,img_shu13.png,6
610283,panelOuter,-3374,,1,,-571,,,0.9,img_shu12.png,6
610284,panelOuter,-3925,,1,,1006,,,,img_shu12.png,6
610285,panelOuter,-3429,,1,,1250,,,,img_shu12.png,6
610286,panelOuter,-3030,,,,1729,,,0.8,img_shu12.png,6
610287,panelOuter,-2867,,1,,1974,,,0.8,img_shu12.png,6
610288,panelOuter,-1888,,,,2170,,,0.8,img_shu12.png,6
610289,panelOuter,-2472,,,,1905,,,0.8,img_shu13.png,6
610290,panelOuter,-2577,,,,1855,,,0.8,img_shu13.png,6
610291,panelOuter,-627,,,,1703,,,0.8,img_shu13.png,6
610292,panelOuter,-2589,,,,1301,,,0.9,img_shu12.png,6
610293,panelOuter,2675,,1,,1277,,,0.9,img_shu12.png,6
610294,panelOuter,993,,,,1611,,,0.8,img_shu13.png,6
710001,panelBg,-1390,,,,2304,,,,waiwei/teluzhongshang_01.png,7
710002,panelBg,351,,,,2314,,,,waiwei/teluzhongshang_02.png,7
710003,panelBg,3473,,,,1847,,,,waiwei/img_2.png,7
710004,panelBg,3464,,,,947,,,,waiwei/img_mw1.png,7
710005,panelBg,3484,,,,-710,,,,waiwei/img_mw5.png,7
710006,panelBg,-3207,,,,-1133,,,,waiwei/img_mw11.png,7
710007,panelBg,-3272,,,,-1616,,,,waiwei/img_mw9.png,7
710008,panelBg,-2962,,,,-1791,,,,waiwei/img_mw10.png,7
710009,panelCenter,33,,,,11,,,,talou.png,7
710010,panelOuter,1642,,,,2352,,,,gaoshipai.png,7
710011,panelOuter,3247,,,,-1633,,,,waiwei/img_mw4.png,7
710012,panelOuter,-294,,,,-2399,,,,waiwei/tieluzhongxia_01.png,7
710013,panelOuter,955,,,,-2399,,,,waiwei/tieluzhongxia_02.png,7
710014,panelOuter,-3117,,,,1594,,,,waiwei/img_mw8.png,7
710015,panelOuter,-3637,,,,-441,,,,waiwei/chengzhenzuoxia_04.png,7
710016,panelOuter,-3446,,,,817,,,,waiwei/img_mw7.png,7
710017,panelOuter,2753,,,,1651,,,,waiwei/img_mw3.png,7
