变量名,_name,targetType,skillTarget,input,process,targetFormula,specialChoose,targetLimit,fixPos,buffList,buffLifeRound,buffProb,buffLevel,buffValue1,effectEventID,extraArgs
默认值,,0,1,,,{},,99,,<>,<>,<1>,{},<>,,
ID,技能过程名功能备注(程序不读取，策划使用),目标类型(1友方0敌方),技能伤害目标(目标位置),阵营,在input下的目标类型,公式选择目标，优先级高于process，{process={key=self:hasBuff(54214); value=<hpRatioMax;hpRatioMin>}},单个特殊目标位置选择(填写1和8时，过程段只能写一段)(target查找参数),随机目标上限(target查找参数),固定位置(target查找参数),触发buffId,buff持续回合,buff成功率,buff生效等级,buff效果参数1,effect_event对应ID,下一个过程段
,,,,,,,,,,,,,,,,
,skill_process_2,,,,,,,,,,,,,,,
408236,,,,enemyForce|nodead,"attr(""hp"",""min"",1)",,,,,<4081144;4081141;4081142;4081143>,<1;1;1;1>,"<moreE(self:star(),11) and 1 or 0;moreE(self:star(),11) and 1 or 0;moreE(self:star(),11) and 1 or 0;moreE(self:star(),11) and 1 or 0>",,"<0;-0.3*self:defence();-1500;self:damage()*2.4*(self:hasBuff(4081131) and 1.15 or 1)*(less(target:hp()/target:hpMax(),0.5) and (1.1+skillLevel*0.0015-0.0015) or 1)>",,
408237,,,,enemyForce|nodead,"buffDifferExclude('id',{4081144})|random(1)",,,,,<4081141;4081142;4081143>,<1;1;1>,"<self:flagZ3() and (less(self:getBuffOverlayCount(4081145),2) and 1 or 0) or 0;self:flagZ3() and (less(self:getBuffOverlayCount(4081145),2) and 1 or 0) or 0;self:flagZ3() and (less(self:getBuffOverlayCount(4081145),2) and 1 or 0) or 0>",,"<-0.1*target:defence();-1500;self:damage()*2.4*(self:hasBuff(4081131) and 1.15 or 1)*(less(target:hp()/target:hpMax(),0.5) and (1.1+skillLevel*0.0015-0.0015) or 1)>",,
408238,,1,14,,,,,,,<4081145;4081151>,<999;999>,<self:flagZ3() and 1 or 0;self:flagZ3() and 1 or 0>,,<0;0>,,
408261,,1,14,,,,,,,<4081161;4081171>,<999;999>,"<moreE(self:star(),6) and 1 or 0;moreE(self:star(),6) and 1 or 0>",,<0;<0>>,,
408262,,,,selfForce|nodead,"battleFlagDiffer('battleFlag', {1200})",,,,,<4081175;4081176>,<999;999>,"<moreE(self:star(),6) and 1 or 0;moreE(self:star(),6) and 1 or 0>",,<target:Bdamage()*0.05;500>,,
408263,,1,14,,,,,,,<4081181>,<999>,"<moreE(self:star(),8) and 1 or 0>",,<0>,,
408264,,1,14,,,,,,,<4081191;4081195>,<999;999>,"<self:flagZ4() and 1 or 0;moreE(self:star(),8) and 1 or 0>",,<<0>;0>,,
409111,,,,,,,,,,,,,,,409111,
409112,,,,,,,,,,<4091111>,<1>,<1>,,<1>,,
409121,,,,,,,,,,,,,,,409121,
409122,,,,,,,,,,<4091211>,<2>,<1>,,<0>,,
409123,,,,,,,,,,<4091217>,<2>,<self:flagZ2() and 1 or 0>,,<0>,,
409131,,,11,,,,,,,,,,,,409131,
409132,,,11,,,,,,,,,,,,409132,
409133,,,,,,,,,,,,,,,,
409134,,1,14,,,,,,,<4091311>,<1>,<1>,,<self:hpMax()*0.2>,,
409135,,,,enemyForce|nodead,rowback,,,,,<4091312>,<1>,<self:flagZ3() and 1 or 0>,,<0>,,
409136,,1,14,,,,,,,<4091313>,<1>,<1>,,<0>,,
409161,,1,14,,,,,,,<4091611>,<999>,<1>,,<0>,,
409162,,,,selfForce|nodead,"battleFlagDiffer('battleFlag', {1200})|exclude(list(csvSelf:id()))",,,,,<4091612>,<999>,<1>,,<self:BhpMax()*(0.05+skillLevel*0.0005-0.0005)>,,
409163,,1,14,,,,,,,<4091613>,<999>,<1>,,<self:BhpMax()*(0.05+skillLevel*0.0005-0.0005)>,,
409164,,1,14,,,,,,,<4091614>,<999>,<self:flagZ4() and 1 or 0>,,<0>,,
409165,,1,14,,,,,,,<4091621;4091621;4091621>,<999;999;999>,"<moreE(self:star(),6) and 1 or 0;moreE(self:star(),6) and 1 or 0;moreE(self:star(),6) and 1 or 0>",,<0;0;0>,,
409166,,1,14,,,,,,,<4091623>,<999>,<1>,,<0>,,
409171,,,,,,,,,,,,,,,409171,
409172,,1,14,,,,,,,<4091626>,<1>,<1>,,<0>,,
410111,,,,,,,,,,,,,,,410111,
410112,,,,,,,,,,<4101111>,<1>,<self:flagZ1() and 1 or 0>,,"<list(list(c.gabuff1_oc()),2,1)>",,
410113,,,,,,,,,,,,,,,,
410121,,,,,,,,,,,,,,,410121,
410122,,1,14,,,,,,,<4101322>,<4>,<1>,,<0>,,
410123,,,,,,,,,,<4101321>,<5>,<1>,,<<list(2);list(0);list(c.debuff1_debuff2_oc());15;1>>,,
410124,,,,,,,,,,<4101214>,<2>,<self:flagZ2() and 1 or 0>,,<0>,,
410131,,,,,,,,,,,,,,,410131,
410132,,,,,,,,,,,,,,,410132,
410133,,,,,,,,,,<4101211>,<1>,<1>,,<0>,,
410134,,1,14,,,,,,,<4101341>,<1>,<1>,,"<(20+skillLv(41016,41026) *0.2-0.2)*100>",,
410135,,1,14,,,,,,,<4101010>,<1>,"<ifElse(skill:getDamageState('strike'),0,1)>",,<0>,,
410136,,1,14,,,,,,,<4101331>,<1>,"<moreE(self:star(),11) and 1 or 0>",,<0>,,
410161,,1,14,,,,,,,<4101611;4101631>,<999;999>,<1;1>,,<0;0>,,
410162,,1,14,,,,,,,,,,,,,
410163,,,,,,,,,,,,,,,,
410211,,,,,,,,,,,,,,,410211,
410212,,,,,,,,,,<4101111>,<1>,<self:flagZ1() and 1 or 0>,,"<list(list(c.gabuff1_oc()),2,1)>",,
410213,,,,,,,,,,,,,,,,
410221,,,,,,,,,,,,,,,410221,
410222,,1,14,,,,,,,<4101322>,<4>,<1>,,<0>,,
410223,,,,,,,,,,<4101321>,<5>,<1>,,<<list(2);list(0);list(c.debuff1_debuff2_oc());15;1>>,,
410224,,,,,,,,,,<4101214>,<2>,<self:flagZ2() and 1 or 0>,,<0>,,
410231,,,,,,,,,,,,,,,410231,
410232,,,,,,,,,,,,,,,410232,
410233,,,,,,,,,,<4101211>,<1>,<1>,,<0>,,
410234,,1,14,,,,,,,<4101341>,<1>,<1>,,"<(20+skillLv(41016,41026) *0.2-0.2)*100>",,
410235,,1,14,,,,,,,<4101010>,<1>,"<ifElse(skill:getDamageState('strike'),0,1)>",,<0>,,
410236,,1,14,,,,,,,<4101331>,<1>,"<moreE(self:star(),11) and 1 or 0>",,<0>,,
410261,,1,14,,,,,,,<4101611;4101631>,<999;999>,<1;1>,,<0;0>,,
410262,,1,14,,,,,,,,,,,,,
410263,,,,,,,,,,,,,,,,
410311,,,,,,,,,,,,,,,410311,
410312,,1,14,,,,,,,<4103111;4103314>,<2;999>,<1;1>,,<self:Bdefence()*0.2;self:Bdefence()*0.2+(self:hasBuff(4103314) and self:getBuff(4103314):getValue() or 0)>,,
410313,,1,14,,,,,,,<4103114>,<2>,<1>,,<self:Bdamage()*0.1>,,
410314,,1,14,,,,,,,<4103113>,<999>,<self:flagZ1() and 1 or 0>,,<self:defence()*2>,,
410321,,,,,,,,,,,,,,,410321,
410322,,1,14,,,,,,,<4103212;4103211>,<999;1>,<1;1>,,<self:defence()*3;0>,,
410323,,,,selfForce|nodead,"exclude(list(csvSelf:id()))|attrDiffer(""natureType"", {11,17})|attr({""damage"",""specialDamage""},""max"",1)",,,,,<4103212;4103211>,<999;1>,<self:flagZ2() and 1 or 0;self:flagZ2() and 1 or 0>,,<self:defence()*3;0>,,
410331,,,11,,,,,,,,,,,,410331,
410332,,,11,,,,,,,,,,,,410332,
410333,,1,14,,,,,,,<4103321>,<self:hasBuff(4103822) and 2 or 1>,<1>,,<0>,,
410334,,1,14,,,,,,,<4103315>,<self:hasBuff(4103822) and 2 or 1>,<1>,,<0>,,
410335,,1,14,,,,,,,<4103360;4103362>,<self:hasBuff(4103822) and 2 or 1;self:hasBuff(4103822) and 2 or 1>,"<moreE(self:star(),11) and 1 or 0;moreE(self:star(),11) and moreE(self:getBuffOverlayCount(4103621),5) and 1 or 0>",,<0;<0>>,,
410351,,,,,,,,,,,,,,,410351,
410352,,1,14,,,,,,,<4103657>,<999>,<1>,,<self:sTDmg()*1>,,
410353,,,,enemyForce | nodead,useOtherProcess(410351),,,,,<4103658>,<999>,<1>,,<self:defence()*1*self:getBuffOverlayCount(4103621)>,,
410361,,1,14,,,,,,,<4103610>,<999>,<1>,,<<0>>,,
410362,,1,14,,,,,,,<4103631>,<999>,<1>,,<0>,,
410363,,1,14,,,,,,,<4103641>,<999>,"<moreE(self:star(),6) and 1 or 0>",,<0>,,
410364,,1,14,,,,,,,<4103650>,<999>,"<moreE(self:star(),7) and 1 or 0>",,<<0>>,,
410365,,1,14,,,,,,,<4103811>,<999>,"<moreE(self:star(),8) and 1 or 0>",,<0>,,
410366,,1,14,,,,,,,<4103350>,<999>,<self:flagZ3() and 1 or 0>,,<0>,,
410371,,,,,,,,,,,,,,,410341,
410372,,,,,,,,,,<4103617>,<1>,<1>,,<0>,,
410373,,,,selfForce()|nodead,"buffDiffer('id',{4103631})",,,,,<4103621>,<999>,<1>,,<0>,,
410374,,1,14,,,,,,,<4103615;4103228>,<1;1>,<1;1>,,<0;0>,,
410375,,,,selfForce|nodead,"exclude(list(csvSelf:id()))|attrDiffer(""natureType"", {11,17})|shuffle|sortByProcess(""buffDiffer"",{""id"",{4103211}})|limit(1)",,,,,<4103216>,<999>,<1>,,"<<list(1,0,0);1;1>>",,
410381,,,4,,,,,,,,,,,,410341,
410382,,1,14,,,,,,,<4103711>,<1>,<1>,,<<list();list();list(c.zhangaiwuflag_oc())>>,,
410383,,,,enemyForce | nodead,useOtherProcess(410381),,,,,<4103618>,<1>,<1>,,<0>,,
410384,,,,selfForce()|nodead,"buffDiffer('id',{4103631})",,,,,<4103621>,<999>,<1>,,<0>,,
410385,,1,14,,,,,,,<4103615;4103229>,<1;1>,<1;1>,,<0;0>,,
410386,,,,selfForce|nodead,"exclude(list(csvSelf:id()))|attrDiffer(""natureType"", {11,17})|shuffle|sortByProcess(""buffDiffer"",{""id"",{4103211}})|limit(2)",,,,,<4103216>,<999>,<1>,,"<<list(1,0,0);1;1>>",,
410391,,,11,,,,,,,,,,,,410331,
410392,,,11,,,,,,,,,,,,410332,
410393,,1,14,,,,,,,<4103321>,<self:hasBuff(4103822) and 2 or 1>,<1>,,<0>,,
410394,,1,14,,,,,,,<4103315>,<1>,<1>,,<0>,,
410395,,1,14,,,,,,,<4103360;4103362>,<self:hasBuff(4103822) and 2 or 1;self:hasBuff(4103822) and 2 or 1>,"<moreE(self:star(),11) and 1 or 0;moreE(self:star(),11) and moreE(self:getBuffOverlayCount(4103621),5) and 1 or 0>",,<0;<0>>,,
410396,,1,14,,,,,,,<4103355>,<1>,<self:flagZ3() and 1 or 0>,,<0>,,
410411,,,,,,,,,,,,,,,410411,
410412,,1,14,,,,,,,<4104111;4104112>,<2;2>,<1;1>,,<self:BhpMax()*0.1;1000>,,
410413,,,,enemyForce|nodead,"buffDifferExclude('group',{c.fly_notbuff_oc()})|random(1)",,,,,<4104617>,<1>,<self:flagZ1() and 1 or 0>,,<0>,,
410421,,,,,,,,,,,,,,,410421,
410422,,1,14,,,,,,,<4104211>,<1>,<1>,,<0>,,
410423,,,,selfForce|nodead,"exclude(list(csvSelf:id()))|attrDiffer('natureType', {14})|setSelectAttr({""damage"",""specialDamage""},""max"")|attr(""selectAttr"",""max"",1)",,,,,<4104211;4104221>,<1;1>,<1;1>,,<0;1>,,
410424,,,,selfForce|nodead,"otherProcessExcept(410422,410423)|attrDiffer('natureType', {14})|random(1)",,,,,<4104211;4104221>,<1;1>,<self:flagZ2() and 1 or 0;self:flagZ2() and 1 or 0>,,<0;1>,,
410425,,1,14,,,,,,,<4104231>,<1>,<self:flagZ2() and 1 or 0>,,"<min(self:hpMax()*0.15,self:specialDamage()*3)>",,
410431,,,,enemyForce | nodead,random(1),,,,,,,,,,,
410432,,,,enemyForce | nodead,otherProcessExcept(410431)|random(1),,,,,,,,,,,
410433,,,,enemyForce | nodead,"otherProcessExcept(410431,410432)|random(1)",,,,,,,,,,,{prob=(self:flagZ3() and 1 or 0);needUpdateTarget=TRUE}
410434,,,,enemyForce | nodead,"buffDifferExclude('group',{c.fly_notbuff_oc()})|random(3)",,,,,,,,,,410431,
410435,,,,enemyForce | nodead,useOtherProcess(410434),,,,,,,,,,410432,
410436,,,,enemyForce | nodead,useOtherProcess(410434),,,,,<4104311>,<1>,<target:natureIntersection(list(16)) and 0 or 1>,,<0>,,
410437,,1,14,,,,,,,<4104321>,<1>,<1>,,<<0>>,,
410461,,1,14,,,,,,,<4104611;4104711;4104851>,<999;999;999>,<1;1;1>,,<0;0;0>,,
410462,,1,14,,,,,,,<4104661>,<999>,"<moreE(self:star(),6) and 1 or 0>",,<0>,,
410463,,1,14,,,,,,,<4104910>,<999>,"<moreE(self:star(),7) and 1 or 0>",,<<0>>,,
410464,,1,14,,,,,,,<4104411>,<999>,"<moreE(self:star(),8) and 0 or 0>",,<0>,,
410465,,1,14,,,,,,,<4104000;4104001>,<999;999>,<1;1>,,<0;0>,,
410466,,1,14,,,,,,,<4104351>,<999>,<0>,,<<0>>,,
410467,,1,14,,,,,,,<4104651;4104651;4104651>,<999;999;999>,<1;1;1>,,<0;0;0>,,
410471,,,,,,,,,,,,,,,402411,
410472,,,,,,,,,,<4104617>,<1>,<1>,,<0>,,
410511,,,,,,,,,,,,,,,410511,
410521,,,,,,,,,,,,,,,410521,
410531,,,11,,,,,,,,,,,,410531,
410532,,,11,,,,,,,,,,,,410532,
410551,,,,,,,,,,,,,,,410551,
410561,,1,14,,,,,,,<4103000>,<999>,<1>,,<0>,,
410571,,,,,,,,,,,,,,,410541,
410581,,,4,,,,,,,,,,,,410541,
410591,,,11,,,,,,,,,,,,410531,
410592,,,11,,,,,,,,,,,,410532,
410611,,,,,,,,,,,,,,,410611,
410621,,,,,,,,,,,,,,,410621,
410634,,,,enemyForce | nodead,"buffDifferExclude('group',{c.fly_notbuff_oc()})|random(3)",,,,,,,,,,410631,
410635,,,,enemyForce | nodead,useOtherProcess(410634),,,,,,,,,,410632,
410636,,,,enemyForce | nodead,useOtherProcess(410634),,,,,<4104311>,<1>,<target:natureIntersection(list(16)) and 0 or 1>,,<0>,,
410665,,1,14,,,,,,,<4104000;4104002>,<999;999>,<1;1>,,<0;0>,,
411111,,,,,,,,,,,,,,,411111,
411112,,1,14,,,,,,,<4112111>,<2>,<1>,,<1000>,,
411113,,,,,,,,,,<4112121>,<2>,<self:flagZ1() and 1 or 0>,,<0>,,
411121,,,4,,,,,,,,,,,,411121,
411122,,1,14,,,,,,,<4112211>,<3>,<1>,,<<2;100;1>>,,
411123,,,,selfForce | nodead,"exclude(list(csvSelf:id()))|buffDifferExclude('id',{4112211})|random(1)",,,,,<4112211>,<3>,<1>,,<<2;100;1>>,,
411131,,,,selectedTwoColumn,,,,,,,,,,,411131,
411132,,,,enemyForce | nodead,useOtherProcess(411131),,,,,,,,,,411132,
411133,,1,14,,,,,,,<4112311;4112331>,<3;999>,<1;1>,,<0;0>,,
411134,,,,enemyForce | nodead,"buffDifferExclude('id',{4112633})|random(1)",,,,,<4112632>,<1>,"<moreE(self:star(),11) and 1 or 0>",,<0>,,
411135,,,,selfForce | nodead,"exclude(list(csvSelf:id()))|attrDiffer('natureType', {17,18})|setSelectAttr({'damage','specialDamage'},'max')|attrWitOutFilter('selectAttr','max',1)",,,,,<4112610>,<1>,<self:flagZ3() and 1 or 0>,,<0>,,
411161,,1,14,,,,,,,<4112631>,<999>,<1>,,<0>,,
411162,,1,14,,,,,,,<4112681>,<1>,<self:flagZ4() and 1 or 0>,,<0>,,
411163,,,,,,,,,,,,,,,,
411211,,,,,,,,,,,,,,,411211,
411212,,1,14,,,,,,,<4112111>,<2>,<1>,,<500>,,
411213,,,,,,,,,,<4112121>,<2>,<self:flagZ1() and 1 or 0>,,<0>,,
411221,,,4,,,,,,,,,,,,411221,
411222,,1,14,,,,,,,<4112211>,<3>,<1>,,<<2;100;1>>,,
411223,,,,selfForce | nodead,"exclude(list(csvSelf:id()))|buffDifferExclude('id',{4112211})|random(1)",,,,,<4112211>,<3>,<1>,,<<2;100;1>>,,
411231,,,,selectedTwoColumn,,,,,,,,,,,411231,
411232,,,,enemyForce | nodead,useOtherProcess(411131),,,,,,,,,,411232,
411233,,1,14,,,,,,,<4112311;4112331>,<3;999>,<1;1>,,<0;0>,,
411234,,,,enemyForce | nodead,"buffDifferExclude('id',{4112633})|random(1)",,,,,<4112632>,<1>,"<moreE(self:star(),11) and 1 or 0>",,<0>,,
411235,,,,selfForce | nodead,"exclude(list(csvSelf:id()))|attrDiffer('natureType', {17,18})|setSelectAttr({'damage','specialDamage'},'max')|attrWitOutFilter('selectAttr','max',1)",,,,,<4112610>,<1>,<self:flagZ3() and 1 or 0>,,<0>,,
411261,,1,14,,,,,,,<4112631>,<999>,<1>,,<0>,,
411262,,1,14,,,,,,,<4112681>,<1>,<self:flagZ4() and 1 or 0>,,<0>,,
411263,,,,,,,,,,,,,,,,
412111,,,,,,,,,,,,,,,412111,
412112,,1,14,,,,,,,<4122111;4122114>,<999;2>,<1;1>,,<0;2000>,,
412113,,,,,,,,,,<4122113>,<1>,<self:hasBuff(4122112) and 1 or 0>,,<-100>,,
412114,,1,14,,,,,,,<4122121>,<1>,<self:flagZ1() and 1 or 0>,,<1500>,,
412121,,,,,,,,,,,,,,,412121,
412122,,1,14,,,,,,,<4122211>,<1>,<1>,,<5000>,,
412131,,,,,,,,,,,,,,,412131,
412132,,,,,,,,,,,,,,,412132,
412133,,1,14,,,,,,,<4122341>,<1>,"<moreE(self:star(),11) and 1 or 0>",,<<self:flag(200) and 41224 or 41214>>,,
412134,,1,14,,,,,,,<4122311>,<2>,<1>,,"<<list(1,0,0);1;1;list(self:flag(200) and 41229 or 41219)>>",,
412135,,,,selfForce,"exclude(list(csvSelf:id()))|attrDiffer(""natureType"", {14,7})",,,,,<4122351>,<1>,<self:flagZ3() and 1 or 0>,,<0>,,
412141,,,,,,,,,,,,,,,412148,
412142,,1,14,,,,,,,,,,,,,
412161,,1,14,,,,,,,<4122611;4122621>,<999;999>,<1;1>,,<2500;0>,,
412162,,1,14,,,,,,,<4122661;4122681>,<999;999>,"<moreE(self:star(),6) and 1 or 0;moreE(self:star(),8) and 1 or 0>",,<0;<1;1;0>>,,
412163,,,,selfForce,"exclude(list(csvSelf:id()))|attrDiffer(""natureType"", {14})|random(1)",,,,,<4122611>,<999>,<1>,,<2500>,,
412191,,,,,,,,,,,,,,,412191,
412192,,,,enemyForce | nodead,,"{process={key=self:curSkill():checkProcessTargetsState(412191,""nodead"");value=<useOtherProcess(412191);attr(""hp"",""min"",1)>}}",,,,,,,,,412192,{prob=1;needUpdateTarget=TRUE}
412193,,,,enemyForce | nodead,,"{process={key=self:curSkill():checkProcessTargetsState(412192,""nodead"");value=<useOtherProcess(412192);attr(""hp"",""min"",1)>}}",,,,,,,,,412193,{prob=1;needUpdateTarget=TRUE}
412194,,,,enemyForce | nodead,,"{process={key=self:curSkill():checkProcessTargetsState(412193,""nodead"");value=<useOtherProcess(412193);attr(""hp"",""min"",1)>}}",,,,,,,,,412194,{prob=1;needUpdateTarget=TRUE}
412195,,,,enemyForce | nodead,,"{process={key=self:curSkill():checkProcessTargetsState(412194,""nodead"");value=<useOtherProcess(412194);attr(""hp"",""min"",1)>}}",,,,,,,,,412195,{prob=1;needUpdateTarget=TRUE}
412196,,,,enemyForce | nodead,,"{process={key=self:curSkill():checkProcessTargetsState(412195,""nodead"");value=<useOtherProcess(412195);random(1)>}}",,,,<4122321>,<2>,<self:hasBuff(4122682) and 0 or 1>,,<0>,,{prob=1;needUpdateTarget=TRUE}
412197,,1,14,,,,,,,<4122111;4122111;4122111>,<999;999;999>,<1;1;1>,,<0;0;0>,,
412198,,,,,,,,,,<4122113>,<1>,<self:hasBuff(4122112) and 1 or 0>,,<-100>,,
412199,,1,14,,,,,,,<4122688>,<1>,<self:hasBuff(4122682) and 1 or 0>,,<0>,,
412211,,,,,,,,,,,,,,,412211,
412212,,1,14,,,,,,,<4122111;4122114>,<999;2>,<1;1>,,<0;2000>,,
412213,,,,,,,,,,<4122113>,<1>,<self:hasBuff(4122112) and 1 or 0>,,<-100>,,
412214,,1,14,,,,,,,<4122121>,<1>,<self:flagZ1() and 1 or 0>,,<1500>,,
412221,,,,,,,,,,,,,,,412221,
412222,,1,14,,,,,,,<4122211>,<1>,<1>,,<5000>,,
412231,,,,,,,,,,,,,,,412231,
412232,,,,,,,,,,,,,,,412232,
412233,,1,14,,,,,,,<4122341>,<1>,"<moreE(self:star(),11) and 1 or 0>",,<<self:flag(200) and 41224 or 41214>>,,
412234,,1,14,,,,,,,<4122311>,<2>,<1>,,"<<list(1,0,0);1;1;list(self:flag(200) and 41229 or 41219)>>",,
412235,,,,selfForce,"exclude(list(csvSelf:id()))|attrDiffer(""natureType"", {14,7})",,,,,<4122351>,<1>,<self:flagZ3() and 1 or 0>,,<0>,,
412241,,,,,,,,,,,,,,,412248,
412242,,1,14,,,,,,,,,,,,,
412261,,1,14,,,,,,,<4122611;4122621>,<999;999>,<1;1>,,<2500;0>,,
412262,,1,14,,,,,,,<4122661;4122681>,<999;999>,"<moreE(self:star(),6) and 1 or 0;moreE(self:star(),8) and 1 or 0>",,<0;<1;1;0>>,,
412263,,,,selfForce,"exclude(list(csvSelf:id()))|attrDiffer(""natureType"", {14})|random(1)",,,,,<4122611>,<999>,<1>,,<2500>,,
412291,,,,,,,,,,,,,,,412291,
412292,,,,enemyForce | nodead,,"{process={key=self:curSkill():checkProcessTargetsState(412291,""nodead"");value=<useOtherProcess(412291);attr(""hp"",""min"",1)>}}",,,,,,,,,412292,{prob=1;needUpdateTarget=TRUE}
412293,,,,enemyForce | nodead,,"{process={key=self:curSkill():checkProcessTargetsState(412292,""nodead"");value=<useOtherProcess(412292);attr(""hp"",""min"",1)>}}",,,,,,,,,412293,{prob=1;needUpdateTarget=TRUE}
412294,,,,enemyForce | nodead,,"{process={key=self:curSkill():checkProcessTargetsState(412293,""nodead"");value=<useOtherProcess(412293);attr(""hp"",""min"",1)>}}",,,,,,,,,412294,{prob=1;needUpdateTarget=TRUE}
412295,,,,enemyForce | nodead,,"{process={key=self:curSkill():checkProcessTargetsState(412294,""nodead"");value=<useOtherProcess(412294);attr(""hp"",""min"",1)>}}",,,,,,,,,412295,{prob=1;needUpdateTarget=TRUE}
412296,,,,enemyForce | nodead,,"{process={key=self:curSkill():checkProcessTargetsState(412295,""nodead"");value=<useOtherProcess(412295);random(1)>}}",,,,<4122321>,<2>,<self:hasBuff(4122682) and 0 or 1>,,<0>,,{prob=1;needUpdateTarget=TRUE}
412297,,1,14,,,,,,,<4122111;4122111;4122111>,<999;999;999>,<1;1;1>,,<0;0;0>,,
412298,,,,,,,,,,<4122113>,<1>,<self:hasBuff(4122112) and 1 or 0>,,<-100>,,
412299,,1,14,,,,,,,<4122688>,<1>,<self:hasBuff(4122682) and 1 or 0>,,<0>,,
412311,,,,,,,,,,,,,,,412311,
412312,,1,14,,,,,,,<4023645;4023111;4023112>,<999;2;2>,<1;self:flagZ1() and 0 or 1;self:flagZ1() and 1 or 0>,,<self:Bdefence()*(self:flagZ1() and 0.3 or 0.2)+(self:hasBuff(4023645) and self:getBuff(4023645):getValue() or 0);self:Bdefence()*0.2;self:Bdefence()*0.3>,,
412321,,,,,,,,,,,,,,,412321,
412322,,1,14,,,,,,,<4023211>,<999>,<1>,,<0>,,
412323,,,,selfForce()|nodead,"exclude(list(csvSelf:id()))|selfRowOptional|attrDifferOptional(""natureType"", {11,17})|random(1)",,,,,<4023221>,<999>,<1>,,<0>,,
412324,,,,selfForce()|nodead,"exclude(list(csvSelf:id()))|attrDiffer(""natureType"", {11,17})|random(1)",,,,,<4023211>,<999>,<self:flagZ2() and 1 or 0>,,<0>,,
412331,,,11,,,,,,,<4023331>,<2>,"<moreE(self:star(),11) and 1 or 0>",,<0>,412331,
412332,,,11,,,,,,,,,,,,412332,
412333,,,,enemyForce | nodead,curSelected,,,,,,,,,,,
412334,,,,enemyForce | nodead,otherProcessExcept(412333)|random(2),,,,,,,,,,,
412335,,,11,,,,,,,,,,,,,
412336,,,,enemyForce | nodead,,"{process={keyNum=self:flagZ3() and 2 or 1;value=<useOtherProcess(412333,412334);useOtherProcess(412335)>}}",,,,<4023311>,<1>,<1>,,<<0;3;3;0;100;10;40239>>,,
412337,,1,14,,,,,,,<4023321>,<1>,<1>,,<0>,,
412338,,,,enemyForce | nodead,useOtherProcess(412331),,,,,<4023352>,<1>,<self:flagZ3() and 1 or 0>,,<self:defence()+self:specialDefence()>,,
412341,,1,14,,,,,,,<4023630>,<999>,"<moreE(self:star(),6) and 1 or 0>",,<<0>>,,
412351,,,,,,,,,,,,,,,412351,
412352,,1,14,,,,,,,<4023636;4023637>,<999;1>,<1;1>,,<0;self:curSkill():getTotalDamage()*0.5>,,
412361,,1,14,,,,,,,<4023611>,<999>,<1>,,<0>,,
412362,,1,14,,,,,,,<4023621>,<999>,<1>,,<0>,,
412363,,1,14,,,,,,,<4023641>,<999>,"<moreE(self:star(),8) and 1 or 0>",,<0>,,
412364,,1,14,,,,,,,<4023351>,<999>,<self:flagZ3() and 1 or 0>,,<<list(41233);list(41238)>>,,
412371,,,,,,,,,,<4023711>,<2>,<1>,,<-target:defence()*0.05>,412311,
412411,,,,,,,,,,,,,,,412411,
412412,,1,14,,,,,,,<4024111>,<2>,<1>,,"<min(self:BhpMax()*0.1,self:BspecialDamage()*3)>",,
412413,,,,enemyForce | nodead,"buffDifferOptional('id',{4024311})|random(1)",,,,,<4024321>,<1>,<self:flagZ1() and 1 or 0>,,<0>,,
412421,,,,,,,,,,,,,,,412421,
412422,,1,14,,,,,,,<4024211>,<1>,<1>,,<<1;1;1>>,,
412423,,,,selfForce|nodead,"exclude(list(csvSelf:id()))|attrDiffer('natureType', {14})|setSelectAttr({""damage"",""specialDamage""},""max"")|attr(""selectAttr"",""max"",1)",,,,,<4024211>,<1>,<1>,,<<1;1;1>>,,
412424,,,,selfForce|nodead,"otherProcessExcept(412422,412423)|attrDiffer('natureType', {14})|random(1)",,,,,<4024211>,<1>,<self:flagZ2() and 1 or 0>,,<<1;1;1>>,,
412425,,1,14,,,,,,,<4024212>,<1>,<self:flagZ2() and 1 or 0>,,"<min(self:hpMax()*0.15,self:specialDamage()*3)>",,
412431,,,,enemyForce | nodead,random(1),,,,,,,,,,,
412432,,,,enemyForce | nodead,otherProcessExcept(412431)|random(1),,,,,,,,,,,
412433,,,,enemyForce | nodead,"otherProcessExcept(412431,412432)|random(1)",,,,,,,,,,,{prob=(self:flagZ3() and 1 or 0);needUpdateTarget=TRUE}
412434,,,,enemyForce | nodead,,"{process={keyNum=self:flagZ3() and 2 or 1;value=<useOtherProcess(412431,412432);useOtherProcess(412431,412432,412433)>}}",,,,,,,,,412431,
412435,,,,enemyForce | nodead,useOtherProcess(412434),,,,,,,,,,412432,
412436,,,,enemyForce | nodead,useOtherProcess(412434),,,,,<4024311>,"<moreE(self:star(),11) and 2 or 1>",<1>,,<0>,,
412437,,1,14,,,,,,,<4024331>,<1>,<1>,,<0>,,
412461,,1,14,,,,,,,<4024611>,<999>,<1>,,<0>,,
412462,,1,14,,,,,,,<4024911>,<999>,<1>,,<0>,,
412463,,1,14,,,,,,,<4024711>,<999>,"<moreE(self:star(),6) and 1 or 0>",,<0>,,
412464,,1,14,,,,,,,<4024810>,<999>,"<moreE(self:star(),8) and 1 or 0>",,<0>,,
412465,,,,selfForce|nodead,"exclude(list(csvSelf:id()))|attrDiffer('natureType', {14})",,,,,<4024811>,<999>,"<moreE(self:star(),8) and 1 or 0>",,<target:id()>,,
413111,,,,,,,,,,,,,,,413111,
413112,,,,,,,,,,<4131111>,<3>,<self:flagZ1() and 0.8 or 0.6>,,<self:specialDamage()*0.4>,,
413121,,,,,,,,,,,,,,,413121,
413122,,,,,,,,,,<4131111>,<3>,<self:flagZ2() and 1 or 0.6>,,<self:specialDamage()*0.4>,,
413123,,1,14,,,,,,,<4131121>,<2>,<1>,,<3000>,,
413131,,,4,,,,,,,,,,,,413131,
413132,,,4,,,,,,,,,,,,413132,
413133,,,4,,,,,,,<4131111;4131111;4131112>,<3;3;1>,"<1;moreE(self:star(),11) and 1 or 0;self:flagZ3() and lessE((target:hp()/target:hpMax()),0.3) and 1 or 0>",,<self:specialDamage()*0.4;self:specialDamage()*0.4;3000>,,
413134,,1,14,,,,,,,<4131122;4131123>,<1;1>,"<moreE(self:star(),11) and 1 or 0;moreE(self:star(),11) and 1 or 0>",,<3000;6000>,,
413135,,,4,,,,,,,<4131115>,<1>,<1>,,<self:specialDamage()*0.4*target:getBuffOverlayCount(4131111)>,,
413161,,1,14,,,,,,,<4131116>,<999>,<1>,,<0>,,
413162,,1,14,,,,,,,<4131120>,<999>,"<moreE(self:star(),8) and 1 or 0>",,<0>,,
413163,,1,14,,,,,,,<4131124>,<999>,<self:flagZ4() and 1 or 0>,,<0>,,
413211,,,,,,,,,,,,,,,413211,
413212,,,,,,,,,,<4131111>,<3>,<self:flagZ1() and 0.8 or 0.6>,,<self:specialDamage()*0.4>,,
413221,,,,,,,,,,,,,,,413221,
413222,,,,,,,,,,<4131111>,<3>,<self:flagZ2() and 1 or 0.6>,,<self:specialDamage()*0.4>,,
413223,,1,14,,,,,,,<4131121>,<2>,<1>,,<3000>,,
413231,,,4,,,,,,,,,,,,413231,
413232,,,4,,,,,,,,,,,,413232,
413233,,,4,,,,,,,<4131111;4131111;4131112>,<3;3;1>,"<1;moreE(self:star(),11) and 1 or 0;self:flagZ3() and lessE((target:hp()/target:hpMax()),0.3) and 1 or 0>",,<self:specialDamage()*0.4;self:specialDamage()*0.4;3000>,,
413234,,1,14,,,,,,,<4131122;4131123>,<1;1>,"<moreE(self:star(),11) and 1 or 0;moreE(self:star(),11) and 1 or 0>",,<3000;6000>,,
413235,,,4,,,,,,,<4131115>,<1>,<1>,,<self:specialDamage()*0.4*target:getBuffOverlayCount(4131111)>,,
413261,,1,14,,,,,,,<4131116>,<999>,<1>,,<0>,,
413262,,1,14,,,,,,,<4131120>,<999>,"<moreE(self:star(),8) and 1 or 0>",,<0>,,
413263,,1,14,,,,,,,<4131124>,<999>,<self:flagZ4() and 1 or 0>,,<0>,,
414111,,,,,,,,,,,,,,,414111,
414112,,1,14,,,,,,,<4141111>,<2>,<1>,,<0>,,
414121,,,,,,,,,,,,,,,100,
414122,,1,14,,,,,,,<4141121;4141127>,<999;999>,<1;(countForceNum(self:force())==1) and 1 or 0>,,<self:defence()*(self:flagZ2() and 3.4 or 3)+skillLevel*4*48;1200>,,
414123,,1,,,,,,,,<4141122>,<3>,<target:id()==self:id() and 0 or 1>,,<<2;0;1;1;1;1;1;1>>,,
414131,,,11,,,,,,,,,,,,414131,
414132,,,11,,,,,,,,,,,,414132,
414133,,1,14,,,,,,,<4141131>,<1>,<1>,,<self:hp()*0.1>,,
414134,,1,14,,,,,,,<4141134>,<999>,<1>,,<0>,,
414161,,1,14,,,,,,,<4141161;4141195>,<999;1>,<1;1>,,<0;0>,,
414162,,1,14,,,,,,,<4141171>,<999>,"<moreE(self:star(),6) and 1 or 0>",,<0>,,
414163,,1,14,,,,,,,<4141181>,<999>,"<moreE(self:star(),6) and 1 or 0>",,<0>,,
414164,,1,14,,,,,,,<4141143;4141173;4141173;4141173;4141173;4141173>,<1;999;999;999;999;999>,"<moreE(self:star(),8) and 1 or 0;moreE(self:star(),8) and 1 or 0;moreE(self:star(),8) and 1 or 0;moreE(self:star(),8) and 1 or 0;moreE(self:star(),8) and 1 or 0;moreE(self:star(),8) and 1 or 0>",,<0;0;0;0;0;0>,,
414165,,,,selfForce | nodead,"exclude(list(csvSelf:id()))|attrDiffer(""natureType"", {13,17})|random(1)",,,,,<4141191>,<999>,<1>,,<0>,,
414211,,,,,,,,,,,,,,,414211,
414212,,1,14,,,,,,,<4141111>,<2>,<1>,,<0>,,
414221,,,,,,,,,,,,,,,100,
414222,,1,14,,,,,,,<4141121;4141127>,<999;999>,<1;(countForceNum(self:force())==1) and 1 or 0>,,<self:defence()*(self:flagZ2() and 3.4 or 3)+skillLevel*4*48;1200>,,
414223,,1,,,,,,,,<4141122>,<3>,<target:id()==self:id() and 0 or 1>,,<<2;0;1;1;1;1;1;1>>,,
414231,,,11,,,,,,,,,,,,414231,
414232,,,11,,,,,,,,,,,,414232,
414233,,1,14,,,,,,,<4141131>,<1>,<1>,,<self:hp()*0.1>,,
414234,,1,14,,,,,,,<4141134>,<999>,<1>,,<0>,,
414261,,1,14,,,,,,,<4141161;4141195>,<999;1>,<1;1>,,<0;0>,,
414262,,1,14,,,,,,,<4141171>,<999>,"<moreE(self:star(),6) and 1 or 0>",,<0>,,
414263,,1,14,,,,,,,<4141181>,<999>,"<moreE(self:star(),6) and 1 or 0>",,<0>,,
414264,,1,14,,,,,,,<4141143;4141173;4141173;4141173;4141173;4141173>,<1;999;999;999;999;999>,"<moreE(self:star(),8) and 1 or 0;moreE(self:star(),8) and 1 or 0;moreE(self:star(),8) and 1 or 0;moreE(self:star(),8) and 1 or 0;moreE(self:star(),8) and 1 or 0;moreE(self:star(),8) and 1 or 0>",,<0;0;0;0;0;0>,,
414265,,,,selfForce | nodead,"exclude(list(csvSelf:id()))|attrDiffer(""natureType"", {13,17})|random(1)",,,,,<4141191>,<999>,<1>,,<0>,,
415111,,,,,,,,,,,,,,,415111,
415112,,1,14,,,,,,,<4151111>,<2>,<1>,,<self:flagZ1() and 1000 or 500>,,
415113,,,11,,,,,,,<4151133>,<1>,<target:hasBuff(4151132) and (0.2+skillLevel*0.015-0.015) or 0>,,<0>,,
415114,,1,14,,,,,,,<4151136;4151137>,<1;1>,<target:hasBuff(4151132) and 1 or 0;target:hasBuff(4151132) and 1 or 0>,,<1000;1500>,,
415121,,,,,,,,,,,,,,,415121,
415122,,,,,,,,,,<4151121>,<2>,<1>,,<0>,,
415123,,,11,,,,,,,<4151133>,<1>,<target:hasBuff(4151132) and (0.2+skillLevel*0.015-0.015) or 0>,,<0>,,
415124,,1,14,,,,,,,<4151136;4151137>,<1;1>,<target:hasBuff(4151132) and 1 or 0;target:hasBuff(4151132) and 1 or 0>,,<1000;1500>,,
415131,,,11,,,,,,,,,,,,415131,
415132,,,11,,,,,,,,,,,,415132,
415133,,1,14,,,,,,,<4151131>,<999>,"<moreE(self:star(),11) and 1 or 0>",,<0>,,
415134,,,,enemyForce | nodead,"random(ifElse(self:hasBuff(4151131),4,2))",,,,,<4151132>,<2>,<1>,,<0>,,
415135,,,11,,,,,,,<4151133>,<1>,<target:hasBuff(4151132) and (0.2+skillLevel*0.015-0.015) or 0>,,<0>,,
415136,,1,14,,,,,,,<4151136;4151137>,<1;1>,<target:hasBuff(4151132) and 1 or 0;target:hasBuff(4151132) and 1 or 0>,,<1000;1500>,,
415137,,1,14,,,,,,,<4151138;4151139>,<999;1>,<1;self:flagZ3() and 1 or 0>,,<0;0>,,
415161,,1,14,,,,,,,<4151161>,<999>,<1>,,<0>,,
415162,,,,selfForce|nodead,"battleFlagDiffer('battleFlag', {1200})",,,,,<4151167;4151168>,<999;999>,"<moreE(self:star(),6) and 1 or 0;moreE(self:star(),6) and 1 or 0>",,<600;600>,,
415163,,1,14,,,,,,,<4151171>,<999>,"<moreE(self:star(),8) and 1 or 0>",,<<0;self:hpMax()*0.01;0;15>>,,
416111,,,,,,,,,,,,,,,416111,
416112,,1,14,,,,,,,<4162111>,<2>,<self:flagZ1() and 1 or 0>,,<self:Bspeed()*0.06>,,
416113,,,,,,,,,,,,,,,,
416121,,,,,,,,,,,,,,,416121,
416122,,1,14,,,,,,,<4162211>,<2>,<1>,,<0>,,
416123,,1,14,,,,,,,<4162221>,<2>,<1>,,<0>,,
416131,,1,14,,,,,,,<4162310;4162330>,"<1;(lessE(self:getBuffOverlayCount(4162341),2) and self:flagZ3()) and 2 or 1>","<1;self:hasBuff(4162330) and 0 or (moreE(self:star(),11) and (self:hasBuff(4162212) and 1 or 0) or 0)>",,<0;0>,,
416132,,,,,,,,,,<4162351>,<1>,"<moreE(self:star(),11) and 1 or 0>",,<self:damage()*1>,416131,{prob=self:hasBuff(4162330) and 0 or 1;needUpdateTarget=TRUE}
416133,,,,enemyForce | nodead,"buffDifferExclude('group',{c.yinshenplus_oc()})|random(1)",,,,,<4162351>,<1>,"<moreE(self:star(),11) and 1 or 0>",,<self:damage()*1>,416132,{prob=self:hasBuff(4162330) and 0 or 1;needUpdateTarget=TRUE}
416134,,,,enemyForce | nodead,"buffDifferExclude('group',{c.yinshenplus_oc()})|random(1)",,,,,<4162351>,<1>,"<moreE(self:star(),11) and 1 or 0>",,<self:damage()*1>,416133,{prob=self:hasBuff(4162330) and 0 or 1;needUpdateTarget=TRUE}
416135,,,,enemyForce | nodead,"buffDifferExclude('group',{c.yinshenplus_oc()})|random(1)",,,,,<4162351>,<1>,"<moreE(self:star(),11) and 1 or 0>",,<self:damage()*1>,416134,{prob=self:hasBuff(4162330) and 0 or 1;needUpdateTarget=TRUE}
416136,,,,enemyForce | nodead,"buffDifferExclude('group',{c.yinshenplus_oc()})|random(1)",,,,,<4162351>,<1>,"<moreE(self:star(),11) and 1 or 0>",,<self:damage()*1>,416135,{prob=self:hasBuff(4162330) and 0 or 1;needUpdateTarget=TRUE}
416137,,,,,,,,,,<4162351>,<1>,"<moreE(self:star(),11) and 1 or 0>",,<self:damage()*1>,416136,{prob=self:hasBuff(4162330) and 1 or 0;needUpdateTarget=TRUE}
416138,,,,enemyForce | nodead,"buffDifferExclude('group',{c.yinshenplus_oc()})|random(1)",,,,,<4162351>,<1>,"<moreE(self:star(),11) and 1 or 0>",,<self:damage()*1>,416137,{prob=self:hasBuff(4162330) and 1 or 0;needUpdateTarget=TRUE}
416139,,,,enemyForce | nodead,"buffDifferExclude('group',{c.yinshenplus_oc()})|random(1)",,,,,<4162351>,<1>,"<moreE(self:star(),11) and 1 or 0>",,<self:damage()*1>,416138,{prob=self:hasBuff(4162330) and 1 or 0;needUpdateTarget=TRUE}
416140,,,,enemyForce | nodead,"buffDifferExclude('group',{c.yinshenplus_oc()})|random(1)",,,,,<4162351>,<1>,"<moreE(self:star(),11) and 1 or 0>",,<self:damage()*1>,416139,{prob=self:hasBuff(4162330) and 1 or 0;needUpdateTarget=TRUE}
416141,,,,enemyForce | nodead,"buffDifferExclude('group',{c.yinshenplus_oc()})|random(1)",,,,,<4162351>,<1>,"<moreE(self:star(),11) and 1 or 0>",,<self:damage()*1>,416140,{prob=self:hasBuff(4162330) and 1 or 0;needUpdateTarget=TRUE}
416142,,,,enemyForce | nodead,"buffDifferExclude('group',{c.yinshenplus_oc()})|random(1)",,,,,<4162351>,<1>,"<moreE(self:star(),11) and 1 or 0>",,<self:damage()*1>,416141,{prob=self:hasBuff(4162330) and 1 or 0;needUpdateTarget=TRUE}
416143,,,11,,,,,,,,,,,,416142,
416144,,,11,,,,,,,,,,,,416143,
416145,,1,14,,,,,,,<4162312;4162341>,<1;999>,"<moreE(countObjByBuff(3-self:force(),{4162311}),3) and 1 or 1;1>",,<0;0>,,
416146,,1,14,,,,,,,<4162321>,<1>,<self:flagZ3() and 1 or 0>,,<300>,,
416161,,1,14,,,,,,,<4162611;4162621>,<999;999>,<1;1>,,<0;0>,,
416162,,1,14,,,,,,,<4162681>,<999>,"<moreE(self:star(),8) and 1 or 0>",,<0>,,
416163,,1,14,,,,,,,<4162690>,<5>,"<moreE(self:star(),11) and 1 or 0>",,<2500>,,
416211,,,,,,,,,,,,,,,416211,
416212,,1,14,,,,,,,<4162111>,<2>,<self:flagZ1() and 1 or 0>,,<self:Bspeed()*0.06>,,
416213,,,,,,,,,,,,,,,,
416221,,,,,,,,,,,,,,,416221,
416222,,1,14,,,,,,,<4162211>,<2>,<1>,,<0>,,
416223,,1,14,,,,,,,<4162221>,<2>,<1>,,<0>,,
416231,,1,14,,,,,,,<4162310;4162330>,"<1;(lessE(self:getBuffOverlayCount(4162341),2) and self:flagZ3()) and 2 or 1>","<1;self:hasBuff(4162330) and 0 or (moreE(self:star(),11) and (self:hasBuff(4162212) and 1 or 0) or 0)>",,<0;0>,,
416232,,,,,,,,,,<4162351>,<1>,"<moreE(self:star(),11) and 1 or 0>",,<self:damage()*1>,416231,{prob=self:hasBuff(4162330) and 0 or 1;needUpdateTarget=TRUE}
416233,,,,enemyForce | nodead,"buffDifferExclude('group',{c.yinshenplus_oc()})|random(1)",,,,,<4162351>,<1>,"<moreE(self:star(),11) and 1 or 0>",,<self:damage()*1>,416232,{prob=self:hasBuff(4162330) and 0 or 1;needUpdateTarget=TRUE}
416234,,,,enemyForce | nodead,"buffDifferExclude('group',{c.yinshenplus_oc()})|random(1)",,,,,<4162351>,<1>,"<moreE(self:star(),11) and 1 or 0>",,<self:damage()*1>,416233,{prob=self:hasBuff(4162330) and 0 or 1;needUpdateTarget=TRUE}
416235,,,,enemyForce | nodead,"buffDifferExclude('group',{c.yinshenplus_oc()})|random(1)",,,,,<4162351>,<1>,"<moreE(self:star(),11) and 1 or 0>",,<self:damage()*1>,416234,{prob=self:hasBuff(4162330) and 0 or 1;needUpdateTarget=TRUE}
416236,,,,enemyForce | nodead,"buffDifferExclude('group',{c.yinshenplus_oc()})|random(1)",,,,,<4162351>,<1>,"<moreE(self:star(),11) and 1 or 0>",,<self:damage()*1>,416235,{prob=self:hasBuff(4162330) and 0 or 1;needUpdateTarget=TRUE}
416237,,,,,,,,,,<4162351>,<1>,"<moreE(self:star(),11) and 1 or 0>",,<self:damage()*1>,416236,{prob=self:hasBuff(4162330) and 1 or 0;needUpdateTarget=TRUE}
416238,,,,enemyForce | nodead,"buffDifferExclude('group',{c.yinshenplus_oc()})|random(1)",,,,,<4162351>,<1>,"<moreE(self:star(),11) and 1 or 0>",,<self:damage()*1>,416237,{prob=self:hasBuff(4162330) and 1 or 0;needUpdateTarget=TRUE}
416239,,,,enemyForce | nodead,"buffDifferExclude('group',{c.yinshenplus_oc()})|random(1)",,,,,<4162351>,<1>,"<moreE(self:star(),11) and 1 or 0>",,<self:damage()*1>,416238,{prob=self:hasBuff(4162330) and 1 or 0;needUpdateTarget=TRUE}
416240,,,,enemyForce | nodead,"buffDifferExclude('group',{c.yinshenplus_oc()})|random(1)",,,,,<4162351>,<1>,"<moreE(self:star(),11) and 1 or 0>",,<self:damage()*1>,416239,{prob=self:hasBuff(4162330) and 1 or 0;needUpdateTarget=TRUE}
416241,,,,enemyForce | nodead,"buffDifferExclude('group',{c.yinshenplus_oc()})|random(1)",,,,,<4162351>,<1>,"<moreE(self:star(),11) and 1 or 0>",,<self:damage()*1>,416240,{prob=self:hasBuff(4162330) and 1 or 0;needUpdateTarget=TRUE}
416242,,,,enemyForce | nodead,"buffDifferExclude('group',{c.yinshenplus_oc()})|random(1)",,,,,<4162351>,<1>,"<moreE(self:star(),11) and 1 or 0>",,<self:damage()*1>,416241,{prob=self:hasBuff(4162330) and 1 or 0;needUpdateTarget=TRUE}
416243,,,11,,,,,,,,,,,,416242,
416244,,,11,,,,,,,,,,,,416243,
416245,,1,14,,,,,,,<4162312;4162341>,<1;999>,"<moreE(countObjByBuff(3-self:force(),{4162311}),3) and 1 or 1;1>",,<0;0>,,
416246,,1,14,,,,,,,<4162321>,<1>,<self:flagZ3() and 1 or 0>,,<300>,,
416261,,1,14,,,,,,,<4162611;4162621>,<999;999>,<1;1>,,<0;0>,,
416262,,1,14,,,,,,,<4162681>,<999>,"<moreE(self:star(),8) and 1 or 0>",,<0>,,
416263,,1,14,,,,,,,<4162690>,<5>,"<moreE(self:star(),11) and 1 or 0>",,<2500>,,
416311,,,,,,,,,,,,,,,416311,
416312,,1,14,,,,,,,<4162111>,<2>,<self:flagZ1() and 1 or 0>,,<self:Bspeed()*0.06>,,
416313,,,,,,,,,,,,,,,,
416321,,,,,,,,,,,,,,,416321,
416322,,1,14,,,,,,,<4162211>,<2>,<1>,,<0>,,
416323,,1,14,,,,,,,<4162221>,<2>,<1>,,<0>,,
416331,,1,14,,,,,,,<4162310;4162330>,"<1;(lessE(self:getBuffOverlayCount(4162341),2) and self:flagZ3()) and 2 or 1>","<1;self:hasBuff(4162330) and 0 or (moreE(self:star(),11) and (self:hasBuff(4162212) and 1 or 0) or 0)>",,<0;0>,,
416332,,,,,,,,,,<4162351>,<1>,"<moreE(self:star(),11) and 1 or 0>",,<self:damage()*1>,416331,{prob=self:hasBuff(4162330) and 0 or 1;needUpdateTarget=TRUE}
416333,,,,enemyForce | nodead,"buffDifferExclude('group',{c.yinshenplus_oc()})|random(1)",,,,,<4162351>,<1>,"<moreE(self:star(),11) and 1 or 0>",,<self:damage()*1>,416332,{prob=self:hasBuff(4162330) and 0 or 1;needUpdateTarget=TRUE}
416334,,,,enemyForce | nodead,"buffDifferExclude('group',{c.yinshenplus_oc()})|random(1)",,,,,<4162351>,<1>,"<moreE(self:star(),11) and 1 or 0>",,<self:damage()*1>,416333,{prob=self:hasBuff(4162330) and 0 or 1;needUpdateTarget=TRUE}
416335,,,,enemyForce | nodead,"buffDifferExclude('group',{c.yinshenplus_oc()})|random(1)",,,,,<4162351>,<1>,"<moreE(self:star(),11) and 1 or 0>",,<self:damage()*1>,416334,{prob=self:hasBuff(4162330) and 0 or 1;needUpdateTarget=TRUE}
416336,,,,enemyForce | nodead,"buffDifferExclude('group',{c.yinshenplus_oc()})|random(1)",,,,,<4162351>,<1>,"<moreE(self:star(),11) and 1 or 0>",,<self:damage()*1>,416335,{prob=self:hasBuff(4162330) and 0 or 1;needUpdateTarget=TRUE}
416337,,,,,,,,,,<4162351>,<1>,"<moreE(self:star(),11) and 1 or 0>",,<self:damage()*1>,416336,{prob=self:hasBuff(4162330) and 1 or 0;needUpdateTarget=TRUE}
416338,,,,enemyForce | nodead,"buffDifferExclude('group',{c.yinshenplus_oc()})|random(1)",,,,,<4162351>,<1>,"<moreE(self:star(),11) and 1 or 0>",,<self:damage()*1>,416337,{prob=self:hasBuff(4162330) and 1 or 0;needUpdateTarget=TRUE}
416339,,,,enemyForce | nodead,"buffDifferExclude('group',{c.yinshenplus_oc()})|random(1)",,,,,<4162351>,<1>,"<moreE(self:star(),11) and 1 or 0>",,<self:damage()*1>,416338,{prob=self:hasBuff(4162330) and 1 or 0;needUpdateTarget=TRUE}
416340,,,,enemyForce | nodead,"buffDifferExclude('group',{c.yinshenplus_oc()})|random(1)",,,,,<4162351>,<1>,"<moreE(self:star(),11) and 1 or 0>",,<self:damage()*1>,416339,{prob=self:hasBuff(4162330) and 1 or 0;needUpdateTarget=TRUE}
416341,,,,enemyForce | nodead,"buffDifferExclude('group',{c.yinshenplus_oc()})|random(1)",,,,,<4162351>,<1>,"<moreE(self:star(),11) and 1 or 0>",,<self:damage()*1>,416340,{prob=self:hasBuff(4162330) and 1 or 0;needUpdateTarget=TRUE}
416342,,,,enemyForce | nodead,"buffDifferExclude('group',{c.yinshenplus_oc()})|random(1)",,,,,<4162351>,<1>,"<moreE(self:star(),11) and 1 or 0>",,<self:damage()*1>,416341,{prob=self:hasBuff(4162330) and 1 or 0;needUpdateTarget=TRUE}
416343,,,11,,,,,,,,,,,,416342,
416344,,,11,,,,,,,,,,,,416343,
416345,,1,14,,,,,,,<4162312;4162341>,<1;999>,"<moreE(countObjByBuff(3-self:force(),{4162311}),3) and 1 or 1;1>",,<0;0>,,
416346,,1,14,,,,,,,<4162321>,<1>,<self:flagZ3() and 1 or 0>,,<300>,,
416361,,1,14,,,,,,,<4162611;4162621>,<999;999>,<1;1>,,<0;0>,,
416362,,1,14,,,,,,,<4162681>,<999>,"<moreE(self:star(),8) and 1 or 0>",,<0>,,
416363,,1,14,,,,,,,<4162690>,<5>,"<moreE(self:star(),11) and 1 or 0>",,<2500>,,
416511,,,,,,,,,,<4162510>,<1>,<1>,,<0>,416511,
416611,,,,,,,,,,<4162510>,<1>,<1>,,<0>,416611,
416711,,,,,,,,,,,,,,,416711,
417111,,,,,,,,,,,,,,,417111,
417112,,1,14,,,,,,,<4171111>,<2>,<1>,,<2000>,,
417113,,1,14,,,,,,,<4171112>,<2>,<self:flagZ1() and 1 or 0>,,<2000>,,
417121,,,,,,,,,,,,,,,417121,
417122,,1,14,,,,,,,<4171211>,<1>,<1>,,<3000>,,
417123,,1,14,,,,,,,<4171212>,<1>,<1>,,<<2;2;1>>,,
417124,,,,selfForce | nodead,"exclude(list(csvSelf:id()))|attrDiffer('natureType', {17})|random(1)",,,,,<4171213>,<1>,<1>,,<0>,,
417125,,,,selfForce | nodead,"otherProcessExcept(417122,417124)|attrDiffer('natureType', {17})|random(1)",,,,,<4171213>,<1>,<self:flagZ2() and 1 or 0>,,<0>,,
417131,,,,enemyForce | nodead,frontRowRandom(1),,,,,,,,,,417131,
417132,,,,enemyForce | nodead,backRowRandom(1),,,,,,,,,,417132,
417133,,,,enemyForce | nodead,"useOtherProcess(417131,417132)",,,,,,,,,,417133,
417134,,1,14,,,,,,,<4171311>,<1>,<1>,,"<min(self:getBuff(4171312):getValue(),6000+((skillLv(41723) or 0)-1)*20)>",,
417135,,,,enemyForce | nodead,"useOtherProcess(417131,417132)",,,,,<4171313>,<2>,<1>,,<0>,,
417136,,1,14,,,,,,,<4171321>,<999>,"<moreE(self:star(),11) and 1 or 0>",,<0>,,
417137,,,,enemyForce | nodead,otherProcessExcept(417135)|random(2),,,,,<4171313>,<2>,<self:flagZ3() and 1 or 0>,,<0>,,
417138,,1,14,,,,,,,<4171341>,<2>,<self:flagZ3() and 1 or 0>,,<5000>,,
417139,,,,selfForce | nodead,"exclude(list(csvSelf:id()))|attrDiffer('natureType', {17})",,,,,<4171351>,<1>,<self:flagZ3() and 1 or 0>,,<0>,,
417161,,1,14,,,,,,,<4171611>,<999>,<1>,,<0>,,
417162,,1,14,,,,,,,<4172623;4171621>,<999;999>,<1;1>,,<0;0>,,
417163,,1,14,,,,,,,<4171711>,<999>,<1>,,<0>,,
417164,,1,14,,,,,,,<4171731>,<999>,"<moreE(self:star(),6) and 1 or 0>",,<0>,,
417165,,1,14,,,,,,,<4171811>,<999>,"<moreE(self:star(),8) and 1 or 0>",,<0>,,
417211,,,,,,,,,,,,,,,417211,
417212,,1,14,,,,,,,<4171111>,<2>,<1>,,<2000>,,
417213,,1,14,,,,,,,<4171112>,<2>,<self:flagZ1() and 1 or 0>,,<2000>,,
417221,,,,,,,,,,,,,,,417221,
417222,,1,14,,,,,,,<4171211>,<1>,<1>,,<3000>,,
417223,,1,14,,,,,,,<4171212>,<1>,<1>,,<<2;2;1>>,,
417224,,,,selfForce | nodead,"exclude(list(csvSelf:id()))|attrDiffer('natureType', {17})|random(1)",,,,,<4171213>,<1>,<1>,,<0>,,
417225,,,,selfForce | nodead,"otherProcessExcept(417222,417224)|attrDiffer('natureType', {17})|random(1)",,,,,<4171213>,<1>,<self:flagZ2() and 1 or 0>,,<0>,,
417231,,,,enemyForce | nodead,frontRowRandom(1),,,,,,,,,,417231,
417232,,,,enemyForce | nodead,backRowRandom(1),,,,,,,,,,417232,
417233,,,,enemyForce | nodead,"useOtherProcess(417231,417232)",,,,,,,,,,417233,
417234,,1,14,,,,,,,<4171311>,<1>,<1>,,"<min(self:getBuff(4171312):getValue(),6000+((skillLv(41723) or 0)-1)*20)>",,
417235,,,,enemyForce | nodead,"useOtherProcess(417231,417232)",,,,,<4171313>,<2>,<1>,,<0>,,
417236,,1,14,,,,,,,<4171321>,<999>,"<moreE(self:star(),11) and 1 or 0>",,<0>,,
417237,,,,enemyForce | nodead,otherProcessExcept(417235)|random(2),,,,,<4171313>,<2>,<self:flagZ3() and 1 or 0>,,<0>,,
417238,,1,14,,,,,,,<4171341>,<2>,<self:flagZ3() and 1 or 0>,,<5000>,,
417239,,,,selfForce | nodead,"exclude(list(csvSelf:id()))|attrDiffer('natureType', {17})",,,,,<4171351>,<1>,<self:flagZ3() and 1 or 0>,,<0>,,
417261,,1,14,,,,,,,<4171611>,<999>,<1>,,<0>,,
417262,,1,14,,,,,,,<4172623;4172621>,<999;999>,<1;1>,,<0;0>,,
417263,,1,14,,,,,,,<4171711>,<999>,<1>,,<0>,,
417264,,1,14,,,,,,,<4171731>,<999>,"<moreE(self:star(),6) and 1 or 0>",,<0>,,
417265,,1,14,,,,,,,<4171811>,<999>,"<moreE(self:star(),8) and 1 or 0>",,<0>,,
417271,,,,,,,,,,,,,,,417211,
417272,,1,15,,,,,,,<4171327>,<999>,"<less(self:getBuffOverlayCount(4171326),2) and moreE(self:star(),6) and 1 or 0>",,<self:defence()*(target:natureIntersection(list(17)) and 4 or 2)>,,
417273,,1,14,,,,,,,<4171326>,<1>,"<less(self:getBuffOverlayCount(4171326),2) and moreE(self:star(),6) and 1 or 0>",,<0>,,
417281,,,,,,,,,,,,,,,417211,
417282,,1,15,,,,,,,<4171327>,<999>,"<less(self:getBuffOverlayCount(4171326),2) and moreE(self:star(),6) and 1 or 0>",,<self:defence()*(target:natureIntersection(list(17)) and 8 or 4)>,,
417283,,1,14,,,,,,,<4171326>,<1>,"<less(self:getBuffOverlayCount(4171326),2) and moreE(self:star(),6) and 1 or 0>",,<0>,,
417291,,,,,,,,,,,,,,,417211,
417311,,,,,,,,,,,,,,,417311,
417312,,1,14,,,,,,,<4171111>,<2>,<1>,,<2000>,,
417313,,1,14,,,,,,,<4171112>,<2>,<self:flagZ1() and 1 or 0>,,<2000>,,
417321,,,,,,,,,,,,,,,417321,
417322,,1,14,,,,,,,<4171211>,<1>,<1>,,<3000>,,
417323,,1,14,,,,,,,<4171212>,<1>,<1>,,<<2;2;1>>,,
417324,,,,selfForce | nodead,"exclude(list(csvSelf:id()))|attrDiffer('natureType', {17})|random(1)",,,,,<4171213>,<1>,<1>,,<0>,,
417325,,,,selfForce | nodead,"otherProcessExcept(417322,417324)|attrDiffer('natureType', {17})|random(1)",,,,,<4171213>,<1>,<self:flagZ2() and 1 or 0>,,<0>,,
417331,,,,enemyForce | nodead,frontRowRandom(1),,,,,,,,,,417331,
417332,,,,enemyForce | nodead,backRowRandom(1),,,,,,,,,,417332,
417333,,,,enemyForce | nodead,"useOtherProcess(417331,417332)",,,,,,,,,,417333,
417334,,1,14,,,,,,,<4171311>,<1>,<1>,,"<min(self:getBuff(4171312):getValue(),6000+((skillLv(41723) or 0)-1)*20)>",,
417335,,,,enemyForce | nodead,"useOtherProcess(417331,417332)",,,,,<4171313>,<2>,<1>,,<0>,,
417336,,1,14,,,,,,,<4171321>,<999>,"<moreE(self:star(),11) and 1 or 0>",,<0>,,
417337,,,,enemyForce | nodead,otherProcessExcept(417335)|random(2),,,,,<4171313>,<2>,<self:flagZ3() and 1 or 0>,,<0>,,
417338,,1,14,,,,,,,<4171341>,<2>,<self:flagZ3() and 1 or 0>,,<5000>,,
417339,,,,selfForce | nodead,"exclude(list(csvSelf:id()))|attrDiffer('natureType', {17})",,,,,<4171351>,<1>,<self:flagZ3() and 1 or 0>,,<0>,,
417361,,1,14,,,,,,,<4171611>,<999>,<1>,,<0>,,
417362,,1,14,,,,,,,<4172623;4173621>,<999;999>,<1;1>,,<0;0>,,
417363,,1,14,,,,,,,<4171711>,<999>,<1>,,<0>,,
417364,,1,14,,,,,,,<4171731>,<999>,"<moreE(self:star(),6) and 1 or 0>",,<0>,,
417365,,1,14,,,,,,,<4171811>,<999>,"<moreE(self:star(),8) and 1 or 0>",,<0>,,
417411,,,,,,,,,,,,,,,417411,
417412,,1,14,,,,,,,<4171111>,<2>,<1>,,<2000>,,
417413,,1,14,,,,,,,<4171112>,<2>,<self:flagZ1() and 1 or 0>,,<2000>,,
417421,,,,,,,,,,,,,,,417421,
417422,,1,14,,,,,,,<4171211>,<1>,<1>,,<3000>,,
417423,,1,14,,,,,,,<4171212>,<1>,<1>,,<<2;2;1>>,,
417424,,,,selfForce | nodead,"exclude(list(csvSelf:id()))|attrDiffer('natureType', {17})|random(1)",,,,,<4171213>,<1>,<1>,,<0>,,
417425,,,,selfForce | nodead,"otherProcessExcept(417422,417424)|attrDiffer('natureType', {17})|random(1)",,,,,<4171213>,<1>,<self:flagZ2() and 1 or 0>,,<0>,,
417431,,,,enemyForce | nodead,frontRowRandom(1),,,,,,,,,,417431,
417432,,,,enemyForce | nodead,backRowRandom(1),,,,,,,,,,417432,
417433,,,,enemyForce | nodead,"useOtherProcess(417431,417432)",,,,,,,,,,417433,
417434,,1,14,,,,,,,<4171311>,<1>,<1>,,"<min(self:getBuff(4171312):getValue(),6000+((skillLv(41723) or 0)-1)*20)>",,
417435,,,,enemyForce | nodead,"useOtherProcess(417431,417432)",,,,,<4171313>,<2>,<1>,,<0>,,
417436,,1,14,,,,,,,<4171321>,<999>,"<moreE(self:star(),11) and 1 or 0>",,<0>,,
417437,,,,enemyForce | nodead,otherProcessExcept(417435)|random(2),,,,,<4171313>,<2>,<self:flagZ3() and 1 or 0>,,<0>,,
417438,,1,14,,,,,,,<4171341>,<2>,<self:flagZ3() and 1 or 0>,,<5000>,,
417439,,,,selfForce | nodead,"exclude(list(csvSelf:id()))|attrDiffer('natureType', {17})",,,,,<4171351>,<1>,<self:flagZ3() and 1 or 0>,,<0>,,
417461,,1,14,,,,,,,<4171611>,<999>,<1>,,<0>,,
417462,,1,14,,,,,,,<4172623;4174621>,<999;999>,<1;1>,,<0;0>,,
417463,,1,14,,,,,,,<4171711>,<999>,<1>,,<0>,,
417464,,1,14,,,,,,,<4171731>,<999>,"<moreE(self:star(),6) and 1 or 0>",,<0>,,
417465,,1,14,,,,,,,<4171811>,<999>,"<moreE(self:star(),8) and 1 or 0>",,<0>,,
417511,,,,,,,,,,,,,,,417511,
417512,,1,14,,,,,,,<4171111>,<2>,<1>,,<2000>,,
417513,,1,14,,,,,,,<4171112>,<2>,<self:flagZ1() and 1 or 0>,,<2000>,,
417521,,,,,,,,,,,,,,,417521,
417522,,1,14,,,,,,,<4171211>,<1>,<1>,,<3000>,,
417523,,1,14,,,,,,,<4171212>,<1>,<1>,,<<2;2;1>>,,
417524,,,,selfForce | nodead,"exclude(list(csvSelf:id()))|attrDiffer('natureType', {17})|random(1)",,,,,<4171213>,<1>,<1>,,<0>,,
417525,,,,selfForce | nodead,"otherProcessExcept(417522,417524)|attrDiffer('natureType', {17})|random(1)",,,,,<4171213>,<1>,<self:flagZ2() and 1 or 0>,,<0>,,
417531,,,,enemyForce | nodead,frontRowRandom(1),,,,,,,,,,417531,
417532,,,,enemyForce | nodead,backRowRandom(1),,,,,,,,,,417532,
417533,,,,enemyForce | nodead,"useOtherProcess(417531,417532)",,,,,,,,,,417533,
417534,,1,14,,,,,,,<4171311>,<1>,<1>,,"<min(self:getBuff(4171312):getValue(),6000+((skillLv(41723) or 0)-1)*20)>",,
417535,,,,enemyForce | nodead,"useOtherProcess(417531,417532)",,,,,<4171313>,<2>,<1>,,<0>,,
417536,,1,14,,,,,,,<4171321>,<999>,"<moreE(self:star(),11) and 1 or 0>",,<0>,,
417537,,,,enemyForce | nodead,otherProcessExcept(417535)|random(2),,,,,<4171313>,<2>,<self:flagZ3() and 1 or 0>,,<0>,,
417538,,1,14,,,,,,,<4171341>,<2>,<self:flagZ3() and 1 or 0>,,<5000>,,
417539,,,,selfForce | nodead,"exclude(list(csvSelf:id()))|attrDiffer('natureType', {17})",,,,,<4171351>,<1>,<self:flagZ3() and 1 or 0>,,<0>,,
417561,,1,14,,,,,,,<4171611>,<999>,<1>,,<0>,,
417562,,1,14,,,,,,,<4172623;4175621>,<999;999>,<1;1>,,<0;0>,,
417563,,1,14,,,,,,,<4171711>,<999>,<1>,,<0>,,
417564,,1,14,,,,,,,<4171731>,<999>,"<moreE(self:star(),6) and 1 or 0>",,<0>,,
417565,,1,14,,,,,,,<4171811>,<999>,"<moreE(self:star(),8) and 1 or 0>",,<0>,,
417611,,,,,,,,,,,,,,,417611,
417612,,1,14,,,,,,,<4171111>,<2>,<1>,,<2000>,,
417613,,1,14,,,,,,,<4171112>,<2>,<self:flagZ1() and 1 or 0>,,<2000>,,
417621,,,,,,,,,,,,,,,417621,
417622,,1,14,,,,,,,<4171211>,<1>,<1>,,<3000>,,
417623,,1,14,,,,,,,<4171212>,<1>,<1>,,<<2;2;1>>,,
417624,,,,selfForce | nodead,"exclude(list(csvSelf:id()))|attrDiffer('natureType', {17})|random(1)",,,,,<4171213>,<1>,<1>,,<0>,,
417625,,,,selfForce | nodead,"otherProcessExcept(417622,417624)|attrDiffer('natureType', {17})|random(1)",,,,,<4171213>,<1>,<self:flagZ2() and 1 or 0>,,<0>,,
417631,,,,enemyForce | nodead,frontRowRandom(1),,,,,,,,,,417631,
417632,,,,enemyForce | nodead,backRowRandom(1),,,,,,,,,,417632,
417633,,,,enemyForce | nodead,"useOtherProcess(417631,417632)",,,,,,,,,,417633,
417634,,1,14,,,,,,,<4171311>,<1>,<1>,,"<min(self:getBuff(4171312):getValue(),6000+((skillLv(41723) or 0)-1)*20)>",,
417635,,,,enemyForce | nodead,"useOtherProcess(417631,417632)",,,,,<4171313>,<2>,<1>,,<0>,,
417636,,1,14,,,,,,,<4171321>,<999>,"<moreE(self:star(),11) and 1 or 0>",,<0>,,
417637,,,,enemyForce | nodead,otherProcessExcept(417635)|random(2),,,,,<4171313>,<2>,<self:flagZ3() and 1 or 0>,,<0>,,
417638,,1,14,,,,,,,<4171341>,<2>,<self:flagZ3() and 1 or 0>,,<5000>,,
417639,,,,selfForce | nodead,"exclude(list(csvSelf:id()))|attrDiffer('natureType', {17})",,,,,<4171351>,<1>,<self:flagZ3() and 1 or 0>,,<0>,,
417661,,1,14,,,,,,,<4171611>,<999>,<1>,,<0>,,
417662,,1,14,,,,,,,<4172623;4176621>,<999;999>,<1;1>,,<0;0>,,
417663,,1,14,,,,,,,<4171711>,<999>,<1>,,<0>,,
417664,,1,14,,,,,,,<4171731>,<999>,"<moreE(self:star(),6) and 1 or 0>",,<0>,,
417665,,1,14,,,,,,,<4171811>,<999>,"<moreE(self:star(),8) and 1 or 0>",,<0>,,
417711,,,,,,,,,,,,,,,417711,
417712,,1,14,,,,,,,<4171111>,<2>,<1>,,<2000>,,
417713,,1,14,,,,,,,<4171112>,<2>,<self:flagZ1() and 1 or 0>,,<2000>,,
417721,,,,,,,,,,,,,,,417721,
417722,,1,14,,,,,,,<4171211>,<1>,<1>,,<3000>,,
417723,,1,14,,,,,,,<4171212>,<1>,<1>,,<<2;2;1>>,,
417724,,,,selfForce | nodead,"exclude(list(csvSelf:id()))|attrDiffer('natureType', {17})|random(1)",,,,,<4171213>,<1>,<1>,,<0>,,
417725,,,,selfForce | nodead,"otherProcessExcept(417722,417724)|attrDiffer('natureType', {17})|random(1)",,,,,<4171213>,<1>,<self:flagZ2() and 1 or 0>,,<0>,,
417731,,,,enemyForce | nodead,frontRowRandom(1),,,,,,,,,,417731,
417732,,,,enemyForce | nodead,backRowRandom(1),,,,,,,,,,417732,
417733,,,,enemyForce | nodead,"useOtherProcess(417731,417732)",,,,,,,,,,417733,
417734,,1,14,,,,,,,<4171311>,<1>,<1>,,"<min(self:getBuff(4171312):getValue(),6000+((skillLv(41723) or 0)-1)*20)>",,
417735,,,,enemyForce | nodead,"useOtherProcess(417731,417732)",,,,,<4171313>,<2>,<1>,,<0>,,
417736,,1,14,,,,,,,<4171321>,<999>,"<moreE(self:star(),11) and 1 or 0>",,<0>,,
417737,,,,enemyForce | nodead,otherProcessExcept(417735)|random(2),,,,,<4171313>,<2>,<self:flagZ3() and 1 or 0>,,<0>,,
417738,,1,14,,,,,,,<4171341>,<2>,<self:flagZ3() and 1 or 0>,,<5000>,,
417739,,,,selfForce | nodead,"exclude(list(csvSelf:id()))|attrDiffer('natureType', {17})",,,,,<4171351>,<1>,<self:flagZ3() and 1 or 0>,,<0>,,
417761,,1,14,,,,,,,<4171611>,<999>,<1>,,<0>,,
417762,,1,14,,,,,,,<4172623;4177621>,<999;999>,<1;1>,,<0;0>,,
417763,,1,14,,,,,,,<4171711>,<999>,<1>,,<0>,,
417764,,1,14,,,,,,,<4171731>,<999>,"<moreE(self:star(),6) and 1 or 0>",,<0>,,
417765,,1,14,,,,,,,<4171811>,<999>,"<moreE(self:star(),8) and 1 or 0>",,<0>,,
417811,,,,,,,,,,,,,,,417811,
417812,,1,14,,,,,,,<4171111>,<2>,<1>,,<2000>,,
417813,,1,14,,,,,,,<4171112>,<2>,<self:flagZ1() and 1 or 0>,,<2000>,,
417821,,,,,,,,,,,,,,,417821,
417822,,1,14,,,,,,,<4171211>,<1>,<1>,,<3000>,,
417823,,1,14,,,,,,,<4171212>,<1>,<1>,,<<2;2;1>>,,
417824,,,,selfForce | nodead,"exclude(list(csvSelf:id()))|attrDiffer('natureType', {17})|random(1)",,,,,<4171213>,<1>,<1>,,<0>,,
417825,,,,selfForce | nodead,"otherProcessExcept(417822,417824)|attrDiffer('natureType', {17})|random(1)",,,,,<4171213>,<1>,<self:flagZ2() and 1 or 0>,,<0>,,
417831,,,,enemyForce | nodead,frontRowRandom(1),,,,,,,,,,417831,
417832,,,,enemyForce | nodead,backRowRandom(1),,,,,,,,,,417832,
417833,,,,enemyForce | nodead,"useOtherProcess(417831,417832)",,,,,,,,,,417833,
417834,,1,14,,,,,,,<4171311>,<1>,<1>,,"<min(self:getBuff(4171312):getValue(),6000+((skillLv(41723) or 0)-1)*20)>",,
417835,,,,enemyForce | nodead,"useOtherProcess(417831,417832)",,,,,<4171313>,<2>,<1>,,<0>,,
417836,,1,14,,,,,,,<4171321>,<999>,"<moreE(self:star(),11) and 1 or 0>",,<0>,,
417837,,,,enemyForce | nodead,otherProcessExcept(417835)|random(2),,,,,<4171313>,<2>,<self:flagZ3() and 1 or 0>,,<0>,,
417838,,1,14,,,,,,,<4171341>,<2>,<self:flagZ3() and 1 or 0>,,<5000>,,
417839,,,,selfForce | nodead,"exclude(list(csvSelf:id()))|attrDiffer('natureType', {17})",,,,,<4171351>,<1>,<self:flagZ3() and 1 or 0>,,<0>,,
417861,,1,14,,,,,,,<4171611>,<999>,<1>,,<0>,,
417862,,1,14,,,,,,,<4172623;4178621>,<999;999>,<1;1>,,<0;0>,,
417863,,1,14,,,,,,,<4171711>,<999>,<1>,,<0>,,
417864,,1,14,,,,,,,<4171731>,<999>,"<moreE(self:star(),6) and 1 or 0>",,<0>,,
417865,,1,14,,,,,,,<4171811>,<999>,"<moreE(self:star(),8) and 1 or 0>",,<0>,,
418111,,,,,,,,,,,,,,,418111,
418112,,1,14,,,,,,,<4181111;4181611>,<2;99>,<1;self:flagZ1() and 0.8 or 0.5>,,<self:Bspeed()*(self:flagZ1() and 0.15 or 0.1);0>,,
418113,,1,14,,,,,,,<4181615>,<1>,<self:hasBuff(4181621) and 1 or 0>,,<0>,,
418121,,,,,,,,,,,,,,,418121,
418122,,1,14,,,,,,,<4181611>,<99>,<1>,,<0>,,
418123,,,,,,,,,,<4181211>,<1>,<self:flagZ2() and 0 or 1>,,<1>,,
418124,,,4,,,,,,,<4181211>,<1>,<self:flagZ2() and 1 or 0>,,<1>,,
418125,,1,14,,,,,,,<4181615>,<1>,<self:hasBuff(4181621) and 1 or 0>,,<0>,,
418131,,,11,,,,,,,,,,,,418131,
418132,,,11,,,,,,,,,,,,418132,
418133,,1,20,,,,,,,<4181311>,<1>,<self:hasBuff(4181621) and 0 or 1>,,<self:damage()*(1+0.2*self:getBuffOverlayCount(4181611))>,,
418134,,,20,,,,,,,<4181312>,<1>,<self:hasBuff(4181621) and 1 or 0>,,<self:damage()*0.8>,,
418135,,,20,enemyForce | nodead,random(6),,,,,<4181313>,<1>,<self:hasBuff(4181621) and 0.2 or 0>,,<0>,,
418136,,1,14,,,,,,,<4181314>,<1>,<1>,,<0>,,
418137,,1,14,,,,,,,<4181321;4181323>,<1;1>,"<moreE(self:star(),11) and 1 or 0;moreE(self:star(),11) and 1 or 0>",,<0;0>,,
418138,,1,20,,,,,,,<4181322>,<1>,<self:flagZ3() and 1 or 0>,,<2000>,,
418139,,1,14,,,,,,,<4181615>,<1>,<self:hasBuff(4181621) and 1 or 0>,,<0>,,
418161,,1,14,,,,,,,<4181613>,<99>,<1>,,<0>,,
418162,,1,14,,,,,,,<4181611;4181611>,<99;99>,"<moreE(self:star(),6) and 1 or 0;moreE(self:star(),6) and 1 or 0>",,<0;0>,,
418163,,1,14,,,,,,,<4181631>,<99>,<self:flagZ4() and 1 or 0>,,<0>,,
418211,,,,,,,,,,,,,,,418211,
418212,,1,14,,,,,,,<4181111;4181611>,<2;99>,<1;self:flagZ1() and 0.8 or 0.5>,,<self:Bspeed()*(self:flagZ1() and 0.15 or 0.1);0>,,
418213,,1,14,,,,,,,<4181615>,<1>,<self:hasBuff(4181621) and 1 or 0>,,<0>,,
418221,,,,,,,,,,,,,,,418221,
418222,,1,14,,,,,,,<4181611>,<99>,<1>,,<0>,,
418223,,,,,,,,,,<4181211>,<1>,<self:flagZ2() and 0 or 1>,,<1>,,
418224,,,4,,,,,,,<4181211>,<1>,<self:flagZ2() and 1 or 0>,,<1>,,
418225,,1,14,,,,,,,<4181615>,<1>,<self:hasBuff(4181621) and 1 or 0>,,<0>,,
418231,,,11,,,,,,,,,,,,418231,
418232,,,11,,,,,,,,,,,,418232,
418233,,1,20,,,,,,,<4181311>,<1>,<self:hasBuff(4181621) and 0 or 1>,,<self:damage()*(1+0.2*self:getBuffOverlayCount(4181611))>,,
418234,,,20,,,,,,,<4181312>,<1>,<self:hasBuff(4181621) and 1 or 0>,,<self:damage()*0.8>,,
418235,,,20,enemyForce | nodead,random(6),,,,,<4181313>,<1>,<self:hasBuff(4181621) and 0.2 or 0>,,<0>,,
418236,,1,14,,,,,,,<4181314>,<1>,<1>,,<0>,,
418237,,1,14,,,,,,,<4181321;4181323>,<1;1>,"<moreE(self:star(),11) and 1 or 0;moreE(self:star(),11) and 1 or 0>",,<0;0>,,
418238,,1,20,,,,,,,<4181322>,<1>,<self:flagZ3() and 1 or 0>,,<2000>,,
418239,,1,14,,,,,,,<4181615>,<1>,<self:hasBuff(4181621) and 1 or 0>,,<0>,,
418261,,1,14,,,,,,,<4181613>,<99>,<1>,,<0>,,
418262,,1,14,,,,,,,<4181611;4181611>,<99;99>,"<moreE(self:star(),6) and 1 or 0;moreE(self:star(),6) and 1 or 0>",,<0;0>,,
418263,,1,14,,,,,,,<4181631>,<99>,<self:flagZ4() and 1 or 0>,,<0>,,
418311,,,,,,,,,,,,,,,418311,
418312,,1,14,,,,,,,<4181111;4181611>,<2;99>,<1;self:flagZ1() and 0.8 or 0.5>,,<self:Bspeed()*(self:flagZ1() and 0.15 or 0.1);0>,,
418313,,1,14,,,,,,,<4181615>,<1>,<self:hasBuff(4181621) and 1 or 0>,,<0>,,
418321,,,,,,,,,,,,,,,418321,
418322,,1,14,,,,,,,<4181611>,<99>,<1>,,<0>,,
418323,,,,,,,,,,<4181211>,<1>,<self:flagZ2() and 0 or 1>,,<1>,,
418324,,,4,,,,,,,<4181211>,<1>,<self:flagZ2() and 1 or 0>,,<1>,,
418325,,1,14,,,,,,,<4181615>,<1>,<self:hasBuff(4181621) and 1 or 0>,,<0>,,
418331,,,11,,,,,,,,,,,,418331,
418332,,,11,,,,,,,,,,,,418332,
418333,,1,20,,,,,,,<4181311>,<1>,<self:hasBuff(4181621) and 0 or 1>,,<self:damage()*(1+0.2*self:getBuffOverlayCount(4181611))>,,
418334,,,20,,,,,,,<4181312>,<1>,<self:hasBuff(4181621) and 1 or 0>,,<self:damage()*0.8>,,
418335,,,20,enemyForce | nodead,random(6),,,,,<4181313>,<1>,<self:hasBuff(4181621) and 0.2 or 0>,,<0>,,
418336,,1,14,,,,,,,<4181314>,<1>,<1>,,<0>,,
418337,,1,14,,,,,,,<4181321;4181323>,<1;1>,"<moreE(self:star(),11) and 1 or 0;moreE(self:star(),11) and 1 or 0>",,<0;0>,,
418338,,1,20,,,,,,,<4181322>,<1>,<self:flagZ3() and 1 or 0>,,<2000>,,
418339,,1,14,,,,,,,<4181615>,<1>,<self:hasBuff(4181621) and 1 or 0>,,<0>,,
418361,,1,14,,,,,,,<4181613>,<99>,<1>,,<0>,,
418362,,1,14,,,,,,,<4181611;4181611>,<99;99>,"<moreE(self:star(),6) and 1 or 0;moreE(self:star(),6) and 1 or 0>",,<0;0>,,
418363,,1,14,,,,,,,<4181631>,<99>,<self:flagZ4() and 1 or 0>,,<0>,,
418511,,,,,,,,,,,,,,,418511,
418512,,1,14,,,,,,,<4171111>,<2>,<1>,,<2000>,,
418513,,1,14,,,,,,,<4171112>,<2>,<self:flagZ1() and 1 or 0>,,<2000>,,
418521,,,,,,,,,,,,,,,418521,
418522,,1,14,,,,,,,<4171211>,<1>,<1>,,<3000>,,
418523,,1,14,,,,,,,<4171212>,<1>,<1>,,<<2;2;1>>,,
418524,,,,selfForce | nodead,"exclude(list(csvSelf:id()))|attrDiffer('natureType', {17})|random(1)",,,,,<4171213>,<1>,<1>,,<0>,,
418525,,,,selfForce | nodead,"otherProcessExcept(418522,418524)|attrDiffer('natureType', {17})|random(1)",,,,,<4171213>,<1>,<self:flagZ2() and 1 or 0>,,<0>,,
418531,,,,enemyForce | nodead,frontRowRandom(1),,,,,,,,,,418531,
418532,,,,enemyForce | nodead,backRowRandom(1),,,,,,,,,,418532,
418533,,,,enemyForce | nodead,"useOtherProcess(418531,418532)",,,,,,,,,,418533,
418534,,1,14,,,,,,,<4171311>,<1>,<1>,,"<min(self:getBuff(4171312):getValue(),6000+((skillLv(41723) or 0)-1)*20)>",,
418535,,,,enemyForce | nodead,"useOtherProcess(418531,418532)",,,,,<4171313>,<2>,<1>,,<0>,,
418536,,1,14,,,,,,,<4171321>,<999>,"<moreE(self:star(),11) and 1 or 0>",,<0>,,
418537,,,,enemyForce | nodead,otherProcessExcept(418535)|random(2),,,,,<4171313>,<2>,<self:flagZ3() and 1 or 0>,,<0>,,
418538,,1,14,,,,,,,<4171341>,<2>,<self:flagZ3() and 1 or 0>,,<5000>,,
418539,,,,selfForce | nodead,"exclude(list(csvSelf:id()))|attrDiffer('natureType', {17})",,,,,<4171351>,<1>,<self:flagZ3() and 1 or 0>,,<0>,,
418561,,1,14,,,,,,,<4171611>,<999>,<1>,,<0>,,
418562,,1,14,,,,,,,,,,,,,
418563,,1,14,,,,,,,<4171711>,<999>,<1>,,<0>,,
418564,,1,14,,,,,,,<4171731>,<999>,"<moreE(self:star(),6) and 1 or 0>",,<0>,,
418565,,1,14,,,,,,,<4171811>,<999>,"<moreE(self:star(),8) and 1 or 0>",,<0>,,
418611,,,,,,,,,,,,,,,418611,
418612,,1,14,,,,,,,<4171111>,<2>,<1>,,<2000>,,
418613,,1,14,,,,,,,<4171112>,<2>,<self:flagZ1() and 1 or 0>,,<2000>,,
418621,,,,,,,,,,,,,,,418621,
418622,,1,14,,,,,,,<4171211>,<1>,<1>,,<3000>,,
418623,,1,14,,,,,,,<4171212>,<1>,<1>,,<<2;2;1>>,,
418624,,,,selfForce | nodead,"exclude(list(csvSelf:id()))|attrDiffer('natureType', {17})|random(1)",,,,,<4171213>,<1>,<1>,,<0>,,
418625,,,,selfForce | nodead,"otherProcessExcept(418622,418624)|attrDiffer('natureType', {17})|random(1)",,,,,<4171213>,<1>,<self:flagZ2() and 1 or 0>,,<0>,,
418631,,,,enemyForce | nodead,frontRowRandom(1),,,,,,,,,,418631,
418632,,,,enemyForce | nodead,backRowRandom(1),,,,,,,,,,418632,
418633,,,,enemyForce | nodead,"useOtherProcess(418631,418632)",,,,,,,,,,418633,
418634,,1,14,,,,,,,<4171311>,<1>,<1>,,"<min(self:getBuff(4171312):getValue(),6000+((skillLv(41723) or 0)-1)*20)>",,
418635,,,,enemyForce | nodead,"useOtherProcess(418631,418632)",,,,,<4171313>,<2>,<1>,,<0>,,
418636,,1,14,,,,,,,<4171321>,<999>,"<moreE(self:star(),11) and 1 or 0>",,<0>,,
418637,,,,enemyForce | nodead,otherProcessExcept(418635)|random(2),,,,,<4171313>,<2>,<self:flagZ3() and 1 or 0>,,<0>,,
418638,,1,14,,,,,,,<4171341>,<2>,<self:flagZ3() and 1 or 0>,,<5000>,,
418639,,,,selfForce | nodead,"exclude(list(csvSelf:id()))|attrDiffer('natureType', {17})",,,,,<4171351>,<1>,<self:flagZ3() and 1 or 0>,,<0>,,
418661,,1,14,,,,,,,<4171611>,<999>,<1>,,<0>,,
418662,,,,,,,,,,,,,,,,
418663,,1,14,,,,,,,<4171711>,<999>,<1>,,<0>,,
418664,,1,14,,,,,,,<4171731>,<999>,"<moreE(self:star(),6) and 1 or 0>",,<0>,,
418665,,1,14,,,,,,,<4171811>,<999>,"<moreE(self:star(),8) and 1 or 0>",,<0>,,
418711,,,,,,,,,,,,,,,418711,
418712,,1,14,,,,,,,<4171111>,<2>,<1>,,<2000>,,
418713,,1,14,,,,,,,<4171112>,<2>,<self:flagZ1() and 1 or 0>,,<2000>,,
418721,,,,,,,,,,,,,,,418721,
418722,,1,14,,,,,,,<4171211>,<1>,<1>,,<3000>,,
418723,,1,14,,,,,,,<4171212>,<1>,<1>,,<<2;2;1>>,,
418724,,,,selfForce | nodead,"exclude(list(csvSelf:id()))|attrDiffer('natureType', {17})|random(1)",,,,,<4171213>,<1>,<1>,,<0>,,
418725,,,,selfForce | nodead,"otherProcessExcept(418722,418724)|attrDiffer('natureType', {17})|random(1)",,,,,<4171213>,<1>,<self:flagZ2() and 1 or 0>,,<0>,,
418731,,,,enemyForce | nodead,frontRowRandom(1),,,,,,,,,,418731,
418732,,,,enemyForce | nodead,backRowRandom(1),,,,,,,,,,418732,
418733,,,,enemyForce | nodead,"useOtherProcess(418731,418732)",,,,,,,,,,418733,
418734,,1,14,,,,,,,<4171311>,<1>,<1>,,"<min(self:getBuff(4171312):getValue(),6000+((skillLv(41723) or 0)-1)*20)>",,
418735,,,,enemyForce | nodead,"useOtherProcess(418731,418732)",,,,,<4171313>,<2>,<1>,,<0>,,
418736,,1,14,,,,,,,<4171321>,<999>,"<moreE(self:star(),11) and 1 or 0>",,<0>,,
418737,,,,enemyForce | nodead,otherProcessExcept(418735)|random(2),,,,,<4171313>,<2>,<self:flagZ3() and 1 or 0>,,<0>,,
418738,,1,14,,,,,,,<4171341>,<2>,<self:flagZ3() and 1 or 0>,,<5000>,,
418739,,,,selfForce | nodead,"exclude(list(csvSelf:id()))|attrDiffer('natureType', {17})",,,,,<4171351>,<1>,<self:flagZ3() and 1 or 0>,,<0>,,
418761,,1,14,,,,,,,<4171611>,<999>,<1>,,<0>,,
418762,,,,,,,,,,,,,,,,
418763,,1,14,,,,,,,<4171711>,<999>,<1>,,<0>,,
418764,,1,14,,,,,,,<4171731>,<999>,"<moreE(self:star(),6) and 1 or 0>",,<0>,,
418765,,1,14,,,,,,,<4171811>,<999>,"<moreE(self:star(),8) and 1 or 0>",,<0>,,
418811,,,,,,,,,,,,,,,418811,
418812,,1,14,,,,,,,<4171111>,<2>,<1>,,<2000>,,
418813,,1,14,,,,,,,<4171112>,<2>,<self:flagZ1() and 1 or 0>,,<2000>,,
418821,,,,,,,,,,,,,,,418821,
418822,,1,14,,,,,,,<4171211>,<1>,<1>,,<3000>,,
418823,,1,14,,,,,,,<4171212>,<1>,<1>,,<<2;2;1>>,,
418824,,,,selfForce | nodead,"exclude(list(csvSelf:id()))|attrDiffer('natureType', {17})|random(1)",,,,,<4171213>,<1>,<1>,,<0>,,
418825,,,,selfForce | nodead,"otherProcessExcept(418822,418824)|attrDiffer('natureType', {17})|random(1)",,,,,<4171213>,<1>,<self:flagZ2() and 1 or 0>,,<0>,,
418831,,,,enemyForce | nodead,frontRowRandom(1),,,,,,,,,,418831,
418832,,,,enemyForce | nodead,backRowRandom(1),,,,,,,,,,418832,
418833,,,,enemyForce | nodead,"useOtherProcess(418831,418832)",,,,,,,,,,418833,
418834,,1,14,,,,,,,<4171311>,<1>,<1>,,"<min(self:getBuff(4171312):getValue(),6000+((skillLv(41723) or 0)-1)*20)>",,
418835,,,,enemyForce | nodead,"useOtherProcess(418831,418832)",,,,,<4171313>,<2>,<1>,,<0>,,
418836,,1,14,,,,,,,<4171321>,<999>,"<moreE(self:star(),11) and 1 or 0>",,<0>,,
418837,,,,enemyForce | nodead,otherProcessExcept(418835)|random(2),,,,,<4171313>,<2>,<self:flagZ3() and 1 or 0>,,<0>,,
418838,,1,14,,,,,,,<4171341>,<2>,<self:flagZ3() and 1 or 0>,,<5000>,,
418839,,,,selfForce | nodead,"exclude(list(csvSelf:id()))|attrDiffer('natureType', {17})",,,,,<4171351>,<1>,<self:flagZ3() and 1 or 0>,,<0>,,
418861,,1,14,,,,,,,<4171611>,<999>,<1>,,<0>,,
418862,,,,,,,,,,,,,,,,
418863,,1,14,,,,,,,<4171711>,<999>,<1>,,<0>,,
418864,,1,14,,,,,,,<4171731>,<999>,"<moreE(self:star(),6) and 1 or 0>",,<0>,,
418865,,1,14,,,,,,,<4171811>,<999>,"<moreE(self:star(),8) and 1 or 0>",,<0>,,
419111,,,,,,,,,,,,,,,419111,
419112,,1,14,,,,,,,<4191111>,<2>,<1>,,<self:flagZ1() and 1000 or 500>,,
419113,,1,14,,,,,,,<4191343>,<1>,<self:hasBuff(4191342) and 1 or 0>,,<0>,,
419121,,,3,,,,2,,,,,,,,419121,
419122,,,3,,,,2,,,<4191211>,<2>,<1>,,<0>,,
419123,,1,14,,,,,,,<4191221>,<1>,<self:flagZ2() and 1 or 0>,,"<<list(1,0,0);1;1>>",,
419124,,1,14,,,,,,,<4191346>,<1>,<self:hasBuff(4191342) and 1 or 0>,,<0>,,
419131,,,3,,,,2,,,,,,,,419131,
419132,,,3,,,,2,,,,,,,,,
419133,,,,,,,,,,<4191311>,<1>,<1>,,<self:damage()*(self:flagZ3() and 2 or 1.8)>,,
419134,,1,14,,,,,,,<4191341>,<1>,"<moreE(self:star(),11) and 1 or 0>",,<0>,,
419161,,1,14,,,,,,,<4191611;4191611;4191611;4191611;4191611;4191613>,<999;999;999;999;999;999>,<1;1;1;1;1;1;1>,,<0;0;0;0;0;0>,,
419162,,,,selfForce()|nodead,"attrDiffer(""natureType"", {2})",,,,,<4191631;4191632>,<999;999>,"<moreE(self:star(),6) and 1 or 0;moreE(self:star(),6) and 1 or 0>",,<800;800>,,
419163,,1,14,,,,,,,<4191641>,<1>,"<moreE(self:star(),8) and 1 or 0>",,<0>,,
419164,,1,14,,,,,,,<4191661;4191665>,<999;999>,"<moreE(self:star(),8) and 1 or 0;moreE(self:star(),8) and 1 or 0>",,<0;0>,,
419211,,,,,,,,,,,,,,,419211,
419212,,1,14,,,,,,,<4191111>,<2>,<1>,,<self:flagZ1() and 1000 or 500>,,
419213,,1,14,,,,,,,<4191343>,<1>,<self:hasBuff(4191342) and 1 or 0>,,<0>,,
419221,,,3,,,,2,,,,,,,,419221,
419222,,,3,,,,2,,,<4191211>,<2>,<1>,,<0>,,
419223,,1,14,,,,,,,<4191221>,<1>,<self:flagZ2() and 1 or 0>,,"<<list(1,0,0);1;1>>",,
419224,,1,14,,,,,,,<4191346>,<1>,<self:hasBuff(4191342) and 1 or 0>,,<0>,,
419231,,,3,,,,2,,,,,,,,419231,
419232,,,3,,,,2,,,,,,,,419232,
419233,,,,,,,,,,<4191311>,<1>,<1>,,<self:damage()*(self:flagZ3() and 2 or 1.8)>,,
419234,,1,14,,,,,,,<4191341>,<1>,"<moreE(self:star(),11) and 1 or 0>",,<0>,,
419261,,1,14,,,,,,,<4191611;4191611;4191611;4191611;4191611;4191613>,<999;999;999;999;999;999>,<1;1;1;1;1;1;1>,,<0;0;0;0;0;0>,,
419262,,,,selfForce()|nodead,"attrDiffer(""natureType"", {2})",,,,,<4191631;4191632>,<999;999>,"<moreE(self:star(),6) and 1 or 0;moreE(self:star(),6) and 1 or 0>",,<800;800>,,
419263,,1,14,,,,,,,<4191641>,<1>,"<moreE(self:star(),8) and 1 or 0>",,<0>,,
419264,,1,14,,,,,,,<4191661;4191665>,<999;999>,"<moreE(self:star(),8) and 1 or 0;moreE(self:star(),8) and 1 or 0>",,<0;0>,,
419311,,,,,,,,,,,,,,,419311,
419312,,1,14,,,,,,,<4191111>,<2>,<1>,,<self:flagZ1() and 1000 or 500>,,
419313,,1,14,,,,,,,<4191343>,<1>,<self:hasBuff(4191342) and 1 or 0>,,<0>,,
419321,,,3,,,,2,,,,,,,,419321,
419322,,,3,,,,2,,,<4191211>,<2>,<1>,,<0>,,
419323,,1,14,,,,,,,<4191221>,<1>,<self:flagZ2() and 1 or 0>,,"<<list(1,0,0);1;1>>",,
419324,,1,14,,,,,,,<4191346>,<1>,<self:hasBuff(4191342) and 1 or 0>,,<0>,,
419331,,,3,,,,2,,,,,,,,419331,
419332,,,3,,,,2,,,,,,,,419332,
419333,,,,,,,,,,<4191311>,<1>,<1>,,<self:damage()*(self:flagZ3() and 2 or 1.8)>,,
419334,,1,14,,,,,,,<4191341>,<1>,"<moreE(self:star(),11) and 1 or 0>",,<0>,,
419361,,1,14,,,,,,,<4191611;4191611;4191611;4191611;4191611;4191613>,<999;999;999;999;999;999>,<1;1;1;1;1;1;1>,,<0;0;0;0;0;0>,,
419362,,,,selfForce()|nodead,"attrDiffer(""natureType"", {2})",,,,,<4191631;4191632>,<999;999>,"<moreE(self:star(),6) and 1 or 0;moreE(self:star(),6) and 1 or 0>",,<800;800>,,
419363,,1,14,,,,,,,<4191641>,<1>,"<moreE(self:star(),8) and 1 or 0>",,<0>,,
419364,,1,14,,,,,,,<4191661;4191665>,<999;999>,"<moreE(self:star(),8) and 1 or 0;moreE(self:star(),8) and 1 or 0>",,<0;0>,,
420111,,,,,,,,,,,,,,,420111,
420112,,1,14,,,,,,,<4201111>,<2>,<1>,,<1000>,,
420113,,1,14,,,,,,,<4201112>,<2>,<self:flagZ1() and 1 or 0>,,<1000>,,
420121,,,,,,,,,,,,,,,420121,
420122,,1,14,,,,,,,<4201211>,<1>,<1>,,<<1;1;1>>,,
420123,,1,14,,,,,,,<4201212>,<1>,<1>,,<0>,,
420131,,,,,,,,,,,,,,,420131,
420132,,1,14,,,,,,,<4201311>,<1>,<1>,,<5000>,,
420133,,1,14,,,,,,,<4201313>,<1>,<1>,,<<1;2;2>>,,
420134,,,,useOtherProcessInput(420131),,,,,,<4201312>,<1>,<1>,,<0>,,
420135,,,,useOtherProcessInput(420131),,,,,,<4201314>,<1>,"<moreE(self:star(),11) and 1 or 0>",,<self:sTDmg()>,,
420136,,,,useOtherProcessInput(420131),,,,,,<4201351>,<1>,<self:flagZ3() and 1 or 0>,,<0>,,
420161,,1,14,,,,,,,<4201611>,<999>,<1>,,<0>,,
420162,,1,14,,,,,,,<4201613>,<999>,"<moreE(self:star(),6) and 1 or 0>",,<0>,,
420163,,1,14,,,,,,,<4201811>,<999>,"<moreE(self:star(),8) and 1 or 0>",,<0>,,
420211,,,,,,,,,,,,,,,420211,
420212,,1,14,,,,,,,<4201111>,<2>,<1>,,<1000>,,
420213,,1,14,,,,,,,<4201112>,<2>,<self:flagZ1() and 1 or 0>,,<1000>,,
420221,,,,,,,,,,,,,,,420221,
420222,,1,14,,,,,,,<4201211>,<1>,<1>,,<<1;1;1>>,,
420223,,1,14,,,,,,,<4201212>,<1>,<1>,,<0>,,
420231,,,,,,,,,,,,,,,420231,
420232,,,,,,,,,,,,,,,420232,
420233,,1,14,,,,,,,<4201311>,<1>,<1>,,<5000>,,
420234,,1,14,,,,,,,<4201313>,<1>,<1>,,<<1;2;2>>,,
420235,,,,useOtherProcessInput(420231),,,,,,<4201312>,<1>,<1>,,<0>,,
420236,,,,useOtherProcessInput(420231),,,,,,<4201314>,<1>,"<moreE(self:star(),11) and 1 or 0>",,<self:sTDmg()>,,
420237,,,,useOtherProcessInput(420231),,,,,,<4201351>,<1>,<self:flagZ3() and 1 or 0>,,<0>,,
420261,,1,14,,,,,,,<4201611>,<999>,<1>,,<0>,,
420262,,1,14,,,,,,,<4201613>,<999>,"<moreE(self:star(),6) and 1 or 0>",,<0>,,
420263,,1,14,,,,,,,<4201811>,<999>,"<moreE(self:star(),8) and 1 or 0>",,<0>,,
420311,,,,,,,,,,,,,,,420311,
420312,,1,14,,,,,,,<4201111>,<2>,<1>,,<1000>,,
420313,,1,14,,,,,,,<4201112>,<2>,<self:flagZ1() and 1 or 0>,,<1000>,,
420321,,,,,,,,,,,,,,,420321,
420322,,1,14,,,,,,,<4201211>,<1>,<1>,,<<1;1;1>>,,
420323,,1,14,,,,,,,<4201212>,<1>,<1>,,<0>,,
420331,,,,,,,,,,,,,,,420331,
420332,,,,,,,,,,,,,,,420332,
420333,,1,14,,,,,,,<4201311>,<1>,<1>,,<5000>,,
420334,,1,14,,,,,,,<4201313>,<1>,<1>,,<<1;2;2>>,,
420335,,,,useOtherProcessInput(420331),,,,,,<4201312>,<1>,<1>,,<0>,,
420336,,,,useOtherProcessInput(420331),,,,,,<4201314>,<1>,"<moreE(self:star(),11) and 1 or 0>",,<self:sTDmg()>,,
420337,,,,useOtherProcessInput(420331),,,,,,<4201351>,<1>,<self:flagZ3() and 1 or 0>,,<0>,,
420361,,1,14,,,,,,,<4201611>,<999>,<1>,,<0>,,
420362,,1,14,,,,,,,<4201613>,<999>,"<moreE(self:star(),6) and 1 or 0>",,<0>,,
420363,,1,14,,,,,,,<4201811>,<999>,"<moreE(self:star(),8) and 1 or 0>",,<0>,,
430111,,,,,,,,,,,,,,,430111,
430112,,1,14,,,,,,,<4301111>,<2>,<1>,,<self:flagZ1() and self:Bdamage()*0.1 or self:Bdamage()*0.05>,,
430121,,,,,,,,,,,,,,,430121,
430122,,,,,,,,,,,,,,,,
430123,,,,,,,,,,<4301211>,<3>,<1>,,<0>,,
430124,,1,14,,,,,,,<4301221>,<1>,<self:flagZ2() and 1 or 0>,,<0>,,
430131,,,,,,,,,,,,,,,430131,
430132,,,,,,,,,,,,,,,430132,
430133,,,,,,,,,,<4301310>,<1>,<1>,,<0>,,
430134,,,,selfForce | nodead,"exclude(list(csvSelf:id()))|attrDiffer(""natureType"", {4,15})|",,,,,<4301315>,<1>,"<moreE(self:star(),11) and 1 or 0>",,<0>,,
430161,,1,14,,,,,,,<4301411>,<999>,<1>,,<0>,,
430162,,1,14,,,,,,,<4301421>,<999>,"<moreE(self:star(),6) and 1 or 0>",,<0>,,
430163,,1,14,,,,,,,<4301441>,<999>,"<moreE(self:star(),8) and 1 or 0>",,<<0>>,,
430211,,,,,,,,,,,,,,,430211,
430212,,1,14,,,,,,,<4301111>,<2>,<1>,,<self:flagZ1() and self:Bdamage()*0.1 or self:Bdamage()*0.05>,,
430221,,,,,,,,,,,,,,,430221,
430222,,,,,,,,,,,,,,,,
430223,,,,,,,,,,<4301211>,<3>,<1>,,<0>,,
430224,,1,14,,,,,,,<4301221>,<1>,<self:flagZ2() and 1 or 0>,,<0>,,
430231,,,,,,,,,,,,,,,430231,
430232,,,,,,,,,,,,,,,,
430233,,,,,,,,,,<4301310>,<1>,<1>,,<0>,,
430234,,,,selfForce | nodead,"attrDifferSort(""natureType"", {4,15})|limit(2)",,,,,<4301311>,<1>,"<moreE(self:star(),11) and 1 or 0>",,<0>,,
430261,,1,14,,,,,,,<4301411>,<999>,<1>,,<0>,,
430262,,1,14,,,,,,,<4301421>,<999>,"<moreE(self:star(),6) and 1 or 0>",,<0>,,
430263,,1,14,,,,,,,<4301441>,<999>,"<moreE(self:star(),8) and 1 or 0>",,<<0>>,,
439111,,,,,,,,,,,,,,,439111,
439112,,,,,,,,,,<4391111>,<2>,<1>,,<0>,,
439121,,,,,,,,,,,,,,,439121,
439122,,,,,,,,,,,,,,,,
439123,,,,,,,,,,<4391211>,<1>,"<less(self:damage(),target:damage()) and 0.8*math.pow(0.5,target:getBuffOverlayCount(4391615)) or 0>",,<0>,,
439124,,,,,,,,,,<4391221>,<3>,"<self:flagZ2() and (less(self:damage(),target:damage()) and 0 or 1) or 0>",,<0>,,
439131,,,,,,,,,,,,,,,439131,
439132,,,,,,,,,,,,,,,,
439133,,,,,,,,,,<4391311>,<1>,"<1*math.pow(0.5,target:getBuffOverlayCount(4391615))>",,<0>,,
439134,,,,,,,,,,<4391321>,<999>,"<(target:hasBuff(4391311) and moreE(self:star(),11)) and 1 or 0>",,<0>,,
439161,,1,14,,,,,,,<4391611>,<999>,"<moreE(self:star(),6) and 1 or 0>",,<0>,,
439162,,1,14,,,,,,,<4391661>,<999>,<1>,,<0>,,
439163,,1,14,,,,,,,<4391681>,<999>,"<moreE(self:star(),8) and 1 or 0>",,<<0>>,,
439164,,1,14,,,,,,,<4391691>,<999>,<self:flagZ4() and 1 or 0>,,<0>,,
439211,,,,,,,,,,,,,,,439211,
439212,,,,,,,,,,<4391111>,<2>,<1>,,<0>,,
439221,,,,,,,,,,,,,,,439221,
439222,,,,,,,,,,,,,,,,
439223,,,,,,,,,,<4391211>,<1>,"<less(self:damage(),target:damage()) and 0.8*math.pow(0.5,target:getBuffOverlayCount(4391615)) or 0>",,<0>,,
439224,,,,,,,,,,<4391221>,<3>,"<self:flagZ2() and (less(self:damage(),target:damage()) and 0 or 1) or 0>",,<0>,,
439231,,,,,,,,,,,,,,,439231,
439232,,,,,,,,,,,,,,,439232,
439233,,,,,,,,,,<4391311>,<1>,"<1*math.pow(0.5,target:getBuffOverlayCount(4391615))>",,<0>,,
439234,,,,,,,,,,<4391321>,<999>,"<(target:hasBuff(4391311) and moreE(self:star(),11)) and 1 or 0>",,<0>,,
439261,,1,14,,,,,,,<4391611>,<999>,"<moreE(self:star(),6) and 1 or 0>",,<0>,,
439262,,1,14,,,,,,,<4391661>,<999>,<1>,,<0>,,
439263,,1,14,,,,,,,<4391681>,<999>,"<moreE(self:star(),8) and 1 or 0>",,<<0>>,,
439264,,1,14,,,,,,,<4391691>,<999>,<self:flagZ4() and 1 or 0>,,<0>,,
439311,,,,,,,,,,,,,,,439311,
439312,,,,,,,,,,<4391111>,<2>,<1>,,<0>,,
439321,,,,,,,,,,,,,,,439321,
439322,,,,,,,,,,,,,,,439322,
439323,,,,,,,,,,<4391211>,<1>,"<less(self:damage(),target:damage()) and 0.8*math.pow(0.5,target:getBuffOverlayCount(4391615)) or 0>",,<0>,,
439324,,,,,,,,,,<4391221>,<3>,"<self:flagZ2() and (less(self:damage(),target:damage()) and 0 or 1) or 0>",,<0>,,
439331,,,,,,,,,,,,,,,439331,
439332,,,,,,,,,,,,,,,439332,
439333,,,,,,,,,,<4391311>,<1>,"<1*math.pow(0.5,target:getBuffOverlayCount(4391615))>",,<0>,,
439334,,,,,,,,,,<4391321>,<999>,"<(target:hasBuff(4391311) and moreE(self:star(),11)) and 1 or 0>",,<0>,,
439361,,1,14,,,,,,,<4391611>,<999>,"<moreE(self:star(),6) and 1 or 0>",,<0>,,
439362,,1,14,,,,,,,<4391661>,<999>,<1>,,<0>,,
439363,,1,14,,,,,,,<4391681>,<999>,"<moreE(self:star(),8) and 1 or 0>",,<<0>>,,
439364,,1,14,,,,,,,<4391691>,<999>,<self:flagZ4() and 1 or 0>,,<0>,,
443111,,,,,,,,,,,,,,,443111,
443112,,,,,,,,,,<4431642>,<1>,<not target:hasBuff(4431611) and 1 or 0>,,<0>,,
443113,,,,,,,,,,<4431112;4431616>,<1;1>,<target:hasBuff(4431611) and 1 or 0;target:hasBuff(4431611) and 1 or 0>,,<0;0>,,
443114,,1,14,,,,,,,<4431111>,<1>,<1>,,<5000>,,
443121,,,,,,,,,,,,,,,443121,
443122,,,,,,,,,,<4431642>,<1>,<not target:hasBuff(4431612) and 1 or 0>,,<0>,,
443123,,,,,,,,,,<4431212;4431617>,<1;1>,<target:hasBuff(4431612) and 1 or 0;target:hasBuff(4431612) and 1 or 0>,,<0;0>,,
443124,,1,14,,,,,,,<4431211>,<1>,<1>,,<3000>,,
443131,,,,,,,,,,,,,,,443131,
443132,,,,,,,,,,<4431642>,<1>,<not target:hasBuff(4431613) and 1 or 0>,,<0>,,
443133,,,,,,,,,,<4431311;4431618>,<target:hasBuff(4431613) and 2 or 1;1>,<target:hasBuff(4431613) and 0.8 or 0.4;target:hasBuff(4431613) and 1 or 0>,,<0;0>,,
443161,,1,14,,,,,,,<4431621>,<999>,<1>,,<0>,,
443162,,,11,,,,,,,<4431610>,<1>,<1>,,<0>,,
443211,,,,,,,,,,,,,,,443211,
443212,,,,,,,,,,<4431642>,<1>,<not target:hasBuff(4431611) and 1 or 0>,,<0>,,
443213,,,,,,,,,,<4431112;4431616>,<1;1>,<target:hasBuff(4431611) and 1 or 0;target:hasBuff(4431611) and 1 or 0>,,<0;0>,,
443214,,1,14,,,,,,,<4431111>,<1>,<1>,,<5000>,,
443221,,,,,,,,,,,,,,,443221,
443222,,,,,,,,,,<4431642>,<1>,<not target:hasBuff(4431612) and 1 or 0>,,<0>,,
443223,,,,,,,,,,<4431212;4431617>,<1;1>,<target:hasBuff(4431612) and 1 or 0;target:hasBuff(4431612) and 1 or 0>,,<0;0>,,
443224,,1,14,,,,,,,<4431211>,<1>,<1>,,<3000>,,
443231,,,,,,,,,,,,,,,443231,
443232,,,,,,,,,,<4431642>,<1>,<not target:hasBuff(4431613) and 1 or 0>,,<0>,,
443233,,,,,,,,,,<4431311;4431618>,<target:hasBuff(4431613) and 2 or 1;1>,<target:hasBuff(4431613) and 0.8 or 0.4;target:hasBuff(4431613) and 1 or 0>,,<0;0>,,
443261,,1,14,,,,,,,<4431621>,<999>,<1>,,<0>,,
443262,,,11,,,,,,,<4431610>,<1>,<1>,,<0>,,
443311,,,,,,,,,,,,,,,443311,
443312,,,,,,,,,,<4431642>,<1>,<not target:hasBuff(4431611) and 1 or 0>,,<0>,,
443313,,,,,,,,,,<4431112;4431616>,<1;1>,<target:hasBuff(4431611) and 1 or 0;target:hasBuff(4431611) and 1 or 0>,,<0;0>,,
443314,,1,14,,,,,,,<4431111>,<1>,<1>,,<5000>,,
443321,,,,,,,,,,,,,,,443321,
443322,,,,,,,,,,<4431642>,<1>,<not target:hasBuff(4431612) and 1 or 0>,,<0>,,
443323,,,,,,,,,,<4431212;4431617>,<1;1>,<target:hasBuff(4431612) and 1 or 0;target:hasBuff(4431612) and 1 or 0>,,<0;0>,,
443324,,1,14,,,,,,,<4431211>,<1>,<1>,,<3000>,,
443331,,,,,,,,,,,,,,,443331,
443332,,,11,,,,,,,,,,,,443332,
443333,,,,,,,,,,<4431642>,<1>,<not target:hasBuff(4431613) and 1 or 0>,,<0>,,
443334,,,,,,,,,,<4431311;4431618>,<target:hasBuff(4431613) and 2 or 1;1>,<target:hasBuff(4431613) and 0.8 or 0.4;target:hasBuff(4431613) and 1 or 0>,,<0;0>,,
443335,,,,selfForce | nodead,exclude(list(csvSelf:id())),,,,,,,,,,443334,
443361,,1,14,,,,,,,<4431621>,<999>,<1>,,<0>,,
443362,,,11,,,,,,,<4431610>,<1>,<1>,,<0>,,
444111,,,,,,,,,,,,,,,444111,
444112,,1,14,,,,,,,<4441111>,<2>,<1>,,<self:flagZ1() and 1000 or 500>,,
444121,,,,,,,,,,,,,,,444121,
444122,,,,,,,,,,<4441001>,<2>,<1>,,<0>,,
444123,,,,,,,,,,<4441011>,<2>,<1>,,"<<min(self:specialDamage()*5,target:hpMax()*0.15)>>",,
444124,,,,,,,,,,<4441211>,<2>,"<self:flagZ2() and lessE((target:hpMax()-target:freezeHp()-target:freezeHpMax()),target:BhpMax()*0.75) and 1 or 0>",,<0>,,
444131,,,,,,,,,,,,,,,444131,
444132,,,,,,,,,,,,,,,444132,
444133,,1,14,,,,,,,<4441311>,<999>,<1>,,<0>,,
444134,,,,,,,,,,<4441321>,<2>,"<moreE(self:star(),11) and 1 or 0>",,<0>,,
444161,,1,14,,,,,,,<4441610>,<999>,<1>,,<0>,,
444162,,1,14,,,,,,,<4441620>,<999>,<1>,,<0>,,
452111,,,,,,,,,,,,,,,452111,
452112,,1,14,,,,,,,<4521111>,<2>,<1>,,<(self:flagZ1() and 0.06 or 0.03)*self:Bspeed()>,,
452121,,,,,,,,,,,,,,,452121,
452122,,1,14,,,,,,,<4521210>,<1>,<self:flagZ2() and 0 or 1>,,<0>,,
452123,,1,14,,,,,,,<4521211>,<1>,<self:flagZ2() and 1 or 0>,,<0>,,
452131,,,2,,,,,,,,,,,,452131,
452132,,,2,,,,,,,,,,,,452132,
452133,,1,14,,,,,,,<4521311>,<2>,<1>,,<0>,,
452134,,,,selfForce | nodead,"exclude(list(csvSelf:id()))|buffDiffer('id',{4521612})|random(1)",,,,,<4521321>,<1>,"<moreE(self:star(),11) and 1 or 0>",,<0>,,
452135,,1,14,,,,,,,<4521323>,<1>,"<moreE(self:star(),11) and 1 or 0>",,<0>,,
452136,,1,14,,,,,,,<4521341>,<1>,<self:flagZ3() and 1 or 0>,,<0>,,
452161,,1,14,,,,,,,<4521611>,<999>,<1>,,<0>,,
452162,,1,14,,,,,,,<4521620>,<999>,"<moreE(self:star(),6) and 1 or 0>",,<0>,,
452163,,1,14,,,,,,,<4521630>,<999>,"<moreE(self:star(),8) and 1 or 0>",,<0>,,
452164,,1,14,,,,,,,<4521633>,<999>,"<moreE(self:star(),8) and 1 or 0>",,<0>,,
452165,,1,14,,,,,,,<4521640>,<999>,<self:flagZ4() and 1 or 0>,,<0>,,
456111,,,,,,,,,,,,,,,456111,
456112,,1,14,,,,,,,<4561111>,<2>,<1>,,<0>,,
456121,,,,,,,,,,,,,,,456121,
456122,,1,14,,,,,,,<4561121;4561122>,<1;1>,<1;1>,,<0;0>,,
456123,,,,,,,,,,<4561125>,<2>,<(self:flagZ2() and target:frontOrBack()==1) and 1 or 0>,,<self:damage()*0.8>,,
456131,,,,,,,,,,,,,,,456131,
456132,,,,,,,,,,,,,,,456132,
456133,,1,14,,,,,,,<4561131>,<1>,<1>,,<0>,,
456134,,1,14,,,,,,,<4561145;4561146>,<2;999>,<self:hasBuff(4561146) and 0 or (self:flagZ3() and 1 or 0);self:hasBuff(4561146) and 0 or (self:flagZ3() and 1 or 0)>,,<0;0>,,
456161,,1,14,,,,,,,<4561151;4561152>,<999;999>,<1;1>,,<<0>;<0>>,,
456162,,1,14,,,,,,,<4561161>,<999>,"<moreE(self:star(),6) and 1 or 0>",,<0>,,
456163,,1,14,,,,,,,<4561171;4561176>,<999;999>,"<moreE(self:star(),8) and 1 or 0;moreE(self:star(),8) and 1 or 0>",,<0;<0>>,,
456164,,1,14,,,,,,,<4561181;4561191>,<999;999>,<self:flagZ3() and 1 or 0;self:flagZ3() and 1 or 0>,,<0;0>,,
457111,,,,,,,,,,,,,,,457111,
457112,,1,14,,,,,,,<4571111>,<2>,<1>,,<self:Bdefence()*0.1>,,
457121,,,,,,,,,,,,,,,457121,
457122,,1,14,,,,,,,<4571211>,<3>,<1>,,<0>,,
457131,,,4,,,,,,,,,,,,457131,
457132,,,4,,,,,,,,,,,,457132,
457133,,1,14,,,,,,,<4571309>,<1>,<1>,,<0>,,
457134,,,11,,,,,,,<4571321>,<1>,"<moreE(self:star(),11) and 1 or 0>",,<0>,,
457161,,1,14,,,,,,,<4571411>,<999>,<1>,,<0>,,
457162,,1,14,,,,,,,<4571421>,<999>,<1>,,<0>,,
457163,,1,14,,,,,,,<4571431>,<999>,<1>,,<0>,,
457164,,1,14,,,,,,,<4571441>,<999>,<self:flagZ3() and 1 or 0>,,<0>,,
457211,,,,,,,,,,,,,,,457211,
457212,,1,14,,,,,,,<4571111>,<2>,<1>,,<self:Bdefence()*0.1>,,
457221,,,,,,,,,,,,,,,457221,
457222,,1,14,,,,,,,<4571211>,<3>,<1>,,<0>,,
457231,,,4,,,,,,,,,,,,457231,
457232,,,4,,,,,,,,,,,,457232,
457233,,1,14,,,,,,,<4571309>,<1>,<1>,,<0>,,
457234,,,11,,,,,,,<4571321>,<1>,"<moreE(self:star(),11) and 1 or 0>",,<0>,,
457261,,1,14,,,,,,,<4571411>,<999>,<1>,,<0>,,
457262,,1,14,,,,,,,<4571421>,<999>,<1>,,<0>,,
457263,,1,14,,,,,,,<4571431>,<999>,<1>,,<0>,,
457264,,1,14,,,,,,,<4571441>,<999>,<self:flagZ3() and 1 or 0>,,<0>,,
458111,,,,,,,,,,,,,,,458111,
458112,,1,14,,,,,,,<4582111>,<2>,<1>,,<self:Bspeed()*0.03>,,
458113,,,,,,,,,,<4582115>,<1>,"<(more(self:speed(),target:speed()) and self:flagZ1()) and 1 or 0>",,<0>,,
458121,,,,,,,,,,,,,,,458121,
458122,,1,14,,,,,,,<4582121;4582125>,<1;1>,<1;1>,,<<1;1;1>;0>,,
458123,,,,,,,,,,<4582122>,<1>,"<more(self:speed(),target:speed()) and 1 or 0>",,<0>,,
458131,,,,,,,,,,,,,,,458131,
458132,,,,,,,,,,,,,,,458132,
458133,,1,14,,,,,,,<4582131>,<1>,<1>,,<0>,,
458134,,1,14,,,,,,,<4582141>,<self:flagZ3() and 2 or 1>,"<moreE(self:star(),11) and 1 or 0>",,<0>,,
458135,,1,14,,,,,,,<4582161;4582161;4582162;4582162;4582162;4582162>,<999;999;999;999;999;999>,"<moreE(self:star(),6) and 0 or 1;moreE(self:star(),6) and 0 or 1;moreE(self:star(),6) and 1 or 0;moreE(self:star(),6) and 1 or 0;moreE(self:star(),6) and 1 or 0;moreE(self:star(),6) and 1 or 0>",,<0;0;0;0;0;0>,,
458161,,1,14,,,,,,,<4582161;4582161;4582162;4582162;4582162;4582162;4582171>,<999;999;999;999;999;999;999>,"<moreE(self:star(),6) and 0 or 1;moreE(self:star(),6) and 0 or 1;moreE(self:star(),6) and 1 or 0;moreE(self:star(),6) and 1 or 0;moreE(self:star(),6) and 1 or 0;moreE(self:star(),6) and 1 or 0;1>",,<0;0;0;0;0;0;<0>>,,
458211,,,,,,,,,,,,,,,458211,
458212,,1,14,,,,,,,<4582111>,<2>,<1>,,<self:Bspeed()*0.03>,,
458213,,,,,,,,,,<4582115>,<1>,"<(more(self:speed(),target:speed()) and self:flagZ1()) and 1 or 0>",,<0>,,
458221,,,,,,,,,,,,,,,458221,
458222,,1,14,,,,,,,<4582121;4582125>,<1;1>,<1;1>,,<<1;1;1>;0>,,
458223,,,,,,,,,,<4582122>,<1>,"<more(self:speed(),target:speed()) and 1 or 0>",,<0>,,
458231,,,,,,,,,,,,,,,458231,
458232,,,,,,,,,,,,,,,458232,
458233,,1,14,,,,,,,<4582131>,<1>,<1>,,<0>,,
458234,,1,14,,,,,,,<4582141>,<self:flagZ3() and 2 or 1>,"<moreE(self:star(),11) and 1 or 0>",,<0>,,
458235,,1,14,,,,,,,<4582161;4582161;4582162;4582162;4582162;4582162>,<999;999;999;999;999;999>,"<moreE(self:star(),6) and 0 or 1;moreE(self:star(),6) and 0 or 1;moreE(self:star(),6) and 1 or 0;moreE(self:star(),6) and 1 or 0;moreE(self:star(),6) and 1 or 0;moreE(self:star(),6) and 1 or 0>",,<0;0;0;0;0;0>,,
458261,,1,14,,,,,,,<4582161;4582161;4582162;4582162;4582162;4582162;4582171>,<999;999;999;999;999;999;999>,"<moreE(self:star(),6) and 0 or 1;moreE(self:star(),6) and 0 or 1;moreE(self:star(),6) and 1 or 0;moreE(self:star(),6) and 1 or 0;moreE(self:star(),6) and 1 or 0;moreE(self:star(),6) and 1 or 0;1>",,<0;0;0;0;0;0;<0>>,,
458311,,,,,,,,,,,,,,,458311,
458312,,1,14,,,,,,,<4582111>,<2>,<1>,,<self:Bspeed()*0.03>,,
458313,,,,,,,,,,<4582115>,<1>,"<(more(self:speed(),target:speed()) and self:flagZ1()) and 1 or 0>",,<0>,,
458321,,,,,,,,,,,,,,,458321,
458322,,1,14,,,,,,,<4582121;4582125>,<1;1>,<1;1>,,<<1;1;1>;0>,,
458323,,,,,,,,,,<4582122>,<1>,"<more(self:speed(),target:speed()) and 1 or 0>",,<0>,,
458331,,,,,,,,,,,,,,,458331,
458332,,,,,,,,,,,,,,,458332,
458333,,1,14,,,,,,,<4582131>,<1>,<1>,,<0>,,
458334,,1,14,,,,,,,<4582141>,<self:flagZ3() and 2 or 1>,"<moreE(self:star(),11) and 1 or 0>",,<0>,,
458335,,1,14,,,,,,,<4582161;4582161;4582162;4582162;4582162;4582162>,<999;999;999;999;999;999>,"<moreE(self:star(),6) and 0 or 1;moreE(self:star(),6) and 0 or 1;moreE(self:star(),6) and 1 or 0;moreE(self:star(),6) and 1 or 0;moreE(self:star(),6) and 1 or 0;moreE(self:star(),6) and 1 or 0>",,<0;0;0;0;0;0>,,
458361,,1,14,,,,,,,<4582161;4582161;4582162;4582162;4582162;4582162;4582171>,<999;999;999;999;999;999;999>,"<moreE(self:star(),6) and 0 or 1;moreE(self:star(),6) and 0 or 1;moreE(self:star(),6) and 1 or 0;moreE(self:star(),6) and 1 or 0;moreE(self:star(),6) and 1 or 0;moreE(self:star(),6) and 1 or 0;1>",,<0;0;0;0;0;0;<0>>,,
459111,,,,,,,,,,,,,,,459111,
459112,,1,14,,,,,,,<4591111>,<2>,<1>,,<self:Bdamage()*0.1>,,
459113,,1,14,,,,,,,<4591621;4591627>,<1;1>,<(self:flagZ1() and (not self:flagZ3()) )   and 1 or 0;self:flagZ3() and 1 or 0>,,<1;1>,,
459121,,,,,,,,,,,,,,,459121,
459122,,1,14,,,,,,,<4591211;4591221;4591223;4591621>,<1;1;1;1>,<1;self:flagZ2() and 1 or 0;self:flagZ2() and 1 or 0;1>,,<1;1;1;1>,,
459123,,,,selfForce | nodead,"exclude(list(csvSelf:id()))|buffDiffer('id',{4591611})|relativeActionOrderProcess(false,2)",,,,,<4591211>,<1>,<1>,,<1>,,
459124,,,,,,,,,,,,,,,,
459131,,,4,,,,,,,,,,,,459131,
459132,,,4,,,,,,,,,,,,459132,
459133,,,4,,,,,,,<4591311;4591312>,<1;1>,"<more(target:defence(),self:defence()) and 1 or 0;less(target:defence(),self:defence()) and 1 or 0>",,<-(target:defence()-(target:defence()-self:defence()) )*(skillLevel*0.003-0.003);-target:defence()*(skillLevel*0.003-0.003)>,,
459134,,1,14,,,,,,,<4591621;4591621;4591627;4591627>,<1;1;1;1>,<(self:flagZ1() and (not self:flagZ3()) )   and 1 or 0;(self:flagZ1() and (not self:flagZ3()) )   and 1 or 0;self:flagZ3() and 1 or 0;self:flagZ3() and 1 or 0>,,<1;1;1;1>,,
459135,,1,14,,,,,,,<4591321>,<2>,"<moreE(self:star(),11) and 1 or 0>",,<<0;10>>,,
459136,,1,14,,,,,,,<4591636>,<1>,<self:flagZ3() and 1 or 0>,,<1>,,
459161,,,,selfForce | nodead,"battleFlagDiffer('battleFlag', {10006})",,,,,<4591610;4591611>,<999;999>,<1;1>,,<1;1>,,
459162,,,,selfForce | nodead,"battleFlagDiffer('battleFlag', {4601})",,,,,<4591611;4591690>,<999;999>,<1;1>,,<1;<0;10>>,,
459163,,1,11,,,,,,,<4591611>,<999>,<(target:natureIntersection(list(18))) and 1 or 0>,,<1>,,
459164,,1,14,,,,,,,<4591615;4591641;4591651;4591635>,<999;999;999;999>,<1;1;1;1>,,<1;1;<0;10>;<0;10>>,,
459165,,1,14,,,,,,,<4591661;4591671>,<999;999>,"<moreE(self:star(),6) and 1 or 0;moreE(self:star(),8) and 1 or 0>",,<<0;10>;1>,,
459166,,1,14,,,,,,,<4591681;4591691;4591614;4591614;4591612;4591612>,<999;999;999;999;999;999>,<self:flagZ4() and 1 or 0;self:flagZ4() and 1 or 0;self:flagZ4() and 1 or 0;self:flagZ4() and 1 or 0;self:flagZ4() and 1 or 0;self:flagZ4() and 1 or 0>,,<1;1;1;1;1;1>,,
459211,,,,,,,,,,,,,,,459211,
459212,,1,14,,,,,,,<4591111>,<2>,<1>,,<self:Bdamage()*0.1>,,
459213,,1,14,,,,,,,<4591621;4591627>,<1;1>,<(self:flagZ1() and (not self:flagZ3()) )   and 1 or 0;self:flagZ3() and 1 or 0>,,<1;1>,,
459221,,,,,,,,,,,,,,,459221,
459222,,1,14,,,,,,,<4591211;4591221;4591223;4591621>,<1;1;1;1>,<1;self:flagZ2() and 1 or 0;self:flagZ2() and 1 or 0;1>,,<1;1;1;1>,,
459223,,,,selfForce | nodead,"exclude(list(csvSelf:id()))|buffDiffer('id',{4591611})|relativeActionOrderProcess(false,2)",,,,,<4591211>,<1>,<1>,,<1>,,
459224,,,,,,,,,,,,,,,,
459231,,,4,,,,,,,,,,,,459231,
459232,,,4,,,,,,,,,,,,459232,
459233,,,4,,,,,,,<4591311;4591312>,<1;1>,"<more(target:defence(),self:defence()) and 1 or 0;less(target:defence(),self:defence()) and 1 or 0>",,<-(target:defence()-(target:defence()-self:defence()) )*(skillLevel*0.003-0.003);-target:defence()*(skillLevel*0.003-0.003)>,,
459234,,1,14,,,,,,,<4591621;4591621;4591627;4591627>,<1;1;1;1>,<(self:flagZ1() and (not self:flagZ3()) )   and 1 or 0;(self:flagZ1() and (not self:flagZ3()) )   and 1 or 0;self:flagZ3() and 1 or 0;self:flagZ3() and 1 or 0>,,<1;1;1;1>,,
459235,,1,14,,,,,,,<4591321>,<2>,"<moreE(self:star(),11) and 1 or 0>",,<<0;10>>,,
459236,,1,14,,,,,,,<4591636>,<1>,<self:flagZ3() and 1 or 0>,,<1>,,
459261,,,,selfForce | nodead,"battleFlagDiffer('battleFlag', {10006})",,,,,<4591610;4591611>,<999;999>,<1;1>,,<1;1>,,
459262,,,,selfForce | nodead,"battleFlagDiffer('battleFlag', {4601})",,,,,<4591611;4591690>,<999;999>,<1;1>,,<1;<0;10>>,,
459263,,1,11,,,,,,,<4591611>,<999>,<(target:natureIntersection(list(18))) and 1 or 0>,,<1>,,
459264,,1,14,,,,,,,<4591615;4591641;4591651;4591635>,<999;999;999;999>,<1;1;1;1>,,<1;1;<0;10>;<0;10>>,,
459265,,1,14,,,,,,,<4591661;4591671>,<999;999>,"<moreE(self:star(),6) and 1 or 0;moreE(self:star(),8) and 1 or 0>",,<<0;10>;1>,,
459266,,1,14,,,,,,,<4591681;4591691;4591614;4591614;4591612;4591612>,<999;999;999;999;999;999>,<self:flagZ4() and 1 or 0;self:flagZ4() and 1 or 0;self:flagZ4() and 1 or 0;self:flagZ4() and 1 or 0;self:flagZ4() and 1 or 0;self:flagZ4() and 1 or 0>,,<1;1;1;1;1;1>,,
460111,,,,,,,,,,,,,,,460111,
460112,,1,14,,,,,,,<4601111;4601120;4601121>,<2;999;999>,"<1;self:flagZ1() and 1 or 0;self:flagZ1() and (moreE(self:getBuffOverlayCount(4601120),3) and 1 or 0) or 0>",,"<self:flagZ1() and 2000 or 1000;0;self:BhpMax()*0.1*((lessE(self:hp()/self:hpMax(),0.5) and self:flagZ4()) and 1.15 or 1)>",,
460121,,,,,,,,,,,,,,,460121,
460122,,1,14,,,,,,,<4601211;4601221>,<999;999>,<1;1>,,"<self:BhpMax()*0.15*((lessE(self:hp()/self:hpMax(),0.5) and self:flagZ4()) and 1.15 or 1);0>",,
460123,,,,selfForce | nodead,rowback|selfColumn|exclude(list(csvSelf:id())),,,,,<4601231>,<2>,<1>,,<<2;99;1>>,,
460124,,,,selfForce | nodead,"exclude(list(csvSelf:id()))|rowback|attrDiffer(""natureType"", {7})|random(1)",,,,,<4601211;4601241>,<999;999>,<self:flagZ2() and 1 or 0;self:flagZ2() and 1 or 0>,,"<self:BhpMax()*0.1*((lessE(self:hp()/self:hpMax(),0.5) and self:flagZ4()) and 1.15 or 1);0>",,
460125,,,,,,,,,,<4601242>,<3>,<self:flagZ2() and 1 or 0>,,<0>,,
460131,,,,,,,,,,,,,,,460131,
460132,,,,,,,,,,,,,,,460132,
460133,,,,,,,,,,<4601311>,<1>,<1>,,<0>,,
460134,,1,11,,,,,,,<4601315>,<999>,<1>,,"<max(self:lostHp()*(15+skillLv(46013,46023) *0.15-0.15)*0.01,self:BhpMax()*0.1)*((lessE(self:hp()/self:hpMax(),0.5) and self:flagZ3()) and 1.25 or 1)*((lessE(self:hp()/self:hpMax(),0.5) and self:flagZ4()) and 1.15 or 1)>",,
460135,,1,14,,,,,,,<4601341;4601341>,<999;999>,<1;self:flagZ3() and 1 or 0>,,<0;0>,,
460136,,,,,,,,,,<4601331>,<1>,"<moreE(self:star(),11) and (more(self:lostHp(),0) and 1 or 0) or 0>",,<self:lostHp()*0.3>,,
460161,,1,14,,,,,,,<4601611;4601631;4601621>,<999;999;999>,"<1;moreE(self:star(),6) and 1 or 0;1>",,<0;<0>;0>,,
460162,,1,14,,,,,,,<4601641;4601691>,<999;999>,"<moreE(self:star(),8) and 1 or 0;self:flagZ4() and 1 or 0>",,<<99;99;0;0;40>;0>,,
460163,,1,14,,,,,,,<4601321>,<999>,"<moreE(self:star(),11) and 1 or 0>",,<0>,,
460211,,,,,,,,,,,,,,,460211,
460212,,1,14,,,,,,,<4601111;4601120;4601121>,<2;999;999>,"<1;self:flagZ1() and 1 or 0;self:flagZ1() and (moreE(self:getBuffOverlayCount(4601120),3) and 1 or 0) or 0>",,"<self:flagZ1() and 2000 or 1000;0;self:BhpMax()*0.1*((lessE(self:hp()/self:hpMax(),0.5) and self:flagZ4()) and 1.15 or 1)>",,
460221,,,,,,,,,,,,,,,460221,
460222,,1,14,,,,,,,<4601211;4601221>,<999;999>,<1;1>,,"<self:BhpMax()*0.15*((lessE(self:hp()/self:hpMax(),0.5) and self:flagZ4()) and 1.15 or 1);0>",,
460223,,,,selfForce | nodead,rowback|selfColumn|exclude(list(csvSelf:id())),,,,,<4601231>,<2>,<1>,,<<2;99;1>>,,
460224,,,,selfForce | nodead,"exclude(list(csvSelf:id()))|rowback|attrDiffer(""natureType"", {7})|random(1)",,,,,<4601211;4601241>,<999;999>,<self:flagZ2() and 1 or 0;self:flagZ2() and 1 or 0>,,"<self:BhpMax()*0.1*((lessE(self:hp()/self:hpMax(),0.5) and self:flagZ4()) and 1.15 or 1);0>",,
460225,,,,,,,,,,<4601242>,<3>,<self:flagZ2() and 1 or 0>,,<0>,,
460231,,,,,,,,,,,,,,,460231,
460232,,,,,,,,,,,,,,,460232,
460233,,,,,,,,,,<4601311>,<1>,<1>,,<0>,,
460234,,1,11,,,,,,,<4601315>,<999>,<1>,,"<max(self:lostHp()*(15+skillLv(46013,46023) *0.15-0.15)*0.01,self:BhpMax()*0.1)*((lessE(self:hp()/self:hpMax(),0.5) and self:flagZ3()) and 1.25 or 1)*((lessE(self:hp()/self:hpMax(),0.5) and self:flagZ4()) and 1.15 or 1)>",,
460235,,1,14,,,,,,,<4601341;4601341>,<999;999>,<1;self:flagZ3() and 1 or 0>,,<0;0>,,
460236,,,,,,,,,,<4601331>,<1>,"<moreE(self:star(),11) and (more(self:lostHp(),0) and 1 or 0) or 0>",,<self:lostHp()*0.3>,,
460261,,1,14,,,,,,,<4601611;4601631;4601621>,<999;999;999>,"<1;moreE(self:star(),6) and 1 or 0;1>",,<0;<0>;0>,,
460262,,1,14,,,,,,,<4601641;4601691>,<999;999>,"<moreE(self:star(),8) and 1 or 0;self:flagZ4() and 1 or 0>",,<<99;99;0;0;40>;0>,,
460263,,1,14,,,,,,,<4601321>,<999>,"<moreE(self:star(),11) and 1 or 0>",,<0>,,
461111,,,,,,,,,,,,,,,461111,
461112,,1,14,,,,,,,<4611111>,<2>,<1>,,<(self:flagZ1() and 0.3 or 0.2)>,,
461121,,,,,,,,,,,,,,,461121,
461122,,,,,,,,,,<4611211>,<2>,<1>,,<-5000>,,
461123,,1,14,,,,,,,<4611221>,<2>,<1>,,<<2;99;1>>,,
461124,,,,selfForce | nodead,"exclude(list(csvSelf:id()))|attrDiffer(""natureType"", {8,15})|setSelectAttr({""Bdamage"",""BspecialDamage""},""max"")|attrWitOutFilter(""selectAttr"",""max"",1)",,,,,<4611221>,<2>,<1>,,<<2;99;1>>,,
461125,,1,14,,,,,,,<4611017;4611017>,<1;1>,<self:flagZ2() and 1 or 0;self:flagZ2() and 1 or 0>,,<0;0>,,
461131,,,,enemyForce | nodead,random(3),,,,,<4611300>,<1>,<1>,,<0>,461131,
461132,,,,useOtherProcessInput(461131),,,,,,,,,,,461132,
461133,,,,useOtherProcessInput(461131),,,,,,<4611311>,<1>,<1>,,<0>,,
461134,,1,14,,,,,,,<4611321>,<1>,<1>,,<0>,,
461135,,1,14,,,,,,,<4611340>,<2>,<self:flagZ3() and 1 or 0>,,<0>,,
461141,,,11,,,,,,,,,,,,461141,
461142,,1,14,,,,,,,<4611411>,<1>,<1>,,<0>,,
461143,,,,enemyForce | nodead,"buffDifferOptional('group', {13321})|random(2)",,,,,<4611332>,<1>,<1>,,<<2;list();list(13321);list();1>>,,
461151,,,,enemyForce | nodead,random(3),,,,,,,,,,461151,
461152,,,,useOtherProcessInput(461151),,,,,,<4611511>,<1>,<1>,,<0>,,
461161,,1,14,,,,,,,<4611611;4611621;4611631;4611671;4611681>,<999;999;999;999;999>,"<1;1;moreE(self:star(),6) and 1 or 0;moreE(self:star(),8) and 1 or 0;moreE(self:star(),8) and 1 or 0>",,<0;0;0;<0>;0>,,
461162,,1,14,,,,,,,<4611691;4611692>,<999;999>,<self:flagZ4() and 1 or 0;self:flagZ4() and ((getGateType() == 10 or getGateType() == 14) and 1 or 0) or 0>,,<0;<0;1;1;0;1>>,,
461163,,,,,,,,,,,,,,,,
461211,,,,,,,,,,,,,,,461211,
461212,,1,14,,,,,,,<4611111>,<2>,<1>,,<(self:flagZ1() and 0.3 or 0.2)>,,
461221,,,,,,,,,,,,,,,461221,
461222,,,,,,,,,,<4611211>,<2>,<1>,,<-5000>,,
461223,,1,14,,,,,,,<4611221>,<2>,<1>,,<<2;99;1>>,,
461224,,,,selfForce | nodead,"exclude(list(csvSelf:id()))|attrDiffer(""natureType"", {8,15})|setSelectAttr({""Bdamage"",""BspecialDamage""},""max"")|attrWitOutFilter(""selectAttr"",""max"",1)",,,,,<4611221>,<2>,<1>,,<<2;99;1>>,,
461225,,1,14,,,,,,,<4611017;4611017>,<1;1>,<self:flagZ2() and 1 or 0;self:flagZ2() and 1 or 0>,,<0;0>,,
461231,,,,enemyForce | nodead,random(3),,,,,<4611300>,<1>,<1>,,<0>,461231,
461232,,,,useOtherProcessInput(461231),,,,,,,,,,,461232,
461233,,,,useOtherProcessInput(461231),,,,,,<4611311>,<1>,<1>,,<0>,,
461234,,1,14,,,,,,,<4611321>,<1>,<1>,,<0>,,
461235,,1,14,,,,,,,<4611340>,<2>,<self:flagZ3() and 1 or 0>,,<0>,,
461241,,,11,,,,,,,,,,,,461241,
461242,,1,14,,,,,,,<4611411>,<1>,<1>,,<0>,,
461243,,,,enemyForce | nodead,"buffDifferOptional('group', {13321})|random(2)",,,,,<4611332>,<1>,<1>,,<<2;list();list(13321);list();1>>,,
461251,,,,enemyForce | nodead,random(3),,,,,,,,,,461251,
461252,,,,useOtherProcessInput(461251),,,,,,<4611511>,<1>,<1>,,<0>,,
461261,,1,14,,,,,,,<4611611;4611621;4611631;4611671;4611681>,<999;999;999;999;999>,"<1;1;moreE(self:star(),6) and 1 or 0;moreE(self:star(),8) and 1 or 0;moreE(self:star(),8) and 1 or 0>",,<0;0;0;<0>;0>,,
461262,,1,14,,,,,,,<4611691;4611692>,<999;999>,<self:flagZ4() and 1 or 0;self:flagZ4() and ((getGateType() == 10 or getGateType() == 14) and 1 or 0) or 0>,,<0;<0;1;1;0;1>>,,
461263,,,,,,,,,,,,,,,,
462111,,,,,,,,,,,,,,,462111,
462112,,,,,,,,,,<4621111>,<2>,<1>,,<0>,,
462113,,1,14,,,,,,,<4621114>,<999>,<self:flagZ1() and 1 or 0>,,<0.1+(self:hasBuff(4621114) and self:getBuff(4621114):getValue() or 0)>,,
462121,,,,,,,,,,,,,,,462121,
462122,,1,14,,,,,,,<4621211>,<2>,<1>,,<2000>,,
462123,,,,,,,,,,<4621212>,<2>,<1>,,<-2000>,,
462124,,1,14,,,,,,,<4621213>,<2>,<self:flagZ2() and 1 or 0>,,<0>,,
462131,,,,,,,,,,,,,,,462131,
462132,,,,,,,,,,,,,,,462132,
462133,,1,14,,,,,,,<4621311;4621317;4621318>,<1;1;1>,"<1;moreE(self:star(),11) and 1 or 0;moreE(self:star(),11) and 1 or 0>",,<1500+10*(skillLevel-1);3000;3000>,,
462134,,1,14,,,,,,,<4621312>,<1>,<1>,,"<min(3000,math.floor((self:hasBuff(4621114) and self:getBuff(4621114):getValue() or 0)/0.1)*500)>",,
462135,,1,14,,,,,,,<4621319;4621316>,<2;1>,<self:flagZ3() and 1 or 0;1>,,<self:getBuff(4621114):getValue()*0.3;0>,,
462136,,1,14,,,,,,,<4621313>,<1>,"<moreE(self:star(),11) and (not self:curSkill():getDamageState('block')) and 1 or 0>",,<3000>,,
462137,,,,,,,,,,<4621314>,<1>,"<self:flagZ3() and (not self:curSkill():getDamageState('block')) and less(self:getBuffOverlayCount(4621315),2) and 1 or 0>",,<self:sTDmg()*0.3>,,
462138,,1,14,,,,,,,<4621315>,<999>,<self:flagZ3() and 1 or 0>,,<0>,,
462161,,1,14,,,,,,,<4621611>,<999>,<1>,,<0>,,
462162,,1,14,,,,,,,<4621711>,<999>,"<moreE(self:star(),6) and 1 or 0>",,<0>,,
462163,,1,14,,,,,,,<4621811>,<999>,"<moreE(self:star(),8) and 1 or 0>",,<0>,,
462164,,1,14,,,,,,,<4621911>,<999>,<self:flagZ4() and 1 or 0>,,<0>,,
462211,,,,,,,,,,,,,,,462211,
462212,,,,,,,,,,<4621111>,<2>,<1>,,<0>,,
462213,,1,14,,,,,,,<4621114>,<999>,<self:flagZ1() and 1 or 0>,,<0.1+(self:hasBuff(4621114) and self:getBuff(4621114):getValue() or 0)>,,
462221,,,,,,,,,,,,,,,462221,
462222,,1,14,,,,,,,<4621211>,<2>,<1>,,<2000>,,
462223,,,,,,,,,,<4621212>,<2>,<1>,,<-2000>,,
462224,,1,14,,,,,,,<4621213>,<2>,<self:flagZ2() and 1 or 0>,,<0>,,
462231,,,,,,,,,,,,,,,462231,
462232,,,,,,,,,,,,,,,462232,
462233,,1,14,,,,,,,<4621311;4621317;4621318>,<1;1;1>,"<1;moreE(self:star(),11) and 1 or 0;moreE(self:star(),11) and 1 or 0>",,<1500+10*(skillLevel-1);3000;3000>,,
462234,,1,14,,,,,,,<4621312>,<1>,<1>,,"<min(3000,math.floor((self:hasBuff(4621114) and self:getBuff(4621114):getValue() or 0)/0.1)*500)>",,
462235,,1,14,,,,,,,<4621319;4621316>,<2;1>,<self:flagZ3() and 1 or 0;1>,,<self:getBuff(4621114):getValue()*0.3;0>,,
462236,,1,14,,,,,,,<4621313>,<1>,"<moreE(self:star(),11) and (not self:curSkill():getDamageState('block')) and 1 or 0>",,<3000>,,
462237,,,,,,,,,,<4621314>,<1>,"<self:flagZ3() and (not self:curSkill():getDamageState('block')) and less(self:getBuffOverlayCount(4621315),2) and 1 or 0>",,<self:sTDmg()*0.3>,,
462238,,1,14,,,,,,,<4621315>,<999>,<self:flagZ3() and 1 or 0>,,<0>,,
462261,,1,14,,,,,,,<4621611>,<999>,<1>,,<0>,,
462262,,1,14,,,,,,,<4621711>,<999>,"<moreE(self:star(),6) and 1 or 0>",,<0>,,
462263,,1,14,,,,,,,<4621811>,<999>,"<moreE(self:star(),8) and 1 or 0>",,<0>,,
462264,,1,14,,,,,,,<4621911>,<999>,<self:flagZ4() and 1 or 0>,,<0>,,
462311,,,,,,,,,,,,,,,462311,
462312,,,,,,,,,,<4623111;4623113>,<1;1>,"<1;moreE(self:getBuffOverlayCount(4623112),2) and 1 or 0>",,<-target:Bspeed()*0.06;0>,,
462313,,1,14,,,,,,,<4623112;4623916>,<999;999>,<self:flagZ1() and 1 or 0;self:flagZ4() and 1 or 0>,,<0;0>,,
462321,,,,,,,,,,,,,,,462321,
462322,,1,14,,,,,,,<4623211>,<2>,<1>,,<2000>,,
462323,,,,,,,,,,<4623212>,<2>,<1>,,<-2000>,,
462324,,1,14,,,,,,,<4623213;4623214>,<1;1>,<self:curSkill():getDamageState('block') and 0 or 0.6;self:hasBuff(4623213) and 0 or 1>,,"<<list(1,0,0);1;1>;0>",,
462331,,,,enemyForce | nodead,random(1),,,,,<4623111;4623113;4623112;4623315;4623921>,<1;1;999;1;999>,"<1;moreE(self:getBuffOverlayCount(4623112),3) and 1 or 0;self:flagZ1() and 1 or 0;1;self:flagZ4() and 1 or 0>",,<-target:Bspeed()*0.03;0;0;0;0>,,
462332,,,,enemyForce | nodead,random(1),,,,,<4623111;4623113;4623112;4623315;4623921>,<1;1;999;1;999>,"<1;moreE(self:getBuffOverlayCount(4623112),3) and 1 or 0;self:flagZ1() and 1 or 0;1;self:flagZ4() and 1 or 0>",,<-target:Bspeed()*0.03;0;0;0;0>,,
462333,,,,enemyForce | nodead,random(1),,,,,<4623111;4623113;4623112;4623310;4623315;4623921>,<1;1;999;1;1;999>,"<1;moreE(self:getBuffOverlayCount(4623112),3) and 1 or 0;self:flagZ1() and 1 or 0;1;1;self:flagZ4() and 1 or 0>",,<-target:Bspeed()*0.03;0;0;0;0;0>,,
462334,,,,enemyForce | nodead,"useOtherProcess(462331,462332,462333)",,,,,,,,,,462331,
462335,,,,enemyForce | nodead,useOtherProcess(462334),,,,,,,,,,462332,
462336,,1,14,,,,,,,<4623312>,<999>,<1>,,<0>,,
462337,,1,14,,,,,,,<4623314>,<1>,<self:flagZ3() and 1 or 0>,,<3000>,,
462361,,1,14,,,,,,,<4623611>,<999>,<1>,,<0>,,
462362,,1,14,,,,,,,<4623711>,<999>,"<moreE(self:star(),6) and 1 or 0>",,<0>,,
462363,,1,14,,,,,,,<4623811>,<999>,"<moreE(self:star(),8) and 1 or 0>",,<0>,,
462364,,,,selfForce|nodead,"exclude(list(csvSelf:id()))|battleFlagDiffer('battleFlag',{4621})",,,,,<4623911>,<999>,<self:flagZ4() and 1 or 0>,,<0>,,
463111,,,,,,,,,,,,,,,463111,
463112,,,,enemyForce | nodead,useOtherProcess(463111),,,,,,,,,,463112,
463113,,,,enemyForce | nodead,useOtherProcess(463111),,,,,<4631110>,<2>,<1>,,<0>,,
463121,,,,,,,,,,,,,,,463121,
463122,,,,enemyForce | nodead,useOtherProcess(463121),,,,,,,,,,463122,
463123,,1,14,,,,,,,<4631211>,<1>,<1>,,<0>,,
463124,,,,selfForce | nodead,"attrDiffer('natureType', {4,16})|relativeActionOrderProcess(true,1)",,,,,<4631211>,<1>,<self:flagZ2() and 1 or 0>,,<0>,,
463131,,,11,,,,,,,,,,,,463131,
463132,,,,enemyForce | nodead,useOtherProcess(463131),,,,,,,,,,463132,
463133,,1,14,,,,,,,<4631311>,<2>,<1>,,<0>,,
463134,,1,14,,,,,,,<4631324>,<1>,<1>,,"<min(self:hpMax()*(0.05+(skillLv(46313)*0.001-0.001)),self:damage()*3)>",,
463135,,,,selfForce|nodead,"exclude(list(csvSelf:id()))|attrDiffer('natureType', {4,16})",,,,,<4631351>,<1>,<1>,,<0>,,
463136,,1,14,,,,,,,<4631451>,<1>,"<moreE(self:star(),11) and 1 or 0>",,<0>,,
463161,,1,14,,,,,,,<4631611;4631612>,<999;999>,<1;1>,,<0;0>,,
463162,,1,14,,,,,,,<4631651>,<999>,<1>,,<0>,,
463163,,1,14,,,,,,,<4631809>,<999>,"<moreE(self:star(),8) and 1 or 0>",,<0>,,
463311,,,,,,,,,,,,,,,463311,
463312,,,,enemyForce | nodead,useOtherProcess(463311),,,,,<4631110>,<2>,<1>,,<0>,,
463321,,,,,,,,,,,,,,,463321,
463322,,1,14,,,,,,,<4631211>,<1>,<1>,,<0>,,
463323,,,,selfForce | nodead,"attrDiffer('natureType', {4,16})|relativeActionOrderProcess(true,1)",,,,,<4631211>,<1>,<self:flagZ2() and 1 or 0>,,<0>,,
463331,,,11,,,,,,,,,,,,463331,
463332,,,,enemyForce | nodead,useOtherProcess(463331),,,,,,,,,,463332,
463333,,1,14,,,,,,,<4631311>,<2>,<1>,,<0>,,
463334,,1,14,,,,,,,<4631324>,<1>,<1>,,"<min(self:hpMax()*(0.05+(skillLv(46313)*0.001-0.001)),self:damage()*3)>",,
463335,,,,selfForce|nodead,"exclude(list(csvSelf:id()))|attrDiffer('natureType', {4,16})",,,,,<4631351>,<1>,<1>,,<0>,,
463336,,1,14,,,,,,,<4631451>,<1>,"<moreE(self:star(),11) and 1 or 0>",,<0>,,
463361,,1,14,,,,,,,<4631611;4631612>,<999;999>,<1;1>,,<0;0>,,
463362,,1,14,,,,,,,<4631651>,<999>,<1>,,<0>,,
463363,,1,14,,,,,,,<4631809>,<999>,"<moreE(self:star(),8) and 1 or 0>",,<0>,,
464111,,,,,,,,,,,,,,,464111,
464112,,1,14,,,,,,,<4641111>,<2>,<1>,,<self:Bspeed()*0.06>,,
464113,,1,14,,,,,,,<4641112>,<2>,<self:flagZ1() and 1 or 0>,,<self:BspecialDamage()*0.05>,,
464121,,,,,,,,,,,,,,,464121,
464122,,1,14,,,,,,,<4641210>,<2>,<1>,,<self:hp()>,,
464123,,1,14,,,,,,,<4641217>,<999>,<1>,,<0>,,
464131,,,,,,,,,,,,,,,464131,
464132,,,,,,,,,,,,,,,464132,
464133,,,,,,,,,,<4641311>,"<self:flagZ3() and less(self:getBuffOverlayCount(4641315),1) and 2 or 1>",<1>,,<0>,,
464134,,1,14,,,,,,,<4641351>,"<self:flagZ3() and less(self:getBuffOverlayCount(4641315),1) and 2 or 1>","<moreE(self:star(),11) and 1 or 0>",,<0>,,
464135,,1,14,,,,,,,<4641315>,<999>,<1>,,<0>,,
464161,,1,14,,,,,,,<4641611>,<999>,<1>,,<0>,,
464162,,1,14,,,,,,,<4641651>,<999>,"<moreE(self:star(),6) and 1 or 0>",,<<0>>,,
464163,,1,14,,,,,,,<4641811>,<999>,"<moreE(self:star(),8) and 1 or 0>",,<0>,,
464164,,1,14,,,,,,,<4641851>,<999>,<self:flagZ4() and 1 or 0>,,<0>,,
465111,,,,,,,,,,,,,,,465111,
465112,,1,14,,,,,,,<4651111>,<2>,<1>,,<0>,,
465121,,,,,,,,,,,,,,,465121,
465122,,1,14,,,,,,,<4651211>,<3>,<1>,,<self:flagZ2() and 2000 or 1000>,,
465131,,,,,,,,,,,,,,,465131,
465132,,,,enemyForce | nodead,useOtherProcess(465131),,,,,,,,,,465132,
465133,,1,14,,,,,,,<4651311>,<1>,<1>,,<4000*(self:hp()/self:hpMax())>,,
465161,,1,14,,,,,,,<4651611>,<999>,<1>,,<0>,,
465162,,,,selfForce,"selfRow|targetAnd(""attrDiffer"",{""natureType"", {15}},""battleFlagDiffer"",{'battleFlag',{10009}})",,,,,<4651621>,<999>,"<moreE(self:star(),6) and 1 or 0>",,<0>,,
465163,,1,14,,,,,,,<4651810>,<999>,"<moreE(self:star(),8) and 1 or 0>",,<0>,,
465164,,,,selfForce,otherProcessExcept(465161),,,,,<4651811;4651812;4651813>,<999;999;999>,"<moreE(self:star(),8) and 1 or 0;moreE(self:star(),8) and 1 or 0;moreE(self:star(),8) and 1 or 0>",,<0;0;0>,,
465165,,1,14,,,,,,,<4651631>,<999>,<self:flagZ4() and 1 or 0>,,<0>,,
466111,,,,,,,,,,,,,,,466111,
466112,,1,14,,,,,,,<4661111>,<2>,<1>,,<1>,,
466113,,1,14,,,,,,,<4661114>,<2>,<self:flagZ1() and 1 or 0>,,<500>,,
466121,,,,,,,,,,,,,,,466121,
466122,,,,,,,,,,<4661211>,<1>,<1>,,<1>,,
466123,,1,14,,,,,,,<4661212;4661215;4661216>,<1;1;1>,<1;self:flagZ1() and 1 or 0;self:flagZ1() and 1 or 0>,,<1;self:hpMax()*0.05;1>,,
466131,,,4,,,,,,,,,,,,466131,
466132,,,4,,,,,,,,,,,,466132,
466133,,,,,,,,,,<4661316>,<1>,<1>,,<0>,,
466134,,1,14,,,,,,,<4661311>,<1>,<1>,,<0>,,
466135,,1,14,,,,,,,<4661321>,<2>,"<moreE(self:star(),11) and 1 or 0>",,<0>,,
466136,,,,,,,,,,,,,,,,
466161,,,,selfForce|nodead,"battleFlagDiffer('battleFlag', {4671})",,,,,<4661320;4661319;4661660>,<999;999;999>,<1;1;self:flagZ4() and 1 or 0>,,<0;0;0>,,
466162,,,,selfForce|nodead,"exclude(list(csvSelf:id()))|attrDiffer('natureType', {6})",,,,,<4661320>,<999>,<1>,,<0>,,
466163,,1,14,,,,,,,<4661319>,<999>,<1>,,<0>,,
466164,,,11,,,,,,,<4661651>,<999>,"<more(target:speed(),self:speed()) and 1 or 0>",,<0>,,
466165,,1,14,,,,,,,<4661611>,<999>,<1>,,<1>,,
466166,,1,14,,,,,,,<4661631;4661641;4661652>,<999;999;999>,"<moreE(self:star(),6) and 1 or 0;moreE(self:star(),8) and 1 or 0;moreE(self:star(),8) and 1 or 0>",,<0;0;0>,,
467111,,,,,,,,,,,,,,,467111,
467112,,1,14,,,,,,,<4671111>,<2>,<1>,,<self:BspecialDamage()*0.05>,,
467113,,,,,,,,,,<4671121>,<1>,<1>,,<-50>,,
467121,,,,,,,,,,,,,,,467121,
467122,,1,14,,,,,,,<4671211>,<1>,<1>,,<<1;1;1>>,,
467123,,1,14,,,,,,,,,,,,,
467131,,,4,,,,,,,,,,,,467131,
467132,,,4,,,,,,,,,,,,467132,
467133,,,,,,,,,,<4671311>,<1>,<1>,,<0>,,
467134,,1,14,,,,,,,<4671331>,<2>,"<moreE(self:star(),11) and 1 or 0>",,<<0>>,,
467135,,,,,,,,,,,,,,,,
467141,,,4,,,,,,,,,,,,467141,
467142,,1,14,,,,,,,,,,,,,
467161,,1,14,,,,,,,<4671611>,<999>,<1>,,<<0>>,,
467162,,1,14,,,,,,,<4671621>,<999>,"<moreE(self:star(),8) and 1 or 0>",,<<0>>,,
467163,,1,14,,,,,,,,,,,,,
468211,,,,,,,,,,,,,,,468211,
468212,,1,14,,,,,,,<4682111>,<2>,<1>,,<self:flagZ1() and 1500 or 1000>,,
468221,,,,,,,,,,,,,,,468221,
468222,,,,,,,,,,<4682211>,<1>,<1>,,<target:hpMax()*0.5>,,
468223,,1,14,,,,,,,<4682311>,<1>,<1>,,<0>,,
468224,,1,14,,,,,,,<4682214>,<2>,<self:flagZ2() and 1 or 0>,,<1000>,,
468225,,1,14,,,,,,,<4682215>,<1>,<self:flagZ2() and 1 or 0>,,<target:hpMax()*0.1>,,
468226,,,,selfForce|nodead,exclude(list(csvSelf:id()))|selfColumn|rowback,,,,,<4682215>,<1>,"<self:flagZ2() and (target:flag(10006) or target:natureIntersection(list(4,6,11))) and 1 or 0>",,<target:hpMax()*0.1>,,
468231,,,,,,,,,,,,,,,468231,
468232,,,,,,,,,,,,,,,468232,
468233,,,,enemyForce | nodead,useOtherProcess(468231),,,,,<4682683;4682216>,<2;2>,<1;1>,,"<<min(self:damage()*3,target:hpMax()*0.25)>;0>",,
468234,,1,14,,,,,,,<4682351>,<1>,<1>,,<0>,,
468235,,1,14,,,,,,,<4682631>,<999>,"<moreE(self:star(),11) and 1 or 0>",,<0>,,
468236,,1,14,,,,,,,<4682321>,<999>,<1>,,<0>,,
468237,,,,enemyForce|nodead,"buffDifferExclude('group',{c.fly_notbuff_oc()})|attr(""hp"",""min"",1)",,,,,<4682322>,<1>,<self:flagZ3() and 1 or 0>,,<self:damage()*1.5>,,
468238,,1,14,,,,,,,<4682323>,<2>,<self:flagZ3() and 1 or 0>,,<0>,,
468239,,1,14,,,,,,,<4682324>,<999>,"<moreE(self:star(),11) and 1 or 0>",,<0>,,
468261,,1,14,,,,,,,<4682611>,<999>,<1>,,<target:cure()>,,
468262,,1,14,,,,,,,<4682613>,<999>,<1>,,<list(list(4))>,,
468263,,1,14,,,,,,,<4682621>,<999>,<1>,,<<0>>,,
468264,,1,14,,,,,,,<4682630;4682631>,<999;999>,<1;1>,,<target:hp()/target:hpMax();0>,,
468265,,1,14,,,,,,,<4682631;4682841>,<999;999>,<1;1>,,<0;self:hpMax()*0.2>,,
468266,,1,14,,,,,,,<4682631>,<999>,<self:flagZ4() and 1 or 0>,,<0>,,
468267,,1,14,,,,,,,<4682831>,<999>,<self:flagZ4() and 1 or 0>,,<0>,,
468311,,,,,,,,,,,,,,,468311,
468312,,1,14,,,,,,,<4683111>,<2>,<1>,,<self:BspecialDamage()*0.1>,,
468313,,,,enemyForce|nodead,curSelected,,,,,<4683112>,<1>,<self:flagZ1() and 1 or 0>,,<<50;1>>,,
468321,,,,,,,,,,,,,,,468321,
468322,,1,14,,,,,,,<4683211>,<1>,<1>,,<<1;1;1>>,,
468323,,,,enemyForce|nodead,curSelected,,,,,<4683212>,<2>,<1>,,<<1;1;1>>,,
468331,,,4,,,,,,,,,,,,468331,
468332,,,4,,,,,,,,,,,,468332,
468333,,,,enemyForce|nodead,curSelected,,,,,<4683311>,<1>,<1>,,<0>,,
468334,,,,enemyForce|nodead,useOtherProcess(468331)|otherProcessExcept(468333),,,,,<4683311>,<1>,<self:flagZ3() and 1 or 0>,,<0>,,
468335,,1,14,,,,,,,<4683353>,<999>,<1>,,<0>,,
468336,,,,enemyForce|nodead,,"{process={keyNum=self:flagZ3() and less(self:getBuffOverlayCount(4683353),2) and 2 or 1;value=<random(3);random(12)>}}",,,,<4683351>,<1>,"<moreE(self:star(),11) and 1 or 0>",,<0>,,
468337,,,,selfForce()|nodead,"exclude(list(csvSelf:id()))|attrDiffer('natureType',{4,11,14})|setSelectAttr({""damage"",""specialDamage""},""max"")|attr(""selectAttr"",""max"",1)",,,,,<4683354>,<1>,<self:flagZ3() and 1 or 0>,,<self:suckBlood()*10000*0.4>,,
468361,,,,selfForce|nodead,"attrDiffer('natureType',{4,11,14})",,,,,<4683611>,<999>,<1>,,<target:cure()>,,
468362,,1,14,,,,,,,<4683651>,<999>,<1>,,<0>,,
468363,,1,14,,,,,,,<4683613>,<999>,<1>,,<list(list(4))>,,
468364,,1,14,,,,,,,<4683711>,<999>,"<moreE(self:star(),6) and 1 or 0>",,<0>,,
468365,,1,14,,,,,,,<4683810>,<999>,"<moreE(self:star(),8) and 1 or 0>",,<0>,,
468366,,1,14,,,,,,,<4683851>,<999>,<self:flagZ4() and 1 or 0>,,<0>,,
468367,,,,selfForce|nodead,"attrDiffer('natureType',{11,14})",,,,,<4683657>,<999>,<1>,,<0>,,
468368,,1,14,,,,,,,<4683659>,<999>,"<moreE(countObjByBuff(self:force(),{4683657},{}),3) and 1 or 0>",,<0>,,
468371,,,4,,,,,,,,,,,,468371,
468372,,,,enemyForce | nodead,useOtherProcess(468371),,,,,<4683713>,<1>,"<moreE(self:star(),6) and 1 or 0>",,<0>,,
468411,,,,,,,,,,,,,,,468411,
468412,,1,14,,,,,,,<4682111>,<2>,<1>,,<self:flagZ1() and 1500 or 1000>,,
468421,,,,,,,,,,,,,,,468421,
468422,,,,,,,,,,<4682211>,<1>,<1>,,<target:hpMax()*0.5>,,
468423,,1,14,,,,,,,<4682311>,<1>,<1>,,<0>,,
468424,,1,14,,,,,,,<4682214>,<2>,<self:flagZ2() and 1 or 0>,,<1000>,,
468425,,1,14,,,,,,,<4682215>,<1>,<self:flagZ2() and 1 or 0>,,<target:hpMax()*0.1>,,
468426,,,,selfForce|nodead,exclude(list(csvSelf:id()))|selfColumn|rowback,,,,,<4682215>,<1>,"<self:flagZ2() and (target:flag(10006) or target:natureIntersection(list(4,6,11))) and 1 or 0>",,<target:hpMax()*0.1>,,
468431,,,,,,,,,,,,,,,468431,
468432,,,,,,,,,,,,,,,468432,
468433,,,,enemyForce | nodead,useOtherProcess(468431),,,,,<4682683;4682216>,<2;2>,<1;1>,,"<<min(self:damage()*3,target:hpMax()*0.25)>;0>",,
468434,,1,14,,,,,,,<4682351>,<1>,<1>,,<0>,,
468435,,1,14,,,,,,,<4682631>,<999>,"<moreE(self:star(),11) and 1 or 0>",,<0>,,
468436,,1,14,,,,,,,<4682321>,<999>,<1>,,<0>,,
468437,,,,enemyForce|nodead,"buffDifferExclude('group',{c.fly_notbuff_oc()})|attr(""hp"",""min"",1)",,,,,<4682322>,<1>,<self:flagZ3() and 1 or 0>,,<self:damage()*1.5>,,
468438,,1,14,,,,,,,<4682323>,<2>,<self:flagZ3() and 1 or 0>,,<0>,,
468439,,1,14,,,,,,,<4682324>,<999>,"<moreE(self:star(),11) and 1 or 0>",,<0>,,
468461,,1,14,,,,,,,<4682611>,<999>,<1>,,<target:cure()>,,
468462,,1,14,,,,,,,<4682613;4682614>,<999;999>,<1;1>,,<list(list(4));<2;2;1>>,,
468463,,1,14,,,,,,,<4682621>,<999>,<1>,,<<0>>,,
468464,,1,14,,,,,,,<4682630;4682631>,<999;999>,<1;1>,,<target:hp()/target:hpMax();0>,,
468465,,1,14,,,,,,,<4682631;4682841>,<999;999>,<1;1>,,<0;self:hpMax()*0.2>,,
468466,,1,14,,,,,,,<4682631>,<999>,<self:flagZ4() and 1 or 0>,,<0>,,
468467,,1,14,,,,,,,<4682831>,<999>,<self:flagZ4() and 1 or 0>,,<0>,,
468511,,,,,,,,,,,,,,,468511,
468512,,1,14,,,,,,,<4683111>,<2>,<1>,,<self:BspecialDamage()*0.1>,,
468513,,,,enemyForce|nodead,curSelected,,,,,<4683112>,<1>,<self:flagZ1() and 1 or 0>,,<<50;1>>,,
468521,,,,,,,,,,,,,,,468521,
468522,,1,14,,,,,,,<4683211>,<1>,<1>,,<<1;1;1>>,,
468523,,,,enemyForce|nodead,curSelected,,,,,<4683212>,<2>,<1>,,<<1;1;1>>,,
468531,,,4,,,,,,,,,,,,468531,
468532,,,4,,,,,,,,,,,,468532,
468533,,,,enemyForce|nodead,curSelected,,,,,<4683311>,<1>,<1>,,<0>,,
468534,,,,enemyForce|nodead,useOtherProcess(468531)|otherProcessExcept(468533),,,,,<4683311>,<1>,<self:flagZ3() and 1 or 0>,,<0>,,
468535,,1,14,,,,,,,<4683353>,<999>,<1>,,<0>,,
468536,,,,enemyForce|nodead,,"{process={keyNum=self:flagZ3() and less(self:getBuffOverlayCount(4685353),2) and 2 or 1;value=<random(3);random(12)>}}",,,,<4683351>,<1>,"<moreE(self:star(),11) and 1 or 0>",,<0>,,
468537,,,,selfForce()|nodead,"exclude(list(csvSelf:id()))|attrDiffer('natureType',{4,11,14})|setSelectAttr({""damage"",""specialDamage""},""max"")|attr(""selectAttr"",""max"",1)",,,,,<4683354>,<1>,<self:flagZ3() and 1 or 0>,,<self:suckBlood()*10000*0.4>,,
468561,,,,selfForce|nodead,"attrDiffer('natureType',{4,11,14})",,,,,<4683611>,<999>,<1>,,<target:cure()>,,
468562,,1,14,,,,,,,<4683651>,<999>,<1>,,<0>,,
468563,,1,14,,,,,,,<4683613>,<999>,<1>,,<list(list(4))>,,
468564,,1,14,,,,,,,<4683711>,<999>,"<moreE(self:star(),6) and 1 or 0>",,<0>,,
468565,,1,14,,,,,,,<4683810>,<999>,"<moreE(self:star(),8) and 1 or 0>",,<0>,,
468566,,1,14,,,,,,,<4683851>,<999>,<self:flagZ4() and 1 or 0>,,<0>,,
468567,,,,selfForce|nodead,"attrDiffer('natureType',{11,14})",,,,,<4683657>,<999>,<1>,,<0>,,
468568,,1,14,,,,,,,<4683659>,<999>,"<moreE(countObjByBuff(self:force(),{4683657},{}),3) and 1 or 0>",,<0>,,
468571,,,4,,,,,,,,,,,,468571,
468572,,,,enemyForce | nodead,useOtherProcess(468571),,,,,<4683713>,<1>,"<moreE(self:star(),6) and 1 or 0>",,<0>,,
470111,,,,,,,,,,,,,,,470111,
470112,,1,14,,,,,,,<4701111>,<2>,<1>,,<self:Bdamage()*0.05>,,
470113,,1,14,,,,,,,<4701621>,<3>,<self:flagZ1() and 1 or 0>,,<0>,,
470121,,,,,,,,,,,,,,,470121,
470122,,1,14,,,,,,,<4701621;4701621>,<3;3>,<1;1>,,<0;0>,,
470123,,,,,,,,,,<4701211>,<1>,<1>,,"<min(target:hpMax()*0.05,self:damage()*3)>",,
470124,,,,selfForce | nodead,"targetAnd(""attrDiffer"",{""natureType"", {12}},""battleFlagDiffer"",{'battleFlag',{10032}})",,,,,<4701213>,<999>,<self:flagZ2() and 1 or 0>,,<0>,,
470131,,,,,,,,,,,,,,,470131,
470132,,,,,,,,,,,,,,,470132,
470133,,1,14,,,,,,,<4701311>,<2>,<1>,,<0>,,
470134,,1,14,,,,,,,<4701321>,<1>,<1>,,<5000*(target:hp()/target:hpMax())>,,
470135,,1,14,,,,,,,<4701330>,<1>,"<moreE(self:star(),11) and 1 or 0>",,<0>,,
470141,,1,14,,,,,,,<4701351>,<1>,<self:flagZ3() and 1 or 0>,,<0>,,
470161,,1,14,,,,,,,<4701611>,<999>,<1>,,<0>,,
476111,,,,,,,,,,,,,,,476111,
476112,,,,,,,,,,<4761111>,<2>,<1>,,<0>,,
476121,,,,,,,,,,,,,,,476121,
476122,,,,,,,,,,<4761211>,<2>,<1>,,<0>,,
476131,,,4,,,,,,,,,,,,476131,
476132,,,4,,,,,,,,,,,,476132,
476133,,1,14,,,,,,,<4761011;4761011;4761011;4761311>,<1;1;1;1>,"<1;1;1;moreE(self:star(),11) and 1 or 0>",,<0;0;0;0>,,
476161,,1,14,,,,,,,<4761611>,<999>,<1>,,<0>,,
476162,,1,14,,,,,,,<4761661;4761681>,<999;999>,"<moreE(self:star(),6) and 1 or 0;moreE(self:star(),8) and 1 or 0>",,<0;<1;1;0>>,,
476163,,1,14,,,,,,,<4761011;4761011;4761311>,<1;1;1>,<self:flagZ4() and 1 or 0;self:flagZ4() and 1 or 0;self:flagZ4() and 1 or 0>,,<0;0;0>,,
476211,,,,,,,,,,,,,,,476211,
476212,,,,,,,,,,<4761111>,<2>,<1>,,<0>,,
476221,,,,,,,,,,,,,,,476221,
476222,,,,,,,,,,<4761211>,<2>,<1>,,<0>,,
476231,,,4,,,,,,,,,,,,476231,
476232,,,4,,,,,,,,,,,,476232,
476233,,1,14,,,,,,,<4761011;4761011;4761011;4761311>,<1;1;1;1>,"<1;1;1;moreE(self:star(),11) and 1 or 0>",,<0;0;0;0>,,
476261,,1,14,,,,,,,<4761611>,<999>,<1>,,<0>,,
476262,,1,14,,,,,,,<4761661;4761681>,<999;999>,"<moreE(self:star(),6) and 1 or 0;moreE(self:star(),8) and 1 or 0>",,<0;<1;1;0>>,,
476263,,1,14,,,,,,,<4761011;4761011;4761311>,<1;1;1>,<self:flagZ4() and 1 or 0;self:flagZ4() and 1 or 0;self:flagZ4() and 1 or 0>,,<0;0;0>,,
476311,,,,,,,,,,,,,,,476311,
476312,,,,,,,,,,<4761111>,<2>,<1>,,<0>,,
476321,,,,,,,,,,,,,,,476321,
476322,,,,,,,,,,<4761211>,<2>,<1>,,<0>,,
476331,,,4,,,,,,,,,,,,476331,
476332,,,4,,,,,,,,,,,,476332,
476333,,1,14,,,,,,,<4761011;4761011;4761011;4761311>,<1;1;1;1>,"<1;1;1;moreE(self:star(),11) and 1 or 0>",,<0;0;0;0>,,
476361,,1,14,,,,,,,<4761611>,<999>,<1>,,<0>,,
476362,,1,14,,,,,,,<4761661;4761681>,<999;999>,"<moreE(self:star(),6) and 1 or 0;moreE(self:star(),8) and 1 or 0>",,<0;<1;1;0>>,,
476363,,1,14,,,,,,,<4761011;4761011;4761311>,<1;1;1>,<self:flagZ4() and 1 or 0;self:flagZ4() and 1 or 0;self:flagZ4() and 1 or 0>,,<0;0;0>,,
477111,,,,,,,,,,,,,,,477111,
477112,,1,14,,,,,,,<4771111>,<2>,<1>,,<self:BspecialDamage()*(self:flagZ1() and 0.1 or 0.05)>,,
477121,,,,,,,,,,,,,,,477121,
477122,,,,,,,,,,,,,,,,
477123,,1,,,,,,,,<4771211>,<2>,<1>,,<0>,,
477131,,,11,,,,,,,,,,,,477131,
477132,,,,,,,,,,,,,,,477132,
477133,,1,14,,,,,,,<4771311>,<2>,<1>,,<0>,,
477134,,,,selfForce|nodead,"exclude(list(csvSelf:id()))|setSelectAttr({""damage"",""specialDamage""},""max"")|attrDiffer(""natureType"", {2,14})|random(moreEqualThan(csvSelf:star(),6) and 2 or 1)",,,,,<4771313>,<1>,<1>,,<0>,,
477161,,1,14,,,,,,,<4771611;4771616>,<999;999>,<1;1>,,<0;0>,,
477162,,1,14,,,,,,,<4771621>,<999>,"<moreE(self:star(),6) and 1 or 0>",,<0>,,
477163,,1,14,,,,,,,<4771631>,<999>,"<moreE(self:star(),8) and 1 or 0>",,<<0;1;0;15>>,,
477211,,,,,,,,,,,,,,,477211,
477212,,1,14,,,,,,,<4771111>,<2>,<1>,,<self:BspecialDamage()*(self:flagZ1() and 0.1 or 0.05)>,,
477221,,,,,,,,,,,,,,,477221,
477222,,,,,,,,,,,,,,,,
477223,,1,,,,,,,,<4771211>,<2>,<1>,,<0>,,
477231,,,11,,,,,,,,,,,,477231,
477232,,,,,,,,,,,,,,,477232,
477233,,1,14,,,,,,,<4771311>,<2>,<1>,,<0>,,
477234,,,,selfForce|nodead,"exclude(list(csvSelf:id()))|setSelectAttr({""damage"",""specialDamage""},""max"")|attrDiffer(""natureType"", {2,14})|random(moreEqualThan(csvSelf:star(),6) and 2 or 1)",,,,,<4771313>,<1>,<1>,,<0>,,
477261,,1,14,,,,,,,<4771611;4771616>,<999;999>,<1;1>,,<0;0>,,
477262,,1,14,,,,,,,<4771621>,<999>,"<moreE(self:star(),6) and 1 or 0>",,<0>,,
477263,,1,14,,,,,,,<4771631>,<999>,"<moreE(self:star(),8) and 1 or 0>",,<<0;1;0;15>>,,
477311,,,,,,,,,,,,,,,477311,
477312,,1,14,,,,,,,<4771111>,<2>,<1>,,<self:BspecialDamage()*(self:flagZ1() and 0.1 or 0.05)>,,
477321,,,,,,,,,,,,,,,477321,
477322,,,,,,,,,,,,,,,,
477323,,1,,,,,,,,<4771211>,<2>,<1>,,<0>,,
477331,,,11,,,,,,,,,,,,477331,
477332,,,,,,,,,,,,,,,477332,
477333,,1,14,,,,,,,<4771311>,<2>,<1>,,<0>,,
477334,,,,selfForce|nodead,"exclude(list(csvSelf:id()))|setSelectAttr({""damage"",""specialDamage""},""max"")|attrDiffer(""natureType"", {2,14})|random(moreEqualThan(csvSelf:star(),6) and 2 or 1)",,,,,<4771313>,<1>,<1>,,<0>,,
477361,,1,14,,,,,,,<4771611;4771616>,<999;999>,<1;1>,,<0;0>,,
477362,,1,14,,,,,,,<4771621>,<999>,"<moreE(self:star(),6) and 1 or 0>",,<0>,,
477363,,1,14,,,,,,,<4771631>,<999>,"<moreE(self:star(),8) and 1 or 0>",,<<0;1;0;15>>,,
485111,,,,,,,,,,,,,,,485111,
485112,,1,14,,,,,,,<4851111>,<2>,<1>,,<self:BspecialDamage()*(self:flagZ1() and 0.1 or 0.05)>,,
485121,,,,,,,,,,,,,,,485121,
485122,,,,,,,,,,<4851211>,<2>,<1>,,<0>,,
485131,,,,,,,,,,,,,,,485131,
485132,,1,14,,,,,,,<4851311;4851331>,<1;2>,"<1;(moreE(self:star(),11) and getObjInAttackerArrayId(target:id(),0) == getForceNum(self:force())) and 1 or 0>",,<0;0>,,
485161,,1,14,,,,,,,<4851611>,<999>,<1>,,<<0>>,,
485162,,1,14,,,,,,,<4851311>,<1>,<self:flagZ4() and 1 or 0>,,<0>,,
485211,,,,,,,,,,,,,,,485211,
485212,,1,14,,,,,,,<4851111>,<2>,<1>,,<self:BspecialDamage()*(self:flagZ1() and 0.1 or 0.05)>,,
485221,,,,,,,,,,,,,,,485221,
485222,,,,,,,,,,<4851211>,<2>,<1>,,<0>,,
485231,,,,,,,,,,,,,,,485231,
485232,,1,14,,,,,,,<4851311;4851331>,<1;2>,"<1;(moreE(self:star(),11) and getObjInAttackerArrayId(target:id(),0) == getForceNum(self:force())) and 1 or 0>",,<0;0>,,
485261,,1,14,,,,,,,<4851611>,<999>,<1>,,<<0>>,,
485262,,1,14,,,,,,,<4851311>,<1>,<self:flagZ4() and 1 or 0>,,<0>,,
485311,,,,,,,,,,,,,,,485311,
485312,,1,14,,,,,,,<4851111>,<2>,<1>,,<self:BspecialDamage()*(self:flagZ1() and 0.1 or 0.05)>,,
485321,,,,,,,,,,,,,,,485321,
485322,,,,,,,,,,<4851211>,<2>,<1>,,<0>,,
485331,,,,,,,,,,,,,,,485331,
485332,,,,,,,,,,,,,,,485332,
485333,,1,14,,,,,,,<4851311;4851331>,<1;2>,"<1;(moreE(self:star(),11) and getObjInAttackerArrayId(target:id(),0) == getForceNum(self:force())) and 1 or 0>",,<0;0>,,
485361,,1,14,,,,,,,<4851611>,<999>,<1>,,<<0>>,,
485362,,1,14,,,,,,,<4851311>,<1>,<self:flagZ4() and 1 or 0>,,<0>,,
499111,,,,,,,,,,,,,,,499111,
499112,,1,14,,,,,,,<4991111>,<2>,<1>,,<0>,,
499121,,,,,,,,,,,,,,,499121,
499122,,1,14,,,,,,,<4991211>,<2>,<1>,,<0>,,
499131,,,,,,,,,,,,,,,499131,
499132,,,,,,,,,,,,,,,499132,
499133,,1,14,,,,,,,<4991311>,<2>,<1>,,<<0>>,,
499134,,,,selfForce | nodead,"exclude(list(csvSelf:id()))|attrDifferOptional(""natureType"", {17,18})|random(1)",,,,,<4991320>,<2>,<1>,,<0>,,
499135,,1,14,,,,,,,<4991314>,<2>,<1>,,<0>,,
499161,,1,14,,,,,,,<4991611>,<999>,<1>,,<0>,,
499162,,1,14,,,,,,,<4991621>,<999>,"<moreE(self:star(),6) and 1 or 0>",,<0>,,
499163,,1,14,,,,,,,<4991211>,<1>,<self:flagZ4() and 1 or 0>,,<0>,,
499211,,,,,,,,,,,,,,,499211,
499212,,1,14,,,,,,,<4991111>,<2>,<1>,,<0>,,
499221,,,,,,,,,,,,,,,499221,
499222,,1,14,,,,,,,<4991211>,<2>,<1>,,<0>,,
499231,,,,,,,,,,,,,,,499231,
499232,,,,,,,,,,,,,,,499232,
499233,,1,14,,,,,,,<4991311>,<2>,<1>,,<<0>>,,
499234,,,,selfForce | nodead,"exclude(list(csvSelf:id()))|attrDifferOptional(""natureType"", {17,18})|random(1)",,,,,<4991320>,<2>,<1>,,<0>,,
499235,,1,14,,,,,,,<4991314>,<2>,<1>,,<0>,,
499261,,1,14,,,,,,,<4991611>,<999>,<1>,,<0>,,
499262,,1,14,,,,,,,<4991621>,<999>,"<moreE(self:star(),6) and 1 or 0>",,<0>,,
499263,,1,14,,,,,,,<4991211>,<1>,<self:flagZ4() and 1 or 0>,,<0>,,
499311,,,,,,,,,,,,,,,499311,
499312,,1,14,,,,,,,<4991111>,<2>,<1>,,<0>,,
499321,,,,,,,,,,,,,,,499321,
499322,,1,14,,,,,,,<4991211>,<2>,<1>,,<0>,,
499331,,,,,,,,,,,,,,,499331,
499332,,,,,,,,,,,,,,,499332,
499333,,1,14,,,,,,,<4991311>,<2>,<1>,,<<0>>,,
499334,,,,selfForce | nodead,"exclude(list(csvSelf:id()))|attrDifferOptional(""natureType"", {17,18})|random(1)",,,,,<4991320>,<2>,<1>,,<0>,,
499335,,1,14,,,,,,,<4991314>,<2>,<1>,,<0>,,
499361,,1,14,,,,,,,<4991611>,<999>,<1>,,<0>,,
499362,,1,14,,,,,,,<4991621>,<999>,"<moreE(self:star(),6) and 1 or 0>",,<0>,,
499363,,1,14,,,,,,,<4991211>,<1>,<self:flagZ4() and 1 or 0>,,<0>,,
499411,,,,,,,,,,,,,,,499411,
499412,,1,14,,,,,,,<4991111>,<2>,<1>,,<0>,,
499421,,,,,,,,,,,,,,,499421,
499422,,1,14,,,,,,,<4991211>,<2>,<1>,,<0>,,
499431,,,,,,,,,,,,,,,499431,
499432,,,,,,,,,,,,,,,499432,
499433,,1,14,,,,,,,<4991311>,<2>,<1>,,<<0>>,,
499434,,,,selfForce | nodead,"exclude(list(csvSelf:id()))|attrDifferOptional(""natureType"", {17,18})|random(1)",,,,,<4991320>,<2>,<1>,,<0>,,
499435,,1,14,,,,,,,<4991314>,<2>,<1>,,<0>,,
499461,,1,14,,,,,,,<4991611>,<999>,<1>,,<0>,,
499462,,1,14,,,,,,,<4991621>,<999>,"<moreE(self:star(),6) and 1 or 0>",,<0>,,
499463,,1,14,,,,,,,<4991211>,<1>,<self:flagZ4() and 1 or 0>,,<0>,,
500011,,1,14,,,,,,,<500011>,<2>,<1>,,<self:damage()*(0.14+skillLevel*0.015-0.015)>,,
500012,,1,11,,,,,,,<500012>,<999>,<1>,,<self:hpMax()*(skillLevel*0.01+0.065)>,,
500013,,1,14,,,,,,,<500013>,<2>,<1>,,<self:specialDamage()*(0.14+skillLevel*0.015-0.015)>,,
500014,,1,14,,,,,,,<500014>,<999>,<1>,,<0>,,
500051,,1,14,,,,,,,,,,,,,
510011,,1,14,,,,,,,<510011>,<999>,<(12+(skillLevel-1)*3)*0.01>,,<<1;1>>,,
510021,,1,14,,,,,,,<510021>,<999>,<1>,,<1400+(skillLevel-1)*150>,,
510031,,1,14,,,,,,,<510031;510032>,<999;999>,<1;1>,,<0;0>,,
510041,,1,14,,,,,,,<510041>,<999>,<1>,,<1400+(skillLevel-1)*150>,,
510051,,1,14,,,,,,,<510051>,<999>,<1>,,<0>,,
510061,,,,selfForce,hpRatioMin,,,,,<510061>,<1>,<self:hasBuffGroup(c.fly_notbuff_oc()) and 0 or 1>,,<target:hpMax()*(7.5+(skillLevel-1)*1)*0.01>,,
510062,,,,selfForce,otherProcessExcept(510061),,,,,<510062>,<1>,<self:hasBuffGroup(c.fly_notbuff_oc()) and 0 or 1>,,<0>,,
510071,,,,enemyForce|nodead,random(1),,,,,<510032>,<1>,<0.18+((skillLv(51003) or 0)-1)*0.015>,,<0>,,
510081,,1,14,,,,,,,<510081>,<999>,<1>,,<1>,,
510091,,1,14,,,,,,,<510091>,<999>,<1>,,<1>,,
510101,,1,14,,,,,,,<510101;510102;510106>,<999;999;999>,<1;1;1>,,<800+skillLevel*100-100;1;1000+skillLevel*150-150>,,
520011,,1,14,,,,,,,<520011>,<999>,<1>,,<0>,,
520021,,1,14,,,,,,,<520021>,<999>,<1>,,<0>,,
520031,,1,14,,,,,,,<520031>,<999>,<1>,,<0>,,
520041,,1,14,,,,,,,<520041;520045;520040>,<999;999;999>,<1;1;1>,,<1;1;1>,,
520051,,1,14,,,,,,,<520051>,<999>,<1>,,<0>,,
520061,,1,14,,,,,,,<520061;520065>,<999;999>,<1;1>,,<0;0>,,
520071,,,,enemyForce()|nodead,"setSelectAttr({""damage"",""specialDamage""},""max"")|attr(""selectAttr"",""max"",1)",,,,,,,,,,,
520072,,1,14,,,,,,,<520071>,<999>,<1>,,<0>,,
520081,,1,14,,,,,,,<520081;520084>,<999;999>,<1;1>,,<0;0>,,
520091,,1,14,,,,,,,<520091;520095>,<999;999>,<1;1>,,<0;0>,,
520101,,1,14,,,,,,,<520101;520107>,<999;999>,"<1;less(countObjByBuffExGroup(self:force(),list(520107),list(),list(c.undeath_oc())),1) and 1 or 0>",,<0;0>,,
520111,,1,14,,,,,,,<520111;520112>,<999;999>,<1;1>,,<self:speed()*(12+(skillLevel-1)*1);(12+(skillLevel-1)*1)*100>,,
520121,,1,14,,,,,,,<520121>,<999>,<1>,,<(18+(skillLevel-1)*2)*100>,,
520131,,1,14,,,,,,,<520131>,<999>,<1>,,<0>,,
520141,,,,enemyForce()|nodead,"buffDiffer('group',{c.kongzhi1_oc()})",,,,,,,,,,,
520142,,,,enemyForce()|nodead,otherProcessExcept(520141)|random(1),,,,,<520141>,<1>,"<moreEqualThan(self:getBuffOverlayCount(520142),3) and 0 or (self:hasBuffGroup(c.kongzhi1_oc()) and (24+(skillLevel-1)*1)*0.01 or (14+(skillLevel-1)*1)*0.01)>",,<0>,,
520151,,1,14,,,,,,,,,,,,,
520152,,,,selfForce()|nodead,otherProcessExcept(520151),,,,,<520151>,<999>,<1>,,<0>,,
520161,,1,14,,,,,,,<520161;520165>,<999;999>,"<1;((self:natureIntersection(list(18))) and less(countObjByBuffExGroup(self:force(),list(520165),list(),list(c.undeath_oc())),1)) and 1 or 0>",,<0;0>,,
520162,,,,selfForce|nodead,"exclude(list(csvSelf:id()))|setSelectAttr({""specialDamage"",""damage""},""max"")|attr(""selectAttr"",""max"",1)",,,,,<520161>,<999>,<1>,,<0>,,
520171,,1,14,,,,,,,<520171>,<999>,<1>,,<0>,,
520181,,1,14,,,,,,,<520181;520184>,<999;999>,<1;1>,,<0;0>,,
520191,,1,14,,,,,,,<520191>,<999>,<1>,,<0>,,
520201,,1,14,,,,,,,<520201>,<999>,<1>,,<0>,,
520211,,1,14,,,,,,,<520211;520217>,<999;999>,"<less(countObjByBuffExGroup(self:force(),list(520211),list(),list(c.undeath_oc())),1) and 1 or 0;less(countObjByBuffExGroup(self:force(),list(520217),list(),list(c.undeath_oc())),1) and 1 or 0>",,<0;0>,,
520221,,1,14,,,,,,,<520221;520231>,<999;999>,<1;1>,,<0;0>,,
520231,,1,14,,,,,,,<520231>,<999>,"<less(countObjByBuffExGroup(self:force(),list(520231),list(),list(c.undeath_oc())),1) and 1 or 0>",,<1>,,
520241,,1,14,,,,,,,<520241>,<999>,<1>,,<1>,,
520251,,1,14,,,,,,,<520251;520259>,<999;999>,"<1;less(countObjByBuffExGroup(self:force(),list(520259),list(),list(c.undeath_oc())),1) and 1 or 0>",,<0;0>,,
520261,,1,14,,,,,,,<520261;520268>,<999;999>,<1;1>,,<0;0>,,
520271,,1,14,,,,,,,<520271;520275>,<999;999>,"<less(countObjByBuffExGroup(self:force(),list(520271),list(),list(c.undeath_oc())),1) and 1 or 0;less(countObjByBuffExGroup(self:force(),list(520275),list(),list(c.undeath_oc())),1) and 1 or 0>",,<0;0>,,
520281,,1,14,,,,,,,<540000;520281;520285>,<999;999;999>,<1;1;1>,,<1;1;2000>,,
520291,,1,14,,,,,,,<520291;520293>,<999;999>,<1;1>,,<0;0>,,
520301,,1,14,,,,,,,<520301;520305>,<999;999>,<1;1>,,<0;<0>>,,
520311,,1,14,,,,,,,<520310;520311>,<999;999>,<1;1>,,<1;1>,,
520312,,1,11,,,,,,,<520323>,<999>,<(target:natureIntersection(list(16)))  and 1 or 0>,,<1>,,
520331,,1,14,,,,,,,<520331>,<999>,<1>,,<1>,,
520332,,,,selfForce|nodead,"exclude(list(csvSelf:id()))|attrDiffer(""natureType"", {4})|setSelectAttr({""damage"",""specialDamage""},""max"")|attr(""selectAttr"",""max"",1)",,,,,,,,,,,
520333,,,,selfForce|nodead,"battleFlagDiffer('battleFlag', {2351})",,,,,,,,,,,
520334,,,,selfForce|nodead,"useOtherProcess(520332,520333)",,,,,<541004>,<999>,<1>,,<1>,,
520335,,1,14,,,,,,,<541000;541008>,<999;999>,"<(self:natureIntersection(list(4)) and less(countObjByBuffExGroup(self:force(),list(541000),list(),list(c.undeath_oc())),1))  and 1 or 0;(self:natureIntersection(list(4)) and less(countObjByBuffExGroup(self:force(),list(541008),list(),list(c.undeath_oc())),1))  and 1 or 0>",,<1;1>,,
520341,,1,14,,,,,,,<520341;542001>,<999;999>,<1;1>,,<1;1>,,
520351,,1,14,,,,,,,<520358;520351;520362>,<999;999;999>,"<less(countObjByBuffExGroup(self:force(),list(520358),list(),list(c.undeath_oc())),1) and 1 or 0;1;1>",,<1;1;1>,,
520361,,1,14,,,,,,,<520370;520365>,<999;999>,<1;1>,,<1;1>,,
520371,,1,14,,,,,,,<520375;520379;520389;520386>,<999;999;999;999>,"<less(countObjByBuffExGroup(self:force(),list(520375),list(),list(c.undeath_oc())),1) and 1 or 0;less(countObjByBuffExGroup(self:force(),list(520379),list(),list(c.undeath_oc())),1) and 1 or 0;less(countObjByBuffExGroup(self:force(),list(520389),list(),list(c.undeath_oc())),1) and 1 or 0;less(countObjByBuffExGroup(self:force(),list(520386),list(),list(c.undeath_oc())),1) and 1 or 0>",,<1;1;1;1>,,
520411,,1,14,,,,,,,<520411;520415>,<999;999>,<1;1>,,<1;1>,,
520421,,1,14,,,,,,,<520421;520423;520427>,<999;999;999>,<1;1;1>,,<1;1;1>,,
520431,,1,14,,,,,,,<520431;543000>,<999;999>,<1;1>,,<1;1>,,
520511,,1,14,,,,,,,<520511;520521;520531>,<999;999;999>,<1;1;1>,,<1;1;1>,,
521011,,1,14,,,,,,,<521011;521020;521028>,<999;999;999>,"<less(countObjByBuffExGroup(self:force(),list(521011),list(),list(c.undeath_oc())),2) and 1 or 0;less(countObjByBuffExGroup(self:force(),list(521020),list(),list(c.undeath_oc())),2) and 1 or 0;less(countObjByBuffExGroup(self:force(),list(521028),list(),list(c.undeath_oc())),2) and 1 or 0>",,<1;1;1>,,
521021,,1,14,,,,,,,<521121;521122;521132;521138>,<999;999;999;999>,<1;1;1;1>,,<1;1;1;1>,,
521031,,1,14,,,,,,,<521201;521211;521213>,<999;999;999>,<1;1;1>,,<1;1;1>,,
521041,,1,14,,,,,,,<521300>,<999>,<1>,,<0>,,
521051,,1,14,,,,,,,<521431>,<999>,<1>,,<1>,,
521061,,1,14,,,,,,,<521501>,<999>,<1>,,<1>,,
521071,,1,14,,,,,,,<521613;521601;521614;521605>,<999;999;999;999>,<1;1;1;1>,,<(skillLv(52107) or 0);1;<2;99>;1>,,
521081,,1,14,,,,,,,<521721;521724>,<999;999>,<1;1>,,<1;1>,,
521091,,1,14,,,,,,,<521801>,<999>,<1>,,<1>,,
521101,,1,14,,,,,,,<521101>,<999>,<1>,,<1>,,
521111,,1,14,,,,,,,<521920>,<999>,<1>,,<1>,,
521121,,1,14,,,,,,,<522001;522013;522014>,<999;999;999>,<1;1;1>,,<1;1;1>,,
521131,,1,14,,,,,,,<522131;522136;522138;522140>,<1;999;999;1>,"<lessE(getNowRound(),1) and 1 or 0;1;1;1>",,<self:hp()*0.15;0;0;3200>,,
521141,,1,14,,,,,,,<522150;522151>,<999;999>,<1;1>,,<1;1>,,
521151,,1,14,,,,,,,<522210;522212;522213;522216;522219>,<999;999;999;999;999>,<1;0;1;(target:natureIntersection(list(3))) and 1 or 0;(target:natureIntersection(list(7))) and 1 or 0>,,<0;<1;99;1>;0;0;0>,,
521161,,1,14,,,,,,,<522310;522321;522313;522330>,<999;999;999;999>,<1;(target:natureIntersection(list(18))) and 1 or 0;(target:natureIntersection(list(18))) and 1 or 0;target:flag(10006) and 1  or 0>,,<1;1;1;1>,,
521171,,1,14,,,,,,,<522410>,<999>,<1>,,<0>,,
521181,,1,14,,,,,,,<522511>,<999>,<1>,,<0>,,
521191,,1,14,,,,,,,<522610>,<999>,<1>,,<0>,,
521201,,1,14,,,,,,,<522710>,<999>,<1>,,<0>,,
521211,,1,14,,,,,,,<522810>,<999>,"<less(countObjByBuffExGroup(self:force(),list(522810),list(),list(c.undeath_oc())),1) and 1 or 0>",,<0>,,
521221,,1,14,,,,,,,<522910>,<999>,<1>,,<0>,,
521231,,1,14,,,,,,,<523010>,<999>,<1>,,<0>,,
521241,,1,14,,,,,,,<523110>,<999>,<1>,,<0>,,
521251,,1,14,,,,,,,<523210>,<999>,<1>,,<0>,,
521261,,1,14,,,,,,,<523310>,<999>,<1>,,<0>,,
521271,,1,14,,,,,,,<523410>,<999>,<1>,,<0>,,
521281,,1,14,,,,,,,<523510>,<999>,"<less(countObjByBuffExGroup(self:force(),list(523510),list(),list(c.undeath_oc())),1) and 1 or 0>",,<0>,,
521291,,1,14,,,,,,,<523610>,<999>,<1>,,<0>,,
521301,,1,14,,,,,,,<523710>,<999>,<1>,,<0>,,
521311,,1,14,,,,,,,<523810>,<999>,<1>,,<0>,,
521321,,1,14,,,,,,,<523910>,<999>,"<less(countObjByBuffExGroup(self:force(),list(523910),list(),list(c.undeath_oc())),1) and 1 or 0>",,<0>,,
521331,,1,14,,,,,,,<524010>,<999>,<1>,,<0>,,
521341,,1,14,,,,,,,<524110>,<999>,<1>,,"<list(list(list(list(10161),list()),list(524121),list(1,list(self:damage()*0.7))))>",,
521351,,1,14,,,,,,,<524211;7191231>,<999;999>,"<less(countObjByBuffExGroup(self:force(),list(524211),list(),list(c.undeath_oc())),1) and 1 or 0;1>",,<0;0>,,
521361,,1,14,,,,,,,<524310>,<999>,"<less(countObjByBuffExGroup(self:force(),list(524310),list(),list(c.undeath_oc())),1) and 1 or 0>",,<0>,,
521371,,1,14,,,,,,,<524410>,<999>,<1>,,<0>,,
521381,,1,14,,,,,,,<524510>,<999>,<1>,,<0>,,
521391,,1,14,,,,,,,<524610>,<999>,<1>,,<0>,,
521401,,1,14,,,,,,,<524710>,<999>,"<less(countObjByBuffExGroup(self:force(),list(524710),list(),list(c.undeath_oc())),1) and 1 or 0>",,<0>,,
521411,,1,14,,,,,,,<524810>,<999>,<1>,,<0>,,
521421,,1,14,,,,,,,<524910>,<999>,<1>,,<0>,,
521431,,1,14,,,,,,,<525010>,<999>,"<less(countObjByBuffExGroup(self:force(),list(525010),list(),list(c.undeath_oc())),1) and 1 or 0>",,<0>,,
521441,,1,14,,,,,,,<525110>,<999>,<1>,,<0>,,
521451,,1,14,,,,,,,<525210>,<999>,"<less(countObjByBuffExGroup(self:force(),list(525210),list(),list(c.undeath_oc())),1) and 1 or 0>",,<0>,,
521461,,1,14,,,,,,,<525310>,<999>,<1>,,<0>,,
521471,,1,14,,,,,,,<525410>,<999>,"<less(countObjByBuffExGroup(self:force(),list(525410),list(),list(c.undeath_oc())),1) and 1 or 0>",,<0>,,
521911,,,,,,,,,,,,,,,521911,
521912,,1,14,,,,,,,<5219111>,<2>,<1>,,<self:flagZ1()  and self:BspecialDamage()*0.1 or self:BspecialDamage()*0.05>,,
521921,,,,,,,,,,,,,,,521921,
521922,,1,14,,,,,,,<5219210>,<1>,<1>,,<<1;1;1>>,,
521923,,,,,,,,,,<5219211;5219216>,<1;1>,<self:flagZ2() and 0 or 1;self:flagZ2() and 1 or 0>,,<1;1>,,
521931,,,,,,,,,,,,,,,521931,
521932,,,,,,,,,,,,,,,521932,
521933,,,,,,,,,,<5219311>,<1>,<1>,,<1>,,
521934,,1,14,,,,,,,<5219321>,<1>,"<moreE(self:star(),11) and 1 or 0>",,<1>,,
521961,,,,,,,,,,<5219631;5219651>,<999;999>,"<1;moreE(self:star(),8) and 1 or 0>",,<1;1>,,
522111,,,,,,,,,,,,,,,522111,
522112,,1,14,,,,,,,<5221111>,<2>,<1>,,<self:flagZ1()  and self:Bdamage()*0.1 or self:Bdamage()*0.05>,,
522121,,,,,,,,,,,,,,,522121,
522122,,,,,,,,,,<5221211>,<1>,<(not self:hasBuff(5221218)) and 1 or 0>,,<1>,,
522131,,,,,,,,,,,,,,,522131,
522132,,,,,,,,,,,,,,,522132,
522133,,,,selfForce | nodead,"exclude(list(csvSelf:id()))|attrDifferOptional(""natureType"", {7,12})|random(2)",,,,,<5221311>,<2>,<1>,,<1>,,
522134,,1,14,,,,,,,<5221311;5221321>,<2;1>,"<1;moreE(self:star(),11) and 1 or 0>",,<1;1>,,
522135,,1,14,,,,,,,<5221331>,<1>,<self:flagZ3()  and 1 or 0>,,<1>,,
522141,,,,,,,,,,<5221641;5221312>,<1;1>,<1;0.5>,,<1;self:damage()*0.4>,522141,
522142,,,,enemyForce|nodead,random(1),,,,,<5221641;5221312>,<1;1>,<1;0.5>,,<1;self:damage()*0.4>,522142,{prob=1;needUpdateTarget=TRUE}
522143,,,,enemyForce|nodead,random(1),,,,,<5221641;5221312>,<1;1>,<1;0.5>,,<1;self:damage()*0.4>,522143,{prob=0.5;needUpdateTarget=TRUE}
522144,,,,enemyForce|nodead,random(1),,,,,<5221641;5221312>,<1;1>,<1;0.5>,,<1;self:damage()*0.4>,522144,{prob=0.5;needUpdateTarget=TRUE}
522161,,1,14,,,,,,,<5221611;5221621;5221631;5221643;5221651;5221661>,<999;999;999;999;999;999>,"<1;1;1;moreE(self:star(),6) and 1 or 0;moreE(self:star(),8) and 1 or 0;self:flagZ4()  and 1 or 0>",,<1;1;1;1;1;1>,,
524111,,,,,,,,,,,,,,,524111,
524112,,1,14,,,,,,,<5241111;5241121>,<2;999>,<1;self:flagZ1() and 1 or 0>,,<self:Bdefence()*0.1;self:defence()*3>,,
524121,,,,,,,,,,,,,,,524121,
524122,,1,14,,,,,,,<5241211>,<999>,<1>,,<self:defence()*(self:flagZ2() and 3 or 2.4)>,,
524123,,,,selfForce | nodead,"exclude(list(csvSelf:id()))|attrDiffer(""natureType"", {9,17})|relativeActionOrderProcessEx(false,csvSelf:flagZ2() and 3 or 2)",,,,,<5241221>,<999>,<1>,,<0>,,
524131,,,11,,,,,,,,,,,,524131,
524132,,,11,,,,,,,<5241300>,<1>,<1>,,<0>,524132,
524133,,1,14,,,,,,,<5241310;5241321>,<1;1>,"<1;moreE(countObjByBuff(3-self:force(),{5241300}),3) and 1 or 0>",,<0;0>,,
524134,,1,14,,,,,,,<5241331;5241341>,<1;2>,"<moreE(self:star(),11) and 1 or 0;moreE(self:star(),11) and 1 or 0>",,"<self:Bdefence()*0.5;min(self:Bdefence()*10,target:getBuff(5241340):getValue())>",,
524161,,1,14,,,,,,,<5241611>,<5>,<self:frontOrBack()==1 and 1 or 0>,,<self:Bdefence()*(0.3+skillLevel*0.003-0.003)>,,
524162,,1,14,,,,,,,<5241621;5241631;5241641>,<999;999;999>,"<moreE(self:star(),6) and 1 or 0;moreE(self:star(),8) and 1 or 0;self:flagZ4() and 1 or 0>",,<0;0;0>,,
526111,,,,,,,,,,,,,,,526111,
526112,,1,14,,,,,,,<5361111>,<2>,<1>,,<self:flagZ1()  and self:Bdamage()*0.1 or self:Bdamage()*0.05>,,
526121,,,,,,,,,,,,,,,526121,
526122,,,,,,,,,,<5361116;5361211>,<2;2>,<1;1>,,<1;1>,,
526131,,,4,,,,,,,,,,,,526131,
526132,,,4,,,,,,,,,,,,526132,
526133,,,4,,,,,,,<5361311;5361321>,<1;1>,"<(not moreE(self:star(),11) ) and 1 or 0;moreE(self:star(),11) and 1 or 0>",,<1;1>,,
526134,,1,14,,,,,,,<5361332;5361331>,<1;1>,<1;1>,,<1;<0;0;0;1;0;1>>,,
526161,,1,14,,,,,,,<5361611;5361631;5361641;5361651>,<999;999;999;999>,"<1;moreE(self:star(),6) and 1 or 0;moreE(self:star(),8)  and 1 or 0;self:flagZ4() and 1 or 0>",,<1;1;1;1>,,
529041,,1,14,,,,,,,<529041;529045;529040>,<999;999;999>,<1;1;1>,,<1;1;1>,,
530011,,1,14,,,,,,,<530011;530012;530013>,<999;999;999>,<1;1;1>,,<500+(skillLevel-1)*150;500+(skillLevel-1)*150;500+(skillLevel-1)*150>,,
530021,,1,14,,,,,,,<530021;530022;530023>,<999;999;999>,<1;1;1>,,<500+(skillLevel-1)*150;500+(skillLevel-1)*150;500+(skillLevel-1)*150>,,
530031,,1,14,,,,,,,<530031;530032;530033>,<999;999;999>,<1;1;1>,,<500+(skillLevel-1)*150;500+(skillLevel-1)*150;500+(skillLevel-1)*150>,,
530041,,1,14,,,,,,,<530041;530042;530043>,<999;999;999>,<1;1;1>,,<500+(skillLevel-1)*150;500+(skillLevel-1)*150;500+(skillLevel-1)*150>,,
530051,,1,14,,,,,,,<530051;530052;530053>,<999;999;999>,<1;1;1>,,<500+(skillLevel-1)*150;500+(skillLevel-1)*150;500+(skillLevel-1)*150>,,
530061,,1,14,,,,,,,<530061;530062;530063>,<999;999;999>,<1;1;1>,,<500+(skillLevel-1)*150;500+(skillLevel-1)*150;500+(skillLevel-1)*150>,,
533111,,,,,,,,,,,,,,,533111,
533112,,,,,,,,,,<5331111>,<2>,<1>,,<<self:flagZ1() and 0.1 or 0.05;1;1>>,,
533121,,,,,,,,,,,,,,,533121,
533122,,1,14,,,,,,,<5331211>,<2>,<1>,,<0>,,
533131,,,,,,,,,,,,,,,533131,
533132,,,,,,,,,,,,,,,533132,
533133,,1,14,,,,,,,<5331311>,<2>,<1>,,<0>,,
533134,,1,14,,,,,,,<5331321>,<1>,<1>,,<0>,,
533135,,1,14,,,,,,,<5331331>,<2>,"<moreE(self:star(),11) and 1 or 0>",,<0>,,
533161,,1,14,,,,,,,<5331611>,<999>,<1>,,<0>,,
533162,,1,14,,,,,,,<5331621>,<999>,"<moreE(self:star(),6) and 1 or 0>",,<0>,,
533163,,1,14,,,,,,,<5331631>,<999>,"<moreE(self:star(),8) and 1 or 0>",,<0>,,
538101,,,,,,,,,,,,,,,538112,
538102,,,,,,,,,,,,,,,538113,
538111,,,,,,,,,,,,,,,538111,
538112,,1,14,,,,,,,<5381111;5381112>,<2;999>,<1;1>,,<self:Bdamage()*0.1;0>,,
538113,,1,14,,,,,,,<5381116>,<1>,"<self:flagZ1() and more(self:getBuffOverlayCount(5381112),0) and self:getBuffOverlayCount(5381112)%5==0 and 1 or 0>",,<0>,,
538114,,1,14,,,,,,,<5381114;5381115>,<1;1>,"<more(self:getBuffOverlayCount(5381112),0) and self:getBuffOverlayCount(5381112)%4==0 and 1 or 0;more(self:getBuffOverlayCount(5381112),0) and self:getBuffOverlayCount(5381112)%4==0 and 1 or 0>",,<<1;2;2>;100000>,,
538115,,,,,,,,,,<5381621>,<1>,<self:hasBuff(5381711) and 1 or 0>,,<0>,,
538121,,,,,,,,,,<5381321>,<1>,<1>,,<0>,538121,
538122,,1,14,,,,,,,<5381215;5381211>,<1;1>,<self:flagZ2() and self:hasBuff(5381211) and 1 or 0;self:hasBuff(5381211) and 0 or 1>,,<0;0>,,
538123,,,,selfForce|nodead,"exclude(list(csvSelf:id()))|selfColumn|attrDiffer('natureType', {7,15})",,,,,<5381211>,<1>,<self:flagZ2() and 1 or 0>,,<0>,,
538131,,,,,,,,,,<5381321>,<1>,<1>,,<0>,538131,
538132,,,,,,,,,,,,,,,538132,
538133,,1,14,,,,,,,<5381311>,<self:flagZ3() and 2 or 1>,<1>,,<0>,,
538134,,1,14,,,,,,,<5381330>,<1>,<1>,,<0>,,
538135,,,,useOtherProcessInput(538131),,,,,,<5381351>,<2>,"<moreE(self:star(),11) and 1 or 0>",,<0>,,
538136,,,,selfForce|nodead,"exclude(list(csvSelf:id()))|attrDiffer('natureType', {7,15})|setSelectAttr({""damage"",""specialDamage""},""max"")|attr(""selectAttr"",""max"",2)",,,,,,,,,,,
538137,,,,selfForce|nodead,"exclude(list(csvSelf:id()))|attrDiffer('natureType', {2,7,15})",,,,,,,,,,,
538138,,,,selfForce|nodead,,{process={keyNum=self:flagZ3() and 2 or 1;value=<useOtherProcessInput(538136);useOtherProcessInput(538137)>}},,,,<5381341>,<1>,"<moreE(self:star(),11) and 1 or 0>",,"<<list(1,0,0);1;1>>",,
538139,,,,useOtherProcessInput(538131),,,,,,<5381317>,<1>,"<(self:flagZ3() and 1 or 0)*(moreE(self:rarity(),target:rarity()) and 1 or (moreE(countObjByFlag(self:force(),762),1) and 0.35 or 0))>",,<0>,,
538161,,1,14,,,,,,,<5381610>,<999>,<1>,,<0>,,
538162,,1,14,,,,,,,<5381650>,<999>,<1>,,<0>,,
538163,,1,14,,,,,,,<5381711>,<3>,<1>,,<0>,,
538164,,1,14,,,,,,,<5381670>,<999>,<1>,,<0>,,
538181,,1,14,,,,,,,<5381810>,<999>,"<moreE(self:star(),8) and 1 or 0>",,<0>,,
539111,,,,,,,,,,,,,,,539111,
539112,,1,14,,,,,,,<5391111>,<2>,<1>,,<self:BspecialDamage()*0.1>,,
539113,,,,useOtherProcessInput(539111),,,,,,<5391116>,<999>,<self:flagZ1() and 1 or 0>,,<0>,,
539121,,,,,,,,,,,,,,,539121,
539122,,1,14,,,,,,,<5391211>,<999>,<1>,,<0>,,
539131,,,4,,,,,,,,,,,,539131,
539132,,,4,,,,,,,,,,,,539132,
539133,,,,useOtherProcessInput(539131),,,,,,<5391216>,<1>,<1>,,<0>,,
539134,,1,14,,,,,,,<5391632;5391628>,<1;1>,<self:hasBuff(5391631) and 1 or 0;1>,,<0;0>,,
539135,,1,14,,,,,,,<5391312;5391313>,<1;1>,"<less(self:getBuffOverlayCount(5391311),3) and 1 or 0;(moreE(self:getBuffOverlayCount(5391311),3) and less(self:getBuffOverlayCount(5391311),6) and 1 or 0)*(self:flagZ3() and 0 or 1)>",,<(self:flagZ3() and self:getBuffOverlayCount(5391311)==0 and 3000 or (self:flagZ3() and self:getBuffOverlayCount(5391311)==1 and 2000 or (self:flagZ3() and self:getBuffOverlayCount(5391311)==2 and 1500 or 0)))+(5000-self:getBuffOverlayCount(5391311)*1000);-(3000+(self:getBuffOverlayCount(5391311)-3)*1000)>,,
539136,,,,enemyForce|nodead,"sortByProcess(""buffDiffer"",{""group"",{c.gandian_oc()}})|limit(csvSelf:flagZ3() and 6 or 3)",,,,,<5391321>,<1>,"<moreE(self:star(),11) and 1 or 0>",,<0>,,
539137,,,,selfForce|nodead,"attrDiffer(""natureType"", {5})",,,,,<5391314>,<1>,"<self:flagZ3() and less(self:getBuffOverlayCount(5391311),2) and 0 or 0>",,<150>,,
539138,,1,14,,,,,,,<5391311>,<999>,<1>,,<0>,,
539139,,1,14,,,,,,,<5391316>,<999>,<1>,,<<0>>,,
539161,,1,14,,,,,,,<5391611>,<999>,<1>,,<0>,,
539162,,1,14,,,,,,,<5391651>,<999>,"<moreE(self:star(),6) and 1 or 0>",,<0>,,
539163,,1,14,,,,,,,<5391711>,<999>,<1>,,<0>,,
539211,,,,,,,,,,,,,,,539211,
539212,,1,14,,,,,,,<5391111>,<2>,<1>,,<self:BspecialDamage()*0.1>,,
539213,,,,useOtherProcessInput(539211),,,,,,<5391116>,<999>,<self:flagZ1() and 1 or 0>,,<0>,,
539221,,,,,,,,,,,,,,,539221,
539222,,1,14,,,,,,,<5391211>,<999>,<1>,,<0>,,
539231,,,4,,,,,,,,,,,,539231,
539232,,,4,,,,,,,,,,,,539232,
539233,,,,useOtherProcessInput(539231),,,,,,<5391216>,<1>,<1>,,<0>,,
539234,,1,14,,,,,,,<5391632;5391628>,<1;1>,<self:hasBuff(5391631) and 1 or 0;1>,,<0;0>,,
539235,,1,14,,,,,,,<5391312;5391313>,<1;1>,"<less(self:getBuffOverlayCount(5391311),3) and 1 or 0;(moreE(self:getBuffOverlayCount(5391311),3) and less(self:getBuffOverlayCount(5391311),6) and 1 or 0)*(self:flagZ3() and 0 or 1)>",,<(self:flagZ3() and self:getBuffOverlayCount(5391311)==0 and 3000 or (self:flagZ3() and self:getBuffOverlayCount(5391311)==1 and 2000 or (self:flagZ3() and self:getBuffOverlayCount(5391311)==2 and 1500 or 0)))+(5000-self:getBuffOverlayCount(5391311)*1000);-(3000+(self:getBuffOverlayCount(5391311)-3)*1000)>,,
539236,,,,enemyForce|nodead,"sortByProcess(""buffDiffer"",{""group"",{c.gandian_oc()}})|limit(csvSelf:flagZ3() and 6 or 3)",,,,,<5391321>,<1>,"<moreE(self:star(),11) and 1 or 0>",,<0>,,
539237,,,,selfForce|nodead,"attrDiffer(""natureType"", {5})",,,,,<5391314>,<1>,"<self:flagZ3() and less(self:getBuffOverlayCount(5391311),2) and 0 or 0>",,<150>,,
539238,,1,14,,,,,,,<5391311>,<999>,<1>,,<0>,,
539239,,1,14,,,,,,,<5391316>,<999>,<1>,,<<0>>,,
539261,,1,14,,,,,,,<5391611>,<999>,<1>,,<0>,,
539262,,1,14,,,,,,,<5391651>,<999>,"<moreE(self:star(),6) and 1 or 0>",,<0>,,
539263,,1,14,,,,,,,<5391711>,<999>,<1>,,<0>,,
540111,,,,,,,,,,,,,,,540111,
540112,,1,14,,,,,,,<5401111>,<2>,<1>,,<self:flagZ1()  and self:BspecialDamage()*0.1 or self:BspecialDamage()*0.05>,,
540121,,,,,,,,,,,,,,,540121,
540122,,1,14,,,,,,,<5401211>,<1>,<1>,,<0>,,
540123,,1,14,,,,,,,<5401212>,<2>,<1>,,<0>,,
540124,,1,14,,,,,,,<5401221>,<2>,<self:flagZ2() and 1 or 0>,,<0>,,
540131,,,,,,,,,,,,,,,540131,
540132,,,,,,,,,,,,,,,540132,
540133,,1,14,,,,,,,<5401311>,<1>,<1>,,<0>,,
540134,,,,enemyForce | nodead,near,,,,,<5401321>,<2>,<self:flagZ3() and 1 or 0>,,<0>,,
540161,,1,14,,,,,,,<5401611;5401651;5401231>,<999;999;999>,<1;1;1>,,<0;0;0>,,
540162,,1,14,,,,,,,<5401621>,<999>,"<moreE(self:star(),6) and 1 or 0>",,<0>,,
540163,,1,14,,,,,,,<5401641>,<999>,<self:flagZ4() and 1 or 0>,,<0>,,
540171,,,,enemyForce() | nodead,rowback|random(1),,,,,,,,,,540141,
540172,,,,enemyForce | nodead,otherProcessExcept(540171)|near,,,,,<5401315>,<1>,<1>,,<self:specialDamage()*0.6>,,
540173,,,,useOtherProcessInput(540171),,,,,,<5401316>,<1>,<1>,,<0>,,
540174,,,,useOtherProcessInput(540171),,,,,,<5401317>,<1>,<1>,,<0>,,
540181,,,,,,,,,,,,,,,540161,
540182,,,,enemyForce | nodead,otherProcessExcept(540181)|near,,,,,<5401222>,<1>,<tobool(self:getSummoner():hasBuff(5401221)) and 1 or 0>,,<self:specialDamage()*0.4>,,
540183,,1,14,,,,,,,<5401653>,<2>,<tobool(self:getSummoner():hasBuff(5401623)) and 1 or 0>,,<1000*target:getSummoner():getBuffOverlayCount(5401623)>,,
548111,,,,,,,,,,,,,,,548111,
548112,,1,14,,,,,,,<5481111>,<2>,<1>,,<self:flagZ1()  and self:Bdamage()*0.15 or self:Bdamage()*0.1>,,
548121,,,,,,,,,,,,,,,548121,
548122,,1,14,,,,,,,<5481211>,<2>,<1>,,<0>,,
548123,,,,,,,,,,<5481221>,<2>,<self:flagZ2() and 1 or 0>,,<0>,,
548131,,,4,,,,,,,,,,,,548131,
548132,,,,,,,,,,,,,,,548132,
548133,,1,14,,,,,,,<5481311>,<2>,<1>,,<0>,,
548134,,1,14,,,,,,,<5481331>,<2>,<1>,,<0>,,
548161,,1,14,,,,,,,<5481611;5481613;5484691>,<999;999;4>,<1;1;1>,,<0;0;0>,,
548162,,1,14,,,,,,,<5481621>,<999>,"<moreE(self:star(),6) and 1 or 0>",,<0>,,
548163,,1,14,,,,,,,<5481650>,<999>,"<moreE(self:star(),8) and 1 or 0>",,<0>,,
548164,,1,14,,,,,,,<5481311;5481681>,<2;1>,<self:flagZ4() and 1 or 0;self:flagZ4() and 1 or 0>,,<0;0>,,
548171,,,11,,,,,,,,,,,,548133,
548211,,,,,,,,,,,,,,,548111,
548212,,1,14,,,,,,,<5482111>,<2>,<1>,,<self:flagZ1()  and self:Bdamage()*0.15 or self:Bdamage()*0.1>,,
548221,,,,,,,,,,,,,,,548121,
548222,,,,selfForceEx(list(c.shuixigensui_oc())),random(1),,,,,<5482211>,<2>,<1>,,<0>,,
548223,,1,14,,,,,,,<5482221>,<2>,<self:flagZ2() and 1 or 0>,,<0>,,
548231,,,4,,,,,,,,,,,,548131,
548232,,,,,,,,,,,,,,,548132,
548233,,1,14,,,,,,,<5482311>,<2>,<1>,,<0>,,
548234,,1,14,,,,,,,<5482331>,<2>,<1>,,<0>,,
548261,,1,14,,,,,,,<5482611;5482613;5482671;5484691>,<999;999;999;4>,<1;1;1;1>,,<0;0;0;0>,,
548262,,,,selfForce|nodead,"attrDiffer(""natureType"", {3,4})",,,,,<5482621>,<999>,"<moreE(self:star(),6) and 1 or 0>",,<0>,,
548263,,1,14,,,,,,,<5482640>,<999>,"<moreE(self:star(),8) and 1 or 0>",,<0>,,
548264,,1,14,,,,,,,<5482311;5482681>,<2;1>,<self:flagZ4() and 1 or 0;self:flagZ4() and 1 or 0>,,<0;0>,,
548271,,,11,,,,,,,,,,,,548133,
548291,,,,,,,,,,,,,,,548161,
548292,,,,enemyForce | nodead,otherProcessExcept(548291)|near,,,,,<5482673>,<1>,<1>,,<self:damage()*0.4>,,
548293,,,,enemyForce | nodead,otherProcessExcept(548291)|random(1),,,,,<5482673>,<1>,"<(self:flagZ3() and moreE(tobool(self:getSummoner():getBuffOverlayCount(5482325),3))) and 1 or 0>",,<self:damage()*0.8>,,
548294,,,,enemyForce | nodead,otherProcessExcept(548293)|near,,,,,<5482673>,<1>,"<(self:flagZ3() and moreE(tobool(self:getSummoner():getBuffOverlayCount(5482325),3))) and 1 or 0>",,<self:damage()*0.4>,,
548311,,,,,,,,,,,,,,,548111,
548312,,1,14,,,,,,,<5483111>,<2>,<1>,,<self:flagZ1()  and self:Bdamage()*0.15 or self:Bdamage()*0.1>,,
548321,,,,,,,,,,,,,,,548121,
548322,,1,14,,,,,,,<5483211>,<2>,<1>,,<0>,,
548323,,,,,,,,,,<5483221>,<2>,<self:flagZ2() and 1 or 0>,,<0>,,
548331,,,4,,,,,,,,,,,,548131,
548332,,,,,,,,,,,,,,,548132,
548333,,1,14,,,,,,,<5483311>,<2>,<1>,,<0>,,
548334,,1,14,,,,,,,<5483331>,<2>,<1>,,<0>,,
548361,,1,14,,,,,,,<5483611;5483613;5484691>,<999;999;4>,<1;1;1>,,<0;0;0>,,
548362,,1,14,,,,,,,<5483621>,<999>,"<moreE(self:star(),6) and 1 or 0>",,<0>,,
548363,,1,14,,,,,,,<5483650>,<999>,"<moreE(self:star(),8) and 1 or 0>",,<0>,,
548364,,1,14,,,,,,,<5483311;5483681>,<2;1>,<self:flagZ4() and 1 or 0;self:flagZ4() and 1 or 0>,,<0;0>,,
548371,,,11,,,,,,,,,,,,548133,
548372,,,11,,,,,,,<5483692>,<2>,"<moreE(self:getBuffOverlayCount(5483616),5) and 1 or 0>",,<0>,,
548411,,,,,,,,,,,,,,,548111,
548412,,1,14,,,,,,,<5484111>,<2>,<1>,,<self:flagZ1()  and self:Bdamage()*0.15 or self:Bdamage()*0.1>,,
548421,,,,,,,,,,,,,,,548121,
548422,,1,14,,,,,,,<5484211>,<2>,<1>,,<0>,,
548423,,,,,,,,,,<5484221>,<2>,<self:flagZ2() and 1 or 0>,,<0>,,
548431,,,4,,,,,,,,,,,,548131,
548432,,,,,,,,,,,,,,,548132,
548433,,1,14,,,,,,,<5484311>,<2>,<1>,,<0>,,
548434,,1,14,,,,,,,<5484331>,<2>,<1>,,<0>,,
548461,,1,14,,,,,,,<5484611;5484613;5484691>,<999;999;4>,<1;1;1>,,<0;0;0>,,
548462,,1,14,,,,,,,<5484621>,<999>,"<moreE(self:star(),6) and 1 or 0>",,<0>,,
548463,,1,14,,,,,,,<5484650>,<999>,"<moreE(self:star(),8) and 1 or 0>",,<0>,,
548464,,1,14,,,,,,,<5484311;5484681>,<2;1>,<self:flagZ4() and 1 or 0;self:flagZ4() and 1 or 0>,,<0;0>,,
548471,,,11,,,,,,,,,,,,548133,
548472,,,,selfForce|nodead,"exclude(list(csvSelf:id()))|attrDiffer(""natureType"", {13})|random(1)",,,,,<5484341>,<2>,<1>,,<0>,,
550041,,1,14,,,,,,,<550041>,<999>,<1>,,<0>,,
550051,,1,14,,,,,,,<550051>,<999>,<1>,,<0>,,
550061,,1,14,,,,,,,<550061>,<999>,<1>,,<0>,,
550081,,1,14,,,,,,,<550081>,<999>,<1>,,<0>,,
550091,,1,14,,,,,,,<550091>,<999>,<1>,,<0>,,
550101,,1,14,,,,,,,<550101>,<999>,<1>,,<0>,,
550161,,1,14,,,,,,,<550161>,<999>,<1>,,<0>,,
550171,,,,selfForce|nodead,"rowfront|setSelectAttr({""defence"",""specialDefence""},""max"")|attr(""selectAttr"",""max"",1)",,,,,<550175>,<999>,<1>,,<0>,,
550181,,1,14,,,,,,,<550181>,<999>,<1>,,<0>,,
550191,,1,14,,,,,,,<550191>,<999>,<1>,,<0>,,
550201,,1,14,,,,,,,<550201>,<999>,<1>,,<0>,,
550211,,1,14,,,,,,,<550211>,<999>,<1>,,<0>,,
550221,,1,14,,,,,,,<550221>,<999>,<1>,,<0>,,
550241,,1,14,,,,,,,<550241>,<999>,<1>,,<1>,,
550251,,1,14,,,,,,,<550251>,<999>,<1>,,<1>,,
550261,,1,14,,,,,,,<550261>,<999>,<1>,,<1>,,
550271,,1,14,,,,,,,<550271>,<999>,<1>,,<1>,,
550281,,1,14,,,,,,,<550281>,<999>,<1>,,<1>,,
550291,,1,14,,,,,,,<550291>,<999>,<1>,,<1>,,
550300,,1,14,,,,,,,,,,,,,
550301,,,,selfForce|nodead,near(),,,,,<550301;550304>,<999;999>,<1;1>,,<1;1>,,
550302,,1,14,,,,,,,<550304>,<999>,<1>,,<1>,,
550311,,1,14,,,,,,,<550310;550311>,<999;999>,<1;1>,,<1;1>,,
550331,,1,14,,,,,,,<550331>,<999>,<1>,,<1>,,
550341,,1,14,,,,,,,<550341>,<999>,<1>,,<1>,,
556111,,,,,,,,,,,,,,,556111,
556112,,1,14,,,,,,,<5561111>,<2>,<1>,,<self:Bdefence()*(self:flagZ1() and 0.3 or 0.2)>,,
556121,,,,,,,,,,,,,,,556121,
556122,,1,14,,,,,,,<5561211>,<999>,<1>,,<0>,,
556123,,,,selfForce|nodead,"exclude(list(csvSelf:id()))|rowfront|battleFlagDifferExclude('battleFlag', {5566,5212})|attrDiffer(""natureType"", {8,14})|random(1)",,,,,<5561231>,<999>,<self:flagZ2() and 1 or 0>,,<0>,,
556124,,,,selfForce|nodead,"exclude(list(csvSelf:id()))|battleFlagDifferExclude('battleFlag', {5566})|attrDiffer(""natureType"", {8,14})|setSelectAttr({""damage"",""specialDamage""},""max"")|attr(""selectAttr"",""max"",1)",,,,,<5561261>,<2>,<1>,,<0>,,
556125,,,,selfForce|nodead,"exclude(list(csvSelf:id()))|battleFlagDifferExclude('battleFlag', {5566})|otherProcessExcept(556124)|attrDiffer(""natureType"", {8,14})|random(1)",,,,,<5561261>,<2>,<self:flagZ2() and 1 or 0>,,<0>,,
556131,,,,enemyForce | nodead,random(1),,,,,,,,,,,
556132,,,,enemyForce | nodead,otherProcessExcept(556131)|random(1),,,,,,,,,,,
556133,,,,enemyForce | nodead,"otherProcessExcept(556131,556132)|random(1)",,,,,,,,,,,
556134,,,,enemyForce | nodead,"useOtherProcess(556131,556132,556133)",,,,,,,,,,556134,
556135,,,,enemyForce | nodead,"useOtherProcess(556131,556132,556133)",,,,,,,,,,556135,
556136,,,,enemyForce | nodead,useOtherProcess(556131),,,,,<5561251;5561251;5561251;5561321>,<1;1;1;2>,"<1;1;1;moreE(self:star(),11) and 1 or 0>",,<0;0;0;0>,,
556137,,,,enemyForce | nodead,useOtherProcess(556132),,,,,<5561251;5561251;5561317>,<1;1;2>,"<1;1;moreE(self:star(),11) and 1 or 0>",,<0;0;0>,,
556138,,,,enemyForce | nodead,useOtherProcess(556133),,,,,<5561251;5561317>,<1;2>,"<1;moreE(self:star(),11) and 1 or 0>",,<0;0>,,
556139,,,,enemyForce | nodead,"useOtherProcess(556131,556132,556133)",,,,,<5561311>,<2>,"<moreE(self:star(),11) and 1 or 0>",,<0>,,
556140,,1,14,,,,,,,<5561331>,<2>,<1>,,<0>,,
556151,,,,,,,,,,,,,,,556151,
556161,,1,14,,,,,,,<5561661>,<999>,<1>,,<0>,,
556162,,1,14,,,,,,,<5561331>,<2>,"<moreE(self:star(),8) and 1 or 0>",,<0>,,
556163,,1,14,,,,,,,<5561813;5561851>,<999;999>,<self:flagZ4() and 1 or 0;self:flagZ4() and 1 or 0>,,<0;0>,,
556171,,,,,,,,,,,,,,,556171,
580011,,1,14,,,,,,,<580011>,<999>,<((getGateType() == 2 or getGateType() == 9 or getGateType() == 17 or getGateType() == 21 or getGateType() == 29) and countForceNum(self:force())==6) and 1 or ((getGateType() ~= 2 and getGateType() ~= 9 and getGateType() ~= 17 and getGateType() ~= 21 and getGateType() ~= 29) and 1 or 0)>,,<0>,,
590011,,1,14,,,,,,,<1010001>,<999>,<1>,,<1000>,,
590021,,1,14,,,,,,,<1010001>,<999>,<1>,,<660>,,
590031,,1,14,,,,,,,<1010001>,<999>,<1>,,<440>,,
590041,,1,14,,,,,,,<1010001>,<999>,<1>,,<220>,,
590051,,1,14,,,,,,,<1010001>,<999>,<1>,,<800>,,
590061,,1,11,,,,,,,<1010001>,<1>,<1>,,<5000>,,
590071,,1,11,,,,,,,<1010000>,<999>,<1>,,<200>,,
590081,,1,11,,,,,,,<1010020;1010021>,<999;999>,<1;1>,,"<list(list(1001,1002,1003,1004,1005,1011,1012,1013,1014,1015,1021,1022,1023,1024,1025,1201,1202,1203,1211,1212,1213,1221,1222,1223,1401,1411,1421,1431,1441,1451,1101,1102,1103,1104,1105,1111,1112,1113,1114,1115,1121,1122,1123,1124,1125,1301,1302,1303,1311,1312,1313,1321,1322,1323,1500,1501,1502,1503,1510,1511,1512,1513,1520,1521,1522,1523),(7-getForceNum(self:force()))*0.05);list(list(1501,1511,1521),99,1)>",,
590091,,1,11,,,,,,,<1010007>,<1>,<1>,,<target:speed()*1>,,
590111,,1,14,,,,,,,<1010002>,<999>,<1>,,<0.5>,,
590121,,1,14,,,,,,,<1010003>,<999>,<1>,,<0.15>,,
590131,,1,14,,,,,,,<1010022>,<999>,<1>,,<2000>,,
590141,,1,14,,,,,,,<40000100;40000101>,<999;999>,<1;1>,,<1000;1000>,,
590151,,1,14,,,,,,,<40000100;40000101>,<999;999>,<1;1>,,<2000;2000>,,
590161,,1,14,,,,,,,<40000100;40000101>,<999;999>,<1;1>,,<3000;3000>,,
590171,,1,14,,,,,,,<40000100;40000101>,<999;999>,<1;1>,,<5000;5000>,,
590211,,1,14,,,,,,,<1010004>,<999>,<1>,,<360>,,
590221,,1,14,,,,,,,<1010005>,<1>,<1>,,<<1>>,,
590231,,1,14,,,,,,,<1010006>,<999>,<1>,,<<1;self:hpMax()*0.3;self:mp1Max()>>,,
590241,,1,14,,,,,,,<1010007>,<999>,<1>,,<2000>,,
590251,,1,14,,,,,,,<1010008>,<999>,<1>,,<360>,,
590261,,1,14,,,,,,,<1010009>,<999>,<1>,,<2000>,,
590271,,1,14,,,,,,,<1010010>,<999>,<1>,,<2000>,,
590281,,1,14,,,,,,,<1010011>,<999>,<1>,,<2000>,,
590291,,1,14,,,,,,,<1010012>,<999>,<1>,,<2000>,,
590301,,1,14,,,,,,,<1010013>,<999>,<1>,,<0>,,
590311,,1,20,,,,,2,,<1010014>,<999>,<1>,,<<1;self:hpMax()*0.4;self:mp1Max()>>,,
590321,,1,14,,,,,,,<1010015;1010016>,<999;999>,<1;1>,,<target:damage()*0.15;target:specialDamage()*0.15>,,
590331,,1,14,,,,,,,<1010017;1010018;1010019>,<999;999;999>,<1;1;1>,,<2000;2000;2000>,,
590341,,1,14,,,,,,,<1020001>,<999>,<1>,,<<1;self:hpMax()*0.5;self:mp1Max()>>,,
590351,,1,14,,,,,,,,,,,,,
590352,,1,11,,,,,,,<1020019>,<1>,<1>,,<0>,,
590353,,,,selfForce,otherProcessExcept(590351)|frontRowRandom(1),,,,,<1020011>,<999>,<1>,,<<0;1;0>>,,
610011,,,11,,,,,,,<610011>,<999>,<1>,,<0>,,
610012,,1,11,,,,,,,<610011>,<999>,<1>,,<0>,,
610021,,1,11,,,,,,,<610021;610022>,<999;999>,<1;1>,,<self:damage()*0.04;self:specialDamage()*0.04>,,
610031,,1,11,,,,,,,<610031;610032>,<999;999>,<1;1>,,<0;0>,,
610041,,1,11,,,,,,,<610041>,<999>,<1>,,<countHPMaxSumByForce(self:force())*0.2>,,
610051,,,11,,,,,,,<610051;610052;610053>,<2;2;2>,<1;1;1>,,<-target:damage()*0.1;-target:specialDamage()*0.1;-target:speed()*0.15>,,
610061,,1,11,,,,,,,<610061>,<999>,<1>,,<0>,,
610071,,,22,,,,,1,,<610071>,<1>,<0.6>,,<0>,,
612011,,1,11,,,,,,,<612011>,<1>,<1>,,<0>,,
612012,,,11,,,,,,,<612011>,<1>,<1>,,<0>,,
615011,,1,14,,,,,,,<615011>,<999>,<1>,,"<(target:hpMax()*(0.03+(skillLevel-1)*0.002+0.01*to10(more(skillLevel  , 2))+0.01*to10(more(skillLevel  , 5))+0.01*to10(more(skillLevel  , 8))))*((getGateType() == 10 or getGateType() == 14) and 0.5 or 1)>",,
615021,,1,14,,,,,,,<615021;615022>,<999;999>,<1;1>,,"<target:damage()*(0.03+(skillLevel-1)*0.002+0.01*to10(more(skillLevel  , 2))+0.01*to10(more(skillLevel  , 5))+0.01*to10(more(skillLevel  , 8)));target:specialDamage()*(0.03+(skillLevel-1)*0.002+0.01*to10(more(skillLevel  , 2))+0.01*to10(more(skillLevel  , 5))+0.01*to10(more(skillLevel  , 8)))>",,
615031,,1,14,,,,,,,<615031>,<999>,<1>,,<500+(skillLevel-1)*20+10*(skillLevel  > 2 and 1 or 0)+10*(skillLevel  > 5 and 1 or 0)+10*(skillLevel  > 8 and 1 or 0)+10*(skillLevel  > 11 and 1 or 0)>,,
615032,,1,11,,,,,,,,<999;999>,"<more(skillLevel  , 2) and 1 or 0;more(skillLevel  , 5) and 1 or 0>",,"<target:damage()*(0.02+0.04*(more(skillLevel  , 8) and 1 or 0));target:specialDamage()*(0.02+0.04*(more(skillLevel  , 11) and 1 or 0))>",,
615041,,1,14,,,,,,,<615041>,<999>,<1>,,<500+(skillLevel-1)*20+10*(skillLevel  > 2 and 1 or 0)+10*(skillLevel  > 5 and 1 or 0)+10*(skillLevel  > 8 and 1 or 0)+10*(skillLevel  > 11 and 1 or 0)>,,
615042,,1,11,,,,,,,,<999;999>,"<more(skillLevel  , 2) and 1 or 0;more(skillLevel  , 5) and 1 or 0>",,"<target:defence()*(0.02+0.04*(more(skillLevel  , 8) and 1 or 0));target:specialDefence()*(0.02+0.04*(more(skillLevel  , 11) and 1 or 0))>",,
615051,,1,14,,,,,,,<615051>,<999>,<1>,,<500+(skillLevel-1)*20+10*(skillLevel  > 2 and 1 or 0)+10*(skillLevel  > 5 and 1 or 0)+10*(skillLevel  > 8 and 1 or 0)+10*(skillLevel  > 11 and 1 or 0)>,,
615061,,1,3,,,,,,,<615061>,<2>,<1>,,"<(400+(skillLevel-1)*30+20*to10(more(skillLevel  , 11)))*((getGateType() == 10 or getGateType() == 14) and 0.5 or 1)>",,
615062,,1,2,,,,,,,<615062>,<2>,<1>,,"<(400+(skillLevel-1)*30+20*to10(more(skillLevel  , 5)))*((getGateType() == 10 or getGateType() == 14) and 0.5 or 1)>",,
615071,,1,11,,,,,,,<615071>,<4>,<1>,,<0>,,
615091,,1,11,,,,,,,<615091>,<999>,<1>,,<0>,,
615111,,1,11,,,,,,,<615111>,<999>,<1>,,<0>,,
615131,,1,11,,,,,,,,<999>,<1>,,<0>,,
615141,,,20,,,,1,,,,<2;2;2;2;2>,"<1;1;1;1;more(skillLevel  , 11) and 1 or 0>",,"<-target:damage()*(0.06+(skillLevel-1)*0.004+0.03*to10(more(skillLevel  , 5)));-target:specialDamage()*(0.06+(skillLevel-1)*0.004+0.03*to10(more(skillLevel  , 5)));-target:defence()*(0.06+(skillLevel-1)*0.004+0.03*to10(more(skillLevel  , 5)));-target:specialDefence()*(0.06+(skillLevel-1)*0.004+0.03*to10(more(skillLevel  , 5)));-target:speed()*(0.06+(skillLevel-1)*0.004+0.03*to10(more(skillLevel  , 5)))>",,
616061,,1,3,,,,,,,<615063>,<3>,<1>,,<400+(skillLv(61606)-1)*100>,,
616062,,1,2,,,,,,,<615064>,<3>,<1>,,<400+(skillLv(61606)-1)*100>,,
616071,,1,11,,,,,,,<615081>,<4>,<1>,,<0>,,
616091,,1,11,,,,,,,<615101>,<999>,<1>,,<0>,,
616111,,1,11,,,,,,,<615121>,<999>,<1>,,<0>,,
616131,,1,11,,,,,,,,<999>,<1>,,<0>,,
616141,,,20,,,,1,,,,<2;2;2;2;2>,"<1;1;1;1;more(skillLevel  , 11) and 1 or 0>",,"<-target:damage()*(0.06+(skillLevel-1)*0.004+0.03*to10(more(skillLevel  , 5)));-target:specialDamage()*(0.06+(skillLevel-1)*0.004+0.03*to10(more(skillLevel  , 5)));-target:defence()*(0.06+(skillLevel-1)*0.004+0.03*to10(more(skillLevel  , 5)));-target:specialDefence()*(0.06+(skillLevel-1)*0.004+0.03*to10(more(skillLevel  , 5)));-target:speed()*(0.06+(skillLevel-1)*0.004+0.03*to10(more(skillLevel  , 5)))>",,
630011,,1,14,,,,,,,<630011>,<999>,<1>,,<0>,,
630021,,1,14,,,,,,,<630021>,<999>,<1>,,<250+(skillLevel-0)*70>,,
630031,,1,14,,,,,,,<630031>,<999>,<1>,,<0>,,
630111,,1,14,,,,,,,<630111>,<999>,<1>,,<self:hpMax()*(0.3+skillLevel*0.05)>,,
630121,,1,14,,,,,,,<630121>,<999>,<1>,,<0>,,
630131,,1,14,,,,,,,<630131>,<999>,<1>,,<0>,,
630211,,1,14,,,,,,,<630211>,<999>,<1>,,<0>,,
630221,,1,14,,,,,,,<630221>,<999>,<1>,,<0>,,
630231,,1,14,,,,,,,<630231;630234>,<999;2>,<1;1>,,<0;(10+skillLevel*1)*0.02*self:speed()>,,
630241,,1,14,,,,,,,<630241>,<1>,<1>,,<self:Bspeed()*(0.08+skillLevel*0.08)>,,
630251,,1,14,,,,,,,<630251>,<999>,<0.04+skillLevel*0.04>,,<<1;0;0>>,,
630261,,1,14,,,,,,,<630261>,<999>,<1>,,<200+skillLevel*200>,,
650011,,1,14,,,,,,,<650011>,<999>,<1>,,<0>,,
650021,,1,14,,,,,,,<650021>,<999>,<1>,,<0>,,
650031,,1,14,,,,,,,<650031>,<999>,<1>,,<0>,,
650041,,1,14,,,,,,,<650041>,<999>,<1>,,<0>,,
650051,,1,14,,,,,,,<650051>,<999>,<1>,,<0>,,
650061,,1,14,,,,,,,<650061>,<999>,<1>,,<0>,,
650071,,1,14,,,,,,,<650071>,<999>,<1>,,<0>,,
650111,,1,14,,,,,,,<650111>,<999>,<1>,,<0>,,
650121,,1,14,,,,,,,<650121>,<999>,<1>,,<0>,,
650131,,1,14,,,,,,,<650131>,<999>,<1>,,<0>,,
650141,,1,14,,,,,,,<650141>,<999>,<1>,,<0>,,
650151,,1,14,,,,,,,<650151>,<999>,<1>,,<0>,,
650161,,1,14,,,,,,,<650161>,<999>,<1>,,<0>,,
650171,,1,14,,,,,,,<650151>,<999>,<1>,,<0>,,
650211,,1,14,,,,,,,<650211>,<999>,<1>,,<200+(skillLevel-1)*15>,,
650221,,1,14,,,,,,,<650221>,<999>,<1>,,<200+(skillLevel-1)*15>,,
650231,,1,14,,,,,,,<650231>,<999>,<1>,,<200+(skillLevel-1)*15>,,
650241,,1,14,,,,,,,<650241>,<999>,<1>,,<200+(skillLevel-1)*15>,,
650251,,1,14,,,,,,,<650251>,<999>,<1>,,<200+(skillLevel-1)*15>,,
650261,,1,14,,,,,,,<650261>,<999>,<1>,,<200+(skillLevel-1)*15>,,
650271,,1,14,,,,,,,<650261>,<999>,<1>,,<200+(skillLevel-1)*15>,,
650311,,1,14,,,,,,,<650311>,<1>,<1>,,<0>,,
650321,,1,14,,,,,,,<650321>,<1>,<1>,,<0>,,
650331,,1,14,,,,,,,<650331>,<999>,<1>,,<0>,,
650341,,1,14,,,,,,,<650341>,<1>,<1>,,<0>,,
650351,,1,14,,,,,,,<650351>,<999>,<1>,,<0>,,
650361,,1,14,,,,,,,<650361>,<999>,<1>,,<0>,,
650371,,1,14,,,,,,,<650311>,<1>,<1>,,<0>,,
650511,,1,14,,,,,,,<650511>,<2>,<1>,,<400+(skillLevel-1)*40>,,
650521,,1,14,,,,,,,<650521>,<2>,<1>,,<400+(skillLevel-1)*40>,,
650531,,1,14,,,,,,,<650531>,<2>,<1>,,<500+(skillLevel-1)*40>,,
650541,,1,14,,,,,,,<650541>,<2>,<1>,,<500+(skillLevel-1)*40>,,
650551,,1,14,,,,,,,<650551>,<2>,<1>,,<350+(skillLevel-1)*35>,,
650561,,1,14,,,,,,,<650561>,<2>,<1>,,<350+(skillLevel-1)*35>,,
650571,,1,14,,,,,,,<650571>,<2>,<1>,,<250+(skillLevel-1)*25>,,
650581,,1,14,,,,,,,<650581>,<2>,<1>,,<250+(skillLevel-1)*25>,,
650591,,1,3,,,,,,,<650591>,<2>,<1>,,<150+(skillLevel-1)*15>,,
650601,,1,2,,,,,,,<650601>,<2>,<1>,,<150+(skillLevel-1)*15>,,
660011,,1,14,,,,,,,<660011>,<999>,<1>,,<1>,,
660021,,1,14,,,,,,,<660021>,<999>,<1>,,<1>,,
660031,,1,14,,,,,,,<660031>,<999>,<1>,,<1>,,
660041,,1,14,,,,,,,<660041>,<999>,<1>,,<1>,,
660051,,1,14,,,,,,,<660051>,<999>,<1>,,<1>,,
660061,,1,14,,,,,,,<660061>,<999>,<1>,,<1>,,
660071,,1,14,,,,,,,<660071>,<999>,<1>,,<1>,,
660081,,1,14,,,,,,,<660081>,<999>,<1>,,<1>,,
660091,,1,14,,,,,,,<660091>,<999>,<1>,,<1>,,
660101,,1,14,,,,,,,<660101>,<999>,<1>,,<1>,,
660111,,1,14,,,,,,,<660111>,<999>,<1>,,<<0.7;0.05>>,,
660121,,1,14,,,,,,,<660121>,<999>,<1>,,<<0.7;0.07>>,,
660131,,1,14,,,,,,,<660131>,<999>,<1>,,<<0.7;0.09>>,,
660141,,1,14,,,,,,,<660141>,<999>,<1>,,<<0.7;0.15>>,,
660151,,1,14,,,,,,,<660151>,<999>,<1>,,<<0.5;0.2>>,,
660161,,1,14,,,,,,,<660161;660163>,<999;999>,<1;1>,,<1;1>,,
660171,,1,14,,,,,,,<660171;660173>,<999;999>,<1;1>,,<1;1>,,
660181,,1,14,,,,,,,<660181;660183>,<999;999>,<1;1>,,<1;1>,,
660191,,1,14,,,,,,,<660191;660193>,<999;999>,<1;1>,,<1;1>,,
660201,,1,14,,,,,,,<660201;660203>,<999;999>,<1;1>,,<1;1>,,
660211,,1,14,,,,,,,<660211>,<999>,<1>,,<1>,,
660221,,1,14,,,,,,,<660221>,<999>,<1>,,<1>,,
660231,,1,14,,,,,,,<660231>,<999>,<1>,,<1>,,
660241,,1,14,,,,,,,<660241>,<999>,<1>,,<1>,,
660251,,1,14,,,,,,,<660251>,<999>,<1>,,<1>,,
660261,,1,14,,,,,,,<660261>,<999>,<1>,,<1>,,
660262,,,,selfForce|nodead,near|exclude(list(csvSelf:id())),,,,,,,,,,,
660271,,1,14,,,,,,,<660271>,<999>,<1>,,<1>,,
660272,,,,selfForce|nodead,near|exclude(list(csvSelf:id())),,,,,,,,,,,
660281,,1,14,,,,,,,<660281>,<999>,<1>,,<1>,,
660282,,,,selfForce|nodead,near|exclude(list(csvSelf:id())),,,,,,,,,,,
660291,,1,14,,,,,,,<660291>,<999>,<1>,,<1>,,
660292,,,,selfForce|nodead,near|exclude(list(csvSelf:id())),,,,,,,,,,,
660301,,1,14,,,,,,,<660301>,<999>,<1>,,<1>,,
660302,,,,selfForce|nodead,near|exclude(list(csvSelf:id())),,,,,,,,,,,
660311,,1,14,,,,,,,<660311>,<999>,<1>,,<1>,,
660321,,1,14,,,,,,,<660321>,<999>,<1>,,<1>,,
660331,,1,14,,,,,,,<660331>,<999>,<1>,,<1>,,
660341,,1,14,,,,,,,<660341;660347>,<999;999>,<1;1>,,<1;1>,,
660351,,1,14,,,,,,,<660351;660347>,<999;999>,<1;1>,,<1;1>,,
660361,,1,14,,,,,,,<660361>,<999>,<1>,,<1>,,
660371,,1,14,,,,,,,<660371>,<999>,<1>,,<1>,,
660381,,1,14,,,,,,,<660381>,<999>,<1>,,<1>,,
660391,,1,14,,,,,,,<660391;660403>,<999;999>,<1;0.3>,,<1;1>,,
660401,,1,14,,,,,,,<660401;660403>,<999;999>,<1;1>,,<1;1>,,
660411,,1,14,,,,,,,<660411>,<999>,<1>,,<1>,,
660421,,1,14,,,,,,,<660421>,<999>,<1>,,<1>,,
660431,,1,14,,,,,,,<660431>,<999>,<1>,,<1>,,
660441,,1,14,,,,,,,<660441>,<999>,<1>,,<1>,,
660451,,1,14,,,,,,,<660451>,<999>,<1>,,<1>,,
700011,,1,14,,,,,,,<700011>,<999>,<1>,,<200>,,
700021,,1,14,,,,,,,<700021>,<999>,<1>,,<200>,,
700031,,1,14,,,,,,,<700031>,<999>,<1>,,<200>,,
700041,,1,14,,,,,,,<700041>,<999>,<1>,,<200>,,
700051,,1,14,,,,,,,<700051;700052>,<999;999>,<1;1>,,<self:damage()*0.03;self:specialDamage()*0.03>,,
700061,,1,14,,,,,,,<700061>,<999>,<1>,,<500>,,
700071,,1,14,,,,,,,<700071>,<999>,<1>,,<target:Bspeed()*0.01>,,
700081,,1,14,,,,,,,<700081>,<999>,<1>,,<200>,,
700091,,1,14,,,,,,,<700091;700092>,<999;999>,<1;1>,,<200;200>,,
700101,,1,14,,,,,,,<700101>,<999>,<1>,,<200>,,
700111,,1,14,,,,,,,<700111>,<999>,<1>,,<200>,,
700121,,1,14,,,,,,,<700121>,<999>,<1>,,<200>,,
700131,,1,14,,,,,,,<700131>,<999>,<1>,,<200>,,
700141,,1,14,,,,,,,<700141>,<999>,<1>,,<200>,,
700151,,1,14,,,,,,,<700151>,<999>,<1>,,<200>,,
700161,,1,14,,,,,,,<700161>,<999>,<1>,,<200>,,
700171,,1,14,,,,,,,<700171>,<999>,<1>,,<200>,,
700181,,1,14,,,,,,,<700181>,<999>,<1>,,<self:hpMax()*0.03>,,
700191,,1,14,,,,,,,<700191>,<999>,<1>,,<100>,,
700201,,1,14,,,,,,,<700201;700202>,<999;999>,<1;1>,,<self:defence()*0.02;self:specialDefence()*0.02>,,
700211,,1,14,,,,,,,<700211>,<999>,<1>,,<200>,,
700221,,1,14,,,,,,,<700221>,<999>,<1>,,<200>,,
700231,,1,14,,,,,,,<700231>,<999>,<1>,,<200>,,
700241,,1,14,,,,,,,<700241;700242>,<999;999>,<1;1>,,<200;100>,,
700251,,1,14,,,,,,,<700251;700252>,<999;999>,<1;1>,,<self:specialDamage()*0.03;200>,,
700261,,1,14,,,,,,,<700261;700262>,<999;999>,<1;1>,,<self:damage()*0.03;200>,,
700271,,1,14,,,,,,,<700271;700272;700273>,<999;999;999>,<1;1;1>,,<self:damage()*0.03;self:specialDamage()*0.03;target:speed()*0.02>,,
700281,,1,14,,,,,,,<700281;700282>,<999;999>,<1;1>,,<self:hpMax()*0.02;100>,,
700291,,1,14,,,,,,,<700291;700292>,<999;999>,<1;1>,,<self:hpMax()*0.02;100>,,
700301,,1,14,,,,,,,<700301;700302>,<999;999>,<1;1>,,<self:hpMax()*0.02;self:defence()*0.02>,,
700311,,1,14,,,,,,,<700311;700312>,<999;999>,<1;1>,,<self:hpMax()*0.02;self:specialDefence()*0.02>,,
700321,,1,14,,,,,,,<700321;700322>,<999;999>,<1;1>,,<self:hpMax()*0.02;100>,,
700331,,1,14,,,,,,,<700331;700332>,<999;999>,<1;1>,,<self:hpMax()*0.02;100>,,
700341,,1,14,,,,,,,<700341;700342>,<999;999>,<1;1>,,<self:hpMax()*0.02;100>,,
700351,,1,14,,,,,,,<700351;700352>,<999;999>,<1;1>,,<100;200>,,
700361,,1,14,,,,,,,<700361;700362>,<999;999>,<1;1>,,<self:damage()*0.02;100>,,
700371,,1,14,,,,,,,<700371;700372>,<999;999>,<1;1>,,<self:specialDamage()*0.02;100>,,
700381,,1,14,,,,,,,<700381;700382>,<999;999>,<1;1>,,<100;100>,,
700391,,1,14,,,,,,,<700391;700392>,<999;999>,<1;1>,,<100;100>,,
700411,,1,14,,,,,,,<700411;700412>,<999;999>,<1;1>,,<self:hpMax()*0.01;200>,,
700421,,1,14,,,,,,,<700421;700422>,<999;999>,<1;1>,,<self:hpMax()*0.01;200>,,
700431,,1,14,,,,,,,<700431;700432>,<999;999>,<1;1>,,<self:hpMax()*0.01;300>,,
700441,,1,14,,,,,,,<700441;700442>,<999;999>,<1;1>,,<100;200>,,
700451,,1,14,,,,,,,<700451;700452>,<999;999>,<1;1>,,<100;200>,,
700461,,1,14,,,,,,,<700461;700462>,<999;999>,<1;1>,,<self:hpMax()*0.01;200>,,
700471,,1,14,,,,,,,<700471;700472>,<999;999>,<1;1>,,<100;200>,,
700481,,1,14,,,,,,,<700481;700482>,<999;999>,<1;1>,,<self:hpMax()*0.01;100>,,
700491,,1,14,,,,,,,<700491;700492>,<999;999>,<1;1>,,<self:damage()*0.01;100>,,
700501,,1,14,,,,,,,<700501;700502>,<999;999>,<1;1>,,<self:defence()*0.01;100>,,
700511,,1,14,,,,,,,<700511;700512>,<999;999>,<1;1>,,<self:specialDamage()*0.01;200>,,
700521,,1,14,,,,,,,<700521;700522>,<999;999>,<1;1>,,<self:specialDefence()*0.02;200>,,
700531,,1,14,,,,,,,<700531;700532>,<999;999>,<1;1>,,<self:defence()*0.02;200>,,
700541,,1,14,,,,,,,<700541;700542>,<999;999>,<1;1>,,<self:damage()*0.01;200>,,
700551,,1,14,,,,,,,<700551;700552>,<999;999>,<1;1>,,<self:specialDefence()*0.01;100>,,
700561,,1,14,,,,,,,<700561;700562>,<999;999>,<1;1>,,<self:specialDamage()*0.01;100>,,
700571,,1,14,,,,,,,<700571;700572>,<999;999>,<1;1>,,<self:defence()*0.02;100>,,
700581,,1,14,,,,,,,<700581;700582>,<999;999>,<1;1>,,<100;100>,,
700591,,1,14,,,,,,,<700591;700592>,<999;999>,<1;1>,,<200;100>,,
700601,,1,14,,,,,,,<700601;700602>,<999;999>,<1;1>,,<self:damage()*0.01;100>,,
700621,,1,14,,,,,,,<700621;700622>,<999;999>,<1;1>,,<100;100>,,
700631,,1,14,,,,,,,<700631;700632>,<999;999>,<1;1>,,<100;100>,,
700641,,1,14,,,,,,,<700641;700642>,<999;999>,<1;1>,,<100;100>,,
700651,,1,14,,,,,,,<700651;700652>,<999;999>,<1;1>,,<100;100>,,
700661,,1,14,,,,,,,<700661;700662>,<999;999>,<1;1>,,<self:specialDamage()*0.01;100>,,
700671,,1,14,,,,,,,<700671;700672>,<999;999>,<1;1>,,<self:specialDamage()*0.01;100>,,
700681,,1,14,,,,,,,<700681;700682>,<999;999>,<1;1>,,<self:hpMax()*0.01;100>,,
700691,,1,14,,,,,,,<700691;700692>,<999;999>,<1;1>,,<100;100>,,
700701,,1,14,,,,,,,<700701;700702>,<999;999>,<1;1>,,<self:Bdefence()*0.02;self:BspecialDefence()*0.02>,,
700711,,1,14,,,,,,,<700711;700712>,<999;999>,<1;1>,,<self:damage()*0.02;200>,,
700721,,1,14,,,,,,,<700721;700722>,<999;999>,<1;1>,,<100;200>,,
700731,,1,14,,,,,,,<700731;700732>,<999;999>,<1;1>,,<self:specialDamage()*0.01;100>,,
700741,,1,14,,,,,,,<700741;700742>,<999;999>,<1;1>,,<self:specialDamage()*0.01;100>,,
700751,,1,14,,,,,,,<700751;700752>,<999;999>,<1;1>,,<self:defence()*0.02;100>,,
700761,,1,14,,,,,,,<700761;700762>,<999;999>,<1;1>,,<200;100>,,
700771,,1,14,,,,,,,<700771;700772>,<999;999>,<1;1>,,<self:defence()*0.02;100>,,
700781,,1,14,,,,,,,<700781;700782>,<999;999>,<1;1>,,<self:damage()*0.01;100>,,
700791,,1,14,,,,,,,<700791;700792>,<999;999>,<1;1>,,<self:Bdefence()*0.02;200>,,
700801,,1,14,,,,,,,<700801;700802>,<999;999>,<1;1>,,<100;100>,,
700811,,1,14,,,,,,,<700811;700812>,<999;999>,<1;1>,,<self:specialDamage()*0.02;100>,,
700821,,1,14,,,,,,,<700821;700822>,<999;999>,<1;1>,,<self:damage()*0.01;100>,,
700831,,1,14,,,,,,,<700831;700832>,<999;999>,<1;1>,,<100;100>,,
700841,,1,14,,,,,,,<700841;700842>,<999;999>,<1;1>,,<100;100>,,
700851,,1,14,,,,,,,<700851;700852>,<999;999>,<1;1>,,<self:specialDamage()*0.01;100>,,
700861,,1,14,,,,,,,<700861;700862>,<999;999>,<1;1>,,<self:specialDamage()*0.01;100>,,
700871,,1,14,,,,,,,<700871>,<999>,<1>,,<0>,,
702211,,,,,,,,,,,,,,,702211,
702212,,,,,,,,,,<397011>,<3>,<self:flagZ1() and 1 or 0>,,<self:specialDamage()*0.5>,,
702213,,1,14,,,,,,,<397111>,<2>,<1>,,<self:BspecialDamage()*0.1>,,
702221,,,,,,,,,,,,,,,702221,
702222,,1,14,,,,,,,<397211>,<1>,<1>,,<0>,,
702231,,,,"relativeActionOrder(3-csvSelf:force(),false,2)",,,,,,,,,,,702231,
702232,,,,"relativeActionOrder(3-csvSelf:force(),false,2)",,,,,,,,,,,702232,
702233,,,,"relativeActionOrder(3-csvSelf:force(),false,2)",,,,,,<397021>,<1>,<1>,,<0>,,
702234,,1,14,,,,,,,<397031>,<1>,<1>,,<0>,,
702235,,1,14,,,,,,,<397331>,<1>,<self:flagZ4() and 1 or 0>,,<0>,,
702261,,1,14,,,,,,,<397611;397621;397661;397681;397691>,<999;999;999;999;999>,"<1;self:frontOrBack()==2 and 1 or 0;moreE(self:star(),6) and 1 or 0;moreE(self:star(),8) and 1 or 0;self:flagZ4() and 1 or 0>",,"<0;(10+skillLv(3976,70226) *0.1-0.1)*100;0;0;0>",,
702262,,1,14,,,,,,,<397701>,<999>,<self:flagZ4() and 1 or 0>,,<1>,,
703100,,1,14,,,,,,,<7031001>,<9999>,<1>,,<0>,,
703105,,1,14,,,,,,,<7031051>,<9999>,<1>,,<0>,,
703111,,,,,,,,,,,,,,,703111,
703112,,,,enemyForce | nodead,useOtherProcess(703111),,,,,<7031110;7031113>,<2;2>,<1;1>,,<0;0>,,
703121,,,,,,,,,,,,,,,703121,
703122,,1,14,,,,,,,<7031211>,<1>,<1>,,<0>,,
703131,,,2,,,,,,,,,,,,,
703132,,,11,,,,,,,,,,,,,
703133,,,,enemyForce | nodead,,"{process={keyNum=moreE(self:star(),11) and self:hasBuff(7031813) and 2 or 1;value=<useOtherProcess(703131);useOtherProcess(703132)>}}",,,,,,,,,703131,
703134,,,,enemyForce | nodead,useOtherProcess(703133),,,,,,,,,,703132,
703135,,1,14,,,,,,,<7031311>,<1>,<1>,,<0>,,
703161,,1,14,,,,,,,<7031610>,<999>,<1>,,<0>,,
703162,,1,14,,,,,,,<7031710>,<999>,"<moreE(self:star(),6) and 1 or 0>",,<0>,,
703163,,1,14,,,,,,,<7031811>,<999>,"<moreE(self:star(),8) and 1 or 0>",,<0>,,
703164,,1,14,,,,,,,<7031911>,<999>,"<moreE(self:star(),8) and 1 or 0>",,<0>,,
703411,,,,,,,,,,,,,,,703411,
703412,,,,enemyForce | nodead,useOtherProcess(703411),,,,,<7031110;7031113>,<2;2>,<1;1>,,<0;0>,,
703421,,,,,,,,,,,,,,,703421,
703422,,1,14,,,,,,,<7031211>,<1>,<1>,,<0>,,
703431,,,2,,,,,,,,,,,,,
703432,,,11,,,,,,,,,,,,,
703433,,,,enemyForce | nodead,,"{process={keyNum=moreE(self:star(),11) and self:hasBuff(7031813) and 2 or 1;value=<useOtherProcess(703431);useOtherProcess(703432)>}}",,,,,,,,,703431,
703434,,,,enemyForce | nodead,useOtherProcess(703433),,,,,,,,,,703432,
703435,,1,14,,,,,,,<7031311>,<1>,<1>,,<0>,,
703461,,1,14,,,,,,,<7031610;7031000>,<999;999>,<1;1>,,<0;0>,,
703462,,1,14,,,,,,,<7031710>,<999>,"<moreE(self:star(),6) and 1 or 0>",,<0>,,
703463,,1,14,,,,,,,<7031811>,<999>,"<moreE(self:star(),8) and 1 or 0>",,<0>,,
703464,,1,14,,,,,,,<7031911>,<999>,"<moreE(self:star(),8) and 1 or 0>",,<0>,,
704111,,,,,,,,,,,,,,,704111,
704112,,1,14,,,,,,,<7041111>,<2>,<1>,,<1>,,
704121,,,,,,,,,,,,,,,704121,
704122,,,,selfForce|nodead,"exclude(list(csvSelf:id()))|buffDifferExclude('group',{c.fly_notbuff_oc()})|attrDiffer(""natureType"", {11})|setSelectAttr({""Bdamage"",""BspecialDamage""},""max"")|attr(""selectAttr"",""max"",1)",,,,,<7041211>,<1>,<1>,,<1>,,
704123,,1,14,,,,,,,<7041213>,<1>,<1>,,<1>,,
704131,,,11,,,,,,,,,,,,704131,
704132,,,11,,,,,,,,,,,,704132,
704133,,,,enemyForce | nodead,"buffDifferExclude('group',{c.fly_notbuff_oc()})|random(1)",,,,,<7041313>,<1>,<1>,,<1>,,
704134,,,,enemyForce | nodead,otherProcessExcept(704133)|random(1),,,,,<7041313>,<1>,"<moreE(self:star(1),11) and 0.35 or 0>",,<1>,,
704135,,,,enemyForce | nodead,"otherProcessExcept(704133,704134)|random(1)",,,,,<7041313;7041320>,<1;999>,<(self:flagZ3(1) and (not self:hasBuff(7041320) ) )and 1 or 0;self:flagZ3(1) and 1 or 0>,,<1;1>,,
704136,,1,14,,,,,,,<7041313;7041331;7041371>,<2;2;1;1>,"<1;1;1;moreE(self:star(1),11) and 1 or 0>",,<1;1;1;1>,,
704137,,,,selfForce|nodead,"exclude(list(csvSelf:id()))|buffDifferExclude('id',{7041812})|buffDifferExclude('group',{c.fly_notbuff_oc()})|attrDiffer(""natureType"", {11})|random(1)",,,,,,,,,,,
704138,,,11,,,,,,,,,,,,,
704161,,1,14,,,,,,,<7041641>,<999>,<1>,,<1>,,
704162,,1,14,,,,,,,<7041761;7041771;7041000>,<999;999;999>,<1;1;1>,,<1;1;1>,,
704163,,1,14,,,,,,,<7041781>,<999>,"<moreE(self:star(1),6) and 1 or 0>",,<<0>>,,
704164,,,,selfForce()|nodead,"exclude(list(csvSelf:id()))|attrDiffer(""natureType"", {11})",,,,,<7041611>,<999>,<1>,,<1>,,
704165,,1,14,,,,,,,<7041811>,<999>,"<moreE(self:star(1),8) and 1 or 0>",,<1>,,
704211,,,,,,,,,,,,,,,26411,
704221,,,,,,,,,,,,,,,26421,
704231,,,11,,,,,,,,,,,,26431,
704232,,,11,,,,,,,,,,,,26432,
704311,,,,,,,,,,,,,,,99211,
704321,,,,,,,,,,,,,,,99221,
704331,,,,,,,,,,,,,,,99231,
704332,,,,,,,,,,,,,,,99232,
704411,,,,,,,,,,,,,,,240111,
704421,,1,,,,,,,,,,,,,240121,
704431,,1,,,,,,,,,,,,,240131,
704432,,1,,,,,,,,,,,,,240132,
704611,,,,,,,,,,,,,,,704611,
704621,,,,,,,,,,,,,,,704621,
704631,,,,,,,,,,,,,,,704631,
704632,,1,14,,,,,,,<7041395>,<1>,<1>,,<self:hpMax()*0.1>,704632,
704911,,,,,,,,,,,,,,,704911,
704912,,1,14,,,,,,,<7041111>,<2>,<1>,,<1>,,
704921,,,,,,,,,,,,,,,704921,
704922,,,,selfForce|nodead,"exclude(list(csvSelf:id()))|buffDifferExclude('group',{c.fly_notbuff_oc()})|attrDiffer(""natureType"", {11})|setSelectAttr({""Bdamage"",""BspecialDamage""},""max"")|attr(""selectAttr"",""max"",1)",,,,,<7041211>,<1>,<1>,,<1>,,
704923,,1,14,,,,,,,<7041213>,<1>,<1>,,<1>,,
704931,,,11,,,,,,,,,,,,704931,
704932,,,11,,,,,,,,,,,,704932,
704933,,,,enemyForce | nodead,"buffDifferExclude('group',{c.fly_notbuff_oc()})|random(1)",,,,,<7041313>,<1>,<1>,,<1>,,
704934,,,,enemyForce | nodead,otherProcessExcept(704933)|random(1),,,,,<7041313>,<1>,"<moreE(self:star(1),11) and 0.35 or 0>",,<1>,,
704935,,,,enemyForce | nodead,"otherProcessExcept(704933,704934)|random(1)",,,,,<7041313;7041320>,<1;999>,<(self:flagZ3(1) and (not self:hasBuff(7041320) ) )and 1 or 0;self:flagZ3(1) and 1 or 0>,,<1;1>,,
704936,,1,14,,,,,,,<7041313;7041331;7041371>,<2;2;1;1>,"<1;1;1;moreE(self:star(1),11) and 1 or 0>",,<1;1;1;1>,,
704937,,,,selfForce|nodead,"exclude(list(csvSelf:id()))|buffDifferExclude('id',{7041812})|buffDifferExclude('group',{c.fly_notbuff_oc()})|attrDiffer(""natureType"", {11})|random(1)",,,,,,,,,,,
704938,,,11,,,,,,,,,,,,,
704961,,1,14,,,,,,,<7041641>,<999>,<1>,,<1>,,
704962,,1,14,,,,,,,<7041761;7041771;7041000>,<999;999;999>,<1;1;1>,,<1;1;1>,,
704963,,1,14,,,,,,,<7041781>,<999>,"<moreE(self:star(1),6) and 1 or 0>",,<<0>>,,
704964,,,,selfForce()|nodead,"exclude(list(csvSelf:id()))|attrDiffer(""natureType"", {11})",,,,,<7041611>,<999>,<1>,,<1>,,
704965,,1,14,,,,,,,<7041811>,<999>,"<moreE(self:star(1),8) and 1 or 0>",,<1>,,
705111,,,,,,,,,,,,,,,705111,
705112,,1,14,,,,,,,<7051111>,<2>,<1>,,<self:BspecialDamage()*0.1>,,
705113,,,,useOtherProcessInput(705111),,,,,,<7051622>,<999>,<self:flagZ1() and 1 or 0>,,<0>,,
705121,,,,,,,,,,,,,,,705121,
705122,,1,14,,,,,,,<7051211>,<1>,<1>,,<0>,,
705123,,,,useOtherProcessInput(705121),,,,,,<7051713>,<1>,<1>,,<<0>>,,
705131,,,,enemyForce | nodead,"battleFlagDifferExcludeSort('battleFlag', {10003})|limit(2)",,,,,,,,,,705131,
705132,,,,useOtherProcessInput(705131),,,,,,,,,,,705132,
705133,,,,useOtherProcessInput(705131),,,,,,<7051713>,<1>,<0.5+(skillLv(70513) or 0)*0.002-0.002>,,<<0>>,,
705134,,,,useOtherProcessInput(705131),,,,,,<7051622>,<1>,"<moreE(self:star(),11) and 1 or 0>",,<0>,,
705135,,,,enemyForce | nodead,"buffDiffer('group',{109})",,,,,<7051311>,<1>,<1>,,<0>,,
705136,,,11,,,,,,,<7051323>,<2>,"<moreE(self:star(),11) and 1 or 0>",,<-2000>,,
705137,,1,14,,,,,,,<7051310>,<1>,"<moreE(countObjByBuff(3-self:force(),{},{109}),2) and 1 or 0>",,<0>,,
705138,,,,enemyForce | nodead,"buffDiffer('group',{109})",,,,,<7051326>,<1>,"<countObjByBuff(3-self:force(),{},{109})==1 and 1 or 0>",,<target:hp()*0.15>,,
705139,,,14,,,,,,,<7051327>,<1>,"<countObjByBuff(3-self:force(),{},{109})==0 and 1 or 0>",,<0>,,
705140,,,11,,,,,,,<7051313>,<1>,<1>,,<0>,,
705141,,1,14,,,,,,,<7061830>,<1>,<not self:hasBuff(7061829) and self:hasBuff(7061331) and 1 or 0>,,"<<list(0,0,1);1;1;list(70517)>>",,
705161,,1,14,,,,,,,<7051611>,<999>,<1>,,<0>,,
705162,,1,14,,,,,,,<7051621>,<999>,<1>,,<0>,,
705163,,1,14,,,,,,,<7051411>,<999>,<1>,,<0>,,
705164,,1,14,,,,,,,<7051711>,<999>,"<moreE(self:star(),6) and 1 or 0>",,<0>,,
705165,,1,14,,,,,,,<7051811>,<999>,"<moreE(self:star(),8) and 1 or 0>",,<0>,,
705166,,1,14,,,,,,,<7051751>,<999>,<self:flagZ4() and 1 or 0>,,<<0>>,,
705167,,1,14,,,,,,,<7051761>,<999>,<self:flagZ4() and 1 or 0>,,<<0>>,,
705171,,,11,,,,,,,,,,,,705171,
705172,,,11,,,,,,,,,,,,705172,{prob=self:combineObj():flag(7061) and 0 or 1}
705173,,,11,,,,,,,,,,,,705174,{prob=self:combineObj():flag(7062) and 1 or 0}
705174,,,,useOtherProcessInput(705171),,,,,,<7061831>,<1>,<(target:hasBuffGroup(10141) or target:hasBuffGroup(10161)) and 1 or 0>,,<self:damage()*1.5>,,
705211,,,,,,,,,,<7051625;7051624>,<2;2>,<target:hasBuffGroup(10141) and 1 or 0;target:hasBuffGroup(10141) and 0 or 1>,,<0;self:damage()*0.8>,705211,
705221,,,,,,,,,,<7051625;7051624>,<2;2>,<target:hasBuffGroup(10141) and 1 or 0;target:hasBuffGroup(10141) and 0 or 1>,,<0;self:damage()*0.8>,705221,
705311,,,,,,,,,,,,,,,705311,
705312,,1,14,,,,,,,<7051111>,<2>,<1>,,<self:BspecialDamage()*0.1>,,
705313,,,,useOtherProcessInput(705311),,,,,,<7051622>,<999>,<self:flagZ1() and 1 or 0>,,<0>,,
705321,,,,,,,,,,,,,,,705321,
705322,,1,14,,,,,,,<7051211>,<1>,<1>,,<0>,,
705323,,,,useOtherProcessInput(705321),,,,,,<7051713>,<1>,<1>,,<<0>>,,
705331,,,,enemyForce | nodead,"battleFlagDifferExcludeSort('battleFlag', {10003})|limit(2)",,,,,,,,,,705331,
705332,,,,useOtherProcessInput(705331),,,,,,,,,,,705332,
705333,,,,useOtherProcessInput(705331),,,,,,<7051713>,<1>,<0.5+(skillLv(70533) or 0)*0.002-0.002>,,<<0>>,,
705334,,,,useOtherProcessInput(705331),,,,,,<7051622>,<1>,"<moreE(self:star(),11) and 1 or 0>",,<0>,,
705335,,,,enemyForce | nodead,"buffDiffer('group',{109})",,,,,<7051311>,<1>,<1>,,<0>,,
705336,,,11,,,,,,,<7051323>,<2>,"<moreE(self:star(),11) and 1 or 0>",,<-2000>,,
705337,,1,14,,,,,,,<7051310>,<1>,"<moreE(countObjByBuff(3-self:force(),{},{109}),2) and 1 or 0>",,<0>,,
705338,,,,enemyForce | nodead,"buffDiffer('group',{109})",,,,,<7051326>,<1>,"<countObjByBuff(3-self:force(),{},{109})==1 and 1 or 0>",,<target:hp()*0.15>,,
705339,,,14,,,,,,,<7051327>,<1>,"<countObjByBuff(3-self:force(),{},{109})==0 and 1 or 0>",,<0>,,
705340,,,11,,,,,,,<7051313>,<1>,<1>,,<0>,,
705341,,1,14,,,,,,,<7061830>,<1>,<not self:hasBuff(7061829) and self:hasBuff(7061331) and 1 or 0>,,"<<list(0,0,1);1;1;list(70537)>>",,
705361,,1,14,,,,,,,<7051611>,<999>,<1>,,<0>,,
705362,,1,14,,,,,,,<7051621>,<999>,<1>,,<0>,,
705363,,1,14,,,,,,,<7051411>,<999>,<1>,,<0>,,
705364,,1,14,,,,,,,<7051711>,<999>,"<moreE(self:star(),6) and 1 or 0>",,<0>,,
705365,,1,14,,,,,,,<7051811>,<999>,"<moreE(self:star(),8) and 1 or 0>",,<0>,,
705366,,1,14,,,,,,,<7051751>,<999>,<self:flagZ4() and 1 or 0>,,<<0>>,,
705367,,1,14,,,,,,,<7051761>,<999>,<self:flagZ4() and 1 or 0>,,<<0>>,,
705371,,,11,,,,,,,,,,,,705371,
705372,,,11,,,,,,,,,,,,705372,{prob=self:combineObj():flag(7061) and 1 or 0}
705373,,,11,,,,,,,,,,,,705374,{prob=self:combineObj():flag(7062) and 1 or 0}
705374,,,,useOtherProcessInput(705371),,,,,,<7061831>,<1>,<(target:hasBuffGroup(10141) or target:hasBuffGroup(10161)) and 1 or 0>,,<self:damage()*1.5>,,
705411,,,,,,,,,,<7051625;7051624>,<2;2>,<target:hasBuffGroup(10141) and 1 or 0;target:hasBuffGroup(10141) and 0 or 1>,,<0;self:damage()*0.8>,705411,
705421,,,,,,,,,,<7051625;7051624>,<2;2>,<target:hasBuffGroup(10141) and 1 or 0;target:hasBuffGroup(10141) and 0 or 1>,,<0;self:damage()*0.8>,705421,
705511,,,,,,,,,,,,,,,705511,
705512,,1,14,,,,,,,<7051111>,<2>,<1>,,<self:BspecialDamage()*0.1>,,
705513,,,,useOtherProcessInput(705511),,,,,,<7051622>,<999>,<self:flagZ1() and 1 or 0>,,<0>,,
705521,,,,,,,,,,,,,,,705521,
705522,,1,14,,,,,,,<7051211>,<1>,<1>,,<0>,,
705523,,,,useOtherProcessInput(705521),,,,,,<7051713>,<1>,<1>,,<<0>>,,
705531,,,,enemyForce | nodead,"battleFlagDifferExcludeSort('battleFlag', {10003})|limit(2)",,,,,,,,,,705531,
705532,,,,useOtherProcessInput(705531),,,,,,,,,,,705532,
705533,,,,useOtherProcessInput(705531),,,,,,<7051713>,<1>,<0.5+(skillLv(70513) or 0)*0.002-0.002>,,<<0>>,,
705534,,,,useOtherProcessInput(705531),,,,,,<7051622>,<1>,"<moreE(self:star(),11) and 1 or 0>",,<0>,,
705535,,,,enemyForce | nodead,"buffDiffer('group',{109})",,,,,<7051311>,<1>,<1>,,<0>,,
705536,,,11,,,,,,,<7051323>,<2>,"<moreE(self:star(),11) and 1 or 0>",,<-2000>,,
705537,,1,14,,,,,,,<7051310>,<1>,"<moreE(countObjByBuff(3-self:force(),{},{109}),2) and 1 or 0>",,<0>,,
705538,,,,enemyForce | nodead,"buffDiffer('group',{109})",,,,,<7051326>,<1>,"<countObjByBuff(3-self:force(),{},{109})==1 and 1 or 0>",,<target:hp()*0.15>,,
705539,,,14,,,,,,,<7051327>,<1>,"<countObjByBuff(3-self:force(),{},{109})==0 and 1 or 0>",,<0>,,
705540,,,11,,,,,,,<7051313>,<1>,<1>,,<0>,,
705541,,1,14,,,,,,,<7061830>,<1>,<not self:hasBuff(7061829) and self:hasBuff(7061331) and 1 or 0>,,"<<list(0,0,1);1;1;list(70557)>>",,
705561,,1,14,,,,,,,<7051611>,<999>,<1>,,<0>,,
705562,,1,14,,,,,,,<7051621>,<999>,<1>,,<0>,,
705563,,1,14,,,,,,,<7051411>,<999>,<1>,,<0>,,
705564,,1,14,,,,,,,<7051711>,<999>,"<moreE(self:star(),6) and 1 or 0>",,<0>,,
705565,,1,14,,,,,,,<7051811>,<999>,"<moreE(self:star(),8) and 1 or 0>",,<0>,,
705566,,1,14,,,,,,,<7051751>,<999>,<self:flagZ4() and 1 or 0>,,<<0>>,,
705567,,1,14,,,,,,,<7051761>,<999>,<self:flagZ4() and 1 or 0>,,<<0>>,,
705571,,,11,,,,,,,,,,,,705571,
705572,,,11,,,,,,,,,,,,705572,{prob=self:combineObj():flag(7061) and 1 or 0}
705573,,,11,,,,,,,,,,,,705574,{prob=self:combineObj():flag(7062) and 1 or 0}
705574,,,,useOtherProcessInput(705571),,,,,,<7061831>,<1>,<(target:hasBuffGroup(10141) or target:hasBuffGroup(10161)) and 1 or 0>,,<self:damage()*1.5>,,
705611,,,,,,,,,,<7051625;7051624>,<2;2>,<target:hasBuffGroup(10141) and 1 or 0;target:hasBuffGroup(10141) and 0 or 1>,,<0;self:damage()*0.8>,705611,
705621,,,,,,,,,,<7051625;7051624>,<2;2>,<target:hasBuffGroup(10141) and 1 or 0;target:hasBuffGroup(10141) and 0 or 1>,,<0;self:damage()*0.8>,705621,
706111,,,,,,,,,,,,,,,,
706112,,,2,,,,,,,,,,,,,
706113,,,11,,,,,,,,,,,,,
706114,,,,enemyForce | nodead,,"{input={keyNum=not self:hasBuff(7061827) and 1 or (moreE(self:star(),11) and 3 or 2);value=<useOtherProcessInput(706111);useOtherProcessInput(706112);useOtherProcessInput(706113)>}}",,,,<7061332>,<1>,<self:hasBuff(7061813) and 1 or 0>,,"<min(self:damage()*3,target:hpMax()*0.1)>",706111,
706115,,1,14,,,,,,,<7061111;7061100>,<999;2>,<1;1>,,<0;2000>,,
706116,,,,useOtherProcessInput(706114),,,,,,<7061612>,<2>,<self:hasBuff(7061112) and 1 or 0>,,<self:damage()*0.8>,,
706117,,1,14,,,,,,,<7061828>,<1>,<1>,,<0>,,
706121,,,,,,,,,,,,,,,,
706122,,,2,,,,,,,,,,,,,
706123,,,11,,,,,,,,,,,,,
706124,,,,enemyForce | nodead,,"{input={keyNum=not self:hasBuff(7061827) and 1 or (moreE(self:star(),11) and 3 or 2);value=<useOtherProcessInput(706121);useOtherProcessInput(706122);useOtherProcessInput(706123)>}}",,,,<7061332>,<1>,<self:hasBuff(7061813) and 1 or 0>,,"<min(self:damage()*3,target:hpMax()*0.1)>",706121,
706125,,,,selfForce|nodead,"exclude(list(csvSelf:id()))|attrDiffer('natureType', {7,11})|battleFlagDifferExclude('battleFlag', {7052})|setSelectAttr({""damage"",""specialDamage""},""max"")|attr(""selectAttr"",""max"",1)",,,,,<7061211>,<1>,<1>,,<0>,,
706126,,1,14,,,,,,,<7061828>,<1>,<1>,,<0>,,
706131,,,,,,,,,,,,,,,706121,
706132,,1,14,,,,,,,<7061311;7061323>,<1;1>,<1;1>,,<0;1000>,,
706133,,1,14,,,,,,,<7061830>,<1>,<not self:hasBuff(7061829) and self:hasBuff(7061331) and 1 or 0>,,"<<list(0,0,1);1;1;list(70617)>>",,
706134,,,,selfForce|nodead,"exclude(list(csvSelf:id()))|attrDifferSort('natureType', {7})|setSelectAttr({""damage"",""specialDamage""},""max"")|attr(""selectAttr"",""max"",1)",,,,,<7061714;7061718>,<999;999>,"<moreE(self:star(),11) and less(self:getBuffOverlayCount(7061322),2) and 1 or 0;moreE(self:star(),11) and 1 or 0>",,"<<target:hasBuff(7061718) and 1 or 0;2;list(1,0,0);0;1;1;7061715;2;20;1>;0>",,
706135,,1,14,,,,,,,<7061322>,<999>,"<moreE(self:star(),11) and 1 or 0>",,<0>,,
706141,,,2,,,,,,,,,,,,,
706142,,,11,,,,,,,,,,,,,
706143,,,,enemyForce | nodead,,"{input={keyNum=moreE(self:star(),11) and 2 or 1;value=<useOtherProcessInput(706141);useOtherProcessInput(706142)>}}",,,,<7061332>,<1>,<self:hasBuff(7061813) and 1 or 0>,,"<min(self:damage()*3,target:hpMax()*0.1)>",706131,
706144,,,,useOtherProcessInput(706143),,,,,,,,,,,706132,
706145,,1,14,,,,,,,<7061313>,<1>,<1>,,<0>,,
706160,,1,14,,,,,,,<7061341>,<999>,"<moreE(self:star(),11) and 1 or 0>",,<0>,,
706161,,1,14,,,,,,,<7061611>,<999>,<1>,,<0>,,
706162,,1,14,,,,,,,<7061621>,<999>,<1>,,<0>,,
706163,,1,14,,,,,,,<7061711>,<999>,"<moreE(self:star(),6) and 1 or 0>",,<0>,,
706164,,1,14,,,,,,,<7061811>,<999>,"<moreE(self:star(),8) and 1 or 0>",,<0>,,
706165,,1,14,,,,,,,<7061911>,<999>,<self:flagZ4() and 1 or 0>,,<0>,,
706166,,,,selfForce|nodead,"battleFlagDiffer('battleFlag', {70511,70611})",,,,,<7061331>,<999>,<self:flagZ3() and 1 or 0>,,<0>,,
706171,,,11,,,,,,,,,,,,706171,
706172,,,11,,,,,,,,,,,,706172,{prob=self:combineObj():flag(7051) and 1 or 0}
706173,,,11,,,,,,,,,,,,706174,{prob=self:combineObj():flag(7055) and 1 or 0}
706174,,,11,,,,,,,,,,,,706176,{prob=self:combineObj():flag(7053) and 1 or 0}
706175,,,,useOtherProcessInput(706171),,,,,,<7061831>,<1>,<(target:hasBuffGroup(10141) or target:hasBuffGroup(10161)) and 1 or 0>,,<self:damage()*1.5>,,
706176,,1,14,,,,,,,<7061832>,<1>,<1>,,<2000>,,
706211,,,,,,,,,,,,,,,,
706212,,,2,,,,,,,,,,,,,
706213,,,11,,,,,,,,,,,,,
706214,,,,enemyForce | nodead,,"{input={keyNum=not self:hasBuff(7061827) and 1 or (moreE(self:star(),11) and 3 or 2);value=<useOtherProcessInput(706211);useOtherProcessInput(706212);useOtherProcessInput(706213)>}}",,,,<7061332>,<1>,<self:hasBuff(7061813) and 1 or 0>,,"<min(self:damage()*3,target:hpMax()*0.1)>",706211,
706215,,1,14,,,,,,,<7061111;7061100>,<999;2>,<1;1>,,<0;2000>,,
706216,,,,useOtherProcessInput(706214),,,,,,<7061612>,<2>,<self:hasBuff(7061112) and 1 or 0>,,<self:damage()*0.8>,,
706217,,1,14,,,,,,,<7061828>,<1>,<1>,,<0>,,
706221,,,,,,,,,,,,,,,,
706222,,,2,,,,,,,,,,,,,
706223,,,11,,,,,,,,,,,,,
706224,,,,enemyForce | nodead,,"{input={keyNum=not self:hasBuff(7061827) and 1 or (moreE(self:star(),11) and 3 or 2);value=<useOtherProcessInput(706221);useOtherProcessInput(706222);useOtherProcessInput(706223)>}}",,,,<7061332>,<1>,<self:hasBuff(7061813) and 1 or 0>,,"<min(self:damage()*3,target:hpMax()*0.1)>",706221,
706225,,,,selfForce|nodead,"exclude(list(csvSelf:id()))|attrDiffer('natureType', {7,11})|battleFlagDifferExclude('battleFlag', {7052})|setSelectAttr({""damage"",""specialDamage""},""max"")|attr(""selectAttr"",""max"",1)",,,,,<7061211>,<1>,<1>,,<0>,,
706226,,1,14,,,,,,,<7061828>,<1>,<1>,,<0>,,
706231,,,,,,,,,,,,,,,706222,
706232,,1,14,,,,,,,<7061311;7061323>,<1;1>,<1;1>,,<0;1000>,,
706233,,1,14,,,,,,,<7061830>,<1>,<not self:hasBuff(7061829) and self:hasBuff(7061331) and 1 or 0>,,"<<list(0,0,1);1;1;list(70627)>>",,
706234,,,,selfForce|nodead,"exclude(list(csvSelf:id()))|attrDifferSort('natureType', {7})|setSelectAttr({""damage"",""specialDamage""},""max"")|attr(""selectAttr"",""max"",1)",,,,,<7061714;7061718>,<999;999>,"<moreE(self:star(),11) and less(self:getBuffOverlayCount(7061322),2) and 1 or 0;moreE(self:star(),11) and 1 or 0>",,"<<target:hasBuff(7061718) and 1 or 0;2;list(1,0,0);0;1;1;7061715;2;20;1>;0>",,
706235,,1,14,,,,,,,<7061322>,<999>,"<moreE(self:star(),11) and 1 or 0>",,<0>,,
706241,,,2,,,,,,,,,,,,,
706242,,,11,,,,,,,,,,,,,
706243,,,,enemyForce | nodead,,"{input={keyNum=moreE(self:star(),11) and 2 or 1;value=<useOtherProcessInput(706241);useOtherProcessInput(706242)>}}",,,,<7061332>,<1>,<self:hasBuff(7061813) and 1 or 0>,,"<min(self:damage()*3,target:hpMax()*0.1)>",706231,
706244,,,,useOtherProcessInput(706243),,,,,,,,,,,706232,
706245,,1,14,,,,,,,<7061313>,<1>,<1>,,<0>,,
706260,,1,14,,,,,,,<7061341>,<999>,"<moreE(self:star(),11) and 1 or 0>",,<0>,,
706261,,1,14,,,,,,,<7061611>,<999>,<1>,,<0>,,
706262,,1,14,,,,,,,<7061621>,<999>,<1>,,<0>,,
706263,,1,14,,,,,,,<7061711>,<999>,"<moreE(self:star(),6) and 1 or 0>",,<0>,,
706264,,1,14,,,,,,,<7061811>,<999>,"<moreE(self:star(),8) and 1 or 0>",,<0>,,
706265,,1,14,,,,,,,<7061911>,<999>,<self:flagZ4() and 1 or 0>,,<0>,,
706266,,,,selfForce|nodead,"battleFlagDiffer('battleFlag', {70511,70611})",,,,,<7061331>,<999>,<self:flagZ3() and 1 or 0>,,<0>,,
706271,,,11,,,,,,,,,,,,706271,
706272,,,11,,,,,,,,,,,,706272,{prob=self:combineObj():flag(7051) and 1 or 0}
706273,,,11,,,,,,,,,,,,706274,{prob=self:combineObj():flag(7055) and 1 or 0}
706274,,,11,,,,,,,,,,,,706276,{prob=self:combineObj():flag(7053) and 1 or 0}
706275,,,,useOtherProcessInput(706271),,,,,,<7061831>,<1>,<(target:hasBuffGroup(10141) or target:hasBuffGroup(10161)) and 1 or 0>,,<self:damage()*1.5>,,
706276,,1,14,,,,,,,<7061832>,<1>,<1>,,<2000>,,
707111,,,,,,,,,,,,,,,707111,
707112,,1,14,,,,,,,,,,,,,
707113,,,,,,,,,,,,,,,,
707121,,,,,,,,,,,,,,,707121,
707122,,1,14,,,,,,,<7071211>,<2>,<1>,,<0>,,
707123,,,,,,,,,,,,,,,,
707131,,,,,,,,,,,,,,,707131,
707132,,,,,,,,,,,,,,,707132,
707133,,1,14,,,,,,,<7071311>,<10>,<1>,,<0>,,
707134,,,,selfForce|nodead,"exclude(list(csvSelf:id()))|targetAnd(""attrDiffer"",{""natureType"", {3,7}},""battleFlagDiffer"",{'battleFlag',{10006}})|setSelectAttr({""damage"",""specialDamage""},""max"")|attr(""selectAttr"",""max"",csvSelf:flagZ3() and 2 or 1)",,,,,<7071310>,<1>,<1>,,<0>,,
707135,,1,14,,,,,,,<7071341>,<1>,"<(moreE(self:star(),11) and self:hasBuff(7071410,7071680) ) and 1 or 0>",,<<70714>>,,
707136,,,,,,,,,,,,,,,,
707141,,,,,,,,,,,,,,,707141,
707142,,,,enemyForce|nodead,near,,,,,<7071411>,<1>,<1>,,<self:specialDamage()*0.65>,,
707143,,,,,,,,,,<7071412>,<1>,<1>,,<0>,,
707144,,1,14,,,,,,,<7071413>,<1>,<1>,,<0>,,
707151,,,,,,,,,,,<1>,<1>,,<0>,707151,
707152,,1,14,,,,,,,,<2;2;1;1;999;999>,<1;self:hasBuff(7071682) and 1 or 0;1;1;1;1>,,<self:BspecialDamage()*(self:flagZ1() and 0.15 or 0.12);self:getRecordDamage(1)-self:getBuff(7071680):getValue();0;0;5000;5000>,,
707153,,,,,,,,,,,<2;1>,<1;1>,,<-target:Bspeed()*(self:flagZ1() and 0.1 or 0.05);0>,,
707161,,1,14,,,,,,,<7071121;7071611>,<999;999>,<1;1>,,<0;0>,,
707162,,1,14,,,,,,,<7071631;7071681>,<999;999>,"<moreE(self:star(),6) and 1 or 0;0>",,<0;0>,,
707163,,1,14,,,,,,,<7071331;7071410>,<999;999>,<1;1>,,<0;0>,,
707164,,,,selfForce | nodead,"exclude(list(csvSelf:id()))|buffDifferExclude('id',{7071619})|targetAnd(""attrDiffer"",{""natureType"", {3,7}},""battleFlagDiffer"",{'battleFlag',{10006}})|setSelectAttr({""damage"",""specialDamage""},""max"")|attr(""selectAttr"",""max"",1)",,,,,<7071211>,<1>,<self:flagZ4() and 1 or 0>,,<0>,,
707211,,,,,,,,,,<7072111>,<1>,<1>,,<0>,707211,
707212,,,,,,,,,,,,,,,,
707311,,,,,,,,,,,,,,,707311,
707312,,1,14,,,,,,,,,,,,,
707313,,,,,,,,,,,,,,,,
707321,,,,,,,,,,,,,,,707321,
707322,,1,14,,,,,,,<7071211>,<2>,<1>,,<0>,,
707323,,,,,,,,,,,,,,,,
707331,,,,,,,,,,,,,,,707331,
707332,,,,,,,,,,,,,,,707332,
707333,,1,14,,,,,,,<7071311>,<10>,<1>,,<0>,,
707334,,,,selfForce|nodead,"exclude(list(csvSelf:id()))|targetAnd(""attrDiffer"",{""natureType"", {3,7}},""battleFlagDiffer"",{'battleFlag',{10006}})|setSelectAttr({""damage"",""specialDamage""},""max"")|attr(""selectAttr"",""max"",csvSelf:flagZ3() and 2 or 1)",,,,,<7071310>,<1>,<1>,,<0>,,
707335,,1,14,,,,,,,<7071341>,<1>,"<(moreE(self:star(),11) and self:hasBuff(7071410,7071680) ) and 1 or 0>",,<<70734>>,,
707336,,,,,,,,,,,,,,,,
707341,,,,,,,,,,,,,,,707341,
707342,,,,enemyForce|nodead,near,,,,,<7071411>,<1>,<1>,,<self:specialDamage()*0.65>,,
707343,,,,,,,,,,<7071412>,<1>,<1>,,<0>,,
707344,,1,14,,,,,,,<7071413>,<1>,<1>,,<0>,,
707361,,1,14,,,,,,,<7071121;7071611>,<999;999>,<1;1>,,<0;0>,,
707362,,1,14,,,,,,,<7071631;7071681>,<999;999>,"<moreE(self:star(),6) and 1 or 0;0>",,<0;0>,,
707363,,1,14,,,,,,,<7071331;7071410>,<999;999>,<1;1>,,<0;0>,,
707364,,,,selfForce | nodead,"exclude(list(csvSelf:id()))|buffDifferExclude('id',{7071619})|targetAnd(""attrDiffer"",{""natureType"", {3,7}},""battleFlagDiffer"",{'battleFlag',{10006}})|setSelectAttr({""damage"",""specialDamage""},""max"")|attr(""selectAttr"",""max"",1)",,,,,<7071211>,<1>,<self:flagZ4() and 1 or 0>,,<0>,,
707411,,,,,,,,,,<7072111>,<1>,<1>,,<0>,707411,
707412,,,,,,,,,,,,,,,,
708111,,,,,,,,,,,,,,,708111,
708112,,1,14,,,,,,,<7081111;7081624>,<2;999>,<1;self:flagZ1() and 1 or  0>,,<1;1>,,
708121,,,,,,,,,,,,,,,708121,
708122,,1,14,,,,,,,<7081663;7081211>,<999;2>,<1;1>,,<(self:defence()+self:specialDefence())*1;1>,,
708123,,,,,,,,,,,,,,,,
708131,,,,,,,,,,,,,,,708131,
708132,,,,,,,,,,,,,,,708132,
708133,,,,,,,,,,,,,,,,
708134,,,,,,,,,,,,,,,,
708135,,1,14,,,,,,,<7081663>,<999>,<1>,,<(self:defence()+self:specialDefence())*3>,,
708136,,,,selected,ignoreReplaceTarget(list(3013)),,,,,<7081683>,<1>,"<moreE(self:weight(),target:weight()) and 1 or 0>",,<1>,,
708137,,1,14,,,,,,,<7081331>,<2>,"<moreE(self:star(),11) and 1 or 0>",,<1>,,
708138,,1,14,,,,,,,<7081620>,<999>,<1>,,"<<list(70813,70823);2;1>>",,
708139,,1,14,,,,,,,<7081341>,<999>,<1>,,<1>,,
708161,,,,,,,,,,,,,,,,
708162,,1,14,,,,,,,<7081611>,<999>,<1>,,<1>,,
708163,,1,14,,,,,,,<7081620;7081621>,<999;999>,<1;1>,,"<<list(70813,70823);2;1>;1>",,
708164,,1,14,,,,,,,<7081641;7081661>,<999;999>,<1;1>,,<<0>;1>,,
708165,,1,14,,,,,,,<7081681;7081631>,<999;999>,"<moreE(self:star(),6) and 1 or 0;moreE(self:star(),8) and 1 or 0>",,<1;1>,,
708166,,1,14,,,,,,,<7081691;7081730>,<999;999>,<self:flagZ4() and 1 or 0;self:flagZ4() and 1 or 0>,,<1;1>,,
708171,,,,,,,,,,,,,,,708171,
708172,,,,enemyForce|nodead,otherProcessExcept(708171)|random(1),,,,,,,,,,708172,{needUpdateTarget=TRUE}
708173,,,,enemyForce|nodead,otherProcessExcept(708172)|random(1),,,,,,,,,,708173,{needUpdateTarget=TRUE}
708174,,,,,,,,,,,,,,,,
708211,,,,,,,,,,,,,,,708211,
708212,,1,14,,,,,,,<7081111;7081624>,<2;999>,<1;self:flagZ1() and 1 or  0>,,<1;1>,,
708221,,,,,,,,,,,,,,,708221,
708222,,1,14,,,,,,,<7081663;7081211>,<999;2>,<1;1>,,<(self:defence()+self:specialDefence())*1;1>,,
708223,,,,,,,,,,,,,,,,
708231,,,,,,,,,,,,,,,708231,
708232,,,,,,,,,,,,,,,,
708233,,,,,,,,,,,,,,,708232,
708234,,,,,,,,,,,,,,,,
708235,,1,14,,,,,,,<7081663>,<999>,<1>,,<(self:defence()+self:specialDefence())*3>,,
708236,,,,selected,ignoreReplaceTarget(list(3013)),,,,,<7081683>,<1>,"<moreE(self:weight(),target:weight()) and 1 or 0>",,<1>,,
708237,,1,14,,,,,,,<7081331>,<2>,"<moreE(self:star(),11) and 1 or 0>",,<1>,,
708238,,1,14,,,,,,,<7081620>,<999>,<1>,,"<<list(70813,70823);2;1>>",,
708239,,1,14,,,,,,,<7081341>,<999>,<1>,,<1>,,
708261,,,,,,,,,,,,,,,,
708262,,1,14,,,,,,,<7081611;7082111>,<999;999>,<1;1>,,<1;1>,,
708263,,1,14,,,,,,,<7081620;7081621>,<999;999>,<1;1>,,"<<list(70813,70823);2;1>;1>",,
708264,,1,14,,,,,,,<7081641;7081661>,<999;999>,<1;1>,,<<0>;1>,,
708265,,1,14,,,,,,,<7081681;7081631>,<999;999>,"<moreE(self:star(),6) and 1 or 0;moreE(self:star(),8) and 1 or 0>",,<1;1>,,
708266,,1,14,,,,,,,<7081691;7081730>,<999;999>,<self:flagZ4() and 1 or 0;self:flagZ4() and 1 or 0>,,<1;1>,,
708271,,,,,,,,,,,,,,,708271,
708272,,,,enemyForce|nodead,otherProcessExcept(708171)|random(1),,,,,,,,,,708272,{needUpdateTarget=TRUE}
708273,,,,enemyForce|nodead,otherProcessExcept(708172)|random(1),,,,,,,,,,708273,{needUpdateTarget=TRUE}
708274,,,,,,,,,,,,,,,,
709111,,,,,,,,,,,,,,,709111,
709112,,1,14,,,,,,,<7091111>,<2>,<1>,,<self:flagZ1() and 1500 or 1000>,,
709113,,,,,,,,,,,,,,,,
709121,,,,,,,,,,,,,,,709121,
709122,,1,14,,,,,,,<7091231>,<2>,<1>,,<0>,,
709123,,,,selfForce | nodead,"exclude(list(csvSelf:id()))|attrDiffer(""natureType"", {9})|random(1)",,,,,<7091231>,<2>,<self:flagZ2() and 1 or 0>,,<0>,,
709131,,,,,,,,,,,,,,,709131,
709132,,,,enemyForce | nodead,useOtherProcess(709131),,,,,,,,,,709132,
709133,,1,14,,,,,,,<7091361>,<2>,<1>,,<0>,,
709134,,1,14,,,,,,,<7091331>,<999>,"<moreE(self:star(),11) and 1 or 0>",,<0>,,
709135,,,,enemyForce | nodead,random(2),,,,,<7091352>,<1>,<1>,,<0>,,
709161,,1,14,,,,,,,<7091611;7091621;7091661;7091616>,<999;999;999;999>,"<1;1;moreE(self:star(),6) and 1 or 0;1>",,<<0>;0;0;<1;99;1>>,,
709162,,1,14,,,,,,,<7091681>,<999>,"<moreE(self:star(),8) and 1 or 0>",,<<1;1;0>>,,
709163,,1,14,,,,,,,<7091631>,<992>,<0>,,<<self:hpMax()*0.5;0;0.5>>,,
710111,,,,,,,,,,,,,,,710111,
710112,,,,,,,,,,,,,,,710112,
710113,,,,,,,,,,<7101111>,<2>,<1>,,<self:damage()*0.4>,,
710114,,1,14,,,,,,,<7101121>,<1>,<self:flagZ1() and 1 or 0>,,<0>,,
710121,,,,,,,,,,,,,,,710121,
710122,,,,,,,,,,<7101211;7101221>,<1;2>,<1;1>,,<0;0>,,
710123,,1,14,,,,,,,<7101231;7101231>,<1;1>,<self:flagZ2() and 1 or 0;self:flagZ2() and 0 or 0>,,"<<list(1,0,0);1;1>;<list(1,0,0);1;1>>",,
710131,,,,,,,,,,,,,,,710131,
710132,,,,,,,,,,,,,,,710132,
710133,,1,14,,,,,,,<7101311>,<1>,<1>,,<1500+skillLevel*10-10>,,
710134,,,,,,,,,,<7101321>,<1>,<1>,,<0>,,
710135,,,,enemyForce | nodead,otherProcessExcept(710134)|random(1),,,,,<7101331>,<2>,<target:natureIntersection(list(3)) and 0 or 1>,,<0>,,
710136,,1,14,,,,,,,<7101341>,<2>,<1>,,<0>,,
710137,,1,14,,,,,,,<7101351>,<2>,"<moreE(self:star(),11) and 1 or 0>",,<0>,,
710138,,1,14,,,,,,,<7101360>,<1>,"<moreE(self:star(),11) and 1 or 0>",,<0>,,
710141,,,,,,,,,,,,,,,710141,
710142,,,,,,,,,,,,,,,,
710143,,1,14,,,,,,,<7101694>,<1>,<1>,,<<list();list();list(2009)>>,,
710151,,,,,,,,,,,,,,,710151,
710152,,,,,,,,,,,,,,,,
710153,,,,,,,,,,<7101111>,<2>,<1>,,<self:damage()*0.4>,,
710154,,1,14,,,,,,,<7101121>,<1>,<self:flagZ1() and 1 or 0>,,<0>,,
710161,,1,14,,,,,,,<7101611;7101621>,<999;999>,<1;1>,,<<0>;0>,,
710162,,1,14,,,,,,,<7101631>,<999>,"<moreE(self:star(),6) and 1 or 0>",,<0>,,
710163,,1,14,,,,,,,<7101640>,<1>,"<moreE(self:star(),8) and 1 or 0>",,<0>,,
710164,,1,14,,,,,,,<7101691;7101602>,<999;2>,<self:flagZ4() and 1 or 0;0>,,<<99;99;0>;1000>,,
711111,,,,,,,,,,,,,,,711111,
711112,,1,14,,,,,,,<7111211>,<999>,<1>,,<self:specialDamage()*0.5>,,
711121,,,,,,,,,,,,,,,711121,
711122,,1,14,,,,,,,<7111211>,<999>,<1>,,<self:specialDamage()*1.5>,,
711123,,,,,,,,,,<7111212>,<2>,<1>,,<1>,,
711124,,,,enemyForce|nodead,"buffDifferExclude('id',{7111212})|buffDifferOptional('id',{7111771})|random(1)",,,,,<7111212>,<2>,"<(self:flagZ2() and less(getNowRound(),3)  ) and 1 or 0>",,<1>,,
711131,,,,,,,,,,,,,,,711131,
711132,,,,,,,,,,,,,,,711132,
711133,,,,,,,,,,<7111313;7111321;7111351>,<1;1;1>,<1;1;1>,,<1;1;1>,,
711134,,1,14,,,,,,,<7111331;7111361;7111360>,<3;1;999>,"<moreE(self:star(),11) and 1 or 0;self:flagZ3() and 1 or 0;1>",,<1;1;1>,,
711161,,1,14,,,,,,,<7111110;7111111;7111343>,<999;999;999>,<1;1;1>,,<1;1;1>,,
711162,,1,14,,,,,,,<7111341>,<999>,"<moreE(self:star(),11) and 1 or 0>",,<1>,,
711163,,1,14,,,,,,,<7111611;7111621;7111626>,<999;999;999>,<1;1;1>,,<1;1;1>,,
711164,,1,14,,,,,,,<7111631;7111635>,<999;999>,<1;1>,,<1;1>,,
711165,,1,14,,,,,,,<7111651;7111661;7111663;7111671>,<999;999;999;999>,"<moreE(self:star(),6) and 1 or 0;moreE(self:star(),6) and 1 or 0;moreE(self:star(),6) and 1 or 0;moreE(self:star(),6) and 1 or 0>",,<1;1;1;1>,,
711166,,1,14,,,,,,,<7111731;7111761>,<999;999>,"<moreE(self:star(),8) and 1 or 0;self:flagZ4() and 1 or 0>",,<1;1>,,
711167,,,,enemyForce|nodead,"attrDiffer(""natureType"", {7,17})",,,,,<7111771>,<999>,<1>,,<1>,,
711171,,,,,,,,,,<7111752;7111751;7111766>,<1;1;1>,<target:hasBuff(7111751) and 1 or 0;1;1>,,<1;1;1>,711171,
711172,,,,enemyForce|nodead,"buffDifferExclude('id',{7111752})|buffDifferOptional('id',{7111642})|random(1)",,,,,<7111752;7111751;7111766>,<1;1;1>,<target:hasBuff(7111751) and 1 or 0;1;1>,,<1;1;1>,711172,{prob=1;needUpdateTarget=TRUE}
711173,,,,enemyForce|nodead,"buffDifferExclude('id',{7111752})|buffDifferOptional('id',{7111642})|random(1)",,,,,<7111752;7111751;7111766>,<1;1;1>,<target:hasBuff(7111751) and 1 or 0;1;1>,,<1;1;1>,711173,{prob=0.5;needUpdateTarget=TRUE}
711174,,,,enemyForce|nodead,"buffDifferExclude('id',{7111752})|buffDifferOptional('id',{7111642})|random(1)",,,,,<7111752;7111751;7111766>,<1;1;1>,<target:hasBuff(7111751) and 1 or 0;1;1>,,<1;1;1>,711174,{prob=0.5;needUpdateTarget=TRUE}
711175,,,,enemyForce|nodead,"buffDifferExclude('id',{7111752})|buffDifferOptional('id',{7111642})|random(1)",,,,,<7111752;7111751;7111766>,<1;1;1>,<target:hasBuff(7111751) and 1 or 0;1;1>,,<1;1;1>,711175,{prob=0.5;needUpdateTarget=TRUE}
711176,,1,14,,,,,,,<7111211>,<999>,<1>,,<self:specialDamage()*0.6>,,
711181,,,,,,,,,,<7111752;7111751;7111766>,<1;1;1>,<target:hasBuff(7111751) and 1 or 0;1;1>,,<1;1;1>,711171,
711182,,,,enemyForce|nodead,"buffDifferExclude('id',{7111752})|buffDifferOptional('id',{7111642})|random(1)",,,,,<7111752;7111751;7111766>,<1;1;1>,<target:hasBuff(7111751) and 1 or 0;1;1>,,<1;1;1>,711172,{prob=1;needUpdateTarget=TRUE}
711183,,,,enemyForce|nodead,"buffDifferExclude('id',{7111752})|buffDifferOptional('id',{7111642})|random(1)",,,,,<7111752;7111751;7111766>,<1;1;1>,<target:hasBuff(7111751) and 1 or 0;1;1>,,<1;1;1>,711173,{prob=1;needUpdateTarget=TRUE}
711184,,,,enemyForce|nodead,"buffDifferExclude('id',{7111752})|buffDifferOptional('id',{7111642})|random(1)",,,,,<7111752;7111751;7111766>,<1;1;1>,<target:hasBuff(7111751) and 1 or 0;1;1>,,<1;1;1>,711174,{prob=1;needUpdateTarget=TRUE}
711185,,,,enemyForce|nodead,"buffDifferExclude('id',{7111752})|buffDifferOptional('id',{7111642})|random(1)",,,,,<7111752;7111751;7111766>,<1;1;1>,<target:hasBuff(7111751) and 1 or 0;1;1>,,<1;1;1>,711175,{prob=1;needUpdateTarget=TRUE}
711186,,1,14,,,,,,,<7111211>,<999>,<1>,,<self:specialDamage()*0.6>,,
712111,,,,,,,,,,,,,,,712111,
712112,,1,14,,,,,,,<7121111>,<3>,<1>,,<self:Bdamage()*0.1>,,
712113,,,,,,,,,,<7121115>,<2>,<self:flagZ1() and 1 or 0>,,<0>,,
712121,,,,,,,,,,,,,,,712121,
712122,,,,,,,,,,<7121221>,<1>,<1>,,<1>,,
712123,,,,,,,,,,<7121231>,<1>,<self:flagZ2() and 1 or 0>,,<1>,,
712124,,1,14,,,,,,,,,,,,,
712125,,1,14,,,,,,,<7121211;7121212>,<2;2>,<self:flagZ2() and 0 or 1;self:flagZ2() and 1 or 0>,,<1;1>,,
712131,,,4,,,,,,,,,,,,712131,
712132,,,4,,,,,,,,,,,,712132,
712133,,,4,,,,,,,<7121648;7121241;7121261>,<1;2;4>,"<1;1;moreE(self:star(),11) and 1 or 0>",,<1;1;1>,,
712134,,1,14,,,,,,,<7121236;7121251;7121262;7121271>,<1;1;2;1>,"<1;3;(moreE(self:star(),11) and ( not self:flagZ3() ) ) and 1 or 0;moreE(self:star(),11) and 1 or 0>",,<1500+skillLevel*15-15;1;2;2>,,
712135,,1,14,,,,,,,<7121282;7121262;7121281>,<2;2;999>,"<(moreE(self:star(),11) and (less(self:getBuffOverlayCount(7121281),2)) and self:flagZ3()  ) and 1 or 0;(moreE(self:star(),11) and (moreE(self:getBuffOverlayCount(7121281),2)) and self:flagZ3()  ) and 1 or 0;self:flagZ3() and 1 or 0>",,<1;1;1>,,
712136,,1,14,,,,,,,<7121291>,<2>,<self:flagZ3() and 1 or 0>,,<1>,,
712137,,,,selfForce | nodead,"exclude(list(csvSelf:id()))|buffDifferExclude('group',{c.fly_notbuff_oc()})|attrDiffer(""natureType"", {2,15})|attr(""strike"",""max"",1)",,,,,<7121291>,<2>,<self:flagZ3() and 1 or 0>,,<1>,,
712161,,1,11,,,,,,,<7121610>,<999>,<1>,,<self:skillLv(71216)>,,
712162,,1,14,,,,,,,<7121611;7121621>,<999;999>,<1;1>,,<1;1>,,
712163,,1,14,,,,,,,<7121638>,<999>,<1>,,<1>,,
712164,,1,14,,,,,,,<7121641>,<999>,"<moreE(self:star(),6) and 1 or 0>",,<1>,,
712165,,1,14,,,,,,,<7121661>,<999>,"<moreE(self:star(),8) and 1 or 0>",,<1>,,
712166,,1,14,,,,,,,<7121671;7121681>,<999;999>,<self:flagZ4() and 1 or 0;self:flagZ4() and 1 or 0>,,<1;1>,,
713100,,1,14,,,,,,,<7131001>,<9999>,<1>,,<0>,,
713105,,1,14,,,,,,,<7131051>,<9999>,<1>,,<0>,,
713111,,,,,,,,,,,,,,,713111,
713112,,1,14,,,,,,,<7131111>,<2>,<1>,,<0>,,
713113,,1,14,,,,,,,<7131114>,<2>,<self:flagZ1() and 1 or 0>,,<1000>,,
713121,,,,,,,,,,,,,,,713121,
713122,,1,14,,,,,,,<7131211>,<1>,<1>,,<0>,,
713131,,,4,,,,,,,,,,,,713131,
713132,,,4,,,,,,,,,,,,713132,
713133,,,,enemyForce|nodead,useOtherProcess(713131),,,,,<7131311>,<2>,"<self:flagZ3() and less(self:getBuffOverlayCount(),2) and 0 or 1>",,<0>,,
713134,,1,14,,,,,,,<7131317;7131321>,<1;1>,<self:hasBuff(c.snow_oc()) and 1 or 0;1>,,<4000+skillLevel*20-20;0>,,
713135,,,,enemyForce|nodead,useOtherProcess(713131),,,,,<7131331>,<2>,"<moreE(self:star(),11) and 1 or 0>",,<0>,,
713136,,1,14,,,,,,,<7131310>,<1>,<self:flagZ3() and 1 or 0>,,<0>,,
713161,,1,14,,,,,,,<7131611>,<999>,<1>,,<<0>>,,
713162,,1,14,,,,,,,<7131621>,<999>,"<moreE(self:star(),6) and 1 or 0>",,<<0>>,,
713163,,1,14,,,,,,,<7131811>,<999>,"<moreE(self:star(),8) and 1 or 0>",,<<0>>,,
713164,,1,14,,,,,,,<7131831>,<999>,"<moreE(self:star(),8) and 1 or 0>",,<target:cure()>,,
713165,,1,14,,,,,,,<7131911>,<999>,<self:flagZ4() and 1 or 0>,,<0>,,
713166,,1,14,,,,,,,<7131631>,<999>,<1>,,<0>,,
714111,,,,,,,,,,,,,,,714111,
714112,,1,14,,,,,,,<7141111;7141112>,<2;2>,<1;self:flagZ1() and 1 or 0>,,<self:BspecialDamage()*0.1;1000>,,
714113,,1,14,,,,,,,<7141652>,<1>,<self:hasBuff(7141361) and 1 or 0>,,<0>,,
714114,,,,,,,,,,<7141655>,<1>,<self:hasBuff(7141361) and 1 or 0>,,<0>,,
714121,,,,,,,,,,,,,,,714121,
714122,,1,14,,,,,,,<7141211;7141821>,<1;999>,<1;self:flagZ2() and 1 or 0>,,<0;0>,,
714123,,1,14,,,,,,,<7141652>,<1>,<self:hasBuff(7141361) and 1 or 0>,,<0>,,
714124,,,,,,,,,,<7141655>,<1>,<self:hasBuff(7141361) and 1 or 0>,,<0>,,
714131,,,,,,,,,,,,,,,714131,
714132,,,,,,,,,,,,,,,714132,
714133,,1,14,,,,,,,<7141652>,<1>,<self:hasBuff(7141361) and 1 or 0>,,<0>,,
714134,,,,,,,,,,<7141655>,<1>,<self:hasBuff(7141361) and 1 or 0>,,<0>,,
714135,,1,14,,,,,,,<7141312;7141321>,<1;1>,<1;1>,,<0;0>,,
714136,,,,,,,,,,<7141325>,<1>,<1>,,<0>,,
714137,,1,14,,,,,,,<7141361>,<2>,<self:flagZ3() and 1 or 0>,,<0>,,
714161,,1,14,,,,,,,<7141611;7141614;7141616;7141671;7141622;7141681>,<999;999;999;999;999;999>,<1;1;1;1;1;1>,,<0;0;0;0;0;0>,,
714162,,1,14,,,,,,,<7141711>,<999>,"<moreE(self:star(),8) and 1 or 0>",,<0>,,
714163,,1,11,,,,,,,<7141841>,<999>,"<moreE(self:star(),6) and 1 or 0>",,<0>,,
714164,,1,14,,,,,,,<7141821;7141821;7141911>,<999;999;3>,<self:flagZ4() and 1 or 0;self:flagZ4() and 1 or 0;self:flagZ4() and 1 or 0>,,<0;0;0>,,
714171,,,,,,,,,,,,,,,714141,
714211,,,,,,,,,,,,,,,714211,
714212,,1,14,,,,,,,<7141111;7141112>,<2;2>,<1;self:flagZ1() and 1 or 0>,,<self:BspecialDamage()*0.1;1000>,,
714213,,1,14,,,,,,,<7141652>,<1>,<self:hasBuff(7141361) and 1 or 0>,,<0>,,
714214,,,,,,,,,,<7141655>,<1>,<self:hasBuff(7141361) and 1 or 0>,,<0>,,
714221,,,,,,,,,,,,,,,714221,
714222,,1,14,,,,,,,<7141211;7141821>,<1;999>,<1;self:flagZ2() and 1 or 0>,,<0;0>,,
714223,,1,14,,,,,,,<7141652>,<1>,<self:hasBuff(7141361) and 1 or 0>,,<0>,,
714224,,,,,,,,,,<7141655>,<1>,<self:hasBuff(7141361) and 1 or 0>,,<0>,,
714231,,,,,,,,,,,,,,,714231,
714232,,,,,,,,,,,,,,,714232,
714233,,1,14,,,,,,,<7141652>,<1>,<self:hasBuff(7141361) and 1 or 0>,,<0>,,
714234,,,,,,,,,,<7141655>,<1>,<self:hasBuff(7141361) and 1 or 0>,,<0>,,
714235,,1,14,,,,,,,<7141312;7141321>,<1;1>,<1;1>,,<0;0>,,
714236,,,,,,,,,,<7141325>,<1>,<1>,,<0>,,
714237,,1,14,,,,,,,<7141361>,<2>,<self:flagZ3() and 1 or 0>,,<0>,,
714261,,1,14,,,,,,,<7141611;7141614;7141616;7141671;7141622;7141681>,<999;999;999;999;999;999>,<1;1;1;1;1;1>,,<0;0;0;0;0;0>,,
714262,,1,14,,,,,,,<7141711>,<999>,"<moreE(self:star(),8) and 1 or 0>",,<0>,,
714263,,1,11,,,,,,,<7141841>,<999>,"<moreE(self:star(),6) and 1 or 0>",,<0>,,
714264,,1,14,,,,,,,<7141821;7141821;7141911>,<999;999;3>,<self:flagZ4() and 1 or 0;self:flagZ4() and 1 or 0;self:flagZ4() and 1 or 0>,,<0;0;0>,,
714271,,,,,,,,,,,,,,,714241,
715111,,,,,,,,,,,,,,,715111,
715112,,1,14,,,,,,,<7151111;7151121>,<3;999>,<1;self:flagZ1() and 1 or 0>,,<1;1>,,
715121,,,,,,,,,,,,,,,715121,
715122,,1,14,,,,,,,<7151211;7151212;7151213;7151216>,<1;1;1;1>,<self:flagZ2() and 0 or 1;1;self:flagZ2() and 1 or 0;self:flagZ2() and 1 or 0>,,<1;1;1;1>,,
715123,,1,14,,,,,,,<7151214>,<1>,<self:flagZ2() and 0 or 1>,,<1>,,
715124,,1,14,,,,,,,<7151221>,<1>,<self:flagZ2() and 1 or 0>,,<1>,,
715131,,,2,,,,,,,,,,,,715131,
715132,,,2,,,,,,,,,,,,715132,
715133,,1,14,,,,,,,<7151311;7151351;7151331>,<1;1;1>,"<1;moreE(self:star(),11) and 1 or 0;1>",,<1;1;1>,,
715134,,,,selfForce|nodead,"attrDiffer(""natureType"", {4})",,,,,<7151341>,<1>,"<moreE(self:star(),11) and 1 or 0>",,<1>,,
715161,,1,14,,,,,,,<7151611;7151622;7151631;7151633>,<999;999;999;999>,<1;1;1;1>,,<1;1;1;1>,,
715162,,1,14,,,,,,,<7151641;7151651>,<999;999>,"<moreE(self:star(),6) and 1 or 0;moreE(self:star(),6) and 1 or 0>",,<1;1>,,
715163,,1,14,,,,,,,<7151661;7151681>,<999;999>,"<moreE(self:star(),8) and 1 or 0;moreE(self:star(),8) and 1 or 0>",,<1;1>,,
715164,,1,14,,,,,,,<7151711>,<999>,<self:flagZ4() and 1 or 0>,,<1>,,
716111,,,,,,,,,,,,,,,716111,
716112,,1,14,,,,,,,<7161111>,<2>,<1>,,<2000>,,
716113,,1,14,,,,,,,<7161121>,<2>,<self:flagZ1() and 1 or 0>,,<<2;99;1>>,,
716121,,,,,,,,,,,,,,,716121,
716122,,1,14,,,,,,,<7161211>,<2>,<1>,,<0>,,
716131,,,,enemyForce | nodead,"buffDifferExclude('group',{c.fly_notbuff_yinshen_oc()})|random(2)",,,,,,,,,,716131,
716132,,,,enemyForce | nodead,useOtherProcess(716131),,,,,,,,,,716132,
716133,,,,enemyForce | nodead,useOtherProcess(716131),,,,,<7161651>,<1>,<1>,,<0>,,
716134,,1,14,,,,,,,<7161310>,<1>,<1>,,<0>,,
716135,,1,14,,,,,,,<7161321>,<1>,<1>,,<0>,,
716136,,1,14,,,,,,,<7161351>,<2>,"<moreE(self:star(),11) and 1 or 0>",,<0>,,
716137,,,,mainTarget,,,,,,<7161361>,<1>,<self:hasBuff(7161232) and 1 or 0>,,"<self:damage()*0.8*min(getBuffOverlayCount(7161232),self:flagZ1() and 5 or 3)>",,
716138,,,,enemyForce | nodead,useOtherProcess(716131),,,,,<7161371>,<target:hasBuff(7161651) and 2 or 1>,"<moreE(self:star(),11) and 1 or 0>",,<0>,,
716139,,,,enemyForce | nodead,otherProcessExcept(716131),,,,,<7161651>,<1>,<self:flagZ3() and 1 or 0>,,<0>,,
716161,,1,14,,,,,,,<7161611;7161681;7161621;7161691>,<999;999;999;999>,<1;1;1;self:flagZ3() and 1 or 0>,,<<0>;0;0;<0>>,,
716162,,1,14,,,,,,,<7161711>,<5>,"<moreE(self:star(),6) and 1 or 0>",,<0>,,
716163,,1,14,,,,,,,<7161811>,<999>,"<moreE(self:star(),8) and 1 or 0>",,<<99;99;0>>,,
716211,,,,,,,,,,,,,,,716211,
716212,,1,14,,,,,,,<7161111>,<2>,<1>,,<2000>,,
716213,,1,14,,,,,,,<7161121>,<2>,<self:flagZ1() and 1 or 0>,,<<2;99;1>>,,
716221,,,,,,,,,,,,,,,716221,
716222,,1,14,,,,,,,<7161211>,<2>,<1>,,<0>,,
716231,,,,enemyForce | nodead,"buffDifferExclude('group',{c.fly_notbuff_yinshen_oc()})|random(2)",,,,,,,,,,716231,
716232,,,,enemyForce | nodead,useOtherProcess(716131),,,,,,,,,,716232,
716233,,,,enemyForce | nodead,useOtherProcess(716131),,,,,<7161651>,<1>,<1>,,<0>,,
716234,,1,14,,,,,,,<7161310>,<1>,<1>,,<0>,,
716235,,1,14,,,,,,,<7161321>,<1>,<1>,,<0>,,
716236,,1,14,,,,,,,<7161351>,<2>,"<moreE(self:star(),11) and 1 or 0>",,<0>,,
716237,,,,mainTarget,,,,,,<7161361>,<1>,<self:hasBuff(7161232) and 1 or 0>,,"<self:damage()*0.8*min(getBuffOverlayCount(7161232),self:flagZ1() and 5 or 3)>",,
716238,,,,enemyForce | nodead,useOtherProcess(716131),,,,,<7161371>,<target:hasBuff(7161651) and 2 or 1>,"<moreE(self:star(),11) and 1 or 0>",,<0>,,
716239,,,,enemyForce | nodead,otherProcessExcept(716131),,,,,<7161651>,<1>,<self:flagZ3() and 1 or 0>,,<0>,,
716261,,1,14,,,,,,,<7161611;7161681;7161621;7161691>,<999;999;999;999>,<1;1;1;self:flagZ3() and 1 or 0>,,<<0>;0;0;<0>>,,
716262,,1,14,,,,,,,<7161711>,<5>,"<moreE(self:star(),6) and 1 or 0>",,<0>,,
716263,,1,14,,,,,,,<7161811>,<999>,"<moreE(self:star(),8) and 1 or 0>",,<<99;99;0>>,,
717111,,,,,,,,,,,,,,,717111,
717112,,1,14,,,,,,,<7171111;7171650>,<2;999>,<1;1>,,<self:Bdefence()*(self:flagZ1() and 0.3 or 0.2);self:getBuff(7171650):getValue()+self:Bdefence()*(self:flagZ1() and 0.3 or 0.2)>,,
717121,,,,,,,,,,,,,,,717121,
717122,,1,14,,,,,,,<7171231;7171211;7171214>,<1;1;1>,<1;(not self:flagZ2() ) and 1 or 0;(not self:flagZ2() ) and 1 or 0>,,<1;1;1>,,
717123,,1,14,,,,,,,<7171241;7171221;7171224;7171226>,<1;1;1;999>,<self:flagZ2() and 1 or 0;self:flagZ2() and 1 or 0;self:flagZ2() and 1 or 0;1>,,<1;1;1;1>,,
717131,,,,,,,,,,,,,,,717131,
717132,,,,,,,,,,,,,,,717132,
717133,,1,14,,,,,,,<7171319;7171316;7171321>,<1;2;2>,<1;1;1>,,<1;self:defence()*(0.8+0.002*skillLevel-0.002);1>,,
717134,,1,,,,,,,,<7171342>,<2>,"<moreE(self:star(),11)  and 1 or 0>",,<<0;0;0;0;1;1;list(2041)>>,,
717135,,,,selfForce | nodead,"exclude(list(csvSelf:id()))|attrDiffer('natureType', {9})|relativeActionOrderProcess(true,6 )|random(2)",,,,,<7171350>,<3>,"<moreE(self:star(),11)  and 1 or 0>",,<0>,,
717136,,1,14,,,,,,,,,,,,,
717161,,1,14,,,,,,,<7171611;7171621;7171631;7171641>,<999;999;999;999>,<1;1;1;1>,,<1;1;1;1>,,
717162,,1,14,,,,,,,<7171661;7171681;7171691>,<999;999;999>,"<moreE(self:star(),6) and 1 or 0;moreE(self:star(),8) and 1 or 0;moreE(self:star(),8) and 1 or 0>",,<1;1;1>,,
717163,,1,14,,,,,,,<7171701;7171711>,<999;999>,<self:flagZ4() and 1 or 0;self:flagZ4() and 1 or 0>,,<1;1>,,
717164,,1,14,,,,,,,<7171301;7171381>,<999;999>,<1;self:flagZ3() and 1 or 0>,,<1;1>,,
718111,,,,,,,,,,,,,,,718111,
718112,,1,14,,,,,,,<7181111>,<2>,<1>,,<self:Bdamage()*0.1>,,
718113,,,,,,,,,,<7181011>,<2>,<self:flagZ1() and 1 or 0>,,<self:damage()*0.4>,,
718121,,,,,,,,,,,,,,,718121,
718122,,,,,,,,,,<7181221>,<2>,<target:flag(1099) and 0 or 1>,,"<list(1,1,list(2))>",,
718123,,1,14,,,,,,,<7181211>,<1>,<1>,,<<0;0;0;1;0;1>>,,
718131,,,4,,,,,,,,,,,,718131,
718132,,,4,,,,,,,,,,,,718132,
718133,,1,14,,,,,,,<7181310;7181311>,<1;2>,<1;1>,,<0;0>,,
718134,,,,selected,ignoreReplaceTarget(list(3019)),,,,,<7181320>,<1>,<1>,,<0>,,
718135,,1,14,,,,,,,,,,,,,
718161,,1,14,,,,,,,<7181611;7181621;7181661;7181681;7181682;7181691>,<999;999;2;999;999;999>,"<1;1;moreE(self:star(),6) and 1 or 0;moreE(self:star(),8) and 1 or 0;moreE(self:star(),8) and 1 or 0;self:flagZ4() and 1 or 0>",,<0;0;3000;0;<1;1;0>;0>,,
718162,,,,,,,,,,,,,,,,
719111,,,,,,,,,,,,,,,719111,
719112,,1,14,,,,,,,<7191111>,<3>,<1>,,<self:flagZ1() and  self:damage()*0.15 or self:damage()*0.1>,,
719121,,,,,,,,,,,,,,,719121,
719122,,1,14,,,,,,,<7191211;7191225;7191220>,<2;1;999>,<1;1;1>,,<1;1;self:damage()*1.4>,,
719131,,,,,,,,,,,,,,,719131,
719132,,,,,,,,,,,,,,,719132,
719133,,1,14,,,,,,,<7191821;7191509>,<3;2>,<1;1>,,<1;1>,,
719134,,,,,,,,,,,,,,,719133,{prob=self:hasBuff(7191694) and 1 or 0}
719135,,,,,,,,,,,,,,,719134,{prob=self:hasBuff(7191695) and 1 or 0}
719136,,,,,,,,,,,,,,,719135,{prob=self:hasBuff(7191696) and 1 or 0}
719137,,,,,,,,,,,,,,,719136,{prob=self:hasBuff(7191698) and 1 or 0}
719138,,,,,,,,,,,,,,,719137,{prob=self:hasBuff(7191699) and 1 or 0}
719139,,,,,,,,,,,,,,,719138,{prob=self:hasBuff(7191697) and 1 or 0}
719140,,,,,,,,,,,,,,,719139,{prob=1;needUpdateTarget=TRUE}
719141,,1,14,,,,,,,<7191830>,<999>,<1>,,<self:getBuffOverlayCountByFlags(list(3023))*self:damage()*1.2>,,
719160,,,,selfForce|nodead,"exclude(list(csvSelf:id()))|attrDiffer(""natureType"", {12})",,,,,<7191687>,<999>,<1>,,<1>,,
719161,,1,14,,,,,,,<7191690;7191881>,<999;999>,<1;1>,,<1;1>,,
719162,,,,selfForce|nodead,"attrDiffer(""natureType"", {12,17})",,,,,<7191679>,<999>,<1>,,<1>,,
719163,,1,14,,,,,,,<7191710>,<999>,<1>,,<1>,,
719164,,1,14,,,,,,,<7191611;7191621>,<999;999>,<1;1>,,<1;1>,,
719165,,1,14,,,,,,,<7191656;7191631>,<999;999>,<1;1>,,<1;1>,,
719166,,1,14,,,,,,,<7191821;7191211;7191500;7191691;7191225>,<2;2;3;2;1>,<self:flagZ4() and 1 or 0;self:flagZ4() and 1 or 0;self:flagZ4() and 1 or 0;self:flagZ4() and 1 or 0;self:flagZ4() and 1 or 0>,,<1;1;1;1;1>,,
719167,,1,14,,,,,,,<7191841>,<999>,"<moreE(self:star(),6) and 1 or 0>",,<1>,,
719168,,1,14,,,,,,,<7191651;7191671>,<999;999>,"<moreE(self:star(),8) and 1 or 0;moreE(self:star(),8) and 1 or 0>",,<1;1>,,
719169,,1,14,,,,,,,<7191231;7191261;7191681>,<999;999;999>,<1;1;1>,,<1;1;1>,,
719171,,,,,,,,,,<7191863>,<1>,<1>,,<1>,719171,
719172,,1,14,,,,,,,<7191854>,<1>,<1>,,<1>,,
719173,,,,selfForce|nodead,"exclude(list(csvSelf:id()))|attrDiffer(""natureType"", {12})|buffDiffer(""flag"", {3023})|random(1)",,,,,<7191861>,<1>,<self:hasBuff(7191821) and 1 or 0>,,<1>,,
719174,,1,,,,,,,,<7191776>,<1>,<self:hasBuff(7191719) and 1 or 0>,,"<min(target:defence(),self:Bdamage()*5)>",,
719181,,,,,,,,,,,,,,,719181,
719182,,1,14,,,,,,,<7191853>,<1>,<1>,,<1>,,
719183,,,,,,,,,,,,,,,,
719191,,,,,,,,,,<7191863>,<1>,<1>,,<1>,719171,
719192,,1,14,,,,,,,<7191854>,<1>,<1>,,<1>,,
719193,,,,selfForce|nodead,"exclude(list(csvSelf:id()))|attrDiffer(""natureType"", {12})|buffDiffer(""flag"", {3023})|random(1)",,,,,<7191861>,<1>,<self:hasBuff(7191821) and 1 or 0>,,<1>,,
719194,,1,,,,,,,,<7191776>,<1>,<self:hasBuff(7191719) and 1 or 0>,,"<min(target:defence(),self:Bdamage()*5)>",,
719201,,,,,,,,,,<7191863>,<1>,<1>,,<1>,719171,
719202,,1,14,,,,,,,<7191854>,<1>,<1>,,<1>,,
719203,,,,selfForce|nodead,"exclude(list(csvSelf:id()))|attrDiffer(""natureType"", {12})|buffDiffer(""flag"", {3023})|random(1)",,,,,<7191861>,<1>,<self:hasBuff(7191821) and 1 or 0>,,<1>,,
719204,,1,,,,,,,,<7191776>,<1>,<self:hasBuff(7191719) and 1 or 0>,,"<min(target:defence(),self:Bdamage()*5)>",,
719211,,,,,,,,,,,,,,,719211,
719212,,1,14,,,,,,,<7191111>,<3>,<1>,,<self:flagZ1() and  self:damage()*0.15 or self:damage()*0.1>,,
719221,,,,,,,,,,,,,,,719221,
719222,,1,14,,,,,,,<7191211;7191225;7191220>,<2;1;999>,<1;1;1>,,<1;1;self:damage()*1.4>,,
719231,,,,,,,,,,,,,,,719231,
719232,,,,,,,,,,,,,,,719232,
719233,,1,14,,,,,,,<7191821;7191509>,<3;2>,<1;1>,,<1;1>,,
719234,,,,,,,,,,,,,,,719233,{prob=self:hasBuff(7191694) and 1 or 0}
719235,,,,,,,,,,,,,,,719234,{prob=self:hasBuff(7191695) and 1 or 0}
719236,,,,,,,,,,,,,,,719235,{prob=self:hasBuff(7191696) and 1 or 0}
719237,,,,,,,,,,,,,,,719236,{prob=self:hasBuff(7191698) and 1 or 0}
719238,,,,,,,,,,,,,,,719237,{prob=self:hasBuff(7191699) and 1 or 0}
719239,,,,,,,,,,,,,,,719238,{prob=self:hasBuff(7191697) and 1 or 0}
719240,,,,,,,,,,,,,,,719239,{prob=1;needUpdateTarget=TRUE}
719241,,1,14,,,,,,,<7191830>,<999>,<1>,,<self:getBuffOverlayCountByFlags(list(3023))*self:damage()*1.2>,,
719260,,,,selfForce|nodead,"exclude(list(csvSelf:id()))|attrDiffer(""natureType"", {12})",,,,,<7191687>,<999>,<1>,,<1>,,
719261,,1,14,,,,,,,<7191690;7191881>,<999;999>,<1;1>,,<1;1>,,
719262,,,,selfForce|nodead,"attrDiffer(""natureType"", {12,17})",,,,,<7191679>,<999>,<1>,,<1>,,
719263,,1,14,,,,,,,<7191710>,<999>,<1>,,<1>,,
719264,,1,14,,,,,,,<7191611;7191621>,<999;999>,<1;1>,,<1;1>,,
719265,,1,14,,,,,,,<7191656;7191631>,<999;999>,<1;1>,,<1;1>,,
719266,,1,14,,,,,,,<7191821;7191211;7191500;7191691;7191225>,<2;2;3;2;1>,<self:flagZ4() and 1 or 0;self:flagZ4() and 1 or 0;self:flagZ4() and 1 or 0;self:flagZ4() and 1 or 0;self:flagZ4() and 1 or 0>,,<1;1;1;1;1>,,
719267,,1,14,,,,,,,<7191841>,<999>,"<moreE(self:star(),6) and 1 or 0>",,<1>,,
719268,,1,14,,,,,,,<7191651;7191671>,<999;999>,"<moreE(self:star(),8) and 1 or 0;moreE(self:star(),8) and 1 or 0>",,<1;1>,,
719269,,1,14,,,,,,,<7191231;7191261;7191681>,<999;999;999>,<1;1;1>,,<1;1;1>,,
719271,,,,,,,,,,<7191863>,<1>,<1>,,<1>,719271,
719272,,1,14,,,,,,,<7191854>,<1>,<1>,,<1>,,
719273,,,,selfForce|nodead,"exclude(list(csvSelf:id()))|attrDiffer(""natureType"", {12})|buffDiffer(""flag"", {3023})|random(1)",,,,,<7191861>,<1>,<self:hasBuff(7191821) and 1 or 0>,,<1>,,
719274,,1,,,,,,,,<7191776>,<1>,<self:hasBuff(7191719) and 1 or 0>,,"<min(target:defence(),self:Bdamage()*5)>",,
719281,,,,,,,,,,,,,,,719281,
719282,,1,14,,,,,,,<7191853>,<1>,<1>,,<1>,,
719283,,,,,,,,,,,,,,,,
719291,,,,,,,,,,<7191863>,<1>,<1>,,<1>,719271,
719292,,1,14,,,,,,,<7191854>,<1>,<1>,,<1>,,
719293,,,,selfForce|nodead,"exclude(list(csvSelf:id()))|attrDiffer(""natureType"", {12})|buffDiffer(""flag"", {3023})|random(1)",,,,,<7191861>,<1>,<self:hasBuff(7191821) and 1 or 0>,,<1>,,
719294,,1,,,,,,,,<7191776>,<1>,<self:hasBuff(7191719) and 1 or 0>,,"<min(target:defence(),self:Bdamage()*5)>",,
719301,,,,,,,,,,<7191863>,<1>,<1>,,<1>,719271,
719302,,1,14,,,,,,,<7191854>,<1>,<1>,,<1>,,
719303,,,,selfForce|nodead,"exclude(list(csvSelf:id()))|attrDiffer(""natureType"", {12})|buffDiffer(""flag"", {3023})|random(1)",,,,,<7191861>,<1>,<self:hasBuff(7191821) and 1 or 0>,,<1>,,
719304,,1,,,,,,,,<7191776>,<1>,<self:hasBuff(7191719) and 1 or 0>,,"<min(target:defence(),self:Bdamage()*5)>",,
720111,,,,,,,,,,,,,,,720111,
720112,,1,14,,,,,,,<7201111>,<2>,<1>,,<self:flagZ1() and 3000 or 2000>,,
720121,,,,,,,,,,,,,,,720121,
720122,,1,14,,,,,,,<7201221>,<999>,<1>,,<0>,,
720123,,1,14,,,,,,,<7201211>,<999>,<self:frontOrBack()==2 and 1 or 0>,,<<1;2;list(1)>>,,
720124,,1,14,,,,,,,<7201231>,<1>,<1>,,<0>,,
720131,,,,,,,,,,,,,,,720131,
720132,,,,,,,,,,,,,,,720132,
720133,,1,14,,,,,,,<7201311>,<2>,<1>,,<0>,,
720134,,1,14,,,,,,,<7201375;7201412>,<999;999>,"<self:flagZ3() and 1 or 0;(moreE(self:getBuffOverlayCount(7201375),2) and self:flagZ3()) and 1 or 0>",,<0;<99;1;0>>,,
720135,,1,14,,,,,,,<7201318>,<2>,<1>,,<0>,,
720161,,1,14,,,,,,,<7201611>,<1>,<1>,,<0>,,
720162,,1,14,,,,,,,<7201710>,<999>,"<moreE(self:star(),6) and 1 or 0>",,<0>,,
720163,,1,14,,,,,,,<7201811;7201821>,<999;2>,"<moreE(self:star(),8) and 1 or 0;moreE(self:star(),8) and 1 or 0>",,<0;0>,,
720164,,1,14,,,,,,,<7201841>,<999>,<self:flagZ4() and 1 or 0>,,<0>,,
720171,,,,,,,,,,<7201713;7201713;7201713;7201713;7201713>,<1;1;1;1;1>,<1;1;1;1;1>,,"<min(target:defence(),self:Bdamage()*5);min(target:defence(),self:Bdamage()*5);min(target:defence(),self:Bdamage()*5);min(target:defence(),self:Bdamage()*5);min(target:defence(),self:Bdamage()*5)>",720144,
720172,,1,14,,,,,,,<7201662;7201663>,<2;1>,<1;1>,,<3500;self:getDelayDamage()*1>,,
720181,,,,,,,,,,<7201713;7201713;7201713;7201713;7201713>,<1;1;1;1;1>,<1;1;1;1;1>,,"<min(target:defence(),self:Bdamage()*5);min(target:defence(),self:Bdamage()*5);min(target:defence(),self:Bdamage()*5);min(target:defence(),self:Bdamage()*5);min(target:defence(),self:Bdamage()*5)>",720144,
720182,,1,14,,,,,,,<7201662;7201663>,<2;1>,<1;1>,,<3500;self:getDelayDamage()*1>,,
720191,,,,,,,,,,<7201713;7201713;7201713;7201713;7201713>,<1;1;1;1;1>,<1;1;1;1;1>,,"<min(target:defence(),self:Bdamage()*5);min(target:defence(),self:Bdamage()*5);min(target:defence(),self:Bdamage()*5);min(target:defence(),self:Bdamage()*5);min(target:defence(),self:Bdamage()*5)>",720144,
720192,,1,14,,,,,,,<7201662;7201663>,<2;1>,<1;1>,,<3500;self:getDelayDamage()*1>,,
720201,,,,,,,,,,<7201713;7201713;7201713;7201713;7201713>,<1;1;1;1;1>,<1;1;1;1;1>,,"<min(target:defence(),self:Bdamage()*5);min(target:defence(),self:Bdamage()*5);min(target:defence(),self:Bdamage()*5);min(target:defence(),self:Bdamage()*5);min(target:defence(),self:Bdamage()*5)>",720144,
720202,,1,14,,,,,,,<7201662;7201663>,<2;1>,<1;1>,,<3500;self:getDelayDamage()*1>,,
720211,,,,,,,,,,<7201713;7201713>,<1;1>,<1;1>,,"<min(target:defence(),self:Bdamage()*5);min(target:defence(),self:Bdamage()*5)>",720141,
720212,,1,14,,,,,,,<7201662;7201663>,<2;1>,<1;1>,,<1400;self:getDelayDamage()*0.4>,,
720221,,,,,,,,,,<7201713;7201713;7201713>,<1;1;1>,<1;1;1>,,"<min(target:defence(),self:Bdamage()*5);min(target:defence(),self:Bdamage()*5);min(target:defence(),self:Bdamage()*5)>",720142,
720222,,1,14,,,,,,,<7201662;7201663>,<2;1>,<1;1>,,<2100;self:getDelayDamage()*0.6>,,
720231,,,,,,,,,,<7201713;7201713;7201713;7201713>,<1;1;1;1>,<1;1;1;1>,,"<min(target:defence(),self:Bdamage()*5);min(target:defence(),self:Bdamage()*5);min(target:defence(),self:Bdamage()*5);min(target:defence(),self:Bdamage()*5)>",720143,
720232,,1,14,,,,,,,<7201662;7201663>,<2;1>,<1;1>,,<2800;self:getDelayDamage()*0.8>,,
720241,,,,,,,,,,<7201713;7201713;7201713;7201713;7201713>,<1;1;1;1;1>,<1;1;1;1;1>,,"<min(target:defence(),self:Bdamage()*5);min(target:defence(),self:Bdamage()*5);min(target:defence(),self:Bdamage()*5);min(target:defence(),self:Bdamage()*5);min(target:defence(),self:Bdamage()*5)>",720144,
720242,,1,14,,,,,,,<7201662;7201663>,<2;1>,<1;1>,,<3500;self:getDelayDamage()*1>,,
720311,,,,,,,,,,,,,,,720311,
720312,,1,14,,,,,,,<7201111>,<2>,<1>,,<self:flagZ1() and 3000 or 2000>,,
720321,,,,,,,,,,,,,,,720321,
720322,,1,14,,,,,,,<7201221>,<999>,<1>,,<0>,,
720323,,1,14,,,,,,,<7201211>,<999>,<self:frontOrBack()==2 and 1 or 0>,,<<1;2;list(1)>>,,
720324,,1,14,,,,,,,<7201231>,<1>,<1>,,<0>,,
720331,,,,,,,,,,,,,,,720331,
720332,,,,,,,,,,,,,,,720332,
720333,,1,14,,,,,,,<7201311>,<2>,<1>,,<0>,,
720334,,1,14,,,,,,,<7201375;7201412>,<999;999>,"<self:flagZ3() and 1 or 0;(moreE(self:getBuffOverlayCount(7201375),2) and self:flagZ3()) and 1 or 0>",,<0;<99;1;0>>,,
720335,,1,14,,,,,,,<7201318>,<2>,<1>,,<0>,,
720361,,1,14,,,,,,,<7201611;7201621>,<1;999>,<1;1>,,<0;0>,,
720362,,1,14,,,,,,,<7201710>,<999>,"<moreE(self:star(),6) and 1 or 0>",,<0>,,
720363,,1,14,,,,,,,<7201811;7201821>,<999;2>,"<moreE(self:star(),8) and 1 or 0;moreE(self:star(),8) and 1 or 0>",,<0;0>,,
720364,,1,14,,,,,,,<7201841>,<999>,<self:flagZ4() and 1 or 0>,,<0>,,
720371,,,,,,,,,,<7201713;7201713;7201713;7201713;7201713>,<1;1;1;1;1>,<1;1;1;1;1>,,"<min(target:defence(),self:Bdamage()*5);min(target:defence(),self:Bdamage()*5);min(target:defence(),self:Bdamage()*5);min(target:defence(),self:Bdamage()*5);min(target:defence(),self:Bdamage()*5)>",720344,
720372,,1,14,,,,,,,<7201662;7201663>,<2;1>,<1;1>,,<3500;self:getDelayDamage()*1>,,
720381,,,,,,,,,,<7201713;7201713;7201713;7201713;7201713>,<1;1;1;1;1>,<1;1;1;1;1>,,"<min(target:defence(),self:Bdamage()*5);min(target:defence(),self:Bdamage()*5);min(target:defence(),self:Bdamage()*5);min(target:defence(),self:Bdamage()*5);min(target:defence(),self:Bdamage()*5)>",720344,
720382,,1,14,,,,,,,<7201662;7201663>,<2;1>,<1;1>,,<3500;self:getDelayDamage()*1>,,
720391,,,,,,,,,,<7201713;7201713;7201713;7201713;7201713>,<1;1;1;1;1>,<1;1;1;1;1>,,"<min(target:defence(),self:Bdamage()*5);min(target:defence(),self:Bdamage()*5);min(target:defence(),self:Bdamage()*5);min(target:defence(),self:Bdamage()*5);min(target:defence(),self:Bdamage()*5)>",720344,
720392,,1,14,,,,,,,<7201662;7201663>,<2;1>,<1;1>,,<3500;self:getDelayDamage()*1>,,
720401,,,,,,,,,,<7201713;7201713;7201713;7201713;7201713>,<1;1;1;1;1>,<1;1;1;1;1>,,"<min(target:defence(),self:Bdamage()*5);min(target:defence(),self:Bdamage()*5);min(target:defence(),self:Bdamage()*5);min(target:defence(),self:Bdamage()*5);min(target:defence(),self:Bdamage()*5)>",720344,
720402,,1,14,,,,,,,<7201662;7201663>,<2;1>,<1;1>,,<3500;self:getDelayDamage()*1>,,
720411,,,,,,,,,,<7201713;7201713>,<1;1>,<1;1>,,"<min(target:defence(),self:Bdamage()*5);min(target:defence(),self:Bdamage()*5)>",720341,
720412,,1,14,,,,,,,<7201662;7201663>,<2;1>,<1;1>,,<1400;self:getDelayDamage()*0.4>,,
720421,,,,,,,,,,<7201713;7201713;7201713>,<1;1;1>,<1;1;1>,,"<min(target:defence(),self:Bdamage()*5);min(target:defence(),self:Bdamage()*5);min(target:defence(),self:Bdamage()*5)>",720342,
720422,,1,14,,,,,,,<7201662;7201663>,<2;1>,<1;1>,,<2100;self:getDelayDamage()*0.6>,,
720431,,,,,,,,,,<7201713;7201713;7201713;7201713>,<1;1;1;1>,<1;1;1;1>,,"<min(target:defence(),self:Bdamage()*5);min(target:defence(),self:Bdamage()*5);min(target:defence(),self:Bdamage()*5);min(target:defence(),self:Bdamage()*5)>",720343,
720432,,1,14,,,,,,,<7201662;7201663>,<2;1>,<1;1>,,<2800;self:getDelayDamage()*0.8>,,
720441,,,,,,,,,,<7201713;7201713;7201713;7201713;7201713>,<1;1;1;1;1>,<1;1;1;1;1>,,"<min(target:defence(),self:Bdamage()*5);min(target:defence(),self:Bdamage()*5);min(target:defence(),self:Bdamage()*5);min(target:defence(),self:Bdamage()*5);min(target:defence(),self:Bdamage()*5)>",720344,
720442,,1,14,,,,,,,<7201662;7201663>,<2;1>,<1;1>,,<3500;self:getDelayDamage()*1>,,
721111,,,,,,,,,,,,,,,721111,
721112,,1,14,,,,,,,<7211111>,<2>,<1>,,<self:damage()*(self:flagZ1() and 0.15 or 0.1)>,,
721121,,,,,,,,,,,,,,,721121,
721122,,1,14,,,,,,,<7211211>,<2>,<1>,,<0>,,
721131,,,,,,,,,,,,,,,721131,
721132,,,,,,,,,,,,,,,721132,
721133,,1,14,,,,,,,<7211311>,<2>,<1>,,<0>,,
721134,,,,,,,,,,<7211331>,<1>,<1>,,"<min(target:hp()*0.5,self:damage()*10)>",,
721135,,1,14,,,,,,,<7211710;7211811;7212211>,<2;2;2>,"<(moreE(self:star(),11) and 1 or 0);(moreE(self:star(),11) and 1 or 0);(moreE(self:star(),11) and 1 or 0)>",,<0;0;0>,,
721136,,,,,,,,,,<7211341>,<1>,"<(moreE(self:star(),11) and 1 or 0)>",,<0>,,
721137,,1,14,,,,,,,<7211351>,<2>,<self:flagZ3() and 1 or 0>,,<0>,,
721161,,1,14,,,,,,,<7211611;7211616;7211651>,<999;999;999>,<1;1;1>,,<0;<1;99;1>;0>,,
721162,,1,14,,,,,,,<7211621>,<999>,"<(moreE(self:star(),6) and 1 or 0)>",,<0>,,
721163,,1,14,,,,,,,<7211631>,<999>,"<(moreE(self:star(),8) and 1 or 0)>",,<0>,,
721164,,1,14,,,,,,,<7211641>,<999>,<self:flagZ4() and 1 or 0>,,<0>,,
721211,,,,,,,,,,,,,,,721211,
721212,,1,14,,,,,,,<7211111>,<2>,<1>,,<self:damage()*(self:flagZ1() and 0.15 or 0.1)>,,
721221,,,,,,,,,,,,,,,721221,
721222,,1,14,,,,,,,<7211211>,<2>,<1>,,<0>,,
721231,,,,,,,,,,,,,,,721231,
721232,,,,,,,,,,,,,,,721232,
721233,,1,14,,,,,,,<7211311>,<2>,<1>,,<0>,,
721234,,,,,,,,,,<7211331>,<1>,<1>,,"<min(target:hp()*0.5,self:damage()*10)>",,
721235,,1,14,,,,,,,<7211710;7211811;7212211>,<2;2;2>,"<(moreE(self:star(),11) and 1 or 0);(moreE(self:star(),11) and 1 or 0);(moreE(self:star(),11) and 1 or 0)>",,<0;0;0>,,
721236,,,,,,,,,,<7211341>,<1>,"<(moreE(self:star(),11) and 1 or 0)>",,<0>,,
721237,,1,14,,,,,,,<7211351>,<2>,<self:flagZ3() and 1 or 0>,,<0>,,
721261,,1,14,,,,,,,<7211611;7211616;7211651>,<999;999;999>,<1;1;1>,,<0;<1;99;1>;0>,,
721262,,1,14,,,,,,,<7211621>,<999>,"<(moreE(self:star(),6) and 1 or 0)>",,<0>,,
721263,,1,14,,,,,,,<7211631>,<999>,"<(moreE(self:star(),8) and 1 or 0)>",,<0>,,
721264,,1,14,,,,,,,<7211641>,<999>,<self:flagZ4() and 1 or 0>,,<0>,,
722111,,,,,,,,,,,,,,,722111,
722112,,1,14,,,,,,,<7221111;7221112>,<3;3>,<1;self:flagZ1() and 1 or 0>,,<self:Bdamage()*0.1;self:Bspeed()*0.06>,,
722121,,,,,,,,,,,,,,,722121,
722122,,1,14,,,,,,,<7221211>,<1>,<1>,,<1>,,
722131,,,,,,,,,,,,,,,722131,
722132,,,,,,,,,,,,,,,722132,
722133,,,,selected,ignoreReplaceTarget(list(3013)),,,,,<7221311>,<1>,<1>,,<1>,,
722134,,1,14,,,,,,,<7221312;7221316>,<1;1>,<1;1>,,<1;1>,,
722141,,,,,,,,,,,,,,,722111,
722142,,,,,,,,,,,,,,,,
722161,,,,selfForce|nodead,"attrDiffer(""natureType"", {13})",,,,,<7221635>,<999>,<1>,,<1>,,
722162,,,,selfForce|nodead,"attrDiffer(""natureType"", {10,13})",,,,,<7221637>,<999>,<1>,,<1>,,
722163,,1,14,,,,,,,<7221611;7221631>,<999;999>,<1;1>,,<1;1>,,
722164,,1,14,,,,,,,<7221641;7221651;7221661;7221688>,<999;999;999;999>,"<moreE(self:star(),6) and 1 or 0;moreE(self:star(),6) and 1 or 0;moreE(self:star(),8) and 1 or 0;moreE(self:star(),11) and 1 or 0>",,<1;1;1;1>,,
722165,,1,14,,,,,,,<7221691;7221701;7221711;7221721>,<999;999;999;999>,<self:flagZ4() and 1 or 0;self:flagZ4() and 1 or 0;self:flagZ4() and 1 or 0;self:flagZ3() and 1 or 0>,,<1;1;1;1>,,
723111,,,,,,,,,,,,,,,723111,
723112,,1,14,,,,,,,<7231111>,<2>,<1>,,<self:flagZ1() and 0.15*self:Bdamage() or 0.1*self:Bdamage()>,,
723121,,,,,,,,,,,,,,,723121,
723122,,1,14,,,,,,,<7231210>,<1>,<1>,,<1>,,
723131,,,4,,,,,,,,,,,,723131,
723132,,,4,,,,,,,,,,,,723132,
723133,,,,selected,ignoreReplaceTarget(list(3013)),,,,,<7231310>,<1>,<3>,,<1>,,
723134,,1,14,,,,,,,<7231683;7231351;7231311>,<2;1;1>,"<moreE(self:star(),11) and 1 or 0;moreE(self:star(),11) and 1 or 0;1>",,<1;1;1>,,
723141,,,,,,,,,,,,,,,723141,
723142,,1,14,,,,,,,<7231232>,<1>,<self:flagZ2() and 1 or 0>,,<1>,,
723143,,1,14,,,,,,,<7231231;7231341;7231341>,<999;2;2>,<1;self:flagZ2() and 1 or 0;self:flagZ2() and 1 or 0>,,<target:hpMax()*0.2;1;1>,,
723151,,,,enemyForce|nodead,,"{process={key=more(self:getBuffOverlayCount(7231318),2);value=<column;selected()>}}",,,,,,,,,723151,
723152,,,,enemyForce|nodead,,"{process={key=more(self:getBuffOverlayCount(7231318),2);value=<column;selected()>}}",,,,<7231331>,<1>,<1>,,<1>,,
723161,,,,selfForce|nodead,"attrDiffer(""natureType"", {9})",,,,,<7231670>,<999>,<1>,,<1>,,
723162,,1,14,,,,,,,<7231601;7231611;7231631>,<999;999;999>,<1;1;1>,,<1;1;1>,,
723163,,1,14,,,,,,,<7231651;7231671;7231791>,<999;999;999>,"<moreE(self:star(),6) and 1 or 0;moreE(self:star(),8) and 1 or 0;self:flagZ4() and 1 or 0>",,<1;1;1>,,
723211,,,,,,,,,,,,,,,723211,
723212,,1,14,,,,,,,<7231111>,<2>,<1>,,<self:flagZ1() and 0.15*self:Bdamage() or 0.1*self:Bdamage()>,,
723221,,,,,,,,,,,,,,,723221,
723222,,1,14,,,,,,,<7231210>,<1>,<1>,,<1>,,
723231,,,4,,,,,,,,,,,,723231,
723232,,,4,,,,,,,,,,,,723232,
723233,,,,selected,ignoreReplaceTarget(list(3013)),,,,,<7231310>,<1>,<3>,,<1>,,
723234,,1,14,,,,,,,<7231683;7231351;7231311>,<2;1;1>,"<moreE(self:star(),11) and 1 or 0;moreE(self:star(),11) and 1 or 0;1>",,<1;1;1>,,
723241,,,,,,,,,,,,,,,723241,
723242,,1,14,,,,,,,<7231232>,<1>,<self:flagZ2() and 1 or 0>,,<1>,,
723243,,1,14,,,,,,,<7231231;7231341;7231341>,<999;2;2>,<1;self:flagZ2() and 1 or 0;self:flagZ2() and 1 or 0>,,<target:hpMax()*0.2;1;1>,,
723251,,,,enemyForce|nodead,,"{process={key=more(self:getBuffOverlayCount(7231318),2);value=<column;selected()>}}",,,,,,,,,723251,
723252,,,,enemyForce|nodead,,"{process={key=more(self:getBuffOverlayCount(7231318),2);value=<column;selected()>}}",,,,<7231331>,<1>,<1>,,<1>,,
723261,,,,selfForce|nodead,"attrDiffer(""natureType"", {9})",,,,,<7231670>,<999>,<1>,,<1>,,
723262,,1,14,,,,,,,<7231601;7231611;7231631>,<999;999;999>,<1;1;1>,,<1;1;1>,,
723263,,1,14,,,,,,,<7231651;7231671;7231791>,<999;999;999>,"<moreE(self:star(),6) and 1 or 0;moreE(self:star(),8) and 1 or 0;self:flagZ4() and 1 or 0>",,<1;1;1>,,
724111,,,,,,,,,,,,,,,724111,
724112,,1,14,,,,,,,<7241111>,<2>,<1>,,<self:BspecialDamage()*(self:flagZ1() and  0.15 or 0.1)>,,
724121,,,,,,,,,,,,,,,724121,
724122,,1,14,,,,,,,<7241211>,<1>,<1>,,<<1;1;1>>,,
724123,,1,14,,,,,,,<7241221>,<5>,<1>,,<0>,,
724124,,,,selfForce()|nodead,"exclude(list(csvSelf:id()))|attrDiffer(""natureType"", {6})|attr({""damage"",""specialDamage""},""max"",1)",,,,,<7241221>,<5>,<1>,,<0>,,
724131,,,,,,,,,,,,,,,724131,
724132,,,,,,,,,,,,,,,724132,
724133,,,,,,,,,,<7241321;7241351>,<1;1>,<1;1>,,<0;-200>,,
724134,,,,selected,ignoreReplaceTarget(list(3013)),,,,,<7241673;7241311>,<1;3>,"<moreE(self:star(),11) and (target:hasBuff(7241311) and 1 or 0) or 0;moreE(self:star(),11) and (target:hasBuff(7241311) and 0 or 1) or 0>",,"<list(list(525317),1);self:hp()*0.3>",,
724135,,,11,,,,,,,<7241341>,<1>,<1>,,"<list(list(c.xuezhou_oc()),1,1)>",,
724161,,1,14,,,,,,,<7241611;7241621;7241631>,<999;999;999>,<1;1;1>,,<<0>;<0>;<0>>,,
724162,,1,14,,,,,,,<7241641;7241651;7241671>,<999;999;999>,"<moreE(self:star(),6) and 1 or 0;moreE(self:star(),8) and 1 or 0;self:flagZ4() and 1 or 0>",,<0;<0;1;0>;0>,,
724163,,1,14,,,,,,,<7241691;7181601;7181602>,<999;8;5>,<1;1;1>,,<1000;self:hasSkill(52146) and 1200 or 500;self:hasSkill(52146) and 800 or 500>,,
725111,,,,,,,,,,,,,,,725111,
725112,,,,,,,,,,<7251021>,<2>,<1>,,<<self:flagZ1() and 0.05 or 0.03;1;1>>,,
725121,,,,,,,,,,,,,,,725121,
725122,,,,,,,,,,<7251211>,<1>,<1>,,<0>,,
725131,,,11,,,,,,,,,,,,725131,
725132,,,11,,,,,,,,,,,,725132,
725133,,,11,,,,,,,<7251021>,<2>,<0>,,<<0.02;1;1>>,,
725134,,1,14,,,,,,,<7251311>,<1>,<1>,,<0>,,
725161,,1,14,,,,,,,<7251611>,<999>,<1>,,<0>,,
725162,,1,14,,,,,,,<7251621>,<999>,<1>,,<0>,,
725163,,1,14,,,,,,,<7251661>,<999>,"<moreE(self:star(),8) and 1 or 0>",,<0>,,
760111,,1,14,,,,,,,<7601111>,<999>,<(target:natureIntersection(list(1))) and 1 or 0>,,<1>,,
760121,,1,14,,,,,,,<7601211>,<999>,"<((target:natureIntersection(list(1))) and less(countObjByBuffExGroup(self:force(),list(7601211),list(),list(c.undeath_oc())),1)) and 1 or 0>",,<1>,,
760211,,1,14,,,,,,,<7602111>,<999>,<(target:natureIntersection(list(2))) and 1 or 0>,,<1>,,
760221,,1,14,,,,,,,<7602211>,<999>,<(target:natureIntersection(list(2))) and 1 or 0>,,<1>,,
760311,,1,14,,,,,,,<7603111>,<999>,<(target:natureIntersection(list(3))) and 1 or 0>,,<1>,,
760321,,1,14,,,,,,,<7603211>,<999>,<(target:natureIntersection(list(3))) and 1 or 0>,,<1>,,
760411,,1,14,,,,,,,<7604111>,<999>,<(target:natureIntersection(list(4))) and 1 or 0>,,<1>,,
760421,,1,14,,,,,,,<7604211>,<999>,<(target:natureIntersection(list(4))) and 1 or 0>,,<1>,,
760511,,1,14,,,,,,,<7605111>,<999>,<(target:natureIntersection(list(5))) and 1 or 0>,,<1>,,
760521,,1,14,,,,,,,<7605211>,<999>,<(target:natureIntersection(list(5))) and 1 or 0>,,<1>,,
760611,,1,14,,,,,,,<7606111>,<999>,<(target:natureIntersection(list(6))) and 1 or 0>,,<1>,,
760621,,1,14,,,,,,,<7606211>,<999>,<(target:natureIntersection(list(6))) and 1 or 0>,,<1>,,
760711,,1,14,,,,,,,<7607111>,<999>,"<((target:natureIntersection(list(7))) and less(countObjByBuffExGroup(self:force(),list(7607111),list(),list(c.undeath_oc())),1)) and 1 or 0>",,<1>,,
760721,,1,14,,,,,,,<7607211>,<999>,"<((target:natureIntersection(list(7))) and less(countObjByBuffExGroup(self:force(),list(7607211),list(),list(c.undeath_oc())),1)) and 1 or 0>",,<1>,,
760811,,,,selfForce,"attrDiffer(""natureType"", {8})|setSelectAttr({""damage"",""specialDamage""},""max"")|attr(""selectAttr"",""max"",1)",,,,,<7608111>,<1>,"<((target:natureIntersection(list(8))) and less(countObjByBuffExGroup(self:force(),list(7608111),list(),list(c.undeath_oc())),1) and less(getNowRound(),4)) and 1 or 0>",,<1>,,
760821,,,,selfForce,"attrDiffer(""natureType"", {8})|setSelectAttr({""damage"",""specialDamage""},""max"")|attr(""selectAttr"",""max"",1)",,,,,<7608211>,<1>,"<((target:natureIntersection(list(8))) and less(countObjByBuffExGroup(self:force(),list(7608211),list(),list(c.undeath_oc())),1) and less(getNowRound(),6)) and 1 or 0>",,<1>,,
760911,,1,14,,,,,,,<7609111>,<999>,"<((target:natureIntersection(list(9))) and less(countObjByBuffExGroup(self:force(),list(7609111),list(),list(c.undeath_oc())),1)) and 1 or 0>",,<1>,,
760921,,1,14,,,,,,,<7609211>,<1>,"<((target:natureIntersection(list(9))) and less(countObjByBuffExGroup(self:force(),list(7609211),list(),list(c.undeath_oc())),1)) and 1 or 0>",,<1>,,
761011,,1,14,,,,,,,<7610111>,<999>,<(target:natureIntersection(list(10))) and 1 or 0>,,<1>,,
761021,,1,14,,,,,,,<7610211>,<999>,<(target:natureIntersection(list(10))) and 1 or 0>,,<1>,,
761111,,1,14,,,,,,,<7611111>,<999>,<(target:natureIntersection(list(11))) and 1 or 0>,,<1>,,
761121,,1,14,,,,,,,<7611211;7611231;7611241>,<999;999;999>,<(target:natureIntersection(list(11))) and 1 or 0;(target:natureIntersection(list(11))) and 1 or 0;(target:natureIntersection(list(11))) and 1 or 0>,,<1;1;1>,,
761211,,1,14,,,,,,,<7612111>,<999>,<(target:natureIntersection(list(12))) and 1 or 0>,,<1>,,
761221,,1,14,,,,,,,<7612211>,<999>,<(target:natureIntersection(list(12))) and 1 or 0>,,<1>,,
761311,,1,14,,,,,,,<7613111>,<999>,<(target:natureIntersection(list(13))) and 1 or 0>,,<1>,,
761321,,1,14,,,,,,,<7613211>,<999>,"<((target:natureIntersection(list(13))) and less(countObjByBuffExGroup(self:force(),list(7613211),list(),list(c.undeath_oc())),1)) and 1 or 0>",,<1>,,
761411,,1,14,,,,,,,<7614111>,<999>,"<((target:natureIntersection(list(14))) and less(countObjByBuffExGroup(self:force(),list(7614111),list(),list(c.undeath_oc())),1)) and 1 or 0>",,<1>,,
761421,,1,14,,,,,,,<7614211>,<999>,"<((target:natureIntersection(list(14))) and less(countObjByBuffExGroup(self:force(),list(7614211),list(),list(c.undeath_oc())),1)) and 1 or 0>",,<1>,,
761511,,1,14,,,,,,,<7615111>,<999>,<(target:natureIntersection(list(15)))  and   1 or 0>,,<1>,,
761521,,1,14,,,,,,,<7615211;7615221>,<999;999>,<(target:natureIntersection(list(15)))  and   1 or 0;(target:natureIntersection(list(15)))  and   1 or 0>,,<1;1>,,
761611,,1,14,,,,,,,<7616111;7616113>,<999;999>,<(target:natureIntersection(list(16)))  and   1 or 0;(target:natureIntersection(list(16)))  and   1 or 0>,,<1;1>,,
761612,,1,14,,,,,,,<7616121>,<999>,<(target:natureIntersection(list(16)))  and   1 or 0>,,<1>,,
761621,,1,14,,,,,,,<7616211;7616213>,<999;999>,<(target:natureIntersection(list(16)))  and   1 or 0;(target:natureIntersection(list(16)))  and   1 or 0>,,<1;1>,,
761622,,1,14,,,,,,,<7616221>,<999>,<(target:natureIntersection(list(16)))  and   1 or 0>,,<1>,,
761711,,1,14,,,,,,,<7617111>,<999>,<(target:natureIntersection(list(17)))  and   1 or 0>,,<1>,,
761721,,1,14,,,,,,,<7617211>,<999>,<(target:natureIntersection(list(17)))  and  1 or 0>,,<1>,,
761811,,1,14,,,,,,,<7618111>,<999>,<(target:natureIntersection(list(18)))  and  1 or 0>,,<1>,,
761821,,1,14,,,,,,,<7618211>,<999>,"<((target:natureIntersection(list(18))) and less(countObjByBuffExGroup(self:force(),list(7618211),list(),list(c.undeath_oc())),1)) and   1 or 0>",,<1>,,
780011,,1,14,,,,,,,<78001;78005>,<1;999>,<1;1>,,<10000;self:BhpMax()*0.3>,,
780021,,1,14,,,,,,,<78002>,<999>,<1>,,<2>,,
780031,,1,14,,,,,,,<78003;78005>,<999;999>,<1;1>,,<10000;self:BhpMax()*0.3>,,
780041,,1,14,,,,,,,<78004>,<999>,<1>,,<3000>,,
781011,,1,14,,,,,,,<781011>,<999>,<1>,,<0>,,
781031,,1,14,,,,,,,<781031>,<999>,<1>,,<0>,,
781041,,1,14,,,,,,,<781041>,<999>,<1>,,<0>,,
790051,,1,14,,,,,,,<7900511;7900512>,<999;999>,<1;1>,,<500;500>,,
800011,,1,14,,,,,,,<800011>,<999>,<1>,,<0>,,
800021,,1,14,,,,,,,<800021>,<999>,<1>,,<0>,,
800031,,1,14,,,,,,,<800031>,<999>,<1>,,<-(self:lostHp())*0.05>,,
800041,,,11,,,,,,,<800041>,<999>,<1>,,<0>,,
800051,,1,14,,,,,,,<800051;800052>,<999;999>,<1;1>,,"<math.max(self:specialDefence(),self:defence())*0.3;math.max(self:specialDefence(),self:defence())*0.3>",,
800061,,1,14,,,,,,,<800061>,<999>,<1>,,<0>,,
800071,,1,14,,,,,,,<800071>,<999>,<1>,,<0>,,
800081,,1,14,,,,,,,<800081>,<999>,<1>,,<0>,,
800091,,1,14,,,,,,,<800091>,<999>,<1>,,<0>,,
800101,,1,14,,,,,,,<800101>,<999>,<1>,,<0>,,
800111,,1,14,,,,,,,<800111>,<999>,<1>,,<0>,,
800121,,1,14,,,,,,,<800121;800122;800123;800124;800126;800127;800128;800129;800130>,<999;999;999;999;999;999;999;999;999>,<1;1;1;1;1;1;1;1;1>,,<0;0;0;0;0;0;0;0;0>,,
800131,,1,14,,,,,,,<800131>,<1>,<1>,,<0>,,
800141,,1,11,,,,,,,<800141>,<999>,<1>,,<0>,,
800142,,,11,,,,,,,<800141>,<999>,<1>,,<0>,,
800151,,1,14,,,,,,,<800151>,<999>,<1>,,<0>,,
800161,,1,14,,,,,,,<800161>,<1>,<1>,,<100>,,
800171,,1,14,,,,,,,<800171>,<999>,<1>,,<100>,,
800181,,1,14,,,,,,,<800181>,<999>,<1>,,<100>,,
800191,,1,14,,,,,,,<800191;800192>,<999;999>,<1;1>,,<target:specialDamage()*0.05*getNatureCount(self:force());target:damage()*0.05*getNatureCount(self:force())>,,
800201,,,,selfForce|nodead,random(1),,,,,<800201;800202>,<999;999>,<1;1>,,<target:specialDamage()*0.2;target:damage()*0.2>,,
800211,,1,14,,,,,,,<800211;800212>,<999;999>,<1;1>,,<target:specialDamage()*0.05;target:damage()*0.05>,,
800221,,1,14,,,,,,,<800221;800222>,<999;999>,<1;1>,,<500;500>,,
800231,,1,14,,,,,,,<800231>,<999>,<1>,,<self:AspecialDamage()*0.5>,,
800241,,1,14,,,,,,,<800241;800242>,<999;999>,<1;1>,,<2000;0>,,
800251,,1,14,,,,,,,<800251>,<999>,<1>,,<self:Adamage()*0.5>,,
800261,,1,14,,,,,,,<800261>,<999>,<1>,,<0>,,
800271,,1,14,,,,,,,<800271>,<999>,<1>,,<0>,,
800281,,1,14,,,,,,,<800281>,<999>,<1>,,<0>,,
800291,,,11,,,,,,,<800291>,<999>,<target:hasBuffGroup(c.zhuoshao_oc()) and 1 or 0>,,<target:sumBuffLifeRoundByGroup(c.zhuoshao_oc())*target:sumBuffOverlayByGroup(c.zhuoshao_oc()) * self:specialDamage()*0.4>,,
800301,,1,14,,,,,,,<800303>,<999>,"<target:hasBuffGroup(10002,21,22,23,24,25,1500) and 1 or 0;target:hasBuffGroup(10002,21,22,23,24,25,1500) and 1 or 0>",,<0>,,
800311,,1,14,,,,,,,<800311>,<999>,<1>,,<0>,,
800321,,1,14,,,,,,,<800321>,<999>,<1>,,<self:suckBlood()*0.5>,,
800331,,1,14,,,,,,,<800331>,<999>,<1>,,<(self:suckBlood()-1)*500>,,
800341,,1,14,,,,,,,<800341>,<999>,<1>,,<0>,,
800351,,1,14,,,,,,,<800351>,<999>,<1>,,<0>,,
800361,,1,14,,,,,,,<800361>,<999>,<1>,,<0>,,
800371,,1,14,,,,,,,<800371>,<999>,<1>,,<0>,,
800381,,1,14,,,,,,,<800381;800382>,<2;2>,<1;1>,,<target:damage();target:specialDamage()>,,
800391,,1,,selfForce,"attr(""speed"", 'max',1)",,,,,<800391>,<1>,<1>,,<1>,,
800401,,,11,,,,,,,<800401>,<1>,<0.15>,,<target:hpMax()*0.5>,,
800411,,,11,,,,,,,<800411>,<1>,<1>,,<target:hpMax()+1>,,
800421,,1,14,,,,,,,<800421>,<1>,<1>,,<200*getNatureCount(self:force())>,,
800431,,1,14,,,,,,,<800431>,<999>,<1>,,<3000>,,
800441,,1,14,,,,,,,<800441;800442;800443>,<999;999;999>,<1;1;1>,,<self:defence()*0.05;self:specialDefence()*0.05;500>,,
800451,,1,14,,,,,,,<800451>,<999>,<1>,,<0>,,
800461,,1,14,,,,,,,<800461>,<999>,<1>,,<0>,,
800471,,1,14,,,,,,,<800471>,<999>,<1>,,<<1;self:hpMax()*0.5;self:mp1Max()>>,,
800481,,,20,,,,,1,,,,,,,,
800482,,,,enemyForce|nodead,otherProcessExcept(800481)|random(1),,,,,<800481>,<1>,<0.25>,,<0>,,
800491,,1,14,,,,,,,<800491>,<999>,<1>,,<2000>,,
800501,,,,selfForce|nodead,"attr(""damage"",""max"",1)",,,,,<800501>,<3>,<1>,,<0>,,
800511,,1,,selfForce,"buffDiffer('group',{1500,1501,1502})",,,,,<800511>,<999>,<1>,,<0.15>,,
800521,,,11,,,,,,,<800521>,<2>,<1>,,<0>,,
800531,,,11,,,,,,,<800531>,<1>,<1>,,<1>,,
800541,,1,14,,,,,,,<800541>,<1>,<1>,,"<50*countNatureTypeCount(self:force(),1)>",,
800551,,1,14,,,,,,,<800551>,<1>,"<less(getNatureCount(self:force()) , 3) and 1 or 0>",,<500>,,
800561,,1,14,,,,,,,<800561>,<999>,<1>,,<10000>,,
800571,,1,14,,,,,,,<800571>,<1>,<1>,,<1000>,,
800581,,1,14,,,,,,,<800581>,<2>,"<more(target:lostHp(),0) and 1 or 0>",,<target:lostHp()>,,
800591,,1,14,,,,,,,<800591>,<1>,"<moreThan(math.floor((target:lostHp())/target:hpMax()*10),1)and 1 or 0>",,<math.floor((target:lostHp())/target:hpMax()*10)*800>,,
800601,,,11,,,,,,,<800601>,<1>,<1>,,<-99999>,,
800611,,1,14,,,,,,,<800611>,<999>,<1>,,<0>,,
800621,,1,14,,,,,,,<800621>,<1>,<1>,,<(target:lostHp())*0.15>,,
800631,,1,14,,,,,,,<800631>,<999>,<1>,,<0>,,
800641,,,21,,,,7,,,<800641>,<1>,<1>,,<0>,,
800651,,1,14,,,,,,,<800651>,<999>,<1>,,<0>,,
800661,,1,14,,,,,,,<800661>,<999>,<1>,,<2000>,,
800671,,1,14,,,,,,,<800671>,<999>,<1>,,<0>,,
800681,,,11,,,,,,,<800681>,<1>,"<lessThan(target:hp()/target:hpMax(),0.1) and 1 or 0>",,<999999999>,,
800691,,1,11,,,,,,,<800691>,<1>,<1>,,<target:speed()*0.2>,,
800701,,1,11,,,,,,,<800701>,<999>,<1>,,<getNatureCount(self:force())*target:speed()*0.04>,,
800711,,1,2,,,,,,,<800711>,<999>,<1>,,<5000>,,
800721,,,11,,,,,,,<800721>,<999>,<1>,,<-target:hpMax()*0.1>,,
800731,,1,14,,,,,,,<800731>,<999>,<1>,,<0>,,
800741,,,11,,,,,,,<800741>,<999>,<1>,,<0>,,
800751,,1,14,,,,,,,<800751>,<999>,<1>,,<0>,,
800761,,1,14,,,,,,,<800761>,<999>,<1>,,<0>,,
800771,,1,14,,,,,,,<800771>,<999>,<1>,,<0>,,
800781,,1,14,,,,,,,<800781;800782>,<999;999>,<1;1>,,<0;0>,,
800791,,,11,,,,,,,<800791>,<1>,<1>,,"<math.max(getdamage(self:force(),1),getspecialDamage(self:force(),1))*0.2>",,
800801,,1,23,,,,13,,,<800801>,<999>,<1>,,"<gethpMax(self:force(),1)>",,
800811,,1,11,,,,,,,<800811;800812;800813;800814;800815;800816;800817;800818;800819;800820;800821;800822>,<999;999;999;999;999;999;999;999;999;999;999;999>,<1;1;1;1;1;1;1;1;1;1;1;1>,,"<list(list(1500),1);list(list(1510),1);list(list(1520,1530,2540,1550),1);list(list(1501),1);list(list(1502),1);list(list(1503),1);list(list(1511),1);list(list(1512),1);list(list(1513),1);list(list(1521),1);list(list(1522),1);list(list(1523),1)>",,
800821,,1,14,,,,,,,<800825;800826>,<1;1>,<1;1>,,<10000;-2000>,,
800831,,1,14,,,,,,,<800831>,<999>,<1>,,<1>,,
800841,,1,14,,,,,,,<800841>,<999>,<1>,,<1>,,
800851,,1,14,,,,,,,<800851>,<999>,<1>,,<1>,,
800861,,1,14,,,,,,,<800861>,<999>,<1>,,<200>,,
800871,,1,14,,,,,,,<800871;800872>,<999;999>,<1;1>,,<1;1>,,
800881,,1,14,,,,,,,<800881>,<999>,<1>,,<1>,,
800891,,1,14,,,,,,,<800891>,<999>,<1>,,<1>,,
800901,,1,14,,,,,,,<800901>,<999>,<1>,,<1>,,
800911,,1,14,,,,,,,<800911>,<999>,<1>,,<1>,,
800921,,1,14,,,,,,,<800921>,<999>,<1>,,<1>,,
800931,,1,14,,,,,,,<800931>,<999>,<1>,,<1>,,
800941,,1,14,,,,,,,<800941>,<999>,<1>,,<1>,,
800951,,1,14,,,,,,,<800951>,<999>,<1>,,<1>,,
800952,,2,11,,,,,,,<800954>,<999>,<1>,,<1>,,
800961,,1,14,,,,,,,<800961>,<999>,<1>,,<1>,,
800962,,2,11,,,,,,,<800963>,<999>,<1>,,<1>,,
800971,,1,14,,,,,,,<800971>,<999>,<1>,,<1>,,
800981,,1,14,,,,,,,<800981>,<999>,<1>,,<1>,,
800991,,1,14,,,,,,,<800991>,<999>,<1>,,<1>,,
801001,,1,14,,,,,,,<801001>,<999>,<1>,,<1>,,
801021,,1,14,,,,,,,<801021>,<999>,<1>,,<<0.7;0.3>>,,
801031,,1,14,,,,,,,<801031>,<999>,<1>,,<<0.3;0.4>>,,
801041,,1,14,,,,,,,<801041;801042;801043>,<999;999;999>,<1;1;1>,,<self:suckBlood()*30000;1;1>,,
801051,,1,14,,,,,,,<801051;801052>,<999;999>,<99;99>,,<self:suckBlood()*3*self:speed();0>,,
801061,,1,14,,,,,,,<801061;801064>,<999;999>,<99;99>,,<0;0>,,
801071,,1,14,,,,,,,<801071;801073>,<999;999>,<1;1>,,<0;0>,,
801081,,1,14,,,,,,,<801081;801083>,<999;999>,<1;1>,,<0;0>,,
810011,,1,14,,,,,,,<810011;810013>,<999;999>,<1;1>,,<0;0>,,
810021,,1,14,,,,,,,<810021;810022>,<999;999>,<1;1>,,<0;0>,,
810031,,1,14,,,,,,,<810031;810032>,<999;999>,<1;1>,,<0;0>,,
810041,,1,14,,,,,,,<810041;810042>,<999;999>,<1;1>,,<0;0>,,
810051,,1,14,,,,,,,<810051;810052>,<999;999>,<1;1>,,<0;0>,,
810061,,1,14,,,,,,,<810061;810062>,<999;999>,<1;1>,,<0;0>,,
810071,,1,14,,,,,,,<810071;810072>,<999;999>,<1;1>,,<0;0>,,
810081,,1,14,,,,,,,<810081;810082>,<999;999>,<1;1>,,<0;0>,,
810091,,1,14,,,,,,,<810091;810092>,<999;999>,<1;1>,,<0;0>,,
810101,,1,14,,,,,,,<810101;810102>,<999;999>,<1;1>,,<0;0>,,
810111,,1,14,,,,,,,<810111;810113>,<999;999>,<1;1>,,<0;0>,,
810121,,1,14,,,,,,,<810121;810122>,<999;999>,<1;1>,,<0;0>,,
810131,,1,14,,,,,,,<810131;810132>,<999;999>,<1;1>,,<0;0>,,
810141,,1,14,,,,,,,<810141;810142>,<999;999>,<1;1>,,<0;0>,,
810151,,1,14,,,,,,,<810151;810152>,<999;999>,<1;1>,,<0;0>,,
810161,,1,14,,,,,,,<810161;810162>,<999;999>,<1;1>,,<0;0>,,
810171,,1,14,,,,,,,<810171;810172>,<999;999>,<1;1>,,<0;0>,,
810181,,1,14,,,,,,,<810181;810182>,<999;999>,<1;1>,,<0;0>,,
810191,,1,14,,,,,,,<810191;810192>,<999;999>,<1;1>,,<0;0>,,
810201,,1,14,,,,,,,<810201;810202>,<999;999>,<1;1>,,<0;0>,,
810211,,1,14,,,,,,,<810211;810212>,<999;999>,<1;1>,,<0;0>,,
810221,,1,14,,,,,,,<810221;810222>,<999;999>,<1;1>,,<0;0>,,
810231,,1,14,,,,,,,<810231;810232>,<999;999>,<1;1>,,<0;0>,,
810241,,1,14,,,,,,,<810241;810242>,<999;999>,<1;1>,,<0;0>,,
810251,,1,14,,,,,,,<810251;810252>,<999;999>,<1;1>,,<0;0>,,
810261,,1,14,,,,,,,<810261;810262>,<999;999>,<1;1>,,<0;0>,,
810271,,1,14,,,,,,,<810271;810272>,<999;999>,<1;1>,,<0;0>,,
810281,,1,14,,,,,,,<810281;810282>,<999;999>,<1;1>,,<0;0>,,
810291,,1,14,,,,,,,<810291;810292>,<999;999>,<1;1>,,<0;0>,,
810301,,1,14,,,,,,,<810301;810302>,<999;999>,<1;1>,,<0;0>,,
810311,,1,14,,,,,,,<810311;810312>,<999;999>,<1;1>,,<0;0>,,
810321,,1,14,,,,,,,<810321;810322>,<999;999>,<1;1>,,<0;0>,,
810331,,1,14,,,,,,,<810331;810332>,<999;999>,<1;1>,,<0;0>,,
811011,,1,14,,,,,,,<811011;811012>,<999;999>,<1;1>,,<0;0>,,
811021,,1,14,,,,,,,<811021;811022>,<999;999>,<1;1>,,<0;0>,,
811031,,1,14,,,,,,,<811031;811032>,<999;999>,<1;1>,,<0;0>,,
811041,,1,14,,,,,,,<811041;811042>,<999;999>,<1;1>,,<0;0>,,
811051,,1,14,,,,,,,<811051>,<999>,<1>,,<0>,,
811061,,1,14,,,,,,,<811061;811062>,<999;999>,<1;1>,,<0;0>,,
811071,,1,14,,,,,,,<811071;811072>,<999;999>,<1;1>,,<0;0>,,
811081,,1,14,,,,,,,<811081;811082>,<999;999>,<1;1>,,<0;0>,,
811091,,1,14,,,,,,,<811091;811092>,<999;999>,<1;1>,,<0;0>,,
811101,,1,14,,,,,,,<811101;811102>,<999;999>,<1;1>,,<0;0>,,
811111,,1,14,,,,,,,<811111;811112>,<999;999>,<1;1>,,<0;0>,,
820011,,1,14,,,,,,,<820011;820012>,<999;999>,<1;1>,,<0;<1;99;1>>,,
820021,,1,14,,,,,,,<820011;820021>,<999;999>,<1;1>,,<0;<1;99;1>>,,
820031,,1,14,,,,,,,<820011;820031>,<999;999>,<1;1>,,<0;0>,,
820041,,1,14,,,,,,,<820011;820041>,<999;999>,<1;1>,,<0;0>,,
820051,,1,14,,,,,,,<820011;820051>,<999;999>,<1;1>,,<0;0>,,
820061,,1,14,,,,,,,<820011;820061>,<999;999>,<1;1>,,<0;0>,,
820071,,1,14,,,,,,,<820011;820071;820074>,<999;999;999>,<1;1;1>,,<0;0;<1;99;1>>,,
820081,,1,14,,,,,,,<820011;820081;820083>,<999;999;999>,<1;1;1>,,<0;0;<1;99;1>>,,
820091,,1,14,,,,,,,<820011;820091>,<999;999>,<1;1>,,<0;0>,,
820101,,1,14,,,,,,,<820011;820101>,<999;999>,<1;1>,,<0;0>,,
820111,,,,,,,,,,,,,,,,
820121,,,,,,,,,,,,,,,,
820131,,,,,,,,,,,,,,,,
820141,,,,,,,,,,,,,,,,
820151,,,,,,,,,,,,,,,,
820161,,1,14,,,,,,,<820011;820161>,<999;999>,<1;1>,,<0;0>,,
820171,,1,14,,,,,,,<820011;820171>,<999;999>,<1;1>,,<0;0>,,
820181,,,,,,,,,,,,,,,,
820191,,,,,,,,,,,,,,,,
820201,,,,,,,,,,,,,,,,
820211,,1,14,,,,,,,<820011;820211>,<999;999>,<1;1>,,<0;0>,,
820221,,1,14,,,,,,,<820011>,<999>,<1>,,<0>,,
820231,,1,14,,,,,,,<820011>,<999>,<1>,,<0>,,
820241,,,,,,,,,,,,,,,,
820251,,,,,,,,,,,,,,,,
821011,,1,14,,,,,,,<821011;821012>,<999;999>,<1;1>,,<0;0>,,
821021,,1,14,,,,,,,<821011;821021>,<999;999>,<1;1>,,<0;1200>,,
821031,,1,14,,,,,,,<821011;821031>,<999;999>,<1;1>,,<0;1800>,,
821041,,1,14,,,,,,,<821011;821041>,<999;999>,<1;1>,,<0;0>,,
821051,,1,14,,,,,,,<821011;821051>,<999;999>,<1;1>,,<0;0>,,
821061,,1,14,,,,,,,<821011;821061>,<999;999>,<1;1>,,<0;0>,,
821071,,1,14,,,,,,,<821011;821071>,<999;999>,<1;1>,,<0;0>,,
821081,,1,14,,,,,,,<821011;821081>,<999;999>,<1;1>,,<0;0>,,
821091,,1,14,,,,,,,<821011;821091>,<999;999>,<1;1>,,<0;0>,,
821101,,1,14,,,,,,,<821011;821101;821102>,<999;999;999>,<1;1;1>,,<0;1000;0>,,
821111,,,,,,,,,,,,,,,,
821121,,,,,,,,,,,,,,,,
821131,,,,,,,,,,,,,,,,
821141,,,,,,,,,,,,,,,,
821151,,,,,,,,,,,,,,,,
821161,,1,14,,,,,,,<821011;821161>,<999;999>,<1;1>,,<0;0>,,
821171,,1,14,,,,,,,<821011;821171>,<999;999>,<1;1>,,<0;0>,,
821181,,,,,,,,,,,,,,,,
821191,,,,,,,,,,,,,,,,
821201,,,,,,,,,,,,,,,,
821211,,1,14,,,,,,,<821011;821211>,<999;999>,<1;1>,,<0;0>,,
821221,,1,14,,,,,,,<821011;821221>,<999;999>,<1;1>,,<0;0>,,
821231,,1,14,,,,,,,<821011;821231>,<999;999>,<1;1>,,<0;0>,,
821241,,,,,,,,,,,,,,,,
821251,,,,,,,,,,,,,,,,
822011,,1,14,,,,,,,<822011;822012>,<999;999>,<1;1>,,<0;0>,,
822021,,1,14,,,,,,,<822011;822021>,<999;999>,<1;1>,,<0;2000>,,
822031,,1,14,,,,,,,<822011;822031>,<999;999>,<1;1>,,<0;4000>,,
822041,,1,14,,,,,,,<822011;822041>,<999;999>,<1;1>,,<0;0>,,
822051,,1,14,,,,,,,<822011;822051>,<999;999>,<1;1>,,<0;0>,,
822061,,1,14,,,,,,,<822011;822061>,<999;999>,<1;1>,,<0;0>,,
822071,,1,14,,,,,,,<822011;822071>,<999;999>,<1;1>,,<0;0>,,
822081,,1,14,,,,,,,<822011;822081>,<999;999>,<1;1>,,<0;0>,,
822091,,1,14,,,,,,,<822011;822091>,<999;999>,<1;1>,,<0;0>,,
822101,,1,14,,,,,,,<822011;822101>,<999;999>,<1;1>,,<0;0>,,
822111,,,,,,,,,,,,,,,,
822121,,,,,,,,,,,,,,,,
822131,,,,,,,,,,,,,,,,
822141,,,,,,,,,,,,,,,,
822151,,,,,,,,,,,,,,,,
822161,,1,14,,,,,,,<822011;822161>,<999;999>,<1;1>,,<0;-200>,,
822171,,1,14,,,,,,,<822011;822171>,<999;999>,<1;1>,,<0;0>,,
822181,,,,,,,,,,,,,,,,
822191,,,,,,,,,,,,,,,,
822201,,,,,,,,,,,,,,,,
822211,,1,14,,,,,,,<822011;822211>,<999;999>,<1;1>,,<0;0>,,
822221,,1,14,,,,,,,<822011;822221>,<999;999>,<1;1>,,<0;0>,,
822231,,1,14,,,,,,,<822011;822231;822232>,<999;1;999>,<1;1;1>,,<0;1000;2000>,,
822241,,,,,,,,,,,,,,,,
822251,,,,,,,,,,,,,,,,
823011,,1,14,,,,,,,<823011;823012>,<999;999>,<1;1>,,<0;0>,,
823021,,1,14,,,,,,,<823011;823021>,<999;999>,<1;1>,,<0;0>,,
823031,,1,14,,,,,,,<823011;823031>,<999;999>,<1;1>,,<0;self:hpMax()*0.1>,,
823041,,1,14,,,,,,,<823011;823041>,<999;999>,<1;1>,,<0;0>,,
823051,,1,14,,,,,,,<823011;823051>,<999;999>,<1;1>,,<0;0>,,
823061,,1,14,,,,,,,<823011;823061>,<999;999>,<1;1>,,<0;0>,,
823071,,1,14,,,,,,,<823011;823071>,<999;999>,<1;1>,,<0;0>,,
823081,,1,14,,,,,,,<823011;823081>,<999;999>,<1;1>,,<0;0>,,
823091,,1,14,,,,,,,<823011;823091>,<999;999>,<1;1>,,<0;0>,,
823101,,1,14,,,,,,,<823011;823101>,<999;999>,<1;1>,,<0;0>,,
823111,,,,,,,,,,,,,,,,
823121,,,,,,,,,,,,,,,,
823131,,,,,,,,,,,,,,,,
823141,,,,,,,,,,,,,,,,
823151,,,,,,,,,,,,,,,,
823161,,1,14,,,,,,,<823011;823161>,<999;999>,<1;1>,,<0;0>,,
823171,,1,14,,,,,,,<823011;823171>,<999;999>,<1;1>,,<0;0>,,
823181,,,,,,,,,,,,,,,,
823191,,,,,,,,,,,,,,,,
823201,,,,,,,,,,,,,,,,
823211,,1,14,,,,,,,<823011;823211>,<999;999>,<1;1>,,<0;0>,,
823221,,1,14,,,,,,,<823011;823221>,<999;999>,<1;1>,,<0;0>,,
823231,,1,14,,,,,,,<823011;823231>,<999;999>,<1;1>,,<0;0>,,
823241,,,,,,,,,,,,,,,,
823251,,,,,,,,,,,,,,,,
824011,,1,14,,,,,,,<824011;824012>,<999;999>,<1;1>,,<0;0>,,
824021,,1,14,,,,,,,<824011;824021>,<999;999>,<1;1>,,<0;2000>,,
824031,,1,14,,,,,,,<824011>,<999>,<1>,,<0>,,
824032,,,11,,,,,,,<824031>,<999>,<1>,,<-2000>,,
824041,,1,14,,,,,,,<824011;824041>,<999;999>,<1;1>,,<0;0>,,
824051,,1,14,,,,,,,<824011;824051>,<999;999>,"<1;less(countObjByBuffExGroup(self:force(),list(824051),list(),list(c.undeath_oc())),1) and 1 or 0>",,<0;0>,,
824061,,1,14,,,,,,,<824011;824061>,<999;999>,<1;1>,,<0;0>,,
824071,,1,14,,,,,,,<824011;824071>,<999;999>,<1;1>,,<0;0>,,
824081,,1,14,,,,,,,<824011;824081>,<999;999>,<1;1>,,<0;0>,,
824091,,1,14,,,,,,,<824011;824091>,<999;999>,<1;1>,,<0;0>,,
824101,,1,14,,,,,,,<824011>,<999>,<1>,,<0>,,
824102,,,11,,,,,,,<824101>,<999>,<1>,,<0>,,
824111,,,,,,,,,,,,,,,,
824121,,,,,,,,,,,,,,,,
824131,,,,,,,,,,,,,,,,
824141,,,,,,,,,,,,,,,,
824151,,,,,,,,,,,,,,,,
824161,,1,14,,,,,,,<824011;824161>,<999;999>,"<1;less(countObjByBuffExGroup(self:force(),list(824161),list(),list(c.undeath_oc())),1) and 1 or 0>",,<0;0>,,
824171,,1,14,,,,,,,<824011;824171>,<999;999>,"<1;less(countObjByBuffExGroup(self:force(),list(824171),list(),list(c.undeath_oc())),1) and 1 or 0>",,<0;0>,,
824181,,,,,,,,,,,,,,,,
824191,,,,,,,,,,,,,,,,
824201,,,,,,,,,,,,,,,,
824211,,1,14,,,,,,,<824011;824211>,<999;999>,"<1;less(countObjByBuffExGroup(self:force(),list(824211),list(),list(c.undeath_oc())),1) and 1 or 0>",,<0;0>,,
824221,,1,14,,,,,,,<824011;824221>,<999;999>,<1;1>,,<0;0>,,
824231,,1,14,,,,,,,<824011;824231>,<999;999>,<1;1>,,<0;0>,,
824241,,,,,,,,,,,,,,,,
824251,,,,,,,,,,,,,,,,
826011,,1,14,,,,,,,<826011;826012>,<999;999>,<1;1>,,<0;0>,,
826021,,1,14,,,,,,,<826011;826021>,<999;999>,<1;1>,,<0;0>,,
826031,,1,14,,,,,,,<826011;826031>,<999;999>,<1;1>,,<0;0>,,
826041,,1,14,,,,,,,<826011;826041>,<999;999>,<1;1>,,<0;0>,,
826051,,1,14,,,,,,,<826011;826051>,<999;999>,<1;1>,,<0;0>,,
826061,,1,14,,,,,,,<826011;826061;826062>,<999;999;999>,<1;1;self:hasSkill(83903) and 1 or 0>,,<0;2000;0>,,
826071,,1,14,,,,,,,<826011;826071>,<999;999>,<1;1>,,<0;0>,,
826081,,1,14,,,,,,,<826011;826081>,<999;999>,<1;1>,,<0;0>,,
826091,,1,14,,,,,,,<826011;826091>,<999;999>,<1;1>,,<0;0>,,
826101,,1,14,,,,,,,<826011;826101>,<999;999>,<1;1>,,<0;0>,,
826111,,,,,,,,,,,,,,,,
826121,,,,,,,,,,,,,,,,
826131,,,,,,,,,,,,,,,,
826141,,,,,,,,,,,,,,,,
826151,,,,,,,,,,,,,,,,
826161,,1,14,,,,,,,<826011;826161;826166>,<999;999;999>,<1;1;1>,,<0;0;0>,,
826171,,1,14,,,,,,,<826011;826171>,<999;999>,<1;1>,,<0;0>,,
826181,,,,,,,,,,,,,,,,
826191,,,,,,,,,,,,,,,,
826201,,,,,,,,,,,,,,,,
826211,,1,14,,,,,,,<826011;826211>,<999;999>,<1;1>,,<0;0>,,
826221,,1,14,,,,,,,<826011;826221>,<999;999>,<1;1>,,<0;0>,,
826231,,1,14,,,,,,,<826011;826231;826234>,<999;999;999>,<1;1;self:hasSkill(83903) and 1 or 0>,,<0;0;0>,,
826241,,,,,,,,,,,,,,,,
826251,,,,,,,,,,,,,,,,
830001,,1,14,,,,,,,<830001>,<999>,<1>,,<0>,,
830011,,1,14,,,,,,,<830011>,<999>,<1>,,<0>,,
830021,,1,14,,,,,,,<830021>,<999>,<1>,,<0>,,
830031,,1,14,,,,,,,<830031>,<999>,<1>,,<0>,,
830041,,1,14,,,,,,,<830041>,<999>,<1>,,<0>,,
830051,,1,14,,,,,,,<830051>,<999>,<1>,,<0>,,
830101,,1,14,,,,,,,<830101>,<999>,<1>,,<0>,,
830201,,1,14,,,,,,,<830201>,<999>,<1>,,<0>,,
830211,,1,14,,,,,,,<830211>,<999>,<1>,,<0>,,
830221,,1,14,,,,,,,<830311>,<999>,<1>,,<0>,,
830231,,1,14,,,,,,,<830411>,<999>,<1>,,<0>,,
830241,,1,14,,,,,,,<830511>,<999>,<1>,,<0>,,
830251,,1,14,,,,,,,<830611>,<999>,<1>,,<0>,,
830261,,1,14,,,,,,,<830711>,<999>,<1>,,<0>,,
830301,,1,14,,,,,,,<831111>,<999>,<1>,,<0>,,
830311,,1,14,,,,,,,<831211>,<999>,<1>,,<0>,,
830321,,1,14,,,,,,,<831311>,<999>,<1>,,<0>,,
830331,,1,14,,,,,,,<831411>,<999>,<1>,,<0>,,
830341,,1,14,,,,,,,<831511>,<999>,<1>,,<0>,,
830351,,1,14,,,,,,,<831611>,<999>,<1>,,<0>,,
840011,,1,14,,,,,,,<840011>,<999>,<target:natureIntersection(list(2)) and 1 or 0>,,<0>,,
840021,,1,14,,,,,,,<840021>,<999>,<target:natureIntersection(list(4)) and 1 or 0>,,<0>,,
840031,,1,14,,,,,,,<840025>,<999>,<target:natureIntersection(list(14)) and 1 or 0>,,<0>,,
840041,,1,14,,,,,,,<840031>,<999>,<target:natureIntersection(list(16)) and 1 or 0>,,<0>,,
840051,,1,14,,,,,,,<840051>,<999>,<target:natureIntersection(list(5)) and 1 or 0>,,<0>,,
840061,,1,14,,,,,,,<840061>,<999>,<target:natureIntersection(list(3)) and 1 or 0>,,<0>,,
840071,,1,14,,,,,,,<840071>,<999>,<target:natureIntersection(list(9)) and 1 or 0>,,<0>,,
840081,,1,14,,,,,,,<840081>,<999>,<target:natureIntersection(list(13)) and 1 or 0>,,<0>,,
840091,,1,14,,,,,,,<840091>,<999>,<target:natureIntersection(list(17)) and 1 or 0>,,<0>,,
840101,,1,14,,,,,,,<840101>,<999>,<target:natureIntersection(list(6)) and 1 or 0>,,<0>,,
840111,,1,14,,,,,,,<840111>,<999>,<target:natureIntersection(list(11)) and 1 or 0>,,<0>,,
840121,,1,14,,,,,,,<840121>,<999>,<target:natureIntersection(list(18)) and 1 or 0>,,<0>,,
840131,,1,14,,,,,,,<840131>,<999>,<target:natureIntersection(list(10)) and 1 or 0>,,<0>,,
840141,,1,14,,,,,,,<840141>,<999>,<target:natureIntersection(list(15)) and 1 or 0>,,<0>,,
840151,,1,14,,,,,,,<840151>,<999>,<target:natureIntersection(list(1)) and 1 or 0>,,<0>,,
840161,,1,14,,,,,,,<840161>,<999>,<target:natureIntersection(list(7)) and 1 or 0>,,<0>,,
840171,,1,14,,,,,,,<840171>,<999>,<target:natureIntersection(list(12)) and 1 or 0>,,<0>,,
840181,,1,14,,,,,,,<840181>,<999>,<target:natureIntersection(list(8)) and 1 or 0>,,<0>,,
841011,,1,14,,,,,,,<841011>,<999>,<1>,,<0>,,
841021,,1,14,,,,,,,<841021>,<999>,<1>,,<0>,,
841031,,1,14,,,,,,,<841031>,<999>,<1>,,<0>,,
841041,,1,14,,,,,,,<841041>,<999>,<1>,,<0>,,
841051,,1,14,,,,,,,<841051>,<999>,<1>,,<0>,,
841061,,1,14,,,,,,,<841061>,<999>,<1>,,<0>,,
841071,,1,14,,,,,,,<841071>,<999>,<1>,,<0>,,
850011,,1,14,,,,,,,<8500111>,<999>,<1>,,<0>,,
850021,,1,14,,,,,,,<8500211>,<999>,<1>,,<0>,,
850031,,1,14,,,,,,,<8500311>,<999>,<1>,,<0>,,
850041,,1,14,,,,,,,<8500411>,<999>,<1>,,<0>,,
850051,,1,14,,,,,,,<8500511>,<999>,<1>,,<0>,,
850061,,1,14,,,,,,,<8500611>,<999>,<1>,,<0>,,
850071,,1,14,,,,,,,<8500711>,<999>,<1>,,<0>,,
850081,,1,14,,,,,,,<8500811>,<999>,<1>,,<0>,,
850091,,1,14,,,,,,,<8500911>,<999>,<1>,,<0>,,
850101,,1,14,,,,,,,<8501011>,<999>,<1>,,<0>,,
850111,,1,14,,,,,,,<8501111>,<999>,<1>,,<0>,,
850121,,1,14,,,,,,,<8501211>,<999>,<1>,,<0>,,
850131,,1,14,,,,,,,<8501311>,<999>,<1>,,<0>,,
850141,,1,14,,,,,,,<8501411>,<999>,<1>,,<0>,,
850151,,1,14,,,,,,,<8501511>,<999>,<1>,,<0>,,
850161,,1,14,,,,,,,<8501611>,<999>,<1>,,<0>,,
850171,,1,14,,,,,,,<8501711>,<999>,<1>,,<0>,,
850181,,1,14,,,,,,,<8501811>,<999>,<1>,,<0>,,
850191,,1,14,,,,,,,<8501911>,<999>,<1>,,<0>,,
850201,,1,14,,,,,,,<8502011>,<999>,<1>,,<0>,,
850211,,1,14,,,,,,,<8502111>,<999>,<1>,,<0>,,
850221,,1,14,,,,,,,<8502211>,<999>,<1>,,<0>,,
850231,,1,14,,,,,,,<8502311>,<999>,<1>,,<0>,,
850241,,1,14,,,,,,,<8502411>,<999>,<1>,,<0>,,
850251,,1,14,,,,,,,<8502511>,<999>,<1>,,<0>,,
850261,,1,14,,,,,,,<8502611>,<999>,<1>,,<0>,,
850271,,1,14,,,,,,,<8502711>,<999>,<1>,,<0>,,
850281,,1,14,,,,,,,<8502811>,<999>,<1>,,<0>,,
850291,,1,14,,,,,,,<8502911>,<999>,<1>,,<0>,,
850301,,1,14,,,,,,,<8503011>,<999>,<1>,,<0>,,
850311,,1,14,,,,,,,<8503111>,<999>,<1>,,<0>,,
850321,,1,14,,,,,,,<8503211>,<999>,<1>,,<0>,,
850331,,1,14,,,,,,,<8503311>,<999>,<1>,,<0>,,
850341,,1,14,,,,,,,<8503411>,<999>,<1>,,<0>,,
850351,,1,14,,,,,,,<8503511>,<999>,<1>,,<0>,,
850361,,1,14,,,,,,,<8503611>,<999>,<1>,,<0>,,
850371,,1,14,,,,,,,<8503711>,<999>,<1>,,<0>,,
850381,,1,14,,,,,,,<8503811>,<999>,<1>,,<0>,,
850391,,1,14,,,,,,,<8503911>,<999>,<1>,,<0>,,
850401,,1,14,,,,,,,<8504011>,<999>,<1>,,<0>,,
850411,,1,14,,,,,,,<8504111>,<999>,<1>,,<0>,,
850421,,1,14,,,,,,,<8504211>,<999>,<1>,,<0>,,
850431,,1,14,,,,,,,<8504311>,<999>,<1>,,<0>,,
850441,,1,14,,,,,,,<8504411>,<999>,<1>,,<0>,,
850451,,1,14,,,,,,,<8504511>,<999>,<1>,,<0>,,
850461,,1,14,,,,,,,<8504611>,<999>,<1>,,<0>,,
850471,,1,14,,,,,,,<8504711>,<999>,<1>,,<0>,,
850481,,1,14,,,,,,,<8504811>,<999>,<1>,,<0>,,
850491,,1,14,,,,,,,<8504911>,<999>,<1>,,<0>,,
850501,,1,14,,,,,,,<8505011>,<999>,<1>,,<0>,,
850511,,1,14,,,,,,,<8505111>,<999>,<1>,,<0>,,
850521,,1,14,,,,,,,<8505211>,<999>,<1>,,<0>,,
850531,,1,14,,,,,,,<8505311>,<999>,<1>,,<0>,,
850541,,1,14,,,,,,,<8505411>,<999>,<target:natureIntersection(list(16)) and 1 or 0>,,<0>,,
850551,,1,14,,,,,,,<8505511>,<999>,<target:natureIntersection(list(8)) and 1 or 0>,,<0>,,
851011,,1,14,,,,,,,<8510111>,<999>,<1>,,<0>,,
851021,,1,14,,,,,,,<8510211>,<999>,<1>,,<0>,,
851031,,1,14,,,,,,,<8510311>,<999>,<1>,,<0>,,
851041,,1,14,,,,,,,<8510411>,<999>,<1>,,<0>,,
851051,,1,14,,,,,,,<8510511>,<999>,<1>,,<0>,,
851061,,1,14,,,,,,,<8510611>,<999>,<1>,,<0>,,
851071,,1,14,,,,,,,<8510711>,<999>,<1>,,<0>,,
851081,,1,14,,,,,,,<8510811>,<999>,<1>,,<0>,,
851091,,1,14,,,,,,,<8510911>,<999>,<1>,,<0>,,
851101,,1,14,,,,,,,<8511011>,<999>,<1>,,<0>,,
851111,,1,14,,,,,,,<8511111>,<999>,<1>,,<0>,,
851121,,1,14,,,,,,,<8511211>,<999>,<1>,,<0>,,
851131,,1,14,,,,,,,<8511311>,<999>,<1>,,<0>,,
851141,,1,14,,,,,,,<8511411>,<999>,<1>,,<0>,,
851151,,1,14,,,,,,,<8511511>,<999>,<1>,,<0>,,
851161,,1,14,,,,,,,<8511611>,<999>,<1>,,<0>,,
851171,,1,14,,,,,,,<8511711>,<999>,<1>,,<0>,,
851181,,1,14,,,,,,,<8511811>,<999>,<1>,,<0>,,
851191,,1,14,,,,,,,<8511911>,<999>,<1>,,<0>,,
851201,,1,14,,,,,,,<8512011>,<999>,<1>,,<0>,,
851211,,1,14,,,,,,,<8512111>,<999>,<1>,,<0>,,
851221,,1,14,,,,,,,<8512211>,<999>,<1>,,<0>,,
851231,,1,14,,,,,,,<8512311>,<999>,<1>,,<0>,,
851241,,1,14,,,,,,,<8512411>,<999>,<1>,,<0>,,
851251,,1,14,,,,,,,<8512511>,<999>,<1>,,<0>,,
851261,,1,14,,,,,,,<8512611>,<999>,<1>,,<0>,,
851271,,1,14,,,,,,,<8512711>,<999>,<1>,,<0>,,
851281,,1,14,,,,,,,<8512811>,<999>,<1>,,<0>,,
851291,,1,14,,,,,,,<8512911>,<999>,<1>,,<0>,,
851301,,1,14,,,,,,,<8513011>,<999>,<1>,,<0>,,
851311,,1,14,,,,,,,<8513111>,<999>,<1>,,<0>,,
851321,,1,14,,,,,,,<8513211>,<999>,<1>,,<0>,,
851331,,1,14,,,,,,,<8513311>,<999>,<1>,,<0>,,
851341,,1,14,,,,,,,<8513411>,<999>,<1>,,<0>,,
851351,,1,14,,,,,,,<8513511>,<999>,<1>,,<0>,,
851361,,1,14,,,,,,,<8513611>,<999>,<1>,,<0>,,
851371,,1,14,,,,,,,<8513711>,<999>,<1>,,<0>,,
851381,,1,14,,,,,,,<8513811>,<999>,<1>,,<0>,,
851391,,1,14,,,,,,,<8513911>,<999>,<1>,,<0>,,
851401,,1,14,,,,,,,<8514011>,<999>,<1>,,<0>,,
851411,,1,14,,,,,,,<8514111>,<999>,<1>,,<0>,,
851421,,1,14,,,,,,,<8514211>,<999>,<1>,,<0>,,
851431,,1,14,,,,,,,<8514311>,<999>,<1>,,<0>,,
851441,,1,14,,,,,,,<8514411>,<999>,<1>,,<0>,,
851451,,1,14,,,,,,,<8514511>,<999>,<1>,,<0>,,
851461,,1,14,,,,,,,<8514611>,<999>,<1>,,<0>,,
851471,,1,14,,,,,,,<8514711>,<999>,<1>,,<0>,,
851481,,1,14,,,,,,,<8514811>,<999>,<1>,,<0>,,
851491,,1,14,,,,,,,<8514911>,<999>,<1>,,<0>,,
851501,,1,14,,,,,,,<8515011>,<999>,<1>,,<0>,,
851511,,1,14,,,,,,,<8515111>,<999>,<1>,,<0>,,
851521,,1,14,,,,,,,<8515211>,<999>,<1>,,<0>,,
851531,,1,14,,,,,,,<8515311>,<999>,<1>,,<0>,,
851541,,1,14,,,,,,,<8515411>,<999>,<1>,,<0>,,
851551,,1,14,,,,,,,<8515511>,<999>,<1>,,<0>,,
851561,,1,14,,,,,,,<8515611>,<999>,<1>,,<0>,,
851571,,1,14,,,,,,,<8515711>,<999>,<1>,,<0>,,
851581,,1,14,,,,,,,<8515811>,<999>,<1>,,<0>,,
851591,,1,11,,,,,,,<8515911>,<999>,<1>,,<0>,,
851601,,1,14,,,,,,,<8516011>,<999>,<1>,,<0>,,
851611,,1,14,,,,,,,<8516111>,<999>,<1>,,<0>,,
851621,,1,14,,,,,,,<8516211>,<999>,<1>,,<0>,,
851631,,1,14,,,,,,,<8516311>,<999>,<1>,,<0>,,
851641,,1,14,,,,,,,<8516411>,<999>,<1>,,<0>,,
851651,,1,14,,,,,,,<8516511>,<999>,<1>,,<0>,,
851661,,1,14,,,,,,,<8516611>,<999>,<1>,,<0>,,
851671,,1,14,,,,,,,<8516711>,<999>,<1>,,<0>,,
851681,,1,14,,,,,,,<8516811>,<999>,<1>,,<0>,,
851691,,1,14,,,,,,,<8516911>,<999>,<1>,,<0>,,
851701,,1,14,,,,,,,<8517011>,<999>,<1>,,<0>,,
851711,,1,14,,,,,,,<8517111>,<999>,<1>,,<0>,,
851721,,1,14,,,,,,,<8517211>,<999>,<1>,,<0>,,
851731,,1,14,,,,,,,<8517311>,<999>,<1>,,<0>,,
851741,,1,14,,,,,,,<8517411>,<999>,<1>,,<0>,,
851751,,1,14,,,,,,,<8517511>,<999>,<1>,,<0>,,
851761,,1,14,,,,,,,<8517611>,<999>,<1>,,<0>,,
851771,,1,14,,,,,,,<8517711>,<999>,<1>,,<0>,,
851781,,1,14,,,,,,,<8517811>,<999>,<1>,,<0>,,
851791,,1,14,,,,,,,<8517911>,<999>,<1>,,<0>,,
851801,,1,14,,,,,,,<8518011>,<999>,<1>,,<0>,,
851811,,1,14,,,,,,,<8518111>,<999>,<1>,,<0>,,
851821,,1,14,,,,,,,<8518211>,<999>,<1>,,<0>,,
851831,,1,14,,,,,,,<8518311>,<999>,<1>,,<0>,,
851841,,1,14,,,,,,,<8518411>,<999>,<1>,,<0>,,
851851,,1,14,,,,,,,<8518511>,<999>,<1>,,<0>,,
851861,,1,14,,,,,,,<8518611>,<999>,<1>,,<0>,,
851871,,1,14,,,,,,,<8518711>,<999>,<1>,,<0>,,
851881,,1,14,,,,,,,<8518811>,<999>,<1>,,<0>,,
851891,,1,14,,,,,,,<8518911>,<999>,<1>,,<0>,,
851901,,1,14,,,,,,,<8519011>,<999>,<1>,,<0>,,
851911,,1,14,,,,,,,<8519111>,<999>,<1>,,<0>,,
851921,,1,14,,,,,,,<8519211>,<999>,<1>,,<0>,,
851931,,1,14,,,,,,,<8519311>,<999>,<1>,,<0>,,
851941,,1,14,,,,,,,<8519411>,<999>,<1>,,<0>,,
851951,,1,14,,,,,,,<8519511>,<999>,<1>,,<0>,,
851961,,1,14,,,,,,,<8519611>,<999>,<1>,,<0>,,
851971,,1,14,,,,,,,<8519711>,<999>,<1>,,<0>,,
851981,,1,14,,,,,,,<8519811>,<999>,<1>,,<0>,,
851991,,1,14,,,,,,,<8519910>,<999>,<1>,,<0>,,
852011,,1,14,,,,,,,<8520111>,<999>,<1>,,<0>,,
852021,,1,14,,,,,,,<8520211>,<999>,<1>,,<0>,,
852031,,1,14,,,,,,,<8520311>,<999>,<1>,,<0>,,
852041,,1,14,,,,,,,<8520411>,<999>,<1>,,<0>,,
852051,,1,14,,,,,,,<8520511>,<999>,<1>,,<0>,,
852061,,1,14,,,,,,,<8520611>,<999>,<1>,,<0>,,
852071,,1,14,,,,,,,<8520711>,<999>,<1>,,<0>,,
852081,,1,14,,,,,,,<8520811>,<999>,<1>,,<0>,,
852091,,1,14,,,,,,,<8520911>,<999>,<1>,,<0>,,
852101,,1,14,,,,,,,<8521011>,<999>,<1>,,<0>,,
852111,,1,14,,,,,,,<8521111>,<999>,<1>,,<0>,,
852121,,1,14,,,,,,,<8521211>,<999>,<1>,,<0>,,
852131,,1,14,,,,,,,<8521311>,<999>,<1>,,<0>,,
852141,,1,14,,,,,,,<8521411>,<999>,<1>,,<0>,,
852151,,1,14,,,,,,,<8521511>,<999>,<1>,,<0>,,
852161,,1,14,,,,,,,<8521611>,<999>,<1>,,<0>,,
852171,,1,14,,,,,,,<8521711>,<999>,<1>,,<0>,,
852181,,1,14,,,,,,,<8521811>,<999>,<1>,,<0>,,
852191,,1,14,,,,,,,,,,,,,
852201,,1,14,,,,,,,,,,,,,
852211,,1,14,,,,,,,,,,,,,
852221,,1,14,,,,,,,,,,,,,
852231,,1,14,,,,,,,,,,,,,
852241,,1,14,,,,,,,,,,,,,
852251,,1,14,,,,,,,,,,,,,
852261,,1,14,,,,,,,,,,,,,
852271,,1,14,,,,,,,,,,,,,
852281,,1,14,,,,,,,,,,,,,
852291,,1,14,,,,,,,,,,,,,
852301,,1,14,,,,,,,,,,,,,
853011,,1,14,,,,,,,<8530111>,<999>,<1>,,<0>,,
853021,,1,14,,,,,,,<8530211>,<999>,<1>,,<0>,,
853031,,1,14,,,,,,,<8530311>,<999>,<1>,,<0>,,
853041,,1,14,,,,,,,<8530411>,<999>,<1>,,<0>,,
853051,,1,14,,,,,,,<8530511>,<999>,<1>,,<0>,,
853061,,1,14,,,,,,,<8530611>,<999>,<1>,,<0>,,
853071,,1,14,,,,,,,<8530711>,<999>,<1>,,<0>,,
853081,,1,14,,,,,,,<8530811>,<999>,<1>,,<0>,,
853091,,1,14,,,,,,,<8530911>,<999>,<1>,,<0>,,
853101,,1,14,,,,,,,<8531011>,<999>,<1>,,<0>,,
853111,,1,14,,,,,,,<8531111>,<999>,<1>,,<0>,,
853121,,1,14,,,,,,,<8531211>,<999>,<1>,,<0>,,
853131,,1,14,,,,,,,,,,,,,
853141,,1,14,,,,,,,,,,,,,
853151,,1,14,,,,,,,,,,,,,
853161,,1,14,,,,,,,,,,,,,
853171,,1,14,,,,,,,,,,,,,
853181,,1,14,,,,,,,,,,,,,
853191,,1,14,,,,,,,,,,,,,
853201,,1,14,,,,,,,,,,,,,
853211,,1,14,,,,,,,,,,,,,
853221,,1,14,,,,,,,,,,,,,
853231,,1,14,,,,,,,,,,,,,
853241,,1,14,,,,,,,,,,,,,
853251,,1,14,,,,,,,,,,,,,
853261,,1,14,,,,,,,,,,,,,
853271,,1,14,,,,,,,,,,,,,
853281,,1,14,,,,,,,,,,,,,
853291,,1,14,,,,,,,,,,,,,
853301,,1,14,,,,,,,,,,,,,
854011,,1,14,,,,,,,<8540111>,<999>,<1>,,<0>,,
854021,,1,14,,,,,,,<8540211>,<999>,<1>,,<0>,,
854031,,1,14,,,,,,,<8540311>,<999>,<1>,,<0>,,
854041,,1,14,,,,,,,<8540411>,<999>,<1>,,<0>,,
854111,,1,14,,,,,,,<8541111>,<999>,<1>,,<0>,,
854121,,1,14,,,,,,,<8541211>,<999>,<1>,,<0>,,
854131,,1,14,,,,,,,<8541311>,<999>,<1>,,<0>,,
854141,,1,14,,,,,,,<8541411>,<999>,<1>,,<0>,,
854211,,1,14,,,,,,,<8542111>,<999>,<1>,,<0>,,
854221,,1,14,,,,,,,<8542211>,<999>,<1>,,<0>,,
854231,,1,14,,,,,,,<8542311>,<999>,<1>,,<0>,,
854241,,1,14,,,,,,,<8542411>,<999>,<1>,,<0>,,
854311,,1,14,,,,,,,,,,,,,
854321,,1,14,,,,,,,,,,,,,
854331,,1,14,,,,,,,,,,,,,
856011,,1,14,,,,,,,<8560111>,<999>,<1>,,<0>,,
856021,,1,14,,,,,,,<8560211>,<999>,<1>,,<0>,,
856031,,1,14,,,,,,,<8560311>,<999>,<1>,,<0>,,
856041,,1,14,,,,,,,<8560411>,<999>,<1>,,<0>,,
856051,,1,14,,,,,,,<8560511>,<999>,<1>,,<0>,,
856061,,1,14,,,,,,,<8560611>,<999>,<1>,,<0>,,
856071,,1,14,,,,,,,<8560711>,<999>,<1>,,<0>,,
856081,,1,14,,,,,,,<8560811>,<999>,<1>,,<0>,,
856091,,1,14,,,,,,,<8560911>,<999>,<1>,,<0>,,
856101,,1,14,,,,,,,<8561011>,<999>,<1>,,<0>,,
856111,,1,14,,,,,,,<8561111>,<999>,<1>,,<0>,,
856121,,1,14,,,,,,,<8561211>,<999>,<1>,,<0>,,
856131,,1,14,,,,,,,<8561311>,<999>,<1>,,<0>,,
856141,,1,14,,,,,,,<8561411>,<999>,<1>,,<0>,,
860011,,1,14,,,,,,,<850011>,<999>,<1>,,<0>,,
860021,,1,14,,,,,,,<850021>,<999>,<1>,,<0>,,
860031,,1,14,,,,,,,<850031>,<999>,<1>,,<0>,,
860041,,1,14,,,,,,,<850041>,<999>,<1>,,<0>,,
860051,,1,14,,,,,,,<850051>,<999>,<1>,,<0>,,
860061,,1,14,,,,,,,<850061>,<999>,<1>,,<0>,,
860071,,1,14,,,,,,,<850081>,<999>,<1>,,<0>,,
860081,,1,14,,,,,,,<850091>,<999>,<1>,,<0>,,
860091,,1,14,,,,,,,<850101>,<999>,<1>,,<0>,,
860101,,1,14,,,,,,,<850161>,<999>,<1>,,<0>,,
860111,,1,14,,,,,,,<850171>,<999>,<1>,,<0>,,
860121,,1,14,,,,,,,<850211>,<999>,<1>,,<0>,,
860211,,1,14,,,,,,,<851021>,<999>,<1>,,<2000>,,
860221,,1,14,,,,,,,<851031>,<999>,<1>,,<4000>,,
860231,,1,14,,,,,,,<851041>,<999>,<1>,,<0>,,
860241,,1,14,,,,,,,<851051>,<999>,<1>,,<0>,,
860251,,1,14,,,,,,,<851061>,<999>,<1>,,<0>,,
860261,,1,14,,,,,,,<851071>,<999>,<1>,,<0>,,
860271,,1,14,,,,,,,<851081>,<999>,<1>,,<0>,,
860281,,1,14,,,,,,,<851091>,<999>,<1>,,<0>,,
860291,,1,14,,,,,,,<851101>,<999>,<1>,,<0>,,
860301,,1,14,,,,,,,<851161>,<999>,<1>,,<-200>,,
860311,,1,14,,,,,,,<851171>,<999>,<1>,,<0>,,
860321,,1,14,,,,,,,<851211>,<999>,<1>,,<0>,,
860411,,1,14,,,,,,,<852021>,<999>,<1>,,<1>,,
860421,,1,14,,,,,,,<852031>,<999>,<1>,,<target:BhpMax()*0.1>,,
860431,,1,14,,,,,,,<852041>,<999>,<1>,,<1>,,
860441,,1,14,,,,,,,<852051>,<999>,<1>,,<1>,,
860451,,1,14,,,,,,,<852061>,<999>,<1>,,<1>,,
860461,,1,14,,,,,,,<852071>,<999>,<1>,,<1>,,
860471,,1,14,,,,,,,<852081>,<999>,<1>,,<1>,,
860481,,1,14,,,,,,,<852091>,<999>,<1>,,<1>,,
860491,,1,14,,,,,,,<852101>,<999>,<1>,,<1>,,
860501,,1,14,,,,,,,<852161>,<999>,<1>,,<1>,,
860511,,1,14,,,,,,,<852171>,<999>,<1>,,<1>,,
860521,,1,14,,,,,,,<852211>,<999>,<1>,,<1>,,
860611,,1,14,,,,,,,<853021>,<999>,<1>,,<2000>,,
860621,,,11,,,,,,,<853031>,<999>,<1>,,<-2000>,,
860631,,1,14,,,,,,,<853041>,<999>,<1>,,<1>,,
860641,,1,14,,,,,,,<853051>,<999>,<1>,,<1>,,
860651,,1,14,,,,,,,<853061>,<999>,<1>,,<1>,,
860661,,1,14,,,,,,,<853071>,<999>,<1>,,<1>,,
860671,,1,14,,,,,,,<853081>,<999>,<1>,,<1>,,
860681,,1,14,,,,,,,<853091>,<999>,<1>,,<1>,,
860691,,,11,,,,,,,<853101>,<999>,<1>,,<1>,,
860701,,1,14,,,,,,,<853161>,<999>,<1>,,<1>,,
860711,,1,14,,,,,,,<853171>,<999>,<1>,,<1>,,
860721,,1,14,,,,,,,<853211>,<999>,<1>,,<1>,,
860811,,1,14,,,,,,,<854011>,<999>,<1>,,<1>,,
860821,,1,14,,,,,,,<854021>,<999>,<1>,,<1>,,
860831,,1,14,,,,,,,<854031>,<999>,<1>,,<1>,,
860841,,1,14,,,,,,,<854041>,<999>,<1>,,<1>,,
860851,,1,14,,,,,,,<854051>,<999>,<1>,,<1>,,
860861,,1,14,,,,,,,<854061>,<999>,<1>,,<1>,,
860871,,1,14,,,,,,,<854071>,<999>,<1>,,<1>,,
860881,,1,14,,,,,,,<854081>,<999>,<1>,,<1>,,
860891,,1,14,,,,,,,<854091>,<999>,<1>,,<1>,,
860901,,1,14,,,,,,,<854101>,<999>,<1>,,<1>,,
860911,,1,14,,,,,,,<854111>,<999>,<1>,,<1>,,
860921,,1,14,,,,,,,<854121>,<999>,<1>,,<1>,,
861011,,1,14,,,,,,,<855021>,<999>,<1>,,<1>,,
861021,,1,14,,,,,,,<855031>,<999>,<1>,,<1>,,
861031,,1,14,,,,,,,<855041>,<999>,<1>,,<1>,,
861041,,1,14,,,,,,,<855051>,<999>,<1>,,<1>,,
861051,,1,14,,,,,,,<855061>,<999>,<1>,,<2000>,,
861061,,1,14,,,,,,,<855071>,<999>,<1>,,<1>,,
861071,,1,14,,,,,,,<855081>,<999>,<1>,,<1>,,
861081,,1,14,,,,,,,<855091>,<999>,<1>,,<1>,,
861091,,1,14,,,,,,,<855101>,<999>,<1>,,<1>,,
861101,,1,14,,,,,,,<855161>,<999>,<1>,,<1>,,
861111,,1,14,,,,,,,<855171>,<999>,<1>,,<1>,,
861121,,1,14,,,,,,,<855211;855221;855231>,<999;999;999>,<1;1;1>,,<1;1;1>,,
869811,,1,14,,,,,,,<869801>,<999>,<1>,,<1>,,
869821,,1,14,,,,,,,<869811>,<999>,<1>,,<1>,,
869831,,1,14,,,,,,,<869821>,<999>,<1>,,<1>,,
869841,,1,14,,,,,,,<869851>,<999>,<1>,,<1>,,
869851,,1,14,,,,,,,,,,,,,
869861,,1,14,,,,,,,,,,,,,
869871,,1,14,,,,,,,,,,,,,
869911,,1,14,,,,,,,<899001>,<999>,<1>,,<1>,,
869921,,1,14,,,,,,,<899011>,<999>,<1>,,<1>,,
869931,,1,14,,,,,,,<899021>,<999>,"<target:natureIntersection(list(4,5,6,10,11,18)) and 1 or 0>",,<1>,,
869932,,1,14,,,,,,,<899020>,<999>,<1>,,<1>,,
869941,,1,14,,,,,,,<899041>,<999>,<1>,,<1>,,
869961,,1,14,,,,,,,,,,,,,
869971,,1,14,,,,,,,,,,,,,
890011,,1,14,,,,,,,<8900111>,<999>,<1>,,<0>,,
890021,,1,14,,,,,,,<8900211>,<999>,<1>,,<0>,,
890031,,1,14,,,,,,,<8900311>,<999>,<1>,,<0>,,
890051,,1,14,,,,,,,<8900511>,<999>,<1>,,<0>,,
1000011,,1,11,,,,,,,<1000011>,<999>,<1>,,<1>,,
1000111,,1,11,,,,,,,<1000111;1000112>,<999;999>,<1;1>,,<target:specialDamage()*0.3;target:damage()*0.3>,,
1000112,,1,14,,,,,,,,,,,,,
1000113,,,,selfForce|nodead,otherProcessExcept(1000112)|random(1),,,,,<1000113>,<999>,<1>,,<1>,,
1000211,,1,11,,,,,,,<1000211>,<999>,<1>,,<1>,,
1000311,,1,11,,,,,,,<1000311>,<999>,<1>,,<5000>,,
1000312,,1,14,,,,,,,,,,,,,
1000313,,,,selfForce|nodead,otherProcessExcept(1000312)|random(1),,,,,<1000312>,<999>,<1>,,<self:hpMax()*0.4>,,
1000411,,1,11,,,,,,,<1000411>,<999>,<1>,,<500>,,
1000412,,1,14,,,,,,,,,,,,,
1000413,,,,selfForce|nodead,otherProcessExcept(1000412)|random(1),,,,,<1000412>,<999>,<1>,,<1>,,
1000511,,1,14,,,,,,,,,,,,,
1000512,,,,selfForce|nodead,otherProcessExcept(1000511)|random(2),,,,,<1000511;1000512>,<3;3>,<1;1>,,<-self:hpMax()*0.2;1>,,
1000611,,1,11,,,,,,,<1000611;1000612>,<999;999>,<1;1>,,<2500;2500>,,
1000612,,1,14,,,,,,,,,,,,,
1000613,,,,selfForce|nodead,otherProcessExcept(1000612)|random(1),,,,,<1000613>,<999>,<1>,,<1>,,
1000711,,1,11,,,,,,,<1000711>,<999>,<1>,,<3000>,,
1000712,,1,14,,,,,,,,,,,,,
1000713,,,,selfForce|nodead,otherProcessExcept(1000712)|random(1),,,,,<1000712>,<999>,<1>,,<1>,,
1000811,,1,11,,,,,,,<1000811>,<999>,<1>,,<5000>,,
1000812,,1,14,,,,,,,,,,,,,
1000813,,,,selfForce|nodead,otherProcessExcept(1000812)|random(1),,,,,<1000812>,<999>,<1>,,<1>,,
1000911,,1,2,,,,,,,<1000911;1000912>,<999;999>,<1;1>,,<1500;2000>,,
1000912,,1,3,,,,,,,<1000913>,<999>,<1>,,<1500>,,
1001011,,,,selfForce|nodead,backRowRandom(1),,,,,<1001011>,<999>,<1>,,<7000>,,
1001111,,1,11,,,,,,,<1001111>,<999>,<1>,,<5000>,,
1001112,,1,14,,,,,,,,,,,,,
1001113,,,,selfForce|nodead,otherProcessExcept(1001112)|random(1),,,,,<1001112>,<999>,<1>,,<1>,,
1001211,,1,11,,,,,,,<1001211>,<999>,<1>,,<1>,,
1001212,,1,14,,,,,,,,,,,,,
1001213,,,,enemyForce|nodead,"attr(""hp"",""min"",3)",,,,,,,,,,,
1001214,,,,selfForce|nodead,otherProcessExcept(1001212)|random(1),,,,,<1001213>,<999>,<1>,,<1>,,
1001311,,1,14,,,,,,,,,,,,,
1001312,,,,selfForce|nodead,otherProcessExcept(1001311)|random(1),,,,,<1001311;1001312>,<999;999>,<1;1>,,<-target:hpMax()*0.2;1>,,
1001411,,1,11,,,,,,,<1001411;1001412>,<999;999>,<1;1>,,<5000;5000>,,
1001412,,1,14,,,,,,,,,,,,,
1001413,,,,selfForce|nodead,otherProcessExcept(1001412)|random(1),,,,,<1001413>,<999>,<1>,,<1>,,
1001611,,1,11,,,,,,,<1001611;1001613>,<999;999>,<1;1>,,<1;1>,,
1001711,,1,11,,,,,,,<1001711;1001712>,<999;999>,<1;1>,,<target:defence()*0.6;target:specialDefence()*0.6>,,
1001712,,1,14,,,,,,,,,,,,,
1001713,,,,selfForce|nodead,otherProcessExcept(1001712)|random(1),,,,,<1001713>,<999>,<1>,,<1>,,
1001811,,1,11,,,,,,,<1001811>,<999>,<1>,,<1>,,
1001812,,1,14,,,,,,,,,,,,,
1001813,,,,selfForce|nodead,otherProcessExcept(1001812)|random(1),,,,,<1001813>,<999>,<1>,,<1>,,
1001911,,1,14,,,,,,,,,,,,,
1001912,,,,selfForce|nodead,otherProcessExcept(1001911)|random(1),,,,,<1001911>,<999>,<1>,,<7000>,,
1002011,,1,11,,,,,,,<1002011;1002012>,<999;999>,<1;1>,,<4000;1>,,
1002111,,1,14,,,,,,,<1002111;1002012>,<999;999>,<1;1>,,<10;1>,,
1002211,,1,11,,,,,,,<1002211;1002212>,<999;999>,<1;1>,,<4000;1>,,
1002311,,,,enemyForce|nodead,"setSelectAttr({""damage"",""specialDamage""},""max"")|attr(""selectAttr"",""max"",1)",,,,,<1002311>,<999>,<1>,,<1>,,
1002312,,1,14,,,,,,,,,,,,,
1002313,,,,selfForce|nodead,otherProcessExcept(1002312)|random(1),,,,,<1002312>,<999>,<1>,,<1>,,
1002411,,1,11,,,,,,,<1002411;1002412>,<999;999>,<1;1>,,<target:damage()*0.2;target:specialDamage()*0.2>,,
1002412,,1,14,,,,,,,,,,,,,
1002413,,,,selfForce|nodead,otherProcessExcept(1002412)|random(1),,,,,<1002413>,<999>,<1>,,<1>,,
1002511,,,,selfForce|nodead,random(2),,,,,<1002511;1002512>,<999;999>,<1;1>,,<<1>;1>,,
1002611,,1,14,,,,,,,<1002613;1002614;1002616>,<999;999;999>,<1;1;1>,,<<99;1;0>;1;self:hpMax()*0.15>,,
1002612,,,,selfForce|nodead,otherProcessExcept(1002611)|random(5),,,,,<1002611>,<999>,<1>,,<1>,,
1002711,,,11,,,,,,,<1002711>,<999>,<1>,,<-target:hpMax()*0.075>,,
1002712,,1,14,,,,,,,,,,,,,
1002713,,,,selfForce|nodead,otherProcessExcept(1002712)|random(1),,,,,<1002712>,<999>,<1>,,<1>,,
1002811,,1,11,,,,,,,<1002811>,<999>,<1>,,<10000>,,
1002812,,1,14,,,,,,,,,,,,,
1002813,,,,selfForce|nodead,otherProcessExcept(1002812)|random(1),,,,,<1002812>,<999>,<1>,,<1>,,
1002911,,1,11,,,,,,,<1002911>,<999>,<1>,,<1>,,
1003011,,,11,,,,,,,<1003011;1003012>,<999;999>,<1;1>,,<-target:defence()*0.1;-target:specialDefence()*0.1>,,
1003012,,1,14,,,,,,,,,,,,,
1003013,,,,selfForce|nodead,otherProcessExcept(1003012)|random(1),,,,,<1003013>,<999>,<1>,,<1>,,
1003111,,,11,,,,,,,<1003111;1003112>,<999;999>,<1;1>,,<-target:speed()*1;-10000>,,
1003112,,1,14,,,,,,,,,,,,,
1003113,,,,selfForce|nodead,otherProcessExcept(1003112)|random(1),,,,,<1003113>,<999>,<1>,,<1>,,
1003211,,,11,,,,,,,<1003211>,<999>,<1>,,<10000>,,
1003212,,1,14,,,,,,,,,,,,,
1003213,,,,selfForce|nodead,otherProcessExcept(1003212)|random(2),,,,,<1003212>,<999>,<1>,,<1>,,
1003311,,1,14,,,,,,,,,,,,,
1003312,,,,selfForce|nodead,otherProcessExcept(1003311)|backRowRandom(2),,,,,<1003311>,<999>,<1>,,<1>,,
1003313,,1,2,,,,,,,<1003314>,<999>,<1>,,<1>,,
1003411,,1,14,,,,,,,,,,,,,
1003412,,,,selfForce|nodead,otherProcessExcept(1003411)|random(1),,,,,<1003411;1003413>,<999;999>,<1;1>,,<1;1>,,
1003511,,1,14,,,,,,,,,,,,,
1003512,,,,selfForce|nodead,otherProcessExcept(1003511)|random(1),,,,,<1003512;1003513>,<999;999>,<1;1>,,<5000;1>,,
1003513,,,,selfForce|nodead,otherProcessExcept(1003512)|random(5),,,,,<1003511>,<999>,<1>,,<5000>,,
1003611,,,,,,,,,,,,,,,,
1003612,,,,,,,,,,,,,,,,
1003613,,,,,,,,,,,,,,,,
1003711,,1,14,,,,,,,<1003711;1003712>,<999;999>,<1;1>,,<3;1>,,
1003811,,1,14,,,,,,,,,,,,,
1003812,,,,selfForce|nodead,otherProcessExcept(1003811)|random(2),,,,,<1003811;1003812>,<999;999>,<1;1>,,"<3;<list(1,0,0);1;0>>",,
1003911,,,,enemyForce|nodead,"setSelectAttr({""damage"",""specialDamage""},""max"")|attr(""selectAttr"",""max"",1)",,,,,,,,,,,
1003912,,1,14,,,,,,,<1003911>,<999>,<1>,,<1>,,
1003913,,,,selfForce|nodead,otherProcessExcept(1003912)|random(1),,,,,<1003914>,<999>,<1>,,<1>,,
1004011,,1,14,,,,,,,,,,,,,
1004012,,,,selfForce|nodead,otherProcessExcept(1004011)|random(1),,,,,<1004011>,<999>,<1>,,<3000>,,
1004013,,,,selfForce|nodead,otherProcessExcept(1004012)|random(1),,,,,<1004012>,<999>,<1>,,<1>,,
1004111,,1,14,,,,,,,,,,,,,
1004112,,,,selfForce|nodead,otherProcessExcept(1004111)|random(1),,,,,,,,,,,
1004113,,1,11,,,,,,,<1004111;1004113>,<999;999>,<1;1>,,<<1;self:hpMax()*0.4;self:mp1Max()>;0>,,
1004211,,,11,,,,,,,<1004211>,<999>,<1>,,<0>,,
1004212,,1,14,,,,,,,,,,,,,
1004213,,,,selfForce|nodead,otherProcessExcept(1004212)|random(1),,,,,<1004212>,<999>,<1>,,<1>,,
1004311,,,11,,,,,,,<1004311>,<999>,<1>,,<1>,,
1004312,,1,14,,,,,,,,,,,,,
1004313,,,,selfForce|nodead,otherProcessExcept(1004312)|random(1),,,,,<1004319>,<999>,<1>,,<1>,,
1004411,,,11,,,,,,,<1004411>,<999>,<1>,,<-2000>,,
1004412,,1,14,,,,,,,,,,,,,
1004413,,,,selfForce|nodead,otherProcessExcept(1004412)|random(1),,,,,<1004412>,<999>,<1>,,<1>,,
1004511,,1,11,,,,,,,<1004511>,<999>,<1>,,<-target:hpMax()*0.05>,,
1004512,,1,14,,,,,,,,,,,,,
1004513,,,,selfForce|nodead,otherProcessExcept(1004512)|random(1),,,,,<1004512>,<999>,<1>,,<1>,,
1004611,,1,11,,,,,,,<1004611>,<999>,<1>,,<2500>,,
1004612,,1,14,,,,,,,,,,,,,
1004613,,,,selfForce|nodead,otherProcessExcept(1004612)|random(1),,,,,<1004612>,<999>,<1>,,<1>,,
1004711,,1,11,,,,,,,<1004711>,<999>,<1>,,<1000>,,
1004712,,1,14,,,,,,,,,,,,,
1004713,,,,selfForce|nodead,otherProcessExcept(1004712)|random(1),,,,,<1004712>,<999>,<1>,,<1>,,
1004811,,1,11,,,,,,,<1004811;1004812>,<999;999>,<1;1>,,<<1;0.008;1>;500>,,
1004812,,1,14,,,,,,,,,,,,,
1004813,,,,selfForce|nodead,otherProcessExcept(1004812)|random(1),,,,,<1004813>,<999>,<1>,,<1>,,
1004911,,1,11,,,,,,,<1004911>,<999>,<1>,,<1>,,
1005011,,1,11,,,,,,,<1005011>,<999>,<1>,,<3500>,,
1005012,,1,14,,,,,,,,,,,,,
1005013,,,,selfForce|nodead,otherProcessExcept(1005012)|random(1),,,,,<1005012>,<999>,<1>,,<1>,,
1005111,,1,11,,,,,,,<1005111>,<999>,<1>,,<1>,,
1005211,,1,11,,,,,,,<1005211>,<999>,<1>,,<3000>,,
1005212,,1,14,,,,,,,,,,,,,
1005213,,,,selfForce|nodead,otherProcessExcept(1005212)|random(1),,,,,<1005212>,<999>,<1>,,<1>,,
1005311,,1,11,,,,,,,<1005311>,<999>,<1>,,<1>,,
1005411,,1,11,,,,,,,<1005411>,<999>,<1>,,<1>,,
1005412,,1,14,,,,,,,,,,,,,
1005413,,,,selfForce|nodead,otherProcessExcept(1005412)|random(1),,,,,<1005414>,<999>,<1>,,<1>,,
1005511,,1,11,,,,,,,<1005511;1005512>,<999;999>,<1;1>,,<<1;self:hpMax()*0.4;self:mp1Max()>;0>,,
1005611,,1,14,,,,,,,<1005613;1005614>,<1;1>,<getNowRound()%2==1 and 1 or 0;getNowRound()%2==1 and 1 or 0>,,"<<6;1;1;list(3002)>;list(1,list(1001,1002,1003,1004,1005,1011,1012,1013,1014,1015,1021,1022,1023,1024,1025,1201,1202,1203,1211,1212,1213,1221,1222,1223,1401,1411,1421,1431,1441,1451),6)>",,
1005711,,1,11,,,,,,,<1005711>,<1>,<getNowRound()==5 and 1 or 0>,,<<1;1;1>>,,
1005811,,1,11,,,,,,,<1005811>,<1>,<getNowRound()==5 and 1 or 0>,,<20000>,,
1005911,,,11,,,,,,,<1005911;1005912>,<999;999>,<1;1>,,<-target:defence()*0.4;-target:specialDefence()*0.4>,,
1005912,,1,14,,,,,,,,,,,,,
1005913,,,,selfForce|nodead,otherProcessExcept(1005912)|random(1),,,,,<1005913>,<999>,<1>,,<1>,,
1006011,,1,14,,,,,,,,,,,,,
1006012,,,,selfForce|nodead,otherProcessExcept(1006011)|random(1),,,,,<1006011>,<999>,<1>,,<1>,,
1006013,,,,selfForce|nodead,otherProcessExcept(1006012)|random(1),,,,,<1006013>,<999>,<1>,,<1>,,
1006111,,,11,,,,,,,<1006111>,<999>,<1>,,"<list(list(c.zhuoshao_oc()),1.5,2)>",,
1006112,,,,selfForce|nodead,exclude(list(csvSelf:id()))|random(1),,,,,<1006112>,<999>,<1>,,<1>,,
1006211,,1,11,,,,,,,<1006211>,<999>,<1>,,<1>,,
1006311,,1,11,,,,,,,<1006311>,<999>,<1>,,<3000>,,
1006312,,,,selfForce|nodead,exclude(list(csvSelf:id()))|random(1),,,,,<1006312>,<999>,<1>,,<1>,,
1006411,,1,11,,,,,,,<1006411>,<999>,<target:cardID() == 731 and 1 or 0>,,<1>,,
1006511,,1,11,,,,,,,<1006511>,<999>,<1>,,<1>,,
1006512,,,,selfForce|nodead,exclude(list(csvSelf:id()))|random(1),,,,,<1006513>,<999>,<1>,,<1>,,
1006611,,1,11,,,,,,,<1006611>,<999>,<1>,,<1>,,
1006612,,,,selfForce|nodead,exclude(list(csvSelf:id()))|random(1),,,,,<1006614>,<999>,<1>,,<1>,,
1006711,,1,11,,,,,,,<1006711>,<999>,<1>,,<1>,,
1006712,,,,selfForce|nodead,exclude(list(csvSelf:id()))|random(1),,,,,<1006713>,<999>,<1>,,<1>,,
1006811,,1,11,,,,,,,<1006811;1006812>,<999;999>,<1;1>,,<3000;3000>,,
1006812,,,,selfForce|nodead,exclude(list(csvSelf:id()))|random(1),,,,,<1006813>,<999>,<1>,,<1>,,
1006911,,1,11,,,,,,,<1006911>,<999>,<1>,,<1>,,
1006912,,,,selfForce|nodead,exclude(list(csvSelf:id()))|random(1),,,,,<1006913>,<999>,<1>,,<1>,,
1007011,,,11,,,,,,,<1007011>,<999>,<1>,,<-4000>,,
1007012,,,,selfForce|nodead,exclude(list(csvSelf:id()))|random(1),,,,,<1007012>,<999>,<1>,,<1>,,
1007111,,,,selfForce|nodead,exclude(list(csvSelf:id()))|random(1),,,,,<1007111>,<999>,<1>,,<0>,,
1007211,,1,14,,,,,,,<1007211>,<999>,<1>,,<0>,,
1007311,,1,14,,,,,,,<1007311>,<999>,<1>,,<0>,,
1007411,,1,14,,,,,,,<1007411;1007412>,<999;999>,<1;1>,,<<1>;target:speed()*0.5>,,
1007511,,1,14,,,,,,,<3631320;3631321>,<999;1>,<1;1>,,<1;1>,,
1007611,,1,14,,,,,,,<1007611>,<999>,<1>,,<0>,,
1007711,,1,14,,,,,,,<1007711>,<999>,<1>,,<0>,,
1007811,,1,14,,,,,,,<1007811>,<999>,<1>,,<1>,,
1007911,,1,11,,,,,,,<1007911>,<5>,"<(moreE(countObjByNature(1,1,4) ,1) or moreE(countObjByNature(1,2,4) ,1)) and 0 or 1>",,<<0;1;1>>,,
1008011,,1,11,,,,,,,<1008011>,<999>,<1>,,<0>,,
1009211,,,,,,,,,,,,,,,9211,
1009212,,,,enemyForce | nodead,useOtherProcess(1009211),,,,,<7251021>,<1>,<1>,,<<0.02;1;1>>,,
1009221,,,4,,,,,,,<4104618>,<1>,<1>,,<-200>,9221,
1009231,,,11,,,,,,,<3000001;3000016>,<1;1>,<1;1>,,<1;1>,9231,
1009232,,,,enemyForce | nodead,useOtherProcess(1009231),,,,,,,,,,9232,
1009261,,1,14,,,,,,,,,,,,,
1011111,,,,,,,,,,,,,,,9211,
1011112,,,,,,,,,,<10011111>,<1>,<1>,,<10000>,,
1011121,,,,,,,,,,,,,,,9221,
1011122,,,,,,,,,,<10011111>,<1>,<1>,,<10000>,,
1011131,,,,,,,,,,,,,,,9231,
1011132,,,,,,,,,,,,,,,9232,
1011133,,,,,,,,,,<10011111>,<1>,<1>,,<10000>,,
1011211,,,,,,,,,,,,,,,9211,
1011212,,1,14,,,,,,,<10011113>,<1>,<1>,,<10000>,,
1011221,,,,,,,,,,,,,,,9221,
1011222,,1,14,,,,,,,<10011113>,<1>,<1>,,<10000>,,
1011231,,,,,,,,,,,,,,,9231,
1011232,,,,,,,,,,,,,,,9232,
1011233,,1,14,,,,,,,<10011113>,<1>,<1>,,<10000>,,
1011311,,,,,,,,,,,,,,,9211,
1011321,,,,,,,,,,,,,,,9221,
1011331,,,,,,,,,,,,,,,9231,
1011332,,,,,,,,,,,,,,,9232,
1011361,,1,14,,,,,,,<10011116>,<999>,<1>,,<20000>,,
1011411,,,,,,,,,,,,,,,9211,
1011421,,,,,,,,,,,,,,,9221,
1011431,,,,,,,,,,,,,,,9231,
1011432,,,,,,,,,,,,,,,9232,
1011461,,1,14,,,,,,,<10011115>,<999>,<1>,,<10000>,,
1011511,,,,,,,,,,,,,,,9211,
1011521,,,,,,,,,,,,,,,9221,
1011531,,,,,,,,,,,,,,,9231,
1011532,,,,,,,,,,,,,,,9232,
1011561,,1,14,,,,,,,<10011112>,<999>,<1>,,<10000>,,
1011611,,,,,,,,,,,,,,,9211,
1011621,,,,,,,,,,,,,,,9221,
1011631,,,,,,,,,,,,,,,9231,
1011632,,,,,,,,,,,,,,,9232,
1011661,,1,14,,,,,,,<10011117>,<999>,<1>,,<20000>,,
1011711,,,,,,,,,,,,,,,9211,
1011721,,,,,,,,,,,,,,,9221,
1011731,,,,,,,,,,,,,,,9231,
1011732,,,,,,,,,,,,,,,9232,
1011761,,1,14,,,,,,,,,,,,,
1011811,,,,,,,,,,,,,,,9211,
1011812,,1,14,,,,,,,<10011114>,<1>,<1>,,<10000>,,
1011821,,,,,,,,,,,,,,,9221,
1011822,,1,14,,,,,,,<10011114>,<1>,<1>,,<10000>,,
1011831,,,,,,,,,,,,,,,9231,
1011832,,,,,,,,,,,,,,,9232,
1011833,,1,14,,,,,,,<10011114>,<1>,<1>,,<10000>,,
1100101,,1,14,,,,,,,<7031001>,"<random(2,5)>",<1>,,<0>,,
1100201,,1,14,,,,,,,<1100001>,<999>,<1>,,<0>,,
1100301,,1,14,,,,,,,<1100101>,"<random(2,5)>",<1>,,<0>,,
1100401,,1,14,,,,,,,<1972001>,"<random(2,5)>",<1>,,<0>,,
1100501,,1,14,,,,,,,<1100401>,"<random(2,5)>",<1>,,<0>,,
1100601,,1,14,,,,,,,<1100201>,"<random(2,5)>",<1>,,<0>,,
1100701,,1,14,,,,,,,<1961001>,"<random(2,5)>",<1>,,<0>,,
1100801,,1,14,,,,,,,<2303001>,"<random(2,5)>",<1>,,<0>,,
1100901,,1,14,,,,,,,<1972001>,<999>,<1>,,<0>,,
1101001,,1,14,,,,,,,<1100002>,<999>,<1>,,<0>,,
1101101,,1,14,,,,,,,<1100002>,<999>,<1>,,<0>,,
1101201,,1,14,,,,,,,<1100401>,<999>,<1>,,<0>,,
1101301,,1,14,,,,,,,<2303001>,<999>,<1>,,<0>,,
1101401,,1,14,,,,,,,<1100301>,<999>,<1>,,<0>,,
1102011,,,,all,random(12),,,,,<1100001>,<999>,<1>,,<0>,,
1103011,,1,14,,,,,,,<1103011>,<999>,<(target:cardID()== 7001 or target:cardID()== 7011 or target:cardID()== 1293 or target:cardID()== 712 or target:cardID()== 2023 or target:cardID()== 13) and 1 or 0>,,<5500>,,
1200101,,,,all,random(12),,,,,<1200101>,<999>,<1>,,<1>,,
1200201,,,,all,random(12),,,,,<1200201>,<999>,<1>,,<1>,,
1200301,,,,all,random(12),,,,,<1200301>,<999>,<1>,,<1>,,
1200401,,,,all,random(12),,,,,,<999>,<1>,,<1>,,
1200501,,,,all,random(12),,,,,,<999>,<1>,,<1>,,
1400101,,1,14,,,,,,,<1400101>,<999>,<1>,,<0>,,
1400111,,1,14,,,,,,,<1400111>,<999>,<1>,,<0>,,
1909311,,,11,,,,,,,,,,,,9211,
1909312,,,11,,,,,,,<10091223>,<5>,<1>,,<20000>,9211,
2000001,,,,selfForce|nodead,random(1),,,,,<2000012;2000013>,<999;999>,"<1;(moreEqualThan(self:star(),8) and 1 or 0)>",,<0;0>,,
2000011,,,,selfForce|nodead,random(2),,,,,<2000012;2000013>,<999;999>,"<1;(moreEqualThan(self:star(),8) and 1 or 0)>",,<0;0>,,
2000111,,1,2,,,,,,,,,,,,,
2000112,,1,14,,,,,,,<2000111>,<999>,<1>,,"<<list(1,0,0);1;0>>",,
2000121,,1,14,,,,,,,<2000121>,<999>,<1>,,<1>,,
2000122,,1,14,,,,,,,<2000122>,<999>,<1>,,<1>,,
2000131,,,,selfForce|nodead,random(3),,,,,<2000131;2000132>,<999;999>,<1;1>,,<1;1>,,
2000141,,1,14,,,,,,,<2000141>,<999>,<1>,,<1>,,
2100111,,,,,,,,,,,,,,,180111,
2100121,,,,,,,,,,,,,,,180121,
2100122,,1,14,,,,,,,<1801121>,<999>,<1>,,<0>,,
2100131,,,11,,,,,,,,,,,,180131,
2100132,,,11,,,,,,,<1801122;1801128>,<1;999>,<target:hasBuff(1801126) and 1 or 0;target:hasBuff(1801126) and 1 or 0>,,"<list(list(1801126, 5));list(20)>",,
2100133,,,11,,,,,,,<1801127>,<1>,"<target:hasBuff(1801126) and moreE(self:star(),11) and 1 or 0>",,<0>,,
2100161,,1,14,,,,,,,<1801131>,<999>,<1>,,<0>,,
2100162,,1,2,,,,,,,<1801129>,<999>,<1>,,<100000>,,
2100211,,,,,,,,,,,,,,,180211,
2100221,,,,,,,,,,,,,,,180221,
2100222,,1,14,,,,,,,<1801121>,<999>,<1>,,<0>,,
2100231,,,,,,,,,,,,,,,180231,
2100232,,,,,,,,,,,,,,,180232,
2100233,,,,,,,,,,<1801122;1801128>,<1;999>,<target:hasBuff(1801126) and 1 or 0;target:hasBuff(1801126) and 1 or 0>,,"<list(list(1801126, 5));list(20)>",,
2100234,,,,,,,,,,<1801127>,<1>,"<target:hasBuff(1801126) and moreE(self:star(),11) and 1 or 0>",,<0>,,
2100261,,1,14,,,,,,,<1801131>,<999>,<1>,,<0>,,
2100262,,1,3,,,,,,,<1801130>,<999>,<1>,,<5000>,,
2101161,,1,14,,,,,,,<21011611>,<999>,<1>,,<0>,,
2101261,,1,11,,,,,,,<21012611;21012612;21012613>,<999;1;999>,<1;1;1>,,<self:specialDamage()*2;1000;1>,,
2101262,,,11,,,,,,,<21012612>,<1>,<1>,,<100>,,
2102111,,,,,,,,,,,,,,,239111,
2102112,,1,14,,,,,,,<2391621>,<999>,<1>,,<1>,,
2102113,,1,14,,,,,,,<2391112>,<2>,<self:flagZ1() and 1 or 0>,,<self:BhpMax()*0.1>,,
2102121,,,,,,,,,,,,,,,239121,
2102122,,,,,,,,,,,,,,,,
2102123,,,,selfForce()|nodead,"exclude(list(csvSelf:id()))|attrDiffer(""natureType"", {14,15})|setSelectAttr({""Bdamage"",""BspecialDamage""},""max"")|attr(""selectAttr"",""max"",1)",,,,,<2391612>,<999>,<1>,,<self:hpMax()*0.2>,,
2102124,,1,11,,,,,,,<2391221>,<5>,<(self:flagZ2() and target:hasBuff(2391612)) and 1 or 0>,,<1>,,
2102131,,,2,,,,,,,,,,,,239131,
2102132,,,2,,,,,,,,,,,,239132,
2102133,,1,14,,,,,,,<2391621;2391621>,<999;999>,<1;1>,,<1;1>,,
2102134,,,2,,,,,,,<2391311>,<1>,<1>,,<-150>,,
2102135,,1,14,,,,,,,<2391310>,<1>,<1>,,<self:hpMax()*(0.15+(skillLv(23913) or 0)*0.001-0.001)>,,
2102136,,,,selfForce()|nodead,"exclude(list(csvSelf:id()))|buffDifferExclude('group',{c.fly_notbuff_oc()})|attrDiffer(""natureType"", {14})|random(1)",,,,,<2391321>,<1>,"<moreE(self:star(),11) and 1 or 0>",,<<1;1;1>>,,
2102161,,1,14,,,,,,,<2391611;2391622;2391624;2391627;2391631>,<999;999;999;999;999>,<1;1;(not self:flagZ4()) and 1 or 0;( self:flagZ4()) and 1 or 0;1>,,<1;1;1;1;1>,,
2102162,,,,selfForce()|nodead,"exclude(list(csvSelf:id()))|attrDiffer(""natureType"", {14})",,,,,<2391651>,<999>,"<moreE(self:star(),6) and 1 or 0>",,<1>,,
2102163,,1,14,,,,,,,,,,,,,
2102171,,1,14,,,,,,,<2100001;2100007>,<999;999>,<1;1>,,<1;1>,,
2102211,,,,,,,,,,,,,,,239211,
2102212,,,,,,,,,,,,,,,239212,
2102213,,1,14,,,,,,,<2391111>,<2>,<1>,,<self:BhpMax()*0.1>,,
2102214,,1,14,,,,,,,<2391621>,<999>,<self:flagZ1() and 1 or 0>,,<1>,,
2102221,,,4,,,,,,,,,,,,239221,
2102222,,,4,,,,,,,,,,,,,
2102223,,,,,,,,,,<2391223>,<2>,"<(self:flagZ2() and less(self:mp1(), target:mp1())) and 1 or 0>",,<target:mp1()-self:mp1()>,,
2102224,,,,,,,,,,<2391225;2391226>,<1;1>,"<(self:flagZ2() and more((target:hasBuff(2391223) and target:getBuff(2391223):getValue() or 0),0)) and 1 or 0;(self:flagZ2() and less((target:hasBuff(2391223) and target:getBuff(2391223):getValue() or 0),0)) and 1 or 0>",,"<-(target:hasBuff(2391223) and target:getBuff(2391223):getValue() or 0);math.min(self:hpMax()*0.08,target:hpMax()*0.08)>",,
2102225,,1,14,,,,,,,<2391224>,<1>,"<(self:flagZ2() and more((target:hasBuff(2391223) and target:getBuff(2391223):getValue() or 0),0)) and 1 or 0>",,<(target:hasBuff(2391223) and target:getBuff(2391223):getValue() or 0)>,,
2102231,,,11,,,,,,,,,,,,239231,
2102232,,,11,,,,,,,,,,,,239232,
2102233,,,,,,,,,,<2391312;2391313;2391314>,<1;1;1>,<1;1;1>,,"<math.max(target:damage()-self:defence(),0);math.max(target:specialDamage()-self:specialDefence(),0);1>",,
2102234,,,11,,,,,,,<2391311>,<1>,<1>,,<-100>,,
2102235,,,11,enemyForce()|nodead,"buffDifferExclude('id',{2391211})|buffDifferExclude('group',{c.fly_notbuff_oc()})|random(2)",,,,,<2391211>,<2>,<1>,,<1>,,
2102236,,,,enemyForce()|nodead,"buffDifferExclude('id',{2391211})|buffDifferExclude('group',{c.fly_notbuff_oc()})|random(2)",,,,,<2391211>,<2>,<0.3+((skillLv(23913) or 0)*0.03-0.03)>,,<1>,,
2102237,,,,selfForce()|nodead,"exclude(list(csvSelf:id()))|buffDifferExclude('group',{c.fly_notbuff_oc()})|attrDiffer(""natureType"", {14})|random(1)",,,,,<2391321>,<1>,"<moreE(self:star(),11) and 1 or 0>",,<<1;1;1>>,,
2102238,,1,14,,,,,,,,,,,,,
2102261,,1,14,,,,,,,<2391611;2391622;2391624;2391627>,<999;999;999;999>,<1;1;(not self:flagZ4()) and 1 or 0;( self:flagZ4()) and 1 or 0>,,<1;1;1;1>,,
2102262,,,,selfForce()|nodead,"exclude(list(csvSelf:id()))|attrDiffer(""natureType"", {14})",,,,,<2391651>,<999>,"<moreE(self:star(),6) and 1 or 0>",,<1>,,
2102263,,1,14,,,,,,,,,,,,,
2102271,,1,14,,,,,,,<2100003;2100005;2100007>,<999;1;999>,<1;1;1>,,<1;1;1>,,
2103111,,,,,,,,,,,,,,,239111,
2103112,,1,14,,,,,,,<2391621>,<999>,<1>,,<1>,,
2103113,,1,14,,,,,,,<2391112>,<2>,<self:flagZ1() and 1 or 0>,,<self:BhpMax()*0.1>,,
2103121,,,,,,,,,,,,,,,239121,
2103122,,,,,,,,,,,,,,,,
2103123,,,,selfForce()|nodead,"exclude(list(csvSelf:id()))|attrDiffer(""natureType"", {14,15})|setSelectAttr({""Bdamage"",""BspecialDamage""},""max"")|attr(""selectAttr"",""max"",1)",,,,,<2391612>,<999>,<1>,,<self:hpMax()*0.2>,,
2103124,,1,11,,,,,,,<2391221>,<5>,<(self:flagZ2() and target:hasBuff(2391612)) and 1 or 0>,,<1>,,
2103131,,,2,,,,,,,,,,,,239131,
2103132,,,2,,,,,,,,,,,,239132,
2103133,,1,14,,,,,,,<2391621;2391621>,<999;999>,<1;1>,,<1;1>,,
2103134,,,,,,,,,,<2391311>,<1>,<1>,,<-150>,,
2103135,,1,14,,,,,,,<2391310>,<1>,<1>,,<self:hpMax()*(0.15+(skillLv(23913) or 0)*0.001-0.001)>,,
2103136,,,,selfForce()|nodead,"exclude(list(csvSelf:id()))|buffDifferExclude('group',{c.fly_notbuff_oc()})|attrDiffer(""natureType"", {14})|random(1)",,,,,<2391321>,<1>,"<moreE(self:star(),11) and 1 or 0>",,<<1;1;1>>,,
2103161,,1,14,,,,,,,<2391611;2391622;2391624;2391627;2391631>,<999;999;999;999;999>,<1;1;(not self:flagZ4()) and 1 or 0;( self:flagZ4()) and 1 or 0;1>,,<1;1;1;1;1>,,
2103162,,,,selfForce()|nodead,"exclude(list(csvSelf:id()))|attrDiffer(""natureType"", {14})",,,,,<2391651>,<999>,"<moreE(self:star(),6) and 1 or 0>",,<1>,,
2103163,,1,14,,,,,,,,,,,,,
2103171,,1,14,,,,,,,<2100001;2100007>,<999;999>,<1;1>,,<1;1>,,
2103211,,,,,,,,,,,,,,,239211,
2103212,,,,,,,,,,,,,,,239212,
2103213,,1,14,,,,,,,<2391111>,<2>,<1>,,<self:BhpMax()*0.1>,,
2103214,,1,14,,,,,,,<2391621>,<999>,<self:flagZ1() and 1 or 0>,,<1>,,
2103221,,,4,,,,,,,,,,,,239221,
2103222,,,4,,,,,,,,,,,,,
2103223,,,,,,,,,,<2391223>,<2>,"<(self:flagZ2() and less(self:mp1(), target:mp1())) and 1 or 0>",,<target:mp1()-self:mp1()>,,
2103224,,,,,,,,,,<2391225;2391226>,<1;1>,"<(self:flagZ2() and more((target:hasBuff(2391223) and target:getBuff(2391223):getValue() or 0),0)) and 1 or 0;(self:flagZ2() and less((target:hasBuff(2391223) and target:getBuff(2391223):getValue() or 0),0)) and 1 or 0>",,"<-(target:hasBuff(2391223) and target:getBuff(2391223):getValue() or 0);math.min(self:hpMax()*0.08,target:hpMax()*0.08)>",,
2103225,,1,14,,,,,,,<2391224>,<1>,"<(self:flagZ2() and more((target:hasBuff(2391223) and target:getBuff(2391223):getValue() or 0),0)) and 1 or 0>",,<(target:hasBuff(2391223) and target:getBuff(2391223):getValue() or 0)>,,
2103231,,,11,,,,,,,,,,,,239231,
2103232,,,11,,,,,,,,,,,,239232,
2103233,,,,,,,,,,<2391312;2391313;2391314>,<1;1;1>,<1;1;1>,,"<math.max(target:damage()-self:defence(),0);math.max(target:specialDamage()-self:specialDefence(),0);1>",,
2103234,,,,,,,,,,<2391311>,<1>,<1>,,<-100>,,
2103235,,,11,enemyForce()|nodead,"buffDifferExclude('id',{2391211})|buffDifferExclude('group',{c.fly_notbuff_oc()})|random(2)",,,,,<2391211>,<2>,<1>,,<1>,,
2103236,,,,enemyForce()|nodead,"buffDifferExclude('id',{2391211})|buffDifferExclude('group',{c.fly_notbuff_oc()})|random(2)",,,,,<2391211>,<2>,<0.3+((skillLv(23913) or 0)*0.03-0.03)>,,<1>,,
2103237,,,,selfForce()|nodead,"exclude(list(csvSelf:id()))|buffDifferExclude('group',{c.fly_notbuff_oc()})|attrDiffer(""natureType"", {14})|random(1)",,,,,<2391321>,<1>,"<moreE(self:star(),11) and 1 or 0>",,<<1;1;1>>,,
2103238,,1,14,,,,,,,,,,,,,
2103261,,1,14,,,,,,,<2391611;2391622;2391624;2391627>,<999;999;999;999>,<1;1;(not self:flagZ4()) and 1 or 0;( self:flagZ4()) and 1 or 0>,,<1;1;1;1>,,
2103262,,,,selfForce()|nodead,"exclude(list(csvSelf:id()))|attrDiffer(""natureType"", {14})",,,,,<2391651>,<999>,"<moreE(self:star(),6) and 1 or 0>",,<1>,,
2103263,,1,14,,,,,,,,,,,,,
2103271,,1,14,,,,,,,<2100003;2100005;2100007>,<999;1;999>,<1;1;1>,,<1;1;1>,,
2104111,,,,,,,,,,,,,,,239111,
2104112,,1,14,,,,,,,<2391621>,<999>,<1>,,<1>,,
2104113,,1,14,,,,,,,<2391112>,<2>,<self:flagZ1() and 1 or 0>,,<self:BhpMax()*0.1>,,
2104121,,,,,,,,,,,,,,,239121,
2104122,,,,,,,,,,,,,,,,
2104123,,,,selfForce()|nodead,"exclude(list(csvSelf:id()))|attrDiffer(""natureType"", {14,15})|setSelectAttr({""Bdamage"",""BspecialDamage""},""max"")|attr(""selectAttr"",""max"",1)",,,,,<2391612>,<999>,<1>,,<self:hpMax()*0.2>,,
2104124,,1,11,,,,,,,<2391221>,<5>,<(self:flagZ2() and target:hasBuff(2391612)) and 1 or 0>,,<1>,,
2104131,,,2,,,,,,,,,,,,239131,
2104132,,,2,,,,,,,,,,,,239132,
2104133,,1,14,,,,,,,<2391621;2391621>,<999;999>,<1;1>,,<1;1>,,
2104134,,,,,,,,,,<2391311>,<1>,<1>,,<-150>,,
2104135,,1,14,,,,,,,<2391310>,<1>,<1>,,<self:hpMax()*(0.15+(skillLv(23913) or 0)*0.001-0.001)>,,
2104136,,,,selfForce()|nodead,"exclude(list(csvSelf:id()))|buffDifferExclude('group',{c.fly_notbuff_oc()})|attrDiffer(""natureType"", {14})|random(1)",,,,,<2391321>,<1>,"<moreE(self:star(),11) and 1 or 0>",,<<1;1;1>>,,
2104161,,1,14,,,,,,,<2391611;2391622;2391624;2391627;2391631>,<999;999;999;999;999>,<1;1;(not self:flagZ4()) and 1 or 0;( self:flagZ4()) and 1 or 0;1>,,<1;1;1;1;1>,,
2104162,,,,selfForce()|nodead,"exclude(list(csvSelf:id()))|attrDiffer(""natureType"", {14})",,,,,<2391651>,<999>,"<moreE(self:star(),6) and 1 or 0>",,<1>,,
2104163,,1,14,,,,,,,,,,,,,
2104171,,1,14,,,,,,,<2100001;2100007>,<999;999>,<1;1>,,<1;1>,,
2104211,,,,,,,,,,,,,,,239211,
2104212,,,,,,,,,,,,,,,239212,
2104213,,1,14,,,,,,,<2391111>,<2>,<1>,,<self:BhpMax()*0.1>,,
2104214,,1,14,,,,,,,<2391621>,<999>,<self:flagZ1() and 1 or 0>,,<1>,,
2104221,,,4,,,,,,,,,,,,239221,
2104222,,,4,,,,,,,,,,,,,
2104223,,,,,,,,,,<2391223>,<2>,"<(self:flagZ2() and less(self:mp1(), target:mp1())) and 1 or 0>",,<target:mp1()-self:mp1()>,,
2104224,,,,,,,,,,<2391225;2391226>,<1;1>,"<(self:flagZ2() and more((target:hasBuff(2391223) and target:getBuff(2391223):getValue() or 0),0)) and 1 or 0;(self:flagZ2() and less((target:hasBuff(2391223) and target:getBuff(2391223):getValue() or 0),0)) and 1 or 0>",,"<-(target:hasBuff(2391223) and target:getBuff(2391223):getValue() or 0);math.min(self:hpMax()*0.08,target:hpMax()*0.08)>",,
2104225,,1,14,,,,,,,<2391224>,<1>,"<(self:flagZ2() and more((target:hasBuff(2391223) and target:getBuff(2391223):getValue() or 0),0)) and 1 or 0>",,<(target:hasBuff(2391223) and target:getBuff(2391223):getValue() or 0)>,,
2104231,,,11,,,,,,,,,,,,239231,
2104232,,,11,,,,,,,,,,,,239232,
2104233,,,,,,,,,,<2391312;2391313;2391314>,<1;1;1>,<1;1;1>,,"<math.max(target:damage()-self:defence(),0);math.max(target:specialDamage()-self:specialDefence(),0);1>",,
2104234,,,,,,,,,,<2391311>,<1>,<1>,,<-100>,,
2104235,,,11,enemyForce()|nodead,"buffDifferExclude('id',{2391211})|buffDifferExclude('group',{c.fly_notbuff_oc()})|random(2)",,,,,<2391211>,<2>,<1>,,<1>,,
2104236,,,,enemyForce()|nodead,"buffDifferExclude('id',{2391211})|buffDifferExclude('group',{c.fly_notbuff_oc()})|random(2)",,,,,<2391211>,<2>,<0.3+((skillLv(23913) or 0)*0.03-0.03)>,,<1>,,
2104237,,,,selfForce()|nodead,"exclude(list(csvSelf:id()))|buffDifferExclude('group',{c.fly_notbuff_oc()})|attrDiffer(""natureType"", {14})|random(1)",,,,,<2391321>,<1>,"<moreE(self:star(),11) and 1 or 0>",,<<1;1;1>>,,
2104238,,1,14,,,,,,,,,,,,,
2104261,,1,14,,,,,,,<2391611;2391622;2391624;2391627>,<999;999;999;999>,<1;1;(not self:flagZ4()) and 1 or 0;( self:flagZ4()) and 1 or 0>,,<1;1;1;1>,,
2104262,,,,selfForce()|nodead,"exclude(list(csvSelf:id()))|attrDiffer(""natureType"", {14})",,,,,<2391651>,<999>,"<moreE(self:star(),6) and 1 or 0>",,<1>,,
2104263,,1,14,,,,,,,,,,,,,
2104271,,1,14,,,,,,,<2100003;2100005;2100007>,<999;1;999>,<1;1;1>,,<1;1;1>,,
2105111,,,,,,,,,,,,,,,239111,
2105112,,1,14,,,,,,,<2391621>,<999>,<1>,,<1>,,
2105113,,1,14,,,,,,,<2391112>,<2>,<self:flagZ1() and 1 or 0>,,<self:BhpMax()*0.1>,,
2105121,,,,,,,,,,,,,,,239121,
2105122,,,,,,,,,,,,,,,,
2105123,,,,selfForce()|nodead,"exclude(list(csvSelf:id()))|attrDiffer(""natureType"", {14,15})|setSelectAttr({""Bdamage"",""BspecialDamage""},""max"")|attr(""selectAttr"",""max"",1)",,,,,<2391612>,<999>,<1>,,<self:hpMax()*0.2>,,
2105124,,1,11,,,,,,,<2391221>,<5>,<(self:flagZ2() and target:hasBuff(2391612)) and 1 or 0>,,<1>,,
2105131,,,2,,,,,,,,,,,,239131,
2105132,,,2,,,,,,,,,,,,239132,
2105133,,1,14,,,,,,,<2391621;2391621>,<999;999>,<1;1>,,<1;1>,,
2105134,,,,,,,,,,<2391311>,<1>,<1>,,<-150>,,
2105135,,1,14,,,,,,,<2391310>,<1>,<1>,,<self:hpMax()*(0.15+(skillLv(23913) or 0)*0.001-0.001)>,,
2105136,,,,selfForce()|nodead,"exclude(list(csvSelf:id()))|buffDifferExclude('group',{c.fly_notbuff_oc()})|attrDiffer(""natureType"", {14})|random(1)",,,,,<2391321>,<1>,"<moreE(self:star(),11) and 1 or 0>",,<<1;1;1>>,,
2105161,,1,14,,,,,,,<2391611;2391622;2391624;2391627;2391631>,<999;999;999;999;999>,<1;1;(not self:flagZ4()) and 1 or 0;( self:flagZ4()) and 1 or 0;1>,,<1;1;1;1;1>,,
2105162,,,,selfForce()|nodead,"exclude(list(csvSelf:id()))|attrDiffer(""natureType"", {14})",,,,,<2391651>,<999>,"<moreE(self:star(),6) and 1 or 0>",,<1>,,
2105163,,1,14,,,,,,,,,,,,,
2105171,,1,14,,,,,,,<2100001;2100007>,<999;999>,<1;1>,,<1;1>,,
2105211,,,,,,,,,,,,,,,239211,
2105212,,,,,,,,,,,,,,,239212,
2105213,,1,14,,,,,,,<2391111>,<2>,<1>,,<self:BhpMax()*0.1>,,
2105214,,1,14,,,,,,,<2391621>,<999>,<self:flagZ1() and 1 or 0>,,<1>,,
2105221,,,4,,,,,,,,,,,,239221,
2105222,,,4,,,,,,,,,,,,,
2105223,,,,,,,,,,<2391223>,<2>,"<(self:flagZ2() and less(self:mp1(), target:mp1())) and 1 or 0>",,<target:mp1()-self:mp1()>,,
2105224,,,,,,,,,,<2391225;2391226>,<1;1>,"<(self:flagZ2() and more((target:hasBuff(2391223) and target:getBuff(2391223):getValue() or 0),0)) and 1 or 0;(self:flagZ2() and less((target:hasBuff(2391223) and target:getBuff(2391223):getValue() or 0),0)) and 1 or 0>",,"<-(target:hasBuff(2391223) and target:getBuff(2391223):getValue() or 0);math.min(self:hpMax()*0.08,target:hpMax()*0.08)>",,
2105225,,1,14,,,,,,,<2391224>,<1>,"<(self:flagZ2() and more((target:hasBuff(2391223) and target:getBuff(2391223):getValue() or 0),0)) and 1 or 0>",,<(target:hasBuff(2391223) and target:getBuff(2391223):getValue() or 0)>,,
2105231,,,11,,,,,,,,,,,,239231,
2105232,,,11,,,,,,,,,,,,239232,
2105233,,,,,,,,,,<2391312;2391313;2391314>,<1;1;1>,<1;1;1>,,"<math.max(target:damage()-self:defence(),0);math.max(target:specialDamage()-self:specialDefence(),0);1>",,
2105234,,,,,,,,,,<2391311>,<1>,<1>,,<-100>,,
2105235,,,11,enemyForce()|nodead,"buffDifferExclude('id',{2391211})|buffDifferExclude('group',{c.fly_notbuff_oc()})|random(2)",,,,,<2391211>,<2>,<1>,,<1>,,
2105236,,,,enemyForce()|nodead,"buffDifferExclude('id',{2391211})|buffDifferExclude('group',{c.fly_notbuff_oc()})|random(2)",,,,,<2391211>,<2>,<0.3+((skillLv(23913) or 0)*0.03-0.03)>,,<1>,,
2105237,,,,selfForce()|nodead,"exclude(list(csvSelf:id()))|buffDifferExclude('group',{c.fly_notbuff_oc()})|attrDiffer(""natureType"", {14})|random(1)",,,,,<2391321>,<1>,"<moreE(self:star(),11) and 1 or 0>",,<<1;1;1>>,,
2105238,,1,14,,,,,,,,,,,,,
2105261,,1,14,,,,,,,<2391611;2391622;2391624;2391627>,<999;999;999;999>,<1;1;(not self:flagZ4()) and 1 or 0;( self:flagZ4()) and 1 or 0>,,<1;1;1;1>,,
2105262,,,,selfForce()|nodead,"exclude(list(csvSelf:id()))|attrDiffer(""natureType"", {14})",,,,,<2391651>,<999>,"<moreE(self:star(),6) and 1 or 0>",,<1>,,
2105263,,1,14,,,,,,,,,,,,,
2105271,,1,14,,,,,,,<2100003;2100005;2100007>,<999;1;999>,<1;1;1>,,<1;1;1>,,
2200311,,1,14,,,,,,,<22003113>,<999>,<1>,,<0>,,
2200312,,1,14,,,,,,,<22003111>,<999>,<1>,,<<0;self:hpMax();0;1>>,,
2200411,,,11,,,,,,,,,,,,364211,
2200412,,1,14,,,,,,,<3641111>,<2>,<1>,,<self:specialDamage()*0.1>,,
2200421,,,11,,,,,,,,,,,,364221,
2200422,,1,14,,,,,,,<3642211>,<1>,<1>,,<2000>,,
2200431,,,11,,,,,,,,,,,,364231,
2200432,,,11,,,,,,,,,,,,364232,
2200433,,,,,,,,,,,,,,,364233,
2200434,,,,enemyForce|nodead,otherProcessExcept(2200433),,,,,,,,,,364234,
2200435,,,,,,,,,,<3642300;3642311>,<1;5>,<1;1>,,<0;<0;0;0;0;1;1>>,,{prob=1;needUpdateTarget=TRUE}
2200436,,,11,,,,,,,<3642620;3642321>,<1;1>,"<self:hasBuff(3642320) and 0 or to10(moreE(self:star(),11));self:hasBuff(3642320) and 0 or (target:hasBuff(3642620) and (to10(moreE(self:star(),11))) or 0)>",,<0;self:specialDamage()*1.2>,,
2200461,,1,14,,,,,,,<3642316>,<999>,<1>,,"<<list(3641312,3642312)>>",,
2200462,,1,14,,,,,,,<3642611;3642631;3642641>,<999;999;999>,<1;1;1>,,<0;0;0>,,
2200463,,1,14,,,,,,,<3642681>,<999>,"<to10(moreE(self:star(),8))>",,<<0;self:BhpMax()*0.8;0;0>>,,
2200511,,1,14,,,,,,,<22005111;22005112;22005113;22005114;22005115>,<999;999;999;999;999>,<1;1;1;1;1>,,<(self:hpMax()*countForceNum(1));(self:damage()*countForceNum(1));(self:specialDamage()*countForceNum(1));(self:defence()*countForceNum(1));(self:specialDefence()*countForceNum(1))>,,
2200611,,1,14,,,,,,,<22006111>,<1>,<1>,,<<1>>,,
2201111,,1,14,,,,,,,<2201111>,<999>,<1>,,<1>,,
2201211,,1,14,,,,,,,<2201211>,<999>,<1>,,<1>,,
2201311,,1,11,,,,,,,<2201311>,<999>,<1>,,<1>,,
2201411,,1,14,,,,,,,<2201411>,<999>,<1>,,<1>,,
2202011,,1,14,,,,,,,<2202011>,<999>,<1>,,<1>,,
2202111,,,,,,,,,,,,,,,402411,
2202112,,1,14,,,,,,,<4024111>,<2>,<1>,,"<min(self:BhpMax()*0.1,self:BspecialDamage()*3)>",,
2202121,,,,,,,,,,,,,,,402421,
2202122,,1,14,,,,,,,<4024212>,<1>,<self:flagZ2() and 1 or 0>,,"<min(self:hpMax()*0.15,self:specialDamage()*3)>",,
2202131,,,,enemyForce | nodead,backRowRandom(1),,,,,,,,,,,
2202132,,,,enemyForce | nodead,otherProcessExcept(402431)|backRowRandom(1),,,,,,,,,,,
2202133,,,,enemyForce | nodead,"otherProcessExcept(402431,402432)|backRowRandom(1)",,,,,,,,,,,{prob=(self:flagZ3() and 1 or 0);needUpdateTarget=TRUE}
2202134,,,,enemyForce | nodead,,,,,,,,,,,402431,
2202135,,,,enemyForce | nodead,"useOtherProcess(402434,402435)",,,,,,,,,,402432,
2202136,,,,enemyForce | nodead,"otherProcessExcept(402434,402435)|random(1)",,,,,,,,,,,{prob=(self:flagZ3() and 1 or 0);needUpdateTarget=TRUE}
2202137,,1,14,,,,,,,,,,,,,
2202161,,1,14,,,,,,,<4024611>,<999>,<1>,,<0>,,
2202171,,1,14,,,,,,,<22021620;22021614>,<999;999>,<1;1>,,<1;1>,,
2203011,,1,14,,,,,,,<2203011>,<999>,<1>,,<1>,,
2203161,,1,14,,,,,,,<22023161>,<999>,<1>,,<1>,,
2204011,,,11,,,,,,,<2204011>,<999>,<1>,,<1>,,
2204111,,1,14,,,,,,,<22041111>,<999>,<1>,,<0>,,
2204121,,1,14,,,,,,,<22041211>,<999>,<1>,,<0>,,
2204131,,1,14,,,,,,,<22041311>,<999>,<1>,,<0>,,
2204141,,1,14,,,,,,,<22041411>,<999>,<1>,,<0>,,
2204151,,1,14,,,,,,,<22041511>,<999>,<1>,,<0>,,
2205011,,1,14,,,,,,,<2205011>,<999>,<1>,,<1>,,
2205021,,1,14,,,,,,,<2205013>,<999>,<1>,,<1>,,
2206011,,,11,,,,,,,<2206011>,<999>,<1>,,<1>,,
2301011,,1,11,,,,,,,<2301011>,<999>,<1>,,<target:Bdamage()*0.2>,,
2302011,,1,14,,,,,,,<2302011;2302012;2302014>,<999;999;999>,<1;1;1>,,<1;1;1>,,
2303011,,1,14,,,,,,,<2303011>,<999>,<1>,,<1>,,
2304011,,1,14,,,,,,,<2304011>,<999>,<1>,,<1>,,
2305011,,1,11,,,,,,,<2305013>,<999>,<1>,,<1>,,
2305012,,1,14,,,,,,,<2305011>,<1>,<1>,,<0>,,
2305013,,1,14,,,,,,,<2305016;2305018>,<999;3>,<1;1>,,<1;<0;0;0>>,,
2401001,,,,object(11),,,,,,<2401001;2401003;2401004>,<999;999;999>,<1;1;1>,,<0;target:hp()*0.1;target:hp()*0.1>,,
2402001,,1,14,,,,,,,<2021622>,<999>,<1>,,<1>,,
2404001,,1,14,,,,,,,<2404001;2404004>,<5;999>,<1;1>,,"<<99;4;0>;<list(10,2,1);0.5;1>>",,
2411001,,1,14,,,,,,,<2502001>,<999>,<1>,,<1>,,
2411201,,1,14,,,,,,,<2504001;2504005;2504008>,<999;999;999>,<1;1;1>,,<1;1;1>,,
2411211,,1,14,,,,,,,<2504003;2504007;2504009>,<999;999;999>,<1;1;1>,,<1;1;1>,,
2411311,,1,14,,,,,,,<2503001>,<999>,<1>,,<1>,,
2411321,,1,14,,,,,,,<2503003>,<999>,<1>,,<1>,,
2411511,,1,14,,,,,,,<2505001>,<999>,<1>,,<1>,,
2421101,,1,14,,,,,,,<2601001>,<999>,<1>,,<1>,,
2421201,,1,14,,,,,,,<2602001>,<999>,<1>,,<1>,,
2421301,,1,14,,,,,,,<2603001>,<999>,<1>,,<1>,,
2421302,,1,14,,,,,,,<2603011;2603015>,<999;999>,<1;1>,,<1;1>,,
2421401,,1,14,,,,,,,<2604001>,<999>,<1>,,<1>,,
2421402,,1,14,,,,,,,<2604003;2604005>,<999;1>,<1;1>,,<1;10000>,,
2421501,,1,14,,,,,,,<2605001>,<999>,<1>,,<1>,,
2431110,,,11,,,,,,,<24311100>,<999>,<1>,,<<1;1;11>>,,
2431111,,1,11,,,,,,,<24311111;24311113>,<999;999>,<1;1>,,<0;0>,,
2431211,,1,14,,,,,,,<24312111>,<999>,<1>,,<0>,,
2431221,,1,14,,,,,,,<24312211>,<999>,<1>,,<0>,,
2431311,,1,14,,,,,,,<24313111>,<999>,<1>,,<0>,,
2431312,,,,object(10),,,,,,<24313112>,<999>,<1>,,<0>,,
2431511,,,,selfForce | nodead,random(1),,,,,<24315111>,<999>,<1>,,<0>,,
2431512,,,,selfForce | nodead,otherProcessExcept(2431511),,,,,<24315112>,<999>,<1>,,<0>,,
2441111,,1,14,,,,,,,<2701001>,<999>,<1>,,<0>,,
2441211,,1,14,,,,,,,<2702004;2702002>,<999;999>,<1;1>,,<1;1>,,
2441221,,1,14,,,,,,,<2702001;2702002>,<999;999>,<1;1>,,<1;1>,,
2441311,,1,14,,,,,,,<2703001>,<999>,<1>,,<0>,,
2441321,,,,,,,,,,,,,,,213121,
2441322,,1,14,,,,,,,,,,,,,
2441511,,1,14,,,,,,,<2705001>,<999>,<1>,,<0>,,
2441611,,1,14,,,,,,,<2706001>,<999>,<1>,,<0>,,
2442111,,1,14,,,,,,,<2801001>,<999>,<1>,,<0>,,
2442311,,1,14,,,,,,,<2803001>,<999>,<1>,,<0>,,
2442611,,1,14,,,,,,,<2806001>,<999>,<1>,,<0>,,
2443111,,1,14,,,,,,,<2811001>,<999>,<1>,,<0>,,
2443411,,1,14,,,,,,,<2814001>,<999>,<1>,,<0>,,
2443511,,1,14,,,,,,,<2815001>,<999>,<1>,,<0>,,
2443611,,1,14,,,,,,,<2816001>,<999>,<1>,,<0>,,
2443711,,1,14,,,,,,,<2817001>,<999>,<1>,,<0>,,
2443811,,1,14,,,,,,,<2818001>,<999>,<1>,,<0>,,
2443911,,1,14,,,,,,,<2819001>,<999>,<1>,,<0>,,
2451111,,1,14,,,,,,,<2821001>,<999>,<1>,,<0>,,
2451311,,1,14,,,,,,,<2823001>,<999>,<1>,,<0>,,
2451411,,1,14,,,,,,,<2824001>,<999>,<1>,,<0>,,
2451611,,1,14,,,,,,,<2826001>,<999>,<1>,,<0>,,
2500000,,1,14,,,,,,,<7041000>,<999>,<1>,,<1>,,
2500211,,,,enemyForce()|nodead,"buffDiffer('group',{22})",,,,,,,,,,,
2500212,,,,enemyForce()|nodead,,{process={key=getNowRound()>=10;value=<otherProcessExcept(2500211)|random(3);otherProcessExcept(2500211)|random(2)>}},,,,<25002211>,"<moreE(random(0,3),2) and 2 or 3>",<0.82+(target:hasBuff(25010017) and 0.2 or 0)+(target:hasBuff(25010021) and 0.3 or 0)>,,<99>,2500211,
2500221,,,,enemyForce()|nodead,random(2),,,,,<25002215>,<999>,<target:hasBuffGroup(22) and 1 or 0>,,<-500>,2500221,
2500222,,,,enemyForce()|nodead,"otherProcessExcept(2500221)|buffDiffer('group',{22})",,,,,<25002219;25002228>,<1;1>,"<moreE(target:getBuffOverlayCount(25002218),9) and 1 or 0;moreE(self:getBuffOverlayCount(25002217),2) and 1 or 0>",,"<random(1,3)*5000;(self:specialDamage()+target:hpMax()*0.22)*(1+getNowRound()*0.09)>",,
2500231,,,11,,,,,,,,,,,,2500231,
2500232,,,11,,,,,,,,,,,,2500232,
2500233,,,,enemyForce()|nodead,"setSelectAttr({""damage"",""specialDamage""},""max"")|attr(""selectAttr"",""max"",1)",,,,,<25002211>,<3>,<0.9+(target:hasBuff(25010017) and 0.1 or 0)+(target:hasBuff(25010021) and 0.1 or 0)>,,<99>,,
2500234,,,,enemyForce()|nodead,otherProcessExcept(2500233),,,,,<25002211>,<2>,<0.85+(target:hasBuff(25010017) and 0.2 or 0)+(target:hasBuff(25010021) and 0.3 or 0)>,,<99>,,
2500261,,1,14,,,,,,,<25002220;25002221;25002216;25002225;25002227>,<999;999;999;999;999>,<1;1;1;1;0>,,<0;0;0;0;0>,,
2500262,,,11,,,,,,,<25002211>,<999>,<0>,,<1>,,
2501001,,1,14,,,,,,,<25010101;25010102;25010103;25010104;25010105;25010106;25010107;25010108;25010109;25010110;25010111;25010112;25010113;25010114;25010115;25010116;25010117;25010118;25010119;25010120>,<999;999;999;999;999;999;999;999;999;999;999;999;999;999;999;999;999;999;999;999>,"<excutePlayCsv(""damage"",1) or 0;excutePlayCsv(""damage"",1) or 0;excutePlayCsv(""damage"",1) or 0;excutePlayCsv(""damage"",1) or 0;excutePlayCsv(""damage"",1) or 0;excutePlayCsv(""damage"",1) or 0;excutePlayCsv(""damage"",1) or 0;excutePlayCsv(""damage"",1) or 0;excutePlayCsv(""damage"",1) or 0;excutePlayCsv(""damage"",1) or 0;excutePlayCsv(""damage"",1) or 0;excutePlayCsv(""damage"",1) or 0;excutePlayCsv(""damage"",1) or 0;excutePlayCsv(""damage"",1) or 0;excutePlayCsv(""damage"",1) or 0;excutePlayCsv(""damage"",1) or 0;excutePlayCsv(""damage"",1) or 0;excutePlayCsv(""damage"",1) or 0;excutePlayCsv(""damage"",1) or 0;excutePlayCsv(""damage"",1) or 0>",,<1;1;1;1;1;1;1;1;1;1;1;1;1;1;1;1;1;1;1;1>,,
2510111,,,,enemyForce()|nodead,,{process={key=getNowRound()>6;value=<random(3);random(2)>}},,,,<25101100>,<1>,<1>,,<0>,2510111,
2510112,,,,enemyForce()|nodead,useOtherProcess(2510111),,,,,<25101112;25101111;25101117>,<1;5;1>,"<moreE(target:getBuffOverlayCount(25101111),2) and 1 or 0;1;moreE(target:getBuffOverlayCount(25101111),10) and 1 or 0>",,<0;target:hpMax()*0.01;target:hpMax()*0.8>,,
2510113,,,,,,,,,,,,,,,,
2510114,,,,,,,,,,,,,,,,
2510121,,,,enemyForce()|nodead,random(2),,,,,,,,,,2510121,
2510122,,,,enemyForce()|nodead,useOtherProcess(2510121),,,,,<25101118>,<1>,<1>,,<<330;10>>,,
2510123,,,,enemyForce()|nodead,otherProcessExcept(2510121),,,,,<25101118>,<1>,<target:hasBuff(25101119) and (target:hasBuff(25101154) and 1 or 0) or 0>,,<<330;10>>,,
2510124,,1,14,,,,,,,<25101148>,<2>,<1>,,<4000>,,
2510131,,,11,,,,,,,,,,,,2510131,
2510132,,,11,,,,,,,,,,,,2510132,
2510133,,,11,,,,,,,<25101124;25101119>,<1;3>,<target:hasBuff(25101119) and 1 or 0;0.2+((target:damage()+target:specialDamage())/(target:defence()+target:specialDefence())-3)+(target:frontOrBack()==2 and 0.3 or 0)+(target:hasBuff(25101154) and 0.4 or 0)>,,<0;0>,,
2510134,,,11,,,,,,,<25101111;25101117>,<5;1>,"<moreE(self:getBuffOverlayCount(25101126),2) and 1 or 0;moreE(target:getBuffOverlayCount(25101111),10) and 1 or 0>",,<target:hpMax()*0.01;target:hpMax()*0.8>,,
2510135,,1,14,,,,,,,<25101126>,<999>,<1>,,<0>,,
2510161,,1,14,,,,,,,<25101131;25101150;25101151;25101152>,<999;999;999;999>,<1;1;1;1>,,<0;0;0;0>,,
2510162,,,11,,,,,,,<25101124>,<999>,<0>,,<0>,,
2510163,,,,enemyForce()|nodead,"setSelectAttr({""damage"",""specialDamage""},""max"")|attr(""selectAttr"",""max"",1)",,,,,<25101127>,<2>,"<moreE(getNowRound(),8) and (getNowRound()%2==0 and 1 or 0) or 0>",,<0>,,
2511001,,1,14,,,,,,,<25111001;25111002;25111003;25111004;25111005;25111006;25111007;25111008;25111009;25111010;25111011;25111012;25111013;25111014;25111015;25111016;25111017;25111018;25111019;25111020>,<999;999;999;999;999;999;999;999;999;999;999;999;999;999;999;999;999;999;999;999>,"<excutePlayCsv(""damage"",1) or 0;excutePlayCsv(""damage"",1) or 0;excutePlayCsv(""damage"",1) or 0;excutePlayCsv(""damage"",1) or 0;excutePlayCsv(""damage"",1) or 0;excutePlayCsv(""damage"",1) or 0;excutePlayCsv(""damage"",1) or 0;excutePlayCsv(""damage"",1) or 0;excutePlayCsv(""damage"",1) or 0;excutePlayCsv(""damage"",1) or 0;excutePlayCsv(""damage"",1) or 0;excutePlayCsv(""damage"",1) or 0;excutePlayCsv(""damage"",1) or 0;excutePlayCsv(""damage"",1) or 0;excutePlayCsv(""damage"",1) or 0;excutePlayCsv(""damage"",1) or 0;excutePlayCsv(""damage"",1) or 0;excutePlayCsv(""damage"",1) or 0;excutePlayCsv(""damage"",1) or 0;excutePlayCsv(""damage"",1) or 0>",,<1;1;1;1;1;1;1;1;1;1;1;1;1;1;1;1;1;1;1;1>,,
2520111,,,,,,,,,,,,,,,2520111,
2520112,,1,14,,,,,,,,,,,,,
2520113,,,,selfForce()|nodead,otherProcessExcept(2520112)|random(1),,,,,<25201606;25201616>,<3;3>,<1;1>,,<target:specialDamage()*1.35;target:specialDefence()*2.5>,,
2520114,,1,2,,,,,,,<25206123>,<999>,<1>,,<2000>,,
2520121,,,,,,,,,,,,,,,2520121,
2520122,,1,14,,,,,,,,,,,,,
2520123,,,,selfForce()|nodead,"otherProcessExcept(2520123)|attr(""hp"",""max"",1)",,,,,<25201607;25201612>,<1;1>,"<lessE(getForceNum(self:force()),2) and 1 or 0;1>",,<target:hpMax();0>,,
2520124,,,,selfForce()|nodead,otherProcessExcept(2520122)|random(1),,,,,<25201609;25201617>,<3;3>,<1;1>,,<13000;3000>,,
2520131,,,11,,,,,,,,,,,,2520131,
2520132,,,11,,,,,,,,,,,,2520132,
2520133,,1,14,,,,,,,,,,,,,
2520134,,,,selfForce,otherProcessExcept(2520133),,,,,<25201101>,<1>,<1>,,"<<list(1,0,0);1;0>>",,
2520135,,,11,,,,,,,<25201610;25201618>,<1;2>,<1;target:hasBuff(25210006) and 1 or 0>,,<0;0>,,
2520136,,1,11,,,,,,,<25201619>,<1>,"<moreE(getNowRound(),7)and (moreE(getForceNum(1),getForceNum(2))and 1 or 0 ) or 0>",,<7000>,,
2520151,,,24,,,,,,,<25206150;25206152;25206156>,<1;999;999>,<1;1;1>,,<0;0;-90000>,2520100,
2520152,,,24,,,,,,,,,,,,2520110,
2520161,,1,14,,,,,,,<25201601;25201602;25201605;25201613;25206122>,<999;999;999;999;999>,<1;1;1;1;1>,,<<1;1;1>;0;0;0;2000>,,
2520162,,,11,,,,,,,<25201610>,<999>,<1>,,<0>,,
2520163,,,,,,,,,,,,,,,,
2520171,,,,selfForce()|nodead,otherProcessExcept(2520122),,,,,<25201607>,<1>,"<more(self:hp(),target:hp()) and 1 or 0>",,<self:hp()-target:hp()>,,
2520611,,,,,,,,,,,,,,,2520611,
2520612,,,,,,,,,,<25206121>,<1>,<1>,,<4000>,,
2520621,,,,,,,,,,,,,,,2520621,
2520622,,,,,,,,,,<25206158>,<3>,<1>,,<-2500>,,
2520631,,,,,,,,,,,,,,,,
2520661,,,,,,,,,,,,,,,,
2521001,,1,14,,,,,,,<25211001;25211002;25211003;25211004;25211005;25211006;25211007;25211008;25211009;25211010;25211011;25211012;25211013;25211014;25211015;25211016;25211017;25211018;25211019;25211020>,<999;999;999;999;999;999;999;999;999;999;999;999;999;999;999;999;999;999;999;999>,"<excutePlayCsv(""damage"",1) or 0;excutePlayCsv(""damage"",1) or 0;excutePlayCsv(""damage"",1) or 0;excutePlayCsv(""damage"",1) or 0;excutePlayCsv(""damage"",1) or 0;excutePlayCsv(""damage"",1) or 0;excutePlayCsv(""damage"",1) or 0;excutePlayCsv(""damage"",1) or 0;excutePlayCsv(""damage"",1) or 0;excutePlayCsv(""damage"",1) or 0;excutePlayCsv(""damage"",1) or 0;excutePlayCsv(""damage"",1) or 0;excutePlayCsv(""damage"",1) or 0;excutePlayCsv(""damage"",1) or 0;excutePlayCsv(""damage"",1) or 0;excutePlayCsv(""damage"",1) or 0;excutePlayCsv(""damage"",1) or 0;excutePlayCsv(""damage"",1) or 0;excutePlayCsv(""damage"",1) or 0;excutePlayCsv(""damage"",1) or 0>",,<1;1;1;1;1;1;1;1;1;1;1;1;1;1;1;1;1;1;1;1>,,
2600111,,,,,,,,,,,,,,,2600111,
2600112,,,,,,,,,,<26001211>,<4>,<0.5>,,<1>,,
2600121,,,4,,,,,,,,,,,,2600121,
2600122,,,4,,,,,,,<26001211>,<4>,<1>,,<1>,,
2600131,,,11,,,,,,,,,,,,2600131,
2600132,,,11,,,,,,,,,,,,2600132,
2600133,,,11,,,,,,,<26001311;26001312;26001313;26001314>,"<random(1,2);random(2,3);random(1,2);random(2,3)>","<(not excutePlayCsv('bossBuff',3016) and (not excutePlayCsv('bossBuff',3017)))  and 1 or 0;( excutePlayCsv('bossBuff',3016) and (not excutePlayCsv('bossBuff',3017)))  and 1 or 0;(not excutePlayCsv('bossBuff',3016) and ( excutePlayCsv('bossBuff',3017)))  and 1 or 0;( excutePlayCsv('bossBuff',3016) and ( excutePlayCsv('bossBuff',3017)))  and 1 or 0>",,<<0;1>;<0;1>;<0;1>;<0;1>>,,
2600141,,,11,,,,,,,,,,,,2600141,
2600142,,,11,,,,,,,<26001211>,<4>,<1>,,<1>,,
2600143,,1,14,,,,,,,<26001634>,<1>,"<excutePlayCsv('bossBuff',4004) and 1 or 0>",,"<<list(0,0,1);1;0;list(260017)>>",,
2600151,,,,,,,,,,,,,,,,
2600161,,1,14,,,,,,,<26001611;26001612;26001621;26001633;26001641;26001651;26001661;26001671;26011111;26011211;26011212>,<999;999;999;999;999;999;999;999;999;999;999>,"<1;1;(not excutePlayCsv('bossBuff',4002)) and 1 or 0;excutePlayCsv('bossBuff',4002) and 1 or 0;1;excutePlayCsv('bossBuff',3018) and 1 or 0;excutePlayCsv('bossBuff',4004) and 1 or 0;1;self:hasSkill(260111) and 1 or 0;self:hasSkill(260112) and 1 or 0;self:hasSkill(260112) and 1 or 0>",,<1;1;1;1;1;1;1;1;1000;0.2*self:damage();0.2*self:specialDamage()>,,
2600171,,,11,,,,,,,,,,,,2600171,
2600172,,,11,,,,,,,<26001672;26001673;26001674;26001675;26001676>,<999;999;999;999;999>,"<excutePlayCsv('bossBuff',4005) and 1 or 0;excutePlayCsv('bossBuff',4005) and 1 or 0;excutePlayCsv('bossBuff',4005) and 1 or 0;excutePlayCsv('bossBuff',4005) and 1 or 0;excutePlayCsv('bossBuff',4005) and 1 or 0>",,<80;-0.12*self:damage();-0.12*self:specialDamage();-0.25*self:defence();-0.25*self:specialDefence()>,,
2600211,,,,,,,,,,,,,,,2600211,
2600212,,,,,,,,,,<26002000>,<1>,<0.5>,,<0>,,
2600221,,,3,,,,,,,,,,,,2600221,
2600222,,,3,,,,,,,<26002000>,<1>,<1>,,<0>,,
2600231,,,4,,,,,,,,,,,,2600231,
2600232,,,4,,,,,,,,,,,,,
2600233,,,4,,,,,,,<26002311;26002311>,<1;1>,"<1;excutePlayCsv('bossBuff',4006) and 1 or 0>",,<target:lostHp()*0.15;target:lostHp()*0.15+self:damage()*0.6+self:defence()*1.5>,,
2600241,,,,selectedTwoColumn,,,,,,,,,,,2600232,
2600242,,,,selectedTwoColumn,,,,,,,,,,,,
2600243,,,,selectedTwoColumn,,,,,,<26002311;26002311>,<1;1>,"<1;excutePlayCsv('bossBuff',4006) and 1 or 0>",,<target:lostHp()*0.15;target:lostHp()*0.15+self:damage()*0.6+self:defence()*1.5>,,
2600261,,1,14,,,,,,,<26001611;26001612;26002611;26002612;26002613>,<999;999;999;999;999>,"<1;1;1;1;excutePlayCsv('bossBuff',3020) and 1 or 0>",,"<0;0;excutePlayCsv('bossBuff',3020) and 10000 or 5000;excutePlayCsv('bossBuff',3020) and 10000 or 5000;2000>",,
2600262,,1,14,,,,,,,<26002621;26002631;26002641;26002651;26002652;26002653>,<999;999;999;999;999;999>,"<1;1;excutePlayCsv('bossBuff',3023) and 10000 or 5000;self:hasSkill(260211) and 1 or 0;self:hasSkill(260211) and 1 or 0;self:hasSkill(260212) and 1 or 0>",,<0;0;0;1000;1000;1000>,,
2600311,,,,,,,,,,,,,,,2600311,
2600312,,,,,,,,,,<26003001;26003000>,<2;3>,"<excutePlayCsv('bossBuff',3032) and 0 or 1;excutePlayCsv('bossBuff',3032) and 1 or 0>",,<0;0>,,
2600321,,,,,,,,,,,,,,,2600321,
2600322,,,,,,,,,,<26003001;26003000>,<2;3>,"<excutePlayCsv('bossBuff',3032) and 0 or 1;excutePlayCsv('bossBuff',3032) and 1 or 0>",,<0;0>,,
2600323,,1,14,,,,,,,<26003062;26003064>,<1;1>,"<not excutePlayCsv('bossBuff',4012) and 1 or 0;excutePlayCsv('bossBuff',4012) and 1 or 0>",,<1;1>,,
2600331,,,,,,,,,,,,,,,2600331,
2600332,,,,,,,,,,,,,,,2600332,
2600333,,,,selfForce()|nodead,"exclude(list(csvSelf:id()))|buffDifferExclude('id',{26003022})|random(1)",,,,,<26003021>,<1>,<1>,,<1>,,
2600334,,,11,,,,,,,<26003024>,<3>,<1>,,<1>,,
2600361,,1,14,,,,,,,<26003058;26003059>,<999;999>,<1;1>,,<1;1>,,
2600362,,1,14,,,,,,,<26003061>,<999>,<1>,,<1>,,
2600363,,,,enemyForce()|nodead,"attrDiffer(""natureType"", {8,3})|random(6)",,,,,<26003070;26004023;26004023>,<999;999;999>,<1;self:hasSkill(260311) and 1 or 0;self:hasSkill(260312) and 1 or 0>,,<1;2000;-2000>,,
2600364,,,,enemyForce()|nodead,"buffDifferExclude('id',{26003070})|random(6)",,,,,<26003071;26003072;26003073;26003074>,<999;999;999;999>,"<(excutePlayCsv('bossBuff',3031)) and 1 or 0;(excutePlayCsv('bossBuff',3031) ) and 1 or 0;(excutePlayCsv('bossBuff',3031) ) and 1 or 0;(excutePlayCsv('bossBuff',3031) ) and 1 or 0>",,<-0.3*self:damage();-0.3*self:specialDamage();-0.5*self:defence();-0.5*self:specialDefence()>,,
2600365,,1,14,,,,,,,<26003075;26004021;26004022>,<999;999;999>,"<excutePlayCsv('bossBuff',3035)  and 1 or 0;self:hasSkill(260311) and 1 or 0;self:hasSkill(260312) and 1 or 0>",,<1;1000;1000>,,
2600411,,,,,,,,,,,,,,,2600411,
2600412,,,,,,,,,,<26003011>,<2>,<1>,,<0>,,
2600421,,,,,,,,,,,,,,,2600421,
2600422,,,,,,,,,,<26003001;26003000>,<2;3>,"<excutePlayCsv('bossBuff',3032) and 0 or 1;excutePlayCsv('bossBuff',3032) and 1 or 0>",,<0;0>,,
2600461,,1,14,,,,,,,<26003058;26003059>,<999;999>,<1;1>,,<1;1>,,
2600462,,1,14,,,,,,,<26004001;26003065>,<999;999>,<1;1>,,<1;<1;0;1>>,,
2600463,,,,selfForce|nodead,"battleFlagDiffer('battleFlag', {26003})",,,,,<26003065>,<999>,<1>,,<<0.1;1;1>>,,
2600464,,1,14,,,,,,,<26003075;26004011;26004023>,<999;999;999>,"<excutePlayCsv('bossBuff',3035)  and 1 or 0;excutePlayCsv('bossBuff',4014)  and 1 or 0;0>",,<1;1;5000>,,
2601111,,,11,,,,,,,,,,,,,
2894211,,1,14,,,,,,,<2894001>,<999>,<1>,,<0>,,
2894212,,1,14,,,,,,,<2894002>,<999>,<1>,,<0>,,
2894611,,1,14,,,,,,,<2894011>,<999>,<1>,,<0>,,
2894612,,1,14,,,,,,,<2894014>,<999>,<1>,,<0>,,
2894613,,1,14,,,,,,,<2894012>,<999>,<1>,,<0>,,
3000111,,,,,,,,,,,,,,,123111,
3000112,,,,,,,,,,<123111>,<1>,<0.75>,,<self:hp()*0.075>,,
3000121,,,4,,,,,,,,,,,,123121,
3000122,,1,14,,,,,,,<123121>,<2>,<1>,,<self:speed()*0.15>,,
3000123,,,4,,,,,,,,,,,,,
3000131,,,11,,,,,,,,,,,,123131,
3000132,,,11,,,,,,,,,,,,123132,
3000135,,,11,,,,,,,<123111>,<2>,<1>,,<target:hpMax()*0.075>,,
3000136,,,11,,,,,,,<910008>,<2>,<1>,,<-500>,,
3000211,,,,,,,,,,,,,,,2311,
3000221,,,,,,,,,,,,,,,2321,
3000222,,1,14,,,,,,,<21>,<2>,<1>,,<self:hpMax()*0.1>,,
3000231,,,2,,,,,,,,,,,,2331,
3000232,,,2,,,,,,,,,,,,2332,
3000235,,,2,,,,,,,<24;25>,<2;2>,<1;1>,,<-target:defence()*0.2;-target:specialDefence()*0.2>,,
3000236,,1,11,,,,,,,<22;23>,<2;2>,<1;1>,,<self:defence()*0.2;self:specialDefence()*0.2>,,
3000311,,,,,,,,,,,,,,,122111,
3000312,,,,,,,,,,<900017>,<1>,<0.35>,,<0>,,
3000321,,,,,,,,,,,,,,,122121,
3000322,,1,14,,,,,,,<900013>,<1>,<1>,,<10000>,,
3000331,,,4,,,,,,,,,,,,122131,
3000332,,,4,,,,,,,,,,,,122132,
3000334,,,4,,,,,,,<900017>,<2>,<1>,,<0>,,
3000335,,1,14,,,,,,,<900005>,<1>,<0>,,<self:specialDamage()*0.15>,,
3000361,,,,,,,,,,<900002>,<1>,<1>,,<-self:speed()*0.15>,,
3000411,,,,,,,,,,,,,,,129211,
3000421,,,,,,,,,,,,,,,129221,
3000431,,,3,,,,,,,,,,,,129231,
3000432,,,3,,,,,,,,,,,,129232,
3000511,,,,,,,,,,,,,,,330311,
3000512,,1,14,,,,,,,,,,,,,
3000521,,,,,,,,,,,,,,,330321,
3000522,,,,,,,,,,<330321>,<0>,<0>,,<self:damage()*1>,,
3000531,,,,,,,,,,,,,,,330331,
3000532,,,,,,,,,,,,,,,330332,
3000537,,1,14,,,,,,,<330331;330332>,<1;1>,<1;1>,,<self:strike()*0.1;self:strikeDamage()*0.1>,,
3000538,,1,14,,,,,,,<330333>,<1>,<1>,,<1>,,
3000611,,,,,,,,,,,,,,,354311,
3000621,,,,,,,,,,,,,,,354321,
3000631,,,4,,,,,,,,,,,,354331,
3000632,,,4,,,,,,,,,,,,354332,
3000711,,,,,,,,,,,,,,,311,
3000712,,1,14,,,,,,,<3>,<1>,<1>,,<3000>,,
3000713,,1,14,,,,,,,<4>,<1>,<1>,,<1>,,
3000721,,,,,,,,,,,,,,,321,
3000722,,1,20,,,,2,,,<1>,<1>,<1>,,"<lessE(target:hp()/target:hpMax(),0.3) and (self:specialDamage()*1.3) or (self:specialDamage() )>",,
3000723,,,,,,,,,,<5>,<2>,<1>,,<self:specialDamage()*0.5>,,
3000731,,,,,,,,,,,,,,,331,
3000732,,,,,,,,,,,,,,,332,
3000735,,1,11,,,,,,,<1>,<1>,<1>,,"<lessE(target:hp()/target:hpMax(),0.3) and (self:specialDamage()*1.2*1.3) or (self:specialDamage()*1.2)>",,
3000736,,1,11,,,,,,,<2>,<2>,<0.3>,,"<lessE(target:hp()/target:hpMax(),0.3) and (self:specialDamage()*0.5*1.3) or (self:specialDamage()*0.5)>",,
3000811,,,,,,,,,,,,,,,125311,
3000821,,,,,,,,,,,,,,,125321,
3000831,,,11,,,,,,,,,,,,125331,
3000832,,,11,,,,,,,,,,,,125332,
3000911,,,,,,,,,,,,,,,124111,
3000912,,,,,,,,,,<124111>,<1>,<0.4>,,<100>,,
3000921,,,,,,,1,,,,,,,,124121,
3000922,,,,,,,1,,,,,,,,,
3000931,,,2,,,,,,,,,,,,124131,
3000932,,,2,,,,,,,,,,,,124132,
3000936,,1,11,,,,,,,<124131>,<2>,<0>,,<-self:strike()*0.35>,,
3000937,,1,11,,,,,,,<124133>,<1>,<1>,,<0>,,
3000961,,1,11,,,,,,,<124161>,<999>,<1>,,<self:speed()*0.075>,,
3001011,,,,,,,,,,,,,,,223311,
3001021,,,,,,,,,,,,,,,223321,
3001031,,,4,,,,,,,,,,,,223331,
3001032,,,4,,,,,,,,,,,,223332,
3001111,,,,,,,,,,,,,,,1311,
3001121,,,,,,,,,,,,,,,1321,
3001122,,,,,,,,,,,,,,,1322,
3001123,,,,,,,,,,<11>,<2>,<1>,,<self:specialDamage()*0.5>,,
3001131,,,4,,,,,,,,,,,,1331,
3001132,,,4,,,,,,,,,,,,1332,
3001135,,,4,,,,,,,<11>,<2>,<0.5>,,<self:specialDamage()*0.5>,,
3001161,,,,,,,,,,<12>,<1>,<target:hasBuff(11) and 1 or 0>,,<self:specialDamage()>,,
3001211,,,,,,,,,,,,,,,75311,
3001221,,,,,,,,,,,,,,,75321,
3001231,,,4,,,,,,,,,,,,75331,
3001241,,,,,,,,,,,,,,,75341,
3001242,,,,,,,,,,,,,,,75342,
3001311,,,,,,,,,,,,,,,129311,
3001321,,,,,,,,,,,,,,,129321,
3001331,,,3,,,,,,,,,,,,129331,
3001332,,,3,,,,,,,,,,,,129332,
3010111,,,,,,,,,,,,,,,194111,
3010121,,,,,,,,,,,,,,,194121,
3010131,,,2,,,,,,,,,,,,194131,
3010132,,,2,,,,,,,,,,,,194132,
3010133,,,3,,,,,,,<30101311>,<3>,<1>,,<-target:BspecialDamage()*0.3>,,
3010141,,,12,,,,,,,,,,,,194141,
3010142,,,12,,,,,,,,,,,,194142,
3010143,,,12,,,,,,,<30101311;30103311>,<3;3>,<1;1>,,<-target:BspecialDamage()*0.3;-target:BspecialDefence()*0.45>,,
3010161,,1,14,,,,,,,<30101611>,<999>,<0>,,<0>,,
3010162,,1,11,,,,,,,<30101621>,<999>,<0>,,<4000>,,
3010211,,,,,,,,,,,,,,,126111,
3010221,,,,,,,,,,,,,,,126121,
3010231,,,4,,,,,,,,,,,,126131,
3010232,,,4,,,,,,,,,,,,126132,
3010233,,1,11,,,,,,,<30102311;30102312>,<1;1>,<1;1>,,<2500;2500>,,
3010311,,,,,,,,,,,,,,,195111,
3010321,,,,,,,,,,,,,,,195121,
3010331,,,,,,,,,,,,,,,195131,
3010332,,,,,,,,,,,,,,,195132,
3010333,,,2,,,,,,,<30103311>,<3>,<1>,,<-target:BspecialDefence()*0.45>,,
3010341,,,12,,,,,,,,,,,,195141,
3010342,,,12,,,,,,,,,,,,195142,
3010343,,,12,,,,,,,,,,,,,
3010411,,,,,,,,,,,,,,,9411,
3010421,,,,,,,,,,,,,,,9421,
3010422,,,,,,,,,,<30104311>,<1>,<1>,,<0>,,
3010431,,,,,,,,,,,,,,,9431,
3010432,,,,,,,,,,,,,,,9432,
3010433,,,,,,,,,,<30104311>,<1>,<1>,,<0>,,
3010511,,,,,,,,,,,,,,,364111,
3010521,,,,,,,,,,,,,,,364121,
3010531,,,2,,,,,,,,,,,,364131,
3010532,,,2,,,,,,,,,,,,364132,
3010533,,,,,,,,,,,,,,,,
3010611,,,,,,,,,,,,,,,198111,
3010621,,,,,,,,,,,,,,,198121,
3010622,,,,,,,,,,,,,,,198122,{effectProb=to10(skill:owner():selectCsvTarget():hasBuff(30106311))}
3010623,,,,,,,,,,<30106311;30106312>,<1;1>,<1;to10(target:hasBuff(30106311))>,,<1;1>,,
3010631,,,4,,,,,,,,,,,,198131,
3010632,,,4,,,,,,,,,,,,198132,
3010633,,,,,,,,,,,,,,,,
3010711,,,,,,,,,,,,,,,196211,
3010721,,,,,,,,,,,,,,,196221,
3010731,,,,object(1),,,,,,,,,,,196231,
3010732,,,,object(2),,,,,,,,,,,196232,"{prob=(countForceFilterNum(target:force(),owner,c.filterLevel1())>1 and 1 or 0);needUpdateTarget=TRUE}"
3010733,,,,object(3),,,,,,,,,,,196233,"{prob=(countForceFilterNum(target:force(),owner,c.filterLevel1())>1 and 1 or 0);needUpdateTarget=TRUE}"
3010734,,,,object(4),,,,,,,,,,,196234,"{prob=(countForceFilterNum(target:force(),owner,c.filterLevel1())>1 and 1 or 0);needUpdateTarget=TRUE}"
3010735,,,,object(5),,,,,,,,,,,196235,"{prob=(countForceFilterNum(target:force(),owner,c.filterLevel1())>1 and 1 or 0);needUpdateTarget=TRUE}"
3010736,,,,object(6),,,,,,,,,,,196236,"{prob=(countForceFilterNum(target:force(),owner,c.filterLevel1())>1 and 1 or 0);needUpdateTarget=TRUE}"
3010737,,,,enemyForce|nodead,,,,,,,,,,,196237,{needUpdateTarget=TRUE}
3010738,,,11,,,,,,,,,,,,196238,
3010761,,1,14,,,,,,,<30107611>,<999>,<1>,,<0>,,
3010811,,,,,,,,,,,,,,,239111,
3010821,,,,,,,,,,,,,,,239121,
3010831,,,2,,,,,,,,,,,,239131,
3010832,,,2,,,,,,,,,,,,239132,
3010833,,1,14,,,,,,,<30108311>,<999>,<1>,,<30113>,,
3010911,,,,enemyForce|nodead,curSelected|penetrate(0.8),,,,,,,,,,197211,
3010921,,,,enemyForce|nodead,curSelected|penetrate(0.5),,,,,,,,,,197221,
3010931,,,,enemyForce|nodead,"curSelected|sputtering(0.5,false)",,,,,,,,,,197231,
3010932,,,,,,,,,,,,,,,197232,
3010933,,,,,,,,,,,,,,,,
3011011,,,,,,,,,,,,,,,235111,
3011021,,,4,,,,,,,,,,,,235121,
3011022,,,4,,,,,,,,,,,,235122,
3011031,,,4,,,,,,,,,,,,235131,
3011032,,,4,,,,,,,,,,,,235132,
3011111,,,,,,,,,,,,,,,324111,
3011121,,,,,,,,,,,,,,,324121,
3011131,,,,,,,,,,,,,,,324131,
3011132,,,,,,,,,,<30111312>,<2>,<1>,,<target:hpMax()*0.3>,324132,
3011133,,1,14,,,,,,,<30111311>,<2>,<1>,,<0>,,
3011211,,,,,,,,,,,,,,,236111,
3011221,,,,,,,,,,,,,,,236121,
3011231,,,,,,,,,,,,,,,236131,
3011232,,,,,,,,,,,,,,,236132,
3011233,,,,,,,,,,,,,,,,
3011311,,,,,,,,,,,,,,,239211,
3011321,,,4,,,,,,,,,,,,239221,
3011331,,,11,,,,,,,,,,,,239231,
3011332,,,11,,,,,,,,,,,,239232,
3011333,,,,,,,,,,,,,,,,
3030211,,,,,,,,,,,,,,,30211,
3030221,,,,,,,,,,,,,,,30221,
3030222,,1,14,,,,,,,<301221>,<2>,<1>,,<self:damage()*0.15>,,
3030223,,1,14,,,,,,,<301222>,<2>,<1>,,<self:defence()*0.15>,,
3030231,,,11,,,,,,,,,,,,30231,
3030232,,,11,,,,,,,,,,,,,
3030261,,1,14,,,,,,,<301224>,<999>,<1>,,<0>,,
3050161,,1,14,,,,,,,<30501611>,<999>,<1>,,<<99;1;0>>,,
3050162,,,11,,,,,,,<30501616>,<999>,<1>,,<<1;1;0>>,,
4000101,,1,14,,,,,,,<40001011>,<999>,<1>,,<1>,,
4000201,,1,14,,,,,,,<40002011>,<999>,<1>,,<1>,,
4000301,,1,14,,,,,,,<40003011>,<999>,<1>,,<1>,,
4000401,,1,14,,,,,,,<40004011>,<999>,<1>,,<1>,,
4000501,,1,14,,,,,,,<40005011>,<999>,<1>,,<1>,,
4000601,,1,14,,,,,,,<40006011>,<999>,<1>,,<1>,,
4000701,,1,14,,,,,,,<40007011>,<999>,<1>,,<1>,,
4000801,,1,14,,,,,,,<40008011>,<999>,<1>,,<1>,,
4000901,,1,14,,,,,,,<40009011>,<999>,<1>,,<1>,,
4001001,,1,14,,,,,,,<40010011>,<999>,<1>,,<1>,,
4001101,,1,14,,,,,,,<40011011>,<999>,<1>,,<1>,,
4001201,,1,14,,,,,,,<40012011>,<999>,<1>,,<1>,,
4001301,,1,14,,,,,,,<40013011>,<999>,<1>,,<1>,,
4001401,,1,14,,,,,,,<40014011>,<999>,<1>,,<1>,,
4001501,,1,14,,,,,,,<40015011>,<999>,<1>,,<1>,,
4001601,,1,14,,,,,,,<40016011>,<999>,<1>,,<1>,,
4001701,,1,14,,,,,,,<40017011>,<999>,<1>,,<1>,,
4001801,,1,14,,,,,,,<40018010>,<999>,<1>,,<1>,,
4001901,,1,14,,,,,,,<40019011>,<999>,<1>,,<1>,,
4002001,,1,14,,,,,,,<40020011>,<999>,<1>,,<1>,,
4100101,,1,14,,,,,,,<41001011>,<999>,<1>,,<1>,,
4100201,,1,14,,,,,,,<41002011>,<999>,<1>,,<1>,,
4100301,,1,14,,,,,,,<41003011>,<999>,<1>,,<1>,,
4100401,,1,14,,,,,,,<41004011>,<999>,<1>,,<1>,,
4100501,,1,14,,,,,,,<41005011>,<999>,<1>,,<1>,,
4100601,,1,14,,,,,,,<41006011>,<999>,<1>,,<1>,,
4100701,,1,14,,,,,,,<41007011>,<999>,<1>,,<1>,,
4100801,,1,14,,,,,,,<41008011>,<999>,<1>,,<1>,,
4100901,,1,14,,,,,,,<41009011>,<999>,<1>,,<1>,,
4101001,,1,14,,,,,,,<41010011>,<999>,<1>,,<1>,,
4101101,,1,14,,,,,,,<41011011>,<999>,<1>,,<1>,,
4101201,,1,14,,,,,,,<41012011>,<999>,<1>,,<1>,,
4101301,,1,14,,,,,,,<41013011>,<999>,<1>,,<1>,,
4101401,,1,14,,,,,,,<41014011>,<999>,<1>,,<1>,,
4101501,,1,14,,,,,,,<41015011>,<999>,<1>,,<1>,,
4101601,,1,14,,,,,,,<41016011>,<999>,<1>,,<1>,,
4101701,,1,14,,,,,,,<41017011>,<999>,<1>,,<1>,,
4101801,,1,14,,,,,,,<41018011>,<999>,<1>,,<1>,,
4101901,,1,14,,,,,,,<41019011>,<999>,<1>,,<1>,,
4102001,,1,14,,,,,,,<41020011>,<999>,<1>,,<1>,,
4200001,,1,14,,,,,,,<4200001;4200002>,<999;999>,<1;1>,,<1;1>,,
4200101,,1,14,,,,,,,<4200101>,<999>,<1>,,<1>,,
4200111,,,11,,,,,,,<3771111>,<3>,<1>,,<self:damage()*0.3>,,
4200121,,,4,,,,,,,,,,,,47131,
4200122,,,4,,,,,,,<471222>,<1>,<self:flagZ3() and 0.7 or 0.4>,,<0>,,
4200123,,1,14,,,,,,,<471223>,<1>,<1>,,"<min(self:damage()*8,moreEqualThan(self:star(),11) and self:hpMax()*0.25 or self:hpMax()*0.15)>",,
4200131,,1,14,,,,,,,<4200131>,<999>,<1>,,<0>,,
4200201,,1,14,,,,,,,<4200201>,<999>,<1>,,<1>,,
4200301,,1,14,,,,,,,<4200301>,<999>,<1>,,<1>,,
4200401,,1,14,,,,,,,<4200401>,<999>,<1>,,<1>,,
4200501,,1,14,,,,,,,<4200501>,<999>,<1>,,<1>,,
4500011,,1,14,,,,,,,<45000111;45000112>,<999;999>,<1;1>,,<self:damage()*0.08;self:specialDamage()*0.08>,,
4500021,,1,14,,,,,,,<45000211>,<999>,<1>,,<1000>,,
4500031,,1,14,,,,,,,<45000311>,<999>,<1>,,<1500>,,
4500041,,1,14,,,,,,,<45000411>,<999>,<1>,,<1500>,,
4500051,,1,14,,,,,,,<45000511>,<999>,<1>,,<1500>,,
4500061,,1,14,,,,,,,<45000611;45000612>,<999;999>,<1;1>,,<self:defence()*0.15;self:specialDefence()*0.15>,,
4500071,,1,14,,,,,,,<45000711>,<999>,<1>,,<1000>,,
4500081,,1,14,,,,,,,<45000811>,<999>,<1>,,<1500>,,
4500091,,1,14,,,,,,,<45000911>,<999>,<1>,,<1500>,,
4500101,,1,14,,,,,,,<45001011>,<999>,<1>,,<1500>,,
4500111,,1,14,,,,,,,<45001111>,<999>,<1>,,<1>,,
4500121,,1,14,,,,,,,<45001211>,<999>,<1>,,<1>,,
4500131,,1,14,,,,,,,<45001311>,<999>,<1>,,<1>,,
4500141,,1,14,,,,,,,<45001411>,<999>,<1>,,<1>,,
4500151,,1,14,,,,,,,<45001511>,<999>,<1>,,<1>,,
4500161,,1,14,,,,,,,<45001611>,<999>,<1>,,<1>,,
4500171,,1,14,,,,,,,<45001711>,<999>,<1>,,<1>,,
4500181,,1,14,,,,,,,<45001811>,<999>,<1>,,<1>,,
4500191,,1,14,,,,,,,<45001911>,<999>,<1>,,<1>,,
4500201,,1,14,,,,,,,<45002011>,<999>,<1>,,<1>,,
4500211,,1,14,,,,,,,<45002111>,<999>,<1>,,<1>,,
4500221,,1,14,,,,,,,<45002211>,<999>,<1>,,<1>,,
4500231,,1,14,,,,,,,<45002311>,<999>,<1>,,<1>,,
4500241,,1,14,,,,,,,<45002411>,<999>,<1>,,<1>,,
4500251,,1,14,,,,,,,<45002511>,<999>,<1>,,<1>,,
4500261,,1,14,,,,,,,<45002611;45002613>,<999;2>,<1;1>,,<1;1000>,,
4500271,,1,14,,,,,,,<45002711>,<999>,<1>,,<1000>,,
4500281,,1,14,,,,,,,<45002811;45002812;45002813;45002814;45002815>,<999;999;999;999;999>,<1;1;1;1;1>,,<self:speed()*0.15;self:damage()*0.15;self:specialDamage()*0.15;self:defence()*0.15;self:specialDefence()*0.15>,,
4510011,,1,14,,,,,,,<45100111;45100112;45100113>,<999;999;999>,<1;1;1>,,<5000;self:damage()*0.2;self:specialDamage()*0.2>,,
4510021,,1,14,,,,,,,<45100211;45100212>,<999;999>,<1;1>,,<2000;2000>,,
4510031,,1,14,,,,,,,<45100311;45100312>,<999;999>,<1;1>,,<3000;2000>,,
4510041,,1,14,,,,,,,<45100411;45100412;45100413;45100414;45100415>,<999;999;999;999;999>,<1;1;1;1;1>,,<self:speed()*0.15;self:damage()*0.15;self:specialDamage()*0.15;self:defence()*0.15;self:specialDefence()*0.15>,,
4510051,,1,14,,,,,,,<45100511>,<999>,<1>,,<1>,,
4510061,,1,14,,,,,,,<45100611>,<999>,<1>,,<1>,,
4510071,,1,14,,,,,,,<45100711>,<999>,<1>,,<1>,,
4510081,,1,14,,,,,,,<45100811>,<999>,<1>,,<1>,,
4510091,,1,14,,,,,,,<45100911>,<999>,<1>,,<1>,,
4510101,,1,14,,,,,,,<45101011>,<999>,<1>,,<1>,,
4510111,,1,14,,,,,,,<45101111>,<999>,<1>,,<1>,,
4510121,,1,14,,,,,,,<45101211>,<999>,<1>,,<1>,,
4510131,,1,14,,,,,,,<45101311>,<999>,<1>,,<1>,,
4510141,,1,14,,,,,,,<45101411>,<999>,<1>,,<1>,,
4510151,,1,14,,,,,,,<45101511>,<999>,<1>,,<1>,,
4510161,,1,14,,,,,,,<45101611>,<999>,<1>,,<1>,,
4510171,,1,14,,,,,,,<45101711>,<999>,<1>,,<1>,,
4510181,,1,14,,,,,,,<45101811>,<999>,<1>,,<1>,,
4510191,,1,14,,,,,,,<45101911>,<999>,<1>,,<1>,,
4510201,,1,14,,,,,,,<45102011>,<999>,<1>,,<1>,,
4510211,,1,14,,,,,,,<45102111>,<999>,<1>,,<1>,,
4510221,,1,14,,,,,,,<45102211;45102213>,<999;2>,<1;2>,,<1;3000>,,
4510231,,1,14,,,,,,,<45102311>,<999>,<1>,,<1>,,
4510241,,1,14,,,,,,,<45102411>,<999>,<1>,,<1>,,
4510251,,1,14,,,,,,,<45102511>,<999>,<1>,,<<1>>,,
4510261,,1,14,,,,,,,<45102611>,<999>,<1>,,<1>,,
4520011,,1,14,,,,,,,<45200111>,<999>,<1>,,<1>,,
4520021,,1,14,,,,,,,<45200211>,<999>,<1>,,<3000>,,
4520031,,1,14,,,,,,,<45200311>,<999>,<1>,,<1>,,
4520041,,1,14,,,,,,,<45200411>,<999>,<1>,,<1>,,
4520051,,1,14,,,,,,,<45200511>,<999>,<1>,,<-300>,,
4520061,,1,14,,,,,,,<45200611>,<999>,<1>,,<1>,,
4520071,,1,14,,,,,,,<45200711>,<999>,<1>,,<1>,,
4520081,,1,14,,,,,,,<45200811>,<999>,<1>,,<1>,,
4520091,,1,14,,,,,,,<45200911>,<999>,<1>,,<1>,,
4520101,,1,14,,,,,,,<45201011>,<999>,<1>,,<1>,,
4520111,,1,14,,,,,,,<45201111>,<999>,<1>,,<1>,,
4520121,,1,14,,,,,,,<45201211>,<999>,<1>,,<1>,,
8003911,,,11,,,,,,,,,,,,39131,
8003912,,,11,,,,,,,,,,,,39132,
8003913,,,,enemyForce|nodead,"setSelectAttr({""damage"",""specialDamage""},""max"")|attr(""selectAttr"",""max"",1)",,,,,<80039111>,<self:flagAS5() and 2 or 1>,<self:flagAS3() and 0 or 1>,,<0>,,
8003914,,,,enemyForce|nodead,"setSelectAttr({""damage"",""specialDamage""},""max"")|attr(""selectAttr"",""max"",2)",,,,,<80039111>,<self:flagAS5() and 2 or 1>,<self:flagAS3() and 1 or 0>,,<0>,,
8003921,,,11,,,,,,,,,,,,39231,
8003922,,,11,,,,,,,,,,,,,
8003923,,,,enemyForce|nodead,"setSelectAttr({""damage"",""specialDamage""},""max"")|attr(""selectAttr"",""max"",1)",,,,,<80039111>,<self:flagAS5() and 2 or 1>,<self:flagAS3() and 0 or 1>,,<0>,,
8003924,,,,enemyForce|nodead,"setSelectAttr({""damage"",""specialDamage""},""max"")|attr(""selectAttr"",""max"",2)",,,,,<80039111>,<self:flagAS5() and 2 or 1>,<self:flagAS3() and 1 or 0>,,<0>,,
8003931,,,11,,,,,,,,,,,,39331,
8003932,,,11,,,,,,,,,,,,39332,
8003933,,,,enemyForce|nodead,"setSelectAttr({""damage"",""specialDamage""},""max"")|attr(""selectAttr"",""max"",1)",,,,,<80039111>,<self:flagAS5() and 2 or 1>,<self:flagAS3() and 0 or 1>,,<0>,,
8003934,,,,enemyForce|nodead,"setSelectAttr({""damage"",""specialDamage""},""max"")|attr(""selectAttr"",""max"",2)",,,,,<80039111>,<self:flagAS5() and 2 or 1>,<self:flagAS3() and 1 or 0>,,<0>,,
8003941,,,11,,,,,,,,,,,,39431,
8003942,,,11,,,,,,,,,,,,39432,
8003943,,,,enemyForce|nodead,"setSelectAttr({""damage"",""specialDamage""},""max"")|attr(""selectAttr"",""max"",2)",,,,,<80039411>,<self:flagAS5() and 2 or 1>,<self:flagAS3() and 0 or 1>,,<0>,,
8003944,,,,enemyForce|nodead,"setSelectAttr({""damage"",""specialDamage""},""max"")|attr(""selectAttr"",""max"",3)",,,,,<80039411>,<self:flagAS5() and 2 or 1>,<self:flagAS3() and 1 or 0>,,<0>,,
8003951,,,11,,,,,,,,,,,,39531,
8003952,,,11,,,,,,,,,,,,39532,
8003953,,,,enemyForce|nodead,"setSelectAttr({""damage"",""specialDamage""},""max"")|attr(""selectAttr"",""max"",1)",,,,,<80039111>,<self:flagAS5() and 2 or 1>,<self:flagAS3() and 0 or 1>,,<0>,,
8003954,,,,enemyForce|nodead,"setSelectAttr({""damage"",""specialDamage""},""max"")|attr(""selectAttr"",""max"",2)",,,,,<80039111>,<self:flagAS5() and 2 or 1>,<self:flagAS3() and 1 or 0>,,<0>,,
8004011,,,,,,,,,,,,,,,40131,
8004012,,,,,,,,,,,,,,,40132,
8004013,,,,enemyForce|nodead,random(csvSelf:flagAS3() and 2 or 1),,,,,<80040111>,<self:flagAS5() and 2 or 1>,<1>,,<0>,,
8004021,,,,,,,,,,,,,,,40231,
8004022,,,,,,,,,,,,,,,40232,
8004023,,,,enemyForce|nodead,random(csvSelf:flagAS3() and 2 or 1),,,,,<80040111>,<self:flagAS5() and 2 or 1>,<1>,,<0>,,
8004031,,,,,,,,,,,,,,,40331,
8004032,,,,,,,,,,,,,,,40332,
8004033,,,,enemyForce|nodead,random(csvSelf:flagAS3() and 2 or 1),,,,,<80040311>,<self:flagAS5() and 2 or 1>,<1>,,<0>,,
8004034,,,,enemyForce|nodead,random(csvSelf:flagAS9() and 2 or 1),,,,,<80040321>,<1>,<self:flagAS7() and 1 or 0>,,<0>,,
8006111,,,2,,,,,,,,,,,,61131,
8006112,,,2,,,,,,,,,,,,61132,
8006113,,1,14,,,,,,,<80061111>,<2>,<1>,,<0>,,
8008611,,,11,,,,,,,,,,,,86131,
8008612,,,11,,,,,,,,,,,,86132,
8008613,,,,selfForce|nodead,random(1),,,,,<800861111>,<2>,<1>,,<0>,,
8008621,,,11,,,,,,,,,,,,86231,
8008622,,,11,,,,,,,,,,,,86232,
8008623,,,,selfForce|nodead,random(1),,,,,<800861111>,<2>,<1>,,<0>,,
8008631,,,11,,,,,,,,,,,,86331,
8008632,,,11,,,,,,,,,,,,86332,
8008633,,,,selfForce|nodead,random(1),,,,,<800861111>,<2>,<1>,,<0>,,
8010311,,,,,,,,,,,,,,,103131,
8010312,,,,,,,,,,,,,,,103132,
8010313,,,,enemyForce|nodead,random(1),,,,,<80103111>,<self:flagAS7() and 3 or 2>,<1>,,<0>,,
8010321,,,,,,,,,,,,,,,103231,
8010322,,,,,,,,,,,,,,,103232,
8010323,,,,enemyForce|nodead,random(1),,,,,<80103111>,<self:flagAS7() and 3 or 2>,<1>,,<0>,,
8010811,,,,,,,,,,,,,,,108131,
8010812,,,,enemyForce|nodead,random(csvSelf:flagAS3() and 2 or 1),,,,,<80108111>,<1>,<self:flagAS5() and 0 or 1>,,<0>,,
8010813,,,,enemyForce|nodead,random(csvSelf:flagAS3() and 2 or 1),,,,,<80108112>,<2>,<self:flagAS5() and 1 or 0>,,<0>,,
8010821,,,,,,,,,,,,,,,108231,
8010822,,,,,,,,,,,,,,,108232,
8010823,,,,enemyForce|nodead,random(csvSelf:flagAS3() and 2 or 1),,,,,<80108111>,<1>,<self:flagAS5() and 0 or 1>,,<0>,,
8010824,,,,enemyForce|nodead,random(csvSelf:flagAS3() and 2 or 1),,,,,<80108112>,<2>,<self:flagAS5() and 1 or 0>,,<0>,,
8012811,,,11,,,,,,,,,,,,128131,
8012812,,,11,,,,,,,,,,,,128132,
8012813,,,,selfForce|nodead,"attrDiffer(""natureType"", {11,4})|random(csvSelf:flagAS3() and 2 or 1)",,,,,<801281111>,<self:flagAS5() and 2 or 1>,<1>,,<0>,,
8012814,,,,selfForce|nodead,"attrDiffer(""natureType"", {11,4})|setSelectAttr({""damage"",""specialDamage""},""max"")|attr(""selectAttr"",""max"",1)",,,,,<801281211>,<self:flagAA4() and 3 or 2>,<self:flagAA5() and 0 or (self:flagAA1() and 1 or 0)>,,<0>,,
8012815,,,,selfForce|nodead,"attrDiffer(""natureType"", {11,4})|setSelectAttr({""damage"",""specialDamage""},""max"")|attr(""selectAttr"",""max"",2)",,,,,<801281211>,<self:flagAA4() and 3 or 2>,<self:flagAA5() and 1 or 0>,,<0>,,
8012821,,,11,,,,,,,,,,,,128231,
8012822,,,11,,,,,,,,,,,,128232,
8012823,,,,selfForce|nodead,"attrDiffer(""natureType"", {11,4})|random(csvSelf:flagAS3() and 2 or 1)",,,,,<801281111>,<self:flagAS5() and 2 or 1>,<1>,,<0>,,
8012824,,,,selfForce|nodead,"attrDiffer(""natureType"", {11,4})|setSelectAttr({""damage"",""specialDamage""},""max"")|attr(""selectAttr"",""max"",1)",,,,,<801281211>,<self:flagAA4() and 3 or 2>,<self:flagAA5() and 0 or (self:flagAA1() and 1 or 0)>,,<0>,,
8012825,,,,selfForce|nodead,"attrDiffer(""natureType"", {11,4})|setSelectAttr({""damage"",""specialDamage""},""max"")|attr(""selectAttr"",""max"",2)",,,,,<801281211>,<self:flagAA4() and 3 or 2>,<self:flagAA5() and 1 or 0>,,<0>,,
8013911,,,3,,,,,,,,,,,,139131,
8013912,,,3,,,,,,,,,,,,,
8013913,,,,enemyForce|nodead,random(csvSelf:flagAS5() and 2 or 1),,,,,<80139111>,<1>,<self:flagAS3() and 0.1 or 0.05>,,<0>,,
8013921,,,3,,,,,,,,,,,,139231,
8013922,,,3,,,,,,,,,,,,139232,
8013923,,,,enemyForce|nodead,random(csvSelf:flagAS5() and 2 or 1),,,,,<80139111>,<1>,<self:flagAS3() and 0.1 or 0.05>,,<0>,,
8013931,,,3,,,,,,,,,,,,139331,
8013932,,,3,,,,,,,,,,,,139332,
8013933,,,,enemyForce|nodead,random(csvSelf:flagAS5() and 2 or 1),,,,,<80139111>,<1>,<self:flagAS3() and 0.1 or 0.05>,,<0>,,
8013951,,,3,,,,,,,,,,,,139531,
8013952,,,3,,,,,,,,,,,,139532,
8013953,,,,enemyForce|nodead,random(csvSelf:flagAS5() and 2 or 1),,,,,<80139111>,<1>,<self:flagAS3() and 0.1 or 0.05>,,<0>,,
8013961,,,3,,,,,,,,,,,,139631,
8013962,,,3,,,,,,,,,,,,139632,
8013963,,,,enemyForce|nodead,random(csvSelf:flagAS5() and 2 or 1),,,,,<80139611>,<1>,<self:flagAS3() and 0.15 or 0.1>,,<0>,,
8013971,,,3,,,,,,,,,,,,139731,
8013972,,,3,,,,,,,,,,,,139732,
8013973,,,,enemyForce|nodead,random(csvSelf:flagAS5() and 2 or 1),,,,,<80139611>,<1>,<self:flagAS3() and 0.15 or 0.1>,,<0>,,
8014211,,,,enemyForce|nodead,"attr(""hp"",""min"",1)",,,,,,,,,,142131,
8014212,,1,14,,,,,,,<80142111>,<1>,<1>,,<self:flagAS3() and 5000 or 3000>,,
8014213,,1,14,,,,,,,<80142121>,<1>,<1>,,<<1;99;1>>,,
8014214,,1,14,,,,,,,<80142131>,<1>,<self:flagAS9() and 0.8 or 0.4>,,<self:damage()*0.3>,,
8014221,,,,enemyForce|nodead,"attr(""hp"",""min"",1)",,,,,,,,,,142231,
8014222,,1,14,,,,,,,<80142111>,<1>,<1>,,<self:flagAS3() and 5000 or 3000>,,
8014223,,1,14,,,,,,,<80142121>,<1>,<1>,,<<1;99;1>>,,
8014224,,1,14,,,,,,,<80142131>,<1>,<self:flagAS9() and 0.8 or 0.4>,,<self:damage()*0.3>,,
8014231,,,,enemyForce|nodead,"attr(""hp"",""min"",1)",,,,,,,,,,142331,
8014232,,,,enemyForce|nodead,useOtherProcess(8014231),,,,,,,,,,142332,
8014233,,1,14,,,,,,,<80142111>,<1>,<1>,,<self:flagAS3() and 5000 or 3000>,,
8014234,,1,14,,,,,,,<80142121>,<1>,<1>,,<<1;99;1>>,,
8014235,,1,14,,,,,,,<80142131>,<1>,<self:flagAS9() and 0.8 or 0.4>,,<self:damage()*0.3>,,
8018911,,,2,,,,,,,,,,,,189131,
8018912,,,2,,,,,,,,,,,,189132,
8018913,,,,enemyForce|nodead,random(csvSelf:flagAS3() and 2 or 1),,,,,<80189111;80189113>,<self:flagAS5() and 2 or 1;1>,<1;self:flagAS7() and 1 or 0>,,<0;self:flagAS9() and 1000 or 500>,,
8018921,,,2,,,,,,,,,,,,189231,
8018922,,,2,,,,,,,,,,,,189232,
8018923,,,,enemyForce|nodead,random(csvSelf:flagAS3() and 2 or 1),,,,,<80189111;80189113>,<self:flagAS5() and 2 or 1;1>,<1;self:flagAS7() and 1 or 0>,,<0;self:flagAS9() and 1000 or 500>,,
8018931,,,2,,,,,,,,,,,,189331,
8018932,,,2,,,,,,,,,,,,189332,
8018933,,,,enemyForce|nodead,random(csvSelf:flagAS3() and 2 or 1),,,,,<80189111;80189113>,<self:flagAS5() and 2 or 1;1>,<1;self:flagAS7() and 1 or 0>,,<0;self:flagAS9() and 1000 or 500>,,
8019911,,,11,,,,,,,,,,,,199131,
8019912,,,11,,,,,,,,,,,,199132,
8019913,,,,selfForce | nodead,"attrDifferOptional(""natureType"", {11,17})|random(csvSelf:flagAS3() and 2 or 1)",,,,,<80199111>,<self:flagAS5() and 2 or 1>,<1>,,<0>,,
8019914,,,,selfForce | nodead,"buffDiffer('id',{80199111})",,,,,<80199161>,<self:flagAA5() and 2 or 1>,<self:flagAA1() and 1 or 0>,,<0>,,
8019921,,,11,,,,,,,,,,,,199231,
8019922,,,11,,,,,,,,,,,,199232,
8019923,,,,selfForce | nodead,"attrDifferOptional(""natureType"", {11,17})|random(csvSelf:flagAS3() and 2 or 1)",,,,,<80199111>,<self:flagAS5() and 2 or 1>,<1>,,<0>,,
8019924,,,,selfForce | nodead,"buffDiffer('id',{80199111})|random(1)",,,,,<80199162>,<self:flagAA5() and 2 or 1>,<self:flagAA1() and 1 or 0>,,<0>,,
8024211,,,11,,,,,,,,,,,,242131,
8024212,,,11,,,,,,,,,,,,242132,
8024213,,,,selfForce | nodead,"buffDifferExclude('id',{80242112})|setSelectAttr({""damage"",""specialDamage""},""max"")|attr(""selectAttr"",""max"",1)",,,,,<80242111>,<self:flagAS5() and 3 or 2>,<self:flagAS3() and 0 or 1>,,<0>,,
8024214,,,,selfForce | nodead,"buffDifferExclude('id',{80242112})|setSelectAttr({""damage"",""specialDamage""},""max"")|attr(""selectAttr"",""max"",2)",,,,,<80242111>,<self:flagAS5() and 3 or 2>,<self:flagAS3() and 1 or 0>,,<0>,,
8024215,,,,selfForce|nodead,"attrDiffer(""natureType"", {3})|random(csvSelf:flagAA5() and 6 or (csvSelf:flagAA3() and 4 or 2))",,,,,<80242121>,<1>,<self:flagAA1() and 1 or 0>,,<0>,,
8024241,,,11,,,,,,,,,,,,242431,
8024242,,,11,,,,,,,,,,,,242432,
8024243,,,,selfForce | nodead,"buffDifferExclude('id',{80242112})|setSelectAttr({""damage"",""specialDamage""},""max"")|attr(""selectAttr"",""max"",1)",,,,,<80242111>,<self:flagAS5() and 3 or 2>,<self:flagAS3() and 0 or 1>,,<0>,,
8024244,,,,selfForce | nodead,"buffDifferExclude('id',{80242112})|setSelectAttr({""damage"",""specialDamage""},""max"")|attr(""selectAttr"",""max"",2)",,,,,<80242111>,<self:flagAS5() and 3 or 2>,<self:flagAS3() and 1 or 0>,,<0>,,
8024245,,,,selfForce|nodead,"attrDiffer(""natureType"", {3})|random(csvSelf:flagAA5() and 6 or (csvSelf:flagAA3() and 4 or 2))",,,,,<80242121>,<1>,<self:flagAA1() and 1 or 0>,,<0>,,
8024271,,,,,,,,,,,,,,,242211,
8024371,,,11,,,,,,,,,,,,243731,
8024372,,,11,,,,,,,,,,,,243732,
8024373,,,,selfForce | nodead,"buffDifferExclude('id',{80242112})|setSelectAttr({""damage"",""specialDamage""},""max"")|attr(""selectAttr"",""max"",1)",,,,,<80242111>,<self:flagAS5() and 3 or 2>,<self:flagAS3() and 0 or 1>,,<0>,,
8024374,,,,selfForce | nodead,"buffDifferExclude('id',{80242112})|setSelectAttr({""damage"",""specialDamage""},""max"")|attr(""selectAttr"",""max"",2)",,,,,<80242111>,<self:flagAS5() and 3 or 2>,<self:flagAS3() and 1 or 0>,,<0>,,
8024375,,,,selfForce|nodead,"attrDiffer(""natureType"", {3})|random(csvSelf:flagAA5() and 6 or (csvSelf:flagAA3() and 4 or 2))",,,,,<80242121>,<1>,<self:flagAA1() and 1 or 0>,,<0>,,
8024611,,,11,,,,,,,,,,,,246131,
8024612,,,11,,,,,,,,,,,,246132,
8024613,,,,selfForce|nodead,random(csvSelf:flagAS3() and 4 or 2),,,,,<80246111>,<self:flagAS5() and 2 or 1>,<1>,,<0>,,
8024614,,,,selfForce|nodead,"attrDiffer(""natureType"", {2})|setSelectAttr({""damage"",""specialDamage""},""max"")|attr(""selectAttr"",""max"",1)",,,,,<80246121>,<self:flagAA5() and 2 or 1>,<self:flagAA1() and 1 or 0>,,<0>,,
8024621,,,11,,,,,,,,,,,,246331,
8024622,,,11,,,,,,,,,,,,246332,
8024623,,,,selfForce|nodead,random(csvSelf:flagAS3() and 4 or 2),,,,,<80246111>,<self:flagAS5() and 2 or 1>,<1>,,<0>,,
8024624,,,,selfForce|nodead,"attrDiffer(""natureType"", {2})|setSelectAttr({""damage"",""specialDamage""},""max"")|attr(""selectAttr"",""max"",1)",,,,,<80246121>,<self:flagAA5() and 2 or 1>,<self:flagAA1() and 1 or 0>,,<0>,,
8032611,,,,,,,,,,,,,,,326131,
8032612,,,11,,,,,,,,,,,,326132,
8032613,,,,enemyForce|nodead,"buffDifferExclude('id',{800326121})|setSelectAttr({""damage"",""specialDamage""},""max"")|attr(""selectAttr"",""max"",1)",,,,,<800326121>,<2>,<self:flagAS3() and 0 or 1>,,<0>,,
8032614,,,,enemyForce|nodead,"buffDifferExclude('id',{800326121})|setSelectAttr({""damage"",""specialDamage""},""max"")|attr(""selectAttr"",""max"",2)",,,,,<800326121>,<2>,<self:flagAS3() and 1 or 0>,,<0>,,
8032615,,,,selfForce|nodead,"attr(""hp"",""min"",1)",,,,,<800326131>,<1>,<self:flagAS9() and 0 or (self:flagAS7() and 1 or 0)>,,<<1;1;1>>,,
8032616,,,,selfForce|nodead,"attr(""hp"",""min"",2)",,,,,<800326131>,<1>,<self:flagAS9() and 1 or 0>,,<<1;1;1>>,,
8032617,,,,enemyForce|nodead,random(csvSelf:flagAA4() and 2 or 1),,,,,<800326141>,<1>,<self:flagAA1() and 1 or 0>,,<0>,,
8032621,,,,,,,,,,,,,,,326231,
8032622,,,11,,,,,,,,,,,,326232,
8032623,,,,enemyForce|nodead,"buffDifferExclude('id',{800326121})|setSelectAttr({""damage"",""specialDamage""},""max"")|attr(""selectAttr"",""max"",1)",,,,,<800326121>,<2>,<self:flagAS3() and 0 or 1>,,<0>,,
8032624,,,,enemyForce|nodead,"buffDifferExclude('id',{800326121})|setSelectAttr({""damage"",""specialDamage""},""max"")|attr(""selectAttr"",""max"",2)",,,,,<800326121>,<2>,<self:flagAS3() and 1 or 0>,,<0>,,
8032625,,,,selfForce|nodead,"attr(""hp"",""min"",1)",,,,,<800326131>,<1>,<self:flagAS7() and 1 or 0>,,<<1;1;1>>,,
8032626,,,,selfForce|nodead,"attr(""hp"",""min"",2)",,,,,<800326131>,<1>,<self:flagAS9() and 1 or 0>,,<<1;1;1>>,,
8032627,,,,enemyForce|nodead,random(csvSelf:flagAA4() and 2 or 1),,,,,<800326141>,<1>,<self:flagAA1() and 1 or 0>,,<0>,,
8032651,,,,,,,,,,,,,,,326531,
8032652,,,11,,,,,,,,,,,,326532,
8032653,,,,enemyForce|nodead,"buffDifferExclude('id',{800326121})|setSelectAttr({""damage"",""specialDamage""},""max"")|attr(""selectAttr"",""max"",1)",,,,,<800326121>,<2>,<self:flagAS3() and 0 or 1>,,<0>,,
8032654,,,,enemyForce|nodead,"buffDifferExclude('id',{800326121})|setSelectAttr({""damage"",""specialDamage""},""max"")|attr(""selectAttr"",""max"",2)",,,,,<800326121>,<2>,<self:flagAS3() and 1 or 0>,,<0>,,
8032655,,,,selfForce|nodead,"attr(""hp"",""min"",1)",,,,,<800326131>,<1>,<self:flagAS7() and 1 or 0>,,<<1;1;1>>,,
8032656,,,,selfForce|nodead,"attr(""hp"",""min"",2)",,,,,<800326131>,<1>,<self:flagAS9() and 1 or 0>,,<<1;1;1>>,,
8032657,,,,enemyForce|nodead,random(csvSelf:flagAA4() and 2 or 1),,,,,<800326141>,<1>,<self:flagAA1() and 1 or 0>,,<0>,,
8032661,,,,,,,,,,,,,,,326631,
8032662,,,11,,,,,,,,,,,,326632,
8032663,,,,enemyForce|nodead,"buffDifferExclude('id',{800326121})|setSelectAttr({""damage"",""specialDamage""},""max"")|attr(""selectAttr"",""max"",1)",,,,,<800326121>,<2>,<self:flagAS3() and 0 or 1>,,<0>,,
8032664,,,,enemyForce|nodead,"buffDifferExclude('id',{800326121})|setSelectAttr({""damage"",""specialDamage""},""max"")|attr(""selectAttr"",""max"",2)",,,,,<800326121>,<2>,<self:flagAS3() and 1 or 0>,,<0>,,
8032665,,,,selfForce|nodead,"attr(""hp"",""min"",1)",,,,,<800326131>,<1>,<self:flagAS7() and 1 or 0>,,<<1;1;1>>,,
8032666,,,,selfForce|nodead,"attr(""hp"",""min"",2)",,,,,<800326131>,<1>,<self:flagAS9() and 1 or 0>,,<<1;1;1>>,,
8032667,,,,enemyForce|nodead,random(csvSelf:flagAA4() and 2 or 1),,,,,<800326141>,<1>,<self:flagAA1() and 1 or 0>,,<0>,,
8032711,,,4,,,,,,,,,,,,327131,
8032712,,,,,,,,,,,,,,,327132,
8032713,,,,selfForce|nodead,"attrDiffer(""natureType"", {12,17})|setSelectAttr({""damage"",""specialDamage""},""max"")|attr(""selectAttr"",""max"",1)",,,,,<80327111>,<self:flagAS3() and 2 or 1>,<self:flagAS5() and 0 or 1>,,<0>,,
8032714,,,,selfForce|nodead,"attrDiffer(""natureType"", {12,17})|setSelectAttr({""damage"",""specialDamage""},""max"")|attr(""selectAttr"",""max"",2)",,,,,<80327111>,<self:flagAS3() and 2 or 1>,<self:flagAS5() and 1 or 0>,,<0>,,
8032715,,,,selfForce|nodead,"buffDiffer('id',{80327111})|random(csvSelf:flagAS11() and 2 or 1)",,,,,<80327121>,<self:flagAS8() and 2 or 1>,<self:flagAS7() and 1 or 0>,,<0>,,
8032716,,,,selfForce|nodead,"attrDiffer(""natureType"", {12,17})|setSelectAttr({""damage"",""specialDamage""},""max"")|attr(""selectAttr"",""max"",1)",,,,,<80327131>,<self:flagAA4() and 2 or 1>,<(self:flagAA5() and 0 or (self:flagAA1() and 1 or 0))>,,<0>,,
8032717,,,,selfForce|nodead,"attrDiffer(""natureType"", {12,17})|setSelectAttr({""damage"",""specialDamage""},""max"")|attr(""selectAttr"",""max"",2)",,,,,<80327131>,<2>,<self:flagAA5() and 1 or 0>,,<0>,,
8036011,,,11,,,,,,,,,,,,360131,
8036012,,,11,,,,,,,,,,,,360132,
8036013,,,,selfForce|nodead,"attrDiffer(""natureType"", {4,9,18})|attr(""hp"",""min"",1)",,,,,<803601111>,<self:flagAS5() and 3 or 2>,<self:flagAS3() and 0 or 1>,,<0>,,
8036014,,,,selfForce|nodead,"attrDiffer(""natureType"", {4,9,18})|attr(""hp"",""min"",2)",,,,,<803601111>,<self:flagAS5() and 3 or 2>,<self:flagAS3() and 1 or 0>,,<0>,,
8036015,,1,14,,,,,,,<803601211>,<self:flagAA3() and 2 or 1>,<self:flagAA1() and 1 or 0>,,<0>,,
8036016,,,,selfForce|nodead,"attrDiffer(""natureType"", {4,9,18})|buffDifferExclude('id',{803601212})|attr(""hp"",""max"",2)",,,,,<803601215>,<self:flagAA3() and 2 or 1>,<self:flagAA4() and 0 or (self:flagAA1() and 1 or 0)>,,<0>,,
8036017,,,,selfForce|nodead,"attrDiffer(""natureType"", {4,9,18})|buffDifferExclude('id',{803601212})|attr(""hp"",""max"",3)",,,,,<803601215>,<self:flagAA3() and 2 or 1>,<self:flagAA4() and 1 or 0>,,<0>,,
8036021,,,11,,,,,,,,,,,,360331,
8036022,,,11,,,,,,,,,,,,360332,
8036023,,,,selfForce|nodead,"attrDiffer(""natureType"", {4,9,18})|attr(""hp"",""min"",1)",,,,,<803601111>,<self:flagAS5() and 3 or 2>,<self:flagAS3() and 0 or 1>,,<0>,,
8036024,,,,selfForce|nodead,"attrDiffer(""natureType"", {4,9,18})|attr(""hp"",""min"",2)",,,,,<803601111>,<self:flagAS5() and 3 or 2>,<self:flagAS3() and 1 or 0>,,<0>,,
8036025,,1,14,,,,,,,<803601211>,<self:flagAA3() and 2 or 1>,<self:flagAA1() and 1 or 0>,,<0>,,
8036026,,,,selfForce|nodead,"attrDiffer(""natureType"", {4,9,18})|buffDifferExclude('id',{803601212})|attr(""hp"",""max"",2)",,,,,<803601215>,<self:flagAA3() and 2 or 1>,<self:flagAA4() and 0 or (self:flagAA1() and 1 or 0)>,,<0>,,
8036027,,,,selfForce|nodead,"attrDiffer(""natureType"", {4,9,18})|buffDifferExclude('id',{803601212})|attr(""hp"",""max"",3)",,,,,<803601215>,<self:flagAA3() and 2 or 1>,<self:flagAA4() and 1 or 0>,,<0>,,
8036111,,,,,,,,,,,,,,,361131,
8036112,,,,,,,,,,,,,,,361132,
8036113,,,,enemyForce|nodead,random(csvSelf:flagAS3() and 2 or 1),,,,,<803611111>,<self:flagAS5() and 2 or 1>,<1>,,<0>,,
8036114,,,,enemyForce|nodead,random(csvSelf:flagAA4() and 3 or 2),,,,,<803611211>,<self:flagAA5() and 2 or 1>,<self:flagAA1() and 1 or 0>,,<0>,,
8036511,,,,,,,,,,,,,,,365131,
8036512,,,,,,,,,,,,,,,365132,
8036513,,,,enemyForce|nodead,random(csvSelf:flagAA3() and 4 or (csvSelf:flagAA1() and 3 or (csvSelf:flagAS3() and 2 or 1))),,,,,<80365111>,<self:flagAS5() and 3 or 2>,<1>,,<self:specialDamage()*0.2>,,
8036514,,1,14,,,,,,,<80365121>,<99>,<self:flagAA1() and 1 or 0>,,<0>,,
8041211,,,,,,,,,,,,,,,412131,
8041212,,,,,,,,,,,,,,,412132,
8041213,,,,selfForce|nodead,"attrDiffer(""natureType"", {14,7})|attr(""hp"",""min"",1)",,,,,<80412111>,<self:flagAS8() and 2 or 1>,<self:flagAS3() and 0 or 1>,,<0>,,
8041214,,,,selfForce|nodead,"attrDiffer(""natureType"", {14,7})|attr(""hp"",""min"",2)",,,,,<80412111>,<self:flagAS8() and 2 or 1>,<self:flagAS3() and 1 or 0>,,<0>,,
8041215,,,,selfForce|nodead,"attrDiffer(""natureType"", {14,7})|setSelectAttr({""damage"",""specialDamage""},""max"")|attr(""selectAttr"",""max"",1)",,,,,<80412121>,<self:flagAA3() and 2 or 1>,<self:flagAA1() and 1 or 0>,,<0>,,
8041221,,,,,,,,,,,,,,,412231,
8041222,,,,,,,,,,,,,,,412232,
8041223,,,,selfForce|nodead,"attrDiffer(""natureType"", {14,7})|attr(""hp"",""min"",1)",,,,,<80412111>,<self:flagAS8() and 2 or 1>,<self:flagAS3() and 0 or 1>,,<0>,,
8041224,,,,selfForce|nodead,"attrDiffer(""natureType"", {14,7})|attr(""hp"",""min"",2)",,,,,<80412111>,<self:flagAS8() and 2 or 1>,<self:flagAS3() and 1 or 0>,,<0>,,
8041225,,,,selfForce|nodead,"attrDiffer(""natureType"", {14,7})|setSelectAttr({""damage"",""specialDamage""},""max"")|attr(""selectAttr"",""max"",1)",,,,,<80412121>,<self:flagAA3() and 2 or 1>,<self:flagAA1() and 1 or 0>,,<0>,,
8057111,,,3,,,,2,,,,,,,,57131,
8057112,,,3,,,,2,,,,,,,,57132,
8057113,,1,14,,,,,,,<80057114>,<99>,<1>,,<0>,,
8057114,,1,14,,,,,,,<80057115>,<1>,<self:flagAS5() and 1 or 0>,,<<1;99;1>>,,
8057115,,,,useOtherProcessInput(8057111),,,,,,<80057111>,<self:flagAS3() and 2 or 1>,<1>,,<0>,,
8057116,,1,14,,,,,,,<80057116>,<1>,<self:flagAS7() and 1 or 0>,,<0>,,
8057211,,,3,,,,2,,,,,,,,57231,
8057212,,,3,,,,2,,,,,,,,57232,
8057213,,1,14,,,,,,,<80057114>,<99>,<1>,,<0>,,
8057214,,1,14,,,,,,,<80057115>,<1>,<self:flagAS5() and 1 or 0>,,<<1;99;1>>,,
8057215,,,,useOtherProcessInput(8057211),,,,,,<80057111>,<self:flagAS3() and 2 or 1>,<1>,,<0>,,
8057216,,1,14,,,,,,,<80057116>,<1>,<self:flagAS7() and 1 or 0>,,<0>,,
8057311,,,3,,,,2,,,,,,,,57331,
8057312,,,3,,,,2,,,,,,,,57332,
8057313,,1,14,,,,,,,<80057114>,<99>,<1>,,<0>,,
8057314,,1,14,,,,,,,<80057115>,<1>,<self:flagAS5() and 1 or 0>,,<<1;99;1>>,,
8057315,,,,useOtherProcessInput(8057311),,,,,,<80057111>,<self:flagAS3() and 2 or 1>,<1>,,<0>,,
8057316,,1,14,,,,,,,<80057116>,<1>,<self:flagAS7() and 1 or 0>,,<0>,,
8057411,,,3,,,,2,,,,,,,,57431,
8057412,,,3,,,,2,,,,,,,,57432,
8057413,,1,14,,,,,,,<80057114>,<99>,<1>,,<0>,,
8057414,,1,14,,,,,,,<80057115>,<1>,<self:flagAS5() and 1 or 0>,,<<1;99;1>>,,
8057415,,,,useOtherProcessInput(8057411),,,,,,<80057111>,<self:flagAS3() and 3 or 2>,<1>,,<0>,,
8057416,,1,14,,,,,,,<80057116>,<2>,<self:flagAS7() and 1 or 0>,,<0>,,
8071111,,,11,,,,,,,,,,,,71131,
8071112,,,11,,,,,,,<80711111>,<1>,<(self:flagAS3() and 0.1 or 0.05)+(7-getForceNum(target:force()))*0.05>,,<0>,,
8071211,,,11,,,,,,,,,,,,71231,
8071212,,,11,,,,,,,,,,,,71232,
8071213,,,11,,,,,,,<80711111>,<1>,<(self:flagAS3() and 0.1 or 0.05)+(7-getForceNum(target:force()))*0.05>,,<0>,,
10000211,,1,14,,,,,,,<1010026;7041000>,<999;999>,<1;1>,,<1;1>,,
10000311,,,,,,,,,,,,,,,311,
10000321,,,,,,,,,,,,,,,321,
10000323,,,,,,,,,,,,,,,,
10000331,,,,,,,,,,,,,,,331,
10000332,,,,,,,,,,,,,,,332,
10001311,,,,,,,,,,,,,,,1311,
10001321,,,,,,,,,,,,,,,1321,
10001322,,,,,,,,,,,,,,,1322,
10001323,,,,,,,,,,,,,,,,
10001324,,1,14,,,,,,,,,,,,,
10001331,,,4,,,,,,,,,,,,1331,
10001332,,,4,,,,,,,,,,,,1332,
10001333,,,4,,,,,,,,,,,,,
10001334,,,4,,,,,,,,,,,,,
10002311,,,,,,,,,,,,,,,2311,
10002321,,,,,,,,,,,,,,,2321,
10002331,,,2,,,,,,,,,,,,2331,
10002332,,,2,,,,,,,,,,,,2332,
10002333,,,2,,,,,,,,,,,,,
10026311,,,,,,,,,,,,,,,26311,
10026321,,,,,,,,,,,,,,,26321,
10026322,,,,,,,,,,,,,,,,
10026331,,,11,,,,,,,,,,,,26331,
10026332,,,11,,,,,,,,,,,,26332,
10026333,,,11,,,,,,,,,,,,,
10033311,,,,,,,,,,,,,,,33311,
10033312,,,,,,,,,,,,,,,,
10033321,,,,,,,,,,,,,,,33321,
10033322,,,,,,,,,,,,,,,,
10033323,,,,,,,,,,,,,,,,
10033331,,,11,,,,,,,,,,,,33331,
10033332,,,11,,,,,,,,,,,,,
10033333,,,11,,,,,,,,,,,,,
10039311,,,,,,,,,,,,,,,39311,
10039312,,1,14,,,,,,,,,,,,,
10039321,,,,,,,,,,,,,,,39321,
10039322,,,,,,,,,,,,,,,,
10039331,,,11,,,,,,,,,,,,39331,
10039332,,,11,,,,,,,,,,,,,
10039361,,,20,,,,,,,,,,,,,
10040211,,,,,,,,,,,,,,,40211,
10040212,,1,14,,,,,,,,,,,,,
10040221,,,,,,,,,,,,,,,40221,
10040222,,,,,,,,,,,,,,,,
10040231,,,11,,,,,,,,,,,,40231,
10040232,,,11,,,,,,,,,,,,40232,
10040233,,,,,,,,,,,,,,,,
10040234,,,,enemyForce|nodead,backRowRandom(1),,,,,,,,,,,
10049311,,,,,,,,,,,,,,,49311,
10049312,,,,,,,,,,,,,,,,
10049321,,,,,,,,,,,,,,,49321,
10049322,,1,14,,,,,,,,,,,,,
10049323,,,,selfForce|nodead,"otherProcessExcept(10049322)|attr(""damage"",""max"",1)",,,,,,,,,,,
10049331,,,2,,,,,,,,,,,,49331,
10049332,,,2,,,,,,,,,,,,49332,
10049333,,,2,,,,,,,,,,,,,
10057211,,,3,,,,,,,,,,,,57211,
10057212,,1,14,,,,,,,,,,,,,
10057221,,,3,,,,,,,,,,,,57221,
10057222,,,3,,,,,,,,,,,,,
10057231,,,3,,,,,,,,,,,,57231,
10057232,,,3,,,,,,,,,,,,57232,
10057233,,1,14,,,,,,,,,,,,,
10057234,,,3,,,,,,,,,,,,,
10057235,,1,14,,,,,,,,,,,,,
10059311,,,,,,,,,,,,,,,59311,
10059312,,1,14,,,,,,,,,,,,,
10059313,,1,14,,,,,,,,,,,,,
10059321,,,,,,,,,,,,,,,59321,
10059322,,1,14,,,,,,,,,,,,,
10059331,,,4,,,,,,,,,,,,59331,
10059332,,1,14,,,,,,,,,,,,,
10059333,,,4,,,,,,,,,,,,,
10060311,,,,,,,,,,,,,,,60311,
10060312,,,,,,,,,,,,,,,,
10060321,,,,,,,,,,,,,,,60321,
10060322,,1,14,,,,,,,,,,,,,
10060331,,,2,,,,,,,,,,,,60331,
10060332,,,2,,,,,,,,,,,,60332,
10060333,,,2,,,,,,,,,,,,,
10060334,,,2,,,,,,,,,,,,,
10063211,,,,,,,,,,,,,,,63211,
10063212,,,,,,,,,,,,,,,,
10063213,,,,,,,,,,,,,,,,
10063221,,,,,,,,,,,,,,,63221,
10063222,,,,,,,,,,,,,,,,
10063223,,1,14,,,,,,,,,,,,,
10063224,,,,,,,,,,,,,,,,
10063231,,,4,,,,,,,,,,,,63231,
10063232,,,4,,,,,,,,,,,,63232,
10063233,,,4,,,,,,,,,,,,,
10063234,,,4,,,,,,,,,,,,,
10063235,,,,,,,,,,,,,,,,
10063261,,1,14,,,,,,,,,,,,,
10072111,,,,,,,,,,,,,,,72111,
10072112,,,,,,,,,,,,,,,,
10072121,,,4,,,,,,,,,,,,72121,
10072122,,,4,,,,,,,,,,,,,
10072123,,1,14,,,,,,,,,,,,,
10072131,,,11,,,,,,,,,,,,72131,
10072132,,,11,,,,,,,,,,,,72132,
10072133,,,11,,,,,,,,,,,,,
10072141,,,20,,,,,,,,,,,,,
10072142,,,20,,,,,,,,,,,,,
10072151,,,20,,,,,,,,,,,,,
10072152,,,20,,,,,,,,,,,,,
10072161,,1,14,,,,,,,,,,,,,
10073111,,,,,,,,,,,,,,,73111,
10073112,,1,14,,,,,,,,,,,,,
10073121,,,,,,,,,,,,,,,73121,
10073122,,1,14,,,,,,,,,,,,,
10073131,,,4,,,,,,,,,,,,73131,
10073132,,,4,,,,,,,,,,,,73132,
10073133,,,4,,,,,,,,,,,,,
10073151,,,20,,,,,,,,,,,,,
10074111,,,,,,,,,,,,,,,74111,
10074112,,,,,,,,,,,,,,,,
10074121,,,4,,,,,,,,,,,,74121,
10074122,,,4,,,,,,,,,,,,,
10074124,,,14,,,,,,,,,,,,,
10074131,,,11,,,,,,,,,,,,74131,
10074132,,,11,,,,,,,,,,,,74132,
10075311,,,,,,,,,,,,,,,75311,
10075312,,,,,,,,,,,,,,,,
10075321,,,,,,,,,,,,,,,75321,
10075322,,,,,,,,,,,,,,,,
10075331,,,4,,,,,,,,,,,,75331,
10075332,,,4,,,,,,,,,,,,,
10075341,,,,,,,,,,,,,,,75341,
10075342,,,,,,,,,,,,,,,75342,
10075343,,,,,,,,,,,,,,,,
10075344,,,,,,,,,,,,,,,,
10075361,,,,,,,,,,,,,,,,
10076111,,,,,,,,,,,,,,,76111,
10076112,,1,14,,,,,,,,,,,,,
10076121,,,4,,,,,,,,,,,,76121,
10076122,,,4,,,,,,,,,,,,,
10076123,,1,14,,,,,,,,,,,,,
10076131,,,,,,,,,,,,,,,76131,
10076132,,,,,,,,,,,,,,,76132,
10076133,,1,14,,,,,,,,,,,,,
10076134,,,,,,,,,,,,,,,,
10076135,,,,,,,,,,,,,,,,
10077111,,,,,,,,,,,,,,,77111,
10077112,,1,14,,,,,,,,,,,,,
10077121,,,,,,,,,,,,,,,77121,
10077122,,1,14,,,,,,,,,,,,,
10077131,,,11,,,,,,,,,,,,77131,
10077132,,,11,,,,,,,,,,,,77132,
10077133,,,11,,,,,,,,,,,,,
10077134,,,11,,,,,,,,,,,,,
10077151,,1,14,,,,,,,,,,,,,
10077161,,1,14,,,,,,,,,,,,,
10088311,,,,,,,,,,,,,,,88311,
10088312,,,,,,,,,,,,,,,,
10088321,,,,,,,,,,,,,,,88321,
10088322,,,,selfForce|nodead,"attr(""specialDamage"",""max"",1)",,,,,,,,,,,
10088323,,,,selfForce|nodead,"attr(""specialDamage"",""max"",1)",,,,,,,,,,,
10088331,,,4,,,,,,,,,,,,88331,
10088332,,,4,,,,,,,,,,,,88332,
10088333,,,4,,,,,,,,,,,,,
10088334,,1,11,,,,,,,,,,,,,
10097211,,,,,,,,,,,,,,,97211,
10097212,,1,14,,,,,,,,,,,,,
10097221,,,,,,,,,,,,,,,97221,
10097222,,,,,,,,,,,,,,,,
10097223,,,,,,,,,,,,,,,,
10097231,,,11,,,,,,,,,,,,97231,
10097232,,,11,,,,,,,,,,,,97232,
10097233,,,,,,,,,,,,,,,,
10097261,,1,14,,,,,,,,,,,,,
10107111,,,,,,,,,,,,,,,107111,
10107112,,1,14,,,,,,,,,,,,,{prob=0.4;needUpdateTarget=TRUE}
10107121,,,,,,,,,,,,,,,107121,
10107122,,1,14,,,,,,,,,,,,,
10107131,,,,,,,,,,,,,,,107131,
10107132,,,,,,,,,,,,,,,107132,{prob=0.5;needUpdateTarget=TRUE}
10107133,,,,,,,,,,,,,,,107133,{prob=0.5;needUpdateTarget=TRUE}
10107134,,,,,,,,,,,,,,,107134,{prob=0.5;needUpdateTarget=TRUE}
10107135,,,,,,,,,,,,,,,107135,
10108211,,,,,,,,,,,,,,,108211,
10108212,,1,14,,,,,,,,,,,,,
10108221,,,2,,,,,,,,,,,,108221,
10108222,,,21,,,,,,,,,,,,,
10108231,,,,,,,,,,,,,,,108231,
10108232,,,,,,,,,,,,,,,108232,
10117211,,,,,,,,,,,,,,,117211,
10117212,,1,20,,,,,,,,,,,,,
10117221,,,,,,,,,,,,,,,117221,
10117222,,,,selfForce|nodead,"setSelectAttr({""damage"",""specialDamage""},""max"")|attr(""selectAttr"",""max"",1)",,,,,,,,,,,
10117231,,,11,,,,,,,,,,,,117231,
10117232,,1,11,,,,,,,,,,,,,
10122111,,,,,,,,,,,,,,,122111,
10122112,,,,,,,,,,,,,,,,
10122121,,,,,,,,,,,,,,,122121,
10122122,,1,14,,,,,,,,,,,,,
10122131,,,4,,,,,,,,,,,,122131,
10122132,,,4,,,,,,,,,,,,122132,
10122133,,,4,,,,,,,,,,,,,
10122134,,1,14,,,,,,,,,,,,,
10122151,,,,,,,,,,,,,,,,
10122161,,1,14,,,,,,,,,,,,,
10123111,,,,,,,,,,,,,,,123111,
10123112,,1,14,,,,,,,,,,,,,
10123121,,,4,,,,,,,,,,,,123121,
10123122,,1,14,,,,,,,,,,,,,
10123131,,,4,,,,,,,,,,,,123131,
10123132,,,4,,,,,,,,,,,,123132,
10123133,,1,14,,,,,,,,,,,,,
10123161,,1,14,,,,,,,,,,,,,
10124111,,,,,,,,,,,,,,,124111,
10124112,,,,,,,,,,,,,,,,
10124121,,,,,,,,,,,,,,,124121,
10124122,,,,,,,,,,,,,,,,
10124131,,,4,,,,,,,,,,,,124131,
10124132,,,4,,,,,,,,,,,,124132,
10124133,,,4,,,,,,,,,,,,,
10124134,,,4,,,,,,,,,,,,,
10124161,,1,11,,,,,,,,,,,,,
10124162,,,20,,,,,,,,,,,,,
10125311,,,,,,,,,,,,,,,125311,
10125312,,1,14,,,,,,,,,,,,,
10125321,,,,,,,,,,,,,,,125321,
10125322,,1,14,,,,,,,,,,,,,
10125331,,,,,,,,,,,,,,,125331,
10125332,,,,,,,,,,,,,,,125332,
10125333,,,,,,,,,,,,,,,,
10127111,,,,,,,,,,,,,,,127111,
10127112,,,,,,,,,,,,,,,,
10127113,,,,,,,,,,,,,,,,
10127121,,,4,,,,,,,,,,,,127121,
10127122,,,4,,,,,,,,,,,,,
10127123,,1,14,,,,,,,,,,,,,
10127124,,,,,,,,,,,,,,,,
10127131,,,11,,,,,,,,,,,,127131,
10127132,,,11,,,,,,,,,,,,127132,
10127133,,,11,,,,,,,,,,,,,
10127134,,1,11,,,,,,,,,,,,,
10127135,,1,14,,,,,,,,,,,,,
10127136,,1,14,,,,,,,,,,,,,
10129311,,,3,,,,,,,,,,,,129311,
10129312,,1,14,,,,,,,,,,,,,
10129321,,,3,,,,,,,,,,,,129321,
10129322,,1,14,,,,,,,,,,,,,
10129331,,,4,,,,,,,,,,,,129331,
10129332,,,4,,,,,,,,,,,,129332,
10129333,,1,14,,,,,,,,,,,,,
10142311,,,,,,,,,,,,,,,142311,
10142312,,,,,,,,,,,,,,,,
10142321,,,,,,,,,,,,,,,142321,
10142322,,,,,,,,,,,,,,,,
10142331,,,,,,,,,,,,,,,142331,
10142332,,,,,,,,,,,,,,,142332,
10142333,,1,14,,,,,,,,,,,,,
10142334,,1,14,,,,,,,,,,,,,
10142335,,1,14,,,,,,,,,,,,,
10190311,,,,,,,,,,,,,,,190311,
10190312,,1,14,,,,,,,,,,,,,
10190321,,,,,,,,,,,,,,,190321,
10190322,,,3,,,,,,,,,,,,,
10190323,,1,14,,,,,,,,,,,,,
10190331,,,2,,,,,,,,,,,,190331,
10190332,,,2,,,,,,,,,,,,190332,
10191111,,,,,,,,,,,,,,,191111,
10191112,,,,,,,,,,,,,,,,
10191121,,,,,,,,,,,,,,,191121,
10191122,,,,,,,,,,,,,,,191122,
10191123,,,,,,,,,,,,,,,,
10191131,,,11,,,,,,,,,,,,191131,
10191132,,,11,,,,,,,,,,,,191132,
10191133,,,,,,,,,,,,,,,,
10191134,,,,,,,,,,,,,,,,
10192111,,,,,,,,,,,,,,,192111,
10192112,,1,14,,,,,,,,,,,,,
10192121,,,,,,,,,,,,,,,192121,
10192122,,1,14,,,,,,,,,,,,,
10192131,,,11,,,,,,,,,,,,192131,
10192132,,,11,,,,,,,,,,,,192132,
10192133,,,,,,,,,,,,,,,,
10193111,,,,,,,,,,,,,,,193111,
10193112,,1,14,,,,,,,,,,,,,
10193121,,,4,,,,,,,,,,,,193121,
10193122,,1,14,,,,,,,,,,,,,
10193131,,,,enemyForce|nodead,hpRatioMin,,,,,,,,,,193131,
10193132,,,,enemyForce|nodead,hpRatioMin,,,,,,,,,,193132,
10193133,,,,enemyForce|nodead,hpRatioMin,,,,,,,,,,,
10194111,,,,,,,,,,,,,,,194111,
10194112,,1,14,,,,,,,,,,,,,
10194121,,,,,,,,,,,,,,,194121,
10194122,,,,selfForce | nodead,hpRatioMin,,,,,,,,,,,
10194123,,,,selfForce | nodead,useOtherProcess(194122),,,,,,,,,,,
10194131,,,2,,,,,,,,,,,,194131,
10194132,,,2,,,,,,,,,,,,194132,
10194133,,,3,,,,,,,,,,,,,
10194134,,1,11,,,,,,,,,,,,,
10195111,,,,,,,,,,,,,,,195111,
10195112,,1,14,,,,,,,,,,,,,
10195121,,,,,,,,,,,,,,,195121,
10195122,,,,,,,,,,,,,,,,
10195131,,,,,,,,,,,,,,,195131,
10195132,,,,,,,,,,,,,,,195132,
10195133,,,2,,,,,,,,,,,,,
10195134,,1,14,,,,,,,,,,,,,
10195135,,1,11,,,,,,,,,,,,,
10196111,,,,,,,,,,,,,,,196111,
10196112,,1,14,,,,,,,,,,,,,
10196121,,,,,,,,,,,,,,,196121,
10196122,,1,14,,,,,,,,,,,,,
10196131,,,,,,,,,,,,,,,196131,
10196132,,,,enemyForce|nodead,otherProcessExcept(196131)|random(1),,,,,,,,,,196132,"{prob=(countForceFilterNum(target:force(),owner,c.filterLevel1())>1 and 1 or 0);needUpdateTarget=TRUE}"
10196133,,,,enemyForce|nodead,otherProcessExcept(196132)|random(1),,,,,,,,,,196133,"{prob=(countForceFilterNum(target:force(),owner,c.filterLevel1())>1 and 1 or 0);needUpdateTarget=TRUE}"
10196134,,,,enemyForce|nodead,otherProcessExcept(196133)|random(1),,,,,,,,,,196134,"{prob=(countForceFilterNum(target:force(),owner,c.filterLevel1())>1 and 1 or 0);needUpdateTarget=TRUE}"
10196135,,,,enemyForce|nodead,otherProcessExcept(196134)|random(1),,,,,,,,,,196135,"{prob=(countForceFilterNum(target:force(),owner,c.filterLevel1())>1 and 1 or 0);needUpdateTarget=TRUE}"
10196136,,,,enemyForce|nodead,otherProcessExcept(196135)|random(1),,,,,,,,,,196136,"{prob=(countForceFilterNum(target:force(),owner,c.filterLevel1())>1 and 1 or 0);needUpdateTarget=TRUE}"
10196137,,1,14,,,,,,,,,,,,196137,{needUpdateTarget=TRUE}
10196138,,,,selfForce|nodead,"buffDiffer('groupFilter',{{beDispel=10},{c.groupdebuffs1_oc()}})|random(1)",,,,,,,,,,196138,
10197111,,,,,,,,,,,,,,,197111,
10197112,,1,14,,,,,,,,,,,,,
10197121,,,,enemyForce|nodead,curSelected|penetrate(0.4),,,,,,,,,,197121,
10197122,,,,,,,,,,,,,,,,
10197123,,1,14,,,,,,,,,,,,,
10197124,,,,,,,,,,,,,,,,
10197131,,,,enemyForce|nodead,"curSelected|sputtering(0.35,false)",,,,,,,,,,197131,
10197132,,,,,,,,,,,,,,,197132,
10197133,,,,,,,,,,,,,,,,
10197134,,,,enemyForce|nodead,near(),,,,,,,,,,,
10197135,,1,14,,,,,,,,,,,,,
10197136,,,,,,,,,,,,,,,,
10198111,,,,,,,,,,,,,,,198111,
10198112,,1,14,,,,,,,,,,,,,
10198121,,,,,,,,,,,,,,,198121,
10198122,,,,,,,,,,,,,,,198122,{effectProb=to10(target:hasBuff(1981110))}
10198123,,,,,,,,,,,,,,,,
10198131,,,4,,,,,,,,,,,,198131,
10198132,,,4,,,,,,,,,,,,198132,
10198133,,1,14,,,,,,,,,,,,,
10198134,,,4,,,,,,,,,,,,,
10224211,,,,,,,,,,,,,,,224211,
10224212,,1,14,,,,,,,,,,,,,
10224213,,,,,,,,,,,,,,,,
10224221,,,,,,,,,,,,,,,224221,
10224222,,1,14,,,,,,,,,,,,,
10224223,,,,,,,,,,,,,,,,
10224231,,,,,,,,,,,,,,,224231,
10224232,,,,,,,,,,,,,,,224232,
10224233,,,,,,,,,,,,,,,,
10224234,,,,,,,,,,,,,,,,
10248311,,,,,,,,,,,,,,,248311,
10248321,,,,,,,,,,,,,,,248321,
10248331,,,4,,,,,,,,,,,,248331,
10248332,,,4,,,,,,,,,,,,248332,
10300311,,,,enemyForce|nodead,,"{process={key=moreEqualThan(countObjByBuff(target:force(),{ 3003114 },{}),1);value=<buffDiffer('id',{3003114})|random(1);selected()>}}",,,,,,,,,300311,
10300312,,,,enemyForce|nodead,useOtherProcess(300311),,,,,,,,,,,
10300313,,,,enemyForce|nodead,otherProcessExcept(300311),,,,,,,,,,,
10300321,,,,enemyForce|nodead,,"{process={key=moreEqualThan(countObjByBuff(target:force(),{ 3003114 },{}),1);value=<buffDiffer('id',{3003114})|random(1);selected()>}}",,,,,,,,,300321,
10300322,,,,enemyForce|nodead,useOtherProcess(300321),,,,,,,,,,,
10300323,,,,enemyForce|nodead,otherProcessExcept(300321),,,,,,,,,,,
10300324,,1,14,,,,,,,,,,,,,
10300331,,,,enemyForce|nodead,,"{process={key=moreEqualThan(countObjByBuff(target:force(),{ 3003114 },{}),1);value=<buffDiffer('id',{3003114})|random(1);selected()>}}",,,,,,,,,300331,
10300332,,,,enemyForce|nodead,useOtherProcess(300331),,,,,,,,,,300332,
10300333,,,,enemyForce|nodead,useOtherProcess(300331),,,,,,,,,,,
10300334,,,,enemyForce|nodead,otherProcessExcept(300331),,,,,,,,,,,
10300335,,1,14,,,,,,,,,,,,,
10316111,,,,,,,,,,,,,,,316111,
10316112,,1,14,,,,,,,,,,,,,
10316121,,,,,,,,,,,,,,,316121,
10316122,,,,selfForce|nodead,"attr(""hp"",""min"",2)",,,,,,,,,,,
10316131,,,3,,,,,,,,,,,,316131,
10316132,,,3,,,,,,,,,,,,316132,
10316133,,1,11,,,,,,,,,,,,,
10316134,,1,11,,,,,,,,,,,,,
10317111,,,,,,,,,,,,,,,317111,
10317112,,1,14,,,,,,,,,,,,,
10317121,,,,,,,,,,,,,,,317121,
10317122,,1,14,,,,,,,,,,,,,
10317123,,,,,,,,,,,,,,,,
10317131,,,,,,,,,,,,,,,317131,
10317132,,,,,,,,,,,,,,,317132,
10317133,,1,14,,,,,,,,,,,,,
10317134,,1,14,,,,,,,,,,,,,
10317135,,1,14,,,,,,,,,,,,,
10318111,,,,,,,,,,,,,,,318111,
10318112,,1,14,,,,,,,,,,,,,
10318121,,,,,,,,,,,,,,,318121,
10318122,,,,,,,,,,,,,,,,
10318123,,,,,,,,,,,,,,,,
10318131,,,2,,,,,,,,,,,,318131,
10318132,,,2,,,,,,,,,,,,318132,
10318133,,1,2,,,,,,,,,,,,,
10318134,,,2,,,,,,,,,,,,,
10318135,,,,,,,,,,,,,,,,
10318136,,1,14,,,,,,,,,,,,,
10318137,,,,,,,,,,,,,,,,
10321111,,,,,,,,,,,,,,,321111,
10321112,,1,14,,,,,,,,,,,,,
10321121,,,,,,,,,,,,,,,321121,
10321122,,1,14,,,,,,,,,,,,,
10321123,,,,,,,,,,,,,,,,
10321124,,,,,,,,,,,,,,,,
10321125,,,,,,,,,,,,,,,,
10321126,,,,,,,,,,,,,,,,
10321127,,1,11,,,,,,,,,,,,,
10321131,,,12,,,,,,,,,,,,321131,
10321132,,,12,,,,,,,,,,,,321132,
10321133,,,,,,,,,,,,,,,,
10321134,,,,,,,,,,,,,,,,
10321135,,,,,,,,,,,,,,,,
10321136,,1,14,,,,,,,,,,,,,
10321137,,1,11,,,,,,,,,,,,,
10322211,,,,,,,,,,,,,,,322111,
10322212,,1,14,,,,,,,,,,,,,
10322221,,,,,,,,,,,,,,,322121,
10322222,,1,14,,,,,,,,,,,,,
10322231,,,,,,,,,,,,,,,322131,
10322232,,,,,,,,,,,,,,,322132,
10322233,,,,,,,,,,,,,,,,
10322234,,,,,,,,,,,,,,,,
10322235,,1,14,,,,,,,,,,,,,
10329311,,,,,,,,,,,,,,,329311,
10329321,,,,,,,,,,,,,,,329321,
10329322,,1,14,,,,,,,,,,,,,
10329331,,,11,,,,,,,,,,,,329331,
10329332,,,11,,,,,,,,,,,,329332,
10329333,,,11,,,,,,,,,,,,,
10330311,,,,,,,,,,,,,,,330311,
10330312,,1,14,,,,,,,,,,,,,
10330321,,,,,,,,,,,,,,,330321,
10330331,,,,,,,,,,,,,,,330331,
10330332,,,,,,,,,,,,,,,330332,
10330333,,1,14,,,,,,,,,,,,,
10363111,,,,,,,,,,,,,,,363111,
10363112,,1,14,,,,,,,,,,,,,
10363121,,,,,,,,,,,,,,,363121,
10363122,,,,selfForce|nodead,"exclude(list(csvSelf:id()))|setSelectAttr({""damage"",""specialDamage""},""max"")|attr(""selectAttr"",""max"",1)",,,,,,,,,,,
10363123,,1,14,,,,,,,,,,,,,
10363124,,,,selfForce|nodead,"otherProcessExcept(363122,363123)|attrDiffer(""natureType"", {13,18})|random(1)",,,,,,,,,,,
10363131,,,,,,,,,,,,,,,363131,
10363132,,,,,,,,,,,,,,,363132,
10363133,,,,,,,,,,,,,,,,
10363134,,1,23,,,,13,,,,,,,,,
10363135,,1,11,,,,,,,,,,,,,
10367311,,,,,,,,,,,,,,,367311,
10367312,,1,14,,,,,,,,,,,,,
10367321,,,,,,,,,,,,,,,367321,
10367322,,,,,,,,,,,,,,,,
10367331,,,,,,,,,,,,,,,367331,
10367332,,,,,,,,,,,,,,,367332,
10367333,,1,14,,,,,,,,,,,,,
10367334,,1,11,,,,,,,,,,,,,
10403111,,,,,,,,,,,,,,,405111,
10403112,,1,14,,,,,,,,,,,,,
10403121,,,4,,,,,,,,,,,,405121,
10403122,,,,,,,,,,,,,,,,
10403123,,,11,,,,,,,,,,,,,
10403131,,,11,,,,,,,,,,,,405131,
10403132,,,,,,,,,,,,,,,405132,
10403133,,,,,,,,,,,,,,,,
10403161,,,,,,,,,,,,,,,,
10403162,,1,14,,,,,,,,,,,,,
10404111,,,,,,,,,,,,,,,404111,
10404112,,1,14,,,,,,,,,,,,,
10404121,,,,,,,,,,,,,,,404121,
10404122,,,,,,,,,,,,,,,,
10404131,,,,,,,,,,,,,,,404131,
10404132,,,,,,,,,,,,,,,404132,
10404133,,1,14,,,,,,,,,,,,,
10404161,,1,14,,,,,,,,,,,,,
10405111,,,,,,,,,,,,,,,403111,
10405112,,,,,,,,,,,,,,,,
10405113,,,,,,,,,,,,,,,,
10405121,,,,,,,,,,,,,,,403121,
10405122,,1,14,,,,,,,,,,,,,
10405123,,1,14,,,,,,,,,,,,,
10405124,,,,,,,,,,,,,,,,
10405131,,,,,,,,,,,,,,,403131,
10405132,,,,,,,,,,,,,,,403132,
10405133,,,,,,,,,,,,,,,,
10405134,,,,,,,,,,,,,,,,
10405161,,1,14,,,,,,,,,,,,,
10405162,,1,11,,,,,,,,,,,,,
10405163,,1,14,,,,,,,,,,,,,
10406111,,,,,,,,,,,,,,,406111,
10406112,,,,,,,,,,,,,,,,
10406113,,1,14,,,,,,,,,,,,,
10406121,,,,,,,,,,,,,,,406121,
10406122,,,,,,,,,,,,,,,,
10406123,,,,,,,,,,,,,,,,
10406124,,1,14,,,,,,,,,,,,,
10406131,,,4,,,,,,,,,,,,406131,
10406132,,,4,,,,,,,,,,,,406132,
10406133,,,4,,,,,,,,,,,,,
10406134,,1,14,,,,,,,,,,,,,
10406161,,,,,,,,,,,,,,,,
10406162,,,,,,,,,,,,,,,,
10406163,,1,14,,,,,,,,,,,,,
10407111,,,,,,,,,,,,,,,407111,
10407112,,1,14,,,,,,,,,,,,,
10407121,,,,,,,,,,,,,,,407121,
10407122,,1,14,,,,,,,,,,,,,
10407131,,,,,,,,,,,,,,,407131,
10407132,,,,,,,,,,,,,,,407132,
10407133,,1,14,,,,,,,,,,,,,
10407141,,1,11,,,,,,,,,,,,,
10407142,,,,,,,,,,,,,,,,
10407161,,1,14,,,,,,,,,,,,,
10407162,,,,,,,,,,,,,,,,
10408111,,,,,,,,,,,,,,,408111,
10408112,,1,14,,,,,,,,,,,,,
10408121,,,,,,,,,,,,,,,408121,
10408122,,1,14,,,,,,,,,,,,,
10408123,,,,,,,,,,,,,,,,
10408131,,,,,,,,,,,,,,,408131,
10408132,,,,,,,,,,,,,,,408132,
10408133,,1,14,,,,,,,,,,,,,
10408134,,,,,,,,,,,,,,,,
10408135,,,,,,,,,,,,,,,,
10408136,,1,14,,,,,,,,,,,,,
10408161,,1,14,,,,,,,,,,,,,
10408162,,1,14,,,,,,,,,,,,,
10408163,,,,,,,,,,,,,,,,
10413211,,,,,,,,,,,,,,,413211,
10413212,,,,,,,,,,,,,,,,
10413221,,,,,,,,,,,,,,,413221,
10413222,,,,,,,,,,,,,,,,
10413223,,1,14,,,,,,,,,,,,,
10413231,,,4,,,,,,,,,,,,413231,
10413232,,,4,,,,,,,,,,,,413232,
10413233,,,4,,,,,,,,,,,,,
10413234,,1,14,,,,,,,,,,,,,
10413235,,,4,,,,,,,,,,,,,
10413261,,1,14,,,,,,,,,,,,,
10413262,,1,14,,,,,,,,,,,,,
10413263,,1,14,,,,,,,,,,,,,
10414111,,,,,,,,,,,,,,,414111,
10414112,,,,,,,,,,,,,,,,
10414113,,1,14,,,,,,,,,,,,,
10414121,,,,,,,,,,,,,,,100,
10414122,,1,,,,,,,,,,,,,,
10414123,,1,,,,,,,,,,,,,,
10414131,,,11,,,,,,,,,,,,414131,
10414132,,,11,,,,,,,,,,,,414132,
10414133,,1,23,,,,13,,,,,,,,,
10414134,,1,14,,,,,,,,,,,,,
10414135,,1,11,,,,,,,,,,,,,
10414161,,1,14,,,,,,,,,,,,,
10414162,,1,14,,,,,,,,,,,,,
10414163,,1,14,,,,,,,,,,,,,
10415111,,,,,,,,,,,,,,,415111,
10415112,,,,,,,,,,,,,,,,
10415113,,1,14,,,,,,,,,,,,,
10415121,,,,,,,,,,,,,,,415121,
10415122,,,,,,,,,,,,,,,,
10415123,,,,,,,,,,,,,,,,
10415124,,,,,,,,,,,,,,,,
10415131,,,11,,,,,,,,,,,,415131,
10415132,,,11,,,,,,,,,,,,415132,
10415133,,,,,,,,,,,,,,,,
10415134,,,11,,,,,,,,,,,,,
10415135,,1,14,,,,,,,,,,,,,
10415141,,,,,,,,,,,,,,,,
10415161,,1,14,,,,,,,,,,,,,
10415162,,1,14,,,,,,,,,,,,,
10415163,,,,,,,,,,,,,,,,
10462211,,,,,,,,,,,,,,,462211,
10462212,,,,,,,,,,,,,,,,
10462221,,,,,,,,,,,,,,,100,
10462222,,1,14,,,,,,,,,,,,,
10462223,,1,14,,,,,,,,,,,,,
10462231,,,4,,,,,,,,,,,,462231,
10462232,,,4,,,,,,,,,,,,462232,
10462233,,1,14,,,,,,,,,,,,,
10462234,,1,14,,,,,,,,,,,,,
10462235,,,4,,,,,,,,,,,,,
10462236,,,,,,,,,,,,,,,,
10462261,,1,14,,,,,,,,,,,,,
10462262,,1,14,,,,,,,,,,,,,
10462263,,1,14,,,,,,,,,,,,,
19111111,,1,11,,,,,,,<19111111>,<999>,<1>,,<1>,,
20000011,,,,object(4),,,,,,<200000111>,<999>,<1>,,<0>,,
26000141,,1,14,,,,,,,<260001411>,<999>,<1>,,<1>,,
26000241,,1,14,,,,,,,<260002411>,<999>,<1>,,<1>,,
26000341,,1,14,,,,,,,<260003411>,<999>,<1>,,<1>,,
26000441,,1,14,,,,,,,<260004411>,<999>,<1>,,<1>,,
26000541,,1,14,,,,,,,<260005411>,<999>,<1>,,<1>,,
26000641,,1,14,,,,,,,<260006411>,<999>,<1>,,<1>,,
26000741,,1,14,,,,,,,<260007411>,<999>,<1>,,<1>,,
26000841,,1,14,,,,,,,<260008411>,<999>,<1>,,<1>,,
26000941,,1,14,,,,,,,<260009411>,<999>,<1>,,<1>,,
26001041,,1,14,,,,,,,<260010411>,<999>,<1>,,<1>,,
26001141,,1,14,,,,,,,<260011411>,<999>,<1>,,<1>,,
26001241,,1,14,,,,,,,<260012413;260012414;260012416>,<999;999;999>,<1;1;1>,,<<99;1;0>;1;1>,,
26001242,,,,selfForce|nodead,otherProcessExcept(26001241)|random(5),,,,,<260012411>,<999>,<1>,,<1>,,
26001341,,1,14,,,,,,,<260013411>,<999>,<1>,,<1>,,
26001441,,1,14,,,,,,,<260014411>,<999>,<1>,,<1>,,
26001541,,1,11,,,,,,,<260015411>,<999>,<1>,,<1>,,
26001641,,1,14,,,,,,,<260016411>,<999>,<1>,,<1>,,
26001741,,1,14,,,,,,,<260017411>,<999>,<1>,,<1>,,
26001841,,1,14,,,,,,,<260018411;260018415>,<999;999>,<1;1>,,<1;1>,,
26001941,,1,14,,,,,,,<260019411>,<999>,<1>,,<1>,,
26002041,,1,14,,,,,,,<260020411>,<999>,<1>,,<1>,,
26002141,,1,14,,,,,,,<260021411;260021414>,<999;999>,<1;1>,,<1;8000>,,
26002241,,1,14,,,,,,,<260010412>,<999>,<1>,,<1>,,
26002341,,,,,,,,,,,,,,,,
26002441,,,,,,,,,,,,,,,,
26002541,,1,14,,,,,,,<260022411;260022413>,<999;999>,<1;1>,,<6000;1>,,
26002641,,1,14,,,,,,,<260022412;260022414>,<999;999>,<1;1>,,<6000;1>,,
26002741,,,,,,,,,,,,,,,,
26002841,,,,,,,,,,,,,,,,
26002941,,,,enemyForce|nodead,"setSelectAttr({""damage"",""specialDamage""},""max"")|attr(""selectAttr"",""max"",1)",,,,,<260023411>,<999>,<1>,,<1>,,
26002942,,,,selfForce|nodead,backRowRandom(1),,,,,<260023412>,<999>,<1>,,<1>,,
26003041,,,,,,,,,,,,,,,,
26003141,,,,,,,,,,,,,,,,
26003241,,,,,,,,,,,,,,,,
26003341,,1,14,,,,,,,<260024411;260024412>,<999;999>,<1;1>,,<1000;4000>,,
26003441,,,,,,,,,,,,,,,,
26003541,,,,,,,,,,,,,,,,
26003641,,,,,,,,,,,,,,,,
26003741,,1,14,,,,,,,<260025417>,<999>,<1>,,<1>,,
26003841,,1,14,,,,,,,<260025411;260025412;260025419>,<999;999;999>,<1;1;1>,,<<99;1;0>;1;1>,,
26003941,,1,14,,,,,,,<260025414;260025415>,<999;999>,<1;1>,,<<99;1;0>;1>,,
26004041,,,,,,,,,,,,,,,,
26004141,,,,,,,,,,,,,,,,
26004241,,,,,,,,,,,,,,,,
26004341,,1,14,,,,,,,<260026411;260026415;260026417>,<999;999;999>,<1;1;1>,,<1;1;1>,,
26004441,,1,14,,,,,,,<260026411;260026415;260026417>,<999;999;999>,<1;1;1>,,<1;1;1>,,
26004541,,1,14,,,,,,,<260026411;260026415;260026417>,<999;999;999>,<1;1;1>,,<1;1;1>,,
26004641,,,,,,,,,,,,,,,,
26004741,,,,,,,,,,,,,,,,
26004841,,,,,,,,,,,,,,,,
26004941,,1,11,,,,,,,<260027411>,<999>,<1>,,<1>,,
26005041,,,,,,,,,,,,,,,,
26005141,,,,,,,,,,,,,,,,
26005241,,,,,,,,,,,,,,,,
26005341,,1,11,,,,,,,<260028411>,<999>,<1>,,<<1;0.01;1>>,,
26005441,,,,,,,,,,,,,,,,
26005541,,,,,,,,,,,,,,,,
26005641,,,,,,,,,,,,,,,,
26005741,,,,,,,,,,,,,,,,
26005841,,,,enemyForce|nodead,"setSelectAttr({""damage"",""specialDamage""},""max"")|attr(""selectAttr"",""max"",1)",,,,,<260029411>,<999>,<1>,,<1>,,
26005851,,1,14,,,,,,,<260029414;260029415;260029417>,<999;999;999>,<1;1;1>,,<<99;1;0>;1;1>,,
26005941,,1,14,,,,,,,<260029412>,<999>,<1>,,<1>,,
26006041,,,,,,,,,,,,,,,,
26006141,,,,,,,,,,,,,,,,
26006241,,,,,,,,,,,,,,,,
26006341,,1,14,,,,,,,<260030411>,<999>,<1>,,<1>,,
26006441,,1,14,,,,,,,<260030413;260030414>,<999;999>,<1;1>,,<<99;1;0>;1>,,
26006541,,1,14,,,,,,,<260030413;260030414>,<999;999>,<1;1>,,<<99;1;0>;1>,,
26006641,,,,,,,,,,,,,,,,
26006741,,,,,,,,,,,,,,,,
26006841,,,,,,,,,,,,,,,,
26006941,,,,,,,,,,,,,,,,
26007041,,1,11,,,,,,,<260031411;260031412>,<1;999>,<1;1>,,<1200;1>,,
26007141,,,,,,,,,,,,,,,,
26007241,,,,,,,,,,,,,,,,
26007341,,,,,,,,,,,,,,,,
26007441,,,,,,,,,,,,,,,,
26007541,,1,14,,,,,,,,,,,,,
26007542,,,,selfForce|nodead,random(2)|rowback|otherProcessExcept(26007541),,,,,<260032414>,<999>,<1>,,<1>,,
26007543,,,,enemyForce|nodead,"setSelectAttr({""damage"",""specialDamage""},""max"")|attr(""selectAttr"",""max"",1)",,,,,,,,,,,
26007544,,1,14,,,,,,,<260032411>,<999>,<1>,,<1>,,
26007641,,1,14,,,,,,,<260033411>,<999>,<1>,,<1>,,
26007741,,1,14,,,,,,,<260033413>,<999>,<1>,,<1>,,
26007841,,1,14,,,,,,,<260034411;260034412>,<999;999>,<1;1>,,<0;200>,,
26007941,,1,14,,,,,,,<2233113;260035412>,<999;999>,<1;1>,,<0;0>,,
26008041,,1,14,,,,,,,<260036411;401110;260036412>,<999;999;999>,"<moreEqualThan(self:star(),8) and 1 or 0;moreEqualThan(self:star(),8) and 1 or 0;1>",,"<<list(0,0,1);1;1>;1;<1>>",,
26008042,,1,14,,,,,,,<260036413>,<999>,<1>,,<1>,,
26008641,,1,11,,,,,,,<260037411>,<999>,<1>,,<10000>,,
26008841,,1,11,,,,,,,<260038411>,<999>,<1>,,<10000>,,
26009041,,1,14,,,,,,,<260039411>,<999>,<1>,,<10000>,,
26009541,,1,11,,,,,,,<260095411>,<999>,<1>,,<3500>,,
26009641,,1,11,,,,,,,<260096411>,<999>,<1>,,<10000>,,
26009741,,1,11,,,,,,,<260097411>,<999>,<1>,,<10000>,,
26009941,,,11,,,,,,,<260099411>,<999>,<1>,,<0>,,
26010241,,1,11,,,,,,,<260102411>,<999>,<1>,,<0>,,
26010361,,1,14,,,,,,,<260103611>,<999>,<1>,,<0>,,
26010441,,1,14,,,,,,,<260104411>,<999>,<1>,,<0>,,
26010442,,,,selfForce | nodead,exclude(list(csvSelf:id())),,,,,<260104413>,<999>,<1>,,<0>,,
26010561,,1,14,,,,,,,<260105611>,<999>,<1>,,<0>,,
26010661,,1,14,,,,,,,<260040411>,<999>,<1>,,<0>,,
26010761,,1,14,,,,,,,<260106611>,<999>,<1>,,<0>,,
26010861,,1,14,,,,,,,<260107611>,<999>,<1>,,<0>,,
26010961,,1,14,,,,,,,<260108611>,<999>,<1>,,<0>,,
28701361,,,11,,,,,,,<24311100>,<999>,<1>,,<<1;1;11>>,,
28701362,,,,object(11),,,,,,<28701361>,<999>,<1>,,<1>,,
28701363,,,,selfForce | nodead,otherProcessExcept(28701362),,,,,<28701368>,<999>,<1>,,<1>,,
28933141,,1,14,,,,,,,<289310111>,<999>,<1>,,<0>,,
28933142,,1,14,,,,,,,<289310121>,<999>,<1>,,<0>,,
28933241,,1,14,,,,,,,<289310111>,<999>,<1>,,<0>,,
28933242,,1,14,,,,,,,<289310121>,<999>,<1>,,<0>,,
28934141,,1,14,,,,,,,<289320111>,<999>,<1>,,<0>,,
28934241,,1,14,,,,,,,<289320121>,<999>,<1>,,<0>,,
28936141,,1,14,,,,,,,<289330133>,<999>,<1>,,<1>,,
28936241,,1,14,,,,,,,<289330133>,<999>,<1>,,<1>,,
28936341,,1,14,,,,,,,<289330111>,<999>,<1>,,<1>,,
28936342,,1,14,,,,,,,<289330121>,<999>,<1>,,<0;1;0>,,
28936343,,1,14,,,,,,,<289330131>,<999>,<1>,,<1>,,
28961111,,1,14,,,,,,,<289610111>,<999>,<1>,,<1>,,
28962111,,1,14,,,,,,,<289620111>,<999>,<1>,,<1>,,
28963111,,1,14,,,,,,,<289630111>,<999>,<1>,,<1>,,
28972111,,1,14,,,,,,,<289720111>,<999>,<1>,,<0>,,
28975111,,1,14,,,,,,,<289750111>,<999>,<1>,,<0>,,
28975211,,1,14,,,,,,,<289750211>,<999>,<1>,,<0>,,
30012141,,1,11,,,,,,,<300121411;300121414>,<999;999>,"<less(countObjByBuff(2,{ 300121411 },{}),countForceNum(1)) and 1 or 0;1>",,<<0;1;0>;0>,,
30012142,,1,11,,,,,,,<300121415>,<999>,<1>,,<0>,,
30022141,,1,14,,,,,,,<300221411>,<999>,<0.8>,,<0>,,
30023141,,1,11,,,,,,,<300231411;300231412>,<3;999>,<1;1>,,<target:damage()*10;-target:hpMax()*0.7>,,
30032141,,,,object(12),,,,,,<300321411>,<999>,<1>,,<-self:speed()*0.6>,,
30032142,,,,object(10),,,,,,<300000001>,<1>,<1>,,<300>,,
30042141,,1,14,,,,,,,<300421411;300421412;300421413;300421414;300421415;300421416;300421417;300421418;300421419;300421420;300421421;300421422;300421423;300421424;300000001;300421451>,<999;999;999;999;999;999;999;999;999;999;999;999;999;999;999;999>,"<(moreE(countObjByNature(1,1,10) ,1) or moreE(countObjByNature(1,2,10) ,1)) and 1 or 0;(moreE(countObjByNature(1,1,10) ,1) or moreE(countObjByNature(1,2,10) ,1)) and 1 or 0;(moreE(countObjByNature(1,1,10) ,1) or moreE(countObjByNature(1,2,10) ,1)) and 1 or 0;(moreE(countObjByNature(1,1,10) ,1) or moreE(countObjByNature(1,2,10) ,1)) and 1 or 0;(moreE(countObjByNature(1,1,10) ,1) or moreE(countObjByNature(1,2,10) ,1)) and 1 or 0;(moreE(countObjByNature(1,1,10) ,1) or moreE(countObjByNature(1,2,10) ,1)) and 1 or 0;(moreE(countObjByNature(1,1,10) ,1) or moreE(countObjByNature(1,2,10) ,1)) and 1 or 0;(moreE(countObjByNature(1,1,10) ,1) or moreE(countObjByNature(1,2,10) ,1)) and 1 or 0;(moreE(countObjByNature(1,1,10) ,1) or moreE(countObjByNature(1,2,10) ,1)) and 1 or 0;(moreE(countObjByNature(1,1,10) ,1) or moreE(countObjByNature(1,2,10) ,1)) and 1 or 0;(moreE(countObjByNature(1,1,10) ,2) or moreE(countObjByNature(1,2,10) ,2)) and 1 or 0;(moreE(countObjByNature(1,1,10) ,2) or moreE(countObjByNature(1,2,10) ,2)) and 1 or 0;(moreE(countObjByNature(1,1,10) ,2) or moreE(countObjByNature(1,2,10) ,2)) and 1 or 0;(moreE(countObjByNature(1,1,10) ,2) or moreE(countObjByNature(1,2,10) ,2)) and 1 or 0;(moreE(countObjByNature(1,1,10) ,1) or moreE(countObjByNature(1,2,10) ,1)) and 1 or 0;1>",,<self:speed()*1;self:damage()*2;5000;5000;5000;5000;5000;5000;20000;10000;5000;10000;5000;5000;5000;0>,,
30043141,,1,14,,,,,,,<300431411;300431412;300431415;300431422>,<999;999;999;10>,<1;1;1;1>,,"<<list(1,0,0);1;0>;1;1;3000>",,
30043142,,1,14,,,,,,,<401106;401107>,<999;999>,<1;1>,,"<<list(1,0,0);1;0>;1>",,
30043143,,1,2,,,,,,,<300431413;300431414;300431420>,<10;10;10>,<1;1;1>,,<0;10000;1000>,,
30043144,,,11,,,,,,,<300431419>,<999>,<1>,,<26000>,,
30044141,,1,11,,,,,,,<400000301;400000307;400000309>,<4;999;3>,<1;1;1>,,<0;50000;3000>,,
30044142,,,,selfForce | nodead,exclude(list(csvSelf:id())),,,,,<400000308>,<999>,<1>,,<10000>,,
30044143,,1,14,,,,,,,<400000303;400000302>,<999;2>,<1;1>,,<0;5000>,,
30044144,,,11,,,,,,,<400000306>,<999>,<1>,,<100000>,,
30111141,,1,14,,,,,,,<301111411>,<999>,<1>,,<0>,,
30111142,,,,object(7),,,,,,<301112411>,<999>,<1>,,<0>,,
30111143,,,,object(8),,,,,,<301113411>,<999>,<1>,,<0>,,
30111144,,,,object(9),,,,,,<301114411>,<999>,<1>,,<0>,,
30111145,,,,object(10),,,,,,<301115411>,<999>,<1>,,<0>,,
30111146,,,,object(12),,,,,,<301116411>,<999>,<1>,,<0>,,
30112111,,,,enemyForce|nodead,,"{process={key=moreE(countObjByBuff(1,{301121419},{}),1);value=<buffDiffer('id',{301121419})|random(1);selected()>}}",,,,,,,,,89111,
30112141,,,11,,,,,,,<301121419>,<999>,<(target:natureIntersection(list(15))) and 1 or 0>,,<0>,,
30112142,,1,14,,,,,,,<301121411;301121415;301121417;300000003>,<999;999;999;1>,"<1;1;1;moreE(countObjByBuff(1,{301121419},{}),1) and 1 or 0>",,<0;0;0;self:speed()*0.5>,,
30113141,,1,14,,,,,,,<301131411>,<2>,<1>,,<0>,,
30122141,,,11,,,,,,,<301221412>,<999>,<1>,,<15000>,,
30122142,,1,11,,,,,,,<301221411>,<999>,<0>,,<-target:hpMax()*0.7>,,
30122241,,,11,,,,,,,<301221412>,<999>,<1>,,<15000>,,
30122242,,1,2,,,,,,,<301222421>,<999>,<1>,,<0>,,
30123141,,,,selfForce()|nodead,exclude(list(csvSelf:id())),,,,,<301231411>,<999>,<1>,,<0>,,
30124141,,,,object(10),,,,,,<301241411>,<999>,<1>,,<0>,,
30124142,,,,object(12),,,,,,<301241421>,<999>,<1>,,<0>,,
30131141,,1,11,,,,,,,<301311411>,<999>,<1>,,<target:speed()*1.5>,,
30131142,,1,3,,,,,,,<301311412;301311413>,<1;1>,<1;1>,,<2000;target:damage()*1>,,
30131143,,,,object(1),single,,,,,<301311414>,<1>,<1>,,<0>,,
30131144,,,,object(3),single,,,,,<301311416>,<1>,<1>,,<0>,,
30131145,,,,object(2),single,,,,,<301311415>,<1>,<1>,,<0>,,
30133141,,1,11,,,,,,,<301331411;301331412>,<999;999>,<1;1>,,<5000;0>,,
30134141,,1,14,,,,,,,<301341411;301341413;301341414>,<999;999;999>,<1;1;1>,,<0;50000;0>,,
30143141,,1,14,,,,,,,<301431411;300000001;301431413>,<999;1;999>,<1;1;1>,,<0;1000;0>,,
30144141,,1,14,,,,,,,<301441411>,<999>,<1>,,<0>,,
30144142,,,,,,,,,,,,,,,,
30144143,,,,,,,,,,,,,,,,
30144144,,,,,,,,,,,,,,,,
30144145,,,,,,,,,,,,,,,,
30202141,,1,14,,,,,,,<302021411;302021412;302021413;301311412>,<999;999;999;1>,<1;1;1;1>,,<30000;30000;target:speed()*1.8;2000>,,
30211141,,1,14,,,,,,,<302111411>,<999>,<1>,,<0>,,
30211142,,,,object(7),,,,,,<302112411>,<999>,<1>,,<0>,,
30211143,,,,object(8),,,,,,<302113411>,<999>,<1>,,<0>,,
30211144,,,,object(9),,,,,,<302114411>,<999>,<1>,,<0>,,
30211145,,,,object(10),,,,,,<302115411>,<999>,<1>,,<0>,,
30211146,,,,object(12),,,,,,<302116411>,<999>,<1>,,<0>,,
30213141,,1,11,,,,,,,<302131411>,<999>,<1>,,<1000>,,
30213142,,1,14,,,,,,,<302131412>,<999>,<1>,,<-self:speed()*0.35>,,
30224141,,,,object(8),,,,,,<302241411>,<999>,<1>,,<-2500+1900*getForceNum(3-self:force())>,,
30224142,,1,14,,,,,,,<302241413>,<999>,<1>,,<0>,,
30232141,,1,11,,,,,,,<302321411>,<1>,<1>,,<2000>,,
30242141,,1,14,,,,,,,<302421411>,<999>,<1>,,<0>,,
30242142,,,,object(10),,,,,,<302421415>,<999>,<1>,,<0>,,
30242143,,,,object(12),,,,,,<302421416>,<999>,<1>,,<0>,,
30242144,,1,11,,,,,,,<302421413;300000002>,<999;999>,<1;1>,,<0;3000>,,
30242145,,,11,,,,,,,<300000002>,<999>,<1>,,<3000>,,
30243131,,,11,,,,,,,,,,,,127131,
30243132,,,11,,,,,,,,,,,,127132,
30243133,,,11,,,,,,,<1271011>,<2>,<1>,,<self:damage()*0.4>,,
30243134,,1,11,,,,,,,<1271310>,<1>,<1>,,<0>,,
30243135,,1,14,,,,,,,<302431415>,<1>,<1>,,<self:hpMax()*0.2>,,
30243136,,,,selfForce,otherProcessExcept(30243135),,,,,<302431413>,<999>,<1>,,<<0;1;0;1>>,,
30243141,,1,11,,,,,,,<302431411>,<999>,<1>,,<0>,,
30243142,,1,14,,,,,,,<302431412>,<999>,<1>,,<0>,,
30302141,,1,14,,,,,,,<303021411;303021412;303021413>,<1;1;1>,<1;1;1>,,<1000;self:speed();10000>,,
30311141,,1,14,,,,,,,<303111411>,<999>,<1>,,<0>,,
30311142,,,,object(7),,,,,,<303112411>,<999>,<1>,,<0>,,
30311143,,,,object(8),,,,,,<303113411>,<999>,<1>,,<0>,,
30311144,,,,object(9),,,,,,<303114411>,<999>,<1>,,<0>,,
30311145,,,,object(10),,,,,,<303115411>,<999>,<1>,,<0>,,
30311146,,,,object(12),,,,,,<303116411>,<999>,<1>,,<0>,,
30322141,,1,11,,,,,,,<303221411;303221412>,<999;999>,<1;1>,,"<<list(1,1,1);1;0>;0>",,
30331141,,,,all,random(12),,,,,<303311411>,<3>,<1>,,<6000>,,
30331142,,1,11,,,,,,,<303311412;303311413;303361411>,<3;999;2>,<1;1;1>,,<4000;2000;2000>,,
30333141,,,,all,random(12),,,,,<303331411>,<999>,<1>,,<0>,,
30336141,,1,14,,,,,,,<303361411;303361412>,<2;2>,<1;1>,,<6000;3000>,,
30342141,,,,all,,,,,,<303421411>,<999>,<1>,,<0>,,
30343141,,,,all,random(12),,,,,<303431410;303431412;303431413>,<999;999;999>,<1;0;0>,,<0;0.2;0>,,
30422141,,1,14,,,,,,,<304221411>,<999>,<1>,,<self:speed()*0.5>,,
30434141,,,,selfForce | nodead,exclude(list(csvSelf:id())),,,,,<304341410>,<999>,<1>,,<-target:speed()>,,
30434142,,,,object(12),,,,,,<304341411>,<999>,<1>,,<0>,,
30434143,,,,object(10),,,,,,<304341413>,<999>,<1>,,<0>,,
30444141,,1,14,,,,,,,<304441411>,<999>,<1>,,<0>,,
30524141,,,,object(5),,,,,,<2821140>,<999>,<1>,,<0>,,
30524142,,,,object(11),,,,,,<2821132;2821134;2821136>,<999;999;999>,<1;1;1>,,"<<6;self:hasBuff(2821141) and 0.75 or 1>;list(1,list(1001,1002,1003,1004,1005,1011,1012,1013,1014,1015,1021,1022,1023,1024,1025,1201,1202,1203,1211,1212,1213,1221,1222,1223,1401,1411,1421,1431,1441,1451),6);0>",,
30524143,,,,object(1),,,,,,<2821140>,<999>,<1>,,<0>,,
30524144,,,,object(7),,,,,,<2821132;2821134;2821136>,<999;999;999>,<1;1;1>,,"<<6;self:hasBuff(2821141) and 0.75 or 1>;list(1,list(1001,1002,1003,1004,1005,1011,1012,1013,1014,1015,1021,1022,1023,1024,1025,1201,1202,1203,1211,1212,1213,1221,1222,1223,1401,1411,1421,1431,1441,1451),6);0>",,
30524145,,,,object(2),,,,,,<2821140>,<999>,<1>,,<0>,,
30524146,,,,object(8),,,,,,<2821132;2821134;2821136>,<999;999;999>,<1;1;1>,,"<<6;self:hasBuff(2821141) and 0.75 or 1>;list(1,list(1001,1002,1003,1004,1005,1011,1012,1013,1014,1015,1021,1022,1023,1024,1025,1201,1202,1203,1211,1212,1213,1221,1222,1223,1401,1411,1421,1431,1441,1451),6);0>",,
30524147,,,,object(3),,,,,,<2821140>,<999>,<1>,,<0>,,
30524148,,,,object(9),,,,,,<2821132;2821134;2821136>,<999;999;999>,<1;1;1>,,"<<6;self:hasBuff(2821141) and 0.75 or 1>;list(1,list(1001,1002,1003,1004,1005,1011,1012,1013,1014,1015,1021,1022,1023,1024,1025,1201,1202,1203,1211,1212,1213,1221,1222,1223,1401,1411,1421,1431,1441,1451),6);0>",,
30524149,,,,object(4),,,,,,<2821140>,<999>,<1>,,<0>,,
30524150,,,,object(10),,,,,,<2821132;2821134;2821136>,<999;999;999>,<1;1;1>,,"<<6;self:hasBuff(2821141) and 0.75 or 1>;list(1,list(1001,1002,1003,1004,1005,1011,1012,1013,1014,1015,1021,1022,1023,1024,1025,1201,1202,1203,1211,1212,1213,1221,1222,1223,1401,1411,1421,1431,1441,1451),6);0>",,
30524151,,,,object(6),,,,,,<2821140>,<999>,<1>,,<0>,,
30524152,,,,object(12),,,,,,<2821132;2821134;2821136>,<999;999;999>,<1;1;1>,,"<<6;self:hasBuff(2821141) and 0.75 or 1>;list(1,list(1001,1002,1003,1004,1005,1011,1012,1013,1014,1015,1021,1022,1023,1024,1025,1201,1202,1203,1211,1212,1213,1221,1222,1223,1401,1411,1421,1431,1441,1451),6);0>",,
30533141,,1,14,,,,,,,<305331411>,<999>,<1>,,<3000>,,
30533241,,1,14,,,,,,,<305331411;305332411>,<999;999>,<1;1>,,<3000;0>,,
30533341,,1,14,,,,,,,<305331411;305332421>,<999;999>,<1;1>,,<3000;0>,,
30533441,,1,14,,,,,,,<305331411;305332431>,<999;999>,<1;1>,,<3000;-self:specialDamage()*0.7>,,
30541141,,1,14,,,,,,,<305411411;1010003;305411413;305411414;305411415;305411416;305411417>,<999;999;999;999;999;999;999>,"<moreE(self:getBuffOverlayCount(305411412),11) and 0 or 1;1;1;1;1;1;0>",,<1;0.8;100000;self:specialDamage()*1.2;self:defence()*0.3;self:specialDefence()*0.3;self:speed()*0.3>,,
30611141,,1,14,,,,,,,<306111411>,<999>,<1>,,<0>,,
30611142,,,,object(7),,,,,,<306112411>,<999>,<1>,,<0>,,
30611143,,,,object(8),,,,,,<306113411>,<999>,<1>,,<0>,,
30611144,,,,object(9),,,,,,<306114411>,<999>,<1>,,<0>,,
30611145,,,,object(10),,,,,,,,,,,,
30611146,,,,object(12),,,,,,,,,,,,
30632141,,,24,,,,,,,,,,,,,
30632142,,1,11,,,,,,,,,,,,,
30642141,,1,11,,,,,,,<306421412>,<999>,<1>,,"<list(list(c.zhuoshao_oc()),7,1)>",,
30642142,,,11,,,,,,,<306421411;300000002>,<999;999>,<1;1>,,<8000;4000>,,
30644141,,1,14,,,,,,,<1991652;1991653;1991657>,<7;7;7>,<1;1;1>,,<1816;0;0>,,
30645141,,1,14,,,,,,,<306451411>,<999>,<1>,,<0>,,
30722111,,,,,,,,,,,,,,,15211,
30722121,,,,,,,,,,<151211>,<2>,<2>,,<2>,15221,
30722122,,,,,,,,,,,,,,,,
30722131,,,11,,,,,,,,,,,,15231,
30722132,,,11,,,,,,,,,,,,15232,
30722133,,,11,,,,,,,<151211>,<3>,<1>,,<2>,,
30722161,,1,14,,,,,,,<307221611;307221612;307221613>,<999;999;999>,<1;1;1>,,<1;self:speed()*0.5;1000>,,
30733141,,1,11,,,,,,,<307331411>,<3>,<1>,,<10000>,,
30734541,,,11,,,,,,,<307345411;307345412>,<999;999>,"<moreE(countObjByFlag(1,200),1) and 1 or 0;moreE(countObjByFlag(1,200),1) and 1 or 0>",,"<20000*countObjByFlag(1,200)+(moreE(countObjByFlag(1,200),1) and 20000 or 0);8000*countObjByFlag(1,200)>",,
30741141,,1,11,,,,,,,<307411411>,<999>,<1>,,<0>,,
30741142,,1,14,,,,,,,<307411413>,<999>,<1>,,<0>,,
30741143,,1,3,,,,,,,<307411416>,<999>,<1>,,<2500>,,
30744141,,1,14,,,,,,,<307441411>,<999>,<1>,,<0>,,
30744142,,,,object(10),,,,,,<307441451>,<999>,<1>,,<0>,,
30744143,,,,object(12),,,,,,<307441461>,<999>,<1>,,<0>,,
30744144,,,,object(7),,,,,,<307441421>,<999>,<1>,,<0>,,
30744145,,,,object(8),,,,,,<307441431>,<999>,<1>,,<0>,,
30744146,,,,object(9),,,,,,<307441441>,<999>,<1>,,<0>,,
30744147,,,,selfForce | nodead,otherProcessExcept(30744141),,,,,<307441413;307441427;307441418>,<999;999;1>,<1;1;1>,,<20000;999;990>,,
30744148,,1,11,,,,,,,<300000003>,<1>,<target:hasBuff(307441422) and 0 or 1>,,<self:Bspeed()*1>,,
40000001,,,,object(8),,,,,,<400000001>,<999>,<1>,,<0>,,
40000002,,1,14,,,,,,,<400000001;400000008>,<999;999>,<1;1>,,<0;0>,,
40000003,,1,11,,,,,,,<400000009>,<999>,<1>,,<0>,,
40000021,,,,object(10),,,,,,<400000201;400000202>,<999;999>,<1;1>,,<0;0>,,
40000022,,1,14,,,,,,,,,,,,,
40000041,,1,11,,,,,,,<400000401;400000402>,<999;999>,<1;1>,,<0;92>,,
40000042,,,11,,,,,,,<400000401;400000402;400000404>,<999;999;999>,<1;0;1>,,<0;92;<1;1;11>>,,
40000043,,,,selfForce | nodead,random(1),,,,,<400000405>,<999>,<1>,,<0>,,
40000051,,1,14,,,,,,,<400000501;400000502>,<999;999>,<1;1>,,<<1;7>;0>,,
40000052,,,11,,,,,,,,,,,,,
40000053,,,,,,,,,,,,,,,,
40010011,,1,14,,,,,,,<400100111>,<999>,<1>,,<0>,,
40010021,,1,14,,,,,,,<400100211>,<999>,<1>,,<0>,,
40010031,,1,14,,,,,,,<400100311>,<999>,<1>,,<0>,,
40010041,,,,selfForce|nodead,"setSelectAttr({""damage"",""specialDamage""},""max"")|attr(""selectAttr"",""max"",1)",,,,,<400100411>,<999>,<1>,,<0>,,
40010051,,1,14,,,,,,,<400100511>,<999>,<1>,,<0>,,
40010061,,1,14,,,,,,,<400100611>,<999>,<1>,,<0>,,
40010071,,1,14,,,,,,,<400100711>,<999>,<1>,,<0>,,
40010081,,,11,,,,,,,<400100811>,<999>,<1>,,<-1000>,,
40010091,,1,14,,,,,,,<400100911>,<999>,<1>,,<0>,,
40010101,,1,14,,,,,,,<400101011>,<999>,<1>,,<0>,,
40010111,,1,14,,,,,,,<400101111>,<999>,<1>,,<0>,,
40010121,,1,2,,,,,,,<400101211>,<999>,<1>,,<2000>,,
40010131,,1,14,,,,,,,<400101311;400101312>,<999;999>,<1;1>,,<self:defence();self:specialDefence()>,,
40010141,,1,14,,,,,,,<400101411>,<999>,<1>,,<0>,,
40010151,,1,14,,,,,,,<400101511>,<999>,<1>,,<0>,,
40010161,,1,14,,,,,,,<400101611>,<999>,<1>,,<0>,,
40010171,,1,14,,,,,,,<400101711>,<999>,<1>,,<0>,,
40010181,,1,14,,,,,,,<400101811>,<999>,<1>,,<0>,,
40010191,,,,enemyForce|nodead,backRowRandom(1),,,,,<400101911>,<2>,"<less(sumBuffOverlayByGroupInForce(target:force(),list(99999),106),1) and 1 or 0>",,<0>,,
40010201,,,11,,,,,,,<400102011>,<3>,<1>,,<-2000>,,
40010211,,1,14,,,,,,,<400102111>,<999>,<1>,,<0>,,
40010221,,1,14,,,,,,,<400102211>,<999>,<1>,,<0>,,
40010231,,1,14,,,,,,,<400102311>,<999>,<1>,,<0>,,
40010241,,1,14,,,,,,,<400102411>,<999>,<1>,,<0>,,
40010251,,1,14,,,,,,,<400102511>,<999>,<1>,,<0>,,
40010261,,1,14,,,,,,,<400102611>,<3>,<1>,,<2000>,,
40010271,,1,14,,,,,,,<400102711>,<999>,<1>,,<0>,,
40010281,,1,14,,,,,,,<400102811>,<999>,<1>,,<0>,,
40010291,,1,14,,,,,,,<400102911>,<999>,<1>,,<0>,,
40010301,,1,14,,,,,,,<400103011>,<999>,<1>,,<0>,,
40010311,,1,14,,,,,,,<400103111>,<999>,<1>,,<0>,,
40010321,,1,14,,,,,,,<400103211>,<999>,<1>,,<self:rebound()*5*self:hpMax()>,,
40010331,,1,14,,,,,,,<400103311>,<999>,<1>,,<0>,,
40010341,,1,14,,,,,,,<400103411>,<999>,<1>,,<0>,,
40010351,,1,14,,,,,,,<400103511>,<999>,<1>,,<0>,,
40010361,,1,14,,,,,,,<400103611>,<999>,<1>,,<0>,,
40010371,,1,14,,,,,,,<400103711>,<999>,<1>,,<0>,,
40010381,,1,14,,,,,,,<400103811>,<999>,<1>,,<0>,,
40010391,,1,14,,,,,,,<400103911>,<999>,<1>,,<0>,,
40010401,,1,14,,,,,,,<400104011>,<999>,<1>,,<0>,,
40020011,,1,14,,,,,,,<520271>,<999>,<1>,,<1>,,
40020021,,,,selfForce|nodead,random(1),,,,,<400200211>,<999>,<1>,,<0>,,
40020031,,,,selfForce|nodead,random(1),,,,,<400200311>,<999>,<1>,,<0>,,
40020041,,,,selfForce|nodead,random(1),,,,,<400200411>,<999>,<1>,,<0>,,
40020051,,,,selfForce|nodead,random(1),,,,,<400200511>,<999>,<1>,,<0>,,
40020061,,,,selfForce|nodead,random(1),,,,,<400200611>,<999>,<1>,,<9999>,,
40020071,,1,14,,,,,,,<400200711>,<999>,<1>,,<0>,,
40020081,,,,selfForce|nodead,random(1),,,,,<400200811>,<999>,<1>,,<0>,,
40020511,,1,14,,,,,,,<400205111>,<999>,<1>,,<0>,,
40020521,,1,14,,,,,,,<400205211>,<999>,<1>,,<0>,,
40020531,,1,14,,,,,,,<400205311>,<999>,<1>,,<0>,,
40020541,,1,14,,,,,,,<400205411>,<999>,<0.3>,,<<0;self:hpMax();self:mp1Max();0>>,,
40020611,,1,14,,,,,,,<400205111>,<999>,<1>,,<0>,,
40020621,,1,14,,,,,,,<400205211>,<999>,<1>,,<0>,,
40020631,,1,14,,,,,,,<400205311>,<999>,<1>,,<0>,,
40020641,,1,14,,,,,,,<400205411>,<999>,<0.3>,,<<0;self:hpMax();self:mp1Max();0>>,,
40020711,,1,14,,,,,,,<400205111>,<999>,<1>,,<0>,,
40020721,,1,14,,,,,,,<400205211>,<999>,<1>,,<0>,,
40020731,,1,14,,,,,,,<400205311>,<999>,<1>,,<0>,,
40020741,,1,14,,,,,,,<400205411>,<999>,<0.3>,,<<0;self:hpMax();self:mp1Max();0>>,,
40110011,,1,14,,,,,,,<40110011>,<999>,<self:cardID() == 263 and 0.5 or 0>,,<1>,,
40110021,,1,14,,,,,,,<40110021>,<999>,<self:cardID() == 572 and 0.5 or 0>,,<1>,,
40110031,,,,selfForce|nodead,rowfront|exclude(list(csvSelf:id())),,,,,<40110031;40110032>,<999;999>,<self:cardID() == 593 and 0.5 or 0;self:cardID() == 593 and 0.5 or 0>,,<1;1>,,
40110041,,1,14,,,,,,,<40110041>,<999>,<self:cardID() == 1503 and 0.5 or 0>,,<1>,,
40110051,,1,14,,,,,,,<40110051>,<999>,<self:cardID() == 3021 and 0.5 or 0>,,<1>,,
40110061,,1,14,,,,,,,<40110061>,<999>,<self:cardID() == 3353 and 0.5 or 0>,,<1>,,
40110071,,1,14,,,,,,,<40110071;40110072>,<999;999>,<self:cardID() == 3413 and 0.5 or 0;self:cardID() == 3413 and 0.5 or 0>,,<1;1>,,
40110081,,1,14,,,,,,,<40110081;40110082>,<999;999>,<self:cardID() == 2242 and 0.5 or 0;self:cardID() == 2242 and 0.5 or 0>,,"<<list(0,1,0);0.4;0>;<list(0,0,1);0.2;0>>",,
40110091,,1,14,,,,,,,<40110091>,<999>,<self:cardID() == 1893 and 0.5 or 0>,,<<2;1>>,,
40110101,,1,14,,,,,,,<40110101>,<999>,<self:cardID() == 1903 and 0.5 or 0>,,<1>,,
40110111,,,,selfForce()|nodead,rowfront,,,,,<3151121>,<999>,<self:cardID() == 3152 and 0.5 or 0>,,<1>,,
40110121,,1,14,,,,,,,<40110121>,<999>,<self:cardID() == 3772 and 0.5 or 0>,,<1>,,
40110131,,1,14,,,,,,,<40110131>,<999>,<self:cardID() == 1293 and 0.5 or 0>,,<1>,,
40110141,,1,14,,,,,,,<40110141>,<999>,<self:cardID() == 2473 and 0.5 or 0>,,<1>,,
40110151,,1,14,,,,,,,<40110151>,<999>,<self:cardID() == 3663 and 0.5 or 0>,,<1>,,
40110161,,1,14,,,,,,,<40110161>,<999>,<self:cardID() == 1303 and 0.5 or 0>,,<1>,,
40110171,,1,14,,,,,,,<40110171>,<999>,<self:cardID() == 1313 and 0.5 or 0>,,<1>,,
40110181,,1,14,,,,,,,<40110181>,<999>,<self:cardID() == 3303 and 0.5 or 0>,,<1>,,
40110191,,1,14,,,,,,,<40110191>,<999>,<self:cardID() == 1253 and 0.5 or 0>,,<1>,,
40110201,,1,14,,,,,,,<40110201>,<999>,<self:cardID() == 333 and 0.5 or 0>,,<1>,,
40110211,,1,14,,,,,,,<40110211>,<999>,<self:cardID() == 893 and 0.5 or 0>,,<1>,,
40110221,,1,14,,,,,,,<40110221>,<999>,<self:cardID() == 31 and 0.5 or 0>,,<1>,,
40110231,,1,14,,,,,,,<40110231>,<999>,<self:cardID() == 3 and 0.5 or 0>,,<1>,,
40110241,,1,14,,,,,,,<40110241>,<999>,<self:cardID() == 783 and 0.5 or 0>,,<1>,,
40110251,,1,14,,,,,,,<40110241>,<999>,<self:cardID() == 783 and 0.5 or 0>,,<1>,,
40110261,,1,14,,,,,,,<40110241>,<999>,<self:cardID() == 783 and 0.5 or 0>,,<1>,,
40110271,,1,14,,,,,,,<40110251>,<999>,<self:cardID() == 2013 and 0.5 or 0>,,<1>,,
40110281,,1,14,,,,,,,<40110261>,<999>,<self:cardID() == 3283 and 0.5 or 0>,,<1>,,
40110291,,1,14,,,,,,,<40110271>,<999>,<self:cardID() == 13 and 0.5 or 0>,,<1>,,
40110301,,1,14,,,,,,,<40110281>,<999>,<self:cardID() == 793 and 0.5 or 0>,,<1>,,
40110311,,,11,,,,,,,<40110851>,<3>,<self:cardID() == 23 and 0.5 or 0>,,<0>,,
40110321,,,14,,,,,,,<40110861>,<999>,<self:cardID() == 803 and 0.5 or 0>,,<1>,,
40110331,,,14,,,,,,,<40110871>,<999>,<self:cardID() == 2033 and 0.5 or 0>,,<5000>,,
40110341,,1,14,,,,,,,<40110881>,<999>,<self:cardID() == 3502 and 0.5 or 0>,,<-target:hpMax()*0.05>,,
40110351,,1,14,,,,,,,<40110891>,<999>,<self:cardID() == 1443 and 0.5 or 0>,,<2500>,,
40110361,,1,14,,,,,,,<40110901>,<999>,<self:cardID() == 552 and 0.5 or 0>,,<1000>,,
40110371,,1,14,,,,,,,<40110911;40110912>,<999;999>,<self:cardID() == 1941 and 0.5 or 0;self:cardID() == 1941 and 0.5 or 0>,,<<1;0.008;1>;500>,,
40110381,,1,14,,,,,,,<40110921>,<999>,<self:cardID() == 1951 and 0.5 or 0>,,<1>,,
40110391,,1,14,,,,,,,<40110931>,<999>,<self:cardID() == 761 and 0.5 or 0>,,<3500>,,
40110401,,1,14,,,,,,,<40110941>,<999>,<self:cardID() == 1271 and 0.5 or 0>,,<1>,,
40110411,,1,14,,,,,,,<40110951>,<999>,<self:cardID() == 1971 and 0.5 or 0>,,<3000>,,
40110421,,1,14,,,,,,,<40110961>,<999>,<self:cardID() == 2351 and 0.5 or 0>,,<1>,,
40110431,,1,14,,,,,,,<40110971>,<999>,<self:cardID() == 2361 and 0.5 or 0>,,<<1;self:hpMax()*0.4;self:mp1Max()>;0>,,
40110441,,1,14,,,,,,,<40110981>,<1>,<(self:cardID() == 2441 or 2442) and 0.5 or 0>,,<<1;1;1>>,,
40110451,,1,11,,,,,,,<40110991>,<1>,<self:cardID() == 1981 and 0.5 or 0>,,<20000>,,
40110461,,1,11,,,,,,,<40110461>,<999>,<self:cardID() == 4 and 0.5 or 0>,,<1>,,
40110471,,1,14,,,,,,,<40110471>,<999>,<self:cardID() == 14 and 0.5 or 0>,,<1>,,
40110481,,1,14,,,,,,,<40110481>,<999>,<self:cardID() == 15 and 0.5 or 0>,,<1>,,
40110491,,1,14,,,,,,,<40110491>,<999>,<self:cardID() == 24 and 0.5 or 0>,,<1>,,
40110501,,1,14,,,,,,,<40110501>,<999>,<self:cardID() == 53 and 0.5 or 0>,,<1>,,
40110511,,1,14,,,,,,,<40110511>,<999>,<self:cardID() == 93 and 0.5 or 0>,,<1>,,
40110521,,1,14,,,,,,,<40110521>,<999>,<self:cardID() == 133 and 0.5 or 0>,,<1>,,
40110531,,1,14,,,,,,,<40110531>,<999>,<self:cardID() == 153 and 0.5 or 0>,,<1>,,
40110541,,1,14,,,,,,,<40110541>,<999>,<self:cardID() == 163 and 0.5 or 0>,,<1>,,
40110551,,1,14,,,,,,,<40110551>,<999>,<self:cardID() == 264 and 0.5 or 0>,,<1>,,
40110561,,1,14,,,,,,,<40110561>,<999>,<self:cardID() == 273 and 0.5 or 0>,,<1>,,
40110571,,1,14,,,,,,,<40110571>,<999>,<self:cardID() == 283 and 0.5 or 0>,,<1>,,
40110581,,1,14,,,,,,,<40110581>,<999>,<self:cardID() == 303 and 0.5 or 0>,,<1>,,
40110591,,1,14,,,,,,,<40110591>,<999>,<self:cardID() == 393 and 0.5 or 0>,,<1>,,
40110601,,1,14,,,,,,,<40110601>,<999>,<self:cardID() == 394 and 0.5 or 0>,,<1>,,
40110611,,1,14,,,,,,,<40110611>,<999>,<self:cardID() == 493 and 0.5 or 0>,,<1>,,
40110621,,1,14,,,,,,,<40110621>,<999>,<self:cardID() == 603 and 0.5 or 0>,,<1>,,
40110631,,1,14,,,,,,,<40110631>,<999>,<self:cardID() == 753 and 0.5 or 0>,,<1>,,
40110641,,1,14,,,,,,,<40110641>,<999>,<self:cardID() == 863 and 0.5 or 0>,,<1>,,
40110651,,1,14,,,,,,,<40110651>,<999>,<self:cardID() == 883 and 0.5 or 0>,,<1>,,
40110661,,1,14,,,,,,,<40110661>,<999>,<self:cardID() == 884 and 0.5 or 0>,,<1>,,
40110671,,1,14,,,,,,,<40110671>,<999>,<self:cardID() == 1393 and 0.5 or 0>,,<1>,,
40110681,,1,14,,,,,,,<40110681>,<999>,<self:cardID() == 1394 and 0.5 or 0>,,<1>,,
40110691,,1,14,,,,,,,<40110691>,<999>,<self:cardID() == 1423 and 0.5 or 0>,,<1>,,
40110701,,1,14,,,,,,,<40110701>,<999>,<self:cardID() == 1813 and 0.5 or 0>,,<1>,,
40110711,,1,14,,,,,,,<40110711>,<999>,<self:cardID() == 1863 and 0.5 or 0>,,<1>,,
40110721,,1,14,,,,,,,<40110721>,<999>,<self:cardID() == 2073 and 0.5 or 0>,,<1>,,
40110731,,1,14,,,,,,,<40110731>,<999>,<self:cardID() == 2233 and 0.5 or 0>,,<1>,,
40110741,,1,14,,,,,,,<40110741>,<999>,<self:cardID() == 2303 and 0.5 or 0>,,<1>,,
40110751,,1,14,,,,,,,<40110751>,<999>,<self:cardID() == 2593 and 0.5 or 0>,,<1>,,
40110761,,1,14,,,,,,,<40110761>,<999>,<self:cardID() == 2633 and 0.5 or 0>,,<1>,,
40110771,,1,14,,,,,,,<40110771>,<999>,<self:cardID() == 2683 and 0.5 or 0>,,<1>,,
40110781,,1,14,,,,,,,<40110781>,<999>,<self:cardID() == 2723 and 0.5 or 0>,,<1>,,
40110791,,,,selfForce | nodead,frontRowRandom(3),,,,,<40110791>,<999>,<self:cardID() == 2843 and 0.5 or 0>,,<1>,,
40110801,,1,14,,,,,,,<40110801>,<999>,<self:cardID() == 2873 and 0.5 or 0>,,<1>,,
40110811,,1,14,,,,,,,<40110811>,<999>,<self:cardID() == 2963 and 0.5 or 0>,,<1>,,
40110821,,1,14,,,,,,,<40110821>,<999>,<self:cardID() == 2993 and 0.5 or 0>,,<1>,,
40110831,,1,14,,,,,,,<40110831>,<999>,<self:cardID() == 3003 and 0.5 or 0>,,<1>,,
40110841,,1,14,,,,,,,<40110841>,<999>,<self:cardID() == 3143 and 0.5 or 0>,,<1>,,
40110851,,,11,,,,,,,<40110851>,<3>,<self:cardID() == 3543 and 0.5 or 0>,,<0>,,
40110861,,,14,,,,,,,<40110861>,<999>,<self:cardID() == 3843 and 0.5 or 0>,,<1>,,
40110871,,,14,,,,,,,<40110871>,<999>,<self:cardID() == 3592 and 0.5 or 0>,,<5000>,,
40110881,,1,14,,,,,,,<40110881>,<999>,<self:cardID() == 4132 and 0.5 or 0>,,<-target:hpMax()*0.05>,,
40110891,,1,14,,,,,,,<40110891>,<999>,<self:cardID() == 721 and 0.5 or 0>,,<2500>,,
40110901,,1,14,,,,,,,<40110901>,<999>,<self:cardID() == 731 and 0.5 or 0>,,<1000>,,
40110911,,1,14,,,,,,,<40110911;40110912>,<999;999>,<self:cardID() == 741 and 0.5 or 0;self:cardID() == 741 and 0.5 or 0>,,<<1;0.008;1>;500>,,
40110921,,1,14,,,,,,,<40110921>,<999>,<self:cardID() == 771 and 0.5 or 0>,,<1>,,
40110931,,1,11,,,,,,,<40110931>,<999>,<self:cardID() == 1071 and 0.5 or 0>,,<3500>,,
40110941,,1,11,,,,,,,<40110941>,<999>,<self:cardID() == 1221 and 0.5 or 0>,,<1>,,
40110951,,1,11,,,,,,,<40110951>,<999>,<self:cardID() == 1231 and 0.5 or 0>,,<3000>,,
40110961,,1,14,,,,,,,<40110961>,<999>,<self:cardID() == 1241 and 0.5 or 0>,,<1>,,
40110971,,1,14,,,,,,,<40110971>,<999>,<self:cardID() == 1911 and 0.5 or 0>,,<<1;self:hpMax()*0.4;self:mp1Max()>;0>,,
40110981,,1,11,,,,,,,<40110981>,<1>,<self:cardID() == 1921 and 0.5 or 0>,,<<1;1;1>>,,
40110991,,1,11,,,,,,,<40110991>,<1>,<self:cardID() == 1931 and 0.5 or 0>,,<20000>,,
40111001,,,14,,,,,,,<40111001;40111002>,<999;999>,<self:cardID() == 2401 and 0.5 or 0;self:cardID() == 2401 and 0.5 or 0>,,<-target:defence()*0.4;-target:specialDefence()*0.4>,,
40111011,,,11,,,,,,,<40110851>,<3>,<self:cardID() == 3251 and 0.5 or 0>,,<0>,,
40111021,,,14,,,,,,,<40110861>,<999>,<self:cardID() == 1261 and 0.5 or 0>,,<1>,,
40111031,,,14,,,,,,,<40110871>,<999>,<self:cardID() == 1961 and 0.5 or 0>,,<5000>,,
40111041,,1,14,,,,,,,<40110881>,<999>,<self:cardID() == 2381 and 0.5 or 0>,,<-target:hpMax()*0.05>,,
40111051,,1,14,,,,,,,<40110891>,<999>,<self:cardID() == 2391 and 0.5 or 0>,,<2500>,,
40111061,,1,11,,,,,,,<40110991>,<1>,<self:cardID() == 2431 and 0.5 or 0>,,<20000>,,
40111071,,1,14,,,,,,,<40111001;40111002>,<999;999>,<self:cardID() == 2442 and 0.5 or 0;self:cardID() == 2442 and 0.5 or 0>,,<-target:defence()*0.4;-target:specialDefence()*0.4>,,
40111081,,,11,,,,,,,<40110851>,<3>,<self:cardID() == 3211 and 0.5 or 0>,,<0>,,
40111091,,,14,,,,,,,<40110861>,<999>,<self:cardID() == 3221 and 0.5 or 0>,,<1>,,
40111101,,,14,,,,,,,<40110871>,<999>,<self:cardID() == 3241 and 0.5 or 0>,,<5000>,,
40111111,,1,14,,,,,,,<40110881>,<999>,<self:cardID() == 3631 and 0.5 or 0>,,<-target:hpMax()*0.05>,,
40111121,,1,14,,,,,,,<40110891>,<999>,<self:cardID() == 3641 and 0.5 or 0>,,<2500>,,
40111131,,1,14,,,,,,,<40110901>,<999>,<self:cardID() == 2351 and 0.5 or 0>,,<1000>,,
40111141,,1,14,,,,,,,<40110911;40110912>,<999;999>,<self:cardID() == 2361 and 0.5 or 0;self:cardID() == 2361 and 0.5 or 0>,,<<1;0.008;1>;500>,,
40210011,,1,14,,,,,,,<40110011>,<999>,<self:cardID() == 263 and 1 or 0>,,<1>,,
40210021,,1,14,,,,,,,<40110021>,<999>,<self:cardID() == 572 and 1 or 0>,,<1>,,
40210031,,,,selfForce|nodead,rowfront|exclude(list(csvSelf:id())),,,,,<40110031;40110032>,<999;999>,<self:cardID() == 593 and 1 or 0;self:cardID() == 593 and 1 or 0>,,<1;1>,,
40210041,,1,14,,,,,,,<40110041>,<999>,<self:cardID() == 1503 and 1 or 0>,,<1>,,
40210051,,1,14,,,,,,,<40110051>,<999>,<self:cardID() == 3021 and 1 or 0>,,<1>,,
40210061,,1,14,,,,,,,<40110061>,<999>,<self:cardID() == 3353 and 1 or 0>,,<1>,,
40210071,,1,14,,,,,,,<40110071;40110072>,<999;999>,<self:cardID() == 3413 and 1 or 0;self:cardID() == 3413 and 1 or 0>,,<1;1>,,
40210081,,1,14,,,,,,,<40110081;40110082>,<999;999>,<self:cardID() == 2242 and 1 or 0;self:cardID() == 2242 and 1 or 0>,,"<<list(0,1,0);0.4;0>;<list(0,0,1);0.2;0>>",,
40210091,,1,14,,,,,,,<40110091>,<999>,<self:cardID() == 1893 and 1 or 0>,,<<1;1>>,,
40210101,,1,14,,,,,,,<40110101>,<999>,<self:cardID() == 1903 and 1 or 0>,,<1>,,
40210111,,,,selfForce()|nodead,rowfront,,,,,<3151121>,<999>,<self:cardID() == 3152 and 1 or 0>,,<1>,,
40210121,,1,14,,,,,,,<40110121>,<999>,<self:cardID() == 3772 and 1 or 0>,,<1>,,
40210131,,1,14,,,,,,,<40110131>,<999>,<self:cardID() == 1293 and 1 or 0>,,<1>,,
40210141,,1,14,,,,,,,<40110141>,<999>,<self:cardID() == 2473 and 1 or 0>,,<1>,,
40210151,,1,14,,,,,,,<40110151>,<999>,<self:cardID() == 3663 and 1 or 0>,,<1>,,
40210161,,1,14,,,,,,,<40110161>,<999>,<self:cardID() == 1303 and 1 or 0>,,<1>,,
40210171,,1,14,,,,,,,<40110171>,<999>,<self:cardID() == 1313 and 1 or 0>,,<1>,,
40210181,,1,14,,,,,,,<40110181>,<999>,<self:cardID() == 3303 and 1 or 0>,,<1>,,
40210191,,1,14,,,,,,,<40110191>,<999>,<self:cardID() == 1253 and 1 or 0>,,<1>,,
40210201,,1,14,,,,,,,<40110201>,<999>,<self:cardID() == 333 and 1 or 0>,,<1>,,
40210211,,1,14,,,,,,,<40110211>,<999>,<self:cardID() == 893 and 1 or 0>,,<1>,,
40210221,,1,14,,,,,,,<40110221>,<999>,<self:cardID() == 31 and 1 or 0>,,<1>,,
40210231,,1,14,,,,,,,<40110231>,<999>,<self:cardID() == 3 and 1 or 0>,,<1>,,
40210241,,1,14,,,,,,,<40110241>,<999>,<self:cardID() == 783 and 1 or 0>,,<1>,,
40210251,,1,14,,,,,,,<40110241>,<999>,<self:cardID() == 783 and 1 or 0>,,<1>,,
40210261,,1,14,,,,,,,<40110241>,<999>,<self:cardID() == 783 and 1 or 0>,,<1>,,
40210271,,1,14,,,,,,,<40110251>,<999>,<self:cardID() == 2013 and 1 or 0>,,<1>,,
40210281,,1,14,,,,,,,<40110261>,<999>,<self:cardID() == 3283 and 1 or 0>,,<1>,,
40210291,,1,14,,,,,,,<40110271>,<999>,<self:cardID() == 13 and 1 or 0>,,<1>,,
40210301,,1,14,,,,,,,<40110281>,<999>,<self:cardID() == 793 and 1 or 0>,,<1>,,
40210311,,,11,,,,,,,<40110851>,<3>,<self:cardID() == 23 and 1 or 0>,,<0>,,
40210321,,,14,,,,,,,<40110861>,<999>,<self:cardID() == 803 and 1 or 0>,,<1>,,
40210331,,,14,,,,,,,<40110871>,<999>,<self:cardID() == 2033 and 1 or 0>,,<5000>,,
40210341,,1,14,,,,,,,<40110881>,<999>,<self:cardID() == 3502 and 1 or 0>,,<-target:hpMax()*0.05>,,
40210351,,1,14,,,,,,,<40110891>,<999>,<self:cardID() == 1443 and 1 or 0>,,<2500>,,
40210361,,1,14,,,,,,,<40110901>,<999>,<self:cardID() == 552 and 1 or 0>,,<1000>,,
40210371,,1,14,,,,,,,<40110911;40110912>,<999;999>,<self:cardID() == 1941 and 1 or 0;self:cardID() == 1941 and 1 or 0>,,<<1;0.008;1>;500>,,
40210381,,1,14,,,,,,,<40110921>,<999>,<self:cardID() == 1951 and 1 or 0>,,<1>,,
40210391,,1,11,,,,,,,<40110931>,<999>,<self:cardID() == 761 and 1 or 0>,,<3500>,,
40210401,,1,11,,,,,,,<40110941>,<999>,<self:cardID() == 1271 and 1 or 0>,,<1>,,
40210411,,1,11,,,,,,,<40110951>,<2>,<self:cardID() == 1971 and 1 or 0>,,<3000>,,
40210421,,1,11,,,,,,,<40110961>,<999>,<self:cardID() == 2351 and 1 or 0>,,<1>,,
40210431,,1,14,,,,,,,<40110971>,<999>,<self:cardID() == 2361 and 1 or 0>,,<<1;self:hpMax()*0.4;self:mp1Max()>;0>,,
40210441,,1,11,,,,,,,<40110981>,<1>,<(self:cardID() == 2441 or self:cardID() == 2441) and 1 or 0>,,<<1;1;1>>,,
40210451,,1,11,,,,,,,<40110991>,<1>,<self:cardID() == 1981 and 1 or 0>,,<20000>,,
40210461,,1,11,,,,,,,<40110461>,<999>,<self:cardID() == 4 and 1 or 0>,,<1>,,
40210471,,1,14,,,,,,,<40110471>,<999>,<self:cardID() == 14 and 1 or 0>,,<1>,,
40210481,,1,14,,,,,,,<40110481>,<999>,<self:cardID() == 15 and 1 or 0>,,<1>,,
40210491,,1,14,,,,,,,<40110491>,<999>,<self:cardID() == 24 and 1 or 0>,,<1>,,
40210501,,1,14,,,,,,,<40110501>,<999>,<self:cardID() == 53 and 1 or 0>,,<1>,,
40210511,,1,14,,,,,,,<40110511>,<999>,<self:cardID() == 93 and 1 or 0>,,<1>,,
40210521,,1,14,,,,,,,<40110521>,<999>,<self:cardID() == 133 and 1 or 0>,,<1>,,
40210531,,1,14,,,,,,,<40110531>,<999>,<self:cardID() == 153 and 1 or 0>,,<1>,,
40210541,,1,14,,,,,,,<40110541>,<999>,<self:cardID() == 163 and 1 or 0>,,<1>,,
40210551,,1,14,,,,,,,<40110551>,<999>,<self:cardID() == 264 and 1 or 0>,,<1>,,
40210561,,1,14,,,,,,,<40110561>,<999>,<self:cardID() == 273 and 1 or 0>,,<1>,,
40210571,,1,14,,,,,,,<40110571>,<999>,<self:cardID() == 283 and 1 or 0>,,<1>,,
40210581,,1,14,,,,,,,<40110581>,<999>,<self:cardID() == 303 and 1 or 0>,,<1>,,
40210591,,1,14,,,,,,,<40110591>,<999>,<self:cardID() == 393 and 1 or 0>,,<1>,,
40210601,,1,14,,,,,,,<40110601>,<999>,<self:cardID() == 394 and 1 or 0>,,<1>,,
40210611,,1,14,,,,,,,<40110611>,<999>,<self:cardID() == 493 and 1 or 0>,,<1>,,
40210621,,1,14,,,,,,,<40110621>,<999>,<self:cardID() == 603 and 1 or 0>,,<1>,,
40210631,,1,14,,,,,,,<40110631>,<999>,<self:cardID() == 753 and 1 or 0>,,<1>,,
40210641,,1,14,,,,,,,<40110641>,<999>,<self:cardID() == 863 and 1 or 0>,,<1>,,
40210651,,1,14,,,,,,,<40110651>,<999>,<self:cardID() == 883 and 1 or 0>,,<1>,,
40210661,,1,14,,,,,,,<40110661>,<999>,<self:cardID() == 884 and 1 or 0>,,<1>,,
40210671,,1,14,,,,,,,<40110671>,<999>,<self:cardID() == 1393 and 1 or 0>,,<1>,,
40210681,,1,14,,,,,,,<40110681>,<999>,<self:cardID() == 1394 and 1 or 0>,,<1>,,
40210691,,1,14,,,,,,,<40110691>,<999>,<self:cardID() == 1423 and 1 or 0>,,<1>,,
40210701,,1,14,,,,,,,<40110701>,<999>,<self:cardID() == 1813 and 1 or 0>,,<1>,,
40210711,,1,14,,,,,,,<40110711>,<999>,<self:cardID() == 1863 and 1 or 0>,,<1>,,
40210721,,1,14,,,,,,,<40110721>,<999>,<self:cardID() == 2073 and 1 or 0>,,<1>,,
40210731,,1,14,,,,,,,<40110731>,<999>,<self:cardID() == 2233 and 1 or 0>,,<1>,,
40210741,,1,14,,,,,,,<40110741>,<999>,<self:cardID() == 2303 and 1 or 0>,,<1>,,
40210751,,1,14,,,,,,,<40110751>,<999>,<self:cardID() == 2593 and 1 or 0>,,<1>,,
40210761,,1,14,,,,,,,<40110761>,<999>,<self:cardID() == 2633 and 1 or 0>,,<1>,,
40210771,,1,14,,,,,,,<40110771>,<999>,<self:cardID() == 2683 and 1 or 0>,,<1>,,
40210781,,1,14,,,,,,,<40110781>,<999>,<self:cardID() == 2723 and 1 or 0>,,<1>,,
40210791,,,,selfForce | nodead,frontRowRandom(3),,,,,<40110791>,<999>,<self:cardID() == 2843 and 1 or 0>,,<1>,,
40210801,,1,14,,,,,,,<40110801>,<999>,<self:cardID() == 2873 and 1 or 0>,,<1>,,
40210811,,1,14,,,,,,,<40110811>,<999>,<self:cardID() == 2963 and 1 or 0>,,<1>,,
40210821,,1,14,,,,,,,<40110821>,<999>,<self:cardID() == 2993 and 1 or 0>,,<1>,,
40210831,,1,14,,,,,,,<40110831>,<999>,<self:cardID() == 3003 and 1 or 0>,,<1>,,
40210841,,1,14,,,,,,,<40110841>,<999>,<self:cardID() == 3143 and 1 or 0>,,<1>,,
40210851,,,11,,,,,,,<40110851>,<3>,<self:cardID() == 3543 and 1 or 0>,,<0>,,
40210861,,,14,,,,,,,<40110861>,<999>,<self:cardID() == 3843 and 1 or 0>,,<1>,,
40210871,,,14,,,,,,,<40110871>,<999>,<self:cardID() == 3592 and 1 or 0>,,<5000>,,
40210881,,1,14,,,,,,,<40110881>,<999>,<self:cardID() == 4132 and 1 or 0>,,<-target:hpMax()*0.05>,,
40210891,,1,14,,,,,,,<40110891>,<999>,<self:cardID() == 721 and 1 or 0>,,<2500>,,
40210901,,1,14,,,,,,,<40110901>,<999>,<self:cardID() == 731 and 1 or 0>,,<1000>,,
40210911,,1,14,,,,,,,<40110911;40110912>,<999;999>,<self:cardID() == 741 and 1 or 0;self:cardID() == 741 and 1 or 0>,,<<1;0.008;1>;500>,,
40210921,,1,14,,,,,,,<40110921>,<999>,<self:cardID() == 771 and 1 or 0>,,<1>,,
40210931,,1,11,,,,,,,<40110931>,<999>,<self:cardID() == 1071 and 1 or 0>,,<3500>,,
40210941,,1,11,,,,,,,<40110941>,<999>,<self:cardID() == 1221 and 1 or 0>,,<1>,,
40210951,,1,11,,,,,,,<40110951>,<999>,<self:cardID() == 1231 and 1 or 0>,,<3000>,,
40210961,,1,14,,,,,,,<40110961>,<999>,<self:cardID() == 1241 and 1 or 0>,,<1>,,
40210971,,1,14,,,,,,,<40110971>,<999>,<self:cardID() == 1911 and 1 or 0>,,<<1;self:hpMax()*0.4;self:mp1Max()>;0>,,
40210981,,1,11,,,,,,,<40110981>,<1>,<self:cardID() == 1921 and 1 or 0>,,<<1;1;1>>,,
40210991,,1,11,,,,,,,<40110991>,<1>,<self:cardID() == 1931 and 1 or 0>,,<20000>,,
40211001,,,14,,,,,,,<40111001;40111002>,<999;999>,<self:cardID() == 2401 and 1 or 0;self:cardID() == 2401 and 1 or 0>,,<-target:defence()*0.4;-target:specialDefence()*0.4>,,
40211011,,,11,,,,,,,<40110851>,<3>,<self:cardID() == 3251 and 1 or 0>,,<0>,,
40211021,,,14,,,,,,,<40110861>,<999>,<self:cardID() == 1261 and 1 or 0>,,<1>,,
40211031,,,14,,,,,,,<40110871>,<999>,<self:cardID() == 1961 and 1 or 0>,,<5000>,,
40211041,,1,14,,,,,,,<40110881>,<999>,<self:cardID() == 2381 and 1 or 0>,,<-target:hpMax()*0.05>,,
40211051,,1,14,,,,,,,<40110891>,<999>,<self:cardID() == 2391 and 1 or 0>,,<2500>,,
40211061,,1,11,,,,,,,<40110991>,<1>,<self:cardID() == 2431 and 1 or 0>,,<20000>,,
40211071,,,14,,,,,,,<40111001;40111002>,<999;999>,<self:cardID() == 2442 and 1 or 0;self:cardID() == 2442 and 1 or 0>,,<-target:defence()*0.4;-target:specialDefence()*0.4>,,
40211081,,,11,,,,,,,<40110851>,<3>,<self:cardID() == 3211 and 1 or 0>,,<0>,,
40211091,,,14,,,,,,,<40110861>,<999>,<self:cardID() == 3221 and 1 or 0>,,<1>,,
40211101,,,14,,,,,,,<40110871>,<999>,<self:cardID() == 3241 and 1 or 0>,,<5000>,,
40211111,,1,14,,,,,,,<40110881>,<999>,<self:cardID() == 3631 and 1 or 0>,,<-target:hpMax()*0.05>,,
40211121,,1,14,,,,,,,<40110891>,<999>,<self:cardID() == 3641 and 1 or 0>,,<2500>,,
40211131,,1,14,,,,,,,<40110901>,<999>,<self:cardID() == 2351 and 1 or 0>,,<1000>,,
40211141,,1,14,,,,,,,<40110911;40110912>,<999;999>,<self:cardID() == 2361 and 1 or 0;self:cardID() == 2361 and 1 or 0>,,<<1;0.008;1>;500>,,
41000011,,1,14,,,,,,,<41000011>,<999>,<self:cardID() == 263 and 1 or 0>,,<1>,,
41000021,,1,14,,,,,,,<41000021>,<999>,<self:cardID() == 572 and 1 or 0>,,<1>,,
41000031,,,,selfForce|nodead,rowfront|exclude(list(csvSelf:id())),,,,,<41000031;41000032>,<999;999>,<self:cardID() == 593 and 1 or 0;self:cardID() == 593 and 1 or 0>,,<1;1>,,
41000041,,1,14,,,,,,,<41000041>,<999>,<self:cardID() == 1503 and 1 or 0>,,<1>,,
41000051,,1,14,,,,,,,<41000051>,<999>,<self:cardID() == 3021 and 1 or 0>,,<1>,,
41000061,,1,14,,,,,,,<41000061>,<999>,<self:cardID() == 3353 and 1 or 0>,,<1>,,
41000071,,1,11,,,,,,,<41000071;41000072>,<999;999>,<to10(self:hasBuff(3411100));to10(self:hasBuff(3411200))>,,<3000;3000>,,
41000081,,1,14,,,,,,,<40110081;40110082>,<999;999>,<self:cardID() == 2242 and 1 or 0;0>,,"<<list(0,1,0);0.4;0>;<list(0,0,1);0.3;0>>",,
41000091,,1,14,,,,,,,<41000091>,<999>,<self:cardID() == 1893 and 1 or 0>,,<1>,,
41000101,,1,14,,,,,,,<41000101>,<999>,<self:cardID() == 1903 and 1 or 0>,,<1>,,
41000111,,,,selfForce()|nodead,rowfront,,,,,<3151121>,<999>,<self:cardID() == 3152 and 1 or 0>,,<1>,,
41000121,,1,14,,,,,,,<41000121>,<999>,<self:cardID() == 3772 and 1 or 0>,,<1>,,
41000131,,1,14,,,,,,,<41000131>,<999>,<self:cardID() == 1293 and 1 or 0>,,<1>,,
41000141,,1,14,,,,,,,<41000141>,<999>,<self:cardID() == 2473 and 1 or 0>,,<1>,,
41000151,,1,14,,,,,,,<41000151>,<999>,<self:cardID() == 3663 and 1 or 0>,,<1>,,
41000161,,1,14,,,,,,,<41000161>,<999>,<self:cardID() == 1303 and 1 or 0>,,<1>,,
41000171,,1,14,,,,,,,<41000171>,<999>,<self:cardID() == 1313 and 1 or 0>,,<1>,,
41000181,,1,14,,,,,,,<41000181>,<999>,<self:cardID() == 3303 and 1 or 0>,,<1>,,
41000191,,1,14,,,,,,,<41000191>,<999>,<self:cardID() == 1253 and 1 or 0>,,<1>,,
41000201,,1,14,,,,,,,<41000201>,<999>,<self:cardID() == 333 and 1 or 0>,,<1>,,
41000211,,1,14,,,,,,,<41000211>,<999>,<self:cardID() == 2333 and 1 or 0>,,<1>,,
41000221,,1,14,,,,,,,<41000221>,<999>,<self:cardID() == 1941 and 1 or 0>,,<1>,,
41000231,,1,14,,,,,,,<41000231>,<999>,<self:cardID() == 1951 and 1 or 0>,,<1>,,
41000241,,1,14,,,,,,,<41000241>,<999>,<self:cardID() == 761 and 1 or 0>,,<<1>>,,
41000251,,1,14,,,,,,,<41000251>,<999>,<self:cardID() == 1271 and 1 or 0>,,<1>,,
41000261,,1,14,,,,,,,<41000261>,<999>,<self:cardID() == 1971 and 1 or 0>,,<1>,,
41000271,,1,14,,,,,,,<41000271>,<999>,<self:cardID() == 2351 and 1 or 0>,,<1>,,
41000281,,1,14,,,,,,,<41000281>,<999>,<self:cardID() == 2361 and 1 or 0>,,<1>,,
41000291,,1,11,,,,,,,<41000291>,<1>,<(self:cardID() == 2441 or self:cardID() == 2441) and 1 or 0>,,<<1;1;1>>,,
41000301,,1,11,,,,,,,<41000301>,<999>,<self:cardID() == 1981 and 1 or 0>,,<3000>,,
42000011,,1,14,,,,,,,<42000011>,<999>,<self:cardID() == 263 and 1 or 0>,,<1>,,
42000021,,1,14,,,,,,,<42000021>,<999>,<self:cardID() == 572 and 1 or 0>,,<1>,,
42000031,,,,selfForce|nodead,rowfront|exclude(list(csvSelf:id())),,,,,<42000031>,<999;999>,<self:cardID() == 593 and 1 or 0;self:cardID() == 593 and 1 or 0>,,<1;1>,,
42000032,,1,14,,,,,,,<42000033>,<999>,<self:cardID() == 593 and 1 or 0;self:cardID() == 593 and 1 or 0>,,<1>,,
42000041,,1,14,,,,,,,<42000041>,<999>,<self:cardID() == 1503 and 1 or 0>,,<1>,,
42000051,,1,14,,,,,,,<42000051>,<999>,<self:cardID() == 3021 and 1 or 0>,,<1>,,
42000061,,1,14,,,,,,,<42000061;42000063>,<999;999>,<self:cardID() == 3353 and 1 or 0;self:cardID() == 3353 and 1 or 0>,,<1;1>,,
42000071,,1,11,,,,,,,<42000071;42000071>,<999;999>,<to10(self:hasBuff(3411100));to10(self:hasBuff(3411200))>,,<3000;3000>,,
42000081,,1,14,,,,,,,<42000081>,<999;999>,<self:cardID() == 2242 and 1 or 0;self:cardID() == 2242 and 1 or 0>,,"<<list(0,1,0);0.4;0>;<list(0,0,1);0.3>>",,
42000091,,1,14,,,,,,,<42000091>,<999>,<self:cardID() == 1893 and 1 or 0>,,<1>,,
42000101,,1,14,,,,,,,<42000101>,<999>,<self:cardID() == 1903 and 1 or 0>,,<1>,,
42000111,,,,selfForce()|nodead,rowfront,,,,,<42000111>,<999>,<self:cardID() == 3152 and 1 or 0>,,<1>,,
42000121,,1,14,,,,,,,<42000121>,<999>,<self:cardID() == 3772 and 1 or 0>,,<1>,,
42000131,,1,14,,,,,,,<42000131>,<999>,<self:cardID() == 1293 and 1 or 0>,,<1>,,
42000141,,1,14,,,,,,,<42000141>,<999>,<self:cardID() == 2473 and 1 or 0>,,<1>,,
42000151,,1,14,,,,,,,<42000151>,<999>,<self:cardID() == 3663 and 1 or 0>,,<1>,,
42000161,,1,14,,,,,,,<42000161>,<999>,<self:cardID() == 1303 and 1 or 0>,,<1>,,
42000171,,1,14,,,,,,,<42000171>,<999>,<self:cardID() == 1313 and 1 or 0>,,<1>,,
42000181,,1,14,,,,,,,<42000181>,<999>,<self:cardID() == 3303 and 1 or 0>,,<1>,,
42000191,,1,14,,,,,,,<42000191>,<999>,<self:cardID() == 1253 and 1 or 0>,,<1>,,
42000201,,1,14,,,,,,,<42000201>,<999>,<self:cardID() == 333 and 1 or 0>,,<1>,,
42000211,,1,14,,,,,,,<42000211>,<999>,<self:cardID() == 2333 and 1 or 0>,,<1>,,
42000221,,1,14,,,,,,,<42000221>,<999>,<self:cardID() == 1941 and 1 or 0>,,<1>,,
42000231,,1,14,,,,,,,<42000231>,<999>,<self:cardID() == 1951 and 1 or 0>,,<1>,,
42000241,,1,14,,,,,,,<42000241;42000242>,<999;999>,<self:cardID() == 761 and 1 or 0;self:cardID() == 761 and 1 or 0>,,<<1>;target:speed()*0.5>,,
42000251,,1,14,,,,,,,<42000251>,<999>,<self:cardID() == 1271 and 1 or 0>,,<1>,,
42000261,,1,14,,,,,,,<42000261>,<999>,<self:cardID() == 1971 and 1 or 0>,,<1>,,
42000271,,1,14,,,,,,,<42000271>,<999>,<self:cardID() == 2351 and 1 or 0>,,<1>,,
42000281,,1,14,,,,,,,<42000281>,<999>,<self:cardID() == 2361 and 1 or 0>,,<1>,,
42000291,,1,11,,,,,,,<42000291;42000292>,<1;1>,<(self:cardID() == 2441 or self:cardID() == 2442) and 1 or 0;(self:cardID() == 2441 or self:cardID() == 2442) and 1 or 0>,,<<1;1;1>;2000>,,
42000301,,1,14,,,,,,,<42000301;42000302>,<999;999>,<self:cardID() == 1981 and 1 or 0;self:cardID() == 1981 and 1 or 0>,,<3000;3000>,,
43000011,,1,14,,,,,,,<41000211>,<999>,<self:cardID() == 2033 and 1 or 0>,,<1>,,
43000021,,1,14,,,,,,,<41000131>,<999>,<self:cardID() == 1293 and 1 or 0>,,<1>,,
43000031,,,,selfForce|nodead,rowfront|exclude(list(csvSelf:id())),,,,,<41000141>,<999>,<self:cardID() == 2473 and 1 or 0>,,<1>,,
43000041,,1,14,,,,,,,<41000151>,<999>,<self:cardID() == 3663 and 1 or 0>,,<1>,,
43000051,,1,14,,,,,,,<41000161>,<999>,<self:cardID() == 1303 and 1 or 0>,,<1>,,
43000061,,1,14,,,,,,,<41000171>,<999>,<self:cardID() == 1313 and 1 or 0>,,<1>,,
43000071,,1,11,,,,,,,<41000181>,<999>,<self:cardID() == 3303 and 1 or 0>,,<1>,,
43000081,,1,14,,,,,,,<41000401>,<999>,<self:cardID() == 50721 and 1 or 0>,,<<5;2;30>>,,
43000091,,1,14,,,,,,,<41000401>,<999>,<self:cardID() == 50731 and 1 or 0>,,<<5;2;30>>,,
43000101,,1,14,,,,,,,<41000401>,<999>,<self:cardID() == 50741 and 1 or 0>,,<<5;2;30>>,,
43000111,,,,selfForce()|nodead,rowfront,,,,,<41000401>,<999>,<self:cardID() == 51221 and 1 or 0>,,<<5;2;30>>,,
43000121,,1,14,,,,,,,<41000401>,<999>,<self:cardID() == 51231 and 1 or 0>,,<<5;2;30>>,,
43000131,,1,14,,,,,,,<41000401>,<999>,<self:cardID() == 51241 and 1 or 0>,,<<5;2;30>>,,
43000141,,1,14,,,,,,,<41000401>,<999>,<self:cardID() == 51911 and 1 or 0>,,<<5;2;30>>,,
43000151,,1,14,,,,,,,<41000401>,<999>,<self:cardID() == 51921 and 1 or 0>,,<<5;2;30>>,,
43000161,,1,14,,,,,,,<41000401>,<999>,<self:cardID() == 51931 and 1 or 0>,,<<5;2;30>>,,
43000171,,1,14,,,,,,,<41000221>,<999>,<self:cardID() == 1941 and 1 or 0>,,<1>,,
43000181,,1,14,,,,,,,<41000231>,<999>,<self:cardID() == 1951 and 1 or 0>,,<1>,,
43000191,,1,14,,,,,,,<41000401>,<999>,<self:cardID() == 52381 and 1 or 0>,,<<5;2;30>>,,
43000201,,1,14,,,,,,,<41000401>,<999>,<self:cardID() == 52401 and 1 or 0>,,<<5;2;30>>,,
43000211,,1,14,,,,,,,<41000401>,<999>,<self:cardID() == 53161 and 1 or 0>,,<<5;2;30>>,,
43000221,,1,14,,,,,,,<41000401>,<999>,<self:cardID() == 53171 and 1 or 0>,,<<5;2;30>>,,
43000231,,1,14,,,,,,,<41000401>,<999>,<self:cardID() == 53181 and 1 or 0>,,<<5;2;30>>,,
43000241,,1,14,,,,,,,<41000401>,<999>,<self:cardID() == 50242 and 1 or 0>,,<<5;2;30>>,,
43000251,,1,14,,,,,,,<41000401>,<999>,<self:cardID() == 50771 and 1 or 0>,,<<5;2;30>>,,
43000261,,1,14,,,,,,,<41000401>,<999>,<self:cardID() == 53251 and 1 or 0>,,<<5;2;30>>,,
43000271,,1,14,,,,,,,<41000401>,<999>,<self:cardID() == 51991 and 1 or 0>,,<<5;2;30>>,,
43000281,,1,11,,,,,,,<41000291>,<1>,<(self:cardID() == 2441 or self:cardID() == 2442) and 1 or 0>,,<<1;1;1>>,,
43000291,,1,11,,,,,,,<41000401>,<999>,<self:cardID() == 53261 and 1 or 0>,,<<5;2;30>>,,
43000301,,1,11,,,,,,,<41000401>,<999>,<self:cardID() == 53631 and 1 or 0>,,<<5;2;30>>,,
43000311,,1,14,,,,,,,<41000401>,<999>,<self:cardID() == 53641 and 1 or 0>,,<<5;2;30>>,,
43000321,,1,14,,,,,,,<41000401>,<999>,<self:cardID() == 54172 and 1 or 0>,,<<5;2;30>>,,
43000331,,1,14,,,,,,,<41000401>,<999>,<self:cardID() == 52431 and 1 or 0>,,<<5;2;30>>,,
43000341,,1,14,,,,,,,<41000251>,<999>,<self:cardID() == 1271 and 1 or 0>,,<1>,,
43000351,,1,11,,,,,,,<41000401>,<999>,<self:cardID() == 51261 and 1 or 0>,,<<5;2;30>>,,
43010011,,1,14,,,,,,,<42000211>,<999>,<self:cardID() == 2033 and 1 or 0>,,<1>,,
43010021,,1,14,,,,,,,<42000131>,<999>,<self:cardID() == 1293 and 1 or 0>,,<1>,,
43010031,,,,selfForce|nodead,rowfront|exclude(list(csvSelf:id())),,,,,<42000141>,<999>,<self:cardID() == 2473 and 1 or 0>,,<1>,,
43010041,,1,14,,,,,,,<42000151>,<999>,<self:cardID() == 3663 and 1 or 0>,,<1>,,
43010051,,1,14,,,,,,,<42000161>,<999>,<self:cardID() == 1303 and 1 or 0>,,<1>,,
43010061,,1,14,,,,,,,<42000171>,<999>,<self:cardID() == 1313 and 1 or 0>,,<1>,,
43010071,,1,11,,,,,,,<42000181>,<999>,<self:cardID() == 3303 and 1 or 0>,,<1>,,
43010081,,1,14,,,,,,,<42000310>,<999>,<self:cardID() == 50721 and 1 or 0>,,<0>,,
43010091,,1,14,,,,,,,<42000310>,<999>,<self:cardID() == 50731 and 1 or 0>,,<0>,,
43010101,,1,14,,,,,,,<42000310>,<999>,<self:cardID() == 50741 and 1 or 0>,,<0>,,
43010111,,,,selfForce()|nodead,rowfront,,,,,<42000310>,<999>,<self:cardID() == 51221 and 1 or 0>,,<0>,,
43010121,,1,14,,,,,,,<42000310>,<999>,<self:cardID() == 51231 and 1 or 0>,,<0>,,
43010131,,1,14,,,,,,,<42000310>,<999>,<self:cardID() == 51241 and 1 or 0>,,<0>,,
43010141,,1,14,,,,,,,<42000310>,<999>,<self:cardID() == 51911 and 1 or 0>,,<0>,,
43010151,,1,14,,,,,,,<42000310>,<999>,<self:cardID() == 51921 and 1 or 0>,,<0>,,
43010161,,1,14,,,,,,,<42000310>,<999>,<self:cardID() == 51931 and 1 or 0>,,<0>,,
43010171,,1,14,,,,,,,<42000221>,<999>,<self:cardID() == 1941 and 1 or 0>,,<1>,,
43010181,,1,14,,,,,,,<42000231>,<999>,<self:cardID() == 1951 and 1 or 0>,,<1>,,
43010191,,1,14,,,,,,,<42000310>,<999>,<self:cardID() == 52381 and 1 or 0>,,<0>,,
43010201,,1,14,,,,,,,<42000310>,<999>,<self:cardID() == 52401 and 1 or 0>,,<0>,,
43010211,,1,14,,,,,,,<42000310>,<999>,<self:cardID() == 53161 and 1 or 0>,,<0>,,
43010221,,1,14,,,,,,,<42000310>,<999>,<self:cardID() == 53171 and 1 or 0>,,<0>,,
43010231,,1,14,,,,,,,<42000310>,<999>,<self:cardID() == 53181 and 1 or 0>,,<0>,,
43010241,,1,14,,,,,,,<42000310>,<999>,<self:cardID() == 50242 and 1 or 0>,,<0>,,
43010251,,1,14,,,,,,,<42000310>,<999>,<self:cardID() == 50771 and 1 or 0>,,<0>,,
43010261,,1,14,,,,,,,<42000310>,<999>,<self:cardID() == 53251 and 1 or 0>,,<0>,,
43010271,,1,14,,,,,,,<42000310>,<999>,<self:cardID() == 51991 and 1 or 0>,,<0>,,
43010281,,1,11,,,,,,,<42000291;42000292>,<1;1>,<(self:cardID() == 2441 or self:cardID() == 2441) and 1 or 0;(self:cardID() == 2441 or self:cardID() == 2441) and 1 or 0>,,<<1;1;1>;2000>,,
43010291,,1,11,,,,,,,<42000310>,<999>,<self:cardID() == 53261 and 1 or 0>,,<0>,,
43010301,,1,11,,,,,,,<42000310>,<999>,<self:cardID() == 53631 and 1 or 0>,,<0>,,
43010311,,1,14,,,,,,,<42000310>,<999>,<self:cardID() == 53641 and 1 or 0>,,<0>,,
43010321,,1,14,,,,,,,<42000310>,<999>,<self:cardID() == 54172 and 1 or 0>,,<0>,,
43010331,,1,14,,,,,,,<42000310>,<999>,<self:cardID() == 52431 and 1 or 0>,,<0>,,
43010341,,1,14,,,,,,,<41000251>,<999>,<self:cardID() == 1271 and 1 or 0>,,<1>,,
43010351,,1,11,,,,,,,<42000310>,<999>,<self:cardID() == 51261 and 1 or 0>,,<0>,,
44000000,,1,14,,,,,,,,,,,,,
44000011,,1,14,,,,,,,<41000211>,<999>,<self:cardID() == 2033 and 1 or 0>,,<1>,,
44000021,,1,14,,,,,,,<41000131>,<999>,<self:cardID() == 1293 and 1 or 0>,,<1>,,
44000031,,,,selfForce|nodead,rowfront|exclude(list(csvSelf:id())),,,,,<41000141>,<999>,<self:cardID() == 2473 and 1 or 0>,,<1>,,
44000041,,1,14,,,,,,,<41000151>,<999>,<self:cardID() == 3663 and 1 or 0>,,<1>,,
44000051,,1,14,,,,,,,<41000161>,<999>,<self:cardID() == 1303 and 1 or 0>,,<1>,,
44000061,,1,14,,,,,,,<41000171>,<999>,<self:cardID() == 1313 and 1 or 0>,,<1>,,
44000071,,1,11,,,,,,,<41000181>,<999>,<self:cardID() == 3303 and 1 or 0>,,<1>,,
44000081,,1,14,,,,,,,<40110631>,<2>,<self:cardID() == 753 and 1 or 0>,,<1>,,
44000091,,1,11,,,,,,,<40110661>,<2>,<self:cardID() == 884 and 1 or 0>,,<1>,,
44000101,,1,14,,,,,,,<40110091>,<2>,<self:cardID() == 1893 and 1 or 0>,,<<1;1>>,,
44000111,,1,14,,,,,,,<40110731>,<2>,<self:cardID() == 2233 and 1 or 0>,,<1>,,
44000131,,,11,,,,,,,<40110851>,<1>,<self:cardID() == 3543 and 1 or 0>,,<0>,,
44000171,,1,14,,,,,,,<42000221>,<999>,<self:cardID() == 1941 and 1 or 0>,,<1>,,
44000181,,1,14,,,,,,,<42000231>,<999>,<self:cardID() == 1951 and 1 or 0>,,<1>,,
44000321,,1,14,,,,,,,<40110941>,<999>,<self:cardID() == 3241 and 1 or 0>,,<1>,,
44000331,,1,11,,,,,,,<40110991>,<1>,<self:cardID() == 1981 and 1 or 0>,,<20000>,,
44010011,,1,14,,,,,,,<42000211>,<999>,<self:cardID() == 2033 and 1 or 0>,,<1>,,
44010021,,1,14,,,,,,,<42000131>,<999>,<self:cardID() == 1293 and 1 or 0>,,<1>,,
44010031,,,,selfForce|nodead,rowfront|exclude(list(csvSelf:id())),,,,,<42000141>,<999>,<self:cardID() == 2473 and 1 or 0>,,<1>,,
44010041,,1,14,,,,,,,<42000151>,<999>,<self:cardID() == 3663 and 1 or 0>,,<1>,,
44010051,,1,14,,,,,,,<42000161>,<999>,<self:cardID() == 1303 and 1 or 0>,,<1>,,
44010061,,1,14,,,,,,,<42000171>,<999>,<self:cardID() == 1313 and 1 or 0>,,<1>,,
44010071,,1,11,,,,,,,<42000181>,<999>,<self:cardID() == 3303 and 1 or 0>,,<1>,,
44010081,,1,14,,,,,,,<40110631>,<999>,<self:cardID() == 753 and 1 or 0>,,<1>,,
44010091,,1,11,,,,,,,<40110661>,<999>,<self:cardID() == 884 and 1 or 0>,,<1>,,
44010101,,1,14,,,,,,,<40110091>,<999>,<self:cardID() == 1893 and 1 or 0>,,<<1;1>>,,
44010111,,1,14,,,,,,,<40110731>,<999>,<self:cardID() == 2233 and 1 or 0>,,<1>,,
44010131,,,11,,,,,,,<40110851>,<2>,<self:cardID() == 3543 and 1 or 0>,,<0>,,
44010171,,1,14,,,,,,,<42000221>,<999>,<self:cardID() == 1941 and 1 or 0>,,<1>,,
44010181,,1,14,,,,,,,<42000231>,<999>,<self:cardID() == 1951 and 1 or 0>,,<1>,,
44010321,,1,14,,,,,,,<40110943>,<999>,<self:cardID() == 3241 and 1 or 0>,,<1>,,
44010331,,1,11,,,,,,,<40110991>,<2>,<self:cardID() == 1981 and 1 or 0>,,<20000>,,
50017011,,1,11,,,,,,,<50017011;50017012>,<999;999>,<1;1>,,"<random(0.5,2)*0.1;random(0.5,2)*1000>",,
50017021,,1,14,,,,,,,<50017021>,<999>,<1>,,<2>,,
50027011,,1,11,,,,,,,<50017011;50017012>,<999;999>,<1;1>,,"<random(0.5,2)*0.1;random(0.5,2)*1000>",,
50027021,,1,14,,,,,,,<50017021>,<999>,<1>,,<2>,,
50031011,,,,object(11),,,,,,<500310116;500310118>,<999;999>,<1;1>,,<0;5000>,,
50031012,,,,object(7),,,,,,<500310112>,<999>,<100>,,<target:hpMax()*0.1>,,
50031013,,,,selfForce | nodead,otherProcessExcept(50031011)|otherProcessExcept(50031012)|,,,,,<500310115>,<999>,<100>,,<target:hpMax()*0.1>,,
50031014,,,11,,,,,,,<500310111;500310110>,<999;999>,<1;1>,,<<1;1;11>;3>,,
50031015,,1,11,,,,,,,<500310110>,<999>,<1>,,<3>,,
50037011,,1,11,,,,,,,<50017011;50017012>,<999;999>,<1;1>,,"<random(0.7,1.5)*0.1;random(0.7,1.5)*1000>",,
50037021,,1,14,,,,,,,<50017021>,<999>,<1>,,<3>,,
50037031,,1,14,,,,,,,<50037031>,<999>,<1>,,<3>,,
50047011,,1,11,,,,,,,<50017011;50017012>,<999;999>,<1;1>,,"<random(0.7,1.5)*0.1;random(0.7,1.5)*1000>",,
50047021,,1,14,,,,,,,<50017021>,<999>,<1>,,<3>,,
50047031,,1,14,,,,,,,<50047031>,<1>,<1>,,<3>,,
50057011,,1,11,,,,,,,<50017011;50017012>,<999;999>,<1;1>,,"<random(1,2.5)*0.1;random(1,2.5)*1000>",,
50057021,,1,14,,,,,,,<50017021>,<999>,<1>,,<3>,,
50057031,,1,11,,,,,,,<50057031>,<999>,<1>,,<4>,,
50057041,,1,11,,,,,,,<50057041>,<999>,<0.75>,,<<1;1;0>>,,
50067011,,1,11,,,,,,,<50017011;50017012>,<999;999>,<1;1>,,"<random(1,2.5)*0.1;random(1,2.5)*1000>",,
50067021,,1,14,,,,,,,<50017021>,<999>,<1>,,<4>,,
50067031,,1,11,,,,,,,<50067031>,<999>,<1>,,<-800>,,
50077011,,1,11,,,,,,,<50017011;50017012>,<999;999>,<1;1>,,"<random(1,3)*0.1;random(1,3)*1000>",,
50077021,,1,14,,,,,,,<50017021>,<999>,<1>,,<5>,,
50077031,,1,11,,,,,,,<50077031>,<999>,<1>,,<target:speed()*0.5>,,
50077041,,1,14,,,,,,,<50077041;50077042;50077044>,<999;999;999>,<1;1;1>,,"<<list(1,0,0);0.5;0>;0;<0.5>>",,
50087011,,1,11,,,,,,,<50017011;50017012>,<999;999>,<1;1>,,"<random(1,3)*0.1;random(1,3)*1000>",,
50087021,,1,14,,,,,,,<50017021>,<999>,<1>,,<5>,,
50087031,,1,11,,,,,,,<50087031>,<999>,<1>,,<3000>,,
50087041,,1,11,,,,,,,<50087041>,<999>,<1>,,<3000>,,
50097011,,1,11,,,,,,,<50017011;50017012>,<999;999>,<1;1>,,"<random(1,3)*0.1;random(1,3)*1000>",,
50097021,,1,14,,,,,,,<50017021>,<999>,<1>,,<6>,,
50097031,,1,14,,,,,,,<50097031>,<1>,<1>,,<6>,,
50107011,,1,11,,,,,,,<50017011;50017012>,<999;999>,<1;1>,,"<random(1,3)*0.1;random(1,3)*1000>",,
50107021,,1,14,,,,,,,<50017021>,<999>,<1>,,<6>,,
50107031,,1,11,,,,,,,<50107031>,<999>,<1>,,<6>,,
50107041,,1,11,,,,,,,<50107041>,<999>,<1>,,<6>,,
50117011,,1,11,,,,,,,<50017011;50017012>,<999;999>,<1;1>,,"<random(1,3)*0.1;random(1,3)*1000>",,
50117021,,1,14,,,,,,,<50017021>,<999>,<1>,,<6>,,
50117031,,1,11,,,,,,,<50117031>,<999>,<1>,,<7>,,
50117041,,1,11,,,,,,,<50117041>,<999>,<0>,,<7>,,
80016111,,,12,,,,,,,,,,,,16131,
80016112,,,12,,,,,,,<800161111;800161111;800161112>,<self:flagAS5() and 3 or 2;self:flagAS5() and 3 or 2;1>,<1;self:flagAS3() and 1 or 0;self:flagAS7() and 1 or 0>,,<self:damage()*0.3;self:damage()*0.3;self:flagAS9() and 2000 or 1000>,,
80016211,,,12,,,,,,,,,,,,16231,
80016212,,,12,,,,,,,<800161111;800161111;800161112>,<self:flagAS5() and 3 or 2;self:flagAS5() and 3 or 2;1>,<1;self:flagAS3() and 1 or 0;self:flagAS7() and 1 or 0>,,<self:damage()*0.3;self:damage()*0.3;self:flagAS9() and 2000 or 1000>,,
80016311,,,12,,,,,,,,,,,,15631,
80016312,,,12,,,,,,,,,,,,15632,
80016313,,,12,,,,,,,<800161111;800161111;800161112>,<self:flagAS5() and 3 or 2;self:flagAS5() and 3 or 2;1>,<1;self:flagAS3() and 1 or 0;self:flagAS7() and 1 or 0>,,<self:damage()*0.3;self:damage()*0.3;self:flagAS9() and 2000 or 1000>,,
80024111,,,4,,,,,,,,,,,,24131,
80024112,,,4,,,,,,,,,,,,24132,
80024113,,,,selfForce | nodead,"attrDifferOptional(""natureType"", {2})|random(csvSelf:flagAS3() and 2 or 1)",,,,,<800242111;800242112>,<self:flagAS5() and 2 or 1;1>,<1;self:flagAS7() and 1 or 0>,,<target:Bspeed()*0.06;target:Bdamage()*(self:flagAS9() and 0.1 or 0.05)>,,
80024211,,,4,,,,,,,,,,,,24231,
80024212,,,4,,,,,,,,,,,,24232,
80024213,,,,selfForce | nodead,"attrDifferOptional(""natureType"", {2})|random(csvSelf:flagAS3() and 2 or 1)",,,,,<800242111;800242112>,<self:flagAS5() and 2 or 1;1>,<1;self:flagAS7() and 1 or 0>,,<target:Bspeed()*0.06;target:Bdamage()*(self:flagAS9() and 0.1 or 0.05)>,,
80026111,,,11,,,,,,,,,,,,26131,
80026112,,,11,,,,,,,,,,,,26132,
80026113,,,11,,,,,,,<800263111;800263117>,<1;1>,<(self:flagAS3() and 0.1 or 0.05)-target:immuneControl();self:flagAS5() and (target:hasBuff(800263111) and 0 or 0.15) or 0>,,<0;1>,,
80026211,,,11,,,,,,,,,,,,26231,
80026212,,,11,,,,,,,<800263111;800263117>,<1;1>,<(self:flagAS3() and 0.1 or 0.05)-target:immuneControl();self:flagAS5() and (target:hasBuff(800263111) and 0 or 0.15) or 0>,,<0;1>,,
80026311,,,11,,,,,,,,,,,,26331,
80026312,,,11,,,,,,,,,,,,26332,
80026313,,,11,,,,,,,<800263111;800263117>,<1;1>,<(self:flagAS3() and 0.1 or 0.05)-target:immuneControl();self:flagAS5() and (target:hasBuff(800263111) and 0 or 0.15) or 0>,,<0;1>,,
80026411,,,11,,,,,,,,,,,,26431,
80026412,,,11,,,,,,,,,,,,26432,
80026413,,,11,,,,,,,<800264111;800264117>,<1;1>,<0.1-target:immuneControl();self:flagAS3() and (target:hasBuff(800264111) and 0 or 0.1) or 0>,,<0;1>,,
80026414,,,,selfForce|nodead,"attrDiffer(""natureType"", {11})|random(1)",,,,,<800264118>,<1>,<self:flagAS5() and 1 or 0>,,<0>,,
80026511,,,11,,,,,,,,,,,,26631,
80026512,,,11,,,,,,,,,,,,26632,
80026513,,,11,,,,,,,<800263111;800263117>,<1;1>,<(self:flagAS3() and 0.1 or 0.05)-target:immuneControl();self:flagAS5() and (target:hasBuff(800263111) and 0 or 0.15) or 0>,,<0;1>,,
80038111,,,11,,,,,,,,,,,,38131,
80038112,,,,selfForce|nodead,random(csvSelf:flagAS3() and 6 or 3),,,,,<800382111;800382112>,<self:flagAS5() and 2 or 1;1>,<1;self:flagAS7() and 1 or 0>,,"<1000;min(target:BhpMax()*(self:flagAS9() and 0.1 or 0.05),self:damage()*(self:flagAS9() and 2 or 1))>",,
80038211,,,11,,,,,,,,,,,,38231,
80038212,,,,selfForce|nodead,random(csvSelf:flagAS3() and 6 or 3),,,,,<800382111;800382112>,<self:flagAS5() and 2 or 1;1>,<1;self:flagAS7() and 1 or 0>,,"<1000;min(target:BhpMax()*(self:flagAS9() and 0.1 or 0.05),self:damage()*(self:flagAS9() and 2 or 1))>",,
80060111,,,2,,,,,,,,,,,,60131,
80060112,,,2,,,,,,,<800603113;800603111;800603112>,<1;1;1>,<(self:flagAS5() and target:hasBuffGroup(c.zhuoshao_oc())) and 1 or 0;target:hasBuffGroup(c.zhuoshao_oc()) and 1 or 0;target:hasBuffGroup(c.zhuoshao_oc()) and 1 or 0>,,<0.6*self:specialDamage();target:sumBuffLifeRoundByGroup(c.zhuoshao_oc())*target:sumBuffOverlayByGroup(c.zhuoshao_oc())*0.4*self:specialDamage()*(self:flagAS3() and 1.5 or 1);0>,,
80060113,,1,14,,,,,,,<800603114>,<1>,<self:flagAS7() and 1 or 0>,,<self:BspecialDamage()*(self:flagAS9() and 0.1 or 0.05)>,,
80060211,,,2,,,,,,,,,,,,60231,
80060212,,,2,,,,,,,<800603113;800603111;800603112>,<1;1;1>,<(self:flagAS5() and target:hasBuffGroup(c.zhuoshao_oc())) and 1 or 0;target:hasBuffGroup(c.zhuoshao_oc()) and 1 or 0;target:hasBuffGroup(c.zhuoshao_oc()) and 1 or 0>,,<0.6*self:specialDamage();target:sumBuffLifeRoundByGroup(c.zhuoshao_oc())*target:sumBuffOverlayByGroup(c.zhuoshao_oc())*0.4*self:specialDamage()*(self:flagAS3() and 1.5 or 1);0>,,
80060213,,1,14,,,,,,,<800603114>,<1>,<self:flagAS7() and 1 or 0>,,<self:BspecialDamage()*(self:flagAS9() and 0.1 or 0.05)>,,
80060311,,,2,,,,,,,,,,,,60331,
80060312,,,2,,,,,,,,,,,,60332,
80060313,,,2,,,,,,,<800603113;800603111;800603112>,<1;1;1>,<(self:flagAS5() and target:hasBuffGroup(c.zhuoshao_oc())) and 1 or 0;target:hasBuffGroup(c.zhuoshao_oc()) and 1 or 0;target:hasBuffGroup(c.zhuoshao_oc()) and 1 or 0>,,<0.6*self:specialDamage();target:sumBuffLifeRoundByGroup(c.zhuoshao_oc())*target:sumBuffOverlayByGroup(c.zhuoshao_oc())*0.4*self:specialDamage()*(self:flagAS3() and 1.5 or 1);0>,,
80060314,,1,14,,,,,,,<800603114>,<1>,<self:flagAS7() and 1 or 0>,,<self:BspecialDamage()*(self:flagAS9() and 0.1 or 0.05)>,,
80072111,,,2,,,,,,,,,,,,72131,
80072112,,,2,,,,,,,,,,,,72132,
80072113,,,,enemyForce|nodead,random(1),,,,,<800721111>,<self:flagAS5() and 2 or 1>,<self:flagAS3() and 0.5 or 0.25>,,<target:hpMax()*0.3>,,
80072114,,,2,,,,,,,<800721112>,<1>,<self:flagAS7() and 1 or 0>,,<-target:BspecialDefence()*(self:flagAS9() and 0.16 or 0.08)>,,
80073111,,,4,,,,,,,,,,,,73131,
80073112,,,4,,,,,,,,,,,,73132,
80073113,,,,selfForce|nodead,"exclude(list(csvSelf:id()))|buffDifferExclude('group',{c.fly_notbuff_oc()})|attrDiffer(""natureType"", {5})|random(1)",,,,,<80073111;80073112>,<1;2>,<self:flagAS3() and 0 or 1;self:flagAS7() and 1 or 0>,,<50;self:flagAS9() and 1000 or 500>,,
80073114,,,,selfForce|nodead,"exclude(list(csvSelf:id()))|buffDifferExclude('group',{c.fly_notbuff_oc()})|attrDiffer(""natureType"", {5})|random(2)",,,,,<80073111;80073112>,<1;2>,<self:flagAS3() and 1 or 0;self:flagAS7() and 1 or 0>,,<self:flagAS5() and 100 or 50;self:flagAS9() and 1000 or 500>,,
80073211,,,4,,,,,,,,,,,,73231,
80073212,,,4,,,,,,,,,,,,73232,
80073213,,,,selfForce|nodead,"exclude(list(csvSelf:id()))|buffDifferExclude('group',{c.fly_notbuff_oc()})|attrDiffer(""natureType"", {5})|random(1)",,,,,<80073111;80073112>,<1;2>,<self:flagAS3() and 0 or 1;self:flagAS7() and 1 or 0>,,<50;self:flagAS9() and 1000 or 500>,,
80073214,,,,selfForce|nodead,"exclude(list(csvSelf:id()))|buffDifferExclude('group',{c.fly_notbuff_oc()})|attrDiffer(""natureType"", {5})|random(2)",,,,,<80073111;80073112>,<1;2>,<self:flagAS3() and 1 or 0;self:flagAS7() and 1 or 0>,,<self:flagAS5() and 100 or 50;self:flagAS9() and 1000 or 500>,,
80074111,,,11,,,,,,,,,,,,74131,
80074112,,,11,,,,,,,,,,,,74132,
80074113,,,,selfForce|nodead,"exclude(list(csvSelf:id()))|buffDifferExclude('group',{c.fly_notbuff_oc()})|attrDiffer(""natureType"", {2})|random(csvSelf:flagAS3() and 2 or 1)",,,,,<800741111>,<self:flagAS5() and 2 or 1>,<1>,,<0>,,
80088111,,,4,,,,,,,,,,,,88131,
80088112,,,4,,,,,,,,,,,,,
80088113,,,,enemyForce|nodead,targetColumn|random(csvSelf:flagAS3() and 2 or 1),,,,,<80088321;80088311;80088315>,<2;2;1>,<(self:flagAS5() and target:hasBuffGroup(10302)) and 1 or 0;target:hasBuffGroup(10302) and 0 or 1;self:flagAS7() and 1 or 0>,,<0;0;-target:BspecialDefence()*(self:flagAS9() and 0.16 or 0.08)>,,
80088211,,,4,,,,,,,,,,,,88231,
80088212,,,4,,,,,,,,,,,,,
80088213,,,,enemyForce|nodead,targetColumn|random(csvSelf:flagAS3() and 2 or 1),,,,,<80088321;80088311;80088315>,<2;2;1>,<(self:flagAS5() and target:hasBuffGroup(10302)) and 1 or 0;target:hasBuffGroup(10302) and 0 or 1;self:flagAS7() and 1 or 0>,,<0;0;-target:BspecialDefence()*(self:flagAS9() and 0.16 or 0.08)>,,
80088311,,,4,,,,,,,,,,,,88331,
80088312,,,4,,,,,,,,,,,,88332,
80088313,,,,enemyForce|nodead,targetColumn|random(csvSelf:flagAS3() and 2 or 1),,,,,<80088321;80088311;80088315>,<2;2;1>,<(self:flagAS5() and target:hasBuffGroup(10302)) and 1 or 0;target:hasBuffGroup(10302) and 0 or 1;self:flagAS7() and 1 or 0>,,<0;0;-target:BspecialDefence()*(self:flagAS9() and 0.16 or 0.08)>,,
80088411,,,4,,,,,,,,,,,,88431,
80088412,,,4,,,,,,,,,,,,88432,
80088413,,,,enemyForce|nodead,targetColumn|random(2),,,,,<80088421;80088411;80088415>,<2;2;1>,<(self:flagAS3() and target:hasBuffGroup(10302)) and 1 or 0;target:hasBuffGroup(10302) and 0 or 1;self:flagAS7() and 1 or 0>,,<0;0;-target:BspecialDefence()*(self:flagAS9() and 0.16 or 0.08)>,,
80088414,,,,enemyForce|nodead,"buffDiffer('group',{c.gandian_oc()})|random(1)",,,,,<80088431;80088415>,<1;1>,<self:flagAS5() and 1 or 0;self:flagAS7() and 1 or 0>,,<self:specialDamage()*(1+(self:flagAS6() and 0.2 or 0));-target:BspecialDefence()*(self:flagAS9() and 0.16 or 0.08)>,,
80117111,,,11,,,,,,,,,,,,117131,
80117112,,,11,,,,,,,<801172121>,<self:flagAS3() and 2 or 1>,<self:flagAS5() and 0 or 1>,,<0>,,
80117113,,,11,,,,,,,<801172111>,<1>,<self:flagAS5() and 1 or 0>,,<1>,,
80117114,,,,selfForce|nodead,"buffDiffer('id',{801172112})",,,,,<801172113>,<1>,<self:flagAS5() and 1 or 0>,,<1>,,
80117115,,,,selfForce|nodead,"attrDiffer(""natureType"", {2,16})",,,,,<801172118>,<1>,<self:flagAS7() and 1 or 0>,,<self:flagAS9() and 600 or 300>,,
80117211,,,11,,,,,,,,,,,,117231,
80117212,,,11,,,,,,,<801172121>,<self:flagAS3() and 2 or 1>,<self:flagAS5() and 0 or 1>,,<0>,,
80117213,,,11,,,,,,,<801172111>,<1>,<self:flagAS5() and 1 or 0>,,<1>,,
80117214,,,,selfForce|nodead,"buffDiffer('id',{801172112})",,,,,<801172113>,<1>,<self:flagAS5() and 1 or 0>,,<1>,,
80117215,,,,selfForce|nodead,"attrDiffer(""natureType"", {2,16})",,,,,<801172118>,<1>,<self:flagAS7() and 1 or 0>,,<self:flagAS9() and 600 or 300>,,
80117311,,,11,,,,,,,,,,,,117331,
80117312,,,11,,,,,,,<801173121>,<2>,<self:flagAS3() and 0 or 1>,,<0>,,
80117313,,,11,,,,,,,<801173111>,<1>,<self:flagAS3() and 1 or 0>,,<1>,,
80117314,,,,selfForce|nodead,"buffDiffer('id',{801173112})",,,,,<801173113>,<1>,<self:flagAS3() and 1 or 0>,,<1>,,
80117315,,,,selfForce|nodead,"attrDiffer(""natureType"", {2,16})|random(1)",,,,,<801173211>,<1>,<self:flagAS5() and 1 or 0>,,<1>,,
80117316,,,,selfForce|nodead,"attrDiffer(""natureType"", {2,16})",,,,,<801173118>,<1>,<self:flagAS7() and 1 or 0>,,<self:flagAS9() and 600 or 300>,,
80122111,,,2,,,,,,,,,,,,122131,
80122112,,,2,,,,,,,,,,,,122132,
80122113,,,,selfForce|nodead,"exclude(list(csvSelf:id()))|buffDifferExclude('group',{c.fly_notbuff_oc()})|attrDiffer(""natureType"", {5})|random(csvSelf:flagAS3() and 2 or 1)",,,,,<801221111;801221112>,<self:flagAS5() and 2 or 1;1>,<1;self:flagAS7() and 1 or 0>,,<1000;self:flagAS9() and 1000 or 500>,,
80123111,,,4,,,,,,,,,,,,123131,
80123112,,,4,,,,,,,,,,,,123132,
80123113,,,,selfForce|nodead,"exclude(list(csvSelf:id()))|buffDifferExclude('group',{c.fly_notbuff_oc()})|attrDiffer(""natureType"", {2})|random(csvSelf:flagAS3() and 2 or 1)",,,,,<801231111;801231112>,<2;1>,<1;self:flagAS7() and 1 or 0>,,"<self:flagAS5() and 1000 or 500;min(target:BhpMax()*(self:flagAS9() and 0.1 or 0.05),self:specialDamage()*(self:flagAS9() and 2 or 1))>",,
80124111,,,3,,,,,,,,,,,,124131,
80124112,,,3,,,,,,,,,,,,124132,
80124113,,,,selfForce|nodead,"exclude(list(csvSelf:id()))|buffDifferExclude('group',{c.fly_notbuff_oc()})|random(csvSelf:flagAS3() and 2 or 1)",,,,,<801241111;801241113>,<1;1>,<1;self:flagAS7() and 1 or 0>,,<0;self:flagAS9() and 1000 or 500>,,
80124114,,,,enemyForce|nodead,random(2),,,,,<801241112>,<1>,<self:flagAS5() and 1 or 0>,,<0>,,
80126111,,,4,,,,,,,,,,,,126131,
80126112,,,4,,,,,,,,,,,,126132,
80126113,,,,selfForce | nodead,"exclude(list(csvSelf:id()))|attrDifferOptional(""natureType"", {10})|random(1)",,,,,<801261111>,<self:flagAS5() and 2 or 1>,<self:flagAS3() and 0 or 1>,,<target:Bspeed()*0.06*((target:natureIntersection(list(10))) and 2 or 1)>,,
80126114,,,,selfForce | nodead,"shuffle|attrDifferSort(""natureType"", {10})|limit(3)",,,,,<801261111>,<self:flagAS5() and 2 or 1>,<self:flagAS3() and 1 or 0>,,<target:Bspeed()*0.06*((target:natureIntersection(list(10))) and 2 or 1)>,,
80126115,,,,selfForce | nodead,"exclude(list(csvSelf:id()))|setSelectAttr({""damage"",""specialDamage""},""max"")|attr(""selectAttr"",""max"",1)",,,,,<801261115>,<self:flagAA5() and 2 or 1>,<self:flagAA1() and 1 or 0>,,<0>,,
80127111,,,11,,,,,,,,,,,,127131,
80127112,,,11,,,,,,,,,,,,127132,
80127113,,,,enemyForce|nodead,random(csvSelf:flagAS3() and 6 or 3),,,,,<801271111>,<self:flagAS5() and 3 or 2>,<1>,,<self:damage()*(0.6+(self:flagAS9() and 0.1 or 0) + (self:flagAS11() and 0.1 or 0))>,,
80127114,,1,14,,,,,,,<801271120>,<1>,<self:flagAA1() and 1 or 0>,,<0>,,
80131131,,,11,,,,,,,,,,,,131131,
80131132,,,,enemyForce|nodead,"buffDifferExclude('group',{c.fly_notbuff_oc()})|random(csvSelf:flagAS3() and 2 or 1)",,,,,<801313111;801313114>,<self:flagAS5() and 2 or 1;1>,<1;self:flagAS7() and 1 or 0>,,<0;-(self:flagAS9() and 1000 or 500)>,,
80131231,,,11,,,,,,,,,,,,131231,
80131232,,,,enemyForce|nodead,"buffDifferExclude('group',{c.fly_notbuff_oc()})|random(csvSelf:flagAS3() and 2 or 1)",,,,,<801313111;801313114>,<self:flagAS5() and 2 or 1;1>,<1;self:flagAS7() and 1 or 0>,,<0;-(self:flagAS9() and 1000 or 500)>,,
80131331,,,11,,,,,,,,,,,,131331,
80131332,,,,enemyForce|nodead,"buffDifferExclude('group',{c.fly_notbuff_oc()})|random(csvSelf:flagAS3() and 2 or 1)",,,,,<801313111;801313114>,<self:flagAS5() and 2 or 1;1>,<1;self:flagAS7() and 1 or 0>,,<0;-(self:flagAS9() and 1000 or 500)>,,
80131411,,,11,,,,,,,,,,,,131431,
80131412,,,,enemyForce|nodead,"buffDifferExclude('group',{c.fly_notbuff_oc()})|random(2)",,,,,<801314111;801314118>,<self:flagAS3() and 2 or 1;1>,<1;self:flagAS7() and 1 or 0>,,<0;-(self:flagAS9() and 1000 or 500)>,,
80131413,,,,enemyForce|nodead,"buffDifferExclude('group',{c.fly_notbuff_oc()})|random(1)",,,,,<801314114>,<1>,<self:flagAS5() and 1 or 0>,,<0>,,
80191111,,,11,,,,,,,,,,,,191131,
80191112,,,11,,,,,,,,,,,,191132,
80191113,,,,selfForce|nodead,"exclude(list(csvSelf:id()))|buffDifferExclude('group',{c.fly_notbuff_oc()})|random(csvSelf:flagAS3() and 2 or 1)",,,,,<801911111;801911115>,<1;1>,<1;self:flagAS7() and 1 or 0>,,<0;self:flagAS9() and 1000 or 500>,,
80192111,,,11,,,,,,,,,,,,192131,
80192112,,,11,,,,,,,,,,,,192132,
80192113,,,,selfForce|nodead,"exclude(list(csvSelf:id()))|buffDifferExclude('group',{c.fly_notbuff_oc()})|attrDiffer(""natureType"", {6})|random(csvSelf:flagAS3() and 2 or 1)",,,,,<801921111;801921112>,<self:flagAS5() and 2 or 1;1>,<1;self:flagAS7() and 1 or 0>,,"<500;min(target:BhpMax()*(self:flagAS9() and 0.1 or 0.05),self:specialDamage()*(self:flagAS9() and 2 or 1))>",,
80193111,,,,enemyForce|nodead,"attr(""hp"",""min"",1)",,,,,,,,,,193131,
80193112,,,,enemyForce|nodead,useOtherProcess(80193111),,,,,,,,,,193132,
80193113,,,,enemyForce|nodead,"attr(""hp"",""min"",1)",,,,,<801931111>,<1>,"<(lessThan(target:hp()/target:hpMax(),0.3) and moreE(self:rarity() ,target:rarity())) and (self:flagAS3() and 0 or 0.2) or 0>",,<0>,,
80193114,,,,enemyForce|nodead,"attr(""hp"",""min"",2)",,,,,<801931111>,<1>,"<(lessThan(target:hp()/target:hpMax(),0.3) and moreE(self:rarity() ,target:rarity())) and (self:flagAS5() and 0.35 or (self:flagAS3() and 0.2 or 0)) or 0>",,<0>,,
80193115,,,,enemyForce|nodead,useOtherProcess(80193114),,,,,<801931114>,<1>,<self:flagAS7() and 1 or 0>,,<self:flagAS9() and 1000 or 500>,,
80224111,,,,enemyForce|nodead,random(csvSelf:flagAS3() and 2 or 1),,,,,,,,,,224131,
80224112,,,,,,,,,,<802242111>,<1>,<1>,,<0>,,
80224113,,1,14,,,,,,,<802242112>,<1>,<self:flagAS7() and 1 or 0>,,<self:BspecialDamage()*0.01*(self:flagAS9() and 10 or 5)>,,
80224211,,,,enemyForce|nodead,random(csvSelf:flagAS3() and 2 or 1),,,,,,,,,,224231,
80224212,,,,enemyForce|nodead,random(csvSelf:flagAS3() and 2 or 1),,,,,,,,,,224232,
80224213,,,,,,,,,,<802242111>,<1>,<1>,,<0>,,
80224214,,1,14,,,,,,,<802242112>,<1>,<self:flagAS7() and 1 or 0>,,<self:BspecialDamage()*0.01*(self:flagAS9() and 10 or 5)>,,
80224221,,,,enemyForce|nodead,random(csvSelf:flagAS3() and 2 or 1),,,,,,,,,,224331,
80224222,,,,enemyForce|nodead,random(csvSelf:flagAS3() and 2 or 1),,,,,,,,,,224332,
80224223,,,,,,,,,,<802242111>,<1>,<1>,,<0>,,
80224224,,1,14,,,,,,,<802242112>,<1>,<self:flagAS7() and 1 or 0>,,<self:BspecialDamage()*0.01*(self:flagAS9() and 10 or 5)>,,
80224311,,,,enemyForce|nodead,random(csvSelf:flagAS3() and 2 or 1),,,,,,,,,,224431,
80224312,,,,enemyForce|nodead,random(csvSelf:flagAS3() and 2 or 1),,,,,,,,,,224432,
80224313,,,,,,,,,,<802243111>,<1>,<1>,,<0>,,
80224314,,1,14,,,,,,,<802243115>,<1>,<self:flagAS7() and 1 or 0>,,<self:BspecialDamage()*0.01*(self:flagAS9() and 10 or 5)>,,
80235111,,,4,,,,,,,,,,,,235131,
80235112,,,4,,,,,,,,,,,,235132,
80235113,,,,selfForce | nodead,"buffDifferExclude('group',{c.fly_notbuff_oc()})|attrDifferOptional(""natureType"", {17})|random(csvSelf:flagAS7() and 2 or 1)",,,,,<802351111>,<1>,<self:flagAS8() and 0 or 1>,,<1>,,
80235114,,,,selfForce | nodead,"buffDifferExclude('group',{c.fly_notbuff_oc()})|setSelectAttr({""damage"",""specialDamage""},""max"")|attr(""selectAttr"",""max"",2)",,,,,<802351111>,<1>,<self:flagAS8() and 1 or 0>,,<1>,,
80235115,,,,selfForce | nodead,"buffDifferExclude('group',{c.fly_notbuff_oc()})|setSelectAttr({""damage"",""specialDamage""},""max"")|attrWitOutFilter(""selectAttr"",""max"",1)",,,,,<802351112>,<2+(self:flagAA5() and 1 or 0)>,<self:flagAA1() and 1 or 0>,,<1>,,
80236111,,,,,,,,,,,,,,,236131,
80236112,,,,,,,,,,,,,,,236132,
80236113,,,,selfForce | nodead,"exclude(list(csvSelf:id()))|attrDifferOptional(""natureType"", {3})|random(1)",,,,,<802361111>,<self:flagAS5() and 2 or 1>,<self:flagAS3() and 0 or 1>,,<0>,,
80236114,,,,selfForce | nodead,"exclude(list(csvSelf:id()))|attrDifferSort(""natureType"", {3})|random(2)",,,,,<802361111>,<self:flagAS5() and 2 or 1>,<self:flagAS3() and 1 or 0>,,<0>,,
80236115,,,,enemyForce|nodead,otherProcessExcept(80236111)|rowback|random(1),,,,,<802361115>,<1>,<self:flagAS7() and 1 or 0>,,<self:curSkill():getTotalDamage()*(self:flagAS8() and 0.5 or 0.3)>,,
80236116,,1,14,,,,,,,<802361116>,<1>,<self:flagAS8() and 1 or 0>,,<5000>,,
80236117,,,,enemyForce|nodead,"setSelectAttr({""damage"",""specialDamage""},""max"")|attr(""selectAttr"",""max"",1)",,,,,<802361117;802361120>,<999;999>,<self:flagAA1() and 1 or 0;self:flagAA1() and 1 or 0>,,<0;self:flagAA3() and 1500 or 500>,,
80236118,,,,enemyForce|nodead,"setSelectAttr({""damage"",""specialDamage""},""max"")|attr(""selectAttr"",""max"",1)",,,,,<802361124>,<999>,<self:flagAA1() and 1 or 0>,,<<0>>,,
80236119,,,,enemyForce|nodead,"buffDiffer('id',{802361117})|random(1)",,,,,<802361122>,<1>,<self:flagAA1() and 1 or 0>,,<0>,,
80238111,,,2,,,,,,,,,,,,238131,
80238112,,,2,,,,,,,,,,,,238132,
80238113,,,,,,,,,,<802381111;802381112;802381113;802381114>,<1;1;1;1>,<self:flagAS3() and 0 or 1;self:flagAS3() and 0 or 1;self:flagAS3() and 0 or 1;self:flagAS3() and 0 or 1>,,"<min(target:hpMax()*0.08,self:Bdamage()*3);-target:defence()*0.1;-target:specialDefence()*0.1;-1000>",,
80238114,,,11,,,,,,,<802381116;802381111;802381112;802381113;802381114;802381115;802381128>,<self:flagAS8() and 999 or 2;1;1;1;1;1;1>,<self:flagAS7() and 1 or 0;self:flagAS3() and 1 or 0;self:flagAS3() and 1 or 0;self:flagAS3() and 1 or 0;self:flagAS3() and 1 or 0;self:flagAS5() and 0.2 or 0;self:flagAS9() and 1 or 0>,,"<-min(target:hpMax()*0.08,self:Bdamage()*3);target:hpMax()*0.08;-target:defence()*0.1;-target:specialDefence()*0.1;-1000;0;self:flagAS11() and 1600 or 800>",,
80238115,,1,14,,,,,,,<802381117>,<1>,<self:flagAA1() and 1 or 0>,,<0>,,
80239111,,,2,,,,,,,,,,,,239131,
80239112,,,2,,,,,,,,,,,,239132,
80239113,,,,enemyForce|nodead,rowfront|random(1),,,,,<802391111>,<1>,<self:flagAS5() and 0 or 1>,,<self:flagAS3() and -80 or -50>,,
80239114,,,,enemyForce|nodead,rowfront|random(2),,,,,<802391111>,<1>,<self:flagAS5() and 1 or 0>,,<-80>,,
80239115,,,,enemyForce|nodead,random(csvSelf:flagAS8() and 2 or 1),,,,,<802391121>,<2>,<self:flagAS7() and 1 or 0>,,<0>,,
80239116,,,,selfForce | nodead,random(csvSelf:flagAA5() and 3 or 2),,,,,<802391131>,<999>,<self:flagAA1() and 1 or 0>,,<target:hpMax()*(target:natureIntersection(list(14)) and (self:flagAA3() and 0.24 or 0.12) or (self:flagAA3() and 0.16 or 0.08))>,,
80243111,,,11,,,,,,,,,,,,243131,
80243112,,,11,,,,,,,,,,,,243132,
80243113,,,,enemyForce|nodead,random(csvSelf:flagAS3() and 6 or 3),,,,,<802431111>,<self:flagAS5() and 2 or 1>,<1>,,<1>,,
80243114,,,,enemyForce|nodead,"setSelectAttr({""damage"",""specialDamage""},""max"")|attr(""selectAttr"",""max"",1)",,,,,<802431120;802431111>,<1;self:flagAA3() and 2 or 1>,<self:flagAA1() and 1 or 0;self:flagAA1() and 1 or 0>,,<1;1>,,
80243115,,1,11,,,,,,,<802431122>,<2>,<self:flagAS8() and 1 or 0>,,<0>,,
80243211,,,11,,,,,,,,,,,,243231,
80243212,,,11,,,,,,,,,,,,243232,
80243213,,,,enemyForce|nodead,random(csvSelf:flagAS3() and 6 or 3),,,,,<802431111>,<self:flagAS5() and 2 or 1>,<1>,,<1>,,
80243214,,,,enemyForce|nodead,"setSelectAttr({""damage"",""specialDamage""},""max"")|attr(""selectAttr"",""max"",1)",,,,,<802431120;802431111>,<1;self:flagAA3() and 2 or 1>,<self:flagAA1() and 1 or 0;self:flagAA1() and 1 or 0>,,<1;1>,,
80243215,,1,11,,,,,,,<802431122>,<2>,<self:flagAS8() and 1 or 0>,,<0>,,
80247111,,,11,,,,,,,,,,,,247131,
80247112,,,,selfForce|nodead,"attrDiffer(""natureType"", {4})|random(csvSelf:flagAS3() and 2 or 1)",,,,,<802471111;802471118>,<self:flagAS5() and 2 or 1;1>,<1;self:flagAS7() and 1 or 0>,,<0;self:flagAS9() and 1000 or 500>,,
80247211,,,11,,,,,,,,,,,,247231,
80247212,,,11,,,,,,,,,,,,247232,
80247213,,,11,selfForce|nodead,"attrDiffer(""natureType"", {4})|random(csvSelf:flagAS3() and 2 or 1)",,,,,<802471111;802471118>,<self:flagAS5() and 2 or 1;1>,<1;self:flagAS7() and 1 or 0>,,<0;self:flagAS9() and 1000 or 500>,,
80247311,,,11,,,,,,,,,,,,247331,
80247312,,,11,,,,,,,,,,,,247332,
80247313,,,,selfForce|nodead,"attrDiffer(""natureType"", {4})|random(csvSelf:flagAS3() and 2 or 1)",,,,,<802471111;802471118>,<self:flagAS5() and 2 or 1;1>,<1;self:flagAS7() and 1 or 0>,,<0;self:flagAS9() and 1000 or 500>,,
80272111,,,,,,,,,,,,,,,272131,
80272112,,,,enemyForce|nodead,random(csvSelf:flagAS3() and 2 or 1),,,,,<802723111>,<1>,<1>,,<0>,,
80272113,,,,,,,,,,<802723121>,<1>,<self:flagAS5() and (target:natureIntersection(list(10)) and 0.5 or 1) or 0>,,<0>,,
80272211,,,,,,,,,,,,,,,272231,
80272212,,,,enemyForce|nodead,random(csvSelf:flagAS3() and 2 or 1),,,,,<802723111>,<1>,<1>,,<0>,,
80272213,,,,,,,,,,<802723121>,<1>,<self:flagAS5() and (target:natureIntersection(list(10)) and 0.5 or 1) or 0>,,<0>,,
80272311,,,,,,,,,,,,,,,272331,
80272312,,,,,,,,,,,,,,,272332,
80272313,,,,enemyForce|nodead,random(csvSelf:flagAS3() and 2 or 1),,,,,<802723111>,<1>,<1>,,<0>,,
80272314,,,,,,,,,,<802723121>,<1>,<self:flagAS5() and (target:natureIntersection(list(10)) and 0.5 or 1) or 0>,,<0>,,
80315111,,,2,,,,,,,,,,,,315131,
80315112,,,,selfForce|nodead,"exclude(list(csvSelf:id()))|rowfront|attrDiffer(""natureType"", {3})|random(csvSelf:flagAS3() and 2 or 1)",,,,,<803151111;803151114>,<self:flagAS5() and 2 or 1;1>,<1;self:flagAS7() and 1 or 0>,,<0;target:BspecialDamage()*(self:flagAS9() and 0.1 or 0.05)>,,
80315211,,,2,,,,,,,,,,,,315231,
80315212,,,2,,,,,,,,,,,,315232,
80315213,,,,selfForce|nodead,"exclude(list(csvSelf:id()))|rowfront|attrDiffer(""natureType"", {3})|random(csvSelf:flagAS3() and 2 or 1)",,,,,<803151111;803151114>,<self:flagAS5() and 2 or 1;1>,<1;self:flagAS7() and 1 or 0>,,<0;target:BspecialDamage()*(self:flagAS9() and 0.1 or 0.05)>,,
80335111,,,11,,,,,,,,,,,,335131,
80335112,,1,11,,,,,,,<803351111>,<1>,<1>,,<self:specialDamage()*0.9>,,
80335113,,,,selfForce|nodead,"attr(""hp"",""min"",2)",,,,,<803351112>,<1>,<self:flagAS3() and 1 or 0>,,<self:specialDamage()*0.45>,,
80335114,,,,selfForce|nodead,rowfront,,,,,<803351113;803351115>,<1;1>,<self:flagAS5() and 1 or 0;self:flagAS7() and 1 or 0>,,<0;self:flagAS9() and 1000 or 500>,,
80335211,,,11,,,,,,,,,,,,335231,
80335212,,1,11,,,,,,,<803351111>,<1>,<1>,,<self:specialDamage()*0.9>,,
80335213,,,,selfForce|nodead,"attr(""hp"",""min"",2)",,,,,<803351112>,<1>,<self:flagAS3() and 1 or 0>,,<self:specialDamage()*0.45>,,
80335214,,,,selfForce|nodead,rowfront,,,,,<803351113;803351115>,<1;1>,<self:flagAS5() and 1 or 0;self:flagAS7() and 1 or 0>,,<0;self:flagAS9() and 1000 or 500>,,
80335311,,,11,,,,,,,,,,,,335331,
80335312,,,11,,,,,,,,,,,,335332,
80335313,,1,11,,,,,,,<803351111>,<1>,<1>,,<self:specialDamage()*0.9>,,
80335314,,,,selfForce|nodead,"attr(""hp"",""min"",2)",,,,,<803351112>,<1>,<self:flagAS3() and 1 or 0>,,<self:specialDamage()*0.45>,,
80335315,,,,selfForce|nodead,rowfront,,,,,<803351113;803351115>,<1;1>,<self:flagAS5() and 1 or 0;self:flagAS7() and 1 or 0>,,<0;self:flagAS9() and 1000 or 500>,,
80366111,,,,,,,,,,,,,,,366131,
80366112,,,,,,,,,,,,,,,366132,
80366113,,,,,,,,,,<803663111;803663112>,<1;1>,<1;1>,,<self:flagAS3() and 3000 or 1500;self:flagAS3() and 3000 or 1500>,,
80366114,,,,,,,,,,<803663113>,<1>,<self:flagAS5() and 1 or 0>,,<-100>,,
80366115,,1,14,,,,,,,<803663114>,<1>,<self:flagAS7() and 1 or 0>,,<self:flagAS9() and 3000 or 1500>,,
80366211,,,,,,,,,,,,,,,366231,
80366212,,,,,,,,,,,,,,,366232,
80366213,,,,,,,,,,<803663111;803663112>,<1;1>,<1;1>,,<self:flagAS3() and 3000 or 1500;self:flagAS3() and 3000 or 1500>,,
80366214,,,,,,,,,,<803663113>,<1>,<self:flagAS5() and 1 or 0>,,<-100>,,
80366215,,1,14,,,,,,,<803663114>,<1>,<self:flagAS7() and 1 or 0>,,<self:flagAS9() and 3000 or 1500>,,
80366311,,,,,,,,,,,,,,,366331,
80366312,,,,,,,,,,,,,,,366332,
80366313,,,,,,,,,,<803663111;803663112>,<1;1>,<1;1>,,<self:flagAS3() and 3000 or 1500;self:flagAS3() and 3000 or 1500>,,
80366314,,,,,,,,,,<803663113>,<1>,<self:flagAS5() and 1 or 0>,,<-100>,,
80366315,,1,14,,,,,,,<803663114>,<1>,<self:flagAS7() and 1 or 0>,,<self:flagAS9() and 3000 or 1500>,,
80416111,,,,,,,,,,<804161111>,<1>,<self:flagAS9() and 1 or 0>,,<self:flagAS11() and 600 or 300>,416131,{prob=1;needUpdateTarget=TRUE}
80416112,,,,enemyForce | nodead,"buffDifferExclude('group',{c.yinshenplus_oc()})|random(1)",,,,,<804161111>,<1>,<self:flagAS9() and 1 or 0>,,<self:flagAS11() and 600 or 300>,416132,{prob=1;needUpdateTarget=TRUE}
80416113,,,,enemyForce | nodead,"buffDifferExclude('group',{c.yinshenplus_oc()})|random(1)",,,,,<804161111>,<1>,<self:flagAS9() and 1 or 1>,,<self:flagAS11() and 600 or 300>,416133,{prob=1;needUpdateTarget=TRUE}
80416114,,,,enemyForce | nodead,"buffDifferExclude('group',{c.yinshenplus_oc()})|random(1)",,,,,<804161111>,<1>,<self:flagAS9() and 1 or 2>,,<self:flagAS11() and 600 or 300>,416134,{prob=self:flagAS7() and 1 or 0;needUpdateTarget=TRUE}
80416115,,,,enemyForce | nodead,"buffDifferExclude('group',{c.yinshenplus_oc()})|random(1)",,,,,<804161111>,<1>,<self:flagAS9() and 1 or 3>,,<self:flagAS11() and 600 or 300>,416135,{prob=self:flagAS8() and 1 or 0;needUpdateTarget=TRUE}
80416116,,,11,,,,,,,,,,,,416142,
80416117,,,,enemyForce | nodead,random(csvSelf:flagAS5() and 3 or 2),,,,,<804161112>,<1>,<self:flagAS3() and 0.25 or 0.15>,,<0>,,
80416118,,,,selfForce|nodead,"attrDiffer(""natureType"", {5})|random(1)",,,,,<804161121>,<self:flagAA5() and 2 or 1>,<self:flagAA1() and 1 or 0>,,<0>,,
80416211,,,,,,,,,,<804161111>,<1>,<self:flagAS9() and 1 or 0>,,<self:flagAS11() and 600 or 300>,416231,{prob=1;needUpdateTarget=TRUE}
80416212,,,,enemyForce | nodead,"buffDifferExclude('group',{c.yinshenplus_oc()})|random(1)",,,,,<804161111>,<1>,<self:flagAS9() and 1 or 0>,,<self:flagAS11() and 600 or 300>,416232,{prob=1;needUpdateTarget=TRUE}
80416213,,,,enemyForce | nodead,"buffDifferExclude('group',{c.yinshenplus_oc()})|random(1)",,,,,<804161111>,<1>,<self:flagAS9() and 1 or 1>,,<self:flagAS11() and 600 or 300>,416233,{prob=1;needUpdateTarget=TRUE}
80416214,,,,enemyForce | nodead,"buffDifferExclude('group',{c.yinshenplus_oc()})|random(1)",,,,,<804161111>,<1>,<self:flagAS9() and 1 or 2>,,<self:flagAS11() and 600 or 300>,416234,{prob=self:flagAS7() and 1 or 0;needUpdateTarget=TRUE}
80416215,,,,enemyForce | nodead,"buffDifferExclude('group',{c.yinshenplus_oc()})|random(1)",,,,,<804161111>,<1>,<self:flagAS9() and 1 or 3>,,<self:flagAS11() and 600 or 300>,416235,{prob=self:flagAS8() and 1 or 0;needUpdateTarget=TRUE}
80416216,,,11,,,,,,,,,,,,416242,
80416217,,,,enemyForce | nodead,random(csvSelf:flagAS5() and 3 or 2),,,,,<804161112>,<1>,<self:flagAS3() and 0.25 or 0.15>,,<0>,,
80416218,,,,selfForce|nodead,"attrDiffer(""natureType"", {5})|random(1)",,,,,<804161121>,<self:flagAA5() and 2 or 1>,<self:flagAA1() and 1 or 0>,,<0>,,
80416311,,,,,,,,,,<804161111>,<1>,<self:flagAS9() and 1 or 0>,,<self:flagAS11() and 600 or 300>,416331,{prob=1;needUpdateTarget=TRUE}
80416312,,,,enemyForce | nodead,"buffDifferExclude('group',{c.yinshenplus_oc()})|random(1)",,,,,<804161111>,<1>,<self:flagAS9() and 1 or 0>,,<self:flagAS11() and 600 or 300>,416332,{prob=1;needUpdateTarget=TRUE}
80416313,,,,enemyForce | nodead,"buffDifferExclude('group',{c.yinshenplus_oc()})|random(1)",,,,,<804161111>,<1>,<self:flagAS9() and 1 or 1>,,<self:flagAS11() and 600 or 300>,416333,{prob=1;needUpdateTarget=TRUE}
80416314,,,,enemyForce | nodead,"buffDifferExclude('group',{c.yinshenplus_oc()})|random(1)",,,,,<804161111>,<1>,<self:flagAS9() and 1 or 2>,,<self:flagAS11() and 600 or 300>,416334,{prob=self:flagAS7() and 1 or 0;needUpdateTarget=TRUE}
80416315,,,,enemyForce | nodead,"buffDifferExclude('group',{c.yinshenplus_oc()})|random(1)",,,,,<804161111>,<1>,<self:flagAS9() and 1 or 3>,,<self:flagAS11() and 600 or 300>,416335,{prob=self:flagAS8() and 1 or 0;needUpdateTarget=TRUE}
80416316,,,11,,,,,,,,,,,,416342,
80416317,,,,enemyForce | nodead,random(csvSelf:flagAS5() and 3 or 2),,,,,<804161112>,<1>,<self:flagAS3() and 0.25 or 0.15>,,<0>,,
80416318,,,,selfForce|nodead,"attrDiffer(""natureType"", {5})|random(1)",,,,,<804161121>,<self:flagAA5() and 2 or 1>,<self:flagAA1() and 1 or 0>,,<0>,,
400000161,,1,14,,,,,,,<400001>,<999>,<1>,,<0>,,
400000222,,1,14,,,,,,,<400007>,<3>,<1>,,<<1;1;1>>,,
400000261,,1,14,,,,,,,<400010>,<999>,<1>,,<0>,,
400000361,,1,14,,,,,,,<400003>,<999>,<1>,,<20000>,,
400000461,,1,14,,,,,,,<400002>,<999>,<1>,,<0>,,
400000462,,1,14,,,,,,,<400004>,<999>,<1>,,<0>,,
400010123,,,4,,,,,,,<400101>,<2>,<0.4>,,<target:hpMax()*0.3>,,
400010124,,,,enemyForce|nodead,targetRow,,,,,<400101>,<2>,<self:flagZ2() and 1 or 0>,,<target:hpMax()*0.3>,,
400010134,,,,enemyForce|nodead,rowfront,,,,,<400102>,<2>,"<moreEqualThan(self:star(),11) and 0.6 or 0.4>",,<target:hpMax()*0.3>,,
400010222,,,,,,,,,,<400105>,<2>,<1>,,<target:hpMax()*0.35>,,
400010232,,,11,,,,,,,<400106>,<2>,<0.28>,,<target:hpMax()*0.35>,,
400010261,,1,14,,,,,,,<400107>,<999>,<1>,,<0>,,
400010331,,,,,,,,,,<400109>,<2>,"<target:hasBuffGroup(26) and 0 or (moreEqualThan(self:star(),11) and 0.8 or 0.6)>",,<target:hpMax()*0.35>,108231,
400010361,,1,14,,,,,,,<400112;400113>,<999;999>,<1;1>,,<0;0>,,
400020161,,,,object(1),,,,,,<400201>,<999>,<1>,,<0>,,
400020162,,,,object(7),,,,,,<400204;400206;400211;400212>,<999;999;999;1>,<1;1;1;1>,,<<6;0;1;list(3002)>;0;0;target:hpMax()>,,
400020261,,,,object(2),,,,,,<400202>,<999>,<1>,,<0>,,
400020262,,,,object(8),,,,,,<400204;400207;400211;400212>,<999;999;999;1>,<1;1;1;1>,,<<6;0;1;list(3002)>;0;0;target:hpMax()>,,
400020361,,,,object(3),,,,,,<400203>,<999>,<1>,,<0>,,
400020362,,,,object(9),,,,,,<400204;400208;400211;400212>,<999;999;999;1>,<1;1;1;1>,,<<6;0;1;list(3002)>;0;0;target:hpMax()>,,
400030161,,,11,,,,,,,<400301>,<1>,<(target:natureIntersection(list(2))) and 0 or 1>,,<target:hpMax()*0.16>,,
400030162,,1,14,,,,,,,<400303>,<999>,<1>,,<0>,,
400030261,,,,enemyForce|nodead,random(2),,,,,<400302>,<1>,<(getNowRound()==1) and 1 or 0>,,<self:specialDamage()*0.25>,,
400030262,,,,enemyForce|nodead,random(3),,,,,<400302;400302>,<1;1>,<(getNowRound()==2) and 1 or 0;(getNowRound()==2) and 1 or 0>,,<self:specialDamage()*0.25;self:specialDamage()*0.25>,,
400030263,,,,enemyForce|nodead,random(4),,,,,<400302;400302>,<1;1>,<(getNowRound()==3) and 1 or 0;(getNowRound()==3) and 1 or 0>,,<self:specialDamage()*0.25;self:specialDamage()*0.25>,,
400030264,,,,enemyForce|nodead,random(5),,,,,<400302;400302;400302>,<1;1;1>,<(getNowRound()==4) and 1 or 0;(getNowRound()==4) and 1 or 0;(getNowRound()==4) and 1 or 0>,,<self:specialDamage()*0.25;self:specialDamage()*0.25;self:specialDamage()*0.25>,,
400030265,,,,enemyForce|nodead,random(6),,,,,<400302;400302;400302>,<1;1;1>,"<moreE(getNowRound(),5) and 1 or 0;moreE(getNowRound(),5) and 1 or 0;moreE(getNowRound(),5) and 1 or 0>",,<self:specialDamage()*0.25;self:specialDamage()*0.25;self:specialDamage()*0.25>,,
400040161,,,,selfForce()|nodead,random(1),,,,,<400404;400407>,<999;999>,<1;1>,,<0;0>,,
400040162,,,,selfForce()|nodead,otherProcessExcept(400040161)|random(2),,,,,<400401>,<999>,<1>,,<0>,,
400050161,,1,14,,,,,,,<400501>,<999>,<1>,,<0>,,
400050261,,1,14,,,,,,,<400502>,<999>,<1>,,<0>,,
400060161,,,,object(2),,,,,,<400603>,<999>,<1>,,<0>,,
400060162,,1,14,,,,,,,<400601>,<999>,<1>,,<0>,,
400070161,,,,selfForce()|nodead,random(1),,,,,<400701>,<999>,<1>,,<0>,,
400070162,,,,selfForce()|nodead,otherProcessExcept(400070161)|random(1),,,,,<400702>,<999>,<1>,,<0>,,
400070163,,,,selfForce()|nodead,"otherProcessExcept(400070161,400070162)|random(1)",,,,,<400703>,<999>,<1>,,<0>,,
400070164,,,,selfForce()|nodead,"otherProcessExcept(400070161,400070162,400070163)|random(1)",,,,,<400704>,<999>,<1>,,<0>,,
400070165,,,,selfForce()|nodead,"otherProcessExcept(400070161,400070162,400070163,400070164)|random(1)",,,,,<400705>,<999>,<1>,,<0>,,
400070166,,,,selfForce()|nodead,"otherProcessExcept(400070161,400070162,400070163,400070164,400070165)|random(1)",,,,,<400706>,<999>,<1>,,<0>,,
400070761,,1,14,,,,,,,<400708>,<999>,<1>,,<<1;1;11>>,,
400080161,,1,14,,,,,,,<400801>,<999>,<1>,,<0>,,
400080162,,,11,,,,,,,<400808>,<1>,<1>,,<1000>,,
400080261,,1,14,,,,,,,<400811>,<999>,<1>,,<10000>,,
500000011,,1,14,,,,,,,<2471111>,<1>,<1>,,<0>,,
500000021,,1,14,,,,,,,<3211185>,<1>,<1>,,<self:hpMax()*0.2>,,
500000111,,,11,,,,,,,<400621>,<1>,<1>,,<5000>,,
500000121,,,,object(2),,,,,,<400622>,<1>,<target:hasBuff(400622) and 0 or 1>,,<target:hpMax()*0.7>,,
500001111,,1,14,,,,,,,<500001>,<999>,<1>,,<0>,,
500002111,,1,14,,,,,,,<500101>,<999>,<1>,,<0>,,
500003111,,1,14,,,,,,,<500201>,<999>,<1>,,<0>,,
500004111,,1,14,,,,,,,<500301>,<999>,<1>,,<0>,,
500004112,,1,14,,,,,,,<500311>,<999>,<1>,,<-5000>,,
500005111,,1,14,,,,,,,<500401;500404>,<999;999>,<1;1>,,<0;<1>>,,
500005121,,1,14,,,,,,,<500401;500404>,<999;999>,<1;1>,,<0;<1>>,,
500005131,,1,14,,,,,,,<500401;500404>,<999;999>,<1;1>,,<0;<1>>,,
500005141,,1,14,,,,,,,<500402;500404>,<999;999>,<1;1>,,<0;<1>>,,
500005151,,1,14,,,,,,,<500401;500404>,<999;999>,<1;1>,,<0;<1>>,,
500005161,,1,14,,,,,,,<500402;500404>,<999;999>,<1;1>,,<0;<1>>,,
500006111,,1,14,,,,,,,<500500;500504;500510;500511>,<999;999;999;999>,<1;1;1;1>,,<0;0;-2000;10000>,,
500007111,,1,14,,,,,,,<500603;500605;500602;500602;500602>,<999;999;999;999;999>,<1;1;1;1;1>,,<<1>;0;0;0;0>,,
500007121,,1,14,,,,,,,<500603;500605;500602;500602>,<999;999;999;999>,<1;1;1;1>,,<<1>;0;0;0>,,
500007131,,1,14,,,,,,,<500603;500605;500602;500602;500602>,<999;999;999;999;999>,<1;1;1;1;1>,,<<1>;0;0;0;0>,,
500007141,,1,14,,,,,,,<500603;500605;500602;500602>,<999;999;999;999>,<1;1;1;1>,,<<1>;0;0;0>,,
500007151,,1,14,,,,,,,<500603;500605;500606>,<999;999;999>,<1;1;1>,,<<1>;0;0>,,
500007161,,1,14,,,,,,,<500603;500605;500602>,<999;999;999>,<1;1;1>,,<<1>;0;0>,,
500008111,,1,14,,,,,,,<500701>,<999>,<1>,,<0>,,
500008121,,1,14,,,,,,,<500704>,<999>,<1>,,<0>,,
500008131,,1,14,,,,,,,<500704>,<999>,<1>,,<0>,,
500008141,,1,14,,,,,,,<500704>,<999>,<1>,,<0>,,
500009111,,1,14,,,,,,,<500801;500805;500806>,<999;999;999>,<1;1;1>,,<self:speed()*2;1;0>,,
500009121,,1,14,,,,,,,<500803>,<999>,<1>,,<0>,,
500009131,,1,14,,,,,,,<500803>,<999>,<1>,,<0>,,
500009141,,1,14,,,,,,,<500803>,<999>,<1>,,<0>,,
500010111,,1,14,,,,,,,<500901>,<999>,<1>,,<self:speed()*2>,,
510005111,,1,14,,,,,,,<500402;500404>,<999;999>,<1;1>,,<0;<1>>,,
510005121,,1,14,,,,,,,<500401;500404>,<999;999>,<1;1>,,<0;<1>>,,
510005131,,1,14,,,,,,,<500401;500404>,<999;999>,<1;1>,,<0;<1>>,,
510005141,,1,14,,,,,,,<500401;500404>,<999;999>,<1;1>,,<0;<1>>,,
510005151,,1,14,,,,,,,<500402;500404>,<999;999>,<1;1>,,<0;<1>>,,
510005161,,1,14,,,,,,,<500402;500404>,<999;999>,<1;1>,,<0;<1>>,,
510005171,,1,14,,,,,,,<72003010>,<999>,<1>,,<0>,,
510005181,,1,14,,,,,,,<72003010>,<999>,<1>,,<0>,,
510005191,,1,14,,,,,,,<72003010>,<999>,<1>,,<0>,,
510005201,,1,14,,,,,,,<72003010>,<999>,<1>,,<0>,,
510006111,,1,14,,,,,,,<72004011>,<999>,<1>,,<0>,,
510007111,,1,14,,,,,,,<72005011>,<999>,<1>,,<0>,,
510008111,,1,14,,,,,,,<72007011>,<999>,<1>,,<0>,,
510008121,,1,14,,,,,,,<72007021>,<999>,<1>,,<0>,,
510009111,,1,14,,,,,,,<72008011>,<999>,<1>,,<0>,,
520241011,,1,14,,,,,,,<72024101>,<999>,<1>,,<0>,,
520242011,,1,14,,,,,,,<72024201>,<999>,<1>,,<0>,,
520242021,,1,14,,,,,,,<72024203>,<999>,<1>,,<0>,,
520243011,,1,14,,,,,,,<72024301>,<999>,<1>,,<0>,,
520244011,,1,14,,,,,,,<72024401>,<999>,<1>,,<0>,,
520245011,,1,14,,,,,,,<72024501>,<999>,<1>,,<0>,,
520246011,,1,14,,,,,,,<72024600>,<999>,<1>,,<0>,,
520247011,,1,14,,,,,,,<72024701>,<999>,<1>,,<0>,,
520252011,,1,14,,,,,,,<74002011>,<999>,<1>,,<0>,,
520252021,,1,14,,,,,,,<74002021>,<999>,<1>,,<0>,,
520253011,,1,14,,,,,,,<74003011>,<999>,<1>,,<0>,,
520254011,,1,14,,,,,,,<74004011>,<999>,<1>,,<0>,,
520255011,,1,14,,,,,,,<74005011>,<999>,<1>,,<0>,,
520256011,,1,14,,,,,,,<74006011>,<999>,<1>,,<0>,,
520256021,,1,14,,,,,,,<74006015>,<999>,<1>,,<0>,,
520257011,,1,14,,,,,,,<74007011>,<999>,<1>,,<0>,,
520257021,,1,14,,,,,,,<74007021>,<999>,<1>,,<0>,,
520258011,,1,14,,,,,,,<74008011>,<999>,<1>,,<0>,,
520258021,,1,14,,,,,,,<74008020>,<999>,<1>,,<0>,,
520260011,,1,14,,,,,,,<74010011>,<999>,<1>,,<0>,,
530001011,,1,14,,,,,,,<73001011>,<999>,<1>,,<0>,,
530002011,,1,14,,,,,,,<73002011>,<999>,<1>,,<0>,,
530003011,,1,14,,,,,,,<73003011>,<999>,<1>,,<0>,,
530004011,,1,14,,,,,,,<73004011>,<999>,<1>,,<0>,,
530005011,,1,14,,,,,,,<73005011>,<999>,<1>,,<0>,,
530006011,,1,14,,,,,,,<73006011>,<999>,<1>,,<0>,,
530007011,,1,14,,,,,,,<73007011;73007021>,<999;999>,<1;1>,,<0;0>,,
530007012,,1,14,,,,,,,<73007031>,<999>,<1>,,<0>,,
540001011,,1,14,,,,,,,<75001011>,<999>,<1>,,<0>,,
540002011,,1,14,,,,,,,<75002011>,<999>,<1>,,<0>,,
540003011,,1,14,,,,,,,<75003011>,<999>,<1>,,<0>,,
540004011,,1,14,,,,,,,<75004011>,<999>,<1>,,<0>,,
540005011,,1,14,,,,,,,<75005011>,<999>,<1>,,<0>,,
540011011,,1,14,,,,,,,<75011011>,<999>,<1>,,<0>,,
540012011,,1,14,,,,,,,<75012011>,<999>,<1>,,<0>,,
540012021,,1,14,,,,,,,<75012111>,<999>,<1>,,<0>,,
540013011,,1,14,,,,,,,<75013011>,<999>,<1>,,<0>,,
540014011,,1,14,,,,,,,<75014011>,<999>,<1>,,<0>,,
540015011,,1,14,,,,,,,<75015011>,<999>,<1>,,<<1;1;1>>,,
540015021,,1,14,,,,,,,<75015111>,<999>,<1>,,<0>,,
600000011,,1,14,,,,,,,<600001>,<999>,<1>,,<0>,,
600001011,,1,14,,,,,,,<600102;600103>,<999;999>,<1;1>,,<8000;8000>,,
600001012,,,11,,,,,,,<600101>,<999>,<1;1>,,<8000>,,
600001021,,1,14,,,,,,,<600101;600103>,<999;999>,<1;1>,,<5000;10000>,,
600001022,,,11,,,,,,,<600102>,<999>,<1;1>,,<8000>,,
600001031,,1,14,,,,,,,<600101;600102>,<999;999>,<1;1>,,<2000;8000>,,
600001032,,,11,,,,,,,<600103>,<999>,<1;1>,,<10000>,,
600002011,,1,14,,,,,,,<600201;600204>,<2;999>,"<1;less(countForceNum(1),6) and 1 or 0>",,<0;0>,,
600002021,,1,14,,,,,,,<600203>,<2>,<1>,,<0>,,
600003011,,1,14,,,,,,,<600301;600302>,<999;999>,<1;1>,,<0;<1>>,,
600003021,,1,14,,,,,,,<600303;600302>,<999;999>,<1;1>,,<0;<1>>,,
600003022,,,11,,,,,,,<600307>,<999>,<1>,,<1000>,,
600003023,,,,enemyForce | nodead,selfColumn(),,,,,,,,,,263331,
600003024,,,,enemyForce | nodead,useOtherProcess(600003022),,,,,,,,,,263332,
600003025,,,,enemyForce | nodead,selfColumn(),,,,,,,,,,259331,
600003026,,,,enemyForce | nodead,useOtherProcess(600003024),,,,,,,,,,259332,
600004011,,1,14,,,,,,,<600401>,<999>,<1>,,<0>,,
600004012,,1,14,,,,,,,<600403>,<999>,<1>,,<0>,,
600005011,,1,14,,,,,,,<600501>,<999>,<1>,,<0>,,
600005021,,1,14,,,,,,,<600503>,<999>,<1>,,<8000>,,
600006011,,,4,,,,,,,,,,,,249111,
600006021,,,,enemyForce|nodead,targetRow,,,,,,,,,,249111,
600006031,,,12,,,,,,,,,,,,249111,
600006061,,1,14,,,,,,,<600608>,<999>,<1>,,"<<list(24911,24912,24913);list(60000601,60000602,60000603)>>",,
600006111,,1,14,,,,,,,<600601;600602;600603;600603>,<999;999;999;999>,<1;1;1;1>,,<0;<1>;0;0>,,
600006121,,1,14,,,,,,,<600601;600602;600603>,<999;999;999>,<1;1;1>,,<0;<1>;0>,,
600006131,,1,14,,,,,,,<600601;600602;600603;600603;600603>,<999;999;999;999;999>,<1;1;1;1;1>,,<0;<1>;0;0;0>,,
600006141,,1,14,,,,,,,<600601;600602;600603;600603>,<999;999;999;999>,<1;1;1;1>,,<0;<1>;0;0>,,
600006151,,1,14,,,,,,,<600601;600602;600603;600603;600603>,<999;999;999;999;999>,<1;1;1;1;1>,,<0;<1>;0;0;0>,,
600006161,,1,14,,,,,,,<600601;600602;600603;600603;600603;600603>,<999;999;999;999;999;999>,<1;1;1;1;1;1>,,<0;<1>;0;0;0;0>,,
600007011,,1,14,,,,,,,<600700>,<999>,<1>,,<<0>>,,
600008011,,1,14,,,,,,,<600801>,<999>,<1>,,<0>,,
600008021,,1,14,,,,,,,<600802>,<999>,<1>,,<0>,,
600008031,,1,,,,,,,,<600804>,<1>,<1>,,<target:hpMax()>,2491111,
600008041,,1,,,,,,,,<600805>,<1>,<1>,,<500>,2491111,
600008051,,1,,,,,,,,<600807;2491613>,<999;999>,<target:hasBuff(2491616) and 1 or 0;target:hasBuff(2491616) and 0 or 1>,,<0;0>,2491111,
600008061,,1,14,,,,,,,<600811>,<999>,<1>,,<0>,,
700001011,,,,object(8),,,,,,<70000001>,<999>,<1>,,<0>,,
700002011,,,,object(8),,,,,,<70000005>,<999>,<1>,,<0>,,
700002012,,,,object(11),,,,,,<70000003>,<999>,<1>,,<0>,,
700101000,,1,14,,,,,,,<70000010;70000015>,<999;999>,<1;1>,,<0;0>,,
700101011,,,,,,,,,,<70000013>,<1>,"<lessE(target:hp()/target:hpMax(),0.1) and 1 or 0>",,<0>,9211,
700102011,,,,,,,,,,<70000013>,<1>,"<moreE(target:sumBuffOverlayByGroup(c.debuffs_oc()),6) and 1 or 0>",,<0>,9211,
700103011,,,,,,,,,,<70000013>,<1>,"<moreE(target:getBuffOverlayCount(70000011),6) and 1 or 0>",,<0>,9211,
700201000,,1,14,,,,,,,<70000020>,<999>,<1>,,<0>,,
700301000,,1,14,,,,,,,<70000030>,<999>,<1>,,<0>,,
700401000,,1,14,,,,,,,<70000040;70000043;70000044>,<999;999;999>,<1;1;1>,,<0;0;<1>>,,
700402000,,1,14,,,,,,,<70000041;70000043;70000044>,<999;999;999>,<1;1;1>,,<0;0;<1>>,,
700403000,,1,14,,,,,,,<70000042;70000043;70000044>,<999;999;999>,<1;1;1>,,<0;0;<1>>,,
700403001,,,11,,,,,,,<70000047>,<1>,<1>,,<1000>,,
700501000,,1,11,,,,,,,<70000050>,<999>,<1>,,<0>,,
700502000,,1,11,,,,,,,<70000051>,<999>,<1>,,<0>,,
700503000,,1,11,,,,,,,<70000052>,<999>,<1>,,<target:hpMax()*0.2*getNowRound()>,,
700504000,,1,14,,,,,,,<70000053>,<999>,<1>,,<0>,,
700601010,,,,object(1),,,,,,,,,,,327171,
700601011,,,,object(2),,,,,,,,,,,327171,
700601012,,,,object(3),,,,,,,,,,,327171,
700601013,,1,14,,,,,,,<70000060>,<999>,<1>,,<0>,,
700605000,,1,14,,,,,,,<70000065>,<999>,<1>,,<-400>,,
700701000,,1,3,,,,,,,<70000073;70000074>,<999;999>,<1;1>,,<target:damage()*3;target:specialDamage()*3>,,
700701001,,1,2,,,,,,,<70000070>,<999>,<1>,,<50000>,,
700701002,,1,3,,,,,,,<70000072;70000071>,<999;999>,<1;1>,,<-target:speed()*0.3;20000>,,
700801000,,1,14,,,,,,,<80000092>,<999>,<1>,,<1000>,,
700801001,,1,14,,,,,,,<80000094>,<999>,<1>,,<0>,,
700801002,,1,14,,,,,,,<80000096>,<999>,<1>,,<0>,,
700801003,,1,14,,,,,,,<80000098>,<999>,<1>,,<0>,,
710001011,,1,14,,,,,,,<71001011;71001012;71001013;71001013;71001013;71001013>,<999;999;999;999;999;999>,<1;1;1;1;1;1>,,<0;<1>;0;0;0;0>,,
710001012,,1,14,,,,,,,<71001012;71001015>,<999;999>,<1;1>,,<<1>;0>,,
710001013,,1,14,,,,,,,<71001011;71001012;71001013;71001013>,<999;999;999;999>,<1;1;1;1>,,<0;<1>;0;0>,,
710001014,,1,14,,,,,,,<71001011;71001012;71001013;71001013;71001013>,<999;999;999;999;999>,<1;1;1;1;1>,,<0;<1>;0;0;0>,,
710001015,,1,14,,,,,,,<71001011;71001012;71001013;71001013>,<999;999;999;999>,<1;1;1;1>,,<0;<1>;0;0>,,
710001016,,1,14,,,,,,,<71001012;71001015>,<999;999>,<1;1>,,<<1>;0>,,
710001017,,,11,,,,,,,<71001010>,<1>,<1>,,<1000>,,
710003011,,1,14,,,,,,,<71003016;71003015>,<999;999>,<1;1>,,<<1>;0>,,
710003012,,1,14,,,,,,,<71003016;71003013>,<999;999>,<1;1>,,<<1>;0>,,
710003013,,1,14,,,,,,,<71003016;71003011>,<999;999>,<1;1>,,<<1>;0>,,
710003014,,1,14,,,,,,,<71003016;71003014>,<999;999>,<1;1>,,<<1>;0>,,
710003015,,1,14,,,,,,,<71003016;71003012>,<999;999>,<1;1>,,<<1>;0>,,
710003016,,1,14,,,,,,,<71003016;71003010>,<999;999>,<1;1>,,<<1>;0>,,
710004011,,1,14,,,,,,,<71004013>,<999>,<1>,,<0>,,
710004012,,1,14,,,,,,,<71004011>,<1>,<1>,,<<3;3;list(4);(self:id()==3 and 2 or (self:id()==2 and 1 or 3))>>,9211,
710004013,,1,14,,,,,,,,,,,,9211,
710004014,,1,14,,,,,,,<71004011>,<1>,<1>,,<<3;3;list(4);(self:id()==1 and 2 or (self:id()==2 and 3 or 1))>>,9211,
710004015,,,,object(1),,,,,,,,,,,,
710004016,,,,object(2),,,,,,,,,,,,
710004017,,,,object(3),,,,,,,,,,,,
710004018,,,,enemyForce | nodead,,"{process={keyNum=self:hasBuff(71004014) and 1 or (self:hasBuff(71004015) and 2 or 3);value=<useOtherProcess(710004015,710004016);useOtherProcess(710004015,710004017);useOtherProcess(710004016,710004017)>}}",,,,,,,,,456111,
710004019,,1,14,,,,,,,<71004022;71004021>,<999;999>,<1;1>,,<<1>;0>,,
710004020,,1,14,,,,,,,<71004023>,<999>,<1>,,<0>,,
710005011,,1,14,,,,,,,<71005014>,<999>,<1>,,<0>,,
710007011,,1,14,,,,,,,<71007011>,<999>,<1>,,<0>,,
710008011,,1,14,,,,,,,<71008011>,<999>,<1>,,<0>,,
710008012,,1,14,,,,,,,<71008015>,<1>,<1>,,<0>,,
710008013,,1,14,,,,,,,<71008016>,<1>,<1>,,<0>,,
710008014,,1,14,,,,,,,<71008017>,<1>,<1>,,<0>,,
800901000,,,,,,,,,,,,,,,1311,
800901001,,1,14,,,,,,,<80000093>,<1>,<1>,,<(self:hpMax()-self:hp())*0.5>,,
800901010,,,,,,,,,,,,,,,1321,
800901011,,,,,,,,,,,,,,,1322,
800901012,,1,14,,,,,,,<80000090;80000091;80000092>,<1;1;1>,<1;1;1>,,<target:damage()*3;target:specialDamage()*3;1000>,,
800901020,,,4,,,,,,,,,,,,1331,
800901021,,,4,,,,,,,,,,,,1332,
800901030,,1,14,,,,,,,<70000090>,<999>,<1>,,<0>,,
900000011,,1,14,,,,,,,,<999>,<1>,,<0>,,
991110100,,,,,,,,,,<991110101>,<999>,<1>,,<0>,164111,
991120100,,,,,,,,,,<991120101>,<999>,<1>,,<0>,164111,
991130100,,,,,,,,,,<991130101>,<999>,<1>,,<0>,164111,
991140100,,,,,,,,,,<991140101>,<999>,<1>,,<0>,164111,
991150100,,,,,,,,,,<991150101>,<999>,<1>,,<0>,164111,
991160100,,,,,,,,,,<991160101>,<999>,<1>,,<0>,164111,
991170100,,,,,,,,,,<991170101>,<999>,<1>,,<0>,164111,
991180100,,,,,,,,,,<991180101>,<999>,<1>,,<0>,164111,
991190100,,,,,,,,,,<991190101>,<999>,<1>,,<0>,164111,
991200100,,,,,,,,,,<991200101>,<999>,<1>,,<0>,164111,
991210100,,,,,,,,,,<991210101>,<999>,<1>,,<0>,164111,
991220100,,,,,,,,,,<991220101>,<999>,<1>,,<0>,164111,
