变量名,name,suitID,suitNo,icon,quality,gemDescribe,heapLimit,decomposeReturn,strengthMax,strengthCostSeq,attrType1,attrNum1,attrType2,attrNum2,attrType3,attrNum3,attrType4,attrNum4,attrType5,attrNum5,desc,effect
默认值,"""""",,,"""""",1,,99,{},120,1,0,<>,0,<>,0,<>,0,<>,0,<>,"""""",{drawcard=false;gain=false}
ID,名称,套装ID,散件编号,icon,品质,符石描述,堆叠上限,分解返还材料,强化等级上限,强化消耗序列ID,属性类型1,属性数值1,属性类型2,属性数值2,属性类型3,属性数值3,属性类型4,属性数值4,属性类型5,属性数值5,描述,分别表示在抽卡，恭喜获得
,,,,,,,,,,,,,,,,,,,,,,
40121,强击,1,1,config/item/gem/icon_1_lv_1.png,2,攻击向符石,9999,{529=20},,2,7,<200;203;206;209;212;215;218;221;224;227;232;235;238;242;245;248;251;254;258;261;268;271;275;278;282;285;288;292;295;299;308;312;315;319;322;326;330;333;337;340;360;364;368;372;376;380;384;388;392;396;420;424;429;433;438;442;446;451;455;460;488;493;498;502;507;512;517;522;526;531;564;569;574;580;585;590;595;600;606;611;648;654;659;665;670;676;682;687;693;698;740;746;752;758;764;770;776;782;788;794;840;846;853;859;866;872;878;885;891;898;948;955;962;968;975;982;989;996;1002;1009>,8,<200;203;206;209;212;215;218;221;224;227;232;235;238;242;245;248;251;254;258;261;268;271;275;278;282;285;288;292;295;299;308;312;315;319;322;326;330;333;337;340;360;364;368;372;376;380;384;388;392;396;420;424;429;433;438;442;446;451;455;460;488;493;498;502;507;512;517;522;526;531;564;569;574;580;585;590;595;600;606;611;648;654;659;665;670;676;682;687;693;698;740;746;752;758;764;770;776;782;788;794;840;846;853;859;866;872;878;885;891;898;948;955;962;968;975;982;989;996;1002;1009>,14,<22;22;22;22;22;25;25;25;25;25;27;27;27;27;27;30;30;30;30;30;32;32;32;32;32;34;34;34;34;34;37;37;37;37;37;39;39;39;39;39;42;42;42;42;42;44;44;44;44;44;46;46;46;46;46;49;49;49;49;49;51;51;51;51;51;54;54;54;54;54;56;56;56;56;56;58;58;58;58;58;61;61;61;61;61;63;63;63;63;63;66;66;66;66;66;68;68;68;68;68;70;70;70;70;70;73;73;73;73;73;75;75;75;75;75;78;78;78;78;78>,,,,,,
40122,强击,1,2,config/item/gem/icon_1_lv_2.png,2,攻击向符石,9999,{529=20},,2,7,<200;203;206;209;212;215;218;221;224;227;232;235;238;242;245;248;251;254;258;261;268;271;275;278;282;285;288;292;295;299;308;312;315;319;322;326;330;333;337;340;360;364;368;372;376;380;384;388;392;396;420;424;429;433;438;442;446;451;455;460;488;493;498;502;507;512;517;522;526;531;564;569;574;580;585;590;595;600;606;611;648;654;659;665;670;676;682;687;693;698;740;746;752;758;764;770;776;782;788;794;840;846;853;859;866;872;878;885;891;898;948;955;962;968;975;982;989;996;1002;1009>,8,<200;203;206;209;212;215;218;221;224;227;232;235;238;242;245;248;251;254;258;261;268;271;275;278;282;285;288;292;295;299;308;312;315;319;322;326;330;333;337;340;360;364;368;372;376;380;384;388;392;396;420;424;429;433;438;442;446;451;455;460;488;493;498;502;507;512;517;522;526;531;564;569;574;580;585;590;595;600;606;611;648;654;659;665;670;676;682;687;693;698;740;746;752;758;764;770;776;782;788;794;840;846;853;859;866;872;878;885;891;898;948;955;962;968;975;982;989;996;1002;1009>,15,<34;34;34;34;34;37;37;37;37;37;41;41;41;41;41;44;44;44;44;44;48;48;48;48;48;52;52;52;52;52;55;55;55;55;55;59;59;59;59;59;62;62;62;62;62;66;66;66;66;66;70;70;70;70;70;73;73;73;73;73;77;77;77;77;77;80;80;80;80;80;84;84;84;84;84;88;88;88;88;88;91;91;91;91;91;95;95;95;95;95;98;98;98;98;98;102;102;102;102;102;106;106;106;106;106;109;109;109;109;109;113;113;113;113;113;116;116;116;116;116>,,,,,,
40123,强击,1,3,config/item/gem/icon_1_lv_3.png,2,攻击向符石,9999,{529=20},,2,1,<1008;1023;1038;1053;1068;1084;1099;1114;1129;1144;1169;1185;1202;1218;1234;1250;1266;1282;1298;1314;1351;1368;1385;1402;1419;1436;1454;1471;1488;1505;1552;1570;1589;1607;1625;1643;1661;1679;1697;1716;1814;1835;1855;1875;1895;1915;1935;1956;1976;1996;2117;2139;2161;2183;2206;2228;2250;2272;2294;2316;2460;2484;2508;2532;2556;2580;2605;2629;2653;2677;2843;2869;2895;2921;2947;2974;3000;3026;3052;3078;3266;3294;3322;3351;3379;3407;3435;3463;3492;3520;3730;3760;3790;3820;3851;3881;3911;3941;3972;4002;4234;4266;4298;4330;4363;4395;4427;4459;4492;4524;4778;4812;4846;4881;4915;4949;4984;5018;5052;5086>,7,<200;203;206;209;212;215;218;221;224;227;232;235;238;242;245;248;251;254;258;261;268;271;275;278;282;285;288;292;295;299;308;312;315;319;322;326;330;333;337;340;360;364;368;372;376;380;384;388;392;396;420;424;429;433;438;442;446;451;455;460;488;493;498;502;507;512;517;522;526;531;564;569;574;580;585;590;595;600;606;611;648;654;659;665;670;676;682;687;693;698;740;746;752;758;764;770;776;782;788;794;840;846;853;859;866;872;878;885;891;898;948;955;962;968;975;982;989;996;1002;1009>,8,<200;203;206;209;212;215;218;221;224;227;232;235;238;242;245;248;251;254;258;261;268;271;275;278;282;285;288;292;295;299;308;312;315;319;322;326;330;333;337;340;360;364;368;372;376;380;384;388;392;396;420;424;429;433;438;442;446;451;455;460;488;493;498;502;507;512;517;522;526;531;564;569;574;580;585;590;595;600;606;611;648;654;659;665;670;676;682;687;693;698;740;746;752;758;764;770;776;782;788;794;840;846;853;859;866;872;878;885;891;898;948;955;962;968;975;982;989;996;1002;1009>,11,<22;22;22;22;22;25;25;25;25;25;27;27;27;27;27;30;30;30;30;30;32;32;32;32;32;34;34;34;34;34;37;37;37;37;37;39;39;39;39;39;42;42;42;42;42;44;44;44;44;44;46;46;46;46;46;49;49;49;49;49;51;51;51;51;51;54;54;54;54;54;56;56;56;56;56;58;58;58;58;58;61;61;61;61;61;63;63;63;63;63;66;66;66;66;66;68;68;68;68;68;70;70;70;70;70;73;73;73;73;73;75;75;75;75;75;78;78;78;78;78>,12,<22;22;22;22;22;25;25;25;25;25;27;27;27;27;27;30;30;30;30;30;32;32;32;32;32;34;34;34;34;34;37;37;37;37;37;39;39;39;39;39;42;42;42;42;42;44;44;44;44;44;46;46;46;46;46;49;49;49;49;49;51;51;51;51;51;54;54;54;54;54;56;56;56;56;56;58;58;58;58;58;61;61;61;61;61;63;63;63;63;63;66;66;66;66;66;68;68;68;68;68;70;70;70;70;70;73;73;73;73;73;75;75;75;75;75;78;78;78;78;78>,,
40124,强击,1,4,config/item/gem/icon_1_lv_4.png,2,攻击向符石,9999,{529=20},,2,1,<1008;1023;1038;1053;1068;1084;1099;1114;1129;1144;1169;1185;1202;1218;1234;1250;1266;1282;1298;1314;1351;1368;1385;1402;1419;1436;1454;1471;1488;1505;1552;1570;1589;1607;1625;1643;1661;1679;1697;1716;1814;1835;1855;1875;1895;1915;1935;1956;1976;1996;2117;2139;2161;2183;2206;2228;2250;2272;2294;2316;2460;2484;2508;2532;2556;2580;2605;2629;2653;2677;2843;2869;2895;2921;2947;2974;3000;3026;3052;3078;3266;3294;3322;3351;3379;3407;3435;3463;3492;3520;3730;3760;3790;3820;3851;3881;3911;3941;3972;4002;4234;4266;4298;4330;4363;4395;4427;4459;4492;4524;4778;4812;4846;4881;4915;4949;4984;5018;5052;5086>,7,<200;203;206;209;212;215;218;221;224;227;232;235;238;242;245;248;251;254;258;261;268;271;275;278;282;285;288;292;295;299;308;312;315;319;322;326;330;333;337;340;360;364;368;372;376;380;384;388;392;396;420;424;429;433;438;442;446;451;455;460;488;493;498;502;507;512;517;522;526;531;564;569;574;580;585;590;595;600;606;611;648;654;659;665;670;676;682;687;693;698;740;746;752;758;764;770;776;782;788;794;840;846;853;859;866;872;878;885;891;898;948;955;962;968;975;982;989;996;1002;1009>,8,<200;203;206;209;212;215;218;221;224;227;232;235;238;242;245;248;251;254;258;261;268;271;275;278;282;285;288;292;295;299;308;312;315;319;322;326;330;333;337;340;360;364;368;372;376;380;384;388;392;396;420;424;429;433;438;442;446;451;455;460;488;493;498;502;507;512;517;522;526;531;564;569;574;580;585;590;595;600;606;611;648;654;659;665;670;676;682;687;693;698;740;746;752;758;764;770;776;782;788;794;840;846;853;859;866;872;878;885;891;898;948;955;962;968;975;982;989;996;1002;1009>,90,<27;27;27;27;27;30;30;30;30;30;33;33;33;33;33;36;36;36;36;36;38;38;38;38;38;41;41;41;41;41;44;44;44;44;44;47;47;47;47;47;50;50;50;50;50;53;53;53;53;53;56;56;56;56;56;59;59;59;59;59;61;61;61;61;61;64;64;64;64;64;67;67;67;67;67;70;70;70;70;70;73;73;73;73;73;76;76;76;76;76;79;79;79;79;79;82;82;82;82;82;84;84;84;84;84;87;87;87;87;87;90;90;90;90;90;93;93;93;93;93>,,,,
40125,强击,1,5,config/item/gem/icon_1_lv_5.png,2,攻击向符石,9999,{529=20},,2,7,<200;203;206;209;212;215;218;221;224;227;232;235;238;242;245;248;251;254;258;261;268;271;275;278;282;285;288;292;295;299;308;312;315;319;322;326;330;333;337;340;360;364;368;372;376;380;384;388;392;396;420;424;429;433;438;442;446;451;455;460;488;493;498;502;507;512;517;522;526;531;564;569;574;580;585;590;595;600;606;611;648;654;659;665;670;676;682;687;693;698;740;746;752;758;764;770;776;782;788;794;840;846;853;859;866;872;878;885;891;898;948;955;962;968;975;982;989;996;1002;1009>,8,<200;203;206;209;212;215;218;221;224;227;232;235;238;242;245;248;251;254;258;261;268;271;275;278;282;285;288;292;295;299;308;312;315;319;322;326;330;333;337;340;360;364;368;372;376;380;384;388;392;396;420;424;429;433;438;442;446;451;455;460;488;493;498;502;507;512;517;522;526;531;564;569;574;580;585;590;595;600;606;611;648;654;659;665;670;676;682;687;693;698;740;746;752;758;764;770;776;782;788;794;840;846;853;859;866;872;878;885;891;898;948;955;962;968;975;982;989;996;1002;1009>,9,<140;142;144;146;148;151;153;155;157;159;162;165;167;169;171;174;176;178;180;183;188;190;192;195;197;200;202;204;207;209;216;218;221;223;226;228;231;233;236;238;252;255;258;260;263;266;269;272;274;277;294;297;300;303;306;309;312;316;319;322;342;345;348;352;355;358;362;365;368;372;395;398;402;406;409;413;417;420;424;428;454;458;461;465;469;473;477;481;485;489;518;522;526;531;535;539;543;547;552;556;588;592;597;601;606;610;615;619;624;628;664;668;673;678;683;687;692;697;702;706>,22,<13;13;13;13;13;15;15;15;15;15;16;16;16;16;16;18;18;18;18;18;19;19;19;19;19;21;21;21;21;21;22;22;22;22;22;24;24;24;24;24;25;25;25;25;25;26;26;26;26;26;28;28;28;28;28;29;29;29;29;29;31;31;31;31;31;32;32;32;32;32;34;34;34;34;34;35;35;35;35;35;36;36;36;36;36;38;38;38;38;38;39;39;39;39;39;41;41;41;41;41;42;42;42;42;42;44;44;44;44;44;45;45;45;45;45;47;47;47;47;47>,,,,
40126,强击,1,6,config/item/gem/icon_1_lv_6.png,2,攻击向符石,9999,{529=20},,2,7,<200;203;206;209;212;215;218;221;224;227;232;235;238;242;245;248;251;254;258;261;268;271;275;278;282;285;288;292;295;299;308;312;315;319;322;326;330;333;337;340;360;364;368;372;376;380;384;388;392;396;420;424;429;433;438;442;446;451;455;460;488;493;498;502;507;512;517;522;526;531;564;569;574;580;585;590;595;600;606;611;648;654;659;665;670;676;682;687;693;698;740;746;752;758;764;770;776;782;788;794;840;846;853;859;866;872;878;885;891;898;948;955;962;968;975;982;989;996;1002;1009>,8,<200;203;206;209;212;215;218;221;224;227;232;235;238;242;245;248;251;254;258;261;268;271;275;278;282;285;288;292;295;299;308;312;315;319;322;326;330;333;337;340;360;364;368;372;376;380;384;388;392;396;420;424;429;433;438;442;446;451;455;460;488;493;498;502;507;512;517;522;526;531;564;569;574;580;585;590;595;600;606;611;648;654;659;665;670;676;682;687;693;698;740;746;752;758;764;770;776;782;788;794;840;846;853;859;866;872;878;885;891;898;948;955;962;968;975;982;989;996;1002;1009>,10,<140;142;144;146;148;151;153;155;157;159;162;165;167;169;171;174;176;178;180;183;188;190;192;195;197;200;202;204;207;209;216;218;221;223;226;228;231;233;236;238;252;255;258;260;263;266;269;272;274;277;294;297;300;303;306;309;312;316;319;322;342;345;348;352;355;358;362;365;368;372;395;398;402;406;409;413;417;420;424;428;454;458;461;465;469;473;477;481;485;489;518;522;526;531;535;539;543;547;552;556;588;592;597;601;606;610;615;619;624;628;664;668;673;678;683;687;692;697;702;706>,23,<13;13;13;13;13;15;15;15;15;15;16;16;16;16;16;18;18;18;18;18;19;19;19;19;19;21;21;21;21;21;22;22;22;22;22;24;24;24;24;24;25;25;25;25;25;26;26;26;26;26;28;28;28;28;28;29;29;29;29;29;31;31;31;31;31;32;32;32;32;32;34;34;34;34;34;35;35;35;35;35;36;36;36;36;36;38;38;38;38;38;39;39;39;39;39;41;41;41;41;41;42;42;42;42;42;44;44;44;44;44;45;45;45;45;45;47;47;47;47;47>,,,,
40131,强击,1,1,config/item/gem/icon_1_l_1.png,3,攻击向符石,9999,{529=40},,3,7,<300;305;309;314;318;323;327;332;336;341;348;353;358;362;367;372;377;382;386;391;402;407;412;417;422;428;433;438;443;448;462;467;473;478;484;489;494;500;505;511;540;546;552;558;564;570;576;582;588;594;630;637;643;650;656;663;670;676;683;689;732;739;746;754;761;768;775;782;790;797;846;854;862;869;877;885;893;901;908;916;972;980;989;997;1006;1014;1022;1031;1039;1048;1110;1119;1128;1137;1146;1155;1164;1173;1182;1191;1260;1270;1279;1289;1298;1308;1318;1327;1337;1346;1422;1432;1442;1453;1463;1473;1483;1493;1504;1514>,8,<300;305;309;314;318;323;327;332;336;341;348;353;358;362;367;372;377;382;386;391;402;407;412;417;422;428;433;438;443;448;462;467;473;478;484;489;494;500;505;511;540;546;552;558;564;570;576;582;588;594;630;637;643;650;656;663;670;676;683;689;732;739;746;754;761;768;775;782;790;797;846;854;862;869;877;885;893;901;908;916;972;980;989;997;1006;1014;1022;1031;1039;1048;1110;1119;1128;1137;1146;1155;1164;1173;1182;1191;1260;1270;1279;1289;1298;1308;1318;1327;1337;1346;1422;1432;1442;1453;1463;1473;1483;1493;1504;1514>,14,<34;34;34;34;34;37;37;37;37;37;41;41;41;41;41;44;44;44;44;44;48;48;48;48;48;52;52;52;52;52;55;55;55;55;55;59;59;59;59;59;62;62;62;62;62;66;66;66;66;66;70;70;70;70;70;73;73;73;73;73;77;77;77;77;77;80;80;80;80;80;84;84;84;84;84;88;88;88;88;88;91;91;91;91;91;95;95;95;95;95;98;98;98;98;98;102;102;102;102;102;106;106;106;106;106;109;109;109;109;109;113;113;113;113;113;116;116;116;116;116>,,,,,,
40132,强击,1,2,config/item/gem/icon_1_l_2.png,3,攻击向符石,9999,{529=40},,3,7,<300;305;309;314;318;323;327;332;336;341;348;353;358;362;367;372;377;382;386;391;402;407;412;417;422;428;433;438;443;448;462;467;473;478;484;489;494;500;505;511;540;546;552;558;564;570;576;582;588;594;630;637;643;650;656;663;670;676;683;689;732;739;746;754;761;768;775;782;790;797;846;854;862;869;877;885;893;901;908;916;972;980;989;997;1006;1014;1022;1031;1039;1048;1110;1119;1128;1137;1146;1155;1164;1173;1182;1191;1260;1270;1279;1289;1298;1308;1318;1327;1337;1346;1422;1432;1442;1453;1463;1473;1483;1493;1504;1514>,8,<300;305;309;314;318;323;327;332;336;341;348;353;358;362;367;372;377;382;386;391;402;407;412;417;422;428;433;438;443;448;462;467;473;478;484;489;494;500;505;511;540;546;552;558;564;570;576;582;588;594;630;637;643;650;656;663;670;676;683;689;732;739;746;754;761;768;775;782;790;797;846;854;862;869;877;885;893;901;908;916;972;980;989;997;1006;1014;1022;1031;1039;1048;1110;1119;1128;1137;1146;1155;1164;1173;1182;1191;1260;1270;1279;1289;1298;1308;1318;1327;1337;1346;1422;1432;1442;1453;1463;1473;1483;1493;1504;1514>,15,<50;50;50;50;50;56;56;56;56;56;61;61;61;61;61;67;67;67;67;67;72;72;72;72;72;77;77;77;77;77;83;83;83;83;83;88;88;88;88;88;94;94;94;94;94;99;99;99;99;99;104;104;104;104;104;110;110;110;110;110;115;115;115;115;115;121;121;121;121;121;126;126;126;126;126;131;131;131;131;131;137;137;137;137;137;142;142;142;142;142;148;148;148;148;148;153;153;153;153;153;158;158;158;158;158;164;164;164;164;164;169;169;169;169;169;175;175;175;175;175>,,,,,,
40133,强击,1,3,config/item/gem/icon_1_l_3.png,3,攻击向符石,9999,{529=40},,3,1,<1512;1535;1557;1580;1603;1625;1648;1671;1693;1716;1754;1778;1802;1826;1851;1875;1899;1923;1947;1972;2026;2052;2077;2103;2129;2155;2180;2206;2232;2257;2328;2356;2383;2410;2437;2465;2492;2519;2546;2573;2722;2752;2782;2812;2843;2873;2903;2933;2964;2994;3175;3208;3242;3275;3308;3342;3375;3408;3441;3475;3689;3726;3762;3798;3834;3871;3907;3943;3980;4016;4264;4303;4342;4382;4421;4460;4500;4539;4578;4618;4899;4941;4984;5026;5068;5111;5153;5195;5238;5280;5594;5640;5685;5730;5776;5821;5867;5912;5957;6003;6350;6399;6447;6496;6544;6592;6641;6689;6737;6786;7167;7218;7270;7321;7373;7424;7475;7527;7578;7630>,7,<300;305;309;314;318;323;327;332;336;341;348;353;358;362;367;372;377;382;386;391;402;407;412;417;422;428;433;438;443;448;462;467;473;478;484;489;494;500;505;511;540;546;552;558;564;570;576;582;588;594;630;637;643;650;656;663;670;676;683;689;732;739;746;754;761;768;775;782;790;797;846;854;862;869;877;885;893;901;908;916;972;980;989;997;1006;1014;1022;1031;1039;1048;1110;1119;1128;1137;1146;1155;1164;1173;1182;1191;1260;1270;1279;1289;1298;1308;1318;1327;1337;1346;1422;1432;1442;1453;1463;1473;1483;1493;1504;1514>,8,<300;305;309;314;318;323;327;332;336;341;348;353;358;362;367;372;377;382;386;391;402;407;412;417;422;428;433;438;443;448;462;467;473;478;484;489;494;500;505;511;540;546;552;558;564;570;576;582;588;594;630;637;643;650;656;663;670;676;683;689;732;739;746;754;761;768;775;782;790;797;846;854;862;869;877;885;893;901;908;916;972;980;989;997;1006;1014;1022;1031;1039;1048;1110;1119;1128;1137;1146;1155;1164;1173;1182;1191;1260;1270;1279;1289;1298;1308;1318;1327;1337;1346;1422;1432;1442;1453;1463;1473;1483;1493;1504;1514>,11,<34;34;34;34;34;37;37;37;37;37;41;41;41;41;41;44;44;44;44;44;48;48;48;48;48;52;52;52;52;52;55;55;55;55;55;59;59;59;59;59;62;62;62;62;62;66;66;66;66;66;70;70;70;70;70;73;73;73;73;73;77;77;77;77;77;80;80;80;80;80;84;84;84;84;84;88;88;88;88;88;91;91;91;91;91;95;95;95;95;95;98;98;98;98;98;102;102;102;102;102;106;106;106;106;106;109;109;109;109;109;113;113;113;113;113;116;116;116;116;116>,12,<34;34;34;34;34;37;37;37;37;37;41;41;41;41;41;44;44;44;44;44;48;48;48;48;48;52;52;52;52;52;55;55;55;55;55;59;59;59;59;59;62;62;62;62;62;66;66;66;66;66;70;70;70;70;70;73;73;73;73;73;77;77;77;77;77;80;80;80;80;80;84;84;84;84;84;88;88;88;88;88;91;91;91;91;91;95;95;95;95;95;98;98;98;98;98;102;102;102;102;102;106;106;106;106;106;109;109;109;109;109;113;113;113;113;113;116;116;116;116;116>,,
40134,强击,1,4,config/item/gem/icon_1_l_4.png,3,攻击向符石,9999,{529=40},,3,1,<1512;1535;1557;1580;1603;1625;1648;1671;1693;1716;1754;1778;1802;1826;1851;1875;1899;1923;1947;1972;2026;2052;2077;2103;2129;2155;2180;2206;2232;2257;2328;2356;2383;2410;2437;2465;2492;2519;2546;2573;2722;2752;2782;2812;2843;2873;2903;2933;2964;2994;3175;3208;3242;3275;3308;3342;3375;3408;3441;3475;3689;3726;3762;3798;3834;3871;3907;3943;3980;4016;4264;4303;4342;4382;4421;4460;4500;4539;4578;4618;4899;4941;4984;5026;5068;5111;5153;5195;5238;5280;5594;5640;5685;5730;5776;5821;5867;5912;5957;6003;6350;6399;6447;6496;6544;6592;6641;6689;6737;6786;7167;7218;7270;7321;7373;7424;7475;7527;7578;7630>,7,<300;305;309;314;318;323;327;332;336;341;348;353;358;362;367;372;377;382;386;391;402;407;412;417;422;428;433;438;443;448;462;467;473;478;484;489;494;500;505;511;540;546;552;558;564;570;576;582;588;594;630;637;643;650;656;663;670;676;683;689;732;739;746;754;761;768;775;782;790;797;846;854;862;869;877;885;893;901;908;916;972;980;989;997;1006;1014;1022;1031;1039;1048;1110;1119;1128;1137;1146;1155;1164;1173;1182;1191;1260;1270;1279;1289;1298;1308;1318;1327;1337;1346;1422;1432;1442;1453;1463;1473;1483;1493;1504;1514>,8,<300;305;309;314;318;323;327;332;336;341;348;353;358;362;367;372;377;382;386;391;402;407;412;417;422;428;433;438;443;448;462;467;473;478;484;489;494;500;505;511;540;546;552;558;564;570;576;582;588;594;630;637;643;650;656;663;670;676;683;689;732;739;746;754;761;768;775;782;790;797;846;854;862;869;877;885;893;901;908;916;972;980;989;997;1006;1014;1022;1031;1039;1048;1110;1119;1128;1137;1146;1155;1164;1173;1182;1191;1260;1270;1279;1289;1298;1308;1318;1327;1337;1346;1422;1432;1442;1453;1463;1473;1483;1493;1504;1514>,90,<40;40;40;40;40;45;45;45;45;45;49;49;49;49;49;53;53;53;53;53;58;58;58;58;58;62;62;62;62;62;66;66;66;66;66;71;71;71;71;71;75;75;75;75;75;79;79;79;79;79;84;84;84;84;84;88;88;88;88;88;92;92;92;92;92;96;96;96;96;96;101;101;101;101;101;105;105;105;105;105;109;109;109;109;109;114;114;114;114;114;118;118;118;118;118;122;122;122;122;122;127;127;127;127;127;131;131;131;131;131;135;135;135;135;135;140;140;140;140;140>,,,,
40135,强击,1,5,config/item/gem/icon_1_l_5.png,3,攻击向符石,9999,{529=40},,3,7,<300;305;309;314;318;323;327;332;336;341;348;353;358;362;367;372;377;382;386;391;402;407;412;417;422;428;433;438;443;448;462;467;473;478;484;489;494;500;505;511;540;546;552;558;564;570;576;582;588;594;630;637;643;650;656;663;670;676;683;689;732;739;746;754;761;768;775;782;790;797;846;854;862;869;877;885;893;901;908;916;972;980;989;997;1006;1014;1022;1031;1039;1048;1110;1119;1128;1137;1146;1155;1164;1173;1182;1191;1260;1270;1279;1289;1298;1308;1318;1327;1337;1346;1422;1432;1442;1453;1463;1473;1483;1493;1504;1514>,8,<300;305;309;314;318;323;327;332;336;341;348;353;358;362;367;372;377;382;386;391;402;407;412;417;422;428;433;438;443;448;462;467;473;478;484;489;494;500;505;511;540;546;552;558;564;570;576;582;588;594;630;637;643;650;656;663;670;676;683;689;732;739;746;754;761;768;775;782;790;797;846;854;862;869;877;885;893;901;908;916;972;980;989;997;1006;1014;1022;1031;1039;1048;1110;1119;1128;1137;1146;1155;1164;1173;1182;1191;1260;1270;1279;1289;1298;1308;1318;1327;1337;1346;1422;1432;1442;1453;1463;1473;1483;1493;1504;1514>,9,<210;213;216;219;223;226;229;232;235;238;244;247;250;254;257;260;264;267;270;274;281;285;289;292;296;299;303;306;310;314;323;327;331;335;339;342;346;350;354;357;378;382;386;391;395;399;403;407;412;416;441;446;450;455;459;464;469;473;478;483;512;517;522;528;533;538;543;548;553;558;592;598;603;609;614;620;625;630;636;641;680;686;692;698;704;710;716;722;727;733;777;783;790;796;802;809;815;821;827;834;882;889;895;902;909;916;922;929;936;942;995;1003;1010;1017;1024;1031;1038;1045;1053;1060>,22,<20;20;20;20;20;22;22;22;22;22;24;24;24;24;24;27;27;27;27;27;29;29;29;29;29;31;31;31;31;31;33;33;33;33;33;35;35;35;35;35;37;37;37;37;37;40;40;40;40;40;42;42;42;42;42;44;44;44;44;44;46;46;46;46;46;48;48;48;48;48;50;50;50;50;50;53;53;53;53;53;55;55;55;55;55;57;57;57;57;57;59;59;59;59;59;61;61;61;61;61;63;63;63;63;63;66;66;66;66;66;68;68;68;68;68;70;70;70;70;70>,,,,
40136,强击,1,6,config/item/gem/icon_1_l_6.png,3,攻击向符石,9999,{529=40},,3,7,<300;305;309;314;318;323;327;332;336;341;348;353;358;362;367;372;377;382;386;391;402;407;412;417;422;428;433;438;443;448;462;467;473;478;484;489;494;500;505;511;540;546;552;558;564;570;576;582;588;594;630;637;643;650;656;663;670;676;683;689;732;739;746;754;761;768;775;782;790;797;846;854;862;869;877;885;893;901;908;916;972;980;989;997;1006;1014;1022;1031;1039;1048;1110;1119;1128;1137;1146;1155;1164;1173;1182;1191;1260;1270;1279;1289;1298;1308;1318;1327;1337;1346;1422;1432;1442;1453;1463;1473;1483;1493;1504;1514>,8,<300;305;309;314;318;323;327;332;336;341;348;353;358;362;367;372;377;382;386;391;402;407;412;417;422;428;433;438;443;448;462;467;473;478;484;489;494;500;505;511;540;546;552;558;564;570;576;582;588;594;630;637;643;650;656;663;670;676;683;689;732;739;746;754;761;768;775;782;790;797;846;854;862;869;877;885;893;901;908;916;972;980;989;997;1006;1014;1022;1031;1039;1048;1110;1119;1128;1137;1146;1155;1164;1173;1182;1191;1260;1270;1279;1289;1298;1308;1318;1327;1337;1346;1422;1432;1442;1453;1463;1473;1483;1493;1504;1514>,10,<210;213;216;219;223;226;229;232;235;238;244;247;250;254;257;260;264;267;270;274;281;285;289;292;296;299;303;306;310;314;323;327;331;335;339;342;346;350;354;357;378;382;386;391;395;399;403;407;412;416;441;446;450;455;459;464;469;473;478;483;512;517;522;528;533;538;543;548;553;558;592;598;603;609;614;620;625;630;636;641;680;686;692;698;704;710;716;722;727;733;777;783;790;796;802;809;815;821;827;834;882;889;895;902;909;916;922;929;936;942;995;1003;1010;1017;1024;1031;1038;1045;1053;1060>,23,<20;20;20;20;20;22;22;22;22;22;24;24;24;24;24;27;27;27;27;27;29;29;29;29;29;31;31;31;31;31;33;33;33;33;33;35;35;35;35;35;37;37;37;37;37;40;40;40;40;40;42;42;42;42;42;44;44;44;44;44;46;46;46;46;46;48;48;48;48;48;50;50;50;50;50;53;53;53;53;53;55;55;55;55;55;57;57;57;57;57;59;59;59;59;59;61;61;61;61;61;63;63;63;63;63;66;66;66;66;66;68;68;68;68;68;70;70;70;70;70>,,,,
40141,强击,1,1,config/item/gem/icon_1_z_1.png,4,攻击向符石,9999,{529=80},,4,7,<440;447;453;460;466;473;480;486;493;499;510;517;524;532;539;546;553;560;567;574;590;597;605;612;620;627;634;642;649;657;678;686;693;701;709;717;725;733;741;749;792;801;810;818;827;836;845;854;862;871;924;934;943;953;963;972;982;992;1001;1011;1074;1084;1095;1105;1116;1126;1137;1148;1158;1169;1241;1252;1264;1275;1287;1298;1309;1321;1332;1344;1426;1438;1450;1463;1475;1487;1500;1512;1524;1536;1628;1641;1654;1668;1681;1694;1707;1720;1734;1747;1848;1862;1876;1890;1904;1918;1932;1947;1961;1975;2086;2101;2116;2130;2145;2160;2175;2190;2205;2220>,8,<440;447;453;460;466;473;480;486;493;499;510;517;524;532;539;546;553;560;567;574;590;597;605;612;620;627;634;642;649;657;678;686;693;701;709;717;725;733;741;749;792;801;810;818;827;836;845;854;862;871;924;934;943;953;963;972;982;992;1001;1011;1074;1084;1095;1105;1116;1126;1137;1148;1158;1169;1241;1252;1264;1275;1287;1298;1309;1321;1332;1344;1426;1438;1450;1463;1475;1487;1500;1512;1524;1536;1628;1641;1654;1668;1681;1694;1707;1720;1734;1747;1848;1862;1876;1890;1904;1918;1932;1947;1961;1975;2086;2101;2116;2130;2145;2160;2175;2190;2205;2220>,14,<49;49;49;49;49;55;55;55;55;55;60;60;60;60;60;65;65;65;65;65;70;70;70;70;70;76;76;76;76;76;81;81;81;81;81;86;86;86;86;86;92;92;92;92;92;97;97;97;97;97;102;102;102;102;102;107;107;107;107;107;113;113;113;113;113;118;118;118;118;118;123;123;123;123;123;128;128;128;128;128;134;134;134;134;134;139;139;139;139;139;144;144;144;144;144;150;150;150;150;150;155;155;155;155;155;160;160;160;160;160;165;165;165;165;165;171;171;171;171;171>,,,,,,{drawcard=zi_effect_loop}
40142,强击,1,2,config/item/gem/icon_1_z_2.png,4,攻击向符石,9999,{529=80},,4,7,<440;447;453;460;466;473;480;486;493;499;510;517;524;532;539;546;553;560;567;574;590;597;605;612;620;627;634;642;649;657;678;686;693;701;709;717;725;733;741;749;792;801;810;818;827;836;845;854;862;871;924;934;943;953;963;972;982;992;1001;1011;1074;1084;1095;1105;1116;1126;1137;1148;1158;1169;1241;1252;1264;1275;1287;1298;1309;1321;1332;1344;1426;1438;1450;1463;1475;1487;1500;1512;1524;1536;1628;1641;1654;1668;1681;1694;1707;1720;1734;1747;1848;1862;1876;1890;1904;1918;1932;1947;1961;1975;2086;2101;2116;2130;2145;2160;2175;2190;2205;2220>,8,<440;447;453;460;466;473;480;486;493;499;510;517;524;532;539;546;553;560;567;574;590;597;605;612;620;627;634;642;649;657;678;686;693;701;709;717;725;733;741;749;792;801;810;818;827;836;845;854;862;871;924;934;943;953;963;972;982;992;1001;1011;1074;1084;1095;1105;1116;1126;1137;1148;1158;1169;1241;1252;1264;1275;1287;1298;1309;1321;1332;1344;1426;1438;1450;1463;1475;1487;1500;1512;1524;1536;1628;1641;1654;1668;1681;1694;1707;1720;1734;1747;1848;1862;1876;1890;1904;1918;1932;1947;1961;1975;2086;2101;2116;2130;2145;2160;2175;2190;2205;2220>,15,<74;74;74;74;74;82;82;82;82;82;90;90;90;90;90;98;98;98;98;98;106;106;106;106;106;114;114;114;114;114;121;121;121;121;121;129;129;129;129;129;137;137;137;137;137;145;145;145;145;145;153;153;153;153;153;161;161;161;161;161;169;169;169;169;169;177;177;177;177;177;185;185;185;185;185;193;193;193;193;193;201;201;201;201;201;209;209;209;209;209;216;216;216;216;216;224;224;224;224;224;232;232;232;232;232;240;240;240;240;240;248;248;248;248;248;256;256;256;256;256>,,,,,,{drawcard=zi_effect_loop}
40143,强击,1,3,config/item/gem/icon_1_z_3.png,4,攻击向符石,9999,{529=80},,4,1,<2218;2251;2285;2318;2351;2384;2418;2451;2484;2517;2573;2608;2644;2679;2715;2750;2786;2821;2857;2892;2972;3010;3048;3085;3123;3161;3198;3236;3274;3311;3416;3456;3496;3535;3575;3615;3655;3695;3735;3775;3992;4037;4081;4125;4170;4214;4259;4303;4347;4392;4658;4707;4755;4804;4853;4902;4951;4999;5048;5097;5412;5465;5518;5572;5625;5678;5731;5785;5838;5891;6255;6312;6370;6428;6485;6543;6601;6658;6716;6774;7186;7248;7311;7373;7435;7497;7559;7621;7683;7745;8207;8273;8340;8406;8473;8539;8606;8672;8739;8805;9316;9387;9458;9529;9600;9670;9741;9812;9883;9954;10513;10589;10664;10740;10815;10890;10966;11041;11117;11192>,7,<440;447;453;460;466;473;480;486;493;499;510;517;524;532;539;546;553;560;567;574;590;597;605;612;620;627;634;642;649;657;678;686;693;701;709;717;725;733;741;749;792;801;810;818;827;836;845;854;862;871;924;934;943;953;963;972;982;992;1001;1011;1074;1084;1095;1105;1116;1126;1137;1148;1158;1169;1241;1252;1264;1275;1287;1298;1309;1321;1332;1344;1426;1438;1450;1463;1475;1487;1500;1512;1524;1536;1628;1641;1654;1668;1681;1694;1707;1720;1734;1747;1848;1862;1876;1890;1904;1918;1932;1947;1961;1975;2086;2101;2116;2130;2145;2160;2175;2190;2205;2220>,8,<440;447;453;460;466;473;480;486;493;499;510;517;524;532;539;546;553;560;567;574;590;597;605;612;620;627;634;642;649;657;678;686;693;701;709;717;725;733;741;749;792;801;810;818;827;836;845;854;862;871;924;934;943;953;963;972;982;992;1001;1011;1074;1084;1095;1105;1116;1126;1137;1148;1158;1169;1241;1252;1264;1275;1287;1298;1309;1321;1332;1344;1426;1438;1450;1463;1475;1487;1500;1512;1524;1536;1628;1641;1654;1668;1681;1694;1707;1720;1734;1747;1848;1862;1876;1890;1904;1918;1932;1947;1961;1975;2086;2101;2116;2130;2145;2160;2175;2190;2205;2220>,11,<49;49;49;49;49;55;55;55;55;55;60;60;60;60;60;65;65;65;65;65;70;70;70;70;70;76;76;76;76;76;81;81;81;81;81;86;86;86;86;86;92;92;92;92;92;97;97;97;97;97;102;102;102;102;102;107;107;107;107;107;113;113;113;113;113;118;118;118;118;118;123;123;123;123;123;128;128;128;128;128;134;134;134;134;134;139;139;139;139;139;144;144;144;144;144;150;150;150;150;150;155;155;155;155;155;160;160;160;160;160;165;165;165;165;165;171;171;171;171;171>,12,<49;49;49;49;49;55;55;55;55;55;60;60;60;60;60;65;65;65;65;65;70;70;70;70;70;76;76;76;76;76;81;81;81;81;81;86;86;86;86;86;92;92;92;92;92;97;97;97;97;97;102;102;102;102;102;107;107;107;107;107;113;113;113;113;113;118;118;118;118;118;123;123;123;123;123;128;128;128;128;128;134;134;134;134;134;139;139;139;139;139;144;144;144;144;144;150;150;150;150;150;155;155;155;155;155;160;160;160;160;160;165;165;165;165;165;171;171;171;171;171>,,{drawcard=zi_effect_loop}
40144,强击,1,4,config/item/gem/icon_1_z_4.png,4,攻击向符石,9999,{529=80},,4,1,<2218;2251;2285;2318;2351;2384;2418;2451;2484;2517;2573;2608;2644;2679;2715;2750;2786;2821;2857;2892;2972;3010;3048;3085;3123;3161;3198;3236;3274;3311;3416;3456;3496;3535;3575;3615;3655;3695;3735;3775;3992;4037;4081;4125;4170;4214;4259;4303;4347;4392;4658;4707;4755;4804;4853;4902;4951;4999;5048;5097;5412;5465;5518;5572;5625;5678;5731;5785;5838;5891;6255;6312;6370;6428;6485;6543;6601;6658;6716;6774;7186;7248;7311;7373;7435;7497;7559;7621;7683;7745;8207;8273;8340;8406;8473;8539;8606;8672;8739;8805;9316;9387;9458;9529;9600;9670;9741;9812;9883;9954;10513;10589;10664;10740;10815;10890;10966;11041;11117;11192>,7,<440;447;453;460;466;473;480;486;493;499;510;517;524;532;539;546;553;560;567;574;590;597;605;612;620;627;634;642;649;657;678;686;693;701;709;717;725;733;741;749;792;801;810;818;827;836;845;854;862;871;924;934;943;953;963;972;982;992;1001;1011;1074;1084;1095;1105;1116;1126;1137;1148;1158;1169;1241;1252;1264;1275;1287;1298;1309;1321;1332;1344;1426;1438;1450;1463;1475;1487;1500;1512;1524;1536;1628;1641;1654;1668;1681;1694;1707;1720;1734;1747;1848;1862;1876;1890;1904;1918;1932;1947;1961;1975;2086;2101;2116;2130;2145;2160;2175;2190;2205;2220>,8,<440;447;453;460;466;473;480;486;493;499;510;517;524;532;539;546;553;560;567;574;590;597;605;612;620;627;634;642;649;657;678;686;693;701;709;717;725;733;741;749;792;801;810;818;827;836;845;854;862;871;924;934;943;953;963;972;982;992;1001;1011;1074;1084;1095;1105;1116;1126;1137;1148;1158;1169;1241;1252;1264;1275;1287;1298;1309;1321;1332;1344;1426;1438;1450;1463;1475;1487;1500;1512;1524;1536;1628;1641;1654;1668;1681;1694;1707;1720;1734;1747;1848;1862;1876;1890;1904;1918;1932;1947;1961;1975;2086;2101;2116;2130;2145;2160;2175;2190;2205;2220>,90,<59;59;59;59;59;65;65;65;65;65;72;72;72;72;72;78;78;78;78;78;84;84;84;84;84;91;91;91;91;91;97;97;97;97;97;103;103;103;103;103;110;110;110;110;110;116;116;116;116;116;122;122;122;122;122;129;129;129;129;129;135;135;135;135;135;142;142;142;142;142;148;148;148;148;148;154;154;154;154;154;161;161;161;161;161;167;167;167;167;167;173;173;173;173;173;180;180;180;180;180;186;186;186;186;186;192;192;192;192;192;199;199;199;199;199;205;205;205;205;205>,,,,{drawcard=zi_effect_loop}
40145,强击,1,5,config/item/gem/icon_1_z_5.png,4,攻击向符石,9999,{529=80},,4,7,<440;447;453;460;466;473;480;486;493;499;510;517;524;532;539;546;553;560;567;574;590;597;605;612;620;627;634;642;649;657;678;686;693;701;709;717;725;733;741;749;792;801;810;818;827;836;845;854;862;871;924;934;943;953;963;972;982;992;1001;1011;1074;1084;1095;1105;1116;1126;1137;1148;1158;1169;1241;1252;1264;1275;1287;1298;1309;1321;1332;1344;1426;1438;1450;1463;1475;1487;1500;1512;1524;1536;1628;1641;1654;1668;1681;1694;1707;1720;1734;1747;1848;1862;1876;1890;1904;1918;1932;1947;1961;1975;2086;2101;2116;2130;2145;2160;2175;2190;2205;2220>,8,<440;447;453;460;466;473;480;486;493;499;510;517;524;532;539;546;553;560;567;574;590;597;605;612;620;627;634;642;649;657;678;686;693;701;709;717;725;733;741;749;792;801;810;818;827;836;845;854;862;871;924;934;943;953;963;972;982;992;1001;1011;1074;1084;1095;1105;1116;1126;1137;1148;1158;1169;1241;1252;1264;1275;1287;1298;1309;1321;1332;1344;1426;1438;1450;1463;1475;1487;1500;1512;1524;1536;1628;1641;1654;1668;1681;1694;1707;1720;1734;1747;1848;1862;1876;1890;1904;1918;1932;1947;1961;1975;2086;2101;2116;2130;2145;2160;2175;2190;2205;2220>,9,<308;313;317;322;326;331;336;340;345;350;357;362;367;372;377;382;387;392;397;402;413;418;423;428;434;439;444;449;455;460;474;480;485;491;496;502;508;513;519;524;554;561;567;573;579;585;591;598;604;610;647;654;660;667;674;681;687;694;701;708;752;759;766;774;781;788;796;803;811;818;869;877;885;893;901;909;917;925;933;941;998;1007;1015;1024;1032;1041;1050;1058;1067;1076;1140;1149;1158;1167;1177;1186;1195;1204;1214;1223;1294;1303;1313;1323;1333;1343;1353;1363;1372;1382;1460;1470;1481;1491;1502;1512;1523;1533;1544;1554>,22,<30;30;30;30;30;33;33;33;33;33;36;36;36;36;36;39;39;39;39;39;42;42;42;42;42;45;45;45;45;45;49;49;49;49;49;52;52;52;52;52;55;55;55;55;55;58;58;58;58;58;61;61;61;61;61;64;64;64;64;64;68;68;68;68;68;71;71;71;71;71;74;74;74;74;74;77;77;77;77;77;80;80;80;80;80;83;83;83;83;83;87;87;87;87;87;90;90;90;90;90;93;93;93;93;93;96;96;96;96;96;99;99;99;99;99;102;102;102;102;102>,,,,{drawcard=zi_effect_loop}
40146,强击,1,6,config/item/gem/icon_1_z_6.png,4,攻击向符石,9999,{529=80},,4,7,<440;447;453;460;466;473;480;486;493;499;510;517;524;532;539;546;553;560;567;574;590;597;605;612;620;627;634;642;649;657;678;686;693;701;709;717;725;733;741;749;792;801;810;818;827;836;845;854;862;871;924;934;943;953;963;972;982;992;1001;1011;1074;1084;1095;1105;1116;1126;1137;1148;1158;1169;1241;1252;1264;1275;1287;1298;1309;1321;1332;1344;1426;1438;1450;1463;1475;1487;1500;1512;1524;1536;1628;1641;1654;1668;1681;1694;1707;1720;1734;1747;1848;1862;1876;1890;1904;1918;1932;1947;1961;1975;2086;2101;2116;2130;2145;2160;2175;2190;2205;2220>,8,<440;447;453;460;466;473;480;486;493;499;510;517;524;532;539;546;553;560;567;574;590;597;605;612;620;627;634;642;649;657;678;686;693;701;709;717;725;733;741;749;792;801;810;818;827;836;845;854;862;871;924;934;943;953;963;972;982;992;1001;1011;1074;1084;1095;1105;1116;1126;1137;1148;1158;1169;1241;1252;1264;1275;1287;1298;1309;1321;1332;1344;1426;1438;1450;1463;1475;1487;1500;1512;1524;1536;1628;1641;1654;1668;1681;1694;1707;1720;1734;1747;1848;1862;1876;1890;1904;1918;1932;1947;1961;1975;2086;2101;2116;2130;2145;2160;2175;2190;2205;2220>,10,<308;313;317;322;326;331;336;340;345;350;357;362;367;372;377;382;387;392;397;402;413;418;423;428;434;439;444;449;455;460;474;480;485;491;496;502;508;513;519;524;554;561;567;573;579;585;591;598;604;610;647;654;660;667;674;681;687;694;701;708;752;759;766;774;781;788;796;803;811;818;869;877;885;893;901;909;917;925;933;941;998;1007;1015;1024;1032;1041;1050;1058;1067;1076;1140;1149;1158;1167;1177;1186;1195;1204;1214;1223;1294;1303;1313;1323;1333;1343;1353;1363;1372;1382;1460;1470;1481;1491;1502;1512;1523;1533;1544;1554>,23,<30;30;30;30;30;33;33;33;33;33;36;36;36;36;36;39;39;39;39;39;42;42;42;42;42;45;45;45;45;45;49;49;49;49;49;52;52;52;52;52;55;55;55;55;55;58;58;58;58;58;61;61;61;61;61;64;64;64;64;64;68;68;68;68;68;71;71;71;71;71;74;74;74;74;74;77;77;77;77;77;80;80;80;80;80;83;83;83;83;83;87;87;87;87;87;90;90;90;90;90;93;93;93;93;93;96;96;96;96;96;99;99;99;99;99;102;102;102;102;102>,,,,{drawcard=zi_effect_loop}
40151,强击,1,1,config/item/gem/icon_1_hu_1.png,5,攻击向符石,9999,{529=400},,5,7,<680;690;700;711;721;731;741;751;762;772;789;800;811;821;832;843;854;865;876;887;911;923;934;946;957;969;981;992;1004;1015;1047;1059;1072;1084;1096;1108;1121;1133;1145;1157;1224;1238;1251;1265;1278;1292;1306;1319;1333;1346;1428;1443;1458;1473;1488;1503;1518;1533;1548;1563;1659;1676;1692;1708;1724;1741;1757;1773;1790;1806;1918;1935;1953;1971;1988;2006;2024;2041;2059;2077;2203;2222;2241;2260;2279;2298;2317;2336;2356;2375;2516;2536;2557;2577;2598;2618;2638;2659;2679;2700;2856;2878;2900;2921;2943;2965;2987;3008;3030;3052;3223;3246;3269;3293;3316;3339;3362;3385;3408;3431>,8,<680;690;700;711;721;731;741;751;762;772;789;800;811;821;832;843;854;865;876;887;911;923;934;946;957;969;981;992;1004;1015;1047;1059;1072;1084;1096;1108;1121;1133;1145;1157;1224;1238;1251;1265;1278;1292;1306;1319;1333;1346;1428;1443;1458;1473;1488;1503;1518;1533;1548;1563;1659;1676;1692;1708;1724;1741;1757;1773;1790;1806;1918;1935;1953;1971;1988;2006;2024;2041;2059;2077;2203;2222;2241;2260;2279;2298;2317;2336;2356;2375;2516;2536;2557;2577;2598;2618;2638;2659;2679;2700;2856;2878;2900;2921;2943;2965;2987;3008;3030;3052;3223;3246;3269;3293;3316;3339;3362;3385;3408;3431>,14,<76;76;76;76;76;84;84;84;84;84;92;92;92;92;92;101;101;101;101;101;109;109;109;109;109;117;117;117;117;117;125;125;125;125;125;133;133;133;133;133;141;141;141;141;141;150;150;150;150;150;158;158;158;158;158;166;166;166;166;166;174;174;174;174;174;182;182;182;182;182;190;190;190;190;190;199;199;199;199;199;207;207;207;207;207;215;215;215;215;215;223;223;223;223;223;231;231;231;231;231;239;239;239;239;239;248;248;248;248;248;256;256;256;256;256;264;264;264;264;264>,,,,,,{drawcard=huang_effect_loop}
40152,强击,1,2,config/item/gem/icon_1_hu_2.png,5,攻击向符石,9999,{529=400},,5,7,<680;690;700;711;721;731;741;751;762;772;789;800;811;821;832;843;854;865;876;887;911;923;934;946;957;969;981;992;1004;1015;1047;1059;1072;1084;1096;1108;1121;1133;1145;1157;1224;1238;1251;1265;1278;1292;1306;1319;1333;1346;1428;1443;1458;1473;1488;1503;1518;1533;1548;1563;1659;1676;1692;1708;1724;1741;1757;1773;1790;1806;1918;1935;1953;1971;1988;2006;2024;2041;2059;2077;2203;2222;2241;2260;2279;2298;2317;2336;2356;2375;2516;2536;2557;2577;2598;2618;2638;2659;2679;2700;2856;2878;2900;2921;2943;2965;2987;3008;3030;3052;3223;3246;3269;3293;3316;3339;3362;3385;3408;3431>,8,<680;690;700;711;721;731;741;751;762;772;789;800;811;821;832;843;854;865;876;887;911;923;934;946;957;969;981;992;1004;1015;1047;1059;1072;1084;1096;1108;1121;1133;1145;1157;1224;1238;1251;1265;1278;1292;1306;1319;1333;1346;1428;1443;1458;1473;1488;1503;1518;1533;1548;1563;1659;1676;1692;1708;1724;1741;1757;1773;1790;1806;1918;1935;1953;1971;1988;2006;2024;2041;2059;2077;2203;2222;2241;2260;2279;2298;2317;2336;2356;2375;2516;2536;2557;2577;2598;2618;2638;2659;2679;2700;2856;2878;2900;2921;2943;2965;2987;3008;3030;3052;3223;3246;3269;3293;3316;3339;3362;3385;3408;3431>,15,<114;114;114;114;114;126;126;126;126;126;139;139;139;139;139;151;151;151;151;151;163;163;163;163;163;175;175;175;175;175;188;188;188;188;188;200;200;200;200;200;212;212;212;212;212;224;224;224;224;224;237;237;237;237;237;249;249;249;249;249;261;261;261;261;261;273;273;273;273;273;286;286;286;286;286;298;298;298;298;298;310;310;310;310;310;322;322;322;322;322;335;335;335;335;335;347;347;347;347;347;359;359;359;359;359;371;371;371;371;371;384;384;384;384;384;396;396;396;396;396>,,,,,,{drawcard=huang_effect_loop}
40153,强击,1,3,config/item/gem/icon_1_hu_3.png,5,攻击向符石,9999,{529=400},,5,1,<3427;3478;3530;3581;3633;3684;3735;3787;3838;3890;3975;4030;4085;4140;4195;4249;4304;4359;4414;4469;4592;4650;4709;4767;4825;4883;4942;5000;5058;5117;5278;5339;5401;5463;5524;5586;5648;5709;5771;5833;6169;6237;6306;6374;6443;6511;6580;6648;6717;6785;7197;7272;7347;7423;7498;7574;7649;7724;7800;7875;8362;8444;8526;8609;8691;8773;8855;8938;9020;9102;9664;9753;9842;9931;10021;10110;10199;10288;10377;10466;11103;11199;11295;11391;11487;11583;11679;11775;11871;11967;12680;12783;12886;12988;13091;13194;13297;13400;13502;13605;14393;14503;14613;14722;14832;14942;15051;15161;15271;15380;16244;16360;16477;16594;16710;16827;16943;17060;17176;17293>,7,<680;690;700;711;721;731;741;751;762;772;789;800;811;821;832;843;854;865;876;887;911;923;934;946;957;969;981;992;1004;1015;1047;1059;1072;1084;1096;1108;1121;1133;1145;1157;1224;1238;1251;1265;1278;1292;1306;1319;1333;1346;1428;1443;1458;1473;1488;1503;1518;1533;1548;1563;1659;1676;1692;1708;1724;1741;1757;1773;1790;1806;1918;1935;1953;1971;1988;2006;2024;2041;2059;2077;2203;2222;2241;2260;2279;2298;2317;2336;2356;2375;2516;2536;2557;2577;2598;2618;2638;2659;2679;2700;2856;2878;2900;2921;2943;2965;2987;3008;3030;3052;3223;3246;3269;3293;3316;3339;3362;3385;3408;3431>,8,<680;690;700;711;721;731;741;751;762;772;789;800;811;821;832;843;854;865;876;887;911;923;934;946;957;969;981;992;1004;1015;1047;1059;1072;1084;1096;1108;1121;1133;1145;1157;1224;1238;1251;1265;1278;1292;1306;1319;1333;1346;1428;1443;1458;1473;1488;1503;1518;1533;1548;1563;1659;1676;1692;1708;1724;1741;1757;1773;1790;1806;1918;1935;1953;1971;1988;2006;2024;2041;2059;2077;2203;2222;2241;2260;2279;2298;2317;2336;2356;2375;2516;2536;2557;2577;2598;2618;2638;2659;2679;2700;2856;2878;2900;2921;2943;2965;2987;3008;3030;3052;3223;3246;3269;3293;3316;3339;3362;3385;3408;3431>,11,<76;76;76;76;76;84;84;84;84;84;92;92;92;92;92;101;101;101;101;101;109;109;109;109;109;117;117;117;117;117;125;125;125;125;125;133;133;133;133;133;141;141;141;141;141;150;150;150;150;150;158;158;158;158;158;166;166;166;166;166;174;174;174;174;174;182;182;182;182;182;190;190;190;190;190;199;199;199;199;199;207;207;207;207;207;215;215;215;215;215;223;223;223;223;223;231;231;231;231;231;239;239;239;239;239;248;248;248;248;248;256;256;256;256;256;264;264;264;264;264>,12,<76;76;76;76;76;84;84;84;84;84;92;92;92;92;92;101;101;101;101;101;109;109;109;109;109;117;117;117;117;117;125;125;125;125;125;133;133;133;133;133;141;141;141;141;141;150;150;150;150;150;158;158;158;158;158;166;166;166;166;166;174;174;174;174;174;182;182;182;182;182;190;190;190;190;190;199;199;199;199;199;207;207;207;207;207;215;215;215;215;215;223;223;223;223;223;231;231;231;231;231;239;239;239;239;239;248;248;248;248;248;256;256;256;256;256;264;264;264;264;264>,,{drawcard=huang_effect_loop}
40154,强击,1,4,config/item/gem/icon_1_hu_4.png,5,攻击向符石,9999,{529=400},,5,1,<3427;3478;3530;3581;3633;3684;3735;3787;3838;3890;3975;4030;4085;4140;4195;4249;4304;4359;4414;4469;4592;4650;4709;4767;4825;4883;4942;5000;5058;5117;5278;5339;5401;5463;5524;5586;5648;5709;5771;5833;6169;6237;6306;6374;6443;6511;6580;6648;6717;6785;7197;7272;7347;7423;7498;7574;7649;7724;7800;7875;8362;8444;8526;8609;8691;8773;8855;8938;9020;9102;9664;9753;9842;9931;10021;10110;10199;10288;10377;10466;11103;11199;11295;11391;11487;11583;11679;11775;11871;11967;12680;12783;12886;12988;13091;13194;13297;13400;13502;13605;14393;14503;14613;14722;14832;14942;15051;15161;15271;15380;16244;16360;16477;16594;16710;16827;16943;17060;17176;17293>,7,<680;690;700;711;721;731;741;751;762;772;789;800;811;821;832;843;854;865;876;887;911;923;934;946;957;969;981;992;1004;1015;1047;1059;1072;1084;1096;1108;1121;1133;1145;1157;1224;1238;1251;1265;1278;1292;1306;1319;1333;1346;1428;1443;1458;1473;1488;1503;1518;1533;1548;1563;1659;1676;1692;1708;1724;1741;1757;1773;1790;1806;1918;1935;1953;1971;1988;2006;2024;2041;2059;2077;2203;2222;2241;2260;2279;2298;2317;2336;2356;2375;2516;2536;2557;2577;2598;2618;2638;2659;2679;2700;2856;2878;2900;2921;2943;2965;2987;3008;3030;3052;3223;3246;3269;3293;3316;3339;3362;3385;3408;3431>,8,<680;690;700;711;721;731;741;751;762;772;789;800;811;821;832;843;854;865;876;887;911;923;934;946;957;969;981;992;1004;1015;1047;1059;1072;1084;1096;1108;1121;1133;1145;1157;1224;1238;1251;1265;1278;1292;1306;1319;1333;1346;1428;1443;1458;1473;1488;1503;1518;1533;1548;1563;1659;1676;1692;1708;1724;1741;1757;1773;1790;1806;1918;1935;1953;1971;1988;2006;2024;2041;2059;2077;2203;2222;2241;2260;2279;2298;2317;2336;2356;2375;2516;2536;2557;2577;2598;2618;2638;2659;2679;2700;2856;2878;2900;2921;2943;2965;2987;3008;3030;3052;3223;3246;3269;3293;3316;3339;3362;3385;3408;3431>,90,<91;91;91;91;91;101;101;101;101;101;111;111;111;111;111;121;121;121;121;121;131;131;131;131;131;140;140;140;140;140;150;150;150;150;150;160;160;160;160;160;170;170;170;170;170;180;180;180;180;180;189;189;189;189;189;199;199;199;199;199;209;209;209;209;209;219;219;219;219;219;228;228;228;228;228;238;238;238;238;238;248;248;248;248;248;258;258;258;258;258;268;268;268;268;268;277;277;277;277;277;287;287;287;287;287;297;297;297;297;297;307;307;307;307;307;317;317;317;317;317>,,,,{drawcard=huang_effect_loop}
40155,强击,1,5,config/item/gem/icon_1_hu_5.png,5,攻击向符石,9999,{529=400},,5,7,<680;690;700;711;721;731;741;751;762;772;789;800;811;821;832;843;854;865;876;887;911;923;934;946;957;969;981;992;1004;1015;1047;1059;1072;1084;1096;1108;1121;1133;1145;1157;1224;1238;1251;1265;1278;1292;1306;1319;1333;1346;1428;1443;1458;1473;1488;1503;1518;1533;1548;1563;1659;1676;1692;1708;1724;1741;1757;1773;1790;1806;1918;1935;1953;1971;1988;2006;2024;2041;2059;2077;2203;2222;2241;2260;2279;2298;2317;2336;2356;2375;2516;2536;2557;2577;2598;2618;2638;2659;2679;2700;2856;2878;2900;2921;2943;2965;2987;3008;3030;3052;3223;3246;3269;3293;3316;3339;3362;3385;3408;3431>,8,<680;690;700;711;721;731;741;751;762;772;789;800;811;821;832;843;854;865;876;887;911;923;934;946;957;969;981;992;1004;1015;1047;1059;1072;1084;1096;1108;1121;1133;1145;1157;1224;1238;1251;1265;1278;1292;1306;1319;1333;1346;1428;1443;1458;1473;1488;1503;1518;1533;1548;1563;1659;1676;1692;1708;1724;1741;1757;1773;1790;1806;1918;1935;1953;1971;1988;2006;2024;2041;2059;2077;2203;2222;2241;2260;2279;2298;2317;2336;2356;2375;2516;2536;2557;2577;2598;2618;2638;2659;2679;2700;2856;2878;2900;2921;2943;2965;2987;3008;3030;3052;3223;3246;3269;3293;3316;3339;3362;3385;3408;3431>,9,<476;483;490;497;505;512;519;526;533;540;552;560;567;575;583;590;598;605;613;621;638;646;654;662;670;678;686;694;703;711;733;742;750;759;767;776;784;793;802;810;857;866;876;885;895;904;914;923;933;942;1000;1010;1021;1031;1041;1052;1062;1073;1083;1094;1161;1173;1184;1196;1207;1219;1230;1241;1253;1264;1342;1355;1367;1379;1392;1404;1417;1429;1441;1454;1542;1556;1569;1582;1596;1609;1622;1636;1649;1662;1761;1775;1790;1804;1818;1833;1847;1861;1875;1890;1999;2014;2030;2045;2060;2075;2091;2106;2121;2136;2256;2272;2289;2305;2321;2337;2353;2370;2386;2402>,22,<46;46;46;46;46;51;51;51;51;51;55;55;55;55;55;60;60;60;60;60;65;65;65;65;65;70;70;70;70;70;75;75;75;75;75;80;80;80;80;80;85;85;85;85;85;90;90;90;90;90;95;95;95;95;95;100;100;100;100;100;104;104;104;104;104;109;109;109;109;109;114;114;114;114;114;119;119;119;119;119;124;124;124;124;124;129;129;129;129;129;134;134;134;134;134;139;139;139;139;139;144;144;144;144;144;149;149;149;149;149;153;153;153;153;153;158;158;158;158;158>,,,,{drawcard=huang_effect_loop}
40156,强击,1,6,config/item/gem/icon_1_hu_6.png,5,攻击向符石,9999,{529=400},,5,7,<680;690;700;711;721;731;741;751;762;772;789;800;811;821;832;843;854;865;876;887;911;923;934;946;957;969;981;992;1004;1015;1047;1059;1072;1084;1096;1108;1121;1133;1145;1157;1224;1238;1251;1265;1278;1292;1306;1319;1333;1346;1428;1443;1458;1473;1488;1503;1518;1533;1548;1563;1659;1676;1692;1708;1724;1741;1757;1773;1790;1806;1918;1935;1953;1971;1988;2006;2024;2041;2059;2077;2203;2222;2241;2260;2279;2298;2317;2336;2356;2375;2516;2536;2557;2577;2598;2618;2638;2659;2679;2700;2856;2878;2900;2921;2943;2965;2987;3008;3030;3052;3223;3246;3269;3293;3316;3339;3362;3385;3408;3431>,8,<680;690;700;711;721;731;741;751;762;772;789;800;811;821;832;843;854;865;876;887;911;923;934;946;957;969;981;992;1004;1015;1047;1059;1072;1084;1096;1108;1121;1133;1145;1157;1224;1238;1251;1265;1278;1292;1306;1319;1333;1346;1428;1443;1458;1473;1488;1503;1518;1533;1548;1563;1659;1676;1692;1708;1724;1741;1757;1773;1790;1806;1918;1935;1953;1971;1988;2006;2024;2041;2059;2077;2203;2222;2241;2260;2279;2298;2317;2336;2356;2375;2516;2536;2557;2577;2598;2618;2638;2659;2679;2700;2856;2878;2900;2921;2943;2965;2987;3008;3030;3052;3223;3246;3269;3293;3316;3339;3362;3385;3408;3431>,10,<476;483;490;497;505;512;519;526;533;540;552;560;567;575;583;590;598;605;613;621;638;646;654;662;670;678;686;694;703;711;733;742;750;759;767;776;784;793;802;810;857;866;876;885;895;904;914;923;933;942;1000;1010;1021;1031;1041;1052;1062;1073;1083;1094;1161;1173;1184;1196;1207;1219;1230;1241;1253;1264;1342;1355;1367;1379;1392;1404;1417;1429;1441;1454;1542;1556;1569;1582;1596;1609;1622;1636;1649;1662;1761;1775;1790;1804;1818;1833;1847;1861;1875;1890;1999;2014;2030;2045;2060;2075;2091;2106;2121;2136;2256;2272;2289;2305;2321;2337;2353;2370;2386;2402>,23,<46;46;46;46;46;51;51;51;51;51;55;55;55;55;55;60;60;60;60;60;65;65;65;65;65;70;70;70;70;70;75;75;75;75;75;80;80;80;80;80;85;85;85;85;85;90;90;90;90;90;95;95;95;95;95;100;100;100;100;100;104;104;104;104;104;109;109;109;109;109;114;114;114;114;114;119;119;119;119;119;124;124;124;124;124;129;129;129;129;129;134;134;134;134;134;139;139;139;139;139;144;144;144;144;144;149;149;149;149;149;153;153;153;153;153;158;158;158;158;158>,,,,{drawcard=huang_effect_loop}
40161,强击,1,1,config/item/gem/icon_1_h_1.png,6,攻击向符石,9999,{529=2000},,6,7,<1000;1015;1030;1045;1060;1075;1090;1105;1120;1135;1160;1176;1192;1208;1224;1240;1256;1272;1288;1304;1340;1357;1374;1391;1408;1425;1442;1459;1476;1493;1540;1558;1576;1594;1612;1630;1648;1666;1684;1702;1960;1984;2008;2032;2056;2080;2104;2128;2152;2176;2300;2326;2352;2378;2404;2430;2456;2482;2508;2534;2680;2708;2736;2764;2792;2820;2848;2876;2904;2932;3100;3130;3160;3190;3220;3250;3280;3310;3340;3370;3560;3592;3624;3656;3688;3720;3752;3784;3816;3848;4060;4094;4128;4162;4196;4230;4264;4298;4332;4366;4600;4636;4672;4708;4744;4780;4816;4852;4888;4924;5180;5218;5256;5294;5332;5370;5408;5446;5484;5522>,8,<1000;1015;1030;1045;1060;1075;1090;1105;1120;1135;1160;1176;1192;1208;1224;1240;1256;1272;1288;1304;1340;1357;1374;1391;1408;1425;1442;1459;1476;1493;1540;1558;1576;1594;1612;1630;1648;1666;1684;1702;1960;1984;2008;2032;2056;2080;2104;2128;2152;2176;2300;2326;2352;2378;2404;2430;2456;2482;2508;2534;2680;2708;2736;2764;2792;2820;2848;2876;2904;2932;3100;3130;3160;3190;3220;3250;3280;3310;3340;3370;3560;3592;3624;3656;3688;3720;3752;3784;3816;3848;4060;4094;4128;4162;4196;4230;4264;4298;4332;4366;4600;4636;4672;4708;4744;4780;4816;4852;4888;4924;5180;5218;5256;5294;5332;5370;5408;5446;5484;5522>,14,<112;112;112;112;112;124;124;124;124;124;136;136;136;136;136;148;148;148;148;148;160;160;160;160;160;172;172;172;172;172;184;184;184;184;184;196;196;196;196;196;208;208;208;208;208;220;220;220;220;220;232;232;232;232;232;244;244;244;244;244;256;256;256;256;256;268;268;268;268;268;280;280;280;280;280;292;292;292;292;292;304;304;304;304;304;316;316;316;316;316;328;328;328;328;328;340;340;340;340;340;352;352;352;352;352;364;364;364;364;364;376;376;376;376;376;388;388;388;388;388>,,,,,,{drawcard=hong_effect_loop}
40162,强击,1,2,config/item/gem/icon_1_h_2.png,6,攻击向符石,9999,{529=2000},,6,7,<1000;1015;1030;1045;1060;1075;1090;1105;1120;1135;1160;1176;1192;1208;1224;1240;1256;1272;1288;1304;1340;1357;1374;1391;1408;1425;1442;1459;1476;1493;1540;1558;1576;1594;1612;1630;1648;1666;1684;1702;1960;1984;2008;2032;2056;2080;2104;2128;2152;2176;2300;2326;2352;2378;2404;2430;2456;2482;2508;2534;2680;2708;2736;2764;2792;2820;2848;2876;2904;2932;3100;3130;3160;3190;3220;3250;3280;3310;3340;3370;3560;3592;3624;3656;3688;3720;3752;3784;3816;3848;4060;4094;4128;4162;4196;4230;4264;4298;4332;4366;4600;4636;4672;4708;4744;4780;4816;4852;4888;4924;5180;5218;5256;5294;5332;5370;5408;5446;5484;5522>,8,<1000;1015;1030;1045;1060;1075;1090;1105;1120;1135;1160;1176;1192;1208;1224;1240;1256;1272;1288;1304;1340;1357;1374;1391;1408;1425;1442;1459;1476;1493;1540;1558;1576;1594;1612;1630;1648;1666;1684;1702;1960;1984;2008;2032;2056;2080;2104;2128;2152;2176;2300;2326;2352;2378;2404;2430;2456;2482;2508;2534;2680;2708;2736;2764;2792;2820;2848;2876;2904;2932;3100;3130;3160;3190;3220;3250;3280;3310;3340;3370;3560;3592;3624;3656;3688;3720;3752;3784;3816;3848;4060;4094;4128;4162;4196;4230;4264;4298;4332;4366;4600;4636;4672;4708;4744;4780;4816;4852;4888;4924;5180;5218;5256;5294;5332;5370;5408;5446;5484;5522>,15,<168;168;168;168;168;186;186;186;186;186;204;204;204;204;204;222;222;222;222;222;240;240;240;240;240;258;258;258;258;258;276;276;276;276;276;294;294;294;294;294;312;312;312;312;312;330;330;330;330;330;348;348;348;348;348;366;366;366;366;366;384;384;384;384;384;402;402;402;402;402;420;420;420;420;420;438;438;438;438;438;456;456;456;456;456;474;474;474;474;474;492;492;492;492;492;510;510;510;510;510;528;528;528;528;528;546;546;546;546;546;564;564;564;564;564;582;582;582;582;582>,,,,,,{drawcard=hong_effect_loop}
40163,强击,1,3,config/item/gem/icon_1_h_3.png,6,攻击向符石,9999,{529=2000},,6,1,<5040;5116;5191;5267;5342;5418;5494;5569;5645;5720;5846;5927;6008;6088;6169;6250;6330;6411;6492;6572;6754;6839;6925;7011;7096;7182;7268;7353;7439;7525;7762;7852;7943;8034;8124;8215;8306;8397;8487;8578;9878;9999;10120;10241;10362;10483;10604;10725;10846;10967;11592;11723;11854;11985;12116;12247;12378;12509;12640;12771;13507;13648;13789;13931;14072;14213;14354;14495;14636;14777;15624;15775;15926;16078;16229;16380;16531;16682;16834;16985;17942;18104;18265;18426;18588;18749;18910;19071;19233;19394;20462;20634;20805;20976;21148;21319;21491;21662;21833;22005;23184;23365;23547;23728;23910;24091;24273;24454;24636;24817;26107;26299;26490;26682;26873;27065;27256;27448;27639;27831>,7,<1000;1015;1030;1045;1060;1075;1090;1105;1120;1135;1160;1176;1192;1208;1224;1240;1256;1272;1288;1304;1340;1357;1374;1391;1408;1425;1442;1459;1476;1493;1540;1558;1576;1594;1612;1630;1648;1666;1684;1702;1960;1984;2008;2032;2056;2080;2104;2128;2152;2176;2300;2326;2352;2378;2404;2430;2456;2482;2508;2534;2680;2708;2736;2764;2792;2820;2848;2876;2904;2932;3100;3130;3160;3190;3220;3250;3280;3310;3340;3370;3560;3592;3624;3656;3688;3720;3752;3784;3816;3848;4060;4094;4128;4162;4196;4230;4264;4298;4332;4366;4600;4636;4672;4708;4744;4780;4816;4852;4888;4924;5180;5218;5256;5294;5332;5370;5408;5446;5484;5522>,8,<1000;1015;1030;1045;1060;1075;1090;1105;1120;1135;1160;1176;1192;1208;1224;1240;1256;1272;1288;1304;1340;1357;1374;1391;1408;1425;1442;1459;1476;1493;1540;1558;1576;1594;1612;1630;1648;1666;1684;1702;1960;1984;2008;2032;2056;2080;2104;2128;2152;2176;2300;2326;2352;2378;2404;2430;2456;2482;2508;2534;2680;2708;2736;2764;2792;2820;2848;2876;2904;2932;3100;3130;3160;3190;3220;3250;3280;3310;3340;3370;3560;3592;3624;3656;3688;3720;3752;3784;3816;3848;4060;4094;4128;4162;4196;4230;4264;4298;4332;4366;4600;4636;4672;4708;4744;4780;4816;4852;4888;4924;5180;5218;5256;5294;5332;5370;5408;5446;5484;5522>,11,<112;112;112;112;112;124;124;124;124;124;136;136;136;136;136;148;148;148;148;148;160;160;160;160;160;172;172;172;172;172;184;184;184;184;184;196;196;196;196;196;208;208;208;208;208;220;220;220;220;220;232;232;232;232;232;244;244;244;244;244;256;256;256;256;256;268;268;268;268;268;280;280;280;280;280;292;292;292;292;292;304;304;304;304;304;316;316;316;316;316;328;328;328;328;328;340;340;340;340;340;352;352;352;352;352;364;364;364;364;364;376;376;376;376;376;388;388;388;388;388>,12,<112;112;112;112;112;124;124;124;124;124;136;136;136;136;136;148;148;148;148;148;160;160;160;160;160;172;172;172;172;172;184;184;184;184;184;196;196;196;196;196;208;208;208;208;208;220;220;220;220;220;232;232;232;232;232;244;244;244;244;244;256;256;256;256;256;268;268;268;268;268;280;280;280;280;280;292;292;292;292;292;304;304;304;304;304;316;316;316;316;316;328;328;328;328;328;340;340;340;340;340;352;352;352;352;352;364;364;364;364;364;376;376;376;376;376;388;388;388;388;388>,,{drawcard=hong_effect_loop}
40164,强击,1,4,config/item/gem/icon_1_h_4.png,6,攻击向符石,9999,{529=2000},,6,1,<5040;5116;5191;5267;5342;5418;5494;5569;5645;5720;5846;5927;6008;6088;6169;6250;6330;6411;6492;6572;6754;6839;6925;7011;7096;7182;7268;7353;7439;7525;7762;7852;7943;8034;8124;8215;8306;8397;8487;8578;9878;9999;10120;10241;10362;10483;10604;10725;10846;10967;11592;11723;11854;11985;12116;12247;12378;12509;12640;12771;13507;13648;13789;13931;14072;14213;14354;14495;14636;14777;15624;15775;15926;16078;16229;16380;16531;16682;16834;16985;17942;18104;18265;18426;18588;18749;18910;19071;19233;19394;20462;20634;20805;20976;21148;21319;21491;21662;21833;22005;23184;23365;23547;23728;23910;24091;24273;24454;24636;24817;26107;26299;26490;26682;26873;27065;27256;27448;27639;27831>,7,<1000;1015;1030;1045;1060;1075;1090;1105;1120;1135;1160;1176;1192;1208;1224;1240;1256;1272;1288;1304;1340;1357;1374;1391;1408;1425;1442;1459;1476;1493;1540;1558;1576;1594;1612;1630;1648;1666;1684;1702;1960;1984;2008;2032;2056;2080;2104;2128;2152;2176;2300;2326;2352;2378;2404;2430;2456;2482;2508;2534;2680;2708;2736;2764;2792;2820;2848;2876;2904;2932;3100;3130;3160;3190;3220;3250;3280;3310;3340;3370;3560;3592;3624;3656;3688;3720;3752;3784;3816;3848;4060;4094;4128;4162;4196;4230;4264;4298;4332;4366;4600;4636;4672;4708;4744;4780;4816;4852;4888;4924;5180;5218;5256;5294;5332;5370;5408;5446;5484;5522>,8,<1000;1015;1030;1045;1060;1075;1090;1105;1120;1135;1160;1176;1192;1208;1224;1240;1256;1272;1288;1304;1340;1357;1374;1391;1408;1425;1442;1459;1476;1493;1540;1558;1576;1594;1612;1630;1648;1666;1684;1702;1960;1984;2008;2032;2056;2080;2104;2128;2152;2176;2300;2326;2352;2378;2404;2430;2456;2482;2508;2534;2680;2708;2736;2764;2792;2820;2848;2876;2904;2932;3100;3130;3160;3190;3220;3250;3280;3310;3340;3370;3560;3592;3624;3656;3688;3720;3752;3784;3816;3848;4060;4094;4128;4162;4196;4230;4264;4298;4332;4366;4600;4636;4672;4708;4744;4780;4816;4852;4888;4924;5180;5218;5256;5294;5332;5370;5408;5446;5484;5522>,90,<134;134;134;134;134;149;149;149;149;149;163;163;163;163;163;178;178;178;178;178;192;192;192;192;192;206;206;206;206;206;221;221;221;221;221;235;235;235;235;235;250;250;250;250;250;264;264;264;264;264;278;278;278;278;278;293;293;293;293;293;307;307;307;307;307;322;322;322;322;322;336;336;336;336;336;350;350;350;350;350;365;365;365;365;365;379;379;379;379;379;394;394;394;394;394;408;408;408;408;408;422;422;422;422;422;437;437;437;437;437;451;451;451;451;451;466;466;466;466;466>,,,,{drawcard=hong_effect_loop}
40165,强击,1,5,config/item/gem/icon_1_h_5.png,6,攻击向符石,9999,{529=2000},,6,7,<1000;1015;1030;1045;1060;1075;1090;1105;1120;1135;1160;1176;1192;1208;1224;1240;1256;1272;1288;1304;1340;1357;1374;1391;1408;1425;1442;1459;1476;1493;1540;1558;1576;1594;1612;1630;1648;1666;1684;1702;1960;1984;2008;2032;2056;2080;2104;2128;2152;2176;2300;2326;2352;2378;2404;2430;2456;2482;2508;2534;2680;2708;2736;2764;2792;2820;2848;2876;2904;2932;3100;3130;3160;3190;3220;3250;3280;3310;3340;3370;3560;3592;3624;3656;3688;3720;3752;3784;3816;3848;4060;4094;4128;4162;4196;4230;4264;4298;4332;4366;4600;4636;4672;4708;4744;4780;4816;4852;4888;4924;5180;5218;5256;5294;5332;5370;5408;5446;5484;5522>,8,<1000;1015;1030;1045;1060;1075;1090;1105;1120;1135;1160;1176;1192;1208;1224;1240;1256;1272;1288;1304;1340;1357;1374;1391;1408;1425;1442;1459;1476;1493;1540;1558;1576;1594;1612;1630;1648;1666;1684;1702;1960;1984;2008;2032;2056;2080;2104;2128;2152;2176;2300;2326;2352;2378;2404;2430;2456;2482;2508;2534;2680;2708;2736;2764;2792;2820;2848;2876;2904;2932;3100;3130;3160;3190;3220;3250;3280;3310;3340;3370;3560;3592;3624;3656;3688;3720;3752;3784;3816;3848;4060;4094;4128;4162;4196;4230;4264;4298;4332;4366;4600;4636;4672;4708;4744;4780;4816;4852;4888;4924;5180;5218;5256;5294;5332;5370;5408;5446;5484;5522>,9,<700;711;721;732;742;753;763;774;784;795;812;823;834;846;857;868;879;890;902;913;938;950;962;974;986;998;1009;1021;1033;1045;1078;1091;1103;1116;1128;1141;1154;1166;1179;1191;1372;1389;1406;1422;1439;1456;1473;1490;1506;1523;1610;1628;1646;1665;1683;1701;1719;1737;1756;1774;1876;1896;1915;1935;1954;1974;1994;2013;2033;2052;2170;2191;2212;2233;2254;2275;2296;2317;2338;2359;2492;2514;2537;2559;2582;2604;2626;2649;2671;2694;2842;2866;2890;2913;2937;2961;2985;3009;3032;3056;3220;3245;3270;3296;3321;3346;3371;3396;3422;3447;3626;3653;3679;3706;3732;3759;3786;3812;3839;3865>,22,<67;67;67;67;67;74;74;74;74;74;82;82;82;82;82;89;89;89;89;89;96;96;96;96;96;103;103;103;103;103;110;110;110;110;110;118;118;118;118;118;125;125;125;125;125;132;132;132;132;132;139;139;139;139;139;146;146;146;146;146;154;154;154;154;154;161;161;161;161;161;168;168;168;168;168;175;175;175;175;175;182;182;182;182;182;190;190;190;190;190;197;197;197;197;197;204;204;204;204;204;211;211;211;211;211;218;218;218;218;218;226;226;226;226;226;233;233;233;233;233>,,,,{drawcard=hong_effect_loop}
40166,强击,1,6,config/item/gem/icon_1_h_6.png,6,攻击向符石,9999,{529=2000},,6,7,<1000;1015;1030;1045;1060;1075;1090;1105;1120;1135;1160;1176;1192;1208;1224;1240;1256;1272;1288;1304;1340;1357;1374;1391;1408;1425;1442;1459;1476;1493;1540;1558;1576;1594;1612;1630;1648;1666;1684;1702;1960;1984;2008;2032;2056;2080;2104;2128;2152;2176;2300;2326;2352;2378;2404;2430;2456;2482;2508;2534;2680;2708;2736;2764;2792;2820;2848;2876;2904;2932;3100;3130;3160;3190;3220;3250;3280;3310;3340;3370;3560;3592;3624;3656;3688;3720;3752;3784;3816;3848;4060;4094;4128;4162;4196;4230;4264;4298;4332;4366;4600;4636;4672;4708;4744;4780;4816;4852;4888;4924;5180;5218;5256;5294;5332;5370;5408;5446;5484;5522>,8,<1000;1015;1030;1045;1060;1075;1090;1105;1120;1135;1160;1176;1192;1208;1224;1240;1256;1272;1288;1304;1340;1357;1374;1391;1408;1425;1442;1459;1476;1493;1540;1558;1576;1594;1612;1630;1648;1666;1684;1702;1960;1984;2008;2032;2056;2080;2104;2128;2152;2176;2300;2326;2352;2378;2404;2430;2456;2482;2508;2534;2680;2708;2736;2764;2792;2820;2848;2876;2904;2932;3100;3130;3160;3190;3220;3250;3280;3310;3340;3370;3560;3592;3624;3656;3688;3720;3752;3784;3816;3848;4060;4094;4128;4162;4196;4230;4264;4298;4332;4366;4600;4636;4672;4708;4744;4780;4816;4852;4888;4924;5180;5218;5256;5294;5332;5370;5408;5446;5484;5522>,10,<700;711;721;732;742;753;763;774;784;795;812;823;834;846;857;868;879;890;902;913;938;950;962;974;986;998;1009;1021;1033;1045;1078;1091;1103;1116;1128;1141;1154;1166;1179;1191;1372;1389;1406;1422;1439;1456;1473;1490;1506;1523;1610;1628;1646;1665;1683;1701;1719;1737;1756;1774;1876;1896;1915;1935;1954;1974;1994;2013;2033;2052;2170;2191;2212;2233;2254;2275;2296;2317;2338;2359;2492;2514;2537;2559;2582;2604;2626;2649;2671;2694;2842;2866;2890;2913;2937;2961;2985;3009;3032;3056;3220;3245;3270;3296;3321;3346;3371;3396;3422;3447;3626;3653;3679;3706;3732;3759;3786;3812;3839;3865>,23,<67;67;67;67;67;74;74;74;74;74;82;82;82;82;82;89;89;89;89;89;96;96;96;96;96;103;103;103;103;103;110;110;110;110;110;118;118;118;118;118;125;125;125;125;125;132;132;132;132;132;139;139;139;139;139;146;146;146;146;146;154;154;154;154;154;161;161;161;161;161;168;168;168;168;168;175;175;175;175;175;182;182;182;182;182;190;190;190;190;190;197;197;197;197;197;204;204;204;204;204;211;211;211;211;211;218;218;218;218;218;226;226;226;226;226;233;233;233;233;233>,,,,{drawcard=hong_effect_loop}
40221,致命,2,1,config/item/gem/icon_6_lv_1.png,2,攻击向符石,9999,{529=20},,2,7,<200;203;206;209;212;215;218;221;224;227;232;235;238;242;245;248;251;254;258;261;268;271;275;278;282;285;288;292;295;299;308;312;315;319;322;326;330;333;337;340;360;364;368;372;376;380;384;388;392;396;420;424;429;433;438;442;446;451;455;460;488;493;498;502;507;512;517;522;526;531;564;569;574;580;585;590;595;600;606;611;648;654;659;665;670;676;682;687;693;698;740;746;752;758;764;770;776;782;788;794;840;846;853;859;866;872;878;885;891;898;948;955;962;968;975;982;989;996;1002;1009>,8,<200;203;206;209;212;215;218;221;224;227;232;235;238;242;245;248;251;254;258;261;268;271;275;278;282;285;288;292;295;299;308;312;315;319;322;326;330;333;337;340;360;364;368;372;376;380;384;388;392;396;420;424;429;433;438;442;446;451;455;460;488;493;498;502;507;512;517;522;526;531;564;569;574;580;585;590;595;600;606;611;648;654;659;665;670;676;682;687;693;698;740;746;752;758;764;770;776;782;788;794;840;846;853;859;866;872;878;885;891;898;948;955;962;968;975;982;989;996;1002;1009>,14,<22;22;22;22;22;25;25;25;25;25;27;27;27;27;27;30;30;30;30;30;32;32;32;32;32;34;34;34;34;34;37;37;37;37;37;39;39;39;39;39;42;42;42;42;42;44;44;44;44;44;46;46;46;46;46;49;49;49;49;49;51;51;51;51;51;54;54;54;54;54;56;56;56;56;56;58;58;58;58;58;61;61;61;61;61;63;63;63;63;63;66;66;66;66;66;68;68;68;68;68;70;70;70;70;70;73;73;73;73;73;75;75;75;75;75;78;78;78;78;78>,,,,,,
40222,致命,2,2,config/item/gem/icon_6_lv_2.png,2,攻击向符石,9999,{529=20},,2,7,<200;203;206;209;212;215;218;221;224;227;232;235;238;242;245;248;251;254;258;261;268;271;275;278;282;285;288;292;295;299;308;312;315;319;322;326;330;333;337;340;360;364;368;372;376;380;384;388;392;396;420;424;429;433;438;442;446;451;455;460;488;493;498;502;507;512;517;522;526;531;564;569;574;580;585;590;595;600;606;611;648;654;659;665;670;676;682;687;693;698;740;746;752;758;764;770;776;782;788;794;840;846;853;859;866;872;878;885;891;898;948;955;962;968;975;982;989;996;1002;1009>,8,<200;203;206;209;212;215;218;221;224;227;232;235;238;242;245;248;251;254;258;261;268;271;275;278;282;285;288;292;295;299;308;312;315;319;322;326;330;333;337;340;360;364;368;372;376;380;384;388;392;396;420;424;429;433;438;442;446;451;455;460;488;493;498;502;507;512;517;522;526;531;564;569;574;580;585;590;595;600;606;611;648;654;659;665;670;676;682;687;693;698;740;746;752;758;764;770;776;782;788;794;840;846;853;859;866;872;878;885;891;898;948;955;962;968;975;982;989;996;1002;1009>,15,<34;34;34;34;34;37;37;37;37;37;41;41;41;41;41;44;44;44;44;44;48;48;48;48;48;52;52;52;52;52;55;55;55;55;55;59;59;59;59;59;62;62;62;62;62;66;66;66;66;66;70;70;70;70;70;73;73;73;73;73;77;77;77;77;77;80;80;80;80;80;84;84;84;84;84;88;88;88;88;88;91;91;91;91;91;95;95;95;95;95;98;98;98;98;98;102;102;102;102;102;106;106;106;106;106;109;109;109;109;109;113;113;113;113;113;116;116;116;116;116>,,,,,,
40223,致命,2,3,config/item/gem/icon_6_lv_3.png,2,攻击向符石,9999,{529=20},,2,1,<1008;1023;1038;1053;1068;1084;1099;1114;1129;1144;1169;1185;1202;1218;1234;1250;1266;1282;1298;1314;1351;1368;1385;1402;1419;1436;1454;1471;1488;1505;1552;1570;1589;1607;1625;1643;1661;1679;1697;1716;1814;1835;1855;1875;1895;1915;1935;1956;1976;1996;2117;2139;2161;2183;2206;2228;2250;2272;2294;2316;2460;2484;2508;2532;2556;2580;2605;2629;2653;2677;2843;2869;2895;2921;2947;2974;3000;3026;3052;3078;3266;3294;3322;3351;3379;3407;3435;3463;3492;3520;3730;3760;3790;3820;3851;3881;3911;3941;3972;4002;4234;4266;4298;4330;4363;4395;4427;4459;4492;4524;4778;4812;4846;4881;4915;4949;4984;5018;5052;5086>,7,<200;203;206;209;212;215;218;221;224;227;232;235;238;242;245;248;251;254;258;261;268;271;275;278;282;285;288;292;295;299;308;312;315;319;322;326;330;333;337;340;360;364;368;372;376;380;384;388;392;396;420;424;429;433;438;442;446;451;455;460;488;493;498;502;507;512;517;522;526;531;564;569;574;580;585;590;595;600;606;611;648;654;659;665;670;676;682;687;693;698;740;746;752;758;764;770;776;782;788;794;840;846;853;859;866;872;878;885;891;898;948;955;962;968;975;982;989;996;1002;1009>,8,<200;203;206;209;212;215;218;221;224;227;232;235;238;242;245;248;251;254;258;261;268;271;275;278;282;285;288;292;295;299;308;312;315;319;322;326;330;333;337;340;360;364;368;372;376;380;384;388;392;396;420;424;429;433;438;442;446;451;455;460;488;493;498;502;507;512;517;522;526;531;564;569;574;580;585;590;595;600;606;611;648;654;659;665;670;676;682;687;693;698;740;746;752;758;764;770;776;782;788;794;840;846;853;859;866;872;878;885;891;898;948;955;962;968;975;982;989;996;1002;1009>,11,<22;22;22;22;22;25;25;25;25;25;27;27;27;27;27;30;30;30;30;30;32;32;32;32;32;34;34;34;34;34;37;37;37;37;37;39;39;39;39;39;42;42;42;42;42;44;44;44;44;44;46;46;46;46;46;49;49;49;49;49;51;51;51;51;51;54;54;54;54;54;56;56;56;56;56;58;58;58;58;58;61;61;61;61;61;63;63;63;63;63;66;66;66;66;66;68;68;68;68;68;70;70;70;70;70;73;73;73;73;73;75;75;75;75;75;78;78;78;78;78>,12,<22;22;22;22;22;25;25;25;25;25;27;27;27;27;27;30;30;30;30;30;32;32;32;32;32;34;34;34;34;34;37;37;37;37;37;39;39;39;39;39;42;42;42;42;42;44;44;44;44;44;46;46;46;46;46;49;49;49;49;49;51;51;51;51;51;54;54;54;54;54;56;56;56;56;56;58;58;58;58;58;61;61;61;61;61;63;63;63;63;63;66;66;66;66;66;68;68;68;68;68;70;70;70;70;70;73;73;73;73;73;75;75;75;75;75;78;78;78;78;78>,,
40224,致命,2,4,config/item/gem/icon_6_lv_4.png,2,攻击向符石,9999,{529=20},,2,1,<1008;1023;1038;1053;1068;1084;1099;1114;1129;1144;1169;1185;1202;1218;1234;1250;1266;1282;1298;1314;1351;1368;1385;1402;1419;1436;1454;1471;1488;1505;1552;1570;1589;1607;1625;1643;1661;1679;1697;1716;1814;1835;1855;1875;1895;1915;1935;1956;1976;1996;2117;2139;2161;2183;2206;2228;2250;2272;2294;2316;2460;2484;2508;2532;2556;2580;2605;2629;2653;2677;2843;2869;2895;2921;2947;2974;3000;3026;3052;3078;3266;3294;3322;3351;3379;3407;3435;3463;3492;3520;3730;3760;3790;3820;3851;3881;3911;3941;3972;4002;4234;4266;4298;4330;4363;4395;4427;4459;4492;4524;4778;4812;4846;4881;4915;4949;4984;5018;5052;5086>,7,<200;203;206;209;212;215;218;221;224;227;232;235;238;242;245;248;251;254;258;261;268;271;275;278;282;285;288;292;295;299;308;312;315;319;322;326;330;333;337;340;360;364;368;372;376;380;384;388;392;396;420;424;429;433;438;442;446;451;455;460;488;493;498;502;507;512;517;522;526;531;564;569;574;580;585;590;595;600;606;611;648;654;659;665;670;676;682;687;693;698;740;746;752;758;764;770;776;782;788;794;840;846;853;859;866;872;878;885;891;898;948;955;962;968;975;982;989;996;1002;1009>,8,<200;203;206;209;212;215;218;221;224;227;232;235;238;242;245;248;251;254;258;261;268;271;275;278;282;285;288;292;295;299;308;312;315;319;322;326;330;333;337;340;360;364;368;372;376;380;384;388;392;396;420;424;429;433;438;442;446;451;455;460;488;493;498;502;507;512;517;522;526;531;564;569;574;580;585;590;595;600;606;611;648;654;659;665;670;676;682;687;693;698;740;746;752;758;764;770;776;782;788;794;840;846;853;859;866;872;878;885;891;898;948;955;962;968;975;982;989;996;1002;1009>,90,<27;27;27;27;27;30;30;30;30;30;33;33;33;33;33;36;36;36;36;36;38;38;38;38;38;41;41;41;41;41;44;44;44;44;44;47;47;47;47;47;50;50;50;50;50;53;53;53;53;53;56;56;56;56;56;59;59;59;59;59;61;61;61;61;61;64;64;64;64;64;67;67;67;67;67;70;70;70;70;70;73;73;73;73;73;76;76;76;76;76;79;79;79;79;79;82;82;82;82;82;84;84;84;84;84;87;87;87;87;87;90;90;90;90;90;93;93;93;93;93>,,,,
40225,致命,2,5,config/item/gem/icon_6_lv_5.png,2,攻击向符石,9999,{529=20},,2,7,<200;203;206;209;212;215;218;221;224;227;232;235;238;242;245;248;251;254;258;261;268;271;275;278;282;285;288;292;295;299;308;312;315;319;322;326;330;333;337;340;360;364;368;372;376;380;384;388;392;396;420;424;429;433;438;442;446;451;455;460;488;493;498;502;507;512;517;522;526;531;564;569;574;580;585;590;595;600;606;611;648;654;659;665;670;676;682;687;693;698;740;746;752;758;764;770;776;782;788;794;840;846;853;859;866;872;878;885;891;898;948;955;962;968;975;982;989;996;1002;1009>,8,<200;203;206;209;212;215;218;221;224;227;232;235;238;242;245;248;251;254;258;261;268;271;275;278;282;285;288;292;295;299;308;312;315;319;322;326;330;333;337;340;360;364;368;372;376;380;384;388;392;396;420;424;429;433;438;442;446;451;455;460;488;493;498;502;507;512;517;522;526;531;564;569;574;580;585;590;595;600;606;611;648;654;659;665;670;676;682;687;693;698;740;746;752;758;764;770;776;782;788;794;840;846;853;859;866;872;878;885;891;898;948;955;962;968;975;982;989;996;1002;1009>,9,<140;142;144;146;148;151;153;155;157;159;162;165;167;169;171;174;176;178;180;183;188;190;192;195;197;200;202;204;207;209;216;218;221;223;226;228;231;233;236;238;252;255;258;260;263;266;269;272;274;277;294;297;300;303;306;309;312;316;319;322;342;345;348;352;355;358;362;365;368;372;395;398;402;406;409;413;417;420;424;428;454;458;461;465;469;473;477;481;485;489;518;522;526;531;535;539;543;547;552;556;588;592;597;601;606;610;615;619;624;628;664;668;673;678;683;687;692;697;702;706>,22,<13;13;13;13;13;15;15;15;15;15;16;16;16;16;16;18;18;18;18;18;19;19;19;19;19;21;21;21;21;21;22;22;22;22;22;24;24;24;24;24;25;25;25;25;25;26;26;26;26;26;28;28;28;28;28;29;29;29;29;29;31;31;31;31;31;32;32;32;32;32;34;34;34;34;34;35;35;35;35;35;36;36;36;36;36;38;38;38;38;38;39;39;39;39;39;41;41;41;41;41;42;42;42;42;42;44;44;44;44;44;45;45;45;45;45;47;47;47;47;47>,,,,
40226,致命,2,6,config/item/gem/icon_6_lv_6.png,2,攻击向符石,9999,{529=20},,2,7,<200;203;206;209;212;215;218;221;224;227;232;235;238;242;245;248;251;254;258;261;268;271;275;278;282;285;288;292;295;299;308;312;315;319;322;326;330;333;337;340;360;364;368;372;376;380;384;388;392;396;420;424;429;433;438;442;446;451;455;460;488;493;498;502;507;512;517;522;526;531;564;569;574;580;585;590;595;600;606;611;648;654;659;665;670;676;682;687;693;698;740;746;752;758;764;770;776;782;788;794;840;846;853;859;866;872;878;885;891;898;948;955;962;968;975;982;989;996;1002;1009>,8,<200;203;206;209;212;215;218;221;224;227;232;235;238;242;245;248;251;254;258;261;268;271;275;278;282;285;288;292;295;299;308;312;315;319;322;326;330;333;337;340;360;364;368;372;376;380;384;388;392;396;420;424;429;433;438;442;446;451;455;460;488;493;498;502;507;512;517;522;526;531;564;569;574;580;585;590;595;600;606;611;648;654;659;665;670;676;682;687;693;698;740;746;752;758;764;770;776;782;788;794;840;846;853;859;866;872;878;885;891;898;948;955;962;968;975;982;989;996;1002;1009>,10,<140;142;144;146;148;151;153;155;157;159;162;165;167;169;171;174;176;178;180;183;188;190;192;195;197;200;202;204;207;209;216;218;221;223;226;228;231;233;236;238;252;255;258;260;263;266;269;272;274;277;294;297;300;303;306;309;312;316;319;322;342;345;348;352;355;358;362;365;368;372;395;398;402;406;409;413;417;420;424;428;454;458;461;465;469;473;477;481;485;489;518;522;526;531;535;539;543;547;552;556;588;592;597;601;606;610;615;619;624;628;664;668;673;678;683;687;692;697;702;706>,23,<13;13;13;13;13;15;15;15;15;15;16;16;16;16;16;18;18;18;18;18;19;19;19;19;19;21;21;21;21;21;22;22;22;22;22;24;24;24;24;24;25;25;25;25;25;26;26;26;26;26;28;28;28;28;28;29;29;29;29;29;31;31;31;31;31;32;32;32;32;32;34;34;34;34;34;35;35;35;35;35;36;36;36;36;36;38;38;38;38;38;39;39;39;39;39;41;41;41;41;41;42;42;42;42;42;44;44;44;44;44;45;45;45;45;45;47;47;47;47;47>,,,,
40231,致命,2,1,config/item/gem/icon_6_l_1.png,3,攻击向符石,9999,{529=40},,3,7,<300;305;309;314;318;323;327;332;336;341;348;353;358;362;367;372;377;382;386;391;402;407;412;417;422;428;433;438;443;448;462;467;473;478;484;489;494;500;505;511;540;546;552;558;564;570;576;582;588;594;630;637;643;650;656;663;670;676;683;689;732;739;746;754;761;768;775;782;790;797;846;854;862;869;877;885;893;901;908;916;972;980;989;997;1006;1014;1022;1031;1039;1048;1110;1119;1128;1137;1146;1155;1164;1173;1182;1191;1260;1270;1279;1289;1298;1308;1318;1327;1337;1346;1422;1432;1442;1453;1463;1473;1483;1493;1504;1514>,8,<300;305;309;314;318;323;327;332;336;341;348;353;358;362;367;372;377;382;386;391;402;407;412;417;422;428;433;438;443;448;462;467;473;478;484;489;494;500;505;511;540;546;552;558;564;570;576;582;588;594;630;637;643;650;656;663;670;676;683;689;732;739;746;754;761;768;775;782;790;797;846;854;862;869;877;885;893;901;908;916;972;980;989;997;1006;1014;1022;1031;1039;1048;1110;1119;1128;1137;1146;1155;1164;1173;1182;1191;1260;1270;1279;1289;1298;1308;1318;1327;1337;1346;1422;1432;1442;1453;1463;1473;1483;1493;1504;1514>,14,<34;34;34;34;34;37;37;37;37;37;41;41;41;41;41;44;44;44;44;44;48;48;48;48;48;52;52;52;52;52;55;55;55;55;55;59;59;59;59;59;62;62;62;62;62;66;66;66;66;66;70;70;70;70;70;73;73;73;73;73;77;77;77;77;77;80;80;80;80;80;84;84;84;84;84;88;88;88;88;88;91;91;91;91;91;95;95;95;95;95;98;98;98;98;98;102;102;102;102;102;106;106;106;106;106;109;109;109;109;109;113;113;113;113;113;116;116;116;116;116>,,,,,,
40232,致命,2,2,config/item/gem/icon_6_l_2.png,3,攻击向符石,9999,{529=40},,3,7,<300;305;309;314;318;323;327;332;336;341;348;353;358;362;367;372;377;382;386;391;402;407;412;417;422;428;433;438;443;448;462;467;473;478;484;489;494;500;505;511;540;546;552;558;564;570;576;582;588;594;630;637;643;650;656;663;670;676;683;689;732;739;746;754;761;768;775;782;790;797;846;854;862;869;877;885;893;901;908;916;972;980;989;997;1006;1014;1022;1031;1039;1048;1110;1119;1128;1137;1146;1155;1164;1173;1182;1191;1260;1270;1279;1289;1298;1308;1318;1327;1337;1346;1422;1432;1442;1453;1463;1473;1483;1493;1504;1514>,8,<300;305;309;314;318;323;327;332;336;341;348;353;358;362;367;372;377;382;386;391;402;407;412;417;422;428;433;438;443;448;462;467;473;478;484;489;494;500;505;511;540;546;552;558;564;570;576;582;588;594;630;637;643;650;656;663;670;676;683;689;732;739;746;754;761;768;775;782;790;797;846;854;862;869;877;885;893;901;908;916;972;980;989;997;1006;1014;1022;1031;1039;1048;1110;1119;1128;1137;1146;1155;1164;1173;1182;1191;1260;1270;1279;1289;1298;1308;1318;1327;1337;1346;1422;1432;1442;1453;1463;1473;1483;1493;1504;1514>,15,<50;50;50;50;50;56;56;56;56;56;61;61;61;61;61;67;67;67;67;67;72;72;72;72;72;77;77;77;77;77;83;83;83;83;83;88;88;88;88;88;94;94;94;94;94;99;99;99;99;99;104;104;104;104;104;110;110;110;110;110;115;115;115;115;115;121;121;121;121;121;126;126;126;126;126;131;131;131;131;131;137;137;137;137;137;142;142;142;142;142;148;148;148;148;148;153;153;153;153;153;158;158;158;158;158;164;164;164;164;164;169;169;169;169;169;175;175;175;175;175>,,,,,,
40233,致命,2,3,config/item/gem/icon_6_l_3.png,3,攻击向符石,9999,{529=40},,3,1,<1512;1535;1557;1580;1603;1625;1648;1671;1693;1716;1754;1778;1802;1826;1851;1875;1899;1923;1947;1972;2026;2052;2077;2103;2129;2155;2180;2206;2232;2257;2328;2356;2383;2410;2437;2465;2492;2519;2546;2573;2722;2752;2782;2812;2843;2873;2903;2933;2964;2994;3175;3208;3242;3275;3308;3342;3375;3408;3441;3475;3689;3726;3762;3798;3834;3871;3907;3943;3980;4016;4264;4303;4342;4382;4421;4460;4500;4539;4578;4618;4899;4941;4984;5026;5068;5111;5153;5195;5238;5280;5594;5640;5685;5730;5776;5821;5867;5912;5957;6003;6350;6399;6447;6496;6544;6592;6641;6689;6737;6786;7167;7218;7270;7321;7373;7424;7475;7527;7578;7630>,7,<300;305;309;314;318;323;327;332;336;341;348;353;358;362;367;372;377;382;386;391;402;407;412;417;422;428;433;438;443;448;462;467;473;478;484;489;494;500;505;511;540;546;552;558;564;570;576;582;588;594;630;637;643;650;656;663;670;676;683;689;732;739;746;754;761;768;775;782;790;797;846;854;862;869;877;885;893;901;908;916;972;980;989;997;1006;1014;1022;1031;1039;1048;1110;1119;1128;1137;1146;1155;1164;1173;1182;1191;1260;1270;1279;1289;1298;1308;1318;1327;1337;1346;1422;1432;1442;1453;1463;1473;1483;1493;1504;1514>,8,<300;305;309;314;318;323;327;332;336;341;348;353;358;362;367;372;377;382;386;391;402;407;412;417;422;428;433;438;443;448;462;467;473;478;484;489;494;500;505;511;540;546;552;558;564;570;576;582;588;594;630;637;643;650;656;663;670;676;683;689;732;739;746;754;761;768;775;782;790;797;846;854;862;869;877;885;893;901;908;916;972;980;989;997;1006;1014;1022;1031;1039;1048;1110;1119;1128;1137;1146;1155;1164;1173;1182;1191;1260;1270;1279;1289;1298;1308;1318;1327;1337;1346;1422;1432;1442;1453;1463;1473;1483;1493;1504;1514>,11,<34;34;34;34;34;37;37;37;37;37;41;41;41;41;41;44;44;44;44;44;48;48;48;48;48;52;52;52;52;52;55;55;55;55;55;59;59;59;59;59;62;62;62;62;62;66;66;66;66;66;70;70;70;70;70;73;73;73;73;73;77;77;77;77;77;80;80;80;80;80;84;84;84;84;84;88;88;88;88;88;91;91;91;91;91;95;95;95;95;95;98;98;98;98;98;102;102;102;102;102;106;106;106;106;106;109;109;109;109;109;113;113;113;113;113;116;116;116;116;116>,12,<34;34;34;34;34;37;37;37;37;37;41;41;41;41;41;44;44;44;44;44;48;48;48;48;48;52;52;52;52;52;55;55;55;55;55;59;59;59;59;59;62;62;62;62;62;66;66;66;66;66;70;70;70;70;70;73;73;73;73;73;77;77;77;77;77;80;80;80;80;80;84;84;84;84;84;88;88;88;88;88;91;91;91;91;91;95;95;95;95;95;98;98;98;98;98;102;102;102;102;102;106;106;106;106;106;109;109;109;109;109;113;113;113;113;113;116;116;116;116;116>,,
40234,致命,2,4,config/item/gem/icon_6_l_4.png,3,攻击向符石,9999,{529=40},,3,1,<1512;1535;1557;1580;1603;1625;1648;1671;1693;1716;1754;1778;1802;1826;1851;1875;1899;1923;1947;1972;2026;2052;2077;2103;2129;2155;2180;2206;2232;2257;2328;2356;2383;2410;2437;2465;2492;2519;2546;2573;2722;2752;2782;2812;2843;2873;2903;2933;2964;2994;3175;3208;3242;3275;3308;3342;3375;3408;3441;3475;3689;3726;3762;3798;3834;3871;3907;3943;3980;4016;4264;4303;4342;4382;4421;4460;4500;4539;4578;4618;4899;4941;4984;5026;5068;5111;5153;5195;5238;5280;5594;5640;5685;5730;5776;5821;5867;5912;5957;6003;6350;6399;6447;6496;6544;6592;6641;6689;6737;6786;7167;7218;7270;7321;7373;7424;7475;7527;7578;7630>,7,<300;305;309;314;318;323;327;332;336;341;348;353;358;362;367;372;377;382;386;391;402;407;412;417;422;428;433;438;443;448;462;467;473;478;484;489;494;500;505;511;540;546;552;558;564;570;576;582;588;594;630;637;643;650;656;663;670;676;683;689;732;739;746;754;761;768;775;782;790;797;846;854;862;869;877;885;893;901;908;916;972;980;989;997;1006;1014;1022;1031;1039;1048;1110;1119;1128;1137;1146;1155;1164;1173;1182;1191;1260;1270;1279;1289;1298;1308;1318;1327;1337;1346;1422;1432;1442;1453;1463;1473;1483;1493;1504;1514>,8,<300;305;309;314;318;323;327;332;336;341;348;353;358;362;367;372;377;382;386;391;402;407;412;417;422;428;433;438;443;448;462;467;473;478;484;489;494;500;505;511;540;546;552;558;564;570;576;582;588;594;630;637;643;650;656;663;670;676;683;689;732;739;746;754;761;768;775;782;790;797;846;854;862;869;877;885;893;901;908;916;972;980;989;997;1006;1014;1022;1031;1039;1048;1110;1119;1128;1137;1146;1155;1164;1173;1182;1191;1260;1270;1279;1289;1298;1308;1318;1327;1337;1346;1422;1432;1442;1453;1463;1473;1483;1493;1504;1514>,90,<40;40;40;40;40;45;45;45;45;45;49;49;49;49;49;53;53;53;53;53;58;58;58;58;58;62;62;62;62;62;66;66;66;66;66;71;71;71;71;71;75;75;75;75;75;79;79;79;79;79;84;84;84;84;84;88;88;88;88;88;92;92;92;92;92;96;96;96;96;96;101;101;101;101;101;105;105;105;105;105;109;109;109;109;109;114;114;114;114;114;118;118;118;118;118;122;122;122;122;122;127;127;127;127;127;131;131;131;131;131;135;135;135;135;135;140;140;140;140;140>,,,,
40235,致命,2,5,config/item/gem/icon_6_l_5.png,3,攻击向符石,9999,{529=40},,3,7,<300;305;309;314;318;323;327;332;336;341;348;353;358;362;367;372;377;382;386;391;402;407;412;417;422;428;433;438;443;448;462;467;473;478;484;489;494;500;505;511;540;546;552;558;564;570;576;582;588;594;630;637;643;650;656;663;670;676;683;689;732;739;746;754;761;768;775;782;790;797;846;854;862;869;877;885;893;901;908;916;972;980;989;997;1006;1014;1022;1031;1039;1048;1110;1119;1128;1137;1146;1155;1164;1173;1182;1191;1260;1270;1279;1289;1298;1308;1318;1327;1337;1346;1422;1432;1442;1453;1463;1473;1483;1493;1504;1514>,8,<300;305;309;314;318;323;327;332;336;341;348;353;358;362;367;372;377;382;386;391;402;407;412;417;422;428;433;438;443;448;462;467;473;478;484;489;494;500;505;511;540;546;552;558;564;570;576;582;588;594;630;637;643;650;656;663;670;676;683;689;732;739;746;754;761;768;775;782;790;797;846;854;862;869;877;885;893;901;908;916;972;980;989;997;1006;1014;1022;1031;1039;1048;1110;1119;1128;1137;1146;1155;1164;1173;1182;1191;1260;1270;1279;1289;1298;1308;1318;1327;1337;1346;1422;1432;1442;1453;1463;1473;1483;1493;1504;1514>,9,<210;213;216;219;223;226;229;232;235;238;244;247;250;254;257;260;264;267;270;274;281;285;289;292;296;299;303;306;310;314;323;327;331;335;339;342;346;350;354;357;378;382;386;391;395;399;403;407;412;416;441;446;450;455;459;464;469;473;478;483;512;517;522;528;533;538;543;548;553;558;592;598;603;609;614;620;625;630;636;641;680;686;692;698;704;710;716;722;727;733;777;783;790;796;802;809;815;821;827;834;882;889;895;902;909;916;922;929;936;942;995;1003;1010;1017;1024;1031;1038;1045;1053;1060>,22,<20;20;20;20;20;22;22;22;22;22;24;24;24;24;24;27;27;27;27;27;29;29;29;29;29;31;31;31;31;31;33;33;33;33;33;35;35;35;35;35;37;37;37;37;37;40;40;40;40;40;42;42;42;42;42;44;44;44;44;44;46;46;46;46;46;48;48;48;48;48;50;50;50;50;50;53;53;53;53;53;55;55;55;55;55;57;57;57;57;57;59;59;59;59;59;61;61;61;61;61;63;63;63;63;63;66;66;66;66;66;68;68;68;68;68;70;70;70;70;70>,,,,
40236,致命,2,6,config/item/gem/icon_6_l_6.png,3,攻击向符石,9999,{529=40},,3,7,<300;305;309;314;318;323;327;332;336;341;348;353;358;362;367;372;377;382;386;391;402;407;412;417;422;428;433;438;443;448;462;467;473;478;484;489;494;500;505;511;540;546;552;558;564;570;576;582;588;594;630;637;643;650;656;663;670;676;683;689;732;739;746;754;761;768;775;782;790;797;846;854;862;869;877;885;893;901;908;916;972;980;989;997;1006;1014;1022;1031;1039;1048;1110;1119;1128;1137;1146;1155;1164;1173;1182;1191;1260;1270;1279;1289;1298;1308;1318;1327;1337;1346;1422;1432;1442;1453;1463;1473;1483;1493;1504;1514>,8,<300;305;309;314;318;323;327;332;336;341;348;353;358;362;367;372;377;382;386;391;402;407;412;417;422;428;433;438;443;448;462;467;473;478;484;489;494;500;505;511;540;546;552;558;564;570;576;582;588;594;630;637;643;650;656;663;670;676;683;689;732;739;746;754;761;768;775;782;790;797;846;854;862;869;877;885;893;901;908;916;972;980;989;997;1006;1014;1022;1031;1039;1048;1110;1119;1128;1137;1146;1155;1164;1173;1182;1191;1260;1270;1279;1289;1298;1308;1318;1327;1337;1346;1422;1432;1442;1453;1463;1473;1483;1493;1504;1514>,10,<210;213;216;219;223;226;229;232;235;238;244;247;250;254;257;260;264;267;270;274;281;285;289;292;296;299;303;306;310;314;323;327;331;335;339;342;346;350;354;357;378;382;386;391;395;399;403;407;412;416;441;446;450;455;459;464;469;473;478;483;512;517;522;528;533;538;543;548;553;558;592;598;603;609;614;620;625;630;636;641;680;686;692;698;704;710;716;722;727;733;777;783;790;796;802;809;815;821;827;834;882;889;895;902;909;916;922;929;936;942;995;1003;1010;1017;1024;1031;1038;1045;1053;1060>,23,<20;20;20;20;20;22;22;22;22;22;24;24;24;24;24;27;27;27;27;27;29;29;29;29;29;31;31;31;31;31;33;33;33;33;33;35;35;35;35;35;37;37;37;37;37;40;40;40;40;40;42;42;42;42;42;44;44;44;44;44;46;46;46;46;46;48;48;48;48;48;50;50;50;50;50;53;53;53;53;53;55;55;55;55;55;57;57;57;57;57;59;59;59;59;59;61;61;61;61;61;63;63;63;63;63;66;66;66;66;66;68;68;68;68;68;70;70;70;70;70>,,,,
40241,致命,2,1,config/item/gem/icon_6_z_1.png,4,攻击向符石,9999,{529=80},,4,7,<440;447;453;460;466;473;480;486;493;499;510;517;524;532;539;546;553;560;567;574;590;597;605;612;620;627;634;642;649;657;678;686;693;701;709;717;725;733;741;749;792;801;810;818;827;836;845;854;862;871;924;934;943;953;963;972;982;992;1001;1011;1074;1084;1095;1105;1116;1126;1137;1148;1158;1169;1241;1252;1264;1275;1287;1298;1309;1321;1332;1344;1426;1438;1450;1463;1475;1487;1500;1512;1524;1536;1628;1641;1654;1668;1681;1694;1707;1720;1734;1747;1848;1862;1876;1890;1904;1918;1932;1947;1961;1975;2086;2101;2116;2130;2145;2160;2175;2190;2205;2220>,8,<440;447;453;460;466;473;480;486;493;499;510;517;524;532;539;546;553;560;567;574;590;597;605;612;620;627;634;642;649;657;678;686;693;701;709;717;725;733;741;749;792;801;810;818;827;836;845;854;862;871;924;934;943;953;963;972;982;992;1001;1011;1074;1084;1095;1105;1116;1126;1137;1148;1158;1169;1241;1252;1264;1275;1287;1298;1309;1321;1332;1344;1426;1438;1450;1463;1475;1487;1500;1512;1524;1536;1628;1641;1654;1668;1681;1694;1707;1720;1734;1747;1848;1862;1876;1890;1904;1918;1932;1947;1961;1975;2086;2101;2116;2130;2145;2160;2175;2190;2205;2220>,14,<49;49;49;49;49;55;55;55;55;55;60;60;60;60;60;65;65;65;65;65;70;70;70;70;70;76;76;76;76;76;81;81;81;81;81;86;86;86;86;86;92;92;92;92;92;97;97;97;97;97;102;102;102;102;102;107;107;107;107;107;113;113;113;113;113;118;118;118;118;118;123;123;123;123;123;128;128;128;128;128;134;134;134;134;134;139;139;139;139;139;144;144;144;144;144;150;150;150;150;150;155;155;155;155;155;160;160;160;160;160;165;165;165;165;165;171;171;171;171;171>,,,,,,{drawcard=zi_effect_loop}
40242,致命,2,2,config/item/gem/icon_6_z_2.png,4,攻击向符石,9999,{529=80},,4,7,<440;447;453;460;466;473;480;486;493;499;510;517;524;532;539;546;553;560;567;574;590;597;605;612;620;627;634;642;649;657;678;686;693;701;709;717;725;733;741;749;792;801;810;818;827;836;845;854;862;871;924;934;943;953;963;972;982;992;1001;1011;1074;1084;1095;1105;1116;1126;1137;1148;1158;1169;1241;1252;1264;1275;1287;1298;1309;1321;1332;1344;1426;1438;1450;1463;1475;1487;1500;1512;1524;1536;1628;1641;1654;1668;1681;1694;1707;1720;1734;1747;1848;1862;1876;1890;1904;1918;1932;1947;1961;1975;2086;2101;2116;2130;2145;2160;2175;2190;2205;2220>,8,<440;447;453;460;466;473;480;486;493;499;510;517;524;532;539;546;553;560;567;574;590;597;605;612;620;627;634;642;649;657;678;686;693;701;709;717;725;733;741;749;792;801;810;818;827;836;845;854;862;871;924;934;943;953;963;972;982;992;1001;1011;1074;1084;1095;1105;1116;1126;1137;1148;1158;1169;1241;1252;1264;1275;1287;1298;1309;1321;1332;1344;1426;1438;1450;1463;1475;1487;1500;1512;1524;1536;1628;1641;1654;1668;1681;1694;1707;1720;1734;1747;1848;1862;1876;1890;1904;1918;1932;1947;1961;1975;2086;2101;2116;2130;2145;2160;2175;2190;2205;2220>,15,<74;74;74;74;74;82;82;82;82;82;90;90;90;90;90;98;98;98;98;98;106;106;106;106;106;114;114;114;114;114;121;121;121;121;121;129;129;129;129;129;137;137;137;137;137;145;145;145;145;145;153;153;153;153;153;161;161;161;161;161;169;169;169;169;169;177;177;177;177;177;185;185;185;185;185;193;193;193;193;193;201;201;201;201;201;209;209;209;209;209;216;216;216;216;216;224;224;224;224;224;232;232;232;232;232;240;240;240;240;240;248;248;248;248;248;256;256;256;256;256>,,,,,,{drawcard=zi_effect_loop}
40243,致命,2,3,config/item/gem/icon_6_z_3.png,4,攻击向符石,9999,{529=80},,4,1,<2218;2251;2285;2318;2351;2384;2418;2451;2484;2517;2573;2608;2644;2679;2715;2750;2786;2821;2857;2892;2972;3010;3048;3085;3123;3161;3198;3236;3274;3311;3416;3456;3496;3535;3575;3615;3655;3695;3735;3775;3992;4037;4081;4125;4170;4214;4259;4303;4347;4392;4658;4707;4755;4804;4853;4902;4951;4999;5048;5097;5412;5465;5518;5572;5625;5678;5731;5785;5838;5891;6255;6312;6370;6428;6485;6543;6601;6658;6716;6774;7186;7248;7311;7373;7435;7497;7559;7621;7683;7745;8207;8273;8340;8406;8473;8539;8606;8672;8739;8805;9316;9387;9458;9529;9600;9670;9741;9812;9883;9954;10513;10589;10664;10740;10815;10890;10966;11041;11117;11192>,7,<440;447;453;460;466;473;480;486;493;499;510;517;524;532;539;546;553;560;567;574;590;597;605;612;620;627;634;642;649;657;678;686;693;701;709;717;725;733;741;749;792;801;810;818;827;836;845;854;862;871;924;934;943;953;963;972;982;992;1001;1011;1074;1084;1095;1105;1116;1126;1137;1148;1158;1169;1241;1252;1264;1275;1287;1298;1309;1321;1332;1344;1426;1438;1450;1463;1475;1487;1500;1512;1524;1536;1628;1641;1654;1668;1681;1694;1707;1720;1734;1747;1848;1862;1876;1890;1904;1918;1932;1947;1961;1975;2086;2101;2116;2130;2145;2160;2175;2190;2205;2220>,8,<440;447;453;460;466;473;480;486;493;499;510;517;524;532;539;546;553;560;567;574;590;597;605;612;620;627;634;642;649;657;678;686;693;701;709;717;725;733;741;749;792;801;810;818;827;836;845;854;862;871;924;934;943;953;963;972;982;992;1001;1011;1074;1084;1095;1105;1116;1126;1137;1148;1158;1169;1241;1252;1264;1275;1287;1298;1309;1321;1332;1344;1426;1438;1450;1463;1475;1487;1500;1512;1524;1536;1628;1641;1654;1668;1681;1694;1707;1720;1734;1747;1848;1862;1876;1890;1904;1918;1932;1947;1961;1975;2086;2101;2116;2130;2145;2160;2175;2190;2205;2220>,11,<49;49;49;49;49;55;55;55;55;55;60;60;60;60;60;65;65;65;65;65;70;70;70;70;70;76;76;76;76;76;81;81;81;81;81;86;86;86;86;86;92;92;92;92;92;97;97;97;97;97;102;102;102;102;102;107;107;107;107;107;113;113;113;113;113;118;118;118;118;118;123;123;123;123;123;128;128;128;128;128;134;134;134;134;134;139;139;139;139;139;144;144;144;144;144;150;150;150;150;150;155;155;155;155;155;160;160;160;160;160;165;165;165;165;165;171;171;171;171;171>,12,<49;49;49;49;49;55;55;55;55;55;60;60;60;60;60;65;65;65;65;65;70;70;70;70;70;76;76;76;76;76;81;81;81;81;81;86;86;86;86;86;92;92;92;92;92;97;97;97;97;97;102;102;102;102;102;107;107;107;107;107;113;113;113;113;113;118;118;118;118;118;123;123;123;123;123;128;128;128;128;128;134;134;134;134;134;139;139;139;139;139;144;144;144;144;144;150;150;150;150;150;155;155;155;155;155;160;160;160;160;160;165;165;165;165;165;171;171;171;171;171>,,{drawcard=zi_effect_loop}
40244,致命,2,4,config/item/gem/icon_6_z_4.png,4,攻击向符石,9999,{529=80},,4,1,<2218;2251;2285;2318;2351;2384;2418;2451;2484;2517;2573;2608;2644;2679;2715;2750;2786;2821;2857;2892;2972;3010;3048;3085;3123;3161;3198;3236;3274;3311;3416;3456;3496;3535;3575;3615;3655;3695;3735;3775;3992;4037;4081;4125;4170;4214;4259;4303;4347;4392;4658;4707;4755;4804;4853;4902;4951;4999;5048;5097;5412;5465;5518;5572;5625;5678;5731;5785;5838;5891;6255;6312;6370;6428;6485;6543;6601;6658;6716;6774;7186;7248;7311;7373;7435;7497;7559;7621;7683;7745;8207;8273;8340;8406;8473;8539;8606;8672;8739;8805;9316;9387;9458;9529;9600;9670;9741;9812;9883;9954;10513;10589;10664;10740;10815;10890;10966;11041;11117;11192>,7,<440;447;453;460;466;473;480;486;493;499;510;517;524;532;539;546;553;560;567;574;590;597;605;612;620;627;634;642;649;657;678;686;693;701;709;717;725;733;741;749;792;801;810;818;827;836;845;854;862;871;924;934;943;953;963;972;982;992;1001;1011;1074;1084;1095;1105;1116;1126;1137;1148;1158;1169;1241;1252;1264;1275;1287;1298;1309;1321;1332;1344;1426;1438;1450;1463;1475;1487;1500;1512;1524;1536;1628;1641;1654;1668;1681;1694;1707;1720;1734;1747;1848;1862;1876;1890;1904;1918;1932;1947;1961;1975;2086;2101;2116;2130;2145;2160;2175;2190;2205;2220>,8,<440;447;453;460;466;473;480;486;493;499;510;517;524;532;539;546;553;560;567;574;590;597;605;612;620;627;634;642;649;657;678;686;693;701;709;717;725;733;741;749;792;801;810;818;827;836;845;854;862;871;924;934;943;953;963;972;982;992;1001;1011;1074;1084;1095;1105;1116;1126;1137;1148;1158;1169;1241;1252;1264;1275;1287;1298;1309;1321;1332;1344;1426;1438;1450;1463;1475;1487;1500;1512;1524;1536;1628;1641;1654;1668;1681;1694;1707;1720;1734;1747;1848;1862;1876;1890;1904;1918;1932;1947;1961;1975;2086;2101;2116;2130;2145;2160;2175;2190;2205;2220>,90,<59;59;59;59;59;65;65;65;65;65;72;72;72;72;72;78;78;78;78;78;84;84;84;84;84;91;91;91;91;91;97;97;97;97;97;103;103;103;103;103;110;110;110;110;110;116;116;116;116;116;122;122;122;122;122;129;129;129;129;129;135;135;135;135;135;142;142;142;142;142;148;148;148;148;148;154;154;154;154;154;161;161;161;161;161;167;167;167;167;167;173;173;173;173;173;180;180;180;180;180;186;186;186;186;186;192;192;192;192;192;199;199;199;199;199;205;205;205;205;205>,,,,{drawcard=zi_effect_loop}
40245,致命,2,5,config/item/gem/icon_6_z_5.png,4,攻击向符石,9999,{529=80},,4,7,<440;447;453;460;466;473;480;486;493;499;510;517;524;532;539;546;553;560;567;574;590;597;605;612;620;627;634;642;649;657;678;686;693;701;709;717;725;733;741;749;792;801;810;818;827;836;845;854;862;871;924;934;943;953;963;972;982;992;1001;1011;1074;1084;1095;1105;1116;1126;1137;1148;1158;1169;1241;1252;1264;1275;1287;1298;1309;1321;1332;1344;1426;1438;1450;1463;1475;1487;1500;1512;1524;1536;1628;1641;1654;1668;1681;1694;1707;1720;1734;1747;1848;1862;1876;1890;1904;1918;1932;1947;1961;1975;2086;2101;2116;2130;2145;2160;2175;2190;2205;2220>,8,<440;447;453;460;466;473;480;486;493;499;510;517;524;532;539;546;553;560;567;574;590;597;605;612;620;627;634;642;649;657;678;686;693;701;709;717;725;733;741;749;792;801;810;818;827;836;845;854;862;871;924;934;943;953;963;972;982;992;1001;1011;1074;1084;1095;1105;1116;1126;1137;1148;1158;1169;1241;1252;1264;1275;1287;1298;1309;1321;1332;1344;1426;1438;1450;1463;1475;1487;1500;1512;1524;1536;1628;1641;1654;1668;1681;1694;1707;1720;1734;1747;1848;1862;1876;1890;1904;1918;1932;1947;1961;1975;2086;2101;2116;2130;2145;2160;2175;2190;2205;2220>,9,<308;313;317;322;326;331;336;340;345;350;357;362;367;372;377;382;387;392;397;402;413;418;423;428;434;439;444;449;455;460;474;480;485;491;496;502;508;513;519;524;554;561;567;573;579;585;591;598;604;610;647;654;660;667;674;681;687;694;701;708;752;759;766;774;781;788;796;803;811;818;869;877;885;893;901;909;917;925;933;941;998;1007;1015;1024;1032;1041;1050;1058;1067;1076;1140;1149;1158;1167;1177;1186;1195;1204;1214;1223;1294;1303;1313;1323;1333;1343;1353;1363;1372;1382;1460;1470;1481;1491;1502;1512;1523;1533;1544;1554>,22,<30;30;30;30;30;33;33;33;33;33;36;36;36;36;36;39;39;39;39;39;42;42;42;42;42;45;45;45;45;45;49;49;49;49;49;52;52;52;52;52;55;55;55;55;55;58;58;58;58;58;61;61;61;61;61;64;64;64;64;64;68;68;68;68;68;71;71;71;71;71;74;74;74;74;74;77;77;77;77;77;80;80;80;80;80;83;83;83;83;83;87;87;87;87;87;90;90;90;90;90;93;93;93;93;93;96;96;96;96;96;99;99;99;99;99;102;102;102;102;102>,,,,{drawcard=zi_effect_loop}
40246,致命,2,6,config/item/gem/icon_6_z_6.png,4,攻击向符石,9999,{529=80},,4,7,<440;447;453;460;466;473;480;486;493;499;510;517;524;532;539;546;553;560;567;574;590;597;605;612;620;627;634;642;649;657;678;686;693;701;709;717;725;733;741;749;792;801;810;818;827;836;845;854;862;871;924;934;943;953;963;972;982;992;1001;1011;1074;1084;1095;1105;1116;1126;1137;1148;1158;1169;1241;1252;1264;1275;1287;1298;1309;1321;1332;1344;1426;1438;1450;1463;1475;1487;1500;1512;1524;1536;1628;1641;1654;1668;1681;1694;1707;1720;1734;1747;1848;1862;1876;1890;1904;1918;1932;1947;1961;1975;2086;2101;2116;2130;2145;2160;2175;2190;2205;2220>,8,<440;447;453;460;466;473;480;486;493;499;510;517;524;532;539;546;553;560;567;574;590;597;605;612;620;627;634;642;649;657;678;686;693;701;709;717;725;733;741;749;792;801;810;818;827;836;845;854;862;871;924;934;943;953;963;972;982;992;1001;1011;1074;1084;1095;1105;1116;1126;1137;1148;1158;1169;1241;1252;1264;1275;1287;1298;1309;1321;1332;1344;1426;1438;1450;1463;1475;1487;1500;1512;1524;1536;1628;1641;1654;1668;1681;1694;1707;1720;1734;1747;1848;1862;1876;1890;1904;1918;1932;1947;1961;1975;2086;2101;2116;2130;2145;2160;2175;2190;2205;2220>,10,<308;313;317;322;326;331;336;340;345;350;357;362;367;372;377;382;387;392;397;402;413;418;423;428;434;439;444;449;455;460;474;480;485;491;496;502;508;513;519;524;554;561;567;573;579;585;591;598;604;610;647;654;660;667;674;681;687;694;701;708;752;759;766;774;781;788;796;803;811;818;869;877;885;893;901;909;917;925;933;941;998;1007;1015;1024;1032;1041;1050;1058;1067;1076;1140;1149;1158;1167;1177;1186;1195;1204;1214;1223;1294;1303;1313;1323;1333;1343;1353;1363;1372;1382;1460;1470;1481;1491;1502;1512;1523;1533;1544;1554>,23,<30;30;30;30;30;33;33;33;33;33;36;36;36;36;36;39;39;39;39;39;42;42;42;42;42;45;45;45;45;45;49;49;49;49;49;52;52;52;52;52;55;55;55;55;55;58;58;58;58;58;61;61;61;61;61;64;64;64;64;64;68;68;68;68;68;71;71;71;71;71;74;74;74;74;74;77;77;77;77;77;80;80;80;80;80;83;83;83;83;83;87;87;87;87;87;90;90;90;90;90;93;93;93;93;93;96;96;96;96;96;99;99;99;99;99;102;102;102;102;102>,,,,{drawcard=zi_effect_loop}
40251,致命,2,1,config/item/gem/icon_6_hu_1.png,5,攻击向符石,9999,{529=400},,5,7,<680;690;700;711;721;731;741;751;762;772;789;800;811;821;832;843;854;865;876;887;911;923;934;946;957;969;981;992;1004;1015;1047;1059;1072;1084;1096;1108;1121;1133;1145;1157;1224;1238;1251;1265;1278;1292;1306;1319;1333;1346;1428;1443;1458;1473;1488;1503;1518;1533;1548;1563;1659;1676;1692;1708;1724;1741;1757;1773;1790;1806;1918;1935;1953;1971;1988;2006;2024;2041;2059;2077;2203;2222;2241;2260;2279;2298;2317;2336;2356;2375;2516;2536;2557;2577;2598;2618;2638;2659;2679;2700;2856;2878;2900;2921;2943;2965;2987;3008;3030;3052;3223;3246;3269;3293;3316;3339;3362;3385;3408;3431>,8,<680;690;700;711;721;731;741;751;762;772;789;800;811;821;832;843;854;865;876;887;911;923;934;946;957;969;981;992;1004;1015;1047;1059;1072;1084;1096;1108;1121;1133;1145;1157;1224;1238;1251;1265;1278;1292;1306;1319;1333;1346;1428;1443;1458;1473;1488;1503;1518;1533;1548;1563;1659;1676;1692;1708;1724;1741;1757;1773;1790;1806;1918;1935;1953;1971;1988;2006;2024;2041;2059;2077;2203;2222;2241;2260;2279;2298;2317;2336;2356;2375;2516;2536;2557;2577;2598;2618;2638;2659;2679;2700;2856;2878;2900;2921;2943;2965;2987;3008;3030;3052;3223;3246;3269;3293;3316;3339;3362;3385;3408;3431>,14,<76;76;76;76;76;84;84;84;84;84;92;92;92;92;92;101;101;101;101;101;109;109;109;109;109;117;117;117;117;117;125;125;125;125;125;133;133;133;133;133;141;141;141;141;141;150;150;150;150;150;158;158;158;158;158;166;166;166;166;166;174;174;174;174;174;182;182;182;182;182;190;190;190;190;190;199;199;199;199;199;207;207;207;207;207;215;215;215;215;215;223;223;223;223;223;231;231;231;231;231;239;239;239;239;239;248;248;248;248;248;256;256;256;256;256;264;264;264;264;264>,,,,,,{drawcard=huang_effect_loop}
40252,致命,2,2,config/item/gem/icon_6_hu_2.png,5,攻击向符石,9999,{529=400},,5,7,<680;690;700;711;721;731;741;751;762;772;789;800;811;821;832;843;854;865;876;887;911;923;934;946;957;969;981;992;1004;1015;1047;1059;1072;1084;1096;1108;1121;1133;1145;1157;1224;1238;1251;1265;1278;1292;1306;1319;1333;1346;1428;1443;1458;1473;1488;1503;1518;1533;1548;1563;1659;1676;1692;1708;1724;1741;1757;1773;1790;1806;1918;1935;1953;1971;1988;2006;2024;2041;2059;2077;2203;2222;2241;2260;2279;2298;2317;2336;2356;2375;2516;2536;2557;2577;2598;2618;2638;2659;2679;2700;2856;2878;2900;2921;2943;2965;2987;3008;3030;3052;3223;3246;3269;3293;3316;3339;3362;3385;3408;3431>,8,<680;690;700;711;721;731;741;751;762;772;789;800;811;821;832;843;854;865;876;887;911;923;934;946;957;969;981;992;1004;1015;1047;1059;1072;1084;1096;1108;1121;1133;1145;1157;1224;1238;1251;1265;1278;1292;1306;1319;1333;1346;1428;1443;1458;1473;1488;1503;1518;1533;1548;1563;1659;1676;1692;1708;1724;1741;1757;1773;1790;1806;1918;1935;1953;1971;1988;2006;2024;2041;2059;2077;2203;2222;2241;2260;2279;2298;2317;2336;2356;2375;2516;2536;2557;2577;2598;2618;2638;2659;2679;2700;2856;2878;2900;2921;2943;2965;2987;3008;3030;3052;3223;3246;3269;3293;3316;3339;3362;3385;3408;3431>,15,<114;114;114;114;114;126;126;126;126;126;139;139;139;139;139;151;151;151;151;151;163;163;163;163;163;175;175;175;175;175;188;188;188;188;188;200;200;200;200;200;212;212;212;212;212;224;224;224;224;224;237;237;237;237;237;249;249;249;249;249;261;261;261;261;261;273;273;273;273;273;286;286;286;286;286;298;298;298;298;298;310;310;310;310;310;322;322;322;322;322;335;335;335;335;335;347;347;347;347;347;359;359;359;359;359;371;371;371;371;371;384;384;384;384;384;396;396;396;396;396>,,,,,,{drawcard=huang_effect_loop}
40253,致命,2,3,config/item/gem/icon_6_hu_3.png,5,攻击向符石,9999,{529=400},,5,1,<3427;3478;3530;3581;3633;3684;3735;3787;3838;3890;3975;4030;4085;4140;4195;4249;4304;4359;4414;4469;4592;4650;4709;4767;4825;4883;4942;5000;5058;5117;5278;5339;5401;5463;5524;5586;5648;5709;5771;5833;6169;6237;6306;6374;6443;6511;6580;6648;6717;6785;7197;7272;7347;7423;7498;7574;7649;7724;7800;7875;8362;8444;8526;8609;8691;8773;8855;8938;9020;9102;9664;9753;9842;9931;10021;10110;10199;10288;10377;10466;11103;11199;11295;11391;11487;11583;11679;11775;11871;11967;12680;12783;12886;12988;13091;13194;13297;13400;13502;13605;14393;14503;14613;14722;14832;14942;15051;15161;15271;15380;16244;16360;16477;16594;16710;16827;16943;17060;17176;17293>,7,<680;690;700;711;721;731;741;751;762;772;789;800;811;821;832;843;854;865;876;887;911;923;934;946;957;969;981;992;1004;1015;1047;1059;1072;1084;1096;1108;1121;1133;1145;1157;1224;1238;1251;1265;1278;1292;1306;1319;1333;1346;1428;1443;1458;1473;1488;1503;1518;1533;1548;1563;1659;1676;1692;1708;1724;1741;1757;1773;1790;1806;1918;1935;1953;1971;1988;2006;2024;2041;2059;2077;2203;2222;2241;2260;2279;2298;2317;2336;2356;2375;2516;2536;2557;2577;2598;2618;2638;2659;2679;2700;2856;2878;2900;2921;2943;2965;2987;3008;3030;3052;3223;3246;3269;3293;3316;3339;3362;3385;3408;3431>,8,<680;690;700;711;721;731;741;751;762;772;789;800;811;821;832;843;854;865;876;887;911;923;934;946;957;969;981;992;1004;1015;1047;1059;1072;1084;1096;1108;1121;1133;1145;1157;1224;1238;1251;1265;1278;1292;1306;1319;1333;1346;1428;1443;1458;1473;1488;1503;1518;1533;1548;1563;1659;1676;1692;1708;1724;1741;1757;1773;1790;1806;1918;1935;1953;1971;1988;2006;2024;2041;2059;2077;2203;2222;2241;2260;2279;2298;2317;2336;2356;2375;2516;2536;2557;2577;2598;2618;2638;2659;2679;2700;2856;2878;2900;2921;2943;2965;2987;3008;3030;3052;3223;3246;3269;3293;3316;3339;3362;3385;3408;3431>,11,<76;76;76;76;76;84;84;84;84;84;92;92;92;92;92;101;101;101;101;101;109;109;109;109;109;117;117;117;117;117;125;125;125;125;125;133;133;133;133;133;141;141;141;141;141;150;150;150;150;150;158;158;158;158;158;166;166;166;166;166;174;174;174;174;174;182;182;182;182;182;190;190;190;190;190;199;199;199;199;199;207;207;207;207;207;215;215;215;215;215;223;223;223;223;223;231;231;231;231;231;239;239;239;239;239;248;248;248;248;248;256;256;256;256;256;264;264;264;264;264>,12,<76;76;76;76;76;84;84;84;84;84;92;92;92;92;92;101;101;101;101;101;109;109;109;109;109;117;117;117;117;117;125;125;125;125;125;133;133;133;133;133;141;141;141;141;141;150;150;150;150;150;158;158;158;158;158;166;166;166;166;166;174;174;174;174;174;182;182;182;182;182;190;190;190;190;190;199;199;199;199;199;207;207;207;207;207;215;215;215;215;215;223;223;223;223;223;231;231;231;231;231;239;239;239;239;239;248;248;248;248;248;256;256;256;256;256;264;264;264;264;264>,,{drawcard=huang_effect_loop}
40254,致命,2,4,config/item/gem/icon_6_hu_4.png,5,攻击向符石,9999,{529=400},,5,1,<3427;3478;3530;3581;3633;3684;3735;3787;3838;3890;3975;4030;4085;4140;4195;4249;4304;4359;4414;4469;4592;4650;4709;4767;4825;4883;4942;5000;5058;5117;5278;5339;5401;5463;5524;5586;5648;5709;5771;5833;6169;6237;6306;6374;6443;6511;6580;6648;6717;6785;7197;7272;7347;7423;7498;7574;7649;7724;7800;7875;8362;8444;8526;8609;8691;8773;8855;8938;9020;9102;9664;9753;9842;9931;10021;10110;10199;10288;10377;10466;11103;11199;11295;11391;11487;11583;11679;11775;11871;11967;12680;12783;12886;12988;13091;13194;13297;13400;13502;13605;14393;14503;14613;14722;14832;14942;15051;15161;15271;15380;16244;16360;16477;16594;16710;16827;16943;17060;17176;17293>,7,<680;690;700;711;721;731;741;751;762;772;789;800;811;821;832;843;854;865;876;887;911;923;934;946;957;969;981;992;1004;1015;1047;1059;1072;1084;1096;1108;1121;1133;1145;1157;1224;1238;1251;1265;1278;1292;1306;1319;1333;1346;1428;1443;1458;1473;1488;1503;1518;1533;1548;1563;1659;1676;1692;1708;1724;1741;1757;1773;1790;1806;1918;1935;1953;1971;1988;2006;2024;2041;2059;2077;2203;2222;2241;2260;2279;2298;2317;2336;2356;2375;2516;2536;2557;2577;2598;2618;2638;2659;2679;2700;2856;2878;2900;2921;2943;2965;2987;3008;3030;3052;3223;3246;3269;3293;3316;3339;3362;3385;3408;3431>,8,<680;690;700;711;721;731;741;751;762;772;789;800;811;821;832;843;854;865;876;887;911;923;934;946;957;969;981;992;1004;1015;1047;1059;1072;1084;1096;1108;1121;1133;1145;1157;1224;1238;1251;1265;1278;1292;1306;1319;1333;1346;1428;1443;1458;1473;1488;1503;1518;1533;1548;1563;1659;1676;1692;1708;1724;1741;1757;1773;1790;1806;1918;1935;1953;1971;1988;2006;2024;2041;2059;2077;2203;2222;2241;2260;2279;2298;2317;2336;2356;2375;2516;2536;2557;2577;2598;2618;2638;2659;2679;2700;2856;2878;2900;2921;2943;2965;2987;3008;3030;3052;3223;3246;3269;3293;3316;3339;3362;3385;3408;3431>,90,<91;91;91;91;91;101;101;101;101;101;111;111;111;111;111;121;121;121;121;121;131;131;131;131;131;140;140;140;140;140;150;150;150;150;150;160;160;160;160;160;170;170;170;170;170;180;180;180;180;180;189;189;189;189;189;199;199;199;199;199;209;209;209;209;209;219;219;219;219;219;228;228;228;228;228;238;238;238;238;238;248;248;248;248;248;258;258;258;258;258;268;268;268;268;268;277;277;277;277;277;287;287;287;287;287;297;297;297;297;297;307;307;307;307;307;317;317;317;317;317>,,,,{drawcard=huang_effect_loop}
40255,致命,2,5,config/item/gem/icon_6_hu_5.png,5,攻击向符石,9999,{529=400},,5,7,<680;690;700;711;721;731;741;751;762;772;789;800;811;821;832;843;854;865;876;887;911;923;934;946;957;969;981;992;1004;1015;1047;1059;1072;1084;1096;1108;1121;1133;1145;1157;1224;1238;1251;1265;1278;1292;1306;1319;1333;1346;1428;1443;1458;1473;1488;1503;1518;1533;1548;1563;1659;1676;1692;1708;1724;1741;1757;1773;1790;1806;1918;1935;1953;1971;1988;2006;2024;2041;2059;2077;2203;2222;2241;2260;2279;2298;2317;2336;2356;2375;2516;2536;2557;2577;2598;2618;2638;2659;2679;2700;2856;2878;2900;2921;2943;2965;2987;3008;3030;3052;3223;3246;3269;3293;3316;3339;3362;3385;3408;3431>,8,<680;690;700;711;721;731;741;751;762;772;789;800;811;821;832;843;854;865;876;887;911;923;934;946;957;969;981;992;1004;1015;1047;1059;1072;1084;1096;1108;1121;1133;1145;1157;1224;1238;1251;1265;1278;1292;1306;1319;1333;1346;1428;1443;1458;1473;1488;1503;1518;1533;1548;1563;1659;1676;1692;1708;1724;1741;1757;1773;1790;1806;1918;1935;1953;1971;1988;2006;2024;2041;2059;2077;2203;2222;2241;2260;2279;2298;2317;2336;2356;2375;2516;2536;2557;2577;2598;2618;2638;2659;2679;2700;2856;2878;2900;2921;2943;2965;2987;3008;3030;3052;3223;3246;3269;3293;3316;3339;3362;3385;3408;3431>,9,<476;483;490;497;505;512;519;526;533;540;552;560;567;575;583;590;598;605;613;621;638;646;654;662;670;678;686;694;703;711;733;742;750;759;767;776;784;793;802;810;857;866;876;885;895;904;914;923;933;942;1000;1010;1021;1031;1041;1052;1062;1073;1083;1094;1161;1173;1184;1196;1207;1219;1230;1241;1253;1264;1342;1355;1367;1379;1392;1404;1417;1429;1441;1454;1542;1556;1569;1582;1596;1609;1622;1636;1649;1662;1761;1775;1790;1804;1818;1833;1847;1861;1875;1890;1999;2014;2030;2045;2060;2075;2091;2106;2121;2136;2256;2272;2289;2305;2321;2337;2353;2370;2386;2402>,22,<46;46;46;46;46;51;51;51;51;51;55;55;55;55;55;60;60;60;60;60;65;65;65;65;65;70;70;70;70;70;75;75;75;75;75;80;80;80;80;80;85;85;85;85;85;90;90;90;90;90;95;95;95;95;95;100;100;100;100;100;104;104;104;104;104;109;109;109;109;109;114;114;114;114;114;119;119;119;119;119;124;124;124;124;124;129;129;129;129;129;134;134;134;134;134;139;139;139;139;139;144;144;144;144;144;149;149;149;149;149;153;153;153;153;153;158;158;158;158;158>,,,,{drawcard=huang_effect_loop}
40256,致命,2,6,config/item/gem/icon_6_hu_6.png,5,攻击向符石,9999,{529=400},,5,7,<680;690;700;711;721;731;741;751;762;772;789;800;811;821;832;843;854;865;876;887;911;923;934;946;957;969;981;992;1004;1015;1047;1059;1072;1084;1096;1108;1121;1133;1145;1157;1224;1238;1251;1265;1278;1292;1306;1319;1333;1346;1428;1443;1458;1473;1488;1503;1518;1533;1548;1563;1659;1676;1692;1708;1724;1741;1757;1773;1790;1806;1918;1935;1953;1971;1988;2006;2024;2041;2059;2077;2203;2222;2241;2260;2279;2298;2317;2336;2356;2375;2516;2536;2557;2577;2598;2618;2638;2659;2679;2700;2856;2878;2900;2921;2943;2965;2987;3008;3030;3052;3223;3246;3269;3293;3316;3339;3362;3385;3408;3431>,8,<680;690;700;711;721;731;741;751;762;772;789;800;811;821;832;843;854;865;876;887;911;923;934;946;957;969;981;992;1004;1015;1047;1059;1072;1084;1096;1108;1121;1133;1145;1157;1224;1238;1251;1265;1278;1292;1306;1319;1333;1346;1428;1443;1458;1473;1488;1503;1518;1533;1548;1563;1659;1676;1692;1708;1724;1741;1757;1773;1790;1806;1918;1935;1953;1971;1988;2006;2024;2041;2059;2077;2203;2222;2241;2260;2279;2298;2317;2336;2356;2375;2516;2536;2557;2577;2598;2618;2638;2659;2679;2700;2856;2878;2900;2921;2943;2965;2987;3008;3030;3052;3223;3246;3269;3293;3316;3339;3362;3385;3408;3431>,10,<476;483;490;497;505;512;519;526;533;540;552;560;567;575;583;590;598;605;613;621;638;646;654;662;670;678;686;694;703;711;733;742;750;759;767;776;784;793;802;810;857;866;876;885;895;904;914;923;933;942;1000;1010;1021;1031;1041;1052;1062;1073;1083;1094;1161;1173;1184;1196;1207;1219;1230;1241;1253;1264;1342;1355;1367;1379;1392;1404;1417;1429;1441;1454;1542;1556;1569;1582;1596;1609;1622;1636;1649;1662;1761;1775;1790;1804;1818;1833;1847;1861;1875;1890;1999;2014;2030;2045;2060;2075;2091;2106;2121;2136;2256;2272;2289;2305;2321;2337;2353;2370;2386;2402>,23,<46;46;46;46;46;51;51;51;51;51;55;55;55;55;55;60;60;60;60;60;65;65;65;65;65;70;70;70;70;70;75;75;75;75;75;80;80;80;80;80;85;85;85;85;85;90;90;90;90;90;95;95;95;95;95;100;100;100;100;100;104;104;104;104;104;109;109;109;109;109;114;114;114;114;114;119;119;119;119;119;124;124;124;124;124;129;129;129;129;129;134;134;134;134;134;139;139;139;139;139;144;144;144;144;144;149;149;149;149;149;153;153;153;153;153;158;158;158;158;158>,,,,{drawcard=huang_effect_loop}
40261,致命,2,1,config/item/gem/icon_6_h_1.png,6,攻击向符石,9999,{529=2000},,6,7,<1000;1015;1030;1045;1060;1075;1090;1105;1120;1135;1160;1176;1192;1208;1224;1240;1256;1272;1288;1304;1340;1357;1374;1391;1408;1425;1442;1459;1476;1493;1540;1558;1576;1594;1612;1630;1648;1666;1684;1702;1960;1984;2008;2032;2056;2080;2104;2128;2152;2176;2300;2326;2352;2378;2404;2430;2456;2482;2508;2534;2680;2708;2736;2764;2792;2820;2848;2876;2904;2932;3100;3130;3160;3190;3220;3250;3280;3310;3340;3370;3560;3592;3624;3656;3688;3720;3752;3784;3816;3848;4060;4094;4128;4162;4196;4230;4264;4298;4332;4366;4600;4636;4672;4708;4744;4780;4816;4852;4888;4924;5180;5218;5256;5294;5332;5370;5408;5446;5484;5522>,8,<1000;1015;1030;1045;1060;1075;1090;1105;1120;1135;1160;1176;1192;1208;1224;1240;1256;1272;1288;1304;1340;1357;1374;1391;1408;1425;1442;1459;1476;1493;1540;1558;1576;1594;1612;1630;1648;1666;1684;1702;1960;1984;2008;2032;2056;2080;2104;2128;2152;2176;2300;2326;2352;2378;2404;2430;2456;2482;2508;2534;2680;2708;2736;2764;2792;2820;2848;2876;2904;2932;3100;3130;3160;3190;3220;3250;3280;3310;3340;3370;3560;3592;3624;3656;3688;3720;3752;3784;3816;3848;4060;4094;4128;4162;4196;4230;4264;4298;4332;4366;4600;4636;4672;4708;4744;4780;4816;4852;4888;4924;5180;5218;5256;5294;5332;5370;5408;5446;5484;5522>,14,<112;112;112;112;112;124;124;124;124;124;136;136;136;136;136;148;148;148;148;148;160;160;160;160;160;172;172;172;172;172;184;184;184;184;184;196;196;196;196;196;208;208;208;208;208;220;220;220;220;220;232;232;232;232;232;244;244;244;244;244;256;256;256;256;256;268;268;268;268;268;280;280;280;280;280;292;292;292;292;292;304;304;304;304;304;316;316;316;316;316;328;328;328;328;328;340;340;340;340;340;352;352;352;352;352;364;364;364;364;364;376;376;376;376;376;388;388;388;388;388>,,,,,,{drawcard=hong_effect_loop}
40262,致命,2,2,config/item/gem/icon_6_h_2.png,6,攻击向符石,9999,{529=2000},,6,7,<1000;1015;1030;1045;1060;1075;1090;1105;1120;1135;1160;1176;1192;1208;1224;1240;1256;1272;1288;1304;1340;1357;1374;1391;1408;1425;1442;1459;1476;1493;1540;1558;1576;1594;1612;1630;1648;1666;1684;1702;1960;1984;2008;2032;2056;2080;2104;2128;2152;2176;2300;2326;2352;2378;2404;2430;2456;2482;2508;2534;2680;2708;2736;2764;2792;2820;2848;2876;2904;2932;3100;3130;3160;3190;3220;3250;3280;3310;3340;3370;3560;3592;3624;3656;3688;3720;3752;3784;3816;3848;4060;4094;4128;4162;4196;4230;4264;4298;4332;4366;4600;4636;4672;4708;4744;4780;4816;4852;4888;4924;5180;5218;5256;5294;5332;5370;5408;5446;5484;5522>,8,<1000;1015;1030;1045;1060;1075;1090;1105;1120;1135;1160;1176;1192;1208;1224;1240;1256;1272;1288;1304;1340;1357;1374;1391;1408;1425;1442;1459;1476;1493;1540;1558;1576;1594;1612;1630;1648;1666;1684;1702;1960;1984;2008;2032;2056;2080;2104;2128;2152;2176;2300;2326;2352;2378;2404;2430;2456;2482;2508;2534;2680;2708;2736;2764;2792;2820;2848;2876;2904;2932;3100;3130;3160;3190;3220;3250;3280;3310;3340;3370;3560;3592;3624;3656;3688;3720;3752;3784;3816;3848;4060;4094;4128;4162;4196;4230;4264;4298;4332;4366;4600;4636;4672;4708;4744;4780;4816;4852;4888;4924;5180;5218;5256;5294;5332;5370;5408;5446;5484;5522>,15,<168;168;168;168;168;186;186;186;186;186;204;204;204;204;204;222;222;222;222;222;240;240;240;240;240;258;258;258;258;258;276;276;276;276;276;294;294;294;294;294;312;312;312;312;312;330;330;330;330;330;348;348;348;348;348;366;366;366;366;366;384;384;384;384;384;402;402;402;402;402;420;420;420;420;420;438;438;438;438;438;456;456;456;456;456;474;474;474;474;474;492;492;492;492;492;510;510;510;510;510;528;528;528;528;528;546;546;546;546;546;564;564;564;564;564;582;582;582;582;582>,,,,,,{drawcard=hong_effect_loop}
40263,致命,2,3,config/item/gem/icon_6_h_3.png,6,攻击向符石,9999,{529=2000},,6,1,<5040;5116;5191;5267;5342;5418;5494;5569;5645;5720;5846;5927;6008;6088;6169;6250;6330;6411;6492;6572;6754;6839;6925;7011;7096;7182;7268;7353;7439;7525;7762;7852;7943;8034;8124;8215;8306;8397;8487;8578;9878;9999;10120;10241;10362;10483;10604;10725;10846;10967;11592;11723;11854;11985;12116;12247;12378;12509;12640;12771;13507;13648;13789;13931;14072;14213;14354;14495;14636;14777;15624;15775;15926;16078;16229;16380;16531;16682;16834;16985;17942;18104;18265;18426;18588;18749;18910;19071;19233;19394;20462;20634;20805;20976;21148;21319;21491;21662;21833;22005;23184;23365;23547;23728;23910;24091;24273;24454;24636;24817;26107;26299;26490;26682;26873;27065;27256;27448;27639;27831>,7,<1000;1015;1030;1045;1060;1075;1090;1105;1120;1135;1160;1176;1192;1208;1224;1240;1256;1272;1288;1304;1340;1357;1374;1391;1408;1425;1442;1459;1476;1493;1540;1558;1576;1594;1612;1630;1648;1666;1684;1702;1960;1984;2008;2032;2056;2080;2104;2128;2152;2176;2300;2326;2352;2378;2404;2430;2456;2482;2508;2534;2680;2708;2736;2764;2792;2820;2848;2876;2904;2932;3100;3130;3160;3190;3220;3250;3280;3310;3340;3370;3560;3592;3624;3656;3688;3720;3752;3784;3816;3848;4060;4094;4128;4162;4196;4230;4264;4298;4332;4366;4600;4636;4672;4708;4744;4780;4816;4852;4888;4924;5180;5218;5256;5294;5332;5370;5408;5446;5484;5522>,8,<1000;1015;1030;1045;1060;1075;1090;1105;1120;1135;1160;1176;1192;1208;1224;1240;1256;1272;1288;1304;1340;1357;1374;1391;1408;1425;1442;1459;1476;1493;1540;1558;1576;1594;1612;1630;1648;1666;1684;1702;1960;1984;2008;2032;2056;2080;2104;2128;2152;2176;2300;2326;2352;2378;2404;2430;2456;2482;2508;2534;2680;2708;2736;2764;2792;2820;2848;2876;2904;2932;3100;3130;3160;3190;3220;3250;3280;3310;3340;3370;3560;3592;3624;3656;3688;3720;3752;3784;3816;3848;4060;4094;4128;4162;4196;4230;4264;4298;4332;4366;4600;4636;4672;4708;4744;4780;4816;4852;4888;4924;5180;5218;5256;5294;5332;5370;5408;5446;5484;5522>,11,<112;112;112;112;112;124;124;124;124;124;136;136;136;136;136;148;148;148;148;148;160;160;160;160;160;172;172;172;172;172;184;184;184;184;184;196;196;196;196;196;208;208;208;208;208;220;220;220;220;220;232;232;232;232;232;244;244;244;244;244;256;256;256;256;256;268;268;268;268;268;280;280;280;280;280;292;292;292;292;292;304;304;304;304;304;316;316;316;316;316;328;328;328;328;328;340;340;340;340;340;352;352;352;352;352;364;364;364;364;364;376;376;376;376;376;388;388;388;388;388>,12,<112;112;112;112;112;124;124;124;124;124;136;136;136;136;136;148;148;148;148;148;160;160;160;160;160;172;172;172;172;172;184;184;184;184;184;196;196;196;196;196;208;208;208;208;208;220;220;220;220;220;232;232;232;232;232;244;244;244;244;244;256;256;256;256;256;268;268;268;268;268;280;280;280;280;280;292;292;292;292;292;304;304;304;304;304;316;316;316;316;316;328;328;328;328;328;340;340;340;340;340;352;352;352;352;352;364;364;364;364;364;376;376;376;376;376;388;388;388;388;388>,,{drawcard=hong_effect_loop}
40264,致命,2,4,config/item/gem/icon_6_h_4.png,6,攻击向符石,9999,{529=2000},,6,1,<5040;5116;5191;5267;5342;5418;5494;5569;5645;5720;5846;5927;6008;6088;6169;6250;6330;6411;6492;6572;6754;6839;6925;7011;7096;7182;7268;7353;7439;7525;7762;7852;7943;8034;8124;8215;8306;8397;8487;8578;9878;9999;10120;10241;10362;10483;10604;10725;10846;10967;11592;11723;11854;11985;12116;12247;12378;12509;12640;12771;13507;13648;13789;13931;14072;14213;14354;14495;14636;14777;15624;15775;15926;16078;16229;16380;16531;16682;16834;16985;17942;18104;18265;18426;18588;18749;18910;19071;19233;19394;20462;20634;20805;20976;21148;21319;21491;21662;21833;22005;23184;23365;23547;23728;23910;24091;24273;24454;24636;24817;26107;26299;26490;26682;26873;27065;27256;27448;27639;27831>,7,<1000;1015;1030;1045;1060;1075;1090;1105;1120;1135;1160;1176;1192;1208;1224;1240;1256;1272;1288;1304;1340;1357;1374;1391;1408;1425;1442;1459;1476;1493;1540;1558;1576;1594;1612;1630;1648;1666;1684;1702;1960;1984;2008;2032;2056;2080;2104;2128;2152;2176;2300;2326;2352;2378;2404;2430;2456;2482;2508;2534;2680;2708;2736;2764;2792;2820;2848;2876;2904;2932;3100;3130;3160;3190;3220;3250;3280;3310;3340;3370;3560;3592;3624;3656;3688;3720;3752;3784;3816;3848;4060;4094;4128;4162;4196;4230;4264;4298;4332;4366;4600;4636;4672;4708;4744;4780;4816;4852;4888;4924;5180;5218;5256;5294;5332;5370;5408;5446;5484;5522>,8,<1000;1015;1030;1045;1060;1075;1090;1105;1120;1135;1160;1176;1192;1208;1224;1240;1256;1272;1288;1304;1340;1357;1374;1391;1408;1425;1442;1459;1476;1493;1540;1558;1576;1594;1612;1630;1648;1666;1684;1702;1960;1984;2008;2032;2056;2080;2104;2128;2152;2176;2300;2326;2352;2378;2404;2430;2456;2482;2508;2534;2680;2708;2736;2764;2792;2820;2848;2876;2904;2932;3100;3130;3160;3190;3220;3250;3280;3310;3340;3370;3560;3592;3624;3656;3688;3720;3752;3784;3816;3848;4060;4094;4128;4162;4196;4230;4264;4298;4332;4366;4600;4636;4672;4708;4744;4780;4816;4852;4888;4924;5180;5218;5256;5294;5332;5370;5408;5446;5484;5522>,90,<134;134;134;134;134;149;149;149;149;149;163;163;163;163;163;178;178;178;178;178;192;192;192;192;192;206;206;206;206;206;221;221;221;221;221;235;235;235;235;235;250;250;250;250;250;264;264;264;264;264;278;278;278;278;278;293;293;293;293;293;307;307;307;307;307;322;322;322;322;322;336;336;336;336;336;350;350;350;350;350;365;365;365;365;365;379;379;379;379;379;394;394;394;394;394;408;408;408;408;408;422;422;422;422;422;437;437;437;437;437;451;451;451;451;451;466;466;466;466;466>,,,,{drawcard=hong_effect_loop}
40265,致命,2,5,config/item/gem/icon_6_h_5.png,6,攻击向符石,9999,{529=2000},,6,7,<1000;1015;1030;1045;1060;1075;1090;1105;1120;1135;1160;1176;1192;1208;1224;1240;1256;1272;1288;1304;1340;1357;1374;1391;1408;1425;1442;1459;1476;1493;1540;1558;1576;1594;1612;1630;1648;1666;1684;1702;1960;1984;2008;2032;2056;2080;2104;2128;2152;2176;2300;2326;2352;2378;2404;2430;2456;2482;2508;2534;2680;2708;2736;2764;2792;2820;2848;2876;2904;2932;3100;3130;3160;3190;3220;3250;3280;3310;3340;3370;3560;3592;3624;3656;3688;3720;3752;3784;3816;3848;4060;4094;4128;4162;4196;4230;4264;4298;4332;4366;4600;4636;4672;4708;4744;4780;4816;4852;4888;4924;5180;5218;5256;5294;5332;5370;5408;5446;5484;5522>,8,<1000;1015;1030;1045;1060;1075;1090;1105;1120;1135;1160;1176;1192;1208;1224;1240;1256;1272;1288;1304;1340;1357;1374;1391;1408;1425;1442;1459;1476;1493;1540;1558;1576;1594;1612;1630;1648;1666;1684;1702;1960;1984;2008;2032;2056;2080;2104;2128;2152;2176;2300;2326;2352;2378;2404;2430;2456;2482;2508;2534;2680;2708;2736;2764;2792;2820;2848;2876;2904;2932;3100;3130;3160;3190;3220;3250;3280;3310;3340;3370;3560;3592;3624;3656;3688;3720;3752;3784;3816;3848;4060;4094;4128;4162;4196;4230;4264;4298;4332;4366;4600;4636;4672;4708;4744;4780;4816;4852;4888;4924;5180;5218;5256;5294;5332;5370;5408;5446;5484;5522>,9,<700;711;721;732;742;753;763;774;784;795;812;823;834;846;857;868;879;890;902;913;938;950;962;974;986;998;1009;1021;1033;1045;1078;1091;1103;1116;1128;1141;1154;1166;1179;1191;1372;1389;1406;1422;1439;1456;1473;1490;1506;1523;1610;1628;1646;1665;1683;1701;1719;1737;1756;1774;1876;1896;1915;1935;1954;1974;1994;2013;2033;2052;2170;2191;2212;2233;2254;2275;2296;2317;2338;2359;2492;2514;2537;2559;2582;2604;2626;2649;2671;2694;2842;2866;2890;2913;2937;2961;2985;3009;3032;3056;3220;3245;3270;3296;3321;3346;3371;3396;3422;3447;3626;3653;3679;3706;3732;3759;3786;3812;3839;3865>,22,<67;67;67;67;67;74;74;74;74;74;82;82;82;82;82;89;89;89;89;89;96;96;96;96;96;103;103;103;103;103;110;110;110;110;110;118;118;118;118;118;125;125;125;125;125;132;132;132;132;132;139;139;139;139;139;146;146;146;146;146;154;154;154;154;154;161;161;161;161;161;168;168;168;168;168;175;175;175;175;175;182;182;182;182;182;190;190;190;190;190;197;197;197;197;197;204;204;204;204;204;211;211;211;211;211;218;218;218;218;218;226;226;226;226;226;233;233;233;233;233>,,,,{drawcard=hong_effect_loop}
40266,致命,2,6,config/item/gem/icon_6_h_6.png,6,攻击向符石,9999,{529=2000},,6,7,<1000;1015;1030;1045;1060;1075;1090;1105;1120;1135;1160;1176;1192;1208;1224;1240;1256;1272;1288;1304;1340;1357;1374;1391;1408;1425;1442;1459;1476;1493;1540;1558;1576;1594;1612;1630;1648;1666;1684;1702;1960;1984;2008;2032;2056;2080;2104;2128;2152;2176;2300;2326;2352;2378;2404;2430;2456;2482;2508;2534;2680;2708;2736;2764;2792;2820;2848;2876;2904;2932;3100;3130;3160;3190;3220;3250;3280;3310;3340;3370;3560;3592;3624;3656;3688;3720;3752;3784;3816;3848;4060;4094;4128;4162;4196;4230;4264;4298;4332;4366;4600;4636;4672;4708;4744;4780;4816;4852;4888;4924;5180;5218;5256;5294;5332;5370;5408;5446;5484;5522>,8,<1000;1015;1030;1045;1060;1075;1090;1105;1120;1135;1160;1176;1192;1208;1224;1240;1256;1272;1288;1304;1340;1357;1374;1391;1408;1425;1442;1459;1476;1493;1540;1558;1576;1594;1612;1630;1648;1666;1684;1702;1960;1984;2008;2032;2056;2080;2104;2128;2152;2176;2300;2326;2352;2378;2404;2430;2456;2482;2508;2534;2680;2708;2736;2764;2792;2820;2848;2876;2904;2932;3100;3130;3160;3190;3220;3250;3280;3310;3340;3370;3560;3592;3624;3656;3688;3720;3752;3784;3816;3848;4060;4094;4128;4162;4196;4230;4264;4298;4332;4366;4600;4636;4672;4708;4744;4780;4816;4852;4888;4924;5180;5218;5256;5294;5332;5370;5408;5446;5484;5522>,10,<700;711;721;732;742;753;763;774;784;795;812;823;834;846;857;868;879;890;902;913;938;950;962;974;986;998;1009;1021;1033;1045;1078;1091;1103;1116;1128;1141;1154;1166;1179;1191;1372;1389;1406;1422;1439;1456;1473;1490;1506;1523;1610;1628;1646;1665;1683;1701;1719;1737;1756;1774;1876;1896;1915;1935;1954;1974;1994;2013;2033;2052;2170;2191;2212;2233;2254;2275;2296;2317;2338;2359;2492;2514;2537;2559;2582;2604;2626;2649;2671;2694;2842;2866;2890;2913;2937;2961;2985;3009;3032;3056;3220;3245;3270;3296;3321;3346;3371;3396;3422;3447;3626;3653;3679;3706;3732;3759;3786;3812;3839;3865>,23,<67;67;67;67;67;74;74;74;74;74;82;82;82;82;82;89;89;89;89;89;96;96;96;96;96;103;103;103;103;103;110;110;110;110;110;118;118;118;118;118;125;125;125;125;125;132;132;132;132;132;139;139;139;139;139;146;146;146;146;146;154;154;154;154;154;161;161;161;161;161;168;168;168;168;168;175;175;175;175;175;182;182;182;182;182;190;190;190;190;190;197;197;197;197;197;204;204;204;204;204;211;211;211;211;211;218;218;218;218;218;226;226;226;226;226;233;233;233;233;233>,,,,{drawcard=hong_effect_loop}
40321,好战,3,1,config/item/gem/icon_9_lv_1.png,2,攻击向符石,9999,{529=20},,2,7,<200;203;206;209;212;215;218;221;224;227;232;235;238;242;245;248;251;254;258;261;268;271;275;278;282;285;288;292;295;299;308;312;315;319;322;326;330;333;337;340;360;364;368;372;376;380;384;388;392;396;420;424;429;433;438;442;446;451;455;460;488;493;498;502;507;512;517;522;526;531;564;569;574;580;585;590;595;600;606;611;648;654;659;665;670;676;682;687;693;698;740;746;752;758;764;770;776;782;788;794;840;846;853;859;866;872;878;885;891;898;948;955;962;968;975;982;989;996;1002;1009>,8,<200;203;206;209;212;215;218;221;224;227;232;235;238;242;245;248;251;254;258;261;268;271;275;278;282;285;288;292;295;299;308;312;315;319;322;326;330;333;337;340;360;364;368;372;376;380;384;388;392;396;420;424;429;433;438;442;446;451;455;460;488;493;498;502;507;512;517;522;526;531;564;569;574;580;585;590;595;600;606;611;648;654;659;665;670;676;682;687;693;698;740;746;752;758;764;770;776;782;788;794;840;846;853;859;866;872;878;885;891;898;948;955;962;968;975;982;989;996;1002;1009>,14,<22;22;22;22;22;25;25;25;25;25;27;27;27;27;27;30;30;30;30;30;32;32;32;32;32;34;34;34;34;34;37;37;37;37;37;39;39;39;39;39;42;42;42;42;42;44;44;44;44;44;46;46;46;46;46;49;49;49;49;49;51;51;51;51;51;54;54;54;54;54;56;56;56;56;56;58;58;58;58;58;61;61;61;61;61;63;63;63;63;63;66;66;66;66;66;68;68;68;68;68;70;70;70;70;70;73;73;73;73;73;75;75;75;75;75;78;78;78;78;78>,,,,,,
40322,好战,3,2,config/item/gem/icon_9_lv_2.png,2,攻击向符石,9999,{529=20},,2,7,<200;203;206;209;212;215;218;221;224;227;232;235;238;242;245;248;251;254;258;261;268;271;275;278;282;285;288;292;295;299;308;312;315;319;322;326;330;333;337;340;360;364;368;372;376;380;384;388;392;396;420;424;429;433;438;442;446;451;455;460;488;493;498;502;507;512;517;522;526;531;564;569;574;580;585;590;595;600;606;611;648;654;659;665;670;676;682;687;693;698;740;746;752;758;764;770;776;782;788;794;840;846;853;859;866;872;878;885;891;898;948;955;962;968;975;982;989;996;1002;1009>,8,<200;203;206;209;212;215;218;221;224;227;232;235;238;242;245;248;251;254;258;261;268;271;275;278;282;285;288;292;295;299;308;312;315;319;322;326;330;333;337;340;360;364;368;372;376;380;384;388;392;396;420;424;429;433;438;442;446;451;455;460;488;493;498;502;507;512;517;522;526;531;564;569;574;580;585;590;595;600;606;611;648;654;659;665;670;676;682;687;693;698;740;746;752;758;764;770;776;782;788;794;840;846;853;859;866;872;878;885;891;898;948;955;962;968;975;982;989;996;1002;1009>,15,<34;34;34;34;34;37;37;37;37;37;41;41;41;41;41;44;44;44;44;44;48;48;48;48;48;52;52;52;52;52;55;55;55;55;55;59;59;59;59;59;62;62;62;62;62;66;66;66;66;66;70;70;70;70;70;73;73;73;73;73;77;77;77;77;77;80;80;80;80;80;84;84;84;84;84;88;88;88;88;88;91;91;91;91;91;95;95;95;95;95;98;98;98;98;98;102;102;102;102;102;106;106;106;106;106;109;109;109;109;109;113;113;113;113;113;116;116;116;116;116>,,,,,,
40323,好战,3,3,config/item/gem/icon_9_lv_3.png,2,攻击向符石,9999,{529=20},,2,1,<1008;1023;1038;1053;1068;1084;1099;1114;1129;1144;1169;1185;1202;1218;1234;1250;1266;1282;1298;1314;1351;1368;1385;1402;1419;1436;1454;1471;1488;1505;1552;1570;1589;1607;1625;1643;1661;1679;1697;1716;1814;1835;1855;1875;1895;1915;1935;1956;1976;1996;2117;2139;2161;2183;2206;2228;2250;2272;2294;2316;2460;2484;2508;2532;2556;2580;2605;2629;2653;2677;2843;2869;2895;2921;2947;2974;3000;3026;3052;3078;3266;3294;3322;3351;3379;3407;3435;3463;3492;3520;3730;3760;3790;3820;3851;3881;3911;3941;3972;4002;4234;4266;4298;4330;4363;4395;4427;4459;4492;4524;4778;4812;4846;4881;4915;4949;4984;5018;5052;5086>,7,<200;203;206;209;212;215;218;221;224;227;232;235;238;242;245;248;251;254;258;261;268;271;275;278;282;285;288;292;295;299;308;312;315;319;322;326;330;333;337;340;360;364;368;372;376;380;384;388;392;396;420;424;429;433;438;442;446;451;455;460;488;493;498;502;507;512;517;522;526;531;564;569;574;580;585;590;595;600;606;611;648;654;659;665;670;676;682;687;693;698;740;746;752;758;764;770;776;782;788;794;840;846;853;859;866;872;878;885;891;898;948;955;962;968;975;982;989;996;1002;1009>,8,<200;203;206;209;212;215;218;221;224;227;232;235;238;242;245;248;251;254;258;261;268;271;275;278;282;285;288;292;295;299;308;312;315;319;322;326;330;333;337;340;360;364;368;372;376;380;384;388;392;396;420;424;429;433;438;442;446;451;455;460;488;493;498;502;507;512;517;522;526;531;564;569;574;580;585;590;595;600;606;611;648;654;659;665;670;676;682;687;693;698;740;746;752;758;764;770;776;782;788;794;840;846;853;859;866;872;878;885;891;898;948;955;962;968;975;982;989;996;1002;1009>,11,<22;22;22;22;22;25;25;25;25;25;27;27;27;27;27;30;30;30;30;30;32;32;32;32;32;34;34;34;34;34;37;37;37;37;37;39;39;39;39;39;42;42;42;42;42;44;44;44;44;44;46;46;46;46;46;49;49;49;49;49;51;51;51;51;51;54;54;54;54;54;56;56;56;56;56;58;58;58;58;58;61;61;61;61;61;63;63;63;63;63;66;66;66;66;66;68;68;68;68;68;70;70;70;70;70;73;73;73;73;73;75;75;75;75;75;78;78;78;78;78>,12,<22;22;22;22;22;25;25;25;25;25;27;27;27;27;27;30;30;30;30;30;32;32;32;32;32;34;34;34;34;34;37;37;37;37;37;39;39;39;39;39;42;42;42;42;42;44;44;44;44;44;46;46;46;46;46;49;49;49;49;49;51;51;51;51;51;54;54;54;54;54;56;56;56;56;56;58;58;58;58;58;61;61;61;61;61;63;63;63;63;63;66;66;66;66;66;68;68;68;68;68;70;70;70;70;70;73;73;73;73;73;75;75;75;75;75;78;78;78;78;78>,,
40324,好战,3,4,config/item/gem/icon_9_lv_4.png,2,攻击向符石,9999,{529=20},,2,1,<1008;1023;1038;1053;1068;1084;1099;1114;1129;1144;1169;1185;1202;1218;1234;1250;1266;1282;1298;1314;1351;1368;1385;1402;1419;1436;1454;1471;1488;1505;1552;1570;1589;1607;1625;1643;1661;1679;1697;1716;1814;1835;1855;1875;1895;1915;1935;1956;1976;1996;2117;2139;2161;2183;2206;2228;2250;2272;2294;2316;2460;2484;2508;2532;2556;2580;2605;2629;2653;2677;2843;2869;2895;2921;2947;2974;3000;3026;3052;3078;3266;3294;3322;3351;3379;3407;3435;3463;3492;3520;3730;3760;3790;3820;3851;3881;3911;3941;3972;4002;4234;4266;4298;4330;4363;4395;4427;4459;4492;4524;4778;4812;4846;4881;4915;4949;4984;5018;5052;5086>,7,<200;203;206;209;212;215;218;221;224;227;232;235;238;242;245;248;251;254;258;261;268;271;275;278;282;285;288;292;295;299;308;312;315;319;322;326;330;333;337;340;360;364;368;372;376;380;384;388;392;396;420;424;429;433;438;442;446;451;455;460;488;493;498;502;507;512;517;522;526;531;564;569;574;580;585;590;595;600;606;611;648;654;659;665;670;676;682;687;693;698;740;746;752;758;764;770;776;782;788;794;840;846;853;859;866;872;878;885;891;898;948;955;962;968;975;982;989;996;1002;1009>,8,<200;203;206;209;212;215;218;221;224;227;232;235;238;242;245;248;251;254;258;261;268;271;275;278;282;285;288;292;295;299;308;312;315;319;322;326;330;333;337;340;360;364;368;372;376;380;384;388;392;396;420;424;429;433;438;442;446;451;455;460;488;493;498;502;507;512;517;522;526;531;564;569;574;580;585;590;595;600;606;611;648;654;659;665;670;676;682;687;693;698;740;746;752;758;764;770;776;782;788;794;840;846;853;859;866;872;878;885;891;898;948;955;962;968;975;982;989;996;1002;1009>,90,<27;27;27;27;27;30;30;30;30;30;33;33;33;33;33;36;36;36;36;36;38;38;38;38;38;41;41;41;41;41;44;44;44;44;44;47;47;47;47;47;50;50;50;50;50;53;53;53;53;53;56;56;56;56;56;59;59;59;59;59;61;61;61;61;61;64;64;64;64;64;67;67;67;67;67;70;70;70;70;70;73;73;73;73;73;76;76;76;76;76;79;79;79;79;79;82;82;82;82;82;84;84;84;84;84;87;87;87;87;87;90;90;90;90;90;93;93;93;93;93>,,,,
40325,好战,3,5,config/item/gem/icon_9_lv_5.png,2,攻击向符石,9999,{529=20},,2,7,<200;203;206;209;212;215;218;221;224;227;232;235;238;242;245;248;251;254;258;261;268;271;275;278;282;285;288;292;295;299;308;312;315;319;322;326;330;333;337;340;360;364;368;372;376;380;384;388;392;396;420;424;429;433;438;442;446;451;455;460;488;493;498;502;507;512;517;522;526;531;564;569;574;580;585;590;595;600;606;611;648;654;659;665;670;676;682;687;693;698;740;746;752;758;764;770;776;782;788;794;840;846;853;859;866;872;878;885;891;898;948;955;962;968;975;982;989;996;1002;1009>,8,<200;203;206;209;212;215;218;221;224;227;232;235;238;242;245;248;251;254;258;261;268;271;275;278;282;285;288;292;295;299;308;312;315;319;322;326;330;333;337;340;360;364;368;372;376;380;384;388;392;396;420;424;429;433;438;442;446;451;455;460;488;493;498;502;507;512;517;522;526;531;564;569;574;580;585;590;595;600;606;611;648;654;659;665;670;676;682;687;693;698;740;746;752;758;764;770;776;782;788;794;840;846;853;859;866;872;878;885;891;898;948;955;962;968;975;982;989;996;1002;1009>,9,<140;142;144;146;148;151;153;155;157;159;162;165;167;169;171;174;176;178;180;183;188;190;192;195;197;200;202;204;207;209;216;218;221;223;226;228;231;233;236;238;252;255;258;260;263;266;269;272;274;277;294;297;300;303;306;309;312;316;319;322;342;345;348;352;355;358;362;365;368;372;395;398;402;406;409;413;417;420;424;428;454;458;461;465;469;473;477;481;485;489;518;522;526;531;535;539;543;547;552;556;588;592;597;601;606;610;615;619;624;628;664;668;673;678;683;687;692;697;702;706>,22,<13;13;13;13;13;15;15;15;15;15;16;16;16;16;16;18;18;18;18;18;19;19;19;19;19;21;21;21;21;21;22;22;22;22;22;24;24;24;24;24;25;25;25;25;25;26;26;26;26;26;28;28;28;28;28;29;29;29;29;29;31;31;31;31;31;32;32;32;32;32;34;34;34;34;34;35;35;35;35;35;36;36;36;36;36;38;38;38;38;38;39;39;39;39;39;41;41;41;41;41;42;42;42;42;42;44;44;44;44;44;45;45;45;45;45;47;47;47;47;47>,,,,
40326,好战,3,6,config/item/gem/icon_9_lv_6.png,2,攻击向符石,9999,{529=20},,2,7,<200;203;206;209;212;215;218;221;224;227;232;235;238;242;245;248;251;254;258;261;268;271;275;278;282;285;288;292;295;299;308;312;315;319;322;326;330;333;337;340;360;364;368;372;376;380;384;388;392;396;420;424;429;433;438;442;446;451;455;460;488;493;498;502;507;512;517;522;526;531;564;569;574;580;585;590;595;600;606;611;648;654;659;665;670;676;682;687;693;698;740;746;752;758;764;770;776;782;788;794;840;846;853;859;866;872;878;885;891;898;948;955;962;968;975;982;989;996;1002;1009>,8,<200;203;206;209;212;215;218;221;224;227;232;235;238;242;245;248;251;254;258;261;268;271;275;278;282;285;288;292;295;299;308;312;315;319;322;326;330;333;337;340;360;364;368;372;376;380;384;388;392;396;420;424;429;433;438;442;446;451;455;460;488;493;498;502;507;512;517;522;526;531;564;569;574;580;585;590;595;600;606;611;648;654;659;665;670;676;682;687;693;698;740;746;752;758;764;770;776;782;788;794;840;846;853;859;866;872;878;885;891;898;948;955;962;968;975;982;989;996;1002;1009>,10,<140;142;144;146;148;151;153;155;157;159;162;165;167;169;171;174;176;178;180;183;188;190;192;195;197;200;202;204;207;209;216;218;221;223;226;228;231;233;236;238;252;255;258;260;263;266;269;272;274;277;294;297;300;303;306;309;312;316;319;322;342;345;348;352;355;358;362;365;368;372;395;398;402;406;409;413;417;420;424;428;454;458;461;465;469;473;477;481;485;489;518;522;526;531;535;539;543;547;552;556;588;592;597;601;606;610;615;619;624;628;664;668;673;678;683;687;692;697;702;706>,23,<13;13;13;13;13;15;15;15;15;15;16;16;16;16;16;18;18;18;18;18;19;19;19;19;19;21;21;21;21;21;22;22;22;22;22;24;24;24;24;24;25;25;25;25;25;26;26;26;26;26;28;28;28;28;28;29;29;29;29;29;31;31;31;31;31;32;32;32;32;32;34;34;34;34;34;35;35;35;35;35;36;36;36;36;36;38;38;38;38;38;39;39;39;39;39;41;41;41;41;41;42;42;42;42;42;44;44;44;44;44;45;45;45;45;45;47;47;47;47;47>,,,,
40331,好战,3,1,config/item/gem/icon_9_l_1.png,3,攻击向符石,9999,{529=40},,3,7,<300;305;309;314;318;323;327;332;336;341;348;353;358;362;367;372;377;382;386;391;402;407;412;417;422;428;433;438;443;448;462;467;473;478;484;489;494;500;505;511;540;546;552;558;564;570;576;582;588;594;630;637;643;650;656;663;670;676;683;689;732;739;746;754;761;768;775;782;790;797;846;854;862;869;877;885;893;901;908;916;972;980;989;997;1006;1014;1022;1031;1039;1048;1110;1119;1128;1137;1146;1155;1164;1173;1182;1191;1260;1270;1279;1289;1298;1308;1318;1327;1337;1346;1422;1432;1442;1453;1463;1473;1483;1493;1504;1514>,8,<300;305;309;314;318;323;327;332;336;341;348;353;358;362;367;372;377;382;386;391;402;407;412;417;422;428;433;438;443;448;462;467;473;478;484;489;494;500;505;511;540;546;552;558;564;570;576;582;588;594;630;637;643;650;656;663;670;676;683;689;732;739;746;754;761;768;775;782;790;797;846;854;862;869;877;885;893;901;908;916;972;980;989;997;1006;1014;1022;1031;1039;1048;1110;1119;1128;1137;1146;1155;1164;1173;1182;1191;1260;1270;1279;1289;1298;1308;1318;1327;1337;1346;1422;1432;1442;1453;1463;1473;1483;1493;1504;1514>,14,<34;34;34;34;34;37;37;37;37;37;41;41;41;41;41;44;44;44;44;44;48;48;48;48;48;52;52;52;52;52;55;55;55;55;55;59;59;59;59;59;62;62;62;62;62;66;66;66;66;66;70;70;70;70;70;73;73;73;73;73;77;77;77;77;77;80;80;80;80;80;84;84;84;84;84;88;88;88;88;88;91;91;91;91;91;95;95;95;95;95;98;98;98;98;98;102;102;102;102;102;106;106;106;106;106;109;109;109;109;109;113;113;113;113;113;116;116;116;116;116>,,,,,,
40332,好战,3,2,config/item/gem/icon_9_l_2.png,3,攻击向符石,9999,{529=40},,3,7,<300;305;309;314;318;323;327;332;336;341;348;353;358;362;367;372;377;382;386;391;402;407;412;417;422;428;433;438;443;448;462;467;473;478;484;489;494;500;505;511;540;546;552;558;564;570;576;582;588;594;630;637;643;650;656;663;670;676;683;689;732;739;746;754;761;768;775;782;790;797;846;854;862;869;877;885;893;901;908;916;972;980;989;997;1006;1014;1022;1031;1039;1048;1110;1119;1128;1137;1146;1155;1164;1173;1182;1191;1260;1270;1279;1289;1298;1308;1318;1327;1337;1346;1422;1432;1442;1453;1463;1473;1483;1493;1504;1514>,8,<300;305;309;314;318;323;327;332;336;341;348;353;358;362;367;372;377;382;386;391;402;407;412;417;422;428;433;438;443;448;462;467;473;478;484;489;494;500;505;511;540;546;552;558;564;570;576;582;588;594;630;637;643;650;656;663;670;676;683;689;732;739;746;754;761;768;775;782;790;797;846;854;862;869;877;885;893;901;908;916;972;980;989;997;1006;1014;1022;1031;1039;1048;1110;1119;1128;1137;1146;1155;1164;1173;1182;1191;1260;1270;1279;1289;1298;1308;1318;1327;1337;1346;1422;1432;1442;1453;1463;1473;1483;1493;1504;1514>,15,<50;50;50;50;50;56;56;56;56;56;61;61;61;61;61;67;67;67;67;67;72;72;72;72;72;77;77;77;77;77;83;83;83;83;83;88;88;88;88;88;94;94;94;94;94;99;99;99;99;99;104;104;104;104;104;110;110;110;110;110;115;115;115;115;115;121;121;121;121;121;126;126;126;126;126;131;131;131;131;131;137;137;137;137;137;142;142;142;142;142;148;148;148;148;148;153;153;153;153;153;158;158;158;158;158;164;164;164;164;164;169;169;169;169;169;175;175;175;175;175>,,,,,,
40333,好战,3,3,config/item/gem/icon_9_l_3.png,3,攻击向符石,9999,{529=40},,3,1,<1512;1535;1557;1580;1603;1625;1648;1671;1693;1716;1754;1778;1802;1826;1851;1875;1899;1923;1947;1972;2026;2052;2077;2103;2129;2155;2180;2206;2232;2257;2328;2356;2383;2410;2437;2465;2492;2519;2546;2573;2722;2752;2782;2812;2843;2873;2903;2933;2964;2994;3175;3208;3242;3275;3308;3342;3375;3408;3441;3475;3689;3726;3762;3798;3834;3871;3907;3943;3980;4016;4264;4303;4342;4382;4421;4460;4500;4539;4578;4618;4899;4941;4984;5026;5068;5111;5153;5195;5238;5280;5594;5640;5685;5730;5776;5821;5867;5912;5957;6003;6350;6399;6447;6496;6544;6592;6641;6689;6737;6786;7167;7218;7270;7321;7373;7424;7475;7527;7578;7630>,7,<300;305;309;314;318;323;327;332;336;341;348;353;358;362;367;372;377;382;386;391;402;407;412;417;422;428;433;438;443;448;462;467;473;478;484;489;494;500;505;511;540;546;552;558;564;570;576;582;588;594;630;637;643;650;656;663;670;676;683;689;732;739;746;754;761;768;775;782;790;797;846;854;862;869;877;885;893;901;908;916;972;980;989;997;1006;1014;1022;1031;1039;1048;1110;1119;1128;1137;1146;1155;1164;1173;1182;1191;1260;1270;1279;1289;1298;1308;1318;1327;1337;1346;1422;1432;1442;1453;1463;1473;1483;1493;1504;1514>,8,<300;305;309;314;318;323;327;332;336;341;348;353;358;362;367;372;377;382;386;391;402;407;412;417;422;428;433;438;443;448;462;467;473;478;484;489;494;500;505;511;540;546;552;558;564;570;576;582;588;594;630;637;643;650;656;663;670;676;683;689;732;739;746;754;761;768;775;782;790;797;846;854;862;869;877;885;893;901;908;916;972;980;989;997;1006;1014;1022;1031;1039;1048;1110;1119;1128;1137;1146;1155;1164;1173;1182;1191;1260;1270;1279;1289;1298;1308;1318;1327;1337;1346;1422;1432;1442;1453;1463;1473;1483;1493;1504;1514>,11,<34;34;34;34;34;37;37;37;37;37;41;41;41;41;41;44;44;44;44;44;48;48;48;48;48;52;52;52;52;52;55;55;55;55;55;59;59;59;59;59;62;62;62;62;62;66;66;66;66;66;70;70;70;70;70;73;73;73;73;73;77;77;77;77;77;80;80;80;80;80;84;84;84;84;84;88;88;88;88;88;91;91;91;91;91;95;95;95;95;95;98;98;98;98;98;102;102;102;102;102;106;106;106;106;106;109;109;109;109;109;113;113;113;113;113;116;116;116;116;116>,12,<34;34;34;34;34;37;37;37;37;37;41;41;41;41;41;44;44;44;44;44;48;48;48;48;48;52;52;52;52;52;55;55;55;55;55;59;59;59;59;59;62;62;62;62;62;66;66;66;66;66;70;70;70;70;70;73;73;73;73;73;77;77;77;77;77;80;80;80;80;80;84;84;84;84;84;88;88;88;88;88;91;91;91;91;91;95;95;95;95;95;98;98;98;98;98;102;102;102;102;102;106;106;106;106;106;109;109;109;109;109;113;113;113;113;113;116;116;116;116;116>,,
40334,好战,3,4,config/item/gem/icon_9_l_4.png,3,攻击向符石,9999,{529=40},,3,1,<1512;1535;1557;1580;1603;1625;1648;1671;1693;1716;1754;1778;1802;1826;1851;1875;1899;1923;1947;1972;2026;2052;2077;2103;2129;2155;2180;2206;2232;2257;2328;2356;2383;2410;2437;2465;2492;2519;2546;2573;2722;2752;2782;2812;2843;2873;2903;2933;2964;2994;3175;3208;3242;3275;3308;3342;3375;3408;3441;3475;3689;3726;3762;3798;3834;3871;3907;3943;3980;4016;4264;4303;4342;4382;4421;4460;4500;4539;4578;4618;4899;4941;4984;5026;5068;5111;5153;5195;5238;5280;5594;5640;5685;5730;5776;5821;5867;5912;5957;6003;6350;6399;6447;6496;6544;6592;6641;6689;6737;6786;7167;7218;7270;7321;7373;7424;7475;7527;7578;7630>,7,<300;305;309;314;318;323;327;332;336;341;348;353;358;362;367;372;377;382;386;391;402;407;412;417;422;428;433;438;443;448;462;467;473;478;484;489;494;500;505;511;540;546;552;558;564;570;576;582;588;594;630;637;643;650;656;663;670;676;683;689;732;739;746;754;761;768;775;782;790;797;846;854;862;869;877;885;893;901;908;916;972;980;989;997;1006;1014;1022;1031;1039;1048;1110;1119;1128;1137;1146;1155;1164;1173;1182;1191;1260;1270;1279;1289;1298;1308;1318;1327;1337;1346;1422;1432;1442;1453;1463;1473;1483;1493;1504;1514>,8,<300;305;309;314;318;323;327;332;336;341;348;353;358;362;367;372;377;382;386;391;402;407;412;417;422;428;433;438;443;448;462;467;473;478;484;489;494;500;505;511;540;546;552;558;564;570;576;582;588;594;630;637;643;650;656;663;670;676;683;689;732;739;746;754;761;768;775;782;790;797;846;854;862;869;877;885;893;901;908;916;972;980;989;997;1006;1014;1022;1031;1039;1048;1110;1119;1128;1137;1146;1155;1164;1173;1182;1191;1260;1270;1279;1289;1298;1308;1318;1327;1337;1346;1422;1432;1442;1453;1463;1473;1483;1493;1504;1514>,90,<40;40;40;40;40;45;45;45;45;45;49;49;49;49;49;53;53;53;53;53;58;58;58;58;58;62;62;62;62;62;66;66;66;66;66;71;71;71;71;71;75;75;75;75;75;79;79;79;79;79;84;84;84;84;84;88;88;88;88;88;92;92;92;92;92;96;96;96;96;96;101;101;101;101;101;105;105;105;105;105;109;109;109;109;109;114;114;114;114;114;118;118;118;118;118;122;122;122;122;122;127;127;127;127;127;131;131;131;131;131;135;135;135;135;135;140;140;140;140;140>,,,,
40335,好战,3,5,config/item/gem/icon_9_l_5.png,3,攻击向符石,9999,{529=40},,3,7,<300;305;309;314;318;323;327;332;336;341;348;353;358;362;367;372;377;382;386;391;402;407;412;417;422;428;433;438;443;448;462;467;473;478;484;489;494;500;505;511;540;546;552;558;564;570;576;582;588;594;630;637;643;650;656;663;670;676;683;689;732;739;746;754;761;768;775;782;790;797;846;854;862;869;877;885;893;901;908;916;972;980;989;997;1006;1014;1022;1031;1039;1048;1110;1119;1128;1137;1146;1155;1164;1173;1182;1191;1260;1270;1279;1289;1298;1308;1318;1327;1337;1346;1422;1432;1442;1453;1463;1473;1483;1493;1504;1514>,8,<300;305;309;314;318;323;327;332;336;341;348;353;358;362;367;372;377;382;386;391;402;407;412;417;422;428;433;438;443;448;462;467;473;478;484;489;494;500;505;511;540;546;552;558;564;570;576;582;588;594;630;637;643;650;656;663;670;676;683;689;732;739;746;754;761;768;775;782;790;797;846;854;862;869;877;885;893;901;908;916;972;980;989;997;1006;1014;1022;1031;1039;1048;1110;1119;1128;1137;1146;1155;1164;1173;1182;1191;1260;1270;1279;1289;1298;1308;1318;1327;1337;1346;1422;1432;1442;1453;1463;1473;1483;1493;1504;1514>,9,<210;213;216;219;223;226;229;232;235;238;244;247;250;254;257;260;264;267;270;274;281;285;289;292;296;299;303;306;310;314;323;327;331;335;339;342;346;350;354;357;378;382;386;391;395;399;403;407;412;416;441;446;450;455;459;464;469;473;478;483;512;517;522;528;533;538;543;548;553;558;592;598;603;609;614;620;625;630;636;641;680;686;692;698;704;710;716;722;727;733;777;783;790;796;802;809;815;821;827;834;882;889;895;902;909;916;922;929;936;942;995;1003;1010;1017;1024;1031;1038;1045;1053;1060>,22,<20;20;20;20;20;22;22;22;22;22;24;24;24;24;24;27;27;27;27;27;29;29;29;29;29;31;31;31;31;31;33;33;33;33;33;35;35;35;35;35;37;37;37;37;37;40;40;40;40;40;42;42;42;42;42;44;44;44;44;44;46;46;46;46;46;48;48;48;48;48;50;50;50;50;50;53;53;53;53;53;55;55;55;55;55;57;57;57;57;57;59;59;59;59;59;61;61;61;61;61;63;63;63;63;63;66;66;66;66;66;68;68;68;68;68;70;70;70;70;70>,,,,
40336,好战,3,6,config/item/gem/icon_9_l_6.png,3,攻击向符石,9999,{529=40},,3,7,<300;305;309;314;318;323;327;332;336;341;348;353;358;362;367;372;377;382;386;391;402;407;412;417;422;428;433;438;443;448;462;467;473;478;484;489;494;500;505;511;540;546;552;558;564;570;576;582;588;594;630;637;643;650;656;663;670;676;683;689;732;739;746;754;761;768;775;782;790;797;846;854;862;869;877;885;893;901;908;916;972;980;989;997;1006;1014;1022;1031;1039;1048;1110;1119;1128;1137;1146;1155;1164;1173;1182;1191;1260;1270;1279;1289;1298;1308;1318;1327;1337;1346;1422;1432;1442;1453;1463;1473;1483;1493;1504;1514>,8,<300;305;309;314;318;323;327;332;336;341;348;353;358;362;367;372;377;382;386;391;402;407;412;417;422;428;433;438;443;448;462;467;473;478;484;489;494;500;505;511;540;546;552;558;564;570;576;582;588;594;630;637;643;650;656;663;670;676;683;689;732;739;746;754;761;768;775;782;790;797;846;854;862;869;877;885;893;901;908;916;972;980;989;997;1006;1014;1022;1031;1039;1048;1110;1119;1128;1137;1146;1155;1164;1173;1182;1191;1260;1270;1279;1289;1298;1308;1318;1327;1337;1346;1422;1432;1442;1453;1463;1473;1483;1493;1504;1514>,10,<210;213;216;219;223;226;229;232;235;238;244;247;250;254;257;260;264;267;270;274;281;285;289;292;296;299;303;306;310;314;323;327;331;335;339;342;346;350;354;357;378;382;386;391;395;399;403;407;412;416;441;446;450;455;459;464;469;473;478;483;512;517;522;528;533;538;543;548;553;558;592;598;603;609;614;620;625;630;636;641;680;686;692;698;704;710;716;722;727;733;777;783;790;796;802;809;815;821;827;834;882;889;895;902;909;916;922;929;936;942;995;1003;1010;1017;1024;1031;1038;1045;1053;1060>,23,<20;20;20;20;20;22;22;22;22;22;24;24;24;24;24;27;27;27;27;27;29;29;29;29;29;31;31;31;31;31;33;33;33;33;33;35;35;35;35;35;37;37;37;37;37;40;40;40;40;40;42;42;42;42;42;44;44;44;44;44;46;46;46;46;46;48;48;48;48;48;50;50;50;50;50;53;53;53;53;53;55;55;55;55;55;57;57;57;57;57;59;59;59;59;59;61;61;61;61;61;63;63;63;63;63;66;66;66;66;66;68;68;68;68;68;70;70;70;70;70>,,,,
40341,好战,3,1,config/item/gem/icon_9_z_1.png,4,攻击向符石,9999,{529=80},,4,7,<440;447;453;460;466;473;480;486;493;499;510;517;524;532;539;546;553;560;567;574;590;597;605;612;620;627;634;642;649;657;678;686;693;701;709;717;725;733;741;749;792;801;810;818;827;836;845;854;862;871;924;934;943;953;963;972;982;992;1001;1011;1074;1084;1095;1105;1116;1126;1137;1148;1158;1169;1241;1252;1264;1275;1287;1298;1309;1321;1332;1344;1426;1438;1450;1463;1475;1487;1500;1512;1524;1536;1628;1641;1654;1668;1681;1694;1707;1720;1734;1747;1848;1862;1876;1890;1904;1918;1932;1947;1961;1975;2086;2101;2116;2130;2145;2160;2175;2190;2205;2220>,8,<440;447;453;460;466;473;480;486;493;499;510;517;524;532;539;546;553;560;567;574;590;597;605;612;620;627;634;642;649;657;678;686;693;701;709;717;725;733;741;749;792;801;810;818;827;836;845;854;862;871;924;934;943;953;963;972;982;992;1001;1011;1074;1084;1095;1105;1116;1126;1137;1148;1158;1169;1241;1252;1264;1275;1287;1298;1309;1321;1332;1344;1426;1438;1450;1463;1475;1487;1500;1512;1524;1536;1628;1641;1654;1668;1681;1694;1707;1720;1734;1747;1848;1862;1876;1890;1904;1918;1932;1947;1961;1975;2086;2101;2116;2130;2145;2160;2175;2190;2205;2220>,14,<49;49;49;49;49;55;55;55;55;55;60;60;60;60;60;65;65;65;65;65;70;70;70;70;70;76;76;76;76;76;81;81;81;81;81;86;86;86;86;86;92;92;92;92;92;97;97;97;97;97;102;102;102;102;102;107;107;107;107;107;113;113;113;113;113;118;118;118;118;118;123;123;123;123;123;128;128;128;128;128;134;134;134;134;134;139;139;139;139;139;144;144;144;144;144;150;150;150;150;150;155;155;155;155;155;160;160;160;160;160;165;165;165;165;165;171;171;171;171;171>,,,,,,{drawcard=zi_effect_loop}
40342,好战,3,2,config/item/gem/icon_9_z_2.png,4,攻击向符石,9999,{529=80},,4,7,<440;447;453;460;466;473;480;486;493;499;510;517;524;532;539;546;553;560;567;574;590;597;605;612;620;627;634;642;649;657;678;686;693;701;709;717;725;733;741;749;792;801;810;818;827;836;845;854;862;871;924;934;943;953;963;972;982;992;1001;1011;1074;1084;1095;1105;1116;1126;1137;1148;1158;1169;1241;1252;1264;1275;1287;1298;1309;1321;1332;1344;1426;1438;1450;1463;1475;1487;1500;1512;1524;1536;1628;1641;1654;1668;1681;1694;1707;1720;1734;1747;1848;1862;1876;1890;1904;1918;1932;1947;1961;1975;2086;2101;2116;2130;2145;2160;2175;2190;2205;2220>,8,<440;447;453;460;466;473;480;486;493;499;510;517;524;532;539;546;553;560;567;574;590;597;605;612;620;627;634;642;649;657;678;686;693;701;709;717;725;733;741;749;792;801;810;818;827;836;845;854;862;871;924;934;943;953;963;972;982;992;1001;1011;1074;1084;1095;1105;1116;1126;1137;1148;1158;1169;1241;1252;1264;1275;1287;1298;1309;1321;1332;1344;1426;1438;1450;1463;1475;1487;1500;1512;1524;1536;1628;1641;1654;1668;1681;1694;1707;1720;1734;1747;1848;1862;1876;1890;1904;1918;1932;1947;1961;1975;2086;2101;2116;2130;2145;2160;2175;2190;2205;2220>,15,<74;74;74;74;74;82;82;82;82;82;90;90;90;90;90;98;98;98;98;98;106;106;106;106;106;114;114;114;114;114;121;121;121;121;121;129;129;129;129;129;137;137;137;137;137;145;145;145;145;145;153;153;153;153;153;161;161;161;161;161;169;169;169;169;169;177;177;177;177;177;185;185;185;185;185;193;193;193;193;193;201;201;201;201;201;209;209;209;209;209;216;216;216;216;216;224;224;224;224;224;232;232;232;232;232;240;240;240;240;240;248;248;248;248;248;256;256;256;256;256>,,,,,,{drawcard=zi_effect_loop}
40343,好战,3,3,config/item/gem/icon_9_z_3.png,4,攻击向符石,9999,{529=80},,4,1,<2218;2251;2285;2318;2351;2384;2418;2451;2484;2517;2573;2608;2644;2679;2715;2750;2786;2821;2857;2892;2972;3010;3048;3085;3123;3161;3198;3236;3274;3311;3416;3456;3496;3535;3575;3615;3655;3695;3735;3775;3992;4037;4081;4125;4170;4214;4259;4303;4347;4392;4658;4707;4755;4804;4853;4902;4951;4999;5048;5097;5412;5465;5518;5572;5625;5678;5731;5785;5838;5891;6255;6312;6370;6428;6485;6543;6601;6658;6716;6774;7186;7248;7311;7373;7435;7497;7559;7621;7683;7745;8207;8273;8340;8406;8473;8539;8606;8672;8739;8805;9316;9387;9458;9529;9600;9670;9741;9812;9883;9954;10513;10589;10664;10740;10815;10890;10966;11041;11117;11192>,7,<440;447;453;460;466;473;480;486;493;499;510;517;524;532;539;546;553;560;567;574;590;597;605;612;620;627;634;642;649;657;678;686;693;701;709;717;725;733;741;749;792;801;810;818;827;836;845;854;862;871;924;934;943;953;963;972;982;992;1001;1011;1074;1084;1095;1105;1116;1126;1137;1148;1158;1169;1241;1252;1264;1275;1287;1298;1309;1321;1332;1344;1426;1438;1450;1463;1475;1487;1500;1512;1524;1536;1628;1641;1654;1668;1681;1694;1707;1720;1734;1747;1848;1862;1876;1890;1904;1918;1932;1947;1961;1975;2086;2101;2116;2130;2145;2160;2175;2190;2205;2220>,8,<440;447;453;460;466;473;480;486;493;499;510;517;524;532;539;546;553;560;567;574;590;597;605;612;620;627;634;642;649;657;678;686;693;701;709;717;725;733;741;749;792;801;810;818;827;836;845;854;862;871;924;934;943;953;963;972;982;992;1001;1011;1074;1084;1095;1105;1116;1126;1137;1148;1158;1169;1241;1252;1264;1275;1287;1298;1309;1321;1332;1344;1426;1438;1450;1463;1475;1487;1500;1512;1524;1536;1628;1641;1654;1668;1681;1694;1707;1720;1734;1747;1848;1862;1876;1890;1904;1918;1932;1947;1961;1975;2086;2101;2116;2130;2145;2160;2175;2190;2205;2220>,11,<49;49;49;49;49;55;55;55;55;55;60;60;60;60;60;65;65;65;65;65;70;70;70;70;70;76;76;76;76;76;81;81;81;81;81;86;86;86;86;86;92;92;92;92;92;97;97;97;97;97;102;102;102;102;102;107;107;107;107;107;113;113;113;113;113;118;118;118;118;118;123;123;123;123;123;128;128;128;128;128;134;134;134;134;134;139;139;139;139;139;144;144;144;144;144;150;150;150;150;150;155;155;155;155;155;160;160;160;160;160;165;165;165;165;165;171;171;171;171;171>,12,<49;49;49;49;49;55;55;55;55;55;60;60;60;60;60;65;65;65;65;65;70;70;70;70;70;76;76;76;76;76;81;81;81;81;81;86;86;86;86;86;92;92;92;92;92;97;97;97;97;97;102;102;102;102;102;107;107;107;107;107;113;113;113;113;113;118;118;118;118;118;123;123;123;123;123;128;128;128;128;128;134;134;134;134;134;139;139;139;139;139;144;144;144;144;144;150;150;150;150;150;155;155;155;155;155;160;160;160;160;160;165;165;165;165;165;171;171;171;171;171>,,{drawcard=zi_effect_loop}
40344,好战,3,4,config/item/gem/icon_9_z_4.png,4,攻击向符石,9999,{529=80},,4,1,<2218;2251;2285;2318;2351;2384;2418;2451;2484;2517;2573;2608;2644;2679;2715;2750;2786;2821;2857;2892;2972;3010;3048;3085;3123;3161;3198;3236;3274;3311;3416;3456;3496;3535;3575;3615;3655;3695;3735;3775;3992;4037;4081;4125;4170;4214;4259;4303;4347;4392;4658;4707;4755;4804;4853;4902;4951;4999;5048;5097;5412;5465;5518;5572;5625;5678;5731;5785;5838;5891;6255;6312;6370;6428;6485;6543;6601;6658;6716;6774;7186;7248;7311;7373;7435;7497;7559;7621;7683;7745;8207;8273;8340;8406;8473;8539;8606;8672;8739;8805;9316;9387;9458;9529;9600;9670;9741;9812;9883;9954;10513;10589;10664;10740;10815;10890;10966;11041;11117;11192>,7,<440;447;453;460;466;473;480;486;493;499;510;517;524;532;539;546;553;560;567;574;590;597;605;612;620;627;634;642;649;657;678;686;693;701;709;717;725;733;741;749;792;801;810;818;827;836;845;854;862;871;924;934;943;953;963;972;982;992;1001;1011;1074;1084;1095;1105;1116;1126;1137;1148;1158;1169;1241;1252;1264;1275;1287;1298;1309;1321;1332;1344;1426;1438;1450;1463;1475;1487;1500;1512;1524;1536;1628;1641;1654;1668;1681;1694;1707;1720;1734;1747;1848;1862;1876;1890;1904;1918;1932;1947;1961;1975;2086;2101;2116;2130;2145;2160;2175;2190;2205;2220>,8,<440;447;453;460;466;473;480;486;493;499;510;517;524;532;539;546;553;560;567;574;590;597;605;612;620;627;634;642;649;657;678;686;693;701;709;717;725;733;741;749;792;801;810;818;827;836;845;854;862;871;924;934;943;953;963;972;982;992;1001;1011;1074;1084;1095;1105;1116;1126;1137;1148;1158;1169;1241;1252;1264;1275;1287;1298;1309;1321;1332;1344;1426;1438;1450;1463;1475;1487;1500;1512;1524;1536;1628;1641;1654;1668;1681;1694;1707;1720;1734;1747;1848;1862;1876;1890;1904;1918;1932;1947;1961;1975;2086;2101;2116;2130;2145;2160;2175;2190;2205;2220>,90,<59;59;59;59;59;65;65;65;65;65;72;72;72;72;72;78;78;78;78;78;84;84;84;84;84;91;91;91;91;91;97;97;97;97;97;103;103;103;103;103;110;110;110;110;110;116;116;116;116;116;122;122;122;122;122;129;129;129;129;129;135;135;135;135;135;142;142;142;142;142;148;148;148;148;148;154;154;154;154;154;161;161;161;161;161;167;167;167;167;167;173;173;173;173;173;180;180;180;180;180;186;186;186;186;186;192;192;192;192;192;199;199;199;199;199;205;205;205;205;205>,,,,{drawcard=zi_effect_loop}
40345,好战,3,5,config/item/gem/icon_9_z_5.png,4,攻击向符石,9999,{529=80},,4,7,<440;447;453;460;466;473;480;486;493;499;510;517;524;532;539;546;553;560;567;574;590;597;605;612;620;627;634;642;649;657;678;686;693;701;709;717;725;733;741;749;792;801;810;818;827;836;845;854;862;871;924;934;943;953;963;972;982;992;1001;1011;1074;1084;1095;1105;1116;1126;1137;1148;1158;1169;1241;1252;1264;1275;1287;1298;1309;1321;1332;1344;1426;1438;1450;1463;1475;1487;1500;1512;1524;1536;1628;1641;1654;1668;1681;1694;1707;1720;1734;1747;1848;1862;1876;1890;1904;1918;1932;1947;1961;1975;2086;2101;2116;2130;2145;2160;2175;2190;2205;2220>,8,<440;447;453;460;466;473;480;486;493;499;510;517;524;532;539;546;553;560;567;574;590;597;605;612;620;627;634;642;649;657;678;686;693;701;709;717;725;733;741;749;792;801;810;818;827;836;845;854;862;871;924;934;943;953;963;972;982;992;1001;1011;1074;1084;1095;1105;1116;1126;1137;1148;1158;1169;1241;1252;1264;1275;1287;1298;1309;1321;1332;1344;1426;1438;1450;1463;1475;1487;1500;1512;1524;1536;1628;1641;1654;1668;1681;1694;1707;1720;1734;1747;1848;1862;1876;1890;1904;1918;1932;1947;1961;1975;2086;2101;2116;2130;2145;2160;2175;2190;2205;2220>,9,<308;313;317;322;326;331;336;340;345;350;357;362;367;372;377;382;387;392;397;402;413;418;423;428;434;439;444;449;455;460;474;480;485;491;496;502;508;513;519;524;554;561;567;573;579;585;591;598;604;610;647;654;660;667;674;681;687;694;701;708;752;759;766;774;781;788;796;803;811;818;869;877;885;893;901;909;917;925;933;941;998;1007;1015;1024;1032;1041;1050;1058;1067;1076;1140;1149;1158;1167;1177;1186;1195;1204;1214;1223;1294;1303;1313;1323;1333;1343;1353;1363;1372;1382;1460;1470;1481;1491;1502;1512;1523;1533;1544;1554>,22,<30;30;30;30;30;33;33;33;33;33;36;36;36;36;36;39;39;39;39;39;42;42;42;42;42;45;45;45;45;45;49;49;49;49;49;52;52;52;52;52;55;55;55;55;55;58;58;58;58;58;61;61;61;61;61;64;64;64;64;64;68;68;68;68;68;71;71;71;71;71;74;74;74;74;74;77;77;77;77;77;80;80;80;80;80;83;83;83;83;83;87;87;87;87;87;90;90;90;90;90;93;93;93;93;93;96;96;96;96;96;99;99;99;99;99;102;102;102;102;102>,,,,{drawcard=zi_effect_loop}
40346,好战,3,6,config/item/gem/icon_9_z_6.png,4,攻击向符石,9999,{529=80},,4,7,<440;447;453;460;466;473;480;486;493;499;510;517;524;532;539;546;553;560;567;574;590;597;605;612;620;627;634;642;649;657;678;686;693;701;709;717;725;733;741;749;792;801;810;818;827;836;845;854;862;871;924;934;943;953;963;972;982;992;1001;1011;1074;1084;1095;1105;1116;1126;1137;1148;1158;1169;1241;1252;1264;1275;1287;1298;1309;1321;1332;1344;1426;1438;1450;1463;1475;1487;1500;1512;1524;1536;1628;1641;1654;1668;1681;1694;1707;1720;1734;1747;1848;1862;1876;1890;1904;1918;1932;1947;1961;1975;2086;2101;2116;2130;2145;2160;2175;2190;2205;2220>,8,<440;447;453;460;466;473;480;486;493;499;510;517;524;532;539;546;553;560;567;574;590;597;605;612;620;627;634;642;649;657;678;686;693;701;709;717;725;733;741;749;792;801;810;818;827;836;845;854;862;871;924;934;943;953;963;972;982;992;1001;1011;1074;1084;1095;1105;1116;1126;1137;1148;1158;1169;1241;1252;1264;1275;1287;1298;1309;1321;1332;1344;1426;1438;1450;1463;1475;1487;1500;1512;1524;1536;1628;1641;1654;1668;1681;1694;1707;1720;1734;1747;1848;1862;1876;1890;1904;1918;1932;1947;1961;1975;2086;2101;2116;2130;2145;2160;2175;2190;2205;2220>,10,<308;313;317;322;326;331;336;340;345;350;357;362;367;372;377;382;387;392;397;402;413;418;423;428;434;439;444;449;455;460;474;480;485;491;496;502;508;513;519;524;554;561;567;573;579;585;591;598;604;610;647;654;660;667;674;681;687;694;701;708;752;759;766;774;781;788;796;803;811;818;869;877;885;893;901;909;917;925;933;941;998;1007;1015;1024;1032;1041;1050;1058;1067;1076;1140;1149;1158;1167;1177;1186;1195;1204;1214;1223;1294;1303;1313;1323;1333;1343;1353;1363;1372;1382;1460;1470;1481;1491;1502;1512;1523;1533;1544;1554>,23,<30;30;30;30;30;33;33;33;33;33;36;36;36;36;36;39;39;39;39;39;42;42;42;42;42;45;45;45;45;45;49;49;49;49;49;52;52;52;52;52;55;55;55;55;55;58;58;58;58;58;61;61;61;61;61;64;64;64;64;64;68;68;68;68;68;71;71;71;71;71;74;74;74;74;74;77;77;77;77;77;80;80;80;80;80;83;83;83;83;83;87;87;87;87;87;90;90;90;90;90;93;93;93;93;93;96;96;96;96;96;99;99;99;99;99;102;102;102;102;102>,,,,{drawcard=zi_effect_loop}
40351,好战,3,1,config/item/gem/icon_9_hu_1.png,5,攻击向符石,9999,{529=400},,5,7,<680;690;700;711;721;731;741;751;762;772;789;800;811;821;832;843;854;865;876;887;911;923;934;946;957;969;981;992;1004;1015;1047;1059;1072;1084;1096;1108;1121;1133;1145;1157;1224;1238;1251;1265;1278;1292;1306;1319;1333;1346;1428;1443;1458;1473;1488;1503;1518;1533;1548;1563;1659;1676;1692;1708;1724;1741;1757;1773;1790;1806;1918;1935;1953;1971;1988;2006;2024;2041;2059;2077;2203;2222;2241;2260;2279;2298;2317;2336;2356;2375;2516;2536;2557;2577;2598;2618;2638;2659;2679;2700;2856;2878;2900;2921;2943;2965;2987;3008;3030;3052;3223;3246;3269;3293;3316;3339;3362;3385;3408;3431>,8,<680;690;700;711;721;731;741;751;762;772;789;800;811;821;832;843;854;865;876;887;911;923;934;946;957;969;981;992;1004;1015;1047;1059;1072;1084;1096;1108;1121;1133;1145;1157;1224;1238;1251;1265;1278;1292;1306;1319;1333;1346;1428;1443;1458;1473;1488;1503;1518;1533;1548;1563;1659;1676;1692;1708;1724;1741;1757;1773;1790;1806;1918;1935;1953;1971;1988;2006;2024;2041;2059;2077;2203;2222;2241;2260;2279;2298;2317;2336;2356;2375;2516;2536;2557;2577;2598;2618;2638;2659;2679;2700;2856;2878;2900;2921;2943;2965;2987;3008;3030;3052;3223;3246;3269;3293;3316;3339;3362;3385;3408;3431>,14,<76;76;76;76;76;84;84;84;84;84;92;92;92;92;92;101;101;101;101;101;109;109;109;109;109;117;117;117;117;117;125;125;125;125;125;133;133;133;133;133;141;141;141;141;141;150;150;150;150;150;158;158;158;158;158;166;166;166;166;166;174;174;174;174;174;182;182;182;182;182;190;190;190;190;190;199;199;199;199;199;207;207;207;207;207;215;215;215;215;215;223;223;223;223;223;231;231;231;231;231;239;239;239;239;239;248;248;248;248;248;256;256;256;256;256;264;264;264;264;264>,,,,,,{drawcard=huang_effect_loop}
40352,好战,3,2,config/item/gem/icon_9_hu_2.png,5,攻击向符石,9999,{529=400},,5,7,<680;690;700;711;721;731;741;751;762;772;789;800;811;821;832;843;854;865;876;887;911;923;934;946;957;969;981;992;1004;1015;1047;1059;1072;1084;1096;1108;1121;1133;1145;1157;1224;1238;1251;1265;1278;1292;1306;1319;1333;1346;1428;1443;1458;1473;1488;1503;1518;1533;1548;1563;1659;1676;1692;1708;1724;1741;1757;1773;1790;1806;1918;1935;1953;1971;1988;2006;2024;2041;2059;2077;2203;2222;2241;2260;2279;2298;2317;2336;2356;2375;2516;2536;2557;2577;2598;2618;2638;2659;2679;2700;2856;2878;2900;2921;2943;2965;2987;3008;3030;3052;3223;3246;3269;3293;3316;3339;3362;3385;3408;3431>,8,<680;690;700;711;721;731;741;751;762;772;789;800;811;821;832;843;854;865;876;887;911;923;934;946;957;969;981;992;1004;1015;1047;1059;1072;1084;1096;1108;1121;1133;1145;1157;1224;1238;1251;1265;1278;1292;1306;1319;1333;1346;1428;1443;1458;1473;1488;1503;1518;1533;1548;1563;1659;1676;1692;1708;1724;1741;1757;1773;1790;1806;1918;1935;1953;1971;1988;2006;2024;2041;2059;2077;2203;2222;2241;2260;2279;2298;2317;2336;2356;2375;2516;2536;2557;2577;2598;2618;2638;2659;2679;2700;2856;2878;2900;2921;2943;2965;2987;3008;3030;3052;3223;3246;3269;3293;3316;3339;3362;3385;3408;3431>,15,<114;114;114;114;114;126;126;126;126;126;139;139;139;139;139;151;151;151;151;151;163;163;163;163;163;175;175;175;175;175;188;188;188;188;188;200;200;200;200;200;212;212;212;212;212;224;224;224;224;224;237;237;237;237;237;249;249;249;249;249;261;261;261;261;261;273;273;273;273;273;286;286;286;286;286;298;298;298;298;298;310;310;310;310;310;322;322;322;322;322;335;335;335;335;335;347;347;347;347;347;359;359;359;359;359;371;371;371;371;371;384;384;384;384;384;396;396;396;396;396>,,,,,,{drawcard=huang_effect_loop}
40353,好战,3,3,config/item/gem/icon_9_hu_3.png,5,攻击向符石,9999,{529=400},,5,1,<3427;3478;3530;3581;3633;3684;3735;3787;3838;3890;3975;4030;4085;4140;4195;4249;4304;4359;4414;4469;4592;4650;4709;4767;4825;4883;4942;5000;5058;5117;5278;5339;5401;5463;5524;5586;5648;5709;5771;5833;6169;6237;6306;6374;6443;6511;6580;6648;6717;6785;7197;7272;7347;7423;7498;7574;7649;7724;7800;7875;8362;8444;8526;8609;8691;8773;8855;8938;9020;9102;9664;9753;9842;9931;10021;10110;10199;10288;10377;10466;11103;11199;11295;11391;11487;11583;11679;11775;11871;11967;12680;12783;12886;12988;13091;13194;13297;13400;13502;13605;14393;14503;14613;14722;14832;14942;15051;15161;15271;15380;16244;16360;16477;16594;16710;16827;16943;17060;17176;17293>,7,<680;690;700;711;721;731;741;751;762;772;789;800;811;821;832;843;854;865;876;887;911;923;934;946;957;969;981;992;1004;1015;1047;1059;1072;1084;1096;1108;1121;1133;1145;1157;1224;1238;1251;1265;1278;1292;1306;1319;1333;1346;1428;1443;1458;1473;1488;1503;1518;1533;1548;1563;1659;1676;1692;1708;1724;1741;1757;1773;1790;1806;1918;1935;1953;1971;1988;2006;2024;2041;2059;2077;2203;2222;2241;2260;2279;2298;2317;2336;2356;2375;2516;2536;2557;2577;2598;2618;2638;2659;2679;2700;2856;2878;2900;2921;2943;2965;2987;3008;3030;3052;3223;3246;3269;3293;3316;3339;3362;3385;3408;3431>,8,<680;690;700;711;721;731;741;751;762;772;789;800;811;821;832;843;854;865;876;887;911;923;934;946;957;969;981;992;1004;1015;1047;1059;1072;1084;1096;1108;1121;1133;1145;1157;1224;1238;1251;1265;1278;1292;1306;1319;1333;1346;1428;1443;1458;1473;1488;1503;1518;1533;1548;1563;1659;1676;1692;1708;1724;1741;1757;1773;1790;1806;1918;1935;1953;1971;1988;2006;2024;2041;2059;2077;2203;2222;2241;2260;2279;2298;2317;2336;2356;2375;2516;2536;2557;2577;2598;2618;2638;2659;2679;2700;2856;2878;2900;2921;2943;2965;2987;3008;3030;3052;3223;3246;3269;3293;3316;3339;3362;3385;3408;3431>,11,<76;76;76;76;76;84;84;84;84;84;92;92;92;92;92;101;101;101;101;101;109;109;109;109;109;117;117;117;117;117;125;125;125;125;125;133;133;133;133;133;141;141;141;141;141;150;150;150;150;150;158;158;158;158;158;166;166;166;166;166;174;174;174;174;174;182;182;182;182;182;190;190;190;190;190;199;199;199;199;199;207;207;207;207;207;215;215;215;215;215;223;223;223;223;223;231;231;231;231;231;239;239;239;239;239;248;248;248;248;248;256;256;256;256;256;264;264;264;264;264>,12,<76;76;76;76;76;84;84;84;84;84;92;92;92;92;92;101;101;101;101;101;109;109;109;109;109;117;117;117;117;117;125;125;125;125;125;133;133;133;133;133;141;141;141;141;141;150;150;150;150;150;158;158;158;158;158;166;166;166;166;166;174;174;174;174;174;182;182;182;182;182;190;190;190;190;190;199;199;199;199;199;207;207;207;207;207;215;215;215;215;215;223;223;223;223;223;231;231;231;231;231;239;239;239;239;239;248;248;248;248;248;256;256;256;256;256;264;264;264;264;264>,,{drawcard=huang_effect_loop}
40354,好战,3,4,config/item/gem/icon_9_hu_4.png,5,攻击向符石,9999,{529=400},,5,1,<3427;3478;3530;3581;3633;3684;3735;3787;3838;3890;3975;4030;4085;4140;4195;4249;4304;4359;4414;4469;4592;4650;4709;4767;4825;4883;4942;5000;5058;5117;5278;5339;5401;5463;5524;5586;5648;5709;5771;5833;6169;6237;6306;6374;6443;6511;6580;6648;6717;6785;7197;7272;7347;7423;7498;7574;7649;7724;7800;7875;8362;8444;8526;8609;8691;8773;8855;8938;9020;9102;9664;9753;9842;9931;10021;10110;10199;10288;10377;10466;11103;11199;11295;11391;11487;11583;11679;11775;11871;11967;12680;12783;12886;12988;13091;13194;13297;13400;13502;13605;14393;14503;14613;14722;14832;14942;15051;15161;15271;15380;16244;16360;16477;16594;16710;16827;16943;17060;17176;17293>,7,<680;690;700;711;721;731;741;751;762;772;789;800;811;821;832;843;854;865;876;887;911;923;934;946;957;969;981;992;1004;1015;1047;1059;1072;1084;1096;1108;1121;1133;1145;1157;1224;1238;1251;1265;1278;1292;1306;1319;1333;1346;1428;1443;1458;1473;1488;1503;1518;1533;1548;1563;1659;1676;1692;1708;1724;1741;1757;1773;1790;1806;1918;1935;1953;1971;1988;2006;2024;2041;2059;2077;2203;2222;2241;2260;2279;2298;2317;2336;2356;2375;2516;2536;2557;2577;2598;2618;2638;2659;2679;2700;2856;2878;2900;2921;2943;2965;2987;3008;3030;3052;3223;3246;3269;3293;3316;3339;3362;3385;3408;3431>,8,<680;690;700;711;721;731;741;751;762;772;789;800;811;821;832;843;854;865;876;887;911;923;934;946;957;969;981;992;1004;1015;1047;1059;1072;1084;1096;1108;1121;1133;1145;1157;1224;1238;1251;1265;1278;1292;1306;1319;1333;1346;1428;1443;1458;1473;1488;1503;1518;1533;1548;1563;1659;1676;1692;1708;1724;1741;1757;1773;1790;1806;1918;1935;1953;1971;1988;2006;2024;2041;2059;2077;2203;2222;2241;2260;2279;2298;2317;2336;2356;2375;2516;2536;2557;2577;2598;2618;2638;2659;2679;2700;2856;2878;2900;2921;2943;2965;2987;3008;3030;3052;3223;3246;3269;3293;3316;3339;3362;3385;3408;3431>,90,<91;91;91;91;91;101;101;101;101;101;111;111;111;111;111;121;121;121;121;121;131;131;131;131;131;140;140;140;140;140;150;150;150;150;150;160;160;160;160;160;170;170;170;170;170;180;180;180;180;180;189;189;189;189;189;199;199;199;199;199;209;209;209;209;209;219;219;219;219;219;228;228;228;228;228;238;238;238;238;238;248;248;248;248;248;258;258;258;258;258;268;268;268;268;268;277;277;277;277;277;287;287;287;287;287;297;297;297;297;297;307;307;307;307;307;317;317;317;317;317>,,,,{drawcard=huang_effect_loop}
40355,好战,3,5,config/item/gem/icon_9_hu_5.png,5,攻击向符石,9999,{529=400},,5,7,<680;690;700;711;721;731;741;751;762;772;789;800;811;821;832;843;854;865;876;887;911;923;934;946;957;969;981;992;1004;1015;1047;1059;1072;1084;1096;1108;1121;1133;1145;1157;1224;1238;1251;1265;1278;1292;1306;1319;1333;1346;1428;1443;1458;1473;1488;1503;1518;1533;1548;1563;1659;1676;1692;1708;1724;1741;1757;1773;1790;1806;1918;1935;1953;1971;1988;2006;2024;2041;2059;2077;2203;2222;2241;2260;2279;2298;2317;2336;2356;2375;2516;2536;2557;2577;2598;2618;2638;2659;2679;2700;2856;2878;2900;2921;2943;2965;2987;3008;3030;3052;3223;3246;3269;3293;3316;3339;3362;3385;3408;3431>,8,<680;690;700;711;721;731;741;751;762;772;789;800;811;821;832;843;854;865;876;887;911;923;934;946;957;969;981;992;1004;1015;1047;1059;1072;1084;1096;1108;1121;1133;1145;1157;1224;1238;1251;1265;1278;1292;1306;1319;1333;1346;1428;1443;1458;1473;1488;1503;1518;1533;1548;1563;1659;1676;1692;1708;1724;1741;1757;1773;1790;1806;1918;1935;1953;1971;1988;2006;2024;2041;2059;2077;2203;2222;2241;2260;2279;2298;2317;2336;2356;2375;2516;2536;2557;2577;2598;2618;2638;2659;2679;2700;2856;2878;2900;2921;2943;2965;2987;3008;3030;3052;3223;3246;3269;3293;3316;3339;3362;3385;3408;3431>,9,<476;483;490;497;505;512;519;526;533;540;552;560;567;575;583;590;598;605;613;621;638;646;654;662;670;678;686;694;703;711;733;742;750;759;767;776;784;793;802;810;857;866;876;885;895;904;914;923;933;942;1000;1010;1021;1031;1041;1052;1062;1073;1083;1094;1161;1173;1184;1196;1207;1219;1230;1241;1253;1264;1342;1355;1367;1379;1392;1404;1417;1429;1441;1454;1542;1556;1569;1582;1596;1609;1622;1636;1649;1662;1761;1775;1790;1804;1818;1833;1847;1861;1875;1890;1999;2014;2030;2045;2060;2075;2091;2106;2121;2136;2256;2272;2289;2305;2321;2337;2353;2370;2386;2402>,22,<46;46;46;46;46;51;51;51;51;51;55;55;55;55;55;60;60;60;60;60;65;65;65;65;65;70;70;70;70;70;75;75;75;75;75;80;80;80;80;80;85;85;85;85;85;90;90;90;90;90;95;95;95;95;95;100;100;100;100;100;104;104;104;104;104;109;109;109;109;109;114;114;114;114;114;119;119;119;119;119;124;124;124;124;124;129;129;129;129;129;134;134;134;134;134;139;139;139;139;139;144;144;144;144;144;149;149;149;149;149;153;153;153;153;153;158;158;158;158;158>,,,,{drawcard=huang_effect_loop}
40356,好战,3,6,config/item/gem/icon_9_hu_6.png,5,攻击向符石,9999,{529=400},,5,7,<680;690;700;711;721;731;741;751;762;772;789;800;811;821;832;843;854;865;876;887;911;923;934;946;957;969;981;992;1004;1015;1047;1059;1072;1084;1096;1108;1121;1133;1145;1157;1224;1238;1251;1265;1278;1292;1306;1319;1333;1346;1428;1443;1458;1473;1488;1503;1518;1533;1548;1563;1659;1676;1692;1708;1724;1741;1757;1773;1790;1806;1918;1935;1953;1971;1988;2006;2024;2041;2059;2077;2203;2222;2241;2260;2279;2298;2317;2336;2356;2375;2516;2536;2557;2577;2598;2618;2638;2659;2679;2700;2856;2878;2900;2921;2943;2965;2987;3008;3030;3052;3223;3246;3269;3293;3316;3339;3362;3385;3408;3431>,8,<680;690;700;711;721;731;741;751;762;772;789;800;811;821;832;843;854;865;876;887;911;923;934;946;957;969;981;992;1004;1015;1047;1059;1072;1084;1096;1108;1121;1133;1145;1157;1224;1238;1251;1265;1278;1292;1306;1319;1333;1346;1428;1443;1458;1473;1488;1503;1518;1533;1548;1563;1659;1676;1692;1708;1724;1741;1757;1773;1790;1806;1918;1935;1953;1971;1988;2006;2024;2041;2059;2077;2203;2222;2241;2260;2279;2298;2317;2336;2356;2375;2516;2536;2557;2577;2598;2618;2638;2659;2679;2700;2856;2878;2900;2921;2943;2965;2987;3008;3030;3052;3223;3246;3269;3293;3316;3339;3362;3385;3408;3431>,10,<476;483;490;497;505;512;519;526;533;540;552;560;567;575;583;590;598;605;613;621;638;646;654;662;670;678;686;694;703;711;733;742;750;759;767;776;784;793;802;810;857;866;876;885;895;904;914;923;933;942;1000;1010;1021;1031;1041;1052;1062;1073;1083;1094;1161;1173;1184;1196;1207;1219;1230;1241;1253;1264;1342;1355;1367;1379;1392;1404;1417;1429;1441;1454;1542;1556;1569;1582;1596;1609;1622;1636;1649;1662;1761;1775;1790;1804;1818;1833;1847;1861;1875;1890;1999;2014;2030;2045;2060;2075;2091;2106;2121;2136;2256;2272;2289;2305;2321;2337;2353;2370;2386;2402>,23,<46;46;46;46;46;51;51;51;51;51;55;55;55;55;55;60;60;60;60;60;65;65;65;65;65;70;70;70;70;70;75;75;75;75;75;80;80;80;80;80;85;85;85;85;85;90;90;90;90;90;95;95;95;95;95;100;100;100;100;100;104;104;104;104;104;109;109;109;109;109;114;114;114;114;114;119;119;119;119;119;124;124;124;124;124;129;129;129;129;129;134;134;134;134;134;139;139;139;139;139;144;144;144;144;144;149;149;149;149;149;153;153;153;153;153;158;158;158;158;158>,,,,{drawcard=huang_effect_loop}
40361,好战,3,1,config/item/gem/icon_9_h_1.png,6,攻击向符石,9999,{529=2000},,6,7,<1000;1015;1030;1045;1060;1075;1090;1105;1120;1135;1160;1176;1192;1208;1224;1240;1256;1272;1288;1304;1340;1357;1374;1391;1408;1425;1442;1459;1476;1493;1540;1558;1576;1594;1612;1630;1648;1666;1684;1702;1960;1984;2008;2032;2056;2080;2104;2128;2152;2176;2300;2326;2352;2378;2404;2430;2456;2482;2508;2534;2680;2708;2736;2764;2792;2820;2848;2876;2904;2932;3100;3130;3160;3190;3220;3250;3280;3310;3340;3370;3560;3592;3624;3656;3688;3720;3752;3784;3816;3848;4060;4094;4128;4162;4196;4230;4264;4298;4332;4366;4600;4636;4672;4708;4744;4780;4816;4852;4888;4924;5180;5218;5256;5294;5332;5370;5408;5446;5484;5522>,8,<1000;1015;1030;1045;1060;1075;1090;1105;1120;1135;1160;1176;1192;1208;1224;1240;1256;1272;1288;1304;1340;1357;1374;1391;1408;1425;1442;1459;1476;1493;1540;1558;1576;1594;1612;1630;1648;1666;1684;1702;1960;1984;2008;2032;2056;2080;2104;2128;2152;2176;2300;2326;2352;2378;2404;2430;2456;2482;2508;2534;2680;2708;2736;2764;2792;2820;2848;2876;2904;2932;3100;3130;3160;3190;3220;3250;3280;3310;3340;3370;3560;3592;3624;3656;3688;3720;3752;3784;3816;3848;4060;4094;4128;4162;4196;4230;4264;4298;4332;4366;4600;4636;4672;4708;4744;4780;4816;4852;4888;4924;5180;5218;5256;5294;5332;5370;5408;5446;5484;5522>,14,<112;112;112;112;112;124;124;124;124;124;136;136;136;136;136;148;148;148;148;148;160;160;160;160;160;172;172;172;172;172;184;184;184;184;184;196;196;196;196;196;208;208;208;208;208;220;220;220;220;220;232;232;232;232;232;244;244;244;244;244;256;256;256;256;256;268;268;268;268;268;280;280;280;280;280;292;292;292;292;292;304;304;304;304;304;316;316;316;316;316;328;328;328;328;328;340;340;340;340;340;352;352;352;352;352;364;364;364;364;364;376;376;376;376;376;388;388;388;388;388>,,,,,,{drawcard=hong_effect_loop}
40362,好战,3,2,config/item/gem/icon_9_h_2.png,6,攻击向符石,9999,{529=2000},,6,7,<1000;1015;1030;1045;1060;1075;1090;1105;1120;1135;1160;1176;1192;1208;1224;1240;1256;1272;1288;1304;1340;1357;1374;1391;1408;1425;1442;1459;1476;1493;1540;1558;1576;1594;1612;1630;1648;1666;1684;1702;1960;1984;2008;2032;2056;2080;2104;2128;2152;2176;2300;2326;2352;2378;2404;2430;2456;2482;2508;2534;2680;2708;2736;2764;2792;2820;2848;2876;2904;2932;3100;3130;3160;3190;3220;3250;3280;3310;3340;3370;3560;3592;3624;3656;3688;3720;3752;3784;3816;3848;4060;4094;4128;4162;4196;4230;4264;4298;4332;4366;4600;4636;4672;4708;4744;4780;4816;4852;4888;4924;5180;5218;5256;5294;5332;5370;5408;5446;5484;5522>,8,<1000;1015;1030;1045;1060;1075;1090;1105;1120;1135;1160;1176;1192;1208;1224;1240;1256;1272;1288;1304;1340;1357;1374;1391;1408;1425;1442;1459;1476;1493;1540;1558;1576;1594;1612;1630;1648;1666;1684;1702;1960;1984;2008;2032;2056;2080;2104;2128;2152;2176;2300;2326;2352;2378;2404;2430;2456;2482;2508;2534;2680;2708;2736;2764;2792;2820;2848;2876;2904;2932;3100;3130;3160;3190;3220;3250;3280;3310;3340;3370;3560;3592;3624;3656;3688;3720;3752;3784;3816;3848;4060;4094;4128;4162;4196;4230;4264;4298;4332;4366;4600;4636;4672;4708;4744;4780;4816;4852;4888;4924;5180;5218;5256;5294;5332;5370;5408;5446;5484;5522>,15,<168;168;168;168;168;186;186;186;186;186;204;204;204;204;204;222;222;222;222;222;240;240;240;240;240;258;258;258;258;258;276;276;276;276;276;294;294;294;294;294;312;312;312;312;312;330;330;330;330;330;348;348;348;348;348;366;366;366;366;366;384;384;384;384;384;402;402;402;402;402;420;420;420;420;420;438;438;438;438;438;456;456;456;456;456;474;474;474;474;474;492;492;492;492;492;510;510;510;510;510;528;528;528;528;528;546;546;546;546;546;564;564;564;564;564;582;582;582;582;582>,,,,,,{drawcard=hong_effect_loop}
40363,好战,3,3,config/item/gem/icon_9_h_3.png,6,攻击向符石,9999,{529=2000},,6,1,<5040;5116;5191;5267;5342;5418;5494;5569;5645;5720;5846;5927;6008;6088;6169;6250;6330;6411;6492;6572;6754;6839;6925;7011;7096;7182;7268;7353;7439;7525;7762;7852;7943;8034;8124;8215;8306;8397;8487;8578;9878;9999;10120;10241;10362;10483;10604;10725;10846;10967;11592;11723;11854;11985;12116;12247;12378;12509;12640;12771;13507;13648;13789;13931;14072;14213;14354;14495;14636;14777;15624;15775;15926;16078;16229;16380;16531;16682;16834;16985;17942;18104;18265;18426;18588;18749;18910;19071;19233;19394;20462;20634;20805;20976;21148;21319;21491;21662;21833;22005;23184;23365;23547;23728;23910;24091;24273;24454;24636;24817;26107;26299;26490;26682;26873;27065;27256;27448;27639;27831>,7,<1000;1015;1030;1045;1060;1075;1090;1105;1120;1135;1160;1176;1192;1208;1224;1240;1256;1272;1288;1304;1340;1357;1374;1391;1408;1425;1442;1459;1476;1493;1540;1558;1576;1594;1612;1630;1648;1666;1684;1702;1960;1984;2008;2032;2056;2080;2104;2128;2152;2176;2300;2326;2352;2378;2404;2430;2456;2482;2508;2534;2680;2708;2736;2764;2792;2820;2848;2876;2904;2932;3100;3130;3160;3190;3220;3250;3280;3310;3340;3370;3560;3592;3624;3656;3688;3720;3752;3784;3816;3848;4060;4094;4128;4162;4196;4230;4264;4298;4332;4366;4600;4636;4672;4708;4744;4780;4816;4852;4888;4924;5180;5218;5256;5294;5332;5370;5408;5446;5484;5522>,8,<1000;1015;1030;1045;1060;1075;1090;1105;1120;1135;1160;1176;1192;1208;1224;1240;1256;1272;1288;1304;1340;1357;1374;1391;1408;1425;1442;1459;1476;1493;1540;1558;1576;1594;1612;1630;1648;1666;1684;1702;1960;1984;2008;2032;2056;2080;2104;2128;2152;2176;2300;2326;2352;2378;2404;2430;2456;2482;2508;2534;2680;2708;2736;2764;2792;2820;2848;2876;2904;2932;3100;3130;3160;3190;3220;3250;3280;3310;3340;3370;3560;3592;3624;3656;3688;3720;3752;3784;3816;3848;4060;4094;4128;4162;4196;4230;4264;4298;4332;4366;4600;4636;4672;4708;4744;4780;4816;4852;4888;4924;5180;5218;5256;5294;5332;5370;5408;5446;5484;5522>,11,<112;112;112;112;112;124;124;124;124;124;136;136;136;136;136;148;148;148;148;148;160;160;160;160;160;172;172;172;172;172;184;184;184;184;184;196;196;196;196;196;208;208;208;208;208;220;220;220;220;220;232;232;232;232;232;244;244;244;244;244;256;256;256;256;256;268;268;268;268;268;280;280;280;280;280;292;292;292;292;292;304;304;304;304;304;316;316;316;316;316;328;328;328;328;328;340;340;340;340;340;352;352;352;352;352;364;364;364;364;364;376;376;376;376;376;388;388;388;388;388>,12,<112;112;112;112;112;124;124;124;124;124;136;136;136;136;136;148;148;148;148;148;160;160;160;160;160;172;172;172;172;172;184;184;184;184;184;196;196;196;196;196;208;208;208;208;208;220;220;220;220;220;232;232;232;232;232;244;244;244;244;244;256;256;256;256;256;268;268;268;268;268;280;280;280;280;280;292;292;292;292;292;304;304;304;304;304;316;316;316;316;316;328;328;328;328;328;340;340;340;340;340;352;352;352;352;352;364;364;364;364;364;376;376;376;376;376;388;388;388;388;388>,,{drawcard=hong_effect_loop}
40364,好战,3,4,config/item/gem/icon_9_h_4.png,6,攻击向符石,9999,{529=2000},,6,1,<5040;5116;5191;5267;5342;5418;5494;5569;5645;5720;5846;5927;6008;6088;6169;6250;6330;6411;6492;6572;6754;6839;6925;7011;7096;7182;7268;7353;7439;7525;7762;7852;7943;8034;8124;8215;8306;8397;8487;8578;9878;9999;10120;10241;10362;10483;10604;10725;10846;10967;11592;11723;11854;11985;12116;12247;12378;12509;12640;12771;13507;13648;13789;13931;14072;14213;14354;14495;14636;14777;15624;15775;15926;16078;16229;16380;16531;16682;16834;16985;17942;18104;18265;18426;18588;18749;18910;19071;19233;19394;20462;20634;20805;20976;21148;21319;21491;21662;21833;22005;23184;23365;23547;23728;23910;24091;24273;24454;24636;24817;26107;26299;26490;26682;26873;27065;27256;27448;27639;27831>,7,<1000;1015;1030;1045;1060;1075;1090;1105;1120;1135;1160;1176;1192;1208;1224;1240;1256;1272;1288;1304;1340;1357;1374;1391;1408;1425;1442;1459;1476;1493;1540;1558;1576;1594;1612;1630;1648;1666;1684;1702;1960;1984;2008;2032;2056;2080;2104;2128;2152;2176;2300;2326;2352;2378;2404;2430;2456;2482;2508;2534;2680;2708;2736;2764;2792;2820;2848;2876;2904;2932;3100;3130;3160;3190;3220;3250;3280;3310;3340;3370;3560;3592;3624;3656;3688;3720;3752;3784;3816;3848;4060;4094;4128;4162;4196;4230;4264;4298;4332;4366;4600;4636;4672;4708;4744;4780;4816;4852;4888;4924;5180;5218;5256;5294;5332;5370;5408;5446;5484;5522>,8,<1000;1015;1030;1045;1060;1075;1090;1105;1120;1135;1160;1176;1192;1208;1224;1240;1256;1272;1288;1304;1340;1357;1374;1391;1408;1425;1442;1459;1476;1493;1540;1558;1576;1594;1612;1630;1648;1666;1684;1702;1960;1984;2008;2032;2056;2080;2104;2128;2152;2176;2300;2326;2352;2378;2404;2430;2456;2482;2508;2534;2680;2708;2736;2764;2792;2820;2848;2876;2904;2932;3100;3130;3160;3190;3220;3250;3280;3310;3340;3370;3560;3592;3624;3656;3688;3720;3752;3784;3816;3848;4060;4094;4128;4162;4196;4230;4264;4298;4332;4366;4600;4636;4672;4708;4744;4780;4816;4852;4888;4924;5180;5218;5256;5294;5332;5370;5408;5446;5484;5522>,90,<134;134;134;134;134;149;149;149;149;149;163;163;163;163;163;178;178;178;178;178;192;192;192;192;192;206;206;206;206;206;221;221;221;221;221;235;235;235;235;235;250;250;250;250;250;264;264;264;264;264;278;278;278;278;278;293;293;293;293;293;307;307;307;307;307;322;322;322;322;322;336;336;336;336;336;350;350;350;350;350;365;365;365;365;365;379;379;379;379;379;394;394;394;394;394;408;408;408;408;408;422;422;422;422;422;437;437;437;437;437;451;451;451;451;451;466;466;466;466;466>,,,,{drawcard=hong_effect_loop}
40365,好战,3,5,config/item/gem/icon_9_h_5.png,6,攻击向符石,9999,{529=2000},,6,7,<1000;1015;1030;1045;1060;1075;1090;1105;1120;1135;1160;1176;1192;1208;1224;1240;1256;1272;1288;1304;1340;1357;1374;1391;1408;1425;1442;1459;1476;1493;1540;1558;1576;1594;1612;1630;1648;1666;1684;1702;1960;1984;2008;2032;2056;2080;2104;2128;2152;2176;2300;2326;2352;2378;2404;2430;2456;2482;2508;2534;2680;2708;2736;2764;2792;2820;2848;2876;2904;2932;3100;3130;3160;3190;3220;3250;3280;3310;3340;3370;3560;3592;3624;3656;3688;3720;3752;3784;3816;3848;4060;4094;4128;4162;4196;4230;4264;4298;4332;4366;4600;4636;4672;4708;4744;4780;4816;4852;4888;4924;5180;5218;5256;5294;5332;5370;5408;5446;5484;5522>,8,<1000;1015;1030;1045;1060;1075;1090;1105;1120;1135;1160;1176;1192;1208;1224;1240;1256;1272;1288;1304;1340;1357;1374;1391;1408;1425;1442;1459;1476;1493;1540;1558;1576;1594;1612;1630;1648;1666;1684;1702;1960;1984;2008;2032;2056;2080;2104;2128;2152;2176;2300;2326;2352;2378;2404;2430;2456;2482;2508;2534;2680;2708;2736;2764;2792;2820;2848;2876;2904;2932;3100;3130;3160;3190;3220;3250;3280;3310;3340;3370;3560;3592;3624;3656;3688;3720;3752;3784;3816;3848;4060;4094;4128;4162;4196;4230;4264;4298;4332;4366;4600;4636;4672;4708;4744;4780;4816;4852;4888;4924;5180;5218;5256;5294;5332;5370;5408;5446;5484;5522>,9,<700;711;721;732;742;753;763;774;784;795;812;823;834;846;857;868;879;890;902;913;938;950;962;974;986;998;1009;1021;1033;1045;1078;1091;1103;1116;1128;1141;1154;1166;1179;1191;1372;1389;1406;1422;1439;1456;1473;1490;1506;1523;1610;1628;1646;1665;1683;1701;1719;1737;1756;1774;1876;1896;1915;1935;1954;1974;1994;2013;2033;2052;2170;2191;2212;2233;2254;2275;2296;2317;2338;2359;2492;2514;2537;2559;2582;2604;2626;2649;2671;2694;2842;2866;2890;2913;2937;2961;2985;3009;3032;3056;3220;3245;3270;3296;3321;3346;3371;3396;3422;3447;3626;3653;3679;3706;3732;3759;3786;3812;3839;3865>,22,<67;67;67;67;67;74;74;74;74;74;82;82;82;82;82;89;89;89;89;89;96;96;96;96;96;103;103;103;103;103;110;110;110;110;110;118;118;118;118;118;125;125;125;125;125;132;132;132;132;132;139;139;139;139;139;146;146;146;146;146;154;154;154;154;154;161;161;161;161;161;168;168;168;168;168;175;175;175;175;175;182;182;182;182;182;190;190;190;190;190;197;197;197;197;197;204;204;204;204;204;211;211;211;211;211;218;218;218;218;218;226;226;226;226;226;233;233;233;233;233>,,,,{drawcard=hong_effect_loop}
40366,好战,3,6,config/item/gem/icon_9_h_6.png,6,攻击向符石,9999,{529=2000},,6,7,<1000;1015;1030;1045;1060;1075;1090;1105;1120;1135;1160;1176;1192;1208;1224;1240;1256;1272;1288;1304;1340;1357;1374;1391;1408;1425;1442;1459;1476;1493;1540;1558;1576;1594;1612;1630;1648;1666;1684;1702;1960;1984;2008;2032;2056;2080;2104;2128;2152;2176;2300;2326;2352;2378;2404;2430;2456;2482;2508;2534;2680;2708;2736;2764;2792;2820;2848;2876;2904;2932;3100;3130;3160;3190;3220;3250;3280;3310;3340;3370;3560;3592;3624;3656;3688;3720;3752;3784;3816;3848;4060;4094;4128;4162;4196;4230;4264;4298;4332;4366;4600;4636;4672;4708;4744;4780;4816;4852;4888;4924;5180;5218;5256;5294;5332;5370;5408;5446;5484;5522>,8,<1000;1015;1030;1045;1060;1075;1090;1105;1120;1135;1160;1176;1192;1208;1224;1240;1256;1272;1288;1304;1340;1357;1374;1391;1408;1425;1442;1459;1476;1493;1540;1558;1576;1594;1612;1630;1648;1666;1684;1702;1960;1984;2008;2032;2056;2080;2104;2128;2152;2176;2300;2326;2352;2378;2404;2430;2456;2482;2508;2534;2680;2708;2736;2764;2792;2820;2848;2876;2904;2932;3100;3130;3160;3190;3220;3250;3280;3310;3340;3370;3560;3592;3624;3656;3688;3720;3752;3784;3816;3848;4060;4094;4128;4162;4196;4230;4264;4298;4332;4366;4600;4636;4672;4708;4744;4780;4816;4852;4888;4924;5180;5218;5256;5294;5332;5370;5408;5446;5484;5522>,10,<700;711;721;732;742;753;763;774;784;795;812;823;834;846;857;868;879;890;902;913;938;950;962;974;986;998;1009;1021;1033;1045;1078;1091;1103;1116;1128;1141;1154;1166;1179;1191;1372;1389;1406;1422;1439;1456;1473;1490;1506;1523;1610;1628;1646;1665;1683;1701;1719;1737;1756;1774;1876;1896;1915;1935;1954;1974;1994;2013;2033;2052;2170;2191;2212;2233;2254;2275;2296;2317;2338;2359;2492;2514;2537;2559;2582;2604;2626;2649;2671;2694;2842;2866;2890;2913;2937;2961;2985;3009;3032;3056;3220;3245;3270;3296;3321;3346;3371;3396;3422;3447;3626;3653;3679;3706;3732;3759;3786;3812;3839;3865>,23,<67;67;67;67;67;74;74;74;74;74;82;82;82;82;82;89;89;89;89;89;96;96;96;96;96;103;103;103;103;103;110;110;110;110;110;118;118;118;118;118;125;125;125;125;125;132;132;132;132;132;139;139;139;139;139;146;146;146;146;146;154;154;154;154;154;161;161;161;161;161;168;168;168;168;168;175;175;175;175;175;182;182;182;182;182;190;190;190;190;190;197;197;197;197;197;204;204;204;204;204;211;211;211;211;211;218;218;218;218;218;226;226;226;226;226;233;233;233;233;233>,,,,{drawcard=hong_effect_loop}
40421,守御,4,1,config/item/gem/icon_4_lv_1.png,2,防御向符石,9999,{529=20},,2,1,<1008;1023;1038;1053;1068;1084;1099;1114;1129;1144;1169;1185;1202;1218;1234;1250;1266;1282;1298;1314;1351;1368;1385;1402;1419;1436;1454;1471;1488;1505;1552;1570;1589;1607;1625;1643;1661;1679;1697;1716;1814;1835;1855;1875;1895;1915;1935;1956;1976;1996;2117;2139;2161;2183;2206;2228;2250;2272;2294;2316;2460;2484;2508;2532;2556;2580;2605;2629;2653;2677;2843;2869;2895;2921;2947;2974;3000;3026;3052;3078;3266;3294;3322;3351;3379;3407;3435;3463;3492;3520;3730;3760;3790;3820;3851;3881;3911;3941;3972;4002;4234;4266;4298;4330;4363;4395;4427;4459;4492;4524;4778;4812;4846;4881;4915;4949;4984;5018;5052;5086>,9,<140;142;144;146;148;151;153;155;157;159;162;165;167;169;171;174;176;178;180;183;188;190;192;195;197;200;202;204;207;209;216;218;221;223;226;228;231;233;236;238;252;255;258;260;263;266;269;272;274;277;294;297;300;303;306;309;312;316;319;322;342;345;348;352;355;358;362;365;368;372;395;398;402;406;409;413;417;420;424;428;454;458;461;465;469;473;477;481;485;489;518;522;526;531;535;539;543;547;552;556;588;592;597;601;606;610;615;619;624;628;664;668;673;678;683;687;692;697;702;706>,17,<27;27;27;27;27;30;30;30;30;30;33;33;33;33;33;36;36;36;36;36;38;38;38;38;38;41;41;41;41;41;44;44;44;44;44;47;47;47;47;47;50;50;50;50;50;53;53;53;53;53;56;56;56;56;56;59;59;59;59;59;61;61;61;61;61;64;64;64;64;64;67;67;67;67;67;70;70;70;70;70;73;73;73;73;73;76;76;76;76;76;79;79;79;79;79;82;82;82;82;82;84;84;84;84;84;87;87;87;87;87;90;90;90;90;90;93;93;93;93;93>,,,,,,
40422,守御,4,2,config/item/gem/icon_4_lv_2.png,2,防御向符石,9999,{529=20},,2,1,<1008;1023;1038;1053;1068;1084;1099;1114;1129;1144;1169;1185;1202;1218;1234;1250;1266;1282;1298;1314;1351;1368;1385;1402;1419;1436;1454;1471;1488;1505;1552;1570;1589;1607;1625;1643;1661;1679;1697;1716;1814;1835;1855;1875;1895;1915;1935;1956;1976;1996;2117;2139;2161;2183;2206;2228;2250;2272;2294;2316;2460;2484;2508;2532;2556;2580;2605;2629;2653;2677;2843;2869;2895;2921;2947;2974;3000;3026;3052;3078;3266;3294;3322;3351;3379;3407;3435;3463;3492;3520;3730;3760;3790;3820;3851;3881;3911;3941;3972;4002;4234;4266;4298;4330;4363;4395;4427;4459;4492;4524;4778;4812;4846;4881;4915;4949;4984;5018;5052;5086>,10,<140;142;144;146;148;151;153;155;157;159;162;165;167;169;171;174;176;178;180;183;188;190;192;195;197;200;202;204;207;209;216;218;221;223;226;228;231;233;236;238;252;255;258;260;263;266;269;272;274;277;294;297;300;303;306;309;312;316;319;322;342;345;348;352;355;358;362;365;368;372;395;398;402;406;409;413;417;420;424;428;454;458;461;465;469;473;477;481;485;489;518;522;526;531;535;539;543;547;552;556;588;592;597;601;606;610;615;619;624;628;664;668;673;678;683;687;692;697;702;706>,19,<27;27;27;27;27;30;30;30;30;30;33;33;33;33;33;36;36;36;36;36;38;38;38;38;38;41;41;41;41;41;44;44;44;44;44;47;47;47;47;47;50;50;50;50;50;53;53;53;53;53;56;56;56;56;56;59;59;59;59;59;61;61;61;61;61;64;64;64;64;64;67;67;67;67;67;70;70;70;70;70;73;73;73;73;73;76;76;76;76;76;79;79;79;79;79;82;82;82;82;82;84;84;84;84;84;87;87;87;87;87;90;90;90;90;90;93;93;93;93;93>,,,,,,
40423,守御,4,3,config/item/gem/icon_4_lv_3.png,2,防御向符石,9999,{529=20},,2,9,<140;142;144;146;148;151;153;155;157;159;162;165;167;169;171;174;176;178;180;183;188;190;192;195;197;200;202;204;207;209;216;218;221;223;226;228;231;233;236;238;252;255;258;260;263;266;269;272;274;277;294;297;300;303;306;309;312;316;319;322;342;345;348;352;355;358;362;365;368;372;395;398;402;406;409;413;417;420;424;428;454;458;461;465;469;473;477;481;485;489;518;522;526;531;535;539;543;547;552;556;588;592;597;601;606;610;615;619;624;628;664;668;673;678;683;687;692;697;702;706>,10,<140;142;144;146;148;151;153;155;157;159;162;165;167;169;171;174;176;178;180;183;188;190;192;195;197;200;202;204;207;209;216;218;221;223;226;228;231;233;236;238;252;255;258;260;263;266;269;272;274;277;294;297;300;303;306;309;312;316;319;322;342;345;348;352;355;358;362;365;368;372;395;398;402;406;409;413;417;420;424;428;454;458;461;465;469;473;477;481;485;489;518;522;526;531;535;539;543;547;552;556;588;592;597;601;606;610;615;619;624;628;664;668;673;678;683;687;692;697;702;706>,22,<13;13;13;13;13;15;15;15;15;15;16;16;16;16;16;18;18;18;18;18;19;19;19;19;19;21;21;21;21;21;22;22;22;22;22;24;24;24;24;24;25;25;25;25;25;26;26;26;26;26;28;28;28;28;28;29;29;29;29;29;31;31;31;31;31;32;32;32;32;32;34;34;34;34;34;35;35;35;35;35;36;36;36;36;36;38;38;38;38;38;39;39;39;39;39;41;41;41;41;41;42;42;42;42;42;44;44;44;44;44;45;45;45;45;45;47;47;47;47;47>,,,,,,
40424,守御,4,4,config/item/gem/icon_4_lv_4.png,2,防御向符石,9999,{529=20},,2,9,<140;142;144;146;148;151;153;155;157;159;162;165;167;169;171;174;176;178;180;183;188;190;192;195;197;200;202;204;207;209;216;218;221;223;226;228;231;233;236;238;252;255;258;260;263;266;269;272;274;277;294;297;300;303;306;309;312;316;319;322;342;345;348;352;355;358;362;365;368;372;395;398;402;406;409;413;417;420;424;428;454;458;461;465;469;473;477;481;485;489;518;522;526;531;535;539;543;547;552;556;588;592;597;601;606;610;615;619;624;628;664;668;673;678;683;687;692;697;702;706>,10,<140;142;144;146;148;151;153;155;157;159;162;165;167;169;171;174;176;178;180;183;188;190;192;195;197;200;202;204;207;209;216;218;221;223;226;228;231;233;236;238;252;255;258;260;263;266;269;272;274;277;294;297;300;303;306;309;312;316;319;322;342;345;348;352;355;358;362;365;368;372;395;398;402;406;409;413;417;420;424;428;454;458;461;465;469;473;477;481;485;489;518;522;526;531;535;539;543;547;552;556;588;592;597;601;606;610;615;619;624;628;664;668;673;678;683;687;692;697;702;706>,23,<13;13;13;13;13;15;15;15;15;15;16;16;16;16;16;18;18;18;18;18;19;19;19;19;19;21;21;21;21;21;22;22;22;22;22;24;24;24;24;24;25;25;25;25;25;26;26;26;26;26;28;28;28;28;28;29;29;29;29;29;31;31;31;31;31;32;32;32;32;32;34;34;34;34;34;35;35;35;35;35;36;36;36;36;36;38;38;38;38;38;39;39;39;39;39;41;41;41;41;41;42;42;42;42;42;44;44;44;44;44;45;45;45;45;45;47;47;47;47;47>,,,,,,
40425,守御,4,5,config/item/gem/icon_4_lv_5.png,2,防御向符石,9999,{529=20},,2,1,<1008;1023;1038;1053;1068;1084;1099;1114;1129;1144;1169;1185;1202;1218;1234;1250;1266;1282;1298;1314;1351;1368;1385;1402;1419;1436;1454;1471;1488;1505;1552;1570;1589;1607;1625;1643;1661;1679;1697;1716;1814;1835;1855;1875;1895;1915;1935;1956;1976;1996;2117;2139;2161;2183;2206;2228;2250;2272;2294;2316;2460;2484;2508;2532;2556;2580;2605;2629;2653;2677;2843;2869;2895;2921;2947;2974;3000;3026;3052;3078;3266;3294;3322;3351;3379;3407;3435;3463;3492;3520;3730;3760;3790;3820;3851;3881;3911;3941;3972;4002;4234;4266;4298;4330;4363;4395;4427;4459;4492;4524;4778;4812;4846;4881;4915;4949;4984;5018;5052;5086>,7,<200;203;206;209;212;215;218;221;224;227;232;235;238;242;245;248;251;254;258;261;268;271;275;278;282;285;288;292;295;299;308;312;315;319;322;326;330;333;337;340;360;364;368;372;376;380;384;388;392;396;420;424;429;433;438;442;446;451;455;460;488;493;498;502;507;512;517;522;526;531;564;569;574;580;585;590;595;600;606;611;648;654;659;665;670;676;682;687;693;698;740;746;752;758;764;770;776;782;788;794;840;846;853;859;866;872;878;885;891;898;948;955;962;968;975;982;989;996;1002;1009>,8,<200;203;206;209;212;215;218;221;224;227;232;235;238;242;245;248;251;254;258;261;268;271;275;278;282;285;288;292;295;299;308;312;315;319;322;326;330;333;337;340;360;364;368;372;376;380;384;388;392;396;420;424;429;433;438;442;446;451;455;460;488;493;498;502;507;512;517;522;526;531;564;569;574;580;585;590;595;600;606;611;648;654;659;665;670;676;682;687;693;698;740;746;752;758;764;770;776;782;788;794;840;846;853;859;866;872;878;885;891;898;948;955;962;968;975;982;989;996;1002;1009>,91,<27;27;27;27;27;30;30;30;30;30;33;33;33;33;33;36;36;36;36;36;38;38;38;38;38;41;41;41;41;41;44;44;44;44;44;47;47;47;47;47;50;50;50;50;50;53;53;53;53;53;56;56;56;56;56;59;59;59;59;59;61;61;61;61;61;64;64;64;64;64;67;67;67;67;67;70;70;70;70;70;73;73;73;73;73;76;76;76;76;76;79;79;79;79;79;82;82;82;82;82;84;84;84;84;84;87;87;87;87;87;90;90;90;90;90;93;93;93;93;93>,,,,
40426,守御,4,6,config/item/gem/icon_4_lv_6.png,2,防御向符石,9999,{529=20},,2,1,<1008;1023;1038;1053;1068;1084;1099;1114;1129;1144;1169;1185;1202;1218;1234;1250;1266;1282;1298;1314;1351;1368;1385;1402;1419;1436;1454;1471;1488;1505;1552;1570;1589;1607;1625;1643;1661;1679;1697;1716;1814;1835;1855;1875;1895;1915;1935;1956;1976;1996;2117;2139;2161;2183;2206;2228;2250;2272;2294;2316;2460;2484;2508;2532;2556;2580;2605;2629;2653;2677;2843;2869;2895;2921;2947;2974;3000;3026;3052;3078;3266;3294;3322;3351;3379;3407;3435;3463;3492;3520;3730;3760;3790;3820;3851;3881;3911;3941;3972;4002;4234;4266;4298;4330;4363;4395;4427;4459;4492;4524;4778;4812;4846;4881;4915;4949;4984;5018;5052;5086>,7,<200;203;206;209;212;215;218;221;224;227;232;235;238;242;245;248;251;254;258;261;268;271;275;278;282;285;288;292;295;299;308;312;315;319;322;326;330;333;337;340;360;364;368;372;376;380;384;388;392;396;420;424;429;433;438;442;446;451;455;460;488;493;498;502;507;512;517;522;526;531;564;569;574;580;585;590;595;600;606;611;648;654;659;665;670;676;682;687;693;698;740;746;752;758;764;770;776;782;788;794;840;846;853;859;866;872;878;885;891;898;948;955;962;968;975;982;989;996;1002;1009>,8,<200;203;206;209;212;215;218;221;224;227;232;235;238;242;245;248;251;254;258;261;268;271;275;278;282;285;288;292;295;299;308;312;315;319;322;326;330;333;337;340;360;364;368;372;376;380;384;388;392;396;420;424;429;433;438;442;446;451;455;460;488;493;498;502;507;512;517;522;526;531;564;569;574;580;585;590;595;600;606;611;648;654;659;665;670;676;682;687;693;698;740;746;752;758;764;770;776;782;788;794;840;846;853;859;866;872;878;885;891;898;948;955;962;968;975;982;989;996;1002;1009>,16,<22;22;22;22;22;25;25;25;25;25;27;27;27;27;27;30;30;30;30;30;32;32;32;32;32;34;34;34;34;34;37;37;37;37;37;39;39;39;39;39;42;42;42;42;42;44;44;44;44;44;46;46;46;46;46;49;49;49;49;49;51;51;51;51;51;54;54;54;54;54;56;56;56;56;56;58;58;58;58;58;61;61;61;61;61;63;63;63;63;63;66;66;66;66;66;68;68;68;68;68;70;70;70;70;70;73;73;73;73;73;75;75;75;75;75;78;78;78;78;78>,,,,
40431,守御,4,1,config/item/gem/icon_4_l_1.png,3,防御向符石,9999,{529=40},,3,1,<1512;1535;1557;1580;1603;1625;1648;1671;1693;1716;1754;1778;1802;1826;1851;1875;1899;1923;1947;1972;2026;2052;2077;2103;2129;2155;2180;2206;2232;2257;2328;2356;2383;2410;2437;2465;2492;2519;2546;2573;2722;2752;2782;2812;2843;2873;2903;2933;2964;2994;3175;3208;3242;3275;3308;3342;3375;3408;3441;3475;3689;3726;3762;3798;3834;3871;3907;3943;3980;4016;4264;4303;4342;4382;4421;4460;4500;4539;4578;4618;4899;4941;4984;5026;5068;5111;5153;5195;5238;5280;5594;5640;5685;5730;5776;5821;5867;5912;5957;6003;6350;6399;6447;6496;6544;6592;6641;6689;6737;6786;7167;7218;7270;7321;7373;7424;7475;7527;7578;7630>,9,<210;213;216;219;223;226;229;232;235;238;244;247;250;254;257;260;264;267;270;274;281;285;289;292;296;299;303;306;310;314;323;327;331;335;339;342;346;350;354;357;378;382;386;391;395;399;403;407;412;416;441;446;450;455;459;464;469;473;478;483;512;517;522;528;533;538;543;548;553;558;592;598;603;609;614;620;625;630;636;641;680;686;692;698;704;710;716;722;727;733;777;783;790;796;802;809;815;821;827;834;882;889;895;902;909;916;922;929;936;942;995;1003;1010;1017;1024;1031;1038;1045;1053;1060>,17,<40;40;40;40;40;45;45;45;45;45;49;49;49;49;49;53;53;53;53;53;58;58;58;58;58;62;62;62;62;62;66;66;66;66;66;71;71;71;71;71;75;75;75;75;75;79;79;79;79;79;84;84;84;84;84;88;88;88;88;88;92;92;92;92;92;96;96;96;96;96;101;101;101;101;101;105;105;105;105;105;109;109;109;109;109;114;114;114;114;114;118;118;118;118;118;122;122;122;122;122;127;127;127;127;127;131;131;131;131;131;135;135;135;135;135;140;140;140;140;140>,,,,,,
40432,守御,4,2,config/item/gem/icon_4_l_2.png,3,防御向符石,9999,{529=40},,3,1,<1512;1535;1557;1580;1603;1625;1648;1671;1693;1716;1754;1778;1802;1826;1851;1875;1899;1923;1947;1972;2026;2052;2077;2103;2129;2155;2180;2206;2232;2257;2328;2356;2383;2410;2437;2465;2492;2519;2546;2573;2722;2752;2782;2812;2843;2873;2903;2933;2964;2994;3175;3208;3242;3275;3308;3342;3375;3408;3441;3475;3689;3726;3762;3798;3834;3871;3907;3943;3980;4016;4264;4303;4342;4382;4421;4460;4500;4539;4578;4618;4899;4941;4984;5026;5068;5111;5153;5195;5238;5280;5594;5640;5685;5730;5776;5821;5867;5912;5957;6003;6350;6399;6447;6496;6544;6592;6641;6689;6737;6786;7167;7218;7270;7321;7373;7424;7475;7527;7578;7630>,10,<210;213;216;219;223;226;229;232;235;238;244;247;250;254;257;260;264;267;270;274;281;285;289;292;296;299;303;306;310;314;323;327;331;335;339;342;346;350;354;357;378;382;386;391;395;399;403;407;412;416;441;446;450;455;459;464;469;473;478;483;512;517;522;528;533;538;543;548;553;558;592;598;603;609;614;620;625;630;636;641;680;686;692;698;704;710;716;722;727;733;777;783;790;796;802;809;815;821;827;834;882;889;895;902;909;916;922;929;936;942;995;1003;1010;1017;1024;1031;1038;1045;1053;1060>,19,<40;40;40;40;40;45;45;45;45;45;49;49;49;49;49;53;53;53;53;53;58;58;58;58;58;62;62;62;62;62;66;66;66;66;66;71;71;71;71;71;75;75;75;75;75;79;79;79;79;79;84;84;84;84;84;88;88;88;88;88;92;92;92;92;92;96;96;96;96;96;101;101;101;101;101;105;105;105;105;105;109;109;109;109;109;114;114;114;114;114;118;118;118;118;118;122;122;122;122;122;127;127;127;127;127;131;131;131;131;131;135;135;135;135;135;140;140;140;140;140>,,,,,,
40433,守御,4,3,config/item/gem/icon_4_l_3.png,3,防御向符石,9999,{529=40},,3,9,<210;213;216;219;223;226;229;232;235;238;244;247;250;254;257;260;264;267;270;274;281;285;289;292;296;299;303;306;310;314;323;327;331;335;339;342;346;350;354;357;378;382;386;391;395;399;403;407;412;416;441;446;450;455;459;464;469;473;478;483;512;517;522;528;533;538;543;548;553;558;592;598;603;609;614;620;625;630;636;641;680;686;692;698;704;710;716;722;727;733;777;783;790;796;802;809;815;821;827;834;882;889;895;902;909;916;922;929;936;942;995;1003;1010;1017;1024;1031;1038;1045;1053;1060>,10,<210;213;216;219;223;226;229;232;235;238;244;247;250;254;257;260;264;267;270;274;281;285;289;292;296;299;303;306;310;314;323;327;331;335;339;342;346;350;354;357;378;382;386;391;395;399;403;407;412;416;441;446;450;455;459;464;469;473;478;483;512;517;522;528;533;538;543;548;553;558;592;598;603;609;614;620;625;630;636;641;680;686;692;698;704;710;716;722;727;733;777;783;790;796;802;809;815;821;827;834;882;889;895;902;909;916;922;929;936;942;995;1003;1010;1017;1024;1031;1038;1045;1053;1060>,22,<20;20;20;20;20;22;22;22;22;22;24;24;24;24;24;27;27;27;27;27;29;29;29;29;29;31;31;31;31;31;33;33;33;33;33;35;35;35;35;35;37;37;37;37;37;40;40;40;40;40;42;42;42;42;42;44;44;44;44;44;46;46;46;46;46;48;48;48;48;48;50;50;50;50;50;53;53;53;53;53;55;55;55;55;55;57;57;57;57;57;59;59;59;59;59;61;61;61;61;61;63;63;63;63;63;66;66;66;66;66;68;68;68;68;68;70;70;70;70;70>,,,,,,
40434,守御,4,4,config/item/gem/icon_4_l_4.png,3,防御向符石,9999,{529=40},,3,9,<210;213;216;219;223;226;229;232;235;238;244;247;250;254;257;260;264;267;270;274;281;285;289;292;296;299;303;306;310;314;323;327;331;335;339;342;346;350;354;357;378;382;386;391;395;399;403;407;412;416;441;446;450;455;459;464;469;473;478;483;512;517;522;528;533;538;543;548;553;558;592;598;603;609;614;620;625;630;636;641;680;686;692;698;704;710;716;722;727;733;777;783;790;796;802;809;815;821;827;834;882;889;895;902;909;916;922;929;936;942;995;1003;1010;1017;1024;1031;1038;1045;1053;1060>,10,<210;213;216;219;223;226;229;232;235;238;244;247;250;254;257;260;264;267;270;274;281;285;289;292;296;299;303;306;310;314;323;327;331;335;339;342;346;350;354;357;378;382;386;391;395;399;403;407;412;416;441;446;450;455;459;464;469;473;478;483;512;517;522;528;533;538;543;548;553;558;592;598;603;609;614;620;625;630;636;641;680;686;692;698;704;710;716;722;727;733;777;783;790;796;802;809;815;821;827;834;882;889;895;902;909;916;922;929;936;942;995;1003;1010;1017;1024;1031;1038;1045;1053;1060>,23,<20;20;20;20;20;22;22;22;22;22;24;24;24;24;24;27;27;27;27;27;29;29;29;29;29;31;31;31;31;31;33;33;33;33;33;35;35;35;35;35;37;37;37;37;37;40;40;40;40;40;42;42;42;42;42;44;44;44;44;44;46;46;46;46;46;48;48;48;48;48;50;50;50;50;50;53;53;53;53;53;55;55;55;55;55;57;57;57;57;57;59;59;59;59;59;61;61;61;61;61;63;63;63;63;63;66;66;66;66;66;68;68;68;68;68;70;70;70;70;70>,,,,,,
40435,守御,4,5,config/item/gem/icon_4_l_5.png,3,防御向符石,9999,{529=40},,3,1,<1512;1535;1557;1580;1603;1625;1648;1671;1693;1716;1754;1778;1802;1826;1851;1875;1899;1923;1947;1972;2026;2052;2077;2103;2129;2155;2180;2206;2232;2257;2328;2356;2383;2410;2437;2465;2492;2519;2546;2573;2722;2752;2782;2812;2843;2873;2903;2933;2964;2994;3175;3208;3242;3275;3308;3342;3375;3408;3441;3475;3689;3726;3762;3798;3834;3871;3907;3943;3980;4016;4264;4303;4342;4382;4421;4460;4500;4539;4578;4618;4899;4941;4984;5026;5068;5111;5153;5195;5238;5280;5594;5640;5685;5730;5776;5821;5867;5912;5957;6003;6350;6399;6447;6496;6544;6592;6641;6689;6737;6786;7167;7218;7270;7321;7373;7424;7475;7527;7578;7630>,7,<300;305;309;314;318;323;327;332;336;341;348;353;358;362;367;372;377;382;386;391;402;407;412;417;422;428;433;438;443;448;462;467;473;478;484;489;494;500;505;511;540;546;552;558;564;570;576;582;588;594;630;637;643;650;656;663;670;676;683;689;732;739;746;754;761;768;775;782;790;797;846;854;862;869;877;885;893;901;908;916;972;980;989;997;1006;1014;1022;1031;1039;1048;1110;1119;1128;1137;1146;1155;1164;1173;1182;1191;1260;1270;1279;1289;1298;1308;1318;1327;1337;1346;1422;1432;1442;1453;1463;1473;1483;1493;1504;1514>,8,<300;305;309;314;318;323;327;332;336;341;348;353;358;362;367;372;377;382;386;391;402;407;412;417;422;428;433;438;443;448;462;467;473;478;484;489;494;500;505;511;540;546;552;558;564;570;576;582;588;594;630;637;643;650;656;663;670;676;683;689;732;739;746;754;761;768;775;782;790;797;846;854;862;869;877;885;893;901;908;916;972;980;989;997;1006;1014;1022;1031;1039;1048;1110;1119;1128;1137;1146;1155;1164;1173;1182;1191;1260;1270;1279;1289;1298;1308;1318;1327;1337;1346;1422;1432;1442;1453;1463;1473;1483;1493;1504;1514>,91,<40;40;40;40;40;45;45;45;45;45;49;49;49;49;49;53;53;53;53;53;58;58;58;58;58;62;62;62;62;62;66;66;66;66;66;71;71;71;71;71;75;75;75;75;75;79;79;79;79;79;84;84;84;84;84;88;88;88;88;88;92;92;92;92;92;96;96;96;96;96;101;101;101;101;101;105;105;105;105;105;109;109;109;109;109;114;114;114;114;114;118;118;118;118;118;122;122;122;122;122;127;127;127;127;127;131;131;131;131;131;135;135;135;135;135;140;140;140;140;140>,,,,
40436,守御,4,6,config/item/gem/icon_4_l_6.png,3,防御向符石,9999,{529=40},,3,1,<1512;1535;1557;1580;1603;1625;1648;1671;1693;1716;1754;1778;1802;1826;1851;1875;1899;1923;1947;1972;2026;2052;2077;2103;2129;2155;2180;2206;2232;2257;2328;2356;2383;2410;2437;2465;2492;2519;2546;2573;2722;2752;2782;2812;2843;2873;2903;2933;2964;2994;3175;3208;3242;3275;3308;3342;3375;3408;3441;3475;3689;3726;3762;3798;3834;3871;3907;3943;3980;4016;4264;4303;4342;4382;4421;4460;4500;4539;4578;4618;4899;4941;4984;5026;5068;5111;5153;5195;5238;5280;5594;5640;5685;5730;5776;5821;5867;5912;5957;6003;6350;6399;6447;6496;6544;6592;6641;6689;6737;6786;7167;7218;7270;7321;7373;7424;7475;7527;7578;7630>,7,<300;305;309;314;318;323;327;332;336;341;348;353;358;362;367;372;377;382;386;391;402;407;412;417;422;428;433;438;443;448;462;467;473;478;484;489;494;500;505;511;540;546;552;558;564;570;576;582;588;594;630;637;643;650;656;663;670;676;683;689;732;739;746;754;761;768;775;782;790;797;846;854;862;869;877;885;893;901;908;916;972;980;989;997;1006;1014;1022;1031;1039;1048;1110;1119;1128;1137;1146;1155;1164;1173;1182;1191;1260;1270;1279;1289;1298;1308;1318;1327;1337;1346;1422;1432;1442;1453;1463;1473;1483;1493;1504;1514>,8,<300;305;309;314;318;323;327;332;336;341;348;353;358;362;367;372;377;382;386;391;402;407;412;417;422;428;433;438;443;448;462;467;473;478;484;489;494;500;505;511;540;546;552;558;564;570;576;582;588;594;630;637;643;650;656;663;670;676;683;689;732;739;746;754;761;768;775;782;790;797;846;854;862;869;877;885;893;901;908;916;972;980;989;997;1006;1014;1022;1031;1039;1048;1110;1119;1128;1137;1146;1155;1164;1173;1182;1191;1260;1270;1279;1289;1298;1308;1318;1327;1337;1346;1422;1432;1442;1453;1463;1473;1483;1493;1504;1514>,16,<34;34;34;34;34;37;37;37;37;37;41;41;41;41;41;44;44;44;44;44;48;48;48;48;48;52;52;52;52;52;55;55;55;55;55;59;59;59;59;59;62;62;62;62;62;66;66;66;66;66;70;70;70;70;70;73;73;73;73;73;77;77;77;77;77;80;80;80;80;80;84;84;84;84;84;88;88;88;88;88;91;91;91;91;91;95;95;95;95;95;98;98;98;98;98;102;102;102;102;102;106;106;106;106;106;109;109;109;109;109;113;113;113;113;113;116;116;116;116;116>,,,,
40441,守御,4,1,config/item/gem/icon_4_z_1.png,4,防御向符石,9999,{529=80},,4,1,<2218;2251;2285;2318;2351;2384;2418;2451;2484;2517;2573;2608;2644;2679;2715;2750;2786;2821;2857;2892;2972;3010;3048;3085;3123;3161;3198;3236;3274;3311;3416;3456;3496;3535;3575;3615;3655;3695;3735;3775;3992;4037;4081;4125;4170;4214;4259;4303;4347;4392;4658;4707;4755;4804;4853;4902;4951;4999;5048;5097;5412;5465;5518;5572;5625;5678;5731;5785;5838;5891;6255;6312;6370;6428;6485;6543;6601;6658;6716;6774;7186;7248;7311;7373;7435;7497;7559;7621;7683;7745;8207;8273;8340;8406;8473;8539;8606;8672;8739;8805;9316;9387;9458;9529;9600;9670;9741;9812;9883;9954;10513;10589;10664;10740;10815;10890;10966;11041;11117;11192>,9,<308;313;317;322;326;331;336;340;345;350;357;362;367;372;377;382;387;392;397;402;413;418;423;428;434;439;444;449;455;460;474;480;485;491;496;502;508;513;519;524;554;561;567;573;579;585;591;598;604;610;647;654;660;667;674;681;687;694;701;708;752;759;766;774;781;788;796;803;811;818;869;877;885;893;901;909;917;925;933;941;998;1007;1015;1024;1032;1041;1050;1058;1067;1076;1140;1149;1158;1167;1177;1186;1195;1204;1214;1223;1294;1303;1313;1323;1333;1343;1353;1363;1372;1382;1460;1470;1481;1491;1502;1512;1523;1533;1544;1554>,17,<59;59;59;59;59;65;65;65;65;65;72;72;72;72;72;78;78;78;78;78;84;84;84;84;84;91;91;91;91;91;97;97;97;97;97;103;103;103;103;103;110;110;110;110;110;116;116;116;116;116;122;122;122;122;122;129;129;129;129;129;135;135;135;135;135;142;142;142;142;142;148;148;148;148;148;154;154;154;154;154;161;161;161;161;161;167;167;167;167;167;173;173;173;173;173;180;180;180;180;180;186;186;186;186;186;192;192;192;192;192;199;199;199;199;199;205;205;205;205;205>,,,,,,{drawcard=zi_effect_loop}
40442,守御,4,2,config/item/gem/icon_4_z_2.png,4,防御向符石,9999,{529=80},,4,1,<2218;2251;2285;2318;2351;2384;2418;2451;2484;2517;2573;2608;2644;2679;2715;2750;2786;2821;2857;2892;2972;3010;3048;3085;3123;3161;3198;3236;3274;3311;3416;3456;3496;3535;3575;3615;3655;3695;3735;3775;3992;4037;4081;4125;4170;4214;4259;4303;4347;4392;4658;4707;4755;4804;4853;4902;4951;4999;5048;5097;5412;5465;5518;5572;5625;5678;5731;5785;5838;5891;6255;6312;6370;6428;6485;6543;6601;6658;6716;6774;7186;7248;7311;7373;7435;7497;7559;7621;7683;7745;8207;8273;8340;8406;8473;8539;8606;8672;8739;8805;9316;9387;9458;9529;9600;9670;9741;9812;9883;9954;10513;10589;10664;10740;10815;10890;10966;11041;11117;11192>,10,<308;313;317;322;326;331;336;340;345;350;357;362;367;372;377;382;387;392;397;402;413;418;423;428;434;439;444;449;455;460;474;480;485;491;496;502;508;513;519;524;554;561;567;573;579;585;591;598;604;610;647;654;660;667;674;681;687;694;701;708;752;759;766;774;781;788;796;803;811;818;869;877;885;893;901;909;917;925;933;941;998;1007;1015;1024;1032;1041;1050;1058;1067;1076;1140;1149;1158;1167;1177;1186;1195;1204;1214;1223;1294;1303;1313;1323;1333;1343;1353;1363;1372;1382;1460;1470;1481;1491;1502;1512;1523;1533;1544;1554>,19,<59;59;59;59;59;65;65;65;65;65;72;72;72;72;72;78;78;78;78;78;84;84;84;84;84;91;91;91;91;91;97;97;97;97;97;103;103;103;103;103;110;110;110;110;110;116;116;116;116;116;122;122;122;122;122;129;129;129;129;129;135;135;135;135;135;142;142;142;142;142;148;148;148;148;148;154;154;154;154;154;161;161;161;161;161;167;167;167;167;167;173;173;173;173;173;180;180;180;180;180;186;186;186;186;186;192;192;192;192;192;199;199;199;199;199;205;205;205;205;205>,,,,,,{drawcard=zi_effect_loop}
40443,守御,4,3,config/item/gem/icon_4_z_3.png,4,防御向符石,9999,{529=80},,4,9,<308;313;317;322;326;331;336;340;345;350;357;362;367;372;377;382;387;392;397;402;413;418;423;428;434;439;444;449;455;460;474;480;485;491;496;502;508;513;519;524;554;561;567;573;579;585;591;598;604;610;647;654;660;667;674;681;687;694;701;708;752;759;766;774;781;788;796;803;811;818;869;877;885;893;901;909;917;925;933;941;998;1007;1015;1024;1032;1041;1050;1058;1067;1076;1140;1149;1158;1167;1177;1186;1195;1204;1214;1223;1294;1303;1313;1323;1333;1343;1353;1363;1372;1382;1460;1470;1481;1491;1502;1512;1523;1533;1544;1554>,10,<308;313;317;322;326;331;336;340;345;350;357;362;367;372;377;382;387;392;397;402;413;418;423;428;434;439;444;449;455;460;474;480;485;491;496;502;508;513;519;524;554;561;567;573;579;585;591;598;604;610;647;654;660;667;674;681;687;694;701;708;752;759;766;774;781;788;796;803;811;818;869;877;885;893;901;909;917;925;933;941;998;1007;1015;1024;1032;1041;1050;1058;1067;1076;1140;1149;1158;1167;1177;1186;1195;1204;1214;1223;1294;1303;1313;1323;1333;1343;1353;1363;1372;1382;1460;1470;1481;1491;1502;1512;1523;1533;1544;1554>,22,<30;30;30;30;30;33;33;33;33;33;36;36;36;36;36;39;39;39;39;39;42;42;42;42;42;45;45;45;45;45;49;49;49;49;49;52;52;52;52;52;55;55;55;55;55;58;58;58;58;58;61;61;61;61;61;64;64;64;64;64;68;68;68;68;68;71;71;71;71;71;74;74;74;74;74;77;77;77;77;77;80;80;80;80;80;83;83;83;83;83;87;87;87;87;87;90;90;90;90;90;93;93;93;93;93;96;96;96;96;96;99;99;99;99;99;102;102;102;102;102>,,,,,,{drawcard=zi_effect_loop}
40444,守御,4,4,config/item/gem/icon_4_z_4.png,4,防御向符石,9999,{529=80},,4,9,<308;313;317;322;326;331;336;340;345;350;357;362;367;372;377;382;387;392;397;402;413;418;423;428;434;439;444;449;455;460;474;480;485;491;496;502;508;513;519;524;554;561;567;573;579;585;591;598;604;610;647;654;660;667;674;681;687;694;701;708;752;759;766;774;781;788;796;803;811;818;869;877;885;893;901;909;917;925;933;941;998;1007;1015;1024;1032;1041;1050;1058;1067;1076;1140;1149;1158;1167;1177;1186;1195;1204;1214;1223;1294;1303;1313;1323;1333;1343;1353;1363;1372;1382;1460;1470;1481;1491;1502;1512;1523;1533;1544;1554>,10,<308;313;317;322;326;331;336;340;345;350;357;362;367;372;377;382;387;392;397;402;413;418;423;428;434;439;444;449;455;460;474;480;485;491;496;502;508;513;519;524;554;561;567;573;579;585;591;598;604;610;647;654;660;667;674;681;687;694;701;708;752;759;766;774;781;788;796;803;811;818;869;877;885;893;901;909;917;925;933;941;998;1007;1015;1024;1032;1041;1050;1058;1067;1076;1140;1149;1158;1167;1177;1186;1195;1204;1214;1223;1294;1303;1313;1323;1333;1343;1353;1363;1372;1382;1460;1470;1481;1491;1502;1512;1523;1533;1544;1554>,23,<30;30;30;30;30;33;33;33;33;33;36;36;36;36;36;39;39;39;39;39;42;42;42;42;42;45;45;45;45;45;49;49;49;49;49;52;52;52;52;52;55;55;55;55;55;58;58;58;58;58;61;61;61;61;61;64;64;64;64;64;68;68;68;68;68;71;71;71;71;71;74;74;74;74;74;77;77;77;77;77;80;80;80;80;80;83;83;83;83;83;87;87;87;87;87;90;90;90;90;90;93;93;93;93;93;96;96;96;96;96;99;99;99;99;99;102;102;102;102;102>,,,,,,{drawcard=zi_effect_loop}
40445,守御,4,5,config/item/gem/icon_4_z_5.png,4,防御向符石,9999,{529=80},,4,1,<2218;2251;2285;2318;2351;2384;2418;2451;2484;2517;2573;2608;2644;2679;2715;2750;2786;2821;2857;2892;2972;3010;3048;3085;3123;3161;3198;3236;3274;3311;3416;3456;3496;3535;3575;3615;3655;3695;3735;3775;3992;4037;4081;4125;4170;4214;4259;4303;4347;4392;4658;4707;4755;4804;4853;4902;4951;4999;5048;5097;5412;5465;5518;5572;5625;5678;5731;5785;5838;5891;6255;6312;6370;6428;6485;6543;6601;6658;6716;6774;7186;7248;7311;7373;7435;7497;7559;7621;7683;7745;8207;8273;8340;8406;8473;8539;8606;8672;8739;8805;9316;9387;9458;9529;9600;9670;9741;9812;9883;9954;10513;10589;10664;10740;10815;10890;10966;11041;11117;11192>,7,<440;447;453;460;466;473;480;486;493;499;510;517;524;532;539;546;553;560;567;574;590;597;605;612;620;627;634;642;649;657;678;686;693;701;709;717;725;733;741;749;792;801;810;818;827;836;845;854;862;871;924;934;943;953;963;972;982;992;1001;1011;1074;1084;1095;1105;1116;1126;1137;1148;1158;1169;1241;1252;1264;1275;1287;1298;1309;1321;1332;1344;1426;1438;1450;1463;1475;1487;1500;1512;1524;1536;1628;1641;1654;1668;1681;1694;1707;1720;1734;1747;1848;1862;1876;1890;1904;1918;1932;1947;1961;1975;2086;2101;2116;2130;2145;2160;2175;2190;2205;2220>,8,<440;447;453;460;466;473;480;486;493;499;510;517;524;532;539;546;553;560;567;574;590;597;605;612;620;627;634;642;649;657;678;686;693;701;709;717;725;733;741;749;792;801;810;818;827;836;845;854;862;871;924;934;943;953;963;972;982;992;1001;1011;1074;1084;1095;1105;1116;1126;1137;1148;1158;1169;1241;1252;1264;1275;1287;1298;1309;1321;1332;1344;1426;1438;1450;1463;1475;1487;1500;1512;1524;1536;1628;1641;1654;1668;1681;1694;1707;1720;1734;1747;1848;1862;1876;1890;1904;1918;1932;1947;1961;1975;2086;2101;2116;2130;2145;2160;2175;2190;2205;2220>,91,<59;59;59;59;59;65;65;65;65;65;72;72;72;72;72;78;78;78;78;78;84;84;84;84;84;91;91;91;91;91;97;97;97;97;97;103;103;103;103;103;110;110;110;110;110;116;116;116;116;116;122;122;122;122;122;129;129;129;129;129;135;135;135;135;135;142;142;142;142;142;148;148;148;148;148;154;154;154;154;154;161;161;161;161;161;167;167;167;167;167;173;173;173;173;173;180;180;180;180;180;186;186;186;186;186;192;192;192;192;192;199;199;199;199;199;205;205;205;205;205>,,,,{drawcard=zi_effect_loop}
40446,守御,4,6,config/item/gem/icon_4_z_6.png,4,防御向符石,9999,{529=80},,4,1,<2218;2251;2285;2318;2351;2384;2418;2451;2484;2517;2573;2608;2644;2679;2715;2750;2786;2821;2857;2892;2972;3010;3048;3085;3123;3161;3198;3236;3274;3311;3416;3456;3496;3535;3575;3615;3655;3695;3735;3775;3992;4037;4081;4125;4170;4214;4259;4303;4347;4392;4658;4707;4755;4804;4853;4902;4951;4999;5048;5097;5412;5465;5518;5572;5625;5678;5731;5785;5838;5891;6255;6312;6370;6428;6485;6543;6601;6658;6716;6774;7186;7248;7311;7373;7435;7497;7559;7621;7683;7745;8207;8273;8340;8406;8473;8539;8606;8672;8739;8805;9316;9387;9458;9529;9600;9670;9741;9812;9883;9954;10513;10589;10664;10740;10815;10890;10966;11041;11117;11192>,7,<440;447;453;460;466;473;480;486;493;499;510;517;524;532;539;546;553;560;567;574;590;597;605;612;620;627;634;642;649;657;678;686;693;701;709;717;725;733;741;749;792;801;810;818;827;836;845;854;862;871;924;934;943;953;963;972;982;992;1001;1011;1074;1084;1095;1105;1116;1126;1137;1148;1158;1169;1241;1252;1264;1275;1287;1298;1309;1321;1332;1344;1426;1438;1450;1463;1475;1487;1500;1512;1524;1536;1628;1641;1654;1668;1681;1694;1707;1720;1734;1747;1848;1862;1876;1890;1904;1918;1932;1947;1961;1975;2086;2101;2116;2130;2145;2160;2175;2190;2205;2220>,8,<440;447;453;460;466;473;480;486;493;499;510;517;524;532;539;546;553;560;567;574;590;597;605;612;620;627;634;642;649;657;678;686;693;701;709;717;725;733;741;749;792;801;810;818;827;836;845;854;862;871;924;934;943;953;963;972;982;992;1001;1011;1074;1084;1095;1105;1116;1126;1137;1148;1158;1169;1241;1252;1264;1275;1287;1298;1309;1321;1332;1344;1426;1438;1450;1463;1475;1487;1500;1512;1524;1536;1628;1641;1654;1668;1681;1694;1707;1720;1734;1747;1848;1862;1876;1890;1904;1918;1932;1947;1961;1975;2086;2101;2116;2130;2145;2160;2175;2190;2205;2220>,16,<49;49;49;49;49;55;55;55;55;55;60;60;60;60;60;65;65;65;65;65;70;70;70;70;70;76;76;76;76;76;81;81;81;81;81;86;86;86;86;86;92;92;92;92;92;97;97;97;97;97;102;102;102;102;102;107;107;107;107;107;113;113;113;113;113;118;118;118;118;118;123;123;123;123;123;128;128;128;128;128;134;134;134;134;134;139;139;139;139;139;144;144;144;144;144;150;150;150;150;150;155;155;155;155;155;160;160;160;160;160;165;165;165;165;165;171;171;171;171;171>,,,,{drawcard=zi_effect_loop}
40451,守御,4,1,config/item/gem/icon_4_hu_1.png,5,防御向符石,9999,{529=400},,5,1,<3427;3478;3530;3581;3633;3684;3735;3787;3838;3890;3975;4030;4085;4140;4195;4249;4304;4359;4414;4469;4592;4650;4709;4767;4825;4883;4942;5000;5058;5117;5278;5339;5401;5463;5524;5586;5648;5709;5771;5833;6169;6237;6306;6374;6443;6511;6580;6648;6717;6785;7197;7272;7347;7423;7498;7574;7649;7724;7800;7875;8362;8444;8526;8609;8691;8773;8855;8938;9020;9102;9664;9753;9842;9931;10021;10110;10199;10288;10377;10466;11103;11199;11295;11391;11487;11583;11679;11775;11871;11967;12680;12783;12886;12988;13091;13194;13297;13400;13502;13605;14393;14503;14613;14722;14832;14942;15051;15161;15271;15380;16244;16360;16477;16594;16710;16827;16943;17060;17176;17293>,9,<476;483;490;497;505;512;519;526;533;540;552;560;567;575;583;590;598;605;613;621;638;646;654;662;670;678;686;694;703;711;733;742;750;759;767;776;784;793;802;810;857;866;876;885;895;904;914;923;933;942;1000;1010;1021;1031;1041;1052;1062;1073;1083;1094;1161;1173;1184;1196;1207;1219;1230;1241;1253;1264;1342;1355;1367;1379;1392;1404;1417;1429;1441;1454;1542;1556;1569;1582;1596;1609;1622;1636;1649;1662;1761;1775;1790;1804;1818;1833;1847;1861;1875;1890;1999;2014;2030;2045;2060;2075;2091;2106;2121;2136;2256;2272;2289;2305;2321;2337;2353;2370;2386;2402>,17,<91;91;91;91;91;101;101;101;101;101;111;111;111;111;111;121;121;121;121;121;131;131;131;131;131;140;140;140;140;140;150;150;150;150;150;160;160;160;160;160;170;170;170;170;170;180;180;180;180;180;189;189;189;189;189;199;199;199;199;199;209;209;209;209;209;219;219;219;219;219;228;228;228;228;228;238;238;238;238;238;248;248;248;248;248;258;258;258;258;258;268;268;268;268;268;277;277;277;277;277;287;287;287;287;287;297;297;297;297;297;307;307;307;307;307;317;317;317;317;317>,,,,,,{drawcard=huang_effect_loop}
40452,守御,4,2,config/item/gem/icon_4_hu_2.png,5,防御向符石,9999,{529=400},,5,1,<3427;3478;3530;3581;3633;3684;3735;3787;3838;3890;3975;4030;4085;4140;4195;4249;4304;4359;4414;4469;4592;4650;4709;4767;4825;4883;4942;5000;5058;5117;5278;5339;5401;5463;5524;5586;5648;5709;5771;5833;6169;6237;6306;6374;6443;6511;6580;6648;6717;6785;7197;7272;7347;7423;7498;7574;7649;7724;7800;7875;8362;8444;8526;8609;8691;8773;8855;8938;9020;9102;9664;9753;9842;9931;10021;10110;10199;10288;10377;10466;11103;11199;11295;11391;11487;11583;11679;11775;11871;11967;12680;12783;12886;12988;13091;13194;13297;13400;13502;13605;14393;14503;14613;14722;14832;14942;15051;15161;15271;15380;16244;16360;16477;16594;16710;16827;16943;17060;17176;17293>,10,<476;483;490;497;505;512;519;526;533;540;552;560;567;575;583;590;598;605;613;621;638;646;654;662;670;678;686;694;703;711;733;742;750;759;767;776;784;793;802;810;857;866;876;885;895;904;914;923;933;942;1000;1010;1021;1031;1041;1052;1062;1073;1083;1094;1161;1173;1184;1196;1207;1219;1230;1241;1253;1264;1342;1355;1367;1379;1392;1404;1417;1429;1441;1454;1542;1556;1569;1582;1596;1609;1622;1636;1649;1662;1761;1775;1790;1804;1818;1833;1847;1861;1875;1890;1999;2014;2030;2045;2060;2075;2091;2106;2121;2136;2256;2272;2289;2305;2321;2337;2353;2370;2386;2402>,19,<91;91;91;91;91;101;101;101;101;101;111;111;111;111;111;121;121;121;121;121;131;131;131;131;131;140;140;140;140;140;150;150;150;150;150;160;160;160;160;160;170;170;170;170;170;180;180;180;180;180;189;189;189;189;189;199;199;199;199;199;209;209;209;209;209;219;219;219;219;219;228;228;228;228;228;238;238;238;238;238;248;248;248;248;248;258;258;258;258;258;268;268;268;268;268;277;277;277;277;277;287;287;287;287;287;297;297;297;297;297;307;307;307;307;307;317;317;317;317;317>,,,,,,{drawcard=huang_effect_loop}
40453,守御,4,3,config/item/gem/icon_4_hu_3.png,5,防御向符石,9999,{529=400},,5,9,<476;483;490;497;505;512;519;526;533;540;552;560;567;575;583;590;598;605;613;621;638;646;654;662;670;678;686;694;703;711;733;742;750;759;767;776;784;793;802;810;857;866;876;885;895;904;914;923;933;942;1000;1010;1021;1031;1041;1052;1062;1073;1083;1094;1161;1173;1184;1196;1207;1219;1230;1241;1253;1264;1342;1355;1367;1379;1392;1404;1417;1429;1441;1454;1542;1556;1569;1582;1596;1609;1622;1636;1649;1662;1761;1775;1790;1804;1818;1833;1847;1861;1875;1890;1999;2014;2030;2045;2060;2075;2091;2106;2121;2136;2256;2272;2289;2305;2321;2337;2353;2370;2386;2402>,10,<476;483;490;497;505;512;519;526;533;540;552;560;567;575;583;590;598;605;613;621;638;646;654;662;670;678;686;694;703;711;733;742;750;759;767;776;784;793;802;810;857;866;876;885;895;904;914;923;933;942;1000;1010;1021;1031;1041;1052;1062;1073;1083;1094;1161;1173;1184;1196;1207;1219;1230;1241;1253;1264;1342;1355;1367;1379;1392;1404;1417;1429;1441;1454;1542;1556;1569;1582;1596;1609;1622;1636;1649;1662;1761;1775;1790;1804;1818;1833;1847;1861;1875;1890;1999;2014;2030;2045;2060;2075;2091;2106;2121;2136;2256;2272;2289;2305;2321;2337;2353;2370;2386;2402>,22,<46;46;46;46;46;51;51;51;51;51;55;55;55;55;55;60;60;60;60;60;65;65;65;65;65;70;70;70;70;70;75;75;75;75;75;80;80;80;80;80;85;85;85;85;85;90;90;90;90;90;95;95;95;95;95;100;100;100;100;100;104;104;104;104;104;109;109;109;109;109;114;114;114;114;114;119;119;119;119;119;124;124;124;124;124;129;129;129;129;129;134;134;134;134;134;139;139;139;139;139;144;144;144;144;144;149;149;149;149;149;153;153;153;153;153;158;158;158;158;158>,,,,,,{drawcard=huang_effect_loop}
40454,守御,4,4,config/item/gem/icon_4_hu_4.png,5,防御向符石,9999,{529=400},,5,9,<476;483;490;497;505;512;519;526;533;540;552;560;567;575;583;590;598;605;613;621;638;646;654;662;670;678;686;694;703;711;733;742;750;759;767;776;784;793;802;810;857;866;876;885;895;904;914;923;933;942;1000;1010;1021;1031;1041;1052;1062;1073;1083;1094;1161;1173;1184;1196;1207;1219;1230;1241;1253;1264;1342;1355;1367;1379;1392;1404;1417;1429;1441;1454;1542;1556;1569;1582;1596;1609;1622;1636;1649;1662;1761;1775;1790;1804;1818;1833;1847;1861;1875;1890;1999;2014;2030;2045;2060;2075;2091;2106;2121;2136;2256;2272;2289;2305;2321;2337;2353;2370;2386;2402>,10,<476;483;490;497;505;512;519;526;533;540;552;560;567;575;583;590;598;605;613;621;638;646;654;662;670;678;686;694;703;711;733;742;750;759;767;776;784;793;802;810;857;866;876;885;895;904;914;923;933;942;1000;1010;1021;1031;1041;1052;1062;1073;1083;1094;1161;1173;1184;1196;1207;1219;1230;1241;1253;1264;1342;1355;1367;1379;1392;1404;1417;1429;1441;1454;1542;1556;1569;1582;1596;1609;1622;1636;1649;1662;1761;1775;1790;1804;1818;1833;1847;1861;1875;1890;1999;2014;2030;2045;2060;2075;2091;2106;2121;2136;2256;2272;2289;2305;2321;2337;2353;2370;2386;2402>,23,<46;46;46;46;46;51;51;51;51;51;55;55;55;55;55;60;60;60;60;60;65;65;65;65;65;70;70;70;70;70;75;75;75;75;75;80;80;80;80;80;85;85;85;85;85;90;90;90;90;90;95;95;95;95;95;100;100;100;100;100;104;104;104;104;104;109;109;109;109;109;114;114;114;114;114;119;119;119;119;119;124;124;124;124;124;129;129;129;129;129;134;134;134;134;134;139;139;139;139;139;144;144;144;144;144;149;149;149;149;149;153;153;153;153;153;158;158;158;158;158>,,,,,,{drawcard=huang_effect_loop}
40455,守御,4,5,config/item/gem/icon_4_hu_5.png,5,防御向符石,9999,{529=400},,5,1,<3427;3478;3530;3581;3633;3684;3735;3787;3838;3890;3975;4030;4085;4140;4195;4249;4304;4359;4414;4469;4592;4650;4709;4767;4825;4883;4942;5000;5058;5117;5278;5339;5401;5463;5524;5586;5648;5709;5771;5833;6169;6237;6306;6374;6443;6511;6580;6648;6717;6785;7197;7272;7347;7423;7498;7574;7649;7724;7800;7875;8362;8444;8526;8609;8691;8773;8855;8938;9020;9102;9664;9753;9842;9931;10021;10110;10199;10288;10377;10466;11103;11199;11295;11391;11487;11583;11679;11775;11871;11967;12680;12783;12886;12988;13091;13194;13297;13400;13502;13605;14393;14503;14613;14722;14832;14942;15051;15161;15271;15380;16244;16360;16477;16594;16710;16827;16943;17060;17176;17293>,7,<680;690;700;711;721;731;741;751;762;772;789;800;811;821;832;843;854;865;876;887;911;923;934;946;957;969;981;992;1004;1015;1047;1059;1072;1084;1096;1108;1121;1133;1145;1157;1224;1238;1251;1265;1278;1292;1306;1319;1333;1346;1428;1443;1458;1473;1488;1503;1518;1533;1548;1563;1659;1676;1692;1708;1724;1741;1757;1773;1790;1806;1918;1935;1953;1971;1988;2006;2024;2041;2059;2077;2203;2222;2241;2260;2279;2298;2317;2336;2356;2375;2516;2536;2557;2577;2598;2618;2638;2659;2679;2700;2856;2878;2900;2921;2943;2965;2987;3008;3030;3052;3223;3246;3269;3293;3316;3339;3362;3385;3408;3431>,8,<680;690;700;711;721;731;741;751;762;772;789;800;811;821;832;843;854;865;876;887;911;923;934;946;957;969;981;992;1004;1015;1047;1059;1072;1084;1096;1108;1121;1133;1145;1157;1224;1238;1251;1265;1278;1292;1306;1319;1333;1346;1428;1443;1458;1473;1488;1503;1518;1533;1548;1563;1659;1676;1692;1708;1724;1741;1757;1773;1790;1806;1918;1935;1953;1971;1988;2006;2024;2041;2059;2077;2203;2222;2241;2260;2279;2298;2317;2336;2356;2375;2516;2536;2557;2577;2598;2618;2638;2659;2679;2700;2856;2878;2900;2921;2943;2965;2987;3008;3030;3052;3223;3246;3269;3293;3316;3339;3362;3385;3408;3431>,91,<91;91;91;91;91;101;101;101;101;101;111;111;111;111;111;121;121;121;121;121;131;131;131;131;131;140;140;140;140;140;150;150;150;150;150;160;160;160;160;160;170;170;170;170;170;180;180;180;180;180;189;189;189;189;189;199;199;199;199;199;209;209;209;209;209;219;219;219;219;219;228;228;228;228;228;238;238;238;238;238;248;248;248;248;248;258;258;258;258;258;268;268;268;268;268;277;277;277;277;277;287;287;287;287;287;297;297;297;297;297;307;307;307;307;307;317;317;317;317;317>,,,,{drawcard=huang_effect_loop}
40456,守御,4,6,config/item/gem/icon_4_hu_6.png,5,防御向符石,9999,{529=400},,5,1,<3427;3478;3530;3581;3633;3684;3735;3787;3838;3890;3975;4030;4085;4140;4195;4249;4304;4359;4414;4469;4592;4650;4709;4767;4825;4883;4942;5000;5058;5117;5278;5339;5401;5463;5524;5586;5648;5709;5771;5833;6169;6237;6306;6374;6443;6511;6580;6648;6717;6785;7197;7272;7347;7423;7498;7574;7649;7724;7800;7875;8362;8444;8526;8609;8691;8773;8855;8938;9020;9102;9664;9753;9842;9931;10021;10110;10199;10288;10377;10466;11103;11199;11295;11391;11487;11583;11679;11775;11871;11967;12680;12783;12886;12988;13091;13194;13297;13400;13502;13605;14393;14503;14613;14722;14832;14942;15051;15161;15271;15380;16244;16360;16477;16594;16710;16827;16943;17060;17176;17293>,7,<680;690;700;711;721;731;741;751;762;772;789;800;811;821;832;843;854;865;876;887;911;923;934;946;957;969;981;992;1004;1015;1047;1059;1072;1084;1096;1108;1121;1133;1145;1157;1224;1238;1251;1265;1278;1292;1306;1319;1333;1346;1428;1443;1458;1473;1488;1503;1518;1533;1548;1563;1659;1676;1692;1708;1724;1741;1757;1773;1790;1806;1918;1935;1953;1971;1988;2006;2024;2041;2059;2077;2203;2222;2241;2260;2279;2298;2317;2336;2356;2375;2516;2536;2557;2577;2598;2618;2638;2659;2679;2700;2856;2878;2900;2921;2943;2965;2987;3008;3030;3052;3223;3246;3269;3293;3316;3339;3362;3385;3408;3431>,8,<680;690;700;711;721;731;741;751;762;772;789;800;811;821;832;843;854;865;876;887;911;923;934;946;957;969;981;992;1004;1015;1047;1059;1072;1084;1096;1108;1121;1133;1145;1157;1224;1238;1251;1265;1278;1292;1306;1319;1333;1346;1428;1443;1458;1473;1488;1503;1518;1533;1548;1563;1659;1676;1692;1708;1724;1741;1757;1773;1790;1806;1918;1935;1953;1971;1988;2006;2024;2041;2059;2077;2203;2222;2241;2260;2279;2298;2317;2336;2356;2375;2516;2536;2557;2577;2598;2618;2638;2659;2679;2700;2856;2878;2900;2921;2943;2965;2987;3008;3030;3052;3223;3246;3269;3293;3316;3339;3362;3385;3408;3431>,16,<76;76;76;76;76;84;84;84;84;84;92;92;92;92;92;101;101;101;101;101;109;109;109;109;109;117;117;117;117;117;125;125;125;125;125;133;133;133;133;133;141;141;141;141;141;150;150;150;150;150;158;158;158;158;158;166;166;166;166;166;174;174;174;174;174;182;182;182;182;182;190;190;190;190;190;199;199;199;199;199;207;207;207;207;207;215;215;215;215;215;223;223;223;223;223;231;231;231;231;231;239;239;239;239;239;248;248;248;248;248;256;256;256;256;256;264;264;264;264;264>,,,,{drawcard=huang_effect_loop}
40461,守御,4,1,config/item/gem/icon_4_h_1.png,6,防御向符石,9999,{529=2000},,6,1,<5040;5116;5191;5267;5342;5418;5494;5569;5645;5720;5846;5927;6008;6088;6169;6250;6330;6411;6492;6572;6754;6839;6925;7011;7096;7182;7268;7353;7439;7525;7762;7852;7943;8034;8124;8215;8306;8397;8487;8578;9878;9999;10120;10241;10362;10483;10604;10725;10846;10967;11592;11723;11854;11985;12116;12247;12378;12509;12640;12771;13507;13648;13789;13931;14072;14213;14354;14495;14636;14777;15624;15775;15926;16078;16229;16380;16531;16682;16834;16985;17942;18104;18265;18426;18588;18749;18910;19071;19233;19394;20462;20634;20805;20976;21148;21319;21491;21662;21833;22005;23184;23365;23547;23728;23910;24091;24273;24454;24636;24817;26107;26299;26490;26682;26873;27065;27256;27448;27639;27831>,9,<700;711;721;732;742;753;763;774;784;795;812;823;834;846;857;868;879;890;902;913;938;950;962;974;986;998;1009;1021;1033;1045;1078;1091;1103;1116;1128;1141;1154;1166;1179;1191;1372;1389;1406;1422;1439;1456;1473;1490;1506;1523;1610;1628;1646;1665;1683;1701;1719;1737;1756;1774;1876;1896;1915;1935;1954;1974;1994;2013;2033;2052;2170;2191;2212;2233;2254;2275;2296;2317;2338;2359;2492;2514;2537;2559;2582;2604;2626;2649;2671;2694;2842;2866;2890;2913;2937;2961;2985;3009;3032;3056;3220;3245;3270;3296;3321;3346;3371;3396;3422;3447;3626;3653;3679;3706;3732;3759;3786;3812;3839;3865>,17,<134;134;134;134;134;149;149;149;149;149;163;163;163;163;163;178;178;178;178;178;192;192;192;192;192;206;206;206;206;206;221;221;221;221;221;235;235;235;235;235;250;250;250;250;250;264;264;264;264;264;278;278;278;278;278;293;293;293;293;293;307;307;307;307;307;322;322;322;322;322;336;336;336;336;336;350;350;350;350;350;365;365;365;365;365;379;379;379;379;379;394;394;394;394;394;408;408;408;408;408;422;422;422;422;422;437;437;437;437;437;451;451;451;451;451;466;466;466;466;466>,,,,,,{drawcard=hong_effect_loop}
40462,守御,4,2,config/item/gem/icon_4_h_2.png,6,防御向符石,9999,{529=2000},,6,1,<5040;5116;5191;5267;5342;5418;5494;5569;5645;5720;5846;5927;6008;6088;6169;6250;6330;6411;6492;6572;6754;6839;6925;7011;7096;7182;7268;7353;7439;7525;7762;7852;7943;8034;8124;8215;8306;8397;8487;8578;9878;9999;10120;10241;10362;10483;10604;10725;10846;10967;11592;11723;11854;11985;12116;12247;12378;12509;12640;12771;13507;13648;13789;13931;14072;14213;14354;14495;14636;14777;15624;15775;15926;16078;16229;16380;16531;16682;16834;16985;17942;18104;18265;18426;18588;18749;18910;19071;19233;19394;20462;20634;20805;20976;21148;21319;21491;21662;21833;22005;23184;23365;23547;23728;23910;24091;24273;24454;24636;24817;26107;26299;26490;26682;26873;27065;27256;27448;27639;27831>,10,<700;711;721;732;742;753;763;774;784;795;812;823;834;846;857;868;879;890;902;913;938;950;962;974;986;998;1009;1021;1033;1045;1078;1091;1103;1116;1128;1141;1154;1166;1179;1191;1372;1389;1406;1422;1439;1456;1473;1490;1506;1523;1610;1628;1646;1665;1683;1701;1719;1737;1756;1774;1876;1896;1915;1935;1954;1974;1994;2013;2033;2052;2170;2191;2212;2233;2254;2275;2296;2317;2338;2359;2492;2514;2537;2559;2582;2604;2626;2649;2671;2694;2842;2866;2890;2913;2937;2961;2985;3009;3032;3056;3220;3245;3270;3296;3321;3346;3371;3396;3422;3447;3626;3653;3679;3706;3732;3759;3786;3812;3839;3865>,19,<134;134;134;134;134;149;149;149;149;149;163;163;163;163;163;178;178;178;178;178;192;192;192;192;192;206;206;206;206;206;221;221;221;221;221;235;235;235;235;235;250;250;250;250;250;264;264;264;264;264;278;278;278;278;278;293;293;293;293;293;307;307;307;307;307;322;322;322;322;322;336;336;336;336;336;350;350;350;350;350;365;365;365;365;365;379;379;379;379;379;394;394;394;394;394;408;408;408;408;408;422;422;422;422;422;437;437;437;437;437;451;451;451;451;451;466;466;466;466;466>,,,,,,{drawcard=hong_effect_loop}
40463,守御,4,3,config/item/gem/icon_4_h_3.png,6,防御向符石,9999,{529=2000},,6,9,<700;711;721;732;742;753;763;774;784;795;812;823;834;846;857;868;879;890;902;913;938;950;962;974;986;998;1009;1021;1033;1045;1078;1091;1103;1116;1128;1141;1154;1166;1179;1191;1372;1389;1406;1422;1439;1456;1473;1490;1506;1523;1610;1628;1646;1665;1683;1701;1719;1737;1756;1774;1876;1896;1915;1935;1954;1974;1994;2013;2033;2052;2170;2191;2212;2233;2254;2275;2296;2317;2338;2359;2492;2514;2537;2559;2582;2604;2626;2649;2671;2694;2842;2866;2890;2913;2937;2961;2985;3009;3032;3056;3220;3245;3270;3296;3321;3346;3371;3396;3422;3447;3626;3653;3679;3706;3732;3759;3786;3812;3839;3865>,10,<700;711;721;732;742;753;763;774;784;795;812;823;834;846;857;868;879;890;902;913;938;950;962;974;986;998;1009;1021;1033;1045;1078;1091;1103;1116;1128;1141;1154;1166;1179;1191;1372;1389;1406;1422;1439;1456;1473;1490;1506;1523;1610;1628;1646;1665;1683;1701;1719;1737;1756;1774;1876;1896;1915;1935;1954;1974;1994;2013;2033;2052;2170;2191;2212;2233;2254;2275;2296;2317;2338;2359;2492;2514;2537;2559;2582;2604;2626;2649;2671;2694;2842;2866;2890;2913;2937;2961;2985;3009;3032;3056;3220;3245;3270;3296;3321;3346;3371;3396;3422;3447;3626;3653;3679;3706;3732;3759;3786;3812;3839;3865>,22,<67;67;67;67;67;74;74;74;74;74;82;82;82;82;82;89;89;89;89;89;96;96;96;96;96;103;103;103;103;103;110;110;110;110;110;118;118;118;118;118;125;125;125;125;125;132;132;132;132;132;139;139;139;139;139;146;146;146;146;146;154;154;154;154;154;161;161;161;161;161;168;168;168;168;168;175;175;175;175;175;182;182;182;182;182;190;190;190;190;190;197;197;197;197;197;204;204;204;204;204;211;211;211;211;211;218;218;218;218;218;226;226;226;226;226;233;233;233;233;233>,,,,,,{drawcard=hong_effect_loop}
40464,守御,4,4,config/item/gem/icon_4_h_4.png,6,防御向符石,9999,{529=2000},,6,9,<700;711;721;732;742;753;763;774;784;795;812;823;834;846;857;868;879;890;902;913;938;950;962;974;986;998;1009;1021;1033;1045;1078;1091;1103;1116;1128;1141;1154;1166;1179;1191;1372;1389;1406;1422;1439;1456;1473;1490;1506;1523;1610;1628;1646;1665;1683;1701;1719;1737;1756;1774;1876;1896;1915;1935;1954;1974;1994;2013;2033;2052;2170;2191;2212;2233;2254;2275;2296;2317;2338;2359;2492;2514;2537;2559;2582;2604;2626;2649;2671;2694;2842;2866;2890;2913;2937;2961;2985;3009;3032;3056;3220;3245;3270;3296;3321;3346;3371;3396;3422;3447;3626;3653;3679;3706;3732;3759;3786;3812;3839;3865>,10,<700;711;721;732;742;753;763;774;784;795;812;823;834;846;857;868;879;890;902;913;938;950;962;974;986;998;1009;1021;1033;1045;1078;1091;1103;1116;1128;1141;1154;1166;1179;1191;1372;1389;1406;1422;1439;1456;1473;1490;1506;1523;1610;1628;1646;1665;1683;1701;1719;1737;1756;1774;1876;1896;1915;1935;1954;1974;1994;2013;2033;2052;2170;2191;2212;2233;2254;2275;2296;2317;2338;2359;2492;2514;2537;2559;2582;2604;2626;2649;2671;2694;2842;2866;2890;2913;2937;2961;2985;3009;3032;3056;3220;3245;3270;3296;3321;3346;3371;3396;3422;3447;3626;3653;3679;3706;3732;3759;3786;3812;3839;3865>,23,<67;67;67;67;67;74;74;74;74;74;82;82;82;82;82;89;89;89;89;89;96;96;96;96;96;103;103;103;103;103;110;110;110;110;110;118;118;118;118;118;125;125;125;125;125;132;132;132;132;132;139;139;139;139;139;146;146;146;146;146;154;154;154;154;154;161;161;161;161;161;168;168;168;168;168;175;175;175;175;175;182;182;182;182;182;190;190;190;190;190;197;197;197;197;197;204;204;204;204;204;211;211;211;211;211;218;218;218;218;218;226;226;226;226;226;233;233;233;233;233>,,,,,,{drawcard=hong_effect_loop}
40465,守御,4,5,config/item/gem/icon_4_h_5.png,6,防御向符石,9999,{529=2000},,6,1,<5040;5116;5191;5267;5342;5418;5494;5569;5645;5720;5846;5927;6008;6088;6169;6250;6330;6411;6492;6572;6754;6839;6925;7011;7096;7182;7268;7353;7439;7525;7762;7852;7943;8034;8124;8215;8306;8397;8487;8578;9878;9999;10120;10241;10362;10483;10604;10725;10846;10967;11592;11723;11854;11985;12116;12247;12378;12509;12640;12771;13507;13648;13789;13931;14072;14213;14354;14495;14636;14777;15624;15775;15926;16078;16229;16380;16531;16682;16834;16985;17942;18104;18265;18426;18588;18749;18910;19071;19233;19394;20462;20634;20805;20976;21148;21319;21491;21662;21833;22005;23184;23365;23547;23728;23910;24091;24273;24454;24636;24817;26107;26299;26490;26682;26873;27065;27256;27448;27639;27831>,7,<1000;1015;1030;1045;1060;1075;1090;1105;1120;1135;1160;1176;1192;1208;1224;1240;1256;1272;1288;1304;1340;1357;1374;1391;1408;1425;1442;1459;1476;1493;1540;1558;1576;1594;1612;1630;1648;1666;1684;1702;1960;1984;2008;2032;2056;2080;2104;2128;2152;2176;2300;2326;2352;2378;2404;2430;2456;2482;2508;2534;2680;2708;2736;2764;2792;2820;2848;2876;2904;2932;3100;3130;3160;3190;3220;3250;3280;3310;3340;3370;3560;3592;3624;3656;3688;3720;3752;3784;3816;3848;4060;4094;4128;4162;4196;4230;4264;4298;4332;4366;4600;4636;4672;4708;4744;4780;4816;4852;4888;4924;5180;5218;5256;5294;5332;5370;5408;5446;5484;5522>,8,<1000;1015;1030;1045;1060;1075;1090;1105;1120;1135;1160;1176;1192;1208;1224;1240;1256;1272;1288;1304;1340;1357;1374;1391;1408;1425;1442;1459;1476;1493;1540;1558;1576;1594;1612;1630;1648;1666;1684;1702;1960;1984;2008;2032;2056;2080;2104;2128;2152;2176;2300;2326;2352;2378;2404;2430;2456;2482;2508;2534;2680;2708;2736;2764;2792;2820;2848;2876;2904;2932;3100;3130;3160;3190;3220;3250;3280;3310;3340;3370;3560;3592;3624;3656;3688;3720;3752;3784;3816;3848;4060;4094;4128;4162;4196;4230;4264;4298;4332;4366;4600;4636;4672;4708;4744;4780;4816;4852;4888;4924;5180;5218;5256;5294;5332;5370;5408;5446;5484;5522>,91,<134;134;134;134;134;149;149;149;149;149;163;163;163;163;163;178;178;178;178;178;192;192;192;192;192;206;206;206;206;206;221;221;221;221;221;235;235;235;235;235;250;250;250;250;250;264;264;264;264;264;278;278;278;278;278;293;293;293;293;293;307;307;307;307;307;322;322;322;322;322;336;336;336;336;336;350;350;350;350;350;365;365;365;365;365;379;379;379;379;379;394;394;394;394;394;408;408;408;408;408;422;422;422;422;422;437;437;437;437;437;451;451;451;451;451;466;466;466;466;466>,,,,{drawcard=hong_effect_loop}
40466,守御,4,6,config/item/gem/icon_4_h_6.png,6,防御向符石,9999,{529=2000},,6,1,<5040;5116;5191;5267;5342;5418;5494;5569;5645;5720;5846;5927;6008;6088;6169;6250;6330;6411;6492;6572;6754;6839;6925;7011;7096;7182;7268;7353;7439;7525;7762;7852;7943;8034;8124;8215;8306;8397;8487;8578;9878;9999;10120;10241;10362;10483;10604;10725;10846;10967;11592;11723;11854;11985;12116;12247;12378;12509;12640;12771;13507;13648;13789;13931;14072;14213;14354;14495;14636;14777;15624;15775;15926;16078;16229;16380;16531;16682;16834;16985;17942;18104;18265;18426;18588;18749;18910;19071;19233;19394;20462;20634;20805;20976;21148;21319;21491;21662;21833;22005;23184;23365;23547;23728;23910;24091;24273;24454;24636;24817;26107;26299;26490;26682;26873;27065;27256;27448;27639;27831>,7,<1000;1015;1030;1045;1060;1075;1090;1105;1120;1135;1160;1176;1192;1208;1224;1240;1256;1272;1288;1304;1340;1357;1374;1391;1408;1425;1442;1459;1476;1493;1540;1558;1576;1594;1612;1630;1648;1666;1684;1702;1960;1984;2008;2032;2056;2080;2104;2128;2152;2176;2300;2326;2352;2378;2404;2430;2456;2482;2508;2534;2680;2708;2736;2764;2792;2820;2848;2876;2904;2932;3100;3130;3160;3190;3220;3250;3280;3310;3340;3370;3560;3592;3624;3656;3688;3720;3752;3784;3816;3848;4060;4094;4128;4162;4196;4230;4264;4298;4332;4366;4600;4636;4672;4708;4744;4780;4816;4852;4888;4924;5180;5218;5256;5294;5332;5370;5408;5446;5484;5522>,8,<1000;1015;1030;1045;1060;1075;1090;1105;1120;1135;1160;1176;1192;1208;1224;1240;1256;1272;1288;1304;1340;1357;1374;1391;1408;1425;1442;1459;1476;1493;1540;1558;1576;1594;1612;1630;1648;1666;1684;1702;1960;1984;2008;2032;2056;2080;2104;2128;2152;2176;2300;2326;2352;2378;2404;2430;2456;2482;2508;2534;2680;2708;2736;2764;2792;2820;2848;2876;2904;2932;3100;3130;3160;3190;3220;3250;3280;3310;3340;3370;3560;3592;3624;3656;3688;3720;3752;3784;3816;3848;4060;4094;4128;4162;4196;4230;4264;4298;4332;4366;4600;4636;4672;4708;4744;4780;4816;4852;4888;4924;5180;5218;5256;5294;5332;5370;5408;5446;5484;5522>,16,<112;112;112;112;112;124;124;124;124;124;136;136;136;136;136;148;148;148;148;148;160;160;160;160;160;172;172;172;172;172;184;184;184;184;184;196;196;196;196;196;208;208;208;208;208;220;220;220;220;220;232;232;232;232;232;244;244;244;244;244;256;256;256;256;256;268;268;268;268;268;280;280;280;280;280;292;292;292;292;292;304;304;304;304;304;316;316;316;316;316;328;328;328;328;328;340;340;340;340;340;352;352;352;352;352;364;364;364;364;364;376;376;376;376;376;388;388;388;388;388>,,,,{drawcard=hong_effect_loop}
40521,盾甲,5,1,config/item/gem/icon_7_lv_1.png,2,防御向符石,9999,{529=20},,2,1,<1008;1023;1038;1053;1068;1084;1099;1114;1129;1144;1169;1185;1202;1218;1234;1250;1266;1282;1298;1314;1351;1368;1385;1402;1419;1436;1454;1471;1488;1505;1552;1570;1589;1607;1625;1643;1661;1679;1697;1716;1814;1835;1855;1875;1895;1915;1935;1956;1976;1996;2117;2139;2161;2183;2206;2228;2250;2272;2294;2316;2460;2484;2508;2532;2556;2580;2605;2629;2653;2677;2843;2869;2895;2921;2947;2974;3000;3026;3052;3078;3266;3294;3322;3351;3379;3407;3435;3463;3492;3520;3730;3760;3790;3820;3851;3881;3911;3941;3972;4002;4234;4266;4298;4330;4363;4395;4427;4459;4492;4524;4778;4812;4846;4881;4915;4949;4984;5018;5052;5086>,9,<140;142;144;146;148;151;153;155;157;159;162;165;167;169;171;174;176;178;180;183;188;190;192;195;197;200;202;204;207;209;216;218;221;223;226;228;231;233;236;238;252;255;258;260;263;266;269;272;274;277;294;297;300;303;306;309;312;316;319;322;342;345;348;352;355;358;362;365;368;372;395;398;402;406;409;413;417;420;424;428;454;458;461;465;469;473;477;481;485;489;518;522;526;531;535;539;543;547;552;556;588;592;597;601;606;610;615;619;624;628;664;668;673;678;683;687;692;697;702;706>,17,<27;27;27;27;27;30;30;30;30;30;33;33;33;33;33;36;36;36;36;36;38;38;38;38;38;41;41;41;41;41;44;44;44;44;44;47;47;47;47;47;50;50;50;50;50;53;53;53;53;53;56;56;56;56;56;59;59;59;59;59;61;61;61;61;61;64;64;64;64;64;67;67;67;67;67;70;70;70;70;70;73;73;73;73;73;76;76;76;76;76;79;79;79;79;79;82;82;82;82;82;84;84;84;84;84;87;87;87;87;87;90;90;90;90;90;93;93;93;93;93>,,,,,,
40522,盾甲,5,2,config/item/gem/icon_7_lv_2.png,2,防御向符石,9999,{529=20},,2,1,<1008;1023;1038;1053;1068;1084;1099;1114;1129;1144;1169;1185;1202;1218;1234;1250;1266;1282;1298;1314;1351;1368;1385;1402;1419;1436;1454;1471;1488;1505;1552;1570;1589;1607;1625;1643;1661;1679;1697;1716;1814;1835;1855;1875;1895;1915;1935;1956;1976;1996;2117;2139;2161;2183;2206;2228;2250;2272;2294;2316;2460;2484;2508;2532;2556;2580;2605;2629;2653;2677;2843;2869;2895;2921;2947;2974;3000;3026;3052;3078;3266;3294;3322;3351;3379;3407;3435;3463;3492;3520;3730;3760;3790;3820;3851;3881;3911;3941;3972;4002;4234;4266;4298;4330;4363;4395;4427;4459;4492;4524;4778;4812;4846;4881;4915;4949;4984;5018;5052;5086>,10,<140;142;144;146;148;151;153;155;157;159;162;165;167;169;171;174;176;178;180;183;188;190;192;195;197;200;202;204;207;209;216;218;221;223;226;228;231;233;236;238;252;255;258;260;263;266;269;272;274;277;294;297;300;303;306;309;312;316;319;322;342;345;348;352;355;358;362;365;368;372;395;398;402;406;409;413;417;420;424;428;454;458;461;465;469;473;477;481;485;489;518;522;526;531;535;539;543;547;552;556;588;592;597;601;606;610;615;619;624;628;664;668;673;678;683;687;692;697;702;706>,19,<27;27;27;27;27;30;30;30;30;30;33;33;33;33;33;36;36;36;36;36;38;38;38;38;38;41;41;41;41;41;44;44;44;44;44;47;47;47;47;47;50;50;50;50;50;53;53;53;53;53;56;56;56;56;56;59;59;59;59;59;61;61;61;61;61;64;64;64;64;64;67;67;67;67;67;70;70;70;70;70;73;73;73;73;73;76;76;76;76;76;79;79;79;79;79;82;82;82;82;82;84;84;84;84;84;87;87;87;87;87;90;90;90;90;90;93;93;93;93;93>,,,,,,
40523,盾甲,5,3,config/item/gem/icon_7_lv_3.png,2,防御向符石,9999,{529=20},,2,9,<140;142;144;146;148;151;153;155;157;159;162;165;167;169;171;174;176;178;180;183;188;190;192;195;197;200;202;204;207;209;216;218;221;223;226;228;231;233;236;238;252;255;258;260;263;266;269;272;274;277;294;297;300;303;306;309;312;316;319;322;342;345;348;352;355;358;362;365;368;372;395;398;402;406;409;413;417;420;424;428;454;458;461;465;469;473;477;481;485;489;518;522;526;531;535;539;543;547;552;556;588;592;597;601;606;610;615;619;624;628;664;668;673;678;683;687;692;697;702;706>,10,<140;142;144;146;148;151;153;155;157;159;162;165;167;169;171;174;176;178;180;183;188;190;192;195;197;200;202;204;207;209;216;218;221;223;226;228;231;233;236;238;252;255;258;260;263;266;269;272;274;277;294;297;300;303;306;309;312;316;319;322;342;345;348;352;355;358;362;365;368;372;395;398;402;406;409;413;417;420;424;428;454;458;461;465;469;473;477;481;485;489;518;522;526;531;535;539;543;547;552;556;588;592;597;601;606;610;615;619;624;628;664;668;673;678;683;687;692;697;702;706>,22,<13;13;13;13;13;15;15;15;15;15;16;16;16;16;16;18;18;18;18;18;19;19;19;19;19;21;21;21;21;21;22;22;22;22;22;24;24;24;24;24;25;25;25;25;25;26;26;26;26;26;28;28;28;28;28;29;29;29;29;29;31;31;31;31;31;32;32;32;32;32;34;34;34;34;34;35;35;35;35;35;36;36;36;36;36;38;38;38;38;38;39;39;39;39;39;41;41;41;41;41;42;42;42;42;42;44;44;44;44;44;45;45;45;45;45;47;47;47;47;47>,,,,,,
40524,盾甲,5,4,config/item/gem/icon_7_lv_4.png,2,防御向符石,9999,{529=20},,2,9,<140;142;144;146;148;151;153;155;157;159;162;165;167;169;171;174;176;178;180;183;188;190;192;195;197;200;202;204;207;209;216;218;221;223;226;228;231;233;236;238;252;255;258;260;263;266;269;272;274;277;294;297;300;303;306;309;312;316;319;322;342;345;348;352;355;358;362;365;368;372;395;398;402;406;409;413;417;420;424;428;454;458;461;465;469;473;477;481;485;489;518;522;526;531;535;539;543;547;552;556;588;592;597;601;606;610;615;619;624;628;664;668;673;678;683;687;692;697;702;706>,10,<140;142;144;146;148;151;153;155;157;159;162;165;167;169;171;174;176;178;180;183;188;190;192;195;197;200;202;204;207;209;216;218;221;223;226;228;231;233;236;238;252;255;258;260;263;266;269;272;274;277;294;297;300;303;306;309;312;316;319;322;342;345;348;352;355;358;362;365;368;372;395;398;402;406;409;413;417;420;424;428;454;458;461;465;469;473;477;481;485;489;518;522;526;531;535;539;543;547;552;556;588;592;597;601;606;610;615;619;624;628;664;668;673;678;683;687;692;697;702;706>,23,<13;13;13;13;13;15;15;15;15;15;16;16;16;16;16;18;18;18;18;18;19;19;19;19;19;21;21;21;21;21;22;22;22;22;22;24;24;24;24;24;25;25;25;25;25;26;26;26;26;26;28;28;28;28;28;29;29;29;29;29;31;31;31;31;31;32;32;32;32;32;34;34;34;34;34;35;35;35;35;35;36;36;36;36;36;38;38;38;38;38;39;39;39;39;39;41;41;41;41;41;42;42;42;42;42;44;44;44;44;44;45;45;45;45;45;47;47;47;47;47>,,,,,,
40525,盾甲,5,5,config/item/gem/icon_7_lv_5.png,2,防御向符石,9999,{529=20},,2,1,<1008;1023;1038;1053;1068;1084;1099;1114;1129;1144;1169;1185;1202;1218;1234;1250;1266;1282;1298;1314;1351;1368;1385;1402;1419;1436;1454;1471;1488;1505;1552;1570;1589;1607;1625;1643;1661;1679;1697;1716;1814;1835;1855;1875;1895;1915;1935;1956;1976;1996;2117;2139;2161;2183;2206;2228;2250;2272;2294;2316;2460;2484;2508;2532;2556;2580;2605;2629;2653;2677;2843;2869;2895;2921;2947;2974;3000;3026;3052;3078;3266;3294;3322;3351;3379;3407;3435;3463;3492;3520;3730;3760;3790;3820;3851;3881;3911;3941;3972;4002;4234;4266;4298;4330;4363;4395;4427;4459;4492;4524;4778;4812;4846;4881;4915;4949;4984;5018;5052;5086>,7,<200;203;206;209;212;215;218;221;224;227;232;235;238;242;245;248;251;254;258;261;268;271;275;278;282;285;288;292;295;299;308;312;315;319;322;326;330;333;337;340;360;364;368;372;376;380;384;388;392;396;420;424;429;433;438;442;446;451;455;460;488;493;498;502;507;512;517;522;526;531;564;569;574;580;585;590;595;600;606;611;648;654;659;665;670;676;682;687;693;698;740;746;752;758;764;770;776;782;788;794;840;846;853;859;866;872;878;885;891;898;948;955;962;968;975;982;989;996;1002;1009>,8,<200;203;206;209;212;215;218;221;224;227;232;235;238;242;245;248;251;254;258;261;268;271;275;278;282;285;288;292;295;299;308;312;315;319;322;326;330;333;337;340;360;364;368;372;376;380;384;388;392;396;420;424;429;433;438;442;446;451;455;460;488;493;498;502;507;512;517;522;526;531;564;569;574;580;585;590;595;600;606;611;648;654;659;665;670;676;682;687;693;698;740;746;752;758;764;770;776;782;788;794;840;846;853;859;866;872;878;885;891;898;948;955;962;968;975;982;989;996;1002;1009>,91,<27;27;27;27;27;30;30;30;30;30;33;33;33;33;33;36;36;36;36;36;38;38;38;38;38;41;41;41;41;41;44;44;44;44;44;47;47;47;47;47;50;50;50;50;50;53;53;53;53;53;56;56;56;56;56;59;59;59;59;59;61;61;61;61;61;64;64;64;64;64;67;67;67;67;67;70;70;70;70;70;73;73;73;73;73;76;76;76;76;76;79;79;79;79;79;82;82;82;82;82;84;84;84;84;84;87;87;87;87;87;90;90;90;90;90;93;93;93;93;93>,,,,
40526,盾甲,5,6,config/item/gem/icon_7_lv_6.png,2,防御向符石,9999,{529=20},,2,1,<1008;1023;1038;1053;1068;1084;1099;1114;1129;1144;1169;1185;1202;1218;1234;1250;1266;1282;1298;1314;1351;1368;1385;1402;1419;1436;1454;1471;1488;1505;1552;1570;1589;1607;1625;1643;1661;1679;1697;1716;1814;1835;1855;1875;1895;1915;1935;1956;1976;1996;2117;2139;2161;2183;2206;2228;2250;2272;2294;2316;2460;2484;2508;2532;2556;2580;2605;2629;2653;2677;2843;2869;2895;2921;2947;2974;3000;3026;3052;3078;3266;3294;3322;3351;3379;3407;3435;3463;3492;3520;3730;3760;3790;3820;3851;3881;3911;3941;3972;4002;4234;4266;4298;4330;4363;4395;4427;4459;4492;4524;4778;4812;4846;4881;4915;4949;4984;5018;5052;5086>,7,<200;203;206;209;212;215;218;221;224;227;232;235;238;242;245;248;251;254;258;261;268;271;275;278;282;285;288;292;295;299;308;312;315;319;322;326;330;333;337;340;360;364;368;372;376;380;384;388;392;396;420;424;429;433;438;442;446;451;455;460;488;493;498;502;507;512;517;522;526;531;564;569;574;580;585;590;595;600;606;611;648;654;659;665;670;676;682;687;693;698;740;746;752;758;764;770;776;782;788;794;840;846;853;859;866;872;878;885;891;898;948;955;962;968;975;982;989;996;1002;1009>,8,<200;203;206;209;212;215;218;221;224;227;232;235;238;242;245;248;251;254;258;261;268;271;275;278;282;285;288;292;295;299;308;312;315;319;322;326;330;333;337;340;360;364;368;372;376;380;384;388;392;396;420;424;429;433;438;442;446;451;455;460;488;493;498;502;507;512;517;522;526;531;564;569;574;580;585;590;595;600;606;611;648;654;659;665;670;676;682;687;693;698;740;746;752;758;764;770;776;782;788;794;840;846;853;859;866;872;878;885;891;898;948;955;962;968;975;982;989;996;1002;1009>,16,<22;22;22;22;22;25;25;25;25;25;27;27;27;27;27;30;30;30;30;30;32;32;32;32;32;34;34;34;34;34;37;37;37;37;37;39;39;39;39;39;42;42;42;42;42;44;44;44;44;44;46;46;46;46;46;49;49;49;49;49;51;51;51;51;51;54;54;54;54;54;56;56;56;56;56;58;58;58;58;58;61;61;61;61;61;63;63;63;63;63;66;66;66;66;66;68;68;68;68;68;70;70;70;70;70;73;73;73;73;73;75;75;75;75;75;78;78;78;78;78>,,,,
40531,盾甲,5,1,config/item/gem/icon_7_l_1.png,3,防御向符石,9999,{529=40},,3,1,<1512;1535;1557;1580;1603;1625;1648;1671;1693;1716;1754;1778;1802;1826;1851;1875;1899;1923;1947;1972;2026;2052;2077;2103;2129;2155;2180;2206;2232;2257;2328;2356;2383;2410;2437;2465;2492;2519;2546;2573;2722;2752;2782;2812;2843;2873;2903;2933;2964;2994;3175;3208;3242;3275;3308;3342;3375;3408;3441;3475;3689;3726;3762;3798;3834;3871;3907;3943;3980;4016;4264;4303;4342;4382;4421;4460;4500;4539;4578;4618;4899;4941;4984;5026;5068;5111;5153;5195;5238;5280;5594;5640;5685;5730;5776;5821;5867;5912;5957;6003;6350;6399;6447;6496;6544;6592;6641;6689;6737;6786;7167;7218;7270;7321;7373;7424;7475;7527;7578;7630>,9,<210;213;216;219;223;226;229;232;235;238;244;247;250;254;257;260;264;267;270;274;281;285;289;292;296;299;303;306;310;314;323;327;331;335;339;342;346;350;354;357;378;382;386;391;395;399;403;407;412;416;441;446;450;455;459;464;469;473;478;483;512;517;522;528;533;538;543;548;553;558;592;598;603;609;614;620;625;630;636;641;680;686;692;698;704;710;716;722;727;733;777;783;790;796;802;809;815;821;827;834;882;889;895;902;909;916;922;929;936;942;995;1003;1010;1017;1024;1031;1038;1045;1053;1060>,17,<40;40;40;40;40;45;45;45;45;45;49;49;49;49;49;53;53;53;53;53;58;58;58;58;58;62;62;62;62;62;66;66;66;66;66;71;71;71;71;71;75;75;75;75;75;79;79;79;79;79;84;84;84;84;84;88;88;88;88;88;92;92;92;92;92;96;96;96;96;96;101;101;101;101;101;105;105;105;105;105;109;109;109;109;109;114;114;114;114;114;118;118;118;118;118;122;122;122;122;122;127;127;127;127;127;131;131;131;131;131;135;135;135;135;135;140;140;140;140;140>,,,,,,
40532,盾甲,5,2,config/item/gem/icon_7_l_2.png,3,防御向符石,9999,{529=40},,3,1,<1512;1535;1557;1580;1603;1625;1648;1671;1693;1716;1754;1778;1802;1826;1851;1875;1899;1923;1947;1972;2026;2052;2077;2103;2129;2155;2180;2206;2232;2257;2328;2356;2383;2410;2437;2465;2492;2519;2546;2573;2722;2752;2782;2812;2843;2873;2903;2933;2964;2994;3175;3208;3242;3275;3308;3342;3375;3408;3441;3475;3689;3726;3762;3798;3834;3871;3907;3943;3980;4016;4264;4303;4342;4382;4421;4460;4500;4539;4578;4618;4899;4941;4984;5026;5068;5111;5153;5195;5238;5280;5594;5640;5685;5730;5776;5821;5867;5912;5957;6003;6350;6399;6447;6496;6544;6592;6641;6689;6737;6786;7167;7218;7270;7321;7373;7424;7475;7527;7578;7630>,10,<210;213;216;219;223;226;229;232;235;238;244;247;250;254;257;260;264;267;270;274;281;285;289;292;296;299;303;306;310;314;323;327;331;335;339;342;346;350;354;357;378;382;386;391;395;399;403;407;412;416;441;446;450;455;459;464;469;473;478;483;512;517;522;528;533;538;543;548;553;558;592;598;603;609;614;620;625;630;636;641;680;686;692;698;704;710;716;722;727;733;777;783;790;796;802;809;815;821;827;834;882;889;895;902;909;916;922;929;936;942;995;1003;1010;1017;1024;1031;1038;1045;1053;1060>,19,<40;40;40;40;40;45;45;45;45;45;49;49;49;49;49;53;53;53;53;53;58;58;58;58;58;62;62;62;62;62;66;66;66;66;66;71;71;71;71;71;75;75;75;75;75;79;79;79;79;79;84;84;84;84;84;88;88;88;88;88;92;92;92;92;92;96;96;96;96;96;101;101;101;101;101;105;105;105;105;105;109;109;109;109;109;114;114;114;114;114;118;118;118;118;118;122;122;122;122;122;127;127;127;127;127;131;131;131;131;131;135;135;135;135;135;140;140;140;140;140>,,,,,,
40533,盾甲,5,3,config/item/gem/icon_7_l_3.png,3,防御向符石,9999,{529=40},,3,9,<210;213;216;219;223;226;229;232;235;238;244;247;250;254;257;260;264;267;270;274;281;285;289;292;296;299;303;306;310;314;323;327;331;335;339;342;346;350;354;357;378;382;386;391;395;399;403;407;412;416;441;446;450;455;459;464;469;473;478;483;512;517;522;528;533;538;543;548;553;558;592;598;603;609;614;620;625;630;636;641;680;686;692;698;704;710;716;722;727;733;777;783;790;796;802;809;815;821;827;834;882;889;895;902;909;916;922;929;936;942;995;1003;1010;1017;1024;1031;1038;1045;1053;1060>,10,<210;213;216;219;223;226;229;232;235;238;244;247;250;254;257;260;264;267;270;274;281;285;289;292;296;299;303;306;310;314;323;327;331;335;339;342;346;350;354;357;378;382;386;391;395;399;403;407;412;416;441;446;450;455;459;464;469;473;478;483;512;517;522;528;533;538;543;548;553;558;592;598;603;609;614;620;625;630;636;641;680;686;692;698;704;710;716;722;727;733;777;783;790;796;802;809;815;821;827;834;882;889;895;902;909;916;922;929;936;942;995;1003;1010;1017;1024;1031;1038;1045;1053;1060>,22,<20;20;20;20;20;22;22;22;22;22;24;24;24;24;24;27;27;27;27;27;29;29;29;29;29;31;31;31;31;31;33;33;33;33;33;35;35;35;35;35;37;37;37;37;37;40;40;40;40;40;42;42;42;42;42;44;44;44;44;44;46;46;46;46;46;48;48;48;48;48;50;50;50;50;50;53;53;53;53;53;55;55;55;55;55;57;57;57;57;57;59;59;59;59;59;61;61;61;61;61;63;63;63;63;63;66;66;66;66;66;68;68;68;68;68;70;70;70;70;70>,,,,,,
40534,盾甲,5,4,config/item/gem/icon_7_l_4.png,3,防御向符石,9999,{529=40},,3,9,<210;213;216;219;223;226;229;232;235;238;244;247;250;254;257;260;264;267;270;274;281;285;289;292;296;299;303;306;310;314;323;327;331;335;339;342;346;350;354;357;378;382;386;391;395;399;403;407;412;416;441;446;450;455;459;464;469;473;478;483;512;517;522;528;533;538;543;548;553;558;592;598;603;609;614;620;625;630;636;641;680;686;692;698;704;710;716;722;727;733;777;783;790;796;802;809;815;821;827;834;882;889;895;902;909;916;922;929;936;942;995;1003;1010;1017;1024;1031;1038;1045;1053;1060>,10,<210;213;216;219;223;226;229;232;235;238;244;247;250;254;257;260;264;267;270;274;281;285;289;292;296;299;303;306;310;314;323;327;331;335;339;342;346;350;354;357;378;382;386;391;395;399;403;407;412;416;441;446;450;455;459;464;469;473;478;483;512;517;522;528;533;538;543;548;553;558;592;598;603;609;614;620;625;630;636;641;680;686;692;698;704;710;716;722;727;733;777;783;790;796;802;809;815;821;827;834;882;889;895;902;909;916;922;929;936;942;995;1003;1010;1017;1024;1031;1038;1045;1053;1060>,23,<20;20;20;20;20;22;22;22;22;22;24;24;24;24;24;27;27;27;27;27;29;29;29;29;29;31;31;31;31;31;33;33;33;33;33;35;35;35;35;35;37;37;37;37;37;40;40;40;40;40;42;42;42;42;42;44;44;44;44;44;46;46;46;46;46;48;48;48;48;48;50;50;50;50;50;53;53;53;53;53;55;55;55;55;55;57;57;57;57;57;59;59;59;59;59;61;61;61;61;61;63;63;63;63;63;66;66;66;66;66;68;68;68;68;68;70;70;70;70;70>,,,,,,
40535,盾甲,5,5,config/item/gem/icon_7_l_5.png,3,防御向符石,9999,{529=40},,3,1,<1512;1535;1557;1580;1603;1625;1648;1671;1693;1716;1754;1778;1802;1826;1851;1875;1899;1923;1947;1972;2026;2052;2077;2103;2129;2155;2180;2206;2232;2257;2328;2356;2383;2410;2437;2465;2492;2519;2546;2573;2722;2752;2782;2812;2843;2873;2903;2933;2964;2994;3175;3208;3242;3275;3308;3342;3375;3408;3441;3475;3689;3726;3762;3798;3834;3871;3907;3943;3980;4016;4264;4303;4342;4382;4421;4460;4500;4539;4578;4618;4899;4941;4984;5026;5068;5111;5153;5195;5238;5280;5594;5640;5685;5730;5776;5821;5867;5912;5957;6003;6350;6399;6447;6496;6544;6592;6641;6689;6737;6786;7167;7218;7270;7321;7373;7424;7475;7527;7578;7630>,7,<300;305;309;314;318;323;327;332;336;341;348;353;358;362;367;372;377;382;386;391;402;407;412;417;422;428;433;438;443;448;462;467;473;478;484;489;494;500;505;511;540;546;552;558;564;570;576;582;588;594;630;637;643;650;656;663;670;676;683;689;732;739;746;754;761;768;775;782;790;797;846;854;862;869;877;885;893;901;908;916;972;980;989;997;1006;1014;1022;1031;1039;1048;1110;1119;1128;1137;1146;1155;1164;1173;1182;1191;1260;1270;1279;1289;1298;1308;1318;1327;1337;1346;1422;1432;1442;1453;1463;1473;1483;1493;1504;1514>,8,<300;305;309;314;318;323;327;332;336;341;348;353;358;362;367;372;377;382;386;391;402;407;412;417;422;428;433;438;443;448;462;467;473;478;484;489;494;500;505;511;540;546;552;558;564;570;576;582;588;594;630;637;643;650;656;663;670;676;683;689;732;739;746;754;761;768;775;782;790;797;846;854;862;869;877;885;893;901;908;916;972;980;989;997;1006;1014;1022;1031;1039;1048;1110;1119;1128;1137;1146;1155;1164;1173;1182;1191;1260;1270;1279;1289;1298;1308;1318;1327;1337;1346;1422;1432;1442;1453;1463;1473;1483;1493;1504;1514>,91,<40;40;40;40;40;45;45;45;45;45;49;49;49;49;49;53;53;53;53;53;58;58;58;58;58;62;62;62;62;62;66;66;66;66;66;71;71;71;71;71;75;75;75;75;75;79;79;79;79;79;84;84;84;84;84;88;88;88;88;88;92;92;92;92;92;96;96;96;96;96;101;101;101;101;101;105;105;105;105;105;109;109;109;109;109;114;114;114;114;114;118;118;118;118;118;122;122;122;122;122;127;127;127;127;127;131;131;131;131;131;135;135;135;135;135;140;140;140;140;140>,,,,
40536,盾甲,5,6,config/item/gem/icon_7_l_6.png,3,防御向符石,9999,{529=40},,3,1,<1512;1535;1557;1580;1603;1625;1648;1671;1693;1716;1754;1778;1802;1826;1851;1875;1899;1923;1947;1972;2026;2052;2077;2103;2129;2155;2180;2206;2232;2257;2328;2356;2383;2410;2437;2465;2492;2519;2546;2573;2722;2752;2782;2812;2843;2873;2903;2933;2964;2994;3175;3208;3242;3275;3308;3342;3375;3408;3441;3475;3689;3726;3762;3798;3834;3871;3907;3943;3980;4016;4264;4303;4342;4382;4421;4460;4500;4539;4578;4618;4899;4941;4984;5026;5068;5111;5153;5195;5238;5280;5594;5640;5685;5730;5776;5821;5867;5912;5957;6003;6350;6399;6447;6496;6544;6592;6641;6689;6737;6786;7167;7218;7270;7321;7373;7424;7475;7527;7578;7630>,7,<300;305;309;314;318;323;327;332;336;341;348;353;358;362;367;372;377;382;386;391;402;407;412;417;422;428;433;438;443;448;462;467;473;478;484;489;494;500;505;511;540;546;552;558;564;570;576;582;588;594;630;637;643;650;656;663;670;676;683;689;732;739;746;754;761;768;775;782;790;797;846;854;862;869;877;885;893;901;908;916;972;980;989;997;1006;1014;1022;1031;1039;1048;1110;1119;1128;1137;1146;1155;1164;1173;1182;1191;1260;1270;1279;1289;1298;1308;1318;1327;1337;1346;1422;1432;1442;1453;1463;1473;1483;1493;1504;1514>,8,<300;305;309;314;318;323;327;332;336;341;348;353;358;362;367;372;377;382;386;391;402;407;412;417;422;428;433;438;443;448;462;467;473;478;484;489;494;500;505;511;540;546;552;558;564;570;576;582;588;594;630;637;643;650;656;663;670;676;683;689;732;739;746;754;761;768;775;782;790;797;846;854;862;869;877;885;893;901;908;916;972;980;989;997;1006;1014;1022;1031;1039;1048;1110;1119;1128;1137;1146;1155;1164;1173;1182;1191;1260;1270;1279;1289;1298;1308;1318;1327;1337;1346;1422;1432;1442;1453;1463;1473;1483;1493;1504;1514>,16,<34;34;34;34;34;37;37;37;37;37;41;41;41;41;41;44;44;44;44;44;48;48;48;48;48;52;52;52;52;52;55;55;55;55;55;59;59;59;59;59;62;62;62;62;62;66;66;66;66;66;70;70;70;70;70;73;73;73;73;73;77;77;77;77;77;80;80;80;80;80;84;84;84;84;84;88;88;88;88;88;91;91;91;91;91;95;95;95;95;95;98;98;98;98;98;102;102;102;102;102;106;106;106;106;106;109;109;109;109;109;113;113;113;113;113;116;116;116;116;116>,,,,
40541,盾甲,5,1,config/item/gem/icon_7_z_1.png,4,防御向符石,9999,{529=80},,4,1,<2218;2251;2285;2318;2351;2384;2418;2451;2484;2517;2573;2608;2644;2679;2715;2750;2786;2821;2857;2892;2972;3010;3048;3085;3123;3161;3198;3236;3274;3311;3416;3456;3496;3535;3575;3615;3655;3695;3735;3775;3992;4037;4081;4125;4170;4214;4259;4303;4347;4392;4658;4707;4755;4804;4853;4902;4951;4999;5048;5097;5412;5465;5518;5572;5625;5678;5731;5785;5838;5891;6255;6312;6370;6428;6485;6543;6601;6658;6716;6774;7186;7248;7311;7373;7435;7497;7559;7621;7683;7745;8207;8273;8340;8406;8473;8539;8606;8672;8739;8805;9316;9387;9458;9529;9600;9670;9741;9812;9883;9954;10513;10589;10664;10740;10815;10890;10966;11041;11117;11192>,9,<308;313;317;322;326;331;336;340;345;350;357;362;367;372;377;382;387;392;397;402;413;418;423;428;434;439;444;449;455;460;474;480;485;491;496;502;508;513;519;524;554;561;567;573;579;585;591;598;604;610;647;654;660;667;674;681;687;694;701;708;752;759;766;774;781;788;796;803;811;818;869;877;885;893;901;909;917;925;933;941;998;1007;1015;1024;1032;1041;1050;1058;1067;1076;1140;1149;1158;1167;1177;1186;1195;1204;1214;1223;1294;1303;1313;1323;1333;1343;1353;1363;1372;1382;1460;1470;1481;1491;1502;1512;1523;1533;1544;1554>,17,<59;59;59;59;59;65;65;65;65;65;72;72;72;72;72;78;78;78;78;78;84;84;84;84;84;91;91;91;91;91;97;97;97;97;97;103;103;103;103;103;110;110;110;110;110;116;116;116;116;116;122;122;122;122;122;129;129;129;129;129;135;135;135;135;135;142;142;142;142;142;148;148;148;148;148;154;154;154;154;154;161;161;161;161;161;167;167;167;167;167;173;173;173;173;173;180;180;180;180;180;186;186;186;186;186;192;192;192;192;192;199;199;199;199;199;205;205;205;205;205>,,,,,,{drawcard=zi_effect_loop}
40542,盾甲,5,2,config/item/gem/icon_7_z_2.png,4,防御向符石,9999,{529=80},,4,1,<2218;2251;2285;2318;2351;2384;2418;2451;2484;2517;2573;2608;2644;2679;2715;2750;2786;2821;2857;2892;2972;3010;3048;3085;3123;3161;3198;3236;3274;3311;3416;3456;3496;3535;3575;3615;3655;3695;3735;3775;3992;4037;4081;4125;4170;4214;4259;4303;4347;4392;4658;4707;4755;4804;4853;4902;4951;4999;5048;5097;5412;5465;5518;5572;5625;5678;5731;5785;5838;5891;6255;6312;6370;6428;6485;6543;6601;6658;6716;6774;7186;7248;7311;7373;7435;7497;7559;7621;7683;7745;8207;8273;8340;8406;8473;8539;8606;8672;8739;8805;9316;9387;9458;9529;9600;9670;9741;9812;9883;9954;10513;10589;10664;10740;10815;10890;10966;11041;11117;11192>,10,<308;313;317;322;326;331;336;340;345;350;357;362;367;372;377;382;387;392;397;402;413;418;423;428;434;439;444;449;455;460;474;480;485;491;496;502;508;513;519;524;554;561;567;573;579;585;591;598;604;610;647;654;660;667;674;681;687;694;701;708;752;759;766;774;781;788;796;803;811;818;869;877;885;893;901;909;917;925;933;941;998;1007;1015;1024;1032;1041;1050;1058;1067;1076;1140;1149;1158;1167;1177;1186;1195;1204;1214;1223;1294;1303;1313;1323;1333;1343;1353;1363;1372;1382;1460;1470;1481;1491;1502;1512;1523;1533;1544;1554>,19,<59;59;59;59;59;65;65;65;65;65;72;72;72;72;72;78;78;78;78;78;84;84;84;84;84;91;91;91;91;91;97;97;97;97;97;103;103;103;103;103;110;110;110;110;110;116;116;116;116;116;122;122;122;122;122;129;129;129;129;129;135;135;135;135;135;142;142;142;142;142;148;148;148;148;148;154;154;154;154;154;161;161;161;161;161;167;167;167;167;167;173;173;173;173;173;180;180;180;180;180;186;186;186;186;186;192;192;192;192;192;199;199;199;199;199;205;205;205;205;205>,,,,,,{drawcard=zi_effect_loop}
40543,盾甲,5,3,config/item/gem/icon_7_z_3.png,4,防御向符石,9999,{529=80},,4,9,<308;313;317;322;326;331;336;340;345;350;357;362;367;372;377;382;387;392;397;402;413;418;423;428;434;439;444;449;455;460;474;480;485;491;496;502;508;513;519;524;554;561;567;573;579;585;591;598;604;610;647;654;660;667;674;681;687;694;701;708;752;759;766;774;781;788;796;803;811;818;869;877;885;893;901;909;917;925;933;941;998;1007;1015;1024;1032;1041;1050;1058;1067;1076;1140;1149;1158;1167;1177;1186;1195;1204;1214;1223;1294;1303;1313;1323;1333;1343;1353;1363;1372;1382;1460;1470;1481;1491;1502;1512;1523;1533;1544;1554>,10,<308;313;317;322;326;331;336;340;345;350;357;362;367;372;377;382;387;392;397;402;413;418;423;428;434;439;444;449;455;460;474;480;485;491;496;502;508;513;519;524;554;561;567;573;579;585;591;598;604;610;647;654;660;667;674;681;687;694;701;708;752;759;766;774;781;788;796;803;811;818;869;877;885;893;901;909;917;925;933;941;998;1007;1015;1024;1032;1041;1050;1058;1067;1076;1140;1149;1158;1167;1177;1186;1195;1204;1214;1223;1294;1303;1313;1323;1333;1343;1353;1363;1372;1382;1460;1470;1481;1491;1502;1512;1523;1533;1544;1554>,22,<30;30;30;30;30;33;33;33;33;33;36;36;36;36;36;39;39;39;39;39;42;42;42;42;42;45;45;45;45;45;49;49;49;49;49;52;52;52;52;52;55;55;55;55;55;58;58;58;58;58;61;61;61;61;61;64;64;64;64;64;68;68;68;68;68;71;71;71;71;71;74;74;74;74;74;77;77;77;77;77;80;80;80;80;80;83;83;83;83;83;87;87;87;87;87;90;90;90;90;90;93;93;93;93;93;96;96;96;96;96;99;99;99;99;99;102;102;102;102;102>,,,,,,{drawcard=zi_effect_loop}
40544,盾甲,5,4,config/item/gem/icon_7_z_4.png,4,防御向符石,9999,{529=80},,4,9,<308;313;317;322;326;331;336;340;345;350;357;362;367;372;377;382;387;392;397;402;413;418;423;428;434;439;444;449;455;460;474;480;485;491;496;502;508;513;519;524;554;561;567;573;579;585;591;598;604;610;647;654;660;667;674;681;687;694;701;708;752;759;766;774;781;788;796;803;811;818;869;877;885;893;901;909;917;925;933;941;998;1007;1015;1024;1032;1041;1050;1058;1067;1076;1140;1149;1158;1167;1177;1186;1195;1204;1214;1223;1294;1303;1313;1323;1333;1343;1353;1363;1372;1382;1460;1470;1481;1491;1502;1512;1523;1533;1544;1554>,10,<308;313;317;322;326;331;336;340;345;350;357;362;367;372;377;382;387;392;397;402;413;418;423;428;434;439;444;449;455;460;474;480;485;491;496;502;508;513;519;524;554;561;567;573;579;585;591;598;604;610;647;654;660;667;674;681;687;694;701;708;752;759;766;774;781;788;796;803;811;818;869;877;885;893;901;909;917;925;933;941;998;1007;1015;1024;1032;1041;1050;1058;1067;1076;1140;1149;1158;1167;1177;1186;1195;1204;1214;1223;1294;1303;1313;1323;1333;1343;1353;1363;1372;1382;1460;1470;1481;1491;1502;1512;1523;1533;1544;1554>,23,<30;30;30;30;30;33;33;33;33;33;36;36;36;36;36;39;39;39;39;39;42;42;42;42;42;45;45;45;45;45;49;49;49;49;49;52;52;52;52;52;55;55;55;55;55;58;58;58;58;58;61;61;61;61;61;64;64;64;64;64;68;68;68;68;68;71;71;71;71;71;74;74;74;74;74;77;77;77;77;77;80;80;80;80;80;83;83;83;83;83;87;87;87;87;87;90;90;90;90;90;93;93;93;93;93;96;96;96;96;96;99;99;99;99;99;102;102;102;102;102>,,,,,,{drawcard=zi_effect_loop}
40545,盾甲,5,5,config/item/gem/icon_7_z_5.png,4,防御向符石,9999,{529=80},,4,1,<2218;2251;2285;2318;2351;2384;2418;2451;2484;2517;2573;2608;2644;2679;2715;2750;2786;2821;2857;2892;2972;3010;3048;3085;3123;3161;3198;3236;3274;3311;3416;3456;3496;3535;3575;3615;3655;3695;3735;3775;3992;4037;4081;4125;4170;4214;4259;4303;4347;4392;4658;4707;4755;4804;4853;4902;4951;4999;5048;5097;5412;5465;5518;5572;5625;5678;5731;5785;5838;5891;6255;6312;6370;6428;6485;6543;6601;6658;6716;6774;7186;7248;7311;7373;7435;7497;7559;7621;7683;7745;8207;8273;8340;8406;8473;8539;8606;8672;8739;8805;9316;9387;9458;9529;9600;9670;9741;9812;9883;9954;10513;10589;10664;10740;10815;10890;10966;11041;11117;11192>,7,<440;447;453;460;466;473;480;486;493;499;510;517;524;532;539;546;553;560;567;574;590;597;605;612;620;627;634;642;649;657;678;686;693;701;709;717;725;733;741;749;792;801;810;818;827;836;845;854;862;871;924;934;943;953;963;972;982;992;1001;1011;1074;1084;1095;1105;1116;1126;1137;1148;1158;1169;1241;1252;1264;1275;1287;1298;1309;1321;1332;1344;1426;1438;1450;1463;1475;1487;1500;1512;1524;1536;1628;1641;1654;1668;1681;1694;1707;1720;1734;1747;1848;1862;1876;1890;1904;1918;1932;1947;1961;1975;2086;2101;2116;2130;2145;2160;2175;2190;2205;2220>,8,<440;447;453;460;466;473;480;486;493;499;510;517;524;532;539;546;553;560;567;574;590;597;605;612;620;627;634;642;649;657;678;686;693;701;709;717;725;733;741;749;792;801;810;818;827;836;845;854;862;871;924;934;943;953;963;972;982;992;1001;1011;1074;1084;1095;1105;1116;1126;1137;1148;1158;1169;1241;1252;1264;1275;1287;1298;1309;1321;1332;1344;1426;1438;1450;1463;1475;1487;1500;1512;1524;1536;1628;1641;1654;1668;1681;1694;1707;1720;1734;1747;1848;1862;1876;1890;1904;1918;1932;1947;1961;1975;2086;2101;2116;2130;2145;2160;2175;2190;2205;2220>,91,<59;59;59;59;59;65;65;65;65;65;72;72;72;72;72;78;78;78;78;78;84;84;84;84;84;91;91;91;91;91;97;97;97;97;97;103;103;103;103;103;110;110;110;110;110;116;116;116;116;116;122;122;122;122;122;129;129;129;129;129;135;135;135;135;135;142;142;142;142;142;148;148;148;148;148;154;154;154;154;154;161;161;161;161;161;167;167;167;167;167;173;173;173;173;173;180;180;180;180;180;186;186;186;186;186;192;192;192;192;192;199;199;199;199;199;205;205;205;205;205>,,,,{drawcard=zi_effect_loop}
40546,盾甲,5,6,config/item/gem/icon_7_z_6.png,4,防御向符石,9999,{529=80},,4,1,<2218;2251;2285;2318;2351;2384;2418;2451;2484;2517;2573;2608;2644;2679;2715;2750;2786;2821;2857;2892;2972;3010;3048;3085;3123;3161;3198;3236;3274;3311;3416;3456;3496;3535;3575;3615;3655;3695;3735;3775;3992;4037;4081;4125;4170;4214;4259;4303;4347;4392;4658;4707;4755;4804;4853;4902;4951;4999;5048;5097;5412;5465;5518;5572;5625;5678;5731;5785;5838;5891;6255;6312;6370;6428;6485;6543;6601;6658;6716;6774;7186;7248;7311;7373;7435;7497;7559;7621;7683;7745;8207;8273;8340;8406;8473;8539;8606;8672;8739;8805;9316;9387;9458;9529;9600;9670;9741;9812;9883;9954;10513;10589;10664;10740;10815;10890;10966;11041;11117;11192>,7,<440;447;453;460;466;473;480;486;493;499;510;517;524;532;539;546;553;560;567;574;590;597;605;612;620;627;634;642;649;657;678;686;693;701;709;717;725;733;741;749;792;801;810;818;827;836;845;854;862;871;924;934;943;953;963;972;982;992;1001;1011;1074;1084;1095;1105;1116;1126;1137;1148;1158;1169;1241;1252;1264;1275;1287;1298;1309;1321;1332;1344;1426;1438;1450;1463;1475;1487;1500;1512;1524;1536;1628;1641;1654;1668;1681;1694;1707;1720;1734;1747;1848;1862;1876;1890;1904;1918;1932;1947;1961;1975;2086;2101;2116;2130;2145;2160;2175;2190;2205;2220>,8,<440;447;453;460;466;473;480;486;493;499;510;517;524;532;539;546;553;560;567;574;590;597;605;612;620;627;634;642;649;657;678;686;693;701;709;717;725;733;741;749;792;801;810;818;827;836;845;854;862;871;924;934;943;953;963;972;982;992;1001;1011;1074;1084;1095;1105;1116;1126;1137;1148;1158;1169;1241;1252;1264;1275;1287;1298;1309;1321;1332;1344;1426;1438;1450;1463;1475;1487;1500;1512;1524;1536;1628;1641;1654;1668;1681;1694;1707;1720;1734;1747;1848;1862;1876;1890;1904;1918;1932;1947;1961;1975;2086;2101;2116;2130;2145;2160;2175;2190;2205;2220>,16,<49;49;49;49;49;55;55;55;55;55;60;60;60;60;60;65;65;65;65;65;70;70;70;70;70;76;76;76;76;76;81;81;81;81;81;86;86;86;86;86;92;92;92;92;92;97;97;97;97;97;102;102;102;102;102;107;107;107;107;107;113;113;113;113;113;118;118;118;118;118;123;123;123;123;123;128;128;128;128;128;134;134;134;134;134;139;139;139;139;139;144;144;144;144;144;150;150;150;150;150;155;155;155;155;155;160;160;160;160;160;165;165;165;165;165;171;171;171;171;171>,,,,{drawcard=zi_effect_loop}
40551,盾甲,5,1,config/item/gem/icon_7_hu_1.png,5,防御向符石,9999,{529=400},,5,1,<3427;3478;3530;3581;3633;3684;3735;3787;3838;3890;3975;4030;4085;4140;4195;4249;4304;4359;4414;4469;4592;4650;4709;4767;4825;4883;4942;5000;5058;5117;5278;5339;5401;5463;5524;5586;5648;5709;5771;5833;6169;6237;6306;6374;6443;6511;6580;6648;6717;6785;7197;7272;7347;7423;7498;7574;7649;7724;7800;7875;8362;8444;8526;8609;8691;8773;8855;8938;9020;9102;9664;9753;9842;9931;10021;10110;10199;10288;10377;10466;11103;11199;11295;11391;11487;11583;11679;11775;11871;11967;12680;12783;12886;12988;13091;13194;13297;13400;13502;13605;14393;14503;14613;14722;14832;14942;15051;15161;15271;15380;16244;16360;16477;16594;16710;16827;16943;17060;17176;17293>,9,<476;483;490;497;505;512;519;526;533;540;552;560;567;575;583;590;598;605;613;621;638;646;654;662;670;678;686;694;703;711;733;742;750;759;767;776;784;793;802;810;857;866;876;885;895;904;914;923;933;942;1000;1010;1021;1031;1041;1052;1062;1073;1083;1094;1161;1173;1184;1196;1207;1219;1230;1241;1253;1264;1342;1355;1367;1379;1392;1404;1417;1429;1441;1454;1542;1556;1569;1582;1596;1609;1622;1636;1649;1662;1761;1775;1790;1804;1818;1833;1847;1861;1875;1890;1999;2014;2030;2045;2060;2075;2091;2106;2121;2136;2256;2272;2289;2305;2321;2337;2353;2370;2386;2402>,17,<91;91;91;91;91;101;101;101;101;101;111;111;111;111;111;121;121;121;121;121;131;131;131;131;131;140;140;140;140;140;150;150;150;150;150;160;160;160;160;160;170;170;170;170;170;180;180;180;180;180;189;189;189;189;189;199;199;199;199;199;209;209;209;209;209;219;219;219;219;219;228;228;228;228;228;238;238;238;238;238;248;248;248;248;248;258;258;258;258;258;268;268;268;268;268;277;277;277;277;277;287;287;287;287;287;297;297;297;297;297;307;307;307;307;307;317;317;317;317;317>,,,,,,{drawcard=huang_effect_loop}
40552,盾甲,5,2,config/item/gem/icon_7_hu_2.png,5,防御向符石,9999,{529=400},,5,1,<3427;3478;3530;3581;3633;3684;3735;3787;3838;3890;3975;4030;4085;4140;4195;4249;4304;4359;4414;4469;4592;4650;4709;4767;4825;4883;4942;5000;5058;5117;5278;5339;5401;5463;5524;5586;5648;5709;5771;5833;6169;6237;6306;6374;6443;6511;6580;6648;6717;6785;7197;7272;7347;7423;7498;7574;7649;7724;7800;7875;8362;8444;8526;8609;8691;8773;8855;8938;9020;9102;9664;9753;9842;9931;10021;10110;10199;10288;10377;10466;11103;11199;11295;11391;11487;11583;11679;11775;11871;11967;12680;12783;12886;12988;13091;13194;13297;13400;13502;13605;14393;14503;14613;14722;14832;14942;15051;15161;15271;15380;16244;16360;16477;16594;16710;16827;16943;17060;17176;17293>,10,<476;483;490;497;505;512;519;526;533;540;552;560;567;575;583;590;598;605;613;621;638;646;654;662;670;678;686;694;703;711;733;742;750;759;767;776;784;793;802;810;857;866;876;885;895;904;914;923;933;942;1000;1010;1021;1031;1041;1052;1062;1073;1083;1094;1161;1173;1184;1196;1207;1219;1230;1241;1253;1264;1342;1355;1367;1379;1392;1404;1417;1429;1441;1454;1542;1556;1569;1582;1596;1609;1622;1636;1649;1662;1761;1775;1790;1804;1818;1833;1847;1861;1875;1890;1999;2014;2030;2045;2060;2075;2091;2106;2121;2136;2256;2272;2289;2305;2321;2337;2353;2370;2386;2402>,19,<91;91;91;91;91;101;101;101;101;101;111;111;111;111;111;121;121;121;121;121;131;131;131;131;131;140;140;140;140;140;150;150;150;150;150;160;160;160;160;160;170;170;170;170;170;180;180;180;180;180;189;189;189;189;189;199;199;199;199;199;209;209;209;209;209;219;219;219;219;219;228;228;228;228;228;238;238;238;238;238;248;248;248;248;248;258;258;258;258;258;268;268;268;268;268;277;277;277;277;277;287;287;287;287;287;297;297;297;297;297;307;307;307;307;307;317;317;317;317;317>,,,,,,{drawcard=huang_effect_loop}
40553,盾甲,5,3,config/item/gem/icon_7_hu_3.png,5,防御向符石,9999,{529=400},,5,9,<476;483;490;497;505;512;519;526;533;540;552;560;567;575;583;590;598;605;613;621;638;646;654;662;670;678;686;694;703;711;733;742;750;759;767;776;784;793;802;810;857;866;876;885;895;904;914;923;933;942;1000;1010;1021;1031;1041;1052;1062;1073;1083;1094;1161;1173;1184;1196;1207;1219;1230;1241;1253;1264;1342;1355;1367;1379;1392;1404;1417;1429;1441;1454;1542;1556;1569;1582;1596;1609;1622;1636;1649;1662;1761;1775;1790;1804;1818;1833;1847;1861;1875;1890;1999;2014;2030;2045;2060;2075;2091;2106;2121;2136;2256;2272;2289;2305;2321;2337;2353;2370;2386;2402>,10,<476;483;490;497;505;512;519;526;533;540;552;560;567;575;583;590;598;605;613;621;638;646;654;662;670;678;686;694;703;711;733;742;750;759;767;776;784;793;802;810;857;866;876;885;895;904;914;923;933;942;1000;1010;1021;1031;1041;1052;1062;1073;1083;1094;1161;1173;1184;1196;1207;1219;1230;1241;1253;1264;1342;1355;1367;1379;1392;1404;1417;1429;1441;1454;1542;1556;1569;1582;1596;1609;1622;1636;1649;1662;1761;1775;1790;1804;1818;1833;1847;1861;1875;1890;1999;2014;2030;2045;2060;2075;2091;2106;2121;2136;2256;2272;2289;2305;2321;2337;2353;2370;2386;2402>,22,<46;46;46;46;46;51;51;51;51;51;55;55;55;55;55;60;60;60;60;60;65;65;65;65;65;70;70;70;70;70;75;75;75;75;75;80;80;80;80;80;85;85;85;85;85;90;90;90;90;90;95;95;95;95;95;100;100;100;100;100;104;104;104;104;104;109;109;109;109;109;114;114;114;114;114;119;119;119;119;119;124;124;124;124;124;129;129;129;129;129;134;134;134;134;134;139;139;139;139;139;144;144;144;144;144;149;149;149;149;149;153;153;153;153;153;158;158;158;158;158>,,,,,,{drawcard=huang_effect_loop}
40554,盾甲,5,4,config/item/gem/icon_7_hu_4.png,5,防御向符石,9999,{529=400},,5,9,<476;483;490;497;505;512;519;526;533;540;552;560;567;575;583;590;598;605;613;621;638;646;654;662;670;678;686;694;703;711;733;742;750;759;767;776;784;793;802;810;857;866;876;885;895;904;914;923;933;942;1000;1010;1021;1031;1041;1052;1062;1073;1083;1094;1161;1173;1184;1196;1207;1219;1230;1241;1253;1264;1342;1355;1367;1379;1392;1404;1417;1429;1441;1454;1542;1556;1569;1582;1596;1609;1622;1636;1649;1662;1761;1775;1790;1804;1818;1833;1847;1861;1875;1890;1999;2014;2030;2045;2060;2075;2091;2106;2121;2136;2256;2272;2289;2305;2321;2337;2353;2370;2386;2402>,10,<476;483;490;497;505;512;519;526;533;540;552;560;567;575;583;590;598;605;613;621;638;646;654;662;670;678;686;694;703;711;733;742;750;759;767;776;784;793;802;810;857;866;876;885;895;904;914;923;933;942;1000;1010;1021;1031;1041;1052;1062;1073;1083;1094;1161;1173;1184;1196;1207;1219;1230;1241;1253;1264;1342;1355;1367;1379;1392;1404;1417;1429;1441;1454;1542;1556;1569;1582;1596;1609;1622;1636;1649;1662;1761;1775;1790;1804;1818;1833;1847;1861;1875;1890;1999;2014;2030;2045;2060;2075;2091;2106;2121;2136;2256;2272;2289;2305;2321;2337;2353;2370;2386;2402>,23,<46;46;46;46;46;51;51;51;51;51;55;55;55;55;55;60;60;60;60;60;65;65;65;65;65;70;70;70;70;70;75;75;75;75;75;80;80;80;80;80;85;85;85;85;85;90;90;90;90;90;95;95;95;95;95;100;100;100;100;100;104;104;104;104;104;109;109;109;109;109;114;114;114;114;114;119;119;119;119;119;124;124;124;124;124;129;129;129;129;129;134;134;134;134;134;139;139;139;139;139;144;144;144;144;144;149;149;149;149;149;153;153;153;153;153;158;158;158;158;158>,,,,,,{drawcard=huang_effect_loop}
40555,盾甲,5,5,config/item/gem/icon_7_hu_5.png,5,防御向符石,9999,{529=400},,5,1,<3427;3478;3530;3581;3633;3684;3735;3787;3838;3890;3975;4030;4085;4140;4195;4249;4304;4359;4414;4469;4592;4650;4709;4767;4825;4883;4942;5000;5058;5117;5278;5339;5401;5463;5524;5586;5648;5709;5771;5833;6169;6237;6306;6374;6443;6511;6580;6648;6717;6785;7197;7272;7347;7423;7498;7574;7649;7724;7800;7875;8362;8444;8526;8609;8691;8773;8855;8938;9020;9102;9664;9753;9842;9931;10021;10110;10199;10288;10377;10466;11103;11199;11295;11391;11487;11583;11679;11775;11871;11967;12680;12783;12886;12988;13091;13194;13297;13400;13502;13605;14393;14503;14613;14722;14832;14942;15051;15161;15271;15380;16244;16360;16477;16594;16710;16827;16943;17060;17176;17293>,7,<680;690;700;711;721;731;741;751;762;772;789;800;811;821;832;843;854;865;876;887;911;923;934;946;957;969;981;992;1004;1015;1047;1059;1072;1084;1096;1108;1121;1133;1145;1157;1224;1238;1251;1265;1278;1292;1306;1319;1333;1346;1428;1443;1458;1473;1488;1503;1518;1533;1548;1563;1659;1676;1692;1708;1724;1741;1757;1773;1790;1806;1918;1935;1953;1971;1988;2006;2024;2041;2059;2077;2203;2222;2241;2260;2279;2298;2317;2336;2356;2375;2516;2536;2557;2577;2598;2618;2638;2659;2679;2700;2856;2878;2900;2921;2943;2965;2987;3008;3030;3052;3223;3246;3269;3293;3316;3339;3362;3385;3408;3431>,8,<680;690;700;711;721;731;741;751;762;772;789;800;811;821;832;843;854;865;876;887;911;923;934;946;957;969;981;992;1004;1015;1047;1059;1072;1084;1096;1108;1121;1133;1145;1157;1224;1238;1251;1265;1278;1292;1306;1319;1333;1346;1428;1443;1458;1473;1488;1503;1518;1533;1548;1563;1659;1676;1692;1708;1724;1741;1757;1773;1790;1806;1918;1935;1953;1971;1988;2006;2024;2041;2059;2077;2203;2222;2241;2260;2279;2298;2317;2336;2356;2375;2516;2536;2557;2577;2598;2618;2638;2659;2679;2700;2856;2878;2900;2921;2943;2965;2987;3008;3030;3052;3223;3246;3269;3293;3316;3339;3362;3385;3408;3431>,91,<91;91;91;91;91;101;101;101;101;101;111;111;111;111;111;121;121;121;121;121;131;131;131;131;131;140;140;140;140;140;150;150;150;150;150;160;160;160;160;160;170;170;170;170;170;180;180;180;180;180;189;189;189;189;189;199;199;199;199;199;209;209;209;209;209;219;219;219;219;219;228;228;228;228;228;238;238;238;238;238;248;248;248;248;248;258;258;258;258;258;268;268;268;268;268;277;277;277;277;277;287;287;287;287;287;297;297;297;297;297;307;307;307;307;307;317;317;317;317;317>,,,,{drawcard=huang_effect_loop}
40556,盾甲,5,6,config/item/gem/icon_7_hu_6.png,5,防御向符石,9999,{529=400},,5,1,<3427;3478;3530;3581;3633;3684;3735;3787;3838;3890;3975;4030;4085;4140;4195;4249;4304;4359;4414;4469;4592;4650;4709;4767;4825;4883;4942;5000;5058;5117;5278;5339;5401;5463;5524;5586;5648;5709;5771;5833;6169;6237;6306;6374;6443;6511;6580;6648;6717;6785;7197;7272;7347;7423;7498;7574;7649;7724;7800;7875;8362;8444;8526;8609;8691;8773;8855;8938;9020;9102;9664;9753;9842;9931;10021;10110;10199;10288;10377;10466;11103;11199;11295;11391;11487;11583;11679;11775;11871;11967;12680;12783;12886;12988;13091;13194;13297;13400;13502;13605;14393;14503;14613;14722;14832;14942;15051;15161;15271;15380;16244;16360;16477;16594;16710;16827;16943;17060;17176;17293>,7,<680;690;700;711;721;731;741;751;762;772;789;800;811;821;832;843;854;865;876;887;911;923;934;946;957;969;981;992;1004;1015;1047;1059;1072;1084;1096;1108;1121;1133;1145;1157;1224;1238;1251;1265;1278;1292;1306;1319;1333;1346;1428;1443;1458;1473;1488;1503;1518;1533;1548;1563;1659;1676;1692;1708;1724;1741;1757;1773;1790;1806;1918;1935;1953;1971;1988;2006;2024;2041;2059;2077;2203;2222;2241;2260;2279;2298;2317;2336;2356;2375;2516;2536;2557;2577;2598;2618;2638;2659;2679;2700;2856;2878;2900;2921;2943;2965;2987;3008;3030;3052;3223;3246;3269;3293;3316;3339;3362;3385;3408;3431>,8,<680;690;700;711;721;731;741;751;762;772;789;800;811;821;832;843;854;865;876;887;911;923;934;946;957;969;981;992;1004;1015;1047;1059;1072;1084;1096;1108;1121;1133;1145;1157;1224;1238;1251;1265;1278;1292;1306;1319;1333;1346;1428;1443;1458;1473;1488;1503;1518;1533;1548;1563;1659;1676;1692;1708;1724;1741;1757;1773;1790;1806;1918;1935;1953;1971;1988;2006;2024;2041;2059;2077;2203;2222;2241;2260;2279;2298;2317;2336;2356;2375;2516;2536;2557;2577;2598;2618;2638;2659;2679;2700;2856;2878;2900;2921;2943;2965;2987;3008;3030;3052;3223;3246;3269;3293;3316;3339;3362;3385;3408;3431>,16,<76;76;76;76;76;84;84;84;84;84;92;92;92;92;92;101;101;101;101;101;109;109;109;109;109;117;117;117;117;117;125;125;125;125;125;133;133;133;133;133;141;141;141;141;141;150;150;150;150;150;158;158;158;158;158;166;166;166;166;166;174;174;174;174;174;182;182;182;182;182;190;190;190;190;190;199;199;199;199;199;207;207;207;207;207;215;215;215;215;215;223;223;223;223;223;231;231;231;231;231;239;239;239;239;239;248;248;248;248;248;256;256;256;256;256;264;264;264;264;264>,,,,{drawcard=huang_effect_loop}
40561,盾甲,5,1,config/item/gem/icon_7_h_1.png,6,防御向符石,9999,{529=2000},,6,1,<5040;5116;5191;5267;5342;5418;5494;5569;5645;5720;5846;5927;6008;6088;6169;6250;6330;6411;6492;6572;6754;6839;6925;7011;7096;7182;7268;7353;7439;7525;7762;7852;7943;8034;8124;8215;8306;8397;8487;8578;9878;9999;10120;10241;10362;10483;10604;10725;10846;10967;11592;11723;11854;11985;12116;12247;12378;12509;12640;12771;13507;13648;13789;13931;14072;14213;14354;14495;14636;14777;15624;15775;15926;16078;16229;16380;16531;16682;16834;16985;17942;18104;18265;18426;18588;18749;18910;19071;19233;19394;20462;20634;20805;20976;21148;21319;21491;21662;21833;22005;23184;23365;23547;23728;23910;24091;24273;24454;24636;24817;26107;26299;26490;26682;26873;27065;27256;27448;27639;27831>,9,<700;711;721;732;742;753;763;774;784;795;812;823;834;846;857;868;879;890;902;913;938;950;962;974;986;998;1009;1021;1033;1045;1078;1091;1103;1116;1128;1141;1154;1166;1179;1191;1372;1389;1406;1422;1439;1456;1473;1490;1506;1523;1610;1628;1646;1665;1683;1701;1719;1737;1756;1774;1876;1896;1915;1935;1954;1974;1994;2013;2033;2052;2170;2191;2212;2233;2254;2275;2296;2317;2338;2359;2492;2514;2537;2559;2582;2604;2626;2649;2671;2694;2842;2866;2890;2913;2937;2961;2985;3009;3032;3056;3220;3245;3270;3296;3321;3346;3371;3396;3422;3447;3626;3653;3679;3706;3732;3759;3786;3812;3839;3865>,17,<134;134;134;134;134;149;149;149;149;149;163;163;163;163;163;178;178;178;178;178;192;192;192;192;192;206;206;206;206;206;221;221;221;221;221;235;235;235;235;235;250;250;250;250;250;264;264;264;264;264;278;278;278;278;278;293;293;293;293;293;307;307;307;307;307;322;322;322;322;322;336;336;336;336;336;350;350;350;350;350;365;365;365;365;365;379;379;379;379;379;394;394;394;394;394;408;408;408;408;408;422;422;422;422;422;437;437;437;437;437;451;451;451;451;451;466;466;466;466;466>,,,,,,{drawcard=hong_effect_loop}
40562,盾甲,5,2,config/item/gem/icon_7_h_2.png,6,防御向符石,9999,{529=2000},,6,1,<5040;5116;5191;5267;5342;5418;5494;5569;5645;5720;5846;5927;6008;6088;6169;6250;6330;6411;6492;6572;6754;6839;6925;7011;7096;7182;7268;7353;7439;7525;7762;7852;7943;8034;8124;8215;8306;8397;8487;8578;9878;9999;10120;10241;10362;10483;10604;10725;10846;10967;11592;11723;11854;11985;12116;12247;12378;12509;12640;12771;13507;13648;13789;13931;14072;14213;14354;14495;14636;14777;15624;15775;15926;16078;16229;16380;16531;16682;16834;16985;17942;18104;18265;18426;18588;18749;18910;19071;19233;19394;20462;20634;20805;20976;21148;21319;21491;21662;21833;22005;23184;23365;23547;23728;23910;24091;24273;24454;24636;24817;26107;26299;26490;26682;26873;27065;27256;27448;27639;27831>,10,<700;711;721;732;742;753;763;774;784;795;812;823;834;846;857;868;879;890;902;913;938;950;962;974;986;998;1009;1021;1033;1045;1078;1091;1103;1116;1128;1141;1154;1166;1179;1191;1372;1389;1406;1422;1439;1456;1473;1490;1506;1523;1610;1628;1646;1665;1683;1701;1719;1737;1756;1774;1876;1896;1915;1935;1954;1974;1994;2013;2033;2052;2170;2191;2212;2233;2254;2275;2296;2317;2338;2359;2492;2514;2537;2559;2582;2604;2626;2649;2671;2694;2842;2866;2890;2913;2937;2961;2985;3009;3032;3056;3220;3245;3270;3296;3321;3346;3371;3396;3422;3447;3626;3653;3679;3706;3732;3759;3786;3812;3839;3865>,19,<134;134;134;134;134;149;149;149;149;149;163;163;163;163;163;178;178;178;178;178;192;192;192;192;192;206;206;206;206;206;221;221;221;221;221;235;235;235;235;235;250;250;250;250;250;264;264;264;264;264;278;278;278;278;278;293;293;293;293;293;307;307;307;307;307;322;322;322;322;322;336;336;336;336;336;350;350;350;350;350;365;365;365;365;365;379;379;379;379;379;394;394;394;394;394;408;408;408;408;408;422;422;422;422;422;437;437;437;437;437;451;451;451;451;451;466;466;466;466;466>,,,,,,{drawcard=hong_effect_loop}
40563,盾甲,5,3,config/item/gem/icon_7_h_3.png,6,防御向符石,9999,{529=2000},,6,9,<700;711;721;732;742;753;763;774;784;795;812;823;834;846;857;868;879;890;902;913;938;950;962;974;986;998;1009;1021;1033;1045;1078;1091;1103;1116;1128;1141;1154;1166;1179;1191;1372;1389;1406;1422;1439;1456;1473;1490;1506;1523;1610;1628;1646;1665;1683;1701;1719;1737;1756;1774;1876;1896;1915;1935;1954;1974;1994;2013;2033;2052;2170;2191;2212;2233;2254;2275;2296;2317;2338;2359;2492;2514;2537;2559;2582;2604;2626;2649;2671;2694;2842;2866;2890;2913;2937;2961;2985;3009;3032;3056;3220;3245;3270;3296;3321;3346;3371;3396;3422;3447;3626;3653;3679;3706;3732;3759;3786;3812;3839;3865>,10,<700;711;721;732;742;753;763;774;784;795;812;823;834;846;857;868;879;890;902;913;938;950;962;974;986;998;1009;1021;1033;1045;1078;1091;1103;1116;1128;1141;1154;1166;1179;1191;1372;1389;1406;1422;1439;1456;1473;1490;1506;1523;1610;1628;1646;1665;1683;1701;1719;1737;1756;1774;1876;1896;1915;1935;1954;1974;1994;2013;2033;2052;2170;2191;2212;2233;2254;2275;2296;2317;2338;2359;2492;2514;2537;2559;2582;2604;2626;2649;2671;2694;2842;2866;2890;2913;2937;2961;2985;3009;3032;3056;3220;3245;3270;3296;3321;3346;3371;3396;3422;3447;3626;3653;3679;3706;3732;3759;3786;3812;3839;3865>,22,<67;67;67;67;67;74;74;74;74;74;82;82;82;82;82;89;89;89;89;89;96;96;96;96;96;103;103;103;103;103;110;110;110;110;110;118;118;118;118;118;125;125;125;125;125;132;132;132;132;132;139;139;139;139;139;146;146;146;146;146;154;154;154;154;154;161;161;161;161;161;168;168;168;168;168;175;175;175;175;175;182;182;182;182;182;190;190;190;190;190;197;197;197;197;197;204;204;204;204;204;211;211;211;211;211;218;218;218;218;218;226;226;226;226;226;233;233;233;233;233>,,,,,,{drawcard=hong_effect_loop}
40564,盾甲,5,4,config/item/gem/icon_7_h_4.png,6,防御向符石,9999,{529=2000},,6,9,<700;711;721;732;742;753;763;774;784;795;812;823;834;846;857;868;879;890;902;913;938;950;962;974;986;998;1009;1021;1033;1045;1078;1091;1103;1116;1128;1141;1154;1166;1179;1191;1372;1389;1406;1422;1439;1456;1473;1490;1506;1523;1610;1628;1646;1665;1683;1701;1719;1737;1756;1774;1876;1896;1915;1935;1954;1974;1994;2013;2033;2052;2170;2191;2212;2233;2254;2275;2296;2317;2338;2359;2492;2514;2537;2559;2582;2604;2626;2649;2671;2694;2842;2866;2890;2913;2937;2961;2985;3009;3032;3056;3220;3245;3270;3296;3321;3346;3371;3396;3422;3447;3626;3653;3679;3706;3732;3759;3786;3812;3839;3865>,10,<700;711;721;732;742;753;763;774;784;795;812;823;834;846;857;868;879;890;902;913;938;950;962;974;986;998;1009;1021;1033;1045;1078;1091;1103;1116;1128;1141;1154;1166;1179;1191;1372;1389;1406;1422;1439;1456;1473;1490;1506;1523;1610;1628;1646;1665;1683;1701;1719;1737;1756;1774;1876;1896;1915;1935;1954;1974;1994;2013;2033;2052;2170;2191;2212;2233;2254;2275;2296;2317;2338;2359;2492;2514;2537;2559;2582;2604;2626;2649;2671;2694;2842;2866;2890;2913;2937;2961;2985;3009;3032;3056;3220;3245;3270;3296;3321;3346;3371;3396;3422;3447;3626;3653;3679;3706;3732;3759;3786;3812;3839;3865>,23,<67;67;67;67;67;74;74;74;74;74;82;82;82;82;82;89;89;89;89;89;96;96;96;96;96;103;103;103;103;103;110;110;110;110;110;118;118;118;118;118;125;125;125;125;125;132;132;132;132;132;139;139;139;139;139;146;146;146;146;146;154;154;154;154;154;161;161;161;161;161;168;168;168;168;168;175;175;175;175;175;182;182;182;182;182;190;190;190;190;190;197;197;197;197;197;204;204;204;204;204;211;211;211;211;211;218;218;218;218;218;226;226;226;226;226;233;233;233;233;233>,,,,,,{drawcard=hong_effect_loop}
40565,盾甲,5,5,config/item/gem/icon_7_h_5.png,6,防御向符石,9999,{529=2000},,6,1,<5040;5116;5191;5267;5342;5418;5494;5569;5645;5720;5846;5927;6008;6088;6169;6250;6330;6411;6492;6572;6754;6839;6925;7011;7096;7182;7268;7353;7439;7525;7762;7852;7943;8034;8124;8215;8306;8397;8487;8578;9878;9999;10120;10241;10362;10483;10604;10725;10846;10967;11592;11723;11854;11985;12116;12247;12378;12509;12640;12771;13507;13648;13789;13931;14072;14213;14354;14495;14636;14777;15624;15775;15926;16078;16229;16380;16531;16682;16834;16985;17942;18104;18265;18426;18588;18749;18910;19071;19233;19394;20462;20634;20805;20976;21148;21319;21491;21662;21833;22005;23184;23365;23547;23728;23910;24091;24273;24454;24636;24817;26107;26299;26490;26682;26873;27065;27256;27448;27639;27831>,7,<1000;1015;1030;1045;1060;1075;1090;1105;1120;1135;1160;1176;1192;1208;1224;1240;1256;1272;1288;1304;1340;1357;1374;1391;1408;1425;1442;1459;1476;1493;1540;1558;1576;1594;1612;1630;1648;1666;1684;1702;1960;1984;2008;2032;2056;2080;2104;2128;2152;2176;2300;2326;2352;2378;2404;2430;2456;2482;2508;2534;2680;2708;2736;2764;2792;2820;2848;2876;2904;2932;3100;3130;3160;3190;3220;3250;3280;3310;3340;3370;3560;3592;3624;3656;3688;3720;3752;3784;3816;3848;4060;4094;4128;4162;4196;4230;4264;4298;4332;4366;4600;4636;4672;4708;4744;4780;4816;4852;4888;4924;5180;5218;5256;5294;5332;5370;5408;5446;5484;5522>,8,<1000;1015;1030;1045;1060;1075;1090;1105;1120;1135;1160;1176;1192;1208;1224;1240;1256;1272;1288;1304;1340;1357;1374;1391;1408;1425;1442;1459;1476;1493;1540;1558;1576;1594;1612;1630;1648;1666;1684;1702;1960;1984;2008;2032;2056;2080;2104;2128;2152;2176;2300;2326;2352;2378;2404;2430;2456;2482;2508;2534;2680;2708;2736;2764;2792;2820;2848;2876;2904;2932;3100;3130;3160;3190;3220;3250;3280;3310;3340;3370;3560;3592;3624;3656;3688;3720;3752;3784;3816;3848;4060;4094;4128;4162;4196;4230;4264;4298;4332;4366;4600;4636;4672;4708;4744;4780;4816;4852;4888;4924;5180;5218;5256;5294;5332;5370;5408;5446;5484;5522>,91,<134;134;134;134;134;149;149;149;149;149;163;163;163;163;163;178;178;178;178;178;192;192;192;192;192;206;206;206;206;206;221;221;221;221;221;235;235;235;235;235;250;250;250;250;250;264;264;264;264;264;278;278;278;278;278;293;293;293;293;293;307;307;307;307;307;322;322;322;322;322;336;336;336;336;336;350;350;350;350;350;365;365;365;365;365;379;379;379;379;379;394;394;394;394;394;408;408;408;408;408;422;422;422;422;422;437;437;437;437;437;451;451;451;451;451;466;466;466;466;466>,,,,{drawcard=hong_effect_loop}
40566,盾甲,5,6,config/item/gem/icon_7_h_6.png,6,防御向符石,9999,{529=2000},,6,1,<5040;5116;5191;5267;5342;5418;5494;5569;5645;5720;5846;5927;6008;6088;6169;6250;6330;6411;6492;6572;6754;6839;6925;7011;7096;7182;7268;7353;7439;7525;7762;7852;7943;8034;8124;8215;8306;8397;8487;8578;9878;9999;10120;10241;10362;10483;10604;10725;10846;10967;11592;11723;11854;11985;12116;12247;12378;12509;12640;12771;13507;13648;13789;13931;14072;14213;14354;14495;14636;14777;15624;15775;15926;16078;16229;16380;16531;16682;16834;16985;17942;18104;18265;18426;18588;18749;18910;19071;19233;19394;20462;20634;20805;20976;21148;21319;21491;21662;21833;22005;23184;23365;23547;23728;23910;24091;24273;24454;24636;24817;26107;26299;26490;26682;26873;27065;27256;27448;27639;27831>,7,<1000;1015;1030;1045;1060;1075;1090;1105;1120;1135;1160;1176;1192;1208;1224;1240;1256;1272;1288;1304;1340;1357;1374;1391;1408;1425;1442;1459;1476;1493;1540;1558;1576;1594;1612;1630;1648;1666;1684;1702;1960;1984;2008;2032;2056;2080;2104;2128;2152;2176;2300;2326;2352;2378;2404;2430;2456;2482;2508;2534;2680;2708;2736;2764;2792;2820;2848;2876;2904;2932;3100;3130;3160;3190;3220;3250;3280;3310;3340;3370;3560;3592;3624;3656;3688;3720;3752;3784;3816;3848;4060;4094;4128;4162;4196;4230;4264;4298;4332;4366;4600;4636;4672;4708;4744;4780;4816;4852;4888;4924;5180;5218;5256;5294;5332;5370;5408;5446;5484;5522>,8,<1000;1015;1030;1045;1060;1075;1090;1105;1120;1135;1160;1176;1192;1208;1224;1240;1256;1272;1288;1304;1340;1357;1374;1391;1408;1425;1442;1459;1476;1493;1540;1558;1576;1594;1612;1630;1648;1666;1684;1702;1960;1984;2008;2032;2056;2080;2104;2128;2152;2176;2300;2326;2352;2378;2404;2430;2456;2482;2508;2534;2680;2708;2736;2764;2792;2820;2848;2876;2904;2932;3100;3130;3160;3190;3220;3250;3280;3310;3340;3370;3560;3592;3624;3656;3688;3720;3752;3784;3816;3848;4060;4094;4128;4162;4196;4230;4264;4298;4332;4366;4600;4636;4672;4708;4744;4780;4816;4852;4888;4924;5180;5218;5256;5294;5332;5370;5408;5446;5484;5522>,16,<112;112;112;112;112;124;124;124;124;124;136;136;136;136;136;148;148;148;148;148;160;160;160;160;160;172;172;172;172;172;184;184;184;184;184;196;196;196;196;196;208;208;208;208;208;220;220;220;220;220;232;232;232;232;232;244;244;244;244;244;256;256;256;256;256;268;268;268;268;268;280;280;280;280;280;292;292;292;292;292;304;304;304;304;304;316;316;316;316;316;328;328;328;328;328;340;340;340;340;340;352;352;352;352;352;364;364;364;364;364;376;376;376;376;376;388;388;388;388;388>,,,,{drawcard=hong_effect_loop}
40621,金刚,6,1,config/item/gem/icon_3_lv_1.png,2,防御向符石,9999,{529=20},,2,1,<1008;1023;1038;1053;1068;1084;1099;1114;1129;1144;1169;1185;1202;1218;1234;1250;1266;1282;1298;1314;1351;1368;1385;1402;1419;1436;1454;1471;1488;1505;1552;1570;1589;1607;1625;1643;1661;1679;1697;1716;1814;1835;1855;1875;1895;1915;1935;1956;1976;1996;2117;2139;2161;2183;2206;2228;2250;2272;2294;2316;2460;2484;2508;2532;2556;2580;2605;2629;2653;2677;2843;2869;2895;2921;2947;2974;3000;3026;3052;3078;3266;3294;3322;3351;3379;3407;3435;3463;3492;3520;3730;3760;3790;3820;3851;3881;3911;3941;3972;4002;4234;4266;4298;4330;4363;4395;4427;4459;4492;4524;4778;4812;4846;4881;4915;4949;4984;5018;5052;5086>,9,<140;142;144;146;148;151;153;155;157;159;162;165;167;169;171;174;176;178;180;183;188;190;192;195;197;200;202;204;207;209;216;218;221;223;226;228;231;233;236;238;252;255;258;260;263;266;269;272;274;277;294;297;300;303;306;309;312;316;319;322;342;345;348;352;355;358;362;365;368;372;395;398;402;406;409;413;417;420;424;428;454;458;461;465;469;473;477;481;485;489;518;522;526;531;535;539;543;547;552;556;588;592;597;601;606;610;615;619;624;628;664;668;673;678;683;687;692;697;702;706>,17,<27;27;27;27;27;30;30;30;30;30;33;33;33;33;33;36;36;36;36;36;38;38;38;38;38;41;41;41;41;41;44;44;44;44;44;47;47;47;47;47;50;50;50;50;50;53;53;53;53;53;56;56;56;56;56;59;59;59;59;59;61;61;61;61;61;64;64;64;64;64;67;67;67;67;67;70;70;70;70;70;73;73;73;73;73;76;76;76;76;76;79;79;79;79;79;82;82;82;82;82;84;84;84;84;84;87;87;87;87;87;90;90;90;90;90;93;93;93;93;93>,,,,,,
40622,金刚,6,2,config/item/gem/icon_3_lv_2.png,2,防御向符石,9999,{529=20},,2,1,<1008;1023;1038;1053;1068;1084;1099;1114;1129;1144;1169;1185;1202;1218;1234;1250;1266;1282;1298;1314;1351;1368;1385;1402;1419;1436;1454;1471;1488;1505;1552;1570;1589;1607;1625;1643;1661;1679;1697;1716;1814;1835;1855;1875;1895;1915;1935;1956;1976;1996;2117;2139;2161;2183;2206;2228;2250;2272;2294;2316;2460;2484;2508;2532;2556;2580;2605;2629;2653;2677;2843;2869;2895;2921;2947;2974;3000;3026;3052;3078;3266;3294;3322;3351;3379;3407;3435;3463;3492;3520;3730;3760;3790;3820;3851;3881;3911;3941;3972;4002;4234;4266;4298;4330;4363;4395;4427;4459;4492;4524;4778;4812;4846;4881;4915;4949;4984;5018;5052;5086>,10,<140;142;144;146;148;151;153;155;157;159;162;165;167;169;171;174;176;178;180;183;188;190;192;195;197;200;202;204;207;209;216;218;221;223;226;228;231;233;236;238;252;255;258;260;263;266;269;272;274;277;294;297;300;303;306;309;312;316;319;322;342;345;348;352;355;358;362;365;368;372;395;398;402;406;409;413;417;420;424;428;454;458;461;465;469;473;477;481;485;489;518;522;526;531;535;539;543;547;552;556;588;592;597;601;606;610;615;619;624;628;664;668;673;678;683;687;692;697;702;706>,19,<27;27;27;27;27;30;30;30;30;30;33;33;33;33;33;36;36;36;36;36;38;38;38;38;38;41;41;41;41;41;44;44;44;44;44;47;47;47;47;47;50;50;50;50;50;53;53;53;53;53;56;56;56;56;56;59;59;59;59;59;61;61;61;61;61;64;64;64;64;64;67;67;67;67;67;70;70;70;70;70;73;73;73;73;73;76;76;76;76;76;79;79;79;79;79;82;82;82;82;82;84;84;84;84;84;87;87;87;87;87;90;90;90;90;90;93;93;93;93;93>,,,,,,
40623,金刚,6,3,config/item/gem/icon_3_lv_3.png,2,防御向符石,9999,{529=20},,2,9,<140;142;144;146;148;151;153;155;157;159;162;165;167;169;171;174;176;178;180;183;188;190;192;195;197;200;202;204;207;209;216;218;221;223;226;228;231;233;236;238;252;255;258;260;263;266;269;272;274;277;294;297;300;303;306;309;312;316;319;322;342;345;348;352;355;358;362;365;368;372;395;398;402;406;409;413;417;420;424;428;454;458;461;465;469;473;477;481;485;489;518;522;526;531;535;539;543;547;552;556;588;592;597;601;606;610;615;619;624;628;664;668;673;678;683;687;692;697;702;706>,10,<140;142;144;146;148;151;153;155;157;159;162;165;167;169;171;174;176;178;180;183;188;190;192;195;197;200;202;204;207;209;216;218;221;223;226;228;231;233;236;238;252;255;258;260;263;266;269;272;274;277;294;297;300;303;306;309;312;316;319;322;342;345;348;352;355;358;362;365;368;372;395;398;402;406;409;413;417;420;424;428;454;458;461;465;469;473;477;481;485;489;518;522;526;531;535;539;543;547;552;556;588;592;597;601;606;610;615;619;624;628;664;668;673;678;683;687;692;697;702;706>,22,<13;13;13;13;13;15;15;15;15;15;16;16;16;16;16;18;18;18;18;18;19;19;19;19;19;21;21;21;21;21;22;22;22;22;22;24;24;24;24;24;25;25;25;25;25;26;26;26;26;26;28;28;28;28;28;29;29;29;29;29;31;31;31;31;31;32;32;32;32;32;34;34;34;34;34;35;35;35;35;35;36;36;36;36;36;38;38;38;38;38;39;39;39;39;39;41;41;41;41;41;42;42;42;42;42;44;44;44;44;44;45;45;45;45;45;47;47;47;47;47>,,,,,,
40624,金刚,6,4,config/item/gem/icon_3_lv_4.png,2,防御向符石,9999,{529=20},,2,9,<140;142;144;146;148;151;153;155;157;159;162;165;167;169;171;174;176;178;180;183;188;190;192;195;197;200;202;204;207;209;216;218;221;223;226;228;231;233;236;238;252;255;258;260;263;266;269;272;274;277;294;297;300;303;306;309;312;316;319;322;342;345;348;352;355;358;362;365;368;372;395;398;402;406;409;413;417;420;424;428;454;458;461;465;469;473;477;481;485;489;518;522;526;531;535;539;543;547;552;556;588;592;597;601;606;610;615;619;624;628;664;668;673;678;683;687;692;697;702;706>,10,<140;142;144;146;148;151;153;155;157;159;162;165;167;169;171;174;176;178;180;183;188;190;192;195;197;200;202;204;207;209;216;218;221;223;226;228;231;233;236;238;252;255;258;260;263;266;269;272;274;277;294;297;300;303;306;309;312;316;319;322;342;345;348;352;355;358;362;365;368;372;395;398;402;406;409;413;417;420;424;428;454;458;461;465;469;473;477;481;485;489;518;522;526;531;535;539;543;547;552;556;588;592;597;601;606;610;615;619;624;628;664;668;673;678;683;687;692;697;702;706>,23,<13;13;13;13;13;15;15;15;15;15;16;16;16;16;16;18;18;18;18;18;19;19;19;19;19;21;21;21;21;21;22;22;22;22;22;24;24;24;24;24;25;25;25;25;25;26;26;26;26;26;28;28;28;28;28;29;29;29;29;29;31;31;31;31;31;32;32;32;32;32;34;34;34;34;34;35;35;35;35;35;36;36;36;36;36;38;38;38;38;38;39;39;39;39;39;41;41;41;41;41;42;42;42;42;42;44;44;44;44;44;45;45;45;45;45;47;47;47;47;47>,,,,,,
40625,金刚,6,5,config/item/gem/icon_3_lv_5.png,2,防御向符石,9999,{529=20},,2,1,<1008;1023;1038;1053;1068;1084;1099;1114;1129;1144;1169;1185;1202;1218;1234;1250;1266;1282;1298;1314;1351;1368;1385;1402;1419;1436;1454;1471;1488;1505;1552;1570;1589;1607;1625;1643;1661;1679;1697;1716;1814;1835;1855;1875;1895;1915;1935;1956;1976;1996;2117;2139;2161;2183;2206;2228;2250;2272;2294;2316;2460;2484;2508;2532;2556;2580;2605;2629;2653;2677;2843;2869;2895;2921;2947;2974;3000;3026;3052;3078;3266;3294;3322;3351;3379;3407;3435;3463;3492;3520;3730;3760;3790;3820;3851;3881;3911;3941;3972;4002;4234;4266;4298;4330;4363;4395;4427;4459;4492;4524;4778;4812;4846;4881;4915;4949;4984;5018;5052;5086>,7,<200;203;206;209;212;215;218;221;224;227;232;235;238;242;245;248;251;254;258;261;268;271;275;278;282;285;288;292;295;299;308;312;315;319;322;326;330;333;337;340;360;364;368;372;376;380;384;388;392;396;420;424;429;433;438;442;446;451;455;460;488;493;498;502;507;512;517;522;526;531;564;569;574;580;585;590;595;600;606;611;648;654;659;665;670;676;682;687;693;698;740;746;752;758;764;770;776;782;788;794;840;846;853;859;866;872;878;885;891;898;948;955;962;968;975;982;989;996;1002;1009>,8,<200;203;206;209;212;215;218;221;224;227;232;235;238;242;245;248;251;254;258;261;268;271;275;278;282;285;288;292;295;299;308;312;315;319;322;326;330;333;337;340;360;364;368;372;376;380;384;388;392;396;420;424;429;433;438;442;446;451;455;460;488;493;498;502;507;512;517;522;526;531;564;569;574;580;585;590;595;600;606;611;648;654;659;665;670;676;682;687;693;698;740;746;752;758;764;770;776;782;788;794;840;846;853;859;866;872;878;885;891;898;948;955;962;968;975;982;989;996;1002;1009>,91,<27;27;27;27;27;30;30;30;30;30;33;33;33;33;33;36;36;36;36;36;38;38;38;38;38;41;41;41;41;41;44;44;44;44;44;47;47;47;47;47;50;50;50;50;50;53;53;53;53;53;56;56;56;56;56;59;59;59;59;59;61;61;61;61;61;64;64;64;64;64;67;67;67;67;67;70;70;70;70;70;73;73;73;73;73;76;76;76;76;76;79;79;79;79;79;82;82;82;82;82;84;84;84;84;84;87;87;87;87;87;90;90;90;90;90;93;93;93;93;93>,,,,
40626,金刚,6,6,config/item/gem/icon_3_lv_6.png,2,防御向符石,9999,{529=20},,2,1,<1008;1023;1038;1053;1068;1084;1099;1114;1129;1144;1169;1185;1202;1218;1234;1250;1266;1282;1298;1314;1351;1368;1385;1402;1419;1436;1454;1471;1488;1505;1552;1570;1589;1607;1625;1643;1661;1679;1697;1716;1814;1835;1855;1875;1895;1915;1935;1956;1976;1996;2117;2139;2161;2183;2206;2228;2250;2272;2294;2316;2460;2484;2508;2532;2556;2580;2605;2629;2653;2677;2843;2869;2895;2921;2947;2974;3000;3026;3052;3078;3266;3294;3322;3351;3379;3407;3435;3463;3492;3520;3730;3760;3790;3820;3851;3881;3911;3941;3972;4002;4234;4266;4298;4330;4363;4395;4427;4459;4492;4524;4778;4812;4846;4881;4915;4949;4984;5018;5052;5086>,7,<200;203;206;209;212;215;218;221;224;227;232;235;238;242;245;248;251;254;258;261;268;271;275;278;282;285;288;292;295;299;308;312;315;319;322;326;330;333;337;340;360;364;368;372;376;380;384;388;392;396;420;424;429;433;438;442;446;451;455;460;488;493;498;502;507;512;517;522;526;531;564;569;574;580;585;590;595;600;606;611;648;654;659;665;670;676;682;687;693;698;740;746;752;758;764;770;776;782;788;794;840;846;853;859;866;872;878;885;891;898;948;955;962;968;975;982;989;996;1002;1009>,8,<200;203;206;209;212;215;218;221;224;227;232;235;238;242;245;248;251;254;258;261;268;271;275;278;282;285;288;292;295;299;308;312;315;319;322;326;330;333;337;340;360;364;368;372;376;380;384;388;392;396;420;424;429;433;438;442;446;451;455;460;488;493;498;502;507;512;517;522;526;531;564;569;574;580;585;590;595;600;606;611;648;654;659;665;670;676;682;687;693;698;740;746;752;758;764;770;776;782;788;794;840;846;853;859;866;872;878;885;891;898;948;955;962;968;975;982;989;996;1002;1009>,16,<22;22;22;22;22;25;25;25;25;25;27;27;27;27;27;30;30;30;30;30;32;32;32;32;32;34;34;34;34;34;37;37;37;37;37;39;39;39;39;39;42;42;42;42;42;44;44;44;44;44;46;46;46;46;46;49;49;49;49;49;51;51;51;51;51;54;54;54;54;54;56;56;56;56;56;58;58;58;58;58;61;61;61;61;61;63;63;63;63;63;66;66;66;66;66;68;68;68;68;68;70;70;70;70;70;73;73;73;73;73;75;75;75;75;75;78;78;78;78;78>,,,,
40631,金刚,6,1,config/item/gem/icon_3_l_1.png,3,防御向符石,9999,{529=40},,3,1,<1512;1535;1557;1580;1603;1625;1648;1671;1693;1716;1754;1778;1802;1826;1851;1875;1899;1923;1947;1972;2026;2052;2077;2103;2129;2155;2180;2206;2232;2257;2328;2356;2383;2410;2437;2465;2492;2519;2546;2573;2722;2752;2782;2812;2843;2873;2903;2933;2964;2994;3175;3208;3242;3275;3308;3342;3375;3408;3441;3475;3689;3726;3762;3798;3834;3871;3907;3943;3980;4016;4264;4303;4342;4382;4421;4460;4500;4539;4578;4618;4899;4941;4984;5026;5068;5111;5153;5195;5238;5280;5594;5640;5685;5730;5776;5821;5867;5912;5957;6003;6350;6399;6447;6496;6544;6592;6641;6689;6737;6786;7167;7218;7270;7321;7373;7424;7475;7527;7578;7630>,9,<210;213;216;219;223;226;229;232;235;238;244;247;250;254;257;260;264;267;270;274;281;285;289;292;296;299;303;306;310;314;323;327;331;335;339;342;346;350;354;357;378;382;386;391;395;399;403;407;412;416;441;446;450;455;459;464;469;473;478;483;512;517;522;528;533;538;543;548;553;558;592;598;603;609;614;620;625;630;636;641;680;686;692;698;704;710;716;722;727;733;777;783;790;796;802;809;815;821;827;834;882;889;895;902;909;916;922;929;936;942;995;1003;1010;1017;1024;1031;1038;1045;1053;1060>,17,<40;40;40;40;40;45;45;45;45;45;49;49;49;49;49;53;53;53;53;53;58;58;58;58;58;62;62;62;62;62;66;66;66;66;66;71;71;71;71;71;75;75;75;75;75;79;79;79;79;79;84;84;84;84;84;88;88;88;88;88;92;92;92;92;92;96;96;96;96;96;101;101;101;101;101;105;105;105;105;105;109;109;109;109;109;114;114;114;114;114;118;118;118;118;118;122;122;122;122;122;127;127;127;127;127;131;131;131;131;131;135;135;135;135;135;140;140;140;140;140>,,,,,,
40632,金刚,6,2,config/item/gem/icon_3_l_2.png,3,防御向符石,9999,{529=40},,3,1,<1512;1535;1557;1580;1603;1625;1648;1671;1693;1716;1754;1778;1802;1826;1851;1875;1899;1923;1947;1972;2026;2052;2077;2103;2129;2155;2180;2206;2232;2257;2328;2356;2383;2410;2437;2465;2492;2519;2546;2573;2722;2752;2782;2812;2843;2873;2903;2933;2964;2994;3175;3208;3242;3275;3308;3342;3375;3408;3441;3475;3689;3726;3762;3798;3834;3871;3907;3943;3980;4016;4264;4303;4342;4382;4421;4460;4500;4539;4578;4618;4899;4941;4984;5026;5068;5111;5153;5195;5238;5280;5594;5640;5685;5730;5776;5821;5867;5912;5957;6003;6350;6399;6447;6496;6544;6592;6641;6689;6737;6786;7167;7218;7270;7321;7373;7424;7475;7527;7578;7630>,10,<210;213;216;219;223;226;229;232;235;238;244;247;250;254;257;260;264;267;270;274;281;285;289;292;296;299;303;306;310;314;323;327;331;335;339;342;346;350;354;357;378;382;386;391;395;399;403;407;412;416;441;446;450;455;459;464;469;473;478;483;512;517;522;528;533;538;543;548;553;558;592;598;603;609;614;620;625;630;636;641;680;686;692;698;704;710;716;722;727;733;777;783;790;796;802;809;815;821;827;834;882;889;895;902;909;916;922;929;936;942;995;1003;1010;1017;1024;1031;1038;1045;1053;1060>,19,<40;40;40;40;40;45;45;45;45;45;49;49;49;49;49;53;53;53;53;53;58;58;58;58;58;62;62;62;62;62;66;66;66;66;66;71;71;71;71;71;75;75;75;75;75;79;79;79;79;79;84;84;84;84;84;88;88;88;88;88;92;92;92;92;92;96;96;96;96;96;101;101;101;101;101;105;105;105;105;105;109;109;109;109;109;114;114;114;114;114;118;118;118;118;118;122;122;122;122;122;127;127;127;127;127;131;131;131;131;131;135;135;135;135;135;140;140;140;140;140>,,,,,,
40633,金刚,6,3,config/item/gem/icon_3_l_3.png,3,防御向符石,9999,{529=40},,3,9,<210;213;216;219;223;226;229;232;235;238;244;247;250;254;257;260;264;267;270;274;281;285;289;292;296;299;303;306;310;314;323;327;331;335;339;342;346;350;354;357;378;382;386;391;395;399;403;407;412;416;441;446;450;455;459;464;469;473;478;483;512;517;522;528;533;538;543;548;553;558;592;598;603;609;614;620;625;630;636;641;680;686;692;698;704;710;716;722;727;733;777;783;790;796;802;809;815;821;827;834;882;889;895;902;909;916;922;929;936;942;995;1003;1010;1017;1024;1031;1038;1045;1053;1060>,10,<210;213;216;219;223;226;229;232;235;238;244;247;250;254;257;260;264;267;270;274;281;285;289;292;296;299;303;306;310;314;323;327;331;335;339;342;346;350;354;357;378;382;386;391;395;399;403;407;412;416;441;446;450;455;459;464;469;473;478;483;512;517;522;528;533;538;543;548;553;558;592;598;603;609;614;620;625;630;636;641;680;686;692;698;704;710;716;722;727;733;777;783;790;796;802;809;815;821;827;834;882;889;895;902;909;916;922;929;936;942;995;1003;1010;1017;1024;1031;1038;1045;1053;1060>,22,<20;20;20;20;20;22;22;22;22;22;24;24;24;24;24;27;27;27;27;27;29;29;29;29;29;31;31;31;31;31;33;33;33;33;33;35;35;35;35;35;37;37;37;37;37;40;40;40;40;40;42;42;42;42;42;44;44;44;44;44;46;46;46;46;46;48;48;48;48;48;50;50;50;50;50;53;53;53;53;53;55;55;55;55;55;57;57;57;57;57;59;59;59;59;59;61;61;61;61;61;63;63;63;63;63;66;66;66;66;66;68;68;68;68;68;70;70;70;70;70>,,,,,,
40634,金刚,6,4,config/item/gem/icon_3_l_4.png,3,防御向符石,9999,{529=40},,3,9,<210;213;216;219;223;226;229;232;235;238;244;247;250;254;257;260;264;267;270;274;281;285;289;292;296;299;303;306;310;314;323;327;331;335;339;342;346;350;354;357;378;382;386;391;395;399;403;407;412;416;441;446;450;455;459;464;469;473;478;483;512;517;522;528;533;538;543;548;553;558;592;598;603;609;614;620;625;630;636;641;680;686;692;698;704;710;716;722;727;733;777;783;790;796;802;809;815;821;827;834;882;889;895;902;909;916;922;929;936;942;995;1003;1010;1017;1024;1031;1038;1045;1053;1060>,10,<210;213;216;219;223;226;229;232;235;238;244;247;250;254;257;260;264;267;270;274;281;285;289;292;296;299;303;306;310;314;323;327;331;335;339;342;346;350;354;357;378;382;386;391;395;399;403;407;412;416;441;446;450;455;459;464;469;473;478;483;512;517;522;528;533;538;543;548;553;558;592;598;603;609;614;620;625;630;636;641;680;686;692;698;704;710;716;722;727;733;777;783;790;796;802;809;815;821;827;834;882;889;895;902;909;916;922;929;936;942;995;1003;1010;1017;1024;1031;1038;1045;1053;1060>,23,<20;20;20;20;20;22;22;22;22;22;24;24;24;24;24;27;27;27;27;27;29;29;29;29;29;31;31;31;31;31;33;33;33;33;33;35;35;35;35;35;37;37;37;37;37;40;40;40;40;40;42;42;42;42;42;44;44;44;44;44;46;46;46;46;46;48;48;48;48;48;50;50;50;50;50;53;53;53;53;53;55;55;55;55;55;57;57;57;57;57;59;59;59;59;59;61;61;61;61;61;63;63;63;63;63;66;66;66;66;66;68;68;68;68;68;70;70;70;70;70>,,,,,,
40635,金刚,6,5,config/item/gem/icon_3_l_5.png,3,防御向符石,9999,{529=40},,3,1,<1512;1535;1557;1580;1603;1625;1648;1671;1693;1716;1754;1778;1802;1826;1851;1875;1899;1923;1947;1972;2026;2052;2077;2103;2129;2155;2180;2206;2232;2257;2328;2356;2383;2410;2437;2465;2492;2519;2546;2573;2722;2752;2782;2812;2843;2873;2903;2933;2964;2994;3175;3208;3242;3275;3308;3342;3375;3408;3441;3475;3689;3726;3762;3798;3834;3871;3907;3943;3980;4016;4264;4303;4342;4382;4421;4460;4500;4539;4578;4618;4899;4941;4984;5026;5068;5111;5153;5195;5238;5280;5594;5640;5685;5730;5776;5821;5867;5912;5957;6003;6350;6399;6447;6496;6544;6592;6641;6689;6737;6786;7167;7218;7270;7321;7373;7424;7475;7527;7578;7630>,7,<300;305;309;314;318;323;327;332;336;341;348;353;358;362;367;372;377;382;386;391;402;407;412;417;422;428;433;438;443;448;462;467;473;478;484;489;494;500;505;511;540;546;552;558;564;570;576;582;588;594;630;637;643;650;656;663;670;676;683;689;732;739;746;754;761;768;775;782;790;797;846;854;862;869;877;885;893;901;908;916;972;980;989;997;1006;1014;1022;1031;1039;1048;1110;1119;1128;1137;1146;1155;1164;1173;1182;1191;1260;1270;1279;1289;1298;1308;1318;1327;1337;1346;1422;1432;1442;1453;1463;1473;1483;1493;1504;1514>,8,<300;305;309;314;318;323;327;332;336;341;348;353;358;362;367;372;377;382;386;391;402;407;412;417;422;428;433;438;443;448;462;467;473;478;484;489;494;500;505;511;540;546;552;558;564;570;576;582;588;594;630;637;643;650;656;663;670;676;683;689;732;739;746;754;761;768;775;782;790;797;846;854;862;869;877;885;893;901;908;916;972;980;989;997;1006;1014;1022;1031;1039;1048;1110;1119;1128;1137;1146;1155;1164;1173;1182;1191;1260;1270;1279;1289;1298;1308;1318;1327;1337;1346;1422;1432;1442;1453;1463;1473;1483;1493;1504;1514>,91,<40;40;40;40;40;45;45;45;45;45;49;49;49;49;49;53;53;53;53;53;58;58;58;58;58;62;62;62;62;62;66;66;66;66;66;71;71;71;71;71;75;75;75;75;75;79;79;79;79;79;84;84;84;84;84;88;88;88;88;88;92;92;92;92;92;96;96;96;96;96;101;101;101;101;101;105;105;105;105;105;109;109;109;109;109;114;114;114;114;114;118;118;118;118;118;122;122;122;122;122;127;127;127;127;127;131;131;131;131;131;135;135;135;135;135;140;140;140;140;140>,,,,
40636,金刚,6,6,config/item/gem/icon_3_l_6.png,3,防御向符石,9999,{529=40},,3,1,<1512;1535;1557;1580;1603;1625;1648;1671;1693;1716;1754;1778;1802;1826;1851;1875;1899;1923;1947;1972;2026;2052;2077;2103;2129;2155;2180;2206;2232;2257;2328;2356;2383;2410;2437;2465;2492;2519;2546;2573;2722;2752;2782;2812;2843;2873;2903;2933;2964;2994;3175;3208;3242;3275;3308;3342;3375;3408;3441;3475;3689;3726;3762;3798;3834;3871;3907;3943;3980;4016;4264;4303;4342;4382;4421;4460;4500;4539;4578;4618;4899;4941;4984;5026;5068;5111;5153;5195;5238;5280;5594;5640;5685;5730;5776;5821;5867;5912;5957;6003;6350;6399;6447;6496;6544;6592;6641;6689;6737;6786;7167;7218;7270;7321;7373;7424;7475;7527;7578;7630>,7,<300;305;309;314;318;323;327;332;336;341;348;353;358;362;367;372;377;382;386;391;402;407;412;417;422;428;433;438;443;448;462;467;473;478;484;489;494;500;505;511;540;546;552;558;564;570;576;582;588;594;630;637;643;650;656;663;670;676;683;689;732;739;746;754;761;768;775;782;790;797;846;854;862;869;877;885;893;901;908;916;972;980;989;997;1006;1014;1022;1031;1039;1048;1110;1119;1128;1137;1146;1155;1164;1173;1182;1191;1260;1270;1279;1289;1298;1308;1318;1327;1337;1346;1422;1432;1442;1453;1463;1473;1483;1493;1504;1514>,8,<300;305;309;314;318;323;327;332;336;341;348;353;358;362;367;372;377;382;386;391;402;407;412;417;422;428;433;438;443;448;462;467;473;478;484;489;494;500;505;511;540;546;552;558;564;570;576;582;588;594;630;637;643;650;656;663;670;676;683;689;732;739;746;754;761;768;775;782;790;797;846;854;862;869;877;885;893;901;908;916;972;980;989;997;1006;1014;1022;1031;1039;1048;1110;1119;1128;1137;1146;1155;1164;1173;1182;1191;1260;1270;1279;1289;1298;1308;1318;1327;1337;1346;1422;1432;1442;1453;1463;1473;1483;1493;1504;1514>,16,<34;34;34;34;34;37;37;37;37;37;41;41;41;41;41;44;44;44;44;44;48;48;48;48;48;52;52;52;52;52;55;55;55;55;55;59;59;59;59;59;62;62;62;62;62;66;66;66;66;66;70;70;70;70;70;73;73;73;73;73;77;77;77;77;77;80;80;80;80;80;84;84;84;84;84;88;88;88;88;88;91;91;91;91;91;95;95;95;95;95;98;98;98;98;98;102;102;102;102;102;106;106;106;106;106;109;109;109;109;109;113;113;113;113;113;116;116;116;116;116>,,,,
40641,金刚,6,1,config/item/gem/icon_3_z_1.png,4,防御向符石,9999,{529=80},,4,1,<2218;2251;2285;2318;2351;2384;2418;2451;2484;2517;2573;2608;2644;2679;2715;2750;2786;2821;2857;2892;2972;3010;3048;3085;3123;3161;3198;3236;3274;3311;3416;3456;3496;3535;3575;3615;3655;3695;3735;3775;3992;4037;4081;4125;4170;4214;4259;4303;4347;4392;4658;4707;4755;4804;4853;4902;4951;4999;5048;5097;5412;5465;5518;5572;5625;5678;5731;5785;5838;5891;6255;6312;6370;6428;6485;6543;6601;6658;6716;6774;7186;7248;7311;7373;7435;7497;7559;7621;7683;7745;8207;8273;8340;8406;8473;8539;8606;8672;8739;8805;9316;9387;9458;9529;9600;9670;9741;9812;9883;9954;10513;10589;10664;10740;10815;10890;10966;11041;11117;11192>,9,<308;313;317;322;326;331;336;340;345;350;357;362;367;372;377;382;387;392;397;402;413;418;423;428;434;439;444;449;455;460;474;480;485;491;496;502;508;513;519;524;554;561;567;573;579;585;591;598;604;610;647;654;660;667;674;681;687;694;701;708;752;759;766;774;781;788;796;803;811;818;869;877;885;893;901;909;917;925;933;941;998;1007;1015;1024;1032;1041;1050;1058;1067;1076;1140;1149;1158;1167;1177;1186;1195;1204;1214;1223;1294;1303;1313;1323;1333;1343;1353;1363;1372;1382;1460;1470;1481;1491;1502;1512;1523;1533;1544;1554>,17,<59;59;59;59;59;65;65;65;65;65;72;72;72;72;72;78;78;78;78;78;84;84;84;84;84;91;91;91;91;91;97;97;97;97;97;103;103;103;103;103;110;110;110;110;110;116;116;116;116;116;122;122;122;122;122;129;129;129;129;129;135;135;135;135;135;142;142;142;142;142;148;148;148;148;148;154;154;154;154;154;161;161;161;161;161;167;167;167;167;167;173;173;173;173;173;180;180;180;180;180;186;186;186;186;186;192;192;192;192;192;199;199;199;199;199;205;205;205;205;205>,,,,,,{drawcard=zi_effect_loop}
40642,金刚,6,2,config/item/gem/icon_3_z_2.png,4,防御向符石,9999,{529=80},,4,1,<2218;2251;2285;2318;2351;2384;2418;2451;2484;2517;2573;2608;2644;2679;2715;2750;2786;2821;2857;2892;2972;3010;3048;3085;3123;3161;3198;3236;3274;3311;3416;3456;3496;3535;3575;3615;3655;3695;3735;3775;3992;4037;4081;4125;4170;4214;4259;4303;4347;4392;4658;4707;4755;4804;4853;4902;4951;4999;5048;5097;5412;5465;5518;5572;5625;5678;5731;5785;5838;5891;6255;6312;6370;6428;6485;6543;6601;6658;6716;6774;7186;7248;7311;7373;7435;7497;7559;7621;7683;7745;8207;8273;8340;8406;8473;8539;8606;8672;8739;8805;9316;9387;9458;9529;9600;9670;9741;9812;9883;9954;10513;10589;10664;10740;10815;10890;10966;11041;11117;11192>,10,<308;313;317;322;326;331;336;340;345;350;357;362;367;372;377;382;387;392;397;402;413;418;423;428;434;439;444;449;455;460;474;480;485;491;496;502;508;513;519;524;554;561;567;573;579;585;591;598;604;610;647;654;660;667;674;681;687;694;701;708;752;759;766;774;781;788;796;803;811;818;869;877;885;893;901;909;917;925;933;941;998;1007;1015;1024;1032;1041;1050;1058;1067;1076;1140;1149;1158;1167;1177;1186;1195;1204;1214;1223;1294;1303;1313;1323;1333;1343;1353;1363;1372;1382;1460;1470;1481;1491;1502;1512;1523;1533;1544;1554>,19,<59;59;59;59;59;65;65;65;65;65;72;72;72;72;72;78;78;78;78;78;84;84;84;84;84;91;91;91;91;91;97;97;97;97;97;103;103;103;103;103;110;110;110;110;110;116;116;116;116;116;122;122;122;122;122;129;129;129;129;129;135;135;135;135;135;142;142;142;142;142;148;148;148;148;148;154;154;154;154;154;161;161;161;161;161;167;167;167;167;167;173;173;173;173;173;180;180;180;180;180;186;186;186;186;186;192;192;192;192;192;199;199;199;199;199;205;205;205;205;205>,,,,,,{drawcard=zi_effect_loop}
40643,金刚,6,3,config/item/gem/icon_3_z_3.png,4,防御向符石,9999,{529=80},,4,9,<308;313;317;322;326;331;336;340;345;350;357;362;367;372;377;382;387;392;397;402;413;418;423;428;434;439;444;449;455;460;474;480;485;491;496;502;508;513;519;524;554;561;567;573;579;585;591;598;604;610;647;654;660;667;674;681;687;694;701;708;752;759;766;774;781;788;796;803;811;818;869;877;885;893;901;909;917;925;933;941;998;1007;1015;1024;1032;1041;1050;1058;1067;1076;1140;1149;1158;1167;1177;1186;1195;1204;1214;1223;1294;1303;1313;1323;1333;1343;1353;1363;1372;1382;1460;1470;1481;1491;1502;1512;1523;1533;1544;1554>,10,<308;313;317;322;326;331;336;340;345;350;357;362;367;372;377;382;387;392;397;402;413;418;423;428;434;439;444;449;455;460;474;480;485;491;496;502;508;513;519;524;554;561;567;573;579;585;591;598;604;610;647;654;660;667;674;681;687;694;701;708;752;759;766;774;781;788;796;803;811;818;869;877;885;893;901;909;917;925;933;941;998;1007;1015;1024;1032;1041;1050;1058;1067;1076;1140;1149;1158;1167;1177;1186;1195;1204;1214;1223;1294;1303;1313;1323;1333;1343;1353;1363;1372;1382;1460;1470;1481;1491;1502;1512;1523;1533;1544;1554>,22,<30;30;30;30;30;33;33;33;33;33;36;36;36;36;36;39;39;39;39;39;42;42;42;42;42;45;45;45;45;45;49;49;49;49;49;52;52;52;52;52;55;55;55;55;55;58;58;58;58;58;61;61;61;61;61;64;64;64;64;64;68;68;68;68;68;71;71;71;71;71;74;74;74;74;74;77;77;77;77;77;80;80;80;80;80;83;83;83;83;83;87;87;87;87;87;90;90;90;90;90;93;93;93;93;93;96;96;96;96;96;99;99;99;99;99;102;102;102;102;102>,,,,,,{drawcard=zi_effect_loop}
40644,金刚,6,4,config/item/gem/icon_3_z_4.png,4,防御向符石,9999,{529=80},,4,9,<308;313;317;322;326;331;336;340;345;350;357;362;367;372;377;382;387;392;397;402;413;418;423;428;434;439;444;449;455;460;474;480;485;491;496;502;508;513;519;524;554;561;567;573;579;585;591;598;604;610;647;654;660;667;674;681;687;694;701;708;752;759;766;774;781;788;796;803;811;818;869;877;885;893;901;909;917;925;933;941;998;1007;1015;1024;1032;1041;1050;1058;1067;1076;1140;1149;1158;1167;1177;1186;1195;1204;1214;1223;1294;1303;1313;1323;1333;1343;1353;1363;1372;1382;1460;1470;1481;1491;1502;1512;1523;1533;1544;1554>,10,<308;313;317;322;326;331;336;340;345;350;357;362;367;372;377;382;387;392;397;402;413;418;423;428;434;439;444;449;455;460;474;480;485;491;496;502;508;513;519;524;554;561;567;573;579;585;591;598;604;610;647;654;660;667;674;681;687;694;701;708;752;759;766;774;781;788;796;803;811;818;869;877;885;893;901;909;917;925;933;941;998;1007;1015;1024;1032;1041;1050;1058;1067;1076;1140;1149;1158;1167;1177;1186;1195;1204;1214;1223;1294;1303;1313;1323;1333;1343;1353;1363;1372;1382;1460;1470;1481;1491;1502;1512;1523;1533;1544;1554>,23,<30;30;30;30;30;33;33;33;33;33;36;36;36;36;36;39;39;39;39;39;42;42;42;42;42;45;45;45;45;45;49;49;49;49;49;52;52;52;52;52;55;55;55;55;55;58;58;58;58;58;61;61;61;61;61;64;64;64;64;64;68;68;68;68;68;71;71;71;71;71;74;74;74;74;74;77;77;77;77;77;80;80;80;80;80;83;83;83;83;83;87;87;87;87;87;90;90;90;90;90;93;93;93;93;93;96;96;96;96;96;99;99;99;99;99;102;102;102;102;102>,,,,,,{drawcard=zi_effect_loop}
40645,金刚,6,5,config/item/gem/icon_3_z_5.png,4,防御向符石,9999,{529=80},,4,1,<2218;2251;2285;2318;2351;2384;2418;2451;2484;2517;2573;2608;2644;2679;2715;2750;2786;2821;2857;2892;2972;3010;3048;3085;3123;3161;3198;3236;3274;3311;3416;3456;3496;3535;3575;3615;3655;3695;3735;3775;3992;4037;4081;4125;4170;4214;4259;4303;4347;4392;4658;4707;4755;4804;4853;4902;4951;4999;5048;5097;5412;5465;5518;5572;5625;5678;5731;5785;5838;5891;6255;6312;6370;6428;6485;6543;6601;6658;6716;6774;7186;7248;7311;7373;7435;7497;7559;7621;7683;7745;8207;8273;8340;8406;8473;8539;8606;8672;8739;8805;9316;9387;9458;9529;9600;9670;9741;9812;9883;9954;10513;10589;10664;10740;10815;10890;10966;11041;11117;11192>,7,<440;447;453;460;466;473;480;486;493;499;510;517;524;532;539;546;553;560;567;574;590;597;605;612;620;627;634;642;649;657;678;686;693;701;709;717;725;733;741;749;792;801;810;818;827;836;845;854;862;871;924;934;943;953;963;972;982;992;1001;1011;1074;1084;1095;1105;1116;1126;1137;1148;1158;1169;1241;1252;1264;1275;1287;1298;1309;1321;1332;1344;1426;1438;1450;1463;1475;1487;1500;1512;1524;1536;1628;1641;1654;1668;1681;1694;1707;1720;1734;1747;1848;1862;1876;1890;1904;1918;1932;1947;1961;1975;2086;2101;2116;2130;2145;2160;2175;2190;2205;2220>,8,<440;447;453;460;466;473;480;486;493;499;510;517;524;532;539;546;553;560;567;574;590;597;605;612;620;627;634;642;649;657;678;686;693;701;709;717;725;733;741;749;792;801;810;818;827;836;845;854;862;871;924;934;943;953;963;972;982;992;1001;1011;1074;1084;1095;1105;1116;1126;1137;1148;1158;1169;1241;1252;1264;1275;1287;1298;1309;1321;1332;1344;1426;1438;1450;1463;1475;1487;1500;1512;1524;1536;1628;1641;1654;1668;1681;1694;1707;1720;1734;1747;1848;1862;1876;1890;1904;1918;1932;1947;1961;1975;2086;2101;2116;2130;2145;2160;2175;2190;2205;2220>,91,<59;59;59;59;59;65;65;65;65;65;72;72;72;72;72;78;78;78;78;78;84;84;84;84;84;91;91;91;91;91;97;97;97;97;97;103;103;103;103;103;110;110;110;110;110;116;116;116;116;116;122;122;122;122;122;129;129;129;129;129;135;135;135;135;135;142;142;142;142;142;148;148;148;148;148;154;154;154;154;154;161;161;161;161;161;167;167;167;167;167;173;173;173;173;173;180;180;180;180;180;186;186;186;186;186;192;192;192;192;192;199;199;199;199;199;205;205;205;205;205>,,,,{drawcard=zi_effect_loop}
40646,金刚,6,6,config/item/gem/icon_3_z_6.png,4,防御向符石,9999,{529=80},,4,1,<2218;2251;2285;2318;2351;2384;2418;2451;2484;2517;2573;2608;2644;2679;2715;2750;2786;2821;2857;2892;2972;3010;3048;3085;3123;3161;3198;3236;3274;3311;3416;3456;3496;3535;3575;3615;3655;3695;3735;3775;3992;4037;4081;4125;4170;4214;4259;4303;4347;4392;4658;4707;4755;4804;4853;4902;4951;4999;5048;5097;5412;5465;5518;5572;5625;5678;5731;5785;5838;5891;6255;6312;6370;6428;6485;6543;6601;6658;6716;6774;7186;7248;7311;7373;7435;7497;7559;7621;7683;7745;8207;8273;8340;8406;8473;8539;8606;8672;8739;8805;9316;9387;9458;9529;9600;9670;9741;9812;9883;9954;10513;10589;10664;10740;10815;10890;10966;11041;11117;11192>,7,<440;447;453;460;466;473;480;486;493;499;510;517;524;532;539;546;553;560;567;574;590;597;605;612;620;627;634;642;649;657;678;686;693;701;709;717;725;733;741;749;792;801;810;818;827;836;845;854;862;871;924;934;943;953;963;972;982;992;1001;1011;1074;1084;1095;1105;1116;1126;1137;1148;1158;1169;1241;1252;1264;1275;1287;1298;1309;1321;1332;1344;1426;1438;1450;1463;1475;1487;1500;1512;1524;1536;1628;1641;1654;1668;1681;1694;1707;1720;1734;1747;1848;1862;1876;1890;1904;1918;1932;1947;1961;1975;2086;2101;2116;2130;2145;2160;2175;2190;2205;2220>,8,<440;447;453;460;466;473;480;486;493;499;510;517;524;532;539;546;553;560;567;574;590;597;605;612;620;627;634;642;649;657;678;686;693;701;709;717;725;733;741;749;792;801;810;818;827;836;845;854;862;871;924;934;943;953;963;972;982;992;1001;1011;1074;1084;1095;1105;1116;1126;1137;1148;1158;1169;1241;1252;1264;1275;1287;1298;1309;1321;1332;1344;1426;1438;1450;1463;1475;1487;1500;1512;1524;1536;1628;1641;1654;1668;1681;1694;1707;1720;1734;1747;1848;1862;1876;1890;1904;1918;1932;1947;1961;1975;2086;2101;2116;2130;2145;2160;2175;2190;2205;2220>,16,<49;49;49;49;49;55;55;55;55;55;60;60;60;60;60;65;65;65;65;65;70;70;70;70;70;76;76;76;76;76;81;81;81;81;81;86;86;86;86;86;92;92;92;92;92;97;97;97;97;97;102;102;102;102;102;107;107;107;107;107;113;113;113;113;113;118;118;118;118;118;123;123;123;123;123;128;128;128;128;128;134;134;134;134;134;139;139;139;139;139;144;144;144;144;144;150;150;150;150;150;155;155;155;155;155;160;160;160;160;160;165;165;165;165;165;171;171;171;171;171>,,,,{drawcard=zi_effect_loop}
40651,金刚,6,1,config/item/gem/icon_3_hu_1.png,5,防御向符石,9999,{529=400},,5,1,<3427;3478;3530;3581;3633;3684;3735;3787;3838;3890;3975;4030;4085;4140;4195;4249;4304;4359;4414;4469;4592;4650;4709;4767;4825;4883;4942;5000;5058;5117;5278;5339;5401;5463;5524;5586;5648;5709;5771;5833;6169;6237;6306;6374;6443;6511;6580;6648;6717;6785;7197;7272;7347;7423;7498;7574;7649;7724;7800;7875;8362;8444;8526;8609;8691;8773;8855;8938;9020;9102;9664;9753;9842;9931;10021;10110;10199;10288;10377;10466;11103;11199;11295;11391;11487;11583;11679;11775;11871;11967;12680;12783;12886;12988;13091;13194;13297;13400;13502;13605;14393;14503;14613;14722;14832;14942;15051;15161;15271;15380;16244;16360;16477;16594;16710;16827;16943;17060;17176;17293>,9,<476;483;490;497;505;512;519;526;533;540;552;560;567;575;583;590;598;605;613;621;638;646;654;662;670;678;686;694;703;711;733;742;750;759;767;776;784;793;802;810;857;866;876;885;895;904;914;923;933;942;1000;1010;1021;1031;1041;1052;1062;1073;1083;1094;1161;1173;1184;1196;1207;1219;1230;1241;1253;1264;1342;1355;1367;1379;1392;1404;1417;1429;1441;1454;1542;1556;1569;1582;1596;1609;1622;1636;1649;1662;1761;1775;1790;1804;1818;1833;1847;1861;1875;1890;1999;2014;2030;2045;2060;2075;2091;2106;2121;2136;2256;2272;2289;2305;2321;2337;2353;2370;2386;2402>,17,<91;91;91;91;91;101;101;101;101;101;111;111;111;111;111;121;121;121;121;121;131;131;131;131;131;140;140;140;140;140;150;150;150;150;150;160;160;160;160;160;170;170;170;170;170;180;180;180;180;180;189;189;189;189;189;199;199;199;199;199;209;209;209;209;209;219;219;219;219;219;228;228;228;228;228;238;238;238;238;238;248;248;248;248;248;258;258;258;258;258;268;268;268;268;268;277;277;277;277;277;287;287;287;287;287;297;297;297;297;297;307;307;307;307;307;317;317;317;317;317>,,,,,,{drawcard=huang_effect_loop}
40652,金刚,6,2,config/item/gem/icon_3_hu_2.png,5,防御向符石,9999,{529=400},,5,1,<3427;3478;3530;3581;3633;3684;3735;3787;3838;3890;3975;4030;4085;4140;4195;4249;4304;4359;4414;4469;4592;4650;4709;4767;4825;4883;4942;5000;5058;5117;5278;5339;5401;5463;5524;5586;5648;5709;5771;5833;6169;6237;6306;6374;6443;6511;6580;6648;6717;6785;7197;7272;7347;7423;7498;7574;7649;7724;7800;7875;8362;8444;8526;8609;8691;8773;8855;8938;9020;9102;9664;9753;9842;9931;10021;10110;10199;10288;10377;10466;11103;11199;11295;11391;11487;11583;11679;11775;11871;11967;12680;12783;12886;12988;13091;13194;13297;13400;13502;13605;14393;14503;14613;14722;14832;14942;15051;15161;15271;15380;16244;16360;16477;16594;16710;16827;16943;17060;17176;17293>,10,<476;483;490;497;505;512;519;526;533;540;552;560;567;575;583;590;598;605;613;621;638;646;654;662;670;678;686;694;703;711;733;742;750;759;767;776;784;793;802;810;857;866;876;885;895;904;914;923;933;942;1000;1010;1021;1031;1041;1052;1062;1073;1083;1094;1161;1173;1184;1196;1207;1219;1230;1241;1253;1264;1342;1355;1367;1379;1392;1404;1417;1429;1441;1454;1542;1556;1569;1582;1596;1609;1622;1636;1649;1662;1761;1775;1790;1804;1818;1833;1847;1861;1875;1890;1999;2014;2030;2045;2060;2075;2091;2106;2121;2136;2256;2272;2289;2305;2321;2337;2353;2370;2386;2402>,19,<91;91;91;91;91;101;101;101;101;101;111;111;111;111;111;121;121;121;121;121;131;131;131;131;131;140;140;140;140;140;150;150;150;150;150;160;160;160;160;160;170;170;170;170;170;180;180;180;180;180;189;189;189;189;189;199;199;199;199;199;209;209;209;209;209;219;219;219;219;219;228;228;228;228;228;238;238;238;238;238;248;248;248;248;248;258;258;258;258;258;268;268;268;268;268;277;277;277;277;277;287;287;287;287;287;297;297;297;297;297;307;307;307;307;307;317;317;317;317;317>,,,,,,{drawcard=huang_effect_loop}
40653,金刚,6,3,config/item/gem/icon_3_hu_3.png,5,防御向符石,9999,{529=400},,5,9,<476;483;490;497;505;512;519;526;533;540;552;560;567;575;583;590;598;605;613;621;638;646;654;662;670;678;686;694;703;711;733;742;750;759;767;776;784;793;802;810;857;866;876;885;895;904;914;923;933;942;1000;1010;1021;1031;1041;1052;1062;1073;1083;1094;1161;1173;1184;1196;1207;1219;1230;1241;1253;1264;1342;1355;1367;1379;1392;1404;1417;1429;1441;1454;1542;1556;1569;1582;1596;1609;1622;1636;1649;1662;1761;1775;1790;1804;1818;1833;1847;1861;1875;1890;1999;2014;2030;2045;2060;2075;2091;2106;2121;2136;2256;2272;2289;2305;2321;2337;2353;2370;2386;2402>,10,<476;483;490;497;505;512;519;526;533;540;552;560;567;575;583;590;598;605;613;621;638;646;654;662;670;678;686;694;703;711;733;742;750;759;767;776;784;793;802;810;857;866;876;885;895;904;914;923;933;942;1000;1010;1021;1031;1041;1052;1062;1073;1083;1094;1161;1173;1184;1196;1207;1219;1230;1241;1253;1264;1342;1355;1367;1379;1392;1404;1417;1429;1441;1454;1542;1556;1569;1582;1596;1609;1622;1636;1649;1662;1761;1775;1790;1804;1818;1833;1847;1861;1875;1890;1999;2014;2030;2045;2060;2075;2091;2106;2121;2136;2256;2272;2289;2305;2321;2337;2353;2370;2386;2402>,22,<46;46;46;46;46;51;51;51;51;51;55;55;55;55;55;60;60;60;60;60;65;65;65;65;65;70;70;70;70;70;75;75;75;75;75;80;80;80;80;80;85;85;85;85;85;90;90;90;90;90;95;95;95;95;95;100;100;100;100;100;104;104;104;104;104;109;109;109;109;109;114;114;114;114;114;119;119;119;119;119;124;124;124;124;124;129;129;129;129;129;134;134;134;134;134;139;139;139;139;139;144;144;144;144;144;149;149;149;149;149;153;153;153;153;153;158;158;158;158;158>,,,,,,{drawcard=huang_effect_loop}
40654,金刚,6,4,config/item/gem/icon_3_hu_4.png,5,防御向符石,9999,{529=400},,5,9,<476;483;490;497;505;512;519;526;533;540;552;560;567;575;583;590;598;605;613;621;638;646;654;662;670;678;686;694;703;711;733;742;750;759;767;776;784;793;802;810;857;866;876;885;895;904;914;923;933;942;1000;1010;1021;1031;1041;1052;1062;1073;1083;1094;1161;1173;1184;1196;1207;1219;1230;1241;1253;1264;1342;1355;1367;1379;1392;1404;1417;1429;1441;1454;1542;1556;1569;1582;1596;1609;1622;1636;1649;1662;1761;1775;1790;1804;1818;1833;1847;1861;1875;1890;1999;2014;2030;2045;2060;2075;2091;2106;2121;2136;2256;2272;2289;2305;2321;2337;2353;2370;2386;2402>,10,<476;483;490;497;505;512;519;526;533;540;552;560;567;575;583;590;598;605;613;621;638;646;654;662;670;678;686;694;703;711;733;742;750;759;767;776;784;793;802;810;857;866;876;885;895;904;914;923;933;942;1000;1010;1021;1031;1041;1052;1062;1073;1083;1094;1161;1173;1184;1196;1207;1219;1230;1241;1253;1264;1342;1355;1367;1379;1392;1404;1417;1429;1441;1454;1542;1556;1569;1582;1596;1609;1622;1636;1649;1662;1761;1775;1790;1804;1818;1833;1847;1861;1875;1890;1999;2014;2030;2045;2060;2075;2091;2106;2121;2136;2256;2272;2289;2305;2321;2337;2353;2370;2386;2402>,23,<46;46;46;46;46;51;51;51;51;51;55;55;55;55;55;60;60;60;60;60;65;65;65;65;65;70;70;70;70;70;75;75;75;75;75;80;80;80;80;80;85;85;85;85;85;90;90;90;90;90;95;95;95;95;95;100;100;100;100;100;104;104;104;104;104;109;109;109;109;109;114;114;114;114;114;119;119;119;119;119;124;124;124;124;124;129;129;129;129;129;134;134;134;134;134;139;139;139;139;139;144;144;144;144;144;149;149;149;149;149;153;153;153;153;153;158;158;158;158;158>,,,,,,{drawcard=huang_effect_loop}
40655,金刚,6,5,config/item/gem/icon_3_hu_5.png,5,防御向符石,9999,{529=400},,5,1,<3427;3478;3530;3581;3633;3684;3735;3787;3838;3890;3975;4030;4085;4140;4195;4249;4304;4359;4414;4469;4592;4650;4709;4767;4825;4883;4942;5000;5058;5117;5278;5339;5401;5463;5524;5586;5648;5709;5771;5833;6169;6237;6306;6374;6443;6511;6580;6648;6717;6785;7197;7272;7347;7423;7498;7574;7649;7724;7800;7875;8362;8444;8526;8609;8691;8773;8855;8938;9020;9102;9664;9753;9842;9931;10021;10110;10199;10288;10377;10466;11103;11199;11295;11391;11487;11583;11679;11775;11871;11967;12680;12783;12886;12988;13091;13194;13297;13400;13502;13605;14393;14503;14613;14722;14832;14942;15051;15161;15271;15380;16244;16360;16477;16594;16710;16827;16943;17060;17176;17293>,7,<680;690;700;711;721;731;741;751;762;772;789;800;811;821;832;843;854;865;876;887;911;923;934;946;957;969;981;992;1004;1015;1047;1059;1072;1084;1096;1108;1121;1133;1145;1157;1224;1238;1251;1265;1278;1292;1306;1319;1333;1346;1428;1443;1458;1473;1488;1503;1518;1533;1548;1563;1659;1676;1692;1708;1724;1741;1757;1773;1790;1806;1918;1935;1953;1971;1988;2006;2024;2041;2059;2077;2203;2222;2241;2260;2279;2298;2317;2336;2356;2375;2516;2536;2557;2577;2598;2618;2638;2659;2679;2700;2856;2878;2900;2921;2943;2965;2987;3008;3030;3052;3223;3246;3269;3293;3316;3339;3362;3385;3408;3431>,8,<680;690;700;711;721;731;741;751;762;772;789;800;811;821;832;843;854;865;876;887;911;923;934;946;957;969;981;992;1004;1015;1047;1059;1072;1084;1096;1108;1121;1133;1145;1157;1224;1238;1251;1265;1278;1292;1306;1319;1333;1346;1428;1443;1458;1473;1488;1503;1518;1533;1548;1563;1659;1676;1692;1708;1724;1741;1757;1773;1790;1806;1918;1935;1953;1971;1988;2006;2024;2041;2059;2077;2203;2222;2241;2260;2279;2298;2317;2336;2356;2375;2516;2536;2557;2577;2598;2618;2638;2659;2679;2700;2856;2878;2900;2921;2943;2965;2987;3008;3030;3052;3223;3246;3269;3293;3316;3339;3362;3385;3408;3431>,91,<91;91;91;91;91;101;101;101;101;101;111;111;111;111;111;121;121;121;121;121;131;131;131;131;131;140;140;140;140;140;150;150;150;150;150;160;160;160;160;160;170;170;170;170;170;180;180;180;180;180;189;189;189;189;189;199;199;199;199;199;209;209;209;209;209;219;219;219;219;219;228;228;228;228;228;238;238;238;238;238;248;248;248;248;248;258;258;258;258;258;268;268;268;268;268;277;277;277;277;277;287;287;287;287;287;297;297;297;297;297;307;307;307;307;307;317;317;317;317;317>,,,,{drawcard=huang_effect_loop}
40656,金刚,6,6,config/item/gem/icon_3_hu_6.png,5,防御向符石,9999,{529=400},,5,1,<3427;3478;3530;3581;3633;3684;3735;3787;3838;3890;3975;4030;4085;4140;4195;4249;4304;4359;4414;4469;4592;4650;4709;4767;4825;4883;4942;5000;5058;5117;5278;5339;5401;5463;5524;5586;5648;5709;5771;5833;6169;6237;6306;6374;6443;6511;6580;6648;6717;6785;7197;7272;7347;7423;7498;7574;7649;7724;7800;7875;8362;8444;8526;8609;8691;8773;8855;8938;9020;9102;9664;9753;9842;9931;10021;10110;10199;10288;10377;10466;11103;11199;11295;11391;11487;11583;11679;11775;11871;11967;12680;12783;12886;12988;13091;13194;13297;13400;13502;13605;14393;14503;14613;14722;14832;14942;15051;15161;15271;15380;16244;16360;16477;16594;16710;16827;16943;17060;17176;17293>,7,<680;690;700;711;721;731;741;751;762;772;789;800;811;821;832;843;854;865;876;887;911;923;934;946;957;969;981;992;1004;1015;1047;1059;1072;1084;1096;1108;1121;1133;1145;1157;1224;1238;1251;1265;1278;1292;1306;1319;1333;1346;1428;1443;1458;1473;1488;1503;1518;1533;1548;1563;1659;1676;1692;1708;1724;1741;1757;1773;1790;1806;1918;1935;1953;1971;1988;2006;2024;2041;2059;2077;2203;2222;2241;2260;2279;2298;2317;2336;2356;2375;2516;2536;2557;2577;2598;2618;2638;2659;2679;2700;2856;2878;2900;2921;2943;2965;2987;3008;3030;3052;3223;3246;3269;3293;3316;3339;3362;3385;3408;3431>,8,<680;690;700;711;721;731;741;751;762;772;789;800;811;821;832;843;854;865;876;887;911;923;934;946;957;969;981;992;1004;1015;1047;1059;1072;1084;1096;1108;1121;1133;1145;1157;1224;1238;1251;1265;1278;1292;1306;1319;1333;1346;1428;1443;1458;1473;1488;1503;1518;1533;1548;1563;1659;1676;1692;1708;1724;1741;1757;1773;1790;1806;1918;1935;1953;1971;1988;2006;2024;2041;2059;2077;2203;2222;2241;2260;2279;2298;2317;2336;2356;2375;2516;2536;2557;2577;2598;2618;2638;2659;2679;2700;2856;2878;2900;2921;2943;2965;2987;3008;3030;3052;3223;3246;3269;3293;3316;3339;3362;3385;3408;3431>,16,<76;76;76;76;76;84;84;84;84;84;92;92;92;92;92;101;101;101;101;101;109;109;109;109;109;117;117;117;117;117;125;125;125;125;125;133;133;133;133;133;141;141;141;141;141;150;150;150;150;150;158;158;158;158;158;166;166;166;166;166;174;174;174;174;174;182;182;182;182;182;190;190;190;190;190;199;199;199;199;199;207;207;207;207;207;215;215;215;215;215;223;223;223;223;223;231;231;231;231;231;239;239;239;239;239;248;248;248;248;248;256;256;256;256;256;264;264;264;264;264>,,,,{drawcard=huang_effect_loop}
40661,金刚,6,1,config/item/gem/icon_3_h_1.png,6,防御向符石,9999,{529=2000},,6,1,<5040;5116;5191;5267;5342;5418;5494;5569;5645;5720;5846;5927;6008;6088;6169;6250;6330;6411;6492;6572;6754;6839;6925;7011;7096;7182;7268;7353;7439;7525;7762;7852;7943;8034;8124;8215;8306;8397;8487;8578;9878;9999;10120;10241;10362;10483;10604;10725;10846;10967;11592;11723;11854;11985;12116;12247;12378;12509;12640;12771;13507;13648;13789;13931;14072;14213;14354;14495;14636;14777;15624;15775;15926;16078;16229;16380;16531;16682;16834;16985;17942;18104;18265;18426;18588;18749;18910;19071;19233;19394;20462;20634;20805;20976;21148;21319;21491;21662;21833;22005;23184;23365;23547;23728;23910;24091;24273;24454;24636;24817;26107;26299;26490;26682;26873;27065;27256;27448;27639;27831>,9,<700;711;721;732;742;753;763;774;784;795;812;823;834;846;857;868;879;890;902;913;938;950;962;974;986;998;1009;1021;1033;1045;1078;1091;1103;1116;1128;1141;1154;1166;1179;1191;1372;1389;1406;1422;1439;1456;1473;1490;1506;1523;1610;1628;1646;1665;1683;1701;1719;1737;1756;1774;1876;1896;1915;1935;1954;1974;1994;2013;2033;2052;2170;2191;2212;2233;2254;2275;2296;2317;2338;2359;2492;2514;2537;2559;2582;2604;2626;2649;2671;2694;2842;2866;2890;2913;2937;2961;2985;3009;3032;3056;3220;3245;3270;3296;3321;3346;3371;3396;3422;3447;3626;3653;3679;3706;3732;3759;3786;3812;3839;3865>,17,<134;134;134;134;134;149;149;149;149;149;163;163;163;163;163;178;178;178;178;178;192;192;192;192;192;206;206;206;206;206;221;221;221;221;221;235;235;235;235;235;250;250;250;250;250;264;264;264;264;264;278;278;278;278;278;293;293;293;293;293;307;307;307;307;307;322;322;322;322;322;336;336;336;336;336;350;350;350;350;350;365;365;365;365;365;379;379;379;379;379;394;394;394;394;394;408;408;408;408;408;422;422;422;422;422;437;437;437;437;437;451;451;451;451;451;466;466;466;466;466>,,,,,,{drawcard=hong_effect_loop}
40662,金刚,6,2,config/item/gem/icon_3_h_2.png,6,防御向符石,9999,{529=2000},,6,1,<5040;5116;5191;5267;5342;5418;5494;5569;5645;5720;5846;5927;6008;6088;6169;6250;6330;6411;6492;6572;6754;6839;6925;7011;7096;7182;7268;7353;7439;7525;7762;7852;7943;8034;8124;8215;8306;8397;8487;8578;9878;9999;10120;10241;10362;10483;10604;10725;10846;10967;11592;11723;11854;11985;12116;12247;12378;12509;12640;12771;13507;13648;13789;13931;14072;14213;14354;14495;14636;14777;15624;15775;15926;16078;16229;16380;16531;16682;16834;16985;17942;18104;18265;18426;18588;18749;18910;19071;19233;19394;20462;20634;20805;20976;21148;21319;21491;21662;21833;22005;23184;23365;23547;23728;23910;24091;24273;24454;24636;24817;26107;26299;26490;26682;26873;27065;27256;27448;27639;27831>,10,<700;711;721;732;742;753;763;774;784;795;812;823;834;846;857;868;879;890;902;913;938;950;962;974;986;998;1009;1021;1033;1045;1078;1091;1103;1116;1128;1141;1154;1166;1179;1191;1372;1389;1406;1422;1439;1456;1473;1490;1506;1523;1610;1628;1646;1665;1683;1701;1719;1737;1756;1774;1876;1896;1915;1935;1954;1974;1994;2013;2033;2052;2170;2191;2212;2233;2254;2275;2296;2317;2338;2359;2492;2514;2537;2559;2582;2604;2626;2649;2671;2694;2842;2866;2890;2913;2937;2961;2985;3009;3032;3056;3220;3245;3270;3296;3321;3346;3371;3396;3422;3447;3626;3653;3679;3706;3732;3759;3786;3812;3839;3865>,19,<134;134;134;134;134;149;149;149;149;149;163;163;163;163;163;178;178;178;178;178;192;192;192;192;192;206;206;206;206;206;221;221;221;221;221;235;235;235;235;235;250;250;250;250;250;264;264;264;264;264;278;278;278;278;278;293;293;293;293;293;307;307;307;307;307;322;322;322;322;322;336;336;336;336;336;350;350;350;350;350;365;365;365;365;365;379;379;379;379;379;394;394;394;394;394;408;408;408;408;408;422;422;422;422;422;437;437;437;437;437;451;451;451;451;451;466;466;466;466;466>,,,,,,{drawcard=hong_effect_loop}
40663,金刚,6,3,config/item/gem/icon_3_h_3.png,6,防御向符石,9999,{529=2000},,6,9,<700;711;721;732;742;753;763;774;784;795;812;823;834;846;857;868;879;890;902;913;938;950;962;974;986;998;1009;1021;1033;1045;1078;1091;1103;1116;1128;1141;1154;1166;1179;1191;1372;1389;1406;1422;1439;1456;1473;1490;1506;1523;1610;1628;1646;1665;1683;1701;1719;1737;1756;1774;1876;1896;1915;1935;1954;1974;1994;2013;2033;2052;2170;2191;2212;2233;2254;2275;2296;2317;2338;2359;2492;2514;2537;2559;2582;2604;2626;2649;2671;2694;2842;2866;2890;2913;2937;2961;2985;3009;3032;3056;3220;3245;3270;3296;3321;3346;3371;3396;3422;3447;3626;3653;3679;3706;3732;3759;3786;3812;3839;3865>,10,<700;711;721;732;742;753;763;774;784;795;812;823;834;846;857;868;879;890;902;913;938;950;962;974;986;998;1009;1021;1033;1045;1078;1091;1103;1116;1128;1141;1154;1166;1179;1191;1372;1389;1406;1422;1439;1456;1473;1490;1506;1523;1610;1628;1646;1665;1683;1701;1719;1737;1756;1774;1876;1896;1915;1935;1954;1974;1994;2013;2033;2052;2170;2191;2212;2233;2254;2275;2296;2317;2338;2359;2492;2514;2537;2559;2582;2604;2626;2649;2671;2694;2842;2866;2890;2913;2937;2961;2985;3009;3032;3056;3220;3245;3270;3296;3321;3346;3371;3396;3422;3447;3626;3653;3679;3706;3732;3759;3786;3812;3839;3865>,22,<67;67;67;67;67;74;74;74;74;74;82;82;82;82;82;89;89;89;89;89;96;96;96;96;96;103;103;103;103;103;110;110;110;110;110;118;118;118;118;118;125;125;125;125;125;132;132;132;132;132;139;139;139;139;139;146;146;146;146;146;154;154;154;154;154;161;161;161;161;161;168;168;168;168;168;175;175;175;175;175;182;182;182;182;182;190;190;190;190;190;197;197;197;197;197;204;204;204;204;204;211;211;211;211;211;218;218;218;218;218;226;226;226;226;226;233;233;233;233;233>,,,,,,{drawcard=hong_effect_loop}
40664,金刚,6,4,config/item/gem/icon_3_h_4.png,6,防御向符石,9999,{529=2000},,6,9,<700;711;721;732;742;753;763;774;784;795;812;823;834;846;857;868;879;890;902;913;938;950;962;974;986;998;1009;1021;1033;1045;1078;1091;1103;1116;1128;1141;1154;1166;1179;1191;1372;1389;1406;1422;1439;1456;1473;1490;1506;1523;1610;1628;1646;1665;1683;1701;1719;1737;1756;1774;1876;1896;1915;1935;1954;1974;1994;2013;2033;2052;2170;2191;2212;2233;2254;2275;2296;2317;2338;2359;2492;2514;2537;2559;2582;2604;2626;2649;2671;2694;2842;2866;2890;2913;2937;2961;2985;3009;3032;3056;3220;3245;3270;3296;3321;3346;3371;3396;3422;3447;3626;3653;3679;3706;3732;3759;3786;3812;3839;3865>,10,<700;711;721;732;742;753;763;774;784;795;812;823;834;846;857;868;879;890;902;913;938;950;962;974;986;998;1009;1021;1033;1045;1078;1091;1103;1116;1128;1141;1154;1166;1179;1191;1372;1389;1406;1422;1439;1456;1473;1490;1506;1523;1610;1628;1646;1665;1683;1701;1719;1737;1756;1774;1876;1896;1915;1935;1954;1974;1994;2013;2033;2052;2170;2191;2212;2233;2254;2275;2296;2317;2338;2359;2492;2514;2537;2559;2582;2604;2626;2649;2671;2694;2842;2866;2890;2913;2937;2961;2985;3009;3032;3056;3220;3245;3270;3296;3321;3346;3371;3396;3422;3447;3626;3653;3679;3706;3732;3759;3786;3812;3839;3865>,23,<67;67;67;67;67;74;74;74;74;74;82;82;82;82;82;89;89;89;89;89;96;96;96;96;96;103;103;103;103;103;110;110;110;110;110;118;118;118;118;118;125;125;125;125;125;132;132;132;132;132;139;139;139;139;139;146;146;146;146;146;154;154;154;154;154;161;161;161;161;161;168;168;168;168;168;175;175;175;175;175;182;182;182;182;182;190;190;190;190;190;197;197;197;197;197;204;204;204;204;204;211;211;211;211;211;218;218;218;218;218;226;226;226;226;226;233;233;233;233;233>,,,,,,{drawcard=hong_effect_loop}
40665,金刚,6,5,config/item/gem/icon_3_h_5.png,6,防御向符石,9999,{529=2000},,6,1,<5040;5116;5191;5267;5342;5418;5494;5569;5645;5720;5846;5927;6008;6088;6169;6250;6330;6411;6492;6572;6754;6839;6925;7011;7096;7182;7268;7353;7439;7525;7762;7852;7943;8034;8124;8215;8306;8397;8487;8578;9878;9999;10120;10241;10362;10483;10604;10725;10846;10967;11592;11723;11854;11985;12116;12247;12378;12509;12640;12771;13507;13648;13789;13931;14072;14213;14354;14495;14636;14777;15624;15775;15926;16078;16229;16380;16531;16682;16834;16985;17942;18104;18265;18426;18588;18749;18910;19071;19233;19394;20462;20634;20805;20976;21148;21319;21491;21662;21833;22005;23184;23365;23547;23728;23910;24091;24273;24454;24636;24817;26107;26299;26490;26682;26873;27065;27256;27448;27639;27831>,7,<1000;1015;1030;1045;1060;1075;1090;1105;1120;1135;1160;1176;1192;1208;1224;1240;1256;1272;1288;1304;1340;1357;1374;1391;1408;1425;1442;1459;1476;1493;1540;1558;1576;1594;1612;1630;1648;1666;1684;1702;1960;1984;2008;2032;2056;2080;2104;2128;2152;2176;2300;2326;2352;2378;2404;2430;2456;2482;2508;2534;2680;2708;2736;2764;2792;2820;2848;2876;2904;2932;3100;3130;3160;3190;3220;3250;3280;3310;3340;3370;3560;3592;3624;3656;3688;3720;3752;3784;3816;3848;4060;4094;4128;4162;4196;4230;4264;4298;4332;4366;4600;4636;4672;4708;4744;4780;4816;4852;4888;4924;5180;5218;5256;5294;5332;5370;5408;5446;5484;5522>,8,<1000;1015;1030;1045;1060;1075;1090;1105;1120;1135;1160;1176;1192;1208;1224;1240;1256;1272;1288;1304;1340;1357;1374;1391;1408;1425;1442;1459;1476;1493;1540;1558;1576;1594;1612;1630;1648;1666;1684;1702;1960;1984;2008;2032;2056;2080;2104;2128;2152;2176;2300;2326;2352;2378;2404;2430;2456;2482;2508;2534;2680;2708;2736;2764;2792;2820;2848;2876;2904;2932;3100;3130;3160;3190;3220;3250;3280;3310;3340;3370;3560;3592;3624;3656;3688;3720;3752;3784;3816;3848;4060;4094;4128;4162;4196;4230;4264;4298;4332;4366;4600;4636;4672;4708;4744;4780;4816;4852;4888;4924;5180;5218;5256;5294;5332;5370;5408;5446;5484;5522>,91,<134;134;134;134;134;149;149;149;149;149;163;163;163;163;163;178;178;178;178;178;192;192;192;192;192;206;206;206;206;206;221;221;221;221;221;235;235;235;235;235;250;250;250;250;250;264;264;264;264;264;278;278;278;278;278;293;293;293;293;293;307;307;307;307;307;322;322;322;322;322;336;336;336;336;336;350;350;350;350;350;365;365;365;365;365;379;379;379;379;379;394;394;394;394;394;408;408;408;408;408;422;422;422;422;422;437;437;437;437;437;451;451;451;451;451;466;466;466;466;466>,,,,{drawcard=hong_effect_loop}
40666,金刚,6,6,config/item/gem/icon_3_h_6.png,6,防御向符石,9999,{529=2000},,6,1,<5040;5116;5191;5267;5342;5418;5494;5569;5645;5720;5846;5927;6008;6088;6169;6250;6330;6411;6492;6572;6754;6839;6925;7011;7096;7182;7268;7353;7439;7525;7762;7852;7943;8034;8124;8215;8306;8397;8487;8578;9878;9999;10120;10241;10362;10483;10604;10725;10846;10967;11592;11723;11854;11985;12116;12247;12378;12509;12640;12771;13507;13648;13789;13931;14072;14213;14354;14495;14636;14777;15624;15775;15926;16078;16229;16380;16531;16682;16834;16985;17942;18104;18265;18426;18588;18749;18910;19071;19233;19394;20462;20634;20805;20976;21148;21319;21491;21662;21833;22005;23184;23365;23547;23728;23910;24091;24273;24454;24636;24817;26107;26299;26490;26682;26873;27065;27256;27448;27639;27831>,7,<1000;1015;1030;1045;1060;1075;1090;1105;1120;1135;1160;1176;1192;1208;1224;1240;1256;1272;1288;1304;1340;1357;1374;1391;1408;1425;1442;1459;1476;1493;1540;1558;1576;1594;1612;1630;1648;1666;1684;1702;1960;1984;2008;2032;2056;2080;2104;2128;2152;2176;2300;2326;2352;2378;2404;2430;2456;2482;2508;2534;2680;2708;2736;2764;2792;2820;2848;2876;2904;2932;3100;3130;3160;3190;3220;3250;3280;3310;3340;3370;3560;3592;3624;3656;3688;3720;3752;3784;3816;3848;4060;4094;4128;4162;4196;4230;4264;4298;4332;4366;4600;4636;4672;4708;4744;4780;4816;4852;4888;4924;5180;5218;5256;5294;5332;5370;5408;5446;5484;5522>,8,<1000;1015;1030;1045;1060;1075;1090;1105;1120;1135;1160;1176;1192;1208;1224;1240;1256;1272;1288;1304;1340;1357;1374;1391;1408;1425;1442;1459;1476;1493;1540;1558;1576;1594;1612;1630;1648;1666;1684;1702;1960;1984;2008;2032;2056;2080;2104;2128;2152;2176;2300;2326;2352;2378;2404;2430;2456;2482;2508;2534;2680;2708;2736;2764;2792;2820;2848;2876;2904;2932;3100;3130;3160;3190;3220;3250;3280;3310;3340;3370;3560;3592;3624;3656;3688;3720;3752;3784;3816;3848;4060;4094;4128;4162;4196;4230;4264;4298;4332;4366;4600;4636;4672;4708;4744;4780;4816;4852;4888;4924;5180;5218;5256;5294;5332;5370;5408;5446;5484;5522>,16,<112;112;112;112;112;124;124;124;124;124;136;136;136;136;136;148;148;148;148;148;160;160;160;160;160;172;172;172;172;172;184;184;184;184;184;196;196;196;196;196;208;208;208;208;208;220;220;220;220;220;232;232;232;232;232;244;244;244;244;244;256;256;256;256;256;268;268;268;268;268;280;280;280;280;280;292;292;292;292;292;304;304;304;304;304;316;316;316;316;316;328;328;328;328;328;340;340;340;340;340;352;352;352;352;352;364;364;364;364;364;376;376;376;376;376;388;388;388;388;388>,,,,{drawcard=hong_effect_loop}
40721,庇护,7,1,config/item/gem/icon_2_lv_1.png,2,辅助向符石,9999,{529=20},,2,7,<200;203;206;209;212;215;218;221;224;227;232;235;238;242;245;248;251;254;258;261;268;271;275;278;282;285;288;292;295;299;308;312;315;319;322;326;330;333;337;340;360;364;368;372;376;380;384;388;392;396;420;424;429;433;438;442;446;451;455;460;488;493;498;502;507;512;517;522;526;531;564;569;574;580;585;590;595;600;606;611;648;654;659;665;670;676;682;687;693;698;740;746;752;758;764;770;776;782;788;794;840;846;853;859;866;872;878;885;891;898;948;955;962;968;975;982;989;996;1002;1009>,8,<200;203;206;209;212;215;218;221;224;227;232;235;238;242;245;248;251;254;258;261;268;271;275;278;282;285;288;292;295;299;308;312;315;319;322;326;330;333;337;340;360;364;368;372;376;380;384;388;392;396;420;424;429;433;438;442;446;451;455;460;488;493;498;502;507;512;517;522;526;531;564;569;574;580;585;590;595;600;606;611;648;654;659;665;670;676;682;687;693;698;740;746;752;758;764;770;776;782;788;794;840;846;853;859;866;872;878;885;891;898;948;955;962;968;975;982;989;996;1002;1009>,16,<22;22;22;22;22;25;25;25;25;25;27;27;27;27;27;30;30;30;30;30;32;32;32;32;32;34;34;34;34;34;37;37;37;37;37;39;39;39;39;39;42;42;42;42;42;44;44;44;44;44;46;46;46;46;46;49;49;49;49;49;51;51;51;51;51;54;54;54;54;54;56;56;56;56;56;58;58;58;58;58;61;61;61;61;61;63;63;63;63;63;66;66;66;66;66;68;68;68;68;68;70;70;70;70;70;73;73;73;73;73;75;75;75;75;75;78;78;78;78;78>,,,,,,
40722,庇护,7,2,config/item/gem/icon_2_lv_2.png,2,辅助向符石,9999,{529=20},,2,1,<1008;1023;1038;1053;1068;1084;1099;1114;1129;1144;1169;1185;1202;1218;1234;1250;1266;1282;1298;1314;1351;1368;1385;1402;1419;1436;1454;1471;1488;1505;1552;1570;1589;1607;1625;1643;1661;1679;1697;1716;1814;1835;1855;1875;1895;1915;1935;1956;1976;1996;2117;2139;2161;2183;2206;2228;2250;2272;2294;2316;2460;2484;2508;2532;2556;2580;2605;2629;2653;2677;2843;2869;2895;2921;2947;2974;3000;3026;3052;3078;3266;3294;3322;3351;3379;3407;3435;3463;3492;3520;3730;3760;3790;3820;3851;3881;3911;3941;3972;4002;4234;4266;4298;4330;4363;4395;4427;4459;4492;4524;4778;4812;4846;4881;4915;4949;4984;5018;5052;5086>,7,<200;203;206;209;212;215;218;221;224;227;232;235;238;242;245;248;251;254;258;261;268;271;275;278;282;285;288;292;295;299;308;312;315;319;322;326;330;333;337;340;360;364;368;372;376;380;384;388;392;396;420;424;429;433;438;442;446;451;455;460;488;493;498;502;507;512;517;522;526;531;564;569;574;580;585;590;595;600;606;611;648;654;659;665;670;676;682;687;693;698;740;746;752;758;764;770;776;782;788;794;840;846;853;859;866;872;878;885;891;898;948;955;962;968;975;982;989;996;1002;1009>,8,<200;203;206;209;212;215;218;221;224;227;232;235;238;242;245;248;251;254;258;261;268;271;275;278;282;285;288;292;295;299;308;312;315;319;322;326;330;333;337;340;360;364;368;372;376;380;384;388;392;396;420;424;429;433;438;442;446;451;455;460;488;493;498;502;507;512;517;522;526;531;564;569;574;580;585;590;595;600;606;611;648;654;659;665;670;676;682;687;693;698;740;746;752;758;764;770;776;782;788;794;840;846;853;859;866;872;878;885;891;898;948;955;962;968;975;982;989;996;1002;1009>,22,<13;13;13;13;13;15;15;15;15;15;16;16;16;16;16;18;18;18;18;18;19;19;19;19;19;21;21;21;21;21;22;22;22;22;22;24;24;24;24;24;25;25;25;25;25;26;26;26;26;26;28;28;28;28;28;29;29;29;29;29;31;31;31;31;31;32;32;32;32;32;34;34;34;34;34;35;35;35;35;35;36;36;36;36;36;38;38;38;38;38;39;39;39;39;39;41;41;41;41;41;42;42;42;42;42;44;44;44;44;44;45;45;45;45;45;47;47;47;47;47>,,,,
40723,庇护,7,3,config/item/gem/icon_2_lv_3.png,2,辅助向符石,9999,{529=20},,2,1,<1008;1023;1038;1053;1068;1084;1099;1114;1129;1144;1169;1185;1202;1218;1234;1250;1266;1282;1298;1314;1351;1368;1385;1402;1419;1436;1454;1471;1488;1505;1552;1570;1589;1607;1625;1643;1661;1679;1697;1716;1814;1835;1855;1875;1895;1915;1935;1956;1976;1996;2117;2139;2161;2183;2206;2228;2250;2272;2294;2316;2460;2484;2508;2532;2556;2580;2605;2629;2653;2677;2843;2869;2895;2921;2947;2974;3000;3026;3052;3078;3266;3294;3322;3351;3379;3407;3435;3463;3492;3520;3730;3760;3790;3820;3851;3881;3911;3941;3972;4002;4234;4266;4298;4330;4363;4395;4427;4459;4492;4524;4778;4812;4846;4881;4915;4949;4984;5018;5052;5086>,7,<200;203;206;209;212;215;218;221;224;227;232;235;238;242;245;248;251;254;258;261;268;271;275;278;282;285;288;292;295;299;308;312;315;319;322;326;330;333;337;340;360;364;368;372;376;380;384;388;392;396;420;424;429;433;438;442;446;451;455;460;488;493;498;502;507;512;517;522;526;531;564;569;574;580;585;590;595;600;606;611;648;654;659;665;670;676;682;687;693;698;740;746;752;758;764;770;776;782;788;794;840;846;853;859;866;872;878;885;891;898;948;955;962;968;975;982;989;996;1002;1009>,8,<200;203;206;209;212;215;218;221;224;227;232;235;238;242;245;248;251;254;258;261;268;271;275;278;282;285;288;292;295;299;308;312;315;319;322;326;330;333;337;340;360;364;368;372;376;380;384;388;392;396;420;424;429;433;438;442;446;451;455;460;488;493;498;502;507;512;517;522;526;531;564;569;574;580;585;590;595;600;606;611;648;654;659;665;670;676;682;687;693;698;740;746;752;758;764;770;776;782;788;794;840;846;853;859;866;872;878;885;891;898;948;955;962;968;975;982;989;996;1002;1009>,23,<13;13;13;13;13;15;15;15;15;15;16;16;16;16;16;18;18;18;18;18;19;19;19;19;19;21;21;21;21;21;22;22;22;22;22;24;24;24;24;24;25;25;25;25;25;26;26;26;26;26;28;28;28;28;28;29;29;29;29;29;31;31;31;31;31;32;32;32;32;32;34;34;34;34;34;35;35;35;35;35;36;36;36;36;36;38;38;38;38;38;39;39;39;39;39;41;41;41;41;41;42;42;42;42;42;44;44;44;44;44;45;45;45;45;45;47;47;47;47;47>,,,,
40731,庇护,7,1,config/item/gem/icon_2_l_1.png,3,辅助向符石,9999,{529=40},,3,7,<300;305;309;314;318;323;327;332;336;341;348;353;358;362;367;372;377;382;386;391;402;407;412;417;422;428;433;438;443;448;462;467;473;478;484;489;494;500;505;511;540;546;552;558;564;570;576;582;588;594;630;637;643;650;656;663;670;676;683;689;732;739;746;754;761;768;775;782;790;797;846;854;862;869;877;885;893;901;908;916;972;980;989;997;1006;1014;1022;1031;1039;1048;1110;1119;1128;1137;1146;1155;1164;1173;1182;1191;1260;1270;1279;1289;1298;1308;1318;1327;1337;1346;1422;1432;1442;1453;1463;1473;1483;1493;1504;1514>,8,<300;305;309;314;318;323;327;332;336;341;348;353;358;362;367;372;377;382;386;391;402;407;412;417;422;428;433;438;443;448;462;467;473;478;484;489;494;500;505;511;540;546;552;558;564;570;576;582;588;594;630;637;643;650;656;663;670;676;683;689;732;739;746;754;761;768;775;782;790;797;846;854;862;869;877;885;893;901;908;916;972;980;989;997;1006;1014;1022;1031;1039;1048;1110;1119;1128;1137;1146;1155;1164;1173;1182;1191;1260;1270;1279;1289;1298;1308;1318;1327;1337;1346;1422;1432;1442;1453;1463;1473;1483;1493;1504;1514>,16,<34;34;34;34;34;37;37;37;37;37;41;41;41;41;41;44;44;44;44;44;48;48;48;48;48;52;52;52;52;52;55;55;55;55;55;59;59;59;59;59;62;62;62;62;62;66;66;66;66;66;70;70;70;70;70;73;73;73;73;73;77;77;77;77;77;80;80;80;80;80;84;84;84;84;84;88;88;88;88;88;91;91;91;91;91;95;95;95;95;95;98;98;98;98;98;102;102;102;102;102;106;106;106;106;106;109;109;109;109;109;113;113;113;113;113;116;116;116;116;116>,,,,,,
40732,庇护,7,2,config/item/gem/icon_2_l_2.png,3,辅助向符石,9999,{529=40},,3,1,<1512;1535;1557;1580;1603;1625;1648;1671;1693;1716;1754;1778;1802;1826;1851;1875;1899;1923;1947;1972;2026;2052;2077;2103;2129;2155;2180;2206;2232;2257;2328;2356;2383;2410;2437;2465;2492;2519;2546;2573;2722;2752;2782;2812;2843;2873;2903;2933;2964;2994;3175;3208;3242;3275;3308;3342;3375;3408;3441;3475;3689;3726;3762;3798;3834;3871;3907;3943;3980;4016;4264;4303;4342;4382;4421;4460;4500;4539;4578;4618;4899;4941;4984;5026;5068;5111;5153;5195;5238;5280;5594;5640;5685;5730;5776;5821;5867;5912;5957;6003;6350;6399;6447;6496;6544;6592;6641;6689;6737;6786;7167;7218;7270;7321;7373;7424;7475;7527;7578;7630>,7,<300;305;309;314;318;323;327;332;336;341;348;353;358;362;367;372;377;382;386;391;402;407;412;417;422;428;433;438;443;448;462;467;473;478;484;489;494;500;505;511;540;546;552;558;564;570;576;582;588;594;630;637;643;650;656;663;670;676;683;689;732;739;746;754;761;768;775;782;790;797;846;854;862;869;877;885;893;901;908;916;972;980;989;997;1006;1014;1022;1031;1039;1048;1110;1119;1128;1137;1146;1155;1164;1173;1182;1191;1260;1270;1279;1289;1298;1308;1318;1327;1337;1346;1422;1432;1442;1453;1463;1473;1483;1493;1504;1514>,8,<300;305;309;314;318;323;327;332;336;341;348;353;358;362;367;372;377;382;386;391;402;407;412;417;422;428;433;438;443;448;462;467;473;478;484;489;494;500;505;511;540;546;552;558;564;570;576;582;588;594;630;637;643;650;656;663;670;676;683;689;732;739;746;754;761;768;775;782;790;797;846;854;862;869;877;885;893;901;908;916;972;980;989;997;1006;1014;1022;1031;1039;1048;1110;1119;1128;1137;1146;1155;1164;1173;1182;1191;1260;1270;1279;1289;1298;1308;1318;1327;1337;1346;1422;1432;1442;1453;1463;1473;1483;1493;1504;1514>,22,<20;20;20;20;20;22;22;22;22;22;24;24;24;24;24;27;27;27;27;27;29;29;29;29;29;31;31;31;31;31;33;33;33;33;33;35;35;35;35;35;37;37;37;37;37;40;40;40;40;40;42;42;42;42;42;44;44;44;44;44;46;46;46;46;46;48;48;48;48;48;50;50;50;50;50;53;53;53;53;53;55;55;55;55;55;57;57;57;57;57;59;59;59;59;59;61;61;61;61;61;63;63;63;63;63;66;66;66;66;66;68;68;68;68;68;70;70;70;70;70>,,,,
40733,庇护,7,3,config/item/gem/icon_2_l_3.png,3,辅助向符石,9999,{529=40},,3,1,<1512;1535;1557;1580;1603;1625;1648;1671;1693;1716;1754;1778;1802;1826;1851;1875;1899;1923;1947;1972;2026;2052;2077;2103;2129;2155;2180;2206;2232;2257;2328;2356;2383;2410;2437;2465;2492;2519;2546;2573;2722;2752;2782;2812;2843;2873;2903;2933;2964;2994;3175;3208;3242;3275;3308;3342;3375;3408;3441;3475;3689;3726;3762;3798;3834;3871;3907;3943;3980;4016;4264;4303;4342;4382;4421;4460;4500;4539;4578;4618;4899;4941;4984;5026;5068;5111;5153;5195;5238;5280;5594;5640;5685;5730;5776;5821;5867;5912;5957;6003;6350;6399;6447;6496;6544;6592;6641;6689;6737;6786;7167;7218;7270;7321;7373;7424;7475;7527;7578;7630>,7,<300;305;309;314;318;323;327;332;336;341;348;353;358;362;367;372;377;382;386;391;402;407;412;417;422;428;433;438;443;448;462;467;473;478;484;489;494;500;505;511;540;546;552;558;564;570;576;582;588;594;630;637;643;650;656;663;670;676;683;689;732;739;746;754;761;768;775;782;790;797;846;854;862;869;877;885;893;901;908;916;972;980;989;997;1006;1014;1022;1031;1039;1048;1110;1119;1128;1137;1146;1155;1164;1173;1182;1191;1260;1270;1279;1289;1298;1308;1318;1327;1337;1346;1422;1432;1442;1453;1463;1473;1483;1493;1504;1514>,8,<300;305;309;314;318;323;327;332;336;341;348;353;358;362;367;372;377;382;386;391;402;407;412;417;422;428;433;438;443;448;462;467;473;478;484;489;494;500;505;511;540;546;552;558;564;570;576;582;588;594;630;637;643;650;656;663;670;676;683;689;732;739;746;754;761;768;775;782;790;797;846;854;862;869;877;885;893;901;908;916;972;980;989;997;1006;1014;1022;1031;1039;1048;1110;1119;1128;1137;1146;1155;1164;1173;1182;1191;1260;1270;1279;1289;1298;1308;1318;1327;1337;1346;1422;1432;1442;1453;1463;1473;1483;1493;1504;1514>,23,<20;20;20;20;20;22;22;22;22;22;24;24;24;24;24;27;27;27;27;27;29;29;29;29;29;31;31;31;31;31;33;33;33;33;33;35;35;35;35;35;37;37;37;37;37;40;40;40;40;40;42;42;42;42;42;44;44;44;44;44;46;46;46;46;46;48;48;48;48;48;50;50;50;50;50;53;53;53;53;53;55;55;55;55;55;57;57;57;57;57;59;59;59;59;59;61;61;61;61;61;63;63;63;63;63;66;66;66;66;66;68;68;68;68;68;70;70;70;70;70>,,,,
40741,庇护,7,1,config/item/gem/icon_2_z_1.png,4,辅助向符石,9999,{529=80},,4,7,<440;447;453;460;466;473;480;486;493;499;510;517;524;532;539;546;553;560;567;574;590;597;605;612;620;627;634;642;649;657;678;686;693;701;709;717;725;733;741;749;792;801;810;818;827;836;845;854;862;871;924;934;943;953;963;972;982;992;1001;1011;1074;1084;1095;1105;1116;1126;1137;1148;1158;1169;1241;1252;1264;1275;1287;1298;1309;1321;1332;1344;1426;1438;1450;1463;1475;1487;1500;1512;1524;1536;1628;1641;1654;1668;1681;1694;1707;1720;1734;1747;1848;1862;1876;1890;1904;1918;1932;1947;1961;1975;2086;2101;2116;2130;2145;2160;2175;2190;2205;2220>,8,<440;447;453;460;466;473;480;486;493;499;510;517;524;532;539;546;553;560;567;574;590;597;605;612;620;627;634;642;649;657;678;686;693;701;709;717;725;733;741;749;792;801;810;818;827;836;845;854;862;871;924;934;943;953;963;972;982;992;1001;1011;1074;1084;1095;1105;1116;1126;1137;1148;1158;1169;1241;1252;1264;1275;1287;1298;1309;1321;1332;1344;1426;1438;1450;1463;1475;1487;1500;1512;1524;1536;1628;1641;1654;1668;1681;1694;1707;1720;1734;1747;1848;1862;1876;1890;1904;1918;1932;1947;1961;1975;2086;2101;2116;2130;2145;2160;2175;2190;2205;2220>,16,<49;49;49;49;49;55;55;55;55;55;60;60;60;60;60;65;65;65;65;65;70;70;70;70;70;76;76;76;76;76;81;81;81;81;81;86;86;86;86;86;92;92;92;92;92;97;97;97;97;97;102;102;102;102;102;107;107;107;107;107;113;113;113;113;113;118;118;118;118;118;123;123;123;123;123;128;128;128;128;128;134;134;134;134;134;139;139;139;139;139;144;144;144;144;144;150;150;150;150;150;155;155;155;155;155;160;160;160;160;160;165;165;165;165;165;171;171;171;171;171>,,,,,,{drawcard=zi_effect_loop}
40742,庇护,7,2,config/item/gem/icon_2_z_2.png,4,辅助向符石,9999,{529=80},,4,1,<2218;2251;2285;2318;2351;2384;2418;2451;2484;2517;2573;2608;2644;2679;2715;2750;2786;2821;2857;2892;2972;3010;3048;3085;3123;3161;3198;3236;3274;3311;3416;3456;3496;3535;3575;3615;3655;3695;3735;3775;3992;4037;4081;4125;4170;4214;4259;4303;4347;4392;4658;4707;4755;4804;4853;4902;4951;4999;5048;5097;5412;5465;5518;5572;5625;5678;5731;5785;5838;5891;6255;6312;6370;6428;6485;6543;6601;6658;6716;6774;7186;7248;7311;7373;7435;7497;7559;7621;7683;7745;8207;8273;8340;8406;8473;8539;8606;8672;8739;8805;9316;9387;9458;9529;9600;9670;9741;9812;9883;9954;10513;10589;10664;10740;10815;10890;10966;11041;11117;11192>,7,<440;447;453;460;466;473;480;486;493;499;510;517;524;532;539;546;553;560;567;574;590;597;605;612;620;627;634;642;649;657;678;686;693;701;709;717;725;733;741;749;792;801;810;818;827;836;845;854;862;871;924;934;943;953;963;972;982;992;1001;1011;1074;1084;1095;1105;1116;1126;1137;1148;1158;1169;1241;1252;1264;1275;1287;1298;1309;1321;1332;1344;1426;1438;1450;1463;1475;1487;1500;1512;1524;1536;1628;1641;1654;1668;1681;1694;1707;1720;1734;1747;1848;1862;1876;1890;1904;1918;1932;1947;1961;1975;2086;2101;2116;2130;2145;2160;2175;2190;2205;2220>,8,<440;447;453;460;466;473;480;486;493;499;510;517;524;532;539;546;553;560;567;574;590;597;605;612;620;627;634;642;649;657;678;686;693;701;709;717;725;733;741;749;792;801;810;818;827;836;845;854;862;871;924;934;943;953;963;972;982;992;1001;1011;1074;1084;1095;1105;1116;1126;1137;1148;1158;1169;1241;1252;1264;1275;1287;1298;1309;1321;1332;1344;1426;1438;1450;1463;1475;1487;1500;1512;1524;1536;1628;1641;1654;1668;1681;1694;1707;1720;1734;1747;1848;1862;1876;1890;1904;1918;1932;1947;1961;1975;2086;2101;2116;2130;2145;2160;2175;2190;2205;2220>,22,<30;30;30;30;30;33;33;33;33;33;36;36;36;36;36;39;39;39;39;39;42;42;42;42;42;45;45;45;45;45;49;49;49;49;49;52;52;52;52;52;55;55;55;55;55;58;58;58;58;58;61;61;61;61;61;64;64;64;64;64;68;68;68;68;68;71;71;71;71;71;74;74;74;74;74;77;77;77;77;77;80;80;80;80;80;83;83;83;83;83;87;87;87;87;87;90;90;90;90;90;93;93;93;93;93;96;96;96;96;96;99;99;99;99;99;102;102;102;102;102>,,,,{drawcard=zi_effect_loop}
40743,庇护,7,3,config/item/gem/icon_2_z_3.png,4,辅助向符石,9999,{529=80},,4,1,<2218;2251;2285;2318;2351;2384;2418;2451;2484;2517;2573;2608;2644;2679;2715;2750;2786;2821;2857;2892;2972;3010;3048;3085;3123;3161;3198;3236;3274;3311;3416;3456;3496;3535;3575;3615;3655;3695;3735;3775;3992;4037;4081;4125;4170;4214;4259;4303;4347;4392;4658;4707;4755;4804;4853;4902;4951;4999;5048;5097;5412;5465;5518;5572;5625;5678;5731;5785;5838;5891;6255;6312;6370;6428;6485;6543;6601;6658;6716;6774;7186;7248;7311;7373;7435;7497;7559;7621;7683;7745;8207;8273;8340;8406;8473;8539;8606;8672;8739;8805;9316;9387;9458;9529;9600;9670;9741;9812;9883;9954;10513;10589;10664;10740;10815;10890;10966;11041;11117;11192>,7,<440;447;453;460;466;473;480;486;493;499;510;517;524;532;539;546;553;560;567;574;590;597;605;612;620;627;634;642;649;657;678;686;693;701;709;717;725;733;741;749;792;801;810;818;827;836;845;854;862;871;924;934;943;953;963;972;982;992;1001;1011;1074;1084;1095;1105;1116;1126;1137;1148;1158;1169;1241;1252;1264;1275;1287;1298;1309;1321;1332;1344;1426;1438;1450;1463;1475;1487;1500;1512;1524;1536;1628;1641;1654;1668;1681;1694;1707;1720;1734;1747;1848;1862;1876;1890;1904;1918;1932;1947;1961;1975;2086;2101;2116;2130;2145;2160;2175;2190;2205;2220>,8,<440;447;453;460;466;473;480;486;493;499;510;517;524;532;539;546;553;560;567;574;590;597;605;612;620;627;634;642;649;657;678;686;693;701;709;717;725;733;741;749;792;801;810;818;827;836;845;854;862;871;924;934;943;953;963;972;982;992;1001;1011;1074;1084;1095;1105;1116;1126;1137;1148;1158;1169;1241;1252;1264;1275;1287;1298;1309;1321;1332;1344;1426;1438;1450;1463;1475;1487;1500;1512;1524;1536;1628;1641;1654;1668;1681;1694;1707;1720;1734;1747;1848;1862;1876;1890;1904;1918;1932;1947;1961;1975;2086;2101;2116;2130;2145;2160;2175;2190;2205;2220>,23,<30;30;30;30;30;33;33;33;33;33;36;36;36;36;36;39;39;39;39;39;42;42;42;42;42;45;45;45;45;45;49;49;49;49;49;52;52;52;52;52;55;55;55;55;55;58;58;58;58;58;61;61;61;61;61;64;64;64;64;64;68;68;68;68;68;71;71;71;71;71;74;74;74;74;74;77;77;77;77;77;80;80;80;80;80;83;83;83;83;83;87;87;87;87;87;90;90;90;90;90;93;93;93;93;93;96;96;96;96;96;99;99;99;99;99;102;102;102;102;102>,,,,{drawcard=zi_effect_loop}
40751,庇护,7,1,config/item/gem/icon_2_hu_1.png,5,辅助向符石,9999,{529=400},,5,7,<680;690;700;711;721;731;741;751;762;772;789;800;811;821;832;843;854;865;876;887;911;923;934;946;957;969;981;992;1004;1015;1047;1059;1072;1084;1096;1108;1121;1133;1145;1157;1224;1238;1251;1265;1278;1292;1306;1319;1333;1346;1428;1443;1458;1473;1488;1503;1518;1533;1548;1563;1659;1676;1692;1708;1724;1741;1757;1773;1790;1806;1918;1935;1953;1971;1988;2006;2024;2041;2059;2077;2203;2222;2241;2260;2279;2298;2317;2336;2356;2375;2516;2536;2557;2577;2598;2618;2638;2659;2679;2700;2856;2878;2900;2921;2943;2965;2987;3008;3030;3052;3223;3246;3269;3293;3316;3339;3362;3385;3408;3431>,8,<680;690;700;711;721;731;741;751;762;772;789;800;811;821;832;843;854;865;876;887;911;923;934;946;957;969;981;992;1004;1015;1047;1059;1072;1084;1096;1108;1121;1133;1145;1157;1224;1238;1251;1265;1278;1292;1306;1319;1333;1346;1428;1443;1458;1473;1488;1503;1518;1533;1548;1563;1659;1676;1692;1708;1724;1741;1757;1773;1790;1806;1918;1935;1953;1971;1988;2006;2024;2041;2059;2077;2203;2222;2241;2260;2279;2298;2317;2336;2356;2375;2516;2536;2557;2577;2598;2618;2638;2659;2679;2700;2856;2878;2900;2921;2943;2965;2987;3008;3030;3052;3223;3246;3269;3293;3316;3339;3362;3385;3408;3431>,16,<76;76;76;76;76;84;84;84;84;84;92;92;92;92;92;101;101;101;101;101;109;109;109;109;109;117;117;117;117;117;125;125;125;125;125;133;133;133;133;133;141;141;141;141;141;150;150;150;150;150;158;158;158;158;158;166;166;166;166;166;174;174;174;174;174;182;182;182;182;182;190;190;190;190;190;199;199;199;199;199;207;207;207;207;207;215;215;215;215;215;223;223;223;223;223;231;231;231;231;231;239;239;239;239;239;248;248;248;248;248;256;256;256;256;256;264;264;264;264;264>,,,,,,{drawcard=huang_effect_loop}
40752,庇护,7,2,config/item/gem/icon_2_hu_2.png,5,辅助向符石,9999,{529=400},,5,1,<3427;3478;3530;3581;3633;3684;3735;3787;3838;3890;3975;4030;4085;4140;4195;4249;4304;4359;4414;4469;4592;4650;4709;4767;4825;4883;4942;5000;5058;5117;5278;5339;5401;5463;5524;5586;5648;5709;5771;5833;6169;6237;6306;6374;6443;6511;6580;6648;6717;6785;7197;7272;7347;7423;7498;7574;7649;7724;7800;7875;8362;8444;8526;8609;8691;8773;8855;8938;9020;9102;9664;9753;9842;9931;10021;10110;10199;10288;10377;10466;11103;11199;11295;11391;11487;11583;11679;11775;11871;11967;12680;12783;12886;12988;13091;13194;13297;13400;13502;13605;14393;14503;14613;14722;14832;14942;15051;15161;15271;15380;16244;16360;16477;16594;16710;16827;16943;17060;17176;17293>,7,<680;690;700;711;721;731;741;751;762;772;789;800;811;821;832;843;854;865;876;887;911;923;934;946;957;969;981;992;1004;1015;1047;1059;1072;1084;1096;1108;1121;1133;1145;1157;1224;1238;1251;1265;1278;1292;1306;1319;1333;1346;1428;1443;1458;1473;1488;1503;1518;1533;1548;1563;1659;1676;1692;1708;1724;1741;1757;1773;1790;1806;1918;1935;1953;1971;1988;2006;2024;2041;2059;2077;2203;2222;2241;2260;2279;2298;2317;2336;2356;2375;2516;2536;2557;2577;2598;2618;2638;2659;2679;2700;2856;2878;2900;2921;2943;2965;2987;3008;3030;3052;3223;3246;3269;3293;3316;3339;3362;3385;3408;3431>,8,<680;690;700;711;721;731;741;751;762;772;789;800;811;821;832;843;854;865;876;887;911;923;934;946;957;969;981;992;1004;1015;1047;1059;1072;1084;1096;1108;1121;1133;1145;1157;1224;1238;1251;1265;1278;1292;1306;1319;1333;1346;1428;1443;1458;1473;1488;1503;1518;1533;1548;1563;1659;1676;1692;1708;1724;1741;1757;1773;1790;1806;1918;1935;1953;1971;1988;2006;2024;2041;2059;2077;2203;2222;2241;2260;2279;2298;2317;2336;2356;2375;2516;2536;2557;2577;2598;2618;2638;2659;2679;2700;2856;2878;2900;2921;2943;2965;2987;3008;3030;3052;3223;3246;3269;3293;3316;3339;3362;3385;3408;3431>,22,<46;46;46;46;46;51;51;51;51;51;55;55;55;55;55;60;60;60;60;60;65;65;65;65;65;70;70;70;70;70;75;75;75;75;75;80;80;80;80;80;85;85;85;85;85;90;90;90;90;90;95;95;95;95;95;100;100;100;100;100;104;104;104;104;104;109;109;109;109;109;114;114;114;114;114;119;119;119;119;119;124;124;124;124;124;129;129;129;129;129;134;134;134;134;134;139;139;139;139;139;144;144;144;144;144;149;149;149;149;149;153;153;153;153;153;158;158;158;158;158>,,,,{drawcard=huang_effect_loop}
40753,庇护,7,3,config/item/gem/icon_2_hu_3.png,5,辅助向符石,9999,{529=400},,5,1,<3427;3478;3530;3581;3633;3684;3735;3787;3838;3890;3975;4030;4085;4140;4195;4249;4304;4359;4414;4469;4592;4650;4709;4767;4825;4883;4942;5000;5058;5117;5278;5339;5401;5463;5524;5586;5648;5709;5771;5833;6169;6237;6306;6374;6443;6511;6580;6648;6717;6785;7197;7272;7347;7423;7498;7574;7649;7724;7800;7875;8362;8444;8526;8609;8691;8773;8855;8938;9020;9102;9664;9753;9842;9931;10021;10110;10199;10288;10377;10466;11103;11199;11295;11391;11487;11583;11679;11775;11871;11967;12680;12783;12886;12988;13091;13194;13297;13400;13502;13605;14393;14503;14613;14722;14832;14942;15051;15161;15271;15380;16244;16360;16477;16594;16710;16827;16943;17060;17176;17293>,7,<680;690;700;711;721;731;741;751;762;772;789;800;811;821;832;843;854;865;876;887;911;923;934;946;957;969;981;992;1004;1015;1047;1059;1072;1084;1096;1108;1121;1133;1145;1157;1224;1238;1251;1265;1278;1292;1306;1319;1333;1346;1428;1443;1458;1473;1488;1503;1518;1533;1548;1563;1659;1676;1692;1708;1724;1741;1757;1773;1790;1806;1918;1935;1953;1971;1988;2006;2024;2041;2059;2077;2203;2222;2241;2260;2279;2298;2317;2336;2356;2375;2516;2536;2557;2577;2598;2618;2638;2659;2679;2700;2856;2878;2900;2921;2943;2965;2987;3008;3030;3052;3223;3246;3269;3293;3316;3339;3362;3385;3408;3431>,8,<680;690;700;711;721;731;741;751;762;772;789;800;811;821;832;843;854;865;876;887;911;923;934;946;957;969;981;992;1004;1015;1047;1059;1072;1084;1096;1108;1121;1133;1145;1157;1224;1238;1251;1265;1278;1292;1306;1319;1333;1346;1428;1443;1458;1473;1488;1503;1518;1533;1548;1563;1659;1676;1692;1708;1724;1741;1757;1773;1790;1806;1918;1935;1953;1971;1988;2006;2024;2041;2059;2077;2203;2222;2241;2260;2279;2298;2317;2336;2356;2375;2516;2536;2557;2577;2598;2618;2638;2659;2679;2700;2856;2878;2900;2921;2943;2965;2987;3008;3030;3052;3223;3246;3269;3293;3316;3339;3362;3385;3408;3431>,23,<46;46;46;46;46;51;51;51;51;51;55;55;55;55;55;60;60;60;60;60;65;65;65;65;65;70;70;70;70;70;75;75;75;75;75;80;80;80;80;80;85;85;85;85;85;90;90;90;90;90;95;95;95;95;95;100;100;100;100;100;104;104;104;104;104;109;109;109;109;109;114;114;114;114;114;119;119;119;119;119;124;124;124;124;124;129;129;129;129;129;134;134;134;134;134;139;139;139;139;139;144;144;144;144;144;149;149;149;149;149;153;153;153;153;153;158;158;158;158;158>,,,,{drawcard=huang_effect_loop}
40761,庇护,7,1,config/item/gem/icon_2_h_1.png,6,辅助向符石,9999,{529=2000},,6,7,<1000;1015;1030;1045;1060;1075;1090;1105;1120;1135;1160;1176;1192;1208;1224;1240;1256;1272;1288;1304;1340;1357;1374;1391;1408;1425;1442;1459;1476;1493;1540;1558;1576;1594;1612;1630;1648;1666;1684;1702;1960;1984;2008;2032;2056;2080;2104;2128;2152;2176;2300;2326;2352;2378;2404;2430;2456;2482;2508;2534;2680;2708;2736;2764;2792;2820;2848;2876;2904;2932;3100;3130;3160;3190;3220;3250;3280;3310;3340;3370;3560;3592;3624;3656;3688;3720;3752;3784;3816;3848;4060;4094;4128;4162;4196;4230;4264;4298;4332;4366;4600;4636;4672;4708;4744;4780;4816;4852;4888;4924;5180;5218;5256;5294;5332;5370;5408;5446;5484;5522>,8,<1000;1015;1030;1045;1060;1075;1090;1105;1120;1135;1160;1176;1192;1208;1224;1240;1256;1272;1288;1304;1340;1357;1374;1391;1408;1425;1442;1459;1476;1493;1540;1558;1576;1594;1612;1630;1648;1666;1684;1702;1960;1984;2008;2032;2056;2080;2104;2128;2152;2176;2300;2326;2352;2378;2404;2430;2456;2482;2508;2534;2680;2708;2736;2764;2792;2820;2848;2876;2904;2932;3100;3130;3160;3190;3220;3250;3280;3310;3340;3370;3560;3592;3624;3656;3688;3720;3752;3784;3816;3848;4060;4094;4128;4162;4196;4230;4264;4298;4332;4366;4600;4636;4672;4708;4744;4780;4816;4852;4888;4924;5180;5218;5256;5294;5332;5370;5408;5446;5484;5522>,16,<112;112;112;112;112;124;124;124;124;124;136;136;136;136;136;148;148;148;148;148;160;160;160;160;160;172;172;172;172;172;184;184;184;184;184;196;196;196;196;196;208;208;208;208;208;220;220;220;220;220;232;232;232;232;232;244;244;244;244;244;256;256;256;256;256;268;268;268;268;268;280;280;280;280;280;292;292;292;292;292;304;304;304;304;304;316;316;316;316;316;328;328;328;328;328;340;340;340;340;340;352;352;352;352;352;364;364;364;364;364;376;376;376;376;376;388;388;388;388;388>,,,,,,{drawcard=hong_effect_loop}
40762,庇护,7,2,config/item/gem/icon_2_h_2.png,6,辅助向符石,9999,{529=2000},,6,1,<5040;5116;5191;5267;5342;5418;5494;5569;5645;5720;5846;5927;6008;6088;6169;6250;6330;6411;6492;6572;6754;6839;6925;7011;7096;7182;7268;7353;7439;7525;7762;7852;7943;8034;8124;8215;8306;8397;8487;8578;9878;9999;10120;10241;10362;10483;10604;10725;10846;10967;11592;11723;11854;11985;12116;12247;12378;12509;12640;12771;13507;13648;13789;13931;14072;14213;14354;14495;14636;14777;15624;15775;15926;16078;16229;16380;16531;16682;16834;16985;17942;18104;18265;18426;18588;18749;18910;19071;19233;19394;20462;20634;20805;20976;21148;21319;21491;21662;21833;22005;23184;23365;23547;23728;23910;24091;24273;24454;24636;24817;26107;26299;26490;26682;26873;27065;27256;27448;27639;27831>,7,<1000;1015;1030;1045;1060;1075;1090;1105;1120;1135;1160;1176;1192;1208;1224;1240;1256;1272;1288;1304;1340;1357;1374;1391;1408;1425;1442;1459;1476;1493;1540;1558;1576;1594;1612;1630;1648;1666;1684;1702;1960;1984;2008;2032;2056;2080;2104;2128;2152;2176;2300;2326;2352;2378;2404;2430;2456;2482;2508;2534;2680;2708;2736;2764;2792;2820;2848;2876;2904;2932;3100;3130;3160;3190;3220;3250;3280;3310;3340;3370;3560;3592;3624;3656;3688;3720;3752;3784;3816;3848;4060;4094;4128;4162;4196;4230;4264;4298;4332;4366;4600;4636;4672;4708;4744;4780;4816;4852;4888;4924;5180;5218;5256;5294;5332;5370;5408;5446;5484;5522>,8,<1000;1015;1030;1045;1060;1075;1090;1105;1120;1135;1160;1176;1192;1208;1224;1240;1256;1272;1288;1304;1340;1357;1374;1391;1408;1425;1442;1459;1476;1493;1540;1558;1576;1594;1612;1630;1648;1666;1684;1702;1960;1984;2008;2032;2056;2080;2104;2128;2152;2176;2300;2326;2352;2378;2404;2430;2456;2482;2508;2534;2680;2708;2736;2764;2792;2820;2848;2876;2904;2932;3100;3130;3160;3190;3220;3250;3280;3310;3340;3370;3560;3592;3624;3656;3688;3720;3752;3784;3816;3848;4060;4094;4128;4162;4196;4230;4264;4298;4332;4366;4600;4636;4672;4708;4744;4780;4816;4852;4888;4924;5180;5218;5256;5294;5332;5370;5408;5446;5484;5522>,22,<67;67;67;67;67;74;74;74;74;74;82;82;82;82;82;89;89;89;89;89;96;96;96;96;96;103;103;103;103;103;110;110;110;110;110;118;118;118;118;118;125;125;125;125;125;132;132;132;132;132;139;139;139;139;139;146;146;146;146;146;154;154;154;154;154;161;161;161;161;161;168;168;168;168;168;175;175;175;175;175;182;182;182;182;182;190;190;190;190;190;197;197;197;197;197;204;204;204;204;204;211;211;211;211;211;218;218;218;218;218;226;226;226;226;226;233;233;233;233;233>,,,,{drawcard=hong_effect_loop}
40763,庇护,7,3,config/item/gem/icon_2_h_3.png,6,辅助向符石,9999,{529=2000},,6,1,<5040;5116;5191;5267;5342;5418;5494;5569;5645;5720;5846;5927;6008;6088;6169;6250;6330;6411;6492;6572;6754;6839;6925;7011;7096;7182;7268;7353;7439;7525;7762;7852;7943;8034;8124;8215;8306;8397;8487;8578;9878;9999;10120;10241;10362;10483;10604;10725;10846;10967;11592;11723;11854;11985;12116;12247;12378;12509;12640;12771;13507;13648;13789;13931;14072;14213;14354;14495;14636;14777;15624;15775;15926;16078;16229;16380;16531;16682;16834;16985;17942;18104;18265;18426;18588;18749;18910;19071;19233;19394;20462;20634;20805;20976;21148;21319;21491;21662;21833;22005;23184;23365;23547;23728;23910;24091;24273;24454;24636;24817;26107;26299;26490;26682;26873;27065;27256;27448;27639;27831>,7,<1000;1015;1030;1045;1060;1075;1090;1105;1120;1135;1160;1176;1192;1208;1224;1240;1256;1272;1288;1304;1340;1357;1374;1391;1408;1425;1442;1459;1476;1493;1540;1558;1576;1594;1612;1630;1648;1666;1684;1702;1960;1984;2008;2032;2056;2080;2104;2128;2152;2176;2300;2326;2352;2378;2404;2430;2456;2482;2508;2534;2680;2708;2736;2764;2792;2820;2848;2876;2904;2932;3100;3130;3160;3190;3220;3250;3280;3310;3340;3370;3560;3592;3624;3656;3688;3720;3752;3784;3816;3848;4060;4094;4128;4162;4196;4230;4264;4298;4332;4366;4600;4636;4672;4708;4744;4780;4816;4852;4888;4924;5180;5218;5256;5294;5332;5370;5408;5446;5484;5522>,8,<1000;1015;1030;1045;1060;1075;1090;1105;1120;1135;1160;1176;1192;1208;1224;1240;1256;1272;1288;1304;1340;1357;1374;1391;1408;1425;1442;1459;1476;1493;1540;1558;1576;1594;1612;1630;1648;1666;1684;1702;1960;1984;2008;2032;2056;2080;2104;2128;2152;2176;2300;2326;2352;2378;2404;2430;2456;2482;2508;2534;2680;2708;2736;2764;2792;2820;2848;2876;2904;2932;3100;3130;3160;3190;3220;3250;3280;3310;3340;3370;3560;3592;3624;3656;3688;3720;3752;3784;3816;3848;4060;4094;4128;4162;4196;4230;4264;4298;4332;4366;4600;4636;4672;4708;4744;4780;4816;4852;4888;4924;5180;5218;5256;5294;5332;5370;5408;5446;5484;5522>,23,<67;67;67;67;67;74;74;74;74;74;82;82;82;82;82;89;89;89;89;89;96;96;96;96;96;103;103;103;103;103;110;110;110;110;110;118;118;118;118;118;125;125;125;125;125;132;132;132;132;132;139;139;139;139;139;146;146;146;146;146;154;154;154;154;154;161;161;161;161;161;168;168;168;168;168;175;175;175;175;175;182;182;182;182;182;190;190;190;190;190;197;197;197;197;197;204;204;204;204;204;211;211;211;211;211;218;218;218;218;218;226;226;226;226;226;233;233;233;233;233>,,,,{drawcard=hong_effect_loop}
40821,闪耀,8,1,config/item/gem/icon_5_lv_1.png,2,辅助向符石,9999,{529=20},,2,7,<200;203;206;209;212;215;218;221;224;227;232;235;238;242;245;248;251;254;258;261;268;271;275;278;282;285;288;292;295;299;308;312;315;319;322;326;330;333;337;340;360;364;368;372;376;380;384;388;392;396;420;424;429;433;438;442;446;451;455;460;488;493;498;502;507;512;517;522;526;531;564;569;574;580;585;590;595;600;606;611;648;654;659;665;670;676;682;687;693;698;740;746;752;758;764;770;776;782;788;794;840;846;853;859;866;872;878;885;891;898;948;955;962;968;975;982;989;996;1002;1009>,8,<200;203;206;209;212;215;218;221;224;227;232;235;238;242;245;248;251;254;258;261;268;271;275;278;282;285;288;292;295;299;308;312;315;319;322;326;330;333;337;340;360;364;368;372;376;380;384;388;392;396;420;424;429;433;438;442;446;451;455;460;488;493;498;502;507;512;517;522;526;531;564;569;574;580;585;590;595;600;606;611;648;654;659;665;670;676;682;687;693;698;740;746;752;758;764;770;776;782;788;794;840;846;853;859;866;872;878;885;891;898;948;955;962;968;975;982;989;996;1002;1009>,14,<22;22;22;22;22;25;25;25;25;25;27;27;27;27;27;30;30;30;30;30;32;32;32;32;32;34;34;34;34;34;37;37;37;37;37;39;39;39;39;39;42;42;42;42;42;44;44;44;44;44;46;46;46;46;46;49;49;49;49;49;51;51;51;51;51;54;54;54;54;54;56;56;56;56;56;58;58;58;58;58;61;61;61;61;61;63;63;63;63;63;66;66;66;66;66;68;68;68;68;68;70;70;70;70;70;73;73;73;73;73;75;75;75;75;75;78;78;78;78;78>,,,,,,
40822,闪耀,8,2,config/item/gem/icon_5_lv_2.png,2,辅助向符石,9999,{529=20},,2,1,<1008;1023;1038;1053;1068;1084;1099;1114;1129;1144;1169;1185;1202;1218;1234;1250;1266;1282;1298;1314;1351;1368;1385;1402;1419;1436;1454;1471;1488;1505;1552;1570;1589;1607;1625;1643;1661;1679;1697;1716;1814;1835;1855;1875;1895;1915;1935;1956;1976;1996;2117;2139;2161;2183;2206;2228;2250;2272;2294;2316;2460;2484;2508;2532;2556;2580;2605;2629;2653;2677;2843;2869;2895;2921;2947;2974;3000;3026;3052;3078;3266;3294;3322;3351;3379;3407;3435;3463;3492;3520;3730;3760;3790;3820;3851;3881;3911;3941;3972;4002;4234;4266;4298;4330;4363;4395;4427;4459;4492;4524;4778;4812;4846;4881;4915;4949;4984;5018;5052;5086>,7,<200;203;206;209;212;215;218;221;224;227;232;235;238;242;245;248;251;254;258;261;268;271;275;278;282;285;288;292;295;299;308;312;315;319;322;326;330;333;337;340;360;364;368;372;376;380;384;388;392;396;420;424;429;433;438;442;446;451;455;460;488;493;498;502;507;512;517;522;526;531;564;569;574;580;585;590;595;600;606;611;648;654;659;665;670;676;682;687;693;698;740;746;752;758;764;770;776;782;788;794;840;846;853;859;866;872;878;885;891;898;948;955;962;968;975;982;989;996;1002;1009>,8,<200;203;206;209;212;215;218;221;224;227;232;235;238;242;245;248;251;254;258;261;268;271;275;278;282;285;288;292;295;299;308;312;315;319;322;326;330;333;337;340;360;364;368;372;376;380;384;388;392;396;420;424;429;433;438;442;446;451;455;460;488;493;498;502;507;512;517;522;526;531;564;569;574;580;585;590;595;600;606;611;648;654;659;665;670;676;682;687;693;698;740;746;752;758;764;770;776;782;788;794;840;846;853;859;866;872;878;885;891;898;948;955;962;968;975;982;989;996;1002;1009>,15,<34;34;34;34;34;37;37;37;37;37;41;41;41;41;41;44;44;44;44;44;48;48;48;48;48;52;52;52;52;52;55;55;55;55;55;59;59;59;59;59;62;62;62;62;62;66;66;66;66;66;70;70;70;70;70;73;73;73;73;73;77;77;77;77;77;80;80;80;80;80;84;84;84;84;84;88;88;88;88;88;91;91;91;91;91;95;95;95;95;95;98;98;98;98;98;102;102;102;102;102;106;106;106;106;106;109;109;109;109;109;113;113;113;113;113;116;116;116;116;116>,,,,
40823,闪耀,8,3,config/item/gem/icon_5_lv_3.png,2,辅助向符石,9999,{529=20},,2,1,<1008;1023;1038;1053;1068;1084;1099;1114;1129;1144;1169;1185;1202;1218;1234;1250;1266;1282;1298;1314;1351;1368;1385;1402;1419;1436;1454;1471;1488;1505;1552;1570;1589;1607;1625;1643;1661;1679;1697;1716;1814;1835;1855;1875;1895;1915;1935;1956;1976;1996;2117;2139;2161;2183;2206;2228;2250;2272;2294;2316;2460;2484;2508;2532;2556;2580;2605;2629;2653;2677;2843;2869;2895;2921;2947;2974;3000;3026;3052;3078;3266;3294;3322;3351;3379;3407;3435;3463;3492;3520;3730;3760;3790;3820;3851;3881;3911;3941;3972;4002;4234;4266;4298;4330;4363;4395;4427;4459;4492;4524;4778;4812;4846;4881;4915;4949;4984;5018;5052;5086>,7,<200;203;206;209;212;215;218;221;224;227;232;235;238;242;245;248;251;254;258;261;268;271;275;278;282;285;288;292;295;299;308;312;315;319;322;326;330;333;337;340;360;364;368;372;376;380;384;388;392;396;420;424;429;433;438;442;446;451;455;460;488;493;498;502;507;512;517;522;526;531;564;569;574;580;585;590;595;600;606;611;648;654;659;665;670;676;682;687;693;698;740;746;752;758;764;770;776;782;788;794;840;846;853;859;866;872;878;885;891;898;948;955;962;968;975;982;989;996;1002;1009>,8,<200;203;206;209;212;215;218;221;224;227;232;235;238;242;245;248;251;254;258;261;268;271;275;278;282;285;288;292;295;299;308;312;315;319;322;326;330;333;337;340;360;364;368;372;376;380;384;388;392;396;420;424;429;433;438;442;446;451;455;460;488;493;498;502;507;512;517;522;526;531;564;569;574;580;585;590;595;600;606;611;648;654;659;665;670;676;682;687;693;698;740;746;752;758;764;770;776;782;788;794;840;846;853;859;866;872;878;885;891;898;948;955;962;968;975;982;989;996;1002;1009>,16,<22;22;22;22;22;25;25;25;25;25;27;27;27;27;27;30;30;30;30;30;32;32;32;32;32;34;34;34;34;34;37;37;37;37;37;39;39;39;39;39;42;42;42;42;42;44;44;44;44;44;46;46;46;46;46;49;49;49;49;49;51;51;51;51;51;54;54;54;54;54;56;56;56;56;56;58;58;58;58;58;61;61;61;61;61;63;63;63;63;63;66;66;66;66;66;68;68;68;68;68;70;70;70;70;70;73;73;73;73;73;75;75;75;75;75;78;78;78;78;78>,,,,
40831,闪耀,8,1,config/item/gem/icon_5_l_1.png,3,辅助向符石,9999,{529=40},,3,7,<300;305;309;314;318;323;327;332;336;341;348;353;358;362;367;372;377;382;386;391;402;407;412;417;422;428;433;438;443;448;462;467;473;478;484;489;494;500;505;511;540;546;552;558;564;570;576;582;588;594;630;637;643;650;656;663;670;676;683;689;732;739;746;754;761;768;775;782;790;797;846;854;862;869;877;885;893;901;908;916;972;980;989;997;1006;1014;1022;1031;1039;1048;1110;1119;1128;1137;1146;1155;1164;1173;1182;1191;1260;1270;1279;1289;1298;1308;1318;1327;1337;1346;1422;1432;1442;1453;1463;1473;1483;1493;1504;1514>,8,<300;305;309;314;318;323;327;332;336;341;348;353;358;362;367;372;377;382;386;391;402;407;412;417;422;428;433;438;443;448;462;467;473;478;484;489;494;500;505;511;540;546;552;558;564;570;576;582;588;594;630;637;643;650;656;663;670;676;683;689;732;739;746;754;761;768;775;782;790;797;846;854;862;869;877;885;893;901;908;916;972;980;989;997;1006;1014;1022;1031;1039;1048;1110;1119;1128;1137;1146;1155;1164;1173;1182;1191;1260;1270;1279;1289;1298;1308;1318;1327;1337;1346;1422;1432;1442;1453;1463;1473;1483;1493;1504;1514>,14,<34;34;34;34;34;37;37;37;37;37;41;41;41;41;41;44;44;44;44;44;48;48;48;48;48;52;52;52;52;52;55;55;55;55;55;59;59;59;59;59;62;62;62;62;62;66;66;66;66;66;70;70;70;70;70;73;73;73;73;73;77;77;77;77;77;80;80;80;80;80;84;84;84;84;84;88;88;88;88;88;91;91;91;91;91;95;95;95;95;95;98;98;98;98;98;102;102;102;102;102;106;106;106;106;106;109;109;109;109;109;113;113;113;113;113;116;116;116;116;116>,,,,,,
40832,闪耀,8,2,config/item/gem/icon_5_l_2.png,3,辅助向符石,9999,{529=40},,3,1,<1512;1535;1557;1580;1603;1625;1648;1671;1693;1716;1754;1778;1802;1826;1851;1875;1899;1923;1947;1972;2026;2052;2077;2103;2129;2155;2180;2206;2232;2257;2328;2356;2383;2410;2437;2465;2492;2519;2546;2573;2722;2752;2782;2812;2843;2873;2903;2933;2964;2994;3175;3208;3242;3275;3308;3342;3375;3408;3441;3475;3689;3726;3762;3798;3834;3871;3907;3943;3980;4016;4264;4303;4342;4382;4421;4460;4500;4539;4578;4618;4899;4941;4984;5026;5068;5111;5153;5195;5238;5280;5594;5640;5685;5730;5776;5821;5867;5912;5957;6003;6350;6399;6447;6496;6544;6592;6641;6689;6737;6786;7167;7218;7270;7321;7373;7424;7475;7527;7578;7630>,7,<300;305;309;314;318;323;327;332;336;341;348;353;358;362;367;372;377;382;386;391;402;407;412;417;422;428;433;438;443;448;462;467;473;478;484;489;494;500;505;511;540;546;552;558;564;570;576;582;588;594;630;637;643;650;656;663;670;676;683;689;732;739;746;754;761;768;775;782;790;797;846;854;862;869;877;885;893;901;908;916;972;980;989;997;1006;1014;1022;1031;1039;1048;1110;1119;1128;1137;1146;1155;1164;1173;1182;1191;1260;1270;1279;1289;1298;1308;1318;1327;1337;1346;1422;1432;1442;1453;1463;1473;1483;1493;1504;1514>,8,<300;305;309;314;318;323;327;332;336;341;348;353;358;362;367;372;377;382;386;391;402;407;412;417;422;428;433;438;443;448;462;467;473;478;484;489;494;500;505;511;540;546;552;558;564;570;576;582;588;594;630;637;643;650;656;663;670;676;683;689;732;739;746;754;761;768;775;782;790;797;846;854;862;869;877;885;893;901;908;916;972;980;989;997;1006;1014;1022;1031;1039;1048;1110;1119;1128;1137;1146;1155;1164;1173;1182;1191;1260;1270;1279;1289;1298;1308;1318;1327;1337;1346;1422;1432;1442;1453;1463;1473;1483;1493;1504;1514>,15,<50;50;50;50;50;56;56;56;56;56;61;61;61;61;61;67;67;67;67;67;72;72;72;72;72;77;77;77;77;77;83;83;83;83;83;88;88;88;88;88;94;94;94;94;94;99;99;99;99;99;104;104;104;104;104;110;110;110;110;110;115;115;115;115;115;121;121;121;121;121;126;126;126;126;126;131;131;131;131;131;137;137;137;137;137;142;142;142;142;142;148;148;148;148;148;153;153;153;153;153;158;158;158;158;158;164;164;164;164;164;169;169;169;169;169;175;175;175;175;175>,,,,
40833,闪耀,8,3,config/item/gem/icon_5_l_3.png,3,辅助向符石,9999,{529=40},,3,1,<1512;1535;1557;1580;1603;1625;1648;1671;1693;1716;1754;1778;1802;1826;1851;1875;1899;1923;1947;1972;2026;2052;2077;2103;2129;2155;2180;2206;2232;2257;2328;2356;2383;2410;2437;2465;2492;2519;2546;2573;2722;2752;2782;2812;2843;2873;2903;2933;2964;2994;3175;3208;3242;3275;3308;3342;3375;3408;3441;3475;3689;3726;3762;3798;3834;3871;3907;3943;3980;4016;4264;4303;4342;4382;4421;4460;4500;4539;4578;4618;4899;4941;4984;5026;5068;5111;5153;5195;5238;5280;5594;5640;5685;5730;5776;5821;5867;5912;5957;6003;6350;6399;6447;6496;6544;6592;6641;6689;6737;6786;7167;7218;7270;7321;7373;7424;7475;7527;7578;7630>,7,<300;305;309;314;318;323;327;332;336;341;348;353;358;362;367;372;377;382;386;391;402;407;412;417;422;428;433;438;443;448;462;467;473;478;484;489;494;500;505;511;540;546;552;558;564;570;576;582;588;594;630;637;643;650;656;663;670;676;683;689;732;739;746;754;761;768;775;782;790;797;846;854;862;869;877;885;893;901;908;916;972;980;989;997;1006;1014;1022;1031;1039;1048;1110;1119;1128;1137;1146;1155;1164;1173;1182;1191;1260;1270;1279;1289;1298;1308;1318;1327;1337;1346;1422;1432;1442;1453;1463;1473;1483;1493;1504;1514>,8,<300;305;309;314;318;323;327;332;336;341;348;353;358;362;367;372;377;382;386;391;402;407;412;417;422;428;433;438;443;448;462;467;473;478;484;489;494;500;505;511;540;546;552;558;564;570;576;582;588;594;630;637;643;650;656;663;670;676;683;689;732;739;746;754;761;768;775;782;790;797;846;854;862;869;877;885;893;901;908;916;972;980;989;997;1006;1014;1022;1031;1039;1048;1110;1119;1128;1137;1146;1155;1164;1173;1182;1191;1260;1270;1279;1289;1298;1308;1318;1327;1337;1346;1422;1432;1442;1453;1463;1473;1483;1493;1504;1514>,16,<34;34;34;34;34;37;37;37;37;37;41;41;41;41;41;44;44;44;44;44;48;48;48;48;48;52;52;52;52;52;55;55;55;55;55;59;59;59;59;59;62;62;62;62;62;66;66;66;66;66;70;70;70;70;70;73;73;73;73;73;77;77;77;77;77;80;80;80;80;80;84;84;84;84;84;88;88;88;88;88;91;91;91;91;91;95;95;95;95;95;98;98;98;98;98;102;102;102;102;102;106;106;106;106;106;109;109;109;109;109;113;113;113;113;113;116;116;116;116;116>,,,,
40841,闪耀,8,1,config/item/gem/icon_5_z_1.png,4,辅助向符石,9999,{529=80},,4,7,<440;447;453;460;466;473;480;486;493;499;510;517;524;532;539;546;553;560;567;574;590;597;605;612;620;627;634;642;649;657;678;686;693;701;709;717;725;733;741;749;792;801;810;818;827;836;845;854;862;871;924;934;943;953;963;972;982;992;1001;1011;1074;1084;1095;1105;1116;1126;1137;1148;1158;1169;1241;1252;1264;1275;1287;1298;1309;1321;1332;1344;1426;1438;1450;1463;1475;1487;1500;1512;1524;1536;1628;1641;1654;1668;1681;1694;1707;1720;1734;1747;1848;1862;1876;1890;1904;1918;1932;1947;1961;1975;2086;2101;2116;2130;2145;2160;2175;2190;2205;2220>,8,<440;447;453;460;466;473;480;486;493;499;510;517;524;532;539;546;553;560;567;574;590;597;605;612;620;627;634;642;649;657;678;686;693;701;709;717;725;733;741;749;792;801;810;818;827;836;845;854;862;871;924;934;943;953;963;972;982;992;1001;1011;1074;1084;1095;1105;1116;1126;1137;1148;1158;1169;1241;1252;1264;1275;1287;1298;1309;1321;1332;1344;1426;1438;1450;1463;1475;1487;1500;1512;1524;1536;1628;1641;1654;1668;1681;1694;1707;1720;1734;1747;1848;1862;1876;1890;1904;1918;1932;1947;1961;1975;2086;2101;2116;2130;2145;2160;2175;2190;2205;2220>,14,<49;49;49;49;49;55;55;55;55;55;60;60;60;60;60;65;65;65;65;65;70;70;70;70;70;76;76;76;76;76;81;81;81;81;81;86;86;86;86;86;92;92;92;92;92;97;97;97;97;97;102;102;102;102;102;107;107;107;107;107;113;113;113;113;113;118;118;118;118;118;123;123;123;123;123;128;128;128;128;128;134;134;134;134;134;139;139;139;139;139;144;144;144;144;144;150;150;150;150;150;155;155;155;155;155;160;160;160;160;160;165;165;165;165;165;171;171;171;171;171>,,,,,,{drawcard=zi_effect_loop}
40842,闪耀,8,2,config/item/gem/icon_5_z_2.png,4,辅助向符石,9999,{529=80},,4,1,<2218;2251;2285;2318;2351;2384;2418;2451;2484;2517;2573;2608;2644;2679;2715;2750;2786;2821;2857;2892;2972;3010;3048;3085;3123;3161;3198;3236;3274;3311;3416;3456;3496;3535;3575;3615;3655;3695;3735;3775;3992;4037;4081;4125;4170;4214;4259;4303;4347;4392;4658;4707;4755;4804;4853;4902;4951;4999;5048;5097;5412;5465;5518;5572;5625;5678;5731;5785;5838;5891;6255;6312;6370;6428;6485;6543;6601;6658;6716;6774;7186;7248;7311;7373;7435;7497;7559;7621;7683;7745;8207;8273;8340;8406;8473;8539;8606;8672;8739;8805;9316;9387;9458;9529;9600;9670;9741;9812;9883;9954;10513;10589;10664;10740;10815;10890;10966;11041;11117;11192>,7,<440;447;453;460;466;473;480;486;493;499;510;517;524;532;539;546;553;560;567;574;590;597;605;612;620;627;634;642;649;657;678;686;693;701;709;717;725;733;741;749;792;801;810;818;827;836;845;854;862;871;924;934;943;953;963;972;982;992;1001;1011;1074;1084;1095;1105;1116;1126;1137;1148;1158;1169;1241;1252;1264;1275;1287;1298;1309;1321;1332;1344;1426;1438;1450;1463;1475;1487;1500;1512;1524;1536;1628;1641;1654;1668;1681;1694;1707;1720;1734;1747;1848;1862;1876;1890;1904;1918;1932;1947;1961;1975;2086;2101;2116;2130;2145;2160;2175;2190;2205;2220>,8,<440;447;453;460;466;473;480;486;493;499;510;517;524;532;539;546;553;560;567;574;590;597;605;612;620;627;634;642;649;657;678;686;693;701;709;717;725;733;741;749;792;801;810;818;827;836;845;854;862;871;924;934;943;953;963;972;982;992;1001;1011;1074;1084;1095;1105;1116;1126;1137;1148;1158;1169;1241;1252;1264;1275;1287;1298;1309;1321;1332;1344;1426;1438;1450;1463;1475;1487;1500;1512;1524;1536;1628;1641;1654;1668;1681;1694;1707;1720;1734;1747;1848;1862;1876;1890;1904;1918;1932;1947;1961;1975;2086;2101;2116;2130;2145;2160;2175;2190;2205;2220>,15,<74;74;74;74;74;82;82;82;82;82;90;90;90;90;90;98;98;98;98;98;106;106;106;106;106;114;114;114;114;114;121;121;121;121;121;129;129;129;129;129;137;137;137;137;137;145;145;145;145;145;153;153;153;153;153;161;161;161;161;161;169;169;169;169;169;177;177;177;177;177;185;185;185;185;185;193;193;193;193;193;201;201;201;201;201;209;209;209;209;209;216;216;216;216;216;224;224;224;224;224;232;232;232;232;232;240;240;240;240;240;248;248;248;248;248;256;256;256;256;256>,,,,{drawcard=zi_effect_loop}
40843,闪耀,8,3,config/item/gem/icon_5_z_3.png,4,辅助向符石,9999,{529=80},,4,1,<2218;2251;2285;2318;2351;2384;2418;2451;2484;2517;2573;2608;2644;2679;2715;2750;2786;2821;2857;2892;2972;3010;3048;3085;3123;3161;3198;3236;3274;3311;3416;3456;3496;3535;3575;3615;3655;3695;3735;3775;3992;4037;4081;4125;4170;4214;4259;4303;4347;4392;4658;4707;4755;4804;4853;4902;4951;4999;5048;5097;5412;5465;5518;5572;5625;5678;5731;5785;5838;5891;6255;6312;6370;6428;6485;6543;6601;6658;6716;6774;7186;7248;7311;7373;7435;7497;7559;7621;7683;7745;8207;8273;8340;8406;8473;8539;8606;8672;8739;8805;9316;9387;9458;9529;9600;9670;9741;9812;9883;9954;10513;10589;10664;10740;10815;10890;10966;11041;11117;11192>,7,<440;447;453;460;466;473;480;486;493;499;510;517;524;532;539;546;553;560;567;574;590;597;605;612;620;627;634;642;649;657;678;686;693;701;709;717;725;733;741;749;792;801;810;818;827;836;845;854;862;871;924;934;943;953;963;972;982;992;1001;1011;1074;1084;1095;1105;1116;1126;1137;1148;1158;1169;1241;1252;1264;1275;1287;1298;1309;1321;1332;1344;1426;1438;1450;1463;1475;1487;1500;1512;1524;1536;1628;1641;1654;1668;1681;1694;1707;1720;1734;1747;1848;1862;1876;1890;1904;1918;1932;1947;1961;1975;2086;2101;2116;2130;2145;2160;2175;2190;2205;2220>,8,<440;447;453;460;466;473;480;486;493;499;510;517;524;532;539;546;553;560;567;574;590;597;605;612;620;627;634;642;649;657;678;686;693;701;709;717;725;733;741;749;792;801;810;818;827;836;845;854;862;871;924;934;943;953;963;972;982;992;1001;1011;1074;1084;1095;1105;1116;1126;1137;1148;1158;1169;1241;1252;1264;1275;1287;1298;1309;1321;1332;1344;1426;1438;1450;1463;1475;1487;1500;1512;1524;1536;1628;1641;1654;1668;1681;1694;1707;1720;1734;1747;1848;1862;1876;1890;1904;1918;1932;1947;1961;1975;2086;2101;2116;2130;2145;2160;2175;2190;2205;2220>,16,<49;49;49;49;49;55;55;55;55;55;60;60;60;60;60;65;65;65;65;65;70;70;70;70;70;76;76;76;76;76;81;81;81;81;81;86;86;86;86;86;92;92;92;92;92;97;97;97;97;97;102;102;102;102;102;107;107;107;107;107;113;113;113;113;113;118;118;118;118;118;123;123;123;123;123;128;128;128;128;128;134;134;134;134;134;139;139;139;139;139;144;144;144;144;144;150;150;150;150;150;155;155;155;155;155;160;160;160;160;160;165;165;165;165;165;171;171;171;171;171>,,,,{drawcard=zi_effect_loop}
40851,闪耀,8,1,config/item/gem/icon_5_hu_1.png,5,辅助向符石,9999,{529=400},,5,7,<680;690;700;711;721;731;741;751;762;772;789;800;811;821;832;843;854;865;876;887;911;923;934;946;957;969;981;992;1004;1015;1047;1059;1072;1084;1096;1108;1121;1133;1145;1157;1224;1238;1251;1265;1278;1292;1306;1319;1333;1346;1428;1443;1458;1473;1488;1503;1518;1533;1548;1563;1659;1676;1692;1708;1724;1741;1757;1773;1790;1806;1918;1935;1953;1971;1988;2006;2024;2041;2059;2077;2203;2222;2241;2260;2279;2298;2317;2336;2356;2375;2516;2536;2557;2577;2598;2618;2638;2659;2679;2700;2856;2878;2900;2921;2943;2965;2987;3008;3030;3052;3223;3246;3269;3293;3316;3339;3362;3385;3408;3431>,8,<680;690;700;711;721;731;741;751;762;772;789;800;811;821;832;843;854;865;876;887;911;923;934;946;957;969;981;992;1004;1015;1047;1059;1072;1084;1096;1108;1121;1133;1145;1157;1224;1238;1251;1265;1278;1292;1306;1319;1333;1346;1428;1443;1458;1473;1488;1503;1518;1533;1548;1563;1659;1676;1692;1708;1724;1741;1757;1773;1790;1806;1918;1935;1953;1971;1988;2006;2024;2041;2059;2077;2203;2222;2241;2260;2279;2298;2317;2336;2356;2375;2516;2536;2557;2577;2598;2618;2638;2659;2679;2700;2856;2878;2900;2921;2943;2965;2987;3008;3030;3052;3223;3246;3269;3293;3316;3339;3362;3385;3408;3431>,14,<76;76;76;76;76;84;84;84;84;84;92;92;92;92;92;101;101;101;101;101;109;109;109;109;109;117;117;117;117;117;125;125;125;125;125;133;133;133;133;133;141;141;141;141;141;150;150;150;150;150;158;158;158;158;158;166;166;166;166;166;174;174;174;174;174;182;182;182;182;182;190;190;190;190;190;199;199;199;199;199;207;207;207;207;207;215;215;215;215;215;223;223;223;223;223;231;231;231;231;231;239;239;239;239;239;248;248;248;248;248;256;256;256;256;256;264;264;264;264;264>,,,,,,{drawcard=huang_effect_loop}
40852,闪耀,8,2,config/item/gem/icon_5_hu_2.png,5,辅助向符石,9999,{529=400},,5,1,<3427;3478;3530;3581;3633;3684;3735;3787;3838;3890;3975;4030;4085;4140;4195;4249;4304;4359;4414;4469;4592;4650;4709;4767;4825;4883;4942;5000;5058;5117;5278;5339;5401;5463;5524;5586;5648;5709;5771;5833;6169;6237;6306;6374;6443;6511;6580;6648;6717;6785;7197;7272;7347;7423;7498;7574;7649;7724;7800;7875;8362;8444;8526;8609;8691;8773;8855;8938;9020;9102;9664;9753;9842;9931;10021;10110;10199;10288;10377;10466;11103;11199;11295;11391;11487;11583;11679;11775;11871;11967;12680;12783;12886;12988;13091;13194;13297;13400;13502;13605;14393;14503;14613;14722;14832;14942;15051;15161;15271;15380;16244;16360;16477;16594;16710;16827;16943;17060;17176;17293>,7,<680;690;700;711;721;731;741;751;762;772;789;800;811;821;832;843;854;865;876;887;911;923;934;946;957;969;981;992;1004;1015;1047;1059;1072;1084;1096;1108;1121;1133;1145;1157;1224;1238;1251;1265;1278;1292;1306;1319;1333;1346;1428;1443;1458;1473;1488;1503;1518;1533;1548;1563;1659;1676;1692;1708;1724;1741;1757;1773;1790;1806;1918;1935;1953;1971;1988;2006;2024;2041;2059;2077;2203;2222;2241;2260;2279;2298;2317;2336;2356;2375;2516;2536;2557;2577;2598;2618;2638;2659;2679;2700;2856;2878;2900;2921;2943;2965;2987;3008;3030;3052;3223;3246;3269;3293;3316;3339;3362;3385;3408;3431>,8,<680;690;700;711;721;731;741;751;762;772;789;800;811;821;832;843;854;865;876;887;911;923;934;946;957;969;981;992;1004;1015;1047;1059;1072;1084;1096;1108;1121;1133;1145;1157;1224;1238;1251;1265;1278;1292;1306;1319;1333;1346;1428;1443;1458;1473;1488;1503;1518;1533;1548;1563;1659;1676;1692;1708;1724;1741;1757;1773;1790;1806;1918;1935;1953;1971;1988;2006;2024;2041;2059;2077;2203;2222;2241;2260;2279;2298;2317;2336;2356;2375;2516;2536;2557;2577;2598;2618;2638;2659;2679;2700;2856;2878;2900;2921;2943;2965;2987;3008;3030;3052;3223;3246;3269;3293;3316;3339;3362;3385;3408;3431>,15,<114;114;114;114;114;126;126;126;126;126;139;139;139;139;139;151;151;151;151;151;163;163;163;163;163;175;175;175;175;175;188;188;188;188;188;200;200;200;200;200;212;212;212;212;212;224;224;224;224;224;237;237;237;237;237;249;249;249;249;249;261;261;261;261;261;273;273;273;273;273;286;286;286;286;286;298;298;298;298;298;310;310;310;310;310;322;322;322;322;322;335;335;335;335;335;347;347;347;347;347;359;359;359;359;359;371;371;371;371;371;384;384;384;384;384;396;396;396;396;396>,,,,{drawcard=huang_effect_loop}
40853,闪耀,8,3,config/item/gem/icon_5_hu_3.png,5,辅助向符石,9999,{529=400},,5,1,<3427;3478;3530;3581;3633;3684;3735;3787;3838;3890;3975;4030;4085;4140;4195;4249;4304;4359;4414;4469;4592;4650;4709;4767;4825;4883;4942;5000;5058;5117;5278;5339;5401;5463;5524;5586;5648;5709;5771;5833;6169;6237;6306;6374;6443;6511;6580;6648;6717;6785;7197;7272;7347;7423;7498;7574;7649;7724;7800;7875;8362;8444;8526;8609;8691;8773;8855;8938;9020;9102;9664;9753;9842;9931;10021;10110;10199;10288;10377;10466;11103;11199;11295;11391;11487;11583;11679;11775;11871;11967;12680;12783;12886;12988;13091;13194;13297;13400;13502;13605;14393;14503;14613;14722;14832;14942;15051;15161;15271;15380;16244;16360;16477;16594;16710;16827;16943;17060;17176;17293>,7,<680;690;700;711;721;731;741;751;762;772;789;800;811;821;832;843;854;865;876;887;911;923;934;946;957;969;981;992;1004;1015;1047;1059;1072;1084;1096;1108;1121;1133;1145;1157;1224;1238;1251;1265;1278;1292;1306;1319;1333;1346;1428;1443;1458;1473;1488;1503;1518;1533;1548;1563;1659;1676;1692;1708;1724;1741;1757;1773;1790;1806;1918;1935;1953;1971;1988;2006;2024;2041;2059;2077;2203;2222;2241;2260;2279;2298;2317;2336;2356;2375;2516;2536;2557;2577;2598;2618;2638;2659;2679;2700;2856;2878;2900;2921;2943;2965;2987;3008;3030;3052;3223;3246;3269;3293;3316;3339;3362;3385;3408;3431>,8,<680;690;700;711;721;731;741;751;762;772;789;800;811;821;832;843;854;865;876;887;911;923;934;946;957;969;981;992;1004;1015;1047;1059;1072;1084;1096;1108;1121;1133;1145;1157;1224;1238;1251;1265;1278;1292;1306;1319;1333;1346;1428;1443;1458;1473;1488;1503;1518;1533;1548;1563;1659;1676;1692;1708;1724;1741;1757;1773;1790;1806;1918;1935;1953;1971;1988;2006;2024;2041;2059;2077;2203;2222;2241;2260;2279;2298;2317;2336;2356;2375;2516;2536;2557;2577;2598;2618;2638;2659;2679;2700;2856;2878;2900;2921;2943;2965;2987;3008;3030;3052;3223;3246;3269;3293;3316;3339;3362;3385;3408;3431>,16,<76;76;76;76;76;84;84;84;84;84;92;92;92;92;92;101;101;101;101;101;109;109;109;109;109;117;117;117;117;117;125;125;125;125;125;133;133;133;133;133;141;141;141;141;141;150;150;150;150;150;158;158;158;158;158;166;166;166;166;166;174;174;174;174;174;182;182;182;182;182;190;190;190;190;190;199;199;199;199;199;207;207;207;207;207;215;215;215;215;215;223;223;223;223;223;231;231;231;231;231;239;239;239;239;239;248;248;248;248;248;256;256;256;256;256;264;264;264;264;264>,,,,{drawcard=huang_effect_loop}
40861,闪耀,8,1,config/item/gem/icon_5_h_1.png,6,辅助向符石,9999,{529=2000},,6,7,<1000;1015;1030;1045;1060;1075;1090;1105;1120;1135;1160;1176;1192;1208;1224;1240;1256;1272;1288;1304;1340;1357;1374;1391;1408;1425;1442;1459;1476;1493;1540;1558;1576;1594;1612;1630;1648;1666;1684;1702;1960;1984;2008;2032;2056;2080;2104;2128;2152;2176;2300;2326;2352;2378;2404;2430;2456;2482;2508;2534;2680;2708;2736;2764;2792;2820;2848;2876;2904;2932;3100;3130;3160;3190;3220;3250;3280;3310;3340;3370;3560;3592;3624;3656;3688;3720;3752;3784;3816;3848;4060;4094;4128;4162;4196;4230;4264;4298;4332;4366;4600;4636;4672;4708;4744;4780;4816;4852;4888;4924;5180;5218;5256;5294;5332;5370;5408;5446;5484;5522>,8,<1000;1015;1030;1045;1060;1075;1090;1105;1120;1135;1160;1176;1192;1208;1224;1240;1256;1272;1288;1304;1340;1357;1374;1391;1408;1425;1442;1459;1476;1493;1540;1558;1576;1594;1612;1630;1648;1666;1684;1702;1960;1984;2008;2032;2056;2080;2104;2128;2152;2176;2300;2326;2352;2378;2404;2430;2456;2482;2508;2534;2680;2708;2736;2764;2792;2820;2848;2876;2904;2932;3100;3130;3160;3190;3220;3250;3280;3310;3340;3370;3560;3592;3624;3656;3688;3720;3752;3784;3816;3848;4060;4094;4128;4162;4196;4230;4264;4298;4332;4366;4600;4636;4672;4708;4744;4780;4816;4852;4888;4924;5180;5218;5256;5294;5332;5370;5408;5446;5484;5522>,14,<112;112;112;112;112;124;124;124;124;124;136;136;136;136;136;148;148;148;148;148;160;160;160;160;160;172;172;172;172;172;184;184;184;184;184;196;196;196;196;196;208;208;208;208;208;220;220;220;220;220;232;232;232;232;232;244;244;244;244;244;256;256;256;256;256;268;268;268;268;268;280;280;280;280;280;292;292;292;292;292;304;304;304;304;304;316;316;316;316;316;328;328;328;328;328;340;340;340;340;340;352;352;352;352;352;364;364;364;364;364;376;376;376;376;376;388;388;388;388;388>,,,,,,{drawcard=hong_effect_loop}
40862,闪耀,8,2,config/item/gem/icon_5_h_2.png,6,辅助向符石,9999,{529=2000},,6,1,<5040;5116;5191;5267;5342;5418;5494;5569;5645;5720;5846;5927;6008;6088;6169;6250;6330;6411;6492;6572;6754;6839;6925;7011;7096;7182;7268;7353;7439;7525;7762;7852;7943;8034;8124;8215;8306;8397;8487;8578;9878;9999;10120;10241;10362;10483;10604;10725;10846;10967;11592;11723;11854;11985;12116;12247;12378;12509;12640;12771;13507;13648;13789;13931;14072;14213;14354;14495;14636;14777;15624;15775;15926;16078;16229;16380;16531;16682;16834;16985;17942;18104;18265;18426;18588;18749;18910;19071;19233;19394;20462;20634;20805;20976;21148;21319;21491;21662;21833;22005;23184;23365;23547;23728;23910;24091;24273;24454;24636;24817;26107;26299;26490;26682;26873;27065;27256;27448;27639;27831>,7,<1000;1015;1030;1045;1060;1075;1090;1105;1120;1135;1160;1176;1192;1208;1224;1240;1256;1272;1288;1304;1340;1357;1374;1391;1408;1425;1442;1459;1476;1493;1540;1558;1576;1594;1612;1630;1648;1666;1684;1702;1960;1984;2008;2032;2056;2080;2104;2128;2152;2176;2300;2326;2352;2378;2404;2430;2456;2482;2508;2534;2680;2708;2736;2764;2792;2820;2848;2876;2904;2932;3100;3130;3160;3190;3220;3250;3280;3310;3340;3370;3560;3592;3624;3656;3688;3720;3752;3784;3816;3848;4060;4094;4128;4162;4196;4230;4264;4298;4332;4366;4600;4636;4672;4708;4744;4780;4816;4852;4888;4924;5180;5218;5256;5294;5332;5370;5408;5446;5484;5522>,8,<1000;1015;1030;1045;1060;1075;1090;1105;1120;1135;1160;1176;1192;1208;1224;1240;1256;1272;1288;1304;1340;1357;1374;1391;1408;1425;1442;1459;1476;1493;1540;1558;1576;1594;1612;1630;1648;1666;1684;1702;1960;1984;2008;2032;2056;2080;2104;2128;2152;2176;2300;2326;2352;2378;2404;2430;2456;2482;2508;2534;2680;2708;2736;2764;2792;2820;2848;2876;2904;2932;3100;3130;3160;3190;3220;3250;3280;3310;3340;3370;3560;3592;3624;3656;3688;3720;3752;3784;3816;3848;4060;4094;4128;4162;4196;4230;4264;4298;4332;4366;4600;4636;4672;4708;4744;4780;4816;4852;4888;4924;5180;5218;5256;5294;5332;5370;5408;5446;5484;5522>,15,<168;168;168;168;168;186;186;186;186;186;204;204;204;204;204;222;222;222;222;222;240;240;240;240;240;258;258;258;258;258;276;276;276;276;276;294;294;294;294;294;312;312;312;312;312;330;330;330;330;330;348;348;348;348;348;366;366;366;366;366;384;384;384;384;384;402;402;402;402;402;420;420;420;420;420;438;438;438;438;438;456;456;456;456;456;474;474;474;474;474;492;492;492;492;492;510;510;510;510;510;528;528;528;528;528;546;546;546;546;546;564;564;564;564;564;582;582;582;582;582>,,,,{drawcard=hong_effect_loop}
40863,闪耀,8,3,config/item/gem/icon_5_h_3.png,6,辅助向符石,9999,{529=2000},,6,1,<5040;5116;5191;5267;5342;5418;5494;5569;5645;5720;5846;5927;6008;6088;6169;6250;6330;6411;6492;6572;6754;6839;6925;7011;7096;7182;7268;7353;7439;7525;7762;7852;7943;8034;8124;8215;8306;8397;8487;8578;9878;9999;10120;10241;10362;10483;10604;10725;10846;10967;11592;11723;11854;11985;12116;12247;12378;12509;12640;12771;13507;13648;13789;13931;14072;14213;14354;14495;14636;14777;15624;15775;15926;16078;16229;16380;16531;16682;16834;16985;17942;18104;18265;18426;18588;18749;18910;19071;19233;19394;20462;20634;20805;20976;21148;21319;21491;21662;21833;22005;23184;23365;23547;23728;23910;24091;24273;24454;24636;24817;26107;26299;26490;26682;26873;27065;27256;27448;27639;27831>,7,<1000;1015;1030;1045;1060;1075;1090;1105;1120;1135;1160;1176;1192;1208;1224;1240;1256;1272;1288;1304;1340;1357;1374;1391;1408;1425;1442;1459;1476;1493;1540;1558;1576;1594;1612;1630;1648;1666;1684;1702;1960;1984;2008;2032;2056;2080;2104;2128;2152;2176;2300;2326;2352;2378;2404;2430;2456;2482;2508;2534;2680;2708;2736;2764;2792;2820;2848;2876;2904;2932;3100;3130;3160;3190;3220;3250;3280;3310;3340;3370;3560;3592;3624;3656;3688;3720;3752;3784;3816;3848;4060;4094;4128;4162;4196;4230;4264;4298;4332;4366;4600;4636;4672;4708;4744;4780;4816;4852;4888;4924;5180;5218;5256;5294;5332;5370;5408;5446;5484;5522>,8,<1000;1015;1030;1045;1060;1075;1090;1105;1120;1135;1160;1176;1192;1208;1224;1240;1256;1272;1288;1304;1340;1357;1374;1391;1408;1425;1442;1459;1476;1493;1540;1558;1576;1594;1612;1630;1648;1666;1684;1702;1960;1984;2008;2032;2056;2080;2104;2128;2152;2176;2300;2326;2352;2378;2404;2430;2456;2482;2508;2534;2680;2708;2736;2764;2792;2820;2848;2876;2904;2932;3100;3130;3160;3190;3220;3250;3280;3310;3340;3370;3560;3592;3624;3656;3688;3720;3752;3784;3816;3848;4060;4094;4128;4162;4196;4230;4264;4298;4332;4366;4600;4636;4672;4708;4744;4780;4816;4852;4888;4924;5180;5218;5256;5294;5332;5370;5408;5446;5484;5522>,16,<112;112;112;112;112;124;124;124;124;124;136;136;136;136;136;148;148;148;148;148;160;160;160;160;160;172;172;172;172;172;184;184;184;184;184;196;196;196;196;196;208;208;208;208;208;220;220;220;220;220;232;232;232;232;232;244;244;244;244;244;256;256;256;256;256;268;268;268;268;268;280;280;280;280;280;292;292;292;292;292;304;304;304;304;304;316;316;316;316;316;328;328;328;328;328;340;340;340;340;340;352;352;352;352;352;364;364;364;364;364;376;376;376;376;376;388;388;388;388;388>,,,,{drawcard=hong_effect_loop}
40921,反制,9,1,config/item/gem/icon_8_lv_1.png,2,辅助向符石,9999,{529=20},,2,9,<140;142;144;146;148;151;153;155;157;159;162;165;167;169;171;174;176;178;180;183;188;190;192;195;197;200;202;204;207;209;216;218;221;223;226;228;231;233;236;238;252;255;258;260;263;266;269;272;274;277;294;297;300;303;306;309;312;316;319;322;342;345;348;352;355;358;362;365;368;372;395;398;402;406;409;413;417;420;424;428;454;458;461;465;469;473;477;481;485;489;518;522;526;531;535;539;543;547;552;556;588;592;597;601;606;610;615;619;624;628;664;668;673;678;683;687;692;697;702;706>,10,<140;142;144;146;148;151;153;155;157;159;162;165;167;169;171;174;176;178;180;183;188;190;192;195;197;200;202;204;207;209;216;218;221;223;226;228;231;233;236;238;252;255;258;260;263;266;269;272;274;277;294;297;300;303;306;309;312;316;319;322;342;345;348;352;355;358;362;365;368;372;395;398;402;406;409;413;417;420;424;428;454;458;461;465;469;473;477;481;485;489;518;522;526;531;535;539;543;547;552;556;588;592;597;601;606;610;615;619;624;628;664;668;673;678;683;687;692;697;702;706>,16,<22;22;22;22;22;25;25;25;25;25;27;27;27;27;27;30;30;30;30;30;32;32;32;32;32;34;34;34;34;34;37;37;37;37;37;39;39;39;39;39;42;42;42;42;42;44;44;44;44;44;46;46;46;46;46;49;49;49;49;49;51;51;51;51;51;54;54;54;54;54;56;56;56;56;56;58;58;58;58;58;61;61;61;61;61;63;63;63;63;63;66;66;66;66;66;68;68;68;68;68;70;70;70;70;70;73;73;73;73;73;75;75;75;75;75;78;78;78;78;78>,,,,,,
40922,反制,9,2,config/item/gem/icon_8_lv_2.png,2,辅助向符石,9999,{529=20},,2,1,<1008;1023;1038;1053;1068;1084;1099;1114;1129;1144;1169;1185;1202;1218;1234;1250;1266;1282;1298;1314;1351;1368;1385;1402;1419;1436;1454;1471;1488;1505;1552;1570;1589;1607;1625;1643;1661;1679;1697;1716;1814;1835;1855;1875;1895;1915;1935;1956;1976;1996;2117;2139;2161;2183;2206;2228;2250;2272;2294;2316;2460;2484;2508;2532;2556;2580;2605;2629;2653;2677;2843;2869;2895;2921;2947;2974;3000;3026;3052;3078;3266;3294;3322;3351;3379;3407;3435;3463;3492;3520;3730;3760;3790;3820;3851;3881;3911;3941;3972;4002;4234;4266;4298;4330;4363;4395;4427;4459;4492;4524;4778;4812;4846;4881;4915;4949;4984;5018;5052;5086>,9,<140;142;144;146;148;151;153;155;157;159;162;165;167;169;171;174;176;178;180;183;188;190;192;195;197;200;202;204;207;209;216;218;221;223;226;228;231;233;236;238;252;255;258;260;263;266;269;272;274;277;294;297;300;303;306;309;312;316;319;322;342;345;348;352;355;358;362;365;368;372;395;398;402;406;409;413;417;420;424;428;454;458;461;465;469;473;477;481;485;489;518;522;526;531;535;539;543;547;552;556;588;592;597;601;606;610;615;619;624;628;664;668;673;678;683;687;692;697;702;706>,90,<27;27;27;27;27;30;30;30;30;30;33;33;33;33;33;36;36;36;36;36;38;38;38;38;38;41;41;41;41;41;44;44;44;44;44;47;47;47;47;47;50;50;50;50;50;53;53;53;53;53;56;56;56;56;56;59;59;59;59;59;61;61;61;61;61;64;64;64;64;64;67;67;67;67;67;70;70;70;70;70;73;73;73;73;73;76;76;76;76;76;79;79;79;79;79;82;82;82;82;82;84;84;84;84;84;87;87;87;87;87;90;90;90;90;90;93;93;93;93;93>,,,,,,
40923,反制,9,3,config/item/gem/icon_8_lv_3.png,2,辅助向符石,9999,{529=20},,2,1,<1008;1023;1038;1053;1068;1084;1099;1114;1129;1144;1169;1185;1202;1218;1234;1250;1266;1282;1298;1314;1351;1368;1385;1402;1419;1436;1454;1471;1488;1505;1552;1570;1589;1607;1625;1643;1661;1679;1697;1716;1814;1835;1855;1875;1895;1915;1935;1956;1976;1996;2117;2139;2161;2183;2206;2228;2250;2272;2294;2316;2460;2484;2508;2532;2556;2580;2605;2629;2653;2677;2843;2869;2895;2921;2947;2974;3000;3026;3052;3078;3266;3294;3322;3351;3379;3407;3435;3463;3492;3520;3730;3760;3790;3820;3851;3881;3911;3941;3972;4002;4234;4266;4298;4330;4363;4395;4427;4459;4492;4524;4778;4812;4846;4881;4915;4949;4984;5018;5052;5086>,10,<140;142;144;146;148;151;153;155;157;159;162;165;167;169;171;174;176;178;180;183;188;190;192;195;197;200;202;204;207;209;216;218;221;223;226;228;231;233;236;238;252;255;258;260;263;266;269;272;274;277;294;297;300;303;306;309;312;316;319;322;342;345;348;352;355;358;362;365;368;372;395;398;402;406;409;413;417;420;424;428;454;458;461;465;469;473;477;481;485;489;518;522;526;531;535;539;543;547;552;556;588;592;597;601;606;610;615;619;624;628;664;668;673;678;683;687;692;697;702;706>,91,<27;27;27;27;27;30;30;30;30;30;33;33;33;33;33;36;36;36;36;36;38;38;38;38;38;41;41;41;41;41;44;44;44;44;44;47;47;47;47;47;50;50;50;50;50;53;53;53;53;53;56;56;56;56;56;59;59;59;59;59;61;61;61;61;61;64;64;64;64;64;67;67;67;67;67;70;70;70;70;70;73;73;73;73;73;76;76;76;76;76;79;79;79;79;79;82;82;82;82;82;84;84;84;84;84;87;87;87;87;87;90;90;90;90;90;93;93;93;93;93>,,,,,,
40931,反制,9,1,config/item/gem/icon_8_l_1.png,3,辅助向符石,9999,{529=40},,3,9,<210;213;216;219;223;226;229;232;235;238;244;247;250;254;257;260;264;267;270;274;281;285;289;292;296;299;303;306;310;314;323;327;331;335;339;342;346;350;354;357;378;382;386;391;395;399;403;407;412;416;441;446;450;455;459;464;469;473;478;483;512;517;522;528;533;538;543;548;553;558;592;598;603;609;614;620;625;630;636;641;680;686;692;698;704;710;716;722;727;733;777;783;790;796;802;809;815;821;827;834;882;889;895;902;909;916;922;929;936;942;995;1003;1010;1017;1024;1031;1038;1045;1053;1060>,10,<210;213;216;219;223;226;229;232;235;238;244;247;250;254;257;260;264;267;270;274;281;285;289;292;296;299;303;306;310;314;323;327;331;335;339;342;346;350;354;357;378;382;386;391;395;399;403;407;412;416;441;446;450;455;459;464;469;473;478;483;512;517;522;528;533;538;543;548;553;558;592;598;603;609;614;620;625;630;636;641;680;686;692;698;704;710;716;722;727;733;777;783;790;796;802;809;815;821;827;834;882;889;895;902;909;916;922;929;936;942;995;1003;1010;1017;1024;1031;1038;1045;1053;1060>,16,<34;34;34;34;34;37;37;37;37;37;41;41;41;41;41;44;44;44;44;44;48;48;48;48;48;52;52;52;52;52;55;55;55;55;55;59;59;59;59;59;62;62;62;62;62;66;66;66;66;66;70;70;70;70;70;73;73;73;73;73;77;77;77;77;77;80;80;80;80;80;84;84;84;84;84;88;88;88;88;88;91;91;91;91;91;95;95;95;95;95;98;98;98;98;98;102;102;102;102;102;106;106;106;106;106;109;109;109;109;109;113;113;113;113;113;116;116;116;116;116>,,,,,,
40932,反制,9,2,config/item/gem/icon_8_l_2.png,3,辅助向符石,9999,{529=40},,3,1,<1512;1535;1557;1580;1603;1625;1648;1671;1693;1716;1754;1778;1802;1826;1851;1875;1899;1923;1947;1972;2026;2052;2077;2103;2129;2155;2180;2206;2232;2257;2328;2356;2383;2410;2437;2465;2492;2519;2546;2573;2722;2752;2782;2812;2843;2873;2903;2933;2964;2994;3175;3208;3242;3275;3308;3342;3375;3408;3441;3475;3689;3726;3762;3798;3834;3871;3907;3943;3980;4016;4264;4303;4342;4382;4421;4460;4500;4539;4578;4618;4899;4941;4984;5026;5068;5111;5153;5195;5238;5280;5594;5640;5685;5730;5776;5821;5867;5912;5957;6003;6350;6399;6447;6496;6544;6592;6641;6689;6737;6786;7167;7218;7270;7321;7373;7424;7475;7527;7578;7630>,9,<210;213;216;219;223;226;229;232;235;238;244;247;250;254;257;260;264;267;270;274;281;285;289;292;296;299;303;306;310;314;323;327;331;335;339;342;346;350;354;357;378;382;386;391;395;399;403;407;412;416;441;446;450;455;459;464;469;473;478;483;512;517;522;528;533;538;543;548;553;558;592;598;603;609;614;620;625;630;636;641;680;686;692;698;704;710;716;722;727;733;777;783;790;796;802;809;815;821;827;834;882;889;895;902;909;916;922;929;936;942;995;1003;1010;1017;1024;1031;1038;1045;1053;1060>,90,<40;40;40;40;40;45;45;45;45;45;49;49;49;49;49;53;53;53;53;53;58;58;58;58;58;62;62;62;62;62;66;66;66;66;66;71;71;71;71;71;75;75;75;75;75;79;79;79;79;79;84;84;84;84;84;88;88;88;88;88;92;92;92;92;92;96;96;96;96;96;101;101;101;101;101;105;105;105;105;105;109;109;109;109;109;114;114;114;114;114;118;118;118;118;118;122;122;122;122;122;127;127;127;127;127;131;131;131;131;131;135;135;135;135;135;140;140;140;140;140>,,,,,,
40933,反制,9,3,config/item/gem/icon_8_l_3.png,3,辅助向符石,9999,{529=40},,3,1,<1512;1535;1557;1580;1603;1625;1648;1671;1693;1716;1754;1778;1802;1826;1851;1875;1899;1923;1947;1972;2026;2052;2077;2103;2129;2155;2180;2206;2232;2257;2328;2356;2383;2410;2437;2465;2492;2519;2546;2573;2722;2752;2782;2812;2843;2873;2903;2933;2964;2994;3175;3208;3242;3275;3308;3342;3375;3408;3441;3475;3689;3726;3762;3798;3834;3871;3907;3943;3980;4016;4264;4303;4342;4382;4421;4460;4500;4539;4578;4618;4899;4941;4984;5026;5068;5111;5153;5195;5238;5280;5594;5640;5685;5730;5776;5821;5867;5912;5957;6003;6350;6399;6447;6496;6544;6592;6641;6689;6737;6786;7167;7218;7270;7321;7373;7424;7475;7527;7578;7630>,10,<210;213;216;219;223;226;229;232;235;238;244;247;250;254;257;260;264;267;270;274;281;285;289;292;296;299;303;306;310;314;323;327;331;335;339;342;346;350;354;357;378;382;386;391;395;399;403;407;412;416;441;446;450;455;459;464;469;473;478;483;512;517;522;528;533;538;543;548;553;558;592;598;603;609;614;620;625;630;636;641;680;686;692;698;704;710;716;722;727;733;777;783;790;796;802;809;815;821;827;834;882;889;895;902;909;916;922;929;936;942;995;1003;1010;1017;1024;1031;1038;1045;1053;1060>,91,<40;40;40;40;40;45;45;45;45;45;49;49;49;49;49;53;53;53;53;53;58;58;58;58;58;62;62;62;62;62;66;66;66;66;66;71;71;71;71;71;75;75;75;75;75;79;79;79;79;79;84;84;84;84;84;88;88;88;88;88;92;92;92;92;92;96;96;96;96;96;101;101;101;101;101;105;105;105;105;105;109;109;109;109;109;114;114;114;114;114;118;118;118;118;118;122;122;122;122;122;127;127;127;127;127;131;131;131;131;131;135;135;135;135;135;140;140;140;140;140>,,,,,,
40941,反制,9,1,config/item/gem/icon_8_z_1.png,4,辅助向符石,9999,{529=80},,4,9,<308;313;317;322;326;331;336;340;345;350;357;362;367;372;377;382;387;392;397;402;413;418;423;428;434;439;444;449;455;460;474;480;485;491;496;502;508;513;519;524;554;561;567;573;579;585;591;598;604;610;647;654;660;667;674;681;687;694;701;708;752;759;766;774;781;788;796;803;811;818;869;877;885;893;901;909;917;925;933;941;998;1007;1015;1024;1032;1041;1050;1058;1067;1076;1140;1149;1158;1167;1177;1186;1195;1204;1214;1223;1294;1303;1313;1323;1333;1343;1353;1363;1372;1382;1460;1470;1481;1491;1502;1512;1523;1533;1544;1554>,10,<308;313;317;322;326;331;336;340;345;350;357;362;367;372;377;382;387;392;397;402;413;418;423;428;434;439;444;449;455;460;474;480;485;491;496;502;508;513;519;524;554;561;567;573;579;585;591;598;604;610;647;654;660;667;674;681;687;694;701;708;752;759;766;774;781;788;796;803;811;818;869;877;885;893;901;909;917;925;933;941;998;1007;1015;1024;1032;1041;1050;1058;1067;1076;1140;1149;1158;1167;1177;1186;1195;1204;1214;1223;1294;1303;1313;1323;1333;1343;1353;1363;1372;1382;1460;1470;1481;1491;1502;1512;1523;1533;1544;1554>,16,<49;49;49;49;49;55;55;55;55;55;60;60;60;60;60;65;65;65;65;65;70;70;70;70;70;76;76;76;76;76;81;81;81;81;81;86;86;86;86;86;92;92;92;92;92;97;97;97;97;97;102;102;102;102;102;107;107;107;107;107;113;113;113;113;113;118;118;118;118;118;123;123;123;123;123;128;128;128;128;128;134;134;134;134;134;139;139;139;139;139;144;144;144;144;144;150;150;150;150;150;155;155;155;155;155;160;160;160;160;160;165;165;165;165;165;171;171;171;171;171>,,,,,,{drawcard=zi_effect_loop}
40942,反制,9,2,config/item/gem/icon_8_z_2.png,4,辅助向符石,9999,{529=80},,4,1,<2218;2251;2285;2318;2351;2384;2418;2451;2484;2517;2573;2608;2644;2679;2715;2750;2786;2821;2857;2892;2972;3010;3048;3085;3123;3161;3198;3236;3274;3311;3416;3456;3496;3535;3575;3615;3655;3695;3735;3775;3992;4037;4081;4125;4170;4214;4259;4303;4347;4392;4658;4707;4755;4804;4853;4902;4951;4999;5048;5097;5412;5465;5518;5572;5625;5678;5731;5785;5838;5891;6255;6312;6370;6428;6485;6543;6601;6658;6716;6774;7186;7248;7311;7373;7435;7497;7559;7621;7683;7745;8207;8273;8340;8406;8473;8539;8606;8672;8739;8805;9316;9387;9458;9529;9600;9670;9741;9812;9883;9954;10513;10589;10664;10740;10815;10890;10966;11041;11117;11192>,9,<308;313;317;322;326;331;336;340;345;350;357;362;367;372;377;382;387;392;397;402;413;418;423;428;434;439;444;449;455;460;474;480;485;491;496;502;508;513;519;524;554;561;567;573;579;585;591;598;604;610;647;654;660;667;674;681;687;694;701;708;752;759;766;774;781;788;796;803;811;818;869;877;885;893;901;909;917;925;933;941;998;1007;1015;1024;1032;1041;1050;1058;1067;1076;1140;1149;1158;1167;1177;1186;1195;1204;1214;1223;1294;1303;1313;1323;1333;1343;1353;1363;1372;1382;1460;1470;1481;1491;1502;1512;1523;1533;1544;1554>,90,<59;59;59;59;59;65;65;65;65;65;72;72;72;72;72;78;78;78;78;78;84;84;84;84;84;91;91;91;91;91;97;97;97;97;97;103;103;103;103;103;110;110;110;110;110;116;116;116;116;116;122;122;122;122;122;129;129;129;129;129;135;135;135;135;135;142;142;142;142;142;148;148;148;148;148;154;154;154;154;154;161;161;161;161;161;167;167;167;167;167;173;173;173;173;173;180;180;180;180;180;186;186;186;186;186;192;192;192;192;192;199;199;199;199;199;205;205;205;205;205>,,,,,,{drawcard=zi_effect_loop}
40943,反制,9,3,config/item/gem/icon_8_z_3.png,4,辅助向符石,9999,{529=80},,4,1,<2218;2251;2285;2318;2351;2384;2418;2451;2484;2517;2573;2608;2644;2679;2715;2750;2786;2821;2857;2892;2972;3010;3048;3085;3123;3161;3198;3236;3274;3311;3416;3456;3496;3535;3575;3615;3655;3695;3735;3775;3992;4037;4081;4125;4170;4214;4259;4303;4347;4392;4658;4707;4755;4804;4853;4902;4951;4999;5048;5097;5412;5465;5518;5572;5625;5678;5731;5785;5838;5891;6255;6312;6370;6428;6485;6543;6601;6658;6716;6774;7186;7248;7311;7373;7435;7497;7559;7621;7683;7745;8207;8273;8340;8406;8473;8539;8606;8672;8739;8805;9316;9387;9458;9529;9600;9670;9741;9812;9883;9954;10513;10589;10664;10740;10815;10890;10966;11041;11117;11192>,10,<308;313;317;322;326;331;336;340;345;350;357;362;367;372;377;382;387;392;397;402;413;418;423;428;434;439;444;449;455;460;474;480;485;491;496;502;508;513;519;524;554;561;567;573;579;585;591;598;604;610;647;654;660;667;674;681;687;694;701;708;752;759;766;774;781;788;796;803;811;818;869;877;885;893;901;909;917;925;933;941;998;1007;1015;1024;1032;1041;1050;1058;1067;1076;1140;1149;1158;1167;1177;1186;1195;1204;1214;1223;1294;1303;1313;1323;1333;1343;1353;1363;1372;1382;1460;1470;1481;1491;1502;1512;1523;1533;1544;1554>,91,<59;59;59;59;59;65;65;65;65;65;72;72;72;72;72;78;78;78;78;78;84;84;84;84;84;91;91;91;91;91;97;97;97;97;97;103;103;103;103;103;110;110;110;110;110;116;116;116;116;116;122;122;122;122;122;129;129;129;129;129;135;135;135;135;135;142;142;142;142;142;148;148;148;148;148;154;154;154;154;154;161;161;161;161;161;167;167;167;167;167;173;173;173;173;173;180;180;180;180;180;186;186;186;186;186;192;192;192;192;192;199;199;199;199;199;205;205;205;205;205>,,,,,,{drawcard=zi_effect_loop}
40951,反制,9,1,config/item/gem/icon_8_hu_1.png,5,辅助向符石,9999,{529=400},,5,9,<476;483;490;497;505;512;519;526;533;540;552;560;567;575;583;590;598;605;613;621;638;646;654;662;670;678;686;694;703;711;733;742;750;759;767;776;784;793;802;810;857;866;876;885;895;904;914;923;933;942;1000;1010;1021;1031;1041;1052;1062;1073;1083;1094;1161;1173;1184;1196;1207;1219;1230;1241;1253;1264;1342;1355;1367;1379;1392;1404;1417;1429;1441;1454;1542;1556;1569;1582;1596;1609;1622;1636;1649;1662;1761;1775;1790;1804;1818;1833;1847;1861;1875;1890;1999;2014;2030;2045;2060;2075;2091;2106;2121;2136;2256;2272;2289;2305;2321;2337;2353;2370;2386;2402>,10,<476;483;490;497;505;512;519;526;533;540;552;560;567;575;583;590;598;605;613;621;638;646;654;662;670;678;686;694;703;711;733;742;750;759;767;776;784;793;802;810;857;866;876;885;895;904;914;923;933;942;1000;1010;1021;1031;1041;1052;1062;1073;1083;1094;1161;1173;1184;1196;1207;1219;1230;1241;1253;1264;1342;1355;1367;1379;1392;1404;1417;1429;1441;1454;1542;1556;1569;1582;1596;1609;1622;1636;1649;1662;1761;1775;1790;1804;1818;1833;1847;1861;1875;1890;1999;2014;2030;2045;2060;2075;2091;2106;2121;2136;2256;2272;2289;2305;2321;2337;2353;2370;2386;2402>,16,<76;76;76;76;76;84;84;84;84;84;92;92;92;92;92;101;101;101;101;101;109;109;109;109;109;117;117;117;117;117;125;125;125;125;125;133;133;133;133;133;141;141;141;141;141;150;150;150;150;150;158;158;158;158;158;166;166;166;166;166;174;174;174;174;174;182;182;182;182;182;190;190;190;190;190;199;199;199;199;199;207;207;207;207;207;215;215;215;215;215;223;223;223;223;223;231;231;231;231;231;239;239;239;239;239;248;248;248;248;248;256;256;256;256;256;264;264;264;264;264>,,,,,,{drawcard=huang_effect_loop}
40952,反制,9,2,config/item/gem/icon_8_hu_2.png,5,辅助向符石,9999,{529=400},,5,1,<3427;3478;3530;3581;3633;3684;3735;3787;3838;3890;3975;4030;4085;4140;4195;4249;4304;4359;4414;4469;4592;4650;4709;4767;4825;4883;4942;5000;5058;5117;5278;5339;5401;5463;5524;5586;5648;5709;5771;5833;6169;6237;6306;6374;6443;6511;6580;6648;6717;6785;7197;7272;7347;7423;7498;7574;7649;7724;7800;7875;8362;8444;8526;8609;8691;8773;8855;8938;9020;9102;9664;9753;9842;9931;10021;10110;10199;10288;10377;10466;11103;11199;11295;11391;11487;11583;11679;11775;11871;11967;12680;12783;12886;12988;13091;13194;13297;13400;13502;13605;14393;14503;14613;14722;14832;14942;15051;15161;15271;15380;16244;16360;16477;16594;16710;16827;16943;17060;17176;17293>,9,<476;483;490;497;505;512;519;526;533;540;552;560;567;575;583;590;598;605;613;621;638;646;654;662;670;678;686;694;703;711;733;742;750;759;767;776;784;793;802;810;857;866;876;885;895;904;914;923;933;942;1000;1010;1021;1031;1041;1052;1062;1073;1083;1094;1161;1173;1184;1196;1207;1219;1230;1241;1253;1264;1342;1355;1367;1379;1392;1404;1417;1429;1441;1454;1542;1556;1569;1582;1596;1609;1622;1636;1649;1662;1761;1775;1790;1804;1818;1833;1847;1861;1875;1890;1999;2014;2030;2045;2060;2075;2091;2106;2121;2136;2256;2272;2289;2305;2321;2337;2353;2370;2386;2402>,90,<91;91;91;91;91;101;101;101;101;101;111;111;111;111;111;121;121;121;121;121;131;131;131;131;131;140;140;140;140;140;150;150;150;150;150;160;160;160;160;160;170;170;170;170;170;180;180;180;180;180;189;189;189;189;189;199;199;199;199;199;209;209;209;209;209;219;219;219;219;219;228;228;228;228;228;238;238;238;238;238;248;248;248;248;248;258;258;258;258;258;268;268;268;268;268;277;277;277;277;277;287;287;287;287;287;297;297;297;297;297;307;307;307;307;307;317;317;317;317;317>,,,,,,{drawcard=huang_effect_loop}
40953,反制,9,3,config/item/gem/icon_8_hu_3.png,5,辅助向符石,9999,{529=400},,5,1,<3427;3478;3530;3581;3633;3684;3735;3787;3838;3890;3975;4030;4085;4140;4195;4249;4304;4359;4414;4469;4592;4650;4709;4767;4825;4883;4942;5000;5058;5117;5278;5339;5401;5463;5524;5586;5648;5709;5771;5833;6169;6237;6306;6374;6443;6511;6580;6648;6717;6785;7197;7272;7347;7423;7498;7574;7649;7724;7800;7875;8362;8444;8526;8609;8691;8773;8855;8938;9020;9102;9664;9753;9842;9931;10021;10110;10199;10288;10377;10466;11103;11199;11295;11391;11487;11583;11679;11775;11871;11967;12680;12783;12886;12988;13091;13194;13297;13400;13502;13605;14393;14503;14613;14722;14832;14942;15051;15161;15271;15380;16244;16360;16477;16594;16710;16827;16943;17060;17176;17293>,10,<476;483;490;497;505;512;519;526;533;540;552;560;567;575;583;590;598;605;613;621;638;646;654;662;670;678;686;694;703;711;733;742;750;759;767;776;784;793;802;810;857;866;876;885;895;904;914;923;933;942;1000;1010;1021;1031;1041;1052;1062;1073;1083;1094;1161;1173;1184;1196;1207;1219;1230;1241;1253;1264;1342;1355;1367;1379;1392;1404;1417;1429;1441;1454;1542;1556;1569;1582;1596;1609;1622;1636;1649;1662;1761;1775;1790;1804;1818;1833;1847;1861;1875;1890;1999;2014;2030;2045;2060;2075;2091;2106;2121;2136;2256;2272;2289;2305;2321;2337;2353;2370;2386;2402>,91,<91;91;91;91;91;101;101;101;101;101;111;111;111;111;111;121;121;121;121;121;131;131;131;131;131;140;140;140;140;140;150;150;150;150;150;160;160;160;160;160;170;170;170;170;170;180;180;180;180;180;189;189;189;189;189;199;199;199;199;199;209;209;209;209;209;219;219;219;219;219;228;228;228;228;228;238;238;238;238;238;248;248;248;248;248;258;258;258;258;258;268;268;268;268;268;277;277;277;277;277;287;287;287;287;287;297;297;297;297;297;307;307;307;307;307;317;317;317;317;317>,,,,,,{drawcard=huang_effect_loop}
40961,反制,9,1,config/item/gem/icon_8_h_1.png,6,辅助向符石,9999,{529=2000},,6,9,<700;711;721;732;742;753;763;774;784;795;812;823;834;846;857;868;879;890;902;913;938;950;962;974;986;998;1009;1021;1033;1045;1078;1091;1103;1116;1128;1141;1154;1166;1179;1191;1372;1389;1406;1422;1439;1456;1473;1490;1506;1523;1610;1628;1646;1665;1683;1701;1719;1737;1756;1774;1876;1896;1915;1935;1954;1974;1994;2013;2033;2052;2170;2191;2212;2233;2254;2275;2296;2317;2338;2359;2492;2514;2537;2559;2582;2604;2626;2649;2671;2694;2842;2866;2890;2913;2937;2961;2985;3009;3032;3056;3220;3245;3270;3296;3321;3346;3371;3396;3422;3447;3626;3653;3679;3706;3732;3759;3786;3812;3839;3865>,10,<700;711;721;732;742;753;763;774;784;795;812;823;834;846;857;868;879;890;902;913;938;950;962;974;986;998;1009;1021;1033;1045;1078;1091;1103;1116;1128;1141;1154;1166;1179;1191;1372;1389;1406;1422;1439;1456;1473;1490;1506;1523;1610;1628;1646;1665;1683;1701;1719;1737;1756;1774;1876;1896;1915;1935;1954;1974;1994;2013;2033;2052;2170;2191;2212;2233;2254;2275;2296;2317;2338;2359;2492;2514;2537;2559;2582;2604;2626;2649;2671;2694;2842;2866;2890;2913;2937;2961;2985;3009;3032;3056;3220;3245;3270;3296;3321;3346;3371;3396;3422;3447;3626;3653;3679;3706;3732;3759;3786;3812;3839;3865>,16,<112;112;112;112;112;124;124;124;124;124;136;136;136;136;136;148;148;148;148;148;160;160;160;160;160;172;172;172;172;172;184;184;184;184;184;196;196;196;196;196;208;208;208;208;208;220;220;220;220;220;232;232;232;232;232;244;244;244;244;244;256;256;256;256;256;268;268;268;268;268;280;280;280;280;280;292;292;292;292;292;304;304;304;304;304;316;316;316;316;316;328;328;328;328;328;340;340;340;340;340;352;352;352;352;352;364;364;364;364;364;376;376;376;376;376;388;388;388;388;388>,,,,,,{drawcard=hong_effect_loop}
40962,反制,9,2,config/item/gem/icon_8_h_2.png,6,辅助向符石,9999,{529=2000},,6,1,<5040;5116;5191;5267;5342;5418;5494;5569;5645;5720;5846;5927;6008;6088;6169;6250;6330;6411;6492;6572;6754;6839;6925;7011;7096;7182;7268;7353;7439;7525;7762;7852;7943;8034;8124;8215;8306;8397;8487;8578;9878;9999;10120;10241;10362;10483;10604;10725;10846;10967;11592;11723;11854;11985;12116;12247;12378;12509;12640;12771;13507;13648;13789;13931;14072;14213;14354;14495;14636;14777;15624;15775;15926;16078;16229;16380;16531;16682;16834;16985;17942;18104;18265;18426;18588;18749;18910;19071;19233;19394;20462;20634;20805;20976;21148;21319;21491;21662;21833;22005;23184;23365;23547;23728;23910;24091;24273;24454;24636;24817;26107;26299;26490;26682;26873;27065;27256;27448;27639;27831>,9,<700;711;721;732;742;753;763;774;784;795;812;823;834;846;857;868;879;890;902;913;938;950;962;974;986;998;1009;1021;1033;1045;1078;1091;1103;1116;1128;1141;1154;1166;1179;1191;1372;1389;1406;1422;1439;1456;1473;1490;1506;1523;1610;1628;1646;1665;1683;1701;1719;1737;1756;1774;1876;1896;1915;1935;1954;1974;1994;2013;2033;2052;2170;2191;2212;2233;2254;2275;2296;2317;2338;2359;2492;2514;2537;2559;2582;2604;2626;2649;2671;2694;2842;2866;2890;2913;2937;2961;2985;3009;3032;3056;3220;3245;3270;3296;3321;3346;3371;3396;3422;3447;3626;3653;3679;3706;3732;3759;3786;3812;3839;3865>,90,<134;134;134;134;134;149;149;149;149;149;163;163;163;163;163;178;178;178;178;178;192;192;192;192;192;206;206;206;206;206;221;221;221;221;221;235;235;235;235;235;250;250;250;250;250;264;264;264;264;264;278;278;278;278;278;293;293;293;293;293;307;307;307;307;307;322;322;322;322;322;336;336;336;336;336;350;350;350;350;350;365;365;365;365;365;379;379;379;379;379;394;394;394;394;394;408;408;408;408;408;422;422;422;422;422;437;437;437;437;437;451;451;451;451;451;466;466;466;466;466>,,,,,,{drawcard=hong_effect_loop}
40963,反制,9,3,config/item/gem/icon_8_h_3.png,6,辅助向符石,9999,{529=2000},,6,1,<5040;5116;5191;5267;5342;5418;5494;5569;5645;5720;5846;5927;6008;6088;6169;6250;6330;6411;6492;6572;6754;6839;6925;7011;7096;7182;7268;7353;7439;7525;7762;7852;7943;8034;8124;8215;8306;8397;8487;8578;9878;9999;10120;10241;10362;10483;10604;10725;10846;10967;11592;11723;11854;11985;12116;12247;12378;12509;12640;12771;13507;13648;13789;13931;14072;14213;14354;14495;14636;14777;15624;15775;15926;16078;16229;16380;16531;16682;16834;16985;17942;18104;18265;18426;18588;18749;18910;19071;19233;19394;20462;20634;20805;20976;21148;21319;21491;21662;21833;22005;23184;23365;23547;23728;23910;24091;24273;24454;24636;24817;26107;26299;26490;26682;26873;27065;27256;27448;27639;27831>,10,<700;711;721;732;742;753;763;774;784;795;812;823;834;846;857;868;879;890;902;913;938;950;962;974;986;998;1009;1021;1033;1045;1078;1091;1103;1116;1128;1141;1154;1166;1179;1191;1372;1389;1406;1422;1439;1456;1473;1490;1506;1523;1610;1628;1646;1665;1683;1701;1719;1737;1756;1774;1876;1896;1915;1935;1954;1974;1994;2013;2033;2052;2170;2191;2212;2233;2254;2275;2296;2317;2338;2359;2492;2514;2537;2559;2582;2604;2626;2649;2671;2694;2842;2866;2890;2913;2937;2961;2985;3009;3032;3056;3220;3245;3270;3296;3321;3346;3371;3396;3422;3447;3626;3653;3679;3706;3732;3759;3786;3812;3839;3865>,91,<134;134;134;134;134;149;149;149;149;149;163;163;163;163;163;178;178;178;178;178;192;192;192;192;192;206;206;206;206;206;221;221;221;221;221;235;235;235;235;235;250;250;250;250;250;264;264;264;264;264;278;278;278;278;278;293;293;293;293;293;307;307;307;307;307;322;322;322;322;322;336;336;336;336;336;350;350;350;350;350;365;365;365;365;365;379;379;379;379;379;394;394;394;394;394;408;408;408;408;408;422;422;422;422;422;437;437;437;437;437;451;451;451;451;451;466;466;466;466;466>,,,,,,{drawcard=hong_effect_loop}
